begin_datetime_utc,fuel_type,sub_fuel_type,net_generation_mw,max_capability_mw
2023-11-01T06:00:00Z,COAL,COAL,806.7326544358995,820
2023-11-01T06:00:00Z,DUAL FUEL,DUAL FUEL,465.4929387071398,466
2023-11-01T06:00:00Z,ENERGY STORAGE,ENERGY STORAGE,0.10294483714633518,130
2023-11-01T06:00:00Z,GAS,COGENERATION,3855.228355191549,5235
2023-11-01T06:00:00Z,GAS,COMBINED CYCLE,1615.9207631116444,3010
2023-11-01T06:00:00Z,GAS,GAS FIRED STEAM,1519.1645857429505,2609
2023-11-01T06:00:00Z,GAS,SIMPLE CYCLE,316.91595496664445,959
2023-11-01T06:00:00Z,HYDRO,HYDRO,90.10663283856378,894
2023-11-01T06:00:00Z,OTHER,BIOMASS,126.69356422477298,154
2023-11-01T06:00:00Z,OTHER,DUAL FUEL,13.300000190734863,20
2023-11-01T06:00:00Z,OTHER,GAS,0.22665742105907863,10
2023-11-01T06:00:00Z,OTHER,GAS COGEN,35.57435173034668,58
2023-11-01T06:00:00Z,OTHER,OIL/GAS,43.11996570799086,53
2023-11-01T06:00:00Z,OTHER,WOOD/REFUSE,100.54523022916582,149
2023-11-01T06:00:00Z,SOLAR,SOLAR,0,1373
2023-11-01T06:00:00Z,WIND,WIND,464.3152335102691,4150
2023-11-01T07:00:00Z,COAL,COAL,806.6794336615669,820
2023-11-01T07:00:00Z,DUAL FUEL,DUAL FUEL,465.4597165086534,466
2023-11-01T07:00:00Z,ENERGY STORAGE,ENERGY STORAGE,0.10872261259290907,130
2023-11-01T07:00:00Z,GAS,COGENERATION,3865.4853407979012,5235
2023-11-01T07:00:00Z,GAS,COMBINED CYCLE,1623.1469842386246,3010
2023-11-01T07:00:00Z,GAS,GAS FIRED STEAM,1682.074524752299,2609
2023-11-01T07:00:00Z,GAS,SIMPLE CYCLE,316.7291300665008,959
2023-11-01T07:00:00Z,HYDRO,HYDRO,117.78302802473307,894
2023-11-01T07:00:00Z,OTHER,BIOMASS,126.95652978685166,154
2023-11-01T07:00:00Z,OTHER,DUAL FUEL,13.300000190734863,20
2023-11-01T07:00:00Z,OTHER,GAS,0,10
2023-11-01T07:00:00Z,OTHER,GAS COGEN,35.61612819459703,58
2023-11-01T07:00:00Z,OTHER,OIL/GAS,42.44835433536106,53
2023-11-01T07:00:00Z,OTHER,WOOD/REFUSE,101.95631428718568,149
2023-11-01T07:00:00Z,SOLAR,SOLAR,0,1373
2023-11-01T07:00:00Z,WIND,WIND,359.1082674072352,4150
2023-11-01T08:00:00Z,COAL,COAL,805.4042661370172,820
2023-11-01T08:00:00Z,DUAL FUEL,DUAL FUEL,465.4951048278809,466
2023-11-01T08:00:00Z,ENERGY STORAGE,ENERGY STORAGE,0.10805596192677816,130
2023-11-01T08:00:00Z,GAS,COGENERATION,3865.0000598769716,5235
2023-11-01T08:00:00Z,GAS,COMBINED CYCLE,1617.6795083136028,3010
2023-11-01T08:00:00Z,GAS,GAS FIRED STEAM,1541.323696017795,2609
2023-11-01T08:00:00Z,GAS,SIMPLE CYCLE,405.64527916179765,959
2023-11-01T08:00:00Z,HYDRO,HYDRO,58.361658407648406,894
2023-11-01T08:00:00Z,OTHER,BIOMASS,128.84642466862996,154
2023-11-01T08:00:00Z,OTHER,DUAL FUEL,13.300000190734863,20
2023-11-01T08:00:00Z,OTHER,GAS,0,10
2023-11-01T08:00:00Z,OTHER,GAS COGEN,35.624707414839,58
2023-11-01T08:00:00Z,OTHER,OIL/GAS,42.93684866587321,53
2023-11-01T08:00:00Z,OTHER,WOOD/REFUSE,102.96954363399082,149
2023-11-01T08:00:00Z,SOLAR,SOLAR,0,1373
2023-11-01T08:00:00Z,WIND,WIND,316.66489272288976,4150
2023-11-01T09:00:00Z,COAL,COAL,805.6088207160102,820
2023-11-01T09:00:00Z,DUAL FUEL,DUAL FUEL,465.3971044582791,466
2023-11-01T09:00:00Z,ENERGY STORAGE,ENERGY STORAGE,0.10088927374945746,130
2023-11-01T09:00:00Z,GAS,COGENERATION,3873.0239971282745,5235
2023-11-01T09:00:00Z,GAS,COMBINED CYCLE,1568.7353522962994,3010
2023-11-01T09:00:00Z,GAS,GAS FIRED STEAM,1524.8900279532538,2609
2023-11-01T09:00:00Z,GAS,SIMPLE CYCLE,409.48555160654917,959
2023-11-01T09:00:00Z,HYDRO,HYDRO,93.42253385504087,894
2023-11-01T09:00:00Z,OTHER,BIOMASS,127.47243835555182,154
2023-11-01T09:00:00Z,OTHER,DUAL FUEL,13.300000190734863,20
2023-11-01T09:00:00Z,OTHER,GAS,0,10
2023-11-01T09:00:00Z,OTHER,GAS COGEN,35.642387758890784,58
2023-11-01T09:00:00Z,OTHER,OIL/GAS,42.75817711936103,53
2023-11-01T09:00:00Z,OTHER,WOOD/REFUSE,102.42399643950992,149
2023-11-01T09:00:00Z,SOLAR,SOLAR,0,1373
2023-11-01T09:00:00Z,WIND,WIND,312.691405090462,4150
2023-11-01T10:00:00Z,COAL,COAL,806.3070431349013,820
2023-11-01T10:00:00Z,DUAL FUEL,DUAL FUEL,465.33327328152126,466
2023-11-01T10:00:00Z,ENERGY STORAGE,ENERGY STORAGE,0.10055593914455838,130
2023-11-01T10:00:00Z,GAS,COGENERATION,3864.986893600093,5235
2023-11-01T10:00:00Z,GAS,COMBINED CYCLE,1480.9434195534388,3010
2023-11-01T10:00:00Z,GAS,GAS FIRED STEAM,1473.2599764696756,2609
2023-11-01T10:00:00Z,GAS,SIMPLE CYCLE,431.37016091119915,959
2023-11-01T10:00:00Z,HYDRO,HYDRO,64.35573016564051,894
2023-11-01T10:00:00Z,OTHER,BIOMASS,120.34140188694,154
2023-11-01T10:00:00Z,OTHER,DUAL FUEL,13.300000190734863,20
2023-11-01T10:00:00Z,OTHER,GAS,0,10
2023-11-01T10:00:00Z,OTHER,GAS COGEN,35.672601210276284,58
2023-11-01T10:00:00Z,OTHER,OIL/GAS,42.57028760062324,53
2023-11-01T10:00:00Z,OTHER,WOOD/REFUSE,97.2322481701109,149
2023-11-01T10:00:00Z,SOLAR,SOLAR,0,1373
2023-11-01T10:00:00Z,WIND,WIND,351.3069755115443,4150
2023-11-01T11:00:00Z,COAL,COAL,806.4805965338812,820
2023-11-01T11:00:00Z,DUAL FUEL,DUAL FUEL,465.2728806728786,466
2023-11-01T11:00:00Z,ENERGY STORAGE,ENERGY STORAGE,0.11100041389465332,130
2023-11-01T11:00:00Z,GAS,COGENERATION,3867.5027128063307,5235
2023-11-01T11:00:00Z,GAS,COMBINED CYCLE,1486.2524312697517,3010
2023-11-01T11:00:00Z,GAS,GAS FIRED STEAM,1482.3090873357985,2609
2023-11-01T11:00:00Z,GAS,SIMPLE CYCLE,468.2574848900404,959
2023-11-01T11:00:00Z,HYDRO,HYDRO,89.26027885542975,894
2023-11-01T11:00:00Z,OTHER,BIOMASS,125.65122678544788,154
2023-11-01T11:00:00Z,OTHER,DUAL FUEL,13.300000190734863,20
2023-11-01T11:00:00Z,OTHER,GAS,0,10
2023-11-01T11:00:00Z,OTHER,GAS COGEN,35.70564938227336,58
2023-11-01T11:00:00Z,OTHER,OIL/GAS,42.20148780822754,53
2023-11-01T11:00:00Z,OTHER,WOOD/REFUSE,99.89058543205262,149
2023-11-01T11:00:00Z,SOLAR,SOLAR,0,1373
2023-11-01T11:00:00Z,WIND,WIND,434.12883790813385,4150
2023-11-01T12:00:00Z,COAL,COAL,806.5894887118869,820
2023-11-01T12:00:00Z,DUAL FUEL,DUAL FUEL,465.19721583048505,466
2023-11-01T12:00:00Z,ENERGY STORAGE,ENERGY STORAGE,0.11122263431549072,130
2023-11-01T12:00:00Z,GAS,COGENERATION,3876.516594836447,5235
2023-11-01T12:00:00Z,GAS,COMBINED CYCLE,1493.0036738676495,3010
2023-11-01T12:00:00Z,GAS,GAS FIRED STEAM,1613.4991986486648,2609
2023-11-01T12:00:00Z,GAS,SIMPLE CYCLE,502.75914565043314,959
2023-11-01T12:00:00Z,HYDRO,HYDRO,161.98333403483034,894
2023-11-01T12:00:00Z,OTHER,BIOMASS,124.25759699768491,154
2023-11-01T12:00:00Z,OTHER,DUAL FUEL,13.300000190734863,20
2023-11-01T12:00:00Z,OTHER,GAS,0,10
2023-11-01T12:00:00Z,OTHER,GAS COGEN,35.63608410729302,58
2023-11-01T12:00:00Z,OTHER,OIL/GAS,42.6784157011244,53
2023-11-01T12:00:00Z,OTHER,WOOD/REFUSE,98.38087518983417,149
2023-11-01T12:00:00Z,SOLAR,SOLAR,0,1373
2023-11-01T12:00:00Z,WIND,WIND,434.5640101583385,4150
2023-11-01T13:00:00Z,COAL,COAL,806.108153008355,820
2023-11-01T13:00:00Z,DUAL FUEL,DUAL FUEL,465.2054940795898,466
2023-11-01T13:00:00Z,ENERGY STORAGE,ENERGY STORAGE,0.11916710588667127,130
2023-11-01T13:00:00Z,GAS,COGENERATION,3875.593562335438,5235
2023-11-01T13:00:00Z,GAS,COMBINED CYCLE,1682.8630833970176,3010
2023-11-01T13:00:00Z,GAS,GAS FIRED STEAM,1240.5334811766943,2609
2023-11-01T13:00:00Z,GAS,SIMPLE CYCLE,494.0936130289237,959
2023-11-01T13:00:00Z,HYDRO,HYDRO,225.57886816468502,894
2023-11-01T13:00:00Z,OTHER,BIOMASS,121.00248534652921,154
2023-11-01T13:00:00Z,OTHER,DUAL FUEL,13.326277690993416,20
2023-11-01T13:00:00Z,OTHER,GAS,0,10
2023-11-01T13:00:00Z,OTHER,GAS COGEN,35.71512382083469,58
2023-11-01T13:00:00Z,OTHER,OIL/GAS,42.68409298578898,53
2023-11-01T13:00:00Z,OTHER,WOOD/REFUSE,97.57921418295966,149
2023-11-01T13:00:00Z,SOLAR,SOLAR,0,1373
2023-11-01T13:00:00Z,WIND,WIND,523.4947323507732,4150
2023-11-01T14:00:00Z,COAL,COAL,805.6038204786512,820
2023-11-01T14:00:00Z,DUAL FUEL,DUAL FUEL,465.12521621704104,466
2023-11-01T14:00:00Z,ENERGY STORAGE,ENERGY STORAGE,0.12688933902316624,130
2023-11-01T14:00:00Z,GAS,COGENERATION,3883.6472789239883,5235
2023-11-01T14:00:00Z,GAS,COMBINED CYCLE,1746.4209815735287,3010
2023-11-01T14:00:00Z,GAS,GAS FIRED STEAM,1166.3942593198353,2609
2023-11-01T14:00:00Z,GAS,SIMPLE CYCLE,507.17816058980094,959
2023-11-01T14:00:00Z,HYDRO,HYDRO,138.2609892804093,894
2023-11-01T14:00:00Z,OTHER,BIOMASS,120.78277427355448,154
2023-11-01T14:00:00Z,OTHER,DUAL FUEL,13.399999618530272,20
2023-11-01T14:00:00Z,OTHER,GAS,0,10
2023-11-01T14:00:00Z,OTHER,GAS COGEN,35.680508583916556,58
2023-11-01T14:00:00Z,OTHER,OIL/GAS,42.60616544723511,53
2023-11-01T14:00:00Z,OTHER,WOOD/REFUSE,97.34467530992296,149
2023-11-01T14:00:00Z,SOLAR,SOLAR,12.768999834491147,1373
2023-11-01T14:00:00Z,WIND,WIND,669.6020526494003,4150
2023-11-01T15:00:00Z,COAL,COAL,805.872931382921,820
2023-11-01T15:00:00Z,DUAL FUEL,DUAL FUEL,465.1097159661187,466
2023-11-01T15:00:00Z,ENERGY STORAGE,ENERGY STORAGE,0.06150023460388183,130
2023-11-01T15:00:00Z,GAS,COGENERATION,3880.635736488236,5235
2023-11-01T15:00:00Z,GAS,COMBINED CYCLE,1723.550150414573,3010
2023-11-01T15:00:00Z,GAS,GAS FIRED STEAM,1120.8805962133408,2609
2023-11-01T15:00:00Z,GAS,SIMPLE CYCLE,387.0132688659968,959
2023-11-01T15:00:00Z,HYDRO,HYDRO,124.93931683843334,894
2023-11-01T15:00:00Z,OTHER,BIOMASS,100.93565915955438,154
2023-11-01T15:00:00Z,OTHER,DUAL FUEL,13.399999618530272,20
2023-11-01T15:00:00Z,OTHER,GAS,0,10
2023-11-01T15:00:00Z,OTHER,GAS COGEN,35.686998988257514,58
2023-11-01T15:00:00Z,OTHER,OIL/GAS,42.879603989919026,53
2023-11-01T15:00:00Z,OTHER,WOOD/REFUSE,85.33675611337026,149
2023-11-01T15:00:00Z,SOLAR,SOLAR,138.76863007509047,1373
2023-11-01T15:00:00Z,WIND,WIND,826.3679511112472,4150
2023-11-01T16:00:00Z,COAL,COAL,805.5669307623969,820
2023-11-01T16:00:00Z,DUAL FUEL,DUAL FUEL,465.1000493537055,466
2023-11-01T16:00:00Z,ENERGY STORAGE,ENERGY STORAGE,0.10116705258687336,130
2023-11-01T16:00:00Z,GAS,COGENERATION,3874.7688181447984,5235
2023-11-01T16:00:00Z,GAS,COMBINED CYCLE,1665.4759987163543,3010
2023-11-01T16:00:00Z,GAS,GAS FIRED STEAM,1019.2284856682353,2609
2023-11-01T16:00:00Z,GAS,SIMPLE CYCLE,400.46468090686534,959
2023-11-01T16:00:00Z,HYDRO,HYDRO,121.8425612990227,894
2023-11-01T16:00:00Z,OTHER,BIOMASS,96.6894136736128,154
2023-11-01T16:00:00Z,OTHER,DUAL FUEL,13.386999610265097,20
2023-11-01T16:00:00Z,OTHER,GAS,0,10
2023-11-01T16:00:00Z,OTHER,GAS COGEN,35.65652475992839,58
2023-11-01T16:00:00Z,OTHER,OIL/GAS,43.67624995761447,53
2023-11-01T16:00:00Z,OTHER,WOOD/REFUSE,81.94326577054129,149
2023-11-01T16:00:00Z,SOLAR,SOLAR,482.00504601720303,1373
2023-11-01T16:00:00Z,WIND,WIND,955.1747449920078,4150
2023-11-01T17:00:00Z,COAL,COAL,806.6146565585666,820
2023-11-01T17:00:00Z,DUAL FUEL,DUAL FUEL,465.0697158135308,466
2023-11-01T17:00:00Z,ENERGY STORAGE,ENERGY STORAGE,0.04522238042619492,130
2023-11-01T17:00:00Z,GAS,COGENERATION,3872.102178980377,5235
2023-11-01T17:00:00Z,GAS,COMBINED CYCLE,1648.5469933843613,3010
2023-11-01T17:00:00Z,GAS,GAS FIRED STEAM,1073.3114087698195,2609
2023-11-01T17:00:00Z,GAS,SIMPLE CYCLE,443.2648318524659,959
2023-11-01T17:00:00Z,HYDRO,HYDRO,206.39940862503317,894
2023-11-01T17:00:00Z,OTHER,BIOMASS,97.26409531752269,154
2023-11-01T17:00:00Z,OTHER,DUAL FUEL,13.169388490782843,20
2023-11-01T17:00:00Z,OTHER,GAS,0,10
2023-11-01T17:00:00Z,OTHER,GAS COGEN,35.642014588250056,58
2023-11-01T17:00:00Z,OTHER,OIL/GAS,43.404015460544166,53
2023-11-01T17:00:00Z,OTHER,WOOD/REFUSE,81.79461303260591,149
2023-11-01T17:00:00Z,SOLAR,SOLAR,712.7290221278204,1373
2023-11-01T17:00:00Z,WIND,WIND,914.7623766333445,4150
2023-11-01T18:00:00Z,COAL,COAL,805.8846538967557,820
2023-11-01T18:00:00Z,DUAL FUEL,DUAL FUEL,465.0254371473524,466
2023-11-01T18:00:00Z,ENERGY STORAGE,ENERGY STORAGE,4.4444613986545e-4,130
2023-11-01T18:00:00Z,GAS,COGENERATION,3841.4117384477454,5235
2023-11-01T18:00:00Z,GAS,COMBINED CYCLE,1696.7016690969467,3010
2023-11-01T18:00:00Z,GAS,GAS FIRED STEAM,1098.5173453648886,2609
2023-11-01T18:00:00Z,GAS,SIMPLE CYCLE,464.17482042948404,959
2023-11-01T18:00:00Z,HYDRO,HYDRO,155.73599273833963,894
2023-11-01T18:00:00Z,OTHER,BIOMASS,96.5550832303365,154
2023-11-01T18:00:00Z,OTHER,DUAL FUEL,13.196166473494635,20
2023-11-01T18:00:00Z,OTHER,GAS,0,10
2023-11-01T18:00:00Z,OTHER,GAS COGEN,35.56633243984646,58
2023-11-01T18:00:00Z,OTHER,OIL/GAS,43.722970742119685,53
2023-11-01T18:00:00Z,OTHER,WOOD/REFUSE,82.52056279977162,149
2023-11-01T18:00:00Z,SOLAR,SOLAR,773.9677433070872,1373
2023-11-01T18:00:00Z,WIND,WIND,805.7838084966896,4150
2023-11-01T19:00:00Z,COAL,COAL,805.7165999348958,820
2023-11-01T19:00:00Z,DUAL FUEL,DUAL FUEL,465.04588202582465,466
2023-11-01T19:00:00Z,ENERGY STORAGE,ENERGY STORAGE,0.00366668065388996,130
2023-11-01T19:00:00Z,GAS,COGENERATION,3840.587220697138,5235
2023-11-01T19:00:00Z,GAS,COMBINED CYCLE,1729.3833690129386,3010
2023-11-01T19:00:00Z,GAS,GAS FIRED STEAM,1034.8168380631341,2609
2023-11-01T19:00:00Z,GAS,SIMPLE CYCLE,425.3667875930336,959
2023-11-01T19:00:00Z,HYDRO,HYDRO,126.55156674959593,894
2023-11-01T19:00:00Z,OTHER,BIOMASS,96.62903360525767,154
2023-11-01T19:00:00Z,OTHER,DUAL FUEL,13.002222174008688,20
2023-11-01T19:00:00Z,OTHER,GAS,0,10
2023-11-01T19:00:00Z,OTHER,GAS COGEN,35.56372129652235,58
2023-11-01T19:00:00Z,OTHER,OIL/GAS,44.11555971781413,53
2023-11-01T19:00:00Z,OTHER,WOOD/REFUSE,82.49070262008243,149
2023-11-01T19:00:00Z,SOLAR,SOLAR,768.288158095479,1373
2023-11-01T19:00:00Z,WIND,WIND,835.8551384123001,4150
2023-11-01T20:00:00Z,COAL,COAL,805.2842105780708,820
2023-11-01T20:00:00Z,DUAL FUEL,DUAL FUEL,465.10755009969074,466
2023-11-01T20:00:00Z,ENERGY STORAGE,ENERGY STORAGE,0.00211111863454182,130
2023-11-01T20:00:00Z,GAS,COGENERATION,3817.865855129825,5235
2023-11-01T20:00:00Z,GAS,COMBINED CYCLE,1716.4137084563574,3010
2023-11-01T20:00:00Z,GAS,GAS FIRED STEAM,945.0873021549648,2609
2023-11-01T20:00:00Z,GAS,SIMPLE CYCLE,446.81280204614006,959
2023-11-01T20:00:00Z,HYDRO,HYDRO,174.02663415920404,894
2023-11-01T20:00:00Z,OTHER,BIOMASS,95.37875882519616,154
2023-11-01T20:00:00Z,OTHER,DUAL FUEL,12.807722396850586,20
2023-11-01T20:00:00Z,OTHER,GAS,0,10
2023-11-01T20:00:00Z,OTHER,GAS COGEN,35.561856032477486,58
2023-11-01T20:00:00Z,OTHER,OIL/GAS,42.91159925460816,53
2023-11-01T20:00:00Z,OTHER,WOOD/REFUSE,82.5347800064087,149
2023-11-01T20:00:00Z,SOLAR,SOLAR,831.6624095713761,1373
2023-11-01T20:00:00Z,WIND,WIND,810.1851272584166,4150
2023-11-01T21:00:00Z,COAL,COAL,805.632711130778,820
2023-11-01T21:00:00Z,DUAL FUEL,DUAL FUEL,465.1277152336969,466
2023-11-01T21:00:00Z,ENERGY STORAGE,ENERGY STORAGE,0.00644446372985839,130
2023-11-01T21:00:00Z,GAS,COGENERATION,3822.3117431089613,5235
2023-11-01T21:00:00Z,GAS,COMBINED CYCLE,1734.5057180123858,3010
2023-11-01T21:00:00Z,GAS,GAS FIRED STEAM,1023.2887431335449,2609
2023-11-01T21:00:00Z,GAS,SIMPLE CYCLE,451.10185874912474,959
2023-11-01T21:00:00Z,HYDRO,HYDRO,209.41029163572523,894
2023-11-01T21:00:00Z,OTHER,BIOMASS,95.64358594523536,154
2023-11-01T21:00:00Z,OTHER,DUAL FUEL,12.716888890796238,20
2023-11-01T21:00:00Z,OTHER,GAS,0,10
2023-11-01T21:00:00Z,OTHER,GAS COGEN,35.59908185323079,58
2023-11-01T21:00:00Z,OTHER,OIL/GAS,42.89066032833523,53
2023-11-01T21:00:00Z,OTHER,WOOD/REFUSE,82.87402709934447,149
2023-11-01T21:00:00Z,SOLAR,SOLAR,789.260190797117,1373
2023-11-01T21:00:00Z,WIND,WIND,765.9547296682911,4150
2023-11-01T22:00:00Z,COAL,COAL,805.1536546495227,820
2023-11-01T22:00:00Z,DUAL FUEL,DUAL FUEL,465.0797161356608,466
2023-11-01T22:00:00Z,ENERGY STORAGE,ENERGY STORAGE,0.02905562559763589,130
2023-11-01T22:00:00Z,GAS,COGENERATION,3826.224149801731,5235
2023-11-01T22:00:00Z,GAS,COMBINED CYCLE,1738.8498546849357,3010
2023-11-01T22:00:00Z,GAS,GAS FIRED STEAM,1196.6380856047736,2609
2023-11-01T22:00:00Z,GAS,SIMPLE CYCLE,484.85874308890766,959
2023-11-01T22:00:00Z,HYDRO,HYDRO,221.32020232397647,894
2023-11-01T22:00:00Z,OTHER,BIOMASS,94.88682791127098,154
2023-11-01T22:00:00Z,OTHER,DUAL FUEL,12.595277709431118,20
2023-11-01T22:00:00Z,OTHER,GAS,0,10
2023-11-01T22:00:00Z,OTHER,GAS COGEN,35.836014597151014,58
2023-11-01T22:00:00Z,OTHER,OIL/GAS,42.93332119835747,53
2023-11-01T22:00:00Z,OTHER,WOOD/REFUSE,84.41920994493697,149
2023-11-01T22:00:00Z,SOLAR,SOLAR,409.9962769174907,1373
2023-11-01T22:00:00Z,WIND,WIND,820.5569397914907,4150
2023-11-01T23:00:00Z,COAL,COAL,805.024654897054,820
2023-11-01T23:00:00Z,DUAL FUEL,DUAL FUEL,465.13427071465384,466
2023-11-01T23:00:00Z,ENERGY STORAGE,ENERGY STORAGE,0.0292222860124376,130
2023-11-01T23:00:00Z,GAS,COGENERATION,3832.1121274320285,5235
2023-11-01T23:00:00Z,GAS,COMBINED CYCLE,1765.7664353873995,3010
2023-11-01T23:00:00Z,GAS,GAS FIRED STEAM,1485.4055970085992,2609
2023-11-01T23:00:00Z,GAS,SIMPLE CYCLE,549.1987171174751,959
2023-11-01T23:00:00Z,HYDRO,HYDRO,202.84675146023432,894
2023-11-01T23:00:00Z,OTHER,BIOMASS,99.55785659578112,154
2023-11-01T23:00:00Z,OTHER,DUAL FUEL,13.232555203437803,20
2023-11-01T23:00:00Z,OTHER,GAS,0,10
2023-11-01T23:00:00Z,OTHER,GAS COGEN,35.862199509938556,58
2023-11-01T23:00:00Z,OTHER,OIL/GAS,43.20715379291111,53
2023-11-01T23:00:00Z,OTHER,WOOD/REFUSE,87.03032258431116,149
2023-11-01T23:00:00Z,SOLAR,SOLAR,58.41174900430772,1373
2023-11-01T23:00:00Z,WIND,WIND,810.1010326933323,4150
2023-11-02T00:00:00Z,COAL,COAL,806.2726555040148,820
2023-11-02T00:00:00Z,DUAL FUEL,DUAL FUEL,465.1619385613336,466
2023-11-02T00:00:00Z,ENERGY STORAGE,ENERGY STORAGE,0.01038892587025959,130
2023-11-02T00:00:00Z,GAS,COGENERATION,3842.0443846384683,5235
2023-11-02T00:00:00Z,GAS,COMBINED CYCLE,1749.3732649437586,3010
2023-11-02T00:00:00Z,GAS,GAS FIRED STEAM,1697.9932402759127,2609
2023-11-02T00:00:00Z,GAS,SIMPLE CYCLE,585.8393154689338,959
2023-11-02T00:00:00Z,HYDRO,HYDRO,162.87508795695172,894
2023-11-02T00:00:00Z,OTHER,BIOMASS,114.69740093337165,154
2023-11-02T00:00:00Z,OTHER,DUAL FUEL,13.511333457330863,20
2023-11-02T00:00:00Z,OTHER,GAS,0,10
2023-11-02T00:00:00Z,OTHER,GAS COGEN,35.751976337432865,58
2023-11-02T00:00:00Z,OTHER,OIL/GAS,43.031659819285075,53
2023-11-02T00:00:00Z,OTHER,WOOD/REFUSE,93.21840157707533,149
2023-11-02T00:00:00Z,SOLAR,SOLAR,0,1373
2023-11-02T00:00:00Z,WIND,WIND,845.9737748078422,4150
2023-11-02T01:00:00Z,COAL,COAL,805.9120991516114,820
2023-11-02T01:00:00Z,DUAL FUEL,DUAL FUEL,465.08882687038846,466
2023-11-02T01:00:00Z,ENERGY STORAGE,ENERGY STORAGE,4.4444613986545e-4,130
2023-11-02T01:00:00Z,GAS,COGENERATION,3841.250011067655,5235
2023-11-02T01:00:00Z,GAS,COMBINED CYCLE,1730.4016861693065,3010
2023-11-02T01:00:00Z,GAS,GAS FIRED STEAM,1554.2807738833956,2609
2023-11-02T01:00:00Z,GAS,SIMPLE CYCLE,504.64176284737056,959
2023-11-02T01:00:00Z,HYDRO,HYDRO,121.70312729299069,894
2023-11-02T01:00:00Z,OTHER,BIOMASS,114.15760372797648,154
2023-11-02T01:00:00Z,OTHER,DUAL FUEL,13.518500068452624,20
2023-11-02T01:00:00Z,OTHER,GAS,0,10
2023-11-02T01:00:00Z,OTHER,GAS COGEN,35.662455289628774,58
2023-11-02T01:00:00Z,OTHER,OIL/GAS,43.17439927842882,53
2023-11-02T01:00:00Z,OTHER,WOOD/REFUSE,91.40297871841325,149
2023-11-02T01:00:00Z,SOLAR,SOLAR,0,1373
2023-11-02T01:00:00Z,WIND,WIND,1014.0982663238213,4150
2023-11-02T02:00:00Z,COAL,COAL,806.6164328172472,820
2023-11-02T02:00:00Z,DUAL FUEL,DUAL FUEL,465.16332626342773,466
2023-11-02T02:00:00Z,ENERGY STORAGE,ENERGY STORAGE,-3.1438881640964085,130
2023-11-02T02:00:00Z,GAS,COGENERATION,3833.6524466866917,5235
2023-11-02T02:00:00Z,GAS,COMBINED CYCLE,1652.6053965335423,3010
2023-11-02T02:00:00Z,GAS,GAS FIRED STEAM,1270.4588847679563,2609
2023-11-02T02:00:00Z,GAS,SIMPLE CYCLE,497.45065668318006,959
2023-11-02T02:00:00Z,HYDRO,HYDRO,159.90493851674927,894
2023-11-02T02:00:00Z,OTHER,BIOMASS,102.10824300183191,154
2023-11-02T02:00:00Z,OTHER,DUAL FUEL,13.600000381469728,20
2023-11-02T02:00:00Z,OTHER,GAS,0,10
2023-11-02T02:00:00Z,OTHER,GAS COGEN,35.66114987479316,58
2023-11-02T02:00:00Z,OTHER,OIL/GAS,43.373442855411106,53
2023-11-02T02:00:00Z,OTHER,WOOD/REFUSE,80.44384262535307,149
2023-11-02T02:00:00Z,SOLAR,SOLAR,0,1373
2023-11-02T02:00:00Z,WIND,WIND,1273.6201591497163,4150
2023-11-02T03:00:00Z,COAL,COAL,805.6357105000814,820
2023-11-02T03:00:00Z,DUAL FUEL,DUAL FUEL,465.2507166883681,466
2023-11-02T03:00:00Z,ENERGY STORAGE,ENERGY STORAGE,-3.8051103676689997,130
2023-11-02T03:00:00Z,GAS,COGENERATION,3832.5611949078243,5235
2023-11-02T03:00:00Z,GAS,COMBINED CYCLE,1641.5321682887607,3010
2023-11-02T03:00:00Z,GAS,GAS FIRED STEAM,1190.901197558509,2609
2023-11-02T03:00:00Z,GAS,SIMPLE CYCLE,454.83151534325543,959
2023-11-02T03:00:00Z,HYDRO,HYDRO,175.86321003076102,894
2023-11-02T03:00:00Z,OTHER,BIOMASS,98.23075738430023,154
2023-11-02T03:00:00Z,OTHER,DUAL FUEL,13.619000333150227,20
2023-11-02T03:00:00Z,OTHER,GAS,0,10
2023-11-02T03:00:00Z,OTHER,GAS COGEN,35.59941777335273,58
2023-11-02T03:00:00Z,OTHER,OIL/GAS,43.1389377339681,53
2023-11-02T03:00:00Z,OTHER,WOOD/REFUSE,81.1442148021857,149
2023-11-02T03:00:00Z,SOLAR,SOLAR,0,1373
2023-11-02T03:00:00Z,WIND,WIND,1382.5878055247995,4150
2023-11-02T04:00:00Z,COAL,COAL,806.1838228522406,820
2023-11-02T04:00:00Z,DUAL FUEL,DUAL FUEL,465.29855163574217,466
2023-11-02T04:00:00Z,ENERGY STORAGE,ENERGY STORAGE,-3.7674435573154024,130
2023-11-02T04:00:00Z,GAS,COGENERATION,3827.030747812589,5235
2023-11-02T04:00:00Z,GAS,COMBINED CYCLE,1635.1478644577662,3010
2023-11-02T04:00:00Z,GAS,GAS FIRED STEAM,1188.5555360529158,2609
2023-11-02T04:00:00Z,GAS,SIMPLE CYCLE,376.70948320806025,959
2023-11-02T04:00:00Z,HYDRO,HYDRO,129.24953899530902,894
2023-11-02T04:00:00Z,OTHER,BIOMASS,95.92437372048695,154
2023-11-02T04:00:00Z,OTHER,DUAL FUEL,13.705722437964546,20
2023-11-02T04:00:00Z,OTHER,GAS,0,10
2023-11-02T04:00:00Z,OTHER,GAS COGEN,35.571255675421824,58
2023-11-02T04:00:00Z,OTHER,OIL/GAS,42.525176215701634,53
2023-11-02T04:00:00Z,OTHER,WOOD/REFUSE,81.35227069629563,149
2023-11-02T04:00:00Z,SOLAR,SOLAR,0,1373
2023-11-02T04:00:00Z,WIND,WIND,1475.909837001529,4150
2023-11-02T05:00:00Z,COAL,COAL,806.3849907090929,820
2023-11-02T05:00:00Z,DUAL FUEL,DUAL FUEL,465.2964931233724,466
2023-11-02T05:00:00Z,ENERGY STORAGE,ENERGY STORAGE,-3.6813876899083455,130
2023-11-02T05:00:00Z,GAS,COGENERATION,3819.85948057731,5235
2023-11-02T05:00:00Z,GAS,COMBINED CYCLE,1598.3744150182936,3010
2023-11-02T05:00:00Z,GAS,GAS FIRED STEAM,1280.6307010300955,2609
2023-11-02T05:00:00Z,GAS,SIMPLE CYCLE,308.96244108011325,959
2023-11-02T05:00:00Z,HYDRO,HYDRO,78.49557709074682,894
2023-11-02T05:00:00Z,OTHER,BIOMASS,97.24745083226098,154
2023-11-02T05:00:00Z,OTHER,DUAL FUEL,13.597833558188544,20
2023-11-02T05:00:00Z,OTHER,GAS,0,10
2023-11-02T05:00:00Z,OTHER,GAS COGEN,35.62273069593641,58
2023-11-02T05:00:00Z,OTHER,OIL/GAS,42.609938350253636,53
2023-11-02T05:00:00Z,OTHER,WOOD/REFUSE,81.04579458819495,149
2023-11-02T05:00:00Z,SOLAR,SOLAR,0,1373
2023-11-02T05:00:00Z,WIND,WIND,1452.8334793498782,4150
2023-11-02T06:00:00Z,COAL,COAL,806.1936554972331,820
2023-11-02T06:00:00Z,DUAL FUEL,DUAL FUEL,465.2049941847059,466
2023-11-02T06:00:00Z,ENERGY STORAGE,ENERGY STORAGE,-3.77333246866862,130
2023-11-02T06:00:00Z,GAS,COGENERATION,3810.0729479328793,5235
2023-11-02T06:00:00Z,GAS,COMBINED CYCLE,1520.2424814208348,3010
2023-11-02T06:00:00Z,GAS,GAS FIRED STEAM,1226.0284514395396,2609
2023-11-02T06:00:00Z,GAS,SIMPLE CYCLE,224.28433034684923,959
2023-11-02T06:00:00Z,HYDRO,HYDRO,69.98257838616769,894
2023-11-02T06:00:00Z,OTHER,BIOMASS,94.94078930271996,154
2023-11-02T06:00:00Z,OTHER,DUAL FUEL,13.60633364783393,20
2023-11-02T06:00:00Z,OTHER,GAS,0,10
2023-11-02T06:00:00Z,OTHER,GAS COGEN,35.5667797364129,58
2023-11-02T06:00:00Z,OTHER,OIL/GAS,43.3023986392551,53
2023-11-02T06:00:00Z,OTHER,WOOD/REFUSE,80.56451181822354,149
2023-11-02T06:00:00Z,SOLAR,SOLAR,0,1373
2023-11-02T06:00:00Z,WIND,WIND,1549.4534377237162,4150
2023-11-02T07:00:00Z,COAL,COAL,805.213874613444,820
2023-11-02T07:00:00Z,DUAL FUEL,DUAL FUEL,465.22421717325847,466
2023-11-02T07:00:00Z,ENERGY STORAGE,ENERGY STORAGE,-3.7122211270862153,130
2023-11-02T07:00:00Z,GAS,COGENERATION,3803.0529427952238,5235
2023-11-02T07:00:00Z,GAS,COMBINED CYCLE,1481.6800129832163,3010
2023-11-02T07:00:00Z,GAS,GAS FIRED STEAM,1316.1386095280118,2609
2023-11-02T07:00:00Z,GAS,SIMPLE CYCLE,222.02022006988526,959
2023-11-02T07:00:00Z,HYDRO,HYDRO,68.22718325747384,894
2023-11-02T07:00:00Z,OTHER,BIOMASS,100.2041270658705,154
2023-11-02T07:00:00Z,OTHER,DUAL FUEL,13.666277474297418,20
2023-11-02T07:00:00Z,OTHER,GAS,0,10
2023-11-02T07:00:00Z,OTHER,GAS COGEN,35.506054657830134,58
2023-11-02T07:00:00Z,OTHER,OIL/GAS,42.58694287618001,53
2023-11-02T07:00:00Z,OTHER,WOOD/REFUSE,81.2565413983663,149
2023-11-02T07:00:00Z,SOLAR,SOLAR,0,1373
2023-11-02T07:00:00Z,WIND,WIND,1582.5253787546026,4150
2023-11-02T08:00:00Z,COAL,COAL,805.8835417514376,820
2023-11-02T08:00:00Z,DUAL FUEL,DUAL FUEL,465.3029384358724,466
2023-11-02T08:00:00Z,ENERGY STORAGE,ENERGY STORAGE,-3.7086655553181966,130
2023-11-02T08:00:00Z,GAS,COGENERATION,3792.5687972458204,5235
2023-11-02T08:00:00Z,GAS,COMBINED CYCLE,1462.0766510295869,3010
2023-11-02T08:00:00Z,GAS,GAS FIRED STEAM,1268.7694033792284,2609
2023-11-02T08:00:00Z,GAS,SIMPLE CYCLE,222.45199709574382,959
2023-11-02T08:00:00Z,HYDRO,HYDRO,90.1318938238091,894
2023-11-02T08:00:00Z,OTHER,BIOMASS,105.10081024434831,154
2023-11-02T08:00:00Z,OTHER,DUAL FUEL,13.79550005171034,20
2023-11-02T08:00:00Z,OTHER,GAS,0,10
2023-11-02T08:00:00Z,OTHER,GAS COGEN,35.54947261598375,58
2023-11-02T08:00:00Z,OTHER,OIL/GAS,43.158260120815704,53
2023-11-02T08:00:00Z,OTHER,WOOD/REFUSE,81.30134970823924,149
2023-11-02T08:00:00Z,SOLAR,SOLAR,0,1373
2023-11-02T08:00:00Z,WIND,WIND,1552.254201619062,4150
2023-11-02T09:00:00Z,COAL,COAL,806.9274305555556,820
2023-11-02T09:00:00Z,DUAL FUEL,DUAL FUEL,465.3308277045356,466
2023-11-02T09:00:00Z,ENERGY STORAGE,ENERGY STORAGE,-3.742221238878038,130
2023-11-02T09:00:00Z,GAS,COGENERATION,3784.9183859496648,5235
2023-11-02T09:00:00Z,GAS,COMBINED CYCLE,1463.1712172285715,3010
2023-11-02T09:00:00Z,GAS,GAS FIRED STEAM,1267.2675700675118,2609
2023-11-02T09:00:00Z,GAS,SIMPLE CYCLE,212.21860763622655,959
2023-11-02T09:00:00Z,HYDRO,HYDRO,73.7084342177709,894
2023-11-02T09:00:00Z,OTHER,BIOMASS,106.8128798617257,154
2023-11-02T09:00:00Z,OTHER,DUAL FUEL,13.793833520147537,20
2023-11-02T09:00:00Z,OTHER,GAS,0,10
2023-11-02T09:00:00Z,OTHER,GAS COGEN,35.4792733807034,58
2023-11-02T09:00:00Z,OTHER,OIL/GAS,43.909049883948434,53
2023-11-02T09:00:00Z,OTHER,WOOD/REFUSE,81.43673825502395,149
2023-11-02T09:00:00Z,SOLAR,SOLAR,0,1373
2023-11-02T09:00:00Z,WIND,WIND,1541.5714658574925,4150
2023-11-02T10:00:00Z,COAL,COAL,805.8549322001138,820
2023-11-02T10:00:00Z,DUAL FUEL,DUAL FUEL,465.322548912896,466
2023-11-02T10:00:00Z,ENERGY STORAGE,ENERGY STORAGE,-3.7726657994588217,130
2023-11-02T10:00:00Z,GAS,COGENERATION,3771.1752322146626,5235
2023-11-02T10:00:00Z,GAS,COMBINED CYCLE,1491.0371350908279,3010
2023-11-02T10:00:00Z,GAS,GAS FIRED STEAM,1348.820938337114,2609
2023-11-02T10:00:00Z,GAS,SIMPLE CYCLE,217.82527499450578,959
2023-11-02T10:00:00Z,HYDRO,HYDRO,115.03895410569177,894
2023-11-02T10:00:00Z,OTHER,BIOMASS,107.96618501080407,154
2023-11-02T10:00:00Z,OTHER,DUAL FUEL,13.800000190734863,20
2023-11-02T10:00:00Z,OTHER,GAS,0,10
2023-11-02T10:00:00Z,OTHER,GAS COGEN,35.40694709142049,58
2023-11-02T10:00:00Z,OTHER,OIL/GAS,43.14834926393297,53
2023-11-02T10:00:00Z,OTHER,WOOD/REFUSE,81.9363604956203,149
2023-11-02T10:00:00Z,SOLAR,SOLAR,0,1373
2023-11-02T10:00:00Z,WIND,WIND,1440.7594450696308,4150
2023-11-02T11:00:00Z,COAL,COAL,806.7188200887044,820
2023-11-02T11:00:00Z,DUAL FUEL,DUAL FUEL,465.2776058620877,466
2023-11-02T11:00:00Z,ENERGY STORAGE,ENERGY STORAGE,-2.322999441358778,130
2023-11-02T11:00:00Z,GAS,COGENERATION,3784.220189219051,5235
2023-11-02T11:00:00Z,GAS,COMBINED CYCLE,1481.0690589850478,3010
2023-11-02T11:00:00Z,GAS,GAS FIRED STEAM,1386.1124852540759,2609
2023-11-02T11:00:00Z,GAS,SIMPLE CYCLE,281.0570525598526,959
2023-11-02T11:00:00Z,HYDRO,HYDRO,89.7530000283983,894
2023-11-02T11:00:00Z,OTHER,BIOMASS,107.01818934917449,154
2023-11-02T11:00:00Z,OTHER,DUAL FUEL,13.807499894036187,20
2023-11-02T11:00:00Z,OTHER,GAS,0,10
2023-11-02T11:00:00Z,OTHER,GAS COGEN,35.43954746458265,58
2023-11-02T11:00:00Z,OTHER,OIL/GAS,42.681126543680826,53
2023-11-02T11:00:00Z,OTHER,WOOD/REFUSE,81.98602360394266,149
2023-11-02T11:00:00Z,SOLAR,SOLAR,0,1373
2023-11-02T11:00:00Z,WIND,WIND,1342.5303458368446,4150
2023-11-02T12:00:00Z,COAL,COAL,806.4002105373806,820
2023-11-02T12:00:00Z,DUAL FUEL,DUAL FUEL,465.3176597086589,466
2023-11-02T12:00:00Z,ENERGY STORAGE,ENERGY STORAGE,-1.8306660371356542,130
2023-11-02T12:00:00Z,GAS,COGENERATION,3773.8023080534404,5235
2023-11-02T12:00:00Z,GAS,COMBINED CYCLE,1569.923375750449,3010
2023-11-02T12:00:00Z,GAS,GAS FIRED STEAM,1355.508990401162,2609
2023-11-02T12:00:00Z,GAS,SIMPLE CYCLE,284.49933023240834,959
2023-11-02T12:00:00Z,HYDRO,HYDRO,78.32584445156985,894
2023-11-02T12:00:00Z,OTHER,BIOMASS,108.5840077998903,154
2023-11-02T12:00:00Z,OTHER,DUAL FUEL,13.827332587771943,20
2023-11-02T12:00:00Z,OTHER,GAS,0,10
2023-11-02T12:00:00Z,OTHER,GAS COGEN,35.453237243228486,58
2023-11-02T12:00:00Z,OTHER,OIL/GAS,42.878337961832685,53
2023-11-02T12:00:00Z,OTHER,WOOD/REFUSE,80.20224285827743,149
2023-11-02T12:00:00Z,SOLAR,SOLAR,0,1373
2023-11-02T12:00:00Z,WIND,WIND,1442.7330969374461,4150
2023-11-02T13:00:00Z,COAL,COAL,806.5030427890354,820
2023-11-02T13:00:00Z,DUAL FUEL,DUAL FUEL,465.26638314141167,466
2023-11-02T13:00:00Z,ENERGY STORAGE,ENERGY STORAGE,-0.23733320819007026,130
2023-11-02T13:00:00Z,GAS,COGENERATION,3779.8377377499473,5235
2023-11-02T13:00:00Z,GAS,COMBINED CYCLE,1644.792772295475,3010
2023-11-02T13:00:00Z,GAS,GAS FIRED STEAM,1284.433948024114,2609
2023-11-02T13:00:00Z,GAS,SIMPLE CYCLE,339.4738404433595,959
2023-11-02T13:00:00Z,HYDRO,HYDRO,138.10876671244702,894
2023-11-02T13:00:00Z,OTHER,BIOMASS,106.7593256439103,154
2023-11-02T13:00:00Z,OTHER,DUAL FUEL,13.799999237060549,20
2023-11-02T13:00:00Z,OTHER,GAS,0,10
2023-11-02T13:00:00Z,OTHER,GAS COGEN,35.34510267045763,58
2023-11-02T13:00:00Z,OTHER,OIL/GAS,43.147270849015975,53
2023-11-02T13:00:00Z,OTHER,WOOD/REFUSE,79.46559689495298,149
2023-11-02T13:00:00Z,SOLAR,SOLAR,0,1373
2023-11-02T13:00:00Z,WIND,WIND,1564.4842675228126,4150
2023-11-02T14:00:00Z,COAL,COAL,806.459988538954,820
2023-11-02T14:00:00Z,DUAL FUEL,DUAL FUEL,465.06027035183376,466
2023-11-02T14:00:00Z,ENERGY STORAGE,ENERGY STORAGE,-0.13527829435136585,130
2023-11-02T14:00:00Z,GAS,COGENERATION,3788.5079695330724,5235
2023-11-02T14:00:00Z,GAS,COMBINED CYCLE,1645.7262233421536,3010
2023-11-02T14:00:00Z,GAS,GAS FIRED STEAM,1230.131139866511,2609
2023-11-02T14:00:00Z,GAS,SIMPLE CYCLE,328.70889036754767,959
2023-11-02T14:00:00Z,HYDRO,HYDRO,99.30011645144886,894
2023-11-02T14:00:00Z,OTHER,BIOMASS,104.64508604791429,154
2023-11-02T14:00:00Z,OTHER,DUAL FUEL,13.80049923737844,20
2023-11-02T14:00:00Z,OTHER,GAS,0,10
2023-11-02T14:00:00Z,OTHER,GAS COGEN,35.2263383547465,58
2023-11-02T14:00:00Z,OTHER,OIL/GAS,42.54703757815891,53
2023-11-02T14:00:00Z,OTHER,WOOD/REFUSE,78.66288947211372,149
2023-11-02T14:00:00Z,SOLAR,SOLAR,2.454166639231973,1373
2023-11-02T14:00:00Z,WIND,WIND,1663.8622836093439,4150
2023-11-02T15:00:00Z,COAL,COAL,805.6401529778375,820
2023-11-02T15:00:00Z,DUAL FUEL,DUAL FUEL,464.9428280300564,466
2023-11-02T15:00:00Z,ENERGY STORAGE,ENERGY STORAGE,-2.6234449964099458,130
2023-11-02T15:00:00Z,GAS,COGENERATION,3803.3456260490416,5235
2023-11-02T15:00:00Z,GAS,COMBINED CYCLE,1659.1118190537559,3010
2023-11-02T15:00:00Z,GAS,GAS FIRED STEAM,1015.7055057652791,2609
2023-11-02T15:00:00Z,GAS,SIMPLE CYCLE,378.7919118077391,959
2023-11-02T15:00:00Z,HYDRO,HYDRO,117.97994972334968,894
2023-11-02T15:00:00Z,OTHER,BIOMASS,104.43561647574106,154
2023-11-02T15:00:00Z,OTHER,DUAL FUEL,13.790499512884352,20
2023-11-02T15:00:00Z,OTHER,GAS,0,10
2023-11-02T15:00:00Z,OTHER,GAS COGEN,35.21473814858331,58
2023-11-02T15:00:00Z,OTHER,OIL/GAS,42.91264313167996,53
2023-11-02T15:00:00Z,OTHER,WOOD/REFUSE,78.90781470272276,149
2023-11-02T15:00:00Z,SOLAR,SOLAR,53.41337045209275,1373
2023-11-02T15:00:00Z,WIND,WIND,1724.6991642968026,4150
2023-11-02T16:00:00Z,COAL,COAL,805.9768752373589,820
2023-11-02T16:00:00Z,DUAL FUEL,DUAL FUEL,465.11976921929255,466
2023-11-02T16:00:00Z,ENERGY STORAGE,ENERGY STORAGE,-0.9613337206840515,130
2023-11-02T16:00:00Z,GAS,COGENERATION,3810.8970254998735,5235
2023-11-02T16:00:00Z,GAS,COMBINED CYCLE,1691.4689014021556,3010
2023-11-02T16:00:00Z,GAS,GAS FIRED STEAM,1095.724042154948,2609
2023-11-02T16:00:00Z,GAS,SIMPLE CYCLE,371.4108855337567,959
2023-11-02T16:00:00Z,HYDRO,HYDRO,175.25220905396674,894
2023-11-02T16:00:00Z,OTHER,BIOMASS,103.92354858557384,154
2023-11-02T16:00:00Z,OTHER,DUAL FUEL,13.799999237060549,20
2023-11-02T16:00:00Z,OTHER,GAS,0,10
2023-11-02T16:00:00Z,OTHER,GAS COGEN,35.3057138633728,58
2023-11-02T16:00:00Z,OTHER,OIL/GAS,43.34708777745565,53
2023-11-02T16:00:00Z,OTHER,WOOD/REFUSE,79.23646582497491,149
2023-11-02T16:00:00Z,SOLAR,SOLAR,130.82867274148597,1373
2023-11-02T16:00:00Z,WIND,WIND,1657.7598859818777,4150
2023-11-02T17:00:00Z,COAL,COAL,806.279266289605,820
2023-11-02T17:00:00Z,DUAL FUEL,DUAL FUEL,464.8699382188585,466
2023-11-02T17:00:00Z,ENERGY STORAGE,ENERGY STORAGE,-0.11833378473917641,130
2023-11-02T17:00:00Z,GAS,COGENERATION,3817.3147718074583,5235
2023-11-02T17:00:00Z,GAS,COMBINED CYCLE,1729.1476244741016,3010
2023-11-02T17:00:00Z,GAS,GAS FIRED STEAM,1229.1619648403591,2609
2023-11-02T17:00:00Z,GAS,SIMPLE CYCLE,417.79332816018,959
2023-11-02T17:00:00Z,HYDRO,HYDRO,166.749613337583,894
2023-11-02T17:00:00Z,OTHER,BIOMASS,101.98860672897763,154
2023-11-02T17:00:00Z,OTHER,DUAL FUEL,13.736332930988736,20
2023-11-02T17:00:00Z,OTHER,GAS,0,10
2023-11-02T17:00:00Z,OTHER,GAS COGEN,35.22253384484185,58
2023-11-02T17:00:00Z,OTHER,OIL/GAS,43.31619278801812,53
2023-11-02T17:00:00Z,OTHER,WOOD/REFUSE,78.29120560487111,149
2023-11-02T17:00:00Z,SOLAR,SOLAR,217.61901056534717,1373
2023-11-02T17:00:00Z,WIND,WIND,1367.8514139737354,4150
2023-11-02T18:00:00Z,COAL,COAL,806.9162662590875,820
2023-11-02T18:00:00Z,DUAL FUEL,DUAL FUEL,465.1084939066569,466
2023-11-02T18:00:00Z,ENERGY STORAGE,ENERGY STORAGE,-0.06350024223327637,130
2023-11-02T18:00:00Z,GAS,COGENERATION,3816.6351085890665,5235
2023-11-02T18:00:00Z,GAS,COMBINED CYCLE,1677.9075188234117,3010
2023-11-02T18:00:00Z,GAS,GAS FIRED STEAM,1397.4351255808936,2609
2023-11-02T18:00:00Z,GAS,SIMPLE CYCLE,406.19243915014795,959
2023-11-02T18:00:00Z,HYDRO,HYDRO,175.35047522972027,894
2023-11-02T18:00:00Z,OTHER,BIOMASS,100.9939641714096,154
2023-11-02T18:00:00Z,OTHER,DUAL FUEL,13.603666732576158,20
2023-11-02T18:00:00Z,OTHER,GAS,0,10
2023-11-02T18:00:00Z,OTHER,GAS COGEN,35.2730382071601,58
2023-11-02T18:00:00Z,OTHER,OIL/GAS,42.64051627265083,53
2023-11-02T18:00:00Z,OTHER,WOOD/REFUSE,77.97584967692693,149
2023-11-02T18:00:00Z,SOLAR,SOLAR,299.29354389823146,1373
2023-11-02T18:00:00Z,WIND,WIND,1166.1940005525782,4150
2023-11-02T19:00:00Z,COAL,COAL,806.5788784450955,820
2023-11-02T19:00:00Z,DUAL FUEL,DUAL FUEL,465.1177145555285,466
2023-11-02T19:00:00Z,ENERGY STORAGE,ENERGY STORAGE,0.00350001176198323,130
2023-11-02T19:00:00Z,GAS,COGENERATION,3808.0488141650626,5235
2023-11-02T19:00:00Z,GAS,COMBINED CYCLE,1680.7975866254171,3010
2023-11-02T19:00:00Z,GAS,GAS FIRED STEAM,1556.80886689504,2609
2023-11-02T19:00:00Z,GAS,SIMPLE CYCLE,341.4525574249029,959
2023-11-02T19:00:00Z,HYDRO,HYDRO,206.99281416827606,894
2023-11-02T19:00:00Z,OTHER,BIOMASS,110.37736572504043,154
2023-11-02T19:00:00Z,OTHER,DUAL FUEL,10.704055557979478,20
2023-11-02T19:00:00Z,OTHER,GAS,0,10
2023-11-02T19:00:00Z,OTHER,GAS COGEN,34.81868189705743,58
2023-11-02T19:00:00Z,OTHER,OIL/GAS,42.67039312574599,53
2023-11-02T19:00:00Z,OTHER,WOOD/REFUSE,85.1636448890633,149
2023-11-02T19:00:00Z,SOLAR,SOLAR,316.4245833399561,1373
2023-11-02T19:00:00Z,WIND,WIND,1054.0545630763472,4150
2023-11-02T20:00:00Z,COAL,COAL,806.4138786824544,820
2023-11-02T20:00:00Z,DUAL FUEL,DUAL FUEL,465.0017153761122,466
2023-11-02T20:00:00Z,ENERGY STORAGE,ENERGY STORAGE,1.1111153496636e-4,130
2023-11-02T20:00:00Z,GAS,COGENERATION,3815.59354804092,5235
2023-11-02T20:00:00Z,GAS,COMBINED CYCLE,1665.386025885476,3010
2023-11-02T20:00:00Z,GAS,GAS FIRED STEAM,1534.1095784982044,2609
2023-11-02T20:00:00Z,GAS,SIMPLE CYCLE,361.92794480164844,959
2023-11-02T20:00:00Z,HYDRO,HYDRO,231.9520701403916,894
2023-11-02T20:00:00Z,OTHER,BIOMASS,116.14109506818983,154
2023-11-02T20:00:00Z,OTHER,DUAL FUEL,0.7973888813787037,20
2023-11-02T20:00:00Z,OTHER,GAS,0,10
2023-11-02T20:00:00Z,OTHER,GAS COGEN,35.11537016338772,58
2023-11-02T20:00:00Z,OTHER,OIL/GAS,43.26359856711493,53
2023-11-02T20:00:00Z,OTHER,WOOD/REFUSE,87.90799919949637,149
2023-11-02T20:00:00Z,SOLAR,SOLAR,284.61747394548524,1373
2023-11-02T20:00:00Z,WIND,WIND,897.3321298981706,4150
2023-11-02T21:00:00Z,COAL,COAL,804.5976547919379,820
2023-11-02T21:00:00Z,DUAL FUEL,DUAL FUEL,464.5971043565538,466
2023-11-02T21:00:00Z,ENERGY STORAGE,ENERGY STORAGE,-6.6666920979817e-4,130
2023-11-02T21:00:00Z,GAS,COGENERATION,3815.2779065736136,5235
2023-11-02T21:00:00Z,GAS,COMBINED CYCLE,1720.1027500359216,3010
2023-11-02T21:00:00Z,GAS,GAS FIRED STEAM,1558.6621938302783,2609
2023-11-02T21:00:00Z,GAS,SIMPLE CYCLE,531.3475730332815,959
2023-11-02T21:00:00Z,HYDRO,HYDRO,199.361197792838,894
2023-11-02T21:00:00Z,OTHER,BIOMASS,117.82660361766816,154
2023-11-02T21:00:00Z,OTHER,DUAL FUEL,9.097500046425395,20
2023-11-02T21:00:00Z,OTHER,GAS,0,10
2023-11-02T21:00:00Z,OTHER,GAS COGEN,35.19705762015449,58
2023-11-02T21:00:00Z,OTHER,OIL/GAS,42.56414961920844,53
2023-11-02T21:00:00Z,OTHER,WOOD/REFUSE,89.37767233133316,149
2023-11-02T21:00:00Z,SOLAR,SOLAR,189.303288173808,1373
2023-11-02T21:00:00Z,WIND,WIND,706.1470361648583,4150
2023-11-02T22:00:00Z,COAL,COAL,805.1373747253418,820
2023-11-02T22:00:00Z,DUAL FUEL,DUAL FUEL,464.8184933980306,466
2023-11-02T22:00:00Z,ENERGY STORAGE,ENERGY STORAGE,0.01916671805911595,130
2023-11-02T22:00:00Z,GAS,COGENERATION,3805.0374757324325,5235
2023-11-02T22:00:00Z,GAS,COMBINED CYCLE,1738.9494994656245,3010
2023-11-02T22:00:00Z,GAS,GAS FIRED STEAM,1544.130195174747,2609
2023-11-02T22:00:00Z,GAS,SIMPLE CYCLE,599.4140292951133,959
2023-11-02T22:00:00Z,HYDRO,HYDRO,195.24735594214664,894
2023-11-02T22:00:00Z,OTHER,BIOMASS,113.20016067769792,154
2023-11-02T22:00:00Z,OTHER,DUAL FUEL,13.47922229078081,20
2023-11-02T22:00:00Z,OTHER,GAS,0,10
2023-11-02T22:00:00Z,OTHER,GAS COGEN,35.22704756842719,58
2023-11-02T22:00:00Z,OTHER,OIL/GAS,42.52095465554132,53
2023-11-02T22:00:00Z,OTHER,WOOD/REFUSE,85.91330226129955,149
2023-11-02T22:00:00Z,SOLAR,SOLAR,88.83346481265293,1373
2023-11-02T22:00:00Z,WIND,WIND,616.2175152939641,4150
2023-11-02T23:00:00Z,COAL,COAL,806.1893188307021,820
2023-11-02T23:00:00Z,DUAL FUEL,DUAL FUEL,465.0179933844672,466
2023-11-02T23:00:00Z,ENERGY STORAGE,ENERGY STORAGE,0.03911118878258596,130
2023-11-02T23:00:00Z,GAS,COGENERATION,3829.516442336241,5235
2023-11-02T23:00:00Z,GAS,COMBINED CYCLE,1776.5974642419815,3010
2023-11-02T23:00:00Z,GAS,GAS FIRED STEAM,1592.4208770540026,2609
2023-11-02T23:00:00Z,GAS,SIMPLE CYCLE,585.5183414677779,959
2023-11-02T23:00:00Z,HYDRO,HYDRO,200.78773273126947,894
2023-11-02T23:00:00Z,OTHER,BIOMASS,122.05513508372837,154
2023-11-02T23:00:00Z,OTHER,DUAL FUEL,13.726444416575962,20
2023-11-02T23:00:00Z,OTHER,GAS,0,10
2023-11-02T23:00:00Z,OTHER,GAS COGEN,35.254650024837915,58
2023-11-02T23:00:00Z,OTHER,OIL/GAS,42.99426567925347,53
2023-11-02T23:00:00Z,OTHER,WOOD/REFUSE,90.92045564916398,149
2023-11-02T23:00:00Z,SOLAR,SOLAR,14.112944239601493,1373
2023-11-02T23:00:00Z,WIND,WIND,474.00015342170167,4150
2023-11-03T00:00:00Z,COAL,COAL,806.3897092183431,820
2023-11-03T00:00:00Z,DUAL FUEL,DUAL FUEL,465.42488172743055,466
2023-11-03T00:00:00Z,ENERGY STORAGE,ENERGY STORAGE,0.01122225920359293,130
2023-11-03T00:00:00Z,GAS,COGENERATION,3875.3849052768282,5235
2023-11-03T00:00:00Z,GAS,COMBINED CYCLE,1766.9871547407574,3010
2023-11-03T00:00:00Z,GAS,GAS FIRED STEAM,1713.6548278427124,2609
2023-11-03T00:00:00Z,GAS,SIMPLE CYCLE,585.3695894654592,959
2023-11-03T00:00:00Z,HYDRO,HYDRO,200.75111266770298,894
2023-11-03T00:00:00Z,OTHER,BIOMASS,122.4300467326906,154
2023-11-03T00:00:00Z,OTHER,DUAL FUEL,13.896444422403972,20
2023-11-03T00:00:00Z,OTHER,GAS,0,10
2023-11-03T00:00:00Z,OTHER,GAS COGEN,35.28012575361464,58
2023-11-03T00:00:00Z,OTHER,OIL/GAS,42.73253268347846,53
2023-11-03T00:00:00Z,OTHER,WOOD/REFUSE,94.8006361911032,149
2023-11-03T00:00:00Z,SOLAR,SOLAR,0,1373
2023-11-03T00:00:00Z,WIND,WIND,287.6578565702546,4150
2023-11-03T01:00:00Z,COAL,COAL,805.6735963439942,820
2023-11-03T01:00:00Z,DUAL FUEL,DUAL FUEL,465.360663011339,466
2023-11-03T01:00:00Z,ENERGY STORAGE,ENERGY STORAGE,7.2222497728135e-4,130
2023-11-03T01:00:00Z,GAS,COGENERATION,3910.5308857923083,5235
2023-11-03T01:00:00Z,GAS,COMBINED CYCLE,1755.4300919289058,3010
2023-11-03T01:00:00Z,GAS,GAS FIRED STEAM,1684.664482697381,2609
2023-11-03T01:00:00Z,GAS,SIMPLE CYCLE,587.0094098479218,959
2023-11-03T01:00:00Z,HYDRO,HYDRO,247.78538390992415,894
2023-11-03T01:00:00Z,OTHER,BIOMASS,125.9500491115782,154
2023-11-03T01:00:00Z,OTHER,DUAL FUEL,4.984277777671814,20
2023-11-03T01:00:00Z,OTHER,GAS,0,10
2023-11-03T01:00:00Z,OTHER,GAS COGEN,35.722956583234996,58
2023-11-03T01:00:00Z,OTHER,OIL/GAS,42.3402604675293,53
2023-11-03T01:00:00Z,OTHER,WOOD/REFUSE,94.63931876235539,149
2023-11-03T01:00:00Z,SOLAR,SOLAR,0,1373
2023-11-03T01:00:00Z,WIND,WIND,174.4396050242252,4150
2023-11-03T02:00:00Z,COAL,COAL,805.9153238762749,820
2023-11-03T02:00:00Z,DUAL FUEL,DUAL FUEL,465.4730496724447,466
2023-11-03T02:00:00Z,ENERGY STORAGE,ENERGY STORAGE,-6.6666920979817e-4,130
2023-11-03T02:00:00Z,GAS,COGENERATION,3932.342447367509,5235
2023-11-03T02:00:00Z,GAS,COMBINED CYCLE,1739.9201613966625,3010
2023-11-03T02:00:00Z,GAS,GAS FIRED STEAM,1618.5203372001647,2609
2023-11-03T02:00:00Z,GAS,SIMPLE CYCLE,542.7963775752651,959
2023-11-03T02:00:00Z,HYDRO,HYDRO,243.0226043553816,894
2023-11-03T02:00:00Z,OTHER,BIOMASS,125.73482754071554,154
2023-11-03T02:00:00Z,OTHER,DUAL FUEL,2.8619444249073664,20
2023-11-03T02:00:00Z,OTHER,GAS,0,10
2023-11-03T02:00:00Z,OTHER,GAS COGEN,35.5144844479031,58
2023-11-03T02:00:00Z,OTHER,OIL/GAS,43.18130988438924,53
2023-11-03T02:00:00Z,OTHER,WOOD/REFUSE,94.5919098300404,149
2023-11-03T02:00:00Z,SOLAR,SOLAR,0,1373
2023-11-03T02:00:00Z,WIND,WIND,133.5903791860822,4150
2023-11-03T03:00:00Z,COAL,COAL,807.0316528828939,820
2023-11-03T03:00:00Z,DUAL FUEL,DUAL FUEL,465.4304935709635,466
2023-11-03T03:00:00Z,ENERGY STORAGE,ENERGY STORAGE,0,130
2023-11-03T03:00:00Z,GAS,COGENERATION,3935.0366418536505,5235
2023-11-03T03:00:00Z,GAS,COMBINED CYCLE,1694.7954903035693,3010
2023-11-03T03:00:00Z,GAS,GAS FIRED STEAM,1581.7846714104546,2609
2023-11-03T03:00:00Z,GAS,SIMPLE CYCLE,497.9018588321739,959
2023-11-03T03:00:00Z,HYDRO,HYDRO,225.83594592536488,894
2023-11-03T03:00:00Z,OTHER,BIOMASS,124.75725552399953,154
2023-11-03T03:00:00Z,OTHER,DUAL FUEL,1.5396110518938966,20
2023-11-03T03:00:00Z,OTHER,GAS,0,10
2023-11-03T03:00:00Z,OTHER,GAS COGEN,35.14002566867404,58
2023-11-03T03:00:00Z,OTHER,OIL/GAS,42.867920845879446,53
2023-11-03T03:00:00Z,OTHER,WOOD/REFUSE,94.90878853533003,149
2023-11-03T03:00:00Z,SOLAR,SOLAR,0.5685555250777139,1373
2023-11-03T03:00:00Z,WIND,WIND,101.41225921868451,4150
2023-11-03T04:00:00Z,COAL,COAL,806.9704872639974,820
2023-11-03T04:00:00Z,DUAL FUEL,DUAL FUEL,465.3994386291504,466
2023-11-03T04:00:00Z,ENERGY STORAGE,ENERGY STORAGE,5.0000190734863e-4,130
2023-11-03T04:00:00Z,GAS,COGENERATION,3930.4048009962507,5235
2023-11-03T04:00:00Z,GAS,COMBINED CYCLE,1649.9128529967202,3010
2023-11-03T04:00:00Z,GAS,GAS FIRED STEAM,1604.1162164645725,2609
2023-11-03T04:00:00Z,GAS,SIMPLE CYCLE,419.47883139590425,959
2023-11-03T04:00:00Z,HYDRO,HYDRO,197.7200166917013,894
2023-11-03T04:00:00Z,OTHER,BIOMASS,128.36255299462212,154
2023-11-03T04:00:00Z,OTHER,DUAL FUEL,4.071333277622859,20
2023-11-03T04:00:00Z,OTHER,GAS,0,10
2023-11-03T04:00:00Z,OTHER,GAS COGEN,35.274903801812066,58
2023-11-03T04:00:00Z,OTHER,OIL/GAS,42.46725002288818,53
2023-11-03T04:00:00Z,OTHER,WOOD/REFUSE,94.00488009585274,149
2023-11-03T04:00:00Z,SOLAR,SOLAR,1.1999999284744265,1373
2023-11-03T04:00:00Z,WIND,WIND,101.42336791962386,4150
2023-11-03T05:00:00Z,COAL,COAL,805.5653206210666,820
2023-11-03T05:00:00Z,DUAL FUEL,DUAL FUEL,465.24716108534074,466
2023-11-03T05:00:00Z,ENERGY STORAGE,ENERGY STORAGE,-0.6557776260375977,130
2023-11-03T05:00:00Z,GAS,COGENERATION,3920.0494155608285,5235
2023-11-03T05:00:00Z,GAS,COMBINED CYCLE,1491.9485713010363,3010
2023-11-03T05:00:00Z,GAS,GAS FIRED STEAM,1493.0623257446289,2609
2023-11-03T05:00:00Z,GAS,SIMPLE CYCLE,393.56683002365963,959
2023-11-03T05:00:00Z,HYDRO,HYDRO,97.25519975135724,894
2023-11-03T05:00:00Z,OTHER,BIOMASS,126.94790595531464,154
2023-11-03T05:00:00Z,OTHER,DUAL FUEL,9.451388845973543,20
2023-11-03T05:00:00Z,OTHER,GAS,0,10
2023-11-03T05:00:00Z,OTHER,GAS COGEN,35.37874830245972,58
2023-11-03T05:00:00Z,OTHER,OIL/GAS,42.350532658894856,53
2023-11-03T05:00:00Z,OTHER,WOOD/REFUSE,93.44807164086237,149
2023-11-03T05:00:00Z,SOLAR,SOLAR,0.9971666110555332,1373
2023-11-03T05:00:00Z,WIND,WIND,152.78138422413005,4150
2023-11-03T06:00:00Z,COAL,COAL,806.5235429721408,820
2023-11-03T06:00:00Z,DUAL FUEL,DUAL FUEL,465.3218274434408,466
2023-11-03T06:00:00Z,ENERGY STORAGE,ENERGY STORAGE,-5.52788757218255,130
2023-11-03T06:00:00Z,GAS,COGENERATION,3902.9946871672737,5235
2023-11-03T06:00:00Z,GAS,COMBINED CYCLE,1467.6154539643394,3010
2023-11-03T06:00:00Z,GAS,GAS FIRED STEAM,1509.2243522029453,2609
2023-11-03T06:00:00Z,GAS,SIMPLE CYCLE,295.22841157200435,959
2023-11-03T06:00:00Z,HYDRO,HYDRO,109.28420593015021,894
2023-11-03T06:00:00Z,OTHER,BIOMASS,122.20779076947106,154
2023-11-03T06:00:00Z,OTHER,DUAL FUEL,11.162110988828871,20
2023-11-03T06:00:00Z,OTHER,GAS,0,10
2023-11-03T06:00:00Z,OTHER,GAS COGEN,35.393444521162245,58
2023-11-03T06:00:00Z,OTHER,OIL/GAS,42.58572659598457,53
2023-11-03T06:00:00Z,OTHER,WOOD/REFUSE,88.59339660750496,149
2023-11-03T06:00:00Z,SOLAR,SOLAR,0,1373
2023-11-03T06:00:00Z,WIND,WIND,259.80023167846934,4150
2023-11-03T07:00:00Z,COAL,COAL,805.5920984903971,820
2023-11-03T07:00:00Z,DUAL FUEL,DUAL FUEL,465.2934387037489,466
2023-11-03T07:00:00Z,ENERGY STORAGE,ENERGY STORAGE,-5.622165240711636,130
2023-11-03T07:00:00Z,GAS,COGENERATION,3902.516059247388,5235
2023-11-03T07:00:00Z,GAS,COMBINED CYCLE,1475.5098810927072,3010
2023-11-03T07:00:00Z,GAS,GAS FIRED STEAM,1497.934900932312,2609
2023-11-03T07:00:00Z,GAS,SIMPLE CYCLE,287.25780890855526,959
2023-11-03T07:00:00Z,HYDRO,HYDRO,89.81236783227986,894
2023-11-03T07:00:00Z,OTHER,BIOMASS,120.1212815676795,154
2023-11-03T07:00:00Z,OTHER,DUAL FUEL,11.364666396776837,20
2023-11-03T07:00:00Z,OTHER,GAS,0,10
2023-11-03T07:00:00Z,OTHER,GAS COGEN,35.41216957304213,58
2023-11-03T07:00:00Z,OTHER,OIL/GAS,42.19097611109416,53
2023-11-03T07:00:00Z,OTHER,WOOD/REFUSE,85.65941226482391,149
2023-11-03T07:00:00Z,SOLAR,SOLAR,0,1373
2023-11-03T07:00:00Z,WIND,WIND,406.31546356862617,4150
2023-11-03T08:00:00Z,COAL,COAL,806.2505414496527,820
2023-11-03T08:00:00Z,DUAL FUEL,DUAL FUEL,465.1574933878581,466
2023-11-03T08:00:00Z,ENERGY STORAGE,ENERGY STORAGE,-5.6132207467820905,130
2023-11-03T08:00:00Z,GAS,COGENERATION,3902.828490591579,5235
2023-11-03T08:00:00Z,GAS,COMBINED CYCLE,1380.801940184699,3010
2023-11-03T08:00:00Z,GAS,GAS FIRED STEAM,1373.7700292756822,2609
2023-11-03T08:00:00Z,GAS,SIMPLE CYCLE,285.66027584261366,959
2023-11-03T08:00:00Z,HYDRO,HYDRO,108.39851430796914,894
2023-11-03T08:00:00Z,OTHER,BIOMASS,111.06172401693132,154
2023-11-03T08:00:00Z,OTHER,DUAL FUEL,11.304722113609314,20
2023-11-03T08:00:00Z,OTHER,GAS,0,10
2023-11-03T08:00:00Z,OTHER,GAS COGEN,35.382739279005264,58
2023-11-03T08:00:00Z,OTHER,OIL/GAS,41.960827075110544,53
2023-11-03T08:00:00Z,OTHER,WOOD/REFUSE,81.24120424535539,149
2023-11-03T08:00:00Z,SOLAR,SOLAR,0,1373
2023-11-03T08:00:00Z,WIND,WIND,746.5875487360979,4150
2023-11-03T09:00:00Z,COAL,COAL,806.8878206719291,820
2023-11-03T09:00:00Z,DUAL FUEL,DUAL FUEL,464.78732727050783,466
2023-11-03T09:00:00Z,ENERGY STORAGE,ENERGY STORAGE,-5.687554455863105,130
2023-11-03T09:00:00Z,GAS,COGENERATION,3893.766596481535,5235
2023-11-03T09:00:00Z,GAS,COMBINED CYCLE,1355.7559555954404,3010
2023-11-03T09:00:00Z,GAS,GAS FIRED STEAM,1268.9930563057794,2609
2023-11-03T09:00:00Z,GAS,SIMPLE CYCLE,281.79898198336366,959
2023-11-03T09:00:00Z,HYDRO,HYDRO,87.59682594835758,894
2023-11-03T09:00:00Z,OTHER,BIOMASS,106.17199251916674,154
2023-11-03T09:00:00Z,OTHER,DUAL FUEL,10.990888622601828,20
2023-11-03T09:00:00Z,OTHER,GAS,0,10
2023-11-03T09:00:00Z,OTHER,GAS COGEN,35.40109125773112,58
2023-11-03T09:00:00Z,OTHER,OIL/GAS,42.587254979875354,53
2023-11-03T09:00:00Z,OTHER,WOOD/REFUSE,81.37412904765871,149
2023-11-03T09:00:00Z,SOLAR,SOLAR,0,1373
2023-11-03T09:00:00Z,WIND,WIND,983.1236366846701,4150
2023-11-03T10:00:00Z,COAL,COAL,806.2973217264812,820
2023-11-03T10:00:00Z,DUAL FUEL,DUAL FUEL,465.18560524834527,466
2023-11-03T10:00:00Z,ENERGY STORAGE,ENERGY STORAGE,-3.445110216140747,130
2023-11-03T10:00:00Z,GAS,COGENERATION,3893.8857252385883,5235
2023-11-03T10:00:00Z,GAS,COMBINED CYCLE,1358.7548407003615,3010
2023-11-03T10:00:00Z,GAS,GAS FIRED STEAM,1164.1608367040421,2609
2023-11-03T10:00:00Z,GAS,SIMPLE CYCLE,233.05871947149436,959
2023-11-03T10:00:00Z,HYDRO,HYDRO,59.46118780069881,894
2023-11-03T10:00:00Z,OTHER,BIOMASS,103.51866276264191,154
2023-11-03T10:00:00Z,OTHER,DUAL FUEL,10.899999618530272,20
2023-11-03T10:00:00Z,OTHER,GAS,0,10
2023-11-03T10:00:00Z,OTHER,GAS COGEN,35.379568898942736,58
2023-11-03T10:00:00Z,OTHER,OIL/GAS,43.85969882117377,53
2023-11-03T10:00:00Z,OTHER,WOOD/REFUSE,81.54703671985202,149
2023-11-03T10:00:00Z,SOLAR,SOLAR,0,1373
2023-11-03T10:00:00Z,WIND,WIND,1270.1517385224502,4150
2023-11-03T11:00:00Z,COAL,COAL,807.1120983886719,820
2023-11-03T11:00:00Z,DUAL FUEL,DUAL FUEL,465.1350482855903,466
2023-11-03T11:00:00Z,ENERGY STORAGE,ENERGY STORAGE,-1.041777629852295,130
2023-11-03T11:00:00Z,GAS,COGENERATION,3874.9156386619143,5235
2023-11-03T11:00:00Z,GAS,COMBINED CYCLE,1355.9232110903,3010
2023-11-03T11:00:00Z,GAS,GAS FIRED STEAM,974.9207996230655,2609
2023-11-03T11:00:00Z,GAS,SIMPLE CYCLE,174.56471961783038,959
2023-11-03T11:00:00Z,HYDRO,HYDRO,75.8895785629087,894
2023-11-03T11:00:00Z,OTHER,BIOMASS,102.94316527843476,154
2023-11-03T11:00:00Z,OTHER,DUAL FUEL,10.899999618530272,20
2023-11-03T11:00:00Z,OTHER,GAS,0,10
2023-11-03T11:00:00Z,OTHER,GAS COGEN,35.37438423156738,58
2023-11-03T11:00:00Z,OTHER,OIL/GAS,42.47947720421685,53
2023-11-03T11:00:00Z,OTHER,WOOD/REFUSE,80.94275564723544,149
2023-11-03T11:00:00Z,SOLAR,SOLAR,0,1373
2023-11-03T11:00:00Z,WIND,WIND,1790.8689841069115,4150
2023-11-03T12:00:00Z,COAL,COAL,806.2466572740343,820
2023-11-03T12:00:00Z,DUAL FUEL,DUAL FUEL,465.1920501708984,466
2023-11-03T12:00:00Z,ENERGY STORAGE,ENERGY STORAGE,-0.10683333132002087,130
2023-11-03T12:00:00Z,GAS,COGENERATION,3886.7984375233123,5235
2023-11-03T12:00:00Z,GAS,COMBINED CYCLE,1430.0744981855817,3010
2023-11-03T12:00:00Z,GAS,GAS FIRED STEAM,936.7129083697001,2609
2023-11-03T12:00:00Z,GAS,SIMPLE CYCLE,172.7753527896272,959
2023-11-03T12:00:00Z,HYDRO,HYDRO,124.66404980621404,894
2023-11-03T12:00:00Z,OTHER,BIOMASS,105.12680593305164,154
2023-11-03T12:00:00Z,OTHER,DUAL FUEL,10.899999618530272,20
2023-11-03T12:00:00Z,OTHER,GAS,0,10
2023-11-03T12:00:00Z,OTHER,GAS COGEN,35.37684573491414,58
2023-11-03T12:00:00Z,OTHER,OIL/GAS,42.8408825302124,53
2023-11-03T12:00:00Z,OTHER,WOOD/REFUSE,81.2359560432699,149
2023-11-03T12:00:00Z,SOLAR,SOLAR,0,1373
2023-11-03T12:00:00Z,WIND,WIND,2053.2196390462914,4150
2023-11-03T13:00:00Z,COAL,COAL,806.5687670050727,820
2023-11-03T13:00:00Z,DUAL FUEL,DUAL FUEL,460.8658292812771,466
2023-11-03T13:00:00Z,ENERGY STORAGE,ENERGY STORAGE,-2.152166643937429,130
2023-11-03T13:00:00Z,GAS,COGENERATION,3853.169258846177,5235
2023-11-03T13:00:00Z,GAS,COMBINED CYCLE,1497.312109594875,3010
2023-11-03T13:00:00Z,GAS,GAS FIRED STEAM,995.394419696596,2609
2023-11-03T13:00:00Z,GAS,SIMPLE CYCLE,176.15944142500558,959
2023-11-03T13:00:00Z,HYDRO,HYDRO,111.35228983382383,894
2023-11-03T13:00:00Z,OTHER,BIOMASS,102.49424210018583,154
2023-11-03T13:00:00Z,OTHER,DUAL FUEL,10.899999618530272,20
2023-11-03T13:00:00Z,OTHER,GAS,0,10
2023-11-03T13:00:00Z,OTHER,GAS COGEN,35.375242137908934,58
2023-11-03T13:00:00Z,OTHER,OIL/GAS,42.76532663345337,53
2023-11-03T13:00:00Z,OTHER,WOOD/REFUSE,81.66718429353503,149
2023-11-03T13:00:00Z,SOLAR,SOLAR,0,1373
2023-11-03T13:00:00Z,WIND,WIND,2315.423809289187,4150
2023-11-03T14:00:00Z,COAL,COAL,806.0963750712077,820
2023-11-03T14:00:00Z,DUAL FUEL,DUAL FUEL,458.8643824598525,466
2023-11-03T14:00:00Z,ENERGY STORAGE,ENERGY STORAGE,0.0254445049497816,130
2023-11-03T14:00:00Z,GAS,COGENERATION,3819.2175647359422,5235
2023-11-03T14:00:00Z,GAS,COMBINED CYCLE,1602.185134329266,3010
2023-11-03T14:00:00Z,GAS,GAS FIRED STEAM,918.7843695735932,2609
2023-11-03T14:00:00Z,GAS,SIMPLE CYCLE,288.06006889990635,959
2023-11-03T14:00:00Z,HYDRO,HYDRO,94.19975849731101,894
2023-11-03T14:00:00Z,OTHER,BIOMASS,106.24609863493177,154
2023-11-03T14:00:00Z,OTHER,DUAL FUEL,11.08227747546302,20
2023-11-03T14:00:00Z,OTHER,GAS,0,10
2023-11-03T14:00:00Z,OTHER,GAS COGEN,35.39564511193169,58
2023-11-03T14:00:00Z,OTHER,OIL/GAS,42.78173199335734,53
2023-11-03T14:00:00Z,OTHER,WOOD/REFUSE,82.61045768128501,149
2023-11-03T14:00:00Z,SOLAR,SOLAR,10.597166478931904,1373
2023-11-03T14:00:00Z,WIND,WIND,2352.161056582067,4150
2023-11-03T15:00:00Z,COAL,COAL,805.5156541103786,820
2023-11-03T15:00:00Z,DUAL FUEL,DUAL FUEL,458.415993347168,466
2023-11-03T15:00:00Z,ENERGY STORAGE,ENERGY STORAGE,-0.07777807394663491,130
2023-11-03T15:00:00Z,GAS,COGENERATION,3790.860729435815,5235
2023-11-03T15:00:00Z,GAS,COMBINED CYCLE,1542.7937555710475,3010
2023-11-03T15:00:00Z,GAS,GAS FIRED STEAM,880.9801831372579,2609
2023-11-03T15:00:00Z,GAS,SIMPLE CYCLE,305.3468742362658,959
2023-11-03T15:00:00Z,HYDRO,HYDRO,78.80627503653368,894
2023-11-03T15:00:00Z,OTHER,BIOMASS,107.5016653474172,154
2023-11-03T15:00:00Z,OTHER,DUAL FUEL,10.989110910627575,20
2023-11-03T15:00:00Z,OTHER,GAS,0,10
2023-11-03T15:00:00Z,OTHER,GAS COGEN,35.40194915347629,58
2023-11-03T15:00:00Z,OTHER,OIL/GAS,42.79063766267564,53
2023-11-03T15:00:00Z,OTHER,WOOD/REFUSE,80.17575846327676,149
2023-11-03T15:00:00Z,SOLAR,SOLAR,282.0383839389682,1373
2023-11-03T15:00:00Z,WIND,WIND,2270.3370828897423,4150
2023-11-03T16:00:00Z,COAL,COAL,805.9406556023491,820
2023-11-03T16:00:00Z,DUAL FUEL,DUAL FUEL,456.80905093722873,466
2023-11-03T16:00:00Z,ENERGY STORAGE,ENERGY STORAGE,-0.08005586094326443,130
2023-11-03T16:00:00Z,GAS,COGENERATION,3785.730749164952,5235
2023-11-03T16:00:00Z,GAS,COMBINED CYCLE,1546.5105052222145,3010
2023-11-03T16:00:00Z,GAS,GAS FIRED STEAM,989.6201366117265,2609
2023-11-03T16:00:00Z,GAS,SIMPLE CYCLE,305.26220196538503,959
2023-11-03T16:00:00Z,HYDRO,HYDRO,120.89899879079726,894
2023-11-03T16:00:00Z,OTHER,BIOMASS,108.15348631487953,154
2023-11-03T16:00:00Z,OTHER,DUAL FUEL,11.084277341100904,20
2023-11-03T16:00:00Z,OTHER,GAS,0,10
2023-11-03T16:00:00Z,OTHER,GAS COGEN,35.33137639151679,58
2023-11-03T16:00:00Z,OTHER,OIL/GAS,43.07054377661811,53
2023-11-03T16:00:00Z,OTHER,WOOD/REFUSE,80.19794089873632,149
2023-11-03T16:00:00Z,SOLAR,SOLAR,495.1122735511926,1373
2023-11-03T16:00:00Z,WIND,WIND,2020.1301153788384,4150
2023-11-03T17:00:00Z,COAL,COAL,806.5649330817329,820
2023-11-03T17:00:00Z,DUAL FUEL,DUAL FUEL,443.3893818664551,466
2023-11-03T17:00:00Z,ENERGY STORAGE,ENERGY STORAGE,-2.777788374159e-4,130
2023-11-03T17:00:00Z,GAS,COGENERATION,3772.438927528593,5235
2023-11-03T17:00:00Z,GAS,COMBINED CYCLE,1609.2163066948785,3010
2023-11-03T17:00:00Z,GAS,GAS FIRED STEAM,921.3303483412001,2609
2023-11-03T17:00:00Z,GAS,SIMPLE CYCLE,299.3731596214904,959
2023-11-03T17:00:00Z,HYDRO,HYDRO,93.79480628356336,894
2023-11-03T17:00:00Z,OTHER,BIOMASS,107.22047514491611,154
2023-11-03T17:00:00Z,OTHER,DUAL FUEL,11.137832986513772,20
2023-11-03T17:00:00Z,OTHER,GAS,0.03721857481532627,10
2023-11-03T17:00:00Z,OTHER,GAS COGEN,35.24812223222521,58
2023-11-03T17:00:00Z,OTHER,OIL/GAS,43.467266114552814,53
2023-11-03T17:00:00Z,OTHER,WOOD/REFUSE,80.351357787450155,149
2023-11-03T17:00:00Z,SOLAR,SOLAR,719.6944655825032,1373
2023-11-03T17:00:00Z,WIND,WIND,1807.6269245132432,4150
2023-11-03T18:00:00Z,COAL,COAL,812.3373204718696,820
2023-11-03T18:00:00Z,DUAL FUEL,DUAL FUEL,443.2602160135905,466
2023-11-03T18:00:00Z,ENERGY STORAGE,ENERGY STORAGE,-0.00522224214341905,130
2023-11-03T18:00:00Z,GAS,COGENERATION,3753.9824617449444,5235
2023-11-03T18:00:00Z,GAS,COMBINED CYCLE,1605.0203795629077,3010
2023-11-03T18:00:00Z,GAS,GAS FIRED STEAM,1013.4140447466903,2609
2023-11-03T18:00:00Z,GAS,SIMPLE CYCLE,295.81297061072456,959
2023-11-03T18:00:00Z,HYDRO,HYDRO,129.85204892835682,894
2023-11-03T18:00:00Z,OTHER,BIOMASS,105.40125843895807,154
2023-11-03T18:00:00Z,OTHER,DUAL FUEL,2.3140555069181654,20
2023-11-03T18:00:00Z,OTHER,GAS,1.158173267642657,10
2023-11-03T18:00:00Z,OTHER,GAS COGEN,34.979372573428684,58
2023-11-03T18:00:00Z,OTHER,OIL/GAS,43.200382001664906,53
2023-11-03T18:00:00Z,OTHER,WOOD/REFUSE,80.10409434278806,149
2023-11-03T18:00:00Z,SOLAR,SOLAR,727.1500091137489,1373
2023-11-03T18:00:00Z,WIND,WIND,1498.5671318476316,4150
2023-11-03T19:00:00Z,COAL,COAL,813.3114870707194,820
2023-11-03T19:00:00Z,DUAL FUEL,DUAL FUEL,461.8830482143826,466
2023-11-03T19:00:00Z,ENERGY STORAGE,ENERGY STORAGE,0.00438890457153319,130
2023-11-03T19:00:00Z,GAS,COGENERATION,3761.909023824268,5235
2023-11-03T19:00:00Z,GAS,COMBINED CYCLE,1616.0104868385527,3010
2023-11-03T19:00:00Z,GAS,GAS FIRED STEAM,1158.6090456475151,2609
2023-11-03T19:00:00Z,GAS,SIMPLE CYCLE,293.48918614281547,959
2023-11-03T19:00:00Z,HYDRO,HYDRO,113.7150958496829,894
2023-11-03T19:00:00Z,OTHER,BIOMASS,108.37780495007833,154
2023-11-03T19:00:00Z,OTHER,DUAL FUEL,10.562444259954823,20
2023-11-03T19:00:00Z,OTHER,GAS,1.1999510526657104,10
2023-11-03T19:00:00Z,OTHER,GAS COGEN,34.9039511150784,58
2023-11-03T19:00:00Z,OTHER,OIL/GAS,43.01096645991007,53
2023-11-03T19:00:00Z,OTHER,WOOD/REFUSE,80.5032892858982,149
2023-11-03T19:00:00Z,SOLAR,SOLAR,665.4891519783603,1373
2023-11-03T19:00:00Z,WIND,WIND,1405.6681476116346,4150
2023-11-03T20:00:00Z,COAL,COAL,813.0396535746256,820
2023-11-03T20:00:00Z,DUAL FUEL,DUAL FUEL,465.006771613227,466
2023-11-03T20:00:00Z,ENERGY STORAGE,ENERGY STORAGE,0.0023888980017768,130
2023-11-03T20:00:00Z,GAS,COGENERATION,3760.889537390073,5235
2023-11-03T20:00:00Z,GAS,COMBINED CYCLE,1659.6380029455822,3010
2023-11-03T20:00:00Z,GAS,GAS FIRED STEAM,1194.434009399414,2609
2023-11-03T20:00:00Z,GAS,SIMPLE CYCLE,329.3959865706828,959
2023-11-03T20:00:00Z,HYDRO,HYDRO,103.52309621004595,894
2023-11-03T20:00:00Z,OTHER,BIOMASS,107.07182233916389,154
2023-11-03T20:00:00Z,OTHER,DUAL FUEL,13.224388570255703,20
2023-11-03T20:00:00Z,OTHER,GAS,1.41995104153951,10
2023-11-03T20:00:00Z,OTHER,GAS COGEN,34.94621226628622,58
2023-11-03T20:00:00Z,OTHER,OIL/GAS,43.520193032158744,53
2023-11-03T20:00:00Z,OTHER,WOOD/REFUSE,81.32258194406828,149
2023-11-03T20:00:00Z,SOLAR,SOLAR,711.1280496851934,1373
2023-11-03T20:00:00Z,WIND,WIND,1229.2523800848674,4150
2023-11-03T21:00:00Z,COAL,COAL,812.1766535101997,820
2023-11-03T21:00:00Z,DUAL FUEL,DUAL FUEL,465.14310472276475,466
2023-11-03T21:00:00Z,ENERGY STORAGE,ENERGY STORAGE,-3.333372539944101e-4,130
2023-11-03T21:00:00Z,GAS,COGENERATION,3772.7657519364357,5235
2023-11-03T21:00:00Z,GAS,COMBINED CYCLE,1652.7046319511203,3010
2023-11-03T21:00:00Z,GAS,GAS FIRED STEAM,1206.7408779907225,2609
2023-11-03T21:00:00Z,GAS,SIMPLE CYCLE,302.96004798856046,959
2023-11-03T21:00:00Z,HYDRO,HYDRO,129.61085375578867,894
2023-11-03T21:00:00Z,OTHER,BIOMASS,110.77742004447514,154
2023-11-03T21:00:00Z,OTHER,DUAL FUEL,13.384666440222,20
2023-11-03T21:00:00Z,OTHER,GAS,1.1999510526657104,10
2023-11-03T21:00:00Z,OTHER,GAS COGEN,35.0236850590176,58
2023-11-03T21:00:00Z,OTHER,OIL/GAS,43.335576691097685,53
2023-11-03T21:00:00Z,OTHER,WOOD/REFUSE,82.95464669042163,149
2023-11-03T21:00:00Z,SOLAR,SOLAR,608.1656125193172,1373
2023-11-03T21:00:00Z,WIND,WIND,1174.501569570957,4150
2023-11-03T22:00:00Z,COAL,COAL,811.9141533067491,820
2023-11-03T22:00:00Z,DUAL FUEL,DUAL FUEL,463.2341595798069,466
2023-11-03T22:00:00Z,ENERGY STORAGE,ENERGY STORAGE,0.01505558967590332,130
2023-11-03T22:00:00Z,GAS,COGENERATION,3780.791645239989,5235
2023-11-03T22:00:00Z,GAS,COMBINED CYCLE,1672.7345482587814,3010
2023-11-03T22:00:00Z,GAS,GAS FIRED STEAM,1438.4883730994331,2609
2023-11-03T22:00:00Z,GAS,SIMPLE CYCLE,432.1641862421565,959
2023-11-03T22:00:00Z,HYDRO,HYDRO,165.3607695041928,894
2023-11-03T22:00:00Z,OTHER,BIOMASS,120.21203575929006,154
2023-11-03T22:00:00Z,OTHER,DUAL FUEL,13.37144409497579,20
2023-11-03T22:00:00Z,OTHER,GAS,1.1999510526657104,10
2023-11-03T22:00:00Z,OTHER,GAS COGEN,35.425187013414174,58
2023-11-03T22:00:00Z,OTHER,OIL/GAS,43.28296014573839,53
2023-11-03T22:00:00Z,OTHER,WOOD/REFUSE,88.50400768677393,149
2023-11-03T22:00:00Z,SOLAR,SOLAR,230.8747786776556,1373
2023-11-03T22:00:00Z,WIND,WIND,1162.4557710262968,4150
2023-11-03T23:00:00Z,COAL,COAL,810.385710635715,820
2023-11-03T23:00:00Z,DUAL FUEL,DUAL FUEL,461.57416015625,466
2023-11-03T23:00:00Z,ENERGY STORAGE,ENERGY STORAGE,7.47011137538486,130
2023-11-03T23:00:00Z,GAS,COGENERATION,3776.040006505383,5235
2023-11-03T23:00:00Z,GAS,COMBINED CYCLE,1643.6421810992558,3010
2023-11-03T23:00:00Z,GAS,GAS FIRED STEAM,1492.0471451822916,2609
2023-11-03T23:00:00Z,GAS,SIMPLE CYCLE,452.55609293649593,959
2023-11-03T23:00:00Z,HYDRO,HYDRO,193.29434420627024,894
2023-11-03T23:00:00Z,OTHER,BIOMASS,121.7578432252672,154
2023-11-03T23:00:00Z,OTHER,DUAL FUEL,13.470666330125598,20
2023-11-03T23:00:00Z,OTHER,GAS,1.1999510526657104,10
2023-11-03T23:00:00Z,OTHER,GAS COGEN,35.49751272625393,58
2023-11-03T23:00:00Z,OTHER,OIL/GAS,43.0986940129598,53
2023-11-03T23:00:00Z,OTHER,WOOD/REFUSE,88.84496768712998,149
2023-11-03T23:00:00Z,SOLAR,SOLAR,44.98305553113421,1373
2023-11-03T23:00:00Z,WIND,WIND,1229.6453984486354,4150
2023-11-04T00:00:00Z,COAL,COAL,811.3059890238444,820
2023-11-04T00:00:00Z,DUAL FUEL,DUAL FUEL,459.43393902248806,466
2023-11-04T00:00:00Z,ENERGY STORAGE,ENERGY STORAGE,0.0032777902815077,130
2023-11-04T00:00:00Z,GAS,COGENERATION,3771.147022008366,5235
2023-11-04T00:00:00Z,GAS,COMBINED CYCLE,1625.1492391973072,3010
2023-11-04T00:00:00Z,GAS,GAS FIRED STEAM,1456.7517414686415,2609
2023-11-04T00:00:00Z,GAS,SIMPLE CYCLE,463.10141031106315,959
2023-11-04T00:00:00Z,HYDRO,HYDRO,216.0540888279014,894
2023-11-04T00:00:00Z,OTHER,BIOMASS,118.83136476728652,154
2023-11-04T00:00:00Z,OTHER,DUAL FUEL,13.703499811490376,20
2023-11-04T00:00:00Z,OTHER,GAS,1.1999510526657104,10
2023-11-04T00:00:00Z,OTHER,GAS COGEN,35.429402086469864,58
2023-11-04T00:00:00Z,OTHER,OIL/GAS,43.04264891094632,53
2023-11-04T00:00:00Z,OTHER,WOOD/REFUSE,89.1026736248864,149
2023-11-04T00:00:00Z,SOLAR,SOLAR,0.05327777471807268,1373
2023-11-04T00:00:00Z,WIND,WIND,1281.8913735958354,4150
2023-11-04T01:00:00Z,COAL,COAL,811.755154147678,820
2023-11-04T01:00:00Z,DUAL FUEL,DUAL FUEL,461.96699412027994,466
2023-11-04T01:00:00Z,ENERGY STORAGE,ENERGY STORAGE,0,130
2023-11-04T01:00:00Z,GAS,COGENERATION,3756.3533457803724,5235
2023-11-04T01:00:00Z,GAS,COMBINED CYCLE,1563.6674543507895,3010
2023-11-04T01:00:00Z,GAS,GAS FIRED STEAM,1440.2545815955268,2609
2023-11-04T01:00:00Z,GAS,SIMPLE CYCLE,442.6903688367208,959
2023-11-04T01:00:00Z,HYDRO,HYDRO,175.54446310296655,894
2023-11-04T01:00:00Z,OTHER,BIOMASS,117.35279231813219,154
2023-11-04T01:00:00Z,OTHER,DUAL FUEL,13.725555331442092,20
2023-11-04T01:00:00Z,OTHER,GAS,1.1999510526657104,10
2023-11-04T01:00:00Z,OTHER,GAS COGEN,35.61635245853,58
2023-11-04T01:00:00Z,OTHER,OIL/GAS,43.155693230099146,53
2023-11-04T01:00:00Z,OTHER,WOOD/REFUSE,87.80345459063848,149
2023-11-04T01:00:00Z,SOLAR,SOLAR,0,1373
2023-11-04T01:00:00Z,WIND,WIND,1308.6220015074562,4150
2023-11-04T02:00:00Z,COAL,COAL,811.5485414123534,820
2023-11-04T02:00:00Z,DUAL FUEL,DUAL FUEL,464.7977715894911,466
2023-11-04T02:00:00Z,ENERGY STORAGE,ENERGY STORAGE,0,130
2023-11-04T02:00:00Z,GAS,COGENERATION,3759.2524694734147,5235
2023-11-04T02:00:00Z,GAS,COMBINED CYCLE,1568.7162241310543,3010
2023-11-04T02:00:00Z,GAS,GAS FIRED STEAM,1224.960046251085,2609
2023-11-04T02:00:00Z,GAS,SIMPLE CYCLE,349.7542361130648,959
2023-11-04T02:00:00Z,HYDRO,HYDRO,107.27083886461126,894
2023-11-04T02:00:00Z,OTHER,BIOMASS,103.371259332233,154
2023-11-04T02:00:00Z,OTHER,DUAL FUEL,13.77199956840939,20
2023-11-04T02:00:00Z,OTHER,GAS,1.841062088807424,10
2023-11-04T02:00:00Z,OTHER,GAS COGEN,35.65521895726522,58
2023-11-04T02:00:00Z,OTHER,OIL/GAS,42.897043204837374,53
2023-11-04T02:00:00Z,OTHER,WOOD/REFUSE,81.60128918727239,149
2023-11-04T02:00:00Z,SOLAR,SOLAR,0,1373
2023-11-04T02:00:00Z,WIND,WIND,1544.5102407794323,4150
2023-11-04T03:00:00Z,COAL,COAL,811.248765326606,820
2023-11-04T03:00:00Z,DUAL FUEL,DUAL FUEL,464.8298844231499,466
2023-11-04T03:00:00Z,ENERGY STORAGE,ENERGY STORAGE,-0.7270554086897109,130
2023-11-04T03:00:00Z,GAS,COGENERATION,3767.784848006301,5235
2023-11-04T03:00:00Z,GAS,COMBINED CYCLE,1571.3200769737032,3010
2023-11-04T03:00:00Z,GAS,GAS FIRED STEAM,1078.482185774909,2609
2023-11-04T03:00:00Z,GAS,SIMPLE CYCLE,316.099681636956,959
2023-11-04T03:00:00Z,HYDRO,HYDRO,115.83369550645351,894
2023-11-04T03:00:00Z,OTHER,BIOMASS,100.34684592882792,154
2023-11-04T03:00:00Z,OTHER,DUAL FUEL,13.756221894158257,20
2023-11-04T03:00:00Z,OTHER,GAS,2.199950933456421,10
2023-11-04T03:00:00Z,OTHER,GAS COGEN,35.92922804302639,58
2023-11-04T03:00:00Z,OTHER,OIL/GAS,42.538432138231066,53
2023-11-04T03:00:00Z,OTHER,WOOD/REFUSE,81.54844964371787,149
2023-11-04T03:00:00Z,SOLAR,SOLAR,0,1373
2023-11-04T03:00:00Z,WIND,WIND,1656.7475359732534,4150
2023-11-04T04:00:00Z,COAL,COAL,812.3907638888888,820
2023-11-04T04:00:00Z,DUAL FUEL,DUAL FUEL,464.9113826666938,466
2023-11-04T04:00:00Z,ENERGY STORAGE,ENERGY STORAGE,-0.9993888865576851,130
2023-11-04T04:00:00Z,GAS,COGENERATION,3764.0153196435504,5235
2023-11-04T04:00:00Z,GAS,COMBINED CYCLE,1571.091960105896,3010
2023-11-04T04:00:00Z,GAS,GAS FIRED STEAM,1147.4084820980495,2609
2023-11-04T04:00:00Z,GAS,SIMPLE CYCLE,256.2198016175628,959
2023-11-04T04:00:00Z,HYDRO,HYDRO,95.57570870389542,894
2023-11-04T04:00:00Z,OTHER,BIOMASS,98.79621662722694,154
2023-11-04T04:00:00Z,OTHER,DUAL FUEL,13.730999772813584,20
2023-11-04T04:00:00Z,OTHER,GAS,2.199950933456421,10
2023-11-04T04:00:00Z,OTHER,GAS COGEN,35.88163237889608,58
2023-11-04T04:00:00Z,OTHER,OIL/GAS,42.470104681650795,53
2023-11-04T04:00:00Z,OTHER,WOOD/REFUSE,82.14388325505786,149
2023-11-04T04:00:00Z,SOLAR,SOLAR,0,1373
2023-11-04T04:00:00Z,WIND,WIND,1690.5476795917252,4150
2023-11-04T05:00:00Z,COAL,COAL,799.5662649536132,820
2023-11-04T05:00:00Z,DUAL FUEL,DUAL FUEL,464.90615983751087,466
2023-11-04T05:00:00Z,ENERGY STORAGE,ENERGY STORAGE,-0.9999444442325168,130
2023-11-04T05:00:00Z,GAS,COGENERATION,3762.37894427379,5235
2023-11-04T05:00:00Z,GAS,COMBINED CYCLE,1523.702985347112,3010
2023-11-04T05:00:00Z,GAS,GAS FIRED STEAM,1085.2959953053792,2609
2023-11-04T05:00:00Z,GAS,SIMPLE CYCLE,188.22966403815482,959
2023-11-04T05:00:00Z,HYDRO,HYDRO,57.381266346226134,894
2023-11-04T05:00:00Z,OTHER,BIOMASS,99.55985791736178,154
2023-11-04T05:00:00Z,OTHER,DUAL FUEL,13.764332937134636,20
2023-11-04T05:00:00Z,OTHER,GAS,2.199950933456421,10
2023-11-04T05:00:00Z,OTHER,GAS COGEN,35.877603965335425,58
2023-11-04T05:00:00Z,OTHER,OIL/GAS,42.3203712272644,53
2023-11-04T05:00:00Z,OTHER,WOOD/REFUSE,81.40138158453834,149
2023-11-04T05:00:00Z,SOLAR,SOLAR,0,1373
2023-11-04T05:00:00Z,WIND,WIND,1766.4825104210238,4150
2023-11-04T06:00:00Z,COAL,COAL,797.802044236925,820
2023-11-04T06:00:00Z,DUAL FUEL,DUAL FUEL,464.9901032850477,466
2023-11-04T06:00:00Z,ENERGY STORAGE,ENERGY STORAGE,-0.17994444529215495,130
2023-11-04T06:00:00Z,GAS,COGENERATION,3766.8831458444065,5235
2023-11-04T06:00:00Z,GAS,COMBINED CYCLE,1519.761107550727,3010
2023-11-04T06:00:00Z,GAS,GAS FIRED STEAM,1110.21433529324,2609
2023-11-04T06:00:00Z,GAS,SIMPLE CYCLE,137.94499726762373,959
2023-11-04T06:00:00Z,HYDRO,HYDRO,52.39508997586038,894
2023-11-04T06:00:00Z,OTHER,BIOMASS,96.05144536071353,154
2023-11-04T06:00:00Z,OTHER,DUAL FUEL,13.899832951757643,20
2023-11-04T06:00:00Z,OTHER,GAS,2.199950933456421,10
2023-11-04T06:00:00Z,OTHER,GAS COGEN,25.316244434780543,58
2023-11-04T06:00:00Z,OTHER,OIL/GAS,42.69834352493286,53
2023-11-04T06:00:00Z,OTHER,WOOD/REFUSE,82.07049875020982,149
2023-11-04T06:00:00Z,SOLAR,SOLAR,0,1373
2023-11-04T06:00:00Z,WIND,WIND,1773.4146736080074,4150
2023-11-04T07:00:00Z,COAL,COAL,797.6722114393447,820
2023-11-04T07:00:00Z,DUAL FUEL,DUAL FUEL,464.9011598714193,466
2023-11-04T07:00:00Z,ENERGY STORAGE,ENERGY STORAGE,-3.213276932504442,130
2023-11-04T07:00:00Z,GAS,COGENERATION,3770.940059791406,5235
2023-11-04T07:00:00Z,GAS,COMBINED CYCLE,1533.8833637767368,3010
2023-11-04T07:00:00Z,GAS,GAS FIRED STEAM,1085.981430138482,2609
2023-11-04T07:00:00Z,GAS,SIMPLE CYCLE,140.88077496171,959
2023-11-04T07:00:00Z,HYDRO,HYDRO,93.5796542411877,894
2023-11-04T07:00:00Z,OTHER,BIOMASS,98.63937550756665,154
2023-11-04T07:00:00Z,OTHER,DUAL FUEL,13.8498329199685,20
2023-11-04T07:00:00Z,OTHER,GAS,2.199950933456421,10
2023-11-04T07:00:00Z,OTHER,GAS COGEN,22.704168791241116,58
2023-11-04T07:00:00Z,OTHER,OIL/GAS,42.76513320922851,53
2023-11-04T07:00:00Z,OTHER,WOOD/REFUSE,82.72778138187196,149
2023-11-04T07:00:00Z,SOLAR,SOLAR,0,1373
2023-11-04T07:00:00Z,WIND,WIND,1623.7591741461472,4150
2023-11-04T08:00:00Z,COAL,COAL,797.4526543850369,820
2023-11-04T08:00:00Z,DUAL FUEL,DUAL FUEL,464.94171493530274,466
2023-11-04T08:00:00Z,ENERGY STORAGE,ENERGY STORAGE,-4.678109883202446,130
2023-11-04T08:00:00Z,GAS,COGENERATION,3763.5579756649336,5235
2023-11-04T08:00:00Z,GAS,COMBINED CYCLE,1523.3341400077609,3010
2023-11-04T08:00:00Z,GAS,GAS FIRED STEAM,1167.0805846150715,2609
2023-11-04T08:00:00Z,GAS,SIMPLE CYCLE,127.84383000294368,959
2023-11-04T08:00:00Z,HYDRO,HYDRO,61.33887114481794,894
2023-11-04T08:00:00Z,OTHER,BIOMASS,97.9457815588845,154
2023-11-04T08:00:00Z,OTHER,DUAL FUEL,13.743832938936022,20
2023-11-04T08:00:00Z,OTHER,GAS,2.199950933456421,10
2023-11-04T08:00:00Z,OTHER,GAS COGEN,22.61945944362217,58
2023-11-04T08:00:00Z,OTHER,OIL/GAS,42.740209619734024,53
2023-11-04T08:00:00Z,OTHER,WOOD/REFUSE,81.47528764247895,149
2023-11-04T08:00:00Z,SOLAR,SOLAR,0,1373
2023-11-04T08:00:00Z,WIND,WIND,1476.60142873067,4150
2023-11-04T09:00:00Z,COAL,COAL,797.2484919060602,820
2023-11-04T09:00:00Z,DUAL FUEL,DUAL FUEL,464.8902157423231,466
2023-11-04T09:00:00Z,ENERGY STORAGE,ENERGY STORAGE,-4.9092769246631205,130
2023-11-04T09:00:00Z,GAS,COGENERATION,3765.2442942211364,5235
2023-11-04T09:00:00Z,GAS,COMBINED CYCLE,1534.4443551137713,3010
2023-11-04T09:00:00Z,GAS,GAS FIRED STEAM,1212.0778285302056,2609
2023-11-04T09:00:00Z,GAS,SIMPLE CYCLE,119.21821931772762,959
2023-11-04T09:00:00Z,HYDRO,HYDRO,104.90663171716862,894
2023-11-04T09:00:00Z,OTHER,BIOMASS,100.43638149897258,154
2023-11-04T09:00:00Z,OTHER,DUAL FUEL,13.78133307615916,20
2023-11-04T09:00:00Z,OTHER,GAS,2.199950933456421,10
2023-11-04T09:00:00Z,OTHER,GAS COGEN,22.411547094980875,58
2023-11-04T09:00:00Z,OTHER,OIL/GAS,42.4732492489285,53
2023-11-04T09:00:00Z,OTHER,WOOD/REFUSE,81.56921863714854,149
2023-11-04T09:00:00Z,SOLAR,SOLAR,0,1373
2023-11-04T09:00:00Z,WIND,WIND,1358.0234968404388,4150
2023-11-04T10:00:00Z,COAL,COAL,798.883211110433,820
2023-11-04T10:00:00Z,DUAL FUEL,DUAL FUEL,465.0819401041667,466
2023-11-04T10:00:00Z,ENERGY STORAGE,ENERGY STORAGE,-2.4118330245547823,130
2023-11-04T10:00:00Z,GAS,COGENERATION,3768.473691157235,5235
2023-11-04T10:00:00Z,GAS,COMBINED CYCLE,1523.5173266437318,3010
2023-11-04T10:00:00Z,GAS,GAS FIRED STEAM,1286.320991660224,2609
2023-11-04T10:00:00Z,GAS,SIMPLE CYCLE,146.07655161529777,959
2023-11-04T10:00:00Z,HYDRO,HYDRO,66.35011691030529,894
2023-11-04T10:00:00Z,OTHER,BIOMASS,106.84701230049133,154
2023-11-04T10:00:00Z,OTHER,DUAL FUEL,13.962333094808791,20
2023-11-04T10:00:00Z,OTHER,GAS,2.2638399137390985,10
2023-11-04T10:00:00Z,OTHER,GAS COGEN,22.627479236390855,58
2023-11-04T10:00:00Z,OTHER,OIL/GAS,42.88739947213067,53
2023-11-04T10:00:00Z,OTHER,WOOD/REFUSE,83.55141626463997,149
2023-11-04T10:00:00Z,SOLAR,SOLAR,0,1373
2023-11-04T10:00:00Z,WIND,WIND,1325.469263872496,4150
2023-11-04T11:00:00Z,COAL,COAL,798.3974325052898,820
2023-11-04T11:00:00Z,DUAL FUEL,DUAL FUEL,465.7857719930013,466
2023-11-04T11:00:00Z,ENERGY STORAGE,ENERGY STORAGE,-3.1426662683486937,130
2023-11-04T11:00:00Z,GAS,COGENERATION,3772.4115546867583,5235
2023-11-04T11:00:00Z,GAS,COMBINED CYCLE,1543.3622225136228,3010
2023-11-04T11:00:00Z,GAS,GAS FIRED STEAM,1295.5348330349393,2609
2023-11-04T11:00:00Z,GAS,SIMPLE CYCLE,149.78599661893315,959
2023-11-04T11:00:00Z,HYDRO,HYDRO,97.58686198638546,894
2023-11-04T11:00:00Z,OTHER,BIOMASS,109.20711919837528,154
2023-11-04T11:00:00Z,OTHER,DUAL FUEL,14.1763886668947,20
2023-11-04T11:00:00Z,OTHER,GAS,2.2999510765075684,10
2023-11-04T11:00:00Z,OTHER,GAS COGEN,22.6333725727929,58
2023-11-04T11:00:00Z,OTHER,OIL/GAS,42.14097218195597,53
2023-11-04T11:00:00Z,OTHER,WOOD/REFUSE,85.80477653238509,149
2023-11-04T11:00:00Z,SOLAR,SOLAR,0,1373
2023-11-04T11:00:00Z,WIND,WIND,1264.0551243661841,4150
2023-11-04T12:00:00Z,COAL,COAL,798.4010426839193,820
2023-11-04T12:00:00Z,DUAL FUEL,DUAL FUEL,465.7974379475912,466
2023-11-04T12:00:00Z,ENERGY STORAGE,ENERGY STORAGE,-1.6025000127156575,130
2023-11-04T12:00:00Z,GAS,COGENERATION,3771.9393631569546,5235
2023-11-04T12:00:00Z,GAS,COMBINED CYCLE,1527.2472965394127,3010
2023-11-04T12:00:00Z,GAS,GAS FIRED STEAM,1345.115196931627,2609
2023-11-04T12:00:00Z,GAS,SIMPLE CYCLE,223.04692411051857,959
2023-11-04T12:00:00Z,HYDRO,HYDRO,63.0916464200947,894
2023-11-04T12:00:00Z,OTHER,BIOMASS,123.34239399115245,154
2023-11-04T12:00:00Z,OTHER,DUAL FUEL,14.035832908948263,20
2023-11-04T12:00:00Z,OTHER,GAS,2.2999510765075684,10
2023-11-04T12:00:00Z,OTHER,GAS COGEN,22.58021952841017,58
2023-11-04T12:00:00Z,OTHER,OIL/GAS,42.399226097530786,53
2023-11-04T12:00:00Z,OTHER,WOOD/REFUSE,91.64784800900354,149
2023-11-04T12:00:00Z,SOLAR,SOLAR,0,1373
2023-11-04T12:00:00Z,WIND,WIND,1208.8032250562972,4150
2023-11-04T13:00:00Z,COAL,COAL,798.129932132297,820
2023-11-04T13:00:00Z,DUAL FUEL,DUAL FUEL,465.7848821004232,466
2023-11-04T13:00:00Z,ENERGY STORAGE,ENERGY STORAGE,0.040222318967183396,130
2023-11-04T13:00:00Z,GAS,COGENERATION,3762.676001988252,5235
2023-11-04T13:00:00Z,GAS,COMBINED CYCLE,1575.2477550760905,3010
2023-11-04T13:00:00Z,GAS,GAS FIRED STEAM,1249.6659861161975,2609
2023-11-04T13:00:00Z,GAS,SIMPLE CYCLE,235.24985443645053,959
2023-11-04T13:00:00Z,HYDRO,HYDRO,105.41963287610146,894
2023-11-04T13:00:00Z,OTHER,BIOMASS,117.51118615892197,154
2023-11-04T13:00:00Z,OTHER,DUAL FUEL,14.010222089555528,20
2023-11-04T13:00:00Z,OTHER,GAS,2.2999510765075684,10
2023-11-04T13:00:00Z,OTHER,GAS COGEN,22.55690685166253,58
2023-11-04T13:00:00Z,OTHER,OIL/GAS,42.62236518859864,53
2023-11-04T13:00:00Z,OTHER,WOOD/REFUSE,90.31783729712168,149
2023-11-04T13:00:00Z,SOLAR,SOLAR,0,1373
2023-11-04T13:00:00Z,WIND,WIND,1394.7359015536226,4150
2023-11-04T14:00:00Z,COAL,COAL,797.3089880201552,820
2023-11-04T14:00:00Z,DUAL FUEL,DUAL FUEL,465.6685506354438,466
2023-11-04T14:00:00Z,ENERGY STORAGE,ENERGY STORAGE,0.013444483015272339,130
2023-11-04T14:00:00Z,GAS,COGENERATION,3759.492828765445,5235
2023-11-04T14:00:00Z,GAS,COMBINED CYCLE,1668.8447630262376,3010
2023-11-04T14:00:00Z,GAS,GAS FIRED STEAM,1289.0599840884738,2609
2023-11-04T14:00:00Z,GAS,SIMPLE CYCLE,218.36623211420246,959
2023-11-04T14:00:00Z,HYDRO,HYDRO,115.06686382212573,894
2023-11-04T14:00:00Z,OTHER,BIOMASS,116.84050527095795,154
2023-11-04T14:00:00Z,OTHER,DUAL FUEL,14,20
2023-11-04T14:00:00Z,OTHER,GAS,2.2999510765075684,10
2023-11-04T14:00:00Z,OTHER,GAS COGEN,22.51524218983121,58
2023-11-04T14:00:00Z,OTHER,OIL/GAS,42.62964342329237,53
2023-11-04T14:00:00Z,OTHER,WOOD/REFUSE,89.56516399913365,149
2023-11-04T14:00:00Z,SOLAR,SOLAR,2.5583332779010135,1373
2023-11-04T14:00:00Z,WIND,WIND,1346.2257049751531,4150
2023-11-04T15:00:00Z,COAL,COAL,798.0107661268446,820
2023-11-04T15:00:00Z,DUAL FUEL,DUAL FUEL,465.58099421183266,466
2023-11-04T15:00:00Z,ENERGY STORAGE,ENERGY STORAGE,0.007611133257548,130
2023-11-04T15:00:00Z,GAS,COGENERATION,3759.8886480964557,5235
2023-11-04T15:00:00Z,GAS,COMBINED CYCLE,1674.8826370816762,3010
2023-11-04T15:00:00Z,GAS,GAS FIRED STEAM,1276.5997586652968,2609
2023-11-04T15:00:00Z,GAS,SIMPLE CYCLE,236.56208563917212,959
2023-11-04T15:00:00Z,HYDRO,HYDRO,101.85792419191864,894
2023-11-04T15:00:00Z,OTHER,BIOMASS,118.13344826486376,154
2023-11-04T15:00:00Z,OTHER,DUAL FUEL,13.97933289580875,20
2023-11-04T15:00:00Z,OTHER,GAS,2.2999510765075684,10
2023-11-04T15:00:00Z,OTHER,GAS COGEN,22.42206574016147,58
2023-11-04T15:00:00Z,OTHER,OIL/GAS,42.59434881210327,53
2023-11-04T15:00:00Z,OTHER,WOOD/REFUSE,92.7063498655955,149
2023-11-04T15:00:00Z,SOLAR,SOLAR,27.48733283708493,1373
2023-11-04T15:00:00Z,WIND,WIND,1515.5763012775446,4150
2023-11-04T16:00:00Z,COAL,COAL,797.369765133328,820
2023-11-04T16:00:00Z,DUAL FUEL,DUAL FUEL,465.5362713962131,466
2023-11-04T16:00:00Z,ENERGY STORAGE,ENERGY STORAGE,0.00133333788977728,130
2023-11-04T16:00:00Z,GAS,COGENERATION,3760.195528431204,5235
2023-11-04T16:00:00Z,GAS,COMBINED CYCLE,1677.982007191976,3010
2023-11-04T16:00:00Z,GAS,GAS FIRED STEAM,1152.5798654174805,2609
2023-11-04T16:00:00Z,GAS,SIMPLE CYCLE,203.62592385037078,959
2023-11-04T16:00:00Z,HYDRO,HYDRO,109.57974644162589,894
2023-11-04T16:00:00Z,OTHER,BIOMASS,110.85418321450551,154
2023-11-04T16:00:00Z,OTHER,DUAL FUEL,13.801888666682771,20
2023-11-04T16:00:00Z,OTHER,GAS,2.2999510765075684,10
2023-11-04T16:00:00Z,OTHER,GAS COGEN,22.51005732112461,58
2023-11-04T16:00:00Z,OTHER,OIL/GAS,41.98768785264757,53
2023-11-04T16:00:00Z,OTHER,WOOD/REFUSE,86.56908505439759,149
2023-11-04T16:00:00Z,SOLAR,SOLAR,50.11369741640157,1373
2023-11-04T16:00:00Z,WIND,WIND,1731.3698297757076,4150
2023-11-04T17:00:00Z,COAL,COAL,797.6684864128961,820
2023-11-04T17:00:00Z,DUAL FUEL,DUAL FUEL,465.5263823445638,466
2023-11-04T17:00:00Z,ENERGY STORAGE,ENERGY STORAGE,0.0017777845594618,130
2023-11-04T17:00:00Z,GAS,COGENERATION,3763.0026352625423,5235
2023-11-04T17:00:00Z,GAS,COMBINED CYCLE,1676.4369160811107,3010
2023-11-04T17:00:00Z,GAS,GAS FIRED STEAM,1174.5036117723253,2609
2023-11-04T17:00:00Z,GAS,SIMPLE CYCLE,193.9400900810957,959
2023-11-04T17:00:00Z,HYDRO,HYDRO,120.12659644181531,894
2023-11-04T17:00:00Z,OTHER,BIOMASS,110.06312131351895,154
2023-11-04T17:00:00Z,OTHER,DUAL FUEL,13.760943880511654,20
2023-11-04T17:00:00Z,OTHER,GAS,2.2999510765075684,10
2023-11-04T17:00:00Z,OTHER,GAS COGEN,22.586784440146552,58
2023-11-04T17:00:00Z,OTHER,OIL/GAS,42.14801606496175,53
2023-11-04T17:00:00Z,OTHER,WOOD/REFUSE,86.28390898333656,149
2023-11-04T17:00:00Z,SOLAR,SOLAR,84.77218911210696,1373
2023-11-04T17:00:00Z,WIND,WIND,1813.8028200296726,4150
2023-11-04T18:00:00Z,COAL,COAL,798.5690995958116,820
2023-11-04T18:00:00Z,DUAL FUEL,DUAL FUEL,465.5984933810764,466
2023-11-04T18:00:00Z,ENERGY STORAGE,ENERGY STORAGE,0.0023333385255601513,130
2023-11-04T18:00:00Z,GAS,COGENERATION,3772.3944938453037,5235
2023-11-04T18:00:00Z,GAS,COMBINED CYCLE,1683.8490400913026,3010
2023-11-04T18:00:00Z,GAS,GAS FIRED STEAM,1177.2323581356472,2609
2023-11-04T18:00:00Z,GAS,SIMPLE CYCLE,231.37197925875583,959
2023-11-04T18:00:00Z,HYDRO,HYDRO,107.53486936415234,894
2023-11-04T18:00:00Z,OTHER,BIOMASS,108.25173045900132,154
2023-11-04T18:00:00Z,OTHER,DUAL FUEL,13.72494436899821,20
2023-11-04T18:00:00Z,OTHER,GAS,2.2999510765075684,10
2023-11-04T18:00:00Z,OTHER,GAS COGEN,22.57704913987054,58
2023-11-04T18:00:00Z,OTHER,OIL/GAS,41.554948802524144,53
2023-11-04T18:00:00Z,OTHER,WOOD/REFUSE,86.78599101437462,149
2023-11-04T18:00:00Z,SOLAR,SOLAR,106.06921021256181,1373
2023-11-04T18:00:00Z,WIND,WIND,1802.8820543077422,4150
2023-11-04T19:00:00Z,COAL,COAL,796.1751567925347,820
2023-11-04T19:00:00Z,DUAL FUEL,DUAL FUEL,465.5026053704156,466
2023-11-04T19:00:00Z,ENERGY STORAGE,ENERGY STORAGE,0,130
2023-11-04T19:00:00Z,GAS,COGENERATION,3785.843886789216,5235
2023-11-04T19:00:00Z,GAS,COMBINED CYCLE,1660.2110283750958,3010
2023-11-04T19:00:00Z,GAS,GAS FIRED STEAM,963.4308314895629,2609
2023-11-04T19:00:00Z,GAS,SIMPLE CYCLE,182.79305254356728,959
2023-11-04T19:00:00Z,HYDRO,HYDRO,91.47562534405125,894
2023-11-04T19:00:00Z,OTHER,BIOMASS,107.74298488352034,154
2023-11-04T19:00:00Z,OTHER,DUAL FUEL,13.467722171677485,20
2023-11-04T19:00:00Z,OTHER,GAS,2.2999510765075684,10
2023-11-04T19:00:00Z,OTHER,GAS COGEN,22.630202169418336,58
2023-11-04T19:00:00Z,OTHER,OIL/GAS,41.281149546305336,53
2023-11-04T19:00:00Z,OTHER,WOOD/REFUSE,86.46963063134088,149
2023-11-04T19:00:00Z,SOLAR,SOLAR,120.7817972222964,1373
2023-11-04T19:00:00Z,WIND,WIND,2082.1728744267257,4150
2023-11-04T20:00:00Z,COAL,COAL,798.0635431416829,820
2023-11-04T20:00:00Z,DUAL FUEL,DUAL FUEL,465.59343695746526,466
2023-11-04T20:00:00Z,ENERGY STORAGE,ENERGY STORAGE,0.00205556074778238,130
2023-11-04T20:00:00Z,GAS,COGENERATION,3757.93334884829,5235
2023-11-04T20:00:00Z,GAS,COMBINED CYCLE,1670.9331433561113,3010
2023-11-04T20:00:00Z,GAS,GAS FIRED STEAM,940.0662762027316,2609
2023-11-04T20:00:00Z,GAS,SIMPLE CYCLE,155.23576637849212,959
2023-11-04T20:00:00Z,HYDRO,HYDRO,120.70014045220283,894
2023-11-04T20:00:00Z,OTHER,BIOMASS,108.49348726219601,154
2023-11-04T20:00:00Z,OTHER,DUAL FUEL,13.654832904603746,20
2023-11-04T20:00:00Z,OTHER,GAS,2.2999510765075684,10
2023-11-04T20:00:00Z,OTHER,GAS COGEN,22.651053071551853,58
2023-11-04T20:00:00Z,OTHER,OIL/GAS,41.749371687571205,53
2023-11-04T20:00:00Z,OTHER,WOOD/REFUSE,86.99106081114874,149
2023-11-04T20:00:00Z,SOLAR,SOLAR,113.8494466517369,1373
2023-11-04T20:00:00Z,WIND,WIND,2178.337489973704,4150
2023-11-04T21:00:00Z,COAL,COAL,797.5495994906955,820
2023-11-04T21:00:00Z,DUAL FUEL,DUAL FUEL,465.5195505269368,466
2023-11-04T21:00:00Z,ENERGY STORAGE,ENERGY STORAGE,-0.7194998571607801,130
2023-11-04T21:00:00Z,GAS,COGENERATION,3759.3879821570713,5235
2023-11-04T21:00:00Z,GAS,COMBINED CYCLE,1668.641422551473,3010
2023-11-04T21:00:00Z,GAS,GAS FIRED STEAM,1009.1697613228691,2609
2023-11-04T21:00:00Z,GAS,SIMPLE CYCLE,151.42377427313065,959
2023-11-04T21:00:00Z,HYDRO,HYDRO,132.3542791308628,894
2023-11-04T21:00:00Z,OTHER,BIOMASS,107.41965166197883,154
2023-11-04T21:00:00Z,OTHER,DUAL FUEL,13.671888500849406,20
2023-11-04T21:00:00Z,OTHER,GAS,2.2999510765075684,10
2023-11-04T21:00:00Z,OTHER,GAS COGEN,22.659072686301336,58
2023-11-04T21:00:00Z,OTHER,OIL/GAS,42.09348784764608,53
2023-11-04T21:00:00Z,OTHER,WOOD/REFUSE,86.68718024518755,149
2023-11-04T21:00:00Z,SOLAR,SOLAR,81.002789779173,1373
2023-11-04T21:00:00Z,WIND,WIND,2170.3902043679027,4150
2023-11-04T22:00:00Z,COAL,COAL,797.5289334954156,820
2023-11-04T22:00:00Z,DUAL FUEL,DUAL FUEL,465.5628268941243,466
2023-11-04T22:00:00Z,ENERGY STORAGE,ENERGY STORAGE,-0.7853329589631822,130
2023-11-04T22:00:00Z,GAS,COGENERATION,3826.7928750109672,5235
2023-11-04T22:00:00Z,GAS,COMBINED CYCLE,1660.901199859513,3010
2023-11-04T22:00:00Z,GAS,GAS FIRED STEAM,1072.1592316903009,2609
2023-11-04T22:00:00Z,GAS,SIMPLE CYCLE,176.61649656825594,959
2023-11-04T22:00:00Z,HYDRO,HYDRO,121.40946580573916,894
2023-11-04T22:00:00Z,OTHER,BIOMASS,107.27277937253317,154
2023-11-04T22:00:00Z,OTHER,DUAL FUEL,13.800000190734863,20
2023-11-04T22:00:00Z,OTHER,GAS,2.2999510765075684,10
2023-11-04T22:00:00Z,OTHER,GAS COGEN,22.6495609664917,58
2023-11-04T22:00:00Z,OTHER,OIL/GAS,41.61006476932102,53
2023-11-04T22:00:00Z,OTHER,WOOD/REFUSE,88.63080430083805,149
2023-11-04T22:00:00Z,SOLAR,SOLAR,51.68757778497206,1373
2023-11-04T22:00:00Z,WIND,WIND,2155.5901070619293,4150
2023-11-04T23:00:00Z,COAL,COAL,796.8585989379883,820
2023-11-04T23:00:00Z,DUAL FUEL,DUAL FUEL,465.49132656521266,466
2023-11-04T23:00:00Z,ENERGY STORAGE,ENERGY STORAGE,-1.4817222311761644,130
2023-11-04T23:00:00Z,GAS,COGENERATION,3828.943261737029,5235
2023-11-04T23:00:00Z,GAS,COMBINED CYCLE,1655.7768671358956,3010
2023-11-04T23:00:00Z,GAS,GAS FIRED STEAM,997.1007155778673,2609
2023-11-04T23:00:00Z,GAS,SIMPLE CYCLE,171.6562192217509,959
2023-11-04T23:00:00Z,HYDRO,HYDRO,111.70246780248152,894
2023-11-04T23:00:00Z,OTHER,BIOMASS,105.41569173759885,154
2023-11-04T23:00:00Z,OTHER,DUAL FUEL,13.800166857507492,20
2023-11-04T23:00:00Z,OTHER,GAS,2.2999510765075684,10
2023-11-04T23:00:00Z,OTHER,GAS COGEN,22.755270618862575,58
2023-11-04T23:00:00Z,OTHER,OIL/GAS,41.97922092649672,53
2023-11-04T23:00:00Z,OTHER,WOOD/REFUSE,89.11161550627814,149
2023-11-04T23:00:00Z,SOLAR,SOLAR,25.284888433035878,1373
2023-11-04T23:00:00Z,WIND,WIND,2215.6872928986945,4150
2023-11-05T00:00:00Z,COAL,COAL,797.3041024610732,820
2023-11-05T00:00:00Z,DUAL FUEL,DUAL FUEL,465.42421544392903,466
2023-11-05T00:00:00Z,ENERGY STORAGE,ENERGY STORAGE,-0.0026666768391927,130
2023-11-05T00:00:00Z,GAS,COGENERATION,3829.9398286798264,5235
2023-11-05T00:00:00Z,GAS,COMBINED CYCLE,1650.4727999046113,3010
2023-11-05T00:00:00Z,GAS,GAS FIRED STEAM,955.8122751914132,2609
2023-11-05T00:00:00Z,GAS,SIMPLE CYCLE,170.0924967426724,959
2023-11-05T00:00:00Z,HYDRO,HYDRO,103.73903332038059,894
2023-11-05T00:00:00Z,OTHER,BIOMASS,106.10492472224766,154
2023-11-05T00:00:00Z,OTHER,DUAL FUEL,13.803333526187473,20
2023-11-05T00:00:00Z,OTHER,GAS,2.2999510765075684,10
2023-11-05T00:00:00Z,OTHER,GAS COGEN,22.771906684239703,58
2023-11-05T00:00:00Z,OTHER,OIL/GAS,42.43387132856581,53
2023-11-05T00:00:00Z,OTHER,WOOD/REFUSE,89.2548033036126,149
2023-11-05T00:00:00Z,SOLAR,SOLAR,0,1373
2023-11-05T00:00:00Z,WIND,WIND,2434.223581695689,4150
2023-11-05T01:00:00Z,COAL,COAL,797.6403210449218,820
2023-11-05T01:00:00Z,DUAL FUEL,DUAL FUEL,465.5784376356337,466
2023-11-05T01:00:00Z,ENERGY STORAGE,ENERGY STORAGE,-0.9939441585540771,130
2023-11-05T01:00:00Z,GAS,COGENERATION,3772.1809986453586,5235
2023-11-05T01:00:00Z,GAS,COMBINED CYCLE,1555.1487393596437,3010
2023-11-05T01:00:00Z,GAS,GAS FIRED STEAM,809.305276175605,2609
2023-11-05T01:00:00Z,GAS,SIMPLE CYCLE,171.18399672826132,959
2023-11-05T01:00:00Z,HYDRO,HYDRO,110.79210466676288,894
2023-11-05T01:00:00Z,OTHER,BIOMASS,103.19539302825928,154
2023-11-05T01:00:00Z,OTHER,DUAL FUEL,13.800000190734863,20
2023-11-05T01:00:00Z,OTHER,GAS,2.2999510765075684,10
2023-11-05T01:00:00Z,OTHER,GAS COGEN,22.38319877412584,58
2023-11-05T01:00:00Z,OTHER,OIL/GAS,42.59700400246514,53
2023-11-05T01:00:00Z,OTHER,WOOD/REFUSE,89.42580131106907,149
2023-11-05T01:00:00Z,SOLAR,SOLAR,0,1373
2023-11-05T01:00:00Z,WIND,WIND,2634.2415116733973,4150
2023-11-05T02:00:00Z,COAL,COAL,797.8907661777073,820
2023-11-05T02:00:00Z,DUAL FUEL,DUAL FUEL,465.6845503234863,466
2023-11-05T02:00:00Z,ENERGY STORAGE,ENERGY STORAGE,-4.6298874770270455,130
2023-11-05T02:00:00Z,GAS,COGENERATION,3793.2187166990175,5235
2023-11-05T02:00:00Z,GAS,COMBINED CYCLE,1553.0957131942114,3010
2023-11-05T02:00:00Z,GAS,GAS FIRED STEAM,825.5448888100518,2609
2023-11-05T02:00:00Z,GAS,SIMPLE CYCLE,118.58005249046616,959
2023-11-05T02:00:00Z,HYDRO,HYDRO,138.76618905842304,894
2023-11-05T02:00:00Z,OTHER,BIOMASS,103.79026687833998,154
2023-11-05T02:00:00Z,OTHER,DUAL FUEL,13.800000190734863,20
2023-11-05T02:00:00Z,OTHER,GAS,2.2999510765075684,10
2023-11-05T02:00:00Z,OTHER,GAS COGEN,22.577645721435548,58
2023-11-05T02:00:00Z,OTHER,OIL/GAS,42.749581538306344,53
2023-11-05T02:00:00Z,OTHER,WOOD/REFUSE,89.6039586883121,149
2023-11-05T02:00:00Z,SOLAR,SOLAR,0,1373
2023-11-05T02:00:00Z,WIND,WIND,2479.907438782189,4150
2023-11-05T03:00:00Z,COAL,COAL,797.5970983547635,820
2023-11-05T03:00:00Z,DUAL FUEL,DUAL FUEL,465.6387727355957,466
2023-11-05T03:00:00Z,ENERGY STORAGE,ENERGY STORAGE,-4.61988744629754,130
2023-11-05T03:00:00Z,GAS,COGENERATION,3779.517243651549,5235
2023-11-05T03:00:00Z,GAS,COMBINED CYCLE,1493.7757424460517,3010
2023-11-05T03:00:00Z,GAS,GAS FIRED STEAM,836.7809928682115,2609
2023-11-05T03:00:00Z,GAS,SIMPLE CYCLE,115.46827475441827,959
2023-11-05T03:00:00Z,HYDRO,HYDRO,125.06247661835617,894
2023-11-05T03:00:00Z,OTHER,BIOMASS,104.47637961811489,154
2023-11-05T03:00:00Z,OTHER,DUAL FUEL,13.777333120240106,20
2023-11-05T03:00:00Z,OTHER,GAS,2.2999510765075684,10
2023-11-05T03:00:00Z,OTHER,GAS COGEN,22.65631236076355,58
2023-11-05T03:00:00Z,OTHER,OIL/GAS,42.80460915883382,53
2023-11-05T03:00:00Z,OTHER,WOOD/REFUSE,89.57674333784315,149
2023-11-05T03:00:00Z,SOLAR,SOLAR,0,1373
2023-11-05T03:00:00Z,WIND,WIND,2426.185991304186,4150
2023-11-05T04:00:00Z,COAL,COAL,797.4399345058864,820
2023-11-05T04:00:00Z,DUAL FUEL,DUAL FUEL,465.6732160949707,466
2023-11-05T04:00:00Z,ENERGY STORAGE,ENERGY STORAGE,-4.210554672876994,130
2023-11-05T04:00:00Z,GAS,COGENERATION,3743.167350198693,5235
2023-11-05T04:00:00Z,GAS,COMBINED CYCLE,1455.5591449122958,3010
2023-11-05T04:00:00Z,GAS,GAS FIRED STEAM,779.0470504760742,2609
2023-11-05T04:00:00Z,GAS,SIMPLE CYCLE,40.80488727188772,959
2023-11-05T04:00:00Z,HYDRO,HYDRO,91.23982457081476,894
2023-11-05T04:00:00Z,OTHER,BIOMASS,106.23579840925005,154
2023-11-05T04:00:00Z,OTHER,DUAL FUEL,13.803833526505365,20
2023-11-05T04:00:00Z,OTHER,GAS,2.2999510765075684,10
2023-11-05T04:00:00Z,OTHER,GAS COGEN,22.683616327709625,58
2023-11-05T04:00:00Z,OTHER,OIL/GAS,43.00861016167535,53
2023-11-05T04:00:00Z,OTHER,WOOD/REFUSE,89.89858864837223,149
2023-11-05T04:00:00Z,SOLAR,SOLAR,0,1373
2023-11-05T04:00:00Z,WIND,WIND,2456.7480384337073,4150
2023-11-05T05:00:00Z,COAL,COAL,798.1339870198568,820
2023-11-05T05:00:00Z,DUAL FUEL,DUAL FUEL,465.5512151421441,466
2023-11-05T05:00:00Z,ENERGY STORAGE,ENERGY STORAGE,-3.3113881248897976,130
2023-11-05T05:00:00Z,GAS,COGENERATION,3660.850669681231,5235
2023-11-05T05:00:00Z,GAS,COMBINED CYCLE,1420.7031618171268,3010
2023-11-05T05:00:00Z,GAS,GAS FIRED STEAM,792.7780700725979,2609
2023-11-05T05:00:00Z,GAS,SIMPLE CYCLE,31.36699852042728,959
2023-11-05T05:00:00Z,HYDRO,HYDRO,69.37608214286466,894
2023-11-05T05:00:00Z,OTHER,BIOMASS,105.65349973095788,154
2023-11-05T05:00:00Z,OTHER,DUAL FUEL,13.800000190734863,20
2023-11-05T05:00:00Z,OTHER,GAS,2.2999510765075684,10
2023-11-05T05:00:00Z,OTHER,GAS COGEN,22.746952588823103,58
2023-11-05T05:00:00Z,OTHER,OIL/GAS,42.830454398261175,53
2023-11-05T05:00:00Z,OTHER,WOOD/REFUSE,89.52737726635404,149
2023-11-05T05:00:00Z,SOLAR,SOLAR,0,1373
2023-11-05T05:00:00Z,WIND,WIND,2477.94112651416,4150
2023-11-05T06:00:00Z,COAL,COAL,798.3192671712239,820
2023-11-05T06:00:00Z,DUAL FUEL,DUAL FUEL,415.2894955952962,466
2023-11-05T06:00:00Z,ENERGY STORAGE,ENERGY STORAGE,-1.8336106257968479,130
2023-11-05T06:00:00Z,GAS,COGENERATION,3759.601966847049,5235
2023-11-05T06:00:00Z,GAS,COMBINED CYCLE,1440.3967425457636,3010
2023-11-05T06:00:00Z,GAS,GAS FIRED STEAM,790.7201919258965,2609
2023-11-05T06:00:00Z,GAS,SIMPLE CYCLE,31.284998440212675,959
2023-11-05T06:00:00Z,HYDRO,HYDRO,75.69147395769755,894
2023-11-05T06:00:00Z,OTHER,BIOMASS,103.47907645808326,154
2023-11-05T06:00:00Z,OTHER,DUAL FUEL,13.814833533498977,20
2023-11-05T06:00:00Z,OTHER,GAS,2.2999510765075684,10
2023-11-05T06:00:00Z,OTHER,GAS COGEN,22.690031932195023,58
2023-11-05T06:00:00Z,OTHER,OIL/GAS,42.88862668355306,53
2023-11-05T06:00:00Z,OTHER,WOOD/REFUSE,89.58671723789638,149
2023-11-05T06:00:00Z,SOLAR,SOLAR,0,1373
2023-11-05T06:00:00Z,WIND,WIND,2480.8511032632655,4150
2023-11-05T07:00:00Z,COAL,COAL,797.594488796658,820
2023-11-05T07:00:00Z,DUAL FUEL,DUAL FUEL,370.60093843248154,466
2023-11-05T07:00:00Z,ENERGY STORAGE,ENERGY STORAGE,0.01461116154988606,130
2023-11-05T07:00:00Z,GAS,COGENERATION,3770.1432520982953,5235
2023-11-05T07:00:00Z,GAS,COMBINED CYCLE,1518.9619503423903,3010
2023-11-05T07:00:00Z,GAS,GAS FIRED STEAM,934.9830153571236,2609
2023-11-05T07:00:00Z,GAS,SIMPLE CYCLE,31.26116504881117,959
2023-11-05T07:00:00Z,HYDRO,HYDRO,77.30045684794585,894
2023-11-05T07:00:00Z,OTHER,BIOMASS,105.49275178591411,154
2023-11-05T07:00:00Z,OTHER,DUAL FUEL,13.841611239645216,20
2023-11-05T07:00:00Z,OTHER,GAS,2.2999510765075684,10
2023-11-05T07:00:00Z,OTHER,GAS COGEN,22.663548766242133,58
2023-11-05T07:00:00Z,OTHER,OIL/GAS,43.38596572875976,53
2023-11-05T07:00:00Z,OTHER,WOOD/REFUSE,89.88840539985233,149
2023-11-05T07:00:00Z,SOLAR,SOLAR,0,1373
2023-11-05T07:00:00Z,WIND,WIND,2519.2098096746868,4150
2023-11-05T08:00:00Z,COAL,COAL,798.005322672526,820
2023-11-05T08:00:00Z,DUAL FUEL,DUAL FUEL,370.62554863823783,466
2023-11-05T08:00:00Z,ENERGY STORAGE,ENERGY STORAGE,5.5555767483181e-4,130
2023-11-05T08:00:00Z,GAS,COGENERATION,3766.7474999165534,5235
2023-11-05T08:00:00Z,GAS,COMBINED CYCLE,1505.4680920033984,3010
2023-11-05T08:00:00Z,GAS,GAS FIRED STEAM,853.6784831661647,2609
2023-11-05T08:00:00Z,GAS,SIMPLE CYCLE,31.275831678178577,959
2023-11-05T08:00:00Z,HYDRO,HYDRO,103.68948813274503,894
2023-11-05T08:00:00Z,OTHER,BIOMASS,105.30140279399025,154
2023-11-05T08:00:00Z,OTHER,DUAL FUEL,13.861555631425643,20
2023-11-05T08:00:00Z,OTHER,GAS,2.2999510765075684,10
2023-11-05T08:00:00Z,OTHER,GAS COGEN,22.62796403355069,58
2023-11-05T08:00:00Z,OTHER,OIL/GAS,43.02099906285604,53
2023-11-05T08:00:00Z,OTHER,WOOD/REFUSE,89.58426453590393,149
2023-11-05T08:00:00Z,SOLAR,SOLAR,0,1373
2023-11-05T08:00:00Z,WIND,WIND,2473.038384723266,4150
2023-11-05T09:00:00Z,COAL,COAL,799.1522662523057,820
2023-11-05T09:00:00Z,DUAL FUEL,DUAL FUEL,370.6051609802246,466
2023-11-05T09:00:00Z,ENERGY STORAGE,ENERGY STORAGE,0.0057222376929389,130
2023-11-05T09:00:00Z,GAS,COGENERATION,3767.500261048211,5235
2023-11-05T09:00:00Z,GAS,COMBINED CYCLE,1444.347559270329,3010
2023-11-05T09:00:00Z,GAS,GAS FIRED STEAM,807.2573529137505,2609
2023-11-05T09:00:00Z,GAS,SIMPLE CYCLE,31.18649857203166,959
2023-11-05T09:00:00Z,HYDRO,HYDRO,71.44521768651074,894
2023-11-05T09:00:00Z,OTHER,BIOMASS,104.81318799654643,154
2023-11-05T09:00:00Z,OTHER,DUAL FUEL,13.835111278957791,20
2023-11-05T09:00:00Z,OTHER,GAS,2.234006521569358,10
2023-11-05T09:00:00Z,OTHER,GAS COGEN,22.60524804221259,58
2023-11-05T09:00:00Z,OTHER,OIL/GAS,43.294099216461184,53
2023-11-05T09:00:00Z,OTHER,WOOD/REFUSE,89.47563259018793,149
2023-11-05T09:00:00Z,SOLAR,SOLAR,0,1373
2023-11-05T09:00:00Z,WIND,WIND,2581.4179887759688,4150
2023-11-05T10:00:00Z,COAL,COAL,797.1083760240342,820
2023-11-05T10:00:00Z,DUAL FUEL,DUAL FUEL,370.571160413954,466
2023-11-05T10:00:00Z,ENERGY STORAGE,ENERGY STORAGE,0.01727782567342121,130
2023-11-05T10:00:00Z,GAS,COGENERATION,3773.0301933103137,5235
2023-11-05T10:00:00Z,GAS,COMBINED CYCLE,1518.0921698813968,3010
2023-11-05T10:00:00Z,GAS,GAS FIRED STEAM,791.2821626112196,2609
2023-11-05T10:00:00Z,GAS,SIMPLE CYCLE,31.250998429192435,959
2023-11-05T10:00:00Z,HYDRO,HYDRO,77.25975967956913,894
2023-11-05T10:00:00Z,OTHER,BIOMASS,105.10624882804022,154
2023-11-05T10:00:00Z,OTHER,DUAL FUEL,13.887666912078858,20
2023-11-05T10:00:00Z,OTHER,GAS,2.199950933456421,10
2023-11-05T10:00:00Z,OTHER,GAS COGEN,22.622853882047867,58
2023-11-05T10:00:00Z,OTHER,OIL/GAS,43.29233228895399,53
2023-11-05T10:00:00Z,OTHER,WOOD/REFUSE,90.37837387031979,149
2023-11-05T10:00:00Z,SOLAR,SOLAR,0,1373
2023-11-05T10:00:00Z,WIND,WIND,2585.682346316543,4150
2023-11-05T11:00:00Z,COAL,COAL,798.4288216993543,820
2023-11-05T11:00:00Z,DUAL FUEL,DUAL FUEL,370.56977145724824,466
2023-11-05T11:00:00Z,ENERGY STORAGE,ENERGY STORAGE,0.00383334689670138,130
2023-11-05T11:00:00Z,GAS,COGENERATION,3771.458091386689,5235
2023-11-05T11:00:00Z,GAS,COMBINED CYCLE,1527.9337431086435,3010
2023-11-05T11:00:00Z,GAS,GAS FIRED STEAM,858.8214227082995,2609
2023-11-05T11:00:00Z,GAS,SIMPLE CYCLE,31.483832102881536,959
2023-11-05T11:00:00Z,HYDRO,HYDRO,79.42574098532398,894
2023-11-05T11:00:00Z,OTHER,BIOMASS,106.4390735191769,154
2023-11-05T11:00:00Z,OTHER,DUAL FUEL,13.882833508915372,20
2023-11-05T11:00:00Z,OTHER,GAS,2.199950933456421,10
2023-11-05T11:00:00Z,OTHER,GAS COGEN,22.63650589413113,58
2023-11-05T11:00:00Z,OTHER,OIL/GAS,43.35447114308675,53
2023-11-05T11:00:00Z,OTHER,WOOD/REFUSE,90.71697043736776,149
2023-11-05T11:00:00Z,SOLAR,SOLAR,0,1373
2023-11-05T11:00:00Z,WIND,WIND,2520.3651509941783,4150
2023-11-05T12:00:00Z,COAL,COAL,798.1969334072537,820
2023-11-05T12:00:00Z,DUAL FUEL,DUAL FUEL,370.5618279859754,466
2023-11-05T12:00:00Z,ENERGY STORAGE,ENERGY STORAGE,0.00811114152272542,130
2023-11-05T12:00:00Z,GAS,COGENERATION,3776.872275484138,5235
2023-11-05T12:00:00Z,GAS,COMBINED CYCLE,1534.4691179058286,3010
2023-11-05T12:00:00Z,GAS,GAS FIRED STEAM,1015.860369322035,2609
2023-11-05T12:00:00Z,GAS,SIMPLE CYCLE,31.52183200624254,959
2023-11-05T12:00:00Z,HYDRO,HYDRO,99.8263759968347,894
2023-11-05T12:00:00Z,OTHER,BIOMASS,106.74646805657281,154
2023-11-05T12:00:00Z,OTHER,DUAL FUEL,14.098000308672589,20
2023-11-05T12:00:00Z,OTHER,GAS,2.199950933456421,10
2023-11-05T12:00:00Z,OTHER,GAS COGEN,22.622742048899333,58
2023-11-05T12:00:00Z,OTHER,OIL/GAS,42.74282711452908,53
2023-11-05T12:00:00Z,OTHER,WOOD/REFUSE,90.5390184492535,149
2023-11-05T12:00:00Z,SOLAR,SOLAR,0,1373
2023-11-05T12:00:00Z,WIND,WIND,2385.469938000457,4150
2023-11-05T13:00:00Z,COAL,COAL,798.5009315660265,820
2023-11-05T13:00:00Z,DUAL FUEL,DUAL FUEL,370.57238338894314,466
2023-11-05T13:00:00Z,ENERGY STORAGE,ENERGY STORAGE,0.01800004694196911,130
2023-11-05T13:00:00Z,GAS,COGENERATION,3780.366703890165,5235
2023-11-05T13:00:00Z,GAS,COMBINED CYCLE,1529.0669413195717,3010
2023-11-05T13:00:00Z,GAS,GAS FIRED STEAM,1003.2309560690986,2609
2023-11-05T13:00:00Z,GAS,SIMPLE CYCLE,66.25466524263223,959
2023-11-05T13:00:00Z,HYDRO,HYDRO,72.23960318224297,894
2023-11-05T13:00:00Z,OTHER,BIOMASS,107.75540960099963,154
2023-11-05T13:00:00Z,OTHER,DUAL FUEL,14.043833667437235,20
2023-11-05T13:00:00Z,OTHER,GAS,2.199950933456421,10
2023-11-05T13:00:00Z,OTHER,GAS COGEN,23.020513922373453,58
2023-11-05T13:00:00Z,OTHER,OIL/GAS,43.50698220570882,53
2023-11-05T13:00:00Z,OTHER,WOOD/REFUSE,89.90705422984229,149
2023-11-05T13:00:00Z,SOLAR,SOLAR,0,1373
2023-11-05T13:00:00Z,WIND,WIND,2264.19350851511,4150
2023-11-05T14:00:00Z,COAL,COAL,798.246321750217,820
2023-11-05T14:00:00Z,DUAL FUEL,DUAL FUEL,370.5387162272136,466
2023-11-05T14:00:00Z,ENERGY STORAGE,ENERGY STORAGE,0.07638907856411403,130
2023-11-05T14:00:00Z,GAS,COGENERATION,3783.8105766227513,5235
2023-11-05T14:00:00Z,GAS,COMBINED CYCLE,1602.2331853034761,3010
2023-11-05T14:00:00Z,GAS,GAS FIRED STEAM,1084.7313307401869,2609
2023-11-05T14:00:00Z,GAS,SIMPLE CYCLE,71.06281821628411,959
2023-11-05T14:00:00Z,HYDRO,HYDRO,109.4239699521578,894
2023-11-05T14:00:00Z,OTHER,BIOMASS,106.31357075691223,154
2023-11-05T14:00:00Z,OTHER,DUAL FUEL,14.093499542872111,20
2023-11-05T14:00:00Z,OTHER,GAS,2.199950933456421,10
2023-11-05T14:00:00Z,OTHER,GAS COGEN,23.145619803534615,58
2023-11-05T14:00:00Z,OTHER,OIL/GAS,43.38950968424479,53
2023-11-05T14:00:00Z,OTHER,WOOD/REFUSE,90.65348683569167,149
2023-11-05T14:00:00Z,SOLAR,SOLAR,0.6466666523781087,1373
2023-11-05T14:00:00Z,WIND,WIND,2177.994519163544,4150
2023-11-05T15:00:00Z,COAL,COAL,797.9567102050781,820
2023-11-05T15:00:00Z,DUAL FUEL,DUAL FUEL,370.36771543714735,466
2023-11-05T15:00:00Z,ENERGY STORAGE,ENERGY STORAGE,0.00383333683013913,130
2023-11-05T15:00:00Z,GAS,COGENERATION,3776.7686702786555,5235
2023-11-05T15:00:00Z,GAS,COMBINED CYCLE,1621.6845020246506,3010
2023-11-05T15:00:00Z,GAS,GAS FIRED STEAM,1274.2585195244683,2609
2023-11-05T15:00:00Z,GAS,SIMPLE CYCLE,117.0378861477971,959
2023-11-05T15:00:00Z,HYDRO,HYDRO,118.0613269741171,894
2023-11-05T15:00:00Z,OTHER,BIOMASS,104.41903778817918,154
2023-11-05T15:00:00Z,OTHER,DUAL FUEL,14.03216658645206,20
2023-11-05T15:00:00Z,OTHER,GAS,2.199950933456421,10
2023-11-05T15:00:00Z,OTHER,GAS COGEN,23.135436819924248,58
2023-11-05T15:00:00Z,OTHER,OIL/GAS,43.254310578240286,53
2023-11-05T15:00:00Z,OTHER,WOOD/REFUSE,91.58079366789924,149
2023-11-05T15:00:00Z,SOLAR,SOLAR,44.58944344144729,1373
2023-11-05T15:00:00Z,WIND,WIND,2085.6236710458993,4150
2023-11-05T16:00:00Z,COAL,COAL,797.8442091539172,820
2023-11-05T16:00:00Z,DUAL FUEL,DUAL FUEL,370.49171578301326,466
2023-11-05T16:00:00Z,ENERGY STORAGE,ENERGY STORAGE,0.00538890467749701,130
2023-11-05T16:00:00Z,GAS,COGENERATION,3767.2988710620666,5235
2023-11-05T16:00:00Z,GAS,COMBINED CYCLE,1676.4818607001835,3010
2023-11-05T16:00:00Z,GAS,GAS FIRED STEAM,1303.6672445085314,2609
2023-11-05T16:00:00Z,GAS,SIMPLE CYCLE,120.99183040618897,959
2023-11-05T16:00:00Z,HYDRO,HYDRO,107.52880464997557,894
2023-11-05T16:00:00Z,OTHER,BIOMASS,104.92295745319791,154
2023-11-05T16:00:00Z,OTHER,DUAL FUEL,13.884500225914849,20
2023-11-05T16:00:00Z,OTHER,GAS,2.199950933456421,10
2023-11-05T16:00:00Z,OTHER,GAS COGEN,23.06907897207472,58
2023-11-05T16:00:00Z,OTHER,OIL/GAS,42.40664263831245,53
2023-11-05T16:00:00Z,OTHER,WOOD/REFUSE,91.91748951329126,149
2023-11-05T16:00:00Z,SOLAR,SOLAR,158.11795712706115,1373
2023-11-05T16:00:00Z,WIND,WIND,1988.5263964984483,4150
2023-11-05T17:00:00Z,COAL,COAL,797.9095456441244,820
2023-11-05T17:00:00Z,DUAL FUEL,DUAL FUEL,370.4532161797418,466
2023-11-05T17:00:00Z,ENERGY STORAGE,ENERGY STORAGE,3.8889037238226e-4,130
2023-11-05T17:00:00Z,GAS,COGENERATION,3795.206214349535,5235
2023-11-05T17:00:00Z,GAS,COMBINED CYCLE,1665.2077600071166,3010
2023-11-05T17:00:00Z,GAS,GAS FIRED STEAM,984.5743283123439,2609
2023-11-05T17:00:00Z,GAS,SIMPLE CYCLE,65.86738654341963,959
2023-11-05T17:00:00Z,HYDRO,HYDRO,104.86783144641254,894
2023-11-05T17:00:00Z,OTHER,BIOMASS,107.87972956180573,154
2023-11-05T17:00:00Z,OTHER,DUAL FUEL,13.688333453072442,20
2023-11-05T17:00:00Z,OTHER,GAS,2.2427287724283005,10
2023-11-05T17:00:00Z,OTHER,GAS COGEN,23.16068911658393,58
2023-11-05T17:00:00Z,OTHER,OIL/GAS,38.10754908031888,53
2023-11-05T17:00:00Z,OTHER,WOOD/REFUSE,88.60161087618934,149
2023-11-05T17:00:00Z,SOLAR,SOLAR,231.471467689938,1373
2023-11-05T17:00:00Z,WIND,WIND,1921.997867848633,4150
2023-11-05T18:00:00Z,COAL,COAL,798.1200999450684,820
2023-11-05T18:00:00Z,DUAL FUEL,DUAL FUEL,421.8382721794976,466
2023-11-05T18:00:00Z,ENERGY STORAGE,ENERGY STORAGE,0.00427779409620497,130
2023-11-05T18:00:00Z,GAS,COGENERATION,3768.507250162231,5235
2023-11-05T18:00:00Z,GAS,COMBINED CYCLE,1545.9291533178753,3010
2023-11-05T18:00:00Z,GAS,GAS FIRED STEAM,824.0679167811076,2609
2023-11-05T18:00:00Z,GAS,SIMPLE CYCLE,46.44771698110633,959
2023-11-05T18:00:00Z,HYDRO,HYDRO,111.28588532553779,894
2023-11-05T18:00:00Z,OTHER,BIOMASS,107.31877155833774,154
2023-11-05T18:00:00Z,OTHER,DUAL FUEL,13.578110716607837,20
2023-11-05T18:00:00Z,OTHER,GAS,2.232173193825616,10
2023-11-05T18:00:00Z,OTHER,GAS COGEN,23.201943316989475,58
2023-11-05T18:00:00Z,OTHER,OIL/GAS,37.183388532002766,53
2023-11-05T18:00:00Z,OTHER,WOOD/REFUSE,88.67129379590352,149
2023-11-05T18:00:00Z,SOLAR,SOLAR,328.8752115149299,1373
2023-11-05T18:00:00Z,WIND,WIND,2002.5176484249284,4150
2023-11-05T19:00:00Z,COAL,COAL,798.0867083231608,820
2023-11-05T19:00:00Z,DUAL FUEL,DUAL FUEL,465.157104695638,466
2023-11-05T19:00:00Z,ENERGY STORAGE,ENERGY STORAGE,-0.516110921965705,130
2023-11-05T19:00:00Z,GAS,COGENERATION,3806.5341836277644,5235
2023-11-05T19:00:00Z,GAS,COMBINED CYCLE,1526.1023279937108,3010
2023-11-05T19:00:00Z,GAS,GAS FIRED STEAM,769.8695088195801,2609
2023-11-05T19:00:00Z,GAS,SIMPLE CYCLE,31.350165696077877,959
2023-11-05T19:00:00Z,HYDRO,HYDRO,111.58308265076742,894
2023-11-05T19:00:00Z,OTHER,BIOMASS,106.53141960991753,154
2023-11-05T19:00:00Z,OTHER,DUAL FUEL,13.355444051954482,20
2023-11-05T19:00:00Z,OTHER,GAS,2.727062079111735,10
2023-11-05T19:00:00Z,OTHER,GAS COGEN,23.143642818662855,58
2023-11-05T19:00:00Z,OTHER,OIL/GAS,39.07067749659221,53
2023-11-05T19:00:00Z,OTHER,WOOD/REFUSE,87.29135860496096,149
2023-11-05T19:00:00Z,SOLAR,SOLAR,429.96542535616294,1373
2023-11-05T19:00:00Z,WIND,WIND,1959.4943271744003,4150
2023-11-05T20:00:00Z,COAL,COAL,794.7146552700467,820
2023-11-05T20:00:00Z,DUAL FUEL,DUAL FUEL,464.86460539076063,466
2023-11-05T20:00:00Z,ENERGY STORAGE,ENERGY STORAGE,-0.9354997571309407,130
2023-11-05T20:00:00Z,GAS,COGENERATION,3786.616981007523,5235
2023-11-05T20:00:00Z,GAS,COMBINED CYCLE,1494.2799955097835,3010
2023-11-05T20:00:00Z,GAS,GAS FIRED STEAM,710.2504407501222,2609
2023-11-05T20:00:00Z,GAS,SIMPLE CYCLE,31.016832195917765,959
2023-11-05T20:00:00Z,HYDRO,HYDRO,108.17401279979282,894
2023-11-05T20:00:00Z,OTHER,BIOMASS,105.0773857418696,154
2023-11-05T20:00:00Z,OTHER,DUAL FUEL,13.22055564986335,20
2023-11-05T20:00:00Z,OTHER,GAS,2.8490620940261415,10
2023-11-05T20:00:00Z,OTHER,GAS COGEN,23.003542217678493,58
2023-11-05T20:00:00Z,OTHER,OIL/GAS,40.37641503863865,53
2023-11-05T20:00:00Z,OTHER,WOOD/REFUSE,87.46799210018582,149
2023-11-05T20:00:00Z,SOLAR,SOLAR,376.7657911517885,1373
2023-11-05T20:00:00Z,WIND,WIND,2022.9286719390088,4150
2023-11-05T21:00:00Z,COAL,COAL,797.4086554294163,820
2023-11-05T21:00:00Z,DUAL FUEL,DUAL FUEL,464.97538113064235,466
2023-11-05T21:00:00Z,ENERGY STORAGE,ENERGY STORAGE,-0.9505553669399684,130
2023-11-05T21:00:00Z,GAS,COGENERATION,3779.6484219670297,5235
2023-11-05T21:00:00Z,GAS,COMBINED CYCLE,1492.9594059827593,3010
2023-11-05T21:00:00Z,GAS,GAS FIRED STEAM,749.7148157585991,2609
2023-11-05T21:00:00Z,GAS,SIMPLE CYCLE,64.04094216783841,959
2023-11-05T21:00:00Z,HYDRO,HYDRO,124.43022530034185,894
2023-11-05T21:00:00Z,OTHER,BIOMASS,107.41896341111925,154
2023-11-05T21:00:00Z,OTHER,DUAL FUEL,13.13299982653724,20
2023-11-05T21:00:00Z,OTHER,GAS,2.9066177050272626,10
2023-11-05T21:00:00Z,OTHER,GAS COGEN,23.05367396142748,58
2023-11-05T21:00:00Z,OTHER,OIL/GAS,42.14395529852973,53
2023-11-05T21:00:00Z,OTHER,WOOD/REFUSE,86.52266722891066,149
2023-11-05T21:00:00Z,SOLAR,SOLAR,287.88489979181026,1373
2023-11-05T21:00:00Z,WIND,WIND,1947.468524853372,4150
2023-11-05T22:00:00Z,COAL,COAL,797.4591007147894,820
2023-11-05T22:00:00Z,DUAL FUEL,DUAL FUEL,465.051993882921,466
2023-11-05T22:00:00Z,ENERGY STORAGE,ENERGY STORAGE,-1.6973330937491522,130
2023-11-05T22:00:00Z,GAS,COGENERATION,3827.440905134148,5235
2023-11-05T22:00:00Z,GAS,COMBINED CYCLE,1573.5470450517867,3010
2023-11-05T22:00:00Z,GAS,GAS FIRED STEAM,907.9469690407648,2609
2023-11-05T22:00:00Z,GAS,SIMPLE CYCLE,68.48694215175178,959
2023-11-05T22:00:00Z,HYDRO,HYDRO,144.08911015272142,894
2023-11-05T22:00:00Z,OTHER,BIOMASS,107.75519233014847,154
2023-11-05T22:00:00Z,OTHER,DUAL FUEL,13.134499854511684,20
2023-11-05T22:00:00Z,OTHER,GAS,2.3999509811401367,10
2023-11-05T22:00:00Z,OTHER,GAS COGEN,23.098546466827393,58
2023-11-05T22:00:00Z,OTHER,OIL/GAS,42.36323846817017,53
2023-11-05T22:00:00Z,OTHER,WOOD/REFUSE,87.1957630888621,149
2023-11-05T22:00:00Z,SOLAR,SOLAR,235.57523984107706,1373
2023-11-05T22:00:00Z,WIND,WIND,1761.0457031758253,4150
2023-11-05T23:00:00Z,COAL,COAL,797.8726000128852,820
2023-11-05T23:00:00Z,DUAL FUEL,DUAL FUEL,465.0086041768392,466
2023-11-05T23:00:00Z,ENERGY STORAGE,ENERGY STORAGE,-2.7037217701805965,130
2023-11-05T23:00:00Z,GAS,COGENERATION,3831.243527320226,5235
2023-11-05T23:00:00Z,GAS,COMBINED CYCLE,1662.6640202267965,3010
2023-11-05T23:00:00Z,GAS,GAS FIRED STEAM,1118.6029571533204,2609
2023-11-05T23:00:00Z,GAS,SIMPLE CYCLE,299.08336862905156,959
2023-11-05T23:00:00Z,HYDRO,HYDRO,170.1929763045576,894
2023-11-05T23:00:00Z,OTHER,BIOMASS,107.99746627807617,154
2023-11-05T23:00:00Z,OTHER,DUAL FUEL,13.313333062595792,20
2023-11-05T23:00:00Z,OTHER,GAS,2.3999509811401367,10
2023-11-05T23:00:00Z,OTHER,GAS COGEN,23.164456389745077,58
2023-11-05T23:00:00Z,OTHER,OIL/GAS,42.29855984793769,53
2023-11-05T23:00:00Z,OTHER,WOOD/REFUSE,89.34961884869469,149
2023-11-05T23:00:00Z,SOLAR,SOLAR,63.45416572553417,1373
2023-11-05T23:00:00Z,WIND,WIND,1584.0457002663363,4150
2023-11-06T00:00:00Z,COAL,COAL,796.8918215603298,820
2023-11-06T00:00:00Z,DUAL FUEL,DUAL FUEL,465.00943922254777,466
2023-11-06T00:00:00Z,ENERGY STORAGE,ENERGY STORAGE,0.02055562814076741,130
2023-11-06T00:00:00Z,GAS,COGENERATION,3828.9872546927136,5235
2023-11-06T00:00:00Z,GAS,COMBINED CYCLE,1626.883524356948,3010
2023-11-06T00:00:00Z,GAS,GAS FIRED STEAM,1341.1072709401449,2609
2023-11-06T00:00:00Z,GAS,SIMPLE CYCLE,350.0603449589014,959
2023-11-06T00:00:00Z,HYDRO,HYDRO,111.05829662791557,894
2023-11-06T00:00:00Z,OTHER,BIOMASS,116.24261848449707,154
2023-11-06T00:00:00Z,OTHER,DUAL FUEL,13.524110912746853,20
2023-11-06T00:00:00Z,OTHER,GAS,2.3999509811401367,10
2023-11-06T00:00:00Z,OTHER,GAS COGEN,23.407953737046984,58
2023-11-06T00:00:00Z,OTHER,OIL/GAS,43.53160455915663,53
2023-11-06T00:00:00Z,OTHER,WOOD/REFUSE,95.71526785691579,149
2023-11-06T00:00:00Z,SOLAR,SOLAR,0,1373
2023-11-06T00:00:00Z,WIND,WIND,1731.7765992479854,4150
2023-11-06T01:00:00Z,COAL,COAL,797.5569317796496,820
2023-11-06T01:00:00Z,DUAL FUEL,DUAL FUEL,465.1043834601508,466
2023-11-06T01:00:00Z,ENERGY STORAGE,ENERGY STORAGE,-0.1564999728732639,130
2023-11-06T01:00:00Z,GAS,COGENERATION,3830.699491375817,5235
2023-11-06T01:00:00Z,GAS,COMBINED CYCLE,1600.5721988280613,3010
2023-11-06T01:00:00Z,GAS,GAS FIRED STEAM,1153.9740671624077,2609
2023-11-06T01:00:00Z,GAS,SIMPLE CYCLE,355.67389365540606,959
2023-11-06T01:00:00Z,HYDRO,HYDRO,156.09036378920078,894
2023-11-06T01:00:00Z,OTHER,BIOMASS,107.68156730598874,154
2023-11-06T01:00:00Z,OTHER,DUAL FUEL,13.693666471905178,20
2023-11-06T01:00:00Z,OTHER,GAS,2.3999509811401367,10
2023-11-06T01:00:00Z,OTHER,GAS COGEN,23.34603504286872,58
2023-11-06T01:00:00Z,OTHER,OIL/GAS,43.12912620332506,53
2023-11-06T01:00:00Z,OTHER,WOOD/REFUSE,90.35287509706285,149
2023-11-06T01:00:00Z,SOLAR,SOLAR,0,1373
2023-11-06T01:00:00Z,WIND,WIND,1828.7752841212725,4150
2023-11-06T02:00:00Z,COAL,COAL,798.2484313795302,820
2023-11-06T02:00:00Z,DUAL FUEL,DUAL FUEL,465.163159705268,466
2023-11-06T02:00:00Z,ENERGY STORAGE,ENERGY STORAGE,-0.954666493733724,130
2023-11-06T02:00:00Z,GAS,COGENERATION,3800.3927626638942,5235
2023-11-06T02:00:00Z,GAS,COMBINED CYCLE,1579.2557556676866,3010
2023-11-06T02:00:00Z,GAS,GAS FIRED STEAM,1117.1545983674791,2609
2023-11-06T02:00:00Z,GAS,SIMPLE CYCLE,333.1764840138621,959
2023-11-06T02:00:00Z,HYDRO,HYDRO,136.7843153854211,894
2023-11-06T02:00:00Z,OTHER,BIOMASS,102.91805806318919,154
2023-11-06T02:00:00Z,OTHER,DUAL FUEL,13.852499906222024,20
2023-11-06T02:00:00Z,OTHER,GAS,2.3999509811401367,10
2023-11-06T02:00:00Z,OTHER,GAS COGEN,23.239504928588868,58
2023-11-06T02:00:00Z,OTHER,OIL/GAS,43.30139872868856,53
2023-11-06T02:00:00Z,OTHER,WOOD/REFUSE,89.5250979699029,149
2023-11-06T02:00:00Z,SOLAR,SOLAR,0,1373
2023-11-06T02:00:00Z,WIND,WIND,1869.135564863152,4150
2023-11-06T03:00:00Z,COAL,COAL,798.0698214552137,820
2023-11-06T03:00:00Z,DUAL FUEL,DUAL FUEL,465.0735504659017,466
2023-11-06T03:00:00Z,ENERGY STORAGE,ENERGY STORAGE,-0.9536109341515436,130
2023-11-06T03:00:00Z,GAS,COGENERATION,3802.8495953440665,5235
2023-11-06T03:00:00Z,GAS,COMBINED CYCLE,1663.845588684082,3010
2023-11-06T03:00:00Z,GAS,GAS FIRED STEAM,1056.9692076365154,2609
2023-11-06T03:00:00Z,GAS,SIMPLE CYCLE,280.95642450137274,959
2023-11-06T03:00:00Z,HYDRO,HYDRO,105.337499378456,894
2023-11-06T03:00:00Z,OTHER,BIOMASS,102.2684204504225,154
2023-11-06T03:00:00Z,OTHER,DUAL FUEL,13.830722325113085,20
2023-11-06T03:00:00Z,OTHER,GAS,2.3999509811401367,10
2023-11-06T03:00:00Z,OTHER,GAS COGEN,23.442643109427557,58
2023-11-06T03:00:00Z,OTHER,OIL/GAS,43.466431836022274,53
2023-11-06T03:00:00Z,OTHER,WOOD/REFUSE,89.15366596910688,149
2023-11-06T03:00:00Z,SOLAR,SOLAR,0,1373
2023-11-06T03:00:00Z,WIND,WIND,1791.8182512326332,4150
2023-11-06T04:00:00Z,COAL,COAL,797.2969307963053,820
2023-11-06T04:00:00Z,DUAL FUEL,DUAL FUEL,465.08477213541664,466
2023-11-06T04:00:00Z,ENERGY STORAGE,ENERGY STORAGE,-3.479276787439982,130
2023-11-06T04:00:00Z,GAS,COGENERATION,3804.8200472217136,5235
2023-11-06T04:00:00Z,GAS,COMBINED CYCLE,1690.3014801735349,3010
2023-11-06T04:00:00Z,GAS,GAS FIRED STEAM,899.8142988798354,2609
2023-11-06T04:00:00Z,GAS,SIMPLE CYCLE,260.4496717755,959
2023-11-06T04:00:00Z,HYDRO,HYDRO,128.3630992414554,894
2023-11-06T04:00:00Z,OTHER,BIOMASS,102.8614170047972,154
2023-11-06T04:00:00Z,OTHER,DUAL FUEL,13.899000040160283,20
2023-11-06T04:00:00Z,OTHER,GAS,2.3999509811401367,10
2023-11-06T04:00:00Z,OTHER,GAS COGEN,23.475020021862456,58
2023-11-06T04:00:00Z,OTHER,OIL/GAS,43.31837056689792,53
2023-11-06T04:00:00Z,OTHER,WOOD/REFUSE,88.63876519203187,149
2023-11-06T04:00:00Z,SOLAR,SOLAR,0,1373
2023-11-06T04:00:00Z,WIND,WIND,1716.6804211396186,4150
2023-11-06T05:00:00Z,COAL,COAL,797.4513776482477,820
2023-11-06T05:00:00Z,DUAL FUEL,DUAL FUEL,465.0003279283312,466
2023-11-06T05:00:00Z,ENERGY STORAGE,ENERGY STORAGE,-4.765443154440986,130
2023-11-06T05:00:00Z,GAS,COGENERATION,3785.580063270993,5235
2023-11-06T05:00:00Z,GAS,COMBINED CYCLE,1598.700624314944,3010
2023-11-06T05:00:00Z,GAS,GAS FIRED STEAM,791.8804746161567,2609
2023-11-06T05:00:00Z,GAS,SIMPLE CYCLE,158.60245152228407,959
2023-11-06T05:00:00Z,HYDRO,HYDRO,89.39659251530965,894
2023-11-06T05:00:00Z,OTHER,BIOMASS,101.01861495070986,154
2023-11-06T05:00:00Z,OTHER,DUAL FUEL,13.899833439191182,20
2023-11-06T05:00:00Z,OTHER,GAS,2.409395416577657,10
2023-11-06T05:00:00Z,OTHER,GAS COGEN,23.249650625652738,58
2023-11-06T05:00:00Z,OTHER,OIL/GAS,43.24263753890991,53
2023-11-06T05:00:00Z,OTHER,WOOD/REFUSE,88.76458291636574,149
2023-11-06T05:00:00Z,SOLAR,SOLAR,0,1373
2023-11-06T05:00:00Z,WIND,WIND,1785.6357568757817,4150
2023-11-06T06:00:00Z,COAL,COAL,797.974657151964,820
2023-11-06T06:00:00Z,DUAL FUEL,DUAL FUEL,465.09127263387046,466
2023-11-06T06:00:00Z,ENERGY STORAGE,ENERGY STORAGE,-3.304832600487603,130
2023-11-06T06:00:00Z,GAS,COGENERATION,3747.133368458748,5235
2023-11-06T06:00:00Z,GAS,COMBINED CYCLE,1395.739000992775,3010
2023-11-06T06:00:00Z,GAS,GAS FIRED STEAM,766.7881578954061,2609
2023-11-06T06:00:00Z,GAS,SIMPLE CYCLE,128.06366405063204,959
2023-11-06T06:00:00Z,HYDRO,HYDRO,63.98202424993118,894
2023-11-06T06:00:00Z,OTHER,BIOMASS,100.63479530334473,154
2023-11-06T06:00:00Z,OTHER,DUAL FUEL,13.859333151711358,20
2023-11-06T06:00:00Z,OTHER,GAS,2.4967842196093666,10
2023-11-06T06:00:00Z,OTHER,GAS COGEN,23.10667791366577,58
2023-11-06T06:00:00Z,OTHER,OIL/GAS,43.091915935940214,53
2023-11-06T06:00:00Z,OTHER,WOOD/REFUSE,89.38364097913106,149
2023-11-06T06:00:00Z,SOLAR,SOLAR,0,1373
2023-11-06T06:00:00Z,WIND,WIND,1847.471659320179,4150
2023-11-06T07:00:00Z,COAL,COAL,797.4765998331706,820
2023-11-06T07:00:00Z,DUAL FUEL,DUAL FUEL,465.0619397481283,466
2023-11-06T07:00:00Z,ENERGY STORAGE,ENERGY STORAGE,-1.7534440920088026,130
2023-11-06T07:00:00Z,GAS,COGENERATION,3760.2147648943796,5235
2023-11-06T07:00:00Z,GAS,COMBINED CYCLE,1377.0770247130924,3010
2023-11-06T07:00:00Z,GAS,GAS FIRED STEAM,773.537001508077,2609
2023-11-06T07:00:00Z,GAS,SIMPLE CYCLE,152.24205275217693,959
2023-11-06T07:00:00Z,HYDRO,HYDRO,58.84527065032058,894
2023-11-06T07:00:00Z,OTHER,BIOMASS,101.92084511386024,154
2023-11-06T07:00:00Z,OTHER,DUAL FUEL,13.831777759657966,20
2023-11-06T07:00:00Z,OTHER,GAS,2.498284219370948,10
2023-11-06T07:00:00Z,OTHER,GAS COGEN,23.095898152457345,58
2023-11-06T07:00:00Z,OTHER,OIL/GAS,43.77703271865845,53
2023-11-06T07:00:00Z,OTHER,WOOD/REFUSE,90.33131775008307,149
2023-11-06T07:00:00Z,SOLAR,SOLAR,0,1420
2023-11-06T07:00:00Z,WIND,WIND,1782.0377345158076,4150
2023-11-06T08:00:00Z,COAL,COAL,797.4199323018393,820
2023-11-06T08:00:00Z,DUAL FUEL,DUAL FUEL,465.1226604546441,466
2023-11-06T08:00:00Z,ENERGY STORAGE,ENERGY STORAGE,-0.9105552318361069,130
2023-11-06T08:00:00Z,GAS,COGENERATION,3790.9252338851825,5235
2023-11-06T08:00:00Z,GAS,COMBINED CYCLE,1410.0826789352627,3010
2023-11-06T08:00:00Z,GAS,GAS FIRED STEAM,783.2053242238362,2609
2023-11-06T08:00:00Z,GAS,SIMPLE CYCLE,152.72616420957777,959
2023-11-06T08:00:00Z,HYDRO,HYDRO,95.66874608238538,894
2023-11-06T08:00:00Z,OTHER,BIOMASS,105.01948917706808,154
2023-11-06T08:00:00Z,OTHER,DUAL FUEL,13.857777668105232,20
2023-11-06T08:00:00Z,OTHER,GAS,2.499950885772705,10
2023-11-06T08:00:00Z,OTHER,GAS COGEN,23.132116828494603,58
2023-11-06T08:00:00Z,OTHER,OIL/GAS,43.50809384240044,53
2023-11-06T08:00:00Z,OTHER,WOOD/REFUSE,90.82275176419152,149
2023-11-06T08:00:00Z,SOLAR,SOLAR,0,1420
2023-11-06T08:00:00Z,WIND,WIND,1789.9290501772944,4150
2023-11-06T09:00:00Z,COAL,COAL,798.3355447896322,820
2023-11-06T09:00:00Z,DUAL FUEL,DUAL FUEL,464.9691038513184,466
2023-11-06T09:00:00Z,ENERGY STORAGE,ENERGY STORAGE,-0.9533331553141278,130
2023-11-06T09:00:00Z,GAS,COGENERATION,3771.844091041353,5235
2023-11-06T09:00:00Z,GAS,COMBINED CYCLE,1393.1144952175353,3010
2023-11-06T09:00:00Z,GAS,GAS FIRED STEAM,777.2459920289782,2609
2023-11-06T09:00:00Z,GAS,SIMPLE CYCLE,144.633163617452,959
2023-11-06T09:00:00Z,HYDRO,HYDRO,54.001063787142435,894
2023-11-06T09:00:00Z,OTHER,BIOMASS,107.20347984208001,154
2023-11-06T09:00:00Z,OTHER,DUAL FUEL,13.917222451633878,20
2023-11-06T09:00:00Z,OTHER,GAS,2.499950885772705,10
2023-11-06T09:00:00Z,OTHER,GAS COGEN,23.11100484636095,58
2023-11-06T09:00:00Z,OTHER,OIL/GAS,43.548788384331594,53
2023-11-06T09:00:00Z,OTHER,WOOD/REFUSE,90.22902837382424,149
2023-11-06T09:00:00Z,SOLAR,SOLAR,0,1420
2023-11-06T09:00:00Z,WIND,WIND,1812.3043623449157,4150
2023-11-06T10:00:00Z,COAL,COAL,797.938489888509,820
2023-11-06T10:00:00Z,DUAL FUEL,DUAL FUEL,465.06493791368274,466
2023-11-06T10:00:00Z,ENERGY STORAGE,ENERGY STORAGE,-0.9354997539520264,130
2023-11-06T10:00:00Z,GAS,COGENERATION,3772.353999274572,5235
2023-11-06T10:00:00Z,GAS,COMBINED CYCLE,1393.1692665248447,3010
2023-11-06T10:00:00Z,GAS,GAS FIRED STEAM,786.927367960612,2609
2023-11-06T10:00:00Z,GAS,SIMPLE CYCLE,110.08649838126368,959
2023-11-06T10:00:00Z,HYDRO,HYDRO,100.80679512671298,894
2023-11-06T10:00:00Z,OTHER,BIOMASS,107.306426381535,154
2023-11-06T10:00:00Z,OTHER,DUAL FUEL,13.900944866604275,20
2023-11-06T10:00:00Z,OTHER,GAS,2.499950885772705,10
2023-11-06T10:00:00Z,OTHER,GAS COGEN,23.17960040834215,58
2023-11-06T10:00:00Z,OTHER,OIL/GAS,43.714171170128715,53
2023-11-06T10:00:00Z,OTHER,WOOD/REFUSE,90.54867623170216,149
2023-11-06T10:00:00Z,SOLAR,SOLAR,0,1420
2023-11-06T10:00:00Z,WIND,WIND,1831.3759841866874,4150
2023-11-06T11:00:00Z,COAL,COAL,797.8959856330023,820
2023-11-06T11:00:00Z,DUAL FUEL,DUAL FUEL,465.02382566663954,466
2023-11-06T11:00:00Z,ENERGY STORAGE,ENERGY STORAGE,-0.9424442248874241,130
2023-11-06T11:00:00Z,GAS,COGENERATION,3796.5480199268127,5235
2023-11-06T11:00:00Z,GAS,COMBINED CYCLE,1484.2391627656089,3010
2023-11-06T11:00:00Z,GAS,GAS FIRED STEAM,821.1814293755426,2609
2023-11-06T11:00:00Z,GAS,SIMPLE CYCLE,114.73872063742743,959
2023-11-06T11:00:00Z,HYDRO,HYDRO,114.98415982605682,894
2023-11-06T11:00:00Z,OTHER,BIOMASS,103.80040092256334,154
2023-11-06T11:00:00Z,OTHER,DUAL FUEL,13.913499945004782,20
2023-11-06T11:00:00Z,OTHER,GAS,2.499950885772705,10
2023-11-06T11:00:00Z,OTHER,GAS COGEN,23.163934191597832,58
2023-11-06T11:00:00Z,OTHER,OIL/GAS,43.71282701704237,53
2023-11-06T11:00:00Z,OTHER,WOOD/REFUSE,90.72458613130782,149
2023-11-06T11:00:00Z,SOLAR,SOLAR,0,1420
2023-11-06T11:00:00Z,WIND,WIND,1635.1186862641407,4150
2023-11-06T12:00:00Z,COAL,COAL,798.4772660827637,820
2023-11-06T12:00:00Z,DUAL FUEL,DUAL FUEL,465.0162707349989,466
2023-11-06T12:00:00Z,ENERGY STORAGE,ENERGY STORAGE,-0.7484442308213975,130
2023-11-06T12:00:00Z,GAS,COGENERATION,3767.6099836217695,5235
2023-11-06T12:00:00Z,GAS,COMBINED CYCLE,1567.085433081521,3010
2023-11-06T12:00:00Z,GAS,GAS FIRED STEAM,1106.890076828003,2609
2023-11-06T12:00:00Z,GAS,SIMPLE CYCLE,159.6415535550316,959
2023-11-06T12:00:00Z,HYDRO,HYDRO,144.28505288976763,894
2023-11-06T12:00:00Z,OTHER,BIOMASS,103.90201350529989,154
2023-11-06T12:00:00Z,OTHER,DUAL FUEL,13.8691107389662,20
2023-11-06T12:00:00Z,OTHER,GAS,2.499950885772705,10
2023-11-06T12:00:00Z,OTHER,GAS COGEN,23.15740649329291,58
2023-11-06T12:00:00Z,OTHER,OIL/GAS,43.23137142181397,53
2023-11-06T12:00:00Z,OTHER,WOOD/REFUSE,90.56938276290894,149
2023-11-06T12:00:00Z,SOLAR,SOLAR,0,1420
2023-11-06T12:00:00Z,WIND,WIND,1352.6450747351514,4150
2023-11-06T13:00:00Z,COAL,COAL,798.583041873508,820
2023-11-06T13:00:00Z,DUAL FUEL,DUAL FUEL,464.92699400160046,466
2023-11-06T13:00:00Z,ENERGY STORAGE,ENERGY STORAGE,0.047833440568712006,130
2023-11-06T13:00:00Z,GAS,COGENERATION,3770.6872327656215,5235
2023-11-06T13:00:00Z,GAS,COMBINED CYCLE,1730.0459237093396,3010
2023-11-06T13:00:00Z,GAS,GAS FIRED STEAM,1342.016396399604,2609
2023-11-06T13:00:00Z,GAS,SIMPLE CYCLE,233.81196837978231,959
2023-11-06T13:00:00Z,HYDRO,HYDRO,183.54141857604185,894
2023-11-06T13:00:00Z,OTHER,BIOMASS,115.81787339899276,154
2023-11-06T13:00:00Z,OTHER,DUAL FUEL,13.742333127657572,20
2023-11-06T13:00:00Z,OTHER,GAS,2.499950885772705,10
2023-11-06T13:00:00Z,OTHER,GAS COGEN,23.26684612062242,58
2023-11-06T13:00:00Z,OTHER,OIL/GAS,43.14866562525431,53
2023-11-06T13:00:00Z,OTHER,WOOD/REFUSE,95.47419649177128,149
2023-11-06T13:00:00Z,SOLAR,SOLAR,0,1420
2023-11-06T13:00:00Z,WIND,WIND,1178.6134064069722,4150
2023-11-06T14:00:00Z,COAL,COAL,797.5589331902397,820
2023-11-06T14:00:00Z,DUAL FUEL,DUAL FUEL,464.9121043056912,466
2023-11-06T14:00:00Z,ENERGY STORAGE,ENERGY STORAGE,0.00111111534966362,130
2023-11-06T14:00:00Z,GAS,COGENERATION,3773.120209353235,5235
2023-11-06T14:00:00Z,GAS,COMBINED CYCLE,1773.449224082629,3010
2023-11-06T14:00:00Z,GAS,GAS FIRED STEAM,1436.84008488973,2609
2023-11-06T14:00:00Z,GAS,SIMPLE CYCLE,421.45361705831357,959
2023-11-06T14:00:00Z,HYDRO,HYDRO,210.28955596812898,894
2023-11-06T14:00:00Z,OTHER,BIOMASS,122.99943283081055,154
2023-11-06T14:00:00Z,OTHER,DUAL FUEL,13.648499612808228,20
2023-11-06T14:00:00Z,OTHER,GAS,2.4905064503351846,10
2023-11-06T14:00:00Z,OTHER,GAS COGEN,23.230888464185927,58
2023-11-06T14:00:00Z,OTHER,OIL/GAS,43.681394013298885,53
2023-11-06T14:00:00Z,OTHER,WOOD/REFUSE,98.90342958026463,149
2023-11-06T14:00:00Z,SOLAR,SOLAR,11.816055309640037,1420
2023-11-06T14:00:00Z,WIND,WIND,1086.7065665392868,4150
2023-11-06T15:00:00Z,COAL,COAL,810.8551012505425,820
2023-11-06T15:00:00Z,DUAL FUEL,DUAL FUEL,464.45238291422527,466
2023-11-06T15:00:00Z,ENERGY STORAGE,ENERGY STORAGE,-0.01827784485287136,130
2023-11-06T15:00:00Z,GAS,COGENERATION,3775.1317279116315,5235
2023-11-06T15:00:00Z,GAS,COMBINED CYCLE,1772.6754736301634,3010
2023-11-06T15:00:00Z,GAS,GAS FIRED STEAM,1404.2332907613118,2609
2023-11-06T15:00:00Z,GAS,SIMPLE CYCLE,443.1371341963609,959
2023-11-06T15:00:00Z,HYDRO,HYDRO,217.01844628744655,894
2023-11-06T15:00:00Z,OTHER,BIOMASS,124.59091333442264,154
2023-11-06T15:00:00Z,OTHER,DUAL FUEL,13.816166906356811,20
2023-11-06T15:00:00Z,OTHER,GAS,2.3999509811401367,10
2023-11-06T15:00:00Z,OTHER,GAS COGEN,23.227195817099677,58
2023-11-06T15:00:00Z,OTHER,OIL/GAS,43.64941538492838,53
2023-11-06T15:00:00Z,OTHER,WOOD/REFUSE,98.56643228742811,149
2023-11-06T15:00:00Z,SOLAR,SOLAR,222.9759731535117,1420
2023-11-06T15:00:00Z,WIND,WIND,756.3176679260201,4150
2023-11-06T16:00:00Z,COAL,COAL,813.6835435824923,820
2023-11-06T16:00:00Z,DUAL FUEL,DUAL FUEL,464.9126602511936,466
2023-11-06T16:00:00Z,ENERGY STORAGE,ENERGY STORAGE,0.00600001229180229,130
2023-11-06T16:00:00Z,GAS,COGENERATION,3700.665120760335,5235
2023-11-06T16:00:00Z,GAS,COMBINED CYCLE,1784.2072527450985,3010
2023-11-06T16:00:00Z,GAS,GAS FIRED STEAM,1435.1878449334038,2609
2023-11-06T16:00:00Z,GAS,SIMPLE CYCLE,451.8113592897521,959
2023-11-06T16:00:00Z,HYDRO,HYDRO,241.86160161323843,894
2023-11-06T16:00:00Z,OTHER,BIOMASS,124.13781215879652,154
2023-11-06T16:00:00Z,OTHER,DUAL FUEL,13.612610908614265,20
2023-11-06T16:00:00Z,OTHER,GAS,2.3999509811401367,10
2023-11-06T16:00:00Z,OTHER,GAS COGEN,23.23428289837307,58
2023-11-06T16:00:00Z,OTHER,OIL/GAS,43.248421611785886,53
2023-11-06T16:00:00Z,OTHER,WOOD/REFUSE,100.76052918646072,149
2023-11-06T16:00:00Z,SOLAR,SOLAR,398.9956041882767,1420
2023-11-06T16:00:00Z,WIND,WIND,536.4649638370673,4150
2023-11-06T17:00:00Z,COAL,COAL,813.7798210652669,820
2023-11-06T17:00:00Z,DUAL FUEL,DUAL FUEL,464.8271586608887,466
2023-11-06T17:00:00Z,ENERGY STORAGE,ENERGY STORAGE,0.00238889800177679,130
2023-11-06T17:00:00Z,GAS,COGENERATION,3692.262096090184,5235
2023-11-06T17:00:00Z,GAS,COMBINED CYCLE,1778.4671778821944,3010
2023-11-06T17:00:00Z,GAS,GAS FIRED STEAM,1510.8066407012939,2609
2023-11-06T17:00:00Z,GAS,SIMPLE CYCLE,480.1611417214407,959
2023-11-06T17:00:00Z,HYDRO,HYDRO,208.331270493567,894
2023-11-06T17:00:00Z,OTHER,BIOMASS,123.40878946039412,154
2023-11-06T17:00:00Z,OTHER,DUAL FUEL,13.45099965148502,20
2023-11-06T17:00:00Z,OTHER,GAS,2.3999509811401367,10
2023-11-06T17:00:00Z,OTHER,GAS COGEN,23.249576009114584,58
2023-11-06T17:00:00Z,OTHER,OIL/GAS,43.59187677383423,53
2023-11-06T17:00:00Z,OTHER,WOOD/REFUSE,99.25945680406357,149
2023-11-06T17:00:00Z,SOLAR,SOLAR,601.4128306623135,1420
2023-11-06T17:00:00Z,WIND,WIND,275.8609137031684,4150
2023-11-06T18:00:00Z,COAL,COAL,814.2868204752604,820
2023-11-06T18:00:00Z,DUAL FUEL,DUAL FUEL,464.7282158406575,466
2023-11-06T18:00:00Z,ENERGY STORAGE,ENERGY STORAGE,-0.00216667493184407,130
2023-11-06T18:00:00Z,GAS,COGENERATION,3767.7421315685906,5235
2023-11-06T18:00:00Z,GAS,COMBINED CYCLE,1775.170886155764,3010
2023-11-06T18:00:00Z,GAS,GAS FIRED STEAM,1442.4434092458089,2609
2023-11-06T18:00:00Z,GAS,SIMPLE CYCLE,456.14613039736946,959
2023-11-06T18:00:00Z,HYDRO,HYDRO,203.1670448583861,894
2023-11-06T18:00:00Z,OTHER,BIOMASS,121.2142066139645,154
2023-11-06T18:00:00Z,OTHER,DUAL FUEL,13.355332939359878,20
2023-11-06T18:00:00Z,OTHER,GAS,2.3999509811401367,10
2023-11-06T18:00:00Z,OTHER,GAS COGEN,23.39538324991862,58
2023-11-06T18:00:00Z,OTHER,OIL/GAS,43.69318772210015,53
2023-11-06T18:00:00Z,OTHER,WOOD/REFUSE,99.58886325094436,149
2023-11-06T18:00:00Z,SOLAR,SOLAR,636.6900464688738,1420
2023-11-06T18:00:00Z,WIND,WIND,203.00882976272868,4150
2023-11-06T19:00:00Z,COAL,COAL,812.8156005859375,820
2023-11-06T19:00:00Z,DUAL FUEL,DUAL FUEL,464.6518837314182,466
2023-11-06T19:00:00Z,ENERGY STORAGE,ENERGY STORAGE,-0.006611135800679511,130
2023-11-06T19:00:00Z,GAS,COGENERATION,3864.1921237871384,5235
2023-11-06T19:00:00Z,GAS,COMBINED CYCLE,1762.9118904627694,3010
2023-11-06T19:00:00Z,GAS,GAS FIRED STEAM,1445.3368557993572,2609
2023-11-06T19:00:00Z,GAS,SIMPLE CYCLE,460.90930932945673,959
2023-11-06T19:00:00Z,HYDRO,HYDRO,183.1118817644649,894
2023-11-06T19:00:00Z,OTHER,BIOMASS,120.87352291372088,154
2023-11-06T19:00:00Z,OTHER,DUAL FUEL,13.111833125220404,20
2023-11-06T19:00:00Z,OTHER,GAS,2.3999509811401367,10
2023-11-06T19:00:00Z,OTHER,GAS COGEN,24.723987668355303,58
2023-11-06T19:00:00Z,OTHER,OIL/GAS,43.661744085947674,53
2023-11-06T19:00:00Z,OTHER,WOOD/REFUSE,100.54279669390783,149
2023-11-06T19:00:00Z,SOLAR,SOLAR,556.9736763998535,1420
2023-11-06T19:00:00Z,WIND,WIND,157.05539726935328,4150
2023-11-06T20:00:00Z,COAL,COAL,813.518876630995,820
2023-11-06T20:00:00Z,DUAL FUEL,DUAL FUEL,464.92688347710504,466
2023-11-06T20:00:00Z,ENERGY STORAGE,ENERGY STORAGE,0.00244445376925998,130
2023-11-06T20:00:00Z,GAS,COGENERATION,3902.4555168231327,5235
2023-11-06T20:00:00Z,GAS,COMBINED CYCLE,1763.8849186229706,3010
2023-11-06T20:00:00Z,GAS,GAS FIRED STEAM,1373.8978742726642,2609
2023-11-06T20:00:00Z,GAS,SIMPLE CYCLE,493.1862173725499,959
2023-11-06T20:00:00Z,HYDRO,HYDRO,200.24224470365377,894
2023-11-06T20:00:00Z,OTHER,BIOMASS,121.97867721769545,154
2023-11-06T20:00:00Z,OTHER,DUAL FUEL,12.935610987875195,20
2023-11-06T20:00:00Z,OTHER,GAS,2.3999509811401367,10
2023-11-06T20:00:00Z,OTHER,GAS COGEN,24.781318524678547,58
2023-11-06T20:00:00Z,OTHER,OIL/GAS,44.42163784027099,53
2023-11-06T20:00:00Z,OTHER,WOOD/REFUSE,101.87262968169318,149
2023-11-06T20:00:00Z,SOLAR,SOLAR,467.73527872721354,1420
2023-11-06T20:00:00Z,WIND,WIND,233.14163440543746,4150
2023-11-06T21:00:00Z,COAL,COAL,813.7212649705675,820
2023-11-06T21:00:00Z,DUAL FUEL,DUAL FUEL,464.78521472507055,466
2023-11-06T21:00:00Z,ENERGY STORAGE,ENERGY STORAGE,0.00750002331203884,130
2023-11-06T21:00:00Z,GAS,COGENERATION,3924.920909453498,5235
2023-11-06T21:00:00Z,GAS,COMBINED CYCLE,1643.6922307162815,3010
2023-11-06T21:00:00Z,GAS,GAS FIRED STEAM,1354.3476620992026,2609
2023-11-06T21:00:00Z,GAS,SIMPLE CYCLE,606.1294895750781,959
2023-11-06T21:00:00Z,HYDRO,HYDRO,159.51631242105532,894
2023-11-06T21:00:00Z,OTHER,BIOMASS,111.71761146121555,154
2023-11-06T21:00:00Z,OTHER,DUAL FUEL,12.915388541751438,20
2023-11-06T21:00:00Z,OTHER,GAS,2.3999509811401367,10
2023-11-06T21:00:00Z,OTHER,GAS COGEN,24.710596747928196,58
2023-11-06T21:00:00Z,OTHER,OIL/GAS,44.07765423032973,53
2023-11-06T21:00:00Z,OTHER,WOOD/REFUSE,96.5443796269099,149
2023-11-06T21:00:00Z,SOLAR,SOLAR,315.20486571495735,1420
2023-11-06T21:00:00Z,WIND,WIND,414.9819806732072,4150
2023-11-06T22:00:00Z,COAL,COAL,813.4698765055339,820
2023-11-06T22:00:00Z,DUAL FUEL,DUAL FUEL,464.84093814426,466
2023-11-06T22:00:00Z,ENERGY STORAGE,ENERGY STORAGE,0.009444476233588312,130
2023-11-06T22:00:00Z,GAS,COGENERATION,3915.328365785678,5235
2023-11-06T22:00:00Z,GAS,COMBINED CYCLE,1688.5573061847688,3010
2023-11-06T22:00:00Z,GAS,GAS FIRED STEAM,1387.8632436625162,2609
2023-11-06T22:00:00Z,GAS,SIMPLE CYCLE,571.59546831078,959
2023-11-06T22:00:00Z,HYDRO,HYDRO,210.6053431414233,894
2023-11-06T22:00:00Z,OTHER,BIOMASS,120.2447158326043,154
2023-11-06T22:00:00Z,OTHER,DUAL FUEL,13.12499976158142,20
2023-11-06T22:00:00Z,OTHER,GAS,2.3999509811401367,10
2023-11-06T22:00:00Z,OTHER,GAS COGEN,24.7339472272661,58
2023-11-06T22:00:00Z,OTHER,OIL/GAS,43.87839808781942,53
2023-11-06T22:00:00Z,OTHER,WOOD/REFUSE,99.14089599291484,149
2023-11-06T22:00:00Z,SOLAR,SOLAR,121.080377307468,1420
2023-11-06T22:00:00Z,WIND,WIND,612.5220294090609,4150
2023-11-06T23:00:00Z,COAL,COAL,813.0414338684081,820
2023-11-06T23:00:00Z,DUAL FUEL,DUAL FUEL,464.82927303738063,466
2023-11-06T23:00:00Z,ENERGY STORAGE,ENERGY STORAGE,0.08877791616651744,130
2023-11-06T23:00:00Z,GAS,COGENERATION,3959.7043118696743,5235
2023-11-06T23:00:00Z,GAS,COMBINED CYCLE,1621.703101387024,3010
2023-11-06T23:00:00Z,GAS,GAS FIRED STEAM,1380.8564148542616,2609
2023-11-06T23:00:00Z,GAS,SIMPLE CYCLE,595.5132078682549,959
2023-11-06T23:00:00Z,HYDRO,HYDRO,230.40208605137965,894
2023-11-06T23:00:00Z,OTHER,BIOMASS,123.76673731486002,154
2023-11-06T23:00:00Z,OTHER,DUAL FUEL,13.328499890963236,20
2023-11-06T23:00:00Z,OTHER,GAS,2.3999509811401367,10
2023-11-06T23:00:00Z,OTHER,GAS COGEN,25.006203178829615,58
2023-11-06T23:00:00Z,OTHER,OIL/GAS,43.94667655309041,53
2023-11-06T23:00:00Z,OTHER,WOOD/REFUSE,101.24475679768456,149
2023-11-06T23:00:00Z,SOLAR,SOLAR,14.70762299462325,1420
2023-11-06T23:00:00Z,WIND,WIND,890.0151182408631,4150
2023-11-07T00:00:00Z,COAL,COAL,813.0136005995009,820
2023-11-07T00:00:00Z,DUAL FUEL,DUAL FUEL,464.7348254733615,466
2023-11-07T00:00:00Z,ENERGY STORAGE,ENERGY STORAGE,0.00211111916436089,130
2023-11-07T00:00:00Z,GAS,COGENERATION,3943.241756825182,5235
2023-11-07T00:00:00Z,GAS,COMBINED CYCLE,1610.4746451277204,3010
2023-11-07T00:00:00Z,GAS,GAS FIRED STEAM,1352.5060518603855,2609
2023-11-07T00:00:00Z,GAS,SIMPLE CYCLE,626.3404789266322,959
2023-11-07T00:00:00Z,HYDRO,HYDRO,138.14994436341857,894
2023-11-07T00:00:00Z,OTHER,BIOMASS,114.42904306782617,154
2023-11-07T00:00:00Z,OTHER,DUAL FUEL,13.463832981851366,20
2023-11-07T00:00:00Z,OTHER,GAS,2.3999509811401367,10
2023-11-07T00:00:00Z,OTHER,GAS COGEN,24.775910432603624,58
2023-11-07T00:00:00Z,OTHER,OIL/GAS,43.95798269483778,53
2023-11-07T00:00:00Z,OTHER,WOOD/REFUSE,93.08979871590932,149
2023-11-07T00:00:00Z,SOLAR,SOLAR,0.27150000403324764,1420
2023-11-07T00:00:00Z,WIND,WIND,1107.834893664726,4150
2023-11-07T01:00:00Z,COAL,COAL,813.115043826633,820
2023-11-07T01:00:00Z,DUAL FUEL,DUAL FUEL,464.7146593560113,466
2023-11-07T01:00:00Z,ENERGY STORAGE,ENERGY STORAGE,7.7777862548827e-4,130
2023-11-07T01:00:00Z,GAS,COGENERATION,3955.3228712624973,5235
2023-11-07T01:00:00Z,GAS,COMBINED CYCLE,1581.4584064388275,3010
2023-11-07T01:00:00Z,GAS,GAS FIRED STEAM,1234.2654953638712,2609
2023-11-07T01:00:00Z,GAS,SIMPLE CYCLE,546.1871743863159,959
2023-11-07T01:00:00Z,HYDRO,HYDRO,160.65826928360593,894
2023-11-07T01:00:00Z,OTHER,BIOMASS,113.08209045039283,154
2023-11-07T01:00:00Z,OTHER,DUAL FUEL,13.776666709582011,20
2023-11-07T01:00:00Z,OTHER,GAS,2.3999509811401367,10
2023-11-07T01:00:00Z,OTHER,GAS COGEN,24.568519755469428,58
2023-11-07T01:00:00Z,OTHER,OIL/GAS,43.632915314568415,53
2023-11-07T01:00:00Z,OTHER,WOOD/REFUSE,88.83751470883686,149
2023-11-07T01:00:00Z,SOLAR,SOLAR,0.2536666703886456,1420
2023-11-07T01:00:00Z,WIND,WIND,1112.5309018774744,4150
2023-11-07T02:00:00Z,COAL,COAL,813.7460446506077,820
2023-11-07T02:00:00Z,DUAL FUEL,DUAL FUEL,464.8671612887912,466
2023-11-07T02:00:00Z,ENERGY STORAGE,ENERGY STORAGE,1.1111153496636e-4,130
2023-11-07T02:00:00Z,GAS,COGENERATION,3952.0265732971825,5235
2023-11-07T02:00:00Z,GAS,COMBINED CYCLE,1624.5167781088087,3010
2023-11-07T02:00:00Z,GAS,GAS FIRED STEAM,1164.0765090899997,2609
2023-11-07T02:00:00Z,GAS,SIMPLE CYCLE,521.9173982724961,959
2023-11-07T02:00:00Z,HYDRO,HYDRO,209.1672589393457,894
2023-11-07T02:00:00Z,OTHER,BIOMASS,111.37588658915625,154
2023-11-07T02:00:00Z,OTHER,DUAL FUEL,13.316166549788582,20
2023-11-07T02:00:00Z,OTHER,GAS,2.3999509811401367,10
2023-11-07T02:00:00Z,OTHER,GAS COGEN,24.96065902815925,58
2023-11-07T02:00:00Z,OTHER,OIL/GAS,43.53883780373467,53
2023-11-07T02:00:00Z,OTHER,WOOD/REFUSE,89.30588385052151,149
2023-11-07T02:00:00Z,SOLAR,SOLAR,0,1420
2023-11-07T02:00:00Z,WIND,WIND,1055.9637206931247,4150
2023-11-07T03:00:00Z,COAL,COAL,799.2759308369954,820
2023-11-07T03:00:00Z,DUAL FUEL,DUAL FUEL,464.8999933539496,466
2023-11-07T03:00:00Z,ENERGY STORAGE,ENERGY STORAGE,0.00300001144409179,130
2023-11-07T03:00:00Z,GAS,COGENERATION,3995.4170868206024,5235
2023-11-07T03:00:00Z,GAS,COMBINED CYCLE,1794.9023815011979,3010
2023-11-07T03:00:00Z,GAS,GAS FIRED STEAM,1286.6982818773058,2609
2023-11-07T03:00:00Z,GAS,SIMPLE CYCLE,390.04652066550324,959
2023-11-07T03:00:00Z,HYDRO,HYDRO,203.56920868933202,894
2023-11-07T03:00:00Z,OTHER,BIOMASS,123.10964773390027,154
2023-11-07T03:00:00Z,OTHER,DUAL FUEL,13.199666475719877,20
2023-11-07T03:00:00Z,OTHER,GAS,2.3999509811401367,10
2023-11-07T03:00:00Z,OTHER,GAS COGEN,24.914219664467705,58
2023-11-07T03:00:00Z,OTHER,OIL/GAS,43.991360134548614,53
2023-11-07T03:00:00Z,OTHER,WOOD/REFUSE,96.36887418588003,149
2023-11-07T03:00:00Z,SOLAR,SOLAR,0,1420
2023-11-07T03:00:00Z,WIND,WIND,844.2951245197529,4150
2023-11-07T04:00:00Z,COAL,COAL,796.6942105611165,820
2023-11-07T04:00:00Z,DUAL FUEL,DUAL FUEL,464.88377258300784,466
2023-11-07T04:00:00Z,ENERGY STORAGE,ENERGY STORAGE,0.009388919406467012,130
2023-11-07T04:00:00Z,GAS,COGENERATION,3994.83232252121,5235
2023-11-07T04:00:00Z,GAS,COMBINED CYCLE,1784.8063506889343,3010
2023-11-07T04:00:00Z,GAS,GAS FIRED STEAM,1403.6557940928142,2609
2023-11-07T04:00:00Z,GAS,SIMPLE CYCLE,329.77917861387135,959
2023-11-07T04:00:00Z,HYDRO,HYDRO,189.65046644482348,894
2023-11-07T04:00:00Z,OTHER,BIOMASS,121.30152568764157,154
2023-11-07T04:00:00Z,OTHER,DUAL FUEL,13.199999809265137,20
2023-11-07T04:00:00Z,OTHER,GAS,2.3999509811401367,10
2023-11-07T04:00:00Z,OTHER,GAS COGEN,24.803214320076837,58
2023-11-07T04:00:00Z,OTHER,OIL/GAS,43.36624837663439,53
2023-11-07T04:00:00Z,OTHER,WOOD/REFUSE,96.73830265257092,149
2023-11-07T04:00:00Z,SOLAR,SOLAR,0.3206666698389583,1420
2023-11-07T04:00:00Z,WIND,WIND,680.4616933967131,4150
2023-11-07T05:00:00Z,COAL,COAL,796.7045989481608,820
2023-11-07T05:00:00Z,DUAL FUEL,DUAL FUEL,464.85793918185766,466
2023-11-07T05:00:00Z,ENERGY STORAGE,ENERGY STORAGE,0.00350000858306884,130
2023-11-07T05:00:00Z,GAS,COGENERATION,3987.674722391764,5235
2023-11-07T05:00:00Z,GAS,COMBINED CYCLE,1699.9916198089388,3010
2023-11-07T05:00:00Z,GAS,GAS FIRED STEAM,1287.1931492614747,2609
2023-11-07T05:00:00Z,GAS,SIMPLE CYCLE,290.62490182684525,959
2023-11-07T05:00:00Z,HYDRO,HYDRO,220.2229584462113,894
2023-11-07T05:00:00Z,OTHER,BIOMASS,118.20915078904895,154
2023-11-07T05:00:00Z,OTHER,DUAL FUEL,13.198666475084092,20
2023-11-07T05:00:00Z,OTHER,GAS,2.3999509811401367,10
2023-11-07T05:00:00Z,OTHER,GAS COGEN,24.783407838609484,58
2023-11-07T05:00:00Z,OTHER,OIL/GAS,43.150349089304605,53
2023-11-07T05:00:00Z,OTHER,WOOD/REFUSE,91.58143636597526,149
2023-11-07T05:00:00Z,SOLAR,SOLAR,0.14527777741352718,1420
2023-11-07T05:00:00Z,WIND,WIND,657.8915031813375,4150
2023-11-07T06:00:00Z,COAL,COAL,797.2424886745877,820
2023-11-07T06:00:00Z,DUAL FUEL,DUAL FUEL,464.7136055670844,466
2023-11-07T06:00:00Z,ENERGY STORAGE,ENERGY STORAGE,0.00305556721157497,130
2023-11-07T06:00:00Z,GAS,COGENERATION,3987.5093126887746,5235
2023-11-07T06:00:00Z,GAS,COMBINED CYCLE,1660.9899668211406,3010
2023-11-07T06:00:00Z,GAS,GAS FIRED STEAM,1257.0943819766576,2609
2023-11-07T06:00:00Z,GAS,SIMPLE CYCLE,293.4918025006188,959
2023-11-07T06:00:00Z,HYDRO,HYDRO,78.83677336318625,894
2023-11-07T06:00:00Z,OTHER,BIOMASS,121.0771224339803,154
2023-11-07T06:00:00Z,OTHER,DUAL FUEL,13.074555504057145,20
2023-11-07T06:00:00Z,OTHER,GAS,2.3999509811401367,10
2023-11-07T06:00:00Z,OTHER,GAS COGEN,24.486122934553357,58
2023-11-07T06:00:00Z,OTHER,OIL/GAS,43.45698219935099,53
2023-11-07T06:00:00Z,OTHER,WOOD/REFUSE,94.35142752912309,149
2023-11-07T06:00:00Z,SOLAR,SOLAR,0,1420
2023-11-07T06:00:00Z,WIND,WIND,599.1518262128438,4150
2023-11-07T07:00:00Z,COAL,COAL,796.9785986158583,820
2023-11-07T07:00:00Z,DUAL FUEL,DUAL FUEL,464.8719940524631,466
2023-11-07T07:00:00Z,ENERGY STORAGE,ENERGY STORAGE,-3.3509992504119874,130
2023-11-07T07:00:00Z,GAS,COGENERATION,3986.0635371634694,5235
2023-11-07T07:00:00Z,GAS,COMBINED CYCLE,1688.5074273882972,3010
2023-11-07T07:00:00Z,GAS,GAS FIRED STEAM,1284.9687810092503,2609
2023-11-07T07:00:00Z,GAS,SIMPLE CYCLE,237.8999623700314,959
2023-11-07T07:00:00Z,HYDRO,HYDRO,72.78881852712897,894
2023-11-07T07:00:00Z,OTHER,BIOMASS,122.20754240036011,154
2023-11-07T07:00:00Z,OTHER,DUAL FUEL,13.025166682667203,20
2023-11-07T07:00:00Z,OTHER,GAS,2.3999509811401367,10
2023-11-07T07:00:00Z,OTHER,GAS COGEN,26.244093010160658,58
2023-11-07T07:00:00Z,OTHER,OIL/GAS,43.65089313083225,53
2023-11-07T07:00:00Z,OTHER,WOOD/REFUSE,94.76605620331236,149
2023-11-07T07:00:00Z,SOLAR,SOLAR,0,1420
2023-11-07T07:00:00Z,WIND,WIND,701.8491894852039,4150
2023-11-07T08:00:00Z,COAL,COAL,797.0100454203288,820
2023-11-07T08:00:00Z,DUAL FUEL,DUAL FUEL,464.8852734714084,466
2023-11-07T08:00:00Z,ENERGY STORAGE,ENERGY STORAGE,-4.738665686183506,130
2023-11-07T08:00:00Z,GAS,COGENERATION,3983.6673366533387,5235
2023-11-07T08:00:00Z,GAS,COMBINED CYCLE,1659.881938437356,3010
2023-11-07T08:00:00Z,GAS,GAS FIRED STEAM,1113.1141908518473,2609
2023-11-07T08:00:00Z,GAS,SIMPLE CYCLE,206.28118710430132,959
2023-11-07T08:00:00Z,HYDRO,HYDRO,72.28822552382945,894
2023-11-07T08:00:00Z,OTHER,BIOMASS,109.01455763710871,154
2023-11-07T08:00:00Z,OTHER,DUAL FUEL,13.197166792021855,20
2023-11-07T08:00:00Z,OTHER,GAS,2.3999509811401367,10
2023-11-07T08:00:00Z,OTHER,GAS COGEN,22.30050369474623,58
2023-11-07T08:00:00Z,OTHER,OIL/GAS,43.34699871487088,53
2023-11-07T08:00:00Z,OTHER,WOOD/REFUSE,91.75533886538612,149
2023-11-07T08:00:00Z,SOLAR,SOLAR,0,1420
2023-11-07T08:00:00Z,WIND,WIND,1056.872969492289,4150
2023-11-07T09:00:00Z,COAL,COAL,797.2010974121094,820
2023-11-07T09:00:00Z,DUAL FUEL,DUAL FUEL,464.86382636176216,466
2023-11-07T09:00:00Z,ENERGY STORAGE,ENERGY STORAGE,-8.528443369600508,130
2023-11-07T09:00:00Z,GAS,COGENERATION,3967.758042066097,5235
2023-11-07T09:00:00Z,GAS,COMBINED CYCLE,1502.265375363032,3010
2023-11-07T09:00:00Z,GAS,GAS FIRED STEAM,777.7066677474976,2609
2023-11-07T09:00:00Z,GAS,SIMPLE CYCLE,127.59722559827898,959
2023-11-07T09:00:00Z,HYDRO,HYDRO,88.02821546037991,894
2023-11-07T09:00:00Z,OTHER,BIOMASS,104.29831573353873,154
2023-11-07T09:00:00Z,OTHER,DUAL FUEL,13.289833517604404,20
2023-11-07T09:00:00Z,OTHER,GAS,2.3999509811401367,10
2023-11-07T09:00:00Z,OTHER,GAS COGEN,21.32509678522746,58
2023-11-07T09:00:00Z,OTHER,OIL/GAS,43.12561477449205,53
2023-11-07T09:00:00Z,OTHER,WOOD/REFUSE,89.99395286771986,149
2023-11-07T09:00:00Z,SOLAR,SOLAR,0,1420
2023-11-07T09:00:00Z,WIND,WIND,1413.6148650918406,4150
2023-11-07T10:00:00Z,COAL,COAL,797.4836544799805,820
2023-11-07T10:00:00Z,DUAL FUEL,DUAL FUEL,464.8364393107096,466
2023-11-07T10:00:00Z,ENERGY STORAGE,ENERGY STORAGE,-4.772388021681044,130
2023-11-07T10:00:00Z,GAS,COGENERATION,3936.489906522963,5235
2023-11-07T10:00:00Z,GAS,COMBINED CYCLE,1493.8367042933571,3010
2023-11-07T10:00:00Z,GAS,GAS FIRED STEAM,670.0218821207683,2609
2023-11-07T10:00:00Z,GAS,SIMPLE CYCLE,105.53027582380507,959
2023-11-07T10:00:00Z,HYDRO,HYDRO,84.23924492369096,894
2023-11-07T10:00:00Z,OTHER,BIOMASS,107.06421456866794,154
2023-11-07T10:00:00Z,OTHER,DUAL FUEL,13.11711075146993,20
2023-11-07T10:00:00Z,OTHER,GAS,2.3999509811401367,10
2023-11-07T10:00:00Z,OTHER,GAS COGEN,20.81359597629971,58
2023-11-07T10:00:00Z,OTHER,OIL/GAS,43.875770303938125,53
2023-11-07T10:00:00Z,OTHER,WOOD/REFUSE,89.28282926029628,149
2023-11-07T10:00:00Z,SOLAR,SOLAR,0,1420
2023-11-07T10:00:00Z,WIND,WIND,1600.422708049516,4150
2023-11-07T11:00:00Z,COAL,COAL,797.1154844326443,820
2023-11-07T11:00:00Z,DUAL FUEL,DUAL FUEL,464.9084377543131,466
2023-11-07T11:00:00Z,ENERGY STORAGE,ENERGY STORAGE,-4.721887827979194,130
2023-11-07T11:00:00Z,GAS,COGENERATION,3905.081857951747,5235
2023-11-07T11:00:00Z,GAS,COMBINED CYCLE,1493.7444151438608,3010
2023-11-07T11:00:00Z,GAS,GAS FIRED STEAM,624.2917438040839,2609
2023-11-07T11:00:00Z,GAS,SIMPLE CYCLE,105.52494229449167,959
2023-11-07T11:00:00Z,HYDRO,HYDRO,79.23701282026039,894
2023-11-07T11:00:00Z,OTHER,BIOMASS,105.08323166264428,154
2023-11-07T11:00:00Z,OTHER,DUAL FUEL,9.820333472357856,20
2023-11-07T11:00:00Z,OTHER,GAS,2.3999509811401367,10
2023-11-07T11:00:00Z,OTHER,GAS COGEN,20.940268394682143,58
2023-11-07T11:00:00Z,OTHER,OIL/GAS,43.33894366370307,53
2023-11-07T11:00:00Z,OTHER,WOOD/REFUSE,88.96807287481096,149
2023-11-07T11:00:00Z,SOLAR,SOLAR,0,1420
2023-11-07T11:00:00Z,WIND,WIND,1701.1789286125368,4150
2023-11-07T12:00:00Z,COAL,COAL,797.5488782077366,820
2023-11-07T12:00:00Z,DUAL FUEL,DUAL FUEL,464.8836609564887,466
2023-11-07T12:00:00Z,ENERGY STORAGE,ENERGY STORAGE,-4.76027686436971,130
2023-11-07T12:00:00Z,GAS,COGENERATION,3958.4447312959037,5235
2023-11-07T12:00:00Z,GAS,COMBINED CYCLE,1488.7482719537948,3010
2023-11-07T12:00:00Z,GAS,GAS FIRED STEAM,768.6550496970283,2609
2023-11-07T12:00:00Z,GAS,SIMPLE CYCLE,114.75999744137127,959
2023-11-07T12:00:00Z,HYDRO,HYDRO,75.2452148840328,894
2023-11-07T12:00:00Z,OTHER,BIOMASS,103.95392867300245,154
2023-11-07T12:00:00Z,OTHER,DUAL FUEL,9.820333472357856,20
2023-11-07T12:00:00Z,OTHER,GAS,2.3999509811401367,10
2023-11-07T12:00:00Z,OTHER,GAS COGEN,20.930010449091593,58
2023-11-07T12:00:00Z,OTHER,OIL/GAS,43.125910705990265,53
2023-11-07T12:00:00Z,OTHER,WOOD/REFUSE,88.80845873726739,149
2023-11-07T12:00:00Z,SOLAR,SOLAR,0,1420
2023-11-07T12:00:00Z,WIND,WIND,1712.8008929868372,4150
2023-11-07T13:00:00Z,COAL,COAL,797.0882686869304,820
2023-11-07T13:00:00Z,DUAL FUEL,DUAL FUEL,464.9127711317274,466
2023-11-07T13:00:00Z,ENERGY STORAGE,ENERGY STORAGE,-4.705332225163778,130
2023-11-07T13:00:00Z,GAS,COGENERATION,3974.026607091162,5235
2023-11-07T13:00:00Z,GAS,COMBINED CYCLE,1600.3302566205132,3010
2023-11-07T13:00:00Z,GAS,GAS FIRED STEAM,829.814093009101,2609
2023-11-07T13:00:00Z,GAS,SIMPLE CYCLE,129.8708309205042,959
2023-11-07T13:00:00Z,HYDRO,HYDRO,118.78161663666368,894
2023-11-07T13:00:00Z,OTHER,BIOMASS,106.0055125787523,154
2023-11-07T13:00:00Z,OTHER,DUAL FUEL,9.830500113169352,20
2023-11-07T13:00:00Z,OTHER,GAS,2.3999509811401367,10
2023-11-07T13:00:00Z,OTHER,GAS COGEN,20.678232714335124,58
2023-11-07T13:00:00Z,OTHER,OIL/GAS,43.690694160461426,53
2023-11-07T13:00:00Z,OTHER,WOOD/REFUSE,89.10121012210845,149
2023-11-07T13:00:00Z,SOLAR,SOLAR,0,1420
2023-11-07T13:00:00Z,WIND,WIND,1839.2655246547279,4150
2023-11-07T14:00:00Z,COAL,COAL,797.6661559549967,820
2023-11-07T14:00:00Z,DUAL FUEL,DUAL FUEL,464.7737708875868,466
2023-11-07T14:00:00Z,ENERGY STORAGE,ENERGY STORAGE,-2.0509995232688056,130
2023-11-07T14:00:00Z,GAS,COGENERATION,3985.2655642668406,5235
2023-11-07T14:00:00Z,GAS,COMBINED CYCLE,1722.1203169123332,3010
2023-11-07T14:00:00Z,GAS,GAS FIRED STEAM,913.8585298071968,2609
2023-11-07T14:00:00Z,GAS,SIMPLE CYCLE,236.08376507255767,959
2023-11-07T14:00:00Z,HYDRO,HYDRO,181.1703779089782,894
2023-11-07T14:00:00Z,OTHER,BIOMASS,105.95455308861203,154
2023-11-07T14:00:00Z,OTHER,DUAL FUEL,9.833500105539958,20
2023-11-07T14:00:00Z,OTHER,GAS,2.3999509811401367,10
2023-11-07T14:00:00Z,OTHER,GAS COGEN,20.609189422395495,58
2023-11-07T14:00:00Z,OTHER,OIL/GAS,43.51309928046332,53
2023-11-07T14:00:00Z,OTHER,WOOD/REFUSE,89.48041612201267,149
2023-11-07T14:00:00Z,SOLAR,SOLAR,0.6203333140909671,1420
2023-11-07T14:00:00Z,WIND,WIND,1833.7068719556844,4150
2023-11-07T15:00:00Z,COAL,COAL,796.4411569892036,820
2023-11-07T15:00:00Z,DUAL FUEL,DUAL FUEL,464.54499452379014,466
2023-11-07T15:00:00Z,ENERGY STORAGE,ENERGY STORAGE,-0.17444448285632663,130
2023-11-07T15:00:00Z,GAS,COGENERATION,3977.0674643966886,5235
2023-11-07T15:00:00Z,GAS,COMBINED CYCLE,1765.1726044246884,3010
2023-11-07T15:00:00Z,GAS,GAS FIRED STEAM,1180.6894970575968,2609
2023-11-07T15:00:00Z,GAS,SIMPLE CYCLE,233.67867259336845,959
2023-11-07T15:00:00Z,HYDRO,HYDRO,126.86880103694068,894
2023-11-07T15:00:00Z,OTHER,BIOMASS,112.73500259505379,154
2023-11-07T15:00:00Z,OTHER,DUAL FUEL,11.619999925295511,20
2023-11-07T15:00:00Z,OTHER,GAS,2.3999509811401367,10
2023-11-07T15:00:00Z,OTHER,GAS COGEN,23.39456283463372,58
2023-11-07T15:00:00Z,OTHER,OIL/GAS,43.48992600970798,53
2023-11-07T15:00:00Z,OTHER,WOOD/REFUSE,90.54259903219011,149
2023-11-07T15:00:00Z,SOLAR,SOLAR,25.954499553889033,1420
2023-11-07T15:00:00Z,WIND,WIND,1571.0832708795535,4150
2023-11-07T16:00:00Z,COAL,COAL,796.8449887254503,820
2023-11-07T16:00:00Z,DUAL FUEL,DUAL FUEL,464.7158824835883,466
2023-11-07T16:00:00Z,ENERGY STORAGE,ENERGY STORAGE,-1.206777773168352,130
2023-11-07T16:00:00Z,GAS,COGENERATION,3966.8045507364805,5235
2023-11-07T16:00:00Z,GAS,COMBINED CYCLE,1803.1935054805544,3010
2023-11-07T16:00:00Z,GAS,GAS FIRED STEAM,1127.1019458770752,2609
2023-11-07T16:00:00Z,GAS,SIMPLE CYCLE,235.3914584285683,959
2023-11-07T16:00:00Z,HYDRO,HYDRO,181.7894164798326,894
2023-11-07T16:00:00Z,OTHER,BIOMASS,105.97057582961189,154
2023-11-07T16:00:00Z,OTHER,DUAL FUEL,13.199999809265137,20
2023-11-07T16:00:00Z,OTHER,GAS,2.3999509811401367,10
2023-11-07T16:00:00Z,OTHER,GAS COGEN,22.51643574608697,58
2023-11-07T16:00:00Z,OTHER,OIL/GAS,43.5158543671502,53
2023-11-07T16:00:00Z,OTHER,WOOD/REFUSE,89.46726151413388,149
2023-11-07T16:00:00Z,SOLAR,SOLAR,69.3816652570996,1420
2023-11-07T16:00:00Z,WIND,WIND,1602.3899879211147,4150
2023-11-07T17:00:00Z,COAL,COAL,796.5628195699055,820
2023-11-07T17:00:00Z,DUAL FUEL,DUAL FUEL,464.8087714301215,466
2023-11-07T17:00:00Z,ENERGY STORAGE,ENERGY STORAGE,-0.15127777417500815,130
2023-11-07T17:00:00Z,GAS,COGENERATION,3955.2465873577858,5235
2023-11-07T17:00:00Z,GAS,COMBINED CYCLE,1807.1481188906564,3010
2023-11-07T17:00:00Z,GAS,GAS FIRED STEAM,1296.58846728007,2609
2023-11-07T17:00:00Z,GAS,SIMPLE CYCLE,220.0980583187938,959
2023-11-07T17:00:00Z,HYDRO,HYDRO,154.73938429628808,894
2023-11-07T17:00:00Z,OTHER,BIOMASS,103.25339789284601,154
2023-11-07T17:00:00Z,OTHER,DUAL FUEL,13.163499817318389,20
2023-11-07T17:00:00Z,OTHER,GAS,2.3999509811401367,10
2023-11-07T17:00:00Z,OTHER,GAS COGEN,22.250744814342923,58
2023-11-07T17:00:00Z,OTHER,OIL/GAS,43.873344031439885,53
2023-11-07T17:00:00Z,OTHER,WOOD/REFUSE,91.41244899802737,149
2023-11-07T17:00:00Z,SOLAR,SOLAR,147.5076083796223,1420
2023-11-07T17:00:00Z,WIND,WIND,1400.4531214508663,4150
2023-11-07T18:00:00Z,COAL,COAL,797.2238215637208,820
2023-11-07T18:00:00Z,DUAL FUEL,DUAL FUEL,464.77382756551106,466
2023-11-07T18:00:00Z,ENERGY STORAGE,ENERGY STORAGE,-0.04044444084167481,130
2023-11-07T18:00:00Z,GAS,COGENERATION,3919.2036054648293,5235
2023-11-07T18:00:00Z,GAS,COMBINED CYCLE,1792.157725666364,3010
2023-11-07T18:00:00Z,GAS,GAS FIRED STEAM,1307.0365134514702,2609
2023-11-07T18:00:00Z,GAS,SIMPLE CYCLE,220.8311637009515,959
2023-11-07T18:00:00Z,HYDRO,HYDRO,86.54855445994272,894
2023-11-07T18:00:00Z,OTHER,BIOMASS,102.47341274473402,154
2023-11-07T18:00:00Z,OTHER,DUAL FUEL,12.995999997456869,20
2023-11-07T18:00:00Z,OTHER,GAS,2.3999509811401367,10
2023-11-07T18:00:00Z,OTHER,GAS COGEN,22.357349059846666,58
2023-11-07T18:00:00Z,OTHER,OIL/GAS,43.94985366609362,53
2023-11-07T18:00:00Z,OTHER,WOOD/REFUSE,91.4870499891705,149
2023-11-07T18:00:00Z,SOLAR,SOLAR,242.02688507492346,1420
2023-11-07T18:00:00Z,WIND,WIND,1478.4554780044407,4150
2023-11-07T19:00:00Z,COAL,COAL,797.1358242119684,820
2023-11-07T19:00:00Z,DUAL FUEL,DUAL FUEL,464.77843705919054,466
2023-11-07T19:00:00Z,ENERGY STORAGE,ENERGY STORAGE,0.00305556668175591,130
2023-11-07T19:00:00Z,GAS,COGENERATION,3878.9612263239756,5235
2023-11-07T19:00:00Z,GAS,COMBINED CYCLE,1767.1407839398914,3010
2023-11-07T19:00:00Z,GAS,GAS FIRED STEAM,978.5731754514906,2609
2023-11-07T19:00:00Z,GAS,SIMPLE CYCLE,264.07871739950446,959
2023-11-07T19:00:00Z,HYDRO,HYDRO,120.0683897962835,894
2023-11-07T19:00:00Z,OTHER,BIOMASS,104.24749778270721,154
2023-11-07T19:00:00Z,OTHER,DUAL FUEL,12.759277867741057,20
2023-11-07T19:00:00Z,OTHER,GAS,2.3999509811401367,10
2023-11-07T19:00:00Z,OTHER,GAS COGEN,20.93403923564487,58
2023-11-07T19:00:00Z,OTHER,OIL/GAS,43.99841008928087,53
2023-11-07T19:00:00Z,OTHER,WOOD/REFUSE,89.23231632285648,149
2023-11-07T19:00:00Z,SOLAR,SOLAR,335.8512835468683,1420
2023-11-07T19:00:00Z,WIND,WIND,1601.5871934401741,4150
2023-11-07T20:00:00Z,COAL,COAL,796.296376308865,820
2023-11-07T20:00:00Z,DUAL FUEL,DUAL FUEL,464.71110461764863,466
2023-11-07T20:00:00Z,ENERGY STORAGE,ENERGY STORAGE,-8.888922797309e-4,130
2023-11-07T20:00:00Z,GAS,COGENERATION,3943.492816056146,5235
2023-11-07T20:00:00Z,GAS,COMBINED CYCLE,1760.295641822285,3010
2023-11-07T20:00:00Z,GAS,GAS FIRED STEAM,927.4402215618558,2609
2023-11-07T20:00:00Z,GAS,SIMPLE CYCLE,271.70221853989693,959
2023-11-07T20:00:00Z,HYDRO,HYDRO,122.75864999426736,894
2023-11-07T20:00:00Z,OTHER,BIOMASS,105.15555313852099,154
2023-11-07T20:00:00Z,OTHER,DUAL FUEL,12.703500129381815,20
2023-11-07T20:00:00Z,OTHER,GAS,2.3999509811401367,10
2023-11-07T20:00:00Z,OTHER,GAS COGEN,20.88995009104411,58
2023-11-07T20:00:00Z,OTHER,OIL/GAS,43.684638127221,53
2023-11-07T20:00:00Z,OTHER,WOOD/REFUSE,89.64160571681128,149
2023-11-07T20:00:00Z,SOLAR,SOLAR,289.3446963442365,1420
2023-11-07T20:00:00Z,WIND,WIND,1602.9834458047483,4150
2023-11-07T21:00:00Z,COAL,COAL,795.2299595303006,820
2023-11-07T21:00:00Z,DUAL FUEL,DUAL FUEL,464.6621385023329,466
2023-11-07T21:00:00Z,ENERGY STORAGE,ENERGY STORAGE,0.0125555838478936,130
2023-11-07T21:00:00Z,GAS,COGENERATION,3935.4906262309023,5235
2023-11-07T21:00:00Z,GAS,COMBINED CYCLE,1790.5140852597024,3010
2023-11-07T21:00:00Z,GAS,GAS FIRED STEAM,1038.5813287268745,2609
2023-11-07T21:00:00Z,GAS,SIMPLE CYCLE,318.37204741471345,959
2023-11-07T21:00:00Z,HYDRO,HYDRO,163.8146550188793,894
2023-11-07T21:00:00Z,OTHER,BIOMASS,105.51531237125397,154
2023-11-07T21:00:00Z,OTHER,DUAL FUEL,12.775944395065308,20
2023-11-07T21:00:00Z,OTHER,GAS,2.3999509811401367,10
2023-11-07T21:00:00Z,OTHER,GAS COGEN,20.905485411220127,58
2023-11-07T21:00:00Z,OTHER,OIL/GAS,43.82249280929565,53
2023-11-07T21:00:00Z,OTHER,WOOD/REFUSE,90.14443734354444,149
2023-11-07T21:00:00Z,SOLAR,SOLAR,230.35430568137102,1420
2023-11-07T21:00:00Z,WIND,WIND,1429.4377007899309,4150
2023-11-07T22:00:00Z,COAL,COAL,796.1024880303278,820
2023-11-07T22:00:00Z,DUAL FUEL,DUAL FUEL,464.83343894110783,466
2023-11-07T22:00:00Z,ENERGY STORAGE,ENERGY STORAGE,0.02438893318176269,130
2023-11-07T22:00:00Z,GAS,COGENERATION,3901.4558652729456,5235
2023-11-07T22:00:00Z,GAS,COMBINED CYCLE,1785.2624848286312,3010
2023-11-07T22:00:00Z,GAS,GAS FIRED STEAM,1028.1593662812975,2609
2023-11-07T22:00:00Z,GAS,SIMPLE CYCLE,396.27092356248033,959
2023-11-07T22:00:00Z,HYDRO,HYDRO,183.64733213649856,894
2023-11-07T22:00:00Z,OTHER,BIOMASS,109.22080351246728,154
2023-11-07T22:00:00Z,OTHER,DUAL FUEL,12.990999994277956,20
2023-11-07T22:00:00Z,OTHER,GAS,2.3999509811401367,10
2023-11-07T22:00:00Z,OTHER,GAS COGEN,20.93127901819017,58
2023-11-07T22:00:00Z,OTHER,OIL/GAS,43.668354464636906,53
2023-11-07T22:00:00Z,OTHER,WOOD/REFUSE,90.22444603867001,149
2023-11-07T22:00:00Z,SOLAR,SOLAR,149.95702298634583,1420
2023-11-07T22:00:00Z,WIND,WIND,1405.864055406894,4150
2023-11-07T23:00:00Z,COAL,COAL,794.0624859280056,820
2023-11-07T23:00:00Z,DUAL FUEL,DUAL FUEL,464.761106177436,466
2023-11-07T23:00:00Z,ENERGY STORAGE,ENERGY STORAGE,0.011722264289855951,130
2023-11-07T23:00:00Z,GAS,COGENERATION,3906.2472320601673,5235
2023-11-07T23:00:00Z,GAS,COMBINED CYCLE,1816.024759514067,3010
2023-11-07T23:00:00Z,GAS,GAS FIRED STEAM,1247.867828394572,2609
2023-11-07T23:00:00Z,GAS,SIMPLE CYCLE,413.5730761331651,959
2023-11-07T23:00:00Z,HYDRO,HYDRO,216.4059409045428,894
2023-11-07T23:00:00Z,OTHER,BIOMASS,112.24050496472252,154
2023-11-07T23:00:00Z,OTHER,DUAL FUEL,12.998166665501063,20
2023-11-07T23:00:00Z,OTHER,GAS,2.3999509811401367,10
2023-11-07T23:00:00Z,OTHER,GAS COGEN,20.932285555733575,58
2023-11-07T23:00:00Z,OTHER,OIL/GAS,43.871899104648165,53
2023-11-07T23:00:00Z,OTHER,WOOD/REFUSE,91.6841821750005,149
2023-11-07T23:00:00Z,SOLAR,SOLAR,28.802110447254446,1420
2023-11-07T23:00:00Z,WIND,WIND,1339.8350321341886,4150
2023-11-08T00:00:00Z,COAL,COAL,794.3446506924099,820
2023-11-08T00:00:00Z,DUAL FUEL,DUAL FUEL,464.7454372829862,466
2023-11-08T00:00:00Z,ENERGY STORAGE,ENERGY STORAGE,-2.777788374159e-4,130
2023-11-08T00:00:00Z,GAS,COGENERATION,3967.738615104622,5235
2023-11-08T00:00:00Z,GAS,COMBINED CYCLE,1823.736076523463,3010
2023-11-08T00:00:00Z,GAS,GAS FIRED STEAM,1476.0485638512505,2609
2023-11-08T00:00:00Z,GAS,SIMPLE CYCLE,533.5663024900026,959
2023-11-08T00:00:00Z,HYDRO,HYDRO,138.3702489242951,894
2023-11-08T00:00:00Z,OTHER,BIOMASS,118.9476641623179,154
2023-11-08T00:00:00Z,OTHER,DUAL FUEL,13,20
2023-11-08T00:00:00Z,OTHER,GAS,2.3999509811401367,10
2023-11-08T00:00:00Z,OTHER,GAS COGEN,32.80143688095941,58
2023-11-08T00:00:00Z,OTHER,OIL/GAS,43.6375428475274,53
2023-11-08T00:00:00Z,OTHER,WOOD/REFUSE,98.62341811286079,149
2023-11-08T00:00:00Z,SOLAR,SOLAR,1.0566666895482275,1420
2023-11-08T00:00:00Z,WIND,WIND,1311.986029227111,4150
2023-11-08T01:00:00Z,COAL,COAL,794.2690997314453,820
2023-11-08T01:00:00Z,DUAL FUEL,DUAL FUEL,464.868271484375,466
2023-11-08T01:00:00Z,ENERGY STORAGE,ENERGY STORAGE,0.00277778837415907,130
2023-11-08T01:00:00Z,GAS,COGENERATION,3985.599761530558,5235
2023-11-08T01:00:00Z,GAS,COMBINED CYCLE,1719.1895478804906,3010
2023-11-08T01:00:00Z,GAS,GAS FIRED STEAM,1096.6795885425145,2609
2023-11-08T01:00:00Z,GAS,SIMPLE CYCLE,511.4861599667867,959
2023-11-08T01:00:00Z,HYDRO,HYDRO,123.60464175462722,894
2023-11-08T01:00:00Z,OTHER,BIOMASS,107.23733691321479,154
2023-11-08T01:00:00Z,OTHER,DUAL FUEL,13,20
2023-11-08T01:00:00Z,OTHER,GAS,2.3999509811401367,10
2023-11-08T01:00:00Z,OTHER,GAS COGEN,21.893294094933403,58
2023-11-08T01:00:00Z,OTHER,OIL/GAS,42.65923786799113,53
2023-11-08T01:00:00Z,OTHER,WOOD/REFUSE,92.90825654930538,149
2023-11-08T01:00:00Z,SOLAR,SOLAR,0.5827777899636163,1420
2023-11-08T01:00:00Z,WIND,WIND,1619.1839644350443,4150
2023-11-08T02:00:00Z,COAL,COAL,794.7115979851617,820
2023-11-08T02:00:00Z,DUAL FUEL,DUAL FUEL,464.9033245171441,466
2023-11-08T02:00:00Z,ENERGY STORAGE,ENERGY STORAGE,0.00333334604899088,130
2023-11-08T02:00:00Z,GAS,COGENERATION,4002.1706170998677,5235
2023-11-08T02:00:00Z,GAS,COMBINED CYCLE,1676.1242124769424,3010
2023-11-08T02:00:00Z,GAS,GAS FIRED STEAM,786.0636562347412,2609
2023-11-08T02:00:00Z,GAS,SIMPLE CYCLE,459.256566813555,959
2023-11-08T02:00:00Z,HYDRO,HYDRO,158.97387522988848,894
2023-11-08T02:00:00Z,OTHER,BIOMASS,105.9407450442844,154
2023-11-08T02:00:00Z,OTHER,DUAL FUEL,12.557555613517762,20
2023-11-08T02:00:00Z,OTHER,GAS,2.3999509811401367,10
2023-11-08T02:00:00Z,OTHER,GAS COGEN,21.380338843663537,58
2023-11-08T02:00:00Z,OTHER,OIL/GAS,41.495310351053874,53
2023-11-08T02:00:00Z,OTHER,WOOD/REFUSE,92.15571451187134,149
2023-11-08T02:00:00Z,SOLAR,SOLAR,0,1420
2023-11-08T02:00:00Z,WIND,WIND,1878.6969461294677,4150
2023-11-08T03:00:00Z,COAL,COAL,796.9532651604546,820
2023-11-08T03:00:00Z,DUAL FUEL,DUAL FUEL,465.0400508626302,466
2023-11-08T03:00:00Z,ENERGY STORAGE,ENERGY STORAGE,0.0011666711171468,130
2023-11-08T03:00:00Z,GAS,COGENERATION,3968.667940821648,5235
2023-11-08T03:00:00Z,GAS,COMBINED CYCLE,1561.939840046035,3010
2023-11-08T03:00:00Z,GAS,GAS FIRED STEAM,654.7258404371473,2609
2023-11-08T03:00:00Z,GAS,SIMPLE CYCLE,409.2255986261368,959
2023-11-08T03:00:00Z,HYDRO,HYDRO,143.61600979182455,894
2023-11-08T03:00:00Z,OTHER,BIOMASS,104.54003912554847,154
2023-11-08T03:00:00Z,OTHER,DUAL FUEL,10.22822193675571,20
2023-11-08T03:00:00Z,OTHER,GAS,2.3999509811401367,10
2023-11-08T03:00:00Z,OTHER,GAS COGEN,21.14542034890917,58
2023-11-08T03:00:00Z,OTHER,OIL/GAS,40.50548797607422,53
2023-11-08T03:00:00Z,OTHER,WOOD/REFUSE,91.00094858646393,149
2023-11-08T03:00:00Z,SOLAR,SOLAR,0,1420
2023-11-08T03:00:00Z,WIND,WIND,2147.7963681963747,4150
2023-11-08T04:00:00Z,COAL,COAL,795.8562086486816,820
2023-11-08T04:00:00Z,DUAL FUEL,DUAL FUEL,465.0189937676324,466
2023-11-08T04:00:00Z,ENERGY STORAGE,ENERGY STORAGE,0.00372223642137315,130
2023-11-08T04:00:00Z,GAS,COGENERATION,3843.4772512986924,5235
2023-11-08T04:00:00Z,GAS,COMBINED CYCLE,1539.9364121023814,3010
2023-11-08T04:00:00Z,GAS,GAS FIRED STEAM,533.8149325519138,2609
2023-11-08T04:00:00Z,GAS,SIMPLE CYCLE,229.56570908907386,959
2023-11-08T04:00:00Z,HYDRO,HYDRO,177.10527370307182,894
2023-11-08T04:00:00Z,OTHER,BIOMASS,104.75756963411966,154
2023-11-08T04:00:00Z,OTHER,DUAL FUEL,9.899999618530272,20
2023-11-08T04:00:00Z,OTHER,GAS,2.3999509811401367,10
2023-11-08T04:00:00Z,OTHER,GAS COGEN,21.081151674058702,58
2023-11-08T04:00:00Z,OTHER,OIL/GAS,40.845193288591176,53
2023-11-08T04:00:00Z,OTHER,WOOD/REFUSE,90.83553797245025,149
2023-11-08T04:00:00Z,SOLAR,SOLAR,0,1420
2023-11-08T04:00:00Z,WIND,WIND,2496.642736110385,4150
2023-11-08T05:00:00Z,COAL,COAL,798.4765986972385,820
2023-11-08T05:00:00Z,DUAL FUEL,DUAL FUEL,465.0823269314236,466
2023-11-08T05:00:00Z,ENERGY STORAGE,ENERGY STORAGE,0,130
2023-11-08T05:00:00Z,GAS,COGENERATION,3996.377901711464,5235
2023-11-08T05:00:00Z,GAS,COMBINED CYCLE,1571.9004226054085,3010
2023-11-08T05:00:00Z,GAS,GAS FIRED STEAM,706.6030637613932,2609
2023-11-08T05:00:00Z,GAS,SIMPLE CYCLE,38.717610754039555,959
2023-11-08T05:00:00Z,HYDRO,HYDRO,184.50814601037237,894
2023-11-08T05:00:00Z,OTHER,BIOMASS,101.09152700093057,154
2023-11-08T05:00:00Z,OTHER,DUAL FUEL,9.899999618530272,20
2023-11-08T05:00:00Z,OTHER,GAS,2.3999509811401367,10
2023-11-08T05:00:00Z,OTHER,GAS COGEN,21.008416221406726,58
2023-11-08T05:00:00Z,OTHER,OIL/GAS,40.22398788664077,53
2023-11-08T05:00:00Z,OTHER,WOOD/REFUSE,90.20603208753798,149
2023-11-08T05:00:00Z,SOLAR,SOLAR,0,1420
2023-11-08T05:00:00Z,WIND,WIND,2146.573784115679,4150
2023-11-08T06:00:00Z,COAL,COAL,797.7698740980361,820
2023-11-08T06:00:00Z,DUAL FUEL,DUAL FUEL,465.15582495795354,466
2023-11-08T06:00:00Z,ENERGY STORAGE,ENERGY STORAGE,-2.2222306993272e-4,130
2023-11-08T06:00:00Z,GAS,COGENERATION,4039.606860832638,5235
2023-11-08T06:00:00Z,GAS,COMBINED CYCLE,1645.9509214146933,3010
2023-11-08T06:00:00Z,GAS,GAS FIRED STEAM,912.9797889370388,2609
2023-11-08T06:00:00Z,GAS,SIMPLE CYCLE,76.24849994394515,959
2023-11-08T06:00:00Z,HYDRO,HYDRO,83.51539493532644,894
2023-11-08T06:00:00Z,OTHER,BIOMASS,99.9711735841963,154
2023-11-08T06:00:00Z,OTHER,DUAL FUEL,9.899999618530272,20
2023-11-08T06:00:00Z,OTHER,GAS,2.4049509803454083,10
2023-11-08T06:00:00Z,OTHER,GAS COGEN,20.828180288738675,58
2023-11-08T06:00:00Z,OTHER,OIL/GAS,40.203510167863634,53
2023-11-08T06:00:00Z,OTHER,WOOD/REFUSE,90.40137804720136,149
2023-11-08T06:00:00Z,SOLAR,SOLAR,0,1420
2023-11-08T06:00:00Z,WIND,WIND,1724.3765501637756,4150
2023-11-08T07:00:00Z,COAL,COAL,797.6714864942762,820
2023-11-08T07:00:00Z,DUAL FUEL,DUAL FUEL,465.040715315077,466
2023-11-08T07:00:00Z,ENERGY STORAGE,ENERGY STORAGE,0.00838891824086507,130
2023-11-08T07:00:00Z,GAS,COGENERATION,4041.8332041896715,5235
2023-11-08T07:00:00Z,GAS,COMBINED CYCLE,1652.632445441352,3010
2023-11-08T07:00:00Z,GAS,GAS FIRED STEAM,948.6847686428493,2609
2023-11-08T07:00:00Z,GAS,SIMPLE CYCLE,38.80433303412464,959
2023-11-08T07:00:00Z,HYDRO,HYDRO,104.66703490257264,894
2023-11-08T07:00:00Z,OTHER,BIOMASS,100.09362243758308,154
2023-11-08T07:00:00Z,OTHER,DUAL FUEL,9.899999618530272,20
2023-11-08T07:00:00Z,OTHER,GAS,1.5916176478068034,10
2023-11-08T07:00:00Z,OTHER,GAS COGEN,20.8443317688836,58
2023-11-08T07:00:00Z,OTHER,OIL/GAS,40.127831090291345,53
2023-11-08T07:00:00Z,OTHER,WOOD/REFUSE,90.70038747416604,149
2023-11-08T07:00:00Z,SOLAR,SOLAR,0,1420
2023-11-08T07:00:00Z,WIND,WIND,1544.2300288665626,4150
2023-11-08T08:00:00Z,COAL,COAL,795.2494341701931,820
2023-11-08T08:00:00Z,DUAL FUEL,DUAL FUEL,465.0458847554525,466
2023-11-08T08:00:00Z,ENERGY STORAGE,ENERGY STORAGE,0.00222223069932725,130
2023-11-08T08:00:00Z,GAS,COGENERATION,4037.8342863165008,5235
2023-11-08T08:00:00Z,GAS,COMBINED CYCLE,1588.3415838416418,3010
2023-11-08T08:00:00Z,GAS,GAS FIRED STEAM,778.142344508701,2609
2023-11-08T08:00:00Z,GAS,SIMPLE CYCLE,31.41999956766764,959
2023-11-08T08:00:00Z,HYDRO,HYDRO,100.81756809665097,894
2023-11-08T08:00:00Z,OTHER,BIOMASS,99.86776482582093,154
2023-11-08T08:00:00Z,OTHER,DUAL FUEL,9.8944996187422,20
2023-11-08T08:00:00Z,OTHER,GAS,1.3999509811401367,10
2023-11-08T08:00:00Z,OTHER,GAS COGEN,20.910465228822495,58
2023-11-08T08:00:00Z,OTHER,OIL/GAS,40.27067119386461,53
2023-11-08T08:00:00Z,OTHER,WOOD/REFUSE,90.10748830742305,149
2023-11-08T08:00:00Z,SOLAR,SOLAR,0,1420
2023-11-08T08:00:00Z,WIND,WIND,1786.9389010261661,4150
2023-11-08T09:00:00Z,COAL,COAL,795.4692103915744,820
2023-11-08T09:00:00Z,DUAL FUEL,DUAL FUEL,464.9934938049316,466
2023-11-08T09:00:00Z,ENERGY STORAGE,ENERGY STORAGE,3.3333460489908e-4,130
2023-11-08T09:00:00Z,GAS,COGENERATION,3926.2373027565745,5235
2023-11-08T09:00:00Z,GAS,COMBINED CYCLE,1507.1695537058513,3010
2023-11-08T09:00:00Z,GAS,GAS FIRED STEAM,529.5085539160834,2609
2023-11-08T09:00:00Z,GAS,SIMPLE CYCLE,31.533665841420493,959
2023-11-08T09:00:00Z,HYDRO,HYDRO,72.74158653135102,894
2023-11-08T09:00:00Z,OTHER,BIOMASS,99.92247779899174,154
2023-11-08T09:00:00Z,OTHER,DUAL FUEL,9.899999618530272,20
2023-11-08T09:00:00Z,OTHER,GAS,1.3999509811401367,10
2023-11-08T09:00:00Z,OTHER,GAS COGEN,20.977456648084853,58
2023-11-08T09:00:00Z,OTHER,OIL/GAS,39.88263329188029,53
2023-11-08T09:00:00Z,OTHER,WOOD/REFUSE,89.80708747545877,149
2023-11-08T09:00:00Z,SOLAR,SOLAR,0,1420
2023-11-08T09:00:00Z,WIND,WIND,2111.999066852894,4150
2023-11-08T10:00:00Z,COAL,COAL,797.1659327697755,820
2023-11-08T10:00:00Z,DUAL FUEL,DUAL FUEL,465.0731043158637,466
2023-11-08T10:00:00Z,ENERGY STORAGE,ENERGY STORAGE,1.1111153496636e-4,130
2023-11-08T10:00:00Z,GAS,COGENERATION,4028.5165586598714,5235
2023-11-08T10:00:00Z,GAS,COMBINED CYCLE,1532.5857573800618,3010
2023-11-08T10:00:00Z,GAS,GAS FIRED STEAM,664.6202646043565,2609
2023-11-08T10:00:00Z,GAS,SIMPLE CYCLE,40.529165828625366,959
2023-11-08T10:00:00Z,HYDRO,HYDRO,85.83335377049114,894
2023-11-08T10:00:00Z,OTHER,BIOMASS,99.83083315213521,154
2023-11-08T10:00:00Z,OTHER,DUAL FUEL,9.899999618530272,20
2023-11-08T10:00:00Z,OTHER,GAS,1.3999509811401367,10
2023-11-08T10:00:00Z,OTHER,GAS COGEN,20.92023768001133,58
2023-11-08T10:00:00Z,OTHER,OIL/GAS,39.1542882961697,53
2023-11-08T10:00:00Z,OTHER,WOOD/REFUSE,90.31469884289636,149
2023-11-08T10:00:00Z,SOLAR,SOLAR,0,1420
2023-11-08T10:00:00Z,WIND,WIND,1976.437574149635,4150
2023-11-08T11:00:00Z,COAL,COAL,796.0939320034452,820
2023-11-08T11:00:00Z,DUAL FUEL,DUAL FUEL,465.02099453396266,466
2023-11-08T11:00:00Z,ENERGY STORAGE,ENERGY STORAGE,2.2222306993271854e-4,130
2023-11-08T11:00:00Z,GAS,COGENERATION,4047.614592049387,5235
2023-11-08T11:00:00Z,GAS,COMBINED CYCLE,1577.7785827122793,3010
2023-11-08T11:00:00Z,GAS,GAS FIRED STEAM,766.4206289333767,2609
2023-11-08T11:00:00Z,GAS,SIMPLE CYCLE,39.638276714517005,959
2023-11-08T11:00:00Z,HYDRO,HYDRO,48.05398529143797,894
2023-11-08T11:00:00Z,OTHER,BIOMASS,98.99347125053406,154
2023-11-08T11:00:00Z,OTHER,DUAL FUEL,9.899999618530272,20
2023-11-08T11:00:00Z,OTHER,GAS,1.3999509811401367,10
2023-11-08T11:00:00Z,OTHER,GAS COGEN,20.727655639648436,58
2023-11-08T11:00:00Z,OTHER,OIL/GAS,38.78293739742703,53
2023-11-08T11:00:00Z,OTHER,WOOD/REFUSE,88.63810619566176,149
2023-11-08T11:00:00Z,SOLAR,SOLAR,0,1420
2023-11-08T11:00:00Z,WIND,WIND,1927.3823090724482,4150
2023-11-08T12:00:00Z,COAL,COAL,795.7364891730415,820
2023-11-08T12:00:00Z,DUAL FUEL,DUAL FUEL,465.1037151760525,466
2023-11-08T12:00:00Z,ENERGY STORAGE,ENERGY STORAGE,5.0000031789143e-4,130
2023-11-08T12:00:00Z,GAS,COGENERATION,4053.5714457437725,5235
2023-11-08T12:00:00Z,GAS,COMBINED CYCLE,1521.291925528844,3010
2023-11-08T12:00:00Z,GAS,GAS FIRED STEAM,773.6129971101549,2609
2023-11-08T12:00:00Z,GAS,SIMPLE CYCLE,31.624999046325684,959
2023-11-08T12:00:00Z,HYDRO,HYDRO,64.17985160031252,894
2023-11-08T12:00:00Z,OTHER,BIOMASS,102.81731088691288,154
2023-11-08T12:00:00Z,OTHER,DUAL FUEL,9.899999618530272,20
2023-11-08T12:00:00Z,OTHER,GAS,1.3999509811401367,10
2023-11-08T12:00:00Z,OTHER,GAS COGEN,20.8654059653812,58
2023-11-08T12:00:00Z,OTHER,OIL/GAS,39.38613251368205,53
2023-11-08T12:00:00Z,OTHER,WOOD/REFUSE,89.47884693728552,149
2023-11-08T12:00:00Z,SOLAR,SOLAR,0,1420
2023-11-08T12:00:00Z,WIND,WIND,2051.356278198196,4150
2023-11-08T13:00:00Z,COAL,COAL,796.6370438300239,820
2023-11-08T13:00:00Z,DUAL FUEL,DUAL FUEL,465.1201601155599,466
2023-11-08T13:00:00Z,ENERGY STORAGE,ENERGY STORAGE,-2.517166322602166,130
2023-11-08T13:00:00Z,GAS,COGENERATION,4032.371779782772,5235
2023-11-08T13:00:00Z,GAS,COMBINED CYCLE,1500.0364590475294,3010
2023-11-08T13:00:00Z,GAS,GAS FIRED STEAM,743.2754896842108,2609
2023-11-08T13:00:00Z,GAS,SIMPLE CYCLE,31.59883244620429,959
2023-11-08T13:00:00Z,HYDRO,HYDRO,103.24402544753418,894
2023-11-08T13:00:00Z,OTHER,BIOMASS,98.08310624281565,154
2023-11-08T13:00:00Z,OTHER,DUAL FUEL,9.899999618530272,20
2023-11-08T13:00:00Z,OTHER,GAS,1.2555065883530512,10
2023-11-08T13:00:00Z,OTHER,GAS COGEN,20.877156054178872,58
2023-11-08T13:00:00Z,OTHER,OIL/GAS,39.597659806145565,53
2023-11-08T13:00:00Z,OTHER,WOOD/REFUSE,89.22870809978909,149
2023-11-08T13:00:00Z,SOLAR,SOLAR,0,1420
2023-11-08T13:00:00Z,WIND,WIND,2308.823020903733,4150
2023-11-08T14:00:00Z,COAL,COAL,796.746151207818,820
2023-11-08T14:00:00Z,DUAL FUEL,DUAL FUEL,465.12693688286674,466
2023-11-08T14:00:00Z,ENERGY STORAGE,ENERGY STORAGE,-4.340221751001146,130
2023-11-08T14:00:00Z,GAS,COGENERATION,4004.7087419806585,5235
2023-11-08T14:00:00Z,GAS,COMBINED CYCLE,1565.768457522922,3010
2023-11-08T14:00:00Z,GAS,GAS FIRED STEAM,647.645328962538,2609
2023-11-08T14:00:00Z,GAS,SIMPLE CYCLE,31.695832199520535,959
2023-11-08T14:00:00Z,HYDRO,HYDRO,93.5918438374665,894
2023-11-08T14:00:00Z,OTHER,BIOMASS,97.34970800611707,154
2023-11-08T14:00:00Z,OTHER,DUAL FUEL,11.26866628434923,20
2023-11-08T14:00:00Z,OTHER,GAS,1.1999510526657104,10
2023-11-08T14:00:00Z,OTHER,GAS COGEN,20.817102584838867,58
2023-11-08T14:00:00Z,OTHER,OIL/GAS,39.70306024339464,53
2023-11-08T14:00:00Z,OTHER,WOOD/REFUSE,87.25340356826783,149
2023-11-08T14:00:00Z,SOLAR,SOLAR,3.737388792501556,1420
2023-11-08T14:00:00Z,WIND,WIND,2640.3948684587745,4150
2023-11-08T15:00:00Z,COAL,COAL,794.8622117784289,820
2023-11-08T15:00:00Z,DUAL FUEL,DUAL FUEL,465.0723823208279,466
2023-11-08T15:00:00Z,ENERGY STORAGE,ENERGY STORAGE,-1.9640554184383816,130
2023-11-08T15:00:00Z,GAS,COGENERATION,3892.1966780847974,5235
2023-11-08T15:00:00Z,GAS,COMBINED CYCLE,1551.4251818243663,3010
2023-11-08T15:00:00Z,GAS,GAS FIRED STEAM,505.2848890686035,2609
2023-11-08T15:00:00Z,GAS,SIMPLE CYCLE,77.12294312357902,959
2023-11-08T15:00:00Z,HYDRO,HYDRO,83.0156643863519,894
2023-11-08T15:00:00Z,OTHER,BIOMASS,90.83841389073265,154
2023-11-08T15:00:00Z,OTHER,DUAL FUEL,11.868944064246284,20
2023-11-08T15:00:00Z,OTHER,GAS,1.1999510526657104,10
2023-11-08T15:00:00Z,OTHER,GAS COGEN,20.865256920920476,58
2023-11-08T15:00:00Z,OTHER,OIL/GAS,39.63387728161282,53
2023-11-08T15:00:00Z,OTHER,WOOD/REFUSE,85.7790257496304,149
2023-11-08T15:00:00Z,SOLAR,SOLAR,193.8277558484839,1420
2023-11-08T15:00:00Z,WIND,WIND,2918.333938440747,4150
2023-11-08T16:00:00Z,COAL,COAL,796.4682633294,820
2023-11-08T16:00:00Z,DUAL FUEL,DUAL FUEL,465.33838239881726,466
2023-11-08T16:00:00Z,ENERGY STORAGE,ENERGY STORAGE,-2.258166463640001,130
2023-11-08T16:00:00Z,GAS,COGENERATION,3809.0430481004714,5235
2023-11-08T16:00:00Z,GAS,COMBINED CYCLE,1321.251242292722,3010
2023-11-08T16:00:00Z,GAS,GAS FIRED STEAM,503.63624550713433,2609
2023-11-08T16:00:00Z,GAS,SIMPLE CYCLE,85.4695851249165,959
2023-11-08T16:00:00Z,HYDRO,HYDRO,150.7611209369037,894
2023-11-08T16:00:00Z,OTHER,BIOMASS,82.93401684231227,154
2023-11-08T16:00:00Z,OTHER,DUAL FUEL,9.828166785769993,20
2023-11-08T16:00:00Z,OTHER,GAS,1.1999510526657104,10
2023-11-08T16:00:00Z,OTHER,GAS COGEN,20.76495626449585,58
2023-11-08T16:00:00Z,OTHER,OIL/GAS,39.66268799887763,53
2023-11-08T16:00:00Z,OTHER,WOOD/REFUSE,85.97445743454827,149
2023-11-08T16:00:00Z,SOLAR,SOLAR,470.72186763323015,1420
2023-11-08T16:00:00Z,WIND,WIND,2860.8278647692996,4150
2023-11-08T17:00:00Z,COAL,COAL,796.6951542494032,820
2023-11-08T17:00:00Z,DUAL FUEL,DUAL FUEL,465.5497152370877,466
2023-11-08T17:00:00Z,ENERGY STORAGE,ENERGY STORAGE,-1.184888759189182,130
2023-11-08T17:00:00Z,GAS,COGENERATION,3813.3596797850396,5235
2023-11-08T17:00:00Z,GAS,COMBINED CYCLE,1396.888600554996,3010
2023-11-08T17:00:00Z,GAS,GAS FIRED STEAM,499.62607846154106,2609
2023-11-08T17:00:00Z,GAS,SIMPLE CYCLE,96.28415899753571,959
2023-11-08T17:00:00Z,HYDRO,HYDRO,143.40297182000347,894
2023-11-08T17:00:00Z,OTHER,BIOMASS,83.2060131459766,154
2023-11-08T17:00:00Z,OTHER,DUAL FUEL,9.8195001411438,20
2023-11-08T17:00:00Z,OTHER,GAS,1.1999510526657104,10
2023-11-08T17:00:00Z,OTHER,GAS COGEN,20.637910834418403,58
2023-11-08T17:00:00Z,OTHER,OIL/GAS,39.56398876402113,53
2023-11-08T17:00:00Z,OTHER,WOOD/REFUSE,81.02478801250459,149
2023-11-08T17:00:00Z,SOLAR,SOLAR,639.8741751815544,1420
2023-11-08T17:00:00Z,WIND,WIND,2735.3373997682997,4150
2023-11-08T18:00:00Z,COAL,COAL,796.3232664320203,820
2023-11-08T18:00:00Z,DUAL FUEL,DUAL FUEL,465.5741057671441,466
2023-11-08T18:00:00Z,ENERGY STORAGE,ENERGY STORAGE,0.00372223536173502,130
2023-11-08T18:00:00Z,GAS,COGENERATION,3916.45459985137,5235
2023-11-08T18:00:00Z,GAS,COMBINED CYCLE,1544.930321492619,3010
2023-11-08T18:00:00Z,GAS,GAS FIRED STEAM,529.9580412801107,2609
2023-11-08T18:00:00Z,GAS,SIMPLE CYCLE,96.64430190033383,959
2023-11-08T18:00:00Z,HYDRO,HYDRO,162.4825087645981,894
2023-11-08T18:00:00Z,OTHER,BIOMASS,77.82843745370705,154
2023-11-08T18:00:00Z,OTHER,DUAL FUEL,9.820666804843478,20
2023-11-08T18:00:00Z,OTHER,GAS,1.1999510526657104,10
2023-11-08T18:00:00Z,OTHER,GAS COGEN,20.67177964422438,58
2023-11-08T18:00:00Z,OTHER,OIL/GAS,40.26404853185018,53
2023-11-08T18:00:00Z,OTHER,WOOD/REFUSE,82.12964570151435,149
2023-11-08T18:00:00Z,SOLAR,SOLAR,672.8296918038196,1420
2023-11-08T18:00:00Z,WIND,WIND,2574.743973986043,4150
2023-11-08T19:00:00Z,COAL,COAL,794.3275973341201,820
2023-11-08T19:00:00Z,DUAL FUEL,DUAL FUEL,465.5429386901856,466
2023-11-08T19:00:00Z,ENERGY STORAGE,ENERGY STORAGE,-0.07566695531209311,130
2023-11-08T19:00:00Z,GAS,COGENERATION,4017.970366968844,5235
2023-11-08T19:00:00Z,GAS,COMBINED CYCLE,1587.3595343282486,3010
2023-11-08T19:00:00Z,GAS,GAS FIRED STEAM,575.8335596169366,2609
2023-11-08T19:00:00Z,GAS,SIMPLE CYCLE,95.52048784462941,959
2023-11-08T19:00:00Z,HYDRO,HYDRO,152.00689090482064,894
2023-11-08T19:00:00Z,OTHER,BIOMASS,79.08618228634198,154
2023-11-08T19:00:00Z,OTHER,DUAL FUEL,9.87016667895847,20
2023-11-08T19:00:00Z,OTHER,GAS,1.1999510526657104,10
2023-11-08T19:00:00Z,OTHER,GAS COGEN,20.893046010335286,58
2023-11-08T19:00:00Z,OTHER,OIL/GAS,39.383294607798256,53
2023-11-08T19:00:00Z,OTHER,WOOD/REFUSE,86.21320882108476,149
2023-11-08T19:00:00Z,SOLAR,SOLAR,700.2112656923797,1420
2023-11-08T19:00:00Z,WIND,WIND,2366.1154418881733,4150
2023-11-08T20:00:00Z,COAL,COAL,795.7339855278863,820
2023-11-08T20:00:00Z,DUAL FUEL,DUAL FUEL,465.31382892184786,466
2023-11-08T20:00:00Z,ENERGY STORAGE,ENERGY STORAGE,-8.429777749379475,130
2023-11-08T20:00:00Z,GAS,COGENERATION,4056.7488351898724,5235
2023-11-08T20:00:00Z,GAS,COMBINED CYCLE,1559.063214563264,3010
2023-11-08T20:00:00Z,GAS,GAS FIRED STEAM,673.6774299579197,2609
2023-11-08T20:00:00Z,GAS,SIMPLE CYCLE,105.67211277084218,959
2023-11-08T20:00:00Z,HYDRO,HYDRO,160.81492987847992,894
2023-11-08T20:00:00Z,OTHER,BIOMASS,80.08748567713631,154
2023-11-08T20:00:00Z,OTHER,DUAL FUEL,9.846333406236436,20
2023-11-08T20:00:00Z,OTHER,GAS,1.1999510526657104,10
2023-11-08T20:00:00Z,OTHER,GAS COGEN,21.02035223007202,58
2023-11-08T20:00:00Z,OTHER,OIL/GAS,39.08492585500081,53
2023-11-08T20:00:00Z,OTHER,WOOD/REFUSE,86.81839571846857,149
2023-11-08T20:00:00Z,SOLAR,SOLAR,739.4103474383221,1420
2023-11-08T20:00:00Z,WIND,WIND,2100.1670964270993,4150
2023-11-08T21:00:00Z,COAL,COAL,796.3550458102757,820
2023-11-08T21:00:00Z,DUAL FUEL,DUAL FUEL,465.58077134874134,466
2023-11-08T21:00:00Z,ENERGY STORAGE,ENERGY STORAGE,-8.574610253969828,130
2023-11-08T21:00:00Z,GAS,COGENERATION,4042.454397661024,5235
2023-11-08T21:00:00Z,GAS,COMBINED CYCLE,1427.6593616226646,3010
2023-11-08T21:00:00Z,GAS,GAS FIRED STEAM,652.4310791863336,2609
2023-11-08T21:00:00Z,GAS,SIMPLE CYCLE,116.85419239792559,959
2023-11-08T21:00:00Z,HYDRO,HYDRO,162.41737794985374,894
2023-11-08T21:00:00Z,OTHER,BIOMASS,80.1657654428482,154
2023-11-08T21:00:00Z,OTHER,DUAL FUEL,9.81716681374444,20
2023-11-08T21:00:00Z,OTHER,GAS,1.1999510526657104,10
2023-11-08T21:00:00Z,OTHER,GAS COGEN,21.062986115349663,58
2023-11-08T21:00:00Z,OTHER,OIL/GAS,39.69569891823663,53
2023-11-08T21:00:00Z,OTHER,WOOD/REFUSE,87.80258625242445,149
2023-11-08T21:00:00Z,SOLAR,SOLAR,592.241980718606,1420
2023-11-08T21:00:00Z,WIND,WIND,2064.419400638913,4150
2023-11-08T22:00:00Z,COAL,COAL,794.5470976765951,820
2023-11-08T22:00:00Z,DUAL FUEL,DUAL FUEL,465.6597154066298,466
2023-11-08T22:00:00Z,ENERGY STORAGE,ENERGY STORAGE,-4.891832879384359,130
2023-11-08T22:00:00Z,GAS,COGENERATION,4079.3915028956203,5235
2023-11-08T22:00:00Z,GAS,COMBINED CYCLE,1459.155013985369,3010
2023-11-08T22:00:00Z,GAS,GAS FIRED STEAM,832.0402268854776,2609
2023-11-08T22:00:00Z,GAS,SIMPLE CYCLE,116.74161050491863,959
2023-11-08T22:00:00Z,HYDRO,HYDRO,185.2856902109252,894
2023-11-08T22:00:00Z,OTHER,BIOMASS,76.07826797962188,154
2023-11-08T22:00:00Z,OTHER,DUAL FUEL,9.815500151316323,20
2023-11-08T22:00:00Z,OTHER,GAS,1.1999510526657104,10
2023-11-08T22:00:00Z,OTHER,GAS COGEN,21.16888253847758,58
2023-11-08T22:00:00Z,OTHER,OIL/GAS,39.56899849785699,53
2023-11-08T22:00:00Z,OTHER,WOOD/REFUSE,89.61723765797086,149
2023-11-08T22:00:00Z,SOLAR,SOLAR,343.6709006709523,1420
2023-11-08T22:00:00Z,WIND,WIND,2041.625600825242,4150
2023-11-08T23:00:00Z,COAL,COAL,795.4896541341146,820
2023-11-08T23:00:00Z,DUAL FUEL,DUAL FUEL,465.66449347602,466
2023-11-08T23:00:00Z,ENERGY STORAGE,ENERGY STORAGE,0.043388835589090936,130
2023-11-08T23:00:00Z,GAS,COGENERATION,4149.182255576717,5235
2023-11-08T23:00:00Z,GAS,COMBINED CYCLE,1477.5023837737242,3010
2023-11-08T23:00:00Z,GAS,GAS FIRED STEAM,1195.0414766947429,2609
2023-11-08T23:00:00Z,GAS,SIMPLE CYCLE,117.79828221264812,959
2023-11-08T23:00:00Z,HYDRO,HYDRO,157.34535071859756,894
2023-11-08T23:00:00Z,OTHER,BIOMASS,76.70266565481822,154
2023-11-08T23:00:00Z,OTHER,DUAL FUEL,9.82316679848565,20
2023-11-08T23:00:00Z,OTHER,GAS,1.1999510526657104,10
2023-11-08T23:00:00Z,OTHER,GAS COGEN,21.208980453279285,58
2023-11-08T23:00:00Z,OTHER,OIL/GAS,38.204699122111,53
2023-11-08T23:00:00Z,OTHER,WOOD/REFUSE,91.27878769238791,149
2023-11-08T23:00:00Z,SOLAR,SOLAR,62.02092922025257,1420
2023-11-08T23:00:00Z,WIND,WIND,2059.379088893235,4150
2023-11-09T00:00:00Z,COAL,COAL,795.4417103237577,820
2023-11-09T00:00:00Z,DUAL FUEL,DUAL FUEL,465.5792156304253,466
2023-11-09T00:00:00Z,ENERGY STORAGE,ENERGY STORAGE,0.028166684574551022,130
2023-11-09T00:00:00Z,GAS,COGENERATION,4151.798214257558,5235
2023-11-09T00:00:00Z,GAS,COMBINED CYCLE,1470.9740268107255,3010
2023-11-09T00:00:00Z,GAS,GAS FIRED STEAM,1156.9925876786974,2609
2023-11-09T00:00:00Z,GAS,SIMPLE CYCLE,181.78554944404297,959
2023-11-09T00:00:00Z,HYDRO,HYDRO,119.70466149061919,894
2023-11-09T00:00:00Z,OTHER,BIOMASS,78.72961018244426,154
2023-11-09T00:00:00Z,OTHER,DUAL FUEL,12.659888903829788,20
2023-11-09T00:00:00Z,OTHER,GAS,1.1999510526657104,10
2023-11-09T00:00:00Z,OTHER,GAS COGEN,21.33263113975525,58
2023-11-09T00:00:00Z,OTHER,OIL/GAS,39.214598653581405,53
2023-11-09T00:00:00Z,OTHER,WOOD/REFUSE,90.98553691016302,149
2023-11-09T00:00:00Z,SOLAR,SOLAR,0,1420
2023-11-09T00:00:00Z,WIND,WIND,2232.5893247484373,4150
2023-11-09T01:00:00Z,COAL,COAL,795.7915409511991,820
2023-11-09T01:00:00Z,DUAL FUEL,DUAL FUEL,465.65121605767143,466
2023-11-09T01:00:00Z,ENERGY STORAGE,ENERGY STORAGE,1.1111153496636285e-4,130
2023-11-09T01:00:00Z,GAS,COGENERATION,4150.687807811234,5235
2023-11-09T01:00:00Z,GAS,COMBINED CYCLE,1457.2327412665552,3010
2023-11-09T01:00:00Z,GAS,GAS FIRED STEAM,989.2800836012098,2609
2023-11-09T01:00:00Z,GAS,SIMPLE CYCLE,189.0143991581599,959
2023-11-09T01:00:00Z,HYDRO,HYDRO,98.53515521930325,894
2023-11-09T01:00:00Z,OTHER,BIOMASS,82.9767076200909,154
2023-11-09T01:00:00Z,OTHER,DUAL FUEL,12.99966666645474,20
2023-11-09T01:00:00Z,OTHER,GAS,1.1999510526657104,10
2023-11-09T01:00:00Z,OTHER,GAS COGEN,20.87928213013543,58
2023-11-09T01:00:00Z,OTHER,OIL/GAS,39.50043778101603,53
2023-11-09T01:00:00Z,OTHER,WOOD/REFUSE,90.90063418706258,149
2023-11-09T01:00:00Z,SOLAR,SOLAR,0,1420
2023-11-09T01:00:00Z,WIND,WIND,2334.326986321906,4150
2023-11-09T02:00:00Z,COAL,COAL,795.808152364095,820
2023-11-09T02:00:00Z,DUAL FUEL,DUAL FUEL,465.7045495096842,466
2023-11-09T02:00:00Z,ENERGY STORAGE,ENERGY STORAGE,0.00450001716613769,130
2023-11-09T02:00:00Z,GAS,COGENERATION,4149.750396793948,5235
2023-11-09T02:00:00Z,GAS,COMBINED CYCLE,1467.147648643785,3010
2023-11-09T02:00:00Z,GAS,GAS FIRED STEAM,835.5370799848769,2609
2023-11-09T02:00:00Z,GAS,SIMPLE CYCLE,180.40232303175662,959
2023-11-09T02:00:00Z,HYDRO,HYDRO,141.47224934147462,894
2023-11-09T02:00:00Z,OTHER,BIOMASS,83.05362820731268,154
2023-11-09T02:00:00Z,OTHER,DUAL FUEL,13.080833384725782,20
2023-11-09T02:00:00Z,OTHER,GAS,1.1999510526657104,10
2023-11-09T02:00:00Z,OTHER,GAS COGEN,21.04832729551527,58
2023-11-09T02:00:00Z,OTHER,OIL/GAS,38.78436556286282,53
2023-11-09T02:00:00Z,OTHER,WOOD/REFUSE,92.95543971061707,149
2023-11-09T02:00:00Z,SOLAR,SOLAR,0,1420
2023-11-09T02:00:00Z,WIND,WIND,2428.482088067995,4150
2023-11-09T03:00:00Z,COAL,COAL,796.6388224962022,820
2023-11-09T03:00:00Z,DUAL FUEL,DUAL FUEL,465.8060485331217,466
2023-11-09T03:00:00Z,ENERGY STORAGE,ENERGY STORAGE,-1.9926106235716077,130
2023-11-09T03:00:00Z,GAS,COGENERATION,4084.9663861057493,5235
2023-11-09T03:00:00Z,GAS,COMBINED CYCLE,1351.793395858937,3010
2023-11-09T03:00:00Z,GAS,GAS FIRED STEAM,679.3787130652534,2609
2023-11-09T03:00:00Z,GAS,SIMPLE CYCLE,128.9873251133164,959
2023-11-09T03:00:00Z,HYDRO,HYDRO,129.50908294757207,894
2023-11-09T03:00:00Z,OTHER,BIOMASS,86.29900056468117,154
2023-11-09T03:00:00Z,OTHER,DUAL FUEL,13.198222034242418,20
2023-11-09T03:00:00Z,OTHER,GAS,1.1446732617086834,10
2023-11-09T03:00:00Z,OTHER,GAS COGEN,21.006364214155408,58
2023-11-09T03:00:00Z,OTHER,OIL/GAS,39.74892108705309,53
2023-11-09T03:00:00Z,OTHER,WOOD/REFUSE,92.93740811083052,149
2023-11-09T03:00:00Z,SOLAR,SOLAR,0,1420
2023-11-09T03:00:00Z,WIND,WIND,2662.157788365036,4150
2023-11-09T04:00:00Z,COAL,COAL,795.9324892849393,820
2023-11-09T04:00:00Z,DUAL FUEL,DUAL FUEL,465.8212711758083,466
2023-11-09T04:00:00Z,ENERGY STORAGE,ENERGY STORAGE,-4.238110399246216,130
2023-11-09T04:00:00Z,GAS,COGENERATION,4071.4903832830323,5235
2023-11-09T04:00:00Z,GAS,COMBINED CYCLE,1400.2358328970272,3010
2023-11-09T04:00:00Z,GAS,GAS FIRED STEAM,605.5430365837944,2609
2023-11-09T04:00:00Z,GAS,SIMPLE CYCLE,47.25613811284304,959
2023-11-09T04:00:00Z,HYDRO,HYDRO,132.95898188312847,894
2023-11-09T04:00:00Z,OTHER,BIOMASS,86.3041779200236,154
2023-11-09T04:00:00Z,OTHER,DUAL FUEL,12.103666368590462,20
2023-11-09T04:00:00Z,OTHER,GAS,1.0999510288238523,10
2023-11-09T04:00:00Z,OTHER,GAS COGEN,20.964364030626086,58
2023-11-09T04:00:00Z,OTHER,OIL/GAS,41.438527531094024,53
2023-11-09T04:00:00Z,OTHER,WOOD/REFUSE,91.67605487611559,149
2023-11-09T04:00:00Z,SOLAR,SOLAR,0,1420
2023-11-09T04:00:00Z,WIND,WIND,2571.7722913181783,4150
2023-11-09T05:00:00Z,COAL,COAL,796.512709587945,820
2023-11-09T05:00:00Z,DUAL FUEL,DUAL FUEL,465.7560486687554,466
2023-11-09T05:00:00Z,ENERGY STORAGE,ENERGY STORAGE,-1.8073885080549452,130
2023-11-09T05:00:00Z,GAS,COGENERATION,4087.7942651401627,5235
2023-11-09T05:00:00Z,GAS,COMBINED CYCLE,1285.0184452619817,3010
2023-11-09T05:00:00Z,GAS,GAS FIRED STEAM,674.6667375946045,2609
2023-11-09T05:00:00Z,GAS,SIMPLE CYCLE,31.51883175585005,959
2023-11-09T05:00:00Z,HYDRO,HYDRO,118.88059863348802,894
2023-11-09T05:00:00Z,OTHER,BIOMASS,86.06632535457611,154
2023-11-09T05:00:00Z,OTHER,DUAL FUEL,11.399999618530272,20
2023-11-09T05:00:00Z,OTHER,GAS,1.0999510288238523,10
2023-11-09T05:00:00Z,OTHER,GAS COGEN,20.841347704993353,58
2023-11-09T05:00:00Z,OTHER,OIL/GAS,41.0641211742825,53
2023-11-09T05:00:00Z,OTHER,WOOD/REFUSE,90.3783587386873,149
2023-11-09T05:00:00Z,SOLAR,SOLAR,0,1420
2023-11-09T05:00:00Z,WIND,WIND,2490.7922262097895,4150
2023-11-09T06:00:00Z,COAL,COAL,796.2819305928549,820
2023-11-09T06:00:00Z,DUAL FUEL,DUAL FUEL,465.7106048583984,466
2023-11-09T06:00:00Z,ENERGY STORAGE,ENERGY STORAGE,-0.9002773973676893,130
2023-11-09T06:00:00Z,GAS,COGENERATION,4085.3052284786436,5235
2023-11-09T06:00:00Z,GAS,COMBINED CYCLE,1417.8285867324141,3010
2023-11-09T06:00:00Z,GAS,GAS FIRED STEAM,873.8700220108033,2609
2023-11-09T06:00:00Z,GAS,SIMPLE CYCLE,60.153998113274575,959
2023-11-09T06:00:00Z,HYDRO,HYDRO,120.59229329341817,894
2023-11-09T06:00:00Z,OTHER,BIOMASS,88.90611470858255,154
2023-11-09T06:00:00Z,OTHER,DUAL FUEL,11.473277756373088,20
2023-11-09T06:00:00Z,OTHER,GAS,1.0999510288238523,10
2023-11-09T06:00:00Z,OTHER,GAS COGEN,20.963208050198027,58
2023-11-09T06:00:00Z,OTHER,OIL/GAS,41.61326535966661,53
2023-11-09T06:00:00Z,OTHER,WOOD/REFUSE,90.60952358086904,149
2023-11-09T06:00:00Z,SOLAR,SOLAR,0,1420
2023-11-09T06:00:00Z,WIND,WIND,2128.6017129872243,4150
2023-11-09T07:00:00Z,COAL,COAL,796.1363196648492,820
2023-11-09T07:00:00Z,DUAL FUEL,DUAL FUEL,465.71899275037975,466
2023-11-09T07:00:00Z,ENERGY STORAGE,ENERGY STORAGE,-3.663499134911431,130
2023-11-09T07:00:00Z,GAS,COGENERATION,4170.463234511349,5235
2023-11-09T07:00:00Z,GAS,COMBINED CYCLE,1438.970825693806,3010
2023-11-09T07:00:00Z,GAS,GAS FIRED STEAM,1032.1347706476847,2609
2023-11-09T07:00:00Z,GAS,SIMPLE CYCLE,98.31544280668098,959
2023-11-09T07:00:00Z,HYDRO,HYDRO,99.47110782265663,894
2023-11-09T07:00:00Z,OTHER,BIOMASS,94.88365970479119,154
2023-11-09T07:00:00Z,OTHER,DUAL FUEL,11.657833349969652,20
2023-11-09T07:00:00Z,OTHER,GAS,1.0999510288238523,10
2023-11-09T07:00:00Z,OTHER,GAS COGEN,20.927995846006606,58
2023-11-09T07:00:00Z,OTHER,OIL/GAS,42.28692234463162,53
2023-11-09T07:00:00Z,OTHER,WOOD/REFUSE,91.34659463246663,149
2023-11-09T07:00:00Z,SOLAR,SOLAR,0,1420
2023-11-09T07:00:00Z,WIND,WIND,1744.8245939698154,4150
2023-11-09T08:00:00Z,COAL,COAL,796.07193262736,820
2023-11-09T08:00:00Z,DUAL FUEL,DUAL FUEL,465.7376610649957,466
2023-11-09T08:00:00Z,ENERGY STORAGE,ENERGY STORAGE,-1.6830551603105333,130
2023-11-09T08:00:00Z,GAS,COGENERATION,4178.263942133188,5235
2023-11-09T08:00:00Z,GAS,COMBINED CYCLE,1416.7196712380648,3010
2023-11-09T08:00:00Z,GAS,GAS FIRED STEAM,1274.4371644677055,2609
2023-11-09T08:00:00Z,GAS,SIMPLE CYCLE,137.25799797727,959
2023-11-09T08:00:00Z,HYDRO,HYDRO,105.005954603023,894
2023-11-09T08:00:00Z,OTHER,BIOMASS,99.34336433304681,154
2023-11-09T08:00:00Z,OTHER,DUAL FUEL,13.36722185558743,20
2023-11-09T08:00:00Z,OTHER,GAS,1.1136176987489064,10
2023-11-09T08:00:00Z,OTHER,GAS COGEN,20.764060843785604,58
2023-11-09T08:00:00Z,OTHER,OIL/GAS,41.93020458857218,53
2023-11-09T08:00:00Z,OTHER,WOOD/REFUSE,91.71215680281321,149
2023-11-09T08:00:00Z,SOLAR,SOLAR,0,1420
2023-11-09T08:00:00Z,WIND,WIND,1532.045019563569,4150
2023-11-09T09:00:00Z,COAL,COAL,795.3492079162597,820
2023-11-09T09:00:00Z,DUAL FUEL,DUAL FUEL,465.7893286810981,466
2023-11-09T09:00:00Z,ENERGY STORAGE,ENERGY STORAGE,6.6666920979817e-4,130
2023-11-09T09:00:00Z,GAS,COGENERATION,4179.254604484505,5235
2023-11-09T09:00:00Z,GAS,COMBINED CYCLE,1433.798404121399,3010
2023-11-09T09:00:00Z,GAS,GAS FIRED STEAM,1213.797967207167,2609
2023-11-09T09:00:00Z,GAS,SIMPLE CYCLE,118.47083221667343,959
2023-11-09T09:00:00Z,HYDRO,HYDRO,65.16637145481177,894
2023-11-09T09:00:00Z,OTHER,BIOMASS,103.13678109592861,154
2023-11-09T09:00:00Z,OTHER,DUAL FUEL,13.399999618530272,20
2023-11-09T09:00:00Z,OTHER,GAS,1.1999510526657104,10
2023-11-09T09:00:00Z,OTHER,GAS COGEN,20.91706737836202,58
2023-11-09T09:00:00Z,OTHER,OIL/GAS,42.294749370151095,53
2023-11-09T09:00:00Z,OTHER,WOOD/REFUSE,92.29372377077739,149
2023-11-09T09:00:00Z,SOLAR,SOLAR,0,1420
2023-11-09T09:00:00Z,WIND,WIND,1512.3536878595748,4150
2023-11-09T10:00:00Z,COAL,COAL,796.4912104119196,820
2023-11-09T10:00:00Z,DUAL FUEL,DUAL FUEL,465.863937886556,466
2023-11-09T10:00:00Z,ENERGY STORAGE,ENERGY STORAGE,-2.3422771792941623,130
2023-11-09T10:00:00Z,GAS,COGENERATION,4187.43034133037,5235
2023-11-09T10:00:00Z,GAS,COMBINED CYCLE,1454.420174938904,3010
2023-11-09T10:00:00Z,GAS,GAS FIRED STEAM,1173.8601384268866,2609
2023-11-09T10:00:00Z,GAS,SIMPLE CYCLE,105.15888790183597,959
2023-11-09T10:00:00Z,HYDRO,HYDRO,119.30770487404531,894
2023-11-09T10:00:00Z,OTHER,BIOMASS,102.78996049775017,154
2023-11-09T10:00:00Z,OTHER,DUAL FUEL,13.354944073359171,20
2023-11-09T10:00:00Z,OTHER,GAS,1.1999510526657104,10
2023-11-09T10:00:00Z,OTHER,GAS COGEN,20.9770464430915,58
2023-11-09T10:00:00Z,OTHER,OIL/GAS,42.54414860831367,53
2023-11-09T10:00:00Z,OTHER,WOOD/REFUSE,92.22937909073299,149
2023-11-09T10:00:00Z,SOLAR,SOLAR,0,1420
2023-11-09T10:00:00Z,WIND,WIND,1411.540130145583,4150
2023-11-09T11:00:00Z,COAL,COAL,796.0470446607801,820
2023-11-09T11:00:00Z,DUAL FUEL,DUAL FUEL,465.75843743218314,466
2023-11-09T11:00:00Z,ENERGY STORAGE,ENERGY STORAGE,-4.584276605712043,130
2023-11-09T11:00:00Z,GAS,COGENERATION,4200.282741704782,5235
2023-11-09T11:00:00Z,GAS,COMBINED CYCLE,1492.8073770471415,3010
2023-11-09T11:00:00Z,GAS,GAS FIRED STEAM,1080.9981358191703,2609
2023-11-09T11:00:00Z,GAS,SIMPLE CYCLE,110.19561062905524,959
2023-11-09T11:00:00Z,HYDRO,HYDRO,63.483308783554364,894
2023-11-09T11:00:00Z,OTHER,BIOMASS,103.37497175004746,154
2023-11-09T11:00:00Z,OTHER,DUAL FUEL,13.312277731365628,20
2023-11-09T11:00:00Z,OTHER,GAS,1.1999510526657104,10
2023-11-09T11:00:00Z,OTHER,GAS COGEN,20.965819154315525,58
2023-11-09T11:00:00Z,OTHER,OIL/GAS,43.26124956342909,53
2023-11-09T11:00:00Z,OTHER,WOOD/REFUSE,91.88610550721486,149
2023-11-09T11:00:00Z,SOLAR,SOLAR,0,1420
2023-11-09T11:00:00Z,WIND,WIND,1558.9403263815243,4150
2023-11-09T12:00:00Z,COAL,COAL,796.6432618543837,820
2023-11-09T12:00:00Z,DUAL FUEL,DUAL FUEL,465.8054934692383,466
2023-11-09T12:00:00Z,ENERGY STORAGE,ENERGY STORAGE,-0.32422209103902183,130
2023-11-09T12:00:00Z,GAS,COGENERATION,4203.202837180032,5235
2023-11-09T12:00:00Z,GAS,COMBINED CYCLE,1359.0586381553278,3010
2023-11-09T12:00:00Z,GAS,GAS FIRED STEAM,927.5393833806779,2609
2023-11-09T12:00:00Z,GAS,SIMPLE CYCLE,156.2284408006403,959
2023-11-09T12:00:00Z,HYDRO,HYDRO,146.23934834940567,894
2023-11-09T12:00:00Z,OTHER,BIOMASS,103.11888601991865,154
2023-11-09T12:00:00Z,OTHER,DUAL FUEL,13.375110824373031,20
2023-11-09T12:00:00Z,OTHER,GAS,1.1999510526657104,10
2023-11-09T12:00:00Z,OTHER,GAS COGEN,20.953136902915105,58
2023-11-09T12:00:00Z,OTHER,OIL/GAS,43.15428794436985,53
2023-11-09T12:00:00Z,OTHER,WOOD/REFUSE,89.74988686243694,149
2023-11-09T12:00:00Z,SOLAR,SOLAR,0,1420
2023-11-09T12:00:00Z,WIND,WIND,1660.56629158073,4150
2023-11-09T13:00:00Z,COAL,COAL,796.2819894070095,820
2023-11-09T13:00:00Z,DUAL FUEL,DUAL FUEL,465.7008832126194,466
2023-11-09T13:00:00Z,ENERGY STORAGE,ENERGY STORAGE,0.03272230784098306,130
2023-11-09T13:00:00Z,GAS,COGENERATION,4217.457552731302,5235
2023-11-09T13:00:00Z,GAS,COMBINED CYCLE,1324.331621272564,3010
2023-11-09T13:00:00Z,GAS,GAS FIRED STEAM,936.0430419180128,2609
2023-11-09T13:00:00Z,GAS,SIMPLE CYCLE,438.3520490468542,959
2023-11-09T13:00:00Z,HYDRO,HYDRO,143.27355418003268,894
2023-11-09T13:00:00Z,OTHER,BIOMASS,99.5949690718121,154
2023-11-09T13:00:00Z,OTHER,DUAL FUEL,13.36588860458798,20
2023-11-09T13:00:00Z,OTHER,GAS,1.1999510526657104,10
2023-11-09T13:00:00Z,OTHER,GAS COGEN,20.98036620987786,58
2023-11-09T13:00:00Z,OTHER,OIL/GAS,42.67882651011149,53
2023-11-09T13:00:00Z,OTHER,WOOD/REFUSE,91.24222139411502,149
2023-11-09T13:00:00Z,SOLAR,SOLAR,0,1420
2023-11-09T13:00:00Z,WIND,WIND,1604.828513658709,4150
2023-11-09T14:00:00Z,COAL,COAL,811.2360937330458,820
2023-11-09T14:00:00Z,DUAL FUEL,DUAL FUEL,465.57388356526695,466
2023-11-09T14:00:00Z,ENERGY STORAGE,ENERGY STORAGE,0.007055569754706482,130
2023-11-09T14:00:00Z,GAS,COGENERATION,4220.952974903318,5235
2023-11-09T14:00:00Z,GAS,COMBINED CYCLE,1374.9728494165342,3010
2023-11-09T14:00:00Z,GAS,GAS FIRED STEAM,967.8995100010766,2609
2023-11-09T14:00:00Z,GAS,SIMPLE CYCLE,518.9443183598254,959
2023-11-09T14:00:00Z,HYDRO,HYDRO,191.99565031692384,894
2023-11-09T14:00:00Z,OTHER,BIOMASS,99.71404072655572,154
2023-11-09T14:00:00Z,OTHER,DUAL FUEL,13.326388694445292,20
2023-11-09T14:00:00Z,OTHER,GAS,1.1999510526657104,10
2023-11-09T14:00:00Z,OTHER,GAS COGEN,21.023373682234023,58
2023-11-09T14:00:00Z,OTHER,OIL/GAS,43.301076853010386,53
2023-11-09T14:00:00Z,OTHER,WOOD/REFUSE,90.75021809418996,149
2023-11-09T14:00:00Z,SOLAR,SOLAR,4.836499933269288,1420
2023-11-09T14:00:00Z,WIND,WIND,1583.483911582745,4150
2023-11-09T15:00:00Z,COAL,COAL,812.76614944458,820
2023-11-09T15:00:00Z,DUAL FUEL,DUAL FUEL,465.3052166578505,466
2023-11-09T15:00:00Z,ENERGY STORAGE,ENERGY STORAGE,-0.007388914955986862,130
2023-11-09T15:00:00Z,GAS,COGENERATION,4205.10267651187,5235
2023-11-09T15:00:00Z,GAS,COMBINED CYCLE,1468.039315911399,3010
2023-11-09T15:00:00Z,GAS,GAS FIRED STEAM,924.2013069669406,2609
2023-11-09T15:00:00Z,GAS,SIMPLE CYCLE,528.1128534078598,959
2023-11-09T15:00:00Z,HYDRO,HYDRO,107.18875005243554,894
2023-11-09T15:00:00Z,OTHER,BIOMASS,101.75244805680381,154
2023-11-09T15:00:00Z,OTHER,DUAL FUEL,11.85533346970876,20
2023-11-09T15:00:00Z,OTHER,GAS,1.1999510526657104,10
2023-11-09T15:00:00Z,OTHER,GAS COGEN,21.08532939698961,58
2023-11-09T15:00:00Z,OTHER,OIL/GAS,43.277566045125326,53
2023-11-09T15:00:00Z,OTHER,WOOD/REFUSE,89.55129860083261,149
2023-11-09T15:00:00Z,SOLAR,SOLAR,246.54074754054346,1420
2023-11-09T15:00:00Z,WIND,WIND,1550.8954131942655,4150
2023-11-09T16:00:00Z,COAL,COAL,812.606263241238,820
2023-11-09T16:00:00Z,DUAL FUEL,DUAL FUEL,465.67305079142255,466
2023-11-09T16:00:00Z,ENERGY STORAGE,ENERGY STORAGE,0.00644446902804903,130
2023-11-09T16:00:00Z,GAS,COGENERATION,4205.287039102978,5235
2023-11-09T16:00:00Z,GAS,COMBINED CYCLE,1346.954066221118,3010
2023-11-09T16:00:00Z,GAS,GAS FIRED STEAM,850.6747247579362,2609
2023-11-09T16:00:00Z,GAS,SIMPLE CYCLE,535.5053358083301,959
2023-11-09T16:00:00Z,HYDRO,HYDRO,98.33061133280395,894
2023-11-09T16:00:00Z,OTHER,BIOMASS,99.98401871045431,154
2023-11-09T16:00:00Z,OTHER,DUAL FUEL,11.834000104268393,20
2023-11-09T16:00:00Z,OTHER,GAS,1.1999510526657104,10
2023-11-09T16:00:00Z,OTHER,GAS COGEN,21.081039182874893,58
2023-11-09T16:00:00Z,OTHER,OIL/GAS,43.212771004570854,53
2023-11-09T16:00:00Z,OTHER,WOOD/REFUSE,90.661308860249,149
2023-11-09T16:00:00Z,SOLAR,SOLAR,657.178069765932,1420
2023-11-09T16:00:00Z,WIND,WIND,1428.820205413368,4150
2023-11-09T17:00:00Z,COAL,COAL,812.6044865926107,820
2023-11-09T17:00:00Z,DUAL FUEL,DUAL FUEL,465.49516106499567,466
2023-11-09T17:00:00Z,ENERGY STORAGE,ENERGY STORAGE,0.00261112107170952,130
2023-11-09T17:00:00Z,GAS,COGENERATION,4173.247154250675,5235
2023-11-09T17:00:00Z,GAS,COMBINED CYCLE,1292.9777846352258,3010
2023-11-09T17:00:00Z,GAS,GAS FIRED STEAM,859.2667564604018,2609
2023-11-09T17:00:00Z,GAS,SIMPLE CYCLE,529.048877793418,959
2023-11-09T17:00:00Z,HYDRO,HYDRO,138.0291339626577,894
2023-11-09T17:00:00Z,OTHER,BIOMASS,101.17142134931353,154
2023-11-09T17:00:00Z,OTHER,DUAL FUEL,11.833000106811523,20
2023-11-09T17:00:00Z,OTHER,GAS,1.1999510526657104,10
2023-11-09T17:00:00Z,OTHER,GAS COGEN,21.1300899166531,58
2023-11-09T17:00:00Z,OTHER,OIL/GAS,43.45923747592502,53
2023-11-09T17:00:00Z,OTHER,WOOD/REFUSE,89.43549508094787,149
2023-11-09T17:00:00Z,SOLAR,SOLAR,753.5498539155722,1420
2023-11-09T17:00:00Z,WIND,WIND,1321.7245140326686,4150
2023-11-09T18:00:00Z,COAL,COAL,812.0199291822646,820
2023-11-09T18:00:00Z,DUAL FUEL,DUAL FUEL,465.52593695746526,466
2023-11-09T18:00:00Z,ENERGY STORAGE,ENERGY STORAGE,5.5555555555555e-4,130
2023-11-09T18:00:00Z,GAS,COGENERATION,4191.058936123715,5235
2023-11-09T18:00:00Z,GAS,COMBINED CYCLE,1393.9025203223362,3010
2023-11-09T18:00:00Z,GAS,GAS FIRED STEAM,992.8915222252739,2609
2023-11-09T18:00:00Z,GAS,SIMPLE CYCLE,528.6767926183012,959
2023-11-09T18:00:00Z,HYDRO,HYDRO,188.5531969251401,894
2023-11-09T18:00:00Z,OTHER,BIOMASS,102.41165345033009,154
2023-11-09T18:00:00Z,OTHER,DUAL FUEL,11.835666766696503,20
2023-11-09T18:00:00Z,OTHER,GAS,1.1999510526657104,10
2023-11-09T18:00:00Z,OTHER,GAS COGEN,21.095512788560654,58
2023-11-09T18:00:00Z,OTHER,OIL/GAS,43.70560494528876,53
2023-11-09T18:00:00Z,OTHER,WOOD/REFUSE,89.7457276360194,149
2023-11-09T18:00:00Z,SOLAR,SOLAR,691.830201922324,1420
2023-11-09T18:00:00Z,WIND,WIND,1058.1694071058846,4150
2023-11-09T19:00:00Z,COAL,COAL,812.4118220350477,820
2023-11-09T19:00:00Z,DUAL FUEL,DUAL FUEL,464.8774950493707,466
2023-11-09T19:00:00Z,ENERGY STORAGE,ENERGY STORAGE,-0.04433341291215681,130
2023-11-09T19:00:00Z,GAS,COGENERATION,4173.945979814529,5235
2023-11-09T19:00:00Z,GAS,COMBINED CYCLE,1422.4265464186667,3010
2023-11-09T19:00:00Z,GAS,GAS FIRED STEAM,1256.575078561571,2609
2023-11-09T19:00:00Z,GAS,SIMPLE CYCLE,526.4074292580949,959
2023-11-09T19:00:00Z,HYDRO,HYDRO,140.101488762233,894
2023-11-09T19:00:00Z,OTHER,BIOMASS,103.123243932724,154
2023-11-09T19:00:00Z,OTHER,DUAL FUEL,11.930555596351624,20
2023-11-09T19:00:00Z,OTHER,GAS,1.1999510526657104,10
2023-11-09T19:00:00Z,OTHER,GAS COGEN,21.04176256497701,58
2023-11-09T19:00:00Z,OTHER,OIL/GAS,43.18365972518921,53
2023-11-09T19:00:00Z,OTHER,WOOD/REFUSE,89.47525735113356,149
2023-11-09T19:00:00Z,SOLAR,SOLAR,647.4521446179019,1420
2023-11-09T19:00:00Z,WIND,WIND,909.4063809264451,4150
2023-11-09T20:00:00Z,COAL,COAL,812.0512683105469,820
2023-11-09T20:00:00Z,DUAL FUEL,DUAL FUEL,465.33821500990126,466
2023-11-09T20:00:00Z,ENERGY STORAGE,ENERGY STORAGE,-4.4444613986545e-4,130
2023-11-09T20:00:00Z,GAS,COGENERATION,4167.15794579294,5235
2023-11-09T20:00:00Z,GAS,COMBINED CYCLE,1421.8864193799761,3010
2023-11-09T20:00:00Z,GAS,GAS FIRED STEAM,1259.472163374159,2609
2023-11-09T20:00:00Z,GAS,SIMPLE CYCLE,528.5778118047118,959
2023-11-09T20:00:00Z,HYDRO,HYDRO,140.82315386096636,894
2023-11-09T20:00:00Z,OTHER,BIOMASS,99.23737407227357,154
2023-11-09T20:00:00Z,OTHER,DUAL FUEL,11.970611118740504,20
2023-11-09T20:00:00Z,OTHER,GAS,1.1999510526657104,10
2023-11-09T20:00:00Z,OTHER,GAS COGEN,21.047432000901964,58
2023-11-09T20:00:00Z,OTHER,OIL/GAS,43.50059832890828,53
2023-11-09T20:00:00Z,OTHER,WOOD/REFUSE,88.97734785026974,149
2023-11-09T20:00:00Z,SOLAR,SOLAR,714.7620550237762,1420
2023-11-09T20:00:00Z,WIND,WIND,800.0608617328604,4150
2023-11-09T21:00:00Z,COAL,COAL,811.8708190748428,820
2023-11-09T21:00:00Z,DUAL FUEL,DUAL FUEL,465.4667179870605,466
2023-11-09T21:00:00Z,ENERGY STORAGE,ENERGY STORAGE,0,130
2023-11-09T21:00:00Z,GAS,COGENERATION,4169.1692657762105,5235
2023-11-09T21:00:00Z,GAS,COMBINED CYCLE,1428.766017914613,3010
2023-11-09T21:00:00Z,GAS,GAS FIRED STEAM,1242.227564239502,2609
2023-11-09T21:00:00Z,GAS,SIMPLE CYCLE,537.3354691913559,959
2023-11-09T21:00:00Z,HYDRO,HYDRO,183.56476708930398,894
2023-11-09T21:00:00Z,OTHER,BIOMASS,99.68923505942027,154
2023-11-09T21:00:00Z,OTHER,DUAL FUEL,11.82072236061096,20
2023-11-09T21:00:00Z,OTHER,GAS,1.1999510526657104,10
2023-11-09T21:00:00Z,OTHER,GAS COGEN,21.01531665378147,58
2023-11-09T21:00:00Z,OTHER,OIL/GAS,43.82323197046916,53
2023-11-09T21:00:00Z,OTHER,WOOD/REFUSE,87.0380286778344,149
2023-11-09T21:00:00Z,SOLAR,SOLAR,642.7772507256932,1420
2023-11-09T21:00:00Z,WIND,WIND,752.4773428372625,4150
2023-11-09T22:00:00Z,COAL,COAL,812.4802647569445,820
2023-11-09T22:00:00Z,DUAL FUEL,DUAL FUEL,465.5436592949761,466
2023-11-09T22:00:00Z,ENERGY STORAGE,ENERGY STORAGE,0.24933382458157008,130
2023-11-09T22:00:00Z,GAS,COGENERATION,4182.3707453937,5235
2023-11-09T22:00:00Z,GAS,COMBINED CYCLE,1460.3078434072602,3010
2023-11-09T22:00:00Z,GAS,GAS FIRED STEAM,1432.3974226040311,2609
2023-11-09T22:00:00Z,GAS,SIMPLE CYCLE,570.3175084364332,959
2023-11-09T22:00:00Z,HYDRO,HYDRO,217.89776350551182,894
2023-11-09T22:00:00Z,OTHER,BIOMASS,108.88639621747865,154
2023-11-09T22:00:00Z,OTHER,DUAL FUEL,12.52144433816274,20
2023-11-09T22:00:00Z,OTHER,GAS,1.1999510526657104,10
2023-11-09T22:00:00Z,OTHER,GAS COGEN,26.38247794787089,58
2023-11-09T22:00:00Z,OTHER,OIL/GAS,44.20731579462687,53
2023-11-09T22:00:00Z,OTHER,WOOD/REFUSE,90.60748480849796,149
2023-11-09T22:00:00Z,SOLAR,SOLAR,286.80420616876745,1420
2023-11-09T22:00:00Z,WIND,WIND,617.2937448356714,4150
2023-11-09T23:00:00Z,COAL,COAL,811.2558762613933,820
2023-11-09T23:00:00Z,DUAL FUEL,DUAL FUEL,465.4892171393501,466
2023-11-09T23:00:00Z,ENERGY STORAGE,ENERGY STORAGE,0.048166769345601386,130
2023-11-09T23:00:00Z,GAS,COGENERATION,4179.85279519187,5235
2023-11-09T23:00:00Z,GAS,COMBINED CYCLE,1447.0075992230575,3010
2023-11-09T23:00:00Z,GAS,GAS FIRED STEAM,1692.6518095652261,2609
2023-11-09T23:00:00Z,GAS,SIMPLE CYCLE,617.8540417991744,959
2023-11-09T23:00:00Z,HYDRO,HYDRO,186.26882726142804,894
2023-11-09T23:00:00Z,OTHER,BIOMASS,115.46685614373949,154
2023-11-09T23:00:00Z,OTHER,DUAL FUEL,12.998999564382766,20
2023-11-09T23:00:00Z,OTHER,GAS,1.1999510526657104,10
2023-11-09T23:00:00Z,OTHER,GAS COGEN,34.1466027853224,58
2023-11-09T23:00:00Z,OTHER,OIL/GAS,43.85881443023682,53
2023-11-09T23:00:00Z,OTHER,WOOD/REFUSE,101.87673046271006,149
2023-11-09T23:00:00Z,SOLAR,SOLAR,20.995558653747043,1420
2023-11-09T23:00:00Z,WIND,WIND,696.2788461772601,4150
2023-11-10T00:00:00Z,COAL,COAL,811.3792090691461,820
2023-11-10T00:00:00Z,DUAL FUEL,DUAL FUEL,465.2593811713325,466
2023-11-10T00:00:00Z,ENERGY STORAGE,ENERGY STORAGE,0.00583335240681965,130
2023-11-10T00:00:00Z,GAS,COGENERATION,4184.568983754847,5235
2023-11-10T00:00:00Z,GAS,COMBINED CYCLE,1495.2666248846715,3010
2023-11-10T00:00:00Z,GAS,GAS FIRED STEAM,1672.3507982593112,2609
2023-11-10T00:00:00Z,GAS,SIMPLE CYCLE,634.8860311076376,959
2023-11-10T00:00:00Z,HYDRO,HYDRO,147.36870393723248,894
2023-11-10T00:00:00Z,OTHER,BIOMASS,119.32553763495551,154
2023-11-10T00:00:00Z,OTHER,DUAL FUEL,13.09999942779541,20
2023-11-10T00:00:00Z,OTHER,GAS,1.1999510526657104,10
2023-11-10T00:00:00Z,OTHER,GAS COGEN,34.61673777474297,58
2023-11-10T00:00:00Z,OTHER,OIL/GAS,43.829838013119165,53
2023-11-10T00:00:00Z,OTHER,WOOD/REFUSE,102.99731782595317,149
2023-11-10T00:00:00Z,SOLAR,SOLAR,0.9861111111111112,1420
2023-11-10T00:00:00Z,WIND,WIND,876.0987064503299,4150
2023-11-10T01:00:00Z,COAL,COAL,812.7185970052083,820
2023-11-10T01:00:00Z,DUAL FUEL,DUAL FUEL,465.1691047498915,466
2023-11-10T01:00:00Z,ENERGY STORAGE,ENERGY STORAGE,-7.7778074476453e-4,130
2023-11-10T01:00:00Z,GAS,COGENERATION,4179.957426108785,5235
2023-11-10T01:00:00Z,GAS,COMBINED CYCLE,1364.4112737513913,3010
2023-11-10T01:00:00Z,GAS,GAS FIRED STEAM,1538.5875221210056,2609
2023-11-10T01:00:00Z,GAS,SIMPLE CYCLE,625.1821998394861,959
2023-11-10T01:00:00Z,HYDRO,HYDRO,119.24262126402722,894
2023-11-10T01:00:00Z,OTHER,BIOMASS,113.52519553025564,154
2023-11-10T01:00:00Z,OTHER,DUAL FUEL,13.09999942779541,20
2023-11-10T01:00:00Z,OTHER,GAS,1.1999510526657104,10
2023-11-10T01:00:00Z,OTHER,GAS COGEN,27.37414744059245,58
2023-11-10T01:00:00Z,OTHER,OIL/GAS,43.75686520258586,53
2023-11-10T01:00:00Z,OTHER,WOOD/REFUSE,95.29994075139363,149
2023-11-10T01:00:00Z,SOLAR,SOLAR,0.01944444444444444,1420
2023-11-10T01:00:00Z,WIND,WIND,989.3751738024545,4150
2023-11-10T02:00:00Z,COAL,COAL,794.0063786655002,820
2023-11-10T02:00:00Z,DUAL FUEL,DUAL FUEL,465.23588339911566,466
2023-11-10T02:00:00Z,ENERGY STORAGE,ENERGY STORAGE,3.3333460489908e-4,130
2023-11-10T02:00:00Z,GAS,COGENERATION,4205.085258576075,5235
2023-11-10T02:00:00Z,GAS,COMBINED CYCLE,1386.6941237748995,3010
2023-11-10T02:00:00Z,GAS,GAS FIRED STEAM,1311.0698747815027,2609
2023-11-10T02:00:00Z,GAS,SIMPLE CYCLE,604.3116096407341,959
2023-11-10T02:00:00Z,HYDRO,HYDRO,124.15531240645382,894
2023-11-10T02:00:00Z,OTHER,BIOMASS,106.62328615877364,154
2023-11-10T02:00:00Z,OTHER,DUAL FUEL,13.133666115866768,20
2023-11-10T02:00:00Z,OTHER,GAS,1.1999510526657104,10
2023-11-10T02:00:00Z,OTHER,GAS COGEN,21.20659317652385,58
2023-11-10T02:00:00Z,OTHER,OIL/GAS,43.768070706261526,53
2023-11-10T02:00:00Z,OTHER,WOOD/REFUSE,90.4384091732237,149
2023-11-10T02:00:00Z,SOLAR,SOLAR,0,1420
2023-11-10T02:00:00Z,WIND,WIND,1274.1951293870145,4150
2023-11-10T03:00:00Z,COAL,COAL,796.2678761121962,820
2023-11-10T03:00:00Z,DUAL FUEL,DUAL FUEL,465.1901616414388,466
2023-11-10T03:00:00Z,ENERGY STORAGE,ENERGY STORAGE,-5.5555767483181424e-5,130
2023-11-10T03:00:00Z,GAS,COGENERATION,4218.04433368259,5235
2023-11-10T03:00:00Z,GAS,COMBINED CYCLE,1407.305406316055,3010
2023-11-10T03:00:00Z,GAS,GAS FIRED STEAM,1380.7147301186455,2609
2023-11-10T03:00:00Z,GAS,SIMPLE CYCLE,583.4231389448378,959
2023-11-10T03:00:00Z,HYDRO,HYDRO,134.24984629750253,894
2023-11-10T03:00:00Z,OTHER,BIOMASS,107.85159445868598,154
2023-11-10T03:00:00Z,OTHER,DUAL FUEL,13.145333007176715,20
2023-11-10T03:00:00Z,OTHER,GAS,1.1999510526657104,10
2023-11-10T03:00:00Z,OTHER,GAS COGEN,20.77756338119507,58
2023-11-10T03:00:00Z,OTHER,OIL/GAS,42.98353774600559,53
2023-11-10T03:00:00Z,OTHER,WOOD/REFUSE,89.45032982455359,149
2023-11-10T03:00:00Z,SOLAR,SOLAR,0,1420
2023-11-10T03:00:00Z,WIND,WIND,1315.9537909427947,4150
2023-11-10T04:00:00Z,COAL,COAL,795.7855976528592,820
2023-11-10T04:00:00Z,DUAL FUEL,DUAL FUEL,465.22027214898,466
2023-11-10T04:00:00Z,ENERGY STORAGE,ENERGY STORAGE,1.1111153496636e-4,130
2023-11-10T04:00:00Z,GAS,COGENERATION,4207.3094901673,5235
2023-11-10T04:00:00Z,GAS,COMBINED CYCLE,1439.841693311466,3010
2023-11-10T04:00:00Z,GAS,GAS FIRED STEAM,1206.9653405115341,2609
2023-11-10T04:00:00Z,GAS,SIMPLE CYCLE,528.2402952786617,959
2023-11-10T04:00:00Z,HYDRO,HYDRO,87.4700728421741,894
2023-11-10T04:00:00Z,OTHER,BIOMASS,106.50111004193624,154
2023-11-10T04:00:00Z,OTHER,DUAL FUEL,12.8786667309867,20
2023-11-10T04:00:00Z,OTHER,GAS,1.1999510526657104,10
2023-11-10T04:00:00Z,OTHER,GAS COGEN,21.411708725823296,58
2023-11-10T04:00:00Z,OTHER,OIL/GAS,42.94001003265381,53
2023-11-10T04:00:00Z,OTHER,WOOD/REFUSE,90.19497830549876,149
2023-11-10T04:00:00Z,SOLAR,SOLAR,0,1420
2023-11-10T04:00:00Z,WIND,WIND,1467.62578827752,4150
2023-11-10T05:00:00Z,COAL,COAL,795.9765972561306,820
2023-11-10T05:00:00Z,DUAL FUEL,DUAL FUEL,465.1968819342719,466
2023-11-10T05:00:00Z,ENERGY STORAGE,ENERGY STORAGE,0.00105555799272324,130
2023-11-10T05:00:00Z,GAS,COGENERATION,4163.058735379643,5235
2023-11-10T05:00:00Z,GAS,COMBINED CYCLE,1362.1592645008034,3010
2023-11-10T05:00:00Z,GAS,GAS FIRED STEAM,1076.8879025946721,2609
2023-11-10T05:00:00Z,GAS,SIMPLE CYCLE,448.213433762855,959
2023-11-10T05:00:00Z,HYDRO,HYDRO,105.86439447131421,894
2023-11-10T05:00:00Z,OTHER,BIOMASS,104.39858053313361,154
2023-11-10T05:00:00Z,OTHER,DUAL FUEL,12.924499997562831,20
2023-11-10T05:00:00Z,OTHER,GAS,1.1999510526657104,10
2023-11-10T05:00:00Z,OTHER,GAS COGEN,21.3170030286577,58
2023-11-10T05:00:00Z,OTHER,OIL/GAS,43.05372610516018,53
2023-11-10T05:00:00Z,OTHER,WOOD/REFUSE,90.78004313362969,149
2023-11-10T05:00:00Z,SOLAR,SOLAR,0,1420
2023-11-10T05:00:00Z,WIND,WIND,1688.0612800749723,4150
2023-11-10T06:00:00Z,COAL,COAL,796.8430987379286,820
2023-11-10T06:00:00Z,DUAL FUEL,DUAL FUEL,465.08432729085285,466
2023-11-10T06:00:00Z,ENERGY STORAGE,ENERGY STORAGE,1.1111153496636e-4,130
2023-11-10T06:00:00Z,GAS,COGENERATION,4215.994282405111,5235
2023-11-10T06:00:00Z,GAS,COMBINED CYCLE,1332.9258438565334,3010
2023-11-10T06:00:00Z,GAS,GAS FIRED STEAM,1139.9375433328416,2609
2023-11-10T06:00:00Z,GAS,SIMPLE CYCLE,255.40221682002147,959
2023-11-10T06:00:00Z,HYDRO,HYDRO,90.29743984234001,894
2023-11-10T06:00:00Z,OTHER,BIOMASS,107.21651181697845,154
2023-11-10T06:00:00Z,OTHER,DUAL FUEL,12.822666799757217,20
2023-11-10T06:00:00Z,OTHER,GAS,1.1999510526657104,10
2023-11-10T06:00:00Z,OTHER,GAS COGEN,21.27746440145705,58
2023-11-10T06:00:00Z,OTHER,OIL/GAS,42.44196592119005,53
2023-11-10T06:00:00Z,OTHER,WOOD/REFUSE,90.78941535525851,149
2023-11-10T06:00:00Z,SOLAR,SOLAR,0,1420
2023-11-10T06:00:00Z,WIND,WIND,1773.9589310145957,4150
2023-11-10T07:00:00Z,COAL,COAL,795.2236550733778,820
2023-11-10T07:00:00Z,DUAL FUEL,DUAL FUEL,464.97321634928386,466
2023-11-10T07:00:00Z,ENERGY STORAGE,ENERGY STORAGE,3.8889037238226e-4,130
2023-11-10T07:00:00Z,GAS,COGENERATION,4206.115729866028,5235
2023-11-10T07:00:00Z,GAS,COMBINED CYCLE,1309.4161421851318,3010
2023-11-10T07:00:00Z,GAS,GAS FIRED STEAM,1054.71522866461,2609
2023-11-10T07:00:00Z,GAS,SIMPLE CYCLE,198.45460665060415,959
2023-11-10T07:00:00Z,HYDRO,HYDRO,86.00040626545747,894
2023-11-10T07:00:00Z,OTHER,BIOMASS,105.79049544387394,154
2023-11-10T07:00:00Z,OTHER,DUAL FUEL,12.8195001411438,20
2023-11-10T07:00:00Z,OTHER,GAS,1.1999510526657104,10
2023-11-10T07:00:00Z,OTHER,GAS COGEN,21.187793984942967,58
2023-11-10T07:00:00Z,OTHER,OIL/GAS,43.285893522898355,53
2023-11-10T07:00:00Z,OTHER,WOOD/REFUSE,90.67288744449615,149
2023-11-10T07:00:00Z,SOLAR,SOLAR,0,1420
2023-11-10T07:00:00Z,WIND,WIND,1941.4392278524901,4150
2023-11-10T08:00:00Z,COAL,COAL,795.7028212483724,820
2023-11-10T08:00:00Z,DUAL FUEL,DUAL FUEL,464.9294948832194,466
2023-11-10T08:00:00Z,ENERGY STORAGE,ENERGY STORAGE,-1.6136108096440633,130
2023-11-10T08:00:00Z,GAS,COGENERATION,4205.366901842223,5235
2023-11-10T08:00:00Z,GAS,COMBINED CYCLE,1314.6240031718546,3010
2023-11-10T08:00:00Z,GAS,GAS FIRED STEAM,1141.4274134371017,2609
2023-11-10T08:00:00Z,GAS,SIMPLE CYCLE,251.04616240726577,959
2023-11-10T08:00:00Z,HYDRO,HYDRO,66.72711555249161,894
2023-11-10T08:00:00Z,OTHER,BIOMASS,106.58722430123223,154
2023-11-10T08:00:00Z,OTHER,DUAL FUEL,12.940833165910508,20
2023-11-10T08:00:00Z,OTHER,GAS,1.1999510526657104,10
2023-11-10T08:00:00Z,OTHER,GAS COGEN,21.196820533540514,58
2023-11-10T08:00:00Z,OTHER,OIL/GAS,43.482915024227566,53
2023-11-10T08:00:00Z,OTHER,WOOD/REFUSE,90.96931562688616,149
2023-11-10T08:00:00Z,SOLAR,SOLAR,0,1420
2023-11-10T08:00:00Z,WIND,WIND,2082.864531993866,4150
2023-11-10T09:00:00Z,COAL,COAL,795.809987487793,820
2023-11-10T09:00:00Z,DUAL FUEL,DUAL FUEL,464.90882802327474,466
2023-11-10T09:00:00Z,ENERGY STORAGE,ENERGY STORAGE,-5.657054247326321,130
2023-11-10T09:00:00Z,GAS,COGENERATION,4210.991505873203,5235
2023-11-10T09:00:00Z,GAS,COMBINED CYCLE,1291.0481394861804,3010
2023-11-10T09:00:00Z,GAS,GAS FIRED STEAM,986.2258119275834,2609
2023-11-10T09:00:00Z,GAS,SIMPLE CYCLE,239.7647194137176,959
2023-11-10T09:00:00Z,HYDRO,HYDRO,59.88072131085727,894
2023-11-10T09:00:00Z,OTHER,BIOMASS,108.2174124288559,154
2023-11-10T09:00:00Z,OTHER,DUAL FUEL,13.09999942779541,20
2023-11-10T09:00:00Z,OTHER,GAS,1.1999510526657104,10
2023-11-10T09:00:00Z,OTHER,GAS COGEN,21.1182283782959,58
2023-11-10T09:00:00Z,OTHER,OIL/GAS,43.15821486790975,53
2023-11-10T09:00:00Z,OTHER,WOOD/REFUSE,91.68843499236637,149
2023-11-10T09:00:00Z,SOLAR,SOLAR,0,1420
2023-11-10T09:00:00Z,WIND,WIND,2259.506746275425,4150
2023-11-10T10:00:00Z,COAL,COAL,795.7902625020345,820
2023-11-10T10:00:00Z,DUAL FUEL,DUAL FUEL,464.87693890041777,466
2023-11-10T10:00:00Z,ENERGY STORAGE,ENERGY STORAGE,-5.627554134792752,130
2023-11-10T10:00:00Z,GAS,COGENERATION,4190.828486272494,5235
2023-11-10T10:00:00Z,GAS,COMBINED CYCLE,1259.9007811741035,3010
2023-11-10T10:00:00Z,GAS,GAS FIRED STEAM,800.7293745189243,2609
2023-11-10T10:00:00Z,GAS,SIMPLE CYCLE,130.61088789380258,959
2023-11-10T10:00:00Z,HYDRO,HYDRO,79.88467356420226,894
2023-11-10T10:00:00Z,OTHER,BIOMASS,108.69447299692365,154
2023-11-10T10:00:00Z,OTHER,DUAL FUEL,13.09999942779541,20
2023-11-10T10:00:00Z,OTHER,GAS,1.1999510526657104,10
2023-11-10T10:00:00Z,OTHER,GAS COGEN,21.131545018090144,58
2023-11-10T10:00:00Z,OTHER,OIL/GAS,43.01425491544936,53
2023-11-10T10:00:00Z,OTHER,WOOD/REFUSE,91.76251183986663,149
2023-11-10T10:00:00Z,SOLAR,SOLAR,0,1420
2023-11-10T10:00:00Z,WIND,WIND,2524.063385338386,4150
2023-11-10T11:00:00Z,COAL,COAL,796.1859839375813,820
2023-11-10T11:00:00Z,DUAL FUEL,DUAL FUEL,464.8690485636393,466
2023-11-10T11:00:00Z,ENERGY STORAGE,ENERGY STORAGE,-5.662109822167291,130
2023-11-10T11:00:00Z,GAS,COGENERATION,4185.996444795396,5235
2023-11-10T11:00:00Z,GAS,COMBINED CYCLE,1261.0528346095482,3010
2023-11-10T11:00:00Z,GAS,GAS FIRED STEAM,792.4253299225701,2609
2023-11-10T11:00:00Z,GAS,SIMPLE CYCLE,106.5094443838795,959
2023-11-10T11:00:00Z,HYDRO,HYDRO,86.28857260890305,894
2023-11-10T11:00:00Z,OTHER,BIOMASS,104.58396610312992,154
2023-11-10T11:00:00Z,OTHER,DUAL FUEL,12.304444301923116,20
2023-11-10T11:00:00Z,OTHER,GAS,1.1999510526657104,10
2023-11-10T11:00:00Z,OTHER,GAS COGEN,21.029378539191352,58
2023-11-10T11:00:00Z,OTHER,OIL/GAS,43.18387136459351,53
2023-11-10T11:00:00Z,OTHER,WOOD/REFUSE,91.86758151955075,149
2023-11-10T11:00:00Z,SOLAR,SOLAR,0,1420
2023-11-10T11:00:00Z,WIND,WIND,2636.3569398456148,4150
2023-11-10T12:00:00Z,COAL,COAL,796.8258763631185,820
2023-11-10T12:00:00Z,DUAL FUEL,DUAL FUEL,464.79082756890193,466
2023-11-10T12:00:00Z,ENERGY STORAGE,ENERGY STORAGE,-3.995110125011868,130
2023-11-10T12:00:00Z,GAS,COGENERATION,4181.5774250523245,5235
2023-11-10T12:00:00Z,GAS,COMBINED CYCLE,1264.200779143307,3010
2023-11-10T12:00:00Z,GAS,GAS FIRED STEAM,780.519800614251,2609
2023-11-10T12:00:00Z,GAS,SIMPLE CYCLE,138.53044352783098,959
2023-11-10T12:00:00Z,HYDRO,HYDRO,114.11319017721547,894
2023-11-10T12:00:00Z,OTHER,BIOMASS,105.48336824893951,154
2023-11-10T12:00:00Z,OTHER,DUAL FUEL,11.874277869330513,20
2023-11-10T12:00:00Z,OTHER,GAS,1.1999510526657104,10
2023-11-10T12:00:00Z,OTHER,GAS COGEN,21.09532591819763,58
2023-11-10T12:00:00Z,OTHER,OIL/GAS,43.45168189578586,53
2023-11-10T12:00:00Z,OTHER,WOOD/REFUSE,91.49879314104717,149
2023-11-10T12:00:00Z,SOLAR,SOLAR,0,1420
2023-11-10T12:00:00Z,WIND,WIND,2732.819195493857,4150
2023-11-10T13:00:00Z,COAL,COAL,796.7657666524251,820
2023-11-10T13:00:00Z,DUAL FUEL,DUAL FUEL,464.7481068759494,466
2023-11-10T13:00:00Z,ENERGY STORAGE,ENERGY STORAGE,-1.8991107262505427,130
2023-11-10T13:00:00Z,GAS,COGENERATION,4188.355881137318,5235
2023-11-10T13:00:00Z,GAS,COMBINED CYCLE,1332.8223283226623,3010
2023-11-10T13:00:00Z,GAS,GAS FIRED STEAM,878.9349212858411,2609
2023-11-10T13:00:00Z,GAS,SIMPLE CYCLE,167.87049816558758,959
2023-11-10T13:00:00Z,HYDRO,HYDRO,156.89516018213496,894
2023-11-10T13:00:00Z,OTHER,BIOMASS,104.98612217585246,154
2023-11-10T13:00:00Z,OTHER,DUAL FUEL,11.877555635770165,20
2023-11-10T13:00:00Z,OTHER,GAS,1.1999510526657104,10
2023-11-10T13:00:00Z,OTHER,GAS COGEN,20.929898121092055,58
2023-11-10T13:00:00Z,OTHER,OIL/GAS,43.36510438495212,53
2023-11-10T13:00:00Z,OTHER,WOOD/REFUSE,91.463272587988115,149
2023-11-10T13:00:00Z,SOLAR,SOLAR,0.07146864450640149,1420
2023-11-10T13:00:00Z,WIND,WIND,2732.853757528199,4150
2023-11-10T14:00:00Z,COAL,COAL,796.2786531914605,820
2023-11-10T14:00:00Z,DUAL FUEL,DUAL FUEL,464.8058835517036,466
2023-11-10T14:00:00Z,ENERGY STORAGE,ENERGY STORAGE,-0.9632773812611899,130
2023-11-10T14:00:00Z,GAS,COGENERATION,4192.534120340347,5235
2023-11-10T14:00:00Z,GAS,COMBINED CYCLE,1286.4220474401448,3010
2023-11-10T14:00:00Z,GAS,GAS FIRED STEAM,847.2664344141219,2609
2023-11-10T14:00:00Z,GAS,SIMPLE CYCLE,241.78707186020083,959
2023-11-10T14:00:00Z,HYDRO,HYDRO,101.34804958833588,894
2023-11-10T14:00:00Z,OTHER,BIOMASS,107.45563751856487,154
2023-11-10T14:00:00Z,OTHER,DUAL FUEL,11.853055427339342,20
2023-11-10T14:00:00Z,OTHER,GAS,1.1999510526657104,10
2023-11-10T14:00:00Z,OTHER,GAS COGEN,20.92993566301134,58
2023-11-10T14:00:00Z,OTHER,OIL/GAS,44.087893305884464,53
2023-11-10T14:00:00Z,OTHER,WOOD/REFUSE,90.69262384361691,149
2023-11-10T14:00:00Z,SOLAR,SOLAR,1.7867157088716823,1420
2023-11-10T14:00:00Z,WIND,WIND,2662.9512812970083,4150
2023-11-10T15:00:00Z,COAL,COAL,795.8359315829807,820
2023-11-10T15:00:00Z,DUAL FUEL,DUAL FUEL,464.73854987250434,466
2023-11-10T15:00:00Z,ENERGY STORAGE,ENERGY STORAGE,0.00327778498331705,130
2023-11-10T15:00:00Z,GAS,COGENERATION,4147.231676500109,5235
2023-11-10T15:00:00Z,GAS,COMBINED CYCLE,1350.7029278254508,3010
2023-11-10T15:00:00Z,GAS,GAS FIRED STEAM,886.307639503479,2609
2023-11-10T15:00:00Z,GAS,SIMPLE CYCLE,246.63033341692554,959
2023-11-10T15:00:00Z,HYDRO,HYDRO,95.70943189028237,894
2023-11-10T15:00:00Z,OTHER,BIOMASS,108.29119408978356,154
2023-11-10T15:00:00Z,OTHER,DUAL FUEL,11.899999618530272,20
2023-11-10T15:00:00Z,OTHER,GAS,1.1999510526657104,10
2023-11-10T15:00:00Z,OTHER,GAS COGEN,20.906100765864053,58
2023-11-10T15:00:00Z,OTHER,OIL/GAS,44.89894801669651,53
2023-11-10T15:00:00Z,OTHER,WOOD/REFUSE,91.43501869254642,149
2023-11-10T15:00:00Z,SOLAR,SOLAR,122.02037492843137,1420
2023-11-10T15:00:00Z,WIND,WIND,2609.6262712058756,4150
2023-11-10T16:00:00Z,COAL,COAL,795.7256568060982,820
2023-11-10T16:00:00Z,DUAL FUEL,DUAL FUEL,464.80699410332574,466
2023-11-10T16:00:00Z,ENERGY STORAGE,ENERGY STORAGE,-1.1111153496636e-4,130
2023-11-10T16:00:00Z,GAS,COGENERATION,4083.5652669229776,5235
2023-11-10T16:00:00Z,GAS,COMBINED CYCLE,1280.8713498751983,3010
2023-11-10T16:00:00Z,GAS,GAS FIRED STEAM,692.494533068339,2609
2023-11-10T16:00:00Z,GAS,SIMPLE CYCLE,244.24623662616642,959
2023-11-10T16:00:00Z,HYDRO,HYDRO,107.0647483200497,894
2023-11-10T16:00:00Z,OTHER,BIOMASS,106.84709728876749,154
2023-11-10T16:00:00Z,OTHER,DUAL FUEL,11.899999618530272,20
2023-11-10T16:00:00Z,OTHER,GAS,1.1999510526657104,10
2023-11-10T16:00:00Z,OTHER,GAS COGEN,20.86756982061598,58
2023-11-10T16:00:00Z,OTHER,OIL/GAS,44.4409989674886,53
2023-11-10T16:00:00Z,OTHER,WOOD/REFUSE,91.26467867480385,149
2023-11-10T16:00:00Z,SOLAR,SOLAR,329.5788606262538,1420
2023-11-10T16:00:00Z,WIND,WIND,2575.7769837819205,4150
2023-11-10T17:00:00Z,COAL,COAL,795.9301548936633,820
2023-11-10T17:00:00Z,DUAL FUEL,DUAL FUEL,464.8201603359646,466
2023-11-10T17:00:00Z,ENERGY STORAGE,ENERGY STORAGE,0.00833336459265814,130
2023-11-10T17:00:00Z,GAS,COGENERATION,4057.402008517583,5235
2023-11-10T17:00:00Z,GAS,COMBINED CYCLE,1284.2119490687053,3010
2023-11-10T17:00:00Z,GAS,GAS FIRED STEAM,667.7942659632365,2609
2023-11-10T17:00:00Z,GAS,SIMPLE CYCLE,239.10477507697212,959
2023-11-10T17:00:00Z,HYDRO,HYDRO,107.28734674347771,894
2023-11-10T17:00:00Z,OTHER,BIOMASS,105.36650507026249,154
2023-11-10T17:00:00Z,OTHER,DUAL FUEL,11.900166285302904,20
2023-11-10T17:00:00Z,OTHER,GAS,1.1999510526657104,10
2023-11-10T17:00:00Z,OTHER,GAS COGEN,20.84537555270725,58
2023-11-10T17:00:00Z,OTHER,OIL/GAS,44.23579321543376,53
2023-11-10T17:00:00Z,OTHER,WOOD/REFUSE,92.58970208379958,149
2023-11-10T17:00:00Z,SOLAR,SOLAR,641.9082684220208,1420
2023-11-10T17:00:00Z,WIND,WIND,2458.537254707681,4150
2023-11-10T18:00:00Z,COAL,COAL,796.4593772379558,820
2023-11-10T18:00:00Z,DUAL FUEL,DUAL FUEL,464.8810506354438,466
2023-11-10T18:00:00Z,ENERGY STORAGE,ENERGY STORAGE,0.0046666722827487395,130
2023-11-10T18:00:00Z,GAS,COGENERATION,4069.3896228341264,5235
2023-11-10T18:00:00Z,GAS,COMBINED CYCLE,1330.3330513474675,3010
2023-11-10T18:00:00Z,GAS,GAS FIRED STEAM,795.4519999779595,2609
2023-11-10T18:00:00Z,GAS,SIMPLE CYCLE,238.9516642612881,959
2023-11-10T18:00:00Z,HYDRO,HYDRO,108.94564501138198,894
2023-11-10T18:00:00Z,OTHER,BIOMASS,107.18005308945973,154
2023-11-10T18:00:00Z,OTHER,DUAL FUEL,11.899999618530272,20
2023-11-10T18:00:00Z,OTHER,GAS,1.1999510526657104,10
2023-11-10T18:00:00Z,OTHER,GAS COGEN,20.55805063459608,58
2023-11-10T18:00:00Z,OTHER,OIL/GAS,44.38964898851183,53
2023-11-10T18:00:00Z,OTHER,WOOD/REFUSE,92.046002368927,149
2023-11-10T18:00:00Z,SOLAR,SOLAR,629.5979802429345,1420
2023-11-10T18:00:00Z,WIND,WIND,2288.651027634409,4150
2023-11-10T19:00:00Z,COAL,COAL,796.041821729872,820
2023-11-10T19:00:00Z,DUAL FUEL,DUAL FUEL,464.8857167392307,466
2023-11-10T19:00:00Z,ENERGY STORAGE,ENERGY STORAGE,0.00150000519222683,130
2023-11-10T19:00:00Z,GAS,COGENERATION,4071.7408251251113,5235
2023-11-10T19:00:00Z,GAS,COMBINED CYCLE,1362.9915687706734,3010
2023-11-10T19:00:00Z,GAS,GAS FIRED STEAM,840.6577215883467,2609
2023-11-10T19:00:00Z,GAS,SIMPLE CYCLE,202.43655333651438,959
2023-11-10T19:00:00Z,HYDRO,HYDRO,104.12297951415181,894
2023-11-10T19:00:00Z,OTHER,BIOMASS,106.35117918438382,154
2023-11-10T19:00:00Z,OTHER,DUAL FUEL,11.900166285302904,20
2023-11-10T19:00:00Z,OTHER,GAS,1.1999510526657104,10
2023-11-10T19:00:00Z,OTHER,GAS COGEN,20.989727912478976,58
2023-11-10T19:00:00Z,OTHER,OIL/GAS,44.83605442682902,53
2023-11-10T19:00:00Z,OTHER,WOOD/REFUSE,91.8247435204188,149
2023-11-10T19:00:00Z,SOLAR,SOLAR,639.5537913248605,1420
2023-11-10T19:00:00Z,WIND,WIND,2191.70591460824,4150
2023-11-10T20:00:00Z,COAL,COAL,796.6467670694988,820
2023-11-10T20:00:00Z,DUAL FUEL,DUAL FUEL,464.90543884277344,466
2023-11-10T20:00:00Z,ENERGY STORAGE,ENERGY STORAGE,5.5555767483181e-4,130
2023-11-10T20:00:00Z,GAS,COGENERATION,4069.3990060453943,5235
2023-11-10T20:00:00Z,GAS,COMBINED CYCLE,1411.424519148469,3010
2023-11-10T20:00:00Z,GAS,GAS FIRED STEAM,872.6887222899331,2609
2023-11-10T20:00:00Z,GAS,SIMPLE CYCLE,199.87977331903244,959
2023-11-10T20:00:00Z,HYDRO,HYDRO,102.53671683448884,894
2023-11-10T20:00:00Z,OTHER,BIOMASS,107.90597360213597,154
2023-11-10T20:00:00Z,OTHER,DUAL FUEL,11.899999618530272,20
2023-11-10T20:00:00Z,OTHER,GAS,1.1999510526657104,10
2023-11-10T20:00:00Z,OTHER,GAS COGEN,21.101928380330403,58
2023-11-10T20:00:00Z,OTHER,OIL/GAS,44.629004368252225,53
2023-11-10T20:00:00Z,OTHER,WOOD/REFUSE,92.44063547823166,149
2023-11-10T20:00:00Z,SOLAR,SOLAR,673.9777401862542,1420
2023-11-10T20:00:00Z,WIND,WIND,2045.4131866107218,4150
2023-11-10T21:00:00Z,COAL,COAL,796.2334892103407,820
2023-11-10T21:00:00Z,DUAL FUEL,DUAL FUEL,464.9106610276964,466
2023-11-10T21:00:00Z,ENERGY STORAGE,ENERGY STORAGE,0.0033333460489908813,130
2023-11-10T21:00:00Z,GAS,COGENERATION,4005.1769236992463,5235
2023-11-10T21:00:00Z,GAS,COMBINED CYCLE,1312.402475764023,3010
2023-11-10T21:00:00Z,GAS,GAS FIRED STEAM,723.2949917411804,2609
2023-11-10T21:00:00Z,GAS,SIMPLE CYCLE,199.74077351464166,959
2023-11-10T21:00:00Z,HYDRO,HYDRO,92.65892199476559,894
2023-11-10T21:00:00Z,OTHER,BIOMASS,107.15536423842113,154
2023-11-10T21:00:00Z,OTHER,DUAL FUEL,11.500888681411745,20
2023-11-10T21:00:00Z,OTHER,GAS,1.1999510526657104,10
2023-11-10T21:00:00Z,OTHER,GAS COGEN,21.113304641511704,58
2023-11-10T21:00:00Z,OTHER,OIL/GAS,44.61262027952406,53
2023-11-10T21:00:00Z,OTHER,WOOD/REFUSE,92.16121021641625,149
2023-11-10T21:00:00Z,SOLAR,SOLAR,738.3541871216231,1420
2023-11-10T21:00:00Z,WIND,WIND,2087.7448151880835,4150
2023-11-10T22:00:00Z,COAL,COAL,797.0940405782064,820
2023-11-10T22:00:00Z,DUAL FUEL,DUAL FUEL,464.9173839823405,466
2023-11-10T22:00:00Z,ENERGY STORAGE,ENERGY STORAGE,0.06472246752844915,130
2023-11-10T22:00:00Z,GAS,COGENERATION,3938.4308136273758,5235
2023-11-10T22:00:00Z,GAS,COMBINED CYCLE,1251.068121070332,3010
2023-11-10T22:00:00Z,GAS,GAS FIRED STEAM,773.2710664198133,2609
2023-11-10T22:00:00Z,GAS,SIMPLE CYCLE,200.04888426303864,959
2023-11-10T22:00:00Z,HYDRO,HYDRO,117.76121555224063,894
2023-11-10T22:00:00Z,OTHER,BIOMASS,109.52345704025693,154
2023-11-10T22:00:00Z,OTHER,DUAL FUEL,10.91394448068407,20
2023-11-10T22:00:00Z,OTHER,GAS,1.1999510526657104,10
2023-11-10T22:00:00Z,OTHER,GAS COGEN,21.09547482172648,58
2023-11-10T22:00:00Z,OTHER,OIL/GAS,44.79076462639703,53
2023-11-10T22:00:00Z,OTHER,WOOD/REFUSE,91.9459765206443,149
2023-11-10T22:00:00Z,SOLAR,SOLAR,461.722906810542,1420
2023-11-10T22:00:00Z,WIND,WIND,2241.9398386457233,4150
2023-11-10T23:00:00Z,COAL,COAL,795.6151549106174,820
2023-11-10T23:00:00Z,DUAL FUEL,DUAL FUEL,464.7870498996311,466
2023-11-10T23:00:00Z,ENERGY STORAGE,ENERGY STORAGE,0.034388954904344314,130
2023-11-10T23:00:00Z,GAS,COGENERATION,4077.800152747366,5235
2023-11-10T23:00:00Z,GAS,COMBINED CYCLE,1415.2949479060703,3010
2023-11-10T23:00:00Z,GAS,GAS FIRED STEAM,1003.3057389979892,2609
2023-11-10T23:00:00Z,GAS,SIMPLE CYCLE,292.4229955793089,959
2023-11-10T23:00:00Z,HYDRO,HYDRO,133.78068682692117,894
2023-11-10T23:00:00Z,OTHER,BIOMASS,107.9430872186025,154
2023-11-10T23:00:00Z,OTHER,DUAL FUEL,12.142277924749587,20
2023-11-10T23:00:00Z,OTHER,GAS,1.1999510526657104,10
2023-11-10T23:00:00Z,OTHER,GAS COGEN,21.135797124438817,58
2023-11-10T23:00:00Z,OTHER,OIL/GAS,44.651649672190345,53
2023-11-10T23:00:00Z,OTHER,WOOD/REFUSE,92.18172097524007,149
2023-11-10T23:00:00Z,SOLAR,SOLAR,63.42703297938738,1420
2023-11-10T23:00:00Z,WIND,WIND,2394.7746989099514,4150
2023-11-11T00:00:00Z,COAL,COAL,795.393931511773,820
2023-11-11T00:00:00Z,DUAL FUEL,DUAL FUEL,464.8094947306315,466
2023-11-11T00:00:00Z,ENERGY STORAGE,ENERGY STORAGE,-4.4444613986545e-4,130
2023-11-11T00:00:00Z,GAS,COGENERATION,4077.236362084283,5235
2023-11-11T00:00:00Z,GAS,COMBINED CYCLE,1441.752059002916,3010
2023-11-11T00:00:00Z,GAS,GAS FIRED STEAM,1128.3591478655073,2609
2023-11-11T00:00:00Z,GAS,SIMPLE CYCLE,348.3544338975019,959
2023-11-11T00:00:00Z,HYDRO,HYDRO,117.97210106546679,894
2023-11-11T00:00:00Z,OTHER,BIOMASS,107.96604321320852,154
2023-11-11T00:00:00Z,OTHER,DUAL FUEL,12.3084446144104,20
2023-11-11T00:00:00Z,OTHER,GAS,1.1999510526657104,10
2023-11-11T00:00:00Z,OTHER,GAS COGEN,21.025797883139717,58
2023-11-11T00:00:00Z,OTHER,OIL/GAS,44.52390382342868,53
2023-11-11T00:00:00Z,OTHER,WOOD/REFUSE,90.85131076547835,149
2023-11-11T00:00:00Z,SOLAR,SOLAR,0.062530394229624,1420
2023-11-11T00:00:00Z,WIND,WIND,2418.489711428388,4150
2023-11-11T01:00:00Z,COAL,COAL,795.8766014438206,820
2023-11-11T01:00:00Z,DUAL FUEL,DUAL FUEL,464.8152710469563,466
2023-11-11T01:00:00Z,ENERGY STORAGE,ENERGY STORAGE,-1.648611118528578,130
2023-11-11T01:00:00Z,GAS,COGENERATION,4081.2057886093194,5235
2023-11-11T01:00:00Z,GAS,COMBINED CYCLE,1444.8535686279006,3010
2023-11-11T01:00:00Z,GAS,GAS FIRED STEAM,1098.5815574614207,2609
2023-11-11T01:00:00Z,GAS,SIMPLE CYCLE,351.5945771524641,959
2023-11-11T01:00:00Z,HYDRO,HYDRO,126.86457162340481,894
2023-11-11T01:00:00Z,OTHER,BIOMASS,109.41087516678702,154
2023-11-11T01:00:00Z,OTHER,DUAL FUEL,12.302166851891412,20
2023-11-11T01:00:00Z,OTHER,GAS,1.1999510526657104,10
2023-11-11T01:00:00Z,OTHER,GAS COGEN,20.84011655913459,58
2023-11-11T01:00:00Z,OTHER,OIL/GAS,44.9095272869534,53
2023-11-11T01:00:00Z,OTHER,WOOD/REFUSE,91.0638863017824,149
2023-11-11T01:00:00Z,SOLAR,SOLAR,0,1420
2023-11-11T01:00:00Z,WIND,WIND,2401.911820101026,4150
2023-11-11T02:00:00Z,COAL,COAL,796.4027612813314,820
2023-11-11T02:00:00Z,DUAL FUEL,DUAL FUEL,464.9384945678711,466
2023-11-11T02:00:00Z,ENERGY STORAGE,ENERGY STORAGE,-0.37016666465335424,130
2023-11-11T02:00:00Z,GAS,COGENERATION,4061.3217708796924,5235
2023-11-11T02:00:00Z,GAS,COMBINED CYCLE,1403.0734546881251,3010
2023-11-11T02:00:00Z,GAS,GAS FIRED STEAM,929.7675911278195,2609
2023-11-11T02:00:00Z,GAS,SIMPLE CYCLE,342.5808378540807,959
2023-11-11T02:00:00Z,HYDRO,HYDRO,101.91819753492872,894
2023-11-11T02:00:00Z,OTHER,BIOMASS,109.76560029771593,154
2023-11-11T02:00:00Z,OTHER,DUAL FUEL,12.320666804843478,20
2023-11-11T02:00:00Z,OTHER,GAS,1.1999510526657104,10
2023-11-11T02:00:00Z,OTHER,GAS COGEN,21.32241099887424,58
2023-11-11T02:00:00Z,OTHER,OIL/GAS,44.8463373904758,53
2023-11-11T02:00:00Z,OTHER,WOOD/REFUSE,91.36898570007749,149
2023-11-11T02:00:00Z,SOLAR,SOLAR,0,1420
2023-11-11T02:00:00Z,WIND,WIND,2589.493923535877,4150
2023-11-11T03:00:00Z,COAL,COAL,796.2484300401476,820
2023-11-11T03:00:00Z,DUAL FUEL,DUAL FUEL,464.9072152879503,466
2023-11-11T03:00:00Z,ENERGY STORAGE,ENERGY STORAGE,0.05588910208808051,130
2023-11-11T03:00:00Z,GAS,COGENERATION,4065.7272924417916,5235
2023-11-11T03:00:00Z,GAS,COMBINED CYCLE,1406.8997423105106,3010
2023-11-11T03:00:00Z,GAS,GAS FIRED STEAM,760.4416017288631,2609
2023-11-11T03:00:00Z,GAS,SIMPLE CYCLE,164.14137435257436,959
2023-11-11T03:00:00Z,HYDRO,HYDRO,89.87624272586571,894
2023-11-11T03:00:00Z,OTHER,BIOMASS,107.83310808234744,154
2023-11-11T03:00:00Z,OTHER,DUAL FUEL,12.113000071843466,20
2023-11-11T03:00:00Z,OTHER,GAS,1.1999510526657104,10
2023-11-11T03:00:00Z,OTHER,GAS COGEN,21.318345311482748,58
2023-11-11T03:00:00Z,OTHER,OIL/GAS,45.11347717497084,53
2023-11-11T03:00:00Z,OTHER,WOOD/REFUSE,90.72156464417776,149
2023-11-11T03:00:00Z,SOLAR,SOLAR,0,1420
2023-11-11T03:00:00Z,WIND,WIND,2790.0286719967257,4150
2023-11-11T04:00:00Z,COAL,COAL,796.6344844224718,820
2023-11-11T04:00:00Z,DUAL FUEL,DUAL FUEL,464.93877180311415,466
2023-11-11T04:00:00Z,ENERGY STORAGE,ENERGY STORAGE,7.7778074476453e-4,130
2023-11-11T04:00:00Z,GAS,COGENERATION,4093.261100241608,5235
2023-11-11T04:00:00Z,GAS,COMBINED CYCLE,1414.6647690190873,3010
2023-11-11T04:00:00Z,GAS,GAS FIRED STEAM,808.2029206879934,2609
2023-11-11T04:00:00Z,GAS,SIMPLE CYCLE,140.06655067655777,959
2023-11-11T04:00:00Z,HYDRO,HYDRO,113.88836336811383,894
2023-11-11T04:00:00Z,OTHER,BIOMASS,108.1550859424803,154
2023-11-11T04:00:00Z,OTHER,DUAL FUEL,11.998999999364218,20
2023-11-11T04:00:00Z,OTHER,GAS,1.1999510526657104,10
2023-11-11T04:00:00Z,OTHER,GAS COGEN,21.34997639656067,58
2023-11-11T04:00:00Z,OTHER,OIL/GAS,45.25338810390896,53
2023-11-11T04:00:00Z,OTHER,WOOD/REFUSE,90.48905390845405,149
2023-11-11T04:00:00Z,SOLAR,SOLAR,0,1420
2023-11-11T04:00:00Z,WIND,WIND,2845.879342375199,4150
2023-11-11T05:00:00Z,COAL,COAL,796.5811565483941,820
2023-11-11T05:00:00Z,DUAL FUEL,DUAL FUEL,464.9752730814616,466
2023-11-11T05:00:00Z,ENERGY STORAGE,ENERGY STORAGE,0.00144444995456271,130
2023-11-11T05:00:00Z,GAS,COGENERATION,4108.827003960079,5235
2023-11-11T05:00:00Z,GAS,COMBINED CYCLE,1417.2776206603314,3010
2023-11-11T05:00:00Z,GAS,GAS FIRED STEAM,677.5584204234017,2609
2023-11-11T05:00:00Z,GAS,SIMPLE CYCLE,104.92816412342918,959
2023-11-11T05:00:00Z,HYDRO,HYDRO,128.21533394899632,894
2023-11-11T05:00:00Z,OTHER,BIOMASS,107.76630339384079,154
2023-11-11T05:00:00Z,OTHER,DUAL FUEL,11.998833332591587,20
2023-11-11T05:00:00Z,OTHER,GAS,1.1999510526657104,10
2023-11-11T05:00:00Z,OTHER,GAS COGEN,21.34691768434313,58
2023-11-11T05:00:00Z,OTHER,OIL/GAS,45.55226634979248,53
2023-11-11T05:00:00Z,OTHER,WOOD/REFUSE,90.30289366669125,149
2023-11-11T05:00:00Z,SOLAR,SOLAR,0,1420
2023-11-11T05:00:00Z,WIND,WIND,2861.16969416572,4150
2023-11-11T06:00:00Z,COAL,COAL,795.7083760748969,820
2023-11-11T06:00:00Z,DUAL FUEL,DUAL FUEL,464.9429948086209,466
2023-11-11T06:00:00Z,ENERGY STORAGE,ENERGY STORAGE,3.8889037238226e-4,130
2023-11-11T06:00:00Z,GAS,COGENERATION,4100.380089761814,5235
2023-11-11T06:00:00Z,GAS,COMBINED CYCLE,1414.9470632219977,3010
2023-11-11T06:00:00Z,GAS,GAS FIRED STEAM,639.6240632565816,2609
2023-11-11T06:00:00Z,GAS,SIMPLE CYCLE,34.33100012302398,959
2023-11-11T06:00:00Z,HYDRO,HYDRO,114.22227245332466,894
2023-11-11T06:00:00Z,OTHER,BIOMASS,110.99571947892507,154
2023-11-11T06:00:00Z,OTHER,DUAL FUEL,11.998999999364218,20
2023-11-11T06:00:00Z,OTHER,GAS,1.1999510526657104,10
2023-11-11T06:00:00Z,OTHER,GAS COGEN,21.21677643140157,58
2023-11-11T06:00:00Z,OTHER,OIL/GAS,45.29718276553684,53
2023-11-11T06:00:00Z,OTHER,WOOD/REFUSE,89.98710697438982,149
2023-11-11T06:00:00Z,SOLAR,SOLAR,0,1420
2023-11-11T06:00:00Z,WIND,WIND,2916.550151233673,4150
2023-11-11T07:00:00Z,COAL,COAL,795.8867098659939,820
2023-11-11T07:00:00Z,DUAL FUEL,DUAL FUEL,464.9638277520074,466
2023-11-11T07:00:00Z,ENERGY STORAGE,ENERGY STORAGE,1.6666730244954e-4,130
2023-11-11T07:00:00Z,GAS,COGENERATION,4035.286994233794,5235
2023-11-11T07:00:00Z,GAS,COMBINED CYCLE,1286.3497334380284,3010
2023-11-11T07:00:00Z,GAS,GAS FIRED STEAM,597.7424607594808,2609
2023-11-11T07:00:00Z,GAS,SIMPLE CYCLE,31.300000190734863,959
2023-11-11T07:00:00Z,HYDRO,HYDRO,77.92213433303768,894
2023-11-11T07:00:00Z,OTHER,BIOMASS,109.76529784414502,154
2023-11-11T07:00:00Z,OTHER,DUAL FUEL,12,20
2023-11-11T07:00:00Z,OTHER,GAS,1.1999510526657104,10
2023-11-11T07:00:00Z,OTHER,GAS COGEN,21.10297258271111,58
2023-11-11T07:00:00Z,OTHER,OIL/GAS,45.021921431223554,53
2023-11-11T07:00:00Z,OTHER,WOOD/REFUSE,90.23411054399278,149
2023-11-11T07:00:00Z,SOLAR,SOLAR,0,1420
2023-11-11T07:00:00Z,WIND,WIND,3021.7087183207937,4150
2023-11-11T08:00:00Z,COAL,COAL,796.2569862535265,820
2023-11-11T08:00:00Z,DUAL FUEL,DUAL FUEL,413.26677174886066,466
2023-11-11T08:00:00Z,ENERGY STORAGE,ENERGY STORAGE,3.3333460489908e-4,130
2023-11-11T08:00:00Z,GAS,COGENERATION,4041.58753410538,5235
2023-11-11T08:00:00Z,GAS,COMBINED CYCLE,1249.1374485932456,3010
2023-11-11T08:00:00Z,GAS,GAS FIRED STEAM,537.8386985058255,2609
2023-11-11T08:00:00Z,GAS,SIMPLE CYCLE,31.300000190734863,959
2023-11-11T08:00:00Z,HYDRO,HYDRO,93.90817294831078,894
2023-11-11T08:00:00Z,OTHER,BIOMASS,111.13849267429777,154
2023-11-11T08:00:00Z,OTHER,DUAL FUEL,11.997333331637911,20
2023-11-11T08:00:00Z,OTHER,GAS,1.1999510526657104,10
2023-11-11T08:00:00Z,OTHER,GAS COGEN,21.11371499591403,58
2023-11-11T08:00:00Z,OTHER,OIL/GAS,45.51889963150025,53
2023-11-11T08:00:00Z,OTHER,WOOD/REFUSE,90.68092414802975,149
2023-11-11T08:00:00Z,SOLAR,SOLAR,0,1420
2023-11-11T08:00:00Z,WIND,WIND,2965.8256322934894,4150
2023-11-11T09:00:00Z,COAL,COAL,796.0438749525283,820
2023-11-11T09:00:00Z,DUAL FUEL,DUAL FUEL,371.2232165357802,466
2023-11-11T09:00:00Z,ENERGY STORAGE,ENERGY STORAGE,2.777788374159e-4,130
2023-11-11T09:00:00Z,GAS,COGENERATION,4077.0653237870006,5235
2023-11-11T09:00:00Z,GAS,COMBINED CYCLE,1286.9675602095658,3010
2023-11-11T09:00:00Z,GAS,GAS FIRED STEAM,398.8852393807305,2609
2023-11-11T09:00:00Z,GAS,SIMPLE CYCLE,31.300000190734863,959
2023-11-11T09:00:00Z,HYDRO,HYDRO,107.40481857243512,894
2023-11-11T09:00:00Z,OTHER,BIOMASS,109.24384652879503,154
2023-11-11T09:00:00Z,OTHER,DUAL FUEL,11.99966666645474,20
2023-11-11T09:00:00Z,OTHER,GAS,1.1999510526657104,10
2023-11-11T09:00:00Z,OTHER,GAS COGEN,21.153104344473945,58
2023-11-11T09:00:00Z,OTHER,OIL/GAS,45.26738767411974,53
2023-11-11T09:00:00Z,OTHER,WOOD/REFUSE,90.2532697168986,149
2023-11-11T09:00:00Z,SOLAR,SOLAR,0,1420
2023-11-11T09:00:00Z,WIND,WIND,3020.578963847955,4150
2023-11-11T10:00:00Z,COAL,COAL,795.9682657368978,820
2023-11-11T10:00:00Z,DUAL FUEL,DUAL FUEL,371.14582685682507,466
2023-11-11T10:00:00Z,ENERGY STORAGE,ENERGY STORAGE,-5.0000190734863e-4,130
2023-11-11T10:00:00Z,GAS,COGENERATION,4092.3620647055573,5235
2023-11-11T10:00:00Z,GAS,COMBINED CYCLE,1311.297872403264,3010
2023-11-11T10:00:00Z,GAS,GAS FIRED STEAM,378.7524338648054,2609
2023-11-11T10:00:00Z,GAS,SIMPLE CYCLE,31.299500188827516,959
2023-11-11T10:00:00Z,HYDRO,HYDRO,79.16524833021892,894
2023-11-11T10:00:00Z,OTHER,BIOMASS,107.51301513777838,154
2023-11-11T10:00:00Z,OTHER,DUAL FUEL,11.994333329730564,20
2023-11-11T10:00:00Z,OTHER,GAS,1.1999510526657104,10
2023-11-11T10:00:00Z,OTHER,GAS COGEN,21.100585479736328,58
2023-11-11T10:00:00Z,OTHER,OIL/GAS,45.08808206770155,53
2023-11-11T10:00:00Z,OTHER,WOOD/REFUSE,91.14022179497613,149
2023-11-11T10:00:00Z,SOLAR,SOLAR,0,1420
2023-11-11T10:00:00Z,WIND,WIND,3010.9262265197435,4150
2023-11-11T11:00:00Z,COAL,COAL,796.5498739624024,820
2023-11-11T11:00:00Z,DUAL FUEL,DUAL FUEL,371.2599380493164,466
2023-11-11T11:00:00Z,ENERGY STORAGE,ENERGY STORAGE,-2.630999297036065,130
2023-11-11T11:00:00Z,GAS,COGENERATION,4040.299568450252,5235
2023-11-11T11:00:00Z,GAS,COMBINED CYCLE,1272.9805627922879,3010
2023-11-11T11:00:00Z,GAS,GAS FIRED STEAM,354.1834588729011,2609
2023-11-11T11:00:00Z,GAS,SIMPLE CYCLE,31.300000190734863,959
2023-11-11T11:00:00Z,HYDRO,HYDRO,59.60656456695663,894
2023-11-11T11:00:00Z,OTHER,BIOMASS,110.60242399639554,154
2023-11-11T11:00:00Z,OTHER,DUAL FUEL,11.998666665818956,20
2023-11-11T11:00:00Z,OTHER,GAS,1.1999510526657104,10
2023-11-11T11:00:00Z,OTHER,GAS COGEN,21.12039208094279,58
2023-11-11T11:00:00Z,OTHER,OIL/GAS,45.42512644873725,53
2023-11-11T11:00:00Z,OTHER,WOOD/REFUSE,91.51028316762712,149
2023-11-11T11:00:00Z,SOLAR,SOLAR,0,1420
2023-11-11T11:00:00Z,WIND,WIND,3132.9412808814313,4150
2023-11-11T12:00:00Z,COAL,COAL,797.0923767089844,820
2023-11-11T12:00:00Z,DUAL FUEL,DUAL FUEL,371.2226618109809,466
2023-11-11T12:00:00Z,ENERGY STORAGE,ENERGY STORAGE,-5.618831879297892,130
2023-11-11T12:00:00Z,GAS,COGENERATION,4082.0735035210187,5235
2023-11-11T12:00:00Z,GAS,COMBINED CYCLE,1274.2134036026398,3010
2023-11-11T12:00:00Z,GAS,GAS FIRED STEAM,351.3628137196435,2609
2023-11-11T12:00:00Z,GAS,SIMPLE CYCLE,31.19700012524923,959
2023-11-11T12:00:00Z,HYDRO,HYDRO,97.570490792195,894
2023-11-11T12:00:00Z,OTHER,BIOMASS,108.13165162616306,154
2023-11-11T12:00:00Z,OTHER,DUAL FUEL,11.998333332273695,20
2023-11-11T12:00:00Z,OTHER,GAS,1.1999510526657104,10
2023-11-11T12:00:00Z,OTHER,GAS COGEN,20.835864256752863,58
2023-11-11T12:00:00Z,OTHER,OIL/GAS,45.69549973169963,53
2023-11-11T12:00:00Z,OTHER,WOOD/REFUSE,89.59988846990798,149
2023-11-11T12:00:00Z,SOLAR,SOLAR,0,1420
2023-11-11T12:00:00Z,WIND,WIND,3054.134627366132,4150
2023-11-11T13:00:00Z,COAL,COAL,796.5049335903591,820
2023-11-11T13:00:00Z,DUAL FUEL,DUAL FUEL,371.220549536811,466
2023-11-11T13:00:00Z,ENERGY STORAGE,ENERGY STORAGE,-5.2421098698510065,130
2023-11-11T13:00:00Z,GAS,COGENERATION,4073.7909166430104,5235
2023-11-11T13:00:00Z,GAS,COMBINED CYCLE,1293.033661810822,3010
2023-11-11T13:00:00Z,GAS,GAS FIRED STEAM,353.0895044718848,2609
2023-11-11T13:00:00Z,GAS,SIMPLE CYCLE,31,959
2023-11-11T13:00:00Z,HYDRO,HYDRO,75.9046233295401,894
2023-11-11T13:00:00Z,OTHER,BIOMASS,106.88998637411329,154
2023-11-11T13:00:00Z,OTHER,DUAL FUEL,11.997666665183171,20
2023-11-11T13:00:00Z,OTHER,GAS,1.1999510526657104,10
2023-11-11T13:00:00Z,OTHER,GAS COGEN,20.956829257541234,58
2023-11-11T13:00:00Z,OTHER,OIL/GAS,45.106642723083496,53
2023-11-11T13:00:00Z,OTHER,WOOD/REFUSE,90.66731188403236,149
2023-11-11T13:00:00Z,SOLAR,SOLAR,0,1420
2023-11-11T13:00:00Z,WIND,WIND,3112.0724890210895,4150
2023-11-11T14:00:00Z,COAL,COAL,796.8258751593696,820
2023-11-11T14:00:00Z,DUAL FUEL,DUAL FUEL,371.1636594814725,466
2023-11-11T14:00:00Z,ENERGY STORAGE,ENERGY STORAGE,-4.782610281838311,130
2023-11-11T14:00:00Z,GAS,COGENERATION,4008.8424322426317,5235
2023-11-11T14:00:00Z,GAS,COMBINED CYCLE,1370.5186578199598,3010
2023-11-11T14:00:00Z,GAS,GAS FIRED STEAM,356.4677293947008,2609
2023-11-11T14:00:00Z,GAS,SIMPLE CYCLE,31,959
2023-11-11T14:00:00Z,HYDRO,HYDRO,111.30205743806229,894
2023-11-11T14:00:00Z,OTHER,BIOMASS,105.20247858842214,154
2023-11-11T14:00:00Z,OTHER,DUAL FUEL,11.997499998410545,20
2023-11-11T14:00:00Z,OTHER,GAS,1.1999510526657104,10
2023-11-11T14:00:00Z,OTHER,GAS COGEN,20.87667091263665,58
2023-11-11T14:00:00Z,OTHER,OIL/GAS,44.89809927622477,53
2023-11-11T14:00:00Z,OTHER,WOOD/REFUSE,91.21905296802521,149
2023-11-11T14:00:00Z,SOLAR,SOLAR,0.27472221155961357,1420
2023-11-11T14:00:00Z,WIND,WIND,3082.477830558618,4150
2023-11-11T15:00:00Z,COAL,COAL,795.7689875284831,820
2023-11-11T15:00:00Z,DUAL FUEL,DUAL FUEL,371.1535497538249,466
2023-11-11T15:00:00Z,ENERGY STORAGE,ENERGY STORAGE,-4.726165624724494,130
2023-11-11T15:00:00Z,GAS,COGENERATION,3921.66092265341,5235
2023-11-11T15:00:00Z,GAS,COMBINED CYCLE,1352.6767570930058,3010
2023-11-11T15:00:00Z,GAS,GAS FIRED STEAM,370.436426536772,2609
2023-11-11T15:00:00Z,GAS,SIMPLE CYCLE,31,959
2023-11-11T15:00:00Z,HYDRO,HYDRO,126.81638861177696,894
2023-11-11T15:00:00Z,OTHER,BIOMASS,105.91525141927931,154
2023-11-11T15:00:00Z,OTHER,DUAL FUEL,11.999333332909478,20
2023-11-11T15:00:00Z,OTHER,GAS,1.1999510526657104,10
2023-11-11T15:00:00Z,OTHER,GAS COGEN,20.80811291800605,58
2023-11-11T15:00:00Z,OTHER,OIL/GAS,45.084270780351424,53
2023-11-11T15:00:00Z,OTHER,WOOD/REFUSE,90.87858703189426,149
2023-11-11T15:00:00Z,SOLAR,SOLAR,27.745721706764567,1420
2023-11-11T15:00:00Z,WIND,WIND,3290.2883732950686,4150
2023-11-11T16:00:00Z,COAL,COAL,796.4168234422472,820
2023-11-11T16:00:00Z,DUAL FUEL,DUAL FUEL,371.2220502217611,466
2023-11-11T16:00:00Z,ENERGY STORAGE,ENERGY STORAGE,-3.945554487440321,130
2023-11-11T16:00:00Z,GAS,COGENERATION,3884.5862605961825,5235
2023-11-11T16:00:00Z,GAS,COMBINED CYCLE,1205.2664410543441,3010
2023-11-11T16:00:00Z,GAS,GAS FIRED STEAM,338.4154001193576,2609
2023-11-11T16:00:00Z,GAS,SIMPLE CYCLE,30.99649998664856,959
2023-11-11T16:00:00Z,HYDRO,HYDRO,93.12308794867661,894
2023-11-11T16:00:00Z,OTHER,BIOMASS,105.19829082436031,154
2023-11-11T16:00:00Z,OTHER,DUAL FUEL,11.998666665818956,20
2023-11-11T16:00:00Z,OTHER,GAS,1.1999510526657104,10
2023-11-11T16:00:00Z,OTHER,GAS COGEN,20.79662393252055,58
2023-11-11T16:00:00Z,OTHER,OIL/GAS,45.3723823483785,53
2023-11-11T16:00:00Z,OTHER,WOOD/REFUSE,90.47063394864401,149
2023-11-11T16:00:00Z,SOLAR,SOLAR,388.19412460060585,1420
2023-11-11T16:00:00Z,WIND,WIND,3337.970352951288,4150
2023-11-11T17:00:00Z,COAL,COAL,796.9155416531032,820
2023-11-11T17:00:00Z,DUAL FUEL,DUAL FUEL,371.200826772054,466
2023-11-11T17:00:00Z,ENERGY STORAGE,ENERGY STORAGE,-1.9864440271589492,130
2023-11-11T17:00:00Z,GAS,COGENERATION,3869.8344905512863,5235
2023-11-11T17:00:00Z,GAS,COMBINED CYCLE,1107.8548377158907,3010
2023-11-11T17:00:00Z,GAS,GAS FIRED STEAM,379.2793141174317,2609
2023-11-11T17:00:00Z,GAS,SIMPLE CYCLE,30.999166663487753,959
2023-11-11T17:00:00Z,HYDRO,HYDRO,133.0774893985854,894
2023-11-11T17:00:00Z,OTHER,BIOMASS,104.86879983901979,154
2023-11-11T17:00:00Z,OTHER,DUAL FUEL,10.939833091100056,20
2023-11-11T17:00:00Z,OTHER,GAS,1.1999510526657104,10
2023-11-11T17:00:00Z,OTHER,GAS COGEN,20.676628646850585,58
2023-11-11T17:00:00Z,OTHER,OIL/GAS,44.50043819851346,53
2023-11-11T17:00:00Z,OTHER,WOOD/REFUSE,90.83104810714721,149
2023-11-11T17:00:00Z,SOLAR,SOLAR,649.9278780837523,1420
2023-11-11T17:00:00Z,WIND,WIND,3216.8784539961816,4150
2023-11-11T18:00:00Z,COAL,COAL,796.881876780192,820
2023-11-11T18:00:00Z,DUAL FUEL,DUAL FUEL,371.23916188557945,466
2023-11-11T18:00:00Z,ENERGY STORAGE,ENERGY STORAGE,-1.2172220049964058,130
2023-11-11T18:00:00Z,GAS,COGENERATION,3920.7242946015463,5235
2023-11-11T18:00:00Z,GAS,COMBINED CYCLE,1459.139777882894,3010
2023-11-11T18:00:00Z,GAS,GAS FIRED STEAM,343.17570482465953,2609
2023-11-11T18:00:00Z,GAS,SIMPLE CYCLE,31,959
2023-11-11T18:00:00Z,HYDRO,HYDRO,110.30168828760584,894
2023-11-11T18:00:00Z,OTHER,BIOMASS,105.83360269228618,154
2023-11-11T18:00:00Z,OTHER,DUAL FUEL,10.399999618530272,20
2023-11-11T18:00:00Z,OTHER,GAS,1.1999510526657104,10
2023-11-11T18:00:00Z,OTHER,GAS COGEN,20.72388828277588,58
2023-11-11T18:00:00Z,OTHER,OIL/GAS,44.32481579250759,53
2023-11-11T18:00:00Z,OTHER,WOOD/REFUSE,90.94981835630205,149
2023-11-11T18:00:00Z,SOLAR,SOLAR,576.7405525543458,1420
2023-11-11T18:00:00Z,WIND,WIND,2974.0166836381622,4150
2023-11-11T19:00:00Z,COAL,COAL,796.6686531066894,820
2023-11-11T19:00:00Z,DUAL FUEL,DUAL FUEL,371.2266044277615,466
2023-11-11T19:00:00Z,ENERGY STORAGE,ENERGY STORAGE,1.6666730244954e-4,130
2023-11-11T19:00:00Z,GAS,COGENERATION,3952.0746569669245,5235
2023-11-11T19:00:00Z,GAS,COMBINED CYCLE,1420.8803023931714,3010
2023-11-11T19:00:00Z,GAS,GAS FIRED STEAM,442.6436936240726,2609
2023-11-11T19:00:00Z,GAS,SIMPLE CYCLE,30.958499973615012,959
2023-11-11T19:00:00Z,HYDRO,HYDRO,98.1646719521284,894
2023-11-11T19:00:00Z,OTHER,BIOMASS,105.43828613652123,154
2023-11-11T19:00:00Z,OTHER,DUAL FUEL,10.399999618530272,20
2023-11-11T19:00:00Z,OTHER,GAS,1.1999510526657104,10
2023-11-11T19:00:00Z,OTHER,GAS COGEN,20.837468582789104,58
2023-11-11T19:00:00Z,OTHER,OIL/GAS,43.76863223393758,53
2023-11-11T19:00:00Z,OTHER,WOOD/REFUSE,91.05838180541993,149
2023-11-11T19:00:00Z,SOLAR,SOLAR,532.8083541657858,1420
2023-11-11T19:00:00Z,WIND,WIND,3050.751838239001,4150
2023-11-11T20:00:00Z,COAL,COAL,795.2824322679307,820
2023-11-11T20:00:00Z,DUAL FUEL,DUAL FUEL,371.23143868340384,466
2023-11-11T20:00:00Z,ENERGY STORAGE,ENERGY STORAGE,0.00133333841959635,130
2023-11-11T20:00:00Z,GAS,COGENERATION,4026.262941992018,5235
2023-11-11T20:00:00Z,GAS,COMBINED CYCLE,1494.8966216082042,3010
2023-11-11T20:00:00Z,GAS,GAS FIRED STEAM,466.4710297001733,2609
2023-11-11T20:00:00Z,GAS,SIMPLE CYCLE,30.743499975204468,959
2023-11-11T20:00:00Z,HYDRO,HYDRO,88.17287184158961,894
2023-11-11T20:00:00Z,OTHER,BIOMASS,106.16806939760843,154
2023-11-11T20:00:00Z,OTHER,DUAL FUEL,10.399999618530272,20
2023-11-11T20:00:00Z,OTHER,GAS,1.1999510526657104,10
2023-11-11T20:00:00Z,OTHER,GAS COGEN,20.853880270851985,58
2023-11-11T20:00:00Z,OTHER,OIL/GAS,43.64715478473239,53
2023-11-11T20:00:00Z,OTHER,WOOD/REFUSE,91.0794583304723,149
2023-11-11T20:00:00Z,SOLAR,SOLAR,528.7519175138407,1420
2023-11-11T20:00:00Z,WIND,WIND,3014.6476254763866,4150
2023-11-11T21:00:00Z,COAL,COAL,796.9726538425022,820
2023-11-11T21:00:00Z,DUAL FUEL,DUAL FUEL,371.1759935506185,466
2023-11-11T21:00:00Z,ENERGY STORAGE,ENERGY STORAGE,-0.6753331565856934,130
2023-11-11T21:00:00Z,GAS,COGENERATION,4076.926582627164,5235
2023-11-11T21:00:00Z,GAS,COMBINED CYCLE,1594.15528889868,3010
2023-11-11T21:00:00Z,GAS,GAS FIRED STEAM,717.0292246097988,2609
2023-11-11T21:00:00Z,GAS,SIMPLE CYCLE,30.758000030517575,959
2023-11-11T21:00:00Z,HYDRO,HYDRO,93.53139046385884,894
2023-11-11T21:00:00Z,OTHER,BIOMASS,106.5643998750051,154
2023-11-11T21:00:00Z,OTHER,DUAL FUEL,10.399999618530272,20
2023-11-11T21:00:00Z,OTHER,GAS,1.2106177186965943,10
2023-11-11T21:00:00Z,OTHER,GAS COGEN,20.85444008509318,58
2023-11-11T21:00:00Z,OTHER,OIL/GAS,43.69694892883301,53
2023-11-11T21:00:00Z,OTHER,WOOD/REFUSE,90.07395561112298,149
2023-11-11T21:00:00Z,SOLAR,SOLAR,471.4961887638602,1420
2023-11-11T21:00:00Z,WIND,WIND,2521.502491838601,4150
2023-11-11T22:00:00Z,COAL,COAL,796.633432413737,820
2023-11-11T22:00:00Z,DUAL FUEL,DUAL FUEL,371.1974933369954,466
2023-11-11T22:00:00Z,ENERGY STORAGE,ENERGY STORAGE,-1.9035552173190646,130
2023-11-11T22:00:00Z,GAS,COGENERATION,4092.8050216193997,5235
2023-11-11T22:00:00Z,GAS,COMBINED CYCLE,1667.0589717103708,3010
2023-11-11T22:00:00Z,GAS,GAS FIRED STEAM,928.4137643792894,2609
2023-11-11T22:00:00Z,GAS,SIMPLE CYCLE,77.60694412334098,959
2023-11-11T22:00:00Z,HYDRO,HYDRO,93.07054782725042,894
2023-11-11T22:00:00Z,OTHER,BIOMASS,106.66592241181269,154
2023-11-11T22:00:00Z,OTHER,DUAL FUEL,11.18716653558943,20
2023-11-11T22:00:00Z,OTHER,GAS,2.2812843215465546,10
2023-11-11T22:00:00Z,OTHER,GAS COGEN,20.85660357263353,58
2023-11-11T22:00:00Z,OTHER,OIL/GAS,44.18901570849948,53
2023-11-11T22:00:00Z,OTHER,WOOD/REFUSE,90.77524842792087,149
2023-11-11T22:00:00Z,SOLAR,SOLAR,230.7796625588172,1420
2023-11-11T22:00:00Z,WIND,WIND,2240.8162118546416,4150
2023-11-11T23:00:00Z,COAL,COAL,796.0504311116537,820
2023-11-11T23:00:00Z,DUAL FUEL,DUAL FUEL,423.3033827718099,466
2023-11-11T23:00:00Z,ENERGY STORAGE,ENERGY STORAGE,0.14777814123365612,130
2023-11-11T23:00:00Z,GAS,COGENERATION,4114.656780594984,5235
2023-11-11T23:00:00Z,GAS,COMBINED CYCLE,1723.085970305072,3010
2023-11-11T23:00:00Z,GAS,GAS FIRED STEAM,950.021557905409,2609
2023-11-11T23:00:00Z,GAS,SIMPLE CYCLE,156.21279381988776,959
2023-11-11T23:00:00Z,HYDRO,HYDRO,106.71726370366083,894
2023-11-11T23:00:00Z,OTHER,BIOMASS,114.3816259543101,154
2023-11-11T23:00:00Z,OTHER,DUAL FUEL,12.339777453740435,20
2023-11-11T23:00:00Z,OTHER,GAS,2.3999509811401367,10
2023-11-11T23:00:00Z,OTHER,GAS COGEN,29.837990884780883,58
2023-11-11T23:00:00Z,OTHER,OIL/GAS,44.23533803304037,53
2023-11-11T23:00:00Z,OTHER,WOOD/REFUSE,96.45034935156504,149
2023-11-11T23:00:00Z,SOLAR,SOLAR,36.09944374236796,1420
2023-11-11T23:00:00Z,WIND,WIND,2260.7606110852957,4150
2023-11-12T00:00:00Z,COAL,COAL,796.6243758985731,820
2023-11-12T00:00:00Z,DUAL FUEL,DUAL FUEL,464.0626053704155,466
2023-11-12T00:00:00Z,ENERGY STORAGE,ENERGY STORAGE,0.01450004100799559,130
2023-11-12T00:00:00Z,GAS,COGENERATION,4033.559616684384,5235
2023-11-12T00:00:00Z,GAS,COMBINED CYCLE,1639.287984536489,3010
2023-11-12T00:00:00Z,GAS,GAS FIRED STEAM,585.0097660859426,2609
2023-11-12T00:00:00Z,GAS,SIMPLE CYCLE,71.46139501515361,959
2023-11-12T00:00:00Z,HYDRO,HYDRO,104.71661405303412,894
2023-11-12T00:00:00Z,OTHER,BIOMASS,107.3056826543808,154
2023-11-12T00:00:00Z,OTHER,DUAL FUEL,12.399999618530272,20
2023-11-12T00:00:00Z,OTHER,GAS,1.2479510498046875,10
2023-11-12T00:00:00Z,OTHER,GAS COGEN,21.377616024017335,58
2023-11-12T00:00:00Z,OTHER,OIL/GAS,44.559677827623155,53
2023-11-12T00:00:00Z,OTHER,WOOD/REFUSE,88.43639839119382,149
2023-11-12T00:00:00Z,SOLAR,SOLAR,0,1420
2023-11-12T00:00:00Z,WIND,WIND,2864.285761870543,4150
2023-11-12T01:00:00Z,COAL,COAL,796.0447644382052,820
2023-11-12T01:00:00Z,DUAL FUEL,DUAL FUEL,463.8028816901313,466
2023-11-12T01:00:00Z,ENERGY STORAGE,ENERGY STORAGE,-1.1111153496636e-4,130
2023-11-12T01:00:00Z,GAS,COGENERATION,3987.2114231052665,5235
2023-11-12T01:00:00Z,GAS,COMBINED CYCLE,1574.1385095535384,3010
2023-11-12T01:00:00Z,GAS,GAS FIRED STEAM,368.7352731068929,2609
2023-11-12T01:00:00Z,GAS,SIMPLE CYCLE,54.66379500849379,959
2023-11-12T01:00:00Z,HYDRO,HYDRO,129.76476766106154,894
2023-11-12T01:00:00Z,OTHER,BIOMASS,105.7099179983139,154
2023-11-12T01:00:00Z,OTHER,DUAL FUEL,12.399999618530272,20
2023-11-12T01:00:00Z,OTHER,GAS,1.1999510526657104,10
2023-11-12T01:00:00Z,OTHER,GAS COGEN,21.37153590308295,58
2023-11-12T01:00:00Z,OTHER,OIL/GAS,44.85245371076796,53
2023-11-12T01:00:00Z,OTHER,WOOD/REFUSE,86.52832004600101,149
2023-11-12T01:00:00Z,SOLAR,SOLAR,0,1420
2023-11-12T01:00:00Z,WIND,WIND,3117.7055284131234,4150
2023-11-12T02:00:00Z,COAL,COAL,796.5586518181694,820
2023-11-12T02:00:00Z,DUAL FUEL,DUAL FUEL,463.933549686008,466
2023-11-12T02:00:00Z,ENERGY STORAGE,ENERGY STORAGE,0,130
2023-11-12T02:00:00Z,GAS,COGENERATION,3918.1774413695603,5235
2023-11-12T02:00:00Z,GAS,COMBINED CYCLE,1498.073974226051,3010
2023-11-12T02:00:00Z,GAS,GAS FIRED STEAM,319.8975198819902,2609
2023-11-12T02:00:00Z,GAS,SIMPLE CYCLE,44.75266725692484,959
2023-11-12T02:00:00Z,HYDRO,HYDRO,121.45660441715684,894
2023-11-12T02:00:00Z,OTHER,BIOMASS,107.46184048652648,154
2023-11-12T02:00:00Z,OTHER,DUAL FUEL,12.012221840752495,20
2023-11-12T02:00:00Z,OTHER,GAS,1.1999510526657104,10
2023-11-12T02:00:00Z,OTHER,GAS COGEN,21.253815665774876,58
2023-11-12T02:00:00Z,OTHER,OIL/GAS,45.67299300511678,53
2023-11-12T02:00:00Z,OTHER,WOOD/REFUSE,86.9466711415185,149
2023-11-12T02:00:00Z,SOLAR,SOLAR,0,1420
2023-11-12T02:00:00Z,WIND,WIND,3208.2200958270496,4150
2023-11-12T03:00:00Z,COAL,COAL,788.1722630310059,820
2023-11-12T03:00:00Z,DUAL FUEL,DUAL FUEL,463.9283826531304,466
2023-11-12T03:00:00Z,ENERGY STORAGE,ENERGY STORAGE,0,130
2023-11-12T03:00:00Z,GAS,COGENERATION,3966.4406447117194,5235
2023-11-12T03:00:00Z,GAS,COMBINED CYCLE,1525.6981728635894,3010
2023-11-12T03:00:00Z,GAS,GAS FIRED STEAM,395.0585829755995,2609
2023-11-12T03:00:00Z,GAS,SIMPLE CYCLE,31.434056127402517,959
2023-11-12T03:00:00Z,HYDRO,HYDRO,140.4365744778017,894
2023-11-12T03:00:00Z,OTHER,BIOMASS,106.3901116265191,154
2023-11-12T03:00:00Z,OTHER,DUAL FUEL,11.899999618530272,20
2023-11-12T03:00:00Z,OTHER,GAS,1.7999510169029236,10
2023-11-12T03:00:00Z,OTHER,GAS COGEN,21.146390562057498,58
2023-11-12T03:00:00Z,OTHER,OIL/GAS,44.91076563517253,53
2023-11-12T03:00:00Z,OTHER,WOOD/REFUSE,86.80111278163062,149
2023-11-12T03:00:00Z,SOLAR,SOLAR,0,1420
2023-11-12T03:00:00Z,WIND,WIND,3150.768285998768,4150
2023-11-12T04:00:00Z,COAL,COAL,796.4890420362684,820
2023-11-12T04:00:00Z,DUAL FUEL,DUAL FUEL,464.0222714233398,466
2023-11-12T04:00:00Z,ENERGY STORAGE,ENERGY STORAGE,0.00133333841959635,130
2023-11-12T04:00:00Z,GAS,COGENERATION,3957.9618782226244,5235
2023-11-12T04:00:00Z,GAS,COMBINED CYCLE,1499.7298995738558,3010
2023-11-12T04:00:00Z,GAS,GAS FIRED STEAM,341.1583523527781,2609
2023-11-12T04:00:00Z,GAS,SIMPLE CYCLE,31.40000057220459,959
2023-11-12T04:00:00Z,HYDRO,HYDRO,101.66634390769732,894
2023-11-12T04:00:00Z,OTHER,BIOMASS,106.46277852641212,154
2023-11-12T04:00:00Z,OTHER,DUAL FUEL,11.899999618530272,20
2023-11-12T04:00:00Z,OTHER,GAS,1.1999510526657104,10
2023-11-12T04:00:00Z,OTHER,GAS COGEN,21.030498147540623,58
2023-11-12T04:00:00Z,OTHER,OIL/GAS,44.81321016735501,53
2023-11-12T04:00:00Z,OTHER,WOOD/REFUSE,87.23994748804304,149
2023-11-12T04:00:00Z,SOLAR,SOLAR,0,1420
2023-11-12T04:00:00Z,WIND,WIND,3160.78260606024,4150
2023-11-12T05:00:00Z,COAL,COAL,785.4069297451443,820
2023-11-12T05:00:00Z,DUAL FUEL,DUAL FUEL,464.0525506930881,466
2023-11-12T05:00:00Z,ENERGY STORAGE,ENERGY STORAGE,0,130
2023-11-12T05:00:00Z,GAS,COGENERATION,3923.655023271905,5235
2023-11-12T05:00:00Z,GAS,COMBINED CYCLE,1364.3528129635918,3010
2023-11-12T05:00:00Z,GAS,GAS FIRED STEAM,517.2245182768504,2609
2023-11-12T05:00:00Z,GAS,SIMPLE CYCLE,31.40000057220459,959
2023-11-12T05:00:00Z,HYDRO,HYDRO,81.1503001809948,894
2023-11-12T05:00:00Z,OTHER,BIOMASS,103.8402898393737,154
2023-11-12T05:00:00Z,OTHER,DUAL FUEL,11.899999618530272,20
2023-11-12T05:00:00Z,OTHER,GAS,1.1999510526657104,10
2023-11-12T05:00:00Z,OTHER,GAS COGEN,20.663536189397178,58
2023-11-12T05:00:00Z,OTHER,OIL/GAS,45.09990518569946,53
2023-11-12T05:00:00Z,OTHER,WOOD/REFUSE,85.42713811768427,149
2023-11-12T05:00:00Z,SOLAR,SOLAR,0,1420
2023-11-12T05:00:00Z,WIND,WIND,3167.2481132307316,4150
2023-11-12T06:00:00Z,COAL,COAL,791.9837645636665,820
2023-11-12T06:00:00Z,DUAL FUEL,DUAL FUEL,464.02249301486546,466
2023-11-12T06:00:00Z,ENERGY STORAGE,ENERGY STORAGE,-0.00383334795633951,130
2023-11-12T06:00:00Z,GAS,COGENERATION,3889.8339257097246,5235
2023-11-12T06:00:00Z,GAS,COMBINED CYCLE,1287.1344812631608,3010
2023-11-12T06:00:00Z,GAS,GAS FIRED STEAM,591.8328339057499,2609
2023-11-12T06:00:00Z,GAS,SIMPLE CYCLE,31.426721890767414,959
2023-11-12T06:00:00Z,HYDRO,HYDRO,106.10357803718911,894
2023-11-12T06:00:00Z,OTHER,BIOMASS,105.00894146733815,154
2023-11-12T06:00:00Z,OTHER,DUAL FUEL,11.899999618530272,20
2023-11-12T06:00:00Z,OTHER,GAS,1.1999510526657104,10
2023-11-12T06:00:00Z,OTHER,GAS COGEN,20.75939864370558,58
2023-11-12T06:00:00Z,OTHER,OIL/GAS,45.10811488893297,53
2023-11-12T06:00:00Z,OTHER,WOOD/REFUSE,79.37316582308875,149
2023-11-12T06:00:00Z,SOLAR,SOLAR,0,1420
2023-11-12T06:00:00Z,WIND,WIND,3196.482856027815,4150
2023-11-12T07:00:00Z,COAL,COAL,793.0924312845866,820
2023-11-12T07:00:00Z,DUAL FUEL,DUAL FUEL,464.16521570841473,466
2023-11-12T07:00:00Z,ENERGY STORAGE,ENERGY STORAGE,-4.48522121641371,130
2023-11-12T07:00:00Z,GAS,COGENERATION,3891.946870481438,5235
2023-11-12T07:00:00Z,GAS,COMBINED CYCLE,1251.2890822304619,3010
2023-11-12T07:00:00Z,GAS,GAS FIRED STEAM,412.7697202089098,2609
2023-11-12T07:00:00Z,GAS,SIMPLE CYCLE,31.463499139149985,959
2023-11-12T07:00:00Z,HYDRO,HYDRO,97.78470421569214,894
2023-11-12T07:00:00Z,OTHER,BIOMASS,105.18506335523394,154
2023-11-12T07:00:00Z,OTHER,DUAL FUEL,11.899999618530272,20
2023-11-12T07:00:00Z,OTHER,GAS,1.1999510526657104,10
2023-11-12T07:00:00Z,OTHER,GAS COGEN,20.89133005036248,58
2023-11-12T07:00:00Z,OTHER,OIL/GAS,44.51018209457398,53
2023-11-12T07:00:00Z,OTHER,WOOD/REFUSE,79.87867413255903,149
2023-11-12T07:00:00Z,SOLAR,SOLAR,0,1420
2023-11-12T07:00:00Z,WIND,WIND,3076.733578210506,4150
2023-11-12T08:00:00Z,COAL,COAL,791.0588760715061,820
2023-11-12T08:00:00Z,DUAL FUEL,DUAL FUEL,464.2561611599392,466
2023-11-12T08:00:00Z,ENERGY STORAGE,ENERGY STORAGE,-5.58927623324924,130
2023-11-12T08:00:00Z,GAS,COGENERATION,4035.2919554852115,5235
2023-11-12T08:00:00Z,GAS,COMBINED CYCLE,1481.408368097941,3010
2023-11-12T08:00:00Z,GAS,GAS FIRED STEAM,343.0104812028673,2609
2023-11-12T08:00:00Z,GAS,SIMPLE CYCLE,31.469165791405572,959
2023-11-12T08:00:00Z,HYDRO,HYDRO,108.63584510232012,894
2023-11-12T08:00:00Z,OTHER,BIOMASS,108.55091035895877,154
2023-11-12T08:00:00Z,OTHER,DUAL FUEL,11.899999618530272,20
2023-11-12T08:00:00Z,OTHER,GAS,1.1999510526657104,10
2023-11-12T08:00:00Z,OTHER,GAS COGEN,20.918298239178128,58
2023-11-12T08:00:00Z,OTHER,OIL/GAS,44.68012154261271,53
2023-11-12T08:00:00Z,OTHER,WOOD/REFUSE,87.37447385682,149
2023-11-12T08:00:00Z,SOLAR,SOLAR,0,1420
2023-11-12T08:00:00Z,WIND,WIND,2753.1148480002084,4150
2023-11-12T09:00:00Z,COAL,COAL,793.9108205668131,820
2023-11-12T09:00:00Z,DUAL FUEL,DUAL FUEL,412.4672161187066,466
2023-11-12T09:00:00Z,ENERGY STORAGE,ENERGY STORAGE,-5.66333204905192,130
2023-11-12T09:00:00Z,GAS,COGENERATION,4030.6006044254036,5235
2023-11-12T09:00:00Z,GAS,COMBINED CYCLE,1458.037877553304,3010
2023-11-12T09:00:00Z,GAS,GAS FIRED STEAM,311.0338278950585,2609
2023-11-12T09:00:00Z,GAS,SIMPLE CYCLE,31.47949909845988,959
2023-11-12T09:00:00Z,HYDRO,HYDRO,54.38885164896647,894
2023-11-12T09:00:00Z,OTHER,BIOMASS,106.29120953771803,154
2023-11-12T09:00:00Z,OTHER,DUAL FUEL,11.899999618530272,20
2023-11-12T09:00:00Z,OTHER,GAS,1.1999510526657104,10
2023-11-12T09:00:00Z,OTHER,GAS COGEN,20.99782249132792,58
2023-11-12T09:00:00Z,OTHER,OIL/GAS,45.03693134943644,53
2023-11-12T09:00:00Z,OTHER,WOOD/REFUSE,86.86819043742285,149
2023-11-12T09:00:00Z,SOLAR,SOLAR,0,1420
2023-11-12T09:00:00Z,WIND,WIND,2862.36231825562,4150
2023-11-12T10:00:00Z,COAL,COAL,792.3992097642688,820
2023-11-12T10:00:00Z,DUAL FUEL,DUAL FUEL,371.48604987250434,466
2023-11-12T10:00:00Z,ENERGY STORAGE,ENERGY STORAGE,-4.284776830673217,130
2023-11-12T10:00:00Z,GAS,COGENERATION,3947.372179851532,5235
2023-11-12T10:00:00Z,GAS,COMBINED CYCLE,1376.5211775943967,3010
2023-11-12T10:00:00Z,GAS,GAS FIRED STEAM,312.7474981986152,2609
2023-11-12T10:00:00Z,GAS,SIMPLE CYCLE,31.48649908065796,959
2023-11-12T10:00:00Z,HYDRO,HYDRO,129.5621088625325,894
2023-11-12T10:00:00Z,OTHER,BIOMASS,104.74137928591834,154
2023-11-12T10:00:00Z,OTHER,DUAL FUEL,11.977555469936794,20
2023-11-12T10:00:00Z,OTHER,GAS,1.1999510526657104,10
2023-11-12T10:00:00Z,OTHER,GAS COGEN,21.055414821836685,58
2023-11-12T10:00:00Z,OTHER,OIL/GAS,44.604065577189125,53
2023-11-12T10:00:00Z,OTHER,WOOD/REFUSE,87.45354435496861,149
2023-11-12T10:00:00Z,SOLAR,SOLAR,0,1420
2023-11-12T10:00:00Z,WIND,WIND,2882.4048902694385,4150
2023-11-12T11:00:00Z,COAL,COAL,791.7400997416178,820
2023-11-12T11:00:00Z,DUAL FUEL,DUAL FUEL,371.4982708231608,466
2023-11-12T11:00:00Z,ENERGY STORAGE,ENERGY STORAGE,-1.887277347776625,130
2023-11-12T11:00:00Z,GAS,COGENERATION,3955.7211558067797,5235
2023-11-12T11:00:00Z,GAS,COMBINED CYCLE,1424.035305096838,3010
2023-11-12T11:00:00Z,GAS,GAS FIRED STEAM,309.6763711018032,2609
2023-11-12T11:00:00Z,GAS,SIMPLE CYCLE,31.49399906158447,959
2023-11-12T11:00:00Z,HYDRO,HYDRO,93.8394690724214,894
2023-11-12T11:00:00Z,OTHER,BIOMASS,105.5477928686142,154
2023-11-12T11:00:00Z,OTHER,DUAL FUEL,11.998999999364218,20
2023-11-12T11:00:00Z,OTHER,GAS,1.1999510526657104,10
2023-11-12T11:00:00Z,OTHER,GAS COGEN,21.18395231988695,58
2023-11-12T11:00:00Z,OTHER,OIL/GAS,44.261699013180205,53
2023-11-12T11:00:00Z,OTHER,WOOD/REFUSE,85.52834007316166,149
2023-11-12T11:00:00Z,SOLAR,SOLAR,0,1420
2023-11-12T11:00:00Z,WIND,WIND,2884.432709936566,4150
2023-11-12T12:00:00Z,COAL,COAL,793.026653221978,820
2023-11-12T12:00:00Z,DUAL FUEL,DUAL FUEL,371.5788285149469,466
2023-11-12T12:00:00Z,ENERGY STORAGE,ENERGY STORAGE,-0.8444999896155464,130
2023-11-12T12:00:00Z,GAS,COGENERATION,3980.4945682942866,5235
2023-11-12T12:00:00Z,GAS,COMBINED CYCLE,1469.031101732784,3010
2023-11-12T12:00:00Z,GAS,GAS FIRED STEAM,320.323220515781,2609
2023-11-12T12:00:00Z,GAS,SIMPLE CYCLE,31.48766574435764,959
2023-11-12T12:00:00Z,HYDRO,HYDRO,123.61295055972205,894
2023-11-12T12:00:00Z,OTHER,BIOMASS,105.04334879186418,154
2023-11-12T12:00:00Z,OTHER,DUAL FUEL,12,20
2023-11-12T12:00:00Z,OTHER,GAS,1.1999510526657104,10
2023-11-12T12:00:00Z,OTHER,GAS COGEN,21.096780665715535,58
2023-11-12T12:00:00Z,OTHER,OIL/GAS,44.33140459272597,53
2023-11-12T12:00:00Z,OTHER,WOOD/REFUSE,83.57375347826216,149
2023-11-12T12:00:00Z,SOLAR,SOLAR,0,1420
2023-11-12T12:00:00Z,WIND,WIND,2869.1231973669264,4150
2023-11-12T13:00:00Z,COAL,COAL,793.1106520419651,820
2023-11-12T13:00:00Z,DUAL FUEL,DUAL FUEL,371.6060500929091,466
2023-11-12T13:00:00Z,ENERGY STORAGE,ENERGY STORAGE,0.00227778646681043,130
2023-11-12T13:00:00Z,GAS,COGENERATION,4099.1644941794875,5235
2023-11-12T13:00:00Z,GAS,COMBINED CYCLE,1482.443539525138,3010
2023-11-12T13:00:00Z,GAS,GAS FIRED STEAM,361.3999695862664,2609
2023-11-12T13:00:00Z,GAS,SIMPLE CYCLE,31.495832390255398,959
2023-11-12T13:00:00Z,HYDRO,HYDRO,104.2440186453859,894
2023-11-12T13:00:00Z,OTHER,BIOMASS,106.23156850337983,154
2023-11-12T13:00:00Z,OTHER,DUAL FUEL,11.995499997138976,20
2023-11-12T13:00:00Z,OTHER,GAS,1.1999510526657104,10
2023-11-12T13:00:00Z,OTHER,GAS COGEN,21.00684915118747,58
2023-11-12T13:00:00Z,OTHER,OIL/GAS,44.27750424279107,53
2023-11-12T13:00:00Z,OTHER,WOOD/REFUSE,85.90218508508471,149
2023-11-12T13:00:00Z,SOLAR,SOLAR,0,1420
2023-11-12T13:00:00Z,WIND,WIND,2850.080078969002,4150
2023-11-12T14:00:00Z,COAL,COAL,792.7314352756076,820
2023-11-12T14:00:00Z,DUAL FUEL,DUAL FUEL,422.431105211046,466
2023-11-12T14:00:00Z,ENERGY STORAGE,ENERGY STORAGE,-4.4444613986545e-4,130
2023-11-12T14:00:00Z,GAS,COGENERATION,4074.6127865762182,5235
2023-11-12T14:00:00Z,GAS,COMBINED CYCLE,1544.9035379510456,3010
2023-11-12T14:00:00Z,GAS,GAS FIRED STEAM,349.4606293911404,2609
2023-11-12T14:00:00Z,GAS,SIMPLE CYCLE,31.499999046325684,959
2023-11-12T14:00:00Z,HYDRO,HYDRO,100.91689849242567,894
2023-11-12T14:00:00Z,OTHER,BIOMASS,107.59346175511679,154
2023-11-12T14:00:00Z,OTHER,DUAL FUEL,11.999166666136848,20
2023-11-12T14:00:00Z,OTHER,GAS,1.1999510526657104,10
2023-11-12T14:00:00Z,OTHER,GAS COGEN,20.86913603040907,58
2023-11-12T14:00:00Z,OTHER,OIL/GAS,43.9749986521403,53
2023-11-12T14:00:00Z,OTHER,WOOD/REFUSE,86.08480028841231,149
2023-11-12T14:00:00Z,SOLAR,SOLAR,1.662388889475001,1420
2023-11-12T14:00:00Z,WIND,WIND,2838.9844085899326,4150
2023-11-12T15:00:00Z,COAL,COAL,791.511377427843,820
2023-11-12T15:00:00Z,DUAL FUEL,DUAL FUEL,465.5697152879503,466
2023-11-12T15:00:00Z,ENERGY STORAGE,ENERGY STORAGE,-0.00472224023607042,130
2023-11-12T15:00:00Z,GAS,COGENERATION,4104.868180303309,5235
2023-11-12T15:00:00Z,GAS,COMBINED CYCLE,1558.3256502225663,3010
2023-11-12T15:00:00Z,GAS,GAS FIRED STEAM,428.39625625928244,2609
2023-11-12T15:00:00Z,GAS,SIMPLE CYCLE,31.421888995700414,959
2023-11-12T15:00:00Z,HYDRO,HYDRO,100.30352322008875,894
2023-11-12T15:00:00Z,OTHER,BIOMASS,107.4072176641888,154
2023-11-12T15:00:00Z,OTHER,DUAL FUEL,11.997333331637911,20
2023-11-12T15:00:00Z,OTHER,GAS,1.1999510526657104,10
2023-11-12T15:00:00Z,OTHER,GAS COGEN,20.814230264027913,58
2023-11-12T15:00:00Z,OTHER,OIL/GAS,43.976054937574595,53
2023-11-12T15:00:00Z,OTHER,WOOD/REFUSE,85.4610319434272,149
2023-11-12T15:00:00Z,SOLAR,SOLAR,216.25121417860188,1420
2023-11-12T15:00:00Z,WIND,WIND,2725.069223513752,4150
2023-11-12T16:00:00Z,COAL,COAL,792.3618782382541,820
2023-11-12T16:00:00Z,DUAL FUEL,DUAL FUEL,465.7868262057834,466
2023-11-12T16:00:00Z,ENERGY STORAGE,ENERGY STORAGE,0.007555581198798272,130
2023-11-12T16:00:00Z,GAS,COGENERATION,3982.375866857105,5235
2023-11-12T16:00:00Z,GAS,COMBINED CYCLE,1514.3579019504125,3010
2023-11-12T16:00:00Z,GAS,GAS FIRED STEAM,358.74127338197496,2609
2023-11-12T16:00:00Z,GAS,SIMPLE CYCLE,31.40000057220459,959
2023-11-12T16:00:00Z,HYDRO,HYDRO,112.27914040883383,894
2023-11-12T16:00:00Z,OTHER,BIOMASS,106.62344804551867,154
2023-11-12T16:00:00Z,OTHER,DUAL FUEL,11.998166665501063,20
2023-11-12T16:00:00Z,OTHER,GAS,1.1999510526657104,10
2023-11-12T16:00:00Z,OTHER,GAS COGEN,20.81098525789049,58
2023-11-12T16:00:00Z,OTHER,OIL/GAS,41.14102152718438,53
2023-11-12T16:00:00Z,OTHER,WOOD/REFUSE,86.92642698923746,149
2023-11-12T16:00:00Z,SOLAR,SOLAR,696.5509991911881,1420
2023-11-12T16:00:00Z,WIND,WIND,2533.9372573562628,4150
2023-11-12T17:00:00Z,COAL,COAL,792.3867652723525,820
2023-11-12T17:00:00Z,DUAL FUEL,DUAL FUEL,465.7071605088976,466
2023-11-12T17:00:00Z,ENERGY STORAGE,ENERGY STORAGE,0.00516668425665961,130
2023-11-12T17:00:00Z,GAS,COGENERATION,3927.480103251404,5235
2023-11-12T17:00:00Z,GAS,COMBINED CYCLE,1297.5174497911664,3010
2023-11-12T17:00:00Z,GAS,GAS FIRED STEAM,353.1193291399214,2609
2023-11-12T17:00:00Z,GAS,SIMPLE CYCLE,31.40000057220459,959
2023-11-12T17:00:00Z,HYDRO,HYDRO,112.64168816877736,894
2023-11-12T17:00:00Z,OTHER,BIOMASS,108.11141641404895,154
2023-11-12T17:00:00Z,OTHER,DUAL FUEL,11.119388887087505,20
2023-11-12T17:00:00Z,OTHER,GAS,1.1999510526657104,10
2023-11-12T17:00:00Z,OTHER,GAS COGEN,20.862646180258857,58
2023-11-12T17:00:00Z,OTHER,OIL/GAS,38.75031456629435,53
2023-11-12T17:00:00Z,OTHER,WOOD/REFUSE,85.86234769291349,149
2023-11-12T17:00:00Z,SOLAR,SOLAR,805.5565036686262,1420
2023-11-12T17:00:00Z,WIND,WIND,2394.3790143983892,4150
2023-11-12T18:00:00Z,COAL,COAL,792.7594885084363,820
2023-11-12T18:00:00Z,DUAL FUEL,DUAL FUEL,465.7853269619412,466
2023-11-12T18:00:00Z,ENERGY STORAGE,ENERGY STORAGE,0,130
2023-11-12T18:00:00Z,GAS,COGENERATION,3879.5197540868653,5235
2023-11-12T18:00:00Z,GAS,COMBINED CYCLE,1093.0448739433289,3010
2023-11-12T18:00:00Z,GAS,GAS FIRED STEAM,325.02285181257463,2609
2023-11-12T18:00:00Z,GAS,SIMPLE CYCLE,64.41633349021276,959
2023-11-12T18:00:00Z,HYDRO,HYDRO,89.48778986367915,894
2023-11-12T18:00:00Z,OTHER,BIOMASS,107.71045253064898,154
2023-11-12T18:00:00Z,OTHER,DUAL FUEL,10.991111108991834,20
2023-11-12T18:00:00Z,OTHER,GAS,1.1999510526657104,10
2023-11-12T18:00:00Z,OTHER,GAS COGEN,20.853395535151165,58
2023-11-12T18:00:00Z,OTHER,OIL/GAS,38.755720706515845,53
2023-11-12T18:00:00Z,OTHER,WOOD/REFUSE,84.11515168137021,149
2023-11-12T18:00:00Z,SOLAR,SOLAR,752.6943116929134,1420
2023-11-12T18:00:00Z,WIND,WIND,2317.0279772290587,4150
2023-11-12T19:00:00Z,COAL,COAL,792.7160430738661,820
2023-11-12T19:00:00Z,DUAL FUEL,DUAL FUEL,465.7832153828939,466
2023-11-12T19:00:00Z,ENERGY STORAGE,ENERGY STORAGE,2.2222306993272e-4,130
2023-11-12T19:00:00Z,GAS,COGENERATION,3905.714899941153,5235
2023-11-12T19:00:00Z,GAS,COMBINED CYCLE,1261.5558344936371,3010
2023-11-12T19:00:00Z,GAS,GAS FIRED STEAM,397.56470550855,2609
2023-11-12T19:00:00Z,GAS,SIMPLE CYCLE,34.20711167362001,959
2023-11-12T19:00:00Z,HYDRO,HYDRO,136.37090838372708,894
2023-11-12T19:00:00Z,OTHER,BIOMASS,105.71122200012208,154
2023-11-12T19:00:00Z,OTHER,DUAL FUEL,10.498999999364218,20
2023-11-12T19:00:00Z,OTHER,GAS,1.1999510526657104,10
2023-11-12T19:00:00Z,OTHER,GAS COGEN,20.886928798887464,58
2023-11-12T19:00:00Z,OTHER,OIL/GAS,39.64892136679755,53
2023-11-12T19:00:00Z,OTHER,WOOD/REFUSE,84.08276175869837,149
2023-11-12T19:00:00Z,SOLAR,SOLAR,711.4446905203991,1420
2023-11-12T19:00:00Z,WIND,WIND,2069.410861658189,4150
2023-11-12T20:00:00Z,COAL,COAL,789.24976594713,820
2023-11-12T20:00:00Z,DUAL FUEL,DUAL FUEL,465.7473270840115,466
2023-11-12T20:00:00Z,ENERGY STORAGE,ENERGY STORAGE,5.0000190734863e-4,130
2023-11-12T20:00:00Z,GAS,COGENERATION,4034.1161994907593,5235
2023-11-12T20:00:00Z,GAS,COMBINED CYCLE,1558.8779477384355,3010
2023-11-12T20:00:00Z,GAS,GAS FIRED STEAM,465.80170480728145,2609
2023-11-12T20:00:00Z,GAS,SIMPLE CYCLE,103.96788825356298,959
2023-11-12T20:00:00Z,HYDRO,HYDRO,141.42698470029566,894
2023-11-12T20:00:00Z,OTHER,BIOMASS,105.8605805179808,154
2023-11-12T20:00:00Z,OTHER,DUAL FUEL,10.504444444444443,20
2023-11-12T20:00:00Z,OTHER,GAS,1.1999510526657104,10
2023-11-12T20:00:00Z,OTHER,GAS COGEN,20.85574552324083,58
2023-11-12T20:00:00Z,OTHER,OIL/GAS,40.35013225767347,53
2023-11-12T20:00:00Z,OTHER,WOOD/REFUSE,83.77899576081171,149
2023-11-12T20:00:00Z,SOLAR,SOLAR,626.1036419134007,1420
2023-11-12T20:00:00Z,WIND,WIND,1399.6591103613378,4150
2023-11-12T21:00:00Z,COAL,COAL,790.0460435994466,820
2023-11-12T21:00:00Z,DUAL FUEL,DUAL FUEL,465.6879929775662,466
2023-11-12T21:00:00Z,ENERGY STORAGE,ENERGY STORAGE,3.3333460489908e-4,130
2023-11-12T21:00:00Z,GAS,COGENERATION,4175.94547920333,5235
2023-11-12T21:00:00Z,GAS,COMBINED CYCLE,1633.3119488700231,3010
2023-11-12T21:00:00Z,GAS,GAS FIRED STEAM,866.152525253296,2609
2023-11-12T21:00:00Z,GAS,SIMPLE CYCLE,259.20619838949705,959
2023-11-12T21:00:00Z,HYDRO,HYDRO,118.99849583196143,894
2023-11-12T21:00:00Z,OTHER,BIOMASS,111.65242647382948,154
2023-11-12T21:00:00Z,OTHER,DUAL FUEL,11.99683314005534,20
2023-11-12T21:00:00Z,OTHER,GAS,1.1999510526657104,10
2023-11-12T21:00:00Z,OTHER,GAS COGEN,22.730577439202204,58
2023-11-12T21:00:00Z,OTHER,OIL/GAS,40.52369951672024,53
2023-11-12T21:00:00Z,OTHER,WOOD/REFUSE,88.82228796111212,149
2023-11-12T21:00:00Z,SOLAR,SOLAR,461.63303576793936,1420
2023-11-12T21:00:00Z,WIND,WIND,859.3545243127644,4150
2023-11-12T22:00:00Z,COAL,COAL,794.6658747355143,820
2023-11-12T22:00:00Z,DUAL FUEL,DUAL FUEL,465.6484373982747,466
2023-11-12T22:00:00Z,ENERGY STORAGE,ENERGY STORAGE,0.00161111566755506,130
2023-11-12T22:00:00Z,GAS,COGENERATION,4214.307908071147,5235
2023-11-12T22:00:00Z,GAS,COMBINED CYCLE,1723.8510485649108,3010
2023-11-12T22:00:00Z,GAS,GAS FIRED STEAM,978.4349220021566,2609
2023-11-12T22:00:00Z,GAS,SIMPLE CYCLE,446.99150101030864,959
2023-11-12T22:00:00Z,HYDRO,HYDRO,214.27687154523198,894
2023-11-12T22:00:00Z,OTHER,BIOMASS,119.70725415971545,154
2023-11-12T22:00:00Z,OTHER,DUAL FUEL,12.192944563759696,20
2023-11-12T22:00:00Z,OTHER,GAS,1.1999510526657104,10
2023-11-12T22:00:00Z,OTHER,GAS COGEN,31.444744517008463,58
2023-11-12T22:00:00Z,OTHER,OIL/GAS,40.44392601225111,53
2023-11-12T22:00:00Z,OTHER,WOOD/REFUSE,98.737429901229,149
2023-11-12T22:00:00Z,SOLAR,SOLAR,159.56599166552226,1420
2023-11-12T22:00:00Z,WIND,WIND,548.6530509195601,4150
2023-11-12T23:00:00Z,COAL,COAL,799.4992668151856,820
2023-11-12T23:00:00Z,DUAL FUEL,DUAL FUEL,465.6323275417752,466
2023-11-12T23:00:00Z,ENERGY STORAGE,ENERGY STORAGE,0.01972229109870061,130
2023-11-12T23:00:00Z,GAS,COGENERATION,4232.4783767324025,5235
2023-11-12T23:00:00Z,GAS,COMBINED CYCLE,1838.7692335981792,3010
2023-11-12T23:00:00Z,GAS,GAS FIRED STEAM,939.6189633984036,2609
2023-11-12T23:00:00Z,GAS,SIMPLE CYCLE,677.0284169019427,959
2023-11-12T23:00:00Z,HYDRO,HYDRO,216.72577525787884,894
2023-11-12T23:00:00Z,OTHER,BIOMASS,121.98447578642103,154
2023-11-12T23:00:00Z,OTHER,DUAL FUEL,12.94066649860806,20
2023-11-12T23:00:00Z,OTHER,GAS,1.1999510526657104,10
2023-11-12T23:00:00Z,OTHER,GAS COGEN,34.20225500106812,58
2023-11-12T23:00:00Z,OTHER,OIL/GAS,41.25182659784953,53
2023-11-12T23:00:00Z,OTHER,WOOD/REFUSE,108.77112117714353,149
2023-11-12T23:00:00Z,SOLAR,SOLAR,13.176222016571296,1420
2023-11-12T23:00:00Z,WIND,WIND,362.334608245641,4150
2023-11-13T00:00:00Z,COAL,COAL,811.3717670186361,820
2023-11-13T00:00:00Z,DUAL FUEL,DUAL FUEL,465.54282784356013,466
2023-11-13T00:00:00Z,ENERGY STORAGE,ENERGY STORAGE,0.024277839130825422,130
2023-11-13T00:00:00Z,GAS,COGENERATION,4269.082890974681,5235
2023-11-13T00:00:00Z,GAS,COMBINED CYCLE,1838.7690431271658,3010
2023-11-13T00:00:00Z,GAS,GAS FIRED STEAM,935.9289201185438,2609
2023-11-13T00:00:00Z,GAS,SIMPLE CYCLE,771.6442047176096,959
2023-11-13T00:00:00Z,HYDRO,HYDRO,221.53710004780027,894
2023-11-13T00:00:00Z,OTHER,BIOMASS,122.67901218149397,154
2023-11-13T00:00:00Z,OTHER,DUAL FUEL,12.899999618530272,20
2023-11-13T00:00:00Z,OTHER,GAS,1.1999510526657104,10
2023-11-13T00:00:00Z,OTHER,GAS COGEN,34.57111886766222,58
2023-11-13T00:00:00Z,OTHER,OIL/GAS,41.683382714589435,53
2023-11-13T00:00:00Z,OTHER,WOOD/REFUSE,107.4884104235967,149
2023-11-13T00:00:00Z,SOLAR,SOLAR,1.0830555790000491,1420
2023-11-13T00:00:00Z,WIND,WIND,473.9380359939486,4150
2023-11-13T01:00:00Z,COAL,COAL,798.9669871520997,820
2023-11-13T01:00:00Z,DUAL FUEL,DUAL FUEL,465.5373833550347,466
2023-11-13T01:00:00Z,ENERGY STORAGE,ENERGY STORAGE,0,130
2023-11-13T01:00:00Z,GAS,COGENERATION,4254.690314701928,5235
2023-11-13T01:00:00Z,GAS,COMBINED CYCLE,1677.390159631835,3010
2023-11-13T01:00:00Z,GAS,GAS FIRED STEAM,894.1845296520657,2609
2023-11-13T01:00:00Z,GAS,SIMPLE CYCLE,612.0763097928134,959
2023-11-13T01:00:00Z,HYDRO,HYDRO,129.74010804090236,894
2023-11-13T01:00:00Z,OTHER,BIOMASS,116.20681034088135,154
2023-11-13T01:00:00Z,OTHER,DUAL FUEL,12.899999618530272,20
2023-11-13T01:00:00Z,OTHER,GAS,1.1999510526657104,10
2023-11-13T01:00:00Z,OTHER,GAS COGEN,28.45086184395684,58
2023-11-13T01:00:00Z,OTHER,OIL/GAS,41.860543545617,53
2023-11-13T01:00:00Z,OTHER,WOOD/REFUSE,100.22697627544403,149
2023-11-13T01:00:00Z,SOLAR,SOLAR,1.100000023841858,1420
2023-11-13T01:00:00Z,WIND,WIND,764.7592359387461,4150
2023-11-13T02:00:00Z,COAL,COAL,798.4276524353028,820
2023-11-13T02:00:00Z,DUAL FUEL,DUAL FUEL,465.59677105373805,466
2023-11-13T02:00:00Z,ENERGY STORAGE,ENERGY STORAGE,0,130
2023-11-13T02:00:00Z,GAS,COGENERATION,4233.060679557589,5235
2023-11-13T02:00:00Z,GAS,COMBINED CYCLE,1612.3293448003133,3010
2023-11-13T02:00:00Z,GAS,GAS FIRED STEAM,805.4228181637659,2609
2023-11-13T02:00:00Z,GAS,SIMPLE CYCLE,555.0860978225867,959
2023-11-13T02:00:00Z,HYDRO,HYDRO,120.82404892921447,894
2023-11-13T02:00:00Z,OTHER,BIOMASS,109.6157811556922,154
2023-11-13T02:00:00Z,OTHER,DUAL FUEL,13.32249988714854,20
2023-11-13T02:00:00Z,OTHER,GAS,1.1999510526657104,10
2023-11-13T02:00:00Z,OTHER,GAS COGEN,23.014433994293213,58
2023-11-13T02:00:00Z,OTHER,OIL/GAS,42.44614910761515,53
2023-11-13T02:00:00Z,OTHER,WOOD/REFUSE,91.93221762657166,149
2023-11-13T02:00:00Z,SOLAR,SOLAR,0.7345000155435668,1420
2023-11-13T02:00:00Z,WIND,WIND,942.5676440902054,4150
2023-11-13T03:00:00Z,COAL,COAL,799.1461552429199,820
2023-11-13T03:00:00Z,DUAL FUEL,DUAL FUEL,466.0762720065647,466
2023-11-13T03:00:00Z,ENERGY STORAGE,ENERGY STORAGE,2.777788374159e-4,130
2023-11-13T03:00:00Z,GAS,COGENERATION,4230.191358705229,5235
2023-11-13T03:00:00Z,GAS,COMBINED CYCLE,1656.1863143316905,3010
2023-11-13T03:00:00Z,GAS,GAS FIRED STEAM,641.3280961651271,2609
2023-11-13T03:00:00Z,GAS,SIMPLE CYCLE,385.85638429539074,959
2023-11-13T03:00:00Z,HYDRO,HYDRO,89.74961871516373,894
2023-11-13T03:00:00Z,OTHER,BIOMASS,108.50294766426087,154
2023-11-13T03:00:00Z,OTHER,DUAL FUEL,13.084499745898777,20
2023-11-13T03:00:00Z,OTHER,GAS,1.1999510526657104,10
2023-11-13T03:00:00Z,OTHER,GAS COGEN,21.810748477511936,58
2023-11-13T03:00:00Z,OTHER,OIL/GAS,42.172909310658774,53
2023-11-13T03:00:00Z,OTHER,WOOD/REFUSE,91.6758966228697,149
2023-11-13T03:00:00Z,SOLAR,SOLAR,0,1420
2023-11-13T03:00:00Z,WIND,WIND,1258.0178243932542,4150
2023-11-13T04:00:00Z,COAL,COAL,799.568155754937,820
2023-11-13T04:00:00Z,DUAL FUEL,DUAL FUEL,466.2400487263997,466
2023-11-13T04:00:00Z,ENERGY STORAGE,ENERGY STORAGE,7.7778074476453e-4,130
2023-11-13T04:00:00Z,GAS,COGENERATION,4229.174211184449,5235
2023-11-13T04:00:00Z,GAS,COMBINED CYCLE,1704.1811180183622,3010
2023-11-13T04:00:00Z,GAS,GAS FIRED STEAM,629.951853427887,2609
2023-11-13T04:00:00Z,GAS,SIMPLE CYCLE,250.07394110606776,959
2023-11-13T04:00:00Z,HYDRO,HYDRO,104.54924423547254,894
2023-11-13T04:00:00Z,OTHER,BIOMASS,106.83198414802551,154
2023-11-13T04:00:00Z,OTHER,DUAL FUEL,12.899999618530272,20
2023-11-13T04:00:00Z,OTHER,GAS,1.1999510526657104,10
2023-11-13T04:00:00Z,OTHER,GAS COGEN,21.31122128168742,58
2023-11-13T04:00:00Z,OTHER,OIL/GAS,42.21344880845812,53
2023-11-13T04:00:00Z,OTHER,WOOD/REFUSE,91.55346889760759,149
2023-11-13T04:00:00Z,SOLAR,SOLAR,0,1420
2023-11-13T04:00:00Z,WIND,WIND,1565.356966912647,4150
2023-11-13T05:00:00Z,COAL,COAL,799.8617615932887,820
2023-11-13T05:00:00Z,DUAL FUEL,DUAL FUEL,466.1897163391113,466
2023-11-13T05:00:00Z,ENERGY STORAGE,ENERGY STORAGE,3.3333460489908e-4,130
2023-11-13T05:00:00Z,GAS,COGENERATION,4206.5311183565855,5235
2023-11-13T05:00:00Z,GAS,COMBINED CYCLE,1681.4569566286934,3010
2023-11-13T05:00:00Z,GAS,GAS FIRED STEAM,534.3068551911248,2609
2023-11-13T05:00:00Z,GAS,SIMPLE CYCLE,150.20805978529984,959
2023-11-13T05:00:00Z,HYDRO,HYDRO,89.15387219773399,894
2023-11-13T05:00:00Z,OTHER,BIOMASS,104.8137810034222,154
2023-11-13T05:00:00Z,OTHER,DUAL FUEL,12.822499618530273,20
2023-11-13T05:00:00Z,OTHER,GAS,1.1999510526657104,10
2023-11-13T05:00:00Z,OTHER,GAS COGEN,21.208122737672593,58
2023-11-13T05:00:00Z,OTHER,OIL/GAS,42.60798142115275,53
2023-11-13T05:00:00Z,OTHER,WOOD/REFUSE,91.1086047580507,149
2023-11-13T05:00:00Z,SOLAR,SOLAR,0,1420
2023-11-13T05:00:00Z,WIND,WIND,1767.7589742866821,4150
2023-11-13T06:00:00Z,COAL,COAL,798.4677105543349,820
2023-11-13T06:00:00Z,DUAL FUEL,DUAL FUEL,466.20238240559894,466
2023-11-13T06:00:00Z,ENERGY STORAGE,ENERGY STORAGE,-5.5555767483181424e-5,130
2023-11-13T06:00:00Z,GAS,COGENERATION,4210.388381184604,5235
2023-11-13T06:00:00Z,GAS,COMBINED CYCLE,1573.9124010133744,3010
2023-11-13T06:00:00Z,GAS,GAS FIRED STEAM,536.0230669954088,2609
2023-11-13T06:00:00Z,GAS,SIMPLE CYCLE,135.91427420722115,959
2023-11-13T06:00:00Z,HYDRO,HYDRO,57.986729670647115,894
2023-11-13T06:00:00Z,OTHER,BIOMASS,104.96499084101782,154
2023-11-13T06:00:00Z,OTHER,DUAL FUEL,11.453555382622612,20
2023-11-13T06:00:00Z,OTHER,GAS,1.1999510526657104,10
2023-11-13T06:00:00Z,OTHER,GAS COGEN,21.32106837908427,58
2023-11-13T06:00:00Z,OTHER,OIL/GAS,43.14988137986925,53
2023-11-13T06:00:00Z,OTHER,WOOD/REFUSE,90.64891027079688,149
2023-11-13T06:00:00Z,SOLAR,SOLAR,0,1420
2023-11-13T06:00:00Z,WIND,WIND,2032.7439833012058,4150
2023-11-13T07:00:00Z,COAL,COAL,798.7961009385851,820
2023-11-13T07:00:00Z,DUAL FUEL,DUAL FUEL,466.0347720845541,466
2023-11-13T07:00:00Z,ENERGY STORAGE,ENERGY STORAGE,1.1111153496636e-4,130
2023-11-13T07:00:00Z,GAS,COGENERATION,4214.513861516184,5235
2023-11-13T07:00:00Z,GAS,COMBINED CYCLE,1472.8212976535162,3010
2023-11-13T07:00:00Z,GAS,GAS FIRED STEAM,498.50034551620485,2609
2023-11-13T07:00:00Z,GAS,SIMPLE CYCLE,74.38105415787962,959
2023-11-13T07:00:00Z,HYDRO,HYDRO,55.62116266893016,894
2023-11-13T07:00:00Z,OTHER,BIOMASS,107.1346183013916,154
2023-11-13T07:00:00Z,OTHER,DUAL FUEL,10.815666817559135,20
2023-11-13T07:00:00Z,OTHER,GAS,1.1999510526657104,10
2023-11-13T07:00:00Z,OTHER,GAS COGEN,21.346693900426228,58
2023-11-13T07:00:00Z,OTHER,OIL/GAS,42.96486591551039,53
2023-11-13T07:00:00Z,OTHER,WOOD/REFUSE,90.16110337840186,149
2023-11-13T07:00:00Z,SOLAR,SOLAR,0,1420
2023-11-13T07:00:00Z,WIND,WIND,2278.4219981560937,4150
2023-11-13T08:00:00Z,COAL,COAL,798.8304301283094,820
2023-11-13T08:00:00Z,DUAL FUEL,DUAL FUEL,465.9752159966363,466
2023-11-13T08:00:00Z,ENERGY STORAGE,ENERGY STORAGE,0.00216667281256781,130
2023-11-13T08:00:00Z,GAS,COGENERATION,4148.048765789933,5235
2023-11-13T08:00:00Z,GAS,COMBINED CYCLE,1498.5288190846973,3010
2023-11-13T08:00:00Z,GAS,GAS FIRED STEAM,356.05244279543564,2609
2023-11-13T08:00:00Z,GAS,SIMPLE CYCLE,69.45410920672947,959
2023-11-13T08:00:00Z,HYDRO,HYDRO,60.55010351177719,894
2023-11-13T08:00:00Z,OTHER,BIOMASS,105.51354676670498,154
2023-11-13T08:00:00Z,OTHER,DUAL FUEL,10.815333484013877,20
2023-11-13T08:00:00Z,OTHER,GAS,1.1999510526657104,10
2023-11-13T08:00:00Z,OTHER,GAS COGEN,21.260119597117107,58
2023-11-13T08:00:00Z,OTHER,OIL/GAS,42.13711671193441,53
2023-11-13T08:00:00Z,OTHER,WOOD/REFUSE,90.08883932643467,149
2023-11-13T08:00:00Z,SOLAR,SOLAR,0,1420
2023-11-13T08:00:00Z,WIND,WIND,2376.6387005245438,4150
2023-11-13T09:00:00Z,COAL,COAL,798.4533794318305,820
2023-11-13T09:00:00Z,DUAL FUEL,DUAL FUEL,465.90010584513345,466
2023-11-13T09:00:00Z,ENERGY STORAGE,ENERGY STORAGE,0,130
2023-11-13T09:00:00Z,GAS,COGENERATION,4143.300283820761,5235
2023-11-13T09:00:00Z,GAS,COMBINED CYCLE,1484.7407219632466,3010
2023-11-13T09:00:00Z,GAS,GAS FIRED STEAM,361.5208269352383,2609
2023-11-13T09:00:00Z,GAS,SIMPLE CYCLE,69.30105440881518,959
2023-11-13T09:00:00Z,HYDRO,HYDRO,100.55186722973983,894
2023-11-13T09:00:00Z,OTHER,BIOMASS,105.45290780756208,154
2023-11-13T09:00:00Z,OTHER,DUAL FUEL,10.827166788313123,20
2023-11-13T09:00:00Z,OTHER,GAS,1.1999510526657104,10
2023-11-13T09:00:00Z,OTHER,GAS COGEN,21.152693946626453,58
2023-11-13T09:00:00Z,OTHER,OIL/GAS,43.532338523864745,53
2023-11-13T09:00:00Z,OTHER,WOOD/REFUSE,89.88253628412882,149
2023-11-13T09:00:00Z,SOLAR,SOLAR,0,1420
2023-11-13T09:00:00Z,WIND,WIND,2356.5277472935286,4150
2023-11-13T10:00:00Z,COAL,COAL,798.7510999721951,820
2023-11-13T10:00:00Z,DUAL FUEL,DUAL FUEL,465.8881608072917,466
2023-11-13T10:00:00Z,ENERGY STORAGE,ENERGY STORAGE,0.0010000032848782,130
2023-11-13T10:00:00Z,GAS,COGENERATION,4175.4299858305185,5235
2023-11-13T10:00:00Z,GAS,COMBINED CYCLE,1538.5247799830966,3010
2023-11-13T10:00:00Z,GAS,GAS FIRED STEAM,375.6996655050914,2609
2023-11-13T10:00:00Z,GAS,SIMPLE CYCLE,69.45444415940179,959
2023-11-13T10:00:00Z,HYDRO,HYDRO,113.70386967023214,894
2023-11-13T10:00:00Z,OTHER,BIOMASS,106.16548442840576,154
2023-11-13T10:00:00Z,OTHER,DUAL FUEL,10.814166821373831,20
2023-11-13T10:00:00Z,OTHER,GAS,1.1999510526657104,10
2023-11-13T10:00:00Z,OTHER,GAS COGEN,21.10935107125176,58
2023-11-13T10:00:00Z,OTHER,OIL/GAS,45.01412661870321,53
2023-11-13T10:00:00Z,OTHER,WOOD/REFUSE,90.09586744891273,149
2023-11-13T10:00:00Z,SOLAR,SOLAR,0,1420
2023-11-13T10:00:00Z,WIND,WIND,2301.2006184021634,4150
2023-11-13T11:00:00Z,COAL,COAL,799.6296503533258,820
2023-11-13T11:00:00Z,DUAL FUEL,DUAL FUEL,465.71932659573025,466
2023-11-13T11:00:00Z,ENERGY STORAGE,ENERGY STORAGE,-5.839720975557963,130
2023-11-13T11:00:00Z,GAS,COGENERATION,4194.634623541302,5235
2023-11-13T11:00:00Z,GAS,COMBINED CYCLE,1530.2661259539923,3010
2023-11-13T11:00:00Z,GAS,GAS FIRED STEAM,462.66280094782513,2609
2023-11-13T11:00:00Z,GAS,SIMPLE CYCLE,69.42683284123738,959
2023-11-13T11:00:00Z,HYDRO,HYDRO,98.8786936040057,894
2023-11-13T11:00:00Z,OTHER,BIOMASS,106.94238725556268,154
2023-11-13T11:00:00Z,OTHER,DUAL FUEL,10.816500148773194,20
2023-11-13T11:00:00Z,OTHER,GAS,1.1999510526657104,10
2023-11-13T11:00:00Z,OTHER,GAS COGEN,21.126993998421565,58
2023-11-13T11:00:00Z,OTHER,OIL/GAS,44.213387641906735,53
2023-11-13T11:00:00Z,OTHER,WOOD/REFUSE,90.93894210921394,149
2023-11-13T11:00:00Z,SOLAR,SOLAR,0,1420
2023-11-13T11:00:00Z,WIND,WIND,2313.016269279429,4150
2023-11-13T12:00:00Z,COAL,COAL,799.0659333631727,820
2023-11-13T12:00:00Z,DUAL FUEL,DUAL FUEL,465.7219936625163,466
2023-11-13T12:00:00Z,ENERGY STORAGE,ENERGY STORAGE,-6.74483217716217,130
2023-11-13T12:00:00Z,GAS,COGENERATION,4212.3583738260795,5235
2023-11-13T12:00:00Z,GAS,COMBINED CYCLE,1530.743512690862,3010
2023-11-13T12:00:00Z,GAS,GAS FIRED STEAM,565.4928392113579,2609
2023-11-13T12:00:00Z,GAS,SIMPLE CYCLE,69.74850000911289,959
2023-11-13T12:00:00Z,HYDRO,HYDRO,150.2049456399017,894
2023-11-13T12:00:00Z,OTHER,BIOMASS,105.9526492966546,154
2023-11-13T12:00:00Z,OTHER,DUAL FUEL,10.820166806115044,20
2023-11-13T12:00:00Z,OTHER,GAS,1.1999510526657104,10
2023-11-13T12:00:00Z,OTHER,GAS COGEN,21.12113789982266,58
2023-11-13T12:00:00Z,OTHER,OIL/GAS,43.76566612243652,53
2023-11-13T12:00:00Z,OTHER,WOOD/REFUSE,90.99939132796393,149
2023-11-13T12:00:00Z,SOLAR,SOLAR,0,1420
2023-11-13T12:00:00Z,WIND,WIND,2348.0290722657573,4150
2023-11-13T13:00:00Z,COAL,COAL,796.8560442267524,820
2023-11-13T13:00:00Z,DUAL FUEL,DUAL FUEL,465.6591054619683,466
2023-11-13T13:00:00Z,ENERGY STORAGE,ENERGY STORAGE,-5.610831953684489,130
2023-11-13T13:00:00Z,GAS,COGENERATION,4164.891033236053,5235
2023-11-13T13:00:00Z,GAS,COMBINED CYCLE,1598.7118032015694,3010
2023-11-13T13:00:00Z,GAS,GAS FIRED STEAM,513.3237626012167,2609
2023-11-13T13:00:00Z,GAS,SIMPLE CYCLE,69.45622115665013,959
2023-11-13T13:00:00Z,HYDRO,HYDRO,89.2564601657457,894
2023-11-13T13:00:00Z,OTHER,BIOMASS,106.77527611202663,154
2023-11-13T13:00:00Z,OTHER,DUAL FUEL,10.80433351304796,20
2023-11-13T13:00:00Z,OTHER,GAS,1.1999510526657104,10
2023-11-13T13:00:00Z,OTHER,GAS COGEN,21.19256801499261,58
2023-11-13T13:00:00Z,OTHER,OIL/GAS,44.56722068362766,53
2023-11-13T13:00:00Z,OTHER,WOOD/REFUSE,89.32147744973501,149
2023-11-13T13:00:00Z,SOLAR,SOLAR,0,1420
2023-11-13T13:00:00Z,WIND,WIND,2355.093208489385,4150
2023-11-13T14:00:00Z,COAL,COAL,796.329373796251,820
2023-11-13T14:00:00Z,DUAL FUEL,DUAL FUEL,465.574494527181,466
2023-11-13T14:00:00Z,ENERGY STORAGE,ENERGY STORAGE,-2.3076659647623696,130
2023-11-13T14:00:00Z,GAS,COGENERATION,4184.0793787841,5235
2023-11-13T14:00:00Z,GAS,COMBINED CYCLE,1561.474005698628,3010
2023-11-13T14:00:00Z,GAS,GAS FIRED STEAM,520.1491972923279,2609
2023-11-13T14:00:00Z,GAS,SIMPLE CYCLE,33.76844442658954,959
2023-11-13T14:00:00Z,HYDRO,HYDRO,127.6353918720285,894
2023-11-13T14:00:00Z,OTHER,BIOMASS,107.52133162710402,154
2023-11-13T14:00:00Z,OTHER,DUAL FUEL,10.811666827731662,20
2023-11-13T14:00:00Z,OTHER,GAS,1.1999510526657104,10
2023-11-13T14:00:00Z,OTHER,GAS COGEN,21.14456258455912,58
2023-11-13T14:00:00Z,OTHER,OIL/GAS,44.4217875374688,53
2023-11-13T14:00:00Z,OTHER,WOOD/REFUSE,88.74120364560021,149
2023-11-13T14:00:00Z,SOLAR,SOLAR,0.8694444411827458,1420
2023-11-13T14:00:00Z,WIND,WIND,2383.588525980165,4150
2023-11-13T15:00:00Z,COAL,COAL,795.9290994432237,820
2023-11-13T15:00:00Z,DUAL FUEL,DUAL FUEL,465.4422164916992,466
2023-11-13T15:00:00Z,ENERGY STORAGE,ENERGY STORAGE,-0.9511664830313789,130
2023-11-13T15:00:00Z,GAS,COGENERATION,4182.0637219203845,5235
2023-11-13T15:00:00Z,GAS,COMBINED CYCLE,1617.1116774013308,3010
2023-11-13T15:00:00Z,GAS,GAS FIRED STEAM,554.6686024973128,2609
2023-11-13T15:00:00Z,GAS,SIMPLE CYCLE,82.7744228028589,959
2023-11-13T15:00:00Z,HYDRO,HYDRO,137.48049025230938,894
2023-11-13T15:00:00Z,OTHER,BIOMASS,108.13350246959263,154
2023-11-13T15:00:00Z,OTHER,DUAL FUEL,10.827000122070311,20
2023-11-13T15:00:00Z,OTHER,GAS,1.1999510526657104,10
2023-11-13T15:00:00Z,OTHER,GAS COGEN,21.108530886967976,58
2023-11-13T15:00:00Z,OTHER,OIL/GAS,43.84186589135064,53
2023-11-13T15:00:00Z,OTHER,WOOD/REFUSE,89.06643966303932,149
2023-11-13T15:00:00Z,SOLAR,SOLAR,87.49194286548429,1420
2023-11-13T15:00:00Z,WIND,WIND,2312.2332604681533,4150
2023-11-13T16:00:00Z,COAL,COAL,795.9462670728894,820
2023-11-13T16:00:00Z,DUAL FUEL,DUAL FUEL,465.3914939880371,466
2023-11-13T16:00:00Z,ENERGY STORAGE,ENERGY STORAGE,-0.8713887490166559,130
2023-11-13T16:00:00Z,GAS,COGENERATION,4221.468157985475,5235
2023-11-13T16:00:00Z,GAS,COMBINED CYCLE,1650.2893506399791,3010
2023-11-13T16:00:00Z,GAS,GAS FIRED STEAM,622.6969153531392,2609
2023-11-13T16:00:00Z,GAS,SIMPLE CYCLE,101.79046326782968,959
2023-11-13T16:00:00Z,HYDRO,HYDRO,113.06125616956089,894
2023-11-13T16:00:00Z,OTHER,BIOMASS,105.12542382134332,154
2023-11-13T16:00:00Z,OTHER,DUAL FUEL,10.821833468543158,20
2023-11-13T16:00:00Z,OTHER,GAS,1.1999510526657104,10
2023-11-13T16:00:00Z,OTHER,GAS COGEN,18.89620411078135,58
2023-11-13T16:00:00Z,OTHER,OIL/GAS,44.33853169547187,53
2023-11-13T16:00:00Z,OTHER,WOOD/REFUSE,89.14957344955867,149
2023-11-13T16:00:00Z,SOLAR,SOLAR,383.1390373226835,1420
2023-11-13T16:00:00Z,WIND,WIND,2140.496110901402,4150
2023-11-13T17:00:00Z,COAL,COAL,796.3444904242622,820
2023-11-13T17:00:00Z,DUAL FUEL,DUAL FUEL,465.0552174546983,466
2023-11-13T17:00:00Z,ENERGY STORAGE,ENERGY STORAGE,-0.02116674317253959,130
2023-11-13T17:00:00Z,GAS,COGENERATION,4177.6113006137475,5235
2023-11-13T17:00:00Z,GAS,COMBINED CYCLE,1666.2317164007823,3010
2023-11-13T17:00:00Z,GAS,GAS FIRED STEAM,593.4315826267666,2609
2023-11-13T17:00:00Z,GAS,SIMPLE CYCLE,113.74674255636003,959
2023-11-13T17:00:00Z,HYDRO,HYDRO,108.18587524884278,894
2023-11-13T17:00:00Z,OTHER,BIOMASS,106.19066026793585,154
2023-11-13T17:00:00Z,OTHER,DUAL FUEL,11.30300004641215,20
2023-11-13T17:00:00Z,OTHER,GAS,1.1999510526657104,10
2023-11-13T17:00:00Z,OTHER,GAS COGEN,16.24970018174913,58
2023-11-13T17:00:00Z,OTHER,OIL/GAS,44.03426499896579,53
2023-11-13T17:00:00Z,OTHER,WOOD/REFUSE,88.98324229240417,149
2023-11-13T17:00:00Z,SOLAR,SOLAR,599.4758100100358,1420
2023-11-13T17:00:00Z,WIND,WIND,2143.9400555363627,4150
2023-11-13T18:00:00Z,COAL,COAL,796.9684296332465,820
2023-11-13T18:00:00Z,DUAL FUEL,DUAL FUEL,464.9573267788357,466
2023-11-13T18:00:00Z,ENERGY STORAGE,ENERGY STORAGE,-0.02788897726270886,130
2023-11-13T18:00:00Z,GAS,COGENERATION,4090.528312518332,5235
2023-11-13T18:00:00Z,GAS,COMBINED CYCLE,1679.7695931688945,3010
2023-11-13T18:00:00Z,GAS,GAS FIRED STEAM,468.3162945715586,2609
2023-11-13T18:00:00Z,GAS,SIMPLE CYCLE,101.05721415539583,959
2023-11-13T18:00:00Z,HYDRO,HYDRO,85.99603515472677,894
2023-11-13T18:00:00Z,OTHER,BIOMASS,105.301569486724,154
2023-11-13T18:00:00Z,OTHER,DUAL FUEL,11.498666665818956,20
2023-11-13T18:00:00Z,OTHER,GAS,1.1999510526657104,10
2023-11-13T18:00:00Z,OTHER,GAS COGEN,9.493955549663967,58
2023-11-13T18:00:00Z,OTHER,OIL/GAS,44.27571579615275,53
2023-11-13T18:00:00Z,OTHER,WOOD/REFUSE,89.443290143013,149
2023-11-13T18:00:00Z,SOLAR,SOLAR,650.2156507511271,1420
2023-11-13T18:00:00Z,WIND,WIND,2481.1940333477655,4150
2023-11-13T19:00:00Z,COAL,COAL,797.7956550428603,820
2023-11-13T19:00:00Z,DUAL FUEL,DUAL FUEL,465.2738262091743,466
2023-11-13T19:00:00Z,ENERGY STORAGE,ENERGY STORAGE,-0.0013888915379842,130
2023-11-13T19:00:00Z,GAS,COGENERATION,3966.7489399544397,5235
2023-11-13T19:00:00Z,GAS,COMBINED CYCLE,1549.838247153494,3010
2023-11-13T19:00:00Z,GAS,GAS FIRED STEAM,350.4476784981622,2609
2023-11-13T19:00:00Z,GAS,SIMPLE CYCLE,93.93239412771331,959
2023-11-13T19:00:00Z,HYDRO,HYDRO,97.0700841252009,894
2023-11-13T19:00:00Z,OTHER,BIOMASS,105.48127562522889,154
2023-11-13T19:00:00Z,OTHER,DUAL FUEL,11.5,20
2023-11-13T19:00:00Z,OTHER,GAS,1.1999510526657104,10
2023-11-13T19:00:00Z,OTHER,GAS COGEN,7.230863014327155,58
2023-11-13T19:00:00Z,OTHER,OIL/GAS,44.138160137600366,53
2023-11-13T19:00:00Z,OTHER,WOOD/REFUSE,88.62886538081699,149
2023-11-13T19:00:00Z,SOLAR,SOLAR,697.5253738181459,1420
2023-11-13T19:00:00Z,WIND,WIND,2715.8120489983426,4150
2023-11-13T20:00:00Z,COAL,COAL,797.7123203192816,820
2023-11-13T20:00:00Z,DUAL FUEL,DUAL FUEL,465.1650507439507,466
2023-11-13T20:00:00Z,ENERGY STORAGE,ENERGY STORAGE,-0.012277824083964009,130
2023-11-13T20:00:00Z,GAS,COGENERATION,3952.777250338263,5235
2023-11-13T20:00:00Z,GAS,COMBINED CYCLE,1446.9452104171116,3010
2023-11-13T20:00:00Z,GAS,GAS FIRED STEAM,381.49769954363506,2609
2023-11-13T20:00:00Z,GAS,SIMPLE CYCLE,95.04939017295838,959
2023-11-13T20:00:00Z,HYDRO,HYDRO,123.7776313120789,894
2023-11-13T20:00:00Z,OTHER,BIOMASS,104.80238807943132,154
2023-11-13T20:00:00Z,OTHER,DUAL FUEL,11.498833332591587,20
2023-11-13T20:00:00Z,OTHER,GAS,1.1999510526657104,10
2023-11-13T20:00:00Z,OTHER,GAS COGEN,7.0474191991488135,58
2023-11-13T20:00:00Z,OTHER,OIL/GAS,44.217465356191,53
2023-11-13T20:00:00Z,OTHER,WOOD/REFUSE,87.28426302221087,149
2023-11-13T20:00:00Z,SOLAR,SOLAR,759.7287762754163,1420
2023-11-13T20:00:00Z,WIND,WIND,2781.3403743979666,4150
2023-11-13T21:00:00Z,COAL,COAL,797.1491018337674,820
2023-11-13T21:00:00Z,DUAL FUEL,DUAL FUEL,465.3014949205187,466
2023-11-13T21:00:00Z,ENERGY STORAGE,ENERGY STORAGE,0.01883335855272077,130
2023-11-13T21:00:00Z,GAS,COGENERATION,3938.180589845843,5235
2023-11-13T21:00:00Z,GAS,COMBINED CYCLE,1487.3023161072201,3010
2023-11-13T21:00:00Z,GAS,GAS FIRED STEAM,347.5456395403544,2609
2023-11-13T21:00:00Z,GAS,SIMPLE CYCLE,95.33055700408087,959
2023-11-13T21:00:00Z,HYDRO,HYDRO,123.69437273151344,894
2023-11-13T21:00:00Z,OTHER,BIOMASS,109.26233167383405,154
2023-11-13T21:00:00Z,OTHER,DUAL FUEL,11.499499999682108,20
2023-11-13T21:00:00Z,OTHER,GAS,1.1999510526657104,10
2023-11-13T21:00:00Z,OTHER,GAS COGEN,7.0493217004670035,58
2023-11-13T21:00:00Z,OTHER,OIL/GAS,43.44473168055217,53
2023-11-13T21:00:00Z,OTHER,WOOD/REFUSE,85.99249168607923,149
2023-11-13T21:00:00Z,SOLAR,SOLAR,767.5499697706434,1420
2023-11-13T21:00:00Z,WIND,WIND,2780.788414457573,4150
2023-11-13T22:00:00Z,COAL,COAL,796.6314879862467,820
2023-11-13T22:00:00Z,DUAL FUEL,DUAL FUEL,465.5543279012044,466
2023-11-13T22:00:00Z,ENERGY STORAGE,ENERGY STORAGE,0.01811115476820203,130
2023-11-13T22:00:00Z,GAS,COGENERATION,4006.8332890545,5235
2023-11-13T22:00:00Z,GAS,COMBINED CYCLE,1621.8147449154324,3010
2023-11-13T22:00:00Z,GAS,GAS FIRED STEAM,468.23075999153986,2609
2023-11-13T22:00:00Z,GAS,SIMPLE CYCLE,95.34872385872735,959
2023-11-13T22:00:00Z,HYDRO,HYDRO,146.92597903662258,894
2023-11-13T22:00:00Z,OTHER,BIOMASS,105.3563315184911,154
2023-11-13T22:00:00Z,OTHER,DUAL FUEL,11.5,20
2023-11-13T22:00:00Z,OTHER,GAS,1.1999510526657104,10
2023-11-13T22:00:00Z,OTHER,GAS COGEN,6.982441822422875,58
2023-11-13T22:00:00Z,OTHER,OIL/GAS,44.339753725263805,53
2023-11-13T22:00:00Z,OTHER,WOOD/REFUSE,84.79357904540169,149
2023-11-13T22:00:00Z,SOLAR,SOLAR,407.0171753440797,1420
2023-11-13T22:00:00Z,WIND,WIND,2879.8888754822146,4150
2023-11-13T23:00:00Z,COAL,COAL,795.6825426228841,820
2023-11-13T23:00:00Z,DUAL FUEL,DUAL FUEL,465.54571567111543,466
2023-11-13T23:00:00Z,ENERGY STORAGE,ENERGY STORAGE,0.12694476180606415,130
2023-11-13T23:00:00Z,GAS,COGENERATION,4181.435357893043,5235
2023-11-13T23:00:00Z,GAS,COMBINED CYCLE,1754.4142618258793,3010
2023-11-13T23:00:00Z,GAS,GAS FIRED STEAM,812.788742995792,2609
2023-11-13T23:00:00Z,GAS,SIMPLE CYCLE,148.28502639677788,959
2023-11-13T23:00:00Z,HYDRO,HYDRO,171.4492881715298,894
2023-11-13T23:00:00Z,OTHER,BIOMASS,114.00054390642379,154
2023-11-13T23:00:00Z,OTHER,DUAL FUEL,11.5,20
2023-11-13T23:00:00Z,OTHER,GAS,1.1999510526657104,10
2023-11-13T23:00:00Z,OTHER,GAS COGEN,12.785458687941231,58
2023-11-13T23:00:00Z,OTHER,OIL/GAS,44.1374321492513,53
2023-11-13T23:00:00Z,OTHER,WOOD/REFUSE,91.6107776260376,149
2023-11-13T23:00:00Z,SOLAR,SOLAR,38.59633272870547,1420
2023-11-13T23:00:00Z,WIND,WIND,2756.891999409199,4150
2023-11-14T00:00:00Z,COAL,COAL,795.4870420837402,820
2023-11-14T00:00:00Z,DUAL FUEL,DUAL FUEL,465.5703261142307,466
2023-11-14T00:00:00Z,ENERGY STORAGE,ENERGY STORAGE,0.025000092188517252,130
2023-11-14T00:00:00Z,GAS,COGENERATION,4179.486173282729,5235
2023-11-14T00:00:00Z,GAS,COMBINED CYCLE,1770.8815380838182,3010
2023-11-14T00:00:00Z,GAS,GAS FIRED STEAM,940.0564078097873,2609
2023-11-14T00:00:00Z,GAS,SIMPLE CYCLE,209.107585563461,959
2023-11-14T00:00:00Z,HYDRO,HYDRO,115.96278218196497,894
2023-11-14T00:00:00Z,OTHER,BIOMASS,117.83436551729838,154
2023-11-14T00:00:00Z,OTHER,DUAL FUEL,11.5,20
2023-11-14T00:00:00Z,OTHER,GAS,1.1999510526657104,10
2023-11-14T00:00:00Z,OTHER,GAS COGEN,19.90003344429864,58
2023-11-14T00:00:00Z,OTHER,OIL/GAS,43.66915415234036,53
2023-11-14T00:00:00Z,OTHER,WOOD/REFUSE,92.52448581483628,149
2023-11-14T00:00:00Z,SOLAR,SOLAR,0,1420
2023-11-14T00:00:00Z,WIND,WIND,2852.0272458017535,4150
2023-11-14T01:00:00Z,COAL,COAL,795.7057085673014,820
2023-11-14T01:00:00Z,DUAL FUEL,DUAL FUEL,465.49971472846136,466
2023-11-14T01:00:00Z,ENERGY STORAGE,ENERGY STORAGE,0.01327782842848035,130
2023-11-14T01:00:00Z,GAS,COGENERATION,4149.469097891781,5235
2023-11-14T01:00:00Z,GAS,COMBINED CYCLE,1746.0327449703218,3010
2023-11-14T01:00:00Z,GAS,GAS FIRED STEAM,910.3641397433811,2609
2023-11-14T01:00:00Z,GAS,SIMPLE CYCLE,190.4444817460908,959
2023-11-14T01:00:00Z,HYDRO,HYDRO,99.90193341738649,894
2023-11-14T01:00:00Z,OTHER,BIOMASS,106.64295493390824,154
2023-11-14T01:00:00Z,OTHER,DUAL FUEL,11.5,20
2023-11-14T01:00:00Z,OTHER,GAS,1.1999510526657104,10
2023-11-14T01:00:00Z,OTHER,GAS COGEN,18.232181640201144,58
2023-11-14T01:00:00Z,OTHER,OIL/GAS,42.958538428412545,53
2023-11-14T01:00:00Z,OTHER,WOOD/REFUSE,86.96400791803995,149
2023-11-14T01:00:00Z,SOLAR,SOLAR,0,1420
2023-11-14T01:00:00Z,WIND,WIND,2953.0877795809506,4150
2023-11-14T02:00:00Z,COAL,COAL,795.4871008300781,820
2023-11-14T02:00:00Z,DUAL FUEL,DUAL FUEL,465.5100492011176,466
2023-11-14T02:00:00Z,ENERGY STORAGE,ENERGY STORAGE,-0.01116670926411946,130
2023-11-14T02:00:00Z,GAS,COGENERATION,4117.957811469237,5235
2023-11-14T02:00:00Z,GAS,COMBINED CYCLE,1684.2547711573707,3010
2023-11-14T02:00:00Z,GAS,GAS FIRED STEAM,637.9859913783603,2609
2023-11-14T02:00:00Z,GAS,SIMPLE CYCLE,190.40366904709074,959
2023-11-14T02:00:00Z,HYDRO,HYDRO,85.8467021069924,894
2023-11-14T02:00:00Z,OTHER,BIOMASS,105.57123206509485,154
2023-11-14T02:00:00Z,OTHER,DUAL FUEL,12.382277777459889,20
2023-11-14T02:00:00Z,OTHER,GAS,1.1999510526657104,10
2023-11-14T02:00:00Z,OTHER,GAS COGEN,18.44680827140808,58
2023-11-14T02:00:00Z,OTHER,OIL/GAS,43.259015261332195,53
2023-11-14T02:00:00Z,OTHER,WOOD/REFUSE,86.18132972134484,149
2023-11-14T02:00:00Z,SOLAR,SOLAR,0,1420
2023-11-14T02:00:00Z,WIND,WIND,3093.7998234155443,4150
2023-11-14T03:00:00Z,COAL,COAL,796.623265109592,820
2023-11-14T03:00:00Z,DUAL FUEL,DUAL FUEL,465.5119940355089,466
2023-11-14T03:00:00Z,ENERGY STORAGE,ENERGY STORAGE,-0.06888915220896404,130
2023-11-14T03:00:00Z,GAS,COGENERATION,4153.339596331384,5235
2023-11-14T03:00:00Z,GAS,COMBINED CYCLE,1706.8790740908516,3010
2023-11-14T03:00:00Z,GAS,GAS FIRED STEAM,695.4678582996793,2609
2023-11-14T03:00:00Z,GAS,SIMPLE CYCLE,157.06303689127165,959
2023-11-14T03:00:00Z,HYDRO,HYDRO,151.1959901733531,894
2023-11-14T03:00:00Z,OTHER,BIOMASS,103.58905734539032,154
2023-11-14T03:00:00Z,OTHER,DUAL FUEL,11.872833183076647,20
2023-11-14T03:00:00Z,OTHER,GAS,1.1999510526657104,10
2023-11-14T03:00:00Z,OTHER,GAS COGEN,18.38697837087843,58
2023-11-14T03:00:00Z,OTHER,OIL/GAS,43.280510900285506,53
2023-11-14T03:00:00Z,OTHER,WOOD/REFUSE,85.54566639105478,149
2023-11-14T03:00:00Z,SOLAR,SOLAR,0,1420
2023-11-14T03:00:00Z,WIND,WIND,3011.584367633528,4150
2023-11-14T04:00:00Z,COAL,COAL,795.8392083570692,820
2023-11-14T04:00:00Z,DUAL FUEL,DUAL FUEL,465.4317158508301,466
2023-11-14T04:00:00Z,ENERGY STORAGE,ENERGY STORAGE,-1.1111153496636e-4,130
2023-11-14T04:00:00Z,GAS,COGENERATION,4169.873234321409,5235
2023-11-14T04:00:00Z,GAS,COMBINED CYCLE,1704.4982774194082,3010
2023-11-14T04:00:00Z,GAS,GAS FIRED STEAM,797.0926637978024,2609
2023-11-14T04:00:00Z,GAS,SIMPLE CYCLE,70.58362725983064,959
2023-11-14T04:00:00Z,HYDRO,HYDRO,129.79032520274322,894
2023-11-14T04:00:00Z,OTHER,BIOMASS,105.8088068819046,154
2023-11-14T04:00:00Z,OTHER,DUAL FUEL,10.899999618530272,20
2023-11-14T04:00:00Z,OTHER,GAS,1.1999510526657104,10
2023-11-14T04:00:00Z,OTHER,GAS COGEN,18.01401120715671,58
2023-11-14T04:00:00Z,OTHER,OIL/GAS,43.070337802039255,53
2023-11-14T04:00:00Z,OTHER,WOOD/REFUSE,86.0565705288781,149
2023-11-14T04:00:00Z,SOLAR,SOLAR,0,1420
2023-11-14T04:00:00Z,WIND,WIND,2840.5282936767076,4150
2023-11-14T05:00:00Z,COAL,COAL,795.4087064446344,820
2023-11-14T05:00:00Z,DUAL FUEL,DUAL FUEL,465.37827162000866,466
2023-11-14T05:00:00Z,ENERGY STORAGE,ENERGY STORAGE,-3.3333460489908e-4,130
2023-11-14T05:00:00Z,GAS,COGENERATION,4158.320871225728,5235
2023-11-14T05:00:00Z,GAS,COMBINED CYCLE,1692.7946730385886,3010
2023-11-14T05:00:00Z,GAS,GAS FIRED STEAM,727.0735412036048,2609
2023-11-14T05:00:00Z,GAS,SIMPLE CYCLE,32.810277755326695,959
2023-11-14T05:00:00Z,HYDRO,HYDRO,78.98939642647902,894
2023-11-14T05:00:00Z,OTHER,BIOMASS,106.86875423908234,154
2023-11-14T05:00:00Z,OTHER,DUAL FUEL,10.899999618530272,20
2023-11-14T05:00:00Z,OTHER,GAS,1.1999510526657104,10
2023-11-14T05:00:00Z,OTHER,GAS COGEN,18.713767555024887,58
2023-11-14T05:00:00Z,OTHER,OIL/GAS,42.997071993086074,53
2023-11-14T05:00:00Z,OTHER,WOOD/REFUSE,85.758103395568,149
2023-11-14T05:00:00Z,SOLAR,SOLAR,0,1420
2023-11-14T05:00:00Z,WIND,WIND,2805.9782793691425,4150
2023-11-14T06:00:00Z,COAL,COAL,794.3984345160591,820
2023-11-14T06:00:00Z,DUAL FUEL,DUAL FUEL,465.3982709248861,466
2023-11-14T06:00:00Z,ENERGY STORAGE,ENERGY STORAGE,8.875667304992676,130
2023-11-14T06:00:00Z,GAS,COGENERATION,4151.606752385961,5235
2023-11-14T06:00:00Z,GAS,COMBINED CYCLE,1596.6226807488335,3010
2023-11-14T06:00:00Z,GAS,GAS FIRED STEAM,662.9973109700945,2609
2023-11-14T06:00:00Z,GAS,SIMPLE CYCLE,31.5,959
2023-11-14T06:00:00Z,HYDRO,HYDRO,85.14802722611361,894
2023-11-14T06:00:00Z,OTHER,BIOMASS,106.61821478207906,154
2023-11-14T06:00:00Z,OTHER,DUAL FUEL,10.900166285302904,20
2023-11-14T06:00:00Z,OTHER,GAS,1.1999510526657104,10
2023-11-14T06:00:00Z,OTHER,GAS COGEN,19.425571769078573,58
2023-11-14T06:00:00Z,OTHER,OIL/GAS,42.90023246129354,53
2023-11-14T06:00:00Z,OTHER,WOOD/REFUSE,86.05427170647515,149
2023-11-14T06:00:00Z,SOLAR,SOLAR,0,1420
2023-11-14T06:00:00Z,WIND,WIND,2529.5417225106557,4150
2023-11-14T07:00:00Z,COAL,COAL,795.1283201090496,820
2023-11-14T07:00:00Z,DUAL FUEL,DUAL FUEL,465.3496598307292,466
2023-11-14T07:00:00Z,ENERGY STORAGE,ENERGY STORAGE,-5.578887282477485,130
2023-11-14T07:00:00Z,GAS,COGENERATION,4151.902997717592,5235
2023-11-14T07:00:00Z,GAS,COMBINED CYCLE,1579.3201507552465,3010
2023-11-14T07:00:00Z,GAS,GAS FIRED STEAM,583.108515935474,2609
2023-11-14T07:00:00Z,GAS,SIMPLE CYCLE,31.497166655858358,959
2023-11-14T07:00:00Z,HYDRO,HYDRO,66.7338171581924,894
2023-11-14T07:00:00Z,OTHER,BIOMASS,107.37739254898496,154
2023-11-14T07:00:00Z,OTHER,DUAL FUEL,10.899999618530272,20
2023-11-14T07:00:00Z,OTHER,GAS,1.1999510526657104,10
2023-11-14T07:00:00Z,OTHER,GAS COGEN,20.46990926000807,58
2023-11-14T07:00:00Z,OTHER,OIL/GAS,42.97875430848863,53
2023-11-14T07:00:00Z,OTHER,WOOD/REFUSE,85.60578531106313,149
2023-11-14T07:00:00Z,SOLAR,SOLAR,0,1420
2023-11-14T07:00:00Z,WIND,WIND,2480.0336177140807,4150
2023-11-14T08:00:00Z,COAL,COAL,793.9309856838651,820
2023-11-14T08:00:00Z,DUAL FUEL,DUAL FUEL,465.32971622043186,466
2023-11-14T08:00:00Z,ENERGY STORAGE,ENERGY STORAGE,-5.653665345509847,130
2023-11-14T08:00:00Z,GAS,COGENERATION,4163.235143102937,5235
2023-11-14T08:00:00Z,GAS,COMBINED CYCLE,1485.3336073462167,3010
2023-11-14T08:00:00Z,GAS,GAS FIRED STEAM,600.5955058542887,2609
2023-11-14T08:00:00Z,GAS,SIMPLE CYCLE,31.50049999872843,959
2023-11-14T08:00:00Z,HYDRO,HYDRO,130.10736247506406,894
2023-11-14T08:00:00Z,OTHER,BIOMASS,105.97850177023146,154
2023-11-14T08:00:00Z,OTHER,DUAL FUEL,10.899999618530272,20
2023-11-14T08:00:00Z,OTHER,GAS,1.1999510526657104,10
2023-11-14T08:00:00Z,OTHER,GAS COGEN,20.467410422431097,58
2023-11-14T08:00:00Z,OTHER,OIL/GAS,42.76019854227702,53
2023-11-14T08:00:00Z,OTHER,WOOD/REFUSE,86.18989957120684,149
2023-11-14T08:00:00Z,SOLAR,SOLAR,0,1420
2023-11-14T08:00:00Z,WIND,WIND,2548.753075365871,4150
2023-11-14T09:00:00Z,COAL,COAL,794.6307083638509,820
2023-11-14T09:00:00Z,DUAL FUEL,DUAL FUEL,465.3745498487684,466
2023-11-14T09:00:00Z,ENERGY STORAGE,ENERGY STORAGE,-5.5969429069095185,130
2023-11-14T09:00:00Z,GAS,COGENERATION,4146.513433652586,5235
2023-11-14T09:00:00Z,GAS,COMBINED CYCLE,1473.6401023228964,3010
2023-11-14T09:00:00Z,GAS,GAS FIRED STEAM,582.7317053911421,2609
2023-11-14T09:00:00Z,GAS,SIMPLE CYCLE,31.5,959
2023-11-14T09:00:00Z,HYDRO,HYDRO,102.26258650448587,894
2023-11-14T09:00:00Z,OTHER,BIOMASS,104.24781546486749,154
2023-11-14T09:00:00Z,OTHER,DUAL FUEL,10.899999618530272,20
2023-11-14T09:00:00Z,OTHER,GAS,1.1999510526657104,10
2023-11-14T09:00:00Z,OTHER,GAS COGEN,20.351368901994498,58
2023-11-14T09:00:00Z,OTHER,OIL/GAS,43.016609846750896,53
2023-11-14T09:00:00Z,OTHER,WOOD/REFUSE,86.62986742072636,149
2023-11-14T09:00:00Z,SOLAR,SOLAR,0,1420
2023-11-14T09:00:00Z,WIND,WIND,2660.1141055893195,4150
2023-11-14T10:00:00Z,COAL,COAL,794.8611538018121,820
2023-11-14T10:00:00Z,DUAL FUEL,DUAL FUEL,465.38221569485137,466
2023-11-14T10:00:00Z,ENERGY STORAGE,ENERGY STORAGE,-5.675887652503119,130
2023-11-14T10:00:00Z,GAS,COGENERATION,4168.457797386779,5235
2023-11-14T10:00:00Z,GAS,COMBINED CYCLE,1435.631871483061,3010
2023-11-14T10:00:00Z,GAS,GAS FIRED STEAM,603.9668558470408,2609
2023-11-14T10:00:00Z,GAS,SIMPLE CYCLE,31.467000188827512,959
2023-11-14T10:00:00Z,HYDRO,HYDRO,111.70840409057008,894
2023-11-14T10:00:00Z,OTHER,BIOMASS,106.07023691018424,154
2023-11-14T10:00:00Z,OTHER,DUAL FUEL,10.899999618530272,20
2023-11-14T10:00:00Z,OTHER,GAS,1.1999510526657104,10
2023-11-14T10:00:00Z,OTHER,GAS COGEN,20.441896988550823,58
2023-11-14T10:00:00Z,OTHER,OIL/GAS,43.30468231201172,53
2023-11-14T10:00:00Z,OTHER,WOOD/REFUSE,87.39531039184995,149
2023-11-14T10:00:00Z,SOLAR,SOLAR,0,1420
2023-11-14T10:00:00Z,WIND,WIND,2603.0462382902124,4150
2023-11-14T11:00:00Z,COAL,COAL,795.1263175794813,820
2023-11-14T11:00:00Z,DUAL FUEL,DUAL FUEL,465.3474931165907,466
2023-11-14T11:00:00Z,ENERGY STORAGE,ENERGY STORAGE,-5.655276462766859,130
2023-11-14T11:00:00Z,GAS,COGENERATION,4196.1457930998,5235
2023-11-14T11:00:00Z,GAS,COMBINED CYCLE,1525.5061319822735,3010
2023-11-14T11:00:00Z,GAS,GAS FIRED STEAM,599.7187456893921,2609
2023-11-14T11:00:00Z,GAS,SIMPLE CYCLE,31.40000057220459,959
2023-11-14T11:00:00Z,HYDRO,HYDRO,123.68969730509652,894
2023-11-14T11:00:00Z,OTHER,BIOMASS,105.63964547581143,154
2023-11-14T11:00:00Z,OTHER,DUAL FUEL,12.58972220155928,20
2023-11-14T11:00:00Z,OTHER,GAS,1.1999510526657104,10
2023-11-14T11:00:00Z,OTHER,GAS COGEN,20.370578628116185,58
2023-11-14T11:00:00Z,OTHER,OIL/GAS,43.17653247833252,53
2023-11-14T11:00:00Z,OTHER,WOOD/REFUSE,86.21638931751252,149
2023-11-14T11:00:00Z,SOLAR,SOLAR,0,1420
2023-11-14T11:00:00Z,WIND,WIND,2500.067734289078,4150
2023-11-14T12:00:00Z,COAL,COAL,795.4380416531033,820
2023-11-14T12:00:00Z,DUAL FUEL,DUAL FUEL,465.3254378255209,466
2023-11-14T12:00:00Z,ENERGY STORAGE,ENERGY STORAGE,-4.245499163733588,130
2023-11-14T12:00:00Z,GAS,COGENERATION,4187.459865247276,5235
2023-11-14T12:00:00Z,GAS,COMBINED CYCLE,1571.9412728012933,3010
2023-11-14T12:00:00Z,GAS,GAS FIRED STEAM,767.0937030749851,2609
2023-11-14T12:00:00Z,GAS,SIMPLE CYCLE,31.40000057220459,959
2023-11-14T12:00:00Z,HYDRO,HYDRO,121.59777867476146,894
2023-11-14T12:00:00Z,OTHER,BIOMASS,107.2508250284195,154
2023-11-14T12:00:00Z,OTHER,DUAL FUEL,13.389833399984571,20
2023-11-14T12:00:00Z,OTHER,GAS,1.1999510526657104,10
2023-11-14T12:00:00Z,OTHER,GAS COGEN,20.613069038391114,58
2023-11-14T12:00:00Z,OTHER,OIL/GAS,43.13209815979004,53
2023-11-14T12:00:00Z,OTHER,WOOD/REFUSE,86.24937560240427,149
2023-11-14T12:00:00Z,SOLAR,SOLAR,0,1420
2023-11-14T12:00:00Z,WIND,WIND,2490.049129259454,4150
2023-11-14T13:00:00Z,COAL,COAL,795.9830427381728,820
2023-11-14T13:00:00Z,DUAL FUEL,DUAL FUEL,465.3423826768663,466
2023-11-14T13:00:00Z,ENERGY STORAGE,ENERGY STORAGE,-3.086499422921075,130
2023-11-14T13:00:00Z,GAS,COGENERATION,4212.106849281656,5235
2023-11-14T13:00:00Z,GAS,COMBINED CYCLE,1629.117991768519,3010
2023-11-14T13:00:00Z,GAS,GAS FIRED STEAM,946.6299980884128,2609
2023-11-14T13:00:00Z,GAS,SIMPLE CYCLE,101.36206759161419,959
2023-11-14T13:00:00Z,HYDRO,HYDRO,180.26796576397285,894
2023-11-14T13:00:00Z,OTHER,BIOMASS,112.62909600681729,154
2023-11-14T13:00:00Z,OTHER,DUAL FUEL,13.48983332686954,20
2023-11-14T13:00:00Z,OTHER,GAS,1.1999510526657104,10
2023-11-14T13:00:00Z,OTHER,GAS COGEN,25.122393881479898,58
2023-11-14T13:00:00Z,OTHER,OIL/GAS,42.857187538146974,53
2023-11-14T13:00:00Z,OTHER,WOOD/REFUSE,86.18295625103843,149
2023-11-14T13:00:00Z,SOLAR,SOLAR,0,1420
2023-11-14T13:00:00Z,WIND,WIND,2508.1341042203376,4150
2023-11-14T14:00:00Z,COAL,COAL,798.0537127176921,820
2023-11-14T14:00:00Z,DUAL FUEL,DUAL FUEL,465.3082152642144,466
2023-11-14T14:00:00Z,ENERGY STORAGE,ENERGY STORAGE,-0.9309996679094102,130
2023-11-14T14:00:00Z,GAS,COGENERATION,4235.82895078871,5235
2023-11-14T14:00:00Z,GAS,COMBINED CYCLE,1699.5452777051926,3010
2023-11-14T14:00:00Z,GAS,GAS FIRED STEAM,995.0319721264309,2609
2023-11-14T14:00:00Z,GAS,SIMPLE CYCLE,216.50481434949572,959
2023-11-14T14:00:00Z,HYDRO,HYDRO,126.66728110502164,894
2023-11-14T14:00:00Z,OTHER,BIOMASS,119.07304027398428,154
2023-11-14T14:00:00Z,OTHER,DUAL FUEL,13.447944469451905,20
2023-11-14T14:00:00Z,OTHER,GAS,1.1999510526657104,10
2023-11-14T14:00:00Z,OTHER,GAS COGEN,30.197977282206217,58
2023-11-14T14:00:00Z,OTHER,OIL/GAS,42.89689359664917,53
2023-11-14T14:00:00Z,OTHER,WOOD/REFUSE,89.66581192096075,149
2023-11-14T14:00:00Z,SOLAR,SOLAR,0.5957777577473058,1420
2023-11-14T14:00:00Z,WIND,WIND,2477.4590749972394,4150
2023-11-14T15:00:00Z,COAL,COAL,797.3268769836426,820
2023-11-14T15:00:00Z,DUAL FUEL,DUAL FUEL,465.2672704739041,466
2023-11-14T15:00:00Z,ENERGY STORAGE,ENERGY STORAGE,-6.6666920979817e-4,130
2023-11-14T15:00:00Z,GAS,COGENERATION,4235.288456067509,5235
2023-11-14T15:00:00Z,GAS,COMBINED CYCLE,1596.3600316439733,3010
2023-11-14T15:00:00Z,GAS,GAS FIRED STEAM,974.254449242486,2609
2023-11-14T15:00:00Z,GAS,SIMPLE CYCLE,185.70343448039557,959
2023-11-14T15:00:00Z,HYDRO,HYDRO,88.95705998851193,894
2023-11-14T15:00:00Z,OTHER,BIOMASS,106.65925104406145,154
2023-11-14T15:00:00Z,OTHER,DUAL FUEL,13.30800017038981,20
2023-11-14T15:00:00Z,OTHER,GAS,1.0069518252213796,10
2023-11-14T15:00:00Z,OTHER,GAS COGEN,20.798973933325872,58
2023-11-14T15:00:00Z,OTHER,OIL/GAS,42.45591548919678,53
2023-11-14T15:00:00Z,OTHER,WOOD/REFUSE,87.01726584513983,149
2023-11-14T15:00:00Z,SOLAR,SOLAR,179.64750184829037,1420
2023-11-14T15:00:00Z,WIND,WIND,2553.906132054726,4150
2023-11-14T16:00:00Z,COAL,COAL,796.9350994533963,820
2023-11-14T16:00:00Z,DUAL FUEL,DUAL FUEL,465.3756607733832,466
2023-11-14T16:00:00Z,ENERGY STORAGE,ENERGY STORAGE,-0.5279998800489638,130
2023-11-14T16:00:00Z,GAS,COGENERATION,4103.094200747278,5235
2023-11-14T16:00:00Z,GAS,COMBINED CYCLE,1543.4611682224274,3010
2023-11-14T16:00:00Z,GAS,GAS FIRED STEAM,596.0063994375864,2609
2023-11-14T16:00:00Z,GAS,SIMPLE CYCLE,124.75273204922676,959
2023-11-14T16:00:00Z,HYDRO,HYDRO,127.20885763413376,894
2023-11-14T16:00:00Z,OTHER,BIOMASS,105.83983521461487,154
2023-11-14T16:00:00Z,OTHER,DUAL FUEL,13.300666855706108,20
2023-11-14T16:00:00Z,OTHER,GAS,0.8999509811401367,10
2023-11-14T16:00:00Z,OTHER,GAS COGEN,20.81411837365892,58
2023-11-14T16:00:00Z,OTHER,OIL/GAS,42.61426601409912,53
2023-11-14T16:00:00Z,OTHER,WOOD/REFUSE,82.50903303861618,149
2023-11-14T16:00:00Z,SOLAR,SOLAR,669.3958769659201,1420
2023-11-14T16:00:00Z,WIND,WIND,2566.628274700774,4150
2023-11-14T17:00:00Z,COAL,COAL,797.9243794080946,820
2023-11-14T17:00:00Z,DUAL FUEL,DUAL FUEL,465.3090489874946,466
2023-11-14T17:00:00Z,ENERGY STORAGE,ENERGY STORAGE,-0.18233329084184435,130
2023-11-14T17:00:00Z,GAS,COGENERATION,4160.0847991847995,5235
2023-11-14T17:00:00Z,GAS,COMBINED CYCLE,1582.6276154386996,3010
2023-11-14T17:00:00Z,GAS,GAS FIRED STEAM,593.6413795079126,2609
2023-11-14T17:00:00Z,GAS,SIMPLE CYCLE,88.57864872290028,959
2023-11-14T17:00:00Z,HYDRO,HYDRO,133.71905911505223,894
2023-11-14T17:00:00Z,OTHER,BIOMASS,105.59886998547448,154
2023-11-14T17:00:00Z,OTHER,DUAL FUEL,11.336722249454922,20
2023-11-14T17:00:00Z,OTHER,GAS,0.8999509811401367,10
2023-11-14T17:00:00Z,OTHER,GAS COGEN,20.663163137435912,58
2023-11-14T17:00:00Z,OTHER,OIL/GAS,43.132804222106934,53
2023-11-14T17:00:00Z,OTHER,WOOD/REFUSE,82.40167807790968,149
2023-11-14T17:00:00Z,SOLAR,SOLAR,779.978449610836,1420
2023-11-14T17:00:00Z,WIND,WIND,2555.656876217723,4150
2023-11-14T18:00:00Z,COAL,COAL,798.5575994873046,820
2023-11-14T18:00:00Z,DUAL FUEL,DUAL FUEL,465.2467149861654,466
2023-11-14T18:00:00Z,ENERGY STORAGE,ENERGY STORAGE,0.00322223451402452,130
2023-11-14T18:00:00Z,GAS,COGENERATION,4170.945555486481,5235
2023-11-14T18:00:00Z,GAS,COMBINED CYCLE,1563.5747615676455,3010
2023-11-14T18:00:00Z,GAS,GAS FIRED STEAM,651.9331842750973,2609
2023-11-14T18:00:00Z,GAS,SIMPLE CYCLE,95.94723487297694,959
2023-11-14T18:00:00Z,HYDRO,HYDRO,138.93151588744587,894
2023-11-14T18:00:00Z,OTHER,BIOMASS,106.59432471275329,154
2023-11-14T18:00:00Z,OTHER,DUAL FUEL,10.998499999046324,20
2023-11-14T18:00:00Z,OTHER,GAS,1.1971177186568578,10
2023-11-14T18:00:00Z,OTHER,GAS COGEN,20.64898900879754,58
2023-11-14T18:00:00Z,OTHER,OIL/GAS,42.818349583943686,53
2023-11-14T18:00:00Z,OTHER,WOOD/REFUSE,82.12266566488478,149
2023-11-14T18:00:00Z,SOLAR,SOLAR,743.1328201669455,1420
2023-11-14T18:00:00Z,WIND,WIND,2544.163012314704,4150
2023-11-14T19:00:00Z,COAL,COAL,799.2433754984538,820
2023-11-14T19:00:00Z,DUAL FUEL,DUAL FUEL,465.2517159016927,466
2023-11-14T19:00:00Z,ENERGY STORAGE,ENERGY STORAGE,0.00122222688462999,130
2023-11-14T19:00:00Z,GAS,COGENERATION,4116.950246358712,5235
2023-11-14T19:00:00Z,GAS,COMBINED CYCLE,1548.1981528944439,3010
2023-11-14T19:00:00Z,GAS,GAS FIRED STEAM,773.718158443239,2609
2023-11-14T19:00:00Z,GAS,SIMPLE CYCLE,95.6007840352257,959
2023-11-14T19:00:00Z,HYDRO,HYDRO,107.61561026142704,894
2023-11-14T19:00:00Z,OTHER,BIOMASS,107.2595259226693,154
2023-11-14T19:00:00Z,OTHER,DUAL FUEL,11,20
2023-11-14T19:00:00Z,OTHER,GAS,1.1999510526657104,10
2023-11-14T19:00:00Z,OTHER,GAS COGEN,20.634441854688855,58
2023-11-14T19:00:00Z,OTHER,OIL/GAS,42.498232701619465,53
2023-11-14T19:00:00Z,OTHER,WOOD/REFUSE,82.14372830814784,149
2023-11-14T19:00:00Z,SOLAR,SOLAR,734.7145152744982,1420
2023-11-14T19:00:00Z,WIND,WIND,2571.0617465032474,4150
2023-11-14T20:00:00Z,COAL,COAL,798.9649900309245,820
2023-11-14T20:00:00Z,DUAL FUEL,DUAL FUEL,465.3852160305447,466
2023-11-14T20:00:00Z,ENERGY STORAGE,ENERGY STORAGE,0.01055558840433755,130
2023-11-14T20:00:00Z,GAS,COGENERATION,4138.899583390289,5235
2023-11-14T20:00:00Z,GAS,COMBINED CYCLE,1569.6349275652567,3010
2023-11-14T20:00:00Z,GAS,GAS FIRED STEAM,815.4357531780668,2609
2023-11-14T20:00:00Z,GAS,SIMPLE CYCLE,80.10702555694513,959
2023-11-14T20:00:00Z,HYDRO,HYDRO,161.6308718158139,894
2023-11-14T20:00:00Z,OTHER,BIOMASS,108.55544639799331,154
2023-11-14T20:00:00Z,OTHER,DUAL FUEL,11,20
2023-11-14T20:00:00Z,OTHER,GAS,1.1999510526657104,10
2023-11-14T20:00:00Z,OTHER,GAS COGEN,20.7128103934394,58
2023-11-14T20:00:00Z,OTHER,OIL/GAS,42.81072110705905,53
2023-11-14T20:00:00Z,OTHER,WOOD/REFUSE,82.60781424919765,149
2023-11-14T20:00:00Z,SOLAR,SOLAR,647.6840720869932,1420
2023-11-14T20:00:00Z,WIND,WIND,2457.2118343392344,4150
2023-11-14T21:00:00Z,COAL,COAL,799.0407078552246,820
2023-11-14T21:00:00Z,DUAL FUEL,DUAL FUEL,465.4064928012424,466
2023-11-14T21:00:00Z,ENERGY STORAGE,ENERGY STORAGE,0.0793335151672363,130
2023-11-14T21:00:00Z,GAS,COGENERATION,4121.798177415662,5235
2023-11-14T21:00:00Z,GAS,COMBINED CYCLE,1598.2047417820825,3010
2023-11-14T21:00:00Z,GAS,GAS FIRED STEAM,695.1450318262312,2609
2023-11-14T21:00:00Z,GAS,SIMPLE CYCLE,81.91059094852871,959
2023-11-14T21:00:00Z,HYDRO,HYDRO,152.95537601252397,894
2023-11-14T21:00:00Z,OTHER,BIOMASS,109.7569392103619,154
2023-11-14T21:00:00Z,OTHER,DUAL FUEL,11,20
2023-11-14T21:00:00Z,OTHER,GAS,1.1999510526657104,10
2023-11-14T21:00:00Z,OTHER,GAS COGEN,20.74388121181064,58
2023-11-14T21:00:00Z,OTHER,OIL/GAS,43.35732129202949,53
2023-11-14T21:00:00Z,OTHER,WOOD/REFUSE,83.01094294706981,149
2023-11-14T21:00:00Z,SOLAR,SOLAR,674.887936858452,1420
2023-11-14T21:00:00Z,WIND,WIND,2402.685222901321,4150
2023-11-14T22:00:00Z,COAL,COAL,799.5179903496636,820
2023-11-14T22:00:00Z,DUAL FUEL,DUAL FUEL,465.43044040256075,466
2023-11-14T22:00:00Z,ENERGY STORAGE,ENERGY STORAGE,0.00777780267927381,130
2023-11-14T22:00:00Z,GAS,COGENERATION,4169.350428968801,5235
2023-11-14T22:00:00Z,GAS,COMBINED CYCLE,1633.4611347876655,3010
2023-11-14T22:00:00Z,GAS,GAS FIRED STEAM,719.7260866991678,2609
2023-11-14T22:00:00Z,GAS,SIMPLE CYCLE,157.97538721574676,959
2023-11-14T22:00:00Z,HYDRO,HYDRO,209.44899936119714,894
2023-11-14T22:00:00Z,OTHER,BIOMASS,117.86427684201135,154
2023-11-14T22:00:00Z,OTHER,DUAL FUEL,11.489555455313788,20
2023-11-14T22:00:00Z,OTHER,GAS,1.1999510526657104,10
2023-11-14T22:00:00Z,OTHER,GAS COGEN,23.679799156188963,58
2023-11-14T22:00:00Z,OTHER,OIL/GAS,42.76568207422892,53
2023-11-14T22:00:00Z,OTHER,WOOD/REFUSE,85.74782121446398,149
2023-11-14T22:00:00Z,SOLAR,SOLAR,349.69493910170263,1420
2023-11-14T22:00:00Z,WIND,WIND,2074.0656000816075,4150
2023-11-14T23:00:00Z,COAL,COAL,799.3186521402995,820
2023-11-14T23:00:00Z,DUAL FUEL,DUAL FUEL,465.5328827243381,466
2023-11-14T23:00:00Z,ENERGY STORAGE,ENERGY STORAGE,0.01883339828915066,130
2023-11-14T23:00:00Z,GAS,COGENERATION,4189.858216236962,5235
2023-11-14T23:00:00Z,GAS,COMBINED CYCLE,1712.7739516936408,3010
2023-11-14T23:00:00Z,GAS,GAS FIRED STEAM,833.7769026523166,2609
2023-11-14T23:00:00Z,GAS,SIMPLE CYCLE,433.8391801577806,959
2023-11-14T23:00:00Z,HYDRO,HYDRO,175.04853885561226,894
2023-11-14T23:00:00Z,OTHER,BIOMASS,128.6168867248959,154
2023-11-14T23:00:00Z,OTHER,DUAL FUEL,12.899999618530272,20
2023-11-14T23:00:00Z,OTHER,GAS,1.1999510526657104,10
2023-11-14T23:00:00Z,OTHER,GAS COGEN,33.43890113406711,58
2023-11-14T23:00:00Z,OTHER,OIL/GAS,43.16615001042684,53
2023-11-14T23:00:00Z,OTHER,WOOD/REFUSE,95.80790170537101,149
2023-11-14T23:00:00Z,SOLAR,SOLAR,33.03877719783121,1420
2023-11-14T23:00:00Z,WIND,WIND,1798.1956617108235,4150
2023-11-15T00:00:00Z,COAL,COAL,804.878040347629,820
2023-11-15T00:00:00Z,DUAL FUEL,DUAL FUEL,465.5107721964518,466
2023-11-15T00:00:00Z,ENERGY STORAGE,ENERGY STORAGE,0.00888891537984207,130
2023-11-15T00:00:00Z,GAS,COGENERATION,4171.964674837589,5235
2023-11-15T00:00:00Z,GAS,COMBINED CYCLE,1734.7957843345405,3010
2023-11-15T00:00:00Z,GAS,GAS FIRED STEAM,812.6430095714993,2609
2023-11-15T00:00:00Z,GAS,SIMPLE CYCLE,576.8182406319844,959
2023-11-15T00:00:00Z,HYDRO,HYDRO,188.66079480364917,894
2023-11-15T00:00:00Z,OTHER,BIOMASS,127.0289972919888,154
2023-11-15T00:00:00Z,OTHER,DUAL FUEL,12.899999618530272,20
2023-11-15T00:00:00Z,OTHER,GAS,1.1999510526657104,10
2023-11-15T00:00:00Z,OTHER,GAS COGEN,33.821902355617944,58
2023-11-15T00:00:00Z,OTHER,OIL/GAS,43.24354884889391,53
2023-11-15T00:00:00Z,OTHER,WOOD/REFUSE,98.98941081258985,149
2023-11-15T00:00:00Z,SOLAR,SOLAR,1.1741665971610282,1420
2023-11-15T00:00:00Z,WIND,WIND,1776.533504059828,4150
2023-11-15T01:00:00Z,COAL,COAL,802.0390414428712,820
2023-11-15T01:00:00Z,DUAL FUEL,DUAL FUEL,465.47332829793294,466
2023-11-15T01:00:00Z,ENERGY STORAGE,ENERGY STORAGE,0.0016111135482788,130
2023-11-15T01:00:00Z,GAS,COGENERATION,4031.0867297845416,5235
2023-11-15T01:00:00Z,GAS,COMBINED CYCLE,1722.578055730396,3010
2023-11-15T01:00:00Z,GAS,GAS FIRED STEAM,744.5988358561199,2609
2023-11-15T01:00:00Z,GAS,SIMPLE CYCLE,453.1180201615062,959
2023-11-15T01:00:00Z,HYDRO,HYDRO,155.21745371787085,894
2023-11-15T01:00:00Z,OTHER,BIOMASS,123.83106451034546,154
2023-11-15T01:00:00Z,OTHER,DUAL FUEL,13.0969997437795,20
2023-11-15T01:00:00Z,OTHER,GAS,1.1999510526657104,10
2023-11-15T01:00:00Z,OTHER,GAS COGEN,30.910154904259574,58
2023-11-15T01:00:00Z,OTHER,OIL/GAS,43.07267216788398,53
2023-11-15T01:00:00Z,OTHER,WOOD/REFUSE,94.3913854212231,149
2023-11-15T01:00:00Z,SOLAR,SOLAR,0.02361110972033606,1420
2023-11-15T01:00:00Z,WIND,WIND,1954.3367714337508,4150
2023-11-15T02:00:00Z,COAL,COAL,801.3027068752713,820
2023-11-15T02:00:00Z,DUAL FUEL,DUAL FUEL,465.593549279107,466
2023-11-15T02:00:00Z,ENERGY STORAGE,ENERGY STORAGE,-0.09766666412353515,130
2023-11-15T02:00:00Z,GAS,COGENERATION,4013.785527561638,5235
2023-11-15T02:00:00Z,GAS,COMBINED CYCLE,1700.6862241888048,3010
2023-11-15T02:00:00Z,GAS,GAS FIRED STEAM,666.2355608770582,2609
2023-11-15T02:00:00Z,GAS,SIMPLE CYCLE,418.2240854203535,959
2023-11-15T02:00:00Z,HYDRO,HYDRO,128.0888407616483,894
2023-11-15T02:00:00Z,OTHER,BIOMASS,112.44082459025913,154
2023-11-15T02:00:00Z,OTHER,DUAL FUEL,13.199166475401984,20
2023-11-15T02:00:00Z,OTHER,GAS,1.2990065137545268,10
2023-11-15T02:00:00Z,OTHER,GAS COGEN,23.920946594874064,58
2023-11-15T02:00:00Z,OTHER,OIL/GAS,43.3736487642924,53
2023-11-15T02:00:00Z,OTHER,WOOD/REFUSE,84.3174458999104,149
2023-11-15T02:00:00Z,SOLAR,SOLAR,0,1420
2023-11-15T02:00:00Z,WIND,WIND,2104.8793734984597,4150
2023-11-15T03:00:00Z,COAL,COAL,800.2313757324218,820
2023-11-15T03:00:00Z,DUAL FUEL,DUAL FUEL,465.569272664388,466
2023-11-15T03:00:00Z,ENERGY STORAGE,ENERGY STORAGE,-0.7062221670150757,130
2023-11-15T03:00:00Z,GAS,COGENERATION,4013.8425350568027,5235
2023-11-15T03:00:00Z,GAS,COMBINED CYCLE,1713.2320421605639,3010
2023-11-15T03:00:00Z,GAS,GAS FIRED STEAM,654.1770639334784,2609
2023-11-15T03:00:00Z,GAS,SIMPLE CYCLE,320.92397458238736,959
2023-11-15T03:00:00Z,HYDRO,HYDRO,169.2790802939733,894
2023-11-15T03:00:00Z,OTHER,BIOMASS,110.57629304409028,154
2023-11-15T03:00:00Z,OTHER,DUAL FUEL,13.155333114200168,20
2023-11-15T03:00:00Z,OTHER,GAS,1.2999509572982788,10
2023-11-15T03:00:00Z,OTHER,GAS COGEN,22.06006462203132,58
2023-11-15T03:00:00Z,OTHER,OIL/GAS,43.230960523817274,53
2023-11-15T03:00:00Z,OTHER,WOOD/REFUSE,85.37323462698194,149
2023-11-15T03:00:00Z,SOLAR,SOLAR,0,1420
2023-11-15T03:00:00Z,WIND,WIND,2229.2122967726655,4150
2023-11-15T04:00:00Z,COAL,COAL,800.8094330003528,820
2023-11-15T04:00:00Z,DUAL FUEL,DUAL FUEL,465.51449349297417,466
2023-11-15T04:00:00Z,ENERGY STORAGE,ENERGY STORAGE,-0.08566675980885824,130
2023-11-15T04:00:00Z,GAS,COGENERATION,4013.4484368782573,5235
2023-11-15T04:00:00Z,GAS,COMBINED CYCLE,1699.6254066705703,3010
2023-11-15T04:00:00Z,GAS,GAS FIRED STEAM,659.1317891756694,2609
2023-11-15T04:00:00Z,GAS,SIMPLE CYCLE,345.32728501929176,959
2023-11-15T04:00:00Z,HYDRO,HYDRO,122.05674280862013,894
2023-11-15T04:00:00Z,OTHER,BIOMASS,110.94661189397176,154
2023-11-15T04:00:00Z,OTHER,DUAL FUEL,12.931499638557431,20
2023-11-15T04:00:00Z,OTHER,GAS,1.2999509572982788,10
2023-11-15T04:00:00Z,OTHER,GAS COGEN,22.58700813717312,58
2023-11-15T04:00:00Z,OTHER,OIL/GAS,43.28369916703966,53
2023-11-15T04:00:00Z,OTHER,WOOD/REFUSE,83.35267042756081,149
2023-11-15T04:00:00Z,SOLAR,SOLAR,0,1420
2023-11-15T04:00:00Z,WIND,WIND,2436.060281414721,4150
2023-11-15T05:00:00Z,COAL,COAL,801.3795978969997,820
2023-11-15T05:00:00Z,DUAL FUEL,DUAL FUEL,465.4750499979654,466
2023-11-15T05:00:00Z,ENERGY STORAGE,ENERGY STORAGE,-2.6964994197421603,130
2023-11-15T05:00:00Z,GAS,COGENERATION,4021.0315644664897,5235
2023-11-15T05:00:00Z,GAS,COMBINED CYCLE,1597.0925512186686,3010
2023-11-15T05:00:00Z,GAS,GAS FIRED STEAM,652.6035794279311,2609
2023-11-15T05:00:00Z,GAS,SIMPLE CYCLE,270.06408808799256,959
2023-11-15T05:00:00Z,HYDRO,HYDRO,148.62189383327961,894
2023-11-15T05:00:00Z,OTHER,BIOMASS,113.98523412121666,154
2023-11-15T05:00:00Z,OTHER,DUAL FUEL,13.039166373676723,20
2023-11-15T05:00:00Z,OTHER,GAS,1.2999509572982788,10
2023-11-15T05:00:00Z,OTHER,GAS COGEN,22.650680029127333,58
2023-11-15T05:00:00Z,OTHER,OIL/GAS,43.1536871125963,53
2023-11-15T05:00:00Z,OTHER,WOOD/REFUSE,83.79568143089612,149
2023-11-15T05:00:00Z,SOLAR,SOLAR,0,1420
2023-11-15T05:00:00Z,WIND,WIND,2603.021748388608,4150
2023-11-15T06:00:00Z,COAL,COAL,801.4389867655436,820
2023-11-15T06:00:00Z,DUAL FUEL,DUAL FUEL,465.39549477471246,466
2023-11-15T06:00:00Z,ENERGY STORAGE,ENERGY STORAGE,-6.2028321997324625,130
2023-11-15T06:00:00Z,GAS,COGENERATION,4006.3560338681273,5235
2023-11-15T06:00:00Z,GAS,COMBINED CYCLE,1597.225166862276,3010
2023-11-15T06:00:00Z,GAS,GAS FIRED STEAM,653.1691466776531,2609
2023-11-15T06:00:00Z,GAS,SIMPLE CYCLE,176.99674704973896,959
2023-11-15T06:00:00Z,HYDRO,HYDRO,105.69663907160361,894
2023-11-15T06:00:00Z,OTHER,BIOMASS,110.9700950214598,154
2023-11-15T06:00:00Z,OTHER,DUAL FUEL,12.909166291024947,20
2023-11-15T06:00:00Z,OTHER,GAS,1.2999509572982788,10
2023-11-15T06:00:00Z,OTHER,GAS COGEN,25.91652037408617,58
2023-11-15T06:00:00Z,OTHER,OIL/GAS,43.35234910329183,53
2023-11-15T06:00:00Z,OTHER,WOOD/REFUSE,83.89153492318259,149
2023-11-15T06:00:00Z,SOLAR,SOLAR,0,1420
2023-11-15T06:00:00Z,WIND,WIND,2680.02186555571,4150
2023-11-15T07:00:00Z,COAL,COAL,799.6448193020291,820
2023-11-15T07:00:00Z,DUAL FUEL,DUAL FUEL,465.5023283894857,466
2023-11-15T07:00:00Z,ENERGY STORAGE,ENERGY STORAGE,-6.2817769453260635,130
2023-11-15T07:00:00Z,GAS,COGENERATION,4007.468306628002,5235
2023-11-15T07:00:00Z,GAS,COMBINED CYCLE,1586.672438149452,3010
2023-11-15T07:00:00Z,GAS,GAS FIRED STEAM,757.1168687290616,2609
2023-11-15T07:00:00Z,GAS,SIMPLE CYCLE,125.91189658933214,959
2023-11-15T07:00:00Z,HYDRO,HYDRO,90.16501607325343,894
2023-11-15T07:00:00Z,OTHER,BIOMASS,107.4673130607605,154
2023-11-15T07:00:00Z,OTHER,DUAL FUEL,11.70377776198917,20
2023-11-15T07:00:00Z,OTHER,GAS,1.2999509572982788,10
2023-11-15T07:00:00Z,OTHER,GAS COGEN,20.995696765051942,58
2023-11-15T07:00:00Z,OTHER,OIL/GAS,43.67357142130534,53
2023-11-15T07:00:00Z,OTHER,WOOD/REFUSE,79.58015454424752,149
2023-11-15T07:00:00Z,SOLAR,SOLAR,0.08991829620467293,1420
2023-11-15T07:00:00Z,WIND,WIND,2648.6644926026133,4348
2023-11-15T08:00:00Z,COAL,COAL,800.48110104031025,820
2023-11-15T08:00:00Z,DUAL FUEL,DUAL FUEL,465.5023268466526,466
2023-11-15T08:00:00Z,ENERGY STORAGE,ENERGY STORAGE,-6.666943203078376,130
2023-11-15T08:00:00Z,GAS,COGENERATION,4009.2570273310607,5235
2023-11-15T08:00:00Z,GAS,COMBINED CYCLE,1588.091978978581,3010
2023-11-15T08:00:00Z,GAS,GAS FIRED STEAM,739.0124058267805,2609
2023-11-15T08:00:00Z,GAS,SIMPLE CYCLE,90.1011516513427,959
2023-11-15T08:00:00Z,HYDRO,HYDRO,90.17194258054097,894
2023-11-15T08:00:00Z,OTHER,BIOMASS,107.8165036561754,154
2023-11-15T08:00:00Z,OTHER,DUAL FUEL,11,20
2023-11-15T08:00:00Z,OTHER,GAS,1.2999509572982788,10
2023-11-15T08:00:00Z,OTHER,GAS COGEN,20.932472124099732,58
2023-11-15T08:00:00Z,OTHER,OIL/GAS,43.16537640889486,53
2023-11-15T08:00:00Z,OTHER,WOOD/REFUSE,79.69217838658227,149
2023-11-15T08:00:00Z,SOLAR,SOLAR,0.4561292540695932,1420
2023-11-15T08:00:00Z,WIND,WIND,2574.974669010904,4348
2023-11-15T09:00:00Z,COAL,COAL,800.1496525065104,820
2023-11-15T09:00:00Z,DUAL FUEL,DUAL FUEL,465.4732169087728,466
2023-11-15T09:00:00Z,ENERGY STORAGE,ENERGY STORAGE,-4.4543878459930415,130
2023-11-15T09:00:00Z,GAS,COGENERATION,4008.2482952530518,5235
2023-11-15T09:00:00Z,GAS,COMBINED CYCLE,1595.7925057840348,3010
2023-11-15T09:00:00Z,GAS,GAS FIRED STEAM,646.125580303404,2609
2023-11-15T09:00:00Z,GAS,SIMPLE CYCLE,79.75821152846018,959
2023-11-15T09:00:00Z,HYDRO,HYDRO,110.56007398035791,894
2023-11-15T09:00:00Z,OTHER,BIOMASS,108.42345781432257,154
2023-11-15T09:00:00Z,OTHER,DUAL FUEL,11,20
2023-11-15T09:00:00Z,OTHER,GAS,1.2508954485257466,10
2023-11-15T09:00:00Z,OTHER,GAS COGEN,20.944967919455635,58
2023-11-15T09:00:00Z,OTHER,OIL/GAS,43.11204903920491,53
2023-11-15T09:00:00Z,OTHER,WOOD/REFUSE,79.805371530056,149
2023-11-15T09:00:00Z,SOLAR,SOLAR,0.4561214819550514,1420
2023-11-15T09:00:00Z,WIND,WIND,2499.4928944387702,4348
2023-11-15T10:00:00Z,COAL,COAL,801.2809894985623,820
2023-11-15T10:00:00Z,DUAL FUEL,DUAL FUEL,465.26671751234267,466
2023-11-15T10:00:00Z,ENERGY STORAGE,ENERGY STORAGE,-0.5782776514689127,130
2023-11-15T10:00:00Z,GAS,COGENERATION,4005.592436599202,5235
2023-11-15T10:00:00Z,GAS,COMBINED CYCLE,1590.2266387621562,3010
2023-11-15T10:00:00Z,GAS,GAS FIRED STEAM,622.2313680977292,2609
2023-11-15T10:00:00Z,GAS,SIMPLE CYCLE,72.29880642938117,959
2023-11-15T10:00:00Z,HYDRO,HYDRO,91.8568121394184,894
2023-11-15T10:00:00Z,OTHER,BIOMASS,107.9079282617569,154
2023-11-15T10:00:00Z,OTHER,DUAL FUEL,10.99983333322737,20
2023-11-15T10:00:00Z,OTHER,GAS,1.1999510526657104,10
2023-11-15T10:00:00Z,OTHER,GAS COGEN,20.754810315238103,58
2023-11-15T10:00:00Z,OTHER,OIL/GAS,44.19649900648329,53
2023-11-15T10:00:00Z,OTHER,WOOD/REFUSE,80.25376379648844,149
2023-11-15T10:00:00Z,SOLAR,SOLAR,0.17349148549967341,1420
2023-11-15T10:00:00Z,WIND,WIND,2516.2334046608544,4348
2023-11-15T11:00:00Z,COAL,COAL,800.3662669203017,820
2023-11-15T11:00:00Z,DUAL FUEL,DUAL FUEL,465.32910522460935,466
2023-11-15T11:00:00Z,ENERGY STORAGE,ENERGY STORAGE,3.8889037238226e-4,130
2023-11-15T11:00:00Z,GAS,COGENERATION,4012.0008907752567,5235
2023-11-15T11:00:00Z,GAS,COMBINED CYCLE,1595.6625675492817,3010
2023-11-15T11:00:00Z,GAS,GAS FIRED STEAM,678.2306171264913,2609
2023-11-15T11:00:00Z,GAS,SIMPLE CYCLE,118.2145742808448,959
2023-11-15T11:00:00Z,HYDRO,HYDRO,113.82576017823484,894
2023-11-15T11:00:00Z,OTHER,BIOMASS,106.44674887922075,154
2023-11-15T11:00:00Z,OTHER,DUAL FUEL,11,20
2023-11-15T11:00:00Z,OTHER,GAS,1.1999510526657104,10
2023-11-15T11:00:00Z,OTHER,GAS COGEN,20.778272353278265,58
2023-11-15T11:00:00Z,OTHER,OIL/GAS,43.67390984429254,53
2023-11-15T11:00:00Z,OTHER,WOOD/REFUSE,82.42904497067134,149
2023-11-15T11:00:00Z,SOLAR,SOLAR,0.00115739795896742,1420
2023-11-15T11:00:00Z,WIND,WIND,2404.4852489425243,4348
2023-11-15T12:00:00Z,COAL,COAL,800.8611011589896,820
2023-11-15T12:00:00Z,DUAL FUEL,DUAL FUEL,465.2901042175293,466
2023-11-15T12:00:00Z,ENERGY STORAGE,ENERGY STORAGE,0.00188889344533284,130
2023-11-15T12:00:00Z,GAS,COGENERATION,4006.748030934466,5235
2023-11-15T12:00:00Z,GAS,COMBINED CYCLE,1461.0549550623364,3010
2023-11-15T12:00:00Z,GAS,GAS FIRED STEAM,800.7693089943463,2609
2023-11-15T12:00:00Z,GAS,SIMPLE CYCLE,112.27279689384831,959
2023-11-15T12:00:00Z,HYDRO,HYDRO,103.9946446116103,894
2023-11-15T12:00:00Z,OTHER,BIOMASS,107.25139501518673,154
2023-11-15T12:00:00Z,OTHER,DUAL FUEL,10.99966666645474,20
2023-11-15T12:00:00Z,OTHER,GAS,1.1999510526657104,10
2023-11-15T12:00:00Z,OTHER,GAS COGEN,20.808672295676335,58
2023-11-15T12:00:00Z,OTHER,OIL/GAS,43.29046504974365,53
2023-11-15T12:00:00Z,OTHER,WOOD/REFUSE,82.84468871778913,149
2023-11-15T12:00:00Z,SOLAR,SOLAR,0,1420
2023-11-15T12:00:00Z,WIND,WIND,2205.2271177435914,4348
2023-11-15T13:00:00Z,COAL,COAL,800.1662058342827,820
2023-11-15T13:00:00Z,DUAL FUEL,DUAL FUEL,465.3194944763184,466
2023-11-15T13:00:00Z,ENERGY STORAGE,ENERGY STORAGE,0.01127781762017144,130
2023-11-15T13:00:00Z,GAS,COGENERATION,4028.353472439978,5235
2023-11-15T13:00:00Z,GAS,COMBINED CYCLE,1474.5822616275152,3010
2023-11-15T13:00:00Z,GAS,GAS FIRED STEAM,940.6122260220845,2609
2023-11-15T13:00:00Z,GAS,SIMPLE CYCLE,155.62264777084192,959
2023-11-15T13:00:00Z,HYDRO,HYDRO,134.983483764463,894
2023-11-15T13:00:00Z,OTHER,BIOMASS,111.92266318003337,154
2023-11-15T13:00:00Z,OTHER,DUAL FUEL,11,20
2023-11-15T13:00:00Z,OTHER,GAS,1.1999510526657104,10
2023-11-15T13:00:00Z,OTHER,GAS COGEN,24.172351984447904,58
2023-11-15T13:00:00Z,OTHER,OIL/GAS,43.65368186950683,53
2023-11-15T13:00:00Z,OTHER,WOOD/REFUSE,85.66262417581346,149
2023-11-15T13:00:00Z,SOLAR,SOLAR,0,1420
2023-11-15T13:00:00Z,WIND,WIND,1864.0223835040463,4348
2023-11-15T14:00:00Z,COAL,COAL,814.7167114257813,820
2023-11-15T14:00:00Z,DUAL FUEL,DUAL FUEL,465.8540487331814,466
2023-11-15T14:00:00Z,ENERGY STORAGE,ENERGY STORAGE,0.014388941129048649,130
2023-11-15T14:00:00Z,GAS,COGENERATION,4056.9241099940405,5235
2023-11-15T14:00:00Z,GAS,COMBINED CYCLE,1645.264522585869,3010
2023-11-15T14:00:00Z,GAS,GAS FIRED STEAM,1197.0550399780273,2609
2023-11-15T14:00:00Z,GAS,SIMPLE CYCLE,338.3382555823773,959
2023-11-15T14:00:00Z,HYDRO,HYDRO,194.4492143784629,894
2023-11-15T14:00:00Z,OTHER,BIOMASS,117.13415906058417,154
2023-11-15T14:00:00Z,OTHER,DUAL FUEL,10.99983333322737,20
2023-11-15T14:00:00Z,OTHER,GAS,1.1999510526657104,10
2023-11-15T14:00:00Z,OTHER,GAS COGEN,29.860781359142727,58
2023-11-15T14:00:00Z,OTHER,OIL/GAS,43.99379973517524,53
2023-11-15T14:00:00Z,OTHER,WOOD/REFUSE,87.66516298770905,149
2023-11-15T14:00:00Z,SOLAR,SOLAR,-0.36958902885516487,1420
2023-11-15T14:00:00Z,WIND,WIND,1273.3661480324135,4348
2023-11-15T15:00:00Z,COAL,COAL,813.8336539713541,820
2023-11-15T15:00:00Z,DUAL FUEL,DUAL FUEL,465.7103839111328,466
2023-11-15T15:00:00Z,ENERGY STORAGE,ENERGY STORAGE,2.777788374159e-4,130
2023-11-15T15:00:00Z,GAS,COGENERATION,4073.8135643455716,5235
2023-11-15T15:00:00Z,GAS,COMBINED CYCLE,1685.581307243241,3010
2023-11-15T15:00:00Z,GAS,GAS FIRED STEAM,1388.718409415351,2609
2023-11-15T15:00:00Z,GAS,SIMPLE CYCLE,394.3669141832987,959
2023-11-15T15:00:00Z,HYDRO,HYDRO,195.0512251332071,894
2023-11-15T15:00:00Z,OTHER,BIOMASS,122.72587578031752,154
2023-11-15T15:00:00Z,OTHER,DUAL FUEL,11.90627777364519,20
2023-11-15T15:00:00Z,OTHER,GAS,1.1999510526657104,10
2023-11-15T15:00:00Z,OTHER,GAS COGEN,34.0173195054796,58
2023-11-15T15:00:00Z,OTHER,OIL/GAS,43.016449002159966,53
2023-11-15T15:00:00Z,OTHER,WOOD/REFUSE,94.47992314285702,149
2023-11-15T15:00:00Z,SOLAR,SOLAR,46.617726629094946,1420
2023-11-15T15:00:00Z,WIND,WIND,857.0760129387097,4348
2023-11-15T16:00:00Z,COAL,COAL,815.2780881245931,820
2023-11-15T16:00:00Z,DUAL FUEL,DUAL FUEL,465.68989568074545,466
2023-11-15T16:00:00Z,ENERGY STORAGE,ENERGY STORAGE,-0.006222245428297251,130
2023-11-15T16:00:00Z,GAS,COGENERATION,4072.3878444751103,5235
2023-11-15T16:00:00Z,GAS,COMBINED CYCLE,1713.3276636256112,3010
2023-11-15T16:00:00Z,GAS,GAS FIRED STEAM,1479.150417912801,2609
2023-11-15T16:00:00Z,GAS,SIMPLE CYCLE,396.15737470290725,959
2023-11-15T16:00:00Z,HYDRO,HYDRO,217.24266654107308,894
2023-11-15T16:00:00Z,OTHER,BIOMASS,124.89179497824775,154
2023-11-15T16:00:00Z,OTHER,DUAL FUEL,13.5,20
2023-11-15T16:00:00Z,OTHER,GAS,1.1999510526657104,10
2023-11-15T16:00:00Z,OTHER,GAS COGEN,33.93786909103394,58
2023-11-15T16:00:00Z,OTHER,OIL/GAS,43.28943216323852,53
2023-11-15T16:00:00Z,OTHER,WOOD/REFUSE,96.09203820466995,149
2023-11-15T16:00:00Z,SOLAR,SOLAR,124.29488045483828,1420
2023-11-15T16:00:00Z,WIND,WIND,593.3968362684548,4348
2023-11-15T17:00:00Z,COAL,COAL,814.357376522488,820
2023-11-15T17:00:00Z,DUAL FUEL,DUAL FUEL,465.607939046224,466
2023-11-15T17:00:00Z,ENERGY STORAGE,ENERGY STORAGE,0.02427779144710961,130
2023-11-15T17:00:00Z,GAS,COGENERATION,4084.1005747122235,5235
2023-11-15T17:00:00Z,GAS,COMBINED CYCLE,1672.36469420539,3010
2023-11-15T17:00:00Z,GAS,GAS FIRED STEAM,1437.7121398968166,2609
2023-11-15T17:00:00Z,GAS,SIMPLE CYCLE,420.06173740118743,959
2023-11-15T17:00:00Z,HYDRO,HYDRO,184.73130925887162,894
2023-11-15T17:00:00Z,OTHER,BIOMASS,122.14527523729537,154
2023-11-15T17:00:00Z,OTHER,DUAL FUEL,13.259333180321589,20
2023-11-15T17:00:00Z,OTHER,GAS,1.1999510526657104,10
2023-11-15T17:00:00Z,OTHER,GAS COGEN,33.911870532565644,58
2023-11-15T17:00:00Z,OTHER,OIL/GAS,42.53154366387261,53
2023-11-15T17:00:00Z,OTHER,WOOD/REFUSE,94.85396208869086,149
2023-11-15T17:00:00Z,SOLAR,SOLAR,156.5462686476277,1420
2023-11-15T17:00:00Z,WIND,WIND,448.3284262881221,4348
2023-11-15T18:00:00Z,COAL,COAL,814.5899885728625,820
2023-11-15T18:00:00Z,DUAL FUEL,DUAL FUEL,465.8301594034831,466
2023-11-15T18:00:00Z,ENERGY STORAGE,ENERGY STORAGE,0,130
2023-11-15T18:00:00Z,GAS,COGENERATION,4089.94218079461,5235
2023-11-15T18:00:00Z,GAS,COMBINED CYCLE,1709.3444779491424,3010
2023-11-15T18:00:00Z,GAS,GAS FIRED STEAM,1318.505099398295,2609
2023-11-15T18:00:00Z,GAS,SIMPLE CYCLE,426.4123251228862,959
2023-11-15T18:00:00Z,HYDRO,HYDRO,171.76681334773698,894
2023-11-15T18:00:00Z,OTHER,BIOMASS,119.43620251841016,154
2023-11-15T18:00:00Z,OTHER,DUAL FUEL,13.199999809265137,20
2023-11-15T18:00:00Z,OTHER,GAS,1.1999510526657104,10
2023-11-15T18:00:00Z,OTHER,GAS COGEN,33.90086739857991,58
2023-11-15T18:00:00Z,OTHER,OIL/GAS,43.45063229878743,53
2023-11-15T18:00:00Z,OTHER,WOOD/REFUSE,95.66093983067407,149
2023-11-15T18:00:00Z,SOLAR,SOLAR,203.30464982926844,1420
2023-11-15T18:00:00Z,WIND,WIND,506.4256669434243,4348
2023-11-15T19:00:00Z,COAL,COAL,814.1941521199544,820
2023-11-15T19:00:00Z,DUAL FUEL,DUAL FUEL,465.80815965440536,466
2023-11-15T19:00:00Z,ENERGY STORAGE,ENERGY STORAGE,0.00422223779890272,130
2023-11-15T19:00:00Z,GAS,COGENERATION,4089.141920616362,5235
2023-11-15T19:00:00Z,GAS,COMBINED CYCLE,1698.389554064009,3010
2023-11-15T19:00:00Z,GAS,GAS FIRED STEAM,1234.5721985965304,2609
2023-11-15T19:00:00Z,GAS,SIMPLE CYCLE,424.95540349317923,959
2023-11-15T19:00:00Z,HYDRO,HYDRO,179.4548345316781,894
2023-11-15T19:00:00Z,OTHER,BIOMASS,121.94131230990092,154
2023-11-15T19:00:00Z,OTHER,DUAL FUEL,13.199999809265137,20
2023-11-15T19:00:00Z,OTHER,GAS,1.1999510526657104,10
2023-11-15T19:00:00Z,OTHER,GAS COGEN,33.86222385406494,58
2023-11-15T19:00:00Z,OTHER,OIL/GAS,42.70509917153253,53
2023-11-15T19:00:00Z,OTHER,WOOD/REFUSE,94.82451881329219,149
2023-11-15T19:00:00Z,SOLAR,SOLAR,191.63529464615715,1420
2023-11-15T19:00:00Z,WIND,WIND,678.2761584634375,4348
2023-11-15T20:00:00Z,COAL,COAL,816.0281531948513,820
2023-11-15T20:00:00Z,DUAL FUEL,DUAL FUEL,465.784771762424,466
2023-11-15T20:00:00Z,ENERGY STORAGE,ENERGY STORAGE,-0.00105555958218044,130
2023-11-15T20:00:00Z,GAS,COGENERATION,4068.7930083515907,5235
2023-11-15T20:00:00Z,GAS,COMBINED CYCLE,1648.649177026219,3010
2023-11-15T20:00:00Z,GAS,GAS FIRED STEAM,1229.8429760360716,2609
2023-11-15T20:00:00Z,GAS,SIMPLE CYCLE,416.4202910944488,959
2023-11-15T20:00:00Z,HYDRO,HYDRO,151.65006884369586,894
2023-11-15T20:00:00Z,OTHER,BIOMASS,114.1452541118198,154
2023-11-15T20:00:00Z,OTHER,DUAL FUEL,13.199999809265137,20
2023-11-15T20:00:00Z,OTHER,GAS,1.1999510526657104,10
2023-11-15T20:00:00Z,OTHER,GAS COGEN,27.437334380679665,58
2023-11-15T20:00:00Z,OTHER,OIL/GAS,43.42382654825846,53
2023-11-15T20:00:00Z,OTHER,WOOD/REFUSE,87.9924424987369,149
2023-11-15T20:00:00Z,SOLAR,SOLAR,108.96915760288636,1420
2023-11-15T20:00:00Z,WIND,WIND,887.9215323617889,4348
2023-11-15T21:00:00Z,COAL,COAL,813.7344314405652,820
2023-11-15T21:00:00Z,DUAL FUEL,DUAL FUEL,465.7334936523437,466
2023-11-15T21:00:00Z,ENERGY STORAGE,ENERGY STORAGE,-0.0013888931274414014,130
2023-11-15T21:00:00Z,GAS,COGENERATION,4095.9209162028633,5235
2023-11-15T21:00:00Z,GAS,COMBINED CYCLE,1750.2174121363958,3010
2023-11-15T21:00:00Z,GAS,GAS FIRED STEAM,1265.211404355367,2609
2023-11-15T21:00:00Z,GAS,SIMPLE CYCLE,420.94904634343254,959
2023-11-15T21:00:00Z,HYDRO,HYDRO,211.33745583958094,894
2023-11-15T21:00:00Z,OTHER,BIOMASS,122.3355135260688,154
2023-11-15T21:00:00Z,OTHER,DUAL FUEL,13.199999809265137,20
2023-11-15T21:00:00Z,OTHER,GAS,1.4610621335109075,10
2023-11-15T21:00:00Z,OTHER,GAS COGEN,33.700936781565346,58
2023-11-15T21:00:00Z,OTHER,OIL/GAS,43.48883337656657,53
2023-11-15T21:00:00Z,OTHER,WOOD/REFUSE,95.43144845167795,149
2023-11-15T21:00:00Z,SOLAR,SOLAR,56.04675032272935,1420
2023-11-15T21:00:00Z,WIND,WIND,837.1221738741092,4348
2023-11-15T22:00:00Z,COAL,COAL,815.589153374566,820
2023-11-15T22:00:00Z,DUAL FUEL,DUAL FUEL,465.9010481601291,466
2023-11-15T22:00:00Z,ENERGY STORAGE,ENERGY STORAGE,0.02000006251864963,130
2023-11-15T22:00:00Z,GAS,COGENERATION,4073.8148577038446,5235
2023-11-15T22:00:00Z,GAS,COMBINED CYCLE,1673.6727929957706,3010
2023-11-15T22:00:00Z,GAS,GAS FIRED STEAM,1212.6179248936971,2609
2023-11-15T22:00:00Z,GAS,SIMPLE CYCLE,412.7475002960364,959
2023-11-15T22:00:00Z,HYDRO,HYDRO,144.31909065259828,894
2023-11-15T22:00:00Z,OTHER,BIOMASS,114.39228037039439,154
2023-11-15T22:00:00Z,OTHER,DUAL FUEL,13.199999809265137,20
2023-11-15T22:00:00Z,OTHER,GAS,1.1999510526657104,10
2023-11-15T22:00:00Z,OTHER,GAS COGEN,26.30832431263394,58
2023-11-15T22:00:00Z,OTHER,OIL/GAS,43.45260509702894,53
2023-11-15T22:00:00Z,OTHER,WOOD/REFUSE,88.49009031295776,149
2023-11-15T22:00:00Z,SOLAR,SOLAR,19.338563743680716,1420
2023-11-15T22:00:00Z,WIND,WIND,1190.339606179537,4348
2023-11-15T23:00:00Z,COAL,COAL,814.4517657131619,820
2023-11-15T23:00:00Z,DUAL FUEL,DUAL FUEL,466.18643764919705,466
2023-11-15T23:00:00Z,ENERGY STORAGE,ENERGY STORAGE,-3.3333460489908e-4,130
2023-11-15T23:00:00Z,GAS,COGENERATION,4095.8110407747163,5235
2023-11-15T23:00:00Z,GAS,COMBINED CYCLE,1740.9608241478602,3010
2023-11-15T23:00:00Z,GAS,GAS FIRED STEAM,1287.4053185208638,2609
2023-11-15T23:00:00Z,GAS,SIMPLE CYCLE,460.348723890947,959
2023-11-15T23:00:00Z,HYDRO,HYDRO,281.51228804732364,894
2023-11-15T23:00:00Z,OTHER,BIOMASS,115.95991554313235,154
2023-11-15T23:00:00Z,OTHER,DUAL FUEL,13.199999809265137,20
2023-11-15T23:00:00Z,OTHER,GAS,2.040951066017151,10
2023-11-15T23:00:00Z,OTHER,GAS COGEN,29.234880160225764,58
2023-11-15T23:00:00Z,OTHER,OIL/GAS,43.09631521013048,53
2023-11-15T23:00:00Z,OTHER,WOOD/REFUSE,90.27154188050163,149
2023-11-15T23:00:00Z,SOLAR,SOLAR,0.9339444351858563,1420
2023-11-15T23:00:00Z,WIND,WIND,975.6579557350402,4348
2023-11-16T00:00:00Z,COAL,COAL,814.0483761427138,820
2023-11-16T00:00:00Z,DUAL FUEL,DUAL FUEL,466.23349400838214,466
2023-11-16T00:00:00Z,ENERGY STORAGE,ENERGY STORAGE,0.00250000953674316,130
2023-11-16T00:00:00Z,GAS,COGENERATION,4117.518067585097,5235
2023-11-16T00:00:00Z,GAS,COMBINED CYCLE,1734.5713026025562,3010
2023-11-16T00:00:00Z,GAS,GAS FIRED STEAM,1448.6812679460313,2609
2023-11-16T00:00:00Z,GAS,SIMPLE CYCLE,520.9463743310504,959
2023-11-16T00:00:00Z,HYDRO,HYDRO,264.75247086379267,894
2023-11-16T00:00:00Z,OTHER,BIOMASS,122.82347243097094,154
2023-11-16T00:00:00Z,OTHER,DUAL FUEL,13.245333171420627,20
2023-11-16T00:00:00Z,OTHER,GAS,2.2999510765075684,10
2023-11-16T00:00:00Z,OTHER,GAS COGEN,33.84103719499376,58
2023-11-16T00:00:00Z,OTHER,OIL/GAS,43.097854387495254,53
2023-11-16T00:00:00Z,OTHER,WOOD/REFUSE,97.446880502171,149
2023-11-16T00:00:00Z,SOLAR,SOLAR,0,1420
2023-11-16T00:00:00Z,WIND,WIND,870.9779935214461,4348
2023-11-16T01:00:00Z,COAL,COAL,813.7755991617839,820
2023-11-16T01:00:00Z,DUAL FUEL,DUAL FUEL,466.1474936591254,466
2023-11-16T01:00:00Z,ENERGY STORAGE,ENERGY STORAGE,-0.00150000572204589,130
2023-11-16T01:00:00Z,GAS,COGENERATION,4112.041530091497,5235
2023-11-16T01:00:00Z,GAS,COMBINED CYCLE,1722.2375239854389,3010
2023-11-16T01:00:00Z,GAS,GAS FIRED STEAM,1273.1857838906183,2609
2023-11-16T01:00:00Z,GAS,SIMPLE CYCLE,516.0861848937141,959
2023-11-16T01:00:00Z,HYDRO,HYDRO,207.197145294663,894
2023-11-16T01:00:00Z,OTHER,BIOMASS,120.1212840323978,154
2023-11-16T01:00:00Z,OTHER,DUAL FUEL,13.49683333132002,20
2023-11-16T01:00:00Z,OTHER,GAS,2.2999510765075684,10
2023-11-16T01:00:00Z,OTHER,GAS COGEN,30.945813845528495,58
2023-11-16T01:00:00Z,OTHER,OIL/GAS,42.572370770772295,53
2023-11-16T01:00:00Z,OTHER,WOOD/REFUSE,95.47763974348705,149
2023-11-16T01:00:00Z,SOLAR,SOLAR,0.5282222322954072,1420
2023-11-16T01:00:00Z,WIND,WIND,1135.275220608823,4348
2023-11-16T02:00:00Z,COAL,COAL,814.6872089131673,820
2023-11-16T02:00:00Z,DUAL FUEL,DUAL FUEL,466.2959932963053,466
2023-11-16T02:00:00Z,ENERGY STORAGE,ENERGY STORAGE,-0.12861127429538302,130
2023-11-16T02:00:00Z,GAS,COGENERATION,4063.8449135877026,5235
2023-11-16T02:00:00Z,GAS,COMBINED CYCLE,1653.1168232605191,3010
2023-11-16T02:00:00Z,GAS,GAS FIRED STEAM,1153.9581853675843,2609
2023-11-16T02:00:00Z,GAS,SIMPLE CYCLE,513.9728869437591,959
2023-11-16T02:00:00Z,HYDRO,HYDRO,171.74137994352316,894
2023-11-16T02:00:00Z,OTHER,BIOMASS,110.09115238719517,154
2023-11-16T02:00:00Z,OTHER,DUAL FUEL,13.445277802149455,20
2023-11-16T02:00:00Z,OTHER,GAS,2.2999510765075684,10
2023-11-16T02:00:00Z,OTHER,GAS COGEN,20.80919450653924,58
2023-11-16T02:00:00Z,OTHER,OIL/GAS,42.7287592124939,53
2023-11-16T02:00:00Z,OTHER,WOOD/REFUSE,83.68156787474949,149
2023-11-16T02:00:00Z,SOLAR,SOLAR,1.100000023841858,1420
2023-11-16T02:00:00Z,WIND,WIND,1263.9873079258866,4348
2023-11-16T03:00:00Z,COAL,COAL,814.6055973476834,820
2023-11-16T03:00:00Z,DUAL FUEL,DUAL FUEL,466.2858829752604,466
2023-11-16T03:00:00Z,ENERGY STORAGE,ENERGY STORAGE,-0.13266683207617866,130
2023-11-16T03:00:00Z,GAS,COGENERATION,4079.003770069546,5235
2023-11-16T03:00:00Z,GAS,COMBINED CYCLE,1734.9795477951898,3010
2023-11-16T03:00:00Z,GAS,GAS FIRED STEAM,1231.1879183281792,2609
2023-11-16T03:00:00Z,GAS,SIMPLE CYCLE,501.96216691414514,959
2023-11-16T03:00:00Z,HYDRO,HYDRO,168.8235777958234,894
2023-11-16T03:00:00Z,OTHER,BIOMASS,123.70158452404871,154
2023-11-16T03:00:00Z,OTHER,DUAL FUEL,13.322166801028782,20
2023-11-16T03:00:00Z,OTHER,GAS,2.2999510765075684,10
2023-11-16T03:00:00Z,OTHER,GAS COGEN,28.988883515463936,58
2023-11-16T03:00:00Z,OTHER,OIL/GAS,42.96435973697238,53
2023-11-16T03:00:00Z,OTHER,WOOD/REFUSE,92.68049263450834,149
2023-11-16T03:00:00Z,SOLAR,SOLAR,0.5524444564183553,1420
2023-11-16T03:00:00Z,WIND,WIND,1296.9546237606803,4348
2023-11-16T04:00:00Z,COAL,COAL,815.1900407918295,820
2023-11-16T04:00:00Z,DUAL FUEL,DUAL FUEL,466.340550994873,466
2023-11-16T04:00:00Z,ENERGY STORAGE,ENERGY STORAGE,-0.1030000967449612,130
2023-11-16T04:00:00Z,GAS,COGENERATION,4089.0575063726637,5235
2023-11-16T04:00:00Z,GAS,COMBINED CYCLE,1734.2196105013954,3010
2023-11-16T04:00:00Z,GAS,GAS FIRED STEAM,1241.2462753401862,2609
2023-11-16T04:00:00Z,GAS,SIMPLE CYCLE,450.4202055367496,959
2023-11-16T04:00:00Z,HYDRO,HYDRO,187.52308860599993,894
2023-11-16T04:00:00Z,OTHER,BIOMASS,116.40767704010011,154
2023-11-16T04:00:00Z,OTHER,DUAL FUEL,13.512666316562228,20
2023-11-16T04:00:00Z,OTHER,GAS,2.2999510765075684,10
2023-11-16T04:00:00Z,OTHER,GAS COGEN,25.29916093190511,58
2023-11-16T04:00:00Z,OTHER,OIL/GAS,43.35911592483521,53
2023-11-16T04:00:00Z,OTHER,WOOD/REFUSE,92.02866100947061,149
2023-11-16T04:00:00Z,SOLAR,SOLAR,0,1420
2023-11-16T04:00:00Z,WIND,WIND,1302.4873275803443,4348
2023-11-16T05:00:00Z,COAL,COAL,813.8783185662164,820
2023-11-16T05:00:00Z,DUAL FUEL,DUAL FUEL,466.2810495673286,466
2023-11-16T05:00:00Z,ENERGY STORAGE,ENERGY STORAGE,-0.25355555481380887,130
2023-11-16T05:00:00Z,GAS,COGENERATION,4086.041069922447,5235
2023-11-16T05:00:00Z,GAS,COMBINED CYCLE,1621.362624241511,3010
2023-11-16T05:00:00Z,GAS,GAS FIRED STEAM,1240.98254623625,2609
2023-11-16T05:00:00Z,GAS,SIMPLE CYCLE,412.4862446288268,959
2023-11-16T05:00:00Z,HYDRO,HYDRO,203.3168617562453,894
2023-11-16T05:00:00Z,OTHER,BIOMASS,120.64377616458468,154
2023-11-16T05:00:00Z,OTHER,DUAL FUEL,13.41833295027415,20
2023-11-16T05:00:00Z,OTHER,GAS,2.2999510765075684,10
2023-11-16T05:00:00Z,OTHER,GAS COGEN,30.543753017849394,58
2023-11-16T05:00:00Z,OTHER,OIL/GAS,43.366010676489935,53
2023-11-16T05:00:00Z,OTHER,WOOD/REFUSE,95.13920698245366,149
2023-11-16T05:00:00Z,SOLAR,SOLAR,0,1420
2023-11-16T05:00:00Z,WIND,WIND,1186.8919426149544,4348
2023-11-16T06:00:00Z,COAL,COAL,813.750267469618,820
2023-11-16T06:00:00Z,DUAL FUEL,DUAL FUEL,466.3212713623047,466
2023-11-16T06:00:00Z,ENERGY STORAGE,ENERGY STORAGE,-1.9206665674845376,130
2023-11-16T06:00:00Z,GAS,COGENERATION,4094.1159156190024,5235
2023-11-16T06:00:00Z,GAS,COMBINED CYCLE,1497.3440773397022,3010
2023-11-16T06:00:00Z,GAS,GAS FIRED STEAM,1238.2349071036444,2609
2023-11-16T06:00:00Z,GAS,SIMPLE CYCLE,389.08170326289206,959
2023-11-16T06:00:00Z,HYDRO,HYDRO,118.40024013655054,894
2023-11-16T06:00:00Z,OTHER,BIOMASS,108.52412001927694,154
2023-11-16T06:00:00Z,OTHER,DUAL FUEL,13.594110927051968,20
2023-11-16T06:00:00Z,OTHER,GAS,2.2999510765075684,10
2023-11-16T06:00:00Z,OTHER,GAS COGEN,22.08554114765591,58
2023-11-16T06:00:00Z,OTHER,OIL/GAS,43.53763194613987,53
2023-11-16T06:00:00Z,OTHER,WOOD/REFUSE,83.00811966763602,149
2023-11-16T06:00:00Z,SOLAR,SOLAR,0,1420
2023-11-16T06:00:00Z,WIND,WIND,1150.2646701559672,4348
2023-11-16T07:00:00Z,COAL,COAL,814.4686533610027,820
2023-11-16T07:00:00Z,DUAL FUEL,DUAL FUEL,466.3072718641493,466
2023-11-16T07:00:00Z,ENERGY STORAGE,ENERGY STORAGE,-0.04716667440202501,130
2023-11-16T07:00:00Z,GAS,COGENERATION,4105.026304661963,5235
2023-11-16T07:00:00Z,GAS,COMBINED CYCLE,1561.0213141605589,3010
2023-11-16T07:00:00Z,GAS,GAS FIRED STEAM,1309.58941725413,2609
2023-11-16T07:00:00Z,GAS,SIMPLE CYCLE,369.26794167124564,959
2023-11-16T07:00:00Z,HYDRO,HYDRO,139.50961259007454,894
2023-11-16T07:00:00Z,OTHER,BIOMASS,120.5348801083035,154
2023-11-16T07:00:00Z,OTHER,DUAL FUEL,13.67466648578644,20
2023-11-16T07:00:00Z,OTHER,GAS,2.38233988682429,10
2023-11-16T07:00:00Z,OTHER,GAS COGEN,31.528372626834447,58
2023-11-16T07:00:00Z,OTHER,OIL/GAS,43.06358212153117,53
2023-11-16T07:00:00Z,OTHER,WOOD/REFUSE,91.12193581302961,149
2023-11-16T07:00:00Z,SOLAR,SOLAR,0,1420
2023-11-16T07:00:00Z,WIND,WIND,803.8343931728147,4348
2023-11-16T08:00:00Z,COAL,COAL,813.771599867079,820
2023-11-16T08:00:00Z,DUAL FUEL,DUAL FUEL,466.4281593153212,466
2023-11-16T08:00:00Z,ENERGY STORAGE,ENERGY STORAGE,0.00966669665442569,130
2023-11-16T08:00:00Z,GAS,COGENERATION,4117.069956775242,5235
2023-11-16T08:00:00Z,GAS,COMBINED CYCLE,1666.4361571449704,3010
2023-11-16T08:00:00Z,GAS,GAS FIRED STEAM,1417.956593170166,2609
2023-11-16T08:00:00Z,GAS,SIMPLE CYCLE,373.34582016679974,959
2023-11-16T08:00:00Z,HYDRO,HYDRO,169.1906351240476,894
2023-11-16T08:00:00Z,OTHER,BIOMASS,124.86977480252584,154
2023-11-16T08:00:00Z,OTHER,DUAL FUEL,13.699666475719877,20
2023-11-16T08:00:00Z,OTHER,GAS,2.3999509811401367,10
2023-11-16T08:00:00Z,OTHER,GAS COGEN,33.85151851230197,58
2023-11-16T08:00:00Z,OTHER,OIL/GAS,43.525594047970245,53
2023-11-16T08:00:00Z,OTHER,WOOD/REFUSE,94.99078132205538,149
2023-11-16T08:00:00Z,SOLAR,SOLAR,0,1420
2023-11-16T08:00:00Z,WIND,WIND,436.4350623807849,4348
2023-11-16T09:00:00Z,COAL,COAL,638.4734355333117,820
2023-11-16T09:00:00Z,DUAL FUEL,DUAL FUEL,466.0966608683268,466
2023-11-16T09:00:00Z,ENERGY STORAGE,ENERGY STORAGE,45.2222238085005,130
2023-11-16T09:00:00Z,GAS,COGENERATION,4124.6261141978375,5235
2023-11-16T09:00:00Z,GAS,COMBINED CYCLE,1677.906501180331,3010
2023-11-16T09:00:00Z,GAS,GAS FIRED STEAM,1474.5437373860677,2609
2023-11-16T09:00:00Z,GAS,SIMPLE CYCLE,377.11283267905316,959
2023-11-16T09:00:00Z,HYDRO,HYDRO,240.94834834766885,894
2023-11-16T09:00:00Z,OTHER,BIOMASS,124.43411990271674,154
2023-11-16T09:00:00Z,OTHER,DUAL FUEL,13.615333228641086,20
2023-11-16T09:00:00Z,OTHER,GAS,2.3999509811401367,10
2023-11-16T09:00:00Z,OTHER,GAS COGEN,33.75856610404121,58
2023-11-16T09:00:00Z,OTHER,OIL/GAS,43.05274399227566,53
2023-11-16T09:00:00Z,OTHER,WOOD/REFUSE,94.98621840569709,149
2023-11-16T09:00:00Z,SOLAR,SOLAR,0,1420
2023-11-16T09:00:00Z,WIND,WIND,336.3857700388672,4348
2023-11-16T10:00:00Z,COAL,COAL,407.0234942287869,820
2023-11-16T10:00:00Z,DUAL FUEL,DUAL FUEL,466.4057708909776,466
2023-11-16T10:00:00Z,ENERGY STORAGE,ENERGY STORAGE,0.40583487404717344,130
2023-11-16T10:00:00Z,GAS,COGENERATION,4109.430387965838,5235
2023-11-16T10:00:00Z,GAS,COMBINED CYCLE,1706.1386275000043,3010
2023-11-16T10:00:00Z,GAS,GAS FIRED STEAM,1483.0039763641357,2609
2023-11-16T10:00:00Z,GAS,SIMPLE CYCLE,392.79048600408765,959
2023-11-16T10:00:00Z,HYDRO,HYDRO,163.37645827505324,894
2023-11-16T10:00:00Z,OTHER,BIOMASS,124.59132302496168,154
2023-11-16T10:00:00Z,OTHER,DUAL FUEL,13.5,20
2023-11-16T10:00:00Z,OTHER,GAS,2.3999509811401367,10
2023-11-16T10:00:00Z,OTHER,GAS COGEN,33.867446185217965,58
2023-11-16T10:00:00Z,OTHER,OIL/GAS,43.58784880320231,53
2023-11-16T10:00:00Z,OTHER,WOOD/REFUSE,95.29041768127017,149
2023-11-16T10:00:00Z,SOLAR,SOLAR,0,1420
2023-11-16T10:00:00Z,WIND,WIND,428.0066389415496,4348
2023-11-16T11:00:00Z,COAL,COAL,408.69199395073787,820
2023-11-16T11:00:00Z,DUAL FUEL,DUAL FUEL,466.35393866644966,466
2023-11-16T11:00:00Z,ENERGY STORAGE,ENERGY STORAGE,-4.5299982070922855,130
2023-11-16T11:00:00Z,GAS,COGENERATION,4111.198360883395,5235
2023-11-16T11:00:00Z,GAS,COMBINED CYCLE,1663.4906106593874,3010
2023-11-16T11:00:00Z,GAS,GAS FIRED STEAM,1426.6990967390273,2609
2023-11-16T11:00:00Z,GAS,SIMPLE CYCLE,388.86100212600496,959
2023-11-16T11:00:00Z,HYDRO,HYDRO,116.90504588074154,894
2023-11-16T11:00:00Z,OTHER,BIOMASS,124.97932463063134,154
2023-11-16T11:00:00Z,OTHER,DUAL FUEL,13.5,20
2023-11-16T11:00:00Z,OTHER,GAS,2.3999509811401367,10
2023-11-16T11:00:00Z,OTHER,GAS COGEN,33.879382105933296,58
2023-11-16T11:00:00Z,OTHER,OIL/GAS,43.63910939746433,53
2023-11-16T11:00:00Z,OTHER,WOOD/REFUSE,95.95787895732455,149
2023-11-16T11:00:00Z,SOLAR,SOLAR,0,1420
2023-11-16T11:00:00Z,WIND,WIND,646.7101444912164,4348
2023-11-16T12:00:00Z,COAL,COAL,409.4733261786567,820
2023-11-16T12:00:00Z,DUAL FUEL,DUAL FUEL,466.29138261583114,466
2023-11-16T12:00:00Z,ENERGY STORAGE,ENERGY STORAGE,-6.529387177361382,130
2023-11-16T12:00:00Z,GAS,COGENERATION,4103.431522687276,5235
2023-11-16T12:00:00Z,GAS,COMBINED CYCLE,1584.9196240690019,3010
2023-11-16T12:00:00Z,GAS,GAS FIRED STEAM,1325.902549947103,2609
2023-11-16T12:00:00Z,GAS,SIMPLE CYCLE,414.53840690665777,959
2023-11-16T12:00:00Z,HYDRO,HYDRO,115.62762198984623,894
2023-11-16T12:00:00Z,OTHER,BIOMASS,121.1937567366494,154
2023-11-16T12:00:00Z,OTHER,DUAL FUEL,13.502333334816829,20
2023-11-16T12:00:00Z,OTHER,GAS,2.3999509811401367,10
2023-11-16T12:00:00Z,OTHER,GAS COGEN,24.103271401723227,58
2023-11-16T12:00:00Z,OTHER,OIL/GAS,43.75204788843791,53
2023-11-16T12:00:00Z,OTHER,WOOD/REFUSE,95.39081471999485,149
2023-11-16T12:00:00Z,SOLAR,SOLAR,0,1420
2023-11-16T12:00:00Z,WIND,WIND,896.8452724926711,4348
2023-11-16T13:00:00Z,COAL,COAL,409.2876596747504,820
2023-11-16T13:00:00Z,DUAL FUEL,DUAL FUEL,465.47143880208336,466
2023-11-16T13:00:00Z,ENERGY STORAGE,ENERGY STORAGE,-7.295054235988193,130
2023-11-16T13:00:00Z,GAS,COGENERATION,4108.882126727104,5235
2023-11-16T13:00:00Z,GAS,COMBINED CYCLE,1658.6298263835909,3010
2023-11-16T13:00:00Z,GAS,GAS FIRED STEAM,1357.8241833983527,2609
2023-11-16T13:00:00Z,GAS,SIMPLE CYCLE,406.44936307459244,959
2023-11-16T13:00:00Z,HYDRO,HYDRO,139.6148987754186,894
2023-11-16T13:00:00Z,OTHER,BIOMASS,121.9468940088484,154
2023-11-16T13:00:00Z,OTHER,DUAL FUEL,13.50016666677263,20
2023-11-16T13:00:00Z,OTHER,GAS,2.3999509811401367,10
2023-11-16T13:00:00Z,OTHER,GAS COGEN,27.9322364531623,58
2023-11-16T13:00:00Z,OTHER,OIL/GAS,43.540349629720055,53
2023-11-16T13:00:00Z,OTHER,WOOD/REFUSE,91.37786577277713,149
2023-11-16T13:00:00Z,SOLAR,SOLAR,0,1420
2023-11-16T13:00:00Z,WIND,WIND,1182.7315154767368,4348
2023-11-16T14:00:00Z,COAL,COAL,409.2976046074761,820
2023-11-16T14:00:00Z,DUAL FUEL,DUAL FUEL,465.46471601698136,466
2023-11-16T14:00:00Z,ENERGY STORAGE,ENERGY STORAGE,-2.981775939729479,130
2023-11-16T14:00:00Z,GAS,COGENERATION,4105.508951648077,5235
2023-11-16T14:00:00Z,GAS,COMBINED CYCLE,1769.9885157526865,3010
2023-11-16T14:00:00Z,GAS,GAS FIRED STEAM,1377.871074256897,2609
2023-11-16T14:00:00Z,GAS,SIMPLE CYCLE,442.2663375783629,959
2023-11-16T14:00:00Z,HYDRO,HYDRO,183.12778202977447,894
2023-11-16T14:00:00Z,OTHER,BIOMASS,122.08574034372965,154
2023-11-16T14:00:00Z,OTHER,DUAL FUEL,13.501166667408413,20
2023-11-16T14:00:00Z,OTHER,GAS,2.3999509811401367,10
2023-11-16T14:00:00Z,OTHER,GAS COGEN,30.510629736582437,58
2023-11-16T14:00:00Z,OTHER,OIL/GAS,43.01398810068766,53
2023-11-16T14:00:00Z,OTHER,WOOD/REFUSE,93.13235869884491,149
2023-11-16T14:00:00Z,SOLAR,SOLAR,0.10527777526113724,1420
2023-11-16T14:00:00Z,WIND,WIND,1465.3184277068203,4348
2023-11-16T15:00:00Z,COAL,COAL,409.4573240492079,820
2023-11-16T15:00:00Z,DUAL FUEL,DUAL FUEL,465.2228267584906,466
2023-11-16T15:00:00Z,ENERGY STORAGE,ENERGY STORAGE,-7.566553949250116,130
2023-11-16T15:00:00Z,GAS,COGENERATION,4075.7753797621194,5235
2023-11-16T15:00:00Z,GAS,COMBINED CYCLE,1758.097404997084,3010
2023-11-16T15:00:00Z,GAS,GAS FIRED STEAM,1224.7769987339443,2609
2023-11-16T15:00:00Z,GAS,SIMPLE CYCLE,440.71616984109085,959
2023-11-16T15:00:00Z,HYDRO,HYDRO,95.01021697753005,894
2023-11-16T15:00:00Z,OTHER,BIOMASS,114.7815399143431,154
2023-11-16T15:00:00Z,OTHER,DUAL FUEL,13.501666667726305,20
2023-11-16T15:00:00Z,OTHER,GAS,2.3999509811401367,10
2023-11-16T15:00:00Z,OTHER,GAS COGEN,25.760865494410197,58
2023-11-16T15:00:00Z,OTHER,OIL/GAS,42.5194102689955,53
2023-11-16T15:00:00Z,OTHER,WOOD/REFUSE,87.3239248307546,149
2023-11-16T15:00:00Z,SOLAR,SOLAR,98.6352755513125,1420
2023-11-16T15:00:00Z,WIND,WIND,1770.542230343438,4348
2023-11-16T16:00:00Z,COAL,COAL,406.9850491926406,820
2023-11-16T16:00:00Z,DUAL FUEL,DUAL FUEL,463.2541533999973,466
2023-11-16T16:00:00Z,ENERGY STORAGE,ENERGY STORAGE,-9.934887215826246,130
2023-11-16T16:00:00Z,GAS,COGENERATION,3999.9586673262384,5235
2023-11-16T16:00:00Z,GAS,COMBINED CYCLE,1624.9903095303641,3010
2023-11-16T16:00:00Z,GAS,GAS FIRED STEAM,724.0560280556149,2609
2023-11-16T16:00:00Z,GAS,SIMPLE CYCLE,366.6366613127457,959
2023-11-16T16:00:00Z,HYDRO,HYDRO,161.79727064437336,894
2023-11-16T16:00:00Z,OTHER,BIOMASS,108.89063142749998,154
2023-11-16T16:00:00Z,OTHER,DUAL FUEL,13.364249949455262,20
2023-11-16T16:00:00Z,OTHER,GAS,2.447673352559407,10
2023-11-16T16:00:00Z,OTHER,GAS COGEN,22.3213102361891,58
2023-11-16T16:00:00Z,OTHER,OIL/GAS,42.71816030184428,53
2023-11-16T16:00:00Z,OTHER,WOOD/REFUSE,82.04425337897406,149
2023-11-16T16:00:00Z,SOLAR,SOLAR,465.9706744362745,1420
2023-11-16T16:00:00Z,WIND,WIND,2098.3518400761154,4348
2023-11-16T17:00:00Z,COAL,COAL,409.29916113959416,820
2023-11-16T17:00:00Z,DUAL FUEL,DUAL FUEL,465.0046047295464,466
2023-11-16T17:00:00Z,ENERGY STORAGE,ENERGY STORAGE,-0.3293333318498399,130
2023-11-16T17:00:00Z,GAS,COGENERATION,4002.7624460019006,5235
2023-11-16T17:00:00Z,GAS,COMBINED CYCLE,1637.4292302878698,3010
2023-11-16T17:00:00Z,GAS,GAS FIRED STEAM,587.3295140425364,2609
2023-11-16T17:00:00Z,GAS,SIMPLE CYCLE,363.8837169935968,959
2023-11-16T17:00:00Z,HYDRO,HYDRO,133.52033882445758,894
2023-11-16T17:00:00Z,OTHER,BIOMASS,109.28348326365153,154
2023-11-16T17:00:00Z,OTHER,DUAL FUEL,13.202333144081964,20
2023-11-16T17:00:00Z,OTHER,GAS,2.499950885772705,10
2023-11-16T17:00:00Z,OTHER,GAS COGEN,22.357834207746716,58
2023-11-16T17:00:00Z,OTHER,OIL/GAS,43.10177649815877,53
2023-11-16T17:00:00Z,OTHER,WOOD/REFUSE,81.71373113658693,149
2023-11-16T17:00:00Z,SOLAR,SOLAR,667.8422906690174,1420
2023-11-16T17:00:00Z,WIND,WIND,2153.9918304048647,4348
2023-11-16T18:00:00Z,COAL,COAL,409.39677351209855,820
2023-11-16T18:00:00Z,DUAL FUEL,DUAL FUEL,465.2694932217068,466
2023-11-16T18:00:00Z,ENERGY STORAGE,ENERGY STORAGE,0.00122222688462999,130
2023-11-16T18:00:00Z,GAS,COGENERATION,4025.1994516388577,5235
2023-11-16T18:00:00Z,GAS,COMBINED CYCLE,1683.994027317895,3010
2023-11-16T18:00:00Z,GAS,GAS FIRED STEAM,963.892063024309,2609
2023-11-16T18:00:00Z,GAS,SIMPLE CYCLE,412.6294901765717,959
2023-11-16T18:00:00Z,HYDRO,HYDRO,141.97582397235763,894
2023-11-16T18:00:00Z,OTHER,BIOMASS,108.19056880050235,154
2023-11-16T18:00:00Z,OTHER,DUAL FUEL,13.02655534002516,20
2023-11-16T18:00:00Z,OTHER,GAS,2.499950885772705,10
2023-11-16T18:00:00Z,OTHER,GAS COGEN,22.32486097547743,58
2023-11-16T18:00:00Z,OTHER,OIL/GAS,42.97689335505168,53
2023-11-16T18:00:00Z,OTHER,WOOD/REFUSE,84.18645153443018,149
2023-11-16T18:00:00Z,SOLAR,SOLAR,631.88346701824,1420
2023-11-16T18:00:00Z,WIND,WIND,2120.22143466567,4348
2023-11-16T19:00:00Z,COAL,COAL,409.7961594814725,820
2023-11-16T19:00:00Z,DUAL FUEL,DUAL FUEL,465.0685506184896,466
2023-11-16T19:00:00Z,ENERGY STORAGE,ENERGY STORAGE,-0.01683339754740398,130
2023-11-16T19:00:00Z,GAS,COGENERATION,4012.172081436051,5235
2023-11-16T19:00:00Z,GAS,COMBINED CYCLE,1645.1168251827028,3010
2023-11-16T19:00:00Z,GAS,GAS FIRED STEAM,1023.9845713689592,2609
2023-11-16T19:00:00Z,GAS,SIMPLE CYCLE,424.88429683234955,959
2023-11-16T19:00:00Z,HYDRO,HYDRO,142.8298473348303,894
2023-11-16T19:00:00Z,OTHER,BIOMASS,108.55037801159753,154
2023-11-16T19:00:00Z,OTHER,DUAL FUEL,11.899999618530272,20
2023-11-16T19:00:00Z,OTHER,GAS,2.499950885772705,10
2023-11-16T19:00:00Z,OTHER,GAS COGEN,21.760318619410196,58
2023-11-16T19:00:00Z,OTHER,OIL/GAS,42.93018770005968,53
2023-11-16T19:00:00Z,OTHER,WOOD/REFUSE,83.32457528352738,149
2023-11-16T19:00:00Z,SOLAR,SOLAR,708.2106767137184,1420
2023-11-16T19:00:00Z,WIND,WIND,2180.549665109648,4348
2023-11-16T20:00:00Z,COAL,COAL,410.6607162984212,820
2023-11-16T20:00:00Z,DUAL FUEL,DUAL FUEL,465.2567152913411,466
2023-11-16T20:00:00Z,ENERGY STORAGE,ENERGY STORAGE,-0.04361126793755426,130
2023-11-16T20:00:00Z,GAS,COGENERATION,4033.5080837631226,5235
2023-11-16T20:00:00Z,GAS,COMBINED CYCLE,1635.1522428252963,3010
2023-11-16T20:00:00Z,GAS,GAS FIRED STEAM,1001.047973157035,2609
2023-11-16T20:00:00Z,GAS,SIMPLE CYCLE,423.9964725923538,959
2023-11-16T20:00:00Z,HYDRO,HYDRO,118.37321767740781,894
2023-11-16T20:00:00Z,OTHER,BIOMASS,107.08628123972152,154
2023-11-16T20:00:00Z,OTHER,DUAL FUEL,11.899999618530272,20
2023-11-16T20:00:00Z,OTHER,GAS,2.499950885772705,10
2023-11-16T20:00:00Z,OTHER,GAS COGEN,20.73563796573215,58
2023-11-16T20:00:00Z,OTHER,OIL/GAS,42.95125463909573,53
2023-11-16T20:00:00Z,OTHER,WOOD/REFUSE,83.24036814477708,149
2023-11-16T20:00:00Z,SOLAR,SOLAR,783.6469941737917,1420
2023-11-16T20:00:00Z,WIND,WIND,2159.129641453425,4348
2023-11-16T21:00:00Z,COAL,COAL,409.3833833821614,820
2023-11-16T21:00:00Z,DUAL FUEL,DUAL FUEL,465.2206051127116,466
2023-11-16T21:00:00Z,ENERGY STORAGE,ENERGY STORAGE,-0.03927792390187583,130
2023-11-16T21:00:00Z,GAS,COGENERATION,4034.5591698529984,5235
2023-11-16T21:00:00Z,GAS,COMBINED CYCLE,1629.8357598521975,3010
2023-11-16T21:00:00Z,GAS,GAS FIRED STEAM,911.8435888491737,2609
2023-11-16T21:00:00Z,GAS,SIMPLE CYCLE,419.6015227368143,959
2023-11-16T21:00:00Z,HYDRO,HYDRO,127.6355076066653,894
2023-11-16T21:00:00Z,OTHER,BIOMASS,109.29090209060246,154
2023-11-16T21:00:00Z,OTHER,DUAL FUEL,11.899999618530272,20
2023-11-16T21:00:00Z,OTHER,GAS,2.499950885772705,10
2023-11-16T21:00:00Z,OTHER,GAS COGEN,20.91568730248345,58
2023-11-16T21:00:00Z,OTHER,OIL/GAS,43.60346409267849,53
2023-11-16T21:00:00Z,OTHER,WOOD/REFUSE,83.7010534146097,149
2023-11-16T21:00:00Z,SOLAR,SOLAR,764.8578018106355,1420
2023-11-16T21:00:00Z,WIND,WIND,2303.105709355705,4348
2023-11-16T22:00:00Z,COAL,COAL,409.11999537150064,820
2023-11-16T22:00:00Z,DUAL FUEL,DUAL FUEL,465.29604970296225,466
2023-11-16T22:00:00Z,ENERGY STORAGE,ENERGY STORAGE,-0.03072233888838026,130
2023-11-16T22:00:00Z,GAS,COGENERATION,4038.728854906824,5235
2023-11-16T22:00:00Z,GAS,COMBINED CYCLE,1651.9389064068264,3010
2023-11-16T22:00:00Z,GAS,GAS FIRED STEAM,1046.3590286095937,2609
2023-11-16T22:00:00Z,GAS,SIMPLE CYCLE,420.9987286381258,959
2023-11-16T22:00:00Z,HYDRO,HYDRO,199.24745319359832,894
2023-11-16T22:00:00Z,OTHER,BIOMASS,108.37127703030905,154
2023-11-16T22:00:00Z,OTHER,DUAL FUEL,11.899999618530272,20
2023-11-16T22:00:00Z,OTHER,GAS,2.499950885772705,10
2023-11-16T22:00:00Z,OTHER,GAS COGEN,20.85410420947605,58
2023-11-16T22:00:00Z,OTHER,OIL/GAS,43.641109466552734,53
2023-11-16T22:00:00Z,OTHER,WOOD/REFUSE,85.78842538250817,149
2023-11-16T22:00:00Z,SOLAR,SOLAR,355.1147389420867,1420
2023-11-16T22:00:00Z,WIND,WIND,2362.052277211216,4348
2023-11-16T23:00:00Z,COAL,COAL,410.45488364325627,820
2023-11-16T23:00:00Z,DUAL FUEL,DUAL FUEL,465.25954969618056,466
2023-11-16T23:00:00Z,ENERGY STORAGE,ENERGY STORAGE,-0.02450009346008301,130
2023-11-16T23:00:00Z,GAS,COGENERATION,4030.1157510677976,5235
2023-11-16T23:00:00Z,GAS,COMBINED CYCLE,1666.9966392787298,3010
2023-11-16T23:00:00Z,GAS,GAS FIRED STEAM,1373.5690075556436,2609
2023-11-16T23:00:00Z,GAS,SIMPLE CYCLE,431.76929111793635,959
2023-11-16T23:00:00Z,HYDRO,HYDRO,150.68159894724687,894
2023-11-16T23:00:00Z,OTHER,BIOMASS,108.04187213897706,154
2023-11-16T23:00:00Z,OTHER,DUAL FUEL,11.899999618530272,20
2023-11-16T23:00:00Z,OTHER,GAS,2.499950885772705,10
2023-11-16T23:00:00Z,OTHER,GAS COGEN,20.703895468182033,58
2023-11-16T23:00:00Z,OTHER,OIL/GAS,43.71166002697415,53
2023-11-16T23:00:00Z,OTHER,WOOD/REFUSE,87.9867297079828,149
2023-11-16T23:00:00Z,SOLAR,SOLAR,19.993666378127205,1420
2023-11-16T23:00:00Z,WIND,WIND,2466.15352242589,4348
2023-11-17T00:00:00Z,COAL,COAL,409.56093841552735,820
2023-11-17T00:00:00Z,DUAL FUEL,DUAL FUEL,465.26838321261937,466
2023-11-17T00:00:00Z,ENERGY STORAGE,ENERGY STORAGE,-0.04400016784667968,130
2023-11-17T00:00:00Z,GAS,COGENERATION,4020.092864268621,5235
2023-11-17T00:00:00Z,GAS,COMBINED CYCLE,1679.3543183724087,3010
2023-11-17T00:00:00Z,GAS,GAS FIRED STEAM,1395.4746930440267,2609
2023-11-17T00:00:00Z,GAS,SIMPLE CYCLE,443.52937469032076,959
2023-11-17T00:00:00Z,HYDRO,HYDRO,137.90790312416024,894
2023-11-17T00:00:00Z,OTHER,BIOMASS,108.19612305058374,154
2023-11-17T00:00:00Z,OTHER,DUAL FUEL,12.28483319653405,20
2023-11-17T00:00:00Z,OTHER,GAS,2.429895397027334,10
2023-11-17T00:00:00Z,OTHER,GAS COGEN,20.73306429333157,58
2023-11-17T00:00:00Z,OTHER,OIL/GAS,43.95569919798109,53
2023-11-17T00:00:00Z,OTHER,WOOD/REFUSE,89.29456580347485,149
2023-11-17T00:00:00Z,SOLAR,SOLAR,0,1420
2023-11-17T00:00:00Z,WIND,WIND,2671.151617346969,4348
2023-11-17T01:00:00Z,COAL,COAL,409.4919387647841,820
2023-11-17T01:00:00Z,DUAL FUEL,DUAL FUEL,465.29671520657007,466
2023-11-17T01:00:00Z,ENERGY STORAGE,ENERGY STORAGE,-0.07561126603020563,130
2023-11-17T01:00:00Z,GAS,COGENERATION,4017.6002027225495,5235
2023-11-17T01:00:00Z,GAS,COMBINED CYCLE,1654.4798930682077,3010
2023-11-17T01:00:00Z,GAS,GAS FIRED STEAM,1186.900932545132,2609
2023-11-17T01:00:00Z,GAS,SIMPLE CYCLE,411.48724968910216,959
2023-11-17T01:00:00Z,HYDRO,HYDRO,131.05267530182996,894
2023-11-17T01:00:00Z,OTHER,BIOMASS,108.48385962433285,154
2023-11-17T01:00:00Z,OTHER,DUAL FUEL,12.800000190734863,20
2023-11-17T01:00:00Z,OTHER,GAS,2.3999509811401367,10
2023-11-17T01:00:00Z,OTHER,GAS COGEN,20.897297768063016,58
2023-11-17T01:00:00Z,OTHER,OIL/GAS,44.352104943593346,53
2023-11-17T01:00:00Z,OTHER,WOOD/REFUSE,84.94925808933046,149
2023-11-17T01:00:00Z,SOLAR,SOLAR,0.00166788084639443,1420
2023-11-17T01:00:00Z,WIND,WIND,2805.985356389019,4348
2023-11-17T02:00:00Z,COAL,COAL,409.33199427286786,820
2023-11-17T02:00:00Z,DUAL FUEL,DUAL FUEL,465.34855056762694,466
2023-11-17T02:00:00Z,ENERGY STORAGE,ENERGY STORAGE,-0.11238906118604872,130
2023-11-17T02:00:00Z,GAS,COGENERATION,3993.6732551431655,5235
2023-11-17T02:00:00Z,GAS,COMBINED CYCLE,1685.4562023210526,3010
2023-11-17T02:00:00Z,GAS,GAS FIRED STEAM,1320.7319981426663,2609
2023-11-17T02:00:00Z,GAS,SIMPLE CYCLE,408.64484380404156,959
2023-11-17T02:00:00Z,HYDRO,HYDRO,149.94266037162808,894
2023-11-17T02:00:00Z,OTHER,BIOMASS,109.00641612529755,154
2023-11-17T02:00:00Z,OTHER,DUAL FUEL,12.800000190734863,20
2023-11-17T02:00:00Z,OTHER,GAS,2.3999509811401367,10
2023-11-17T02:00:00Z,OTHER,GAS COGEN,20.883907221688165,58
2023-11-17T02:00:00Z,OTHER,OIL/GAS,44.42946568383111,53
2023-11-17T02:00:00Z,OTHER,WOOD/REFUSE,89.79354697783788,149
2023-11-17T02:00:00Z,SOLAR,SOLAR,0.00268638003203603,1420
2023-11-17T02:00:00Z,WIND,WIND,2811.482368862099,4348
2023-11-17T03:00:00Z,COAL,COAL,409.7638827006022,820
2023-11-17T03:00:00Z,DUAL FUEL,DUAL FUEL,465.3152167087131,466
2023-11-17T03:00:00Z,ENERGY STORAGE,ENERGY STORAGE,-0.1358334975772434,130
2023-11-17T03:00:00Z,GAS,COGENERATION,3997.3613247709804,5235
2023-11-17T03:00:00Z,GAS,COMBINED CYCLE,1678.8138946443135,3010
2023-11-17T03:00:00Z,GAS,GAS FIRED STEAM,1446.4413354958428,2609
2023-11-17T03:00:00Z,GAS,SIMPLE CYCLE,357.3567727743586,959
2023-11-17T03:00:00Z,HYDRO,HYDRO,100.43978851013713,894
2023-11-17T03:00:00Z,OTHER,BIOMASS,115.23727708127764,154
2023-11-17T03:00:00Z,OTHER,DUAL FUEL,12.69883328490787,20
2023-11-17T03:00:00Z,OTHER,GAS,2.3999509811401367,10
2023-11-17T03:00:00Z,OTHER,GAS COGEN,27.166532990137735,58
2023-11-17T03:00:00Z,OTHER,OIL/GAS,43.86563254038493,53
2023-11-17T03:00:00Z,OTHER,WOOD/REFUSE,90.69683912913004,149
2023-11-17T03:00:00Z,SOLAR,SOLAR,0,1420
2023-11-17T03:00:00Z,WIND,WIND,2840.5369897871547,4348
2023-11-17T04:00:00Z,COAL,COAL,408.9529920281304,820
2023-11-17T04:00:00Z,DUAL FUEL,DUAL FUEL,465.3157738579644,466
2023-11-17T04:00:00Z,ENERGY STORAGE,ENERGY STORAGE,-7.827165824572245,130
2023-11-17T04:00:00Z,GAS,COGENERATION,3998.031410589218,5235
2023-11-17T04:00:00Z,GAS,COMBINED CYCLE,1686.7882144906785,3010
2023-11-17T04:00:00Z,GAS,GAS FIRED STEAM,1479.4315816073947,2609
2023-11-17T04:00:00Z,GAS,SIMPLE CYCLE,306.2511707121134,959
2023-11-17T04:00:00Z,HYDRO,HYDRO,145.7770222251283,894
2023-11-17T04:00:00Z,OTHER,BIOMASS,111.42299115022024,154
2023-11-17T04:00:00Z,OTHER,DUAL FUEL,12.710444311036005,20
2023-11-17T04:00:00Z,OTHER,GAS,2.3999509811401367,10
2023-11-17T04:00:00Z,OTHER,GAS COGEN,22.967435426712036,58
2023-11-17T04:00:00Z,OTHER,OIL/GAS,44.56959312438965,53
2023-11-17T04:00:00Z,OTHER,WOOD/REFUSE,89.50325045665106,149
2023-11-17T04:00:00Z,SOLAR,SOLAR,0,1420
2023-11-17T04:00:00Z,WIND,WIND,2754.771973244879,4348
2023-11-17T05:00:00Z,COAL,COAL,405.73771528455944,820
2023-11-17T05:00:00Z,DUAL FUEL,DUAL FUEL,465.2523823886448,466
2023-11-17T05:00:00Z,ENERGY STORAGE,ENERGY STORAGE,-8.623276232083638,130
2023-11-17T05:00:00Z,GAS,COGENERATION,3999.988508047395,5235
2023-11-17T05:00:00Z,GAS,COMBINED CYCLE,1618.0869298643536,3010
2023-11-17T05:00:00Z,GAS,GAS FIRED STEAM,1436.7947125328913,2609
2023-11-17T05:00:00Z,GAS,SIMPLE CYCLE,280.7730699295468,959
2023-11-17T05:00:00Z,HYDRO,HYDRO,130.4317149949736,894
2023-11-17T05:00:00Z,OTHER,BIOMASS,109.01351643456353,154
2023-11-17T05:00:00Z,OTHER,DUAL FUEL,12.745444197124906,20
2023-11-17T05:00:00Z,OTHER,GAS,2.3999509811401367,10
2023-11-17T05:00:00Z,OTHER,GAS COGEN,22.459104879167345,58
2023-11-17T05:00:00Z,OTHER,OIL/GAS,44.720442860921224,53
2023-11-17T05:00:00Z,OTHER,WOOD/REFUSE,88.41160131216049,149
2023-11-17T05:00:00Z,SOLAR,SOLAR,0,1420
2023-11-17T05:00:00Z,WIND,WIND,2595.7604983027777,4348
2023-11-17T06:00:00Z,COAL,COAL,405.3354375033909,820
2023-11-17T06:00:00Z,DUAL FUEL,DUAL FUEL,465.31593814426,466
2023-11-17T06:00:00Z,ENERGY STORAGE,ENERGY STORAGE,-8.648554214901395,130
2023-11-17T06:00:00Z,GAS,COGENERATION,4059.177222858535,5235
2023-11-17T06:00:00Z,GAS,COMBINED CYCLE,1581.9751103077995,3010
2023-11-17T06:00:00Z,GAS,GAS FIRED STEAM,1179.1813592583603,2609
2023-11-17T06:00:00Z,GAS,SIMPLE CYCLE,258.2273826724291,959
2023-11-17T06:00:00Z,HYDRO,HYDRO,95.51957251643968,894
2023-11-17T06:00:00Z,OTHER,BIOMASS,107.55749144819048,154
2023-11-17T06:00:00Z,OTHER,DUAL FUEL,12.899999618530272,20
2023-11-17T06:00:00Z,OTHER,GAS,2.3999509811401367,10
2023-11-17T06:00:00Z,OTHER,GAS COGEN,21.635623013178503,58
2023-11-17T06:00:00Z,OTHER,OIL/GAS,44.83547112358941,53
2023-11-17T06:00:00Z,OTHER,WOOD/REFUSE,85.81144352992376,149
2023-11-17T06:00:00Z,SOLAR,SOLAR,0,1420
2023-11-17T06:00:00Z,WIND,WIND,2506.7488134039772,4348
2023-11-17T07:00:00Z,COAL,COAL,404.9501036919488,820
2023-11-17T07:00:00Z,DUAL FUEL,DUAL FUEL,465.27049379136827,466
2023-11-17T07:00:00Z,ENERGY STORAGE,ENERGY STORAGE,-8.783888064490425,130
2023-11-17T07:00:00Z,GAS,COGENERATION,3975.409446866777,5235
2023-11-17T07:00:00Z,GAS,COMBINED CYCLE,1511.7995902464124,3010
2023-11-17T07:00:00Z,GAS,GAS FIRED STEAM,1056.455203781128,2609
2023-11-17T07:00:00Z,GAS,SIMPLE CYCLE,232.50849604818555,959
2023-11-17T07:00:00Z,HYDRO,HYDRO,89.70544442640411,894
2023-11-17T07:00:00Z,OTHER,BIOMASS,108.68752668327755,154
2023-11-17T07:00:00Z,OTHER,DUAL FUEL,12.094388766818575,20
2023-11-17T07:00:00Z,OTHER,GAS,2.3999509811401367,10
2023-11-17T07:00:00Z,OTHER,GAS COGEN,20.937470986048385,58
2023-11-17T07:00:00Z,OTHER,OIL/GAS,44.659809313880075,53
2023-11-17T07:00:00Z,OTHER,WOOD/REFUSE,77.35615991989772,149
2023-11-17T07:00:00Z,SOLAR,SOLAR,0,1420
2023-11-17T07:00:00Z,WIND,WIND,2544.3935479797256,4348
2023-11-17T08:00:00Z,COAL,COAL,403.62410581800674,820
2023-11-17T08:00:00Z,DUAL FUEL,DUAL FUEL,465.33721654256186,466
2023-11-17T08:00:00Z,ENERGY STORAGE,ENERGY STORAGE,-8.788499193191528,130
2023-11-17T08:00:00Z,GAS,COGENERATION,3979.1007706430223,5235
2023-11-17T08:00:00Z,GAS,COMBINED CYCLE,1551.6825424268511,3010
2023-11-17T08:00:00Z,GAS,GAS FIRED STEAM,953.0251318211026,2609
2023-11-17T08:00:00Z,GAS,SIMPLE CYCLE,181.85688488933775,959
2023-11-17T08:00:00Z,HYDRO,HYDRO,107.58213277479013,894
2023-11-17T08:00:00Z,OTHER,BIOMASS,108.24649182213678,154
2023-11-17T08:00:00Z,OTHER,DUAL FUEL,10.700555555555557,20
2023-11-17T08:00:00Z,OTHER,GAS,2.4775620182355245,10
2023-11-17T08:00:00Z,OTHER,GAS COGEN,20.91602258576287,58
2023-11-17T08:00:00Z,OTHER,OIL/GAS,44.79563709894816,53
2023-11-17T08:00:00Z,OTHER,WOOD/REFUSE,76.6601780605316,149
2023-11-17T08:00:00Z,SOLAR,SOLAR,0,1420
2023-11-17T08:00:00Z,WIND,WIND,2534.907987590366,4348
2023-11-17T09:00:00Z,COAL,COAL,399.682826215956,820
2023-11-17T09:00:00Z,DUAL FUEL,DUAL FUEL,465.3341594950358,466
2023-11-17T09:00:00Z,ENERGY STORAGE,ENERGY STORAGE,-6.093221459918552,130
2023-11-17T09:00:00Z,GAS,COGENERATION,4010.1526568441923,5235
2023-11-17T09:00:00Z,GAS,COMBINED CYCLE,1572.180979303784,3010
2023-11-17T09:00:00Z,GAS,GAS FIRED STEAM,958.3192921119266,2609
2023-11-17T09:00:00Z,GAS,SIMPLE CYCLE,180.9911069149441,959
2023-11-17T09:00:00Z,HYDRO,HYDRO,96.92644807351961,894
2023-11-17T09:00:00Z,OTHER,BIOMASS,107.76144184218512,154
2023-11-17T09:00:00Z,OTHER,DUAL FUEL,10.5,20
2023-11-17T09:00:00Z,OTHER,GAS,2.499950885772705,10
2023-11-17T09:00:00Z,OTHER,GAS COGEN,20.88353448761834,58
2023-11-17T09:00:00Z,OTHER,OIL/GAS,44.74386089748806,53
2023-11-17T09:00:00Z,OTHER,WOOD/REFUSE,79.2887146308687,149
2023-11-17T09:00:00Z,SOLAR,SOLAR,-0.11085768544011644,1420
2023-11-17T09:00:00Z,WIND,WIND,2434.9002241656517,4348
2023-11-17T10:00:00Z,COAL,COAL,398.6326609802246,820
2023-11-17T10:00:00Z,DUAL FUEL,DUAL FUEL,465.3816032070584,466
2023-11-17T10:00:00Z,ENERGY STORAGE,ENERGY STORAGE,-1.6866109614902072,130
2023-11-17T10:00:00Z,GAS,COGENERATION,4101.04521141953,5235
2023-11-17T10:00:00Z,GAS,COMBINED CYCLE,1574.426774921947,3010
2023-11-17T10:00:00Z,GAS,GAS FIRED STEAM,1067.231354851193,2609
2023-11-17T10:00:00Z,GAS,SIMPLE CYCLE,197.23771780318683,959
2023-11-17T10:00:00Z,HYDRO,HYDRO,90.9781825902727,894
2023-11-17T10:00:00Z,OTHER,BIOMASS,108.46928530163235,154
2023-11-17T10:00:00Z,OTHER,DUAL FUEL,10.5,20
2023-11-17T10:00:00Z,OTHER,GAS,2.499950885772705,10
2023-11-17T10:00:00Z,OTHER,GAS COGEN,20.898417036268444,58
2023-11-17T10:00:00Z,OTHER,OIL/GAS,44.86588865492079,53
2023-11-17T10:00:00Z,OTHER,WOOD/REFUSE,81.4228390068478,149
2023-11-17T10:00:00Z,SOLAR,SOLAR,-0.24010823607444765,1420
2023-11-17T10:00:00Z,WIND,WIND,2253.723790094654,4348
2023-11-17T11:00:00Z,COAL,COAL,399.0434917365181,820
2023-11-17T11:00:00Z,DUAL FUEL,DUAL FUEL,465.40921563042536,466
2023-11-17T11:00:00Z,ENERGY STORAGE,ENERGY STORAGE,-0.04494461589389377,130
2023-11-17T11:00:00Z,GAS,COGENERATION,4117.924473519325,5235
2023-11-17T11:00:00Z,GAS,COMBINED CYCLE,1562.7514982710943,3010
2023-11-17T11:00:00Z,GAS,GAS FIRED STEAM,1027.4373267534045,2609
2023-11-17T11:00:00Z,GAS,SIMPLE CYCLE,180.8016073756748,959
2023-11-17T11:00:00Z,HYDRO,HYDRO,75.28650789545642,894
2023-11-17T11:00:00Z,OTHER,BIOMASS,108.41810610029432,154
2023-11-17T11:00:00Z,OTHER,DUAL FUEL,10.5,20
2023-11-17T11:00:00Z,OTHER,GAS,2.499950885772705,10
2023-11-17T11:00:00Z,OTHER,GAS COGEN,20.810686394373576,58
2023-11-17T11:00:00Z,OTHER,OIL/GAS,45.025437683529326,53
2023-11-17T11:00:00Z,OTHER,WOOD/REFUSE,92.5823148006863,149
2023-11-17T11:00:00Z,SOLAR,SOLAR,0,1420
2023-11-17T11:00:00Z,WIND,WIND,2308.0721480253587,4348
2023-11-17T12:00:00Z,COAL,COAL,399.66060628255207,820
2023-11-17T12:00:00Z,DUAL FUEL,DUAL FUEL,465.4550495232476,466
2023-11-17T12:00:00Z,ENERGY STORAGE,ENERGY STORAGE,-0.03327790472242567,130
2023-11-17T12:00:00Z,GAS,COGENERATION,4193.103343909582,5235
2023-11-17T12:00:00Z,GAS,COMBINED CYCLE,1562.195436996354,3010
2023-11-17T12:00:00Z,GAS,GAS FIRED STEAM,1175.515917784373,2609
2023-11-17T12:00:00Z,GAS,SIMPLE CYCLE,190.04888627264233,959
2023-11-17T12:00:00Z,HYDRO,HYDRO,134.3706443682644,894
2023-11-17T12:00:00Z,OTHER,BIOMASS,108.55380305131277,154
2023-11-17T12:00:00Z,OTHER,DUAL FUEL,12.088444137573244,20
2023-11-17T12:00:00Z,OTHER,GAS,2.499950885772705,10
2023-11-17T12:00:00Z,OTHER,GAS COGEN,20.774840870963203,58
2023-11-17T12:00:00Z,OTHER,OIL/GAS,45.235027105543345,53
2023-11-17T12:00:00Z,OTHER,WOOD/REFUSE,92.68708791891734,149
2023-11-17T12:00:00Z,SOLAR,SOLAR,0,1420
2023-11-17T12:00:00Z,WIND,WIND,2186.628895630141,4348
2023-11-17T13:00:00Z,COAL,COAL,398.9585480923123,820
2023-11-17T13:00:00Z,DUAL FUEL,DUAL FUEL,465.4510515509712,466
2023-11-17T13:00:00Z,ENERGY STORAGE,ENERGY STORAGE,-0.01427783224317762,130
2023-11-17T13:00:00Z,GAS,COGENERATION,4211.04170611461,5235
2023-11-17T13:00:00Z,GAS,COMBINED CYCLE,1584.5899532572428,3010
2023-11-17T13:00:00Z,GAS,GAS FIRED STEAM,1530.260946937137,2609
2023-11-17T13:00:00Z,GAS,SIMPLE CYCLE,300.0697743650609,959
2023-11-17T13:00:00Z,HYDRO,HYDRO,168.62167488715716,894
2023-11-17T13:00:00Z,OTHER,BIOMASS,105.76870436615414,154
2023-11-17T13:00:00Z,OTHER,DUAL FUEL,12.873166268136766,20
2023-11-17T13:00:00Z,OTHER,GAS,2.499950885772705,10
2023-11-17T13:00:00Z,OTHER,GAS COGEN,20.770402104059855,58
2023-11-17T13:00:00Z,OTHER,OIL/GAS,44.98911023457845,53
2023-11-17T13:00:00Z,OTHER,WOOD/REFUSE,94.06649326907264,149
2023-11-17T13:00:00Z,SOLAR,SOLAR,0,1420
2023-11-17T13:00:00Z,WIND,WIND,1990.6944038241688,4348
2023-11-17T14:00:00Z,COAL,COAL,398.1909383646647,820
2023-11-17T14:00:00Z,DUAL FUEL,DUAL FUEL,465.38771631876625,466
2023-11-17T14:00:00Z,ENERGY STORAGE,ENERGY STORAGE,-0.04300016403198242,130
2023-11-17T14:00:00Z,GAS,COGENERATION,4207.659914070765,5235
2023-11-17T14:00:00Z,GAS,COMBINED CYCLE,1605.7405418475469,3010
2023-11-17T14:00:00Z,GAS,GAS FIRED STEAM,1581.488405886756,2609
2023-11-17T14:00:00Z,GAS,SIMPLE CYCLE,328.22844072646564,959
2023-11-17T14:00:00Z,HYDRO,HYDRO,123.95841176725096,894
2023-11-17T14:00:00Z,OTHER,BIOMASS,104.9264422305425,154
2023-11-17T14:00:00Z,OTHER,DUAL FUEL,12.189110870891149,20
2023-11-17T14:00:00Z,OTHER,GAS,2.499950885772705,10
2023-11-17T14:00:00Z,OTHER,GAS COGEN,20.817922894159953,58
2023-11-17T14:00:00Z,OTHER,OIL/GAS,45.030048826005725,53
2023-11-17T14:00:00Z,OTHER,WOOD/REFUSE,91.7431833102968,149
2023-11-17T14:00:00Z,SOLAR,SOLAR,0.072499999354283,1420
2023-11-17T14:00:00Z,WIND,WIND,2031.7120511391915,4348
2023-11-17T15:00:00Z,COAL,COAL,398.82093758477106,820
2023-11-17T15:00:00Z,DUAL FUEL,DUAL FUEL,465.3115495469835,466
2023-11-17T15:00:00Z,ENERGY STORAGE,ENERGY STORAGE,-0.05405575805240207,130
2023-11-17T15:00:00Z,GAS,COGENERATION,4192.904487922192,5235
2023-11-17T15:00:00Z,GAS,COMBINED CYCLE,1598.19431450314,3010
2023-11-17T15:00:00Z,GAS,GAS FIRED STEAM,1525.3132641156515,2609
2023-11-17T15:00:00Z,GAS,SIMPLE CYCLE,342.14849708186256,959
2023-11-17T15:00:00Z,HYDRO,HYDRO,129.16690185288587,894
2023-11-17T15:00:00Z,OTHER,BIOMASS,104.96423551559448,154
2023-11-17T15:00:00Z,OTHER,DUAL FUEL,11,20
2023-11-17T15:00:00Z,OTHER,GAS,2.499950885772705,10
2023-11-17T15:00:00Z,OTHER,GAS COGEN,20.859848647647432,58
2023-11-17T15:00:00Z,OTHER,OIL/GAS,44.782499624888104,53
2023-11-17T15:00:00Z,OTHER,WOOD/REFUSE,91.0513192070855,149
2023-11-17T15:00:00Z,SOLAR,SOLAR,161.15901660364534,1420
2023-11-17T15:00:00Z,WIND,WIND,2130.3654285813122,4348
2023-11-17T16:00:00Z,COAL,COAL,418.504659716818,820
2023-11-17T16:00:00Z,DUAL FUEL,DUAL FUEL,465.1887723456489,466
2023-11-17T16:00:00Z,ENERGY STORAGE,ENERGY STORAGE,-0.06322244962056478,130
2023-11-17T16:00:00Z,GAS,COGENERATION,4153.073663795127,5235
2023-11-17T16:00:00Z,GAS,COMBINED CYCLE,1579.2897756788466,3010
2023-11-17T16:00:00Z,GAS,GAS FIRED STEAM,1327.2349879741669,2609
2023-11-17T16:00:00Z,GAS,SIMPLE CYCLE,323.82126530817817,959
2023-11-17T16:00:00Z,HYDRO,HYDRO,118.33306907859114,894
2023-11-17T16:00:00Z,OTHER,BIOMASS,106.53984881454043,154
2023-11-17T16:00:00Z,OTHER,DUAL FUEL,11,20
2023-11-17T16:00:00Z,OTHER,GAS,2.4051176428794863,10
2023-11-17T16:00:00Z,OTHER,GAS COGEN,20.96608005311754,58
2023-11-17T16:00:00Z,OTHER,OIL/GAS,45.17916522343953,53
2023-11-17T16:00:00Z,OTHER,WOOD/REFUSE,89.98285540898641,149
2023-11-17T16:00:00Z,SOLAR,SOLAR,594.1728854171434,1420
2023-11-17T16:00:00Z,WIND,WIND,2191.419318060933,4348
2023-11-17T17:00:00Z,COAL,COAL,524.4449918937682,820
2023-11-17T17:00:00Z,DUAL FUEL,DUAL FUEL,465.215716603597,466
2023-11-17T17:00:00Z,ENERGY STORAGE,ENERGY STORAGE,-0.05655577129787869,130
2023-11-17T17:00:00Z,GAS,COGENERATION,4251.7146692053475,5235
2023-11-17T17:00:00Z,GAS,COMBINED CYCLE,1594.1679306411743,3010
2023-11-17T17:00:00Z,GAS,GAS FIRED STEAM,1202.7649399036832,2609
2023-11-17T17:00:00Z,GAS,SIMPLE CYCLE,340.6931194504102,959
2023-11-17T17:00:00Z,HYDRO,HYDRO,148.41987949533595,894
2023-11-17T17:00:00Z,OTHER,BIOMASS,103.29517114506828,154
2023-11-17T17:00:00Z,OTHER,DUAL FUEL,11,20
2023-11-17T17:00:00Z,OTHER,GAS,2.3999509811401367,10
2023-11-17T17:00:00Z,OTHER,GAS COGEN,20.86615249633789,58
2023-11-17T17:00:00Z,OTHER,OIL/GAS,44.90673719406128,53
2023-11-17T17:00:00Z,OTHER,WOOD/REFUSE,90.04208179103004,149
2023-11-17T17:00:00Z,SOLAR,SOLAR,686.2751627916429,1420
2023-11-17T17:00:00Z,WIND,WIND,2039.5710964843547,4348
2023-11-17T18:00:00Z,COAL,COAL,676.9384323543973,820
2023-11-17T18:00:00Z,DUAL FUEL,DUAL FUEL,465.24993709988064,466
2023-11-17T18:00:00Z,ENERGY STORAGE,ENERGY STORAGE,-0.05044463687472873,130
2023-11-17T18:00:00Z,GAS,COGENERATION,4261.195847434203,5235
2023-11-17T18:00:00Z,GAS,COMBINED CYCLE,1588.136428800689,3010
2023-11-17T18:00:00Z,GAS,GAS FIRED STEAM,1042.9457670826382,2609
2023-11-17T18:00:00Z,GAS,SIMPLE CYCLE,335.6878301953359,959
2023-11-17T18:00:00Z,HYDRO,HYDRO,152.34329463625946,894
2023-11-17T18:00:00Z,OTHER,BIOMASS,102.9856404349539,154
2023-11-17T18:00:00Z,OTHER,DUAL FUEL,10.999333332909478,20
2023-11-17T18:00:00Z,OTHER,GAS,2.3999509811401367,10
2023-11-17T18:00:00Z,OTHER,GAS COGEN,20.277663145065308,58
2023-11-17T18:00:00Z,OTHER,OIL/GAS,44.859876295725506,53
2023-11-17T18:00:00Z,OTHER,WOOD/REFUSE,90.25332963095771,149
2023-11-17T18:00:00Z,SOLAR,SOLAR,725.556519117256,1420
2023-11-17T18:00:00Z,WIND,WIND,1651.911935328353,4348
2023-11-17T19:00:00Z,COAL,COAL,764.4621540323893,820
2023-11-17T19:00:00Z,DUAL FUEL,DUAL FUEL,465.1027153523763,466
2023-11-17T19:00:00Z,ENERGY STORAGE,ENERGY STORAGE,-0.04505572689904107,130
2023-11-17T19:00:00Z,GAS,COGENERATION,4204.853486899137,5235
2023-11-17T19:00:00Z,GAS,COMBINED CYCLE,1579.4141544776492,3010
2023-11-17T19:00:00Z,GAS,GAS FIRED STEAM,1186.8093082639907,2609
2023-11-17T19:00:00Z,GAS,SIMPLE CYCLE,342.32220337698857,959
2023-11-17T19:00:00Z,HYDRO,HYDRO,166.7304764681061,894
2023-11-17T19:00:00Z,OTHER,BIOMASS,104.58590785238478,154
2023-11-17T19:00:00Z,OTHER,DUAL FUEL,11,20
2023-11-17T19:00:00Z,OTHER,GAS,2.3999509811401367,10
2023-11-17T19:00:00Z,OTHER,GAS COGEN,21.09062636375427,58
2023-11-17T19:00:00Z,OTHER,OIL/GAS,45.16090396669176,53
2023-11-17T19:00:00Z,OTHER,WOOD/REFUSE,89.6476354349984,149
2023-11-17T19:00:00Z,SOLAR,SOLAR,713.711330444018,1420
2023-11-17T19:00:00Z,WIND,WIND,1419.1360124555065,4348
2023-11-17T20:00:00Z,COAL,COAL,804.6001538594564,820
2023-11-17T20:00:00Z,DUAL FUEL,DUAL FUEL,465.05593726264107,466
2023-11-17T20:00:00Z,ENERGY STORAGE,ENERGY STORAGE,-0.030222337510850697,130
2023-11-17T20:00:00Z,GAS,COGENERATION,4155.573202818765,5235
2023-11-17T20:00:00Z,GAS,COMBINED CYCLE,1575.268751900461,3010
2023-11-17T20:00:00Z,GAS,GAS FIRED STEAM,1208.2146272150676,2609
2023-11-17T20:00:00Z,GAS,SIMPLE CYCLE,348.6665298515889,959
2023-11-17T20:00:00Z,HYDRO,HYDRO,168.36129632482096,894
2023-11-17T20:00:00Z,OTHER,BIOMASS,107.0961122115453,154
2023-11-17T20:00:00Z,OTHER,DUAL FUEL,11,20
2023-11-17T20:00:00Z,OTHER,GAS,2.3999509811401367,10
2023-11-17T20:00:00Z,OTHER,GAS COGEN,23.781766486631497,58
2023-11-17T20:00:00Z,OTHER,OIL/GAS,45.1806588935852,53
2023-11-17T20:00:00Z,OTHER,WOOD/REFUSE,89.0660980272293,149
2023-11-17T20:00:00Z,SOLAR,SOLAR,789.6071125653054,1420
2023-11-17T20:00:00Z,WIND,WIND,1381.9175842594273,4348
2023-11-17T21:00:00Z,COAL,COAL,806.4400972323947,820
2023-11-17T21:00:00Z,DUAL FUEL,DUAL FUEL,464.9591592576768,466
2023-11-17T21:00:00Z,ENERGY STORAGE,ENERGY STORAGE,0.029722338782416445,130
2023-11-17T21:00:00Z,GAS,COGENERATION,4139.084832824071,5235
2023-11-17T21:00:00Z,GAS,COMBINED CYCLE,1552.2104046164618,3010
2023-11-17T21:00:00Z,GAS,GAS FIRED STEAM,1251.0681944423252,2609
2023-11-17T21:00:00Z,GAS,SIMPLE CYCLE,246.97052378033598,959
2023-11-17T21:00:00Z,HYDRO,HYDRO,102.09694426884253,894
2023-11-17T21:00:00Z,OTHER,BIOMASS,104.62608451445897,154
2023-11-17T21:00:00Z,OTHER,DUAL FUEL,11,20
2023-11-17T21:00:00Z,OTHER,GAS,2.3999509811401367,10
2023-11-17T21:00:00Z,OTHER,GAS COGEN,26.586004642910428,58
2023-11-17T21:00:00Z,OTHER,OIL/GAS,45.17958299848768,53
2023-11-17T21:00:00Z,OTHER,WOOD/REFUSE,89.81848616229163,149
2023-11-17T21:00:00Z,SOLAR,SOLAR,780.8202364248037,1420
2023-11-17T21:00:00Z,WIND,WIND,1381.7524952563645,4348
2023-11-17T22:00:00Z,COAL,COAL,802.8540998331705,820
2023-11-17T22:00:00Z,DUAL FUEL,DUAL FUEL,464.9525501675076,466
2023-11-17T22:00:00Z,ENERGY STORAGE,ENERGY STORAGE,-1.1551664129892987,130
2023-11-17T22:00:00Z,GAS,COGENERATION,4140.410119205846,5235
2023-11-17T22:00:00Z,GAS,COMBINED CYCLE,1579.3518259149128,3010
2023-11-17T22:00:00Z,GAS,GAS FIRED STEAM,1104.2017515240775,2609
2023-11-17T22:00:00Z,GAS,SIMPLE CYCLE,251.47252334932486,959
2023-11-17T22:00:00Z,HYDRO,HYDRO,184.3483085924056,894
2023-11-17T22:00:00Z,OTHER,BIOMASS,108.2212837743759,154
2023-11-17T22:00:00Z,OTHER,DUAL FUEL,11,20
2023-11-17T22:00:00Z,OTHER,GAS,2.3999509811401367,10
2023-11-17T22:00:00Z,OTHER,GAS COGEN,30.129216261969674,58
2023-11-17T22:00:00Z,OTHER,OIL/GAS,45.32447084214952,53
2023-11-17T22:00:00Z,OTHER,WOOD/REFUSE,91.19932598590852,149
2023-11-17T22:00:00Z,SOLAR,SOLAR,374.5623897440566,1420
2023-11-17T22:00:00Z,WIND,WIND,1637.9424614927007,4348
2023-11-17T23:00:00Z,COAL,COAL,804.4054877387152,820
2023-11-17T23:00:00Z,DUAL FUEL,DUAL FUEL,464.94038282606334,466
2023-11-17T23:00:00Z,ENERGY STORAGE,ENERGY STORAGE,0.06177800867292616,130
2023-11-17T23:00:00Z,GAS,COGENERATION,4146.0462394849455,5235
2023-11-17T23:00:00Z,GAS,COMBINED CYCLE,1657.8563868951796,3010
2023-11-17T23:00:00Z,GAS,GAS FIRED STEAM,1346.1403045781453,2609
2023-11-17T23:00:00Z,GAS,SIMPLE CYCLE,236.3945630882846,959
2023-11-17T23:00:00Z,HYDRO,HYDRO,188.69249497848253,894
2023-11-17T23:00:00Z,OTHER,BIOMASS,106.81992522186704,154
2023-11-17T23:00:00Z,OTHER,DUAL FUEL,11,20
2023-11-17T23:00:00Z,OTHER,GAS,2.3999509811401367,10
2023-11-17T23:00:00Z,OTHER,GAS COGEN,32.03299514876471,58
2023-11-17T23:00:00Z,OTHER,OIL/GAS,45.074181991153296,53
2023-11-17T23:00:00Z,OTHER,WOOD/REFUSE,95.73332124498155,149
2023-11-17T23:00:00Z,SOLAR,SOLAR,31.799443973335954,1420
2023-11-17T23:00:00Z,WIND,WIND,1764.3845307805802,4348
2023-11-18T00:00:00Z,COAL,COAL,804.0329881117079,820
2023-11-18T00:00:00Z,DUAL FUEL,DUAL FUEL,464.8902167087131,466
2023-11-18T00:00:00Z,ENERGY STORAGE,ENERGY STORAGE,4.4444613986545e-4,130
2023-11-18T00:00:00Z,GAS,COGENERATION,4160.2759953395525,5235
2023-11-18T00:00:00Z,GAS,COMBINED CYCLE,1632.2438595570459,3010
2023-11-18T00:00:00Z,GAS,GAS FIRED STEAM,1381.711561486986,2609
2023-11-18T00:00:00Z,GAS,SIMPLE CYCLE,229.06582999653287,959
2023-11-18T00:00:00Z,HYDRO,HYDRO,162.99321214629543,894
2023-11-18T00:00:00Z,OTHER,BIOMASS,105.10009525934855,154
2023-11-18T00:00:00Z,OTHER,DUAL FUEL,11,20
2023-11-18T00:00:00Z,OTHER,GAS,2.4947842240333555,10
2023-11-18T00:00:00Z,OTHER,GAS COGEN,32.31148996829987,58
2023-11-18T00:00:00Z,OTHER,OIL/GAS,44.668909503089054,53
2023-11-18T00:00:00Z,OTHER,WOOD/REFUSE,95.50366840733423,149
2023-11-18T00:00:00Z,SOLAR,SOLAR,0.7863889005117947,1420
2023-11-18T00:00:00Z,WIND,WIND,1879.755188345164,4348
2023-11-18T01:00:00Z,COAL,COAL,804.1888755120171,820
2023-11-18T01:00:00Z,DUAL FUEL,DUAL FUEL,464.89377080281577,466
2023-11-18T01:00:00Z,ENERGY STORAGE,ENERGY STORAGE,-0.02800010681152344,130
2023-11-18T01:00:00Z,GAS,COGENERATION,4162.028208957248,5235
2023-11-18T01:00:00Z,GAS,COMBINED CYCLE,1628.4229023064506,3010
2023-11-18T01:00:00Z,GAS,GAS FIRED STEAM,1333.474843120575,2609
2023-11-18T01:00:00Z,GAS,SIMPLE CYCLE,261.0905956839522,959
2023-11-18T01:00:00Z,HYDRO,HYDRO,104.39101717048221,894
2023-11-18T01:00:00Z,OTHER,BIOMASS,116.72222971227434,154
2023-11-18T01:00:00Z,OTHER,DUAL FUEL,12.348388406965467,20
2023-11-18T01:00:00Z,OTHER,GAS,2.499950885772705,10
2023-11-18T01:00:00Z,OTHER,GAS COGEN,35.22911978297763,58
2023-11-18T01:00:00Z,OTHER,OIL/GAS,44.59517087724474,53
2023-11-18T01:00:00Z,OTHER,WOOD/REFUSE,95.0909125577079,149
2023-11-18T01:00:00Z,SOLAR,SOLAR,0.800000011920929,1420
2023-11-18T01:00:00Z,WIND,WIND,1895.6733213974535,4348
2023-11-18T02:00:00Z,COAL,COAL,804.7697119479709,820
2023-11-18T02:00:00Z,DUAL FUEL,DUAL FUEL,464.942162238227,466
2023-11-18T02:00:00Z,ENERGY STORAGE,ENERGY STORAGE,-0.03905570454067654,130
2023-11-18T02:00:00Z,GAS,COGENERATION,4171.933016143905,5235
2023-11-18T02:00:00Z,GAS,COMBINED CYCLE,1610.5265982728533,3010
2023-11-18T02:00:00Z,GAS,GAS FIRED STEAM,1218.7004784117805,2609
2023-11-18T02:00:00Z,GAS,SIMPLE CYCLE,254.16867925776376,959
2023-11-18T02:00:00Z,HYDRO,HYDRO,117.4406426454915,894
2023-11-18T02:00:00Z,OTHER,BIOMASS,107.09621267583636,154
2023-11-18T02:00:00Z,OTHER,DUAL FUEL,12.677499477068585,20
2023-11-18T02:00:00Z,OTHER,GAS,2.499950885772705,10
2023-11-18T02:00:00Z,OTHER,GAS COGEN,33.27084204355876,58
2023-11-18T02:00:00Z,OTHER,OIL/GAS,44.88885542127821,53
2023-11-18T02:00:00Z,OTHER,WOOD/REFUSE,94.51602787918515,149
2023-11-18T02:00:00Z,SOLAR,SOLAR,0.3373333383599917,1420
2023-11-18T02:00:00Z,WIND,WIND,2052.2529264608193,4348
2023-11-18T03:00:00Z,COAL,COAL,804.5310427686903,820
2023-11-18T03:00:00Z,DUAL FUEL,DUAL FUEL,464.9152730136448,466
2023-11-18T03:00:00Z,ENERGY STORAGE,ENERGY STORAGE,-0.0322779009077284,130
2023-11-18T03:00:00Z,GAS,COGENERATION,4250.765176697042,5235
2023-11-18T03:00:00Z,GAS,COMBINED CYCLE,1582.194230179257,3010
2023-11-18T03:00:00Z,GAS,GAS FIRED STEAM,1113.7221012541984,2609
2023-11-18T03:00:00Z,GAS,SIMPLE CYCLE,227.26174505280122,959
2023-11-18T03:00:00Z,HYDRO,HYDRO,117.57778015149964,894
2023-11-18T03:00:00Z,OTHER,BIOMASS,106.27617978148992,154
2023-11-18T03:00:00Z,OTHER,DUAL FUEL,12.87149960041046,20
2023-11-18T03:00:00Z,OTHER,GAS,2.499950885772705,10
2023-11-18T03:00:00Z,OTHER,GAS COGEN,32.71754404438867,58
2023-11-18T03:00:00Z,OTHER,OIL/GAS,44.57215039147271,53
2023-11-18T03:00:00Z,OTHER,WOOD/REFUSE,93.42417081250085,149
2023-11-18T03:00:00Z,SOLAR,SOLAR,0,1420
2023-11-18T03:00:00Z,WIND,WIND,2138.6337163702647,4348
2023-11-18T04:00:00Z,COAL,COAL,803.6469338141547,820
2023-11-18T04:00:00Z,DUAL FUEL,DUAL FUEL,464.8951598273383,466
2023-11-18T04:00:00Z,ENERGY STORAGE,ENERGY STORAGE,-0.04822240617540147,130
2023-11-18T04:00:00Z,GAS,COGENERATION,4227.43043968704,5235
2023-11-18T04:00:00Z,GAS,COMBINED CYCLE,1443.6874106099872,3010
2023-11-18T04:00:00Z,GAS,GAS FIRED STEAM,1189.8983104070028,2609
2023-11-18T04:00:00Z,GAS,SIMPLE CYCLE,184.43527358916072,959
2023-11-18T04:00:00Z,HYDRO,HYDRO,135.99146444376973,894
2023-11-18T04:00:00Z,OTHER,BIOMASS,108.85845498190986,154
2023-11-18T04:00:00Z,OTHER,DUAL FUEL,12.851832921240064,20
2023-11-18T04:00:00Z,OTHER,GAS,2.499950885772705,10
2023-11-18T04:00:00Z,OTHER,GAS COGEN,34.02265903155009,58
2023-11-18T04:00:00Z,OTHER,OIL/GAS,44.71979305055407,53
2023-11-18T04:00:00Z,OTHER,WOOD/REFUSE,92.95547599421607,149
2023-11-18T04:00:00Z,SOLAR,SOLAR,0,1420
2023-11-18T04:00:00Z,WIND,WIND,2232.2200247777832,4348
2023-11-18T05:00:00Z,COAL,COAL,805.7638225470648,820
2023-11-18T05:00:00Z,DUAL FUEL,DUAL FUEL,464.8591621229384,466
2023-11-18T05:00:00Z,ENERGY STORAGE,ENERGY STORAGE,-0.00105555958218045,130
2023-11-18T05:00:00Z,GAS,COGENERATION,4226.880463920699,5235
2023-11-18T05:00:00Z,GAS,COMBINED CYCLE,1217.2591169341406,3010
2023-11-18T05:00:00Z,GAS,GAS FIRED STEAM,1217.9176938035753,2609
2023-11-18T05:00:00Z,GAS,SIMPLE CYCLE,220.95264546891053,959
2023-11-18T05:00:00Z,HYDRO,HYDRO,122.98945249665114,894
2023-11-18T05:00:00Z,OTHER,BIOMASS,117.10359444777171,154
2023-11-18T05:00:00Z,OTHER,DUAL FUEL,12.861832927597892,20
2023-11-18T05:00:00Z,OTHER,GAS,2.499950885772705,10
2023-11-18T05:00:00Z,OTHER,GAS COGEN,39.11910281605191,58
2023-11-18T05:00:00Z,OTHER,OIL/GAS,45.11358120176527,53
2023-11-18T05:00:00Z,OTHER,WOOD/REFUSE,98.22825309965346,149
2023-11-18T05:00:00Z,SOLAR,SOLAR,0,1420
2023-11-18T05:00:00Z,WIND,WIND,2275.1383400962086,4348
2023-11-18T06:00:00Z,COAL,COAL,804.3924352179633,820
2023-11-18T06:00:00Z,DUAL FUEL,DUAL FUEL,464.9692163594564,466
2023-11-18T06:00:00Z,ENERGY STORAGE,ENERGY STORAGE,-3.9036659802330864,130
2023-11-18T06:00:00Z,GAS,COGENERATION,4232.927409228749,5235
2023-11-18T06:00:00Z,GAS,COMBINED CYCLE,1247.2001685523987,3010
2023-11-18T06:00:00Z,GAS,GAS FIRED STEAM,1102.946676911248,2609
2023-11-18T06:00:00Z,GAS,SIMPLE CYCLE,243.10789744251304,959
2023-11-18T06:00:00Z,HYDRO,HYDRO,74.20163983383112,894
2023-11-18T06:00:00Z,OTHER,BIOMASS,109.03608900282119,154
2023-11-18T06:00:00Z,OTHER,DUAL FUEL,12.843499778641595,20
2023-11-18T06:00:00Z,OTHER,GAS,2.499950885772705,10
2023-11-18T06:00:00Z,OTHER,GAS COGEN,33.25664702945285,58
2023-11-18T06:00:00Z,OTHER,OIL/GAS,44.55966454188029,53
2023-11-18T06:00:00Z,OTHER,WOOD/REFUSE,93.03683132065667,149
2023-11-18T06:00:00Z,SOLAR,SOLAR,0,1420
2023-11-18T06:00:00Z,WIND,WIND,2269.5990604681438,4348
2023-11-18T07:00:00Z,COAL,COAL,805.047154252794,820
2023-11-18T07:00:00Z,DUAL FUEL,DUAL FUEL,464.7639389885797,466
2023-11-18T07:00:00Z,ENERGY STORAGE,ENERGY STORAGE,-2.3900552198621963,130
2023-11-18T07:00:00Z,GAS,COGENERATION,4235.315612025261,5235
2023-11-18T07:00:00Z,GAS,COMBINED CYCLE,1297.7009807157517,3010
2023-11-18T07:00:00Z,GAS,GAS FIRED STEAM,1093.863819978502,2609
2023-11-18T07:00:00Z,GAS,SIMPLE CYCLE,214.65019935429098,959
2023-11-18T07:00:00Z,HYDRO,HYDRO,105.8021446563469,894
2023-11-18T07:00:00Z,OTHER,BIOMASS,110.9791521051195,154
2023-11-18T07:00:00Z,OTHER,DUAL FUEL,12.800333523220486,20
2023-11-18T07:00:00Z,OTHER,GAS,2.499950885772705,10
2023-11-18T07:00:00Z,OTHER,GAS COGEN,35.11697068956163,58
2023-11-18T07:00:00Z,OTHER,OIL/GAS,44.18045931710137,53
2023-11-18T07:00:00Z,OTHER,WOOD/REFUSE,94.05531554381052,149
2023-11-18T07:00:00Z,SOLAR,SOLAR,0,1420
2023-11-18T07:00:00Z,WIND,WIND,1987.0590597347418,4348
2023-11-18T08:00:00Z,COAL,COAL,804.4362102762858,820
2023-11-18T08:00:00Z,DUAL FUEL,DUAL FUEL,464.8489400906033,466
2023-11-18T08:00:00Z,ENERGY STORAGE,ENERGY STORAGE,3.8889037238226e-4,130
2023-11-18T08:00:00Z,GAS,COGENERATION,4266.606239147716,5235
2023-11-18T08:00:00Z,GAS,COMBINED CYCLE,1294.4248274649515,3010
2023-11-18T08:00:00Z,GAS,GAS FIRED STEAM,1064.5784352111816,2609
2023-11-18T08:00:00Z,GAS,SIMPLE CYCLE,245.85824326833088,959
2023-11-18T08:00:00Z,HYDRO,HYDRO,83.60508615937498,894
2023-11-18T08:00:00Z,OTHER,BIOMASS,122.0457443608178,154
2023-11-18T08:00:00Z,OTHER,DUAL FUEL,12.800500189463298,20
2023-11-18T08:00:00Z,OTHER,GAS,2.499950885772705,10
2023-11-18T08:00:00Z,OTHER,GAS COGEN,44.897825062539845,58
2023-11-18T08:00:00Z,OTHER,OIL/GAS,44.27053245968289,53
2023-11-18T08:00:00Z,OTHER,WOOD/REFUSE,97.57286228232914,149
2023-11-18T08:00:00Z,SOLAR,SOLAR,0.06177496347162459,1420
2023-11-18T08:00:00Z,WIND,WIND,1800.9159368132136,4348
2023-11-18T09:00:00Z,COAL,COAL,804.022655520969,820
2023-11-18T09:00:00Z,DUAL FUEL,DUAL FUEL,465.06377232869465,466
2023-11-18T09:00:00Z,ENERGY STORAGE,ENERGY STORAGE,0.012555590735541442,130
2023-11-18T09:00:00Z,GAS,COGENERATION,4273.199297666285,5235
2023-11-18T09:00:00Z,GAS,COMBINED CYCLE,1305.5982680315442,3010
2023-11-18T09:00:00Z,GAS,GAS FIRED STEAM,1136.2182428529527,2609
2023-11-18T09:00:00Z,GAS,SIMPLE CYCLE,217.26003226412666,959
2023-11-18T09:00:00Z,HYDRO,HYDRO,123.50750510732333,894
2023-11-18T09:00:00Z,OTHER,BIOMASS,122.73375281651815,154
2023-11-18T09:00:00Z,OTHER,DUAL FUEL,12.796166854964362,20
2023-11-18T09:00:00Z,OTHER,GAS,2.499950885772705,10
2023-11-18T09:00:00Z,OTHER,GAS COGEN,43.114151313569806,58
2023-11-18T09:00:00Z,OTHER,OIL/GAS,44.35979260762532,53
2023-11-18T09:00:00Z,OTHER,WOOD/REFUSE,98.71651827547285,149
2023-11-18T09:00:00Z,SOLAR,SOLAR,0,1420
2023-11-18T09:00:00Z,WIND,WIND,1663.3609955009983,4348
2023-11-18T10:00:00Z,COAL,COAL,804.425762769911,820
2023-11-18T10:00:00Z,DUAL FUEL,DUAL FUEL,465.0032724338107,466
2023-11-18T10:00:00Z,ENERGY STORAGE,ENERGY STORAGE,0.01111113601260711,130
2023-11-18T10:00:00Z,GAS,COGENERATION,4277.706702358988,5235
2023-11-18T10:00:00Z,GAS,COMBINED CYCLE,1301.880098422898,3010
2023-11-18T10:00:00Z,GAS,GAS FIRED STEAM,1175.6956488376193,2609
2023-11-18T10:00:00Z,GAS,SIMPLE CYCLE,250.79547375890945,959
2023-11-18T10:00:00Z,HYDRO,HYDRO,103.5852155835761,894
2023-11-18T10:00:00Z,OTHER,BIOMASS,122.64617926597596,154
2023-11-18T10:00:00Z,OTHER,DUAL FUEL,12.800000190734863,20
2023-11-18T10:00:00Z,OTHER,GAS,2.499950885772705,10
2023-11-18T10:00:00Z,OTHER,GAS COGEN,45.32323571258121,58
2023-11-18T10:00:00Z,OTHER,OIL/GAS,43.99060500674778,53
2023-11-18T10:00:00Z,OTHER,WOOD/REFUSE,100.95044397936928,149
2023-11-18T10:00:00Z,SOLAR,SOLAR,0,1420
2023-11-18T10:00:00Z,WIND,WIND,1500.5511871060812,4348
2023-11-18T11:00:00Z,COAL,COAL,803.9098178948296,820
2023-11-18T11:00:00Z,DUAL FUEL,DUAL FUEL,465.1118293592665,466
2023-11-18T11:00:00Z,ENERGY STORAGE,ENERGY STORAGE,-5.095443490346272,130
2023-11-18T11:00:00Z,GAS,COGENERATION,4268.877193859683,5235
2023-11-18T11:00:00Z,GAS,COMBINED CYCLE,1277.2221045033139,3010
2023-11-18T11:00:00Z,GAS,GAS FIRED STEAM,1041.590040037367,2609
2023-11-18T11:00:00Z,GAS,SIMPLE CYCLE,210.38213647865587,959
2023-11-18T11:00:00Z,HYDRO,HYDRO,119.53492032653756,894
2023-11-18T11:00:00Z,OTHER,BIOMASS,115.86398023764292,154
2023-11-18T11:00:00Z,OTHER,DUAL FUEL,12.800000190734863,20
2023-11-18T11:00:00Z,OTHER,GAS,2.499950885772705,10
2023-11-18T11:00:00Z,OTHER,GAS COGEN,37.346136938201056,58
2023-11-18T11:00:00Z,OTHER,OIL/GAS,44.153259145948624,53
2023-11-18T11:00:00Z,OTHER,WOOD/REFUSE,97.4518820116255,149
2023-11-18T11:00:00Z,SOLAR,SOLAR,-0.11177441929777464,1420
2023-11-18T11:00:00Z,WIND,WIND,1545.2786151522812,4348
2023-11-18T12:00:00Z,COAL,COAL,805.456929880778,820
2023-11-18T12:00:00Z,DUAL FUEL,DUAL FUEL,465.0610498046875,466
2023-11-18T12:00:00Z,ENERGY STORAGE,ENERGY STORAGE,-4.7892210547129315,130
2023-11-18T12:00:00Z,GAS,COGENERATION,4270.309405514135,5235
2023-11-18T12:00:00Z,GAS,COMBINED CYCLE,1275.7008186806572,3010
2023-11-18T12:00:00Z,GAS,GAS FIRED STEAM,1027.030840335422,2609
2023-11-18T12:00:00Z,GAS,SIMPLE CYCLE,250.09145765218472,959
2023-11-18T12:00:00Z,HYDRO,HYDRO,81.89622062630123,894
2023-11-18T12:00:00Z,OTHER,BIOMASS,123.56215616385143,154
2023-11-18T12:00:00Z,OTHER,DUAL FUEL,12.800500189463298,20
2023-11-18T12:00:00Z,OTHER,GAS,2.499950885772705,10
2023-11-18T12:00:00Z,OTHER,GAS COGEN,40.71737880600823,58
2023-11-18T12:00:00Z,OTHER,OIL/GAS,44.73486053890653,53
2023-11-18T12:00:00Z,OTHER,WOOD/REFUSE,98.71320868810017,149
2023-11-18T12:00:00Z,SOLAR,SOLAR,-0.05218138251039717,1420
2023-11-18T12:00:00Z,WIND,WIND,1540.4785002669776,4348
2023-11-18T13:00:00Z,COAL,COAL,804.9848751831055,820
2023-11-18T13:00:00Z,DUAL FUEL,DUAL FUEL,465.1189387851291,466
2023-11-18T13:00:00Z,ENERGY STORAGE,ENERGY STORAGE,0.00422223832872178,130
2023-11-18T13:00:00Z,GAS,COGENERATION,4273.815607656373,5235
2023-11-18T13:00:00Z,GAS,COMBINED CYCLE,1288.8998123200734,3010
2023-11-18T13:00:00Z,GAS,GAS FIRED STEAM,982.5184729766845,2609
2023-11-18T13:00:00Z,GAS,SIMPLE CYCLE,247.7656124414338,959
2023-11-18T13:00:00Z,HYDRO,HYDRO,74.46712450303966,894
2023-11-18T13:00:00Z,OTHER,BIOMASS,106.9308584716585,154
2023-11-18T13:00:00Z,OTHER,DUAL FUEL,12.79866685655382,20
2023-11-18T13:00:00Z,OTHER,GAS,2.499950885772705,10
2023-11-18T13:00:00Z,OTHER,GAS COGEN,34.27254067103068,58
2023-11-18T13:00:00Z,OTHER,OIL/GAS,44.60924904293484,53
2023-11-18T13:00:00Z,OTHER,WOOD/REFUSE,93.84903604560428,149
2023-11-18T13:00:00Z,SOLAR,SOLAR,-0.12264340314600204,1420
2023-11-18T13:00:00Z,WIND,WIND,1705.2369991760122,4348
2023-11-18T14:00:00Z,COAL,COAL,805.3719879150392,820
2023-11-18T14:00:00Z,DUAL FUEL,DUAL FUEL,465.0707713317871,466
2023-11-18T14:00:00Z,ENERGY STORAGE,ENERGY STORAGE,0.008166691992017952,130
2023-11-18T14:00:00Z,GAS,COGENERATION,4267.582901203898,5235
2023-11-18T14:00:00Z,GAS,COMBINED CYCLE,1245.3838481998446,3010
2023-11-18T14:00:00Z,GAS,GAS FIRED STEAM,917.5720959642198,2609
2023-11-18T14:00:00Z,GAS,SIMPLE CYCLE,208.1044055770834,959
2023-11-18T14:00:00Z,HYDRO,HYDRO,104.70923078073395,894
2023-11-18T14:00:00Z,OTHER,BIOMASS,107.42862295945486,154
2023-11-18T14:00:00Z,OTHER,DUAL FUEL,12.800000190734863,20
2023-11-18T14:00:00Z,OTHER,GAS,2.499950885772705,10
2023-11-18T14:00:00Z,OTHER,GAS COGEN,34.392784702512955,58
2023-11-18T14:00:00Z,OTHER,OIL/GAS,44.0577664396498,53
2023-11-18T14:00:00Z,OTHER,WOOD/REFUSE,92.15767453352612,149
2023-11-18T14:00:00Z,SOLAR,SOLAR,0.06102423167890971,1420
2023-11-18T14:00:00Z,WIND,WIND,1882.437749461664,4348
2023-11-18T15:00:00Z,COAL,COAL,803.67087890625,820
2023-11-18T15:00:00Z,DUAL FUEL,DUAL FUEL,465.1063270568848,466
2023-11-18T15:00:00Z,ENERGY STORAGE,ENERGY STORAGE,3.3333460489908e-4,130
2023-11-18T15:00:00Z,GAS,COGENERATION,4248.730821544859,5235
2023-11-18T15:00:00Z,GAS,COMBINED CYCLE,1266.40720849567,3010
2023-11-18T15:00:00Z,GAS,GAS FIRED STEAM,839.136940828959,2609
2023-11-18T15:00:00Z,GAS,SIMPLE CYCLE,210.79421878059705,959
2023-11-18T15:00:00Z,HYDRO,HYDRO,88.77397941286364,894
2023-11-18T15:00:00Z,OTHER,BIOMASS,108.80351580460867,154
2023-11-18T15:00:00Z,OTHER,DUAL FUEL,12.9027222416136,20
2023-11-18T15:00:00Z,OTHER,GAS,2.4981731096903483,10
2023-11-18T15:00:00Z,OTHER,GAS COGEN,33.70097389327155,58
2023-11-18T15:00:00Z,OTHER,OIL/GAS,43.76941610124376,53
2023-11-18T15:00:00Z,OTHER,WOOD/REFUSE,91.56949824545119,149
2023-11-18T15:00:00Z,SOLAR,SOLAR,121.21701569681366,1420
2023-11-18T15:00:00Z,WIND,WIND,2035.9014005117947,4348
2023-11-18T16:00:00Z,COAL,COAL,804.8600436062284,820
2023-11-18T16:00:00Z,DUAL FUEL,DUAL FUEL,464.93160469902887,466
2023-11-18T16:00:00Z,ENERGY STORAGE,ENERGY STORAGE,-0.9580551687876383,130
2023-11-18T16:00:00Z,GAS,COGENERATION,4130.155958855947,5235
2023-11-18T16:00:00Z,GAS,COMBINED CYCLE,1222.7176734352113,3010
2023-11-18T16:00:00Z,GAS,GAS FIRED STEAM,624.6726179631551,2609
2023-11-18T16:00:00Z,GAS,SIMPLE CYCLE,187.7441081634495,959
2023-11-18T16:00:00Z,HYDRO,HYDRO,75.37001367131869,894
2023-11-18T16:00:00Z,OTHER,BIOMASS,107.89928907288446,154
2023-11-18T16:00:00Z,OTHER,DUAL FUEL,12.702333144081964,20
2023-11-18T16:00:00Z,OTHER,GAS,2.2999510765075684,10
2023-11-18T16:00:00Z,OTHER,GAS COGEN,32.57572611278958,58
2023-11-18T16:00:00Z,OTHER,OIL/GAS,43.76248231463962,53
2023-11-18T16:00:00Z,OTHER,WOOD/REFUSE,91.02190749433305,149
2023-11-18T16:00:00Z,SOLAR,SOLAR,578.8976771886812,1420
2023-11-18T16:00:00Z,WIND,WIND,2135.194325059056,4348
2023-11-18T17:00:00Z,COAL,COAL,803.8999898613824,820
2023-11-18T17:00:00Z,DUAL FUEL,DUAL FUEL,465.0411603122287,466
2023-11-18T17:00:00Z,ENERGY STORAGE,ENERGY STORAGE,-2.924110554324256,130
2023-11-18T17:00:00Z,GAS,COGENERATION,4082.731693238947,5235
2023-11-18T17:00:00Z,GAS,COMBINED CYCLE,1275.1162998983596,3010
2023-11-18T17:00:00Z,GAS,GAS FIRED STEAM,582.9232995478312,2609
2023-11-18T17:00:00Z,GAS,SIMPLE CYCLE,186.76311034520467,959
2023-11-18T17:00:00Z,HYDRO,HYDRO,127.24927264491718,894
2023-11-18T17:00:00Z,OTHER,BIOMASS,107.10398068163128,154
2023-11-18T17:00:00Z,OTHER,DUAL FUEL,12.563610852029589,20
2023-11-18T17:00:00Z,OTHER,GAS,2.2999510765075684,10
2023-11-18T17:00:00Z,OTHER,GAS COGEN,32.68902256700728,58
2023-11-18T17:00:00Z,OTHER,OIL/GAS,44.2221876695421,53
2023-11-18T17:00:00Z,OTHER,WOOD/REFUSE,90.66441428131527,149
2023-11-18T17:00:00Z,SOLAR,SOLAR,762.2092172106106,1420
2023-11-18T17:00:00Z,WIND,WIND,2016.871882455084,4348
2023-11-18T18:00:00Z,COAL,COAL,803.3893765597874,820
2023-11-18T18:00:00Z,DUAL FUEL,DUAL FUEL,465.1426060824924,466
2023-11-18T18:00:00Z,ENERGY STORAGE,ENERGY STORAGE,-4.783999191655053,130
2023-11-18T18:00:00Z,GAS,COGENERATION,4054.959076475567,5235
2023-11-18T18:00:00Z,GAS,COMBINED CYCLE,1395.9897790384293,3010
2023-11-18T18:00:00Z,GAS,GAS FIRED STEAM,582.0853713077969,2609
2023-11-18T18:00:00Z,GAS,SIMPLE CYCLE,188.77077246665954,959
2023-11-18T18:00:00Z,HYDRO,HYDRO,144.77429544230301,894
2023-11-18T18:00:00Z,OTHER,BIOMASS,106.19781380176545,154
2023-11-18T18:00:00Z,OTHER,DUAL FUEL,12.398332950803969,20
2023-11-18T18:00:00Z,OTHER,GAS,2.2999510765075684,10
2023-11-18T18:00:00Z,OTHER,GAS COGEN,32.71927777396308,58
2023-11-18T18:00:00Z,OTHER,OIL/GAS,43.91025476667616,53
2023-11-18T18:00:00Z,OTHER,WOOD/REFUSE,89.3318691110611,149
2023-11-18T18:00:00Z,SOLAR,SOLAR,736.5766343124708,1420
2023-11-18T18:00:00Z,WIND,WIND,1945.4318267401886,4348
2023-11-18T19:00:00Z,COAL,COAL,805.2130423990886,820
2023-11-18T19:00:00Z,DUAL FUEL,DUAL FUEL,464.8713281419542,466
2023-11-18T19:00:00Z,ENERGY STORAGE,ENERGY STORAGE,-4.211832512749567,130
2023-11-18T19:00:00Z,GAS,COGENERATION,4061.874996367163,5235
2023-11-18T19:00:00Z,GAS,COMBINED CYCLE,1323.7317533503638,3010
2023-11-18T19:00:00Z,GAS,GAS FIRED STEAM,658.5984292475382,2609
2023-11-18T19:00:00Z,GAS,SIMPLE CYCLE,201.55972021155887,959
2023-11-18T19:00:00Z,HYDRO,HYDRO,156.94869304319224,894
2023-11-18T19:00:00Z,OTHER,BIOMASS,108.1268845293257,154
2023-11-18T19:00:00Z,OTHER,DUAL FUEL,12.273832871649,20
2023-11-18T19:00:00Z,OTHER,GAS,2.2999510765075684,10
2023-11-18T19:00:00Z,OTHER,GAS COGEN,32.02141885810428,58
2023-11-18T19:00:00Z,OTHER,OIL/GAS,43.63649903827243,53
2023-11-18T19:00:00Z,OTHER,WOOD/REFUSE,88.05340757052103,149
2023-11-18T19:00:00Z,SOLAR,SOLAR,583.7053243122498,1420
2023-11-18T19:00:00Z,WIND,WIND,2063.6228673695523,4348
2023-11-18T20:00:00Z,COAL,COAL,802.7698201497396,820
2023-11-18T20:00:00Z,DUAL FUEL,DUAL FUEL,464.9559365675185,466
2023-11-18T20:00:00Z,ENERGY STORAGE,ENERGY STORAGE,-5.529109642770555,130
2023-11-18T20:00:00Z,GAS,COGENERATION,4083.0597978460787,5235
2023-11-18T20:00:00Z,GAS,COMBINED CYCLE,1347.7192216152616,3010
2023-11-18T20:00:00Z,GAS,GAS FIRED STEAM,673.8496291478475,2609
2023-11-18T20:00:00Z,GAS,SIMPLE CYCLE,205.82588755925497,959
2023-11-18T20:00:00Z,HYDRO,HYDRO,115.87434184206857,894
2023-11-18T20:00:00Z,OTHER,BIOMASS,107.25434439606137,154
2023-11-18T20:00:00Z,OTHER,DUAL FUEL,12.09999942779541,20
2023-11-18T20:00:00Z,OTHER,GAS,2.2999510765075684,10
2023-11-18T20:00:00Z,OTHER,GAS COGEN,31.976854355600143,58
2023-11-18T20:00:00Z,OTHER,OIL/GAS,42.02681534025404,53
2023-11-18T20:00:00Z,OTHER,WOOD/REFUSE,88.52631026691861,149
2023-11-18T20:00:00Z,SOLAR,SOLAR,594.9017760610581,1420
2023-11-18T20:00:00Z,WIND,WIND,2233.4542884989746,4348
2023-11-18T21:00:00Z,COAL,COAL,804.3408763800727,820
2023-11-18T21:00:00Z,DUAL FUEL,DUAL FUEL,464.7742168511285,466
2023-11-18T21:00:00Z,ENERGY STORAGE,ENERGY STORAGE,-4.7415545696682395,130
2023-11-18T21:00:00Z,GAS,COGENERATION,4003.8496189994285,5235
2023-11-18T21:00:00Z,GAS,COMBINED CYCLE,1443.4903644884957,3010
2023-11-18T21:00:00Z,GAS,GAS FIRED STEAM,632.9117693795098,2609
2023-11-18T21:00:00Z,GAS,SIMPLE CYCLE,132.79566451311112,959
2023-11-18T21:00:00Z,HYDRO,HYDRO,103.07828927189111,894
2023-11-18T21:00:00Z,OTHER,BIOMASS,106.9394445265664,154
2023-11-18T21:00:00Z,OTHER,DUAL FUEL,12.09999942779541,20
2023-11-18T21:00:00Z,OTHER,GAS,2.2999510765075684,10
2023-11-18T21:00:00Z,OTHER,GAS COGEN,31.999654287762112,58
2023-11-18T21:00:00Z,OTHER,OIL/GAS,41.738799025217695,53
2023-11-18T21:00:00Z,OTHER,WOOD/REFUSE,87.88626533932157,149
2023-11-18T21:00:00Z,SOLAR,SOLAR,649.3970066562295,1420
2023-11-18T21:00:00Z,WIND,WIND,2393.1662817797396,4348
2023-11-18T22:00:00Z,COAL,COAL,805.3132105339898,820
2023-11-18T22:00:00Z,DUAL FUEL,DUAL FUEL,464.9884937879774,466
2023-11-18T22:00:00Z,ENERGY STORAGE,ENERGY STORAGE,-4.2478321901957194,130
2023-11-18T22:00:00Z,GAS,COGENERATION,3982.889983459711,5235
2023-11-18T22:00:00Z,GAS,COMBINED CYCLE,1478.6445139476987,3010
2023-11-18T22:00:00Z,GAS,GAS FIRED STEAM,585.9499883227878,2609
2023-11-18T22:00:00Z,GAS,SIMPLE CYCLE,123.25238699467646,959
2023-11-18T22:00:00Z,HYDRO,HYDRO,152.19848812745676,894
2023-11-18T22:00:00Z,OTHER,BIOMASS,106.88260276370578,154
2023-11-18T22:00:00Z,OTHER,DUAL FUEL,12.099832761552598,20
2023-11-18T22:00:00Z,OTHER,GAS,2.2999510765075684,10
2023-11-18T22:00:00Z,OTHER,GAS COGEN,32.207454239527394,58
2023-11-18T22:00:00Z,OTHER,OIL/GAS,41.82725445641412,53
2023-11-18T22:00:00Z,OTHER,WOOD/REFUSE,88.02142469300165,149
2023-11-18T22:00:00Z,SOLAR,SOLAR,325.6226385875543,1420
2023-11-18T22:00:00Z,WIND,WIND,2726.9609959895083,4348
2023-11-18T23:00:00Z,COAL,COAL,803.7152124532063,820
2023-11-18T23:00:00Z,DUAL FUEL,DUAL FUEL,464.91104941474066,466
2023-11-18T23:00:00Z,ENERGY STORAGE,ENERGY STORAGE,-3.7325545395745174,130
2023-11-18T23:00:00Z,GAS,COGENERATION,4072.1654487555556,5235
2023-11-18T23:00:00Z,GAS,COMBINED CYCLE,1521.201321772999,3010
2023-11-18T23:00:00Z,GAS,GAS FIRED STEAM,674.2814838282267,2609
2023-11-18T23:00:00Z,GAS,SIMPLE CYCLE,138.56949756145477,959
2023-11-18T23:00:00Z,HYDRO,HYDRO,195.45822243799768,894
2023-11-18T23:00:00Z,OTHER,BIOMASS,106.51206854343414,154
2023-11-18T23:00:00Z,OTHER,DUAL FUEL,12.252666191524929,20
2023-11-18T23:00:00Z,OTHER,GAS,2.315062173207601,10
2023-11-18T23:00:00Z,OTHER,GAS COGEN,32.34267709838019,58
2023-11-18T23:00:00Z,OTHER,OIL/GAS,42.08237139172024,53
2023-11-18T23:00:00Z,OTHER,WOOD/REFUSE,88.96517928971184,149
2023-11-18T23:00:00Z,SOLAR,SOLAR,32.17387294572261,1420
2023-11-18T23:00:00Z,WIND,WIND,3010.4808369986217,4348
2023-11-19T00:00:00Z,COAL,COAL,804.2508206515843,820
2023-11-19T00:00:00Z,DUAL FUEL,DUAL FUEL,464.8847732543946,466
2023-11-19T00:00:00Z,ENERGY STORAGE,ENERGY STORAGE,-1.662666255633036,130
2023-11-19T00:00:00Z,GAS,COGENERATION,4133.260112565491,5235
2023-11-19T00:00:00Z,GAS,COMBINED CYCLE,1570.0278292269177,3010
2023-11-19T00:00:00Z,GAS,GAS FIRED STEAM,725.7177305179172,2609
2023-11-19T00:00:00Z,GAS,SIMPLE CYCLE,224.68149712456596,959
2023-11-19T00:00:00Z,HYDRO,HYDRO,155.1631443992588,894
2023-11-19T00:00:00Z,OTHER,BIOMASS,106.3446663093567,154
2023-11-19T00:00:00Z,OTHER,DUAL FUEL,12.399999618530272,20
2023-11-19T00:00:00Z,OTHER,GAS,2.499950885772705,10
2023-11-19T00:00:00Z,OTHER,GAS COGEN,32.27100222852495,58
2023-11-19T00:00:00Z,OTHER,OIL/GAS,42.54428767522176,53
2023-11-19T00:00:00Z,OTHER,WOOD/REFUSE,87.70706075403425,149
2023-11-19T00:00:00Z,SOLAR,SOLAR,0,1420
2023-11-19T00:00:00Z,WIND,WIND,3083.006388595899,4348
2023-11-19T01:00:00Z,COAL,COAL,804.0861543443467,820
2023-11-19T01:00:00Z,DUAL FUEL,DUAL FUEL,464.70621483696834,466
2023-11-19T01:00:00Z,ENERGY STORAGE,ENERGY STORAGE,-0.004722238646613212,130
2023-11-19T01:00:00Z,GAS,COGENERATION,4150.752526281145,5235
2023-11-19T01:00:00Z,GAS,COMBINED CYCLE,1575.8961682775284,3010
2023-11-19T01:00:00Z,GAS,GAS FIRED STEAM,735.6092334810892,2609
2023-11-19T01:00:00Z,GAS,SIMPLE CYCLE,209.81433065242237,959
2023-11-19T01:00:00Z,HYDRO,HYDRO,134.13101408547826,894
2023-11-19T01:00:00Z,OTHER,BIOMASS,104.7968234348297,154
2023-11-19T01:00:00Z,OTHER,DUAL FUEL,12.670166459613377,20
2023-11-19T01:00:00Z,OTHER,GAS,2.499950885772705,10
2023-11-19T01:00:00Z,OTHER,GAS COGEN,31.851545143127442,58
2023-11-19T01:00:00Z,OTHER,OIL/GAS,42.78508151160346,53
2023-11-19T01:00:00Z,OTHER,WOOD/REFUSE,86.71399214002821,149
2023-11-19T01:00:00Z,SOLAR,SOLAR,0,1420
2023-11-19T01:00:00Z,WIND,WIND,3021.608549838596,4348
2023-11-19T02:00:00Z,COAL,COAL,803.3154895697701,820
2023-11-19T02:00:00Z,DUAL FUEL,DUAL FUEL,464.7842159525553,466
2023-11-19T02:00:00Z,ENERGY STORAGE,ENERGY STORAGE,2.2222306993272e-4,130
2023-11-19T02:00:00Z,GAS,COGENERATION,4199.517814396885,5235
2023-11-19T02:00:00Z,GAS,COMBINED CYCLE,1605.7843966711891,3010
2023-11-19T02:00:00Z,GAS,GAS FIRED STEAM,742.9987225892809,2609
2023-11-19T02:00:00Z,GAS,SIMPLE CYCLE,123.96249837405152,959
2023-11-19T02:00:00Z,HYDRO,HYDRO,143.84980151558915,894
2023-11-19T02:00:00Z,OTHER,BIOMASS,104.49455354266696,154
2023-11-19T02:00:00Z,OTHER,DUAL FUEL,9.946277918815612,20
2023-11-19T02:00:00Z,OTHER,GAS,2.499950885772705,10
2023-11-19T02:00:00Z,OTHER,GAS COGEN,32.6610013935301,58
2023-11-19T02:00:00Z,OTHER,OIL/GAS,43.35067134433322,53
2023-11-19T02:00:00Z,OTHER,WOOD/REFUSE,86.74359422895644,149
2023-11-19T02:00:00Z,SOLAR,SOLAR,0,1420
2023-11-19T02:00:00Z,WIND,WIND,3035.1778644564415,4348
2023-11-19T03:00:00Z,COAL,COAL,803.0152104356554,820
2023-11-19T03:00:00Z,DUAL FUEL,DUAL FUEL,464.89143798828127,466
2023-11-19T03:00:00Z,ENERGY STORAGE,ENERGY STORAGE,5.5555767483181e-4,130
2023-11-19T03:00:00Z,GAS,COGENERATION,4234.219786791669,5235
2023-11-19T03:00:00Z,GAS,COMBINED CYCLE,1606.8125680160522,3010
2023-11-19T03:00:00Z,GAS,GAS FIRED STEAM,723.4615445815192,2609
2023-11-19T03:00:00Z,GAS,SIMPLE CYCLE,119.18499786376952,959
2023-11-19T03:00:00Z,HYDRO,HYDRO,116.82511143063506,894
2023-11-19T03:00:00Z,OTHER,BIOMASS,106.8139024125205,154
2023-11-19T03:00:00Z,OTHER,DUAL FUEL,9.804166846805147,20
2023-11-19T03:00:00Z,OTHER,GAS,2.499950885772705,10
2023-11-19T03:00:00Z,OTHER,GAS COGEN,32.51906941201952,58
2023-11-19T03:00:00Z,OTHER,OIL/GAS,43.123343522813585,53
2023-11-19T03:00:00Z,OTHER,WOOD/REFUSE,86.78160753515033,149
2023-11-19T03:00:00Z,SOLAR,SOLAR,0,1420
2023-11-19T03:00:00Z,WIND,WIND,2956.9446553998523,4348
2023-11-19T04:00:00Z,COAL,COAL,803.851100209554,820
2023-11-19T04:00:00Z,DUAL FUEL,DUAL FUEL,465.1929374186198,466
2023-11-19T04:00:00Z,ENERGY STORAGE,ENERGY STORAGE,0.0030000098546346,130
2023-11-19T04:00:00Z,GAS,COGENERATION,4225.627701474693,5235
2023-11-19T04:00:00Z,GAS,COMBINED CYCLE,1518.6433546617297,3010
2023-11-19T04:00:00Z,GAS,GAS FIRED STEAM,715.6349721103244,2609
2023-11-19T04:00:00Z,GAS,SIMPLE CYCLE,119.06966492758858,959
2023-11-19T04:00:00Z,HYDRO,HYDRO,114.66190676126216,894
2023-11-19T04:00:00Z,OTHER,BIOMASS,105.7742364581426,154
2023-11-19T04:00:00Z,OTHER,DUAL FUEL,9.807500171661378,20
2023-11-19T04:00:00Z,OTHER,GAS,2.499950885772705,10
2023-11-19T04:00:00Z,OTHER,GAS COGEN,32.34431366920471,58
2023-11-19T04:00:00Z,OTHER,OIL/GAS,44.010076160430906,53
2023-11-19T04:00:00Z,OTHER,WOOD/REFUSE,86.9553073167801,149
2023-11-19T04:00:00Z,SOLAR,SOLAR,0,1420
2023-11-19T04:00:00Z,WIND,WIND,2915.2507056197855,4348
2023-11-19T05:00:00Z,COAL,COAL,802.8565460713704,820
2023-11-19T05:00:00Z,DUAL FUEL,DUAL FUEL,465.29843641493056,466
2023-11-19T05:00:00Z,ENERGY STORAGE,ENERGY STORAGE,-0.00172222879197862,130
2023-11-19T05:00:00Z,GAS,COGENERATION,4186.819632763995,5235
2023-11-19T05:00:00Z,GAS,COMBINED CYCLE,1452.2724921147028,3010
2023-11-19T05:00:00Z,GAS,GAS FIRED STEAM,681.078265071445,2609
2023-11-19T05:00:00Z,GAS,SIMPLE CYCLE,79.29010868416891,959
2023-11-19T05:00:00Z,HYDRO,HYDRO,123.08385229142176,894
2023-11-19T05:00:00Z,OTHER,BIOMASS,102.65948136117723,154
2023-11-19T05:00:00Z,OTHER,DUAL FUEL,9.819166808658176,20
2023-11-19T05:00:00Z,OTHER,GAS,2.499950885772705,10
2023-11-19T05:00:00Z,OTHER,GAS COGEN,32.621972649892164,58
2023-11-19T05:00:00Z,OTHER,OIL/GAS,44.42497721778022,53
2023-11-19T05:00:00Z,OTHER,WOOD/REFUSE,87.24468080626593,149
2023-11-19T05:00:00Z,SOLAR,SOLAR,0,1420
2023-11-19T05:00:00Z,WIND,WIND,2824.037444248332,4348
2023-11-19T06:00:00Z,COAL,COAL,805.5154297044542,820
2023-11-19T06:00:00Z,DUAL FUEL,DUAL FUEL,465.2326053025987,466
2023-11-19T06:00:00Z,ENERGY STORAGE,ENERGY STORAGE,-8.888922797309e-4,130
2023-11-19T06:00:00Z,GAS,COGENERATION,4169.564584889279,5235
2023-11-19T06:00:00Z,GAS,COMBINED CYCLE,1446.4226676315732,3010
2023-11-19T06:00:00Z,GAS,GAS FIRED STEAM,681.41635693868,2609
2023-11-19T06:00:00Z,GAS,SIMPLE CYCLE,76.20166427824232,959
2023-11-19T06:00:00Z,HYDRO,HYDRO,103.14823019209835,894
2023-11-19T06:00:00Z,OTHER,BIOMASS,102.5580750465393,154
2023-11-19T06:00:00Z,OTHER,DUAL FUEL,9.936833390659755,20
2023-11-19T06:00:00Z,OTHER,GAS,2.499950885772705,10
2023-11-19T06:00:00Z,OTHER,GAS COGEN,32.31082503848606,58
2023-11-19T06:00:00Z,OTHER,OIL/GAS,44.31664885203043,53
2023-11-19T06:00:00Z,OTHER,WOOD/REFUSE,87.73981935660045,149
2023-11-19T06:00:00Z,SOLAR,SOLAR,0,1420
2023-11-19T06:00:00Z,WIND,WIND,2722.1421216726635,4348
2023-11-19T07:00:00Z,COAL,COAL,804.4433765326605,820
2023-11-19T07:00:00Z,DUAL FUEL,DUAL FUEL,465.2122726609972,466
2023-11-19T07:00:00Z,ENERGY STORAGE,ENERGY STORAGE,-0.00261112107170952,130
2023-11-19T07:00:00Z,GAS,COGENERATION,4233.2113967519335,5235
2023-11-19T07:00:00Z,GAS,COMBINED CYCLE,1333.3170074584748,3010
2023-11-19T07:00:00Z,GAS,GAS FIRED STEAM,744.1047977383931,2609
2023-11-19T07:00:00Z,GAS,SIMPLE CYCLE,76.26677697499593,959
2023-11-19T07:00:00Z,HYDRO,HYDRO,83.3878557102051,894
2023-11-19T07:00:00Z,OTHER,BIOMASS,105.4902546204461,154
2023-11-19T07:00:00Z,OTHER,DUAL FUEL,9.999166666136848,20
2023-11-19T07:00:00Z,OTHER,GAS,2.464006475607554,10
2023-11-19T07:00:00Z,OTHER,GAS COGEN,32.434567677709794,58
2023-11-19T07:00:00Z,OTHER,OIL/GAS,44.58822599834866,53
2023-11-19T07:00:00Z,OTHER,WOOD/REFUSE,88.378397453626,149
2023-11-19T07:00:00Z,SOLAR,SOLAR,0,1420
2023-11-19T07:00:00Z,WIND,WIND,2513.031094496863,4348
2023-11-19T08:00:00Z,COAL,COAL,804.2343234252929,820
2023-11-19T08:00:00Z,DUAL FUEL,DUAL FUEL,465.3316051398383,466
2023-11-19T08:00:00Z,ENERGY STORAGE,ENERGY STORAGE,0.00533335261874728,130
2023-11-19T08:00:00Z,GAS,COGENERATION,4232.865336077875,5235
2023-11-19T08:00:00Z,GAS,COMBINED CYCLE,1327.656098613739,3010
2023-11-19T08:00:00Z,GAS,GAS FIRED STEAM,689.832469467587,2609
2023-11-19T08:00:00Z,GAS,SIMPLE CYCLE,76.25811030917697,959
2023-11-19T08:00:00Z,HYDRO,HYDRO,79.44799325856899,894
2023-11-19T08:00:00Z,OTHER,BIOMASS,106.14322532653809,154
2023-11-19T08:00:00Z,OTHER,DUAL FUEL,10,20
2023-11-19T08:00:00Z,OTHER,GAS,2.3999509811401367,10
2023-11-19T08:00:00Z,OTHER,GAS COGEN,32.56463463836246,58
2023-11-19T08:00:00Z,OTHER,OIL/GAS,45.13825383292304,53
2023-11-19T08:00:00Z,OTHER,WOOD/REFUSE,89.04012999428645,149
2023-11-19T08:00:00Z,SOLAR,SOLAR,0,1420
2023-11-19T08:00:00Z,WIND,WIND,2431.1596887839005,4348
2023-11-19T09:00:00Z,COAL,COAL,802.3659319898817,820
2023-11-19T09:00:00Z,DUAL FUEL,DUAL FUEL,465.2440505472819,466
2023-11-19T09:00:00Z,ENERGY STORAGE,ENERGY STORAGE,-1.1111153496635858e-4,130
2023-11-19T09:00:00Z,GAS,COGENERATION,4216.167208529579,5235
2023-11-19T09:00:00Z,GAS,COMBINED CYCLE,1336.2509579086304,3010
2023-11-19T09:00:00Z,GAS,GAS FIRED STEAM,648.3273768107096,2609
2023-11-19T09:00:00Z,GAS,SIMPLE CYCLE,76.1692766433292,959
2023-11-19T09:00:00Z,HYDRO,HYDRO,100.3914199044307,894
2023-11-19T09:00:00Z,OTHER,BIOMASS,106.15492163499196,154
2023-11-19T09:00:00Z,OTHER,DUAL FUEL,9.997499998410545,20
2023-11-19T09:00:00Z,OTHER,GAS,2.3999509811401367,10
2023-11-19T09:00:00Z,OTHER,GAS COGEN,32.789950412114464,58
2023-11-19T09:00:00Z,OTHER,OIL/GAS,45.37681562635634,53
2023-11-19T09:00:00Z,OTHER,WOOD/REFUSE,88.98027159108057,149
2023-11-19T09:00:00Z,SOLAR,SOLAR,0,1420
2023-11-19T09:00:00Z,WIND,WIND,2391.288270750973,4348
2023-11-19T10:00:00Z,COAL,COAL,802.606657240126,820
2023-11-19T10:00:00Z,DUAL FUEL,DUAL FUEL,465.34488372802736,466
2023-11-19T10:00:00Z,ENERGY STORAGE,ENERGY STORAGE,3.8889037238226e-4,130
2023-11-19T10:00:00Z,GAS,COGENERATION,4211.876040340265,5235
2023-11-19T10:00:00Z,GAS,COMBINED CYCLE,1336.1665454573101,3010
2023-11-19T10:00:00Z,GAS,GAS FIRED STEAM,685.8185581821865,2609
2023-11-19T10:00:00Z,GAS,SIMPLE CYCLE,76.47705496893988,959
2023-11-19T10:00:00Z,HYDRO,HYDRO,93.35257977320089,894
2023-11-19T10:00:00Z,OTHER,BIOMASS,106.60669014771779,154
2023-11-19T10:00:00Z,OTHER,DUAL FUEL,9.99983333322737,20
2023-11-19T10:00:00Z,OTHER,GAS,2.3999509811401367,10
2023-11-19T10:00:00Z,OTHER,GAS COGEN,32.64320688724518,58
2023-11-19T10:00:00Z,OTHER,OIL/GAS,45.022786439259846,53
2023-11-19T10:00:00Z,OTHER,WOOD/REFUSE,86.16592098765904,149
2023-11-19T10:00:00Z,SOLAR,SOLAR,0,1420
2023-11-19T10:00:00Z,WIND,WIND,2345.173603225549,4348
2023-11-19T11:00:00Z,COAL,COAL,801.8873770989312,820
2023-11-19T11:00:00Z,DUAL FUEL,DUAL FUEL,465.3734392123752,466
2023-11-19T11:00:00Z,ENERGY STORAGE,ENERGY STORAGE,0,130
2023-11-19T11:00:00Z,GAS,COGENERATION,4253.944033949375,5235
2023-11-19T11:00:00Z,GAS,COMBINED CYCLE,1383.4642595243454,3010
2023-11-19T11:00:00Z,GAS,GAS FIRED STEAM,890.0688948610094,2609
2023-11-19T11:00:00Z,GAS,SIMPLE CYCLE,121.14099917123715,959
2023-11-19T11:00:00Z,HYDRO,HYDRO,96.25292626294825,894
2023-11-19T11:00:00Z,OTHER,BIOMASS,104.40923341645136,154
2023-11-19T11:00:00Z,OTHER,DUAL FUEL,9.999499999682108,20
2023-11-19T11:00:00Z,OTHER,GAS,2.3999509811401367,10
2023-11-19T11:00:00Z,OTHER,GAS COGEN,32.53652261204189,58
2023-11-19T11:00:00Z,OTHER,OIL/GAS,44.74506025102403,53
2023-11-19T11:00:00Z,OTHER,WOOD/REFUSE,86.57688803142972,149
2023-11-19T11:00:00Z,SOLAR,SOLAR,0,1420
2023-11-19T11:00:00Z,WIND,WIND,2072.1451223492622,4348
2023-11-19T12:00:00Z,COAL,COAL,800.8681530761719,820
2023-11-19T12:00:00Z,DUAL FUEL,DUAL FUEL,465.40243728637694,466
2023-11-19T12:00:00Z,ENERGY STORAGE,ENERGY STORAGE,0.00555557674831814,130
2023-11-19T12:00:00Z,GAS,COGENERATION,4281.789448818366,5235
2023-11-19T12:00:00Z,GAS,COMBINED CYCLE,1459.054522380299,3010
2023-11-19T12:00:00Z,GAS,GAS FIRED STEAM,1016.8955731285944,2609
2023-11-19T12:00:00Z,GAS,SIMPLE CYCLE,145.82533200412988,959
2023-11-19T12:00:00Z,HYDRO,HYDRO,120.22111798650688,894
2023-11-19T12:00:00Z,OTHER,BIOMASS,106.11776422341664,154
2023-11-19T12:00:00Z,OTHER,DUAL FUEL,10,20
2023-11-19T12:00:00Z,OTHER,GAS,2.3999509811401367,10
2023-11-19T12:00:00Z,OTHER,GAS COGEN,32.5938570605384,58
2023-11-19T12:00:00Z,OTHER,OIL/GAS,45.11939897537231,53
2023-11-19T12:00:00Z,OTHER,WOOD/REFUSE,90.50657403628031,149
2023-11-19T12:00:00Z,SOLAR,SOLAR,0.8886666364139981,1420
2023-11-19T12:00:00Z,WIND,WIND,1830.8087469351954,4348
2023-11-19T13:00:00Z,COAL,COAL,800.4810455152724,820
2023-11-19T13:00:00Z,DUAL FUEL,DUAL FUEL,465.4456049940321,466
2023-11-19T13:00:00Z,ENERGY STORAGE,ENERGY STORAGE,0.00161111619737413,130
2023-11-19T13:00:00Z,GAS,COGENERATION,4281.6072192531165,5235
2023-11-19T13:00:00Z,GAS,COMBINED CYCLE,1455.0828532531525,3010
2023-11-19T13:00:00Z,GAS,GAS FIRED STEAM,1026.2522903781467,2609
2023-11-19T13:00:00Z,GAS,SIMPLE CYCLE,189.5777203687032,959
2023-11-19T13:00:00Z,HYDRO,HYDRO,75.72905334467688,894
2023-11-19T13:00:00Z,OTHER,BIOMASS,108.44066274960836,154
2023-11-19T13:00:00Z,OTHER,DUAL FUEL,11.889332974221972,20
2023-11-19T13:00:00Z,OTHER,GAS,2.3999509811401367,10
2023-11-19T13:00:00Z,OTHER,GAS COGEN,32.555410749117534,58
2023-11-19T13:00:00Z,OTHER,OIL/GAS,44.99496102227105,53
2023-11-19T13:00:00Z,OTHER,WOOD/REFUSE,92.09282666789161,149
2023-11-19T13:00:00Z,SOLAR,SOLAR,1.1999999284744265,1420
2023-11-19T13:00:00Z,WIND,WIND,1821.3022386607197,4348
2023-11-19T14:00:00Z,COAL,COAL,802.0183218553332,820
2023-11-19T14:00:00Z,DUAL FUEL,DUAL FUEL,465.3147159830729,466
2023-11-19T14:00:00Z,ENERGY STORAGE,ENERGY STORAGE,-0.5776133219401042,130
2023-11-19T14:00:00Z,GAS,COGENERATION,4289.4882566605675,5235
2023-11-19T14:00:00Z,GAS,COMBINED CYCLE,1422.4447443373997,3010
2023-11-19T14:00:00Z,GAS,GAS FIRED STEAM,1075.42154428694,2609
2023-11-19T14:00:00Z,GAS,SIMPLE CYCLE,199.82673917892907,959
2023-11-19T14:00:00Z,HYDRO,HYDRO,147.2703478605383,894
2023-11-19T14:00:00Z,OTHER,BIOMASS,107.31905099391938,154
2023-11-19T14:00:00Z,OTHER,DUAL FUEL,12.689166151152715,20
2023-11-19T14:00:00Z,OTHER,GAS,2.3999509811401367,10
2023-11-19T14:00:00Z,OTHER,GAS COGEN,32.669332365459866,58
2023-11-19T14:00:00Z,OTHER,OIL/GAS,44.76062110053169,53
2023-11-19T14:00:00Z,OTHER,WOOD/REFUSE,89.63674255212148,149
2023-11-19T14:00:00Z,SOLAR,SOLAR,0.09166666150093078,1420
2023-11-19T14:00:00Z,WIND,WIND,1820.9086085059246,4348
2023-11-19T15:00:00Z,COAL,COAL,799.8143773566352,820
2023-11-19T15:00:00Z,DUAL FUEL,DUAL FUEL,465.32760542127824,466
2023-11-19T15:00:00Z,ENERGY STORAGE,ENERGY STORAGE,-0.5902244642045763,130
2023-11-19T15:00:00Z,GAS,COGENERATION,4289.620024112595,5235
2023-11-19T15:00:00Z,GAS,COMBINED CYCLE,1566.4323643228743,3010
2023-11-19T15:00:00Z,GAS,GAS FIRED STEAM,1079.2540745586819,2609
2023-11-19T15:00:00Z,GAS,SIMPLE CYCLE,199.87636240853203,959
2023-11-19T15:00:00Z,HYDRO,HYDRO,140.16907579746513,894
2023-11-19T15:00:00Z,OTHER,BIOMASS,107.96162089771694,154
2023-11-19T15:00:00Z,OTHER,DUAL FUEL,12.892832952075535,20
2023-11-19T15:00:00Z,OTHER,GAS,2.3999509811401367,10
2023-11-19T15:00:00Z,OTHER,GAS COGEN,32.43834072060055,58
2023-11-19T15:00:00Z,OTHER,OIL/GAS,44.76151001612345,53
2023-11-19T15:00:00Z,OTHER,WOOD/REFUSE,88.3640338087082,149
2023-11-19T15:00:00Z,SOLAR,SOLAR,135.70489009117085,1420
2023-11-19T15:00:00Z,WIND,WIND,1680.7836184565226,4348
2023-11-19T16:00:00Z,COAL,COAL,802.3694883728027,820
2023-11-19T16:00:00Z,DUAL FUEL,DUAL FUEL,465.27965976291233,466
2023-11-19T16:00:00Z,ENERGY STORAGE,ENERGY STORAGE,-0.4977241208818224,130
2023-11-19T16:00:00Z,GAS,COGENERATION,4283.024798922009,5235
2023-11-19T16:00:00Z,GAS,COMBINED CYCLE,1523.459937464926,3010
2023-11-19T16:00:00Z,GAS,GAS FIRED STEAM,957.2497480773926,2609
2023-11-19T16:00:00Z,GAS,SIMPLE CYCLE,189.62039706766606,959
2023-11-19T16:00:00Z,HYDRO,HYDRO,97.15256218572458,894
2023-11-19T16:00:00Z,OTHER,BIOMASS,109.25689003361596,154
2023-11-19T16:00:00Z,OTHER,DUAL FUEL,12.856777562035454,20
2023-11-19T16:00:00Z,OTHER,GAS,2.3999509811401367,10
2023-11-19T16:00:00Z,OTHER,GAS COGEN,32.3988767279519,58
2023-11-19T16:00:00Z,OTHER,OIL/GAS,41.88715534210205,53
2023-11-19T16:00:00Z,OTHER,WOOD/REFUSE,88.36359042008718,149
2023-11-19T16:00:00Z,SOLAR,SOLAR,485.2080005300045,1420
2023-11-19T16:00:00Z,WIND,WIND,1714.6673487281964,4348
2023-11-19T17:00:00Z,COAL,COAL,799.8723201497396,820
2023-11-19T17:00:00Z,DUAL FUEL,DUAL FUEL,465.102271999783,466
2023-11-19T17:00:00Z,ENERGY STORAGE,ENERGY STORAGE,-0.5057797061072455,130
2023-11-19T17:00:00Z,GAS,COGENERATION,4234.245727270974,5235
2023-11-19T17:00:00Z,GAS,COMBINED CYCLE,1582.20473192162,3010
2023-11-19T17:00:00Z,GAS,GAS FIRED STEAM,950.5592959170872,2609
2023-11-19T17:00:00Z,GAS,SIMPLE CYCLE,138.15494032700857,959
2023-11-19T17:00:00Z,HYDRO,HYDRO,175.45457504875128,894
2023-11-19T17:00:00Z,OTHER,BIOMASS,105.55768466048771,154
2023-11-19T17:00:00Z,OTHER,DUAL FUEL,12.605166733529831,20
2023-11-19T17:00:00Z,OTHER,GAS,2.3999509811401367,10
2023-11-19T17:00:00Z,OTHER,GAS COGEN,32.426715240478515,58
2023-11-19T17:00:00Z,OTHER,OIL/GAS,38.298276534610324,53
2023-11-19T17:00:00Z,OTHER,WOOD/REFUSE,88.96403956943088,149
2023-11-19T17:00:00Z,SOLAR,SOLAR,595.6459852045112,1420
2023-11-19T17:00:00Z,WIND,WIND,1540.9861482276933,4348
2023-11-19T18:00:00Z,COAL,COAL,802.4571533881293,820
2023-11-19T18:00:00Z,DUAL FUEL,DUAL FUEL,465.2534958055284,466
2023-11-19T18:00:00Z,ENERGY STORAGE,ENERGY STORAGE,-0.5313909096188015,130
2023-11-19T18:00:00Z,GAS,COGENERATION,4173.374765690697,5235
2023-11-19T18:00:00Z,GAS,COMBINED CYCLE,1566.174291319847,3010
2023-11-19T18:00:00Z,GAS,GAS FIRED STEAM,942.7122575887045,2609
2023-11-19T18:00:00Z,GAS,SIMPLE CYCLE,165.96481913586456,959
2023-11-19T18:00:00Z,HYDRO,HYDRO,136.8137170220746,894
2023-11-19T18:00:00Z,OTHER,BIOMASS,105.20206660694546,154
2023-11-19T18:00:00Z,OTHER,DUAL FUEL,12.50016666677263,20
2023-11-19T18:00:00Z,OTHER,GAS,2.3999509811401367,10
2023-11-19T18:00:00Z,OTHER,GAS COGEN,32.429470130602525,58
2023-11-19T18:00:00Z,OTHER,OIL/GAS,38.08708731121487,53
2023-11-19T18:00:00Z,OTHER,WOOD/REFUSE,87.6894677315818,149
2023-11-19T18:00:00Z,SOLAR,SOLAR,631.9407432030307,1420
2023-11-19T18:00:00Z,WIND,WIND,1623.5887930691242,4348
2023-11-19T19:00:00Z,COAL,COAL,800.7581531948514,820
2023-11-19T19:00:00Z,DUAL FUEL,DUAL FUEL,465.1466606140137,466
2023-11-19T19:00:00Z,ENERGY STORAGE,ENERGY STORAGE,-0.5887244669596354,130
2023-11-19T19:00:00Z,GAS,COGENERATION,4159.573157304658,5235
2023-11-19T19:00:00Z,GAS,COMBINED CYCLE,1549.6804491096073,3010
2023-11-19T19:00:00Z,GAS,GAS FIRED STEAM,969.5717835998535,2609
2023-11-19T19:00:00Z,GAS,SIMPLE CYCLE,190.73724835766686,959
2023-11-19T19:00:00Z,HYDRO,HYDRO,144.18899714560973,894
2023-11-19T19:00:00Z,OTHER,BIOMASS,108.14149840407902,154
2023-11-19T19:00:00Z,OTHER,DUAL FUEL,12.349500031471251,20
2023-11-19T19:00:00Z,OTHER,GAS,2.3999509811401367,10
2023-11-19T19:00:00Z,OTHER,GAS COGEN,32.48908694267273,58
2023-11-19T19:00:00Z,OTHER,OIL/GAS,40.05335406833225,53
2023-11-19T19:00:00Z,OTHER,WOOD/REFUSE,86.94203970803156,149
2023-11-19T19:00:00Z,SOLAR,SOLAR,615.7055845015578,1420
2023-11-19T19:00:00Z,WIND,WIND,1766.8304425141878,4348
2023-11-19T20:00:00Z,COAL,COAL,793.4669888983833,820
2023-11-19T20:00:00Z,DUAL FUEL,DUAL FUEL,465.0444934421115,466
2023-11-19T20:00:00Z,ENERGY STORAGE,ENERGY STORAGE,-0.5961689080132379,130
2023-11-19T20:00:00Z,GAS,COGENERATION,4151.653105275101,5235
2023-11-19T20:00:00Z,GAS,COMBINED CYCLE,1531.6622039291592,3010
2023-11-19T20:00:00Z,GAS,GAS FIRED STEAM,838.368620944553,2609
2023-11-19T20:00:00Z,GAS,SIMPLE CYCLE,162.48074633863237,959
2023-11-19T20:00:00Z,HYDRO,HYDRO,111.41975334253576,894
2023-11-19T20:00:00Z,OTHER,BIOMASS,106.33071178489261,154
2023-11-19T20:00:00Z,OTHER,DUAL FUEL,12.300000190734863,20
2023-11-19T20:00:00Z,OTHER,GAS,2.3999509811401367,10
2023-11-19T20:00:00Z,OTHER,GAS COGEN,32.604691533512536,58
2023-11-19T20:00:00Z,OTHER,OIL/GAS,41.03013754950629,53
2023-11-19T20:00:00Z,OTHER,WOOD/REFUSE,87.60088257842594,149
2023-11-19T20:00:00Z,SOLAR,SOLAR,678.8610840634504,1420
2023-11-19T20:00:00Z,WIND,WIND,2014.8753348984653,4348
2023-11-19T21:00:00Z,COAL,COAL,796.4555426534018,820
2023-11-19T21:00:00Z,DUAL FUEL,DUAL FUEL,464.88682900322806,466
2023-11-19T21:00:00Z,ENERGY STORAGE,ENERGY STORAGE,-0.5302797508239746,130
2023-11-19T21:00:00Z,GAS,COGENERATION,4161.274959037072,5235
2023-11-19T21:00:00Z,GAS,COMBINED CYCLE,1530.6439280880822,3010
2023-11-19T21:00:00Z,GAS,GAS FIRED STEAM,836.3602220280966,2609
2023-11-19T21:00:00Z,GAS,SIMPLE CYCLE,140.9381183364656,959
2023-11-19T21:00:00Z,HYDRO,HYDRO,171.96363964961634,894
2023-11-19T21:00:00Z,OTHER,BIOMASS,107.58852200931972,154
2023-11-19T21:00:00Z,OTHER,DUAL FUEL,12.3020001856486,20
2023-11-19T21:00:00Z,OTHER,GAS,2.3999509811401367,10
2023-11-19T21:00:00Z,OTHER,GAS COGEN,32.60294240209791,58
2023-11-19T21:00:00Z,OTHER,OIL/GAS,41.97679925282796,53
2023-11-19T21:00:00Z,OTHER,WOOD/REFUSE,89.27352501604292,149
2023-11-19T21:00:00Z,SOLAR,SOLAR,598.0801536276109,1420
2023-11-19T21:00:00Z,WIND,WIND,2109.4319446442855,4348
2023-11-19T22:00:00Z,COAL,COAL,793.9852104526096,820
2023-11-19T22:00:00Z,DUAL FUEL,DUAL FUEL,465.0486051601834,466
2023-11-19T22:00:00Z,ENERGY STORAGE,ENERGY STORAGE,-0.6721692233615452,130
2023-11-19T22:00:00Z,GAS,COGENERATION,4198.208897481759,5235
2023-11-19T22:00:00Z,GAS,COMBINED CYCLE,1545.3489586660596,3010
2023-11-19T22:00:00Z,GAS,GAS FIRED STEAM,1022.9982730060154,2609
2023-11-19T22:00:00Z,GAS,SIMPLE CYCLE,183.70370198408762,959
2023-11-19T22:00:00Z,HYDRO,HYDRO,207.3628233786424,894
2023-11-19T22:00:00Z,OTHER,BIOMASS,109.07596415572696,154
2023-11-19T22:00:00Z,OTHER,DUAL FUEL,12.319000142415364,20
2023-11-19T22:00:00Z,OTHER,GAS,2.3999509811401367,10
2023-11-19T22:00:00Z,OTHER,GAS COGEN,33.44174032423231,58
2023-11-19T22:00:00Z,OTHER,OIL/GAS,42.21637145784166,53
2023-11-19T22:00:00Z,OTHER,WOOD/REFUSE,89.72514547136095,149
2023-11-19T22:00:00Z,SOLAR,SOLAR,213.76894074488018,1420
2023-11-19T22:00:00Z,WIND,WIND,2190.9616921152337,4348
2023-11-19T23:00:00Z,COAL,COAL,793.4732109408908,820
2023-11-19T23:00:00Z,DUAL FUEL,DUAL FUEL,464.97488238864474,466
2023-11-19T23:00:00Z,ENERGY STORAGE,ENERGY STORAGE,-0.9994481023152669,130
2023-11-19T23:00:00Z,GAS,COGENERATION,4248.290365352631,5235
2023-11-19T23:00:00Z,GAS,COMBINED CYCLE,1620.685256227917,3010
2023-11-19T23:00:00Z,GAS,GAS FIRED STEAM,1223.0942945607503,2609
2023-11-19T23:00:00Z,GAS,SIMPLE CYCLE,218.67930878177285,959
2023-11-19T23:00:00Z,HYDRO,HYDRO,219.63143221444554,894
2023-11-19T23:00:00Z,OTHER,BIOMASS,116.962332350413,154
2023-11-19T23:00:00Z,OTHER,DUAL FUEL,12.561999524434407,20
2023-11-19T23:00:00Z,OTHER,GAS,2.444228716691335,10
2023-11-19T23:00:00Z,OTHER,GAS COGEN,39.773431620068024,58
2023-11-19T23:00:00Z,OTHER,OIL/GAS,42.53058169470893,53
2023-11-19T23:00:00Z,OTHER,WOOD/REFUSE,95.45824599319035,149
2023-11-19T23:00:00Z,SOLAR,SOLAR,13.282666509995858,1420
2023-11-19T23:00:00Z,WIND,WIND,2265.1477828752663,4348
2023-11-20T00:00:00Z,COAL,COAL,795.4014308336045,820
2023-11-20T00:00:00Z,DUAL FUEL,DUAL FUEL,465.19877229478624,466
2023-11-20T00:00:00Z,ENERGY STORAGE,ENERGY STORAGE,-0.1671673160129123,130
2023-11-20T00:00:00Z,GAS,COGENERATION,4239.972564943367,5235
2023-11-20T00:00:00Z,GAS,COMBINED CYCLE,1713.2675228479175,3010
2023-11-20T00:00:00Z,GAS,GAS FIRED STEAM,1268.12828634474,2609
2023-11-20T00:00:00Z,GAS,SIMPLE CYCLE,264.01501404503983,959
2023-11-20T00:00:00Z,HYDRO,HYDRO,126.43234963880644,894
2023-11-20T00:00:00Z,OTHER,BIOMASS,121.76790493806203,154
2023-11-20T00:00:00Z,OTHER,DUAL FUEL,12.59999942779541,20
2023-11-20T00:00:00Z,OTHER,GAS,2.499950885772705,10
2023-11-20T00:00:00Z,OTHER,GAS COGEN,40.8115197218789,58
2023-11-20T00:00:00Z,OTHER,OIL/GAS,42.93316633224487,53
2023-11-20T00:00:00Z,OTHER,WOOD/REFUSE,102.50670475853815,149
2023-11-20T00:00:00Z,SOLAR,SOLAR,0,1420
2023-11-20T00:00:00Z,WIND,WIND,2367.0432439472943,4348
2023-11-20T01:00:00Z,COAL,COAL,795.6057076517741,820
2023-11-20T01:00:00Z,DUAL FUEL,DUAL FUEL,465.12666156344943,466
2023-11-20T01:00:00Z,ENERGY STORAGE,ENERGY STORAGE,0,130
2023-11-20T01:00:00Z,GAS,COGENERATION,4212.474822731283,5235
2023-11-20T01:00:00Z,GAS,COMBINED CYCLE,1641.9328160932328,3010
2023-11-20T01:00:00Z,GAS,GAS FIRED STEAM,1093.9281706534493,2609
2023-11-20T01:00:00Z,GAS,SIMPLE CYCLE,229.2480595746305,959
2023-11-20T01:00:00Z,HYDRO,HYDRO,102.01675270676613,894
2023-11-20T01:00:00Z,OTHER,BIOMASS,111.07240965207419,154
2023-11-20T01:00:00Z,OTHER,DUAL FUEL,12.59999942779541,20
2023-11-20T01:00:00Z,OTHER,GAS,2.499950885772705,10
2023-11-20T01:00:00Z,OTHER,GAS COGEN,33.136969511773856,58
2023-11-20T01:00:00Z,OTHER,OIL/GAS,42.99891496446398,53
2023-11-20T01:00:00Z,OTHER,WOOD/REFUSE,93.1876223256853,149
2023-11-20T01:00:00Z,SOLAR,SOLAR,0.9137777964936362,1420
2023-11-20T01:00:00Z,WIND,WIND,2717.4172737508347,4348
2023-11-20T02:00:00Z,COAL,COAL,794.2906026543511,820
2023-11-20T02:00:00Z,DUAL FUEL,DUAL FUEL,465.1808836025662,466
2023-11-20T02:00:00Z,ENERGY STORAGE,ENERGY STORAGE,-3.3333460489908e-4,130
2023-11-20T02:00:00Z,GAS,COGENERATION,4183.775601299471,5235
2023-11-20T02:00:00Z,GAS,COMBINED CYCLE,1633.711742770407,3010
2023-11-20T02:00:00Z,GAS,GAS FIRED STEAM,734.195378434923,2609
2023-11-20T02:00:00Z,GAS,SIMPLE CYCLE,105.67668549968137,959
2023-11-20T02:00:00Z,HYDRO,HYDRO,149.61072518772548,894
2023-11-20T02:00:00Z,OTHER,BIOMASS,106.62492015891604,154
2023-11-20T02:00:00Z,OTHER,DUAL FUEL,11.712832957373726,20
2023-11-20T02:00:00Z,OTHER,GAS,2.499950885772705,10
2023-11-20T02:00:00Z,OTHER,GAS COGEN,32.3665152613322,58
2023-11-20T02:00:00Z,OTHER,OIL/GAS,43.524971116383874,53
2023-11-20T02:00:00Z,OTHER,WOOD/REFUSE,89.13129837354025,149
2023-11-20T02:00:00Z,SOLAR,SOLAR,0.02261111160119374,1420
2023-11-20T02:00:00Z,WIND,WIND,2905.3606419648063,4348
2023-11-20T03:00:00Z,COAL,COAL,793.4355407884386,820
2023-11-20T03:00:00Z,DUAL FUEL,DUAL FUEL,465.21132749769424,466
2023-11-20T03:00:00Z,ENERGY STORAGE,ENERGY STORAGE,-0.7023915682898627,130
2023-11-20T03:00:00Z,GAS,COGENERATION,4131.094918090635,5235
2023-11-20T03:00:00Z,GAS,COMBINED CYCLE,1594.7074104298486,3010
2023-11-20T03:00:00Z,GAS,GAS FIRED STEAM,692.8806947517395,2609
2023-11-20T03:00:00Z,GAS,SIMPLE CYCLE,77.87690117004844,959
2023-11-20T03:00:00Z,HYDRO,HYDRO,100.96098795493444,894
2023-11-20T03:00:00Z,OTHER,BIOMASS,106.65561861144172,154
2023-11-20T03:00:00Z,OTHER,DUAL FUEL,10,20
2023-11-20T03:00:00Z,OTHER,GAS,2.499950885772705,10
2023-11-20T03:00:00Z,OTHER,GAS COGEN,32.31935475508372,58
2023-11-20T03:00:00Z,OTHER,OIL/GAS,43.697837867736816,53
2023-11-20T03:00:00Z,OTHER,WOOD/REFUSE,88.94044970512391,149
2023-11-20T03:00:00Z,SOLAR,SOLAR,0,1420
2023-11-20T03:00:00Z,WIND,WIND,3081.3657644523514,4348
2023-11-20T04:00:00Z,COAL,COAL,793.8151587761773,820
2023-11-20T04:00:00Z,DUAL FUEL,DUAL FUEL,465.2438272603353,466
2023-11-20T04:00:00Z,ENERGY STORAGE,ENERGY STORAGE,-1.0894485982259114,130
2023-11-20T04:00:00Z,GAS,COGENERATION,4070.7342930595078,5235
2023-11-20T04:00:00Z,GAS,COMBINED CYCLE,1501.3701087946363,3010
2023-11-20T04:00:00Z,GAS,GAS FIRED STEAM,622.4764557372199,2609
2023-11-20T04:00:00Z,GAS,SIMPLE CYCLE,76.39233239385817,959
2023-11-20T04:00:00Z,HYDRO,HYDRO,106.26323779794906,894
2023-11-20T04:00:00Z,OTHER,BIOMASS,109.29151467005411,154
2023-11-20T04:00:00Z,OTHER,DUAL FUEL,9.842611226505705,20
2023-11-20T04:00:00Z,OTHER,GAS,2.499950885772705,10
2023-11-20T04:00:00Z,OTHER,GAS COGEN,30.07400465753343,58
2023-11-20T04:00:00Z,OTHER,OIL/GAS,43.52285472657945,53
2023-11-20T04:00:00Z,OTHER,WOOD/REFUSE,88.3395486942927,149
2023-11-20T04:00:00Z,SOLAR,SOLAR,0,1420
2023-11-20T04:00:00Z,WIND,WIND,3112.6120840040844,4348
2023-11-20T05:00:00Z,COAL,COAL,794.9832662794325,820
2023-11-20T05:00:00Z,DUAL FUEL,DUAL FUEL,465.177269982232,466
2023-11-20T05:00:00Z,ENERGY STORAGE,ENERGY STORAGE,-1.1666155507829454,130
2023-11-20T05:00:00Z,GAS,COGENERATION,4025.916535049677,5235
2023-11-20T05:00:00Z,GAS,COMBINED CYCLE,1436.842518603007,3010
2023-11-20T05:00:00Z,GAS,GAS FIRED STEAM,520.2569658745659,2609
2023-11-20T05:00:00Z,GAS,SIMPLE CYCLE,76.35533277935451,959
2023-11-20T05:00:00Z,HYDRO,HYDRO,116.71403370287685,894
2023-11-20T05:00:00Z,OTHER,BIOMASS,104.44403102503883,154
2023-11-20T05:00:00Z,OTHER,DUAL FUEL,9.825000127156576,20
2023-11-20T05:00:00Z,OTHER,GAS,2.499950885772705,10
2023-11-20T05:00:00Z,OTHER,GAS COGEN,31.397475900650022,58
2023-11-20T05:00:00Z,OTHER,OIL/GAS,43.5815814336141,53
2023-11-20T05:00:00Z,OTHER,WOOD/REFUSE,88.87192624145084,149
2023-11-20T05:00:00Z,SOLAR,SOLAR,0,1420
2023-11-20T05:00:00Z,WIND,WIND,3102.808045986493,4348
2023-11-20T06:00:00Z,COAL,COAL,796.358433803982,820
2023-11-20T06:00:00Z,DUAL FUEL,DUAL FUEL,465.3460498725043,466
2023-11-20T06:00:00Z,ENERGY STORAGE,ENERGY STORAGE,-1.260671460893419,130
2023-11-20T06:00:00Z,GAS,COGENERATION,3999.2069733484586,5235
2023-11-20T06:00:00Z,GAS,COMBINED CYCLE,1417.8591922691135,3010
2023-11-20T06:00:00Z,GAS,GAS FIRED STEAM,489.36084160910707,2609
2023-11-20T06:00:00Z,GAS,SIMPLE CYCLE,76.52627716488308,959
2023-11-20T06:00:00Z,HYDRO,HYDRO,72.81950247751342,894
2023-11-20T06:00:00Z,OTHER,BIOMASS,105.12552295154995,154
2023-11-20T06:00:00Z,OTHER,DUAL FUEL,9.825166793399386,20
2023-11-20T06:00:00Z,OTHER,GAS,2.499950885772705,10
2023-11-20T06:00:00Z,OTHER,GAS COGEN,31.463576583862306,58
2023-11-20T06:00:00Z,OTHER,OIL/GAS,44.54276582082112,53
2023-11-20T06:00:00Z,OTHER,WOOD/REFUSE,87.78302922036913,149
2023-11-20T06:00:00Z,SOLAR,SOLAR,0,1420
2023-11-20T06:00:00Z,WIND,WIND,2989.7569921292197,4348
2023-11-20T07:00:00Z,COAL,COAL,794.5737643093532,820
2023-11-20T07:00:00Z,DUAL FUEL,DUAL FUEL,465.4537161424425,466
2023-11-20T07:00:00Z,ENERGY STORAGE,ENERGY STORAGE,-1.2362824938032362,130
2023-11-20T07:00:00Z,GAS,COGENERATION,4068.8452113980716,5235
2023-11-20T07:00:00Z,GAS,COMBINED CYCLE,1376.8191622744666,3010
2023-11-20T07:00:00Z,GAS,GAS FIRED STEAM,499.4140276018779,2609
2023-11-20T07:00:00Z,GAS,SIMPLE CYCLE,76.70949916415745,959
2023-11-20T07:00:00Z,HYDRO,HYDRO,90.94271763674087,894
2023-11-20T07:00:00Z,OTHER,BIOMASS,104.39018094380697,154
2023-11-20T07:00:00Z,OTHER,DUAL FUEL,9.820000139872231,20
2023-11-20T07:00:00Z,OTHER,GAS,2.455673150221507,10
2023-11-20T07:00:00Z,OTHER,GAS COGEN,31.654664602279666,58
2023-11-20T07:00:00Z,OTHER,OIL/GAS,44.586843747033015,53
2023-11-20T07:00:00Z,OTHER,WOOD/REFUSE,82.76401254018148,149
2023-11-20T07:00:00Z,SOLAR,SOLAR,0,1470
2023-11-20T07:00:00Z,WIND,WIND,2910.186867337227,4348
2023-11-20T08:00:00Z,COAL,COAL,793.5999304029676,820
2023-11-20T08:00:00Z,DUAL FUEL,DUAL FUEL,465.4416616482205,466
2023-11-20T08:00:00Z,ENERGY STORAGE,ENERGY STORAGE,-1.2538936572604709,130
2023-11-20T08:00:00Z,GAS,COGENERATION,4098.908658323686,5235
2023-11-20T08:00:00Z,GAS,COMBINED CYCLE,1332.960349779129,3010
2023-11-20T08:00:00Z,GAS,GAS FIRED STEAM,503.52342220942177,2609
2023-11-20T08:00:00Z,GAS,SIMPLE CYCLE,76.68499911414253,959
2023-11-20T08:00:00Z,HYDRO,HYDRO,93.85126949782172,894
2023-11-20T08:00:00Z,OTHER,BIOMASS,105.84466044055091,154
2023-11-20T08:00:00Z,OTHER,DUAL FUEL,9.838833425309923,20
2023-11-20T08:00:00Z,OTHER,GAS,2.3999509811401367,10
2023-11-20T08:00:00Z,OTHER,GAS COGEN,31.759731757375928,58
2023-11-20T08:00:00Z,OTHER,OIL/GAS,44.1553320672777,53
2023-11-20T08:00:00Z,OTHER,WOOD/REFUSE,83.36625127156576,149
2023-11-20T08:00:00Z,SOLAR,SOLAR,0,1470
2023-11-20T08:00:00Z,WIND,WIND,2898.630968046983,4348
2023-11-20T09:00:00Z,COAL,COAL,793.2713758002387,820
2023-11-20T09:00:00Z,DUAL FUEL,DUAL FUEL,465.5769375779894,466
2023-11-20T09:00:00Z,ENERGY STORAGE,ENERGY STORAGE,-2.4577766609191896,130
2023-11-20T09:00:00Z,GAS,COGENERATION,4076.718449441327,5235
2023-11-20T09:00:00Z,GAS,COMBINED CYCLE,1307.7049379783207,3010
2023-11-20T09:00:00Z,GAS,GAS FIRED STEAM,486.6350278049045,2609
2023-11-20T09:00:00Z,GAS,SIMPLE CYCLE,76.53144367429945,959
2023-11-20T09:00:00Z,HYDRO,HYDRO,84.64187835660246,894
2023-11-20T09:00:00Z,OTHER,BIOMASS,105.90593183411492,154
2023-11-20T09:00:00Z,OTHER,DUAL FUEL,9.832500108083089,20
2023-11-20T09:00:00Z,OTHER,GAS,2.3999509811401367,10
2023-11-20T09:00:00Z,OTHER,GAS COGEN,32.231297181447346,58
2023-11-20T09:00:00Z,OTHER,OIL/GAS,44.735837660895456,53
2023-11-20T09:00:00Z,OTHER,WOOD/REFUSE,84.08229574309456,149
2023-11-20T09:00:00Z,SOLAR,SOLAR,0,1470
2023-11-20T09:00:00Z,WIND,WIND,2823.6349327633116,4348
2023-11-20T10:00:00Z,COAL,COAL,794.8335957166884,820
2023-11-20T10:00:00Z,DUAL FUEL,DUAL FUEL,465.64132432725694,466
2023-11-20T10:00:00Z,ENERGY STORAGE,ENERGY STORAGE,-1.2591658549838596,130
2023-11-20T10:00:00Z,GAS,COGENERATION,4095.3210408055784,5235
2023-11-20T10:00:00Z,GAS,COMBINED CYCLE,1316.3179194047716,3010
2023-11-20T10:00:00Z,GAS,GAS FIRED STEAM,489.31731873406306,2609
2023-11-20T10:00:00Z,GAS,SIMPLE CYCLE,76.55322156482272,959
2023-11-20T10:00:00Z,HYDRO,HYDRO,94.96294454978572,894
2023-11-20T10:00:00Z,OTHER,BIOMASS,107.53706094794804,154
2023-11-20T10:00:00Z,OTHER,DUAL FUEL,9.827666787041558,20
2023-11-20T10:00:00Z,OTHER,GAS,2.3999509811401367,10
2023-11-20T10:00:00Z,OTHER,GAS COGEN,32.620170729955035,58
2023-11-20T10:00:00Z,OTHER,OIL/GAS,44.67664855109321,53
2023-11-20T10:00:00Z,OTHER,WOOD/REFUSE,84.46379414134556,149
2023-11-20T10:00:00Z,SOLAR,SOLAR,0,1470
2023-11-20T10:00:00Z,WIND,WIND,2772.4690184492533,4348
2023-11-20T11:00:00Z,COAL,COAL,795.7192666965061,820
2023-11-20T11:00:00Z,DUAL FUEL,DUAL FUEL,465.63982855902776,466
2023-11-20T11:00:00Z,ENERGY STORAGE,ENERGY STORAGE,-0.4707776663038466,130
2023-11-20T11:00:00Z,GAS,COGENERATION,4136.046893277433,5235
2023-11-20T11:00:00Z,GAS,COMBINED CYCLE,1367.0171012094286,3010
2023-11-20T11:00:00Z,GAS,GAS FIRED STEAM,518.4265585050318,2609
2023-11-20T11:00:00Z,GAS,SIMPLE CYCLE,76.6502201959822,959
2023-11-20T11:00:00Z,HYDRO,HYDRO,113.23126796682675,894
2023-11-20T11:00:00Z,OTHER,BIOMASS,106.43977509127723,154
2023-11-20T11:00:00Z,OTHER,DUAL FUEL,9.830666779412164,20
2023-11-20T11:00:00Z,OTHER,GAS,2.3999509811401367,10
2023-11-20T11:00:00Z,OTHER,GAS COGEN,32.80267616854774,58
2023-11-20T11:00:00Z,OTHER,OIL/GAS,44.73809259838528,53
2023-11-20T11:00:00Z,OTHER,WOOD/REFUSE,84.14947527196674,149
2023-11-20T11:00:00Z,SOLAR,SOLAR,0,1470
2023-11-20T11:00:00Z,WIND,WIND,2821.6519996738434,4348
2023-11-20T12:00:00Z,COAL,COAL,794.4201000298394,820
2023-11-20T12:00:00Z,DUAL FUEL,DUAL FUEL,465.69049416436087,466
2023-11-20T12:00:00Z,ENERGY STORAGE,ENERGY STORAGE,-0.4931666405995688,130
2023-11-20T12:00:00Z,GAS,COGENERATION,4270.872467508713,5235
2023-11-20T12:00:00Z,GAS,COMBINED CYCLE,1387.4637639591429,3010
2023-11-20T12:00:00Z,GAS,GAS FIRED STEAM,665.5661846688058,2609
2023-11-20T12:00:00Z,GAS,SIMPLE CYCLE,76.85333133379618,959
2023-11-20T12:00:00Z,HYDRO,HYDRO,99.17121248054835,894
2023-11-20T12:00:00Z,OTHER,BIOMASS,106.26905320909289,154
2023-11-20T12:00:00Z,OTHER,DUAL FUEL,9.826388965712653,20
2023-11-20T12:00:00Z,OTHER,GAS,2.3999509811401367,10
2023-11-20T12:00:00Z,OTHER,GAS COGEN,32.852908782958984,58
2023-11-20T12:00:00Z,OTHER,OIL/GAS,45.36078842798869,53
2023-11-20T12:00:00Z,OTHER,WOOD/REFUSE,83.11524834209018,149
2023-11-20T12:00:00Z,SOLAR,SOLAR,0,1470
2023-11-20T12:00:00Z,WIND,WIND,2780.4976754633585,4348
2023-11-20T13:00:00Z,COAL,COAL,794.6012649705675,820
2023-11-20T13:00:00Z,DUAL FUEL,DUAL FUEL,465.6526054212782,466
2023-11-20T13:00:00Z,ENERGY STORAGE,ENERGY STORAGE,-1.5332767793867323,130
2023-11-20T13:00:00Z,GAS,COGENERATION,4289.322772741848,5235
2023-11-20T13:00:00Z,GAS,COMBINED CYCLE,1493.3862124416564,3010
2023-11-20T13:00:00Z,GAS,GAS FIRED STEAM,693.9271588897706,2609
2023-11-20T13:00:00Z,GAS,SIMPLE CYCLE,86.37288649453058,959
2023-11-20T13:00:00Z,HYDRO,HYDRO,103.46553597811196,894
2023-11-20T13:00:00Z,OTHER,BIOMASS,107.84955217520395,154
2023-11-20T13:00:00Z,OTHER,DUAL FUEL,10.23794442653656,20
2023-11-20T13:00:00Z,OTHER,GAS,2.3999509811401367,10
2023-11-20T13:00:00Z,OTHER,GAS COGEN,32.998702514436516,58
2023-11-20T13:00:00Z,OTHER,OIL/GAS,45.26568182203505,53
2023-11-20T13:00:00Z,OTHER,WOOD/REFUSE,84.11282308949365,149
2023-11-20T13:00:00Z,SOLAR,SOLAR,0,1470
2023-11-20T13:00:00Z,WIND,WIND,2654.9599238089722,4348
2023-11-20T14:00:00Z,COAL,COAL,795.0938217163086,820
2023-11-20T14:00:00Z,DUAL FUEL,DUAL FUEL,465.5762732103136,466
2023-11-20T14:00:00Z,ENERGY STORAGE,ENERGY STORAGE,-2.2937766785091824,130
2023-11-20T14:00:00Z,GAS,COGENERATION,4315.536796177494,5235
2023-11-20T14:00:00Z,GAS,COMBINED CYCLE,1609.9141397338442,3010
2023-11-20T14:00:00Z,GAS,GAS FIRED STEAM,793.031796637641,2609
2023-11-20T14:00:00Z,GAS,SIMPLE CYCLE,102.00383083979288,959
2023-11-20T14:00:00Z,HYDRO,HYDRO,150.65613921056192,894
2023-11-20T14:00:00Z,OTHER,BIOMASS,106.35230286333297,154
2023-11-20T14:00:00Z,OTHER,DUAL FUEL,10.34783340242174,20
2023-11-20T14:00:00Z,OTHER,GAS,2.3999509811401367,10
2023-11-20T14:00:00Z,OTHER,GAS COGEN,33.13223520490858,58
2023-11-20T14:00:00Z,OTHER,OIL/GAS,45.399648429022896,53
2023-11-20T14:00:00Z,OTHER,WOOD/REFUSE,83.57767449220022,149
2023-11-20T14:00:00Z,SOLAR,SOLAR,0,1470
2023-11-20T14:00:00Z,WIND,WIND,2371.0336065084402,4348
2023-11-20T15:00:00Z,COAL,COAL,807.4705467224121,820
2023-11-20T15:00:00Z,DUAL FUEL,DUAL FUEL,465.407438337538,466
2023-11-20T15:00:00Z,ENERGY STORAGE,ENERGY STORAGE,-0.07377803007761638,130
2023-11-20T15:00:00Z,GAS,COGENERATION,4339.042531106605,5235
2023-11-20T15:00:00Z,GAS,COMBINED CYCLE,1659.2333125167422,3010
2023-11-20T15:00:00Z,GAS,GAS FIRED STEAM,968.7582168324789,2609
2023-11-20T15:00:00Z,GAS,SIMPLE CYCLE,164.54127553655042,959
2023-11-20T15:00:00Z,HYDRO,HYDRO,153.37259268191127,894
2023-11-20T15:00:00Z,OTHER,BIOMASS,106.13644203715853,154
2023-11-20T15:00:00Z,OTHER,DUAL FUEL,10.343666746351454,20
2023-11-20T15:00:00Z,OTHER,GAS,2.3999509811401367,10
2023-11-20T15:00:00Z,OTHER,GAS COGEN,33.104324933158026,58
2023-11-20T15:00:00Z,OTHER,OIL/GAS,45.90433753755357,53
2023-11-20T15:00:00Z,OTHER,WOOD/REFUSE,83.36396243466271,149
2023-11-20T15:00:00Z,SOLAR,SOLAR,130.44169088568952,1470
2023-11-20T15:00:00Z,WIND,WIND,1920.175401904434,4348
2023-11-20T16:00:00Z,COAL,COAL,809.6528761291504,820
2023-11-20T16:00:00Z,DUAL FUEL,DUAL FUEL,465.51138426038955,466
2023-11-20T16:00:00Z,ENERGY STORAGE,ENERGY STORAGE,-0.06188911173078749,130
2023-11-20T16:00:00Z,GAS,COGENERATION,4274.965780295531,5235
2023-11-20T16:00:00Z,GAS,COMBINED CYCLE,1641.8420142968496,3010
2023-11-20T16:00:00Z,GAS,GAS FIRED STEAM,791.6948733859592,2609
2023-11-20T16:00:00Z,GAS,SIMPLE CYCLE,153.11949712753295,959
2023-11-20T16:00:00Z,HYDRO,HYDRO,126.08363638510306,894
2023-11-20T16:00:00Z,OTHER,BIOMASS,109.4619421339035,154
2023-11-20T16:00:00Z,OTHER,DUAL FUEL,10.334333436754015,20
2023-11-20T16:00:00Z,OTHER,GAS,2.3999509811401367,10
2023-11-20T16:00:00Z,OTHER,GAS COGEN,32.96911753177643,58
2023-11-20T16:00:00Z,OTHER,OIL/GAS,45.17469330045912,53
2023-11-20T16:00:00Z,OTHER,WOOD/REFUSE,83.30025679588317,149
2023-11-20T16:00:00Z,SOLAR,SOLAR,600.2412768497401,1470
2023-11-20T16:00:00Z,WIND,WIND,1699.147132529964,4348
2023-11-20T17:00:00Z,COAL,COAL,808.4619315931532,820
2023-11-20T17:00:00Z,DUAL FUEL,DUAL FUEL,465.34315958658857,466
2023-11-20T17:00:00Z,ENERGY STORAGE,ENERGY STORAGE,-0.05605572329627142,130
2023-11-20T17:00:00Z,GAS,COGENERATION,4203.184580257602,5235
2023-11-20T17:00:00Z,GAS,COMBINED CYCLE,1626.5025709178713,3010
2023-11-20T17:00:00Z,GAS,GAS FIRED STEAM,686.8272547637091,2609
2023-11-20T17:00:00Z,GAS,SIMPLE CYCLE,139.80316432529025,959
2023-11-20T17:00:00Z,HYDRO,HYDRO,147.16145859069294,894
2023-11-20T17:00:00Z,OTHER,BIOMASS,107.187619210879,154
2023-11-20T17:00:00Z,OTHER,DUAL FUEL,10.340333421495226,20
2023-11-20T17:00:00Z,OTHER,GAS,2.3999509811401367,10
2023-11-20T17:00:00Z,OTHER,GAS COGEN,32.91741741975149,58
2023-11-20T17:00:00Z,OTHER,OIL/GAS,45.52310410817464,53
2023-11-20T17:00:00Z,OTHER,WOOD/REFUSE,82.43327532079485,149
2023-11-20T17:00:00Z,SOLAR,SOLAR,806.6954326735603,1470
2023-11-20T17:00:00Z,WIND,WIND,1574.4452185061118,4348
2023-11-20T18:00:00Z,COAL,COAL,811.6824305386014,820
2023-11-20T18:00:00Z,DUAL FUEL,DUAL FUEL,465.39999518500434,466
2023-11-20T18:00:00Z,ENERGY STORAGE,ENERGY STORAGE,-0.02911122216118706,130
2023-11-20T18:00:00Z,GAS,COGENERATION,4243.660624208682,5235
2023-11-20T18:00:00Z,GAS,COMBINED CYCLE,1628.4417522393333,3010
2023-11-20T18:00:00Z,GAS,GAS FIRED STEAM,742.6664520793491,2609
2023-11-20T18:00:00Z,GAS,SIMPLE CYCLE,158.2568304383755,959
2023-11-20T18:00:00Z,HYDRO,HYDRO,142.97362448427413,894
2023-11-20T18:00:00Z,OTHER,BIOMASS,106.98417161941528,154
2023-11-20T18:00:00Z,OTHER,DUAL FUEL,10.329500115712484,20
2023-11-20T18:00:00Z,OTHER,GAS,2.3999509811401367,10
2023-11-20T18:00:00Z,OTHER,GAS COGEN,32.85763383653429,58
2023-11-20T18:00:00Z,OTHER,OIL/GAS,45.53760422388712,53
2023-11-20T18:00:00Z,OTHER,WOOD/REFUSE,82.74590233114031,149
2023-11-20T18:00:00Z,SOLAR,SOLAR,744.9865663279428,1470
2023-11-20T18:00:00Z,WIND,WIND,1498.7061837667102,4348
2023-11-20T19:00:00Z,COAL,COAL,810.127987874349,820
2023-11-20T19:00:00Z,DUAL FUEL,DUAL FUEL,465.35382824367946,466
2023-11-20T19:00:00Z,ENERGY STORAGE,ENERGY STORAGE,-0.00200000762939453,130
2023-11-20T19:00:00Z,GAS,COGENERATION,4336.796252638102,5235
2023-11-20T19:00:00Z,GAS,COMBINED CYCLE,1660.8024512661827,3010
2023-11-20T19:00:00Z,GAS,GAS FIRED STEAM,775.7467847400242,2609
2023-11-20T19:00:00Z,GAS,SIMPLE CYCLE,159.53817475375203,959
2023-11-20T19:00:00Z,HYDRO,HYDRO,155.21858428865673,894
2023-11-20T19:00:00Z,OTHER,BIOMASS,105.88493631521861,154
2023-11-20T19:00:00Z,OTHER,DUAL FUEL,10.318500143686933,20
2023-11-20T19:00:00Z,OTHER,GAS,2.3999509811401367,10
2023-11-20T19:00:00Z,OTHER,GAS COGEN,32.91496897485521,58
2023-11-20T19:00:00Z,OTHER,OIL/GAS,45.07239341311985,53
2023-11-20T19:00:00Z,OTHER,WOOD/REFUSE,81.51448467201656,149
2023-11-20T19:00:00Z,SOLAR,SOLAR,701.7882034265995,1470
2023-11-20T19:00:00Z,WIND,WIND,1360.060708244178,4348
2023-11-20T20:00:00Z,COAL,COAL,810.4841555277507,820
2023-11-20T20:00:00Z,DUAL FUEL,DUAL FUEL,465.3922147284614,466
2023-11-20T20:00:00Z,ENERGY STORAGE,ENERGY STORAGE,-0.00150000466240776,130
2023-11-20T20:00:00Z,GAS,COGENERATION,4391.442029606236,5235
2023-11-20T20:00:00Z,GAS,COMBINED CYCLE,1687.27726814323,3010
2023-11-20T20:00:00Z,GAS,GAS FIRED STEAM,849.4775461938647,2609
2023-11-20T20:00:00Z,GAS,SIMPLE CYCLE,172.32046914496357,959
2023-11-20T20:00:00Z,HYDRO,HYDRO,146.3791446975867,894
2023-11-20T20:00:00Z,OTHER,BIOMASS,104.8141833056344,154
2023-11-20T20:00:00Z,OTHER,DUAL FUEL,10.325166793399386,20
2023-11-20T20:00:00Z,OTHER,GAS,2.3999509811401367,10
2023-11-20T20:00:00Z,OTHER,GAS COGEN,32.97588788350423,58
2023-11-20T20:00:00Z,OTHER,OIL/GAS,45.47413214789496,53
2023-11-20T20:00:00Z,OTHER,WOOD/REFUSE,81.67225855880314,149
2023-11-20T20:00:00Z,SOLAR,SOLAR,749.73064674947,1470
2023-11-20T20:00:00Z,WIND,WIND,1171.4734329163366,4348
2023-11-20T21:00:00Z,COAL,COAL,811.1857661946615,820
2023-11-20T21:00:00Z,DUAL FUEL,DUAL FUEL,465.29632683648,466
2023-11-20T21:00:00Z,ENERGY STORAGE,ENERGY STORAGE,-0.0026666768391927,130
2023-11-20T21:00:00Z,GAS,COGENERATION,4415.069975619052,5235
2023-11-20T21:00:00Z,GAS,COMBINED CYCLE,1724.2291859727436,3010
2023-11-20T21:00:00Z,GAS,GAS FIRED STEAM,984.7324847814772,2609
2023-11-20T21:00:00Z,GAS,SIMPLE CYCLE,178.35329656902286,959
2023-11-20T21:00:00Z,HYDRO,HYDRO,192.42155602491565,894
2023-11-20T21:00:00Z,OTHER,BIOMASS,102.86470136377547,154
2023-11-20T21:00:00Z,OTHER,DUAL FUEL,10.389777856402928,20
2023-11-20T21:00:00Z,OTHER,GAS,2.3999509811401367,10
2023-11-20T21:00:00Z,OTHER,GAS COGEN,32.96455590936873,58
2023-11-20T21:00:00Z,OTHER,OIL/GAS,45.15264833874173,53
2023-11-20T21:00:00Z,OTHER,WOOD/REFUSE,82.98312185446422,149
2023-11-20T21:00:00Z,SOLAR,SOLAR,613.1287884119153,1470
2023-11-20T21:00:00Z,WIND,WIND,1094.449913541186,4348
2023-11-20T22:00:00Z,COAL,COAL,810.5505990770127,820
2023-11-20T22:00:00Z,DUAL FUEL,DUAL FUEL,465.5168820868598,466
2023-11-20T22:00:00Z,ENERGY STORAGE,ENERGY STORAGE,-2.2222306993272e-4,130
2023-11-20T22:00:00Z,GAS,COGENERATION,4455.520956012938,5235
2023-11-20T22:00:00Z,GAS,COMBINED CYCLE,1757.8458300272623,3010
2023-11-20T22:00:00Z,GAS,GAS FIRED STEAM,1285.3420113372802,2609
2023-11-20T22:00:00Z,GAS,SIMPLE CYCLE,282.37406588092443,959
2023-11-20T22:00:00Z,HYDRO,HYDRO,163.55514266083637,894
2023-11-20T22:00:00Z,OTHER,BIOMASS,103.44701967133416,154
2023-11-20T22:00:00Z,OTHER,DUAL FUEL,10.49983333322737,20
2023-11-20T22:00:00Z,OTHER,GAS,2.3999509811401367,10
2023-11-20T22:00:00Z,OTHER,GAS COGEN,33.10562040540907,58
2023-11-20T22:00:00Z,OTHER,OIL/GAS,45.25447600894504,53
2023-11-20T22:00:00Z,OTHER,WOOD/REFUSE,88.04693243927426,149
2023-11-20T22:00:00Z,SOLAR,SOLAR,239.31774637541838,1470
2023-11-20T22:00:00Z,WIND,WIND,973.7736445368247,4348
2023-11-20T23:00:00Z,COAL,COAL,809.9323219807943,820
2023-11-20T23:00:00Z,DUAL FUEL,DUAL FUEL,465.52349329630533,466
2023-11-20T23:00:00Z,ENERGY STORAGE,ENERGY STORAGE,0.04816678206125894,130
2023-11-20T23:00:00Z,GAS,COGENERATION,4468.671744191912,5235
2023-11-20T23:00:00Z,GAS,COMBINED CYCLE,1785.773614288436,3010
2023-11-20T23:00:00Z,GAS,GAS FIRED STEAM,1508.3881803894044,2609
2023-11-20T23:00:00Z,GAS,SIMPLE CYCLE,333.6734642149011,959
2023-11-20T23:00:00Z,HYDRO,HYDRO,150.43108187993369,894
2023-11-20T23:00:00Z,OTHER,BIOMASS,119.42375254207187,154
2023-11-20T23:00:00Z,OTHER,DUAL FUEL,13.430444417529635,20
2023-11-20T23:00:00Z,OTHER,GAS,2.3999509811401367,10
2023-11-20T23:00:00Z,OTHER,GAS COGEN,44.1576116959254,58
2023-11-20T23:00:00Z,OTHER,OIL/GAS,45.25236510806614,53
2023-11-20T23:00:00Z,OTHER,WOOD/REFUSE,100.76481882572173,149
2023-11-20T23:00:00Z,SOLAR,SOLAR,7.068427759649025,1470
2023-11-20T23:00:00Z,WIND,WIND,960.0642159993946,4348
2023-11-21T00:00:00Z,COAL,COAL,808.8927662997776,820
2023-11-21T00:00:00Z,DUAL FUEL,DUAL FUEL,465.51210445827905,466
2023-11-21T00:00:00Z,ENERGY STORAGE,ENERGY STORAGE,0.0023888980017768,130
2023-11-21T00:00:00Z,GAS,COGENERATION,4486.847240414355,5235
2023-11-21T00:00:00Z,GAS,COMBINED CYCLE,1792.3338610103397,3010
2023-11-21T00:00:00Z,GAS,GAS FIRED STEAM,1491.5789446512858,2609
2023-11-21T00:00:00Z,GAS,SIMPLE CYCLE,360.4949653149645,959
2023-11-21T00:00:00Z,HYDRO,HYDRO,202.2430175793502,894
2023-11-21T00:00:00Z,OTHER,BIOMASS,121.62845198525324,154
2023-11-21T00:00:00Z,OTHER,DUAL FUEL,13.5,20
2023-11-21T00:00:00Z,OTHER,GAS,2.3999509811401367,10
2023-11-21T00:00:00Z,OTHER,GAS COGEN,44.94518525123596,58
2023-11-21T00:00:00Z,OTHER,OIL/GAS,45.25068883895874,53
2023-11-21T00:00:00Z,OTHER,WOOD/REFUSE,103.80918046527438,149
2023-11-21T00:00:00Z,SOLAR,SOLAR,0,1470
2023-11-21T00:00:00Z,WIND,WIND,1037.7208779836653,4348
2023-11-21T01:00:00Z,COAL,COAL,808.6978222317166,820
2023-11-21T01:00:00Z,DUAL FUEL,DUAL FUEL,465.36777248806425,466
2023-11-21T01:00:00Z,ENERGY STORAGE,ENERGY STORAGE,0.01838895003000894,130
2023-11-21T01:00:00Z,GAS,COGENERATION,4493.4217962635885,5235
2023-11-21T01:00:00Z,GAS,COMBINED CYCLE,1775.2846865060594,3010
2023-11-21T01:00:00Z,GAS,GAS FIRED STEAM,1378.0483893415662,2609
2023-11-21T01:00:00Z,GAS,SIMPLE CYCLE,354.26259068548677,959
2023-11-21T01:00:00Z,HYDRO,HYDRO,155.3178571901636,894
2023-11-21T01:00:00Z,OTHER,BIOMASS,113.00988767358992,154
2023-11-21T01:00:00Z,OTHER,DUAL FUEL,13.5,20
2023-11-21T01:00:00Z,OTHER,GAS,2.3999509811401367,10
2023-11-21T01:00:00Z,OTHER,GAS COGEN,38.14602284113566,58
2023-11-21T01:00:00Z,OTHER,OIL/GAS,45.01985469818115,53
2023-11-21T01:00:00Z,OTHER,WOOD/REFUSE,97.27846744060517,149
2023-11-21T01:00:00Z,SOLAR,SOLAR,0.9523333539565404,1470
2023-11-21T01:00:00Z,WIND,WIND,1120.286079862006,4348
2023-11-21T02:00:00Z,COAL,COAL,809.7949292670355,820
2023-11-21T02:00:00Z,DUAL FUEL,DUAL FUEL,465.4870502217611,466
2023-11-21T02:00:00Z,ENERGY STORAGE,ENERGY STORAGE,-0.1790562385982937,130
2023-11-21T02:00:00Z,GAS,COGENERATION,4493.168250543276,5235
2023-11-21T02:00:00Z,GAS,COMBINED CYCLE,1742.980386659834,3010
2023-11-21T02:00:00Z,GAS,GAS FIRED STEAM,1148.4181372621324,2609
2023-11-21T02:00:00Z,GAS,SIMPLE CYCLE,349.99052008317574,959
2023-11-21T02:00:00Z,HYDRO,HYDRO,121.65527459588316,894
2023-11-21T02:00:00Z,OTHER,BIOMASS,106.07619254536098,154
2023-11-21T02:00:00Z,OTHER,DUAL FUEL,13.5,20
2023-11-21T02:00:00Z,OTHER,GAS,2.3999509811401367,10
2023-11-21T02:00:00Z,OTHER,GAS COGEN,34.86439305623372,58
2023-11-21T02:00:00Z,OTHER,OIL/GAS,45.090638400183785,53
2023-11-21T02:00:00Z,OTHER,WOOD/REFUSE,91.05649047692617,149
2023-11-21T02:00:00Z,SOLAR,SOLAR,1.100000023841858,1470
2023-11-21T02:00:00Z,WIND,WIND,1261.5469115022818,4348
2023-11-21T03:00:00Z,COAL,COAL,809.7219858127171,820
2023-11-21T03:00:00Z,DUAL FUEL,DUAL FUEL,465.471272193061,466
2023-11-21T03:00:00Z,ENERGY STORAGE,ENERGY STORAGE,-0.10277816984388563,130
2023-11-21T03:00:00Z,GAS,COGENERATION,4472.090313923094,5235
2023-11-21T03:00:00Z,GAS,COMBINED CYCLE,1717.1639807436202,3010
2023-11-21T03:00:00Z,GAS,GAS FIRED STEAM,976.042588734097,2609
2023-11-21T03:00:00Z,GAS,SIMPLE CYCLE,238.2769575867388,959
2023-11-21T03:00:00Z,HYDRO,HYDRO,128.9512441935804,894
2023-11-21T03:00:00Z,OTHER,BIOMASS,107.04916572040982,154
2023-11-21T03:00:00Z,OTHER,DUAL FUEL,13.500666667090522,20
2023-11-21T03:00:00Z,OTHER,GAS,2.3999509811401367,10
2023-11-21T03:00:00Z,OTHER,GAS COGEN,33.36249366548327,58
2023-11-21T03:00:00Z,OTHER,OIL/GAS,44.9372542974684,53
2023-11-21T03:00:00Z,OTHER,WOOD/REFUSE,90.95059999889799,149
2023-11-21T03:00:00Z,SOLAR,SOLAR,0.09105555752913155,1470
2023-11-21T03:00:00Z,WIND,WIND,1689.2929659518434,4348
2023-11-21T04:00:00Z,COAL,COAL,809.7083209398057,820
2023-11-21T04:00:00Z,DUAL FUEL,DUAL FUEL,465.4308827209472,466
2023-11-21T04:00:00Z,ENERGY STORAGE,ENERGY STORAGE,-0.06255579418606227,130
2023-11-21T04:00:00Z,GAS,COGENERATION,4473.48227467484,5235
2023-11-21T04:00:00Z,GAS,COMBINED CYCLE,1698.2674015437233,3010
2023-11-21T04:00:00Z,GAS,GAS FIRED STEAM,872.9451229646471,2609
2023-11-21T04:00:00Z,GAS,SIMPLE CYCLE,162.96515750348567,959
2023-11-21T04:00:00Z,HYDRO,HYDRO,109.69087688888114,894
2023-11-21T04:00:00Z,OTHER,BIOMASS,107.78594508488973,154
2023-11-21T04:00:00Z,OTHER,DUAL FUEL,13.688500119845072,20
2023-11-21T04:00:00Z,OTHER,GAS,2.3999509811401367,10
2023-11-21T04:00:00Z,OTHER,GAS COGEN,33.243369001812404,58
2023-11-21T04:00:00Z,OTHER,OIL/GAS,45.940943495432535,53
2023-11-21T04:00:00Z,OTHER,WOOD/REFUSE,90.0607952621248,149
2023-11-21T04:00:00Z,SOLAR,SOLAR,0,1470
2023-11-21T04:00:00Z,WIND,WIND,2078.940916299932,4348
2023-11-21T05:00:00Z,COAL,COAL,800.4207108561197,820
2023-11-21T05:00:00Z,DUAL FUEL,DUAL FUEL,465.39743823581273,466
2023-11-21T05:00:00Z,ENERGY STORAGE,ENERGY STORAGE,-0.9684999317593045,130
2023-11-21T05:00:00Z,GAS,COGENERATION,4463.480935005877,5235
2023-11-21T05:00:00Z,GAS,COMBINED CYCLE,1623.9583972771961,3010
2023-11-21T05:00:00Z,GAS,GAS FIRED STEAM,828.6246823183697,2609
2023-11-21T05:00:00Z,GAS,SIMPLE CYCLE,148.06938621520996,959
2023-11-21T05:00:00Z,HYDRO,HYDRO,161.2121456503206,894
2023-11-21T05:00:00Z,OTHER,BIOMASS,108.71315544658238,154
2023-11-21T05:00:00Z,OTHER,DUAL FUEL,11.875333285331726,20
2023-11-21T05:00:00Z,OTHER,GAS,2.3999509811401367,10
2023-11-21T05:00:00Z,OTHER,GAS COGEN,33.17077149603102,58
2023-11-21T05:00:00Z,OTHER,OIL/GAS,45.282581628163655,53
2023-11-21T05:00:00Z,OTHER,WOOD/REFUSE,89.58497941546969,149
2023-11-21T05:00:00Z,SOLAR,SOLAR,0,1470
2023-11-21T05:00:00Z,WIND,WIND,2247.6583210147255,4348
2023-11-21T06:00:00Z,COAL,COAL,798.9348214721679,820
2023-11-21T06:00:00Z,DUAL FUEL,DUAL FUEL,465.4442739359538,466
2023-11-21T06:00:00Z,ENERGY STORAGE,ENERGY STORAGE,-2.8362771214379205,130
2023-11-21T06:00:00Z,GAS,COGENERATION,4321.6037257623675,5235
2023-11-21T06:00:00Z,GAS,COMBINED CYCLE,1608.80549038993,3010
2023-11-21T06:00:00Z,GAS,GAS FIRED STEAM,657.7590536838107,2609
2023-11-21T06:00:00Z,GAS,SIMPLE CYCLE,83.8179416010115,959
2023-11-21T06:00:00Z,HYDRO,HYDRO,132.35336673819356,894
2023-11-21T06:00:00Z,OTHER,BIOMASS,109.01839189476436,154
2023-11-21T06:00:00Z,OTHER,DUAL FUEL,9.82800011952718,20
2023-11-21T06:00:00Z,OTHER,GAS,2.3999509811401367,10
2023-11-21T06:00:00Z,OTHER,GAS COGEN,33.053727837668525,58
2023-11-21T06:00:00Z,OTHER,OIL/GAS,45.07999801635742,53
2023-11-21T06:00:00Z,OTHER,WOOD/REFUSE,90.69490489059024,149
2023-11-21T06:00:00Z,SOLAR,SOLAR,0,1470
2023-11-21T06:00:00Z,WIND,WIND,2466.216692883095,4348
2023-11-21T07:00:00Z,COAL,COAL,799.1422114223903,820
2023-11-21T07:00:00Z,DUAL FUEL,DUAL FUEL,465.35093763563367,466
2023-11-21T07:00:00Z,ENERGY STORAGE,ENERGY STORAGE,-2.9571660476260715,130
2023-11-21T07:00:00Z,GAS,COGENERATION,4249.596308275064,5235
2023-11-21T07:00:00Z,GAS,COMBINED CYCLE,1477.565934035513,3010
2023-11-21T07:00:00Z,GAS,GAS FIRED STEAM,604.0459829584757,2609
2023-11-21T07:00:00Z,GAS,SIMPLE CYCLE,76.65271986643472,959
2023-11-21T07:00:00Z,HYDRO,HYDRO,100.57413347803885,894
2023-11-21T07:00:00Z,OTHER,BIOMASS,107.1211839697096,154
2023-11-21T07:00:00Z,OTHER,DUAL FUEL,9.821666802300347,20
2023-11-21T07:00:00Z,OTHER,GAS,2.3999509811401367,10
2023-11-21T07:00:00Z,OTHER,GAS COGEN,32.97040509488848,58
2023-11-21T07:00:00Z,OTHER,OIL/GAS,45.500427669949005,53
2023-11-21T07:00:00Z,OTHER,WOOD/REFUSE,90.6425069173177,149
2023-11-21T07:00:00Z,SOLAR,SOLAR,0,1470
2023-11-21T07:00:00Z,WIND,WIND,2582.8849601265456,4348
2023-11-21T08:00:00Z,COAL,COAL,799.5772122361925,820
2023-11-21T08:00:00Z,DUAL FUEL,DUAL FUEL,465.36538282606335,466
2023-11-21T08:00:00Z,ENERGY STORAGE,ENERGY STORAGE,-2.969721696111891,130
2023-11-21T08:00:00Z,GAS,COGENERATION,4234.442984481652,5235
2023-11-21T08:00:00Z,GAS,COMBINED CYCLE,1356.1044078932869,3010
2023-11-21T08:00:00Z,GAS,GAS FIRED STEAM,579.7521795272828,2609
2023-11-21T08:00:00Z,GAS,SIMPLE CYCLE,76.6182757865058,959
2023-11-21T08:00:00Z,HYDRO,HYDRO,81.65172692898247,894
2023-11-21T08:00:00Z,OTHER,BIOMASS,106.14048459794786,154
2023-11-21T08:00:00Z,OTHER,DUAL FUEL,9.815833483801947,20
2023-11-21T08:00:00Z,OTHER,GAS,2.3999509811401367,10
2023-11-21T08:00:00Z,OTHER,GAS COGEN,32.92970871607463,58
2023-11-21T08:00:00Z,OTHER,OIL/GAS,44.96849926842584,53
2023-11-21T08:00:00Z,OTHER,WOOD/REFUSE,90.55918641408284,149
2023-11-21T08:00:00Z,SOLAR,SOLAR,0.01807716008689668,1470
2023-11-21T08:00:00Z,WIND,WIND,2641.456981438332,4348
2023-11-21T09:00:00Z,COAL,COAL,798.1094300164117,820
2023-11-21T09:00:00Z,DUAL FUEL,DUAL FUEL,465.2767157321506,466
2023-11-21T09:00:00Z,ENERGY STORAGE,ENERGY STORAGE,-4.011610580020481,130
2023-11-21T09:00:00Z,GAS,COGENERATION,4185.789376789464,5235
2023-11-21T09:00:00Z,GAS,COMBINED CYCLE,1291.7699552737342,3010
2023-11-21T09:00:00Z,GAS,GAS FIRED STEAM,571.5558137936063,2609
2023-11-21T09:00:00Z,GAS,SIMPLE CYCLE,76.60672057045831,959
2023-11-21T09:00:00Z,HYDRO,HYDRO,65.94977159870996,894
2023-11-21T09:00:00Z,OTHER,BIOMASS,106.54705498907302,154
2023-11-21T09:00:00Z,OTHER,DUAL FUEL,9.820000139872231,20
2023-11-21T09:00:00Z,OTHER,GAS,2.3999509811401367,10
2023-11-21T09:00:00Z,OTHER,GAS COGEN,32.922711873584326,58
2023-11-21T09:00:00Z,OTHER,OIL/GAS,45.09811068640815,53
2023-11-21T09:00:00Z,OTHER,WOOD/REFUSE,88.8763551097446,149
2023-11-21T09:00:00Z,SOLAR,SOLAR,0,1470
2023-11-21T09:00:00Z,WIND,WIND,2691.457302536302,4348
2023-11-21T10:00:00Z,COAL,COAL,799.8718759155273,820
2023-11-21T10:00:00Z,DUAL FUEL,DUAL FUEL,465.2578259446886,466
2023-11-21T10:00:00Z,ENERGY STORAGE,ENERGY STORAGE,-5.395831960572137,130
2023-11-21T10:00:00Z,GAS,COGENERATION,4155.736486581962,5235
2023-11-21T10:00:00Z,GAS,COMBINED CYCLE,1250.6462138477962,3010
2023-11-21T10:00:00Z,GAS,GAS FIRED STEAM,572.4364456600613,2609
2023-11-21T10:00:00Z,GAS,SIMPLE CYCLE,76.42699833975898,959
2023-11-21T10:00:00Z,HYDRO,HYDRO,87.43672715565395,894
2023-11-21T10:00:00Z,OTHER,BIOMASS,108.47420348008474,154
2023-11-21T10:00:00Z,OTHER,DUAL FUEL,9.895944277975294,20
2023-11-21T10:00:00Z,OTHER,GAS,2.3999509811401367,10
2023-11-21T10:00:00Z,OTHER,GAS COGEN,32.77797220759922,58
2023-11-21T10:00:00Z,OTHER,OIL/GAS,45.325915569729275,53
2023-11-21T10:00:00Z,OTHER,WOOD/REFUSE,87.75855205482907,149
2023-11-21T10:00:00Z,SOLAR,SOLAR,0,1470
2023-11-21T10:00:00Z,WIND,WIND,2763.2488925033144,4348
2023-11-21T11:00:00Z,COAL,COAL,798.7226546732584,820
2023-11-21T11:00:00Z,DUAL FUEL,DUAL FUEL,465.2062147861057,466
2023-11-21T11:00:00Z,ENERGY STORAGE,ENERGY STORAGE,-6.336887849171957,130
2023-11-21T11:00:00Z,GAS,COGENERATION,4200.36609733661,5235
2023-11-21T11:00:00Z,GAS,COMBINED CYCLE,1378.2329167964724,3010
2023-11-21T11:00:00Z,GAS,GAS FIRED STEAM,574.8962857140435,2609
2023-11-21T11:00:00Z,GAS,SIMPLE CYCLE,76.38044280370076,959
2023-11-21T11:00:00Z,HYDRO,HYDRO,93.26369074167476,894
2023-11-21T11:00:00Z,OTHER,BIOMASS,107.29865329212612,154
2023-11-21T11:00:00Z,OTHER,DUAL FUEL,9.899999618530272,20
2023-11-21T11:00:00Z,OTHER,GAS,2.3999509811401367,10
2023-11-21T11:00:00Z,OTHER,GAS COGEN,32.61005652798547,58
2023-11-21T11:00:00Z,OTHER,OIL/GAS,45.09934299892849,53
2023-11-21T11:00:00Z,OTHER,WOOD/REFUSE,87.69864885012309,149
2023-11-21T11:00:00Z,SOLAR,SOLAR,-0.4984556146131621,1470
2023-11-21T11:00:00Z,WIND,WIND,2694.8996416876053,4348
2023-11-21T12:00:00Z,COAL,COAL,797.3122652011448,820
2023-11-21T12:00:00Z,DUAL FUEL,DUAL FUEL,465.25977255927194,466
2023-11-21T12:00:00Z,ENERGY STORAGE,ENERGY STORAGE,-6.197554447386,130
2023-11-21T12:00:00Z,GAS,COGENERATION,4231.639086854193,5235
2023-11-21T12:00:00Z,GAS,COMBINED CYCLE,1460.8845635885664,3010
2023-11-21T12:00:00Z,GAS,GAS FIRED STEAM,651.4129598829481,2609
2023-11-21T12:00:00Z,GAS,SIMPLE CYCLE,76.77922090212505,959
2023-11-21T12:00:00Z,HYDRO,HYDRO,105.97048042270873,894
2023-11-21T12:00:00Z,OTHER,BIOMASS,105.90721360736424,154
2023-11-21T12:00:00Z,OTHER,DUAL FUEL,9.899999618530272,20
2023-11-21T12:00:00Z,OTHER,GAS,2.3999509811401367,10
2023-11-21T12:00:00Z,OTHER,GAS COGEN,32.58731062306298,58
2023-11-21T12:00:00Z,OTHER,OIL/GAS,45.03082583109538,53
2023-11-21T12:00:00Z,OTHER,WOOD/REFUSE,88.53045212745667,149
2023-11-21T12:00:00Z,SOLAR,SOLAR,0,1470
2023-11-21T12:00:00Z,WIND,WIND,2705.974524182214,4348
2023-11-21T13:00:00Z,COAL,COAL,797.7462111239963,820
2023-11-21T13:00:00Z,DUAL FUEL,DUAL FUEL,465.15077068752714,466
2023-11-21T13:00:00Z,ENERGY STORAGE,ENERGY STORAGE,-4.657832573254903,130
2023-11-21T13:00:00Z,GAS,COGENERATION,4250.059612492985,5235
2023-11-21T13:00:00Z,GAS,COMBINED CYCLE,1546.8137612867356,3010
2023-11-21T13:00:00Z,GAS,GAS FIRED STEAM,884.8989171346029,2609
2023-11-21T13:00:00Z,GAS,SIMPLE CYCLE,140.9201647033625,959
2023-11-21T13:00:00Z,HYDRO,HYDRO,123.3371905661126,894
2023-11-21T13:00:00Z,OTHER,BIOMASS,105.75932914998796,154
2023-11-21T13:00:00Z,OTHER,DUAL FUEL,9.899999618530272,20
2023-11-21T13:00:00Z,OTHER,GAS,2.3999509811401367,10
2023-11-21T13:00:00Z,OTHER,GAS COGEN,32.58758423010508,58
2023-11-21T13:00:00Z,OTHER,OIL/GAS,45.14723227183024,53
2023-11-21T13:00:00Z,OTHER,WOOD/REFUSE,88.2082868083318,149
2023-11-21T13:00:00Z,SOLAR,SOLAR,0,1470
2023-11-21T13:00:00Z,WIND,WIND,2730.4582842996383,4348
2023-11-21T14:00:00Z,COAL,COAL,796.5131543986002,820
2023-11-21T14:00:00Z,DUAL FUEL,DUAL FUEL,465.12316011216905,466
2023-11-21T14:00:00Z,ENERGY STORAGE,ENERGY STORAGE,-1.5990554857254027,130
2023-11-21T14:00:00Z,GAS,COGENERATION,4223.277140145831,5235
2023-11-21T14:00:00Z,GAS,COMBINED CYCLE,1684.515915874905,3010
2023-11-21T14:00:00Z,GAS,GAS FIRED STEAM,1021.7176860004001,2609
2023-11-21T14:00:00Z,GAS,SIMPLE CYCLE,180.08633184009128,959
2023-11-21T14:00:00Z,HYDRO,HYDRO,132.2767375105785,894
2023-11-21T14:00:00Z,OTHER,BIOMASS,108.04563364081913,154
2023-11-21T14:00:00Z,OTHER,DUAL FUEL,9.899999618530272,20
2023-11-21T14:00:00Z,OTHER,GAS,2.3999509811401367,10
2023-11-21T14:00:00Z,OTHER,GAS COGEN,32.841007311609054,58
2023-11-21T14:00:00Z,OTHER,OIL/GAS,45.25181547800699,53
2023-11-21T14:00:00Z,OTHER,WOOD/REFUSE,82.51168892118665,149
2023-11-21T14:00:00Z,SOLAR,SOLAR,0,1470
2023-11-21T14:00:00Z,WIND,WIND,2809.949849057057,4348
2023-11-21T15:00:00Z,COAL,COAL,795.4680412970649,820
2023-11-21T15:00:00Z,DUAL FUEL,DUAL FUEL,465.06160498725046,466
2023-11-21T15:00:00Z,ENERGY STORAGE,ENERGY STORAGE,-1.6068887170155843,130
2023-11-21T15:00:00Z,GAS,COGENERATION,4206.3376823669005,5235
2023-11-21T15:00:00Z,GAS,COMBINED CYCLE,1683.8052917787763,3010
2023-11-21T15:00:00Z,GAS,GAS FIRED STEAM,1061.8247955237496,2609
2023-11-21T15:00:00Z,GAS,SIMPLE CYCLE,180.6698870807224,959
2023-11-21T15:00:00Z,HYDRO,HYDRO,100.14974371055762,894
2023-11-21T15:00:00Z,OTHER,BIOMASS,114.74387194315592,154
2023-11-21T15:00:00Z,OTHER,DUAL FUEL,9.899999618530272,20
2023-11-21T15:00:00Z,OTHER,GAS,2.3999509811401367,10
2023-11-21T15:00:00Z,OTHER,GAS COGEN,34.35557738092211,58
2023-11-21T15:00:00Z,OTHER,OIL/GAS,43.76757127337986,53
2023-11-21T15:00:00Z,OTHER,WOOD/REFUSE,80.30044784228006,149
2023-11-21T15:00:00Z,SOLAR,SOLAR,0.9552777752776941,1470
2023-11-21T15:00:00Z,WIND,WIND,2925.494036964733,4348
2023-11-21T16:00:00Z,COAL,COAL,795.2633734300401,820
2023-11-21T16:00:00Z,DUAL FUEL,DUAL FUEL,465.1126040649414,466
2023-11-21T16:00:00Z,ENERGY STORAGE,ENERGY STORAGE,-0.9750555001364813,130
2023-11-21T16:00:00Z,GAS,COGENERATION,4193.846919128365,5235
2023-11-21T16:00:00Z,GAS,COMBINED CYCLE,1636.4322832965852,3010
2023-11-21T16:00:00Z,GAS,GAS FIRED STEAM,1172.2219482040405,2609
2023-11-21T16:00:00Z,GAS,SIMPLE CYCLE,179.9595540472534,959
2023-11-21T16:00:00Z,HYDRO,HYDRO,175.44256993850072,894
2023-11-21T16:00:00Z,OTHER,BIOMASS,109.7540895154741,154
2023-11-21T16:00:00Z,OTHER,DUAL FUEL,9.899999618530272,20
2023-11-21T16:00:00Z,OTHER,GAS,2.3999509811401367,10
2023-11-21T16:00:00Z,OTHER,GAS COGEN,34.25690597322252,58
2023-11-21T16:00:00Z,OTHER,OIL/GAS,43.52618271933662,53
2023-11-21T16:00:00Z,OTHER,WOOD/REFUSE,79.86870861795214,149
2023-11-21T16:00:00Z,SOLAR,SOLAR,17.788877729458942,1470
2023-11-21T16:00:00Z,WIND,WIND,2857.827182527118,4348
2023-11-21T17:00:00Z,COAL,COAL,795.1633774820964,820
2023-11-21T17:00:00Z,DUAL FUEL,DUAL FUEL,465.0023263210721,466
2023-11-21T17:00:00Z,ENERGY STORAGE,ENERGY STORAGE,-0.1427223571141561,130
2023-11-21T17:00:00Z,GAS,COGENERATION,4185.905561359724,5235
2023-11-21T17:00:00Z,GAS,COMBINED CYCLE,1678.4802862405777,3010
2023-11-21T17:00:00Z,GAS,GAS FIRED STEAM,1250.4315167660184,2609
2023-11-21T17:00:00Z,GAS,SIMPLE CYCLE,193.00005425479677,959
2023-11-21T17:00:00Z,HYDRO,HYDRO,116.8289306432671,894
2023-11-21T17:00:00Z,OTHER,BIOMASS,101.81583715332879,154
2023-11-21T17:00:00Z,OTHER,DUAL FUEL,9.899999618530272,20
2023-11-21T17:00:00Z,OTHER,GAS,2.3999509811401367,10
2023-11-21T17:00:00Z,OTHER,GAS COGEN,34.17377549913194,58
2023-11-21T17:00:00Z,OTHER,OIL/GAS,44.06026524013943,53
2023-11-21T17:00:00Z,OTHER,WOOD/REFUSE,79.86862899833255,149
2023-11-21T17:00:00Z,SOLAR,SOLAR,51.64608240475257,1470
2023-11-21T17:00:00Z,WIND,WIND,2747.3276545753083,4348
2023-11-21T18:00:00Z,COAL,COAL,795.588428785536,820
2023-11-21T18:00:00Z,DUAL FUEL,DUAL FUEL,464.9742724439833,466
2023-11-21T18:00:00Z,ENERGY STORAGE,ENERGY STORAGE,-0.16005596955617268,130
2023-11-21T18:00:00Z,GAS,COGENERATION,4148.376225584613,5235
2023-11-21T18:00:00Z,GAS,COMBINED CYCLE,1711.6516466559303,3010
2023-11-21T18:00:00Z,GAS,GAS FIRED STEAM,1377.5836585701836,2609
2023-11-21T18:00:00Z,GAS,SIMPLE CYCLE,187.33849764929877,959
2023-11-21T18:00:00Z,HYDRO,HYDRO,183.06307785504396,894
2023-11-21T18:00:00Z,OTHER,BIOMASS,101.01038669109344,154
2023-11-21T18:00:00Z,OTHER,DUAL FUEL,9.900332952075534,20
2023-11-21T18:00:00Z,OTHER,GAS,2.3999509811401367,10
2023-11-21T18:00:00Z,OTHER,GAS COGEN,33.329980019463434,58
2023-11-21T18:00:00Z,OTHER,OIL/GAS,44.170853498246935,53
2023-11-21T18:00:00Z,OTHER,WOOD/REFUSE,79.15454792764451,149
2023-11-21T18:00:00Z,SOLAR,SOLAR,71.66615598537855,1470
2023-11-21T18:00:00Z,WIND,WIND,2637.0215838158792,4348
2023-11-21T19:00:00Z,COAL,COAL,796.1158207702637,820
2023-11-21T19:00:00Z,DUAL FUEL,DUAL FUEL,465.1387715318468,466
2023-11-21T19:00:00Z,ENERGY STORAGE,ENERGY STORAGE,-0.14811121463775634,130
2023-11-21T19:00:00Z,GAS,COGENERATION,4131.356864907013,5235
2023-11-21T19:00:00Z,GAS,COMBINED CYCLE,1705.1045108238857,3010
2023-11-21T19:00:00Z,GAS,GAS FIRED STEAM,1458.0665860917834,2609
2023-11-21T19:00:00Z,GAS,SIMPLE CYCLE,112.99772105455399,959
2023-11-21T19:00:00Z,HYDRO,HYDRO,117.35053517573408,894
2023-11-21T19:00:00Z,OTHER,BIOMASS,99.61201530774434,154
2023-11-21T19:00:00Z,OTHER,DUAL FUEL,9.899999618530272,20
2023-11-21T19:00:00Z,OTHER,GAS,2.3999509811401367,10
2023-11-21T19:00:00Z,OTHER,GAS COGEN,32.208328364690146,58
2023-11-21T19:00:00Z,OTHER,OIL/GAS,44.00386561287774,53
2023-11-21T19:00:00Z,OTHER,WOOD/REFUSE,84.10957518683539,149
2023-11-21T19:00:00Z,SOLAR,SOLAR,104.05868944396576,1470
2023-11-21T19:00:00Z,WIND,WIND,2688.659633031819,4348
2023-11-21T20:00:00Z,COAL,COAL,795.4970444234211,820
2023-11-21T20:00:00Z,DUAL FUEL,DUAL FUEL,465.3439936319986,466
2023-11-21T20:00:00Z,ENERGY STORAGE,ENERGY STORAGE,-0.15933349185519746,130
2023-11-21T20:00:00Z,GAS,COGENERATION,4123.205587420381,5235
2023-11-21T20:00:00Z,GAS,COMBINED CYCLE,1704.5514038525687,3010
2023-11-21T20:00:00Z,GAS,GAS FIRED STEAM,1422.167737528483,2609
2023-11-21T20:00:00Z,GAS,SIMPLE CYCLE,108.82132013056012,959
2023-11-21T20:00:00Z,HYDRO,HYDRO,160.58380533304478,894
2023-11-21T20:00:00Z,OTHER,BIOMASS,99.4890321583218,154
2023-11-21T20:00:00Z,OTHER,DUAL FUEL,9.899999618530272,20
2023-11-21T20:00:00Z,OTHER,GAS,1.498636057111952,10
2023-11-21T20:00:00Z,OTHER,GAS COGEN,32.371181648042466,58
2023-11-21T20:00:00Z,OTHER,OIL/GAS,43.96864874098036,53
2023-11-21T20:00:00Z,OTHER,WOOD/REFUSE,85.57714723481072,149
2023-11-21T20:00:00Z,SOLAR,SOLAR,150.57105144189464,1470
2023-11-21T20:00:00Z,WIND,WIND,2632.1900632871193,4348
2023-11-21T21:00:00Z,COAL,COAL,796.4177091471354,820
2023-11-21T21:00:00Z,DUAL FUEL,DUAL FUEL,465.46427220662434,466
2023-11-21T21:00:00Z,ENERGY STORAGE,ENERGY STORAGE,-0.14772232638465033,130
2023-11-21T21:00:00Z,GAS,COGENERATION,4148.500859014193,5235
2023-11-21T21:00:00Z,GAS,COMBINED CYCLE,1685.418427942594,3010
2023-11-21T21:00:00Z,GAS,GAS FIRED STEAM,1412.7083446163601,2609
2023-11-21T21:00:00Z,GAS,SIMPLE CYCLE,110.89145404867,959
2023-11-21T21:00:00Z,HYDRO,HYDRO,127.70122515598933,894
2023-11-21T21:00:00Z,OTHER,BIOMASS,100.66522006140815,154
2023-11-21T21:00:00Z,OTHER,DUAL FUEL,9.899999618530272,20
2023-11-21T21:00:00Z,OTHER,GAS,0,10
2023-11-21T21:00:00Z,OTHER,GAS COGEN,32.78357302453783,58
2023-11-21T21:00:00Z,OTHER,OIL/GAS,44.27704330868191,53
2023-11-21T21:00:00Z,OTHER,WOOD/REFUSE,85.68856598536175,149
2023-11-21T21:00:00Z,SOLAR,SOLAR,156.57706529774597,1470
2023-11-21T21:00:00Z,WIND,WIND,2661.9648372331426,4348
2023-11-21T22:00:00Z,COAL,COAL,795.8067648824056,820
2023-11-21T22:00:00Z,DUAL FUEL,DUAL FUEL,465.54949259440104,466
2023-11-21T22:00:00Z,ENERGY STORAGE,ENERGY STORAGE,-0.030944452815585683,130
2023-11-21T22:00:00Z,GAS,COGENERATION,4139.891593977875,5235
2023-11-21T22:00:00Z,GAS,COMBINED CYCLE,1655.9808657455444,3010
2023-11-21T22:00:00Z,GAS,GAS FIRED STEAM,1412.9489823913575,2609
2023-11-21T22:00:00Z,GAS,SIMPLE CYCLE,112.37143497270014,959
2023-11-21T22:00:00Z,HYDRO,HYDRO,207.47435089190802,894
2023-11-21T22:00:00Z,OTHER,BIOMASS,100.59600324100919,154
2023-11-21T22:00:00Z,OTHER,DUAL FUEL,10.330166286362545,20
2023-11-21T22:00:00Z,OTHER,GAS,0,10
2023-11-21T22:00:00Z,OTHER,GAS COGEN,32.33914328469171,58
2023-11-21T22:00:00Z,OTHER,OIL/GAS,44.093582695855034,53
2023-11-21T22:00:00Z,OTHER,WOOD/REFUSE,86.93068904187943,149
2023-11-21T22:00:00Z,SOLAR,SOLAR,147.5584415937629,1470
2023-11-21T22:00:00Z,WIND,WIND,2692.934027586314,4348
2023-11-21T23:00:00Z,COAL,COAL,795.9440993923611,820
2023-11-21T23:00:00Z,DUAL FUEL,DUAL FUEL,465.4498275417752,466
2023-11-21T23:00:00Z,ENERGY STORAGE,ENERGY STORAGE,0.1341114356782701,130
2023-11-21T23:00:00Z,GAS,COGENERATION,4155.760867851045,5235
2023-11-21T23:00:00Z,GAS,COMBINED CYCLE,1687.680839759509,3010
2023-11-21T23:00:00Z,GAS,GAS FIRED STEAM,1494.4258951568604,2609
2023-11-21T23:00:00Z,GAS,SIMPLE CYCLE,167.7366043659548,959
2023-11-21T23:00:00Z,HYDRO,HYDRO,223.39068258119954,894
2023-11-21T23:00:00Z,OTHER,BIOMASS,100.87448644373153,154
2023-11-21T23:00:00Z,OTHER,DUAL FUEL,12.899999618530272,20
2023-11-21T23:00:00Z,OTHER,GAS,0.22554287128978304,10
2023-11-21T23:00:00Z,OTHER,GAS COGEN,33.84192162089877,58
2023-11-21T23:00:00Z,OTHER,OIL/GAS,43.99601539187961,53
2023-11-21T23:00:00Z,OTHER,WOOD/REFUSE,89.84485733773973,149
2023-11-21T23:00:00Z,SOLAR,SOLAR,19.222777424106997,1470
2023-11-21T23:00:00Z,WIND,WIND,2789.43118216152,4348
2023-11-22T00:00:00Z,COAL,COAL,795.2002109103732,820
2023-11-22T00:00:00Z,DUAL FUEL,DUAL FUEL,465.44071712917753,466
2023-11-22T00:00:00Z,ENERGY STORAGE,ENERGY STORAGE,0.00816669623057047,130
2023-11-22T00:00:00Z,GAS,COGENERATION,4161.964770112104,5235
2023-11-22T00:00:00Z,GAS,COMBINED CYCLE,1699.3165132082834,3010
2023-11-22T00:00:00Z,GAS,GAS FIRED STEAM,1587.4295269605848,2609
2023-11-22T00:00:00Z,GAS,SIMPLE CYCLE,242.30035503054657,959
2023-11-22T00:00:00Z,HYDRO,HYDRO,179.1929621722301,894
2023-11-22T00:00:00Z,OTHER,BIOMASS,99.5147922929128,154
2023-11-22T00:00:00Z,OTHER,DUAL FUEL,12.899999618530272,20
2023-11-22T00:00:00Z,OTHER,GAS,1.2326176346672906,10
2023-11-22T00:00:00Z,OTHER,GAS COGEN,42.721263947486875,58
2023-11-22T00:00:00Z,OTHER,OIL/GAS,44.47048178142971,53
2023-11-22T00:00:00Z,OTHER,WOOD/REFUSE,94.42121555487314,149
2023-11-22T00:00:00Z,SOLAR,SOLAR,0,1470
2023-11-22T00:00:00Z,WIND,WIND,2756.6729499816893,4348
2023-11-22T01:00:00Z,COAL,COAL,795.2497651163737,820
2023-11-22T01:00:00Z,DUAL FUEL,DUAL FUEL,465.4300493706598,466
2023-11-22T01:00:00Z,ENERGY STORAGE,ENERGY STORAGE,-0.00105555640326605,130
2023-11-22T01:00:00Z,GAS,COGENERATION,4164.1757729985975,5235
2023-11-22T01:00:00Z,GAS,COMBINED CYCLE,1688.8362421856987,3010
2023-11-22T01:00:00Z,GAS,GAS FIRED STEAM,1534.0177996232774,2609
2023-11-22T01:00:00Z,GAS,SIMPLE CYCLE,206.94992274275256,959
2023-11-22T01:00:00Z,HYDRO,HYDRO,128.91515757792527,894
2023-11-22T01:00:00Z,OTHER,BIOMASS,100.20485217942132,154
2023-11-22T01:00:00Z,OTHER,DUAL FUEL,13.085666403240628,20
2023-11-22T01:00:00Z,OTHER,GAS,1.664728756348292,10
2023-11-22T01:00:00Z,OTHER,GAS COGEN,38.76965331395467,58
2023-11-22T01:00:00Z,OTHER,OIL/GAS,44.2910822614034,53
2023-11-22T01:00:00Z,OTHER,WOOD/REFUSE,93.58290168656242,149
2023-11-22T01:00:00Z,SOLAR,SOLAR,0.07069241081674894,1470
2023-11-22T01:00:00Z,WIND,WIND,2751.670417946047,4348
2023-11-22T02:00:00Z,COAL,COAL,794.9624303012424,820
2023-11-22T02:00:00Z,DUAL FUEL,DUAL FUEL,465.3997165934245,466
2023-11-22T02:00:00Z,ENERGY STORAGE,ENERGY STORAGE,-3.8889037238226e-4,130
2023-11-22T02:00:00Z,GAS,COGENERATION,4160.433729242749,5235
2023-11-22T02:00:00Z,GAS,COMBINED CYCLE,1688.2727015458213,3010
2023-11-22T02:00:00Z,GAS,GAS FIRED STEAM,1453.0995452626546,2609
2023-11-22T02:00:00Z,GAS,SIMPLE CYCLE,188.97194721519946,959
2023-11-22T02:00:00Z,HYDRO,HYDRO,104.6842492116491,894
2023-11-22T02:00:00Z,OTHER,BIOMASS,100.94814754115211,154
2023-11-22T02:00:00Z,OTHER,DUAL FUEL,13.199999809265137,20
2023-11-22T02:00:00Z,OTHER,GAS,2.3999509811401367,10
2023-11-22T02:00:00Z,OTHER,GAS COGEN,32.76435359636942,58
2023-11-22T02:00:00Z,OTHER,OIL/GAS,43.971316786872016,53
2023-11-22T02:00:00Z,OTHER,WOOD/REFUSE,90.23083553208245,149
2023-11-22T02:00:00Z,SOLAR,SOLAR,0.00139791385995017,1470
2023-11-22T02:00:00Z,WIND,WIND,2757.774677247604,4348
2023-11-22T03:00:00Z,COAL,COAL,796.0788751390245,820
2023-11-22T03:00:00Z,DUAL FUEL,DUAL FUEL,465.45932746039495,466
2023-11-22T03:00:00Z,ENERGY STORAGE,ENERGY STORAGE,0.00166666931576199,130
2023-11-22T03:00:00Z,GAS,COGENERATION,4177.666740374565,5235
2023-11-22T03:00:00Z,GAS,COMBINED CYCLE,1657.1402576245202,3010
2023-11-22T03:00:00Z,GAS,GAS FIRED STEAM,1426.4379989963106,2609
2023-11-22T03:00:00Z,GAS,SIMPLE CYCLE,138.02359896222748,959
2023-11-22T03:00:00Z,HYDRO,HYDRO,152.91808890971873,894
2023-11-22T03:00:00Z,OTHER,BIOMASS,100.68135491953956,154
2023-11-22T03:00:00Z,OTHER,DUAL FUEL,13.230333111021254,20
2023-11-22T03:00:00Z,OTHER,GAS,2.3999509811401367,10
2023-11-22T03:00:00Z,OTHER,GAS COGEN,32.50327777014839,58
2023-11-22T03:00:00Z,OTHER,OIL/GAS,44.66538808186849,53
2023-11-22T03:00:00Z,OTHER,WOOD/REFUSE,88.50076310528648,149
2023-11-22T03:00:00Z,SOLAR,SOLAR,0.0301302341123422,1470
2023-11-22T03:00:00Z,WIND,WIND,2711.09549801151,4348
2023-11-22T04:00:00Z,COAL,COAL,795.236431986491,820
2023-11-22T04:00:00Z,DUAL FUEL,DUAL FUEL,465.4244381544325,466
2023-11-22T04:00:00Z,ENERGY STORAGE,ENERGY STORAGE,0,130
2023-11-22T04:00:00Z,GAS,COGENERATION,4182.954473135206,5235
2023-11-22T04:00:00Z,GAS,COMBINED CYCLE,1620.62561601056,3010
2023-11-22T04:00:00Z,GAS,GAS FIRED STEAM,1294.4924195056492,2609
2023-11-22T04:00:00Z,GAS,SIMPLE CYCLE,102.5695630628864,959
2023-11-22T04:00:00Z,HYDRO,HYDRO,139.18774541828367,894
2023-11-22T04:00:00Z,OTHER,BIOMASS,95.9891660144594,154
2023-11-22T04:00:00Z,OTHER,DUAL FUEL,13.352610745429992,20
2023-11-22T04:00:00Z,OTHER,GAS,2.3999509811401367,10
2023-11-22T04:00:00Z,OTHER,GAS COGEN,32.46445269054837,58
2023-11-22T04:00:00Z,OTHER,OIL/GAS,45.379914898342555,53
2023-11-22T04:00:00Z,OTHER,WOOD/REFUSE,86.28506353590224,149
2023-11-22T04:00:00Z,SOLAR,SOLAR,0,1470
2023-11-22T04:00:00Z,WIND,WIND,2706.187792845567,4348
2023-11-22T05:00:00Z,COAL,COAL,794.8532654486762,820
2023-11-22T05:00:00Z,DUAL FUEL,DUAL FUEL,465.46782770792646,466
2023-11-22T05:00:00Z,ENERGY STORAGE,ENERGY STORAGE,0.00138889418707953,130
2023-11-22T05:00:00Z,GAS,COGENERATION,4183.598605994979,5235
2023-11-22T05:00:00Z,GAS,COMBINED CYCLE,1623.2671308581034,3010
2023-11-22T05:00:00Z,GAS,GAS FIRED STEAM,1038.0647443177966,2609
2023-11-22T05:00:00Z,GAS,SIMPLE CYCLE,89.4900809286038,959
2023-11-22T05:00:00Z,HYDRO,HYDRO,150.39053016450669,894
2023-11-22T05:00:00Z,OTHER,BIOMASS,96.1044562543763,154
2023-11-22T05:00:00Z,OTHER,DUAL FUEL,13.31650008254581,20
2023-11-22T05:00:00Z,OTHER,GAS,2.3999509811401367,10
2023-11-22T05:00:00Z,OTHER,GAS COGEN,32.48459791554345,58
2023-11-22T05:00:00Z,OTHER,OIL/GAS,45.13419255150689,53
2023-11-22T05:00:00Z,OTHER,WOOD/REFUSE,85.7522753296958,149
2023-11-22T05:00:00Z,SOLAR,SOLAR,0,1470
2023-11-22T05:00:00Z,WIND,WIND,2626.479788870017,4348
2023-11-22T06:00:00Z,COAL,COAL,796.4214866468642,820
2023-11-22T06:00:00Z,DUAL FUEL,DUAL FUEL,465.45004994710285,466
2023-11-22T06:00:00Z,ENERGY STORAGE,ENERGY STORAGE,5.0000190734863e-4,130
2023-11-22T06:00:00Z,GAS,COGENERATION,4179.137723691331,5235
2023-11-22T06:00:00Z,GAS,COMBINED CYCLE,1637.3856860664155,3010
2023-11-22T06:00:00Z,GAS,GAS FIRED STEAM,937.2366978157891,2609
2023-11-22T06:00:00Z,GAS,SIMPLE CYCLE,88.91722140630087,959
2023-11-22T06:00:00Z,HYDRO,HYDRO,111.17181913787292,894
2023-11-22T06:00:00Z,OTHER,BIOMASS,98.12146688938141,154
2023-11-22T06:00:00Z,OTHER,DUAL FUEL,12.280944551361932,20
2023-11-22T06:00:00Z,OTHER,GAS,2.3999509811401367,10
2023-11-22T06:00:00Z,OTHER,GAS COGEN,32.24172890239292,58
2023-11-22T06:00:00Z,OTHER,OIL/GAS,44.90958143870036,53
2023-11-22T06:00:00Z,OTHER,WOOD/REFUSE,86.62855046537189,149
2023-11-22T06:00:00Z,SOLAR,SOLAR,0,1470
2023-11-22T06:00:00Z,WIND,WIND,2460.076355664465,4348
2023-11-22T07:00:00Z,COAL,COAL,794.6635433281792,820
2023-11-22T07:00:00Z,DUAL FUEL,DUAL FUEL,465.47693725585935,466
2023-11-22T07:00:00Z,ENERGY STORAGE,ENERGY STORAGE,-4.60744346247779,130
2023-11-22T07:00:00Z,GAS,COGENERATION,4180.122690859504,5235
2023-11-22T07:00:00Z,GAS,COMBINED CYCLE,1509.6795497210821,3010
2023-11-22T07:00:00Z,GAS,GAS FIRED STEAM,1077.02295244005,2609
2023-11-22T07:00:00Z,GAS,SIMPLE CYCLE,88.9203323703342,959
2023-11-22T07:00:00Z,HYDRO,HYDRO,76.95563326670063,894
2023-11-22T07:00:00Z,OTHER,BIOMASS,96.951330120298607,154
2023-11-22T07:00:00Z,OTHER,DUAL FUEL,10.957388902240329,20
2023-11-22T07:00:00Z,OTHER,GAS,2.3999509811401367,10
2023-11-22T07:00:00Z,OTHER,GAS COGEN,32.84643781661987,58
2023-11-22T07:00:00Z,OTHER,OIL/GAS,45.44338841968113,53
2023-11-22T07:00:00Z,OTHER,WOOD/REFUSE,87.18161238617367,149
2023-11-22T07:00:00Z,SOLAR,SOLAR,0,1470
2023-11-22T07:00:00Z,WIND,WIND,2291.4318151394527,4420
2023-11-22T08:00:00Z,COAL,COAL,797.2020482042101,820
2023-11-22T08:00:00Z,DUAL FUEL,DUAL FUEL,465.5041613769531,466
2023-11-22T08:00:00Z,ENERGY STORAGE,ENERGY STORAGE,-4.78160993470086,130
2023-11-22T08:00:00Z,GAS,COGENERATION,4193.295883430905,5235
2023-11-22T08:00:00Z,GAS,COMBINED CYCLE,1498.9109049166573,3010
2023-11-22T08:00:00Z,GAS,GAS FIRED STEAM,1053.3052178192138,2609
2023-11-22T08:00:00Z,GAS,SIMPLE CYCLE,88.87894406106737,959
2023-11-22T08:00:00Z,HYDRO,HYDRO,98.89911644306447,894
2023-11-22T08:00:00Z,OTHER,BIOMASS,98.80264754957624,154
2023-11-22T08:00:00Z,OTHER,DUAL FUEL,10.981333333121404,20
2023-11-22T08:00:00Z,OTHER,GAS,2.3999509811401367,10
2023-11-22T08:00:00Z,OTHER,GAS COGEN,33.00374493122101,58
2023-11-22T08:00:00Z,OTHER,OIL/GAS,45.19118709988064,53
2023-11-22T08:00:00Z,OTHER,WOOD/REFUSE,87.27413443406424,149
2023-11-22T08:00:00Z,SOLAR,SOLAR,0,1470
2023-11-22T08:00:00Z,WIND,WIND,2203.8723937805494,4420
2023-11-22T09:00:00Z,COAL,COAL,796.8898806762695,820
2023-11-22T09:00:00Z,DUAL FUEL,DUAL FUEL,465.46371588812934,466
2023-11-22T09:00:00Z,ENERGY STORAGE,ENERGY STORAGE,-4.803054486380683,130
2023-11-22T09:00:00Z,GAS,COGENERATION,4223.126073649327,5235
2023-11-22T09:00:00Z,GAS,COMBINED CYCLE,1504.9405348332723,3010
2023-11-22T09:00:00Z,GAS,GAS FIRED STEAM,1126.5656577852037,2609
2023-11-22T09:00:00Z,GAS,SIMPLE CYCLE,89.03799938413832,959
2023-11-22T09:00:00Z,HYDRO,HYDRO,136.17806063128842,894
2023-11-22T09:00:00Z,OTHER,BIOMASS,96.84188125901753,154
2023-11-22T09:00:00Z,OTHER,DUAL FUEL,10.99666666454739,20
2023-11-22T09:00:00Z,OTHER,GAS,2.3999509811401367,10
2023-11-22T09:00:00Z,OTHER,GAS COGEN,33.071606314447195,58
2023-11-22T09:00:00Z,OTHER,OIL/GAS,45.04568100823296,53
2023-11-22T09:00:00Z,OTHER,WOOD/REFUSE,87.47045372592078,149
2023-11-22T09:00:00Z,SOLAR,SOLAR,0,1470
2023-11-22T09:00:00Z,WIND,WIND,1854.442259011931,4420
2023-11-22T10:00:00Z,COAL,COAL,794.5989872402615,820
2023-11-22T10:00:00Z,DUAL FUEL,DUAL FUEL,465.49188334147135,466
2023-11-22T10:00:00Z,ENERGY STORAGE,ENERGY STORAGE,-4.774943313598633,130
2023-11-22T10:00:00Z,GAS,COGENERATION,4242.319180514548,5235
2023-11-22T10:00:00Z,GAS,COMBINED CYCLE,1582.3098535792033,3010
2023-11-22T10:00:00Z,GAS,GAS FIRED STEAM,1227.8377867041693,2609
2023-11-22T10:00:00Z,GAS,SIMPLE CYCLE,95.04416077060833,959
2023-11-22T10:00:00Z,HYDRO,HYDRO,126.93792762696744,894
2023-11-22T10:00:00Z,OTHER,BIOMASS,98.5087685086992,154
2023-11-22T10:00:00Z,OTHER,DUAL FUEL,10.998833332591587,20
2023-11-22T10:00:00Z,OTHER,GAS,1.6751731876532236,10
2023-11-22T10:00:00Z,OTHER,GAS COGEN,35.889370469517175,58
2023-11-22T10:00:00Z,OTHER,OIL/GAS,45.151887236701114,53
2023-11-22T10:00:00Z,OTHER,WOOD/REFUSE,90.1324640109804,149
2023-11-22T10:00:00Z,SOLAR,SOLAR,0,1470
2023-11-22T10:00:00Z,WIND,WIND,1389.1273323924675,4420
2023-11-22T11:00:00Z,COAL,COAL,795.5628193155924,820
2023-11-22T11:00:00Z,DUAL FUEL,DUAL FUEL,465.4412179734972,466
2023-11-22T11:00:00Z,ENERGY STORAGE,ENERGY STORAGE,-0.39250006940629745,130
2023-11-22T11:00:00Z,GAS,COGENERATION,4260.441662792629,5235
2023-11-22T11:00:00Z,GAS,COMBINED CYCLE,1556.2767622529136,3010
2023-11-22T11:00:00Z,GAS,GAS FIRED STEAM,1210.6303472383818,2609
2023-11-22T11:00:00Z,GAS,SIMPLE CYCLE,186.9649823097388,959
2023-11-22T11:00:00Z,HYDRO,HYDRO,99.2488974590434,894
2023-11-22T11:00:00Z,OTHER,BIOMASS,97.6165332142512,154
2023-11-22T11:00:00Z,OTHER,DUAL FUEL,10.99966666645474,20
2023-11-22T11:00:00Z,OTHER,GAS,1.2999509572982788,10
2023-11-22T11:00:00Z,OTHER,GAS COGEN,34.91417629824744,58
2023-11-22T11:00:00Z,OTHER,OIL/GAS,45.57965460671319,53
2023-11-22T11:00:00Z,OTHER,WOOD/REFUSE,91.433352109591155,149
2023-11-22T11:00:00Z,SOLAR,SOLAR,0,1470
2023-11-22T11:00:00Z,WIND,WIND,1139.6968703956902,4420
2023-11-22T12:00:00Z,COAL,COAL,796.9609867519803,820
2023-11-22T12:00:00Z,DUAL FUEL,DUAL FUEL,465.50493777804905,466
2023-11-22T12:00:00Z,ENERGY STORAGE,ENERGY STORAGE,-0.10605569627549911,130
2023-11-22T12:00:00Z,GAS,COGENERATION,4265.9069534145465,5235
2023-11-22T12:00:00Z,GAS,COMBINED CYCLE,1495.298143281407,3010
2023-11-22T12:00:00Z,GAS,GAS FIRED STEAM,1213.1384312089285,2609
2023-11-22T12:00:00Z,GAS,SIMPLE CYCLE,197.9637213452657,959
2023-11-22T12:00:00Z,HYDRO,HYDRO,136.4266032073233,894
2023-11-22T12:00:00Z,OTHER,BIOMASS,97.16667210472954,154
2023-11-22T12:00:00Z,OTHER,DUAL FUEL,13.107110894521078,20
2023-11-22T12:00:00Z,OTHER,GAS,1.2999509572982788,10
2023-11-22T12:00:00Z,OTHER,GAS COGEN,33.76874503983392,58
2023-11-22T12:00:00Z,OTHER,OIL/GAS,45.13869885550605,53
2023-11-22T12:00:00Z,OTHER,WOOD/REFUSE,90.85805080307856,149
2023-11-22T12:00:00Z,SOLAR,SOLAR,0,1470
2023-11-22T12:00:00Z,WIND,WIND,990.2038057567262,4420
2023-11-22T13:00:00Z,COAL,COAL,809.1630427720811,820
2023-11-22T13:00:00Z,DUAL FUEL,DUAL FUEL,465.49516143798826,466
2023-11-22T13:00:00Z,ENERGY STORAGE,ENERGY STORAGE,0,130
2023-11-22T13:00:00Z,GAS,COGENERATION,4278.763471963671,5235
2023-11-22T13:00:00Z,GAS,COMBINED CYCLE,1699.149959681299,3010
2023-11-22T13:00:00Z,GAS,GAS FIRED STEAM,1373.9626011445787,2609
2023-11-22T13:00:00Z,GAS,SIMPLE CYCLE,248.46084041684867,959
2023-11-22T13:00:00Z,HYDRO,HYDRO,192.79558779810864,894
2023-11-22T13:00:00Z,OTHER,BIOMASS,98.71798643694984,154
2023-11-22T13:00:00Z,OTHER,DUAL FUEL,13.693666471905178,20
2023-11-22T13:00:00Z,OTHER,GAS,1.2999509572982788,10
2023-11-22T13:00:00Z,OTHER,GAS COGEN,42.776400486098396,58
2023-11-22T13:00:00Z,OTHER,OIL/GAS,44.73210930082533,53
2023-11-22T13:00:00Z,OTHER,WOOD/REFUSE,96.10808850712247,149
2023-11-22T13:00:00Z,SOLAR,SOLAR,0,1470
2023-11-22T13:00:00Z,WIND,WIND,798.4636118622042,4420
2023-11-22T14:00:00Z,COAL,COAL,811.5924327596028,820
2023-11-22T14:00:00Z,DUAL FUEL,DUAL FUEL,465.38021667480467,466
2023-11-22T14:00:00Z,ENERGY STORAGE,ENERGY STORAGE,-7.2222497728135e-4,130
2023-11-22T14:00:00Z,GAS,COGENERATION,4274.321555609174,5235
2023-11-22T14:00:00Z,GAS,COMBINED CYCLE,1789.425413199001,3010
2023-11-22T14:00:00Z,GAS,GAS FIRED STEAM,1446.2277040481567,2609
2023-11-22T14:00:00Z,GAS,SIMPLE CYCLE,358.87844273083743,959
2023-11-22T14:00:00Z,HYDRO,HYDRO,212.21064710860452,894
2023-11-22T14:00:00Z,OTHER,BIOMASS,99.3611885409885,154
2023-11-22T14:00:00Z,OTHER,DUAL FUEL,13.699999809265137,20
2023-11-22T14:00:00Z,OTHER,GAS,1.2999509572982788,10
2023-11-22T14:00:00Z,OTHER,GAS COGEN,42.91527426507738,58
2023-11-22T14:00:00Z,OTHER,OIL/GAS,44.98809899224175,53
2023-11-22T14:00:00Z,OTHER,WOOD/REFUSE,94.83439403533936,149
2023-11-22T14:00:00Z,SOLAR,SOLAR,0,1470
2023-11-22T14:00:00Z,WIND,WIND,772.354588297353,4420
2023-11-22T15:00:00Z,COAL,COAL,811.1504876708984,820
2023-11-22T15:00:00Z,DUAL FUEL,DUAL FUEL,465.3886056857639,466
2023-11-22T15:00:00Z,ENERGY STORAGE,ENERGY STORAGE,-0.0011666711171468,130
2023-11-22T15:00:00Z,GAS,COGENERATION,4276.207494118478,5235
2023-11-22T15:00:00Z,GAS,COMBINED CYCLE,1788.5567135312822,3010
2023-11-22T15:00:00Z,GAS,GAS FIRED STEAM,1542.2687329991659,2609
2023-11-22T15:00:00Z,GAS,SIMPLE CYCLE,401.2830715492368,959
2023-11-22T15:00:00Z,HYDRO,HYDRO,160.00630524425043,894
2023-11-22T15:00:00Z,OTHER,BIOMASS,101.09419226646423,154
2023-11-22T15:00:00Z,OTHER,DUAL FUEL,13.699999809265137,20
2023-11-22T15:00:00Z,OTHER,GAS,1.2999509572982788,10
2023-11-22T15:00:00Z,OTHER,GAS COGEN,45.471683983272975,58
2023-11-22T15:00:00Z,OTHER,OIL/GAS,45.16699840757582,53
2023-11-22T15:00:00Z,OTHER,WOOD/REFUSE,95.14140110174816,149
2023-11-22T15:00:00Z,SOLAR,SOLAR,8.280722108913793,1470
2023-11-22T15:00:00Z,WIND,WIND,581.4262338990138,4420
2023-11-22T16:00:00Z,COAL,COAL,807.2813755628797,820
2023-11-22T16:00:00Z,DUAL FUEL,DUAL FUEL,465.55060538397896,466
2023-11-22T16:00:00Z,ENERGY STORAGE,ENERGY STORAGE,8.8889227973089e-4,130
2023-11-22T16:00:00Z,GAS,COGENERATION,4270.63407914771,5235
2023-11-22T16:00:00Z,GAS,COMBINED CYCLE,1728.8840745459663,3010
2023-11-22T16:00:00Z,GAS,GAS FIRED STEAM,1419.9329640498427,2609
2023-11-22T16:00:00Z,GAS,SIMPLE CYCLE,402.71839052226807,959
2023-11-22T16:00:00Z,HYDRO,HYDRO,141.40145613672004,894
2023-11-22T16:00:00Z,OTHER,BIOMASS,99.67385278436872,154
2023-11-22T16:00:00Z,OTHER,DUAL FUEL,13.699999809265137,20
2023-11-22T16:00:00Z,OTHER,GAS,1.2999509572982788,10
2023-11-22T16:00:00Z,OTHER,GAS COGEN,35.835811900032894,58
2023-11-22T16:00:00Z,OTHER,OIL/GAS,43.9799987687005,53
2023-11-22T16:00:00Z,OTHER,WOOD/REFUSE,91.14793664773305,149
2023-11-22T16:00:00Z,SOLAR,SOLAR,207.6285449313952,1470
2023-11-22T16:00:00Z,WIND,WIND,560.2608935773662,4420
2023-11-22T17:00:00Z,COAL,COAL,812.580435095893,820
2023-11-22T17:00:00Z,DUAL FUEL,DUAL FUEL,465.5388820224338,466
2023-11-22T17:00:00Z,ENERGY STORAGE,ENERGY STORAGE,0,130
2023-11-22T17:00:00Z,GAS,COGENERATION,4274.13556754695,5235
2023-11-22T17:00:00Z,GAS,COMBINED CYCLE,1735.1838915835485,3010
2023-11-22T17:00:00Z,GAS,GAS FIRED STEAM,1310.734954635832,2609
2023-11-22T17:00:00Z,GAS,SIMPLE CYCLE,372.2486358269387,959
2023-11-22T17:00:00Z,HYDRO,HYDRO,114.53321143534448,894
2023-11-22T17:00:00Z,OTHER,BIOMASS,97.2042919503318,154
2023-11-22T17:00:00Z,OTHER,DUAL FUEL,13.699833142492508,20
2023-11-22T17:00:00Z,OTHER,GAS,1.2999509572982788,10
2023-11-22T17:00:00Z,OTHER,GAS COGEN,34.70748421933916,58
2023-11-22T17:00:00Z,OTHER,OIL/GAS,43.3671050453186,53
2023-11-22T17:00:00Z,OTHER,WOOD/REFUSE,90.50716285387674,149
2023-11-22T17:00:00Z,SOLAR,SOLAR,450.8310321639147,1470
2023-11-22T17:00:00Z,WIND,WIND,613.7919965192965,4420
2023-11-22T18:00:00Z,COAL,COAL,812.9402103678386,820
2023-11-22T18:00:00Z,DUAL FUEL,DUAL FUEL,465.6029370964898,466
2023-11-22T18:00:00Z,ENERGY STORAGE,ENERGY STORAGE,0.00661113580067952,130
2023-11-22T18:00:00Z,GAS,COGENERATION,4275.939300011529,5235
2023-11-22T18:00:00Z,GAS,COMBINED CYCLE,1747.2008170011309,3010
2023-11-22T18:00:00Z,GAS,GAS FIRED STEAM,1275.0619585365719,2609
2023-11-22T18:00:00Z,GAS,SIMPLE CYCLE,370.8497015900082,959
2023-11-22T18:00:00Z,HYDRO,HYDRO,159.92202303144666,894
2023-11-22T18:00:00Z,OTHER,BIOMASS,99.37648722436693,154
2023-11-22T18:00:00Z,OTHER,DUAL FUEL,13.66611095322503,20
2023-11-22T18:00:00Z,OTHER,GAS,1.1609510070085525,10
2023-11-22T18:00:00Z,OTHER,GAS COGEN,34.357347949875724,58
2023-11-22T18:00:00Z,OTHER,OIL/GAS,43.5006208843655,53
2023-11-22T18:00:00Z,OTHER,WOOD/REFUSE,90.45118288728926,149
2023-11-22T18:00:00Z,SOLAR,SOLAR,394.9549631037315,1470
2023-11-22T18:00:00Z,WIND,WIND,681.9867681702889,4420
2023-11-22T19:00:00Z,COAL,COAL,811.5889321051703,820
2023-11-22T19:00:00Z,DUAL FUEL,DUAL FUEL,465.4924382019043,466
2023-11-22T19:00:00Z,ENERGY STORAGE,ENERGY STORAGE,0,130
2023-11-22T19:00:00Z,GAS,COGENERATION,4271.744163177544,5235
2023-11-22T19:00:00Z,GAS,COMBINED CYCLE,1742.763858113289,3010
2023-11-22T19:00:00Z,GAS,GAS FIRED STEAM,1307.5443831655714,2609
2023-11-22T19:00:00Z,GAS,SIMPLE CYCLE,369.6563455208143,959
2023-11-22T19:00:00Z,HYDRO,HYDRO,130.76179085393747,894
2023-11-22T19:00:00Z,OTHER,BIOMASS,97.54166779571109,154
2023-11-22T19:00:00Z,OTHER,DUAL FUEL,13.5564444065094,20
2023-11-22T19:00:00Z,OTHER,GAS,1.0999510288238523,10
2023-11-22T19:00:00Z,OTHER,GAS COGEN,32.7062904993693,58
2023-11-22T19:00:00Z,OTHER,OIL/GAS,43.3992770491706,53
2023-11-22T19:00:00Z,OTHER,WOOD/REFUSE,89.63244191116758,149
2023-11-22T19:00:00Z,SOLAR,SOLAR,255.94125238837466,1470
2023-11-22T19:00:00Z,WIND,WIND,806.2741988150444,4420
2023-11-22T20:00:00Z,COAL,COAL,813.038711496989,820
2023-11-22T20:00:00Z,DUAL FUEL,DUAL FUEL,465.507326880561,466
2023-11-22T20:00:00Z,ENERGY STORAGE,ENERGY STORAGE,-0.004333349863688152,130
2023-11-22T20:00:00Z,GAS,COGENERATION,4256.261107384099,5235
2023-11-22T20:00:00Z,GAS,COMBINED CYCLE,1734.2958009958268,3010
2023-11-22T20:00:00Z,GAS,GAS FIRED STEAM,1354.9684814082252,2609
2023-11-22T20:00:00Z,GAS,SIMPLE CYCLE,367.9925803674592,959
2023-11-22T20:00:00Z,HYDRO,HYDRO,183.38495258495212,894
2023-11-22T20:00:00Z,OTHER,BIOMASS,96.21069138367972,154
2023-11-22T20:00:00Z,OTHER,DUAL FUEL,13.68366646554735,20
2023-11-22T20:00:00Z,OTHER,GAS,1.0999510288238523,10
2023-11-22T20:00:00Z,OTHER,GAS COGEN,32.62399470223321,58
2023-11-22T20:00:00Z,OTHER,OIL/GAS,43.14770450380114,53
2023-11-22T20:00:00Z,OTHER,WOOD/REFUSE,89.33188240475124,149
2023-11-22T20:00:00Z,SOLAR,SOLAR,195.79570262804626,1470
2023-11-22T20:00:00Z,WIND,WIND,891.6551942204021,4420
2023-11-22T21:00:00Z,COAL,COAL,809.8912102084689,820
2023-11-22T21:00:00Z,DUAL FUEL,DUAL FUEL,465.5209393988715,466
2023-11-22T21:00:00Z,ENERGY STORAGE,ENERGY STORAGE,-0.05816688855489096,130
2023-11-22T21:00:00Z,GAS,COGENERATION,4245.500700953006,5235
2023-11-22T21:00:00Z,GAS,COMBINED CYCLE,1762.4431962156295,3010
2023-11-22T21:00:00Z,GAS,GAS FIRED STEAM,1444.797394900852,2609
2023-11-22T21:00:00Z,GAS,SIMPLE CYCLE,398.56300948798656,959
2023-11-22T21:00:00Z,HYDRO,HYDRO,176.97933219750723,894
2023-11-22T21:00:00Z,OTHER,BIOMASS,96.45660293102264,154
2023-11-22T21:00:00Z,OTHER,DUAL FUEL,13.532833036316765,20
2023-11-22T21:00:00Z,OTHER,GAS,1.0999510288238523,10
2023-11-22T21:00:00Z,OTHER,GAS COGEN,32.63936249944899,58
2023-11-22T21:00:00Z,OTHER,OIL/GAS,43.29442101160685,53
2023-11-22T21:00:00Z,OTHER,WOOD/REFUSE,88.82898888164097,149
2023-11-22T21:00:00Z,SOLAR,SOLAR,152.5527922227482,1470
2023-11-22T21:00:00Z,WIND,WIND,807.3525019532773,4420
2023-11-22T22:00:00Z,COAL,COAL,811.0703203497992,820
2023-11-22T22:00:00Z,DUAL FUEL,DUAL FUEL,465.4534390258789,466
2023-11-22T22:00:00Z,ENERGY STORAGE,ENERGY STORAGE,0.021388955116271962,130
2023-11-22T22:00:00Z,GAS,COGENERATION,4260.941522105535,5235
2023-11-22T22:00:00Z,GAS,COMBINED CYCLE,1808.3145399649939,3010
2023-11-22T22:00:00Z,GAS,GAS FIRED STEAM,1571.2087251769171,2609
2023-11-22T22:00:00Z,GAS,SIMPLE CYCLE,414.7961405744155,959
2023-11-22T22:00:00Z,HYDRO,HYDRO,196.34796358793972,894
2023-11-22T22:00:00Z,OTHER,BIOMASS,97.10945213052962,154
2023-11-22T22:00:00Z,OTHER,DUAL FUEL,13.601888348261514,20
2023-11-22T22:00:00Z,OTHER,GAS,1.0999510288238523,10
2023-11-22T22:00:00Z,OTHER,GAS COGEN,34.69576944933997,58
2023-11-22T22:00:00Z,OTHER,OIL/GAS,43.63491049448649,53
2023-11-22T22:00:00Z,OTHER,WOOD/REFUSE,90.60519256326887,149
2023-11-22T22:00:00Z,SOLAR,SOLAR,43.95628261727591,1470
2023-11-22T22:00:00Z,WIND,WIND,721.9153650781926,4420
2023-11-22T23:00:00Z,COAL,COAL,811.5393207465278,820
2023-11-22T23:00:00Z,DUAL FUEL,DUAL FUEL,465.3720505099826,466
2023-11-22T23:00:00Z,ENERGY STORAGE,ENERGY STORAGE,0.00738891707526313,130
2023-11-22T23:00:00Z,GAS,COGENERATION,4291.030707277192,5235
2023-11-22T23:00:00Z,GAS,COMBINED CYCLE,1843.018944363594,3010
2023-11-22T23:00:00Z,GAS,GAS FIRED STEAM,1751.0648626878526,2609
2023-11-22T23:00:00Z,GAS,SIMPLE CYCLE,462.77997408237724,959
2023-11-22T23:00:00Z,HYDRO,HYDRO,302.59846526258525,894
2023-11-22T23:00:00Z,OTHER,BIOMASS,98.02087759627236,154
2023-11-22T23:00:00Z,OTHER,DUAL FUEL,13.59999942779541,20
2023-11-22T23:00:00Z,OTHER,GAS,1.0999510288238523,10
2023-11-22T23:00:00Z,OTHER,GAS COGEN,45.37940508948432,58
2023-11-22T23:00:00Z,OTHER,OIL/GAS,43.40628682030571,53
2023-11-22T23:00:00Z,OTHER,WOOD/REFUSE,97.92505434513092,149
2023-11-22T23:00:00Z,SOLAR,SOLAR,8.778500030868583,1470
2023-11-22T23:00:00Z,WIND,WIND,370.8173028112203,4420
2023-11-23T00:00:00Z,COAL,COAL,811.0526550801595,820
2023-11-23T00:00:00Z,DUAL FUEL,DUAL FUEL,465.37021599663626,466
2023-11-23T00:00:00Z,ENERGY STORAGE,ENERGY STORAGE,9.4444804721408e-4,130
2023-11-23T00:00:00Z,GAS,COGENERATION,4292.356699444453,5235
2023-11-23T00:00:00Z,GAS,COMBINED CYCLE,1832.1049181562,3010
2023-11-23T00:00:00Z,GAS,GAS FIRED STEAM,1870.900571255154,2609
2023-11-23T00:00:00Z,GAS,SIMPLE CYCLE,467.20465859598585,959
2023-11-23T00:00:00Z,HYDRO,HYDRO,255.12658816728327,894
2023-11-23T00:00:00Z,OTHER,BIOMASS,99.07493139690823,154
2023-11-23T00:00:00Z,OTHER,DUAL FUEL,13.59999942779541,20
2023-11-23T00:00:00Z,OTHER,GAS,1.0999510288238523,10
2023-11-23T00:00:00Z,OTHER,GAS COGEN,45.358030842675106,58
2023-11-23T00:00:00Z,OTHER,OIL/GAS,43.02695454703437,53
2023-11-23T00:00:00Z,OTHER,WOOD/REFUSE,98.79337739096748,149
2023-11-23T00:00:00Z,SOLAR,SOLAR,7.219499952296416,1470
2023-11-23T00:00:00Z,WIND,WIND,346.64928901110255,4420
2023-11-23T01:00:00Z,COAL,COAL,812.0835430399577,820
2023-11-23T01:00:00Z,DUAL FUEL,DUAL FUEL,465.4942708163791,466
2023-11-23T01:00:00Z,ENERGY STORAGE,ENERGY STORAGE,1.1111153496636e-4,130
2023-11-23T01:00:00Z,GAS,COGENERATION,4292.848591256142,5235
2023-11-23T01:00:00Z,GAS,COMBINED CYCLE,1846.3795387570065,3010
2023-11-23T01:00:00Z,GAS,GAS FIRED STEAM,1681.4034036827088,2609
2023-11-23T01:00:00Z,GAS,SIMPLE CYCLE,464.10026430663135,959
2023-11-23T01:00:00Z,HYDRO,HYDRO,281.22601740633445,894
2023-11-23T01:00:00Z,OTHER,BIOMASS,98.04113721529643,154
2023-11-23T01:00:00Z,OTHER,DUAL FUEL,13.59999942779541,20
2023-11-23T01:00:00Z,OTHER,GAS,1.0999510288238523,10
2023-11-23T01:00:00Z,OTHER,GAS COGEN,45.46038364198473,58
2023-11-23T01:00:00Z,OTHER,OIL/GAS,44.09568220774333,53
2023-11-23T01:00:00Z,OTHER,WOOD/REFUSE,98.91971493985918,149
2023-11-23T01:00:00Z,SOLAR,SOLAR,6.343999951812956,1470
2023-11-23T01:00:00Z,WIND,WIND,323.6137133584213,4420
2023-11-23T02:00:00Z,COAL,COAL,811.687431810167,820
2023-11-23T02:00:00Z,DUAL FUEL,DUAL FUEL,465.4900517781576,466
2023-11-23T02:00:00Z,ENERGY STORAGE,ENERGY STORAGE,9.4444751739501e-4,130
2023-11-23T02:00:00Z,GAS,COGENERATION,4290.753267081049,5235
2023-11-23T02:00:00Z,GAS,COMBINED CYCLE,1832.074313296212,3010
2023-11-23T02:00:00Z,GAS,GAS FIRED STEAM,1718.6099426099988,2609
2023-11-23T02:00:00Z,GAS,SIMPLE CYCLE,482.484335613913,959
2023-11-23T02:00:00Z,HYDRO,HYDRO,270.5282403903868,894
2023-11-23T02:00:00Z,OTHER,BIOMASS,97.22185425334507,154
2023-11-23T02:00:00Z,OTHER,DUAL FUEL,13.59999942779541,20
2023-11-23T02:00:00Z,OTHER,GAS,1.109951027234395,10
2023-11-23T02:00:00Z,OTHER,GAS COGEN,45.531739270952016,58
2023-11-23T02:00:00Z,OTHER,OIL/GAS,44.339370795355904,53
2023-11-23T02:00:00Z,OTHER,WOOD/REFUSE,98.91866588168675,149
2023-11-23T02:00:00Z,SOLAR,SOLAR,6.299999952316284,1470
2023-11-23T02:00:00Z,WIND,WIND,172.1801541503105,4420
2023-11-23T03:00:00Z,COAL,COAL,811.426598493788,820
2023-11-23T03:00:00Z,DUAL FUEL,DUAL FUEL,465.49127232869466,466
2023-11-23T03:00:00Z,ENERGY STORAGE,ENERGY STORAGE,7.7778074476453e-4,130
2023-11-23T03:00:00Z,GAS,COGENERATION,4289.953040120602,5235
2023-11-23T03:00:00Z,GAS,COMBINED CYCLE,1836.0235265689425,3010
2023-11-23T03:00:00Z,GAS,GAS FIRED STEAM,1625.3606212446425,2609
2023-11-23T03:00:00Z,GAS,SIMPLE CYCLE,476.8538074771563,959
2023-11-23T03:00:00Z,HYDRO,HYDRO,285.9602771188981,894
2023-11-23T03:00:00Z,OTHER,BIOMASS,97.9624701552921,154
2023-11-23T03:00:00Z,OTHER,DUAL FUEL,13.633166115548876,20
2023-11-23T03:00:00Z,OTHER,GAS,1.0999510288238523,10
2023-11-23T03:00:00Z,OTHER,GAS COGEN,45.5823181215922,58
2023-11-23T03:00:00Z,OTHER,OIL/GAS,43.86721581353082,53
2023-11-23T03:00:00Z,OTHER,WOOD/REFUSE,98.5009448618359,149
2023-11-23T03:00:00Z,SOLAR,SOLAR,6.299999952316284,1470
2023-11-23T03:00:00Z,WIND,WIND,119.59822279899899,4420
2023-11-23T04:00:00Z,COAL,COAL,810.6579301452637,820
2023-11-23T04:00:00Z,DUAL FUEL,DUAL FUEL,465.4892718166775,466
2023-11-23T04:00:00Z,ENERGY STORAGE,ENERGY STORAGE,0.0018888960944281599,130
2023-11-23T04:00:00Z,GAS,COGENERATION,4280.539443482823,5235
2023-11-23T04:00:00Z,GAS,COMBINED CYCLE,1830.957790906694,3010
2023-11-23T04:00:00Z,GAS,GAS FIRED STEAM,1574.8798860168458,2609
2023-11-23T04:00:00Z,GAS,SIMPLE CYCLE,475.4467089570893,959
2023-11-23T04:00:00Z,HYDRO,HYDRO,241.39034393686387,894
2023-11-23T04:00:00Z,OTHER,BIOMASS,98.28645204491085,154
2023-11-23T04:00:00Z,OTHER,DUAL FUEL,13.728999591403538,20
2023-11-23T04:00:00Z,OTHER,GAS,1.0999510288238523,10
2023-11-23T04:00:00Z,OTHER,GAS COGEN,45.54766657723321,58
2023-11-23T04:00:00Z,OTHER,OIL/GAS,44.01813259124756,53
2023-11-23T04:00:00Z,OTHER,WOOD/REFUSE,98.46532653119829,149
2023-11-23T04:00:00Z,SOLAR,SOLAR,6.299999952316284,1470
2023-11-23T04:00:00Z,WIND,WIND,54.008321206859414,4420
2023-11-23T05:00:00Z,COAL,COAL,811.7471539306641,820
2023-11-23T05:00:00Z,DUAL FUEL,DUAL FUEL,465.4525498453776,466
2023-11-23T05:00:00Z,ENERGY STORAGE,ENERGY STORAGE,0.00427779409620497,130
2023-11-23T05:00:00Z,GAS,COGENERATION,4275.615187725491,5235
2023-11-23T05:00:00Z,GAS,COMBINED CYCLE,1838.0701011546453,3010
2023-11-23T05:00:00Z,GAS,GAS FIRED STEAM,1610.236886821323,2609
2023-11-23T05:00:00Z,GAS,SIMPLE CYCLE,329.62602261735333,959
2023-11-23T05:00:00Z,HYDRO,HYDRO,156.22562801693877,894
2023-11-23T05:00:00Z,OTHER,BIOMASS,98.80769276989831,154
2023-11-23T05:00:00Z,OTHER,DUAL FUEL,13.731944237815007,20
2023-11-23T05:00:00Z,OTHER,GAS,1.0999510288238523,10
2023-11-23T05:00:00Z,OTHER,GAS COGEN,45.83774854395125,58
2023-11-23T05:00:00Z,OTHER,OIL/GAS,43.896460196177166,53
2023-11-23T05:00:00Z,OTHER,WOOD/REFUSE,97.84837327745225,149
2023-11-23T05:00:00Z,SOLAR,SOLAR,2.578999980290731,1470
2023-11-23T05:00:00Z,WIND,WIND,17.64579046934429,4420
2023-11-23T06:00:00Z,COAL,COAL,809.9008177693685,820
2023-11-23T06:00:00Z,DUAL FUEL,DUAL FUEL,465.5138824462891,466
2023-11-23T06:00:00Z,ENERGY STORAGE,ENERGY STORAGE,0.00111111111111111,130
2023-11-23T06:00:00Z,GAS,COGENERATION,4270.296903259754,5235
2023-11-23T06:00:00Z,GAS,COMBINED CYCLE,1760.777004477183,3010
2023-11-23T06:00:00Z,GAS,GAS FIRED STEAM,1533.0283232879638,2609
2023-11-23T06:00:00Z,GAS,SIMPLE CYCLE,280.102429092692,959
2023-11-23T06:00:00Z,HYDRO,HYDRO,98.46957472965121,894
2023-11-23T06:00:00Z,OTHER,BIOMASS,100.23374672518837,154
2023-11-23T06:00:00Z,OTHER,DUAL FUEL,13.699999809265137,20
2023-11-23T06:00:00Z,OTHER,GAS,1.0999510288238523,10
2023-11-23T06:00:00Z,OTHER,GAS COGEN,37.867755331463286,58
2023-11-23T06:00:00Z,OTHER,OIL/GAS,43.49214845445421,53
2023-11-23T06:00:00Z,OTHER,WOOD/REFUSE,94.89975283887651,149
2023-11-23T06:00:00Z,SOLAR,SOLAR,0,1470
2023-11-23T06:00:00Z,WIND,WIND,51.931035856058195,4420
2023-11-23T07:00:00Z,COAL,COAL,813.1900406222874,820
2023-11-23T07:00:00Z,DUAL FUEL,DUAL FUEL,465.3662734307183,466
2023-11-23T07:00:00Z,ENERGY STORAGE,ENERGY STORAGE,0,130
2023-11-23T07:00:00Z,GAS,COGENERATION,4268.650872080591,5235
2023-11-23T07:00:00Z,GAS,COMBINED CYCLE,1655.3622389814589,3010
2023-11-23T07:00:00Z,GAS,GAS FIRED STEAM,1589.859391746521,2609
2023-11-23T07:00:00Z,GAS,SIMPLE CYCLE,255.29880771785975,959
2023-11-23T07:00:00Z,HYDRO,HYDRO,99.0399266356147,894
2023-11-23T07:00:00Z,OTHER,BIOMASS,101.78365880277421,154
2023-11-23T07:00:00Z,OTHER,DUAL FUEL,13.700333142810395,20
2023-11-23T07:00:00Z,OTHER,GAS,1.0999510288238523,10
2023-11-23T07:00:00Z,OTHER,GAS COGEN,37.652828601731194,58
2023-11-23T07:00:00Z,OTHER,OIL/GAS,43.18507566875881,53
2023-11-23T07:00:00Z,OTHER,WOOD/REFUSE,98.45858452637991,149
2023-11-23T07:00:00Z,SOLAR,SOLAR,0,1470
2023-11-23T07:00:00Z,WIND,WIND,50.280766406899524,4420
2023-11-23T08:00:00Z,COAL,COAL,810.861096903483,820
2023-11-23T08:00:00Z,DUAL FUEL,DUAL FUEL,465.2651065911187,466
2023-11-23T08:00:00Z,ENERGY STORAGE,ENERGY STORAGE,2.777788374159e-4,130
2023-11-23T08:00:00Z,GAS,COGENERATION,4274.888245469199,5235
2023-11-23T08:00:00Z,GAS,COMBINED CYCLE,1730.2384400203493,3010
2023-11-23T08:00:00Z,GAS,GAS FIRED STEAM,1595.6626887872485,2609
2023-11-23T08:00:00Z,GAS,SIMPLE CYCLE,269.02185580164195,959
2023-11-23T08:00:00Z,HYDRO,HYDRO,130.1526276810136,894
2023-11-23T08:00:00Z,OTHER,BIOMASS,102.14563285350799,154
2023-11-23T08:00:00Z,OTHER,DUAL FUEL,13.699999809265137,20
2023-11-23T08:00:00Z,OTHER,GAS,1.0999510288238523,10
2023-11-23T08:00:00Z,OTHER,GAS COGEN,43.991343653996786,58
2023-11-23T08:00:00Z,OTHER,OIL/GAS,43.5681167517768,53
2023-11-23T08:00:00Z,OTHER,WOOD/REFUSE,103.83062459309896,149
2023-11-23T08:00:00Z,SOLAR,SOLAR,0,1470
2023-11-23T08:00:00Z,WIND,WIND,41.220641807789605,4420
2023-11-23T09:00:00Z,COAL,COAL,809.7244845072428,820
2023-11-23T09:00:00Z,DUAL FUEL,DUAL FUEL,465.2239375305176,466
2023-11-23T09:00:00Z,ENERGY STORAGE,ENERGY STORAGE,1.6666730244954e-4,130
2023-11-23T09:00:00Z,GAS,COGENERATION,4273.76380282455,5235
2023-11-23T09:00:00Z,GAS,COMBINED CYCLE,1700.7715184529623,3010
2023-11-23T09:00:00Z,GAS,GAS FIRED STEAM,1594.2554910680983,2609
2023-11-23T09:00:00Z,GAS,SIMPLE CYCLE,270.44082770996624,959
2023-11-23T09:00:00Z,HYDRO,HYDRO,107.51177407085896,894
2023-11-23T09:00:00Z,OTHER,BIOMASS,97.55695496294234,154
2023-11-23T09:00:00Z,OTHER,DUAL FUEL,13.699999809265137,20
2023-11-23T09:00:00Z,OTHER,GAS,1.0999510288238523,10
2023-11-23T09:00:00Z,OTHER,GAS COGEN,42.36697222391764,58
2023-11-23T09:00:00Z,OTHER,OIL/GAS,43.23218766742283,53
2023-11-23T09:00:00Z,OTHER,WOOD/REFUSE,103.97686480310227,149
2023-11-23T09:00:00Z,SOLAR,SOLAR,0,1470
2023-11-23T09:00:00Z,WIND,WIND,43.67764195171081,4420
2023-11-23T10:00:00Z,COAL,COAL,812.2092055765788,820
2023-11-23T10:00:00Z,DUAL FUEL,DUAL FUEL,465.2597726609971,466
2023-11-23T10:00:00Z,ENERGY STORAGE,ENERGY STORAGE,-0.00361112488640679,130
2023-11-23T10:00:00Z,GAS,COGENERATION,4269.315821525785,5235
2023-11-23T10:00:00Z,GAS,COMBINED CYCLE,1682.777488416036,3010
2023-11-23T10:00:00Z,GAS,GAS FIRED STEAM,1593.8311996502346,2609
2023-11-23T10:00:00Z,GAS,SIMPLE CYCLE,268.67087204098704,959
2023-11-23T10:00:00Z,HYDRO,HYDRO,105.30818556997512,894
2023-11-23T10:00:00Z,OTHER,BIOMASS,100.82209859848022,154
2023-11-23T10:00:00Z,OTHER,DUAL FUEL,13.699999809265137,20
2023-11-23T10:00:00Z,OTHER,GAS,1.1777843807140986,10
2023-11-23T10:00:00Z,OTHER,GAS COGEN,41.13881797048781,58
2023-11-23T10:00:00Z,OTHER,OIL/GAS,42.78193867789374,53
2023-11-23T10:00:00Z,OTHER,WOOD/REFUSE,103.33236360973783,149
2023-11-23T10:00:00Z,SOLAR,SOLAR,0,1470
2023-11-23T10:00:00Z,WIND,WIND,46.0810047363614,4420
2023-11-23T11:00:00Z,COAL,COAL,811.6310441080728,820
2023-11-23T11:00:00Z,DUAL FUEL,DUAL FUEL,465.20232694837784,466
2023-11-23T11:00:00Z,ENERGY STORAGE,ENERGY STORAGE,0,130
2023-11-23T11:00:00Z,GAS,COGENERATION,4260.256427206463,5235
2023-11-23T11:00:00Z,GAS,COMBINED CYCLE,1702.1914266559813,3010
2023-11-23T11:00:00Z,GAS,GAS FIRED STEAM,1601.782509765625,2609
2023-11-23T11:00:00Z,GAS,SIMPLE CYCLE,305.65696018007066,959
2023-11-23T11:00:00Z,HYDRO,HYDRO,141.8645421423018,894
2023-11-23T11:00:00Z,OTHER,BIOMASS,98.70076817777422,154
2023-11-23T11:00:00Z,OTHER,DUAL FUEL,13.699833142492508,20
2023-11-23T11:00:00Z,OTHER,GAS,1.1999510526657104,10
2023-11-23T11:00:00Z,OTHER,GAS COGEN,42.65146039909787,58
2023-11-23T11:00:00Z,OTHER,OIL/GAS,43.351799153221975,53
2023-11-23T11:00:00Z,OTHER,WOOD/REFUSE,103.76271098772685,149
2023-11-23T11:00:00Z,SOLAR,SOLAR,0,1470
2023-11-23T11:00:00Z,WIND,WIND,52.54006690298518,4420
2023-11-23T12:00:00Z,COAL,COAL,811.5069886271158,820
2023-11-23T12:00:00Z,DUAL FUEL,DUAL FUEL,465.1238263787164,466
2023-11-23T12:00:00Z,ENERGY STORAGE,ENERGY STORAGE,0,130
2023-11-23T12:00:00Z,GAS,COGENERATION,4247.568612079621,5235
2023-11-23T12:00:00Z,GAS,COMBINED CYCLE,1736.5064804315566,3010
2023-11-23T12:00:00Z,GAS,GAS FIRED STEAM,1601.15832242118,2609
2023-11-23T12:00:00Z,GAS,SIMPLE CYCLE,316.6442478477955,959
2023-11-23T12:00:00Z,HYDRO,HYDRO,173.185225585964,894
2023-11-23T12:00:00Z,OTHER,BIOMASS,99.31257504198285,154
2023-11-23T12:00:00Z,OTHER,DUAL FUEL,13.699333142174616,20
2023-11-23T12:00:00Z,OTHER,GAS,1.1999510526657104,10
2023-11-23T12:00:00Z,OTHER,GAS COGEN,45.52578366014693,58
2023-11-23T12:00:00Z,OTHER,OIL/GAS,43.61508242713081,53
2023-11-23T12:00:00Z,OTHER,WOOD/REFUSE,103.86461067093742,149
2023-11-23T12:00:00Z,SOLAR,SOLAR,0,1470
2023-11-23T12:00:00Z,WIND,WIND,63.08951774605446,4420
2023-11-23T13:00:00Z,COAL,COAL,811.53576204088,820
2023-11-23T13:00:00Z,DUAL FUEL,DUAL FUEL,465.139103257921,466
2023-11-23T13:00:00Z,ENERGY STORAGE,ENERGY STORAGE,-3.5444436666700576,130
2023-11-23T13:00:00Z,GAS,COGENERATION,4247.14854061683,5235
2023-11-23T13:00:00Z,GAS,COMBINED CYCLE,1792.7637126133177,3010
2023-11-23T13:00:00Z,GAS,GAS FIRED STEAM,1637.441612447103,2609
2023-11-23T13:00:00Z,GAS,SIMPLE CYCLE,301.5536449391312,959
2023-11-23T13:00:00Z,HYDRO,HYDRO,204.84974722370507,894
2023-11-23T13:00:00Z,OTHER,BIOMASS,101.46275174829695,154
2023-11-23T13:00:00Z,OTHER,DUAL FUEL,13.699999809265137,20
2023-11-23T13:00:00Z,OTHER,GAS,1.1999510526657104,10
2023-11-23T13:00:00Z,OTHER,GAS COGEN,43.24013689253065,58
2023-11-23T13:00:00Z,OTHER,OIL/GAS,43.430087367163765,53
2023-11-23T13:00:00Z,OTHER,WOOD/REFUSE,103.27088634279039,149
2023-11-23T13:00:00Z,SOLAR,SOLAR,-0.05245789074235492,1470
2023-11-23T13:00:00Z,WIND,WIND,42.55423276194268,4420
2023-11-23T14:00:00Z,COAL,COAL,812.6641563076444,820
2023-11-23T14:00:00Z,DUAL FUEL,DUAL FUEL,465.2429931979709,466
2023-11-23T14:00:00Z,ENERGY STORAGE,ENERGY STORAGE,0.00161111725701226,130
2023-11-23T14:00:00Z,GAS,COGENERATION,4236.311503155232,5235
2023-11-23T14:00:00Z,GAS,COMBINED CYCLE,1842.4592568821377,3010
2023-11-23T14:00:00Z,GAS,GAS FIRED STEAM,1848.8900348705715,2609
2023-11-23T14:00:00Z,GAS,SIMPLE CYCLE,407.7713760268026,959
2023-11-23T14:00:00Z,HYDRO,HYDRO,185.79743989606698,894
2023-11-23T14:00:00Z,OTHER,BIOMASS,98.76881707986196,154
2023-11-23T14:00:00Z,OTHER,DUAL FUEL,13.699999809265137,20
2023-11-23T14:00:00Z,OTHER,GAS,1.0409571972820495,10
2023-11-23T14:00:00Z,OTHER,GAS COGEN,45.319503098064,58
2023-11-23T14:00:00Z,OTHER,OIL/GAS,43.51173259947035,53
2023-11-23T14:00:00Z,OTHER,WOOD/REFUSE,108.5082358704673,149
2023-11-23T14:00:00Z,SOLAR,SOLAR,-0.01158714214960734,1470
2023-11-23T14:00:00Z,WIND,WIND,51.01411793906656,4420
2023-11-23T15:00:00Z,COAL,COAL,810.2263772922092,820
2023-11-23T15:00:00Z,DUAL FUEL,DUAL FUEL,465.1008277723524,466
2023-11-23T15:00:00Z,ENERGY STORAGE,ENERGY STORAGE,0.00794447422027587,130
2023-11-23T15:00:00Z,GAS,COGENERATION,4237.649933644931,5235
2023-11-23T15:00:00Z,GAS,COMBINED CYCLE,1845.0636686976752,3010
2023-11-23T15:00:00Z,GAS,GAS FIRED STEAM,1881.3768435986835,2609
2023-11-23T15:00:00Z,GAS,SIMPLE CYCLE,426.84796075867285,959
2023-11-23T15:00:00Z,HYDRO,HYDRO,208.7093760268887,894
2023-11-23T15:00:00Z,OTHER,BIOMASS,100.43421684106191,154
2023-11-23T15:00:00Z,OTHER,DUAL FUEL,13.699999809265137,20
2023-11-23T15:00:00Z,OTHER,GAS,0,10
2023-11-23T15:00:00Z,OTHER,GAS COGEN,44.726353283988104,58
2023-11-23T15:00:00Z,OTHER,OIL/GAS,43.65427140129937,53
2023-11-23T15:00:00Z,OTHER,WOOD/REFUSE,109.4578892156813,149
2023-11-23T15:00:00Z,SOLAR,SOLAR,1.724444447060426,1470
2023-11-23T15:00:00Z,WIND,WIND,76.00506415819956,4420
2023-11-23T16:00:00Z,COAL,COAL,809.8953767734104,820
2023-11-23T16:00:00Z,DUAL FUEL,DUAL FUEL,464.9242724100749,466
2023-11-23T16:00:00Z,ENERGY STORAGE,ENERGY STORAGE,0.25177775700887045,130
2023-11-23T16:00:00Z,GAS,COGENERATION,4216.324092533853,5235
2023-11-23T16:00:00Z,GAS,COMBINED CYCLE,1857.7221329922147,3010
2023-11-23T16:00:00Z,GAS,GAS FIRED STEAM,1832.251635691325,2609
2023-11-23T16:00:00Z,GAS,SIMPLE CYCLE,425.205400124126,959
2023-11-23T16:00:00Z,HYDRO,HYDRO,242.41404182232088,894
2023-11-23T16:00:00Z,OTHER,BIOMASS,114.29442784998153,154
2023-11-23T16:00:00Z,OTHER,DUAL FUEL,13.699999809265137,20
2023-11-23T16:00:00Z,OTHER,GAS,0,10
2023-11-23T16:00:00Z,OTHER,GAS COGEN,44.787115507125854,58
2023-11-23T16:00:00Z,OTHER,OIL/GAS,43.54676465776232,53
2023-11-23T16:00:00Z,OTHER,WOOD/REFUSE,108.74950332058799,149
2023-11-23T16:00:00Z,SOLAR,SOLAR,20.632221920539937,1470
2023-11-23T16:00:00Z,WIND,WIND,66.70671816943008,4420
2023-11-23T17:00:00Z,COAL,COAL,810.9327667914497,820
2023-11-23T17:00:00Z,DUAL FUEL,DUAL FUEL,465.08304946899415,466
2023-11-23T17:00:00Z,ENERGY STORAGE,ENERGY STORAGE,13.928667052586874,130
2023-11-23T17:00:00Z,GAS,COGENERATION,3967.833981920878,5235
2023-11-23T17:00:00Z,GAS,COMBINED CYCLE,1853.5889569388496,3010
2023-11-23T17:00:00Z,GAS,GAS FIRED STEAM,1972.8850418578254,2609
2023-11-23T17:00:00Z,GAS,SIMPLE CYCLE,442.61746282416914,959
2023-11-23T17:00:00Z,HYDRO,HYDRO,296.3281337153912,894
2023-11-23T17:00:00Z,OTHER,BIOMASS,123.10767901579538,154
2023-11-23T17:00:00Z,OTHER,DUAL FUEL,13.57233306143019,20
2023-11-23T17:00:00Z,OTHER,GAS,0,10
2023-11-23T17:00:00Z,OTHER,GAS COGEN,44.82915283838908,58
2023-11-23T17:00:00Z,OTHER,OIL/GAS,43.069149288601345,53
2023-11-23T17:00:00Z,OTHER,WOOD/REFUSE,109.69090821478102,149
2023-11-23T17:00:00Z,SOLAR,SOLAR,87.46111705079674,1470
2023-11-23T17:00:00Z,WIND,WIND,41.345076982991564,4420
2023-11-23T18:00:00Z,COAL,COAL,811.8078748914929,820
2023-11-23T18:00:00Z,DUAL FUEL,DUAL FUEL,465.01460593329534,466
2023-11-23T18:00:00Z,ENERGY STORAGE,ENERGY STORAGE,-0.9046107467015584,130
2023-11-23T18:00:00Z,GAS,COGENERATION,4043.8649161110984,5235
2023-11-23T18:00:00Z,GAS,COMBINED CYCLE,1851.5368315929836,3010
2023-11-23T18:00:00Z,GAS,GAS FIRED STEAM,1976.8424423768786,2609
2023-11-23T18:00:00Z,GAS,SIMPLE CYCLE,437.8178065813912,959
2023-11-23T18:00:00Z,HYDRO,HYDRO,238.15853377415073,894
2023-11-23T18:00:00Z,OTHER,BIOMASS,122.72283131387499,154
2023-11-23T18:00:00Z,OTHER,DUAL FUEL,13.399999618530272,20
2023-11-23T18:00:00Z,OTHER,GAS,0,10
2023-11-23T18:00:00Z,OTHER,GAS COGEN,44.99700499640571,58
2023-11-23T18:00:00Z,OTHER,OIL/GAS,43.72125399695502,53
2023-11-23T18:00:00Z,OTHER,WOOD/REFUSE,109.50009577380287,149
2023-11-23T18:00:00Z,SOLAR,SOLAR,113.56487600942452,1470
2023-11-23T18:00:00Z,WIND,WIND,34.925564608342114,4420
2023-11-23T19:00:00Z,COAL,COAL,811.541097785102,820
2023-11-23T19:00:00Z,DUAL FUEL,DUAL FUEL,465.1294950358073,466
2023-11-23T19:00:00Z,ENERGY STORAGE,ENERGY STORAGE,-0.901666291554769,130
2023-11-23T19:00:00Z,GAS,COGENERATION,4038.113076283137,5235
2023-11-23T19:00:00Z,GAS,COMBINED CYCLE,1836.6765455579757,3010
2023-11-23T19:00:00Z,GAS,GAS FIRED STEAM,1919.9341441324023,2609
2023-11-23T19:00:00Z,GAS,SIMPLE CYCLE,442.8399522891972,959
2023-11-23T19:00:00Z,HYDRO,HYDRO,175.96691329023903,894
2023-11-23T19:00:00Z,OTHER,BIOMASS,122.09943511168163,154
2023-11-23T19:00:00Z,OTHER,DUAL FUEL,13.399999618530272,20
2023-11-23T19:00:00Z,OTHER,GAS,0,10
2023-11-23T19:00:00Z,OTHER,GAS COGEN,45.03721490224203,58
2023-11-23T19:00:00Z,OTHER,OIL/GAS,43.6843935669793,53
2023-11-23T19:00:00Z,OTHER,WOOD/REFUSE,100.52363941245609,149
2023-11-23T19:00:00Z,SOLAR,SOLAR,158.69324217246637,1470
2023-11-23T19:00:00Z,WIND,WIND,25.14216653364814,4420
2023-11-23T20:00:00Z,COAL,COAL,812.0754318915473,820
2023-11-23T20:00:00Z,DUAL FUEL,DUAL FUEL,464.6167720031738,466
2023-11-23T20:00:00Z,ENERGY STORAGE,ENERGY STORAGE,-0.9325552897983127,130
2023-11-23T20:00:00Z,GAS,COGENERATION,4025.717985087501,5235
2023-11-23T20:00:00Z,GAS,COMBINED CYCLE,1845.0089221811295,3010
2023-11-23T20:00:00Z,GAS,GAS FIRED STEAM,1853.3462503560386,2609
2023-11-23T20:00:00Z,GAS,SIMPLE CYCLE,451.24097769631277,959
2023-11-23T20:00:00Z,HYDRO,HYDRO,226.83873367061219,894
2023-11-23T20:00:00Z,OTHER,BIOMASS,121.47712234867944,154
2023-11-23T20:00:00Z,OTHER,DUAL FUEL,13.399999618530272,20
2023-11-23T20:00:00Z,OTHER,GAS,0,10
2023-11-23T20:00:00Z,OTHER,GAS COGEN,45.23882392883301,58
2023-11-23T20:00:00Z,OTHER,OIL/GAS,43.49008796691894,53
2023-11-23T20:00:00Z,OTHER,WOOD/REFUSE,70.75410218026903,149
2023-11-23T20:00:00Z,SOLAR,SOLAR,138.85052186798717,1470
2023-11-23T20:00:00Z,WIND,WIND,28.35128627900448,4420
2023-11-23T21:00:00Z,COAL,COAL,811.163429667155,820
2023-11-23T21:00:00Z,DUAL FUEL,DUAL FUEL,465.1184938897027,466
2023-11-23T21:00:00Z,ENERGY STORAGE,ENERGY STORAGE,-0.9036662991841635,130
2023-11-23T21:00:00Z,GAS,COGENERATION,4016.7087722526658,5235
2023-11-23T21:00:00Z,GAS,COMBINED CYCLE,1842.7726793999143,3010
2023-11-23T21:00:00Z,GAS,GAS FIRED STEAM,1822.9471482721965,2609
2023-11-23T21:00:00Z,GAS,SIMPLE CYCLE,487.3761987656355,959
2023-11-23T21:00:00Z,HYDRO,HYDRO,245.0182117485669,894
2023-11-23T21:00:00Z,OTHER,BIOMASS,122.1822142955992,154
2023-11-23T21:00:00Z,OTHER,DUAL FUEL,13.399999618530272,20
2023-11-23T21:00:00Z,OTHER,GAS,0.1161055295003785,10
2023-11-23T21:00:00Z,OTHER,GAS COGEN,45.53150667508443,58
2023-11-23T21:00:00Z,OTHER,OIL/GAS,43.19225464926826,53
2023-11-23T21:00:00Z,OTHER,WOOD/REFUSE,76.95806861241658,149
2023-11-23T21:00:00Z,SOLAR,SOLAR,126.99789800468419,1470
2023-11-23T21:00:00Z,WIND,WIND,43.525886027953696,4420
2023-11-23T22:00:00Z,COAL,COAL,811.7592073059081,820
2023-11-23T22:00:00Z,DUAL FUEL,DUAL FUEL,465.12271625094945,466
2023-11-23T22:00:00Z,ENERGY STORAGE,ENERGY STORAGE,-0.9006662877400716,130
2023-11-23T22:00:00Z,GAS,COGENERATION,4005.958830260171,5235
2023-11-23T22:00:00Z,GAS,COMBINED CYCLE,1840.9935060697132,3010
2023-11-23T22:00:00Z,GAS,GAS FIRED STEAM,1851.5828996764287,2609
2023-11-23T22:00:00Z,GAS,SIMPLE CYCLE,488.6100419722332,959
2023-11-23T22:00:00Z,HYDRO,HYDRO,289.21180987440874,894
2023-11-23T22:00:00Z,OTHER,BIOMASS,122.7880603588952,154
2023-11-23T22:00:00Z,OTHER,DUAL FUEL,13.399999618530272,20
2023-11-23T22:00:00Z,OTHER,GAS,0,10
2023-11-23T22:00:00Z,OTHER,GAS COGEN,45.58037699805366,58
2023-11-23T22:00:00Z,OTHER,OIL/GAS,43.83875478956435,53
2023-11-23T22:00:00Z,OTHER,WOOD/REFUSE,104.35189137935639,149
2023-11-23T22:00:00Z,SOLAR,SOLAR,75.40882180783484,1470
2023-11-23T22:00:00Z,WIND,WIND,69.06908300890692,4420
2023-11-23T23:00:00Z,COAL,COAL,811.2170450676813,820
2023-11-23T23:00:00Z,DUAL FUEL,DUAL FUEL,465.1760494486491,466
2023-11-23T23:00:00Z,ENERGY STORAGE,ENERGY STORAGE,-0.6474441077974108,130
2023-11-23T23:00:00Z,GAS,COGENERATION,4008.738211958673,5235
2023-11-23T23:00:00Z,GAS,COMBINED CYCLE,1852.4117062685225,3010
2023-11-23T23:00:00Z,GAS,GAS FIRED STEAM,2007.9441775639852,2609
2023-11-23T23:00:00Z,GAS,SIMPLE CYCLE,493.1514203069938,959
2023-11-23T23:00:00Z,HYDRO,HYDRO,327.65637002926735,894
2023-11-23T23:00:00Z,OTHER,BIOMASS,123.69334457132551,154
2023-11-23T23:00:00Z,OTHER,DUAL FUEL,13.399999618530272,20
2023-11-23T23:00:00Z,OTHER,GAS,0,10
2023-11-23T23:00:00Z,OTHER,GAS COGEN,45.267129388915166,58
2023-11-23T23:00:00Z,OTHER,OIL/GAS,43.44947615729438,53
2023-11-23T23:00:00Z,OTHER,WOOD/REFUSE,108.21794204658933,149
2023-11-23T23:00:00Z,SOLAR,SOLAR,4.098111109187205,1470
2023-11-23T23:00:00Z,WIND,WIND,140.3475298054806,4420
2023-11-24T00:00:00Z,COAL,COAL,811.0167085266113,820
2023-11-24T00:00:00Z,DUAL FUEL,DUAL FUEL,465.1933831787109,466
2023-11-24T00:00:00Z,ENERGY STORAGE,ENERGY STORAGE,-0.03727781825595432,130
2023-11-24T00:00:00Z,GAS,COGENERATION,4013.824307978948,5235
2023-11-24T00:00:00Z,GAS,COMBINED CYCLE,1839.880864578883,3010
2023-11-24T00:00:00Z,GAS,GAS FIRED STEAM,2157.9794293170503,2609
2023-11-24T00:00:00Z,GAS,SIMPLE CYCLE,496.33352654178935,959
2023-11-24T00:00:00Z,HYDRO,HYDRO,309.9300654391282,894
2023-11-24T00:00:00Z,OTHER,BIOMASS,123.74448646704356,154
2023-11-24T00:00:00Z,OTHER,DUAL FUEL,13.399999618530272,20
2023-11-24T00:00:00Z,OTHER,GAS,0,10
2023-11-24T00:00:00Z,OTHER,GAS COGEN,45.22468700197008,58
2023-11-24T00:00:00Z,OTHER,OIL/GAS,42.99959923638238,53
2023-11-24T00:00:00Z,OTHER,WOOD/REFUSE,107.91613632626002,149
2023-11-24T00:00:00Z,SOLAR,SOLAR,0.02361111111111111,1470
2023-11-24T00:00:00Z,WIND,WIND,185.80726120063,4420
2023-11-24T01:00:00Z,COAL,COAL,809.5043202548557,820
2023-11-24T01:00:00Z,DUAL FUEL,DUAL FUEL,465.16049394395617,466
2023-11-24T01:00:00Z,ENERGY STORAGE,ENERGY STORAGE,-0.00222222328186035,130
2023-11-24T01:00:00Z,GAS,COGENERATION,4013.9919971068703,5235
2023-11-24T01:00:00Z,GAS,COMBINED CYCLE,1834.6514539400737,3010
2023-11-24T01:00:00Z,GAS,GAS FIRED STEAM,1992.0590696928236,2609
2023-11-24T01:00:00Z,GAS,SIMPLE CYCLE,498.2161199887594,959
2023-11-24T01:00:00Z,HYDRO,HYDRO,263.4336227354739,894
2023-11-24T01:00:00Z,OTHER,BIOMASS,123.9224544734425,154
2023-11-24T01:00:00Z,OTHER,DUAL FUEL,13.444499788284302,20
2023-11-24T01:00:00Z,OTHER,GAS,0,10
2023-11-24T01:00:00Z,OTHER,GAS COGEN,45.4795296382904,58
2023-11-24T01:00:00Z,OTHER,OIL/GAS,43.95359875996907,53
2023-11-24T01:00:00Z,OTHER,WOOD/REFUSE,108.23218904336294,149
2023-11-24T01:00:00Z,SOLAR,SOLAR,0,1470
2023-11-24T01:00:00Z,WIND,WIND,237.52199796696917,4420
2023-11-24T02:00:00Z,COAL,COAL,811.9574322509766,820
2023-11-24T02:00:00Z,DUAL FUEL,DUAL FUEL,465.2266604444716,466
2023-11-24T02:00:00Z,ENERGY STORAGE,ENERGY STORAGE,-0.14855565812852647,130
2023-11-24T02:00:00Z,GAS,COGENERATION,4010.8985520129736,5235
2023-11-24T02:00:00Z,GAS,COMBINED CYCLE,1837.9309720759923,3010
2023-11-24T02:00:00Z,GAS,GAS FIRED STEAM,1753.381575258043,2609
2023-11-24T02:00:00Z,GAS,SIMPLE CYCLE,494.0687783090273,959
2023-11-24T02:00:00Z,HYDRO,HYDRO,242.01694652226237,894
2023-11-24T02:00:00Z,OTHER,BIOMASS,123.30560824632644,154
2023-11-24T02:00:00Z,OTHER,DUAL FUEL,13.50016666677263,20
2023-11-24T02:00:00Z,OTHER,GAS,0,10
2023-11-24T02:00:00Z,OTHER,GAS COGEN,45.611745817396375,58
2023-11-24T02:00:00Z,OTHER,OIL/GAS,43.70126071506076,53
2023-11-24T02:00:00Z,OTHER,WOOD/REFUSE,107.82029485702515,149
2023-11-24T02:00:00Z,SOLAR,SOLAR,0,1470
2023-11-24T02:00:00Z,WIND,WIND,361.2344505652289,4420
2023-11-24T03:00:00Z,COAL,COAL,810.7497673373753,820
2023-11-24T03:00:00Z,DUAL FUEL,DUAL FUEL,465.1841624620226,466
2023-11-24T03:00:00Z,ENERGY STORAGE,ENERGY STORAGE,-2.271333094173008,130
2023-11-24T03:00:00Z,GAS,COGENERATION,4017.8579042254555,5235
2023-11-24T03:00:00Z,GAS,COMBINED CYCLE,1839.9974299112955,3010
2023-11-24T03:00:00Z,GAS,GAS FIRED STEAM,1730.8168086920844,2609
2023-11-24T03:00:00Z,GAS,SIMPLE CYCLE,478.3405662512945,959
2023-11-24T03:00:00Z,HYDRO,HYDRO,197.83956761558852,894
2023-11-24T03:00:00Z,OTHER,BIOMASS,116.62897762298584,154
2023-11-24T03:00:00Z,OTHER,DUAL FUEL,13.5,20
2023-11-24T03:00:00Z,OTHER,GAS,0,10
2023-11-24T03:00:00Z,OTHER,GAS COGEN,37.68557978259192,58
2023-11-24T03:00:00Z,OTHER,OIL/GAS,43.5428490893046,53
2023-11-24T03:00:00Z,OTHER,WOOD/REFUSE,99.76579645421769,149
2023-11-24T03:00:00Z,SOLAR,SOLAR,0,1470
2023-11-24T03:00:00Z,WIND,WIND,444.74142767733167,4420
2023-11-24T04:00:00Z,COAL,COAL,811.5128759426541,820
2023-11-24T04:00:00Z,DUAL FUEL,DUAL FUEL,465.16138259887697,466
2023-11-24T04:00:00Z,ENERGY STORAGE,ENERGY STORAGE,-6.078943445417616,130
2023-11-24T04:00:00Z,GAS,COGENERATION,4082.801768773397,5235
2023-11-24T04:00:00Z,GAS,COMBINED CYCLE,1790.5520467334325,3010
2023-11-24T04:00:00Z,GAS,GAS FIRED STEAM,1664.989758834839,2609
2023-11-24T04:00:00Z,GAS,SIMPLE CYCLE,455.95122278345957,959
2023-11-24T04:00:00Z,HYDRO,HYDRO,163.98923032032118,894
2023-11-24T04:00:00Z,OTHER,BIOMASS,106.33119982613458,154
2023-11-24T04:00:00Z,OTHER,DUAL FUEL,13.57744391547309,20
2023-11-24T04:00:00Z,OTHER,GAS,0,10
2023-11-24T04:00:00Z,OTHER,GAS COGEN,34.325963661935596,58
2023-11-24T04:00:00Z,OTHER,OIL/GAS,43.687337510850696,53
2023-11-24T04:00:00Z,OTHER,WOOD/REFUSE,92.1464867009057,149
2023-11-24T04:00:00Z,SOLAR,SOLAR,0,1470
2023-11-24T04:00:00Z,WIND,WIND,503.0438670321554,4420
2023-11-24T05:00:00Z,COAL,COAL,796.4312102593317,820
2023-11-24T05:00:00Z,DUAL FUEL,DUAL FUEL,465.1413275485568,466
2023-11-24T05:00:00Z,ENERGY STORAGE,ENERGY STORAGE,-0.7189444176355998,130
2023-11-24T05:00:00Z,GAS,COGENERATION,4089.521663805114,5235
2023-11-24T05:00:00Z,GAS,COMBINED CYCLE,1818.9692033947838,3010
2023-11-24T05:00:00Z,GAS,GAS FIRED STEAM,1699.0153799184163,2609
2023-11-24T05:00:00Z,GAS,SIMPLE CYCLE,360.2773881773816,959
2023-11-24T05:00:00Z,HYDRO,HYDRO,172.93329274664322,894
2023-11-24T05:00:00Z,OTHER,BIOMASS,118.07792926152547,154
2023-11-24T05:00:00Z,OTHER,DUAL FUEL,13.59999942779541,20
2023-11-24T05:00:00Z,OTHER,GAS,0,10
2023-11-24T05:00:00Z,OTHER,GAS COGEN,43.9373705318239,58
2023-11-24T05:00:00Z,OTHER,OIL/GAS,43.9027770614624,53
2023-11-24T05:00:00Z,OTHER,WOOD/REFUSE,102.3645467763477,149
2023-11-24T05:00:00Z,SOLAR,SOLAR,0,1470
2023-11-24T05:00:00Z,WIND,WIND,600.6726859256377,4420
2023-11-24T06:00:00Z,COAL,COAL,791.2355971103245,820
2023-11-24T06:00:00Z,DUAL FUEL,DUAL FUEL,465.24182559543186,466
2023-11-24T06:00:00Z,ENERGY STORAGE,ENERGY STORAGE,-0.10850029839409722,130
2023-11-24T06:00:00Z,GAS,COGENERATION,4063.0882174873354,5235
2023-11-24T06:00:00Z,GAS,COMBINED CYCLE,1784.9611026436091,3010
2023-11-24T06:00:00Z,GAS,GAS FIRED STEAM,1619.768968143463,2609
2023-11-24T06:00:00Z,GAS,SIMPLE CYCLE,270.8893101069,959
2023-11-24T06:00:00Z,HYDRO,HYDRO,127.4450069798529,894
2023-11-24T06:00:00Z,OTHER,BIOMASS,119.93830274528928,154
2023-11-24T06:00:00Z,OTHER,DUAL FUEL,13.59999942779541,20
2023-11-24T06:00:00Z,OTHER,GAS,0,10
2023-11-24T06:00:00Z,OTHER,GAS COGEN,38.443690775235495,58
2023-11-24T06:00:00Z,OTHER,OIL/GAS,43.61303786595663,53
2023-11-24T06:00:00Z,OTHER,WOOD/REFUSE,101.73154621495141,149
2023-11-24T06:00:00Z,SOLAR,SOLAR,0,1470
2023-11-24T06:00:00Z,WIND,WIND,741.3046232257452,4420
2023-11-24T07:00:00Z,COAL,COAL,791.4991542561849,820
2023-11-24T07:00:00Z,DUAL FUEL,DUAL FUEL,465.11016059027776,466
2023-11-24T07:00:00Z,ENERGY STORAGE,ENERGY STORAGE,-5.596499262915717,130
2023-11-24T07:00:00Z,GAS,COGENERATION,4074.778961758084,5235
2023-11-24T07:00:00Z,GAS,COMBINED CYCLE,1590.3399815773964,3010
2023-11-24T07:00:00Z,GAS,GAS FIRED STEAM,1584.9439693959553,2609
2023-11-24T07:00:00Z,GAS,SIMPLE CYCLE,263.44069972780017,959
2023-11-24T07:00:00Z,HYDRO,HYDRO,85.34543279823329,894
2023-11-24T07:00:00Z,OTHER,BIOMASS,115.7521320968204,154
2023-11-24T07:00:00Z,OTHER,DUAL FUEL,13.600999428431193,20
2023-11-24T07:00:00Z,OTHER,GAS,0,10
2023-11-24T07:00:00Z,OTHER,GAS COGEN,34.695959981282556,58
2023-11-24T07:00:00Z,OTHER,OIL/GAS,43.72619951036241,53
2023-11-24T07:00:00Z,OTHER,WOOD/REFUSE,93.90562591605716,149
2023-11-24T07:00:00Z,SOLAR,SOLAR,0,1470
2023-11-24T07:00:00Z,WIND,WIND,879.1118329584184,4420
2023-11-24T08:00:00Z,COAL,COAL,792.8406545681423,820
2023-11-24T08:00:00Z,DUAL FUEL,DUAL FUEL,465.1436603969998,466
2023-11-24T08:00:00Z,ENERGY STORAGE,ENERGY STORAGE,-6.814554459783766,130
2023-11-24T08:00:00Z,GAS,COGENERATION,4074.2988796785144,5235
2023-11-24T08:00:00Z,GAS,COMBINED CYCLE,1545.985585357613,3010
2023-11-24T08:00:00Z,GAS,GAS FIRED STEAM,1440.7339594830407,2609
2023-11-24T08:00:00Z,GAS,SIMPLE CYCLE,248.03012136283849,959
2023-11-24T08:00:00Z,HYDRO,HYDRO,75.204671765897,894
2023-11-24T08:00:00Z,OTHER,BIOMASS,107.88433812830183,154
2023-11-24T08:00:00Z,OTHER,DUAL FUEL,13.600832761658562,20
2023-11-24T08:00:00Z,OTHER,GAS,0,10
2023-11-24T08:00:00Z,OTHER,GAS COGEN,32.90480146990882,58
2023-11-24T08:00:00Z,OTHER,OIL/GAS,43.532159892188176,53
2023-11-24T08:00:00Z,OTHER,WOOD/REFUSE,91.13903914292653,149
2023-11-24T08:00:00Z,SOLAR,SOLAR,0,1470
2023-11-24T08:00:00Z,WIND,WIND,952.1733599814772,4420
2023-11-24T09:00:00Z,COAL,COAL,791.4431007385253,820
2023-11-24T09:00:00Z,DUAL FUEL,DUAL FUEL,465.0255487399631,466
2023-11-24T09:00:00Z,ENERGY STORAGE,ENERGY STORAGE,-6.775943310525682,130
2023-11-24T09:00:00Z,GAS,COGENERATION,4074.1364166726007,5235
2023-11-24T09:00:00Z,GAS,COMBINED CYCLE,1614.4531626696057,3010
2023-11-24T09:00:00Z,GAS,GAS FIRED STEAM,1232.4018875482348,2609
2023-11-24T09:00:00Z,GAS,SIMPLE CYCLE,206.3490705647154,959
2023-11-24T09:00:00Z,HYDRO,HYDRO,81.98733564875192,894
2023-11-24T09:00:00Z,OTHER,BIOMASS,106.70482901997036,154
2023-11-24T09:00:00Z,OTHER,DUAL FUEL,13.60016609456804,20
2023-11-24T09:00:00Z,OTHER,GAS,0,10
2023-11-24T09:00:00Z,OTHER,GAS COGEN,32.848241897159156,58
2023-11-24T09:00:00Z,OTHER,OIL/GAS,42.7140762201945,53
2023-11-24T09:00:00Z,OTHER,WOOD/REFUSE,90.53739547888438,149
2023-11-24T09:00:00Z,SOLAR,SOLAR,0,1470
2023-11-24T09:00:00Z,WIND,WIND,1130.606444463051,4420
2023-11-24T10:00:00Z,COAL,COAL,793.0527636210124,820
2023-11-24T10:00:00Z,DUAL FUEL,DUAL FUEL,465.060048505995,466
2023-11-24T10:00:00Z,ENERGY STORAGE,ENERGY STORAGE,-6.905276963445876,130
2023-11-24T10:00:00Z,GAS,COGENERATION,4075.377685478793,5235
2023-11-24T10:00:00Z,GAS,COMBINED CYCLE,1624.0696446214781,3010
2023-11-24T10:00:00Z,GAS,GAS FIRED STEAM,1133.3687485896216,2609
2023-11-24T10:00:00Z,GAS,SIMPLE CYCLE,190.56305229610868,959
2023-11-24T10:00:00Z,HYDRO,HYDRO,106.40317341711786,894
2023-11-24T10:00:00Z,OTHER,BIOMASS,105.23534890757668,154
2023-11-24T10:00:00Z,OTHER,DUAL FUEL,13.600610937012569,20
2023-11-24T10:00:00Z,OTHER,GAS,0,10
2023-11-24T10:00:00Z,OTHER,GAS COGEN,32.832936104138696,58
2023-11-24T10:00:00Z,OTHER,OIL/GAS,41.40987623002794,53
2023-11-24T10:00:00Z,OTHER,WOOD/REFUSE,90.73374680995941,149
2023-11-24T10:00:00Z,SOLAR,SOLAR,0,1470
2023-11-24T10:00:00Z,WIND,WIND,1231.9507111774053,4420
2023-11-24T11:00:00Z,COAL,COAL,792.8357126702201,820
2023-11-24T11:00:00Z,DUAL FUEL,DUAL FUEL,464.9882712809245,466
2023-11-24T11:00:00Z,ENERGY STORAGE,ENERGY STORAGE,-7.356943691571554,130
2023-11-24T11:00:00Z,GAS,COGENERATION,4074.3275048931437,5235
2023-11-24T11:00:00Z,GAS,COMBINED CYCLE,1624.5581898575358,3010
2023-11-24T11:00:00Z,GAS,GAS FIRED STEAM,1241.1625393390655,2609
2023-11-24T11:00:00Z,GAS,SIMPLE CYCLE,190.51166291766697,959
2023-11-24T11:00:00Z,HYDRO,HYDRO,91.87465222226248,894
2023-11-24T11:00:00Z,OTHER,BIOMASS,104.56353341102599,154
2023-11-24T11:00:00Z,OTHER,DUAL FUEL,13.469832996262443,20
2023-11-24T11:00:00Z,OTHER,GAS,0,10
2023-11-24T11:00:00Z,OTHER,GAS COGEN,32.45159296300676,58
2023-11-24T11:00:00Z,OTHER,OIL/GAS,41.77518733342489,53
2023-11-24T11:00:00Z,OTHER,WOOD/REFUSE,90.95252394941119,149
2023-11-24T11:00:00Z,SOLAR,SOLAR,0,1470
2023-11-24T11:00:00Z,WIND,WIND,1388.6791778686809,4420
2023-11-24T12:00:00Z,COAL,COAL,792.9278750949436,820
2023-11-24T12:00:00Z,DUAL FUEL,DUAL FUEL,464.9876048278809,466
2023-11-24T12:00:00Z,ENERGY STORAGE,ENERGY STORAGE,-7.087721167670356,130
2023-11-24T12:00:00Z,GAS,COGENERATION,4094.778197049035,5235
2023-11-24T12:00:00Z,GAS,COMBINED CYCLE,1605.621828098562,3010
2023-11-24T12:00:00Z,GAS,GAS FIRED STEAM,1389.6533713796405,2609
2023-11-24T12:00:00Z,GAS,SIMPLE CYCLE,190.48971855481466,959
2023-11-24T12:00:00Z,HYDRO,HYDRO,80.87081139458552,894
2023-11-24T12:00:00Z,OTHER,BIOMASS,102.66988396379682,154
2023-11-24T12:00:00Z,OTHER,DUAL FUEL,13.497333013746474,20
2023-11-24T12:00:00Z,OTHER,GAS,0,10
2023-11-24T12:00:00Z,OTHER,GAS COGEN,32.395073166953196,58
2023-11-24T12:00:00Z,OTHER,OIL/GAS,42.09735998789469,53
2023-11-24T12:00:00Z,OTHER,WOOD/REFUSE,90.44159204271105,149
2023-11-24T12:00:00Z,SOLAR,SOLAR,0,1470
2023-11-24T12:00:00Z,WIND,WIND,1555.0187059848672,4420
2023-11-24T13:00:00Z,COAL,COAL,792.3754341973199,820
2023-11-24T13:00:00Z,DUAL FUEL,DUAL FUEL,464.9756049262153,466
2023-11-24T13:00:00Z,ENERGY STORAGE,ENERGY STORAGE,-6.277109992769029,130
2023-11-24T13:00:00Z,GAS,COGENERATION,4147.29598852449,5235
2023-11-24T13:00:00Z,GAS,COMBINED CYCLE,1674.0785299168692,3010
2023-11-24T13:00:00Z,GAS,GAS FIRED STEAM,1361.0341917027367,2609
2023-11-24T13:00:00Z,GAS,SIMPLE CYCLE,183.7313861324721,959
2023-11-24T13:00:00Z,HYDRO,HYDRO,80.62426979591449,894
2023-11-24T13:00:00Z,OTHER,BIOMASS,102.85656660132938,154
2023-11-24T13:00:00Z,OTHER,DUAL FUEL,13.465666326946682,20
2023-11-24T13:00:00Z,OTHER,GAS,0,10
2023-11-24T13:00:00Z,OTHER,GAS COGEN,32.200321310361225,58
2023-11-24T13:00:00Z,OTHER,OIL/GAS,41.09687639660306,53
2023-11-24T13:00:00Z,OTHER,WOOD/REFUSE,90.44691996468438,149
2023-11-24T13:00:00Z,SOLAR,SOLAR,0,1470
2023-11-24T13:00:00Z,WIND,WIND,1695.8260345186625,4420
2023-11-24T14:00:00Z,COAL,COAL,792.9428761121961,820
2023-11-24T14:00:00Z,DUAL FUEL,DUAL FUEL,465.0531043158637,466
2023-11-24T14:00:00Z,ENERGY STORAGE,ENERGY STORAGE,-4.960832538074917,130
2023-11-24T14:00:00Z,GAS,COGENERATION,4114.831130653884,5235
2023-11-24T14:00:00Z,GAS,COMBINED CYCLE,1684.4166727699173,3010
2023-11-24T14:00:00Z,GAS,GAS FIRED STEAM,1438.1273086600834,2609
2023-11-24T14:00:00Z,GAS,SIMPLE CYCLE,289.33917206943033,959
2023-11-24T14:00:00Z,HYDRO,HYDRO,117.32042237649361,894
2023-11-24T14:00:00Z,OTHER,BIOMASS,101.01208311398824,154
2023-11-24T14:00:00Z,OTHER,DUAL FUEL,13.55883287217882,20
2023-11-24T14:00:00Z,OTHER,GAS,0,10
2023-11-24T14:00:00Z,OTHER,GAS COGEN,32.083363413280914,58
2023-11-24T14:00:00Z,OTHER,OIL/GAS,38.92512200249566,53
2023-11-24T14:00:00Z,OTHER,WOOD/REFUSE,92.23174188825818,149
2023-11-24T14:00:00Z,SOLAR,SOLAR,0,1470
2023-11-24T14:00:00Z,WIND,WIND,1741.250105232679,4420
2023-11-24T15:00:00Z,COAL,COAL,791.9512641567653,820
2023-11-24T15:00:00Z,DUAL FUEL,DUAL FUEL,464.7107733493381,466
2023-11-24T15:00:00Z,ENERGY STORAGE,ENERGY STORAGE,-3.0162774308522544,130
2023-11-24T15:00:00Z,GAS,COGENERATION,4061.2200581476422,5235
2023-11-24T15:00:00Z,GAS,COMBINED CYCLE,1729.497411467764,3010
2023-11-24T15:00:00Z,GAS,GAS FIRED STEAM,1552.834726580514,2609
2023-11-24T15:00:00Z,GAS,SIMPLE CYCLE,314.0934163739946,959
2023-11-24T15:00:00Z,HYDRO,HYDRO,136.73177915609546,894
2023-11-24T15:00:00Z,OTHER,BIOMASS,103.19458667914074,154
2023-11-24T15:00:00Z,OTHER,DUAL FUEL,12.90794427818722,20
2023-11-24T15:00:00Z,OTHER,GAS,0,10
2023-11-24T15:00:00Z,OTHER,GAS COGEN,32.21362041155497,58
2023-11-24T15:00:00Z,OTHER,OIL/GAS,38.982371158599854,53
2023-11-24T15:00:00Z,OTHER,WOOD/REFUSE,92.58009625964695,149
2023-11-24T15:00:00Z,SOLAR,SOLAR,66.92327662191457,1470
2023-11-24T15:00:00Z,WIND,WIND,1763.694292056014,4420
2023-11-24T16:00:00Z,COAL,COAL,792.9859343465168,820
2023-11-24T16:00:00Z,DUAL FUEL,DUAL FUEL,464.4294374593099,466
2023-11-24T16:00:00Z,ENERGY STORAGE,ENERGY STORAGE,-1.333555516666836,130
2023-11-24T16:00:00Z,GAS,COGENERATION,4051.1681670398184,5235
2023-11-24T16:00:00Z,GAS,COMBINED CYCLE,1735.6991834081543,3010
2023-11-24T16:00:00Z,GAS,GAS FIRED STEAM,1273.8325273683336,2609
2023-11-24T16:00:00Z,GAS,SIMPLE CYCLE,314.7216390127606,959
2023-11-24T16:00:00Z,HYDRO,HYDRO,136.00875404036708,894
2023-11-24T16:00:00Z,OTHER,BIOMASS,102.9165148501926,154
2023-11-24T16:00:00Z,OTHER,DUAL FUEL,12.900332952075534,20
2023-11-24T16:00:00Z,OTHER,GAS,0.3606490892834134,10
2023-11-24T16:00:00Z,OTHER,GAS COGEN,32.12109817504883,58
2023-11-24T16:00:00Z,OTHER,OIL/GAS,41.19118749830458,53
2023-11-24T16:00:00Z,OTHER,WOOD/REFUSE,91.30285824086931,149
2023-11-24T16:00:00Z,SOLAR,SOLAR,431.0906319861942,1470
2023-11-24T16:00:00Z,WIND,WIND,1768.9242168544731,4420
2023-11-24T17:00:00Z,COAL,COAL,792.9358193461101,820
2023-11-24T17:00:00Z,DUAL FUEL,DUAL FUEL,464.8503265211317,466
2023-11-24T17:00:00Z,ENERGY STORAGE,ENERGY STORAGE,-0.0883332946565416,130
2023-11-24T17:00:00Z,GAS,COGENERATION,4033.3878126313953,5235
2023-11-24T17:00:00Z,GAS,COMBINED CYCLE,1652.014798411528,3010
2023-11-24T17:00:00Z,GAS,GAS FIRED STEAM,1061.2960628933376,2609
2023-11-24T17:00:00Z,GAS,SIMPLE CYCLE,313.8323038139774,959
2023-11-24T17:00:00Z,HYDRO,HYDRO,125.93481577951876,894
2023-11-24T17:00:00Z,OTHER,BIOMASS,102.49110503090753,154
2023-11-24T17:00:00Z,OTHER,DUAL FUEL,12.899999618530272,20
2023-11-24T17:00:00Z,OTHER,GAS,1.1999510526657104,10
2023-11-24T17:00:00Z,OTHER,GAS COGEN,29.657652139663696,58
2023-11-24T17:00:00Z,OTHER,OIL/GAS,41.57019846174452,53
2023-11-24T17:00:00Z,OTHER,WOOD/REFUSE,90.8888839732276,149
2023-11-24T17:00:00Z,SOLAR,SOLAR,717.624977196753,1470
2023-11-24T17:00:00Z,WIND,WIND,1796.2135622128926,4420
2023-11-24T18:00:00Z,COAL,COAL,792.7877074008518,820
2023-11-24T18:00:00Z,DUAL FUEL,DUAL FUEL,464.7419366285536,466
2023-11-24T18:00:00Z,ENERGY STORAGE,ENERGY STORAGE,-0.00677780363294813,130
2023-11-24T18:00:00Z,GAS,COGENERATION,4016.3048520742523,5235
2023-11-24T18:00:00Z,GAS,COMBINED CYCLE,1709.43528497484,3010
2023-11-24T18:00:00Z,GAS,GAS FIRED STEAM,1046.0550057125092,2609
2023-11-24T18:00:00Z,GAS,SIMPLE CYCLE,306.64935893727676,959
2023-11-24T18:00:00Z,HYDRO,HYDRO,185.45297516680426,894
2023-11-24T18:00:00Z,OTHER,BIOMASS,102.96747761567434,154
2023-11-24T18:00:00Z,OTHER,DUAL FUEL,12.899999618530272,20
2023-11-24T18:00:00Z,OTHER,GAS,1.1999510526657104,10
2023-11-24T18:00:00Z,OTHER,GAS COGEN,30.751558724509344,58
2023-11-24T18:00:00Z,OTHER,OIL/GAS,42.10980478074816,53
2023-11-24T18:00:00Z,OTHER,WOOD/REFUSE,90.36833682272169,149
2023-11-24T18:00:00Z,SOLAR,SOLAR,697.8750906026363,1470
2023-11-24T18:00:00Z,WIND,WIND,1664.1390851803455,4420
2023-11-24T19:00:00Z,COAL,COAL,794.2296003044976,820
2023-11-24T19:00:00Z,DUAL FUEL,DUAL FUEL,464.93865949842666,466
2023-11-24T19:00:00Z,ENERGY STORAGE,ENERGY STORAGE,6.6666920979817e-4,130
2023-11-24T19:00:00Z,GAS,COGENERATION,4009.3833142820995,5235
2023-11-24T19:00:00Z,GAS,COMBINED CYCLE,1717.3414120425118,3010
2023-11-24T19:00:00Z,GAS,GAS FIRED STEAM,1172.2370356737242,2609
2023-11-24T19:00:00Z,GAS,SIMPLE CYCLE,306.847804379993,959
2023-11-24T19:00:00Z,HYDRO,HYDRO,146.17076272169749,894
2023-11-24T19:00:00Z,OTHER,BIOMASS,102.7442680586709,154
2023-11-24T19:00:00Z,OTHER,DUAL FUEL,12.89805518415239,20
2023-11-24T19:00:00Z,OTHER,GAS,1.3382843772570292,10
2023-11-24T19:00:00Z,OTHER,GAS COGEN,31.266747811105517,58
2023-11-24T19:00:00Z,OTHER,OIL/GAS,42.93775960074531,53
2023-11-24T19:00:00Z,OTHER,WOOD/REFUSE,90.84974557505713,149
2023-11-24T19:00:00Z,SOLAR,SOLAR,694.9665705708662,1470
2023-11-24T19:00:00Z,WIND,WIND,1474.8587378404454,4420
2023-11-24T20:00:00Z,COAL,COAL,793.5740432230632,820
2023-11-24T20:00:00Z,DUAL FUEL,DUAL FUEL,464.9896600341797,466
2023-11-24T20:00:00Z,ENERGY STORAGE,ENERGY STORAGE,0.003055561383565261,130
2023-11-24T20:00:00Z,GAS,COGENERATION,4012.3439716715284,5235
2023-11-24T20:00:00Z,GAS,COMBINED CYCLE,1725.3920061951212,3010
2023-11-24T20:00:00Z,GAS,GAS FIRED STEAM,1332.7450964758132,2609
2023-11-24T20:00:00Z,GAS,SIMPLE CYCLE,272.6702492227157,959
2023-11-24T20:00:00Z,HYDRO,HYDRO,183.34666995657815,894
2023-11-24T20:00:00Z,OTHER,BIOMASS,100.23617207633124,154
2023-11-24T20:00:00Z,OTHER,DUAL FUEL,12.899999618530272,20
2023-11-24T20:00:00Z,OTHER,GAS,1.17684690395991,10
2023-11-24T20:00:00Z,OTHER,GAS COGEN,31.262340929243297,58
2023-11-24T20:00:00Z,OTHER,OIL/GAS,42.849826412200926,53
2023-11-24T20:00:00Z,OTHER,WOOD/REFUSE,89.74443992985618,149
2023-11-24T20:00:00Z,SOLAR,SOLAR,776.4737334383858,1470
2023-11-24T20:00:00Z,WIND,WIND,1200.8563293801083,4420
2023-11-24T21:00:00Z,COAL,COAL,792.6265401204428,820
2023-11-24T21:00:00Z,DUAL FUEL,DUAL FUEL,465.01849399142793,466
2023-11-24T21:00:00Z,ENERGY STORAGE,ENERGY STORAGE,-0.25405625131395126,130
2023-11-24T21:00:00Z,GAS,COGENERATION,3993.8497862704594,5235
2023-11-24T21:00:00Z,GAS,COMBINED CYCLE,1718.3768372623126,3010
2023-11-24T21:00:00Z,GAS,GAS FIRED STEAM,1307.5674567678238,2609
2023-11-24T21:00:00Z,GAS,SIMPLE CYCLE,270.82424927711486,959
2023-11-24T21:00:00Z,HYDRO,HYDRO,155.7002214507262,894
2023-11-24T21:00:00Z,OTHER,BIOMASS,100.5923956767718,154
2023-11-24T21:00:00Z,OTHER,DUAL FUEL,12.899832951757643,20
2023-11-24T21:00:00Z,OTHER,GAS,0.45275464124149745,10
2023-11-24T21:00:00Z,OTHER,GAS COGEN,31.552286791801453,58
2023-11-24T21:00:00Z,OTHER,OIL/GAS,42.67238797505696,53
2023-11-24T21:00:00Z,OTHER,WOOD/REFUSE,90.88596962822808,149
2023-11-24T21:00:00Z,SOLAR,SOLAR,749.995996848113,1470
2023-11-24T21:00:00Z,WIND,WIND,1047.0046966093364,4420
2023-11-24T22:00:00Z,COAL,COAL,791.9597104729546,820
2023-11-24T22:00:00Z,DUAL FUEL,DUAL FUEL,465.0419931877984,466
2023-11-24T22:00:00Z,ENERGY STORAGE,ENERGY STORAGE,-0.2664453056123522,130
2023-11-24T22:00:00Z,GAS,COGENERATION,4026.898005419837,5235
2023-11-24T22:00:00Z,GAS,COMBINED CYCLE,1718.6940565951666,3010
2023-11-24T22:00:00Z,GAS,GAS FIRED STEAM,1541.1743793233236,2609
2023-11-24T22:00:00Z,GAS,SIMPLE CYCLE,306.8898029043277,959
2023-11-24T22:00:00Z,HYDRO,HYDRO,159.31809344662562,894
2023-11-24T22:00:00Z,OTHER,BIOMASS,99.59573874553044,154
2023-11-24T22:00:00Z,OTHER,DUAL FUEL,13.088055333561368,20
2023-11-24T22:00:00Z,OTHER,GAS,1.2133958375453948,10
2023-11-24T22:00:00Z,OTHER,GAS COGEN,32.029532160758976,58
2023-11-24T22:00:00Z,OTHER,OIL/GAS,42.78809854083591,53
2023-11-24T22:00:00Z,OTHER,WOOD/REFUSE,94.58998550468021,149
2023-11-24T22:00:00Z,SOLAR,SOLAR,334.62808825141855,1470
2023-11-24T22:00:00Z,WIND,WIND,1144.5363513299906,4420
2023-11-24T23:00:00Z,COAL,COAL,792.9589855617946,820
2023-11-24T23:00:00Z,DUAL FUEL,DUAL FUEL,465.0507715691461,466
2023-11-24T23:00:00Z,ENERGY STORAGE,ENERGY STORAGE,-0.012055635982089578,130
2023-11-24T23:00:00Z,GAS,COGENERATION,4027.2577969212,5235
2023-11-24T23:00:00Z,GAS,COMBINED CYCLE,1737.5005829750166,3010
2023-11-24T23:00:00Z,GAS,GAS FIRED STEAM,1689.9242458936903,2609
2023-11-24T23:00:00Z,GAS,SIMPLE CYCLE,389.9338912114501,959
2023-11-24T23:00:00Z,HYDRO,HYDRO,163.15873843645056,894
2023-11-24T23:00:00Z,OTHER,BIOMASS,118.55877940946155,154
2023-11-24T23:00:00Z,OTHER,DUAL FUEL,13.20466647889879,20
2023-11-24T23:00:00Z,OTHER,GAS,1.807173202501403,10
2023-11-24T23:00:00Z,OTHER,GAS COGEN,42.70592287964291,58
2023-11-24T23:00:00Z,OTHER,OIL/GAS,42.51430415471395,53
2023-11-24T23:00:00Z,OTHER,WOOD/REFUSE,94.99597390757667,149
2023-11-24T23:00:00Z,SOLAR,SOLAR,16.020838290105264,1470
2023-11-24T23:00:00Z,WIND,WIND,1388.0897719894017,4420
2023-11-25T00:00:00Z,COAL,COAL,791.2122663709852,820
2023-11-25T00:00:00Z,DUAL FUEL,DUAL FUEL,465.1103810289171,466
2023-11-25T00:00:00Z,ENERGY STORAGE,ENERGY STORAGE,-0.06566692829132081,130
2023-11-25T00:00:00Z,GAS,COGENERATION,4011.505654358069,5235
2023-11-25T00:00:00Z,GAS,COMBINED CYCLE,1721.1706916880607,3010
2023-11-25T00:00:00Z,GAS,GAS FIRED STEAM,1531.6976941023934,2609
2023-11-25T00:00:00Z,GAS,SIMPLE CYCLE,401.1531033563614,959
2023-11-25T00:00:00Z,HYDRO,HYDRO,109.74603054081399,894
2023-11-25T00:00:00Z,OTHER,BIOMASS,116.6189325788286,154
2023-11-25T00:00:00Z,OTHER,DUAL FUEL,13.403333271874322,20
2023-11-25T00:00:00Z,OTHER,GAS,1.1999510526657104,10
2023-11-25T00:00:00Z,OTHER,GAS COGEN,37.36513619052039,58
2023-11-25T00:00:00Z,OTHER,OIL/GAS,42.30203803168403,53
2023-11-25T00:00:00Z,OTHER,WOOD/REFUSE,96.5365922027164,149
2023-11-25T00:00:00Z,SOLAR,SOLAR,0,1470
2023-11-25T00:00:00Z,WIND,WIND,1667.2544704886277,4420
2023-11-25T01:00:00Z,COAL,COAL,792.216320936415,820
2023-11-25T01:00:00Z,DUAL FUEL,DUAL FUEL,465.0726603020562,466
2023-11-25T01:00:00Z,ENERGY STORAGE,ENERGY STORAGE,-0.09388898054758707,130
2023-11-25T01:00:00Z,GAS,COGENERATION,4011.518625122176,5235
2023-11-25T01:00:00Z,GAS,COMBINED CYCLE,1724.4916544500986,3010
2023-11-25T01:00:00Z,GAS,GAS FIRED STEAM,1299.4725618489583,2609
2023-11-25T01:00:00Z,GAS,SIMPLE CYCLE,396.505542929901,959
2023-11-25T01:00:00Z,HYDRO,HYDRO,155.6491119489736,894
2023-11-25T01:00:00Z,OTHER,BIOMASS,107.74644032478332,154
2023-11-25T01:00:00Z,OTHER,DUAL FUEL,13.429388687345718,20
2023-11-25T01:00:00Z,OTHER,GAS,1.1999510526657104,10
2023-11-25T01:00:00Z,OTHER,GAS COGEN,34.80112745549943,58
2023-11-25T01:00:00Z,OTHER,OIL/GAS,42.32789209365845,53
2023-11-25T01:00:00Z,OTHER,WOOD/REFUSE,90.23467620531719,149
2023-11-25T01:00:00Z,SOLAR,SOLAR,0.8647221752670076,1470
2023-11-25T01:00:00Z,WIND,WIND,1742.6883078107073,4420
2023-11-25T02:00:00Z,COAL,COAL,794.6745424906412,820
2023-11-25T02:00:00Z,DUAL FUEL,DUAL FUEL,465.1448267110189,466
2023-11-25T02:00:00Z,ENERGY STORAGE,ENERGY STORAGE,-0.1465001122156779,130
2023-11-25T02:00:00Z,GAS,COGENERATION,4013.8449783500037,5235
2023-11-25T02:00:00Z,GAS,COMBINED CYCLE,1761.496558178001,3010
2023-11-25T02:00:00Z,GAS,GAS FIRED STEAM,1331.2773026339214,2609
2023-11-25T02:00:00Z,GAS,SIMPLE CYCLE,384.220096700622,959
2023-11-25T02:00:00Z,HYDRO,HYDRO,176.22489734669526,894
2023-11-25T02:00:00Z,OTHER,BIOMASS,107.32260868761274,154
2023-11-25T02:00:00Z,OTHER,DUAL FUEL,13.399999618530272,20
2023-11-25T02:00:00Z,OTHER,GAS,1.1999510526657104,10
2023-11-25T02:00:00Z,OTHER,GAS COGEN,34.77228244887458,58
2023-11-25T02:00:00Z,OTHER,OIL/GAS,42.58910976409912,53
2023-11-25T02:00:00Z,OTHER,WOOD/REFUSE,88.75067184872097,149
2023-11-25T02:00:00Z,SOLAR,SOLAR,0,1470
2023-11-25T02:00:00Z,WIND,WIND,1722.9392048841714,4420
2023-11-25T03:00:00Z,COAL,COAL,795.5387673611111,820
2023-11-25T03:00:00Z,DUAL FUEL,DUAL FUEL,465.1618832397461,466
2023-11-25T03:00:00Z,ENERGY STORAGE,ENERGY STORAGE,-0.09683365768856472,130
2023-11-25T03:00:00Z,GAS,COGENERATION,4032.2892401862146,5235
2023-11-25T03:00:00Z,GAS,COMBINED CYCLE,1750.747589829407,3010
2023-11-25T03:00:00Z,GAS,GAS FIRED STEAM,1566.8978245487478,2609
2023-11-25T03:00:00Z,GAS,SIMPLE CYCLE,357.1311820213,959
2023-11-25T03:00:00Z,HYDRO,HYDRO,168.63748506781127,894
2023-11-25T03:00:00Z,OTHER,BIOMASS,122.72723169750638,154
2023-11-25T03:00:00Z,OTHER,DUAL FUEL,13.399832951757643,20
2023-11-25T03:00:00Z,OTHER,GAS,1.1999510526657104,10
2023-11-25T03:00:00Z,OTHER,GAS COGEN,40.33094281938341,58
2023-11-25T03:00:00Z,OTHER,OIL/GAS,42.2429435412089,53
2023-11-25T03:00:00Z,OTHER,WOOD/REFUSE,94.50210065788693,149
2023-11-25T03:00:00Z,SOLAR,SOLAR,0,1470
2023-11-25T03:00:00Z,WIND,WIND,1810.644002510036,4420
2023-11-25T04:00:00Z,COAL,COAL,795.344600745307,820
2023-11-25T04:00:00Z,DUAL FUEL,DUAL FUEL,465.1745488993327,466
2023-11-25T04:00:00Z,ENERGY STORAGE,ENERGY STORAGE,-0.11661137686835396,130
2023-11-25T04:00:00Z,GAS,COGENERATION,4029.3419820472927,5235
2023-11-25T04:00:00Z,GAS,COMBINED CYCLE,1713.6384905676048,3010
2023-11-25T04:00:00Z,GAS,GAS FIRED STEAM,1581.3858099195693,2609
2023-11-25T04:00:00Z,GAS,SIMPLE CYCLE,256.3205163331164,959
2023-11-25T04:00:00Z,HYDRO,HYDRO,170.60148567097053,894
2023-11-25T04:00:00Z,OTHER,BIOMASS,127.31668928729164,154
2023-11-25T04:00:00Z,OTHER,DUAL FUEL,13.399999618530272,20
2023-11-25T04:00:00Z,OTHER,GAS,1.1999510526657104,10
2023-11-25T04:00:00Z,OTHER,GAS COGEN,41.37588042683071,58
2023-11-25T04:00:00Z,OTHER,OIL/GAS,41.97441561381022,53
2023-11-25T04:00:00Z,OTHER,WOOD/REFUSE,95.29994506729973,149
2023-11-25T04:00:00Z,SOLAR,SOLAR,0,1470
2023-11-25T04:00:00Z,WIND,WIND,1772.0599120667907,4420
2023-11-25T05:00:00Z,COAL,COAL,794.997154574924,820
2023-11-25T05:00:00Z,DUAL FUEL,DUAL FUEL,465.079938744439,466
2023-11-25T05:00:00Z,ENERGY STORAGE,ENERGY STORAGE,-0.11944467968410916,130
2023-11-25T05:00:00Z,GAS,COGENERATION,4032.118553685082,5235
2023-11-25T05:00:00Z,GAS,COMBINED CYCLE,1709.215196094248,3010
2023-11-25T05:00:00Z,GAS,GAS FIRED STEAM,1444.0658334181044,2609
2023-11-25T05:00:00Z,GAS,SIMPLE CYCLE,248.36172646721204,959
2023-11-25T05:00:00Z,HYDRO,HYDRO,157.1230248440471,894
2023-11-25T05:00:00Z,OTHER,BIOMASS,111.0292709965176,154
2023-11-25T05:00:00Z,OTHER,DUAL FUEL,13.329777489768134,20
2023-11-25T05:00:00Z,OTHER,GAS,1.1999510526657104,10
2023-11-25T05:00:00Z,OTHER,GAS COGEN,34.70366472085317,58
2023-11-25T05:00:00Z,OTHER,OIL/GAS,42.34977106518215,53
2023-11-25T05:00:00Z,OTHER,WOOD/REFUSE,95.58409834967719,149
2023-11-25T05:00:00Z,SOLAR,SOLAR,0,1470
2023-11-25T05:00:00Z,WIND,WIND,1788.5145460933447,4420
2023-11-25T06:00:00Z,COAL,COAL,795.2991548665365,820
2023-11-25T06:00:00Z,DUAL FUEL,DUAL FUEL,465.069436662462,466
2023-11-25T06:00:00Z,ENERGY STORAGE,ENERGY STORAGE,-0.1417223644256592,130
2023-11-25T06:00:00Z,GAS,COGENERATION,4037.5386191919115,5235
2023-11-25T06:00:00Z,GAS,COMBINED CYCLE,1673.8775382905537,3010
2023-11-25T06:00:00Z,GAS,GAS FIRED STEAM,1409.2088282267252,2609
2023-11-25T06:00:00Z,GAS,SIMPLE CYCLE,247.4895048596462,959
2023-11-25T06:00:00Z,HYDRO,HYDRO,136.4371752303342,894
2023-11-25T06:00:00Z,OTHER,BIOMASS,122.18486295488145,154
2023-11-25T06:00:00Z,OTHER,DUAL FUEL,13.300000190734863,20
2023-11-25T06:00:00Z,OTHER,GAS,1.1999510526657104,10
2023-11-25T06:00:00Z,OTHER,GAS COGEN,42.12113898913066,58
2023-11-25T06:00:00Z,OTHER,OIL/GAS,42.59754392623901,53
2023-11-25T06:00:00Z,OTHER,WOOD/REFUSE,95.69545553578271,149
2023-11-25T06:00:00Z,SOLAR,SOLAR,0,1470
2023-11-25T06:00:00Z,WIND,WIND,1671.9846020044222,4420
2023-11-25T07:00:00Z,COAL,COAL,796.8355435350206,820
2023-11-25T07:00:00Z,DUAL FUEL,DUAL FUEL,464.986827460395,466
2023-11-25T07:00:00Z,ENERGY STORAGE,ENERGY STORAGE,-0.15255562888251412,130
2023-11-25T07:00:00Z,GAS,COGENERATION,4029.9880875314607,5235
2023-11-25T07:00:00Z,GAS,COMBINED CYCLE,1621.2003004066148,3010
2023-11-25T07:00:00Z,GAS,GAS FIRED STEAM,1375.4445841012068,2609
2023-11-25T07:00:00Z,GAS,SIMPLE CYCLE,262.1403900231255,959
2023-11-25T07:00:00Z,HYDRO,HYDRO,145.6648165890409,894
2023-11-25T07:00:00Z,OTHER,BIOMASS,125.94157764328851,154
2023-11-25T07:00:00Z,OTHER,DUAL FUEL,13.300000190734863,20
2023-11-25T07:00:00Z,OTHER,GAS,1.1999510526657104,10
2023-11-25T07:00:00Z,OTHER,GAS COGEN,44.10382842381795,58
2023-11-25T07:00:00Z,OTHER,OIL/GAS,42.696932839287655,53
2023-11-25T07:00:00Z,OTHER,WOOD/REFUSE,98.16260631932153,149
2023-11-25T07:00:00Z,SOLAR,SOLAR,0,1470
2023-11-25T07:00:00Z,WIND,WIND,1529.1770159604566,4491
2023-11-25T08:00:00Z,COAL,COAL,795.4410963100859,820
2023-11-25T08:00:00Z,DUAL FUEL,DUAL FUEL,465.0314377339681,466
2023-11-25T08:00:00Z,ENERGY STORAGE,ENERGY STORAGE,-0.1385557164086236,130
2023-11-25T08:00:00Z,GAS,COGENERATION,4025.450226378176,5235
2023-11-25T08:00:00Z,GAS,COMBINED CYCLE,1617.6082463770442,3010
2023-11-25T08:00:00Z,GAS,GAS FIRED STEAM,1348.8129224534168,2609
2023-11-25T08:00:00Z,GAS,SIMPLE CYCLE,279.73125495001676,959
2023-11-25T08:00:00Z,HYDRO,HYDRO,161.28365946612425,894
2023-11-25T08:00:00Z,OTHER,BIOMASS,126.98479987250434,154
2023-11-25T08:00:00Z,OTHER,DUAL FUEL,13.300000190734863,20
2023-11-25T08:00:00Z,OTHER,GAS,1.1999510526657104,10
2023-11-25T08:00:00Z,OTHER,GAS COGEN,45.5690370326572,58
2023-11-25T08:00:00Z,OTHER,OIL/GAS,43.178443103366426,53
2023-11-25T08:00:00Z,OTHER,WOOD/REFUSE,99.48928847524856,149
2023-11-25T08:00:00Z,SOLAR,SOLAR,0,1470
2023-11-25T08:00:00Z,WIND,WIND,1369.2566351087723,4491
2023-11-25T09:00:00Z,COAL,COAL,796.0359312778048,820
2023-11-25T09:00:00Z,DUAL FUEL,DUAL FUEL,464.95343863593206,466
2023-11-25T09:00:00Z,ENERGY STORAGE,ENERGY STORAGE,-0.14016681830088298,130
2023-11-25T09:00:00Z,GAS,COGENERATION,4023.361437906689,5235
2023-11-25T09:00:00Z,GAS,COMBINED CYCLE,1605.6182383571731,3010
2023-11-25T09:00:00Z,GAS,GAS FIRED STEAM,1334.376257446077,2609
2023-11-25T09:00:00Z,GAS,SIMPLE CYCLE,303.28743848164873,959
2023-11-25T09:00:00Z,HYDRO,HYDRO,121.70660494446756,894
2023-11-25T09:00:00Z,OTHER,BIOMASS,126.70026871787178,154
2023-11-25T09:00:00Z,OTHER,DUAL FUEL,13.300000190734863,20
2023-11-25T09:00:00Z,OTHER,GAS,1.1999510526657104,10
2023-11-25T09:00:00Z,OTHER,GAS COGEN,45.479031592475046,58
2023-11-25T09:00:00Z,OTHER,OIL/GAS,43.82335461510552,53
2023-11-25T09:00:00Z,OTHER,WOOD/REFUSE,99.7117407157686,149
2023-11-25T09:00:00Z,SOLAR,SOLAR,0,1470
2023-11-25T09:00:00Z,WIND,WIND,1213.252228630715,4491
2023-11-25T10:00:00Z,COAL,COAL,797.5993193901909,820
2023-11-25T10:00:00Z,DUAL FUEL,DUAL FUEL,464.9442731221517,466
2023-11-25T10:00:00Z,ENERGY STORAGE,ENERGY STORAGE,-0.1422778707080417,130
2023-11-25T10:00:00Z,GAS,COGENERATION,4017.6235654528937,5235
2023-11-25T10:00:00Z,GAS,COMBINED CYCLE,1598.166557466189,3010
2023-11-25T10:00:00Z,GAS,GAS FIRED STEAM,1202.5380899757808,2609
2023-11-25T10:00:00Z,GAS,SIMPLE CYCLE,266.77827910314005,959
2023-11-25T10:00:00Z,HYDRO,HYDRO,72.96553947435486,894
2023-11-25T10:00:00Z,OTHER,BIOMASS,126.60347630765703,154
2023-11-25T10:00:00Z,OTHER,DUAL FUEL,13.303333515591092,20
2023-11-25T10:00:00Z,OTHER,GAS,1.1999510526657104,10
2023-11-25T10:00:00Z,OTHER,GAS COGEN,45.47047976599799,58
2023-11-25T10:00:00Z,OTHER,OIL/GAS,43.732171567281085,53
2023-11-25T10:00:00Z,OTHER,WOOD/REFUSE,99.17753248956468,149
2023-11-25T10:00:00Z,SOLAR,SOLAR,0,1470
2023-11-25T10:00:00Z,WIND,WIND,1179.9717129717933,4491
2023-11-25T11:00:00Z,COAL,COAL,796.1841012573243,820
2023-11-25T11:00:00Z,DUAL FUEL,DUAL FUEL,464.91438305324976,466
2023-11-25T11:00:00Z,ENERGY STORAGE,ENERGY STORAGE,-0.14161125024159749,130
2023-11-25T11:00:00Z,GAS,COGENERATION,4005.0875089353985,5235
2023-11-25T11:00:00Z,GAS,COMBINED CYCLE,1548.280576385657,3010
2023-11-25T11:00:00Z,GAS,GAS FIRED STEAM,1181.302147804896,2609
2023-11-25T11:00:00Z,GAS,SIMPLE CYCLE,249.3965888445162,959
2023-11-25T11:00:00Z,HYDRO,HYDRO,73.68197783403926,894
2023-11-25T11:00:00Z,OTHER,BIOMASS,117.2269062201182,154
2023-11-25T11:00:00Z,OTHER,DUAL FUEL,13.299500190416971,20
2023-11-25T11:00:00Z,OTHER,GAS,1.1999510526657104,10
2023-11-25T11:00:00Z,OTHER,GAS COGEN,37.773872441185844,58
2023-11-25T11:00:00Z,OTHER,OIL/GAS,44.08776589075724,53
2023-11-25T11:00:00Z,OTHER,WOOD/REFUSE,94.01709330876668,149
2023-11-25T11:00:00Z,SOLAR,SOLAR,0,1470
2023-11-25T11:00:00Z,WIND,WIND,1342.608446186367,4491
2023-11-25T12:00:00Z,COAL,COAL,796.5497666422526,820
2023-11-25T12:00:00Z,DUAL FUEL,DUAL FUEL,464.9091598171658,466
2023-11-25T12:00:00Z,ENERGY STORAGE,ENERGY STORAGE,-0.11138915220896405,130
2023-11-25T12:00:00Z,GAS,COGENERATION,4022.2937478897306,5235
2023-11-25T12:00:00Z,GAS,COMBINED CYCLE,1536.7140845359697,3010
2023-11-25T12:00:00Z,GAS,GAS FIRED STEAM,1168.0914812246958,2609
2023-11-25T12:00:00Z,GAS,SIMPLE CYCLE,234.31908177640702,959
2023-11-25T12:00:00Z,HYDRO,HYDRO,92.96568619234695,894
2023-11-25T12:00:00Z,OTHER,BIOMASS,119.93036191198561,154
2023-11-25T12:00:00Z,OTHER,DUAL FUEL,13.286666848924424,20
2023-11-25T12:00:00Z,OTHER,GAS,1.1999510526657104,10
2023-11-25T12:00:00Z,OTHER,GAS COGEN,38.2489586936103,58
2023-11-25T12:00:00Z,OTHER,OIL/GAS,44.74353240331014,53
2023-11-25T12:00:00Z,OTHER,WOOD/REFUSE,93.53231227609845,149
2023-11-25T12:00:00Z,SOLAR,SOLAR,0,1470
2023-11-25T12:00:00Z,WIND,WIND,1470.961271780696,4491
2023-11-25T13:00:00Z,COAL,COAL,796.3294864061144,820
2023-11-25T13:00:00Z,DUAL FUEL,DUAL FUEL,464.79260364108615,466
2023-11-25T13:00:00Z,ENERGY STORAGE,ENERGY STORAGE,-0.04122227297888862,130
2023-11-25T13:00:00Z,GAS,COGENERATION,4015.674908520911,5235
2023-11-25T13:00:00Z,GAS,COMBINED CYCLE,1530.4644458029004,3010
2023-11-25T13:00:00Z,GAS,GAS FIRED STEAM,880.4949320549435,2609
2023-11-25T13:00:00Z,GAS,SIMPLE CYCLE,206.90340351223946,959
2023-11-25T13:00:00Z,HYDRO,HYDRO,82.41369849208328,894
2023-11-25T13:00:00Z,OTHER,BIOMASS,108.50236413213942,154
2023-11-25T13:00:00Z,OTHER,DUAL FUEL,13.300000190734863,20
2023-11-25T13:00:00Z,OTHER,GAS,1.1999510526657104,10
2023-11-25T13:00:00Z,OTHER,GAS COGEN,32.81868603070576,58
2023-11-25T13:00:00Z,OTHER,OIL/GAS,44.448215613894995,53
2023-11-25T13:00:00Z,OTHER,WOOD/REFUSE,92.18689048396217,149
2023-11-25T13:00:00Z,SOLAR,SOLAR,0,1470
2023-11-25T13:00:00Z,WIND,WIND,1782.4948208846151,4491
2023-11-25T14:00:00Z,COAL,COAL,796.4592657809787,820
2023-11-25T14:00:00Z,DUAL FUEL,DUAL FUEL,464.6018273247613,466
2023-11-25T14:00:00Z,ENERGY STORAGE,ENERGY STORAGE,0.0232222933239407,130
2023-11-25T14:00:00Z,GAS,COGENERATION,4033.2277342324787,5235
2023-11-25T14:00:00Z,GAS,COMBINED CYCLE,1624.1809163371722,3010
2023-11-25T14:00:00Z,GAS,GAS FIRED STEAM,1146.3095906395383,2609
2023-11-25T14:00:00Z,GAS,SIMPLE CYCLE,217.51746307697562,959
2023-11-25T14:00:00Z,HYDRO,HYDRO,161.95310677289962,894
2023-11-25T14:00:00Z,OTHER,BIOMASS,105.004486295912,154
2023-11-25T14:00:00Z,OTHER,DUAL FUEL,13.300166856977675,20
2023-11-25T14:00:00Z,OTHER,GAS,1.1999510526657104,10
2023-11-25T14:00:00Z,OTHER,GAS COGEN,34.654213294453086,58
2023-11-25T14:00:00Z,OTHER,OIL/GAS,44.50103198369344,53
2023-11-25T14:00:00Z,OTHER,WOOD/REFUSE,93.3769424533844,149
2023-11-25T14:00:00Z,SOLAR,SOLAR,0,1470
2023-11-25T14:00:00Z,WIND,WIND,1981.8025603085757,4491
2023-11-25T15:00:00Z,COAL,COAL,796.5512099541559,820
2023-11-25T15:00:00Z,DUAL FUEL,DUAL FUEL,464.46910452948674,466
2023-11-25T15:00:00Z,ENERGY STORAGE,ENERGY STORAGE,-0.00327779134114583,130
2023-11-25T15:00:00Z,GAS,COGENERATION,4057.024661403232,5235
2023-11-25T15:00:00Z,GAS,COMBINED CYCLE,1653.2403689935472,3010
2023-11-25T15:00:00Z,GAS,GAS FIRED STEAM,1026.7189271026186,2609
2023-11-25T15:00:00Z,GAS,SIMPLE CYCLE,224.67599095821382,959
2023-11-25T15:00:00Z,HYDRO,HYDRO,99.10157150722212,894
2023-11-25T15:00:00Z,OTHER,BIOMASS,105.71295349862841,154
2023-11-25T15:00:00Z,OTHER,DUAL FUEL,13.300000190734863,20
2023-11-25T15:00:00Z,OTHER,GAS,1.1999510526657104,10
2023-11-25T15:00:00Z,OTHER,GAS COGEN,32.798717807663806,58
2023-11-25T15:00:00Z,OTHER,OIL/GAS,44.01105974621243,53
2023-11-25T15:00:00Z,OTHER,WOOD/REFUSE,92.47415403842926,149
2023-11-25T15:00:00Z,SOLAR,SOLAR,81.65739333202441,1470
2023-11-25T15:00:00Z,WIND,WIND,2177.055401150965,4491
2023-11-25T16:00:00Z,COAL,COAL,796.4995455932617,820
2023-11-25T16:00:00Z,DUAL FUEL,DUAL FUEL,464.8193840026855,466
2023-11-25T16:00:00Z,ENERGY STORAGE,ENERGY STORAGE,-0.00350001017252603,130
2023-11-25T16:00:00Z,GAS,COGENERATION,4079.4859361550543,5235
2023-11-25T16:00:00Z,GAS,COMBINED CYCLE,1678.3131400344107,3010
2023-11-25T16:00:00Z,GAS,GAS FIRED STEAM,993.1582629680634,2609
2023-11-25T16:00:00Z,GAS,SIMPLE CYCLE,204.12246818972957,959
2023-11-25T16:00:00Z,HYDRO,HYDRO,170.19599904239178,894
2023-11-25T16:00:00Z,OTHER,BIOMASS,104.48703019777935,154
2023-11-25T16:00:00Z,OTHER,DUAL FUEL,13.300166856977675,20
2023-11-25T16:00:00Z,OTHER,GAS,1.1999510526657104,10
2023-11-25T16:00:00Z,OTHER,GAS COGEN,32.49133536444769,58
2023-11-25T16:00:00Z,OTHER,OIL/GAS,44.09125971900093,53
2023-11-25T16:00:00Z,OTHER,WOOD/REFUSE,92.51998501459758,149
2023-11-25T16:00:00Z,SOLAR,SOLAR,350.2843473621872,1470
2023-11-25T16:00:00Z,WIND,WIND,2138.3113802143353,4491
2023-11-25T17:00:00Z,COAL,COAL,793.4196560499404,820
2023-11-25T17:00:00Z,DUAL FUEL,DUAL FUEL,464.7929944864909,466
2023-11-25T17:00:00Z,ENERGY STORAGE,ENERGY STORAGE,-0.0093889209959242,130
2023-11-25T17:00:00Z,GAS,COGENERATION,4086.368181667063,5235
2023-11-25T17:00:00Z,GAS,COMBINED CYCLE,1675.0591153539551,3010
2023-11-25T17:00:00Z,GAS,GAS FIRED STEAM,1196.2821482457055,2609
2023-11-25T17:00:00Z,GAS,SIMPLE CYCLE,193.87160023449195,959
2023-11-25T17:00:00Z,HYDRO,HYDRO,131.04616517969305,894
2023-11-25T17:00:00Z,OTHER,BIOMASS,108.07402615706127,154
2023-11-25T17:00:00Z,OTHER,DUAL FUEL,13.301500186920164,20
2023-11-25T17:00:00Z,OTHER,GAS,1.1999510526657104,10
2023-11-25T17:00:00Z,OTHER,GAS COGEN,31.547112534311083,58
2023-11-25T17:00:00Z,OTHER,OIL/GAS,43.945598129696315,53
2023-11-25T17:00:00Z,OTHER,WOOD/REFUSE,93.19871351559958,149
2023-11-25T17:00:00Z,SOLAR,SOLAR,498.2759911079539,1470
2023-11-25T17:00:00Z,WIND,WIND,1978.9424677409563,4491
2023-11-25T18:00:00Z,COAL,COAL,798.6223212517632,820
2023-11-25T18:00:00Z,DUAL FUEL,DUAL FUEL,465.0706056382921,466
2023-11-25T18:00:00Z,ENERGY STORAGE,ENERGY STORAGE,2.2222201029459e-4,130
2023-11-25T18:00:00Z,GAS,COGENERATION,4066.7697813076443,5235
2023-11-25T18:00:00Z,GAS,COMBINED CYCLE,1603.116391986476,3010
2023-11-25T18:00:00Z,GAS,GAS FIRED STEAM,882.0528757211897,2609
2023-11-25T18:00:00Z,GAS,SIMPLE CYCLE,171.54062763445907,959
2023-11-25T18:00:00Z,HYDRO,HYDRO,98.25614295411441,894
2023-11-25T18:00:00Z,OTHER,BIOMASS,105.20883665614659,154
2023-11-25T18:00:00Z,OTHER,DUAL FUEL,13.168166663911608,20
2023-11-25T18:00:00Z,OTHER,GAS,1.1999510526657104,10
2023-11-25T18:00:00Z,OTHER,GAS COGEN,32.75621704472436,58
2023-11-25T18:00:00Z,OTHER,OIL/GAS,43.25862141927083,53
2023-11-25T18:00:00Z,OTHER,WOOD/REFUSE,91.42446033742692,149
2023-11-25T18:00:00Z,SOLAR,SOLAR,576.3872399321364,1470
2023-11-25T18:00:00Z,WIND,WIND,2406.4515588211684,4491
2023-11-25T19:00:00Z,COAL,COAL,796.4690981377496,820
2023-11-25T19:00:00Z,DUAL FUEL,DUAL FUEL,465.03165996975366,466
2023-11-25T19:00:00Z,ENERGY STORAGE,ENERGY STORAGE,-1.3368886672125924,130
2023-11-25T19:00:00Z,GAS,COGENERATION,4073.775361070103,5235
2023-11-25T19:00:00Z,GAS,COMBINED CYCLE,1621.6860686143239,3010
2023-11-25T19:00:00Z,GAS,GAS FIRED STEAM,779.5589892525143,2609
2023-11-25T19:00:00Z,GAS,SIMPLE CYCLE,154.75410427833597,959
2023-11-25T19:00:00Z,HYDRO,HYDRO,184.38889607356654,894
2023-11-25T19:00:00Z,OTHER,BIOMASS,104.23434115197924,154
2023-11-25T19:00:00Z,OTHER,DUAL FUEL,12.860611196623909,20
2023-11-25T19:00:00Z,OTHER,GAS,1.1999510526657104,10
2023-11-25T19:00:00Z,OTHER,GAS COGEN,32.7809462149938,58
2023-11-25T19:00:00Z,OTHER,OIL/GAS,43.52926052729288,53
2023-11-25T19:00:00Z,OTHER,WOOD/REFUSE,90.51954753028022,149
2023-11-25T19:00:00Z,SOLAR,SOLAR,413.46186251097254,1470
2023-11-25T19:00:00Z,WIND,WIND,2563.9523414121736,4491
2023-11-25T20:00:00Z,COAL,COAL,797.402429707845,820
2023-11-25T20:00:00Z,DUAL FUEL,DUAL FUEL,465.0308824496799,466
2023-11-25T20:00:00Z,ENERGY STORAGE,ENERGY STORAGE,-5.678109883202447,130
2023-11-25T20:00:00Z,GAS,COGENERATION,4076.3488946361012,5235
2023-11-25T20:00:00Z,GAS,COMBINED CYCLE,1582.4680358544986,3010
2023-11-25T20:00:00Z,GAS,GAS FIRED STEAM,808.1989339097341,2609
2023-11-25T20:00:00Z,GAS,SIMPLE CYCLE,140.83673477964268,959
2023-11-25T20:00:00Z,HYDRO,HYDRO,140.75883108630777,894
2023-11-25T20:00:00Z,OTHER,BIOMASS,106.40274881098006,154
2023-11-25T20:00:00Z,OTHER,DUAL FUEL,12.630055553118387,20
2023-11-25T20:00:00Z,OTHER,GAS,1.1999510526657104,10
2023-11-25T20:00:00Z,OTHER,GAS COGEN,32.914215224054125,58
2023-11-25T20:00:00Z,OTHER,OIL/GAS,44.23954951180352,53
2023-11-25T20:00:00Z,OTHER,WOOD/REFUSE,90.62096589618258,149
2023-11-25T20:00:00Z,SOLAR,SOLAR,428.6409144333336,1470
2023-11-25T20:00:00Z,WIND,WIND,2589.5386150428653,4491
2023-11-25T21:00:00Z,COAL,COAL,797.9372680494521,820
2023-11-25T21:00:00Z,DUAL FUEL,DUAL FUEL,464.68232613457576,466
2023-11-25T21:00:00Z,ENERGY STORAGE,ENERGY STORAGE,-5.804777032534282,130
2023-11-25T21:00:00Z,GAS,COGENERATION,4097.268109158939,5235
2023-11-25T21:00:00Z,GAS,COMBINED CYCLE,1683.4765268545682,3010
2023-11-25T21:00:00Z,GAS,GAS FIRED STEAM,937.2998205471039,2609
2023-11-25T21:00:00Z,GAS,SIMPLE CYCLE,153.03377464082507,959
2023-11-25T21:00:00Z,HYDRO,HYDRO,163.48908163136906,894
2023-11-25T21:00:00Z,OTHER,BIOMASS,105.23105747858683,154
2023-11-25T21:00:00Z,OTHER,DUAL FUEL,12.494999996821086,20
2023-11-25T21:00:00Z,OTHER,GAS,1.1999510526657104,10
2023-11-25T21:00:00Z,OTHER,GAS COGEN,32.98613774617513,58
2023-11-25T21:00:00Z,OTHER,OIL/GAS,43.887076138390434,53
2023-11-25T21:00:00Z,OTHER,WOOD/REFUSE,91.78131417486404,149
2023-11-25T21:00:00Z,SOLAR,SOLAR,220.60650490275688,1470
2023-11-25T21:00:00Z,WIND,WIND,2493.1158805187542,4491
2023-11-25T22:00:00Z,COAL,COAL,796.441099395752,820
2023-11-25T22:00:00Z,DUAL FUEL,DUAL FUEL,465.2039393615723,466
2023-11-25T22:00:00Z,ENERGY STORAGE,ENERGY STORAGE,-5.611331851217482,130
2023-11-25T22:00:00Z,GAS,COGENERATION,4110.017001271778,5235
2023-11-25T22:00:00Z,GAS,COMBINED CYCLE,1684.5588106539515,3010
2023-11-25T22:00:00Z,GAS,GAS FIRED STEAM,822.9227671845754,2609
2023-11-25T22:00:00Z,GAS,SIMPLE CYCLE,194.21691031502354,959
2023-11-25T22:00:00Z,HYDRO,HYDRO,179.5409483210908,894
2023-11-25T22:00:00Z,OTHER,BIOMASS,104.70297902266185,154
2023-11-25T22:00:00Z,OTHER,DUAL FUEL,12.495833330684238,20
2023-11-25T22:00:00Z,OTHER,GAS,1.261117660999298,10
2023-11-25T22:00:00Z,OTHER,GAS COGEN,32.98692759195964,58
2023-11-25T22:00:00Z,OTHER,OIL/GAS,43.82695979224311,53
2023-11-25T22:00:00Z,OTHER,WOOD/REFUSE,93.38965106540256,149
2023-11-25T22:00:00Z,SOLAR,SOLAR,179.77916868805886,1470
2023-11-25T22:00:00Z,WIND,WIND,2494.0989054861334,4491
2023-11-25T23:00:00Z,COAL,COAL,796.2509874979655,820
2023-11-25T23:00:00Z,DUAL FUEL,DUAL FUEL,465.1592728169759,466
2023-11-25T23:00:00Z,ENERGY STORAGE,ENERGY STORAGE,-5.62027634938558,130
2023-11-25T23:00:00Z,GAS,COGENERATION,4124.004831128253,5235
2023-11-25T23:00:00Z,GAS,COMBINED CYCLE,1661.0928101494578,3010
2023-11-25T23:00:00Z,GAS,GAS FIRED STEAM,876.9099884107378,2609
2023-11-25T23:00:00Z,GAS,SIMPLE CYCLE,263.8605354385244,959
2023-11-25T23:00:00Z,HYDRO,HYDRO,184.84338023503622,894
2023-11-25T23:00:00Z,OTHER,BIOMASS,104.93459617296855,154
2023-11-25T23:00:00Z,OTHER,DUAL FUEL,12.445999965667724,20
2023-11-25T23:00:00Z,OTHER,GAS,1.2999509572982788,10
2023-11-25T23:00:00Z,OTHER,GAS COGEN,33.000620437198215,58
2023-11-25T23:00:00Z,OTHER,OIL/GAS,44.128526287078856,53
2023-11-25T23:00:00Z,OTHER,WOOD/REFUSE,91.3925543748008,149
2023-11-25T23:00:00Z,SOLAR,SOLAR,8.2324499260385835,1470
2023-11-25T23:00:00Z,WIND,WIND,2397.2742197830394,4491
2023-11-26T00:00:00Z,COAL,COAL,795.9374306064183,820
2023-11-26T00:00:00Z,DUAL FUEL,DUAL FUEL,465.0547153727214,466
2023-11-26T00:00:00Z,ENERGY STORAGE,ENERGY STORAGE,-1.200555297003852,130
2023-11-26T00:00:00Z,GAS,COGENERATION,4144.0258350173635,5235
2023-11-26T00:00:00Z,GAS,COMBINED CYCLE,1645.4488486716482,3010
2023-11-26T00:00:00Z,GAS,GAS FIRED STEAM,1148.2240377585094,2609
2023-11-26T00:00:00Z,GAS,SIMPLE CYCLE,280.06830691291225,959
2023-11-26T00:00:00Z,HYDRO,HYDRO,171.49231669986415,894
2023-11-26T00:00:00Z,OTHER,BIOMASS,106.72957673284742,154
2023-11-26T00:00:00Z,OTHER,DUAL FUEL,12.425277835528057,20
2023-11-26T00:00:00Z,OTHER,GAS,1.2999509572982788,10
2023-11-26T00:00:00Z,OTHER,GAS COGEN,32.94293493270874,58
2023-11-26T00:00:00Z,OTHER,OIL/GAS,44.20487670898437,53
2023-11-26T00:00:00Z,OTHER,WOOD/REFUSE,90.88576500733694,149
2023-11-26T00:00:00Z,SOLAR,SOLAR,0,1470
2023-11-26T00:00:00Z,WIND,WIND,2154.9826260898512,4491
2023-11-26T01:00:00Z,COAL,COAL,795.8721541002062,820
2023-11-26T01:00:00Z,DUAL FUEL,DUAL FUEL,464.9004378255208,466
2023-11-26T01:00:00Z,ENERGY STORAGE,ENERGY STORAGE,-4.4444613986545e-4,130
2023-11-26T01:00:00Z,GAS,COGENERATION,4143.760515033934,5235
2023-11-26T01:00:00Z,GAS,COMBINED CYCLE,1636.8755940495598,3010
2023-11-26T01:00:00Z,GAS,GAS FIRED STEAM,932.3420964548324,2609
2023-11-26T01:00:00Z,GAS,SIMPLE CYCLE,282.8619867235422,959
2023-11-26T01:00:00Z,HYDRO,HYDRO,111.55904344876608,894
2023-11-26T01:00:00Z,OTHER,BIOMASS,106.27182867632972,154
2023-11-26T01:00:00Z,OTHER,DUAL FUEL,12.498499999046324,20
2023-11-26T01:00:00Z,OTHER,GAS,1.2999509572982788,10
2023-11-26T01:00:00Z,OTHER,GAS COGEN,32.927949335310196,58
2023-11-26T01:00:00Z,OTHER,OIL/GAS,44.03167637295193,53
2023-11-26T01:00:00Z,OTHER,WOOD/REFUSE,89.7341191848119,149
2023-11-26T01:00:00Z,SOLAR,SOLAR,0,1470
2023-11-26T01:00:00Z,WIND,WIND,2111.650931031994,4491
2023-11-26T02:00:00Z,COAL,COAL,795.9869866434733,820
2023-11-26T02:00:00Z,DUAL FUEL,DUAL FUEL,464.98999520195855,466
2023-11-26T02:00:00Z,ENERGY STORAGE,ENERGY STORAGE,0,130
2023-11-26T02:00:00Z,GAS,COGENERATION,4158.092764087352,5235
2023-11-26T02:00:00Z,GAS,COMBINED CYCLE,1623.821970070733,3010
2023-11-26T02:00:00Z,GAS,GAS FIRED STEAM,815.4543228605058,2609
2023-11-26T02:00:00Z,GAS,SIMPLE CYCLE,286.4679355049133,959
2023-11-26T02:00:00Z,HYDRO,HYDRO,159.3534836045901,894
2023-11-26T02:00:00Z,OTHER,BIOMASS,106.58759427494472,154
2023-11-26T02:00:00Z,OTHER,DUAL FUEL,10.196777776082357,20
2023-11-26T02:00:00Z,OTHER,GAS,1.2999509572982788,10
2023-11-26T02:00:00Z,OTHER,GAS COGEN,33.11873510837555,58
2023-11-26T02:00:00Z,OTHER,OIL/GAS,44.466738039652505,53
2023-11-26T02:00:00Z,OTHER,WOOD/REFUSE,90.490729550255665,149
2023-11-26T02:00:00Z,SOLAR,SOLAR,0,1470
2023-11-26T02:00:00Z,WIND,WIND,2047.08259634085,4491
2023-11-26T03:00:00Z,COAL,COAL,797.1165963914659,820
2023-11-26T03:00:00Z,DUAL FUEL,DUAL FUEL,464.942381286621,466
2023-11-26T03:00:00Z,ENERGY STORAGE,ENERGY STORAGE,1.6666730244954e-4,130
2023-11-26T03:00:00Z,GAS,COGENERATION,4203.505666600333,5235
2023-11-26T03:00:00Z,GAS,COMBINED CYCLE,1597.5798867373996,3010
2023-11-26T03:00:00Z,GAS,GAS FIRED STEAM,801.5719345633189,2609
2023-11-26T03:00:00Z,GAS,SIMPLE CYCLE,296.9531558541788,959
2023-11-26T03:00:00Z,HYDRO,HYDRO,125.3718449683984,894
2023-11-26T03:00:00Z,OTHER,BIOMASS,106.67854740248785,154
2023-11-26T03:00:00Z,OTHER,DUAL FUEL,9.99983333322737,20
2023-11-26T03:00:00Z,OTHER,GAS,1.2999509572982788,10
2023-11-26T03:00:00Z,OTHER,GAS COGEN,33.02022332456377,58
2023-11-26T03:00:00Z,OTHER,OIL/GAS,44.5187372080485,53
2023-11-26T03:00:00Z,OTHER,WOOD/REFUSE,90.10022114011976,149
2023-11-26T03:00:00Z,SOLAR,SOLAR,0,1470
2023-11-26T03:00:00Z,WIND,WIND,1951.8945541812313,4491
2023-11-26T04:00:00Z,COAL,COAL,796.7686508009169,820
2023-11-26T04:00:00Z,DUAL FUEL,DUAL FUEL,464.92343824598527,466
2023-11-26T04:00:00Z,ENERGY STORAGE,ENERGY STORAGE,-0.4103888087802463,130
2023-11-26T04:00:00Z,GAS,COGENERATION,4234.098572480943,5235
2023-11-26T04:00:00Z,GAS,COMBINED CYCLE,1638.2255002877448,3010
2023-11-26T04:00:00Z,GAS,GAS FIRED STEAM,805.936821987364,2609
2023-11-26T04:00:00Z,GAS,SIMPLE CYCLE,270.78898488057985,959
2023-11-26T04:00:00Z,HYDRO,HYDRO,153.11073823014894,894
2023-11-26T04:00:00Z,OTHER,BIOMASS,107.8224637916353,154
2023-11-26T04:00:00Z,OTHER,DUAL FUEL,9.99983333322737,20
2023-11-26T04:00:00Z,OTHER,GAS,1.2999509572982788,10
2023-11-26T04:00:00Z,OTHER,GAS COGEN,33.11988505681356,58
2023-11-26T04:00:00Z,OTHER,OIL/GAS,44.49141507466634,53
2023-11-26T04:00:00Z,OTHER,WOOD/REFUSE,90.0455879497528,149
2023-11-26T04:00:00Z,SOLAR,SOLAR,0.03168641163243187,1470
2023-11-26T04:00:00Z,WIND,WIND,1743.0550795177205,4491
2023-11-26T05:00:00Z,COAL,COAL,796.0303211296929,820
2023-11-26T05:00:00Z,DUAL FUEL,DUAL FUEL,464.72671596950954,466
2023-11-26T05:00:00Z,ENERGY STORAGE,ENERGY STORAGE,-0.3771665880415175,130
2023-11-26T05:00:00Z,GAS,COGENERATION,4243.261862856547,5235
2023-11-26T05:00:00Z,GAS,COMBINED CYCLE,1691.8420106598405,3010
2023-11-26T05:00:00Z,GAS,GAS FIRED STEAM,936.1318189313677,2609
2023-11-26T05:00:00Z,GAS,SIMPLE CYCLE,229.8019264046351,959
2023-11-26T05:00:00Z,HYDRO,HYDRO,206.36269400025407,894
2023-11-26T05:00:00Z,OTHER,BIOMASS,106.19465533150567,154
2023-11-26T05:00:00Z,OTHER,DUAL FUEL,9.982166672812568,20
2023-11-26T05:00:00Z,OTHER,GAS,1.2140065948168437,10
2023-11-26T05:00:00Z,OTHER,GAS COGEN,33.12622424814436,58
2023-11-26T05:00:00Z,OTHER,OIL/GAS,44.398188268873426,53
2023-11-26T05:00:00Z,OTHER,WOOD/REFUSE,90.13069870313008,149
2023-11-26T05:00:00Z,SOLAR,SOLAR,-0.09172070695294274,1470
2023-11-26T05:00:00Z,WIND,WIND,1347.9238809519343,4491
2023-11-26T06:00:00Z,COAL,COAL,795.8902636040582,820
2023-11-26T06:00:00Z,DUAL FUEL,DUAL FUEL,464.8856048923069,466
2023-11-26T06:00:00Z,ENERGY STORAGE,ENERGY STORAGE,-3.3333460489908e-4,130
2023-11-26T06:00:00Z,GAS,COGENERATION,4247.515300949414,5235
2023-11-26T06:00:00Z,GAS,COMBINED CYCLE,1727.859968782531,3010
2023-11-26T06:00:00Z,GAS,GAS FIRED STEAM,1170.1189822334713,2609
2023-11-26T06:00:00Z,GAS,SIMPLE CYCLE,179.4704972703258,959
2023-11-26T06:00:00Z,HYDRO,HYDRO,152.12512083162864,894
2023-11-26T06:00:00Z,OTHER,BIOMASS,108.92196937825945,154
2023-11-26T06:00:00Z,OTHER,DUAL FUEL,9.804166846805147,20
2023-11-26T06:00:00Z,OTHER,GAS,1.1999510526657104,10
2023-11-26T06:00:00Z,OTHER,GAS COGEN,34.485091987715826,58
2023-11-26T06:00:00Z,OTHER,OIL/GAS,44.51897715250651,53
2023-11-26T06:00:00Z,OTHER,WOOD/REFUSE,90.99752998987833,149
2023-11-26T06:00:00Z,SOLAR,SOLAR,-0.15575396155317625,1470
2023-11-26T06:00:00Z,WIND,WIND,960.5166187129831,4491
2023-11-26T07:00:00Z,COAL,COAL,796.3130437045627,820
2023-11-26T07:00:00Z,DUAL FUEL,DUAL FUEL,464.7190484788683,466
2023-11-26T07:00:00Z,ENERGY STORAGE,ENERGY STORAGE,-8.3333651224772e-4,130
2023-11-26T07:00:00Z,GAS,COGENERATION,4267.540312185817,5235
2023-11-26T07:00:00Z,GAS,COMBINED CYCLE,1691.8562091228698,3010
2023-11-26T07:00:00Z,GAS,GAS FIRED STEAM,1372.8755902809567,2609
2023-11-26T07:00:00Z,GAS,SIMPLE CYCLE,227.65537091362808,959
2023-11-26T07:00:00Z,HYDRO,HYDRO,148.63265138970482,894
2023-11-26T07:00:00Z,OTHER,BIOMASS,124.2296848932902,154
2023-11-26T07:00:00Z,OTHER,DUAL FUEL,12.38472216076321,20
2023-11-26T07:00:00Z,OTHER,GAS,1.1999510526657104,10
2023-11-26T07:00:00Z,OTHER,GAS COGEN,41.897966679467096,58
2023-11-26T07:00:00Z,OTHER,OIL/GAS,44.59008771260579,53
2023-11-26T07:00:00Z,OTHER,WOOD/REFUSE,95.83884578122033,149
2023-11-26T07:00:00Z,SOLAR,SOLAR,0,1470
2023-11-26T07:00:00Z,WIND,WIND,603.383842319126,4491
2023-11-26T08:00:00Z,COAL,COAL,797.6870971171061,820
2023-11-26T08:00:00Z,DUAL FUEL,DUAL FUEL,464.9168284098307,466
2023-11-26T08:00:00Z,ENERGY STORAGE,ENERGY STORAGE,0,130
2023-11-26T08:00:00Z,GAS,COGENERATION,4274.460858601464,5235
2023-11-26T08:00:00Z,GAS,COMBINED CYCLE,1693.3934200395477,3010
2023-11-26T08:00:00Z,GAS,GAS FIRED STEAM,1438.505140926573,2609
2023-11-26T08:00:00Z,GAS,SIMPLE CYCLE,277.53837154613603,959
2023-11-26T08:00:00Z,HYDRO,HYDRO,162.67100483934084,894
2023-11-26T08:00:00Z,OTHER,BIOMASS,126.6221164973577,154
2023-11-26T08:00:00Z,OTHER,DUAL FUEL,13.199999809265137,20
2023-11-26T08:00:00Z,OTHER,GAS,1.1999510526657104,10
2023-11-26T08:00:00Z,OTHER,GAS COGEN,45.78868329366048,58
2023-11-26T08:00:00Z,OTHER,OIL/GAS,44.29540967729356,53
2023-11-26T08:00:00Z,OTHER,WOOD/REFUSE,98.30074937343598,149
2023-11-26T08:00:00Z,SOLAR,SOLAR,0,1470
2023-11-26T08:00:00Z,WIND,WIND,281.4337151635107,4491
2023-11-26T09:00:00Z,COAL,COAL,794.288543955485,820
2023-11-26T09:00:00Z,DUAL FUEL,DUAL FUEL,464.87177269829647,466
2023-11-26T09:00:00Z,ENERGY STORAGE,ENERGY STORAGE,0,130
2023-11-26T09:00:00Z,GAS,COGENERATION,4276.558921842575,5235
2023-11-26T09:00:00Z,GAS,COMBINED CYCLE,1576.7263462612364,3010
2023-11-26T09:00:00Z,GAS,GAS FIRED STEAM,1301.3777016395993,2609
2023-11-26T09:00:00Z,GAS,SIMPLE CYCLE,280.8035989075237,959
2023-11-26T09:00:00Z,HYDRO,HYDRO,103.82020900845528,894
2023-11-26T09:00:00Z,OTHER,BIOMASS,125.51931433677673,154
2023-11-26T09:00:00Z,OTHER,DUAL FUEL,13.202166477309332,20
2023-11-26T09:00:00Z,OTHER,GAS,1.1999510526657104,10
2023-11-26T09:00:00Z,OTHER,GAS COGEN,42.05915741867489,58
2023-11-26T09:00:00Z,OTHER,OIL/GAS,44.778798207177054,53
2023-11-26T09:00:00Z,OTHER,WOOD/REFUSE,98.0434846247567,149
2023-11-26T09:00:00Z,SOLAR,SOLAR,0.913833351234595,1470
2023-11-26T09:00:00Z,WIND,WIND,361.18093098366427,4491
2023-11-26T10:00:00Z,COAL,COAL,796.0662089369032,820
2023-11-26T10:00:00Z,DUAL FUEL,DUAL FUEL,464.81943818834094,466
2023-11-26T10:00:00Z,ENERGY STORAGE,ENERGY STORAGE,0,130
2023-11-26T10:00:00Z,GAS,COGENERATION,4262.75220823341,5235
2023-11-26T10:00:00Z,GAS,COMBINED CYCLE,1527.175896938377,3010
2023-11-26T10:00:00Z,GAS,GAS FIRED STEAM,1216.4469783645206,2609
2023-11-26T10:00:00Z,GAS,SIMPLE CYCLE,254.2803019236856,959
2023-11-26T10:00:00Z,HYDRO,HYDRO,55.43908321817716,894
2023-11-26T10:00:00Z,OTHER,BIOMASS,113.51667827977074,154
2023-11-26T10:00:00Z,OTHER,DUAL FUEL,13.386499927838644,20
2023-11-26T10:00:00Z,OTHER,GAS,1.1999510526657104,10
2023-11-26T10:00:00Z,OTHER,GAS COGEN,34.19140577528212,58
2023-11-26T10:00:00Z,OTHER,OIL/GAS,44.93009305318196,53
2023-11-26T10:00:00Z,OTHER,WOOD/REFUSE,95.08615504688687,149
2023-11-26T10:00:00Z,SOLAR,SOLAR,0.06905555705229441,1470
2023-11-26T10:00:00Z,WIND,WIND,575.6876619354139,4491
2023-11-26T11:00:00Z,COAL,COAL,794.4479907226563,820
2023-11-26T11:00:00Z,DUAL FUEL,DUAL FUEL,464.7726613532173,466
2023-11-26T11:00:00Z,ENERGY STORAGE,ENERGY STORAGE,0,130
2023-11-26T11:00:00Z,GAS,COGENERATION,4240.009868693882,5235
2023-11-26T11:00:00Z,GAS,COMBINED CYCLE,1588.7916957267125,3010
2023-11-26T11:00:00Z,GAS,GAS FIRED STEAM,1046.5317600366805,2609
2023-11-26T11:00:00Z,GAS,SIMPLE CYCLE,202.51324519862732,959
2023-11-26T11:00:00Z,HYDRO,HYDRO,55.737700703607665,894
2023-11-26T11:00:00Z,OTHER,BIOMASS,107.2022293249766,154
2023-11-26T11:00:00Z,OTHER,DUAL FUEL,13.3541667371326,20
2023-11-26T11:00:00Z,OTHER,GAS,1.1999510526657104,10
2023-11-26T11:00:00Z,OTHER,GAS COGEN,32.60701447063022,58
2023-11-26T11:00:00Z,OTHER,OIL/GAS,44.56998853471544,53
2023-11-26T11:00:00Z,OTHER,WOOD/REFUSE,92.00690108246275,149
2023-11-26T11:00:00Z,SOLAR,SOLAR,0,1470
2023-11-26T11:00:00Z,WIND,WIND,830.7014282575747,4491
2023-11-26T12:00:00Z,COAL,COAL,779.889320441352,820
2023-11-26T12:00:00Z,DUAL FUEL,DUAL FUEL,464.83243777804904,466
2023-11-26T12:00:00Z,ENERGY STORAGE,ENERGY STORAGE,0,130
2023-11-26T12:00:00Z,GAS,COGENERATION,4234.700458301968,5235
2023-11-26T12:00:00Z,GAS,COMBINED CYCLE,1652.4402378114064,3010
2023-11-26T12:00:00Z,GAS,GAS FIRED STEAM,908.4099859015147,2609
2023-11-26T12:00:00Z,GAS,SIMPLE CYCLE,226.0190193223622,959
2023-11-26T12:00:00Z,HYDRO,HYDRO,69.99415164291858,894
2023-11-26T12:00:00Z,OTHER,BIOMASS,107.77905729028913,154
2023-11-26T12:00:00Z,OTHER,DUAL FUEL,13.302333518134224,20
2023-11-26T12:00:00Z,OTHER,GAS,1.1999510526657104,10
2023-11-26T12:00:00Z,OTHER,GAS COGEN,32.449683239724905,58
2023-11-26T12:00:00Z,OTHER,OIL/GAS,44.47595970577664,53
2023-11-26T12:00:00Z,OTHER,WOOD/REFUSE,92.14687435732948,149
2023-11-26T12:00:00Z,SOLAR,SOLAR,0,1470
2023-11-26T12:00:00Z,WIND,WIND,1010.6813083957633,4491
2023-11-26T13:00:00Z,COAL,COAL,583.7869341490003,820
2023-11-26T13:00:00Z,DUAL FUEL,DUAL FUEL,464.8069394090441,466
2023-11-26T13:00:00Z,ENERGY STORAGE,ENERGY STORAGE,-2.1393331236309474,130
2023-11-26T13:00:00Z,GAS,COGENERATION,4234.4897779048815,5235
2023-11-26T13:00:00Z,GAS,COMBINED CYCLE,1655.5058108716541,3010
2023-11-26T13:00:00Z,GAS,GAS FIRED STEAM,1083.433536049525,2609
2023-11-26T13:00:00Z,GAS,SIMPLE CYCLE,228.4027632914649,959
2023-11-26T13:00:00Z,HYDRO,HYDRO,62.86992483578623,894
2023-11-26T13:00:00Z,OTHER,BIOMASS,107.789643362893,154
2023-11-26T13:00:00Z,OTHER,DUAL FUEL,13.298500189781189,20
2023-11-26T13:00:00Z,OTHER,GAS,1.1999510526657104,10
2023-11-26T13:00:00Z,OTHER,GAS COGEN,32.26510470867157,58
2023-11-26T13:00:00Z,OTHER,OIL/GAS,45.36071565839979,53
2023-11-26T13:00:00Z,OTHER,WOOD/REFUSE,92.37352092266083,149
2023-11-26T13:00:00Z,SOLAR,SOLAR,0,1470
2023-11-26T13:00:00Z,WIND,WIND,1289.2161690488126,4491
2023-11-26T14:00:00Z,COAL,COAL,417.58538395961125,820
2023-11-26T14:00:00Z,DUAL FUEL,DUAL FUEL,464.7516043429905,466
2023-11-26T14:00:00Z,ENERGY STORAGE,ENERGY STORAGE,-0.31199996948242187,130
2023-11-26T14:00:00Z,GAS,COGENERATION,4207.9041904460055,5235
2023-11-26T14:00:00Z,GAS,COMBINED CYCLE,1687.4326207261615,3010
2023-11-26T14:00:00Z,GAS,GAS FIRED STEAM,826.0533215194279,2609
2023-11-26T14:00:00Z,GAS,SIMPLE CYCLE,197.924272137781,959
2023-11-26T14:00:00Z,HYDRO,HYDRO,81.54512442194753,894
2023-11-26T14:00:00Z,OTHER,BIOMASS,108.43037858274248,154
2023-11-26T14:00:00Z,OTHER,DUAL FUEL,12.8889443148507,20
2023-11-26T14:00:00Z,OTHER,GAS,1.1999510526657104,10
2023-11-26T14:00:00Z,OTHER,GAS COGEN,32.48339429961311,58
2023-11-26T14:00:00Z,OTHER,OIL/GAS,44.69125476625231,53
2023-11-26T14:00:00Z,OTHER,WOOD/REFUSE,92.37530758062998,149
2023-11-26T14:00:00Z,SOLAR,SOLAR,0,1470
2023-11-26T14:00:00Z,WIND,WIND,1754.1266331160732,4491
2023-11-26T15:00:00Z,COAL,COAL,398.9151586405436,820
2023-11-26T15:00:00Z,DUAL FUEL,DUAL FUEL,464.67299257066514,466
2023-11-26T15:00:00Z,ENERGY STORAGE,ENERGY STORAGE,-6.1111344231499e-4,130
2023-11-26T15:00:00Z,GAS,COGENERATION,4185.086455814573,5235
2023-11-26T15:00:00Z,GAS,COMBINED CYCLE,1698.2691318723892,3010
2023-11-26T15:00:00Z,GAS,GAS FIRED STEAM,758.5287679110633,2609
2023-11-26T15:00:00Z,GAS,SIMPLE CYCLE,166.06611813439264,959
2023-11-26T15:00:00Z,HYDRO,HYDRO,163.98471118135586,894
2023-11-26T15:00:00Z,OTHER,BIOMASS,106.52604931778379,154
2023-11-26T15:00:00Z,OTHER,DUAL FUEL,12.310666830274794,20
2023-11-26T15:00:00Z,OTHER,GAS,1.1999510526657104,10
2023-11-26T15:00:00Z,OTHER,GAS COGEN,32.40419136577182,58
2023-11-26T15:00:00Z,OTHER,OIL/GAS,43.74355414496528,53
2023-11-26T15:00:00Z,OTHER,WOOD/REFUSE,90.91385810375213,149
2023-11-26T15:00:00Z,SOLAR,SOLAR,29.371005041102567,1470
2023-11-26T15:00:00Z,WIND,WIND,1978.8801970002055,4491
2023-11-26T16:00:00Z,COAL,COAL,398.29277180989584,820
2023-11-26T16:00:00Z,DUAL FUEL,DUAL FUEL,464.5067722066243,466
2023-11-26T16:00:00Z,ENERGY STORAGE,ENERGY STORAGE,-0.00444446139865451,130
2023-11-26T16:00:00Z,GAS,COGENERATION,4182.237517839802,5235
2023-11-26T16:00:00Z,GAS,COMBINED CYCLE,1697.378222635587,3010
2023-11-26T16:00:00Z,GAS,GAS FIRED STEAM,789.9012671142154,2609
2023-11-26T16:00:00Z,GAS,SIMPLE CYCLE,165.8446747408973,959
2023-11-26T16:00:00Z,HYDRO,HYDRO,156.4192379924655,894
2023-11-26T16:00:00Z,OTHER,BIOMASS,105.46410103427039,154
2023-11-26T16:00:00Z,OTHER,DUAL FUEL,12.31716681374444,20
2023-11-26T16:00:00Z,OTHER,GAS,1.1999510526657104,10
2023-11-26T16:00:00Z,OTHER,GAS COGEN,32.376967538727655,58
2023-11-26T16:00:00Z,OTHER,OIL/GAS,40.25387063132392,53
2023-11-26T16:00:00Z,OTHER,WOOD/REFUSE,90.67045099152459,149
2023-11-26T16:00:00Z,SOLAR,SOLAR,165.62044074195956,1470
2023-11-26T16:00:00Z,WIND,WIND,2084.8346561717985,4491
2023-11-26T17:00:00Z,COAL,COAL,397.748328789605,820
2023-11-26T17:00:00Z,DUAL FUEL,DUAL FUEL,464.7299379814996,466
2023-11-26T17:00:00Z,ENERGY STORAGE,ENERGY STORAGE,-3.7157214715745717,130
2023-11-26T17:00:00Z,GAS,COGENERATION,4169.515651339955,5235
2023-11-26T17:00:00Z,GAS,COMBINED CYCLE,1686.005635445383,3010
2023-11-26T17:00:00Z,GAS,GAS FIRED STEAM,723.783822482427,2609
2023-11-26T17:00:00Z,GAS,SIMPLE CYCLE,137.35004762596554,959
2023-11-26T17:00:00Z,HYDRO,HYDRO,129.3053479315506,894
2023-11-26T17:00:00Z,OTHER,BIOMASS,107.66472667588127,154
2023-11-26T17:00:00Z,OTHER,DUAL FUEL,12.313500156402588,20
2023-11-26T17:00:00Z,OTHER,GAS,1.1999510526657104,10
2023-11-26T17:00:00Z,OTHER,GAS COGEN,32.321780776447724,58
2023-11-26T17:00:00Z,OTHER,OIL/GAS,39.484809703826905,53
2023-11-26T17:00:00Z,OTHER,WOOD/REFUSE,92.156959728135,149
2023-11-26T17:00:00Z,SOLAR,SOLAR,433.692603566183,1470
2023-11-26T17:00:00Z,WIND,WIND,2190.015432503356,4491
2023-11-26T18:00:00Z,COAL,COAL,399.2582742818197,820
2023-11-26T18:00:00Z,DUAL FUEL,DUAL FUEL,464.5963829549154,466
2023-11-26T18:00:00Z,ENERGY STORAGE,ENERGY STORAGE,-5.707609995736016,130
2023-11-26T18:00:00Z,GAS,COGENERATION,4152.8598739013405,5235
2023-11-26T18:00:00Z,GAS,COMBINED CYCLE,1640.1935711993112,3010
2023-11-26T18:00:00Z,GAS,GAS FIRED STEAM,709.8797684425778,2609
2023-11-26T18:00:00Z,GAS,SIMPLE CYCLE,221.5527450781895,959
2023-11-26T18:00:00Z,HYDRO,HYDRO,180.7639793778128,894
2023-11-26T18:00:00Z,OTHER,BIOMASS,104.86969481309255,154
2023-11-26T18:00:00Z,OTHER,DUAL FUEL,12.411166743702358,20
2023-11-26T18:00:00Z,OTHER,GAS,1.1999510526657104,10
2023-11-26T18:00:00Z,OTHER,GAS COGEN,32.39035227351718,58
2023-11-26T18:00:00Z,OTHER,OIL/GAS,40.198138376871746,53
2023-11-26T18:00:00Z,OTHER,WOOD/REFUSE,92.15919682396782,149
2023-11-26T18:00:00Z,SOLAR,SOLAR,578.9846730001105,1470
2023-11-26T18:00:00Z,WIND,WIND,2093.079703921874,4491
2023-11-26T19:00:00Z,COAL,COAL,397.8142716301812,820
2023-11-26T19:00:00Z,DUAL FUEL,DUAL FUEL,464.785270775689,466
2023-11-26T19:00:00Z,ENERGY STORAGE,ENERGY STORAGE,-5.71133223215739,130
2023-11-26T19:00:00Z,GAS,COGENERATION,4196.264564365811,5235
2023-11-26T19:00:00Z,GAS,COMBINED CYCLE,1622.8077581421533,3010
2023-11-26T19:00:00Z,GAS,GAS FIRED STEAM,766.4596556631724,2609
2023-11-26T19:00:00Z,GAS,SIMPLE CYCLE,238.06794172988998,959
2023-11-26T19:00:00Z,HYDRO,HYDRO,201.46786219149828,894
2023-11-26T19:00:00Z,OTHER,BIOMASS,106.54624990357293,154
2023-11-26T19:00:00Z,OTHER,DUAL FUEL,12.439888931380375,20
2023-11-26T19:00:00Z,OTHER,GAS,1.1999510526657104,10
2023-11-26T19:00:00Z,OTHER,GAS COGEN,32.33205513901181,58
2023-11-26T19:00:00Z,OTHER,OIL/GAS,40.82809316423205,53
2023-11-26T19:00:00Z,OTHER,WOOD/REFUSE,92.7019977373547,149
2023-11-26T19:00:00Z,SOLAR,SOLAR,605.8554997159044,1470
2023-11-26T19:00:00Z,WIND,WIND,1903.4898463545906,4491
2023-11-26T20:00:00Z,COAL,COAL,391.5816616312663,820
2023-11-26T20:00:00Z,DUAL FUEL,DUAL FUEL,464.8223275926378,466
2023-11-26T20:00:00Z,ENERGY STORAGE,ENERGY STORAGE,-5.217109642028809,130
2023-11-26T20:00:00Z,GAS,COGENERATION,4209.829473628203,5235
2023-11-26T20:00:00Z,GAS,COMBINED CYCLE,1705.0417251298163,3010
2023-11-26T20:00:00Z,GAS,GAS FIRED STEAM,1005.1059848562876,2609
2023-11-26T20:00:00Z,GAS,SIMPLE CYCLE,298.539106748369,959
2023-11-26T20:00:00Z,HYDRO,HYDRO,169.55977844792935,894
2023-11-26T20:00:00Z,OTHER,BIOMASS,106.33957565572527,154
2023-11-26T20:00:00Z,OTHER,DUAL FUEL,12.31866680992974,20
2023-11-26T20:00:00Z,OTHER,GAS,1.1999510526657104,10
2023-11-26T20:00:00Z,OTHER,GAS COGEN,32.563980129030014,58
2023-11-26T20:00:00Z,OTHER,OIL/GAS,41.87393285539415,53
2023-11-26T20:00:00Z,OTHER,WOOD/REFUSE,93.36113496833377,149
2023-11-26T20:00:00Z,SOLAR,SOLAR,582.0042765130103,1470
2023-11-26T20:00:00Z,WIND,WIND,1657.6758207213215,4491
2023-11-26T21:00:00Z,COAL,COAL,394.1471590169271,820
2023-11-26T21:00:00Z,DUAL FUEL,DUAL FUEL,464.92349400838214,466
2023-11-26T21:00:00Z,ENERGY STORAGE,ENERGY STORAGE,-4.25938768280877,130
2023-11-26T21:00:00Z,GAS,COGENERATION,4207.384871812927,5235
2023-11-26T21:00:00Z,GAS,COMBINED CYCLE,1716.5913680418332,3010
2023-11-26T21:00:00Z,GAS,GAS FIRED STEAM,1023.4952066326141,2609
2023-11-26T21:00:00Z,GAS,SIMPLE CYCLE,301.3118820709652,959
2023-11-26T21:00:00Z,HYDRO,HYDRO,183.8389661882321,894
2023-11-26T21:00:00Z,OTHER,BIOMASS,105.70988244533538,154
2023-11-26T21:00:00Z,OTHER,DUAL FUEL,12.617999764548408,20
2023-11-26T21:00:00Z,OTHER,GAS,1.1999510526657104,10
2023-11-26T21:00:00Z,OTHER,GAS COGEN,32.67507080925835,58
2023-11-26T21:00:00Z,OTHER,OIL/GAS,43.15461566925049,53
2023-11-26T21:00:00Z,OTHER,WOOD/REFUSE,93.97765559885238,149
2023-11-26T21:00:00Z,SOLAR,SOLAR,442.78761581712297,1470
2023-11-26T21:00:00Z,WIND,WIND,1550.4219235960973,4491
2023-11-26T22:00:00Z,COAL,COAL,394.1166040208605,820
2023-11-26T22:00:00Z,DUAL FUEL,DUAL FUEL,464.8653256395128,466
2023-11-26T22:00:00Z,ENERGY STORAGE,ENERGY STORAGE,-3.1221657721201574,130
2023-11-26T22:00:00Z,GAS,COGENERATION,4208.533225803375,5235
2023-11-26T22:00:00Z,GAS,COMBINED CYCLE,1736.049972890483,3010
2023-11-26T22:00:00Z,GAS,GAS FIRED STEAM,1092.8478166654374,2609
2023-11-26T22:00:00Z,GAS,SIMPLE CYCLE,333.5572717258665,959
2023-11-26T22:00:00Z,HYDRO,HYDRO,180.79210955308545,894
2023-11-26T22:00:00Z,OTHER,BIOMASS,107.53732088036007,154
2023-11-26T22:00:00Z,OTHER,DUAL FUEL,12.757333408461676,20
2023-11-26T22:00:00Z,OTHER,GAS,1.1999510526657104,10
2023-11-26T22:00:00Z,OTHER,GAS COGEN,32.808625073962745,58
2023-11-26T22:00:00Z,OTHER,OIL/GAS,43.227177172766794,53
2023-11-26T22:00:00Z,OTHER,WOOD/REFUSE,94.45463867558372,149
2023-11-26T22:00:00Z,SOLAR,SOLAR,245.5147542929815,1470
2023-11-26T22:00:00Z,WIND,WIND,1474.1632480422986,4491
2023-11-26T23:00:00Z,COAL,COAL,394.5239388020833,820
2023-11-26T23:00:00Z,DUAL FUEL,DUAL FUEL,464.8687161254883,466
2023-11-26T23:00:00Z,ENERGY STORAGE,ENERGY STORAGE,-0.6164999220106336,130
2023-11-26T23:00:00Z,GAS,COGENERATION,4220.63462147024,5235
2023-11-26T23:00:00Z,GAS,COMBINED CYCLE,1752.538072283003,3010
2023-11-26T23:00:00Z,GAS,GAS FIRED STEAM,1319.7892576122283,2609
2023-11-26T23:00:00Z,GAS,SIMPLE CYCLE,447.5441414511866,959
2023-11-26T23:00:00Z,HYDRO,HYDRO,176.00532821135388,894
2023-11-26T23:00:00Z,OTHER,BIOMASS,121.37922302352058,154
2023-11-26T23:00:00Z,OTHER,DUAL FUEL,12.899999618530272,20
2023-11-26T23:00:00Z,OTHER,GAS,1.1999510526657104,10
2023-11-26T23:00:00Z,OTHER,GAS COGEN,41.17306980080075,58
2023-11-26T23:00:00Z,OTHER,OIL/GAS,43.495848297543,53
2023-11-26T23:00:00Z,OTHER,WOOD/REFUSE,98.14457097530365,149
2023-11-26T23:00:00Z,SOLAR,SOLAR,12.010111005504926,1470
2023-11-26T23:00:00Z,WIND,WIND,1430.7737723947234,4491
2023-11-27T00:00:00Z,COAL,COAL,393.376105533176,820
2023-11-27T00:00:00Z,DUAL FUEL,DUAL FUEL,464.89082817925345,466
2023-11-27T00:00:00Z,ENERGY STORAGE,ENERGY STORAGE,0.02361118687523735,130
2023-11-27T00:00:00Z,GAS,COGENERATION,4224.340671995481,5235
2023-11-27T00:00:00Z,GAS,COMBINED CYCLE,1790.1148092889784,3010
2023-11-27T00:00:00Z,GAS,GAS FIRED STEAM,1447.3165341218314,2609
2023-11-27T00:00:00Z,GAS,SIMPLE CYCLE,501.6648991191553,959
2023-11-27T00:00:00Z,HYDRO,HYDRO,184.50563627077472,894
2023-11-27T00:00:00Z,OTHER,BIOMASS,124.14512696213193,154
2023-11-27T00:00:00Z,OTHER,DUAL FUEL,12.899999618530272,20
2023-11-27T00:00:00Z,OTHER,GAS,1.1999510526657104,10
2023-11-27T00:00:00Z,OTHER,GAS COGEN,45.461683377159964,58
2023-11-27T00:00:00Z,OTHER,OIL/GAS,43.964903888702395,53
2023-11-27T00:00:00Z,OTHER,WOOD/REFUSE,98.559563709365,149
2023-11-27T00:00:00Z,SOLAR,SOLAR,0,1470
2023-11-27T00:00:00Z,WIND,WIND,1259.7425629075203,4491
2023-11-27T01:00:00Z,COAL,COAL,393.47121712578667,820
2023-11-27T01:00:00Z,DUAL FUEL,DUAL FUEL,464.92605038113066,466
2023-11-27T01:00:00Z,ENERGY STORAGE,ENERGY STORAGE,0.00277778466542561,130
2023-11-27T01:00:00Z,GAS,COGENERATION,4238.203396322992,5235
2023-11-27T01:00:00Z,GAS,COMBINED CYCLE,1778.5103255502383,3010
2023-11-27T01:00:00Z,GAS,GAS FIRED STEAM,1386.239367178811,2609
2023-11-27T01:00:00Z,GAS,SIMPLE CYCLE,533.5096475585302,959
2023-11-27T01:00:00Z,HYDRO,HYDRO,189.67588705731762,894
2023-11-27T01:00:00Z,OTHER,BIOMASS,124.93244382275475,154
2023-11-27T01:00:00Z,OTHER,DUAL FUEL,12.925999655723572,20
2023-11-27T01:00:00Z,OTHER,GAS,1.1999510526657104,10
2023-11-27T01:00:00Z,OTHER,GAS COGEN,45.424986091189915,58
2023-11-27T01:00:00Z,OTHER,OIL/GAS,44.04298179626465,53
2023-11-27T01:00:00Z,OTHER,WOOD/REFUSE,97.8123760371738,149
2023-11-27T01:00:00Z,SOLAR,SOLAR,0,1470
2023-11-27T01:00:00Z,WIND,WIND,995.5482749093738,4491
2023-11-27T02:00:00Z,COAL,COAL,393.9631041124132,820
2023-11-27T02:00:00Z,DUAL FUEL,DUAL FUEL,464.831772579617,466
2023-11-27T02:00:00Z,ENERGY STORAGE,ENERGY STORAGE,0,130
2023-11-27T02:00:00Z,GAS,COGENERATION,4242.788032033708,5235
2023-11-27T02:00:00Z,GAS,COMBINED CYCLE,1783.19675397661,3010
2023-11-27T02:00:00Z,GAS,GAS FIRED STEAM,1386.5846460416583,2609
2023-11-27T02:00:00Z,GAS,SIMPLE CYCLE,542.8589328648646,959
2023-11-27T02:00:00Z,HYDRO,HYDRO,203.38624456438754,894
2023-11-27T02:00:00Z,OTHER,BIOMASS,126.39859492460887,154
2023-11-27T02:00:00Z,OTHER,DUAL FUEL,13.300000190734863,20
2023-11-27T02:00:00Z,OTHER,GAS,1.1999510526657104,10
2023-11-27T02:00:00Z,OTHER,GAS COGEN,45.45460170533922,58
2023-11-27T02:00:00Z,OTHER,OIL/GAS,41.71349384731717,53
2023-11-27T02:00:00Z,OTHER,WOOD/REFUSE,96.58553845935397,149
2023-11-27T02:00:00Z,SOLAR,SOLAR,0,1470
2023-11-27T02:00:00Z,WIND,WIND,867.9481166331553,4491
2023-11-27T03:00:00Z,COAL,COAL,393.8066601901584,820
2023-11-27T03:00:00Z,DUAL FUEL,DUAL FUEL,464.872492251926,466
2023-11-27T03:00:00Z,ENERGY STORAGE,ENERGY STORAGE,2.777788374159e-4,130
2023-11-27T03:00:00Z,GAS,COGENERATION,4282.398258600235,5235
2023-11-27T03:00:00Z,GAS,COMBINED CYCLE,1788.406262855265,3010
2023-11-27T03:00:00Z,GAS,GAS FIRED STEAM,1377.6759773286185,2609
2023-11-27T03:00:00Z,GAS,SIMPLE CYCLE,460.30029211660224,959
2023-11-27T03:00:00Z,HYDRO,HYDRO,233.97977699488402,894
2023-11-27T03:00:00Z,OTHER,BIOMASS,126.64728501796722,154
2023-11-27T03:00:00Z,OTHER,DUAL FUEL,13.300166856977675,20
2023-11-27T03:00:00Z,OTHER,GAS,1.1999510526657104,10
2023-11-27T03:00:00Z,OTHER,GAS COGEN,45.572992964850535,58
2023-11-27T03:00:00Z,OTHER,OIL/GAS,40.021815157996286,53
2023-11-27T03:00:00Z,OTHER,WOOD/REFUSE,96.19134814421336,149
2023-11-27T03:00:00Z,SOLAR,SOLAR,0,1470
2023-11-27T03:00:00Z,WIND,WIND,720.9013582869371,4491
2023-11-27T04:00:00Z,COAL,COAL,389.6699957784017,820
2023-11-27T04:00:00Z,DUAL FUEL,DUAL FUEL,464.8049385579427,466
2023-11-27T04:00:00Z,ENERGY STORAGE,ENERGY STORAGE,5.5555767483181424e-5,130
2023-11-27T04:00:00Z,GAS,COGENERATION,4272.538891310692,5235
2023-11-27T04:00:00Z,GAS,COMBINED CYCLE,1777.7647532468372,3010
2023-11-27T04:00:00Z,GAS,GAS FIRED STEAM,1424.966700434155,2609
2023-11-27T04:00:00Z,GAS,SIMPLE CYCLE,456.2713127564556,959
2023-11-27T04:00:00Z,HYDRO,HYDRO,159.73592686685421,894
2023-11-27T04:00:00Z,OTHER,BIOMASS,126.04623362064362,154
2023-11-27T04:00:00Z,OTHER,DUAL FUEL,13.300000190734863,20
2023-11-27T04:00:00Z,OTHER,GAS,1.1999510526657104,10
2023-11-27T04:00:00Z,OTHER,GAS COGEN,45.65295775519477,58
2023-11-27T04:00:00Z,OTHER,OIL/GAS,40.35989239374796,53
2023-11-27T04:00:00Z,OTHER,WOOD/REFUSE,96.64844991525014,149
2023-11-27T04:00:00Z,SOLAR,SOLAR,0.9580555753906568,1470
2023-11-27T04:00:00Z,WIND,WIND,737.6082148977204,4491
2023-11-27T05:00:00Z,COAL,COAL,388.66955164591474,820
2023-11-27T05:00:00Z,DUAL FUEL,DUAL FUEL,464.73560526529945,466
2023-11-27T05:00:00Z,ENERGY STORAGE,ENERGY STORAGE,-0.00105555958218044,130
2023-11-27T05:00:00Z,GAS,COGENERATION,4251.393431071705,5235
2023-11-27T05:00:00Z,GAS,COMBINED CYCLE,1723.5696493169996,3010
2023-11-27T05:00:00Z,GAS,GAS FIRED STEAM,1234.2400900554655,2609
2023-11-27T05:00:00Z,GAS,SIMPLE CYCLE,408.07170572727915,959
2023-11-27T05:00:00Z,HYDRO,HYDRO,114.33052812144162,894
2023-11-27T05:00:00Z,OTHER,BIOMASS,112.0904100174374,154
2023-11-27T05:00:00Z,OTHER,DUAL FUEL,13.300000190734863,20
2023-11-27T05:00:00Z,OTHER,GAS,1.1999510526657104,10
2023-11-27T05:00:00Z,OTHER,GAS COGEN,35.3821142217848,58
2023-11-27T05:00:00Z,OTHER,OIL/GAS,40.07977630403307,53
2023-11-27T05:00:00Z,OTHER,WOOD/REFUSE,92.72580096668668,149
2023-11-27T05:00:00Z,SOLAR,SOLAR,1.100000023841858,1470
2023-11-27T05:00:00Z,WIND,WIND,862.0523364516514,4491
2023-11-27T06:00:00Z,COAL,COAL,389.0177717929416,820
2023-11-27T06:00:00Z,DUAL FUEL,DUAL FUEL,465.0441060384115,466
2023-11-27T06:00:00Z,ENERGY STORAGE,ENERGY STORAGE,19.315056167178682,130
2023-11-27T06:00:00Z,GAS,COGENERATION,4253.038638446331,5235
2023-11-27T06:00:00Z,GAS,COMBINED CYCLE,1736.0439298388694,3010
2023-11-27T06:00:00Z,GAS,GAS FIRED STEAM,911.8231534184349,2609
2023-11-27T06:00:00Z,GAS,SIMPLE CYCLE,336.25291255061825,959
2023-11-27T06:00:00Z,HYDRO,HYDRO,123.2714221418235,894
2023-11-27T06:00:00Z,OTHER,BIOMASS,114.94922731876373,154
2023-11-27T06:00:00Z,OTHER,DUAL FUEL,13.300666855706108,20
2023-11-27T06:00:00Z,OTHER,GAS,1.1999510526657104,10
2023-11-27T06:00:00Z,OTHER,GAS COGEN,32.75054070737627,58
2023-11-27T06:00:00Z,OTHER,OIL/GAS,39.05737066692776,53
2023-11-27T06:00:00Z,OTHER,WOOD/REFUSE,94.01620220714145,149
2023-11-27T06:00:00Z,SOLAR,SOLAR,0.7210000150733524,1470
2023-11-27T06:00:00Z,WIND,WIND,1017.1736257853773,4491
2023-11-27T07:00:00Z,COAL,COAL,389.10988254123265,820
2023-11-27T07:00:00Z,DUAL FUEL,DUAL FUEL,465.0516051059299,466
2023-11-27T07:00:00Z,ENERGY STORAGE,ENERGY STORAGE,0.09872259881761339,130
2023-11-27T07:00:00Z,GAS,COGENERATION,4221.34693280326,5235
2023-11-27T07:00:00Z,GAS,COMBINED CYCLE,1639.1813094141748,3010
2023-11-27T07:00:00Z,GAS,GAS FIRED STEAM,938.9735940912035,2609
2023-11-27T07:00:00Z,GAS,SIMPLE CYCLE,363.97060423494213,959
2023-11-27T07:00:00Z,HYDRO,HYDRO,86.41898630486594,894
2023-11-27T07:00:00Z,OTHER,BIOMASS,126.49268104235331,154
2023-11-27T07:00:00Z,OTHER,DUAL FUEL,13.300000190734863,20
2023-11-27T07:00:00Z,OTHER,GAS,1.1999510526657104,10
2023-11-27T07:00:00Z,OTHER,GAS COGEN,43.705176528294885,58
2023-11-27T07:00:00Z,OTHER,OIL/GAS,35.25075488408407,53
2023-11-27T07:00:00Z,OTHER,WOOD/REFUSE,97.35676946587033,149
2023-11-27T07:00:00Z,SOLAR,SOLAR,0,1470
2023-11-27T07:00:00Z,WIND,WIND,1223.714290440066,4491
2023-11-27T08:00:00Z,COAL,COAL,389.4035478210449,820
2023-11-27T08:00:00Z,DUAL FUEL,DUAL FUEL,465.0446617296007,466
2023-11-27T08:00:00Z,ENERGY STORAGE,ENERGY STORAGE,-1.799277783234914,130
2023-11-27T08:00:00Z,GAS,COGENERATION,4235.912536816068,5235
2023-11-27T08:00:00Z,GAS,COMBINED CYCLE,1622.934571378496,3010
2023-11-27T08:00:00Z,GAS,GAS FIRED STEAM,922.3615399572584,2609
2023-11-27T08:00:00Z,GAS,SIMPLE CYCLE,356.7943816938334,959
2023-11-27T08:00:00Z,HYDRO,HYDRO,97.02493588189284,894
2023-11-27T08:00:00Z,OTHER,BIOMASS,122.75642536428239,154
2023-11-27T08:00:00Z,OTHER,DUAL FUEL,13.21455537001292,20
2023-11-27T08:00:00Z,OTHER,GAS,1.1999510526657104,10
2023-11-27T08:00:00Z,OTHER,GAS COGEN,44.142298125690886,58
2023-11-27T08:00:00Z,OTHER,OIL/GAS,35.46596014022827,53
2023-11-27T08:00:00Z,OTHER,WOOD/REFUSE,97.00360855897267,149
2023-11-27T08:00:00Z,SOLAR,SOLAR,0,1470
2023-11-27T08:00:00Z,WIND,WIND,1449.9642037277752,4491
2023-11-27T09:00:00Z,COAL,COAL,388.8393269517686,820
2023-11-27T09:00:00Z,DUAL FUEL,DUAL FUEL,465.0262713453505,466
2023-11-27T09:00:00Z,ENERGY STORAGE,ENERGY STORAGE,-1.0802777944670785,130
2023-11-27T09:00:00Z,GAS,COGENERATION,4229.586868296994,5235
2023-11-27T09:00:00Z,GAS,COMBINED CYCLE,1435.9033417436813,3010
2023-11-27T09:00:00Z,GAS,GAS FIRED STEAM,724.9105462265015,2609
2023-11-27T09:00:00Z,GAS,SIMPLE CYCLE,270.51790636969935,959
2023-11-27T09:00:00Z,HYDRO,HYDRO,131.95151413593027,894
2023-11-27T09:00:00Z,OTHER,BIOMASS,109.19937564161089,154
2023-11-27T09:00:00Z,OTHER,DUAL FUEL,13.294055660565697,20
2023-11-27T09:00:00Z,OTHER,GAS,1.1999510526657104,10
2023-11-27T09:00:00Z,OTHER,GAS COGEN,34.27382108105554,58
2023-11-27T09:00:00Z,OTHER,OIL/GAS,32.804382717344495,53
2023-11-27T09:00:00Z,OTHER,WOOD/REFUSE,92.0694096385108,149
2023-11-27T09:00:00Z,SOLAR,SOLAR,0,1470
2023-11-27T09:00:00Z,WIND,WIND,1729.4246330167189,4491
2023-11-27T10:00:00Z,COAL,COAL,389.47699347602,820
2023-11-27T10:00:00Z,DUAL FUEL,DUAL FUEL,464.97527187771266,466
2023-11-27T10:00:00Z,ENERGY STORAGE,ENERGY STORAGE,-4.198277231852213,130
2023-11-27T10:00:00Z,GAS,COGENERATION,4178.647270186742,5235
2023-11-27T10:00:00Z,GAS,COMBINED CYCLE,1531.612665623824,3010
2023-11-27T10:00:00Z,GAS,GAS FIRED STEAM,484.5661032030318,2609
2023-11-27T10:00:00Z,GAS,SIMPLE CYCLE,235.76322947343192,959
2023-11-27T10:00:00Z,HYDRO,HYDRO,121.83382725715637,894
2023-11-27T10:00:00Z,OTHER,BIOMASS,108.93298265828027,154
2023-11-27T10:00:00Z,OTHER,DUAL FUEL,11.30333336459266,20
2023-11-27T10:00:00Z,OTHER,GAS,1.1999510526657104,10
2023-11-27T10:00:00Z,OTHER,GAS COGEN,34.12415452374352,58
2023-11-27T10:00:00Z,OTHER,OIL/GAS,32.5019927766588,53
2023-11-27T10:00:00Z,OTHER,WOOD/REFUSE,91.54604984177483,149
2023-11-27T10:00:00Z,SOLAR,SOLAR,0,1470
2023-11-27T10:00:00Z,WIND,WIND,1918.447546662622,4491
2023-11-27T11:00:00Z,COAL,COAL,389.3225500657823,820
2023-11-27T11:00:00Z,DUAL FUEL,DUAL FUEL,464.9011048380534,466
2023-11-27T11:00:00Z,ENERGY STORAGE,ENERGY STORAGE,-5.026721138424343,130
2023-11-27T11:00:00Z,GAS,COGENERATION,4186.657188194063,5235
2023-11-27T11:00:00Z,GAS,COMBINED CYCLE,1605.9901893491215,3010
2023-11-27T11:00:00Z,GAS,GAS FIRED STEAM,526.0866593943701,2609
2023-11-27T11:00:00Z,GAS,SIMPLE CYCLE,205.26828673952156,959
2023-11-27T11:00:00Z,HYDRO,HYDRO,109.18852643675274,894
2023-11-27T11:00:00Z,OTHER,BIOMASS,109.80371712260776,154
2023-11-27T11:00:00Z,OTHER,DUAL FUEL,10.364666754404704,20
2023-11-27T11:00:00Z,OTHER,GAS,1.1999510526657104,10
2023-11-27T11:00:00Z,OTHER,GAS COGEN,34.05075703461965,58
2023-11-27T11:00:00Z,OTHER,OIL/GAS,30.149221843083694,53
2023-11-27T11:00:00Z,OTHER,WOOD/REFUSE,92.01089640246497,149
2023-11-27T11:00:00Z,SOLAR,SOLAR,0,1470
2023-11-27T11:00:00Z,WIND,WIND,1916.0630942020814,4491
2023-11-27T12:00:00Z,COAL,COAL,389.0340485297309,820
2023-11-27T12:00:00Z,DUAL FUEL,DUAL FUEL,464.91866082085505,466
2023-11-27T12:00:00Z,ENERGY STORAGE,ENERGY STORAGE,-4.691554378933377,130
2023-11-27T12:00:00Z,GAS,COGENERATION,4203.182992004024,5235
2023-11-27T12:00:00Z,GAS,COMBINED CYCLE,1597.399317961004,3010
2023-11-27T12:00:00Z,GAS,GAS FIRED STEAM,609.5192117108239,2609
2023-11-27T12:00:00Z,GAS,SIMPLE CYCLE,220.08399570888943,959
2023-11-27T12:00:00Z,HYDRO,HYDRO,147.9327201982339,894
2023-11-27T12:00:00Z,OTHER,BIOMASS,108.06207893424565,154
2023-11-27T12:00:00Z,OTHER,DUAL FUEL,13.300166539616056,20
2023-11-27T12:00:00Z,OTHER,GAS,1.1999510526657104,10
2023-11-27T12:00:00Z,OTHER,GAS COGEN,32.88992204507192,58
2023-11-27T12:00:00Z,OTHER,OIL/GAS,29.462165750927394,53
2023-11-27T12:00:00Z,OTHER,WOOD/REFUSE,91.65012775421143,149
2023-11-27T12:00:00Z,SOLAR,SOLAR,0,1470
2023-11-27T12:00:00Z,WIND,WIND,2028.1938109168575,4491
2023-11-27T13:00:00Z,COAL,COAL,388.9295489671495,820
2023-11-27T13:00:00Z,DUAL FUEL,DUAL FUEL,464.8525492011176,466
2023-11-27T13:00:00Z,ENERGY STORAGE,ENERGY STORAGE,-5.518387304411994,130
2023-11-27T13:00:00Z,GAS,COGENERATION,4235.6476109011965,5235
2023-11-27T13:00:00Z,GAS,COMBINED CYCLE,1622.3818750066227,3010
2023-11-27T13:00:00Z,GAS,GAS FIRED STEAM,704.7006021965875,2609
2023-11-27T13:00:00Z,GAS,SIMPLE CYCLE,250.11982874780892,959
2023-11-27T13:00:00Z,HYDRO,HYDRO,165.59979558065533,894
2023-11-27T13:00:00Z,OTHER,BIOMASS,107.77222043673197,154
2023-11-27T13:00:00Z,OTHER,DUAL FUEL,13.263333182864718,20
2023-11-27T13:00:00Z,OTHER,GAS,1.1999510526657104,10
2023-11-27T13:00:00Z,OTHER,GAS COGEN,32.71846039825016,58
2023-11-27T13:00:00Z,OTHER,OIL/GAS,29.535860282050237,53
2023-11-27T13:00:00Z,OTHER,WOOD/REFUSE,91.47369673517015,149
2023-11-27T13:00:00Z,SOLAR,SOLAR,0,1470
2023-11-27T13:00:00Z,WIND,WIND,2164.05531431516,4491
2023-11-27T14:00:00Z,COAL,COAL,389.4333277459277,820
2023-11-27T14:00:00Z,DUAL FUEL,DUAL FUEL,464.8693831041124,466
2023-11-27T14:00:00Z,ENERGY STORAGE,ENERGY STORAGE,-3.4083323627048068,130
2023-11-27T14:00:00Z,GAS,COGENERATION,4217.50079266972,5235
2023-11-27T14:00:00Z,GAS,COMBINED CYCLE,1722.0667054282294,3010
2023-11-27T14:00:00Z,GAS,GAS FIRED STEAM,872.4009881718954,2609
2023-11-27T14:00:00Z,GAS,SIMPLE CYCLE,305.3628279250198,959
2023-11-27T14:00:00Z,HYDRO,HYDRO,205.21348512733977,894
2023-11-27T14:00:00Z,OTHER,BIOMASS,107.59571718851726,154
2023-11-27T14:00:00Z,OTHER,DUAL FUEL,13.18733313454522,20
2023-11-27T14:00:00Z,OTHER,GAS,1.1999510526657104,10
2023-11-27T14:00:00Z,OTHER,GAS COGEN,32.79159122308095,58
2023-11-27T14:00:00Z,OTHER,OIL/GAS,29.723643198013303,53
2023-11-27T14:00:00Z,OTHER,WOOD/REFUSE,92.69632409042782,149
2023-11-27T14:00:00Z,SOLAR,SOLAR,0,1470
2023-11-27T14:00:00Z,WIND,WIND,2149.4128436779974,4491
2023-11-27T15:00:00Z,COAL,COAL,478.3306581730313,820
2023-11-27T15:00:00Z,DUAL FUEL,DUAL FUEL,464.6436043633355,466
2023-11-27T15:00:00Z,ENERGY STORAGE,ENERGY STORAGE,-2.8506660970052082,130
2023-11-27T15:00:00Z,GAS,COGENERATION,4156.856029196845,5235
2023-11-27T15:00:00Z,GAS,COMBINED CYCLE,1759.579121507009,3010
2023-11-27T15:00:00Z,GAS,GAS FIRED STEAM,1084.376206234826,2609
2023-11-27T15:00:00Z,GAS,SIMPLE CYCLE,325.63078881015383,959
2023-11-27T15:00:00Z,HYDRO,HYDRO,120.09671238952212,894
2023-11-27T15:00:00Z,OTHER,BIOMASS,108.79133156405555,154
2023-11-27T15:00:00Z,OTHER,DUAL FUEL,12.89516628212399,20
2023-11-27T15:00:00Z,OTHER,GAS,1.1999510526657104,10
2023-11-27T15:00:00Z,OTHER,GAS COGEN,32.608791535695396,58
2023-11-27T15:00:00Z,OTHER,OIL/GAS,29.529654800626968,53
2023-11-27T15:00:00Z,OTHER,WOOD/REFUSE,92.43916011651356,149
2023-11-27T15:00:00Z,SOLAR,SOLAR,25.992555112325483,1470
2023-11-27T15:00:00Z,WIND,WIND,2173.7347791102197,4491
2023-11-27T16:00:00Z,COAL,COAL,639.5819352298313,820
2023-11-27T16:00:00Z,DUAL FUEL,DUAL FUEL,464.72004921807184,466
2023-11-27T16:00:00Z,ENERGY STORAGE,ENERGY STORAGE,-2.6369440693325465,130
2023-11-27T16:00:00Z,GAS,COGENERATION,4145.091581518385,5235
2023-11-27T16:00:00Z,GAS,COMBINED CYCLE,1758.0717318471272,3010
2023-11-27T16:00:00Z,GAS,GAS FIRED STEAM,840.1279597881105,2609
2023-11-27T16:00:00Z,GAS,SIMPLE CYCLE,300.8578742632601,959
2023-11-27T16:00:00Z,HYDRO,HYDRO,153.72450576721795,894
2023-11-27T16:00:00Z,OTHER,BIOMASS,107.92184243943956,154
2023-11-27T16:00:00Z,OTHER,DUAL FUEL,12.699944252967834,20
2023-11-27T16:00:00Z,OTHER,GAS,1.1999510526657104,10
2023-11-27T16:00:00Z,OTHER,GAS COGEN,32.50144380039639,58
2023-11-27T16:00:00Z,OTHER,OIL/GAS,29.930004890229966,53
2023-11-27T16:00:00Z,OTHER,WOOD/REFUSE,91.79129098044501,149
2023-11-27T16:00:00Z,SOLAR,SOLAR,150.96599160379833,1470
2023-11-27T16:00:00Z,WIND,WIND,2188.4908429140514,4491
2023-11-27T17:00:00Z,COAL,COAL,784.1960434129503,820
2023-11-27T17:00:00Z,DUAL FUEL,DUAL FUEL,464.72554965549045,466
2023-11-27T17:00:00Z,ENERGY STORAGE,ENERGY STORAGE,-1.2207218901316326,130
2023-11-27T17:00:00Z,GAS,COGENERATION,4101.521539634598,5235
2023-11-27T17:00:00Z,GAS,COMBINED CYCLE,1720.5299804404046,3010
2023-11-27T17:00:00Z,GAS,GAS FIRED STEAM,988.5890875826941,2609
2023-11-27T17:00:00Z,GAS,SIMPLE CYCLE,248.02510621776185,959
2023-11-27T17:00:00Z,HYDRO,HYDRO,126.65621422247753,894
2023-11-27T17:00:00Z,OTHER,BIOMASS,107.59624311076271,154
2023-11-27T17:00:00Z,OTHER,DUAL FUEL,12.699833142492508,20
2023-11-27T17:00:00Z,OTHER,GAS,1.1999510526657104,10
2023-11-27T17:00:00Z,OTHER,GAS COGEN,32.42932116561466,58
2023-11-27T17:00:00Z,OTHER,OIL/GAS,31.055321923361884,53
2023-11-27T17:00:00Z,OTHER,WOOD/REFUSE,91.68679990291596,149
2023-11-27T17:00:00Z,SOLAR,SOLAR,212.35455263096426,1470
2023-11-27T17:00:00Z,WIND,WIND,2115.7952720462945,4491
2023-11-27T18:00:00Z,COAL,COAL,796.5481518385145,820
2023-11-27T18:00:00Z,DUAL FUEL,DUAL FUEL,459.91260547214085,466
2023-11-27T18:00:00Z,ENERGY STORAGE,ENERGY STORAGE,-0.4819442346360948,130
2023-11-27T18:00:00Z,GAS,COGENERATION,4124.8452554935875,5235
2023-11-27T18:00:00Z,GAS,COMBINED CYCLE,1740.8496768887837,3010
2023-11-27T18:00:00Z,GAS,GAS FIRED STEAM,1235.640113532808,2609
2023-11-27T18:00:00Z,GAS,SIMPLE CYCLE,317.11720080511435,959
2023-11-27T18:00:00Z,HYDRO,HYDRO,126.7579334797793,894
2023-11-27T18:00:00Z,OTHER,BIOMASS,114.23841999053955,154
2023-11-27T18:00:00Z,OTHER,DUAL FUEL,12.699999809265137,20
2023-11-27T18:00:00Z,OTHER,GAS,1.1999510526657104,10
2023-11-27T18:00:00Z,OTHER,GAS COGEN,32.27178181383345,58
2023-11-27T18:00:00Z,OTHER,OIL/GAS,31.57818273438348,53
2023-11-27T18:00:00Z,OTHER,WOOD/REFUSE,94.04619876066843,149
2023-11-27T18:00:00Z,SOLAR,SOLAR,259.5143821838167,1470
2023-11-27T18:00:00Z,WIND,WIND,1934.780804245207,4491
2023-11-27T19:00:00Z,COAL,COAL,797.885989549425,820
2023-11-27T19:00:00Z,DUAL FUEL,DUAL FUEL,459.3421625942654,466
2023-11-27T19:00:00Z,ENERGY STORAGE,ENERGY STORAGE,-0.8622776778539022,130
2023-11-27T19:00:00Z,GAS,COGENERATION,4118.95426469432,5235
2023-11-27T19:00:00Z,GAS,COMBINED CYCLE,1726.6944645426008,3010
2023-11-27T19:00:00Z,GAS,GAS FIRED STEAM,1150.4661450449626,2609
2023-11-27T19:00:00Z,GAS,SIMPLE CYCLE,324.28229553601807,959
2023-11-27T19:00:00Z,HYDRO,HYDRO,102.3311737276117,894
2023-11-27T19:00:00Z,OTHER,BIOMASS,105.34565359327529,154
2023-11-27T19:00:00Z,OTHER,DUAL FUEL,12.699999809265137,20
2023-11-27T19:00:00Z,OTHER,GAS,1.1999510526657104,10
2023-11-27T19:00:00Z,OTHER,GAS COGEN,32.38134257793426,58
2023-11-27T19:00:00Z,OTHER,OIL/GAS,31.83418854819404,53
2023-11-27T19:00:00Z,OTHER,WOOD/REFUSE,92.64050214343601,149
2023-11-27T19:00:00Z,SOLAR,SOLAR,347.67108568112053,1470
2023-11-27T19:00:00Z,WIND,WIND,1907.562380818559,4491
2023-11-27T20:00:00Z,COAL,COAL,796.8571009318034,820
2023-11-27T20:00:00Z,DUAL FUEL,DUAL FUEL,464.5324376763238,466
2023-11-27T20:00:00Z,ENERGY STORAGE,ENERGY STORAGE,6.1111344231499e-4,130
2023-11-27T20:00:00Z,GAS,COGENERATION,4110.3272725086745,5235
2023-11-27T20:00:00Z,GAS,COMBINED CYCLE,1734.1329593992234,3010
2023-11-27T20:00:00Z,GAS,GAS FIRED STEAM,1002.0235104285346,2609
2023-11-27T20:00:00Z,GAS,SIMPLE CYCLE,295.27734612491395,959
2023-11-27T20:00:00Z,HYDRO,HYDRO,137.49316286655764,894
2023-11-27T20:00:00Z,OTHER,BIOMASS,105.04408800443014,154
2023-11-27T20:00:00Z,OTHER,DUAL FUEL,12.64311085595025,20
2023-11-27T20:00:00Z,OTHER,GAS,1.1999510526657104,10
2023-11-27T20:00:00Z,OTHER,GAS COGEN,32.73826437473297,58
2023-11-27T20:00:00Z,OTHER,OIL/GAS,32.883610473208954,53
2023-11-27T20:00:00Z,OTHER,WOOD/REFUSE,92.98136158625285,149
2023-11-27T20:00:00Z,SOLAR,SOLAR,359.0919775538312,1470
2023-11-27T20:00:00Z,WIND,WIND,1973.0425612810916,4491
2023-11-27T21:00:00Z,COAL,COAL,800.3362643432617,820
2023-11-27T21:00:00Z,DUAL FUEL,DUAL FUEL,464.7683834669325,466
2023-11-27T21:00:00Z,ENERGY STORAGE,ENERGY STORAGE,0.0056666882832845,130
2023-11-27T21:00:00Z,GAS,COGENERATION,4100.86985379272,5235
2023-11-27T21:00:00Z,GAS,COMBINED CYCLE,1732.1926453145345,3010
2023-11-27T21:00:00Z,GAS,GAS FIRED STEAM,994.2750340355767,2609
2023-11-27T21:00:00Z,GAS,SIMPLE CYCLE,232.2010191553831,959
2023-11-27T21:00:00Z,HYDRO,HYDRO,153.80672900758682,894
2023-11-27T21:00:00Z,OTHER,BIOMASS,100.75846529006958,154
2023-11-27T21:00:00Z,OTHER,DUAL FUEL,12.46399983988868,20
2023-11-27T21:00:00Z,OTHER,GAS,1.1999510526657104,10
2023-11-27T21:00:00Z,OTHER,GAS COGEN,32.607370589574174,58
2023-11-27T21:00:00Z,OTHER,OIL/GAS,34.220954717000325,53
2023-11-27T21:00:00Z,OTHER,WOOD/REFUSE,92.58382533126407,149
2023-11-27T21:00:00Z,SOLAR,SOLAR,294.28960029625233,1470
2023-11-27T21:00:00Z,WIND,WIND,2015.46115065972,4491
2023-11-27T22:00:00Z,COAL,COAL,813.1284312608507,820
2023-11-27T22:00:00Z,DUAL FUEL,DUAL FUEL,463.24877197265624,466
2023-11-27T22:00:00Z,ENERGY STORAGE,ENERGY STORAGE,0.050166739357842306,130
2023-11-27T22:00:00Z,GAS,COGENERATION,4114.893995218012,5235
2023-11-27T22:00:00Z,GAS,COMBINED CYCLE,1734.7990407366224,3010
2023-11-27T22:00:00Z,GAS,GAS FIRED STEAM,1051.4866129811605,2609
2023-11-27T22:00:00Z,GAS,SIMPLE CYCLE,266.5543841864003,959
2023-11-27T22:00:00Z,HYDRO,HYDRO,132.4968875822425,894
2023-11-27T22:00:00Z,OTHER,BIOMASS,99.63698634412553,154
2023-11-27T22:00:00Z,OTHER,DUAL FUEL,12.53105540010664,20
2023-11-27T22:00:00Z,OTHER,GAS,1.1999510526657104,10
2023-11-27T22:00:00Z,OTHER,GAS COGEN,32.65724444548289,58
2023-11-27T22:00:00Z,OTHER,OIL/GAS,30.9010718621148,53
2023-11-27T22:00:00Z,OTHER,WOOD/REFUSE,92.92395055717893,149
2023-11-27T22:00:00Z,SOLAR,SOLAR,164.61833070475194,1470
2023-11-27T22:00:00Z,WIND,WIND,2087.016913164953,4491
2023-11-27T23:00:00Z,COAL,COAL,811.713267042372,820
2023-11-27T23:00:00Z,DUAL FUEL,DUAL FUEL,458.3541601901584,466
2023-11-27T23:00:00Z,ENERGY STORAGE,ENERGY STORAGE,0.03544453779856363,130
2023-11-27T23:00:00Z,GAS,COGENERATION,4124.5426512776485,5235
2023-11-27T23:00:00Z,GAS,COMBINED CYCLE,1771.1821879318024,3010
2023-11-27T23:00:00Z,GAS,GAS FIRED STEAM,1071.6368729697333,2609
2023-11-27T23:00:00Z,GAS,SIMPLE CYCLE,286.5054314230548,959
2023-11-27T23:00:00Z,HYDRO,HYDRO,181.99346032564839,894
2023-11-27T23:00:00Z,OTHER,BIOMASS,103.9025448126263,154
2023-11-27T23:00:00Z,OTHER,DUAL FUEL,12.68327756245931,20
2023-11-27T23:00:00Z,OTHER,GAS,1.1999510526657104,10
2023-11-27T23:00:00Z,OTHER,GAS COGEN,34.81673989137013,58
2023-11-27T23:00:00Z,OTHER,OIL/GAS,32.323493818706936,53
2023-11-27T23:00:00Z,OTHER,WOOD/REFUSE,93.53035049756369,149
2023-11-27T23:00:00Z,SOLAR,SOLAR,5.086388818720977,1470
2023-11-27T23:00:00Z,WIND,WIND,2258.6030327324074,4491
2023-11-28T00:00:00Z,COAL,COAL,811.3399880303277,820
2023-11-28T00:00:00Z,DUAL FUEL,DUAL FUEL,465.3478274875217,466
2023-11-28T00:00:00Z,ENERGY STORAGE,ENERGY STORAGE,0.02183339436848958,130
2023-11-28T00:00:00Z,GAS,COGENERATION,4144.156207730505,5235
2023-11-28T00:00:00Z,GAS,COMBINED CYCLE,1789.3112109936608,3010
2023-11-28T00:00:00Z,GAS,GAS FIRED STEAM,1315.5166620455848,2609
2023-11-28T00:00:00Z,GAS,SIMPLE CYCLE,341.30252289315064,959
2023-11-28T00:00:00Z,HYDRO,HYDRO,136.4226512246827,894
2023-11-28T00:00:00Z,OTHER,BIOMASS,105.79522795783149,154
2023-11-28T00:00:00Z,OTHER,DUAL FUEL,12.684999889797634,20
2023-11-28T00:00:00Z,OTHER,GAS,1.1999510526657104,10
2023-11-28T00:00:00Z,OTHER,GAS COGEN,38.311068271531,58
2023-11-28T00:00:00Z,OTHER,OIL/GAS,22.220082453621757,53
2023-11-28T00:00:00Z,OTHER,WOOD/REFUSE,93.93357743740081,149
2023-11-28T00:00:00Z,SOLAR,SOLAR,0.8621111291646958,1470
2023-11-28T00:00:00Z,WIND,WIND,2400.429840955072,4491
2023-11-28T01:00:00Z,COAL,COAL,813.7842663235134,820
2023-11-28T01:00:00Z,DUAL FUEL,DUAL FUEL,465.6882726203071,466
2023-11-28T01:00:00Z,ENERGY STORAGE,ENERGY STORAGE,-5.5555767483181424e-5,130
2023-11-28T01:00:00Z,GAS,COGENERATION,4150.407216251691,5235
2023-11-28T01:00:00Z,GAS,COMBINED CYCLE,1777.4303737746343,3010
2023-11-28T01:00:00Z,GAS,GAS FIRED STEAM,1209.8960459560817,2609
2023-11-28T01:00:00Z,GAS,SIMPLE CYCLE,338.559974869887,959
2023-11-28T01:00:00Z,HYDRO,HYDRO,118.07486815904576,894
2023-11-28T01:00:00Z,OTHER,BIOMASS,99.99240066952176,154
2023-11-28T01:00:00Z,OTHER,DUAL FUEL,12.65538860797882,20
2023-11-28T01:00:00Z,OTHER,GAS,1.1999510526657104,10
2023-11-28T01:00:00Z,OTHER,GAS COGEN,33.166893358230595,58
2023-11-28T01:00:00Z,OTHER,OIL/GAS,23.06572135925293,53
2023-11-28T01:00:00Z,OTHER,WOOD/REFUSE,92.3078232664532,149
2023-11-28T01:00:00Z,SOLAR,SOLAR,0,1470
2023-11-28T01:00:00Z,WIND,WIND,2483.330996775892,4491
2023-11-28T02:00:00Z,COAL,COAL,812.1633201429578,820
2023-11-28T02:00:00Z,DUAL FUEL,DUAL FUEL,465.6634388563368,466
2023-11-28T02:00:00Z,ENERGY STORAGE,ENERGY STORAGE,-1.1949441443549262,130
2023-11-28T02:00:00Z,GAS,COGENERATION,4111.320014684995,5235
2023-11-28T02:00:00Z,GAS,COMBINED CYCLE,1728.068803931872,3010
2023-11-28T02:00:00Z,GAS,GAS FIRED STEAM,1200.8111577267116,2609
2023-11-28T02:00:00Z,GAS,SIMPLE CYCLE,259.7449621708857,959
2023-11-28T02:00:00Z,HYDRO,HYDRO,111.71727233012518,894
2023-11-28T02:00:00Z,OTHER,BIOMASS,97.44276619593302,154
2023-11-28T02:00:00Z,OTHER,DUAL FUEL,11.289222201241389,20
2023-11-28T02:00:00Z,OTHER,GAS,1.1999510526657104,10
2023-11-28T02:00:00Z,OTHER,GAS COGEN,32.817356683413195,58
2023-11-28T02:00:00Z,OTHER,OIL/GAS,25.72202173233032,53
2023-11-28T02:00:00Z,OTHER,WOOD/REFUSE,91.24377624193828,149
2023-11-28T02:00:00Z,SOLAR,SOLAR,0,1470
2023-11-28T02:00:00Z,WIND,WIND,2461.375491292212,4491
2023-11-28T03:00:00Z,COAL,COAL,812.7613221571181,820
2023-11-28T03:00:00Z,DUAL FUEL,DUAL FUEL,465.59976993136934,466
2023-11-28T03:00:00Z,ENERGY STORAGE,ENERGY STORAGE,-3.796277000639174,130
2023-11-28T03:00:00Z,GAS,COGENERATION,4124.374216059578,5235
2023-11-28T03:00:00Z,GAS,COMBINED CYCLE,1746.9177267222935,3010
2023-11-28T03:00:00Z,GAS,GAS FIRED STEAM,1084.3384035311806,2609
2023-11-28T03:00:00Z,GAS,SIMPLE CYCLE,246.6977853312095,959
2023-11-28T03:00:00Z,HYDRO,HYDRO,97.9769412571854,894
2023-11-28T03:00:00Z,OTHER,BIOMASS,97.87117293781704,154
2023-11-28T03:00:00Z,OTHER,DUAL FUEL,9.860999874009028,20
2023-11-28T03:00:00Z,OTHER,GAS,1.1999510526657104,10
2023-11-28T03:00:00Z,OTHER,GAS COGEN,32.80583171526591,58
2023-11-28T03:00:00Z,OTHER,OIL/GAS,29.57143243683709,53
2023-11-28T03:00:00Z,OTHER,WOOD/REFUSE,82.1589157125685,149
2023-11-28T03:00:00Z,SOLAR,SOLAR,0,1470
2023-11-28T03:00:00Z,WIND,WIND,2511.170918701738,4491
2023-11-28T04:00:00Z,COAL,COAL,812.6112100728352,820
2023-11-28T04:00:00Z,DUAL FUEL,DUAL FUEL,465.6336592441135,466
2023-11-28T04:00:00Z,ENERGY STORAGE,ENERGY STORAGE,-3.824610442055596,130
2023-11-28T04:00:00Z,GAS,COGENERATION,4104.827885463105,5235
2023-11-28T04:00:00Z,GAS,COMBINED CYCLE,1674.4547887971667,3010
2023-11-28T04:00:00Z,GAS,GAS FIRED STEAM,901.9629920980665,2609
2023-11-28T04:00:00Z,GAS,SIMPLE CYCLE,189.76807260718607,959
2023-11-28T04:00:00Z,HYDRO,HYDRO,95.78683625658354,894
2023-11-28T04:00:00Z,OTHER,BIOMASS,99.96368361896938,154
2023-11-28T04:00:00Z,OTHER,DUAL FUEL,9.899999618530272,20
2023-11-28T04:00:00Z,OTHER,GAS,1.1999510526657104,10
2023-11-28T04:00:00Z,OTHER,GAS COGEN,32.796669705179006,58
2023-11-28T04:00:00Z,OTHER,OIL/GAS,30.274365972942775,53
2023-11-28T04:00:00Z,OTHER,WOOD/REFUSE,75.97283201694489,149
2023-11-28T04:00:00Z,SOLAR,SOLAR,0.00150776969061957,1470
2023-11-28T04:00:00Z,WIND,WIND,2566.4596322107977,4491
2023-11-28T05:00:00Z,COAL,COAL,798.2240981038412,820
2023-11-28T05:00:00Z,DUAL FUEL,DUAL FUEL,465.7281608242459,466
2023-11-28T05:00:00Z,ENERGY STORAGE,ENERGY STORAGE,-2.7661105314890544,130
2023-11-28T05:00:00Z,GAS,COGENERATION,4106.099044088787,5235
2023-11-28T05:00:00Z,GAS,COMBINED CYCLE,1500.4571691629621,3010
2023-11-28T05:00:00Z,GAS,GAS FIRED STEAM,864.7892340861426,2609
2023-11-28T05:00:00Z,GAS,SIMPLE CYCLE,165.1064842103587,959
2023-11-28T05:00:00Z,HYDRO,HYDRO,99.208761412402,894
2023-11-28T05:00:00Z,OTHER,BIOMASS,99.97719967312284,154
2023-11-28T05:00:00Z,OTHER,DUAL FUEL,9.899999618530272,20
2023-11-28T05:00:00Z,OTHER,GAS,1.1999510526657104,10
2023-11-28T05:00:00Z,OTHER,GAS COGEN,32.739110156165225,58
2023-11-28T05:00:00Z,OTHER,OIL/GAS,34.29223267025418,53
2023-11-28T05:00:00Z,OTHER,WOOD/REFUSE,66.9969965394338,149
2023-11-28T05:00:00Z,SOLAR,SOLAR,0,1470
2023-11-28T05:00:00Z,WIND,WIND,2565.796064583328,4491
2023-11-28T06:00:00Z,COAL,COAL,796.6813751220703,820
2023-11-28T06:00:00Z,DUAL FUEL,DUAL FUEL,465.8394374762641,466
2023-11-28T06:00:00Z,ENERGY STORAGE,ENERGY STORAGE,-1.905721862581041,130
2023-11-28T06:00:00Z,GAS,COGENERATION,4107.599997113678,5235
2023-11-28T06:00:00Z,GAS,COMBINED CYCLE,1473.296292474005,3010
2023-11-28T06:00:00Z,GAS,GAS FIRED STEAM,885.024869813919,2609
2023-11-28T06:00:00Z,GAS,SIMPLE CYCLE,68.86266509446833,959
2023-11-28T06:00:00Z,HYDRO,HYDRO,70.01394777768188,894
2023-11-28T06:00:00Z,OTHER,BIOMASS,99.9860055563185,154
2023-11-28T06:00:00Z,OTHER,DUAL FUEL,9.899999618530272,20
2023-11-28T06:00:00Z,OTHER,GAS,1.1999510526657104,10
2023-11-28T06:00:00Z,OTHER,GAS COGEN,32.515706122186444,58
2023-11-28T06:00:00Z,OTHER,OIL/GAS,36.41638230641683,53
2023-11-28T06:00:00Z,OTHER,WOOD/REFUSE,60.646151154306196,149
2023-11-28T06:00:00Z,SOLAR,SOLAR,0,1470
2023-11-28T06:00:00Z,WIND,WIND,2485.6691755130555,4491
2023-11-28T07:00:00Z,COAL,COAL,796.5187093268501,820
2023-11-28T07:00:00Z,DUAL FUEL,DUAL FUEL,465.8677164543999,466
2023-11-28T07:00:00Z,ENERGY STORAGE,ENERGY STORAGE,-1.7288329643673368,170
2023-11-28T07:00:00Z,GAS,COGENERATION,4115.7589303443165,5235
2023-11-28T07:00:00Z,GAS,COMBINED CYCLE,1461.48463089784,3010
2023-11-28T07:00:00Z,GAS,GAS FIRED STEAM,736.6492105955548,2609
2023-11-28T07:00:00Z,GAS,SIMPLE CYCLE,66.77272100978428,959
2023-11-28T07:00:00Z,HYDRO,HYDRO,64.37411476383608,894
2023-11-28T07:00:00Z,OTHER,BIOMASS,105.61998481909434,154
2023-11-28T07:00:00Z,OTHER,DUAL FUEL,9.899999618530272,20
2023-11-28T07:00:00Z,OTHER,GAS,1.1999510526657104,10
2023-11-28T07:00:00Z,OTHER,GAS COGEN,32.513656044006346,58
2023-11-28T07:00:00Z,OTHER,OIL/GAS,37.92734341091579,53
2023-11-28T07:00:00Z,OTHER,WOOD/REFUSE,61.01062029361725,149
2023-11-28T07:00:00Z,SOLAR,SOLAR,0,1470
2023-11-28T07:00:00Z,WIND,WIND,2439.7233225591976,4491
2023-11-28T08:00:00Z,COAL,COAL,796.8538204956055,820
2023-11-28T08:00:00Z,DUAL FUEL,DUAL FUEL,465.8728268602159,466
2023-11-28T08:00:00Z,ENERGY STORAGE,ENERGY STORAGE,-0.12733328342437747,170
2023-11-28T08:00:00Z,GAS,COGENERATION,4110.789589079618,5235
2023-11-28T08:00:00Z,GAS,COMBINED CYCLE,1428.4273141082128,3010
2023-11-28T08:00:00Z,GAS,GAS FIRED STEAM,641.6815355767144,2609
2023-11-28T08:00:00Z,GAS,SIMPLE CYCLE,66.72149852010939,959
2023-11-28T08:00:00Z,HYDRO,HYDRO,77.83086096283462,894
2023-11-28T08:00:00Z,OTHER,BIOMASS,106.48129884031084,154
2023-11-28T08:00:00Z,OTHER,DUAL FUEL,9.899832951757643,20
2023-11-28T08:00:00Z,OTHER,GAS,1.1999510526657104,10
2023-11-28T08:00:00Z,OTHER,GAS COGEN,32.460105933083426,58
2023-11-28T08:00:00Z,OTHER,OIL/GAS,36.36929905149672,53
2023-11-28T08:00:00Z,OTHER,WOOD/REFUSE,61.20849286397298,149
2023-11-28T08:00:00Z,SOLAR,SOLAR,0,1470
2023-11-28T08:00:00Z,WIND,WIND,2513.482986737556,4491
2023-11-28T09:00:00Z,COAL,COAL,795.4478755696615,820
2023-11-28T09:00:00Z,DUAL FUEL,DUAL FUEL,465.9340497673882,466
2023-11-28T09:00:00Z,ENERGY STORAGE,ENERGY STORAGE,0,170
2023-11-28T09:00:00Z,GAS,COGENERATION,4085.988444899983,5235
2023-11-28T09:00:00Z,GAS,COMBINED CYCLE,1410.0125593074163,3010
2023-11-28T09:00:00Z,GAS,GAS FIRED STEAM,597.7138563579983,2609
2023-11-28T09:00:00Z,GAS,SIMPLE CYCLE,66.75849861780803,959
2023-11-28T09:00:00Z,HYDRO,HYDRO,59.68113720499807,894
2023-11-28T09:00:00Z,OTHER,BIOMASS,105.79605840312111,154
2023-11-28T09:00:00Z,OTHER,DUAL FUEL,9.899999618530272,20
2023-11-28T09:00:00Z,OTHER,GAS,1.1999510526657104,10
2023-11-28T09:00:00Z,OTHER,GAS COGEN,32.44398806360033,58
2023-11-28T09:00:00Z,OTHER,OIL/GAS,36.13408269034492,53
2023-11-28T09:00:00Z,OTHER,WOOD/REFUSE,60.74786576694912,149
2023-11-28T09:00:00Z,SOLAR,SOLAR,0,1470
2023-11-28T09:00:00Z,WIND,WIND,2564.879880841573,4491
2023-11-28T10:00:00Z,COAL,COAL,796.9610434468588,820
2023-11-28T10:00:00Z,DUAL FUEL,DUAL FUEL,465.92771799723306,466
2023-11-28T10:00:00Z,ENERGY STORAGE,ENERGY STORAGE,0.00438890563117133,170
2023-11-28T10:00:00Z,GAS,COGENERATION,4086.1463728502063,5235
2023-11-28T10:00:00Z,GAS,COMBINED CYCLE,1429.023533911705,3010
2023-11-28T10:00:00Z,GAS,GAS FIRED STEAM,599.2188046942817,2609
2023-11-28T10:00:00Z,GAS,SIMPLE CYCLE,67.06427644199795,959
2023-11-28T10:00:00Z,HYDRO,HYDRO,102.753024122715,894
2023-11-28T10:00:00Z,OTHER,BIOMASS,106.9737318886651,154
2023-11-28T10:00:00Z,OTHER,DUAL FUEL,9.899999618530272,20
2023-11-28T10:00:00Z,OTHER,GAS,1.1999510526657104,10
2023-11-28T10:00:00Z,OTHER,GAS COGEN,32.45593331495921,58
2023-11-28T10:00:00Z,OTHER,OIL/GAS,36.29735887527466,53
2023-11-28T10:00:00Z,OTHER,WOOD/REFUSE,61.65132232560052,149
2023-11-28T10:00:00Z,SOLAR,SOLAR,0,1470
2023-11-28T10:00:00Z,WIND,WIND,2587.312560229401,4491
2023-11-28T11:00:00Z,COAL,COAL,796.52554397583,820
2023-11-28T11:00:00Z,DUAL FUEL,DUAL FUEL,465.95254879421657,466
2023-11-28T11:00:00Z,ENERGY STORAGE,ENERGY STORAGE,-0.34555547290378147,170
2023-11-28T11:00:00Z,GAS,COGENERATION,4130.611895565059,5235
2023-11-28T11:00:00Z,GAS,COMBINED CYCLE,1434.4687975321876,3010
2023-11-28T11:00:00Z,GAS,GAS FIRED STEAM,757.3248445044624,2609
2023-11-28T11:00:00Z,GAS,SIMPLE CYCLE,67.10388746579488,959
2023-11-28T11:00:00Z,HYDRO,HYDRO,114.37668443361919,894
2023-11-28T11:00:00Z,OTHER,BIOMASS,105.06970293574864,154
2023-11-28T11:00:00Z,OTHER,DUAL FUEL,9.870999807251824,20
2023-11-28T11:00:00Z,OTHER,GAS,1.1999510526657104,10
2023-11-28T11:00:00Z,OTHER,GAS COGEN,32.36608221636878,58
2023-11-28T11:00:00Z,OTHER,OIL/GAS,36.18008248858982,53
2023-11-28T11:00:00Z,OTHER,WOOD/REFUSE,61.78533833927579,149
2023-11-28T11:00:00Z,SOLAR,SOLAR,0.00170638892385694,1470
2023-11-28T11:00:00Z,WIND,WIND,2368.577505729662,4491
2023-11-28T12:00:00Z,COAL,COAL,796.9996556769477,820
2023-11-28T12:00:00Z,DUAL FUEL,DUAL FUEL,465.9393819342719,466
2023-11-28T12:00:00Z,ENERGY STORAGE,ENERGY STORAGE,-1.8397771745257907,170
2023-11-28T12:00:00Z,GAS,COGENERATION,4180.033192069265,5235
2023-11-28T12:00:00Z,GAS,COMBINED CYCLE,1496.5265565607283,3010
2023-11-28T12:00:00Z,GAS,GAS FIRED STEAM,897.3458102925619,2609
2023-11-28T12:00:00Z,GAS,SIMPLE CYCLE,83.42116483317481,959
2023-11-28T12:00:00Z,HYDRO,HYDRO,128.88437795582746,894
2023-11-28T12:00:00Z,OTHER,BIOMASS,104.67601424482133,154
2023-11-28T12:00:00Z,OTHER,DUAL FUEL,9.811500161488851,20
2023-11-28T12:00:00Z,OTHER,GAS,1.1999510526657104,10
2023-11-28T12:00:00Z,OTHER,GAS COGEN,32.377621026568946,58
2023-11-28T12:00:00Z,OTHER,OIL/GAS,36.51846037758721,53
2023-11-28T12:00:00Z,OTHER,WOOD/REFUSE,60.477622415224715,149
2023-11-28T12:00:00Z,SOLAR,SOLAR,0,1470
2023-11-28T12:00:00Z,WIND,WIND,2329.7570553397386,4491
2023-11-28T13:00:00Z,COAL,COAL,796.6207109408908,820
2023-11-28T13:00:00Z,DUAL FUEL,DUAL FUEL,465.8614375813802,466
2023-11-28T13:00:00Z,ENERGY STORAGE,ENERGY STORAGE,-1.2159440710809495,170
2023-11-28T13:00:00Z,GAS,COGENERATION,4192.136317379607,5235
2023-11-28T13:00:00Z,GAS,COMBINED CYCLE,1639.1009718619453,3010
2023-11-28T13:00:00Z,GAS,GAS FIRED STEAM,1236.4658506732517,2609
2023-11-28T13:00:00Z,GAS,SIMPLE CYCLE,179.65799748907486,959
2023-11-28T13:00:00Z,HYDRO,HYDRO,130.18798784338765,894
2023-11-28T13:00:00Z,OTHER,BIOMASS,105.77016879134707,154
2023-11-28T13:00:00Z,OTHER,DUAL FUEL,9.816833481258817,20
2023-11-28T13:00:00Z,OTHER,GAS,1.1999510526657104,10
2023-11-28T13:00:00Z,OTHER,GAS COGEN,32.32085942586263,58
2023-11-28T13:00:00Z,OTHER,OIL/GAS,36.97127675586277,53
2023-11-28T13:00:00Z,OTHER,WOOD/REFUSE,59.73576416598426,149
2023-11-28T13:00:00Z,SOLAR,SOLAR,0,1470
2023-11-28T13:00:00Z,WIND,WIND,2047.5031917051722,4491
2023-11-28T14:00:00Z,COAL,COAL,796.5165403578017,820
2023-11-28T14:00:00Z,DUAL FUEL,DUAL FUEL,465.7447165086534,466
2023-11-28T14:00:00Z,ENERGY STORAGE,ENERGY STORAGE,-2.5961105330785115,170
2023-11-28T14:00:00Z,GAS,COGENERATION,4204.994502183332,5235
2023-11-28T14:00:00Z,GAS,COMBINED CYCLE,1737.2854726420508,3010
2023-11-28T14:00:00Z,GAS,GAS FIRED STEAM,1596.9391192796495,2609
2023-11-28T14:00:00Z,GAS,SIMPLE CYCLE,237.41400827017094,959
2023-11-28T14:00:00Z,HYDRO,HYDRO,148.99888567939402,894
2023-11-28T14:00:00Z,OTHER,BIOMASS,107.91794256952073,154
2023-11-28T14:00:00Z,OTHER,DUAL FUEL,10.778277892536588,20
2023-11-28T14:00:00Z,OTHER,GAS,1.1999510526657104,10
2023-11-28T14:00:00Z,OTHER,GAS COGEN,34.202549220720925,58
2023-11-28T14:00:00Z,OTHER,OIL/GAS,36.23437728881836,53
2023-11-28T14:00:00Z,OTHER,WOOD/REFUSE,59.30666984452142,149
2023-11-28T14:00:00Z,SOLAR,SOLAR,0,1470
2023-11-28T14:00:00Z,WIND,WIND,1812.6938751525472,4491
2023-11-28T15:00:00Z,COAL,COAL,798.8589870198567,820
2023-11-28T15:00:00Z,DUAL FUEL,DUAL FUEL,465.3506030782064,466
2023-11-28T15:00:00Z,ENERGY STORAGE,ENERGY STORAGE,-1.756666244400872,170
2023-11-28T15:00:00Z,GAS,COGENERATION,4198.398474151823,5235
2023-11-28T15:00:00Z,GAS,COMBINED CYCLE,1729.9481287256876,3010
2023-11-28T15:00:00Z,GAS,GAS FIRED STEAM,1645.597826944987,2609
2023-11-28T15:00:00Z,GAS,SIMPLE CYCLE,347.62852618091637,959
2023-11-28T15:00:00Z,HYDRO,HYDRO,104.71570104188389,894
2023-11-28T15:00:00Z,OTHER,BIOMASS,107.50352070384555,154
2023-11-28T15:00:00Z,OTHER,DUAL FUEL,11.999499999682108,20
2023-11-28T15:00:00Z,OTHER,GAS,0.4893133736981286,10
2023-11-28T15:00:00Z,OTHER,GAS COGEN,33.32296392652724,58
2023-11-28T15:00:00Z,OTHER,OIL/GAS,37.083526876237656,53
2023-11-28T15:00:00Z,OTHER,WOOD/REFUSE,59.8770137225257,149
2023-11-28T15:00:00Z,SOLAR,SOLAR,75.88829319652584,1470
2023-11-28T15:00:00Z,WIND,WIND,1799.1792718100382,4491
2023-11-28T16:00:00Z,COAL,COAL,798.1579857720269,820
2023-11-28T16:00:00Z,DUAL FUEL,DUAL FUEL,465.4671057807074,466
2023-11-28T16:00:00Z,ENERGY STORAGE,ENERGY STORAGE,-1.8396104992760554,170
2023-11-28T16:00:00Z,GAS,COGENERATION,4185.866768809954,5235
2023-11-28T16:00:00Z,GAS,COMBINED CYCLE,1672.9162032259835,3010
2023-11-28T16:00:00Z,GAS,GAS FIRED STEAM,1293.4040578757392,2609
2023-11-28T16:00:00Z,GAS,SIMPLE CYCLE,333.4902705804507,959
2023-11-28T16:00:00Z,HYDRO,HYDRO,82.28615946841737,894
2023-11-28T16:00:00Z,OTHER,BIOMASS,105.96213139586978,154
2023-11-28T16:00:00Z,OTHER,DUAL FUEL,11.995166663593716,20
2023-11-28T16:00:00Z,OTHER,GAS,0,10
2023-11-28T16:00:00Z,OTHER,GAS COGEN,32.89481018808153,58
2023-11-28T16:00:00Z,OTHER,OIL/GAS,37.98823304494222,53
2023-11-28T16:00:00Z,OTHER,WOOD/REFUSE,59.69268899705675,149
2023-11-28T16:00:00Z,SOLAR,SOLAR,513.403357369403,1470
2023-11-28T16:00:00Z,WIND,WIND,1773.70329588311,4491
2023-11-28T17:00:00Z,COAL,COAL,799.5449331325955,820
2023-11-28T17:00:00Z,DUAL FUEL,DUAL FUEL,465.60221661037866,466
2023-11-28T17:00:00Z,ENERGY STORAGE,ENERGY STORAGE,-0.9837218199835884,170
2023-11-28T17:00:00Z,GAS,COGENERATION,4175.685283808443,5235
2023-11-28T17:00:00Z,GAS,COMBINED CYCLE,1693.9972500297758,3010
2023-11-28T17:00:00Z,GAS,GAS FIRED STEAM,957.984987212287,2609
2023-11-28T17:00:00Z,GAS,SIMPLE CYCLE,265.26852703796493,959
2023-11-28T17:00:00Z,HYDRO,HYDRO,147.41247588134473,894
2023-11-28T17:00:00Z,OTHER,BIOMASS,105.3706557337443,154
2023-11-28T17:00:00Z,OTHER,DUAL FUEL,11.941333185831706,20
2023-11-28T17:00:00Z,OTHER,GAS,0.12232541468408371,10
2023-11-28T17:00:00Z,OTHER,GAS COGEN,32.94433717462751,58
2023-11-28T17:00:00Z,OTHER,OIL/GAS,37.16807058758206,53
2023-11-28T17:00:00Z,OTHER,WOOD/REFUSE,59.249797366460164,149
2023-11-28T17:00:00Z,SOLAR,SOLAR,757.9012123752965,1470
2023-11-28T17:00:00Z,WIND,WIND,1538.9133322696844,4491
2023-11-28T18:00:00Z,COAL,COAL,797.5539283413357,820
2023-11-28T18:00:00Z,DUAL FUEL,DUAL FUEL,465.54671798706056,466
2023-11-28T18:00:00Z,ENERGY STORAGE,ENERGY STORAGE,1.6666730244954e-4,170
2023-11-28T18:00:00Z,GAS,COGENERATION,4155.150104699134,5235
2023-11-28T18:00:00Z,GAS,COMBINED CYCLE,1727.3200768942302,3010
2023-11-28T18:00:00Z,GAS,GAS FIRED STEAM,1056.3709035025702,2609
2023-11-28T18:00:00Z,GAS,SIMPLE CYCLE,291.01288526581396,959
2023-11-28T18:00:00Z,HYDRO,HYDRO,129.3436017844081,894
2023-11-28T18:00:00Z,OTHER,BIOMASS,104.19578492535484,154
2023-11-28T18:00:00Z,OTHER,DUAL FUEL,11.899999618530272,20
2023-11-28T18:00:00Z,OTHER,GAS,1.1999510526657104,10
2023-11-28T18:00:00Z,OTHER,GAS COGEN,33.093237987094454,58
2023-11-28T18:00:00Z,OTHER,OIL/GAS,37.55829405254788,53
2023-11-28T18:00:00Z,OTHER,WOOD/REFUSE,58.826617939737105,149
2023-11-28T18:00:00Z,SOLAR,SOLAR,723.2024442088605,1470
2023-11-28T18:00:00Z,WIND,WIND,1487.5684016220935,4491
2023-11-28T19:00:00Z,COAL,COAL,797.4224854024251,820
2023-11-28T19:00:00Z,DUAL FUEL,DUAL FUEL,465.42882683648,466
2023-11-28T19:00:00Z,ENERGY STORAGE,ENERGY STORAGE,-0.5106666066911486,170
2023-11-28T19:00:00Z,GAS,COGENERATION,4145.749475859006,5235
2023-11-28T19:00:00Z,GAS,COMBINED CYCLE,1721.3109749952953,3010
2023-11-28T19:00:00Z,GAS,GAS FIRED STEAM,1129.0563627200656,2609
2023-11-28T19:00:00Z,GAS,SIMPLE CYCLE,298.9200930341747,959
2023-11-28T19:00:00Z,HYDRO,HYDRO,147.89776785890263,894
2023-11-28T19:00:00Z,OTHER,BIOMASS,106.98091572708555,154
2023-11-28T19:00:00Z,OTHER,DUAL FUEL,12.06816649860806,20
2023-11-28T19:00:00Z,OTHER,GAS,1.1999510526657104,10
2023-11-28T19:00:00Z,OTHER,GAS COGEN,33.206800248357986,58
2023-11-28T19:00:00Z,OTHER,OIL/GAS,36.5233043607076,53
2023-11-28T19:00:00Z,OTHER,WOOD/REFUSE,57.146154866218566,149
2023-11-28T19:00:00Z,SOLAR,SOLAR,695.9768584434191,1470
2023-11-28T19:00:00Z,WIND,WIND,1447.4835691000148,4491
2023-11-28T20:00:00Z,COAL,COAL,799.1147095743815,820
2023-11-28T20:00:00Z,DUAL FUEL,DUAL FUEL,465.40266033596464,466
2023-11-28T20:00:00Z,ENERGY STORAGE,ENERGY STORAGE,0.00600002288818359,170
2023-11-28T20:00:00Z,GAS,COGENERATION,4139.299636255106,5235
2023-11-28T20:00:00Z,GAS,COMBINED CYCLE,1715.1926727851232,3010
2023-11-28T20:00:00Z,GAS,GAS FIRED STEAM,1138.759610226949,2609
2023-11-28T20:00:00Z,GAS,SIMPLE CYCLE,298.66471988572016,959
2023-11-28T20:00:00Z,HYDRO,HYDRO,130.42048331985043,894
2023-11-28T20:00:00Z,OTHER,BIOMASS,105.19180325614082,154
2023-11-28T20:00:00Z,OTHER,DUAL FUEL,12.36294427818722,20
2023-11-28T20:00:00Z,OTHER,GAS,1.1999510526657104,10
2023-11-28T20:00:00Z,OTHER,GAS COGEN,33.284547126558095,58
2023-11-28T20:00:00Z,OTHER,OIL/GAS,37.24991537306044,53
2023-11-28T20:00:00Z,OTHER,WOOD/REFUSE,57.55639558315278,149
2023-11-28T20:00:00Z,SOLAR,SOLAR,747.7281141431464,1470
2023-11-28T20:00:00Z,WIND,WIND,1436.6414369462595,4491
2023-11-28T21:00:00Z,COAL,COAL,799.5857653808595,820
2023-11-28T21:00:00Z,DUAL FUEL,DUAL FUEL,465.6178830295139,466
2023-11-28T21:00:00Z,ENERGY STORAGE,ENERGY STORAGE,0.00288889990912543,170
2023-11-28T21:00:00Z,GAS,COGENERATION,4127.08733260764,5235
2023-11-28T21:00:00Z,GAS,COMBINED CYCLE,1726.8410554795796,3010
2023-11-28T21:00:00Z,GAS,GAS FIRED STEAM,1192.0829103045994,2609
2023-11-28T21:00:00Z,GAS,SIMPLE CYCLE,300.26227562050025,959
2023-11-28T21:00:00Z,HYDRO,HYDRO,177.92977003306152,894
2023-11-28T21:00:00Z,OTHER,BIOMASS,105.15916477945116,154
2023-11-28T21:00:00Z,OTHER,DUAL FUEL,12.40199961980184,20
2023-11-28T21:00:00Z,OTHER,GAS,1.1999510526657104,10
2023-11-28T21:00:00Z,OTHER,GAS COGEN,33.261071570714314,58
2023-11-28T21:00:00Z,OTHER,OIL/GAS,37.33227059258355,53
2023-11-28T21:00:00Z,OTHER,WOOD/REFUSE,57.506782257821826,149
2023-11-28T21:00:00Z,SOLAR,SOLAR,704.8216819254557,1470
2023-11-28T21:00:00Z,WIND,WIND,1381.8880875608324,4491
2023-11-28T22:00:00Z,COAL,COAL,798.8147096591525,820
2023-11-28T22:00:00Z,DUAL FUEL,DUAL FUEL,465.77255043877494,466
2023-11-28T22:00:00Z,ENERGY STORAGE,ENERGY STORAGE,0.01594450208875866,170
2023-11-28T22:00:00Z,GAS,COGENERATION,4122.565752589702,5235
2023-11-28T22:00:00Z,GAS,COMBINED CYCLE,1760.8156325885984,3010
2023-11-28T22:00:00Z,GAS,GAS FIRED STEAM,1425.847260784573,2609
2023-11-28T22:00:00Z,GAS,SIMPLE CYCLE,316.2576081395977,959
2023-11-28T22:00:00Z,HYDRO,HYDRO,94.31366835526295,894
2023-11-28T22:00:00Z,OTHER,BIOMASS,107.87699250962999,154
2023-11-28T22:00:00Z,OTHER,DUAL FUEL,12.70833314789666,20
2023-11-28T22:00:00Z,OTHER,GAS,1.1999510526657104,10
2023-11-28T22:00:00Z,OTHER,GAS COGEN,32.83412833266788,58
2023-11-28T22:00:00Z,OTHER,OIL/GAS,37.483399386935766,53
2023-11-28T22:00:00Z,OTHER,WOOD/REFUSE,57.46368091901143,149
2023-11-28T22:00:00Z,SOLAR,SOLAR,290.1296540158821,1470
2023-11-28T22:00:00Z,WIND,WIND,1506.2852286661457,4491
2023-11-28T23:00:00Z,COAL,COAL,800.0685438537597,820
2023-11-28T23:00:00Z,DUAL FUEL,DUAL FUEL,465.8793831719293,466
2023-11-28T23:00:00Z,ENERGY STORAGE,ENERGY STORAGE,-0.5490552579032051,170
2023-11-28T23:00:00Z,GAS,COGENERATION,4132.022951565319,5235
2023-11-28T23:00:00Z,GAS,COMBINED CYCLE,1732.4781284973358,3010
2023-11-28T23:00:00Z,GAS,GAS FIRED STEAM,1626.126227484809,2609
2023-11-28T23:00:00Z,GAS,SIMPLE CYCLE,326.1199237543841,959
2023-11-28T23:00:00Z,HYDRO,HYDRO,185.25117090645762,894
2023-11-28T23:00:00Z,OTHER,BIOMASS,106.64441709041596,154
2023-11-28T23:00:00Z,OTHER,DUAL FUEL,12.886666594611274,20
2023-11-28T23:00:00Z,OTHER,GAS,1.5537843877739377,10
2023-11-28T23:00:00Z,OTHER,GAS COGEN,32.77182500892216,58
2023-11-28T23:00:00Z,OTHER,OIL/GAS,37.894360324011906,53
2023-11-28T23:00:00Z,OTHER,WOOD/REFUSE,58.49983015272352,149
2023-11-28T23:00:00Z,SOLAR,SOLAR,10.66755540602737,1470
2023-11-28T23:00:00Z,WIND,WIND,1773.360670398391,4491
2023-11-29T00:00:00Z,COAL,COAL,799.0939861721463,820
2023-11-29T00:00:00Z,DUAL FUEL,DUAL FUEL,465.8676049126519,466
2023-11-29T00:00:00Z,ENERGY STORAGE,ENERGY STORAGE,0.0042777940962049595,170
2023-11-29T00:00:00Z,GAS,COGENERATION,4129.30195889314,5235
2023-11-29T00:00:00Z,GAS,COMBINED CYCLE,1750.0038504658805,3010
2023-11-29T00:00:00Z,GAS,GAS FIRED STEAM,1740.4550487263998,2609
2023-11-29T00:00:00Z,GAS,SIMPLE CYCLE,358.1327631266912,959
2023-11-29T00:00:00Z,HYDRO,HYDRO,101.43503784404861,894
2023-11-29T00:00:00Z,OTHER,BIOMASS,109.50470188220342,154
2023-11-29T00:00:00Z,OTHER,DUAL FUEL,12.816222382121616,20
2023-11-29T00:00:00Z,OTHER,GAS,1.3002843842241498,10
2023-11-29T00:00:00Z,OTHER,GAS COGEN,37.531405028767054,58
2023-11-29T00:00:00Z,OTHER,OIL/GAS,38.20768205218845,53
2023-11-29T00:00:00Z,OTHER,WOOD/REFUSE,58.49785329712762,149
2023-11-29T00:00:00Z,SOLAR,SOLAR,0.48499998721811505,1470
2023-11-29T00:00:00Z,WIND,WIND,1957.8176097443245,4491
2023-11-29T01:00:00Z,COAL,COAL,798.7983206007216,820
2023-11-29T01:00:00Z,DUAL FUEL,DUAL FUEL,465.84166085137264,466
2023-11-29T01:00:00Z,ENERGY STORAGE,ENERGY STORAGE,0.0219445244471232,170
2023-11-29T01:00:00Z,GAS,COGENERATION,4126.974534746011,5235
2023-11-29T01:00:00Z,GAS,COMBINED CYCLE,1737.5911795637344,3010
2023-11-29T01:00:00Z,GAS,GAS FIRED STEAM,1695.586946428087,2609
2023-11-29T01:00:00Z,GAS,SIMPLE CYCLE,350.5305418682098,959
2023-11-29T01:00:00Z,HYDRO,HYDRO,109.08096885263919,894
2023-11-29T01:00:00Z,OTHER,BIOMASS,105.53096455732981,154
2023-11-29T01:00:00Z,OTHER,DUAL FUEL,12.809055727322896,20
2023-11-29T01:00:00Z,OTHER,GAS,1.1999510526657104,10
2023-11-29T01:00:00Z,OTHER,GAS COGEN,34.108196389940055,58
2023-11-29T01:00:00Z,OTHER,OIL/GAS,38.2147166633606,53
2023-11-29T01:00:00Z,OTHER,WOOD/REFUSE,58.88738195207384,149
2023-11-29T01:00:00Z,SOLAR,SOLAR,0.02949999921851688,1470
2023-11-29T01:00:00Z,WIND,WIND,2010.0944981929495,4491
2023-11-29T02:00:00Z,COAL,COAL,798.4919311523438,820
2023-11-29T02:00:00Z,DUAL FUEL,DUAL FUEL,465.9413269551595,466
2023-11-29T02:00:00Z,ENERGY STORAGE,ENERGY STORAGE,-5.5555767483181424e-5,170
2023-11-29T02:00:00Z,GAS,COGENERATION,4122.583945552508,5235
2023-11-29T02:00:00Z,GAS,COMBINED CYCLE,1781.2016096920438,3010
2023-11-29T02:00:00Z,GAS,GAS FIRED STEAM,1493.1171400197347,2609
2023-11-29T02:00:00Z,GAS,SIMPLE CYCLE,320.91762564682296,959
2023-11-29T02:00:00Z,HYDRO,HYDRO,131.7285152331988,894
2023-11-29T02:00:00Z,OTHER,BIOMASS,99.9469982345899,154
2023-11-29T02:00:00Z,OTHER,DUAL FUEL,12.93999998304579,20
2023-11-29T02:00:00Z,OTHER,GAS,1.1999510526657104,10
2023-11-29T02:00:00Z,OTHER,GAS COGEN,32.649824312527976,58
2023-11-29T02:00:00Z,OTHER,OIL/GAS,39.24596456739638,53
2023-11-29T02:00:00Z,OTHER,WOOD/REFUSE,57.591615768008765,149
2023-11-29T02:00:00Z,SOLAR,SOLAR,0,1470
2023-11-29T02:00:00Z,WIND,WIND,2061.520194207219,4491
2023-11-29T03:00:00Z,COAL,COAL,798.9060433281793,820
2023-11-29T03:00:00Z,DUAL FUEL,DUAL FUEL,465.9462150065104,466
2023-11-29T03:00:00Z,ENERGY STORAGE,ENERGY STORAGE,-0.05166686375935872,170
2023-11-29T03:00:00Z,GAS,COGENERATION,4124.331803498798,5235
2023-11-29T03:00:00Z,GAS,COMBINED CYCLE,1795.1316796535916,3010
2023-11-29T03:00:00Z,GAS,GAS FIRED STEAM,1500.716258629693,2609
2023-11-29T03:00:00Z,GAS,SIMPLE CYCLE,329.29968954596256,959
2023-11-29T03:00:00Z,HYDRO,HYDRO,136.4208525454998,894
2023-11-29T03:00:00Z,OTHER,BIOMASS,98.74401861084831,154
2023-11-29T03:00:00Z,OTHER,DUAL FUEL,5.876277740266588,20
2023-11-29T03:00:00Z,OTHER,GAS,1.1999510526657104,10
2023-11-29T03:00:00Z,OTHER,GAS COGEN,32.48164599100749,58
2023-11-29T03:00:00Z,OTHER,OIL/GAS,40.22346474117703,53
2023-11-29T03:00:00Z,OTHER,WOOD/REFUSE,57.978691516452365,149
2023-11-29T03:00:00Z,SOLAR,SOLAR,0,1470
2023-11-29T03:00:00Z,WIND,WIND,2086.1631562820285,4491
2023-11-29T04:00:00Z,COAL,COAL,799.4614892578124,820
2023-11-29T04:00:00Z,DUAL FUEL,DUAL FUEL,465.9027161831326,466
2023-11-29T04:00:00Z,ENERGY STORAGE,ENERGY STORAGE,-0.013333384195963539,170
2023-11-29T04:00:00Z,GAS,COGENERATION,4128.166802771357,5235
2023-11-29T04:00:00Z,GAS,COMBINED CYCLE,1679.4343197870255,3010
2023-11-29T04:00:00Z,GAS,GAS FIRED STEAM,1376.3568330044216,2609
2023-11-29T04:00:00Z,GAS,SIMPLE CYCLE,284.9958646461368,959
2023-11-29T04:00:00Z,HYDRO,HYDRO,128.28989303456413,894
2023-11-29T04:00:00Z,OTHER,BIOMASS,97.58442969136769,154
2023-11-29T04:00:00Z,OTHER,DUAL FUEL,11.103166353652874,20
2023-11-29T04:00:00Z,OTHER,GAS,1.1999510526657104,10
2023-11-29T04:00:00Z,OTHER,GAS COGEN,32.410609760814246,58
2023-11-29T04:00:00Z,OTHER,OIL/GAS,41.59579398685032,53
2023-11-29T04:00:00Z,OTHER,WOOD/REFUSE,57.365321198569404,149
2023-11-29T04:00:00Z,SOLAR,SOLAR,0,1470
2023-11-29T04:00:00Z,WIND,WIND,2146.1167542840044,4491
2023-11-29T05:00:00Z,COAL,COAL,800.0117637464734,820
2023-11-29T05:00:00Z,DUAL FUEL,DUAL FUEL,465.99238303290474,466
2023-11-29T05:00:00Z,ENERGY STORAGE,ENERGY STORAGE,-0.0033333460489908813,170
2023-11-29T05:00:00Z,GAS,COGENERATION,4136.253997688823,5235
2023-11-29T05:00:00Z,GAS,COMBINED CYCLE,1552.4505628914303,3010
2023-11-29T05:00:00Z,GAS,GAS FIRED STEAM,1254.7472303560046,2609
2023-11-29T05:00:00Z,GAS,SIMPLE CYCLE,277.92948209646676,959
2023-11-29T05:00:00Z,HYDRO,HYDRO,101.4716732219855,894
2023-11-29T05:00:00Z,OTHER,BIOMASS,100.4652065759235,154
2023-11-29T05:00:00Z,OTHER,DUAL FUEL,12.895555339389375,20
2023-11-29T05:00:00Z,OTHER,GAS,1.1999510526657104,10
2023-11-29T05:00:00Z,OTHER,GAS COGEN,32.505944924884375,58
2023-11-29T05:00:00Z,OTHER,OIL/GAS,41.83869926876492,53
2023-11-29T05:00:00Z,OTHER,WOOD/REFUSE,56.89470541689131,149
2023-11-29T05:00:00Z,SOLAR,SOLAR,0,1470
2023-11-29T05:00:00Z,WIND,WIND,2130.3621014917726,4491
2023-11-29T06:00:00Z,COAL,COAL,800.0060976494683,820
2023-11-29T06:00:00Z,DUAL FUEL,DUAL FUEL,465.9577164883084,466
2023-11-29T06:00:00Z,ENERGY STORAGE,ENERGY STORAGE,-2.5487207476298015,170
2023-11-29T06:00:00Z,GAS,COGENERATION,4123.537361850738,5235
2023-11-29T06:00:00Z,GAS,COMBINED CYCLE,1553.9478518507215,3010
2023-11-29T06:00:00Z,GAS,GAS FIRED STEAM,1248.8481424840293,2609
2023-11-29T06:00:00Z,GAS,SIMPLE CYCLE,234.21310939828555,959
2023-11-29T06:00:00Z,HYDRO,HYDRO,83.10616292922033,894
2023-11-29T06:00:00Z,OTHER,BIOMASS,101.73338625801934,154
2023-11-29T06:00:00Z,OTHER,DUAL FUEL,12.886888859536914,20
2023-11-29T06:00:00Z,OTHER,GAS,1.1999510526657104,10
2023-11-29T06:00:00Z,OTHER,GAS COGEN,32.5257492462794,58
2023-11-29T06:00:00Z,OTHER,OIL/GAS,41.7203825102912,53
2023-11-29T06:00:00Z,OTHER,WOOD/REFUSE,57.31475958029429,149
2023-11-29T06:00:00Z,SOLAR,SOLAR,-0.011390304317077,1470
2023-11-29T06:00:00Z,WIND,WIND,1992.8899571175832,4491
2023-11-29T07:00:00Z,COAL,COAL,799.1900978936089,820
2023-11-29T07:00:00Z,DUAL FUEL,DUAL FUEL,465.9763277689616,466
2023-11-29T07:00:00Z,ENERGY STORAGE,ENERGY STORAGE,-2.8525541422102187,170
2023-11-29T07:00:00Z,GAS,COGENERATION,4158.767043063641,5235
2023-11-29T07:00:00Z,GAS,COMBINED CYCLE,1519.1886146873899,3010
2023-11-29T07:00:00Z,GAS,GAS FIRED STEAM,962.1899089135064,2609
2023-11-29T07:00:00Z,GAS,SIMPLE CYCLE,172.14566444274453,959
2023-11-29T07:00:00Z,HYDRO,HYDRO,67.73356070088015,894
2023-11-29T07:00:00Z,OTHER,BIOMASS,101.9004564804501,154
2023-11-29T07:00:00Z,OTHER,DUAL FUEL,12.86294439792633,20
2023-11-29T07:00:00Z,OTHER,GAS,1.1999510526657104,10
2023-11-29T07:00:00Z,OTHER,GAS COGEN,32.466301797760856,58
2023-11-29T07:00:00Z,OTHER,OIL/GAS,42.01465534210205,53
2023-11-29T07:00:00Z,OTHER,WOOD/REFUSE,56.560583362579344,149
2023-11-29T07:00:00Z,SOLAR,SOLAR,-0.07353220126695104,1470
2023-11-29T07:00:00Z,WIND,WIND,2156.1998519191807,4491
2023-11-29T08:00:00Z,COAL,COAL,799.7861554633247,820
2023-11-29T08:00:00Z,DUAL FUEL,DUAL FUEL,465.98199393378366,466
2023-11-29T08:00:00Z,ENERGY STORAGE,ENERGY STORAGE,-3.638276415930854,170
2023-11-29T08:00:00Z,GAS,COGENERATION,4119.945523639521,5235
2023-11-29T08:00:00Z,GAS,COMBINED CYCLE,1475.2251116927464,3010
2023-11-29T08:00:00Z,GAS,GAS FIRED STEAM,791.7495998255412,2609
2023-11-29T08:00:00Z,GAS,SIMPLE CYCLE,69.77355416562821,959
2023-11-29T08:00:00Z,HYDRO,HYDRO,58.66777106265227,894
2023-11-29T08:00:00Z,OTHER,BIOMASS,103.21902933385637,154
2023-11-29T08:00:00Z,OTHER,DUAL FUEL,12.862166571617127,20
2023-11-29T08:00:00Z,OTHER,GAS,1.1999510526657104,10
2023-11-29T08:00:00Z,OTHER,GAS COGEN,32.49293324682448,58
2023-11-29T08:00:00Z,OTHER,OIL/GAS,42.68573749330309,53
2023-11-29T08:00:00Z,OTHER,WOOD/REFUSE,56.372004609107975,149
2023-11-29T08:00:00Z,SOLAR,SOLAR,-0.0109632584452629,1470
2023-11-29T08:00:00Z,WIND,WIND,2375.8013447127078,4491
2023-11-29T09:00:00Z,COAL,COAL,797.9201543680826,820
2023-11-29T09:00:00Z,DUAL FUEL,DUAL FUEL,465.9608274502224,466
2023-11-29T09:00:00Z,ENERGY STORAGE,ENERGY STORAGE,-3.6531653436024984,170
2023-11-29T09:00:00Z,GAS,COGENERATION,4064.787570420239,5235
2023-11-29T09:00:00Z,GAS,COMBINED CYCLE,1335.6585022947525,3010
2023-11-29T09:00:00Z,GAS,GAS FIRED STEAM,586.7498730044895,2609
2023-11-29T09:00:00Z,GAS,SIMPLE CYCLE,67.60988776948717,959
2023-11-29T09:00:00Z,HYDRO,HYDRO,68.85894004318449,894
2023-11-29T09:00:00Z,OTHER,BIOMASS,101.70939374976687,154
2023-11-29T09:00:00Z,OTHER,DUAL FUEL,12.913277829488118,20
2023-11-29T09:00:00Z,OTHER,GAS,1.1999510526657104,10
2023-11-29T09:00:00Z,OTHER,GAS COGEN,32.60104388078054,58
2023-11-29T09:00:00Z,OTHER,OIL/GAS,43.02139916314019,53
2023-11-29T09:00:00Z,OTHER,WOOD/REFUSE,57.023866046799554,149
2023-11-29T09:00:00Z,SOLAR,SOLAR,-0.02753042242593235,1470
2023-11-29T09:00:00Z,WIND,WIND,2727.659116395414,4491
2023-11-29T10:00:00Z,COAL,COAL,799.3985411410861,820
2023-11-29T10:00:00Z,DUAL FUEL,DUAL FUEL,465.90693756103514,466
2023-11-29T10:00:00Z,ENERGY STORAGE,ENERGY STORAGE,-4.058610234260559,170
2023-11-29T10:00:00Z,GAS,COGENERATION,4063.0204377969108,5235
2023-11-29T10:00:00Z,GAS,COMBINED CYCLE,1245.8712527836694,3010
2023-11-29T10:00:00Z,GAS,GAS FIRED STEAM,589.5652689488729,2609
2023-11-29T10:00:00Z,GAS,SIMPLE CYCLE,67.70866544299656,959
2023-11-29T10:00:00Z,HYDRO,HYDRO,80.82747339102957,894
2023-11-29T10:00:00Z,OTHER,BIOMASS,106.04604348871443,154
2023-11-29T10:00:00Z,OTHER,DUAL FUEL,12.977499996291266,20
2023-11-29T10:00:00Z,OTHER,GAS,1.1999510526657104,10
2023-11-29T10:00:00Z,OTHER,GAS COGEN,32.64456611209445,58
2023-11-29T10:00:00Z,OTHER,OIL/GAS,43.25030392964681,53
2023-11-29T10:00:00Z,OTHER,WOOD/REFUSE,57.11249812550015,149
2023-11-29T10:00:00Z,SOLAR,SOLAR,0,1470
2023-11-29T10:00:00Z,WIND,WIND,2838.368478083412,4491
2023-11-29T11:00:00Z,COAL,COAL,799.3567663743761,820
2023-11-29T11:00:00Z,DUAL FUEL,DUAL FUEL,465.9082711452908,466
2023-11-29T11:00:00Z,ENERGY STORAGE,ENERGY STORAGE,-4.186665471394857,170
2023-11-29T11:00:00Z,GAS,COGENERATION,4077.5493478524686,5235
2023-11-29T11:00:00Z,GAS,COMBINED CYCLE,1406.5719394042758,3010
2023-11-29T11:00:00Z,GAS,GAS FIRED STEAM,587.649377055698,2609
2023-11-29T11:00:00Z,GAS,SIMPLE CYCLE,67.84622124354044,959
2023-11-29T11:00:00Z,HYDRO,HYDRO,87.71822495447265,894
2023-11-29T11:00:00Z,OTHER,BIOMASS,106.21608535766602,154
2023-11-29T11:00:00Z,OTHER,DUAL FUEL,11.806666655540466,20
2023-11-29T11:00:00Z,OTHER,GAS,1.1999510526657104,10
2023-11-29T11:00:00Z,OTHER,GAS COGEN,32.656817452642656,58
2023-11-29T11:00:00Z,OTHER,OIL/GAS,43.40356004079183,53
2023-11-29T11:00:00Z,OTHER,WOOD/REFUSE,57.37201144006517,149
2023-11-29T11:00:00Z,SOLAR,SOLAR,0,1470
2023-11-29T11:00:00Z,WIND,WIND,2678.344305803246,4491
2023-11-29T12:00:00Z,COAL,COAL,798.4025393507216,820
2023-11-29T12:00:00Z,DUAL FUEL,DUAL FUEL,465.88104999118383,466
2023-11-29T12:00:00Z,ENERGY STORAGE,ENERGY STORAGE,-2.618276817533705,170
2023-11-29T12:00:00Z,GAS,COGENERATION,4132.1635837149615,5235
2023-11-29T12:00:00Z,GAS,COMBINED CYCLE,1555.2608086978066,3010
2023-11-29T12:00:00Z,GAS,GAS FIRED STEAM,694.3783817121717,2609
2023-11-29T12:00:00Z,GAS,SIMPLE CYCLE,102.88649845517345,959
2023-11-29T12:00:00Z,HYDRO,HYDRO,149.03029627700647,894
2023-11-29T12:00:00Z,OTHER,BIOMASS,105.35568726751539,154
2023-11-29T12:00:00Z,OTHER,DUAL FUEL,10.995833330684238,20
2023-11-29T12:00:00Z,OTHER,GAS,1.1999510526657104,10
2023-11-29T12:00:00Z,OTHER,GAS COGEN,32.54057437896729,58
2023-11-29T12:00:00Z,OTHER,OIL/GAS,42.92094294442071,53
2023-11-29T12:00:00Z,OTHER,WOOD/REFUSE,57.9698294438256,149
2023-11-29T12:00:00Z,SOLAR,SOLAR,0,1470
2023-11-29T12:00:00Z,WIND,WIND,2423.364845096022,4491
2023-11-29T13:00:00Z,COAL,COAL,798.8522656419543,820
2023-11-29T13:00:00Z,DUAL FUEL,DUAL FUEL,465.7583827887641,466
2023-11-29T13:00:00Z,ENERGY STORAGE,ENERGY STORAGE,-0.9006662877400717,170
2023-11-29T13:00:00Z,GAS,COGENERATION,4177.626678510772,5235
2023-11-29T13:00:00Z,GAS,COMBINED CYCLE,1738.1855347018773,3010
2023-11-29T13:00:00Z,GAS,GAS FIRED STEAM,1046.1472197765775,2609
2023-11-29T13:00:00Z,GAS,SIMPLE CYCLE,255.94444098108343,959
2023-11-29T13:00:00Z,HYDRO,HYDRO,119.22515796386533,894
2023-11-29T13:00:00Z,OTHER,BIOMASS,104.98559145927429,154
2023-11-29T13:00:00Z,OTHER,DUAL FUEL,10.995666663911608,20
2023-11-29T13:00:00Z,OTHER,GAS,1.1999510526657104,10
2023-11-29T13:00:00Z,OTHER,GAS COGEN,32.64913199954563,58
2023-11-29T13:00:00Z,OTHER,OIL/GAS,43.40547092225817,53
2023-11-29T13:00:00Z,OTHER,WOOD/REFUSE,56.69614866839515,149
2023-11-29T13:00:00Z,SOLAR,SOLAR,0,1470
2023-11-29T13:00:00Z,WIND,WIND,2059.6707595199514,4491
2023-11-29T14:00:00Z,COAL,COAL,798.7773754035102,820
2023-11-29T14:00:00Z,DUAL FUEL,DUAL FUEL,465.8496064249675,466
2023-11-29T14:00:00Z,ENERGY STORAGE,ENERGY STORAGE,-2.010499694082472,170
2023-11-29T14:00:00Z,GAS,COGENERATION,4184.412535471916,5235
2023-11-29T14:00:00Z,GAS,COMBINED CYCLE,1784.1896798647774,3010
2023-11-29T14:00:00Z,GAS,GAS FIRED STEAM,1286.740444310506,2609
2023-11-29T14:00:00Z,GAS,SIMPLE CYCLE,289.99844160854815,959
2023-11-29T14:00:00Z,HYDRO,HYDRO,172.0150897743139,894
2023-11-29T14:00:00Z,OTHER,BIOMASS,106.19145299699571,154
2023-11-29T14:00:00Z,OTHER,DUAL FUEL,11.196000088585748,20
2023-11-29T14:00:00Z,OTHER,GAS,1.1999510526657104,10
2023-11-29T14:00:00Z,OTHER,GAS COGEN,32.76254116747114,58
2023-11-29T14:00:00Z,OTHER,OIL/GAS,43.49131535847982,53
2023-11-29T14:00:00Z,OTHER,WOOD/REFUSE,57.01987352318234,149
2023-11-29T14:00:00Z,SOLAR,SOLAR,0.0015072892109553,1470
2023-11-29T14:00:00Z,WIND,WIND,1771.6463743089678,4491
2023-11-29T15:00:00Z,COAL,COAL,797.4332664998373,820
2023-11-29T15:00:00Z,DUAL FUEL,DUAL FUEL,465.6517707485623,466
2023-11-29T15:00:00Z,ENERGY STORAGE,ENERGY STORAGE,-0.009888926612006299,170
2023-11-29T15:00:00Z,GAS,COGENERATION,4189.8358015526665,5235
2023-11-29T15:00:00Z,GAS,COMBINED CYCLE,1807.9529724322424,3010
2023-11-29T15:00:00Z,GAS,GAS FIRED STEAM,1572.2221862708197,2609
2023-11-29T15:00:00Z,GAS,SIMPLE CYCLE,323.9644564246469,959
2023-11-29T15:00:00Z,HYDRO,HYDRO,183.57524752941396,894
2023-11-29T15:00:00Z,OTHER,BIOMASS,111.41042738808525,154
2023-11-29T15:00:00Z,OTHER,DUAL FUEL,12.000332934061689,20
2023-11-29T15:00:00Z,OTHER,GAS,1.1999510526657104,10
2023-11-29T15:00:00Z,OTHER,GAS COGEN,38.60470430903965,58
2023-11-29T15:00:00Z,OTHER,OIL/GAS,43.06817062166002,53
2023-11-29T15:00:00Z,OTHER,WOOD/REFUSE,57.74491395049625,149
2023-11-29T15:00:00Z,SOLAR,SOLAR,55.186356541630296,1470
2023-11-29T15:00:00Z,WIND,WIND,1490.037580310127,4491
2023-11-29T16:00:00Z,COAL,COAL,797.9676575385199,820
2023-11-29T16:00:00Z,DUAL FUEL,DUAL FUEL,465.6666039530437,466
2023-11-29T16:00:00Z,ENERGY STORAGE,ENERGY STORAGE,5.555576748318008e-5,170
2023-11-29T16:00:00Z,GAS,COGENERATION,4191.551402676901,5235
2023-11-29T16:00:00Z,GAS,COMBINED CYCLE,1782.6837581284842,3010
2023-11-29T16:00:00Z,GAS,GAS FIRED STEAM,1573.714102859497,2609
2023-11-29T16:00:00Z,GAS,SIMPLE CYCLE,350.9784881742133,959
2023-11-29T16:00:00Z,HYDRO,HYDRO,124.19341531636815,894
2023-11-29T16:00:00Z,OTHER,BIOMASS,116.32338826285468,154
2023-11-29T16:00:00Z,OTHER,DUAL FUEL,12.991777772903442,20
2023-11-29T16:00:00Z,OTHER,GAS,1.030173232422935,10
2023-11-29T16:00:00Z,OTHER,GAS COGEN,42.65842279434204,58
2023-11-29T16:00:00Z,OTHER,OIL/GAS,43.093709564208986,53
2023-11-29T16:00:00Z,OTHER,WOOD/REFUSE,58.37689435482025,149
2023-11-29T16:00:00Z,SOLAR,SOLAR,431.9006913712952,1470
2023-11-29T16:00:00Z,WIND,WIND,1368.7008098984097,4491
2023-11-29T17:00:00Z,COAL,COAL,798.8092101203071,820
2023-11-29T17:00:00Z,DUAL FUEL,DUAL FUEL,465.68538228352867,466
2023-11-29T17:00:00Z,ENERGY STORAGE,ENERGY STORAGE,7.7778074476453e-4,170
2023-11-29T17:00:00Z,GAS,COGENERATION,4183.149352782568,5235
2023-11-29T17:00:00Z,GAS,COMBINED CYCLE,1779.4980854007933,3010
2023-11-29T17:00:00Z,GAS,GAS FIRED STEAM,1434.635437672933,2609
2023-11-29T17:00:00Z,GAS,SIMPLE CYCLE,371.46065505938395,959
2023-11-29T17:00:00Z,HYDRO,HYDRO,146.86294549100103,894
2023-11-29T17:00:00Z,OTHER,BIOMASS,105.25158606423273,154
2023-11-29T17:00:00Z,OTHER,DUAL FUEL,13.38449960867564,20
2023-11-29T17:00:00Z,OTHER,GAS,1.0999510288238523,10
2023-11-29T17:00:00Z,OTHER,GAS COGEN,33.2523279009925,58
2023-11-29T17:00:00Z,OTHER,OIL/GAS,43.64900978512234,53
2023-11-29T17:00:00Z,OTHER,WOOD/REFUSE,58.27199908574422,149
2023-11-29T17:00:00Z,SOLAR,SOLAR,707.8009596342841,1470
2023-11-29T17:00:00Z,WIND,WIND,1311.3936279480697,4491
2023-11-29T18:00:00Z,COAL,COAL,799.4365988667805,820
2023-11-29T18:00:00Z,DUAL FUEL,DUAL FUEL,465.6017167154948,466
2023-11-29T18:00:00Z,ENERGY STORAGE,ENERGY STORAGE,-0.11633331722683377,170
2023-11-29T18:00:00Z,GAS,COGENERATION,4176.10246931182,5235
2023-11-29T18:00:00Z,GAS,COMBINED CYCLE,1772.8964945581224,3010
2023-11-29T18:00:00Z,GAS,GAS FIRED STEAM,1472.7085300869412,2609
2023-11-29T18:00:00Z,GAS,SIMPLE CYCLE,418.28397754291694,959
2023-11-29T18:00:00Z,HYDRO,HYDRO,130.99559618280992,894
2023-11-29T18:00:00Z,OTHER,BIOMASS,104.70418375651042,154
2023-11-29T18:00:00Z,OTHER,DUAL FUEL,13.102499429384867,20
2023-11-29T18:00:00Z,OTHER,GAS,1.0999510288238523,10
2023-11-29T18:00:00Z,OTHER,GAS COGEN,32.53284427960714,58
2023-11-29T18:00:00Z,OTHER,OIL/GAS,44.13523822996351,53
2023-11-29T18:00:00Z,OTHER,WOOD/REFUSE,55.8839081313875,149
2023-11-29T18:00:00Z,SOLAR,SOLAR,645.4333928597636,1470
2023-11-29T18:00:00Z,WIND,WIND,1193.8131885309103,4491
2023-11-29T19:00:00Z,COAL,COAL,798.564597015381,820
2023-11-29T19:00:00Z,DUAL FUEL,DUAL FUEL,465.6579938591851,466
2023-11-29T19:00:00Z,ENERGY STORAGE,ENERGY STORAGE,-0.2695554256439209,170
2023-11-29T19:00:00Z,GAS,COGENERATION,4182.913256573147,5235
2023-11-29T19:00:00Z,GAS,COMBINED CYCLE,1780.4642264164818,3010
2023-11-29T19:00:00Z,GAS,GAS FIRED STEAM,1618.5581530295476,2609
2023-11-29T19:00:00Z,GAS,SIMPLE CYCLE,432.2918750198682,959
2023-11-29T19:00:00Z,HYDRO,HYDRO,136.6990560487906,894
2023-11-29T19:00:00Z,OTHER,BIOMASS,106.09279861079322,154
2023-11-29T19:00:00Z,OTHER,DUAL FUEL,13.10938837316301,20
2023-11-29T19:00:00Z,OTHER,GAS,1.0999510288238523,10
2023-11-29T19:00:00Z,OTHER,GAS COGEN,32.59810423745049,58
2023-11-29T19:00:00Z,OTHER,OIL/GAS,43.902888429429794,53
2023-11-29T19:00:00Z,OTHER,WOOD/REFUSE,55.915940574010214,149
2023-11-29T19:00:00Z,SOLAR,SOLAR,496.5210921947824,1470
2023-11-29T19:00:00Z,WIND,WIND,1340.8706210411174,4491
2023-11-29T20:00:00Z,COAL,COAL,796.7204877726238,820
2023-11-29T20:00:00Z,DUAL FUEL,DUAL FUEL,465.67960367838543,466
2023-11-29T20:00:00Z,ENERGY STORAGE,ENERGY STORAGE,0.0053333536783854,170
2023-11-29T20:00:00Z,GAS,COGENERATION,4172.201075054804,5235
2023-11-29T20:00:00Z,GAS,COMBINED CYCLE,1814.8714335181978,3010
2023-11-29T20:00:00Z,GAS,GAS FIRED STEAM,1833.2403528398938,2609
2023-11-29T20:00:00Z,GAS,SIMPLE CYCLE,446.4565125776496,959
2023-11-29T20:00:00Z,HYDRO,HYDRO,115.17147107137573,894
2023-11-29T20:00:00Z,OTHER,BIOMASS,115.27413005722893,154
2023-11-29T20:00:00Z,OTHER,DUAL FUEL,13.12977740711636,20
2023-11-29T20:00:00Z,OTHER,GAS,1.0999510288238523,10
2023-11-29T20:00:00Z,OTHER,GAS COGEN,40.10702855481041,58
2023-11-29T20:00:00Z,OTHER,OIL/GAS,44.155526053110755,53
2023-11-29T20:00:00Z,OTHER,WOOD/REFUSE,56.58182257493337,149
2023-11-29T20:00:00Z,SOLAR,SOLAR,312.0793060176902,1470
2023-11-29T20:00:00Z,WIND,WIND,1455.69780569007,4491
2023-11-29T21:00:00Z,COAL,COAL,798.8450416564941,820
2023-11-29T21:00:00Z,DUAL FUEL,DUAL FUEL,465.6721590847439,466
2023-11-29T21:00:00Z,ENERGY STORAGE,ENERGY STORAGE,-0.3619444285498725,170
2023-11-29T21:00:00Z,GAS,COGENERATION,4163.128111663925,5235
2023-11-29T21:00:00Z,GAS,COMBINED CYCLE,1825.0664257733026,3010
2023-11-29T21:00:00Z,GAS,GAS FIRED STEAM,1700.493993004693,2609
2023-11-29T21:00:00Z,GAS,SIMPLE CYCLE,441.4304325878289,959
2023-11-29T21:00:00Z,HYDRO,HYDRO,168.46919290357167,894
2023-11-29T21:00:00Z,OTHER,BIOMASS,107.50863665103913,154
2023-11-29T21:00:00Z,OTHER,DUAL FUEL,13.136555295520358,20
2023-11-29T21:00:00Z,OTHER,GAS,1.0999510288238523,10
2023-11-29T21:00:00Z,OTHER,GAS COGEN,33.288918244043984,58
2023-11-29T21:00:00Z,OTHER,OIL/GAS,44.33726580513848,53
2023-11-29T21:00:00Z,OTHER,WOOD/REFUSE,56.6159865978029,149
2023-11-29T21:00:00Z,SOLAR,SOLAR,144.72048949109183,1470
2023-11-29T21:00:00Z,WIND,WIND,1590.7753078211595,4491
2023-11-29T22:00:00Z,COAL,COAL,798.3680458577473,820
2023-11-29T22:00:00Z,DUAL FUEL,DUAL FUEL,465.7063267008464,466
2023-11-29T22:00:00Z,ENERGY STORAGE,ENERGY STORAGE,-0.11044461674160427,170
2023-11-29T22:00:00Z,GAS,COGENERATION,4173.903202146954,5235
2023-11-29T22:00:00Z,GAS,COMBINED CYCLE,1811.7784096860887,3010
2023-11-29T22:00:00Z,GAS,GAS FIRED STEAM,1745.3592405870227,2609
2023-11-29T22:00:00Z,GAS,SIMPLE CYCLE,455.8523741490642,959
2023-11-29T22:00:00Z,HYDRO,HYDRO,131.68500828266144,894
2023-11-29T22:00:00Z,OTHER,BIOMASS,107.19213132487403,154
2023-11-29T22:00:00Z,OTHER,DUAL FUEL,13.109499433835348,20
2023-11-29T22:00:00Z,OTHER,GAS,1.0999510288238523,10
2023-11-29T22:00:00Z,OTHER,GAS COGEN,33.04283449490865,58
2023-11-29T22:00:00Z,OTHER,OIL/GAS,44.47859887229072,53
2023-11-29T22:00:00Z,OTHER,WOOD/REFUSE,57.31364791181352,149
2023-11-29T22:00:00Z,SOLAR,SOLAR,40.7782376053267,1470
2023-11-29T22:00:00Z,WIND,WIND,1605.740619955394,4491
2023-11-29T23:00:00Z,COAL,COAL,797.7319350009494,820
2023-11-29T23:00:00Z,DUAL FUEL,DUAL FUEL,465.5678278435601,466
2023-11-29T23:00:00Z,ENERGY STORAGE,ENERGY STORAGE,-0.10416686058044432,170
2023-11-29T23:00:00Z,GAS,COGENERATION,4178.548804235988,5235
2023-11-29T23:00:00Z,GAS,COMBINED CYCLE,1785.3179339414173,3010
2023-11-29T23:00:00Z,GAS,GAS FIRED STEAM,2038.731647872925,2609
2023-11-29T23:00:00Z,GAS,SIMPLE CYCLE,490.6827023841275,959
2023-11-29T23:00:00Z,HYDRO,HYDRO,169.9978514093409,894
2023-11-29T23:00:00Z,OTHER,BIOMASS,116.14883625189464,154
2023-11-29T23:00:00Z,OTHER,DUAL FUEL,13.399999618530272,20
2023-11-29T23:00:00Z,OTHER,GAS,1.0999510288238523,10
2023-11-29T23:00:00Z,OTHER,GAS COGEN,38.76177256266276,58
2023-11-29T23:00:00Z,OTHER,OIL/GAS,43.82718684514363,53
2023-11-29T23:00:00Z,OTHER,WOOD/REFUSE,57.33495258437262,149
2023-11-29T23:00:00Z,SOLAR,SOLAR,0.6074444167812665,1470
2023-11-29T23:00:00Z,WIND,WIND,1580.860609506882,4491
2023-11-30T00:00:00Z,COAL,COAL,813.4083198377821,820
2023-11-30T00:00:00Z,DUAL FUEL,DUAL FUEL,465.5273825412326,466
2023-11-30T00:00:00Z,ENERGY STORAGE,ENERGY STORAGE,-0.0844445006052653,170
2023-11-30T00:00:00Z,GAS,COGENERATION,4167.273274060355,5235
2023-11-30T00:00:00Z,GAS,COMBINED CYCLE,1776.1753400405248,3010
2023-11-30T00:00:00Z,GAS,GAS FIRED STEAM,1640.8222254435223,2609
2023-11-30T00:00:00Z,GAS,SIMPLE CYCLE,551.9223936975665,959
2023-11-30T00:00:00Z,HYDRO,HYDRO,183.13861145521204,894
2023-11-30T00:00:00Z,OTHER,BIOMASS,120.0565513616138,154
2023-11-30T00:00:00Z,OTHER,DUAL FUEL,13.39883295112186,20
2023-11-30T00:00:00Z,OTHER,GAS,1.105395471321212,10
2023-11-30T00:00:00Z,OTHER,GAS COGEN,45.69532190799713,58
2023-11-30T00:00:00Z,OTHER,OIL/GAS,43.61448183483547,53
2023-11-30T00:00:00Z,OTHER,WOOD/REFUSE,57.60270169628991,149
2023-11-30T00:00:00Z,SOLAR,SOLAR,0,1470
2023-11-30T00:00:00Z,WIND,WIND,1648.9366762543057,4491
2023-11-30T01:00:00Z,COAL,COAL,815.8143228149413,820
2023-11-30T01:00:00Z,DUAL FUEL,DUAL FUEL,465.4668272908529,466
2023-11-30T01:00:00Z,ENERGY STORAGE,ENERGY STORAGE,0,170
2023-11-30T01:00:00Z,GAS,COGENERATION,4170.260008178817,5235
2023-11-30T01:00:00Z,GAS,COMBINED CYCLE,1726.158732829624,3010
2023-11-30T01:00:00Z,GAS,GAS FIRED STEAM,1417.2423613823785,2609
2023-11-30T01:00:00Z,GAS,SIMPLE CYCLE,549.7892576262354,959
2023-11-30T01:00:00Z,HYDRO,HYDRO,168.28580574942958,894
2023-11-30T01:00:00Z,OTHER,BIOMASS,108.9389975476265,154
2023-11-30T01:00:00Z,OTHER,DUAL FUEL,13.39949961821238,20
2023-11-30T01:00:00Z,OTHER,GAS,1.2999509572982788,10
2023-11-30T01:00:00Z,OTHER,GAS COGEN,39.030623563130696,58
2023-11-30T01:00:00Z,OTHER,OIL/GAS,43.82067678663466,53
2023-11-30T01:00:00Z,OTHER,WOOD/REFUSE,56.602864251136765,149
2023-11-30T01:00:00Z,SOLAR,SOLAR,0,1470
2023-11-30T01:00:00Z,WIND,WIND,1625.3017698253857,4491
2023-11-30T02:00:00Z,COAL,COAL,815.176268480089,820
2023-11-30T02:00:00Z,DUAL FUEL,DUAL FUEL,465.6094372728136,466
2023-11-30T02:00:00Z,ENERGY STORAGE,ENERGY STORAGE,0,170
2023-11-30T02:00:00Z,GAS,COGENERATION,4198.088380813863,5235
2023-11-30T02:00:00Z,GAS,COMBINED CYCLE,1718.25876194742,3010
2023-11-30T02:00:00Z,GAS,GAS FIRED STEAM,1389.6149280929567,2609
2023-11-30T02:00:00Z,GAS,SIMPLE CYCLE,531.6772721953524,959
2023-11-30T02:00:00Z,HYDRO,HYDRO,197.16815534207555,894
2023-11-30T02:00:00Z,OTHER,BIOMASS,104.64076762199402,154
2023-11-30T02:00:00Z,OTHER,DUAL FUEL,13.49499960422516,20
2023-11-30T02:00:00Z,OTHER,GAS,1.252174013853073,10
2023-11-30T02:00:00Z,OTHER,GAS COGEN,33.86418952094184,58
2023-11-30T02:00:00Z,OTHER,OIL/GAS,43.891377438439264,53
2023-11-30T02:00:00Z,OTHER,WOOD/REFUSE,56.55298295974731,149
2023-11-30T02:00:00Z,SOLAR,SOLAR,0,1470
2023-11-30T02:00:00Z,WIND,WIND,1428.6341153584917,4491
2023-11-30T03:00:00Z,COAL,COAL,815.3352647738986,820
2023-11-30T03:00:00Z,DUAL FUEL,DUAL FUEL,465.599937693278,466
2023-11-30T03:00:00Z,ENERGY STORAGE,ENERGY STORAGE,-0.15216656578911675,170
2023-11-30T03:00:00Z,GAS,COGENERATION,4200.022205646303,5235
2023-11-30T03:00:00Z,GAS,COMBINED CYCLE,1798.8421352338792,3010
2023-11-30T03:00:00Z,GAS,GAS FIRED STEAM,1305.11931093004,2609
2023-11-30T03:00:00Z,GAS,SIMPLE CYCLE,456.4542231120666,959
2023-11-30T03:00:00Z,HYDRO,HYDRO,192.54263171222473,894
2023-11-30T03:00:00Z,OTHER,BIOMASS,105.18106426503924,154
2023-11-30T03:00:00Z,OTHER,DUAL FUEL,13.45933311621348,20
2023-11-30T03:00:00Z,OTHER,GAS,1.1999510526657104,10
2023-11-30T03:00:00Z,OTHER,GAS COGEN,34.08709717273712,58
2023-11-30T03:00:00Z,OTHER,OIL/GAS,43.75257712682088,53
2023-11-30T03:00:00Z,OTHER,WOOD/REFUSE,56.49656253443824,149
2023-11-30T03:00:00Z,SOLAR,SOLAR,0,1470
2023-11-30T03:00:00Z,WIND,WIND,1350.5309109196066,4491
2023-11-30T04:00:00Z,COAL,COAL,814.7348208448622,820
2023-11-30T04:00:00Z,DUAL FUEL,DUAL FUEL,465.59343811035154,466
2023-11-30T04:00:00Z,ENERGY STORAGE,ENERGY STORAGE,-1.5987215412987603,170
2023-11-30T04:00:00Z,GAS,COGENERATION,4180.532047507233,5235
2023-11-30T04:00:00Z,GAS,COMBINED CYCLE,1818.0343705394532,3010
2023-11-30T04:00:00Z,GAS,GAS FIRED STEAM,1289.9875286992392,2609
2023-11-30T04:00:00Z,GAS,SIMPLE CYCLE,412.58596979217396,959
2023-11-30T04:00:00Z,HYDRO,HYDRO,168.33756873283122,894
2023-11-30T04:00:00Z,OTHER,BIOMASS,104.00066521167754,154
2023-11-30T04:00:00Z,OTHER,DUAL FUEL,13.443221924040053,20
2023-11-30T04:00:00Z,OTHER,GAS,1.1999510526657104,10
2023-11-30T04:00:00Z,OTHER,GAS COGEN,34.24493158923255,58
2023-11-30T04:00:00Z,OTHER,OIL/GAS,43.78425904803806,53
2023-11-30T04:00:00Z,OTHER,WOOD/REFUSE,56.356455219056876,149
2023-11-30T04:00:00Z,SOLAR,SOLAR,0,1470
2023-11-30T04:00:00Z,WIND,WIND,1173.511088432769,4491
2023-11-30T05:00:00Z,COAL,COAL,814.4723200988769,820
2023-11-30T05:00:00Z,DUAL FUEL,DUAL FUEL,465.55538092719183,466
2023-11-30T05:00:00Z,ENERGY STORAGE,ENERGY STORAGE,-1.8993885050879584,170
2023-11-30T05:00:00Z,GAS,COGENERATION,4180.996366691589,5235
2023-11-30T05:00:00Z,GAS,COMBINED CYCLE,1832.0541331370673,3010
2023-11-30T05:00:00Z,GAS,GAS FIRED STEAM,1520.1577255164252,2609
2023-11-30T05:00:00Z,GAS,SIMPLE CYCLE,232.53163315888906,959
2023-11-30T05:00:00Z,HYDRO,HYDRO,164.1202748460902,894
2023-11-30T05:00:00Z,OTHER,BIOMASS,103.24924678961436,154
2023-11-30T05:00:00Z,OTHER,DUAL FUEL,13.593333106570771,20
2023-11-30T05:00:00Z,OTHER,GAS,1.1999510526657104,10
2023-11-30T05:00:00Z,OTHER,GAS COGEN,34.445502504242796,58
2023-11-30T05:00:00Z,OTHER,OIL/GAS,43.858004540337454,53
2023-11-30T05:00:00Z,OTHER,WOOD/REFUSE,56.36078711827596,149
2023-11-30T05:00:00Z,SOLAR,SOLAR,0.00147108617756101,1470
2023-11-30T05:00:00Z,WIND,WIND,1010.2986492154664,4491
2023-11-30T06:00:00Z,COAL,COAL,815.2886552937825,820
2023-11-30T06:00:00Z,DUAL FUEL,DUAL FUEL,465.6114374118381,466
2023-11-30T06:00:00Z,ENERGY STORAGE,ENERGY STORAGE,-1.6975552092658148,170
2023-11-30T06:00:00Z,GAS,COGENERATION,4177.5286123143305,5235
2023-11-30T06:00:00Z,GAS,COMBINED CYCLE,1737.8709034310446,3010
2023-11-30T06:00:00Z,GAS,GAS FIRED STEAM,1586.9238511742487,2609
2023-11-30T06:00:00Z,GAS,SIMPLE CYCLE,237.76472916250427,959
2023-11-30T06:00:00Z,HYDRO,HYDRO,107.31130363796319,894
2023-11-30T06:00:00Z,OTHER,BIOMASS,117.93278852356804,154
2023-11-30T06:00:00Z,OTHER,DUAL FUEL,13.589166287846036,20
2023-11-30T06:00:00Z,OTHER,GAS,1.1999510526657104,10
2023-11-30T06:00:00Z,OTHER,GAS COGEN,44.36654871993595,58
2023-11-30T06:00:00Z,OTHER,OIL/GAS,43.53767649332682,53
2023-11-30T06:00:00Z,OTHER,WOOD/REFUSE,57.54066576162974,149
2023-11-30T06:00:00Z,SOLAR,SOLAR,0.03108042743470934,1470
2023-11-30T06:00:00Z,WIND,WIND,887.9876109954052,4491
2023-11-30T07:00:00Z,COAL,COAL,816.0938795301649,820
2023-11-30T07:00:00Z,DUAL FUEL,DUAL FUEL,465.59027133517793,466
2023-11-30T07:00:00Z,ENERGY STORAGE,ENERGY STORAGE,0.0047777933544582716,170
2023-11-30T07:00:00Z,GAS,COGENERATION,4193.5252624330915,5235
2023-11-30T07:00:00Z,GAS,COMBINED CYCLE,1788.1943729188706,3010
2023-11-30T07:00:00Z,GAS,GAS FIRED STEAM,1663.135914018419,2609
2023-11-30T07:00:00Z,GAS,SIMPLE CYCLE,265.67361317682185,959
2023-11-30T07:00:00Z,HYDRO,HYDRO,109.54502156125174,894
2023-11-30T07:00:00Z,OTHER,BIOMASS,121.43695877552032,154
2023-11-30T07:00:00Z,OTHER,DUAL FUEL,13.658888772328694,20
2023-11-30T07:00:00Z,OTHER,GAS,1.1999510526657104,10
2023-11-30T07:00:00Z,OTHER,GAS COGEN,47.40136741850111,58
2023-11-30T07:00:00Z,OTHER,OIL/GAS,44.13851546181573,53
2023-11-30T07:00:00Z,OTHER,WOOD/REFUSE,57.09593476719327,149
2023-11-30T07:00:00Z,SOLAR,SOLAR,0.02064416085680326,1470
2023-11-30T07:00:00Z,WIND,WIND,739.2429696337051,4491
2023-11-30T08:00:00Z,COAL,COAL,813.8637093777127,820
2023-11-30T08:00:00Z,DUAL FUEL,DUAL FUEL,465.6258256700304,466
2023-11-30T08:00:00Z,ENERGY STORAGE,ENERGY STORAGE,0.01611116409301757,170
2023-11-30T08:00:00Z,GAS,COGENERATION,4203.885007154346,5235
2023-11-30T08:00:00Z,GAS,COMBINED CYCLE,1799.2457098748948,3010
2023-11-30T08:00:00Z,GAS,GAS FIRED STEAM,1680.5550887129043,2609
2023-11-30T08:00:00Z,GAS,SIMPLE CYCLE,277.27691684616934,959
2023-11-30T08:00:00Z,HYDRO,HYDRO,129.94764194558064,894
2023-11-30T08:00:00Z,OTHER,BIOMASS,122.38746526930068,154
2023-11-30T08:00:00Z,OTHER,DUAL FUEL,13.658888550334506,20
2023-11-30T08:00:00Z,OTHER,GAS,1.1999510526657104,10
2023-11-30T08:00:00Z,OTHER,GAS COGEN,47.26009988678827,58
2023-11-30T08:00:00Z,OTHER,OIL/GAS,44.03279849158393,53
2023-11-30T08:00:00Z,OTHER,WOOD/REFUSE,57.31973974863688,149
2023-11-30T08:00:00Z,SOLAR,SOLAR,0,1470
2023-11-30T08:00:00Z,WIND,WIND,552.162943557981,4491
2023-11-30T09:00:00Z,COAL,COAL,814.476485748291,820
2023-11-30T09:00:00Z,DUAL FUEL,DUAL FUEL,465.612827351888,466
2023-11-30T09:00:00Z,ENERGY STORAGE,ENERGY STORAGE,0.00133333841959635,170
2023-11-30T09:00:00Z,GAS,COGENERATION,4214.048583692047,5235
2023-11-30T09:00:00Z,GAS,COMBINED CYCLE,1799.5661906671523,3010
2023-11-30T09:00:00Z,GAS,GAS FIRED STEAM,1675.9478851911756,2609
2023-11-30T09:00:00Z,GAS,SIMPLE CYCLE,272.546845451196,959
2023-11-30T09:00:00Z,HYDRO,HYDRO,126.87490466157595,894
2023-11-30T09:00:00Z,OTHER,BIOMASS,119.45425494299995,154
2023-11-30T09:00:00Z,OTHER,DUAL FUEL,13.792277512550356,20
2023-11-30T09:00:00Z,OTHER,GAS,1.1999510526657104,10
2023-11-30T09:00:00Z,OTHER,GAS COGEN,47.05368652661642,58
2023-11-30T09:00:00Z,OTHER,OIL/GAS,43.601477233039006,53
2023-11-30T09:00:00Z,OTHER,WOOD/REFUSE,58.18062584982978,149
2023-11-30T09:00:00Z,SOLAR,SOLAR,0.0325890911784437,1470
2023-11-30T09:00:00Z,WIND,WIND,400.71042220841264,4491
2023-11-30T10:00:00Z,COAL,COAL,815.9172654893664,820
2023-11-30T10:00:00Z,DUAL FUEL,DUAL FUEL,465.5987144978841,466
2023-11-30T10:00:00Z,ENERGY STORAGE,ENERGY STORAGE,0.0018888960944281599,170
2023-11-30T10:00:00Z,GAS,COGENERATION,4215.377136695517,5235
2023-11-30T10:00:00Z,GAS,COMBINED CYCLE,1791.8843493726517,3010
2023-11-30T10:00:00Z,GAS,GAS FIRED STEAM,1663.6853994666205,2609
2023-11-30T10:00:00Z,GAS,SIMPLE CYCLE,271.3325065558486,959
2023-11-30T10:00:00Z,HYDRO,HYDRO,139.43892045034303,894
2023-11-30T10:00:00Z,OTHER,BIOMASS,119.82618276860978,154
2023-11-30T10:00:00Z,OTHER,DUAL FUEL,13.798166856235929,20
2023-11-30T10:00:00Z,OTHER,GAS,1.1999510526657104,10
2023-11-30T10:00:00Z,OTHER,GAS COGEN,46.65100464714898,58
2023-11-30T10:00:00Z,OTHER,OIL/GAS,43.76962159474691,53
2023-11-30T10:00:00Z,OTHER,WOOD/REFUSE,58.390363699595135,149
2023-11-30T10:00:00Z,SOLAR,SOLAR,0.00134678623742527,1470
2023-11-30T10:00:00Z,WIND,WIND,344.7724227254589,4491
2023-11-30T11:00:00Z,COAL,COAL,815.2661528015136,820
2023-11-30T11:00:00Z,DUAL FUEL,DUAL FUEL,465.5463819376628,466
2023-11-30T11:00:00Z,ENERGY STORAGE,ENERGY STORAGE,5.5555767483181e-4,170
2023-11-30T11:00:00Z,GAS,COGENERATION,4218.633258728054,5235
2023-11-30T11:00:00Z,GAS,COMBINED CYCLE,1638.1667861620585,3010
2023-11-30T11:00:00Z,GAS,GAS FIRED STEAM,1597.1459797128043,2609
2023-11-30T11:00:00Z,GAS,SIMPLE CYCLE,262.5765340529589,959
2023-11-30T11:00:00Z,HYDRO,HYDRO,91.99403349373075,894
2023-11-30T11:00:00Z,OTHER,BIOMASS,110.96878946754667,154
2023-11-30T11:00:00Z,OTHER,DUAL FUEL,13.773777843051487,20
2023-11-30T11:00:00Z,OTHER,GAS,1.1999510526657104,10
2023-11-30T11:00:00Z,OTHER,GAS COGEN,42.39899042235481,58
2023-11-30T11:00:00Z,OTHER,OIL/GAS,44.01008815129598,53
2023-11-30T11:00:00Z,OTHER,WOOD/REFUSE,58.137136006355284,149
2023-11-30T11:00:00Z,SOLAR,SOLAR,0,1470
2023-11-30T11:00:00Z,WIND,WIND,320.4439830558416,4491
2023-11-30T12:00:00Z,COAL,COAL,814.8075429958767,820
2023-11-30T12:00:00Z,DUAL FUEL,DUAL FUEL,465.5876603868273,466
2023-11-30T12:00:00Z,ENERGY STORAGE,ENERGY STORAGE,0.00183334032694498,170
2023-11-30T12:00:00Z,GAS,COGENERATION,4220.6087970472045,5235
2023-11-30T12:00:00Z,GAS,COMBINED CYCLE,1747.7353659963608,3010
2023-11-30T12:00:00Z,GAS,GAS FIRED STEAM,1621.4474692757924,2609
2023-11-30T12:00:00Z,GAS,SIMPLE CYCLE,259.52010480460194,959
2023-11-30T12:00:00Z,HYDRO,HYDRO,133.13797369148995,894
2023-11-30T12:00:00Z,OTHER,BIOMASS,119.51345422003006,154
2023-11-30T12:00:00Z,OTHER,DUAL FUEL,13.747111039691502,20
2023-11-30T12:00:00Z,OTHER,GAS,1.1999510526657104,10
2023-11-30T12:00:00Z,OTHER,GAS COGEN,46.256285795105825,58
2023-11-30T12:00:00Z,OTHER,OIL/GAS,43.71333691491021,53
2023-11-30T12:00:00Z,OTHER,WOOD/REFUSE,58.2206596077813,149
2023-11-30T12:00:00Z,SOLAR,SOLAR,-0.6351024062269264,1470
2023-11-30T12:00:00Z,WIND,WIND,316.2432454708384,4491
2023-11-30T13:00:00Z,COAL,COAL,815.2916524759928,820
2023-11-30T13:00:00Z,DUAL FUEL,DUAL FUEL,465.5863259039985,466
2023-11-30T13:00:00Z,ENERGY STORAGE,ENERGY STORAGE,0.01133337550693088,170
2023-11-30T13:00:00Z,GAS,COGENERATION,4227.437450384697,5235
2023-11-30T13:00:00Z,GAS,COMBINED CYCLE,1798.2870577637354,3010
2023-11-30T13:00:00Z,GAS,GAS FIRED STEAM,1718.2432010205587,2609
2023-11-30T13:00:00Z,GAS,SIMPLE CYCLE,271.9495453751377,959
2023-11-30T13:00:00Z,HYDRO,HYDRO,184.47387333232496,894
2023-11-30T13:00:00Z,OTHER,BIOMASS,121.91892834504445,154
2023-11-30T13:00:00Z,OTHER,DUAL FUEL,13.738499825265672,20
2023-11-30T13:00:00Z,OTHER,GAS,1.1999510526657104,10
2023-11-30T13:00:00Z,OTHER,GAS COGEN,46.22403095510271,58
2023-11-30T13:00:00Z,OTHER,OIL/GAS,43.41448814604018,53
2023-11-30T13:00:00Z,OTHER,WOOD/REFUSE,58.70100749280718,149
2023-11-30T13:00:00Z,SOLAR,SOLAR,-0.8500259076224433,1470
2023-11-30T13:00:00Z,WIND,WIND,289.4941854915561,4491
2023-11-30T14:00:00Z,COAL,COAL,813.6271000840928,820
2023-11-30T14:00:00Z,DUAL FUEL,DUAL FUEL,465.5663839552138,466
2023-11-30T14:00:00Z,ENERGY STORAGE,ENERGY STORAGE,6.6666920979817e-4,170
2023-11-30T14:00:00Z,GAS,COGENERATION,4249.064490454064,5235
2023-11-30T14:00:00Z,GAS,COMBINED CYCLE,1812.5533036412132,3010
2023-11-30T14:00:00Z,GAS,GAS FIRED STEAM,1750.1359097777472,2609
2023-11-30T14:00:00Z,GAS,SIMPLE CYCLE,508.62521410612595,959
2023-11-30T14:00:00Z,HYDRO,HYDRO,167.11261255833838,894
2023-11-30T14:00:00Z,OTHER,BIOMASS,124.52916660679712,154
2023-11-30T14:00:00Z,OTHER,DUAL FUEL,13.820499705738492,20
2023-11-30T14:00:00Z,OTHER,GAS,1.1999510526657104,10
2023-11-30T14:00:00Z,OTHER,GAS COGEN,46.20855744467841,58
2023-11-30T14:00:00Z,OTHER,OIL/GAS,44.0102987798055,53
2023-11-30T14:00:00Z,OTHER,WOOD/REFUSE,59.25589111857944,149
2023-11-30T14:00:00Z,SOLAR,SOLAR,0,1470
2023-11-30T14:00:00Z,WIND,WIND,240.14758018246542,4491
2023-11-30T15:00:00Z,COAL,COAL,813.7903785705566,820
2023-11-30T15:00:00Z,DUAL FUEL,DUAL FUEL,465.56638309054904,466
2023-11-30T15:00:00Z,ENERGY STORAGE,ENERGY STORAGE,0.00133333735995822,170
2023-11-30T15:00:00Z,GAS,COGENERATION,4228.927482418484,5235
2023-11-30T15:00:00Z,GAS,COMBINED CYCLE,1822.3519444794126,3010
2023-11-30T15:00:00Z,GAS,GAS FIRED STEAM,1665.7593396759032,2609
2023-11-30T15:00:00Z,GAS,SIMPLE CYCLE,556.8641477510664,959
2023-11-30T15:00:00Z,HYDRO,HYDRO,197.28702719330786,894
2023-11-30T15:00:00Z,OTHER,BIOMASS,120.91561011685266,154
2023-11-30T15:00:00Z,OTHER,DUAL FUEL,13.809222345352174,20
2023-11-30T15:00:00Z,OTHER,GAS,1.1999510526657104,10
2023-11-30T15:00:00Z,OTHER,GAS COGEN,46.00821700837877,58
2023-11-30T15:00:00Z,OTHER,OIL/GAS,43.597777434455026,53
2023-11-30T15:00:00Z,OTHER,WOOD/REFUSE,59.39610390027365,149
2023-11-30T15:00:00Z,SOLAR,SOLAR,12.200277552223868,1470
2023-11-30T15:00:00Z,WIND,WIND,210.16221666278938,4491
2023-11-30T16:00:00Z,COAL,COAL,815.8853225877549,820
2023-11-30T16:00:00Z,DUAL FUEL,DUAL FUEL,465.62754853990344,466
2023-11-30T16:00:00Z,ENERGY STORAGE,ENERGY STORAGE,0.00383334795633951,170
2023-11-30T16:00:00Z,GAS,COGENERATION,4252.570882201725,5235
2023-11-30T16:00:00Z,GAS,COMBINED CYCLE,1837.6008765824636,3010
2023-11-30T16:00:00Z,GAS,GAS FIRED STEAM,1756.6649635565282,2609
2023-11-30T16:00:00Z,GAS,SIMPLE CYCLE,507.4206318647332,959
2023-11-30T16:00:00Z,HYDRO,HYDRO,200.05845915079115,894
2023-11-30T16:00:00Z,OTHER,BIOMASS,125.05359804312388,154
2023-11-30T16:00:00Z,OTHER,DUAL FUEL,13.921222098668416,20
2023-11-30T16:00:00Z,OTHER,GAS,1.1999510526657104,10
2023-11-30T16:00:00Z,OTHER,GAS COGEN,45.859008683098686,58
2023-11-30T16:00:00Z,OTHER,OIL/GAS,43.703866187201605,53
2023-11-30T16:00:00Z,OTHER,WOOD/REFUSE,59.80187959141201,149
2023-11-30T16:00:00Z,SOLAR,SOLAR,116.06178162405888,1470
2023-11-30T16:00:00Z,WIND,WIND,189.58448931949835,4491
2023-11-30T17:00:00Z,COAL,COAL,815.3450996738011,820
2023-11-30T17:00:00Z,DUAL FUEL,DUAL FUEL,465.7296046786838,466
2023-11-30T17:00:00Z,ENERGY STORAGE,ENERGY STORAGE,7.7778074476453e-4,170
2023-11-30T17:00:00Z,GAS,COGENERATION,4264.1105284370315,5235
2023-11-30T17:00:00Z,GAS,COMBINED CYCLE,1836.7615411456427,3010
2023-11-30T17:00:00Z,GAS,GAS FIRED STEAM,1467.7250014326307,2609
2023-11-30T17:00:00Z,GAS,SIMPLE CYCLE,458.19027999242144,959
2023-11-30T17:00:00Z,HYDRO,HYDRO,218.19404639522236,894
2023-11-30T17:00:00Z,OTHER,BIOMASS,127.33454383002388,154
2023-11-30T17:00:00Z,OTHER,DUAL FUEL,13.763500167528788,20
2023-11-30T17:00:00Z,OTHER,GAS,1.1999510526657104,10
2023-11-30T17:00:00Z,OTHER,GAS COGEN,45.909215189615885,58
2023-11-30T17:00:00Z,OTHER,OIL/GAS,44.096737181345624,53
2023-11-30T17:00:00Z,OTHER,WOOD/REFUSE,59.64449801127115,149
2023-11-30T17:00:00Z,SOLAR,SOLAR,241.3431992369559,1470
2023-11-30T17:00:00Z,WIND,WIND,138.04069944481054,4491
2023-11-30T18:00:00Z,COAL,COAL,815.4004302978515,820
2023-11-30T18:00:00Z,DUAL FUEL,DUAL FUEL,465.6687718539768,466
2023-11-30T18:00:00Z,ENERGY STORAGE,ENERGY STORAGE,-2.2222306993272e-4,170
2023-11-30T18:00:00Z,GAS,COGENERATION,4249.748796785805,5235
2023-11-30T18:00:00Z,GAS,COMBINED CYCLE,1838.9463536543317,3010
2023-11-30T18:00:00Z,GAS,GAS FIRED STEAM,1424.621235923767,2609
2023-11-30T18:00:00Z,GAS,SIMPLE CYCLE,452.10498781005543,959
2023-11-30T18:00:00Z,HYDRO,HYDRO,191.5913109811147,894
2023-11-30T18:00:00Z,OTHER,BIOMASS,125.25565507200031,154
2023-11-30T18:00:00Z,OTHER,DUAL FUEL,13.661000102361044,20
2023-11-30T18:00:00Z,OTHER,GAS,1.1999510526657104,10
2023-11-30T18:00:00Z,OTHER,GAS COGEN,45.724316885206434,58
2023-11-30T18:00:00Z,OTHER,OIL/GAS,44.1798926671346,53
2023-11-30T18:00:00Z,OTHER,WOOD/REFUSE,59.22488811280992,149
2023-11-30T18:00:00Z,SOLAR,SOLAR,341.38564045687514,1470
2023-11-30T18:00:00Z,WIND,WIND,74.58690235155325,4491
2023-11-30T19:00:00Z,COAL,COAL,813.9573208787706,820
2023-11-30T19:00:00Z,DUAL FUEL,DUAL FUEL,465.6604392157661,466
2023-11-30T19:00:00Z,ENERGY STORAGE,ENERGY STORAGE,0,170
2023-11-30T19:00:00Z,GAS,COGENERATION,4246.104092551603,5235
2023-11-30T19:00:00Z,GAS,COMBINED CYCLE,1819.6529451009962,3010
2023-11-30T19:00:00Z,GAS,GAS FIRED STEAM,1397.3631222576566,2609
2023-11-30T19:00:00Z,GAS,SIMPLE CYCLE,456.3645653471682,959
2023-11-30T19:00:00Z,HYDRO,HYDRO,137.88570139726002,894
2023-11-30T19:00:00Z,OTHER,BIOMASS,123.1418381187651,154
2023-11-30T19:00:00Z,OTHER,DUAL FUEL,13.5,20
2023-11-30T19:00:00Z,OTHER,GAS,1.1999510526657104,10
2023-11-30T19:00:00Z,OTHER,GAS COGEN,42.457019469473096,58
2023-11-30T19:00:00Z,OTHER,OIL/GAS,43.44211562686496,53
2023-11-30T19:00:00Z,OTHER,WOOD/REFUSE,58.83017368422614,149
2023-11-30T19:00:00Z,SOLAR,SOLAR,444.05118956238033,1470
2023-11-30T19:00:00Z,WIND,WIND,63.135009397524925,4491
2023-11-30T20:00:00Z,COAL,COAL,815.2201536729601,820
2023-11-30T20:00:00Z,DUAL FUEL,DUAL FUEL,465.68021564059785,466
2023-11-30T20:00:00Z,ENERGY STORAGE,ENERGY STORAGE,-5.5555767483181424e-5,170
2023-11-30T20:00:00Z,GAS,COGENERATION,4240.293201683362,5235
2023-11-30T20:00:00Z,GAS,COMBINED CYCLE,1823.8944742170968,3010
2023-11-30T20:00:00Z,GAS,GAS FIRED STEAM,1352.598346939087,2609
2023-11-30T20:00:00Z,GAS,SIMPLE CYCLE,436.73167400233444,959
2023-11-30T20:00:00Z,HYDRO,HYDRO,145.89042830930816,894
2023-11-30T20:00:00Z,OTHER,BIOMASS,117.56395658810933,154
2023-11-30T20:00:00Z,OTHER,DUAL FUEL,13.392833265198602,20
2023-11-30T20:00:00Z,OTHER,GAS,1.1999510526657104,10
2023-11-30T20:00:00Z,OTHER,GAS COGEN,40.50713871055179,58
2023-11-30T20:00:00Z,OTHER,OIL/GAS,42.929748689863416,53
2023-11-30T20:00:00Z,OTHER,WOOD/REFUSE,59.422465845214,149
2023-11-30T20:00:00Z,SOLAR,SOLAR,582.3881732929415,1470
2023-11-30T20:00:00Z,WIND,WIND,49.38988927857329,4491
2023-11-30T21:00:00Z,COAL,COAL,816.122766977946,820
2023-11-30T21:00:00Z,DUAL FUEL,DUAL FUEL,465.57404758029514,466
2023-11-30T21:00:00Z,ENERGY STORAGE,ENERGY STORAGE,0.00361112488640679,170
2023-11-30T21:00:00Z,GAS,COGENERATION,4244.044624261459,5235
2023-11-30T21:00:00Z,GAS,COMBINED CYCLE,1811.079612634447,3010
2023-11-30T21:00:00Z,GAS,GAS FIRED STEAM,1371.4791614553665,2609
2023-11-30T21:00:00Z,GAS,SIMPLE CYCLE,446.9207705556601,959
2023-11-30T21:00:00Z,HYDRO,HYDRO,175.9804840773675,894
2023-11-30T21:00:00Z,OTHER,BIOMASS,124.14275435765585,154
2023-11-30T21:00:00Z,OTHER,DUAL FUEL,13.242333169513278,20
2023-11-30T21:00:00Z,OTHER,GAS,1.1999510526657104,10
2023-11-30T21:00:00Z,OTHER,GAS COGEN,46.10038364039527,58
2023-11-30T21:00:00Z,OTHER,OIL/GAS,43.48947602589925,53
2023-11-30T21:00:00Z,OTHER,WOOD/REFUSE,59.84368859450022,149
2023-11-30T21:00:00Z,SOLAR,SOLAR,509.98129918929607,1470
2023-11-30T21:00:00Z,WIND,WIND,50.94423465459297,4491
2023-11-30T22:00:00Z,COAL,COAL,815.2912679545085,820
2023-11-30T22:00:00Z,DUAL FUEL,DUAL FUEL,465.57777131822377,466
2023-11-30T22:00:00Z,ENERGY STORAGE,ENERGY STORAGE,0.009666700363159171,170
2023-11-30T22:00:00Z,GAS,COGENERATION,4242.85037597047,5235
2023-11-30T22:00:00Z,GAS,COMBINED CYCLE,1833.0260568300882,3010
2023-11-30T22:00:00Z,GAS,GAS FIRED STEAM,1436.833593495687,2609
2023-11-30T22:00:00Z,GAS,SIMPLE CYCLE,465.34638020806847,959
2023-11-30T22:00:00Z,HYDRO,HYDRO,289.82706335153847,894
2023-11-30T22:00:00Z,OTHER,BIOMASS,125.21120008733538,154
2023-11-30T22:00:00Z,OTHER,DUAL FUEL,13.199999809265137,20
2023-11-30T22:00:00Z,OTHER,GAS,1.4565989275773366,10
2023-11-30T22:00:00Z,OTHER,GAS COGEN,46.13843086666532,58
2023-11-30T22:00:00Z,OTHER,OIL/GAS,42.987771360609266,53
2023-11-30T22:00:00Z,OTHER,WOOD/REFUSE,59.76715761873457,149
2023-11-30T22:00:00Z,SOLAR,SOLAR,211.69751903315384,1470
2023-11-30T22:00:00Z,WIND,WIND,61.23281199556258,4491
2023-11-30T23:00:00Z,COAL,COAL,813.4327638244629,820
2023-11-30T23:00:00Z,DUAL FUEL,DUAL FUEL,464.8439934455024,466
2023-11-30T23:00:00Z,ENERGY STORAGE,ENERGY STORAGE,0.00216667228274875,170
2023-11-30T23:00:00Z,GAS,COGENERATION,4246.696500004397,5235
2023-11-30T23:00:00Z,GAS,COMBINED CYCLE,1844.2371995427875,3010
2023-11-30T23:00:00Z,GAS,GAS FIRED STEAM,1775.8154910151163,2609
2023-11-30T23:00:00Z,GAS,SIMPLE CYCLE,487.31941272586585,959
2023-11-30T23:00:00Z,HYDRO,HYDRO,358.5301876158019,894
2023-11-30T23:00:00Z,OTHER,BIOMASS,122.13790089713203,154
2023-11-30T23:00:00Z,OTHER,DUAL FUEL,13.47199998219808,20
2023-11-30T23:00:00Z,OTHER,GAS,1.1999510526657104,10
2023-11-30T23:00:00Z,OTHER,GAS COGEN,46.2282711701923,58
2023-11-30T23:00:00Z,OTHER,OIL/GAS,42.37692082722982,53
2023-11-30T23:00:00Z,OTHER,WOOD/REFUSE,58.89199792120192,149
2023-11-30T23:00:00Z,SOLAR,SOLAR,4.408299118065172,1470
2023-11-30T23:00:00Z,WIND,WIND,131.8187381446527,4491
2023-12-01T00:00:00Z,COAL,COAL,813.4677107069227,820
2023-12-01T00:00:00Z,DUAL FUEL,DUAL FUEL,465.3087724134657,466
2023-12-01T00:00:00Z,ENERGY STORAGE,ENERGY STORAGE,-7.7778074476453e-4,170
2023-12-01T00:00:00Z,GAS,COGENERATION,4246.508165238698,5235
2023-12-01T00:00:00Z,GAS,COMBINED CYCLE,1827.0515449529223,3010
2023-12-01T00:00:00Z,GAS,GAS FIRED STEAM,1874.3195703718397,2609
2023-12-01T00:00:00Z,GAS,SIMPLE CYCLE,589.4790663834412,959
2023-12-01T00:00:00Z,HYDRO,HYDRO,307.0271482812199,894
2023-12-01T00:00:00Z,OTHER,BIOMASS,122.12168390274049,154
2023-12-01T00:00:00Z,OTHER,DUAL FUEL,13.5,20
2023-12-01T00:00:00Z,OTHER,GAS,1.222171097331577,10
2023-12-01T00:00:00Z,OTHER,GAS COGEN,46.419810405307345,58
2023-12-01T00:00:00Z,OTHER,OIL/GAS,42.58510342703925,53
2023-12-01T00:00:00Z,OTHER,WOOD/REFUSE,58.85003720760346,149
2023-12-01T00:00:00Z,SOLAR,SOLAR,0.4613888888888889,1470
2023-12-01T00:00:00Z,WIND,WIND,230.82195746273632,4491
2023-12-01T01:00:00Z,COAL,COAL,814.3033207702637,820
2023-12-01T01:00:00Z,DUAL FUEL,DUAL FUEL,465.5099935743544,466
2023-12-01T01:00:00Z,ENERGY STORAGE,ENERGY STORAGE,-3.3333460489908e-4,170
2023-12-01T01:00:00Z,GAS,COGENERATION,4251.500848400858,5235
2023-12-01T01:00:00Z,GAS,COMBINED CYCLE,1820.3945666133034,3010
2023-12-01T01:00:00Z,GAS,GAS FIRED STEAM,1556.8331216600207,2609
2023-12-01T01:00:00Z,GAS,SIMPLE CYCLE,579.2817232635286,959
2023-12-01T01:00:00Z,HYDRO,HYDRO,286.2491398964326,894
2023-12-01T01:00:00Z,OTHER,BIOMASS,123.60083120716942,154
2023-12-01T01:00:00Z,OTHER,DUAL FUEL,13.7881668498781,20
2023-12-01T01:00:00Z,OTHER,GAS,2.2731242513656618,10
2023-12-01T01:00:00Z,OTHER,GAS COGEN,46.755365730921426,58
2023-12-01T01:00:00Z,OTHER,OIL/GAS,42.638231879340275,53
2023-12-01T01:00:00Z,OTHER,WOOD/REFUSE,60.27081489827898,149
2023-12-01T01:00:00Z,SOLAR,SOLAR,0.20464622388283413,1470
2023-12-01T01:00:00Z,WIND,WIND,422.73258193007774,4491
2023-12-01T02:00:00Z,COAL,COAL,814.3294297451444,820
2023-12-01T02:00:00Z,DUAL FUEL,DUAL FUEL,465.5449373372395,466
2023-12-01T02:00:00Z,ENERGY STORAGE,ENERGY STORAGE,-1.1111153496636e-4,170
2023-12-01T02:00:00Z,GAS,COGENERATION,4253.74385192891,5235
2023-12-01T02:00:00Z,GAS,COMBINED CYCLE,1821.7932238324483,3010
2023-12-01T02:00:00Z,GAS,GAS FIRED STEAM,1364.906865143246,2609
2023-12-01T02:00:00Z,GAS,SIMPLE CYCLE,583.6018568702373,959
2023-12-01T02:00:00Z,HYDRO,HYDRO,218.56719609306919,894
2023-12-01T02:00:00Z,OTHER,BIOMASS,123.10283338599734,154
2023-12-01T02:00:00Z,OTHER,DUAL FUEL,13.806000175476074,20
2023-12-01T02:00:00Z,OTHER,GAS,2.9907910158899096,10
2023-12-01T02:00:00Z,OTHER,GAS COGEN,43.937671669854055,58
2023-12-01T02:00:00Z,OTHER,OIL/GAS,41.649754729800755,53
2023-12-01T02:00:00Z,OTHER,WOOD/REFUSE,60.09826233439975,149
2023-12-01T02:00:00Z,SOLAR,SOLAR,-0.03992836126022869,1470
2023-12-01T02:00:00Z,WIND,WIND,583.0864322450923,4491
2023-12-01T03:00:00Z,COAL,COAL,817.168487141927,820
2023-12-01T03:00:00Z,DUAL FUEL,DUAL FUEL,465.52760398017034,466
2023-12-01T03:00:00Z,ENERGY STORAGE,ENERGY STORAGE,0,170
2023-12-01T03:00:00Z,GAS,COGENERATION,4259.520924590561,5235
2023-12-01T03:00:00Z,GAS,COMBINED CYCLE,1756.6159328476588,3010
2023-12-01T03:00:00Z,GAS,GAS FIRED STEAM,1311.0892973327636,2609
2023-12-01T03:00:00Z,GAS,SIMPLE CYCLE,563.7037851075828,959
2023-12-01T03:00:00Z,HYDRO,HYDRO,121.16651403829455,894
2023-12-01T03:00:00Z,OTHER,BIOMASS,115.63531696743435,154
2023-12-01T03:00:00Z,OTHER,DUAL FUEL,13.818722367816502,20
2023-12-01T03:00:00Z,OTHER,GAS,2.642705743180381,10
2023-12-01T03:00:00Z,OTHER,GAS COGEN,34.626763872570464,58
2023-12-01T03:00:00Z,OTHER,OIL/GAS,41.45738231870863,53
2023-12-01T03:00:00Z,OTHER,WOOD/REFUSE,60.39646403153738,149
2023-12-01T03:00:00Z,SOLAR,SOLAR,-0.1757389084663656,1470
2023-12-01T03:00:00Z,WIND,WIND,862.5628539876474,4491
2023-12-01T04:00:00Z,COAL,COAL,814.2604865519206,820
2023-12-01T04:00:00Z,DUAL FUEL,DUAL FUEL,465.51977442423504,466
2023-12-01T04:00:00Z,ENERGY STORAGE,ENERGY STORAGE,-1.834055258433024,170
2023-12-01T04:00:00Z,GAS,COGENERATION,4261.426997904711,5235
2023-12-01T04:00:00Z,GAS,COMBINED CYCLE,1731.020077913602,3010
2023-12-01T04:00:00Z,GAS,GAS FIRED STEAM,1298.8040809673732,2609
2023-12-01T04:00:00Z,GAS,SIMPLE CYCLE,510.5491439189845,959
2023-12-01T04:00:00Z,HYDRO,HYDRO,126.10867747816775,894
2023-12-01T04:00:00Z,OTHER,BIOMASS,110.03457701683044,154
2023-12-01T04:00:00Z,OTHER,DUAL FUEL,13.827666682137384,20
2023-12-01T04:00:00Z,OTHER,GAS,1.1999510526657104,10
2023-12-01T04:00:00Z,OTHER,GAS COGEN,37.213839020199245,58
2023-12-01T04:00:00Z,OTHER,OIL/GAS,40.5733210266961,53
2023-12-01T04:00:00Z,OTHER,WOOD/REFUSE,59.81095878971948,149
2023-12-01T04:00:00Z,SOLAR,SOLAR,-0.14657835890849433,1470
2023-12-01T04:00:00Z,WIND,WIND,1116.6705653681772,4491
2023-12-01T05:00:00Z,COAL,COAL,816.1333203803168,820
2023-12-01T05:00:00Z,DUAL FUEL,DUAL FUEL,465.4293836127387,466
2023-12-01T05:00:00Z,ENERGY STORAGE,ENERGY STORAGE,-5.630387478934394,170
2023-12-01T05:00:00Z,GAS,COGENERATION,4270.391492265728,5235
2023-12-01T05:00:00Z,GAS,COMBINED CYCLE,1711.3409812874265,3010
2023-12-01T05:00:00Z,GAS,GAS FIRED STEAM,1037.6905902629428,2609
2023-12-01T05:00:00Z,GAS,SIMPLE CYCLE,368.66328400744334,959
2023-12-01T05:00:00Z,HYDRO,HYDRO,101.01014754037062,894
2023-12-01T05:00:00Z,OTHER,BIOMASS,107.85621770434909,154
2023-12-01T05:00:00Z,OTHER,DUAL FUEL,13.885110891660055,20
2023-12-01T05:00:00Z,OTHER,GAS,1.3516047947936587,10
2023-12-01T05:00:00Z,OTHER,GAS COGEN,33.009802721871274,58
2023-12-01T05:00:00Z,OTHER,OIL/GAS,40.01896584616767,53
2023-12-01T05:00:00Z,OTHER,WOOD/REFUSE,59.087196264266964,149
2023-12-01T05:00:00Z,SOLAR,SOLAR,0,1470
2023-12-01T05:00:00Z,WIND,WIND,1443.283689274548,4491
2023-12-01T06:00:00Z,COAL,COAL,813.9577645874024,820
2023-12-01T06:00:00Z,DUAL FUEL,DUAL FUEL,465.3027717590332,466
2023-12-01T06:00:00Z,ENERGY STORAGE,ENERGY STORAGE,-5.685165462493896,170
2023-12-01T06:00:00Z,GAS,COGENERATION,4270.579812462992,5235
2023-12-01T06:00:00Z,GAS,COMBINED CYCLE,1661.6296212164561,3010
2023-12-01T06:00:00Z,GAS,GAS FIRED STEAM,981.323408413993,2609
2023-12-01T06:00:00Z,GAS,SIMPLE CYCLE,285.43275277752014,959
2023-12-01T06:00:00Z,HYDRO,HYDRO,67.071932691137,894
2023-12-01T06:00:00Z,OTHER,BIOMASS,107.76146955755021,154
2023-12-01T06:00:00Z,OTHER,DUAL FUEL,13.870444206131827,20
2023-12-01T06:00:00Z,OTHER,GAS,2.8627354588773515,10
2023-12-01T06:00:00Z,OTHER,GAS COGEN,32.83375699996948,58
2023-12-01T06:00:00Z,OTHER,OIL/GAS,39.466549203660755,53
2023-12-01T06:00:00Z,OTHER,WOOD/REFUSE,59.386341590881344,149
2023-12-01T06:00:00Z,SOLAR,SOLAR,-0.00262552234861585,1470
2023-12-01T06:00:00Z,WIND,WIND,1766.530072602903,4491
