begin_datetime_utc,fuel_type,sub_fuel_type,net_generation_mw,max_capability_mw
2022-07-01T06:00:00Z,COAL,COAL,1260.151235555013,1266
2022-07-01T06:00:00Z,ENERGY STORAGE,ENERGY STORAGE,0,50
2022-07-01T06:00:00Z,GAS,COGENERATION,3393.8027664647166,5197
2022-07-01T06:00:00Z,GAS,COMBINED CYCLE,1419.8683321444194,1810
2022-07-01T06:00:00Z,GAS,GAS FIRED STEAM,1020.4012516212463,2599
2022-07-01T06:00:00Z,GAS,SIMPLE CYCLE,445.4504944939415,1230
2022-07-01T06:00:00Z,HYDRO,HYDRO,481.6477167136802,894
2022-07-01T06:00:00Z,OTHER,BIOMASS,106.04895725727081,154
2022-07-01T06:00:00Z,OTHER,GAS,0,10
2022-07-01T06:00:00Z,OTHER,GAS COGEN,0,58
2022-07-01T06:00:00Z,OTHER,OIL/GAS,43.11318221410116,53
2022-07-01T06:00:00Z,OTHER,WOOD/REFUSE,86.16877833737267,149
2022-07-01T06:00:00Z,SOLAR,SOLAR,0,936
2022-07-01T06:00:00Z,WIND,WIND,95.584910578736,2269
2022-07-01T07:00:00Z,COAL,COAL,1259.305963236491,1266
2022-07-01T07:00:00Z,ENERGY STORAGE,ENERGY STORAGE,0,50
2022-07-01T07:00:00Z,GAS,COGENERATION,3354.5569248415864,5197
2022-07-01T07:00:00Z,GAS,COMBINED CYCLE,1378.9088211186727,1810
2022-07-01T07:00:00Z,GAS,GAS FIRED STEAM,897.2193634838528,2599
2022-07-01T07:00:00Z,GAS,SIMPLE CYCLE,408.57031264358096,1230
2022-07-01T07:00:00Z,HYDRO,HYDRO,454.5702586625682,894
2022-07-01T07:00:00Z,OTHER,BIOMASS,105.92927796416812,154
2022-07-01T07:00:00Z,OTHER,GAS,0,10
2022-07-01T07:00:00Z,OTHER,GAS COGEN,0,58
2022-07-01T07:00:00Z,OTHER,OIL/GAS,43.37836023542616,53
2022-07-01T07:00:00Z,OTHER,WOOD/REFUSE,81.48210007667541,149
2022-07-01T07:00:00Z,SOLAR,SOLAR,0,936
2022-07-01T07:00:00Z,WIND,WIND,165.20463745262887,2269
2022-07-01T08:00:00Z,COAL,COAL,1221.9200188530817,1266
2022-07-01T08:00:00Z,ENERGY STORAGE,ENERGY STORAGE,0,50
2022-07-01T08:00:00Z,GAS,COGENERATION,3308.1253759153024,5197
2022-07-01T08:00:00Z,GAS,COMBINED CYCLE,1373.103758304384,1810
2022-07-01T08:00:00Z,GAS,GAS FIRED STEAM,864.3020231183369,2599
2022-07-01T08:00:00Z,GAS,SIMPLE CYCLE,363.07178183237716,1230
2022-07-01T08:00:00Z,HYDRO,HYDRO,370.7957689892087,894
2022-07-01T08:00:00Z,OTHER,BIOMASS,103.68248095671335,154
2022-07-01T08:00:00Z,OTHER,GAS,0,10
2022-07-01T08:00:00Z,OTHER,GAS COGEN,0,58
2022-07-01T08:00:00Z,OTHER,OIL/GAS,43.16361584133572,53
2022-07-01T08:00:00Z,OTHER,WOOD/REFUSE,81.07068867524465,149
2022-07-01T08:00:00Z,SOLAR,SOLAR,0,936
2022-07-01T08:00:00Z,WIND,WIND,259.8397945637835,2269
2022-07-01T09:00:00Z,COAL,COAL,1179.1181793551975,1266
2022-07-01T09:00:00Z,ENERGY STORAGE,ENERGY STORAGE,0,50
2022-07-01T09:00:00Z,GAS,COGENERATION,3302.168131044441,5197
2022-07-01T09:00:00Z,GAS,COMBINED CYCLE,1311.9792671049966,1810
2022-07-01T09:00:00Z,GAS,GAS FIRED STEAM,869.9417263158163,2599
2022-07-01T09:00:00Z,GAS,SIMPLE CYCLE,358.74996979607477,1230
2022-07-01T09:00:00Z,HYDRO,HYDRO,410.4258224071231,894
2022-07-01T09:00:00Z,OTHER,BIOMASS,104.68720518112183,154
2022-07-01T09:00:00Z,OTHER,GAS,0,10
2022-07-01T09:00:00Z,OTHER,GAS COGEN,0,58
2022-07-01T09:00:00Z,OTHER,OIL/GAS,43.06227708604601,53
2022-07-01T09:00:00Z,OTHER,WOOD/REFUSE,81.25255676905314,149
2022-07-01T09:00:00Z,SOLAR,SOLAR,0,936
2022-07-01T09:00:00Z,WIND,WIND,234.7352010033528,2269
2022-07-01T10:00:00Z,COAL,COAL,1208.4609111701118,1266
2022-07-01T10:00:00Z,ENERGY STORAGE,ENERGY STORAGE,0,50
2022-07-01T10:00:00Z,GAS,COGENERATION,3312.0190218954617,5197
2022-07-01T10:00:00Z,GAS,COMBINED CYCLE,1303.6386563942167,1810
2022-07-01T10:00:00Z,GAS,GAS FIRED STEAM,865.6223028288947,2599
2022-07-01T10:00:00Z,GAS,SIMPLE CYCLE,357.7784895499547,1230
2022-07-01T10:00:00Z,HYDRO,HYDRO,389.64952184062867,894
2022-07-01T10:00:00Z,OTHER,BIOMASS,105.40807006094191,154
2022-07-01T10:00:00Z,OTHER,GAS,0,10
2022-07-01T10:00:00Z,OTHER,GAS COGEN,0,58
2022-07-01T10:00:00Z,OTHER,OIL/GAS,42.92169290966458,53
2022-07-01T10:00:00Z,OTHER,WOOD/REFUSE,81.5874108229743,149
2022-07-01T10:00:00Z,SOLAR,SOLAR,0,936
2022-07-01T10:00:00Z,WIND,WIND,215.43834016140136,2269
2022-07-01T11:00:00Z,COAL,COAL,1194.9075760396322,1266
2022-07-01T11:00:00Z,ENERGY STORAGE,ENERGY STORAGE,0,50
2022-07-01T11:00:00Z,GAS,COGENERATION,3331.767893584834,5197
2022-07-01T11:00:00Z,GAS,COMBINED CYCLE,1355.4450322490268,1810
2022-07-01T11:00:00Z,GAS,GAS FIRED STEAM,865.4797039604186,2599
2022-07-01T11:00:00Z,GAS,SIMPLE CYCLE,357.9709221659766,1230
2022-07-01T11:00:00Z,HYDRO,HYDRO,338.8366304809517,894
2022-07-01T11:00:00Z,OTHER,BIOMASS,104.30450740125444,154
2022-07-01T11:00:00Z,OTHER,GAS,0,10
2022-07-01T11:00:00Z,OTHER,GAS COGEN,0,58
2022-07-01T11:00:00Z,OTHER,OIL/GAS,42.321093232896594,53
2022-07-01T11:00:00Z,OTHER,WOOD/REFUSE,82.19746020264095,149
2022-07-01T11:00:00Z,SOLAR,SOLAR,4.214888804008563,936
2022-07-01T11:00:00Z,WIND,WIND,224.35315469609367,2269
2022-07-01T12:00:00Z,COAL,COAL,1134.9755148569743,1266
2022-07-01T12:00:00Z,ENERGY STORAGE,ENERGY STORAGE,0,50
2022-07-01T12:00:00Z,GAS,COGENERATION,3316.73688026612,5197
2022-07-01T12:00:00Z,GAS,COMBINED CYCLE,1350.3499787378312,1810
2022-07-01T12:00:00Z,GAS,GAS FIRED STEAM,878.8868665398492,2599
2022-07-01T12:00:00Z,GAS,SIMPLE CYCLE,350.3412654518419,1230
2022-07-01T12:00:00Z,HYDRO,HYDRO,342.2004815504286,894
2022-07-01T12:00:00Z,OTHER,BIOMASS,104.62220722675323,154
2022-07-01T12:00:00Z,OTHER,GAS,0,10
2022-07-01T12:00:00Z,OTHER,GAS COGEN,0,58
2022-07-01T12:00:00Z,OTHER,OIL/GAS,42.58601036495632,53
2022-07-01T12:00:00Z,OTHER,WOOD/REFUSE,81.45733488029904,149
2022-07-01T12:00:00Z,SOLAR,SOLAR,70.06249882002672,936
2022-07-01T12:00:00Z,WIND,WIND,308.16877178243465,2269
2022-07-01T13:00:00Z,COAL,COAL,1058.3903442467583,1266
2022-07-01T13:00:00Z,ENERGY STORAGE,ENERGY STORAGE,0.00133333418104383,50
2022-07-01T13:00:00Z,GAS,COGENERATION,3319.587132240352,5197
2022-07-01T13:00:00Z,GAS,COMBINED CYCLE,1325.1819940484895,1810
2022-07-01T13:00:00Z,GAS,GAS FIRED STEAM,800.0111279381647,2599
2022-07-01T13:00:00Z,GAS,SIMPLE CYCLE,358.9535669517517,1230
2022-07-01T13:00:00Z,HYDRO,HYDRO,626.8097952568531,894
2022-07-01T13:00:00Z,OTHER,BIOMASS,103.14397242387136,154
2022-07-01T13:00:00Z,OTHER,GAS,0,10
2022-07-01T13:00:00Z,OTHER,GAS COGEN,0,58
2022-07-01T13:00:00Z,OTHER,OIL/GAS,43.89092731899685,53
2022-07-01T13:00:00Z,OTHER,WOOD/REFUSE,81.2333652443356,149
2022-07-01T13:00:00Z,SOLAR,SOLAR,191.2269411831432,936
2022-07-01T13:00:00Z,WIND,WIND,294.09988377244935,2269
2022-07-01T14:00:00Z,COAL,COAL,1099.3598455301922,1266
2022-07-01T14:00:00Z,ENERGY STORAGE,ENERGY STORAGE,0,50
2022-07-01T14:00:00Z,GAS,COGENERATION,3312.911848237084,5197
2022-07-01T14:00:00Z,GAS,COMBINED CYCLE,1327.9049818118413,1810
2022-07-01T14:00:00Z,GAS,GAS FIRED STEAM,881.5762466642592,2599
2022-07-01T14:00:00Z,GAS,SIMPLE CYCLE,427.95704768177535,1230
2022-07-01T14:00:00Z,HYDRO,HYDRO,618.5751555393801,894
2022-07-01T14:00:00Z,OTHER,BIOMASS,100.34179745992026,154
2022-07-01T14:00:00Z,OTHER,GAS,0,10
2022-07-01T14:00:00Z,OTHER,GAS COGEN,0,58
2022-07-01T14:00:00Z,OTHER,OIL/GAS,42.502515371110704,53
2022-07-01T14:00:00Z,OTHER,WOOD/REFUSE,80.56804436153836,149
2022-07-01T14:00:00Z,SOLAR,SOLAR,345.12515917725034,936
2022-07-01T14:00:00Z,WIND,WIND,156.90233072065644,2269
2022-07-01T15:00:00Z,COAL,COAL,1174.6865741560193,1266
2022-07-01T15:00:00Z,ENERGY STORAGE,ENERGY STORAGE,0,50
2022-07-01T15:00:00Z,GAS,COGENERATION,3361.558407458729,5197
2022-07-01T15:00:00Z,GAS,COMBINED CYCLE,1376.3034372737673,1810
2022-07-01T15:00:00Z,GAS,GAS FIRED STEAM,943.345968093872,2599
2022-07-01T15:00:00Z,GAS,SIMPLE CYCLE,445.88966336568194,1230
2022-07-01T15:00:00Z,HYDRO,HYDRO,626.7422267712486,894
2022-07-01T15:00:00Z,OTHER,BIOMASS,103.07530251026154,154
2022-07-01T15:00:00Z,OTHER,GAS,0,10
2022-07-01T15:00:00Z,OTHER,GAS COGEN,0,58
2022-07-01T15:00:00Z,OTHER,OIL/GAS,42.25551003774007,53
2022-07-01T15:00:00Z,OTHER,WOOD/REFUSE,79.94939603699578,149
2022-07-01T15:00:00Z,SOLAR,SOLAR,508.0711567310492,936
2022-07-01T15:00:00Z,WIND,WIND,80.09804305968186,2269
2022-07-01T16:00:00Z,COAL,COAL,1238.8618602159288,1266
2022-07-01T16:00:00Z,ENERGY STORAGE,ENERGY STORAGE,0,50
2022-07-01T16:00:00Z,GAS,COGENERATION,3360.6966559939915,5197
2022-07-01T16:00:00Z,GAS,COMBINED CYCLE,1385.5412040493225,1810
2022-07-01T16:00:00Z,GAS,GAS FIRED STEAM,945.132734773424,2599
2022-07-01T16:00:00Z,GAS,SIMPLE CYCLE,466.6527418398195,1230
2022-07-01T16:00:00Z,HYDRO,HYDRO,609.6587803814147,894
2022-07-01T16:00:00Z,OTHER,BIOMASS,104.48284491591983,154
2022-07-01T16:00:00Z,OTHER,GAS,0,10
2022-07-01T16:00:00Z,OTHER,GAS COGEN,0,58
2022-07-01T16:00:00Z,OTHER,OIL/GAS,42.35828838984172,53
2022-07-01T16:00:00Z,OTHER,WOOD/REFUSE,79.73931878407795,149
2022-07-01T16:00:00Z,SOLAR,SOLAR,637.2402653736539,936
2022-07-01T16:00:00Z,WIND,WIND,48.81430375686122,2269
2022-07-01T17:00:00Z,COAL,COAL,1256.0809822760689,1266
2022-07-01T17:00:00Z,ENERGY STORAGE,ENERGY STORAGE,0,50
2022-07-01T17:00:00Z,GAS,COGENERATION,3373.0421457236343,5197
2022-07-01T17:00:00Z,GAS,COMBINED CYCLE,1495.0695159308116,1810
2022-07-01T17:00:00Z,GAS,GAS FIRED STEAM,983.6003263285426,2599
2022-07-01T17:00:00Z,GAS,SIMPLE CYCLE,566.085737338596,1230
2022-07-01T17:00:00Z,HYDRO,HYDRO,622.7994166504012,894
2022-07-01T17:00:00Z,OTHER,BIOMASS,108.46133837593926,154
2022-07-01T17:00:00Z,OTHER,GAS,0,10
2022-07-01T17:00:00Z,OTHER,GAS COGEN,0,58
2022-07-01T17:00:00Z,OTHER,OIL/GAS,41.90924378712972,53
2022-07-01T17:00:00Z,OTHER,WOOD/REFUSE,84.37222991307576,149
2022-07-01T17:00:00Z,SOLAR,SOLAR,648.3600950100687,936
2022-07-01T17:00:00Z,WIND,WIND,48.261572153121236,2269
2022-07-01T18:00:00Z,COAL,COAL,1255.346305609809,1266
2022-07-01T18:00:00Z,ENERGY STORAGE,ENERGY STORAGE,-1.6666730244954e-4,50
2022-07-01T18:00:00Z,GAS,COGENERATION,3368.2783261937566,5197
2022-07-01T18:00:00Z,GAS,COMBINED CYCLE,1410.0591172483232,1810
2022-07-01T18:00:00Z,GAS,GAS FIRED STEAM,850.6829863696628,2599
2022-07-01T18:00:00Z,GAS,SIMPLE CYCLE,567.8705774344338,1230
2022-07-01T18:00:00Z,HYDRO,HYDRO,600.9154865982798,894
2022-07-01T18:00:00Z,OTHER,BIOMASS,106.94450674162971,154
2022-07-01T18:00:00Z,OTHER,GAS,0,10
2022-07-01T18:00:00Z,OTHER,GAS COGEN,0,58
2022-07-01T18:00:00Z,OTHER,OIL/GAS,42.80795505735609,53
2022-07-01T18:00:00Z,OTHER,WOOD/REFUSE,81.62767775747511,149
2022-07-01T18:00:00Z,SOLAR,SOLAR,666.7467107243008,936
2022-07-01T18:00:00Z,WIND,WIND,46.14973854886161,2269
2022-07-01T19:00:00Z,COAL,COAL,1256.0856826782228,1266
2022-07-01T19:00:00Z,ENERGY STORAGE,ENERGY STORAGE,0,50
2022-07-01T19:00:00Z,GAS,COGENERATION,3365.739087679287,5197
2022-07-01T19:00:00Z,GAS,COMBINED CYCLE,1434.3679004478456,1810
2022-07-01T19:00:00Z,GAS,GAS FIRED STEAM,872.6509704123603,2599
2022-07-01T19:00:00Z,GAS,SIMPLE CYCLE,567.7342248005338,1230
2022-07-01T19:00:00Z,HYDRO,HYDRO,618.2535634530915,894
2022-07-01T19:00:00Z,OTHER,BIOMASS,106.02295462290446,154
2022-07-01T19:00:00Z,OTHER,GAS,0,10
2022-07-01T19:00:00Z,OTHER,GAS COGEN,0,58
2022-07-01T19:00:00Z,OTHER,OIL/GAS,42.65278219646878,53
2022-07-01T19:00:00Z,OTHER,WOOD/REFUSE,84.67936924404569,149
2022-07-01T19:00:00Z,SOLAR,SOLAR,650.0493234884739,936
2022-07-01T19:00:00Z,WIND,WIND,26.781282846298485,2269
2022-07-01T20:00:00Z,COAL,COAL,1257.0503087700738,1266
2022-07-01T20:00:00Z,ENERGY STORAGE,ENERGY STORAGE,0,50
2022-07-01T20:00:00Z,GAS,COGENERATION,3351.316246218284,5197
2022-07-01T20:00:00Z,GAS,COMBINED CYCLE,1488.3025597646501,1810
2022-07-01T20:00:00Z,GAS,GAS FIRED STEAM,884.8596840243869,2599
2022-07-01T20:00:00Z,GAS,SIMPLE CYCLE,589.3947682666778,1230
2022-07-01T20:00:00Z,HYDRO,HYDRO,621.0264224068324,894
2022-07-01T20:00:00Z,OTHER,BIOMASS,106.97998611079322,154
2022-07-01T20:00:00Z,OTHER,GAS,0,10
2022-07-01T20:00:00Z,OTHER,GAS COGEN,0,58
2022-07-01T20:00:00Z,OTHER,OIL/GAS,42.84753178914388,53
2022-07-01T20:00:00Z,OTHER,WOOD/REFUSE,84.22332927015093,149
2022-07-01T20:00:00Z,SOLAR,SOLAR,574.9563246546189,936
2022-07-01T20:00:00Z,WIND,WIND,48.0712677237971,2269
2022-07-01T21:00:00Z,COAL,COAL,1257.036294623481,1266
2022-07-01T21:00:00Z,ENERGY STORAGE,ENERGY STORAGE,0,50
2022-07-01T21:00:00Z,GAS,COGENERATION,3338.430697898335,5197
2022-07-01T21:00:00Z,GAS,COMBINED CYCLE,1523.3011727465523,1810
2022-07-01T21:00:00Z,GAS,GAS FIRED STEAM,958.6285817676121,2599
2022-07-01T21:00:00Z,GAS,SIMPLE CYCLE,639.0068560779096,1230
2022-07-01T21:00:00Z,HYDRO,HYDRO,603.9374997515148,894
2022-07-01T21:00:00Z,OTHER,BIOMASS,109.6757264555825,154
2022-07-01T21:00:00Z,OTHER,GAS,0,10
2022-07-01T21:00:00Z,OTHER,GAS COGEN,0,58
2022-07-01T21:00:00Z,OTHER,OIL/GAS,42.44771557066176,53
2022-07-01T21:00:00Z,OTHER,WOOD/REFUSE,89.84938856230842,149
2022-07-01T21:00:00Z,SOLAR,SOLAR,549.2313217526012,936
2022-07-01T21:00:00Z,WIND,WIND,154.17738169375394,2269
2022-07-01T22:00:00Z,COAL,COAL,1257.5896849568685,1266
2022-07-01T22:00:00Z,ENERGY STORAGE,ENERGY STORAGE,0,50
2022-07-01T22:00:00Z,GAS,COGENERATION,3384.955017633968,5197
2022-07-01T22:00:00Z,GAS,COMBINED CYCLE,1556.6492741129134,1810
2022-07-01T22:00:00Z,GAS,GAS FIRED STEAM,970.2708932622273,2599
2022-07-01T22:00:00Z,GAS,SIMPLE CYCLE,684.986858961516,1230
2022-07-01T22:00:00Z,HYDRO,HYDRO,630.6847112643719,894
2022-07-01T22:00:00Z,OTHER,BIOMASS,110.89908168792725,154
2022-07-01T22:00:00Z,OTHER,GAS,0,10
2022-07-01T22:00:00Z,OTHER,GAS COGEN,0,58
2022-07-01T22:00:00Z,OTHER,OIL/GAS,41.618487639957,53
2022-07-01T22:00:00Z,OTHER,WOOD/REFUSE,91.06679395675658,149
2022-07-01T22:00:00Z,SOLAR,SOLAR,356.783604664637,936
2022-07-01T22:00:00Z,WIND,WIND,227.91872229404748,2269
2022-07-01T23:00:00Z,COAL,COAL,1258.6918711174858,1266
2022-07-01T23:00:00Z,ENERGY STORAGE,ENERGY STORAGE,0,50
2022-07-01T23:00:00Z,GAS,COGENERATION,3422.4432890086705,5197
2022-07-01T23:00:00Z,GAS,COMBINED CYCLE,1475.837508442137,1810
2022-07-01T23:00:00Z,GAS,GAS FIRED STEAM,863.0058633592394,2599
2022-07-01T23:00:00Z,GAS,SIMPLE CYCLE,679.5457896147834,1230
2022-07-01T23:00:00Z,HYDRO,HYDRO,589.1922147035599,894
2022-07-01T23:00:00Z,OTHER,BIOMASS,106.83594253487057,154
2022-07-01T23:00:00Z,OTHER,GAS,0,10
2022-07-01T23:00:00Z,OTHER,GAS COGEN,0,58
2022-07-01T23:00:00Z,OTHER,OIL/GAS,42.15022683885363,53
2022-07-01T23:00:00Z,OTHER,WOOD/REFUSE,86.86924187077416,149
2022-07-01T23:00:00Z,SOLAR,SOLAR,403.30154912839333,936
2022-07-01T23:00:00Z,WIND,WIND,284.01533670708534,2269
2022-07-02T00:00:00Z,COAL,COAL,1257.5382048712836,1266
2022-07-02T00:00:00Z,ENERGY STORAGE,ENERGY STORAGE,-0.7894997882843018,50
2022-07-02T00:00:00Z,GAS,COGENERATION,3433.189282499684,5197
2022-07-02T00:00:00Z,GAS,COMBINED CYCLE,1517.9412322515911,1810
2022-07-02T00:00:00Z,GAS,GAS FIRED STEAM,971.1815815650092,2599
2022-07-02T00:00:00Z,GAS,SIMPLE CYCLE,688.397110052175,1230
2022-07-02T00:00:00Z,HYDRO,HYDRO,614.34311560604306,894
2022-07-02T00:00:00Z,OTHER,BIOMASS,106.46460387918684,154
2022-07-02T00:00:00Z,OTHER,GAS,0,10
2022-07-02T00:00:00Z,OTHER,GAS COGEN,0,58
2022-07-02T00:00:00Z,OTHER,OIL/GAS,41.7449864853753,53
2022-07-02T00:00:00Z,OTHER,WOOD/REFUSE,91.25990754339429,149
2022-07-02T00:00:00Z,SOLAR,SOLAR,275.79471717182133,936
2022-07-02T00:00:00Z,WIND,WIND,328.76514812885057,2269
2022-07-02T01:00:00Z,COAL,COAL,1258.2275890774197,1266
2022-07-02T01:00:00Z,ENERGY STORAGE,ENERGY STORAGE,-0.9494442515903048,50
2022-07-02T01:00:00Z,GAS,COGENERATION,3470.053768365383,5197
2022-07-02T01:00:00Z,GAS,COMBINED CYCLE,1511.3109275547663,1810
2022-07-02T01:00:00Z,GAS,GAS FIRED STEAM,960.2690341822306,2599
2022-07-02T01:00:00Z,GAS,SIMPLE CYCLE,678.6931476463212,1230
2022-07-02T01:00:00Z,HYDRO,HYDRO,633.8070683232943,894
2022-07-02T01:00:00Z,OTHER,BIOMASS,109.16971381982168,154
2022-07-02T01:00:00Z,OTHER,GAS,0,10
2022-07-02T01:00:00Z,OTHER,GAS COGEN,0,58
2022-07-02T01:00:00Z,OTHER,OIL/GAS,42.16615375942654,53
2022-07-02T01:00:00Z,OTHER,WOOD/REFUSE,89.89052049212985,149
2022-07-02T01:00:00Z,SOLAR,SOLAR,263.853716707925,936
2022-07-02T01:00:00Z,WIND,WIND,248.50091069012052,2269
2022-07-02T02:00:00Z,COAL,COAL,1257.9712492201063,1266
2022-07-02T02:00:00Z,ENERGY STORAGE,ENERGY STORAGE,-0.9493331400553384,50
2022-07-02T02:00:00Z,GAS,COGENERATION,3510.6332436981465,5197
2022-07-02T02:00:00Z,GAS,COMBINED CYCLE,1518.4152266067929,1810
2022-07-02T02:00:00Z,GAS,GAS FIRED STEAM,917.0544499418471,2599
2022-07-02T02:00:00Z,GAS,SIMPLE CYCLE,649.9757868700557,1230
2022-07-02T02:00:00Z,HYDRO,HYDRO,627.3433530289597,894
2022-07-02T02:00:00Z,OTHER,BIOMASS,112.37559907171462,154
2022-07-02T02:00:00Z,OTHER,GAS,0,10
2022-07-02T02:00:00Z,OTHER,GAS COGEN,0,58
2022-07-02T02:00:00Z,OTHER,OIL/GAS,42.31034296459622,53
2022-07-02T02:00:00Z,OTHER,WOOD/REFUSE,94.08401432620155,149
2022-07-02T02:00:00Z,SOLAR,SOLAR,71.90638754404253,936
2022-07-02T02:00:00Z,WIND,WIND,312.4538418943352,2269
2022-07-02T03:00:00Z,COAL,COAL,1245.8925778537327,1266
2022-07-02T03:00:00Z,ENERGY STORAGE,ENERGY STORAGE,-1.2406107923719618,50
2022-07-02T03:00:00Z,GAS,COGENERATION,3512.424918683635,5197
2022-07-02T03:00:00Z,GAS,COMBINED CYCLE,1455.8203622775607,1810
2022-07-02T03:00:00Z,GAS,GAS FIRED STEAM,848.773542459276,2599
2022-07-02T03:00:00Z,GAS,SIMPLE CYCLE,560.8564986251129,1230
2022-07-02T03:00:00Z,HYDRO,HYDRO,583.2585782374276,894
2022-07-02T03:00:00Z,OTHER,BIOMASS,110.93759871006013,154
2022-07-02T03:00:00Z,OTHER,GAS,0,10
2022-07-02T03:00:00Z,OTHER,GAS COGEN,0,58
2022-07-02T03:00:00Z,OTHER,OIL/GAS,41.738998639848496,53
2022-07-02T03:00:00Z,OTHER,WOOD/REFUSE,89.69058360417684,149
2022-07-02T03:00:00Z,SOLAR,SOLAR,1.5447222011619144,936
2022-07-02T03:00:00Z,WIND,WIND,610.9714175710413,2269
2022-07-02T04:00:00Z,COAL,COAL,1159.7504145389134,1266
2022-07-02T04:00:00Z,ENERGY STORAGE,ENERGY STORAGE,-1.575721722708808,50
2022-07-02T04:00:00Z,GAS,COGENERATION,3499.8692248627876,5197
2022-07-02T04:00:00Z,GAS,COMBINED CYCLE,1391.9878019269308,1810
2022-07-02T04:00:00Z,GAS,GAS FIRED STEAM,811.8232365629408,2599
2022-07-02T04:00:00Z,GAS,SIMPLE CYCLE,481.55660970098444,1230
2022-07-02T04:00:00Z,HYDRO,HYDRO,578.8447057596842,894
2022-07-02T04:00:00Z,OTHER,BIOMASS,107.86599815156724,154
2022-07-02T04:00:00Z,OTHER,GAS,0,10
2022-07-02T04:00:00Z,OTHER,GAS COGEN,0,58
2022-07-02T04:00:00Z,OTHER,OIL/GAS,42.03184967464871,53
2022-07-02T04:00:00Z,OTHER,WOOD/REFUSE,88.04651920954386,149
2022-07-02T04:00:00Z,SOLAR,SOLAR,0,936
2022-07-02T04:00:00Z,WIND,WIND,825.7395311760571,2269
2022-07-02T05:00:00Z,COAL,COAL,1238.3610226101346,1266
2022-07-02T05:00:00Z,ENERGY STORAGE,ENERGY STORAGE,-0.8994440608554417,50
2022-07-02T05:00:00Z,GAS,COGENERATION,3516.7669458738965,5197
2022-07-02T05:00:00Z,GAS,COMBINED CYCLE,1394.1319014671114,1810
2022-07-02T05:00:00Z,GAS,GAS FIRED STEAM,743.5228713565402,2599
2022-07-02T05:00:00Z,GAS,SIMPLE CYCLE,424.76865982029176,1230
2022-07-02T05:00:00Z,HYDRO,HYDRO,389.3713944501347,894
2022-07-02T05:00:00Z,OTHER,BIOMASS,99.69655951711867,154
2022-07-02T05:00:00Z,OTHER,GAS,0,10
2022-07-02T05:00:00Z,OTHER,GAS COGEN,0,58
2022-07-02T05:00:00Z,OTHER,OIL/GAS,42.78335481007894,53
2022-07-02T05:00:00Z,OTHER,WOOD/REFUSE,86.87679825252958,149
2022-07-02T05:00:00Z,SOLAR,SOLAR,0,936
2022-07-02T05:00:00Z,WIND,WIND,805.84502863703494,2269
2022-07-02T06:00:00Z,COAL,COAL,1243.8769750807019,1266
2022-07-02T06:00:00Z,ENERGY STORAGE,ENERGY STORAGE,-0.8896106900109185,50
2022-07-02T06:00:00Z,GAS,COGENERATION,3553.008672653039,5197
2022-07-02T06:00:00Z,GAS,COMBINED CYCLE,1383.1715627055698,1810
2022-07-02T06:00:00Z,GAS,GAS FIRED STEAM,737.3575067986383,2599
2022-07-02T06:00:00Z,GAS,SIMPLE CYCLE,255.88014817118648,1230
2022-07-02T06:00:00Z,HYDRO,HYDRO,326.49798490683236,894
2022-07-02T06:00:00Z,OTHER,BIOMASS,103.52634564929538,154
2022-07-02T06:00:00Z,OTHER,GAS,0,10
2022-07-02T06:00:00Z,OTHER,GAS COGEN,0,58
2022-07-02T06:00:00Z,OTHER,OIL/GAS,42.09908230039809,53
2022-07-02T06:00:00Z,OTHER,WOOD/REFUSE,87.05907354672749,149
2022-07-02T06:00:00Z,SOLAR,SOLAR,0,936
2022-07-02T06:00:00Z,WIND,WIND,778.1211219745709,2269
2022-07-02T07:00:00Z,COAL,COAL,1245.1536317104765,1266
2022-07-02T07:00:00Z,ENERGY STORAGE,ENERGY STORAGE,-0.8961662705739339,50
2022-07-02T07:00:00Z,GAS,COGENERATION,3577.550255294376,5197
2022-07-02T07:00:00Z,GAS,COMBINED CYCLE,1335.074986811214,1810
2022-07-02T07:00:00Z,GAS,GAS FIRED STEAM,743.6974853197734,2599
2022-07-02T07:00:00Z,GAS,SIMPLE CYCLE,245.7993122874366,1230
2022-07-02T07:00:00Z,HYDRO,HYDRO,393.29719678733085,894
2022-07-02T07:00:00Z,OTHER,BIOMASS,106.39462660630544,154
2022-07-02T07:00:00Z,OTHER,GAS,0,10
2022-07-02T07:00:00Z,OTHER,GAS COGEN,0,58
2022-07-02T07:00:00Z,OTHER,OIL/GAS,42.08646538628472,53
2022-07-02T07:00:00Z,OTHER,WOOD/REFUSE,87.4506895520952,149
2022-07-02T07:00:00Z,SOLAR,SOLAR,0,936
2022-07-02T07:00:00Z,WIND,WIND,559.1858118935716,2269
2022-07-02T08:00:00Z,COAL,COAL,1201.2466866472032,1266
2022-07-02T08:00:00Z,ENERGY STORAGE,ENERGY STORAGE,-0.9014996242523193,50
2022-07-02T08:00:00Z,GAS,COGENERATION,3573.6875545605026,5197
2022-07-02T08:00:00Z,GAS,COMBINED CYCLE,1304.229458732605,1810
2022-07-02T08:00:00Z,GAS,GAS FIRED STEAM,734.1737136544122,2599
2022-07-02T08:00:00Z,GAS,SIMPLE CYCLE,245.89797286934322,1230
2022-07-02T08:00:00Z,HYDRO,HYDRO,326.8791414397458,894
2022-07-02T08:00:00Z,OTHER,BIOMASS,102.19715911229451,154
2022-07-02T08:00:00Z,OTHER,GAS,0,10
2022-07-02T08:00:00Z,OTHER,GAS COGEN,0,58
2022-07-02T08:00:00Z,OTHER,OIL/GAS,41.99943855073717,53
2022-07-02T08:00:00Z,OTHER,WOOD/REFUSE,85.93310556835598,149
2022-07-02T08:00:00Z,SOLAR,SOLAR,0,936
2022-07-02T08:00:00Z,WIND,WIND,535.0521041638156,2269
2022-07-02T09:00:00Z,COAL,COAL,1118.51340353224,1266
2022-07-02T09:00:00Z,ENERGY STORAGE,ENERGY STORAGE,-1.5897779761420354,50
2022-07-02T09:00:00Z,GAS,COGENERATION,3574.677670254045,5197
2022-07-02T09:00:00Z,GAS,COMBINED CYCLE,1294.5713931629393,1810
2022-07-02T09:00:00Z,GAS,GAS FIRED STEAM,744.9939782884386,2599
2022-07-02T09:00:00Z,GAS,SIMPLE CYCLE,246.40948194927643,1230
2022-07-02T09:00:00Z,HYDRO,HYDRO,357.44125330323976,894
2022-07-02T09:00:00Z,OTHER,BIOMASS,102.81351933691236,154
2022-07-02T09:00:00Z,OTHER,GAS,0,10
2022-07-02T09:00:00Z,OTHER,GAS COGEN,0,58
2022-07-02T09:00:00Z,OTHER,OIL/GAS,41.5715376133389,53
2022-07-02T09:00:00Z,OTHER,WOOD/REFUSE,85.94004256354438,149
2022-07-02T09:00:00Z,SOLAR,SOLAR,0,936
2022-07-02T09:00:00Z,WIND,WIND,564.9695272991889,2269
2022-07-02T10:00:00Z,COAL,COAL,1230.2084676954482,1266
2022-07-02T10:00:00Z,ENERGY STORAGE,ENERGY STORAGE,-2.301390038596259,50
2022-07-02T10:00:00Z,GAS,COGENERATION,3603.2261088915666,5197
2022-07-02T10:00:00Z,GAS,COMBINED CYCLE,1330.6778137895797,1810
2022-07-02T10:00:00Z,GAS,GAS FIRED STEAM,747.4862134721544,2599
2022-07-02T10:00:00Z,GAS,SIMPLE CYCLE,261.5137711406416,1230
2022-07-02T10:00:00Z,HYDRO,HYDRO,381.9279014348818,894
2022-07-02T10:00:00Z,OTHER,BIOMASS,102.70827750523885,154
2022-07-02T10:00:00Z,OTHER,GAS,0,10
2022-07-02T10:00:00Z,OTHER,GAS COGEN,0,58
2022-07-02T10:00:00Z,OTHER,OIL/GAS,42.52592664082845,53
2022-07-02T10:00:00Z,OTHER,WOOD/REFUSE,84.11101359579298,149
2022-07-02T10:00:00Z,SOLAR,SOLAR,0,936
2022-07-02T10:00:00Z,WIND,WIND,414.7167351003488,2269
2022-07-02T11:00:00Z,COAL,COAL,1255.4991862826878,1266
2022-07-02T11:00:00Z,ENERGY STORAGE,ENERGY STORAGE,-2.2405011166466604,50
2022-07-02T11:00:00Z,GAS,COGENERATION,3619.094090198543,5197
2022-07-02T11:00:00Z,GAS,COMBINED CYCLE,1362.8604706700644,1810
2022-07-02T11:00:00Z,GAS,GAS FIRED STEAM,751.2854685168796,2599
2022-07-02T11:00:00Z,GAS,SIMPLE CYCLE,348.82492458343506,1230
2022-07-02T11:00:00Z,HYDRO,HYDRO,424.44925118044017,894
2022-07-02T11:00:00Z,OTHER,BIOMASS,104.19526215182411,154
2022-07-02T11:00:00Z,OTHER,GAS,0,10
2022-07-02T11:00:00Z,OTHER,GAS COGEN,0,58
2022-07-02T11:00:00Z,OTHER,OIL/GAS,42.25654932022095,53
2022-07-02T11:00:00Z,OTHER,WOOD/REFUSE,85.00419064786699,149
2022-07-02T11:00:00Z,SOLAR,SOLAR,1.0570555395715768,936
2022-07-02T11:00:00Z,WIND,WIND,225.59370014649298,2269
2022-07-02T12:00:00Z,COAL,COAL,1257.0256350368923,1266
2022-07-02T12:00:00Z,ENERGY STORAGE,ENERGY STORAGE,-1.1682783635457359,50
2022-07-02T12:00:00Z,GAS,COGENERATION,3612.568004721271,5197
2022-07-02T12:00:00Z,GAS,COMBINED CYCLE,1365.1685592805015,1810
2022-07-02T12:00:00Z,GAS,GAS FIRED STEAM,806.9604427549574,2599
2022-07-02T12:00:00Z,GAS,SIMPLE CYCLE,349.12441265887685,1230
2022-07-02T12:00:00Z,HYDRO,HYDRO,495.83391990236106,894
2022-07-02T12:00:00Z,OTHER,BIOMASS,103.91652767499289,154
2022-07-02T12:00:00Z,OTHER,GAS,0,10
2022-07-02T12:00:00Z,OTHER,GAS COGEN,0,58
2022-07-02T12:00:00Z,OTHER,OIL/GAS,41.78926562415229,53
2022-07-02T12:00:00Z,OTHER,WOOD/REFUSE,83.61446635776096,149
2022-07-02T12:00:00Z,SOLAR,SOLAR,45.16566567180885,936
2022-07-02T12:00:00Z,WIND,WIND,171.12227383967902,2269
2022-07-02T13:00:00Z,COAL,COAL,1241.150642835829,1266
2022-07-02T13:00:00Z,ENERGY STORAGE,ENERGY STORAGE,-0.29955570856730146,50
2022-07-02T13:00:00Z,GAS,COGENERATION,3581.8738160525427,5197
2022-07-02T13:00:00Z,GAS,COMBINED CYCLE,1328.812818617291,1810
2022-07-02T13:00:00Z,GAS,GAS FIRED STEAM,802.2100799348619,2599
2022-07-02T13:00:00Z,GAS,SIMPLE CYCLE,366.75747208085323,1230
2022-07-02T13:00:00Z,HYDRO,HYDRO,618.1414103270902,894
2022-07-02T13:00:00Z,OTHER,BIOMASS,106.17572737905715,154
2022-07-02T13:00:00Z,OTHER,GAS,0,10
2022-07-02T13:00:00Z,OTHER,GAS COGEN,0,58
2022-07-02T13:00:00Z,OTHER,OIL/GAS,41.94234264161852,53
2022-07-02T13:00:00Z,OTHER,WOOD/REFUSE,82.86902297019958,149
2022-07-02T13:00:00Z,SOLAR,SOLAR,104.52677578343285,936
2022-07-02T13:00:00Z,WIND,WIND,106.68505014599197,2269
2022-07-02T14:00:00Z,COAL,COAL,1257.4802435641818,1266
2022-07-02T14:00:00Z,ENERGY STORAGE,ENERGY STORAGE,0,50
2022-07-02T14:00:00Z,GAS,COGENERATION,3503.0027490353586,5197
2022-07-02T14:00:00Z,GAS,COMBINED CYCLE,1321.2027373817232,1810
2022-07-02T14:00:00Z,GAS,GAS FIRED STEAM,797.4280309507583,2599
2022-07-02T14:00:00Z,GAS,SIMPLE CYCLE,361.8984753243128,1230
2022-07-02T14:00:00Z,HYDRO,HYDRO,599.4823795278867,894
2022-07-02T14:00:00Z,OTHER,BIOMASS,104.96725671980117,154
2022-07-02T14:00:00Z,OTHER,GAS,0,10
2022-07-02T14:00:00Z,OTHER,GAS COGEN,0,58
2022-07-02T14:00:00Z,OTHER,OIL/GAS,42.01068138970269,53
2022-07-02T14:00:00Z,OTHER,WOOD/REFUSE,84.48854744328393,149
2022-07-02T14:00:00Z,SOLAR,SOLAR,214.0778850093815,936
2022-07-02T14:00:00Z,WIND,WIND,72.74156705523531,2269
2022-07-02T15:00:00Z,COAL,COAL,1259.3080917019315,1266
2022-07-02T15:00:00Z,ENERGY STORAGE,ENERGY STORAGE,0,50
2022-07-02T15:00:00Z,GAS,COGENERATION,3487.2997303324273,5197
2022-07-02T15:00:00Z,GAS,COMBINED CYCLE,1359.2495107618968,1810
2022-07-02T15:00:00Z,GAS,GAS FIRED STEAM,862.0696168602838,2599
2022-07-02T15:00:00Z,GAS,SIMPLE CYCLE,463.7171367530028,1230
2022-07-02T15:00:00Z,HYDRO,HYDRO,658.6425490789943,894
2022-07-02T15:00:00Z,OTHER,BIOMASS,106.53210638576084,154
2022-07-02T15:00:00Z,OTHER,GAS,0,10
2022-07-02T15:00:00Z,OTHER,GAS COGEN,0,58
2022-07-02T15:00:00Z,OTHER,OIL/GAS,42.14153252283732,53
2022-07-02T15:00:00Z,OTHER,WOOD/REFUSE,87.46979762713114,149
2022-07-02T15:00:00Z,SOLAR,SOLAR,309.49510571307604,936
2022-07-02T15:00:00Z,WIND,WIND,35.137072279569175,2269
2022-07-02T16:00:00Z,COAL,COAL,1259.047858022054,1266
2022-07-02T16:00:00Z,ENERGY STORAGE,ENERGY STORAGE,0,50
2022-07-02T16:00:00Z,GAS,COGENERATION,3461.582374234067,5197
2022-07-02T16:00:00Z,GAS,COMBINED CYCLE,1363.824314321412,1810
2022-07-02T16:00:00Z,GAS,GAS FIRED STEAM,889.9911088180543,2599
2022-07-02T16:00:00Z,GAS,SIMPLE CYCLE,495.3900294313166,1230
2022-07-02T16:00:00Z,HYDRO,HYDRO,610.2879359601603,894
2022-07-02T16:00:00Z,OTHER,BIOMASS,109.76146094587114,154
2022-07-02T16:00:00Z,OTHER,GAS,0,10
2022-07-02T16:00:00Z,OTHER,GAS COGEN,0,58
2022-07-02T16:00:00Z,OTHER,OIL/GAS,42.25769325680203,53
2022-07-02T16:00:00Z,OTHER,WOOD/REFUSE,91.70985135396322,149
2022-07-02T16:00:00Z,SOLAR,SOLAR,440.4919917885462,936
2022-07-02T16:00:00Z,WIND,WIND,30.78447499859664,2269
2022-07-02T17:00:00Z,COAL,COAL,1259.3613617451986,1266
2022-07-02T17:00:00Z,ENERGY STORAGE,ENERGY STORAGE,0,50
2022-07-02T17:00:00Z,GAS,COGENERATION,3437.5712544140883,5197
2022-07-02T17:00:00Z,GAS,COMBINED CYCLE,1386.9726416476567,1810
2022-07-02T17:00:00Z,GAS,GAS FIRED STEAM,883.5944182120429,2599
2022-07-02T17:00:00Z,GAS,SIMPLE CYCLE,486.86036493884194,1230
2022-07-02T17:00:00Z,HYDRO,HYDRO,629.3336014714506,894
2022-07-02T17:00:00Z,OTHER,BIOMASS,105.93384315331777,154
2022-07-02T17:00:00Z,OTHER,GAS,0,10
2022-07-02T17:00:00Z,OTHER,GAS COGEN,0,58
2022-07-02T17:00:00Z,OTHER,OIL/GAS,41.49949334674411,53
2022-07-02T17:00:00Z,OTHER,WOOD/REFUSE,88.70568232748244,149
2022-07-02T17:00:00Z,SOLAR,SOLAR,490.8523242615329,936
2022-07-02T17:00:00Z,WIND,WIND,17.152794278280602,2269
2022-07-02T18:00:00Z,COAL,COAL,1259.062247467041,1266
2022-07-02T18:00:00Z,ENERGY STORAGE,ENERGY STORAGE,0,50
2022-07-02T18:00:00Z,GAS,COGENERATION,3475.5659106448625,5197
2022-07-02T18:00:00Z,GAS,COMBINED CYCLE,1392.898763419787,1810
2022-07-02T18:00:00Z,GAS,GAS FIRED STEAM,892.2759179433186,2599
2022-07-02T18:00:00Z,GAS,SIMPLE CYCLE,489.87428631093763,1230
2022-07-02T18:00:00Z,HYDRO,HYDRO,607.1993884252178,894
2022-07-02T18:00:00Z,OTHER,BIOMASS,108.92409673902723,154
2022-07-02T18:00:00Z,OTHER,GAS,0,10
2022-07-02T18:00:00Z,OTHER,GAS COGEN,0,58
2022-07-02T18:00:00Z,OTHER,OIL/GAS,40.929215588039824,53
2022-07-02T18:00:00Z,OTHER,WOOD/REFUSE,87.65440953095754,149
2022-07-02T18:00:00Z,SOLAR,SOLAR,453.24449094858437,936
2022-07-02T18:00:00Z,WIND,WIND,15.774327297897802,2269
2022-07-02T19:00:00Z,COAL,COAL,1254.3815277608235,1266
2022-07-02T19:00:00Z,ENERGY STORAGE,ENERGY STORAGE,0,50
2022-07-02T19:00:00Z,GAS,COGENERATION,3488.330431618558,5197
2022-07-02T19:00:00Z,GAS,COMBINED CYCLE,1387.9718843343524,1810
2022-07-02T19:00:00Z,GAS,GAS FIRED STEAM,809.4531210751004,2599
2022-07-02T19:00:00Z,GAS,SIMPLE CYCLE,473.3068907660908,1230
2022-07-02T19:00:00Z,HYDRO,HYDRO,581.2736115046342,894
2022-07-02T19:00:00Z,OTHER,BIOMASS,107.88641458034516,154
2022-07-02T19:00:00Z,OTHER,GAS,0,10
2022-07-02T19:00:00Z,OTHER,GAS COGEN,0,58
2022-07-02T19:00:00Z,OTHER,OIL/GAS,40.464898872375485,53
2022-07-02T19:00:00Z,OTHER,WOOD/REFUSE,87.18850236521827,149
2022-07-02T19:00:00Z,SOLAR,SOLAR,482.3144903759162,936
2022-07-02T19:00:00Z,WIND,WIND,21.07631222166949,2269
2022-07-02T20:00:00Z,COAL,COAL,1258.116479288737,1266
2022-07-02T20:00:00Z,ENERGY STORAGE,ENERGY STORAGE,0,50
2022-07-02T20:00:00Z,GAS,COGENERATION,3475.1166970001327,5197
2022-07-02T20:00:00Z,GAS,COMBINED CYCLE,1415.9100587728287,1810
2022-07-02T20:00:00Z,GAS,GAS FIRED STEAM,772.1460995864868,2599
2022-07-02T20:00:00Z,GAS,SIMPLE CYCLE,406.4462081192931,1230
2022-07-02T20:00:00Z,HYDRO,HYDRO,586.3645714063115,894
2022-07-02T20:00:00Z,OTHER,BIOMASS,103.91776215208901,154
2022-07-02T20:00:00Z,OTHER,GAS,0,10
2022-07-02T20:00:00Z,OTHER,GAS COGEN,0,58
2022-07-02T20:00:00Z,OTHER,OIL/GAS,40.48653271781074,53
2022-07-02T20:00:00Z,OTHER,WOOD/REFUSE,85.44651009983487,149
2022-07-02T20:00:00Z,SOLAR,SOLAR,505.07237877143757,936
2022-07-02T20:00:00Z,WIND,WIND,46.836130108821926,2269
2022-07-02T21:00:00Z,COAL,COAL,1258.1372574869793,1266
2022-07-02T21:00:00Z,ENERGY STORAGE,ENERGY STORAGE,0,50
2022-07-02T21:00:00Z,GAS,COGENERATION,3466.068553555939,5197
2022-07-02T21:00:00Z,GAS,COMBINED CYCLE,1460.2034252108467,1810
2022-07-02T21:00:00Z,GAS,GAS FIRED STEAM,776.8846206453111,2599
2022-07-02T21:00:00Z,GAS,SIMPLE CYCLE,388.1705553796225,1230
2022-07-02T21:00:00Z,HYDRO,HYDRO,654.099406682253,894
2022-07-02T21:00:00Z,OTHER,BIOMASS,105.04534736262427,154
2022-07-02T21:00:00Z,OTHER,GAS,0,10
2022-07-02T21:00:00Z,OTHER,GAS COGEN,0,58
2022-07-02T21:00:00Z,OTHER,OIL/GAS,41.03914938820733,53
2022-07-02T21:00:00Z,OTHER,WOOD/REFUSE,87.71167408943175,149
2022-07-02T21:00:00Z,SOLAR,SOLAR,396.76671416640283,936
2022-07-02T21:00:00Z,WIND,WIND,110.32950126181046,2269
2022-07-02T22:00:00Z,COAL,COAL,1257.5686958652072,1266
2022-07-02T22:00:00Z,ENERGY STORAGE,ENERGY STORAGE,0,50
2022-07-02T22:00:00Z,GAS,COGENERATION,3460.203013732566,5197
2022-07-02T22:00:00Z,GAS,COMBINED CYCLE,1460.277619547314,1810
2022-07-02T22:00:00Z,GAS,GAS FIRED STEAM,872.103292503357,2599
2022-07-02T22:00:00Z,GAS,SIMPLE CYCLE,470.6387402036455,1230
2022-07-02T22:00:00Z,HYDRO,HYDRO,608.1231243585215,894
2022-07-02T22:00:00Z,OTHER,BIOMASS,105.24395205656688,154
2022-07-02T22:00:00Z,OTHER,GAS,0,10
2022-07-02T22:00:00Z,OTHER,GAS COGEN,0,58
2022-07-02T22:00:00Z,OTHER,OIL/GAS,41.06534926732381,53
2022-07-02T22:00:00Z,OTHER,WOOD/REFUSE,89.53108388900758,149
2022-07-02T22:00:00Z,SOLAR,SOLAR,384.37321465392904,936
2022-07-02T22:00:00Z,WIND,WIND,182.25338752369086,2269
2022-07-02T23:00:00Z,COAL,COAL,1189.4226247321235,1266
2022-07-02T23:00:00Z,ENERGY STORAGE,ENERGY STORAGE,0,50
2022-07-02T23:00:00Z,GAS,COGENERATION,3462.953724620342,5197
2022-07-02T23:00:00Z,GAS,COMBINED CYCLE,1502.459934068256,1810
2022-07-02T23:00:00Z,GAS,GAS FIRED STEAM,959.087896830241,2599
2022-07-02T23:00:00Z,GAS,SIMPLE CYCLE,497.07865644872186,1230
2022-07-02T23:00:00Z,HYDRO,HYDRO,651.6931355441941,894
2022-07-02T23:00:00Z,OTHER,BIOMASS,110.37487751377952,154
2022-07-02T23:00:00Z,OTHER,GAS,0,10
2022-07-02T23:00:00Z,OTHER,GAS COGEN,0,58
2022-07-02T23:00:00Z,OTHER,OIL/GAS,41.58522073957655,53
2022-07-02T23:00:00Z,OTHER,WOOD/REFUSE,92.83895688639747,149
2022-07-02T23:00:00Z,SOLAR,SOLAR,360.77265961951684,936
2022-07-02T23:00:00Z,WIND,WIND,119.10343510232038,2269
2022-07-03T00:00:00Z,COAL,COAL,1250.6390715705024,1266
2022-07-03T00:00:00Z,ENERGY STORAGE,ENERGY STORAGE,0,50
2022-07-03T00:00:00Z,GAS,COGENERATION,3459.5852467019026,5197
2022-07-03T00:00:00Z,GAS,COMBINED CYCLE,1477.4535185543696,1810
2022-07-03T00:00:00Z,GAS,GAS FIRED STEAM,962.7381984541151,2599
2022-07-03T00:00:00Z,GAS,SIMPLE CYCLE,508.11255650440853,1230
2022-07-03T00:00:00Z,HYDRO,HYDRO,621.9731086140209,894
2022-07-03T00:00:00Z,OTHER,BIOMASS,110.95266950819227,154
2022-07-03T00:00:00Z,OTHER,GAS,0,10
2022-07-03T00:00:00Z,OTHER,GAS COGEN,0,58
2022-07-03T00:00:00Z,OTHER,OIL/GAS,41.80967746734619,53
2022-07-03T00:00:00Z,OTHER,WOOD/REFUSE,95.48675842814976,149
2022-07-03T00:00:00Z,SOLAR,SOLAR,298.51366138226456,936
2022-07-03T00:00:00Z,WIND,WIND,152.77761007093721,2269
2022-07-03T01:00:00Z,COAL,COAL,1217.6074097357855,1266
2022-07-03T01:00:00Z,ENERGY STORAGE,ENERGY STORAGE,0,50
2022-07-03T01:00:00Z,GAS,COGENERATION,3469.16701603757,5197
2022-07-03T01:00:00Z,GAS,COMBINED CYCLE,1449.192603520817,1810
2022-07-03T01:00:00Z,GAS,GAS FIRED STEAM,912.9338721677992,2599
2022-07-03T01:00:00Z,GAS,SIMPLE CYCLE,496.12673741579056,1230
2022-07-03T01:00:00Z,HYDRO,HYDRO,601.4862524539894,894
2022-07-03T01:00:00Z,OTHER,BIOMASS,110.209272813797,154
2022-07-03T01:00:00Z,OTHER,GAS,0,10
2022-07-03T01:00:00Z,OTHER,GAS COGEN,0,58
2022-07-03T01:00:00Z,OTHER,OIL/GAS,42.32067657894559,53
2022-07-03T01:00:00Z,OTHER,WOOD/REFUSE,95.90206473880345,149
2022-07-03T01:00:00Z,SOLAR,SOLAR,222.0862184650368,936
2022-07-03T01:00:00Z,WIND,WIND,341.94824252444835,2269
2022-07-03T02:00:00Z,COAL,COAL,1180.3170296732585,1266
2022-07-03T02:00:00Z,ENERGY STORAGE,ENERGY STORAGE,-0.8067770089043511,50
2022-07-03T02:00:00Z,GAS,COGENERATION,3474.0673678198127,5197
2022-07-03T02:00:00Z,GAS,COMBINED CYCLE,1470.297383421262,1810
2022-07-03T02:00:00Z,GAS,GAS FIRED STEAM,802.9181906763713,2599
2022-07-03T02:00:00Z,GAS,SIMPLE CYCLE,476.05392342779373,1230
2022-07-03T02:00:00Z,HYDRO,HYDRO,631.0528223911921,894
2022-07-03T02:00:00Z,OTHER,BIOMASS,109.79005999830034,154
2022-07-03T02:00:00Z,OTHER,GAS,0,10
2022-07-03T02:00:00Z,OTHER,GAS COGEN,0,58
2022-07-03T02:00:00Z,OTHER,OIL/GAS,42.83404824786716,53
2022-07-03T02:00:00Z,OTHER,WOOD/REFUSE,87.223063460456,149
2022-07-03T02:00:00Z,SOLAR,SOLAR,58.57538761036264,936
2022-07-03T02:00:00Z,WIND,WIND,503.73679703215754,2269
2022-07-03T03:00:00Z,COAL,COAL,1248.6616439649795,1266
2022-07-03T03:00:00Z,ENERGY STORAGE,ENERGY STORAGE,-1.5995540301005047,50
2022-07-03T03:00:00Z,GAS,COGENERATION,3482.3030206031267,5197
2022-07-03T03:00:00Z,GAS,COMBINED CYCLE,1445.7203157822291,1810
2022-07-03T03:00:00Z,GAS,GAS FIRED STEAM,699.3228870971998,2599
2022-07-03T03:00:00Z,GAS,SIMPLE CYCLE,372.6021981918812,1230
2022-07-03T03:00:00Z,HYDRO,HYDRO,567.0969740596082,894
2022-07-03T03:00:00Z,OTHER,BIOMASS,109.84189889483982,154
2022-07-03T03:00:00Z,OTHER,GAS,0,10
2022-07-03T03:00:00Z,OTHER,GAS COGEN,0,58
2022-07-03T03:00:00Z,OTHER,OIL/GAS,43.24643252478705,53
2022-07-03T03:00:00Z,OTHER,WOOD/REFUSE,84.21830672581991,149
2022-07-03T03:00:00Z,SOLAR,SOLAR,3.657722167679005,936
2022-07-03T03:00:00Z,WIND,WIND,731.9625987726947,2269
2022-07-03T04:00:00Z,COAL,COAL,1102.8240721299912,1266
2022-07-03T04:00:00Z,ENERGY STORAGE,ENERGY STORAGE,-1.5991095860799154,50
2022-07-03T04:00:00Z,GAS,COGENERATION,3436.3883842914634,5197
2022-07-03T04:00:00Z,GAS,COMBINED CYCLE,1359.663057208591,1810
2022-07-03T04:00:00Z,GAS,GAS FIRED STEAM,630.0229629982842,2599
2022-07-03T04:00:00Z,GAS,SIMPLE CYCLE,317.9156787429916,1230
2022-07-03T04:00:00Z,HYDRO,HYDRO,567.4686072889964,894
2022-07-03T04:00:00Z,OTHER,BIOMASS,106.47335510227416,154
2022-07-03T04:00:00Z,OTHER,GAS,0,10
2022-07-03T04:00:00Z,OTHER,GAS COGEN,0,58
2022-07-03T04:00:00Z,OTHER,OIL/GAS,42.62540996127658,53
2022-07-03T04:00:00Z,OTHER,WOOD/REFUSE,83.0972458351983,149
2022-07-03T04:00:00Z,SOLAR,SOLAR,0,936
2022-07-03T04:00:00Z,WIND,WIND,1165.3093989882866,2269
2022-07-03T05:00:00Z,COAL,COAL,1161.5996844567194,1266
2022-07-03T05:00:00Z,ENERGY STORAGE,ENERGY STORAGE,-0.467888462278578,50
2022-07-03T05:00:00Z,GAS,COGENERATION,3453.2208781936433,5197
2022-07-03T05:00:00Z,GAS,COMBINED CYCLE,1389.8372464619742,1810
2022-07-03T05:00:00Z,GAS,GAS FIRED STEAM,665.7650803332858,2599
2022-07-03T05:00:00Z,GAS,SIMPLE CYCLE,313.3648415939013,1230
2022-07-03T05:00:00Z,HYDRO,HYDRO,377.9438535810345,894
2022-07-03T05:00:00Z,OTHER,BIOMASS,106.1646411477195,154
2022-07-03T05:00:00Z,OTHER,GAS,0,10
2022-07-03T05:00:00Z,OTHER,GAS COGEN,0,58
2022-07-03T05:00:00Z,OTHER,OIL/GAS,42.854248445298936,53
2022-07-03T05:00:00Z,OTHER,WOOD/REFUSE,81.42119275305006,149
2022-07-03T05:00:00Z,SOLAR,SOLAR,0,936
2022-07-03T05:00:00Z,WIND,WIND,1111.1768636428812,2269
2022-07-03T06:00:00Z,COAL,COAL,1161.5187928687203,1266
2022-07-03T06:00:00Z,ENERGY STORAGE,ENERGY STORAGE,-0.24761090808444552,50
2022-07-03T06:00:00Z,GAS,COGENERATION,3444.2311058088144,5197
2022-07-03T06:00:00Z,GAS,COMBINED CYCLE,1318.4175251664055,1810
2022-07-03T06:00:00Z,GAS,GAS FIRED STEAM,650.9519516118366,2599
2022-07-03T06:00:00Z,GAS,SIMPLE CYCLE,341.34840923819274,1230
2022-07-03T06:00:00Z,HYDRO,HYDRO,356.3205659696791,894
2022-07-03T06:00:00Z,OTHER,BIOMASS,105.45907834423913,154
2022-07-03T06:00:00Z,OTHER,GAS,0,10
2022-07-03T06:00:00Z,OTHER,GAS COGEN,0,58
2022-07-03T06:00:00Z,OTHER,OIL/GAS,42.58962812635634,53
2022-07-03T06:00:00Z,OTHER,WOOD/REFUSE,79.95412784311506,149
2022-07-03T06:00:00Z,SOLAR,SOLAR,0,936
2022-07-03T06:00:00Z,WIND,WIND,996.9274791064776,2269
2022-07-03T07:00:00Z,COAL,COAL,1077.3048333316378,1266
2022-07-03T07:00:00Z,ENERGY STORAGE,ENERGY STORAGE,-0.25294422891404894,50
2022-07-03T07:00:00Z,GAS,COGENERATION,3451.783091269864,5197
2022-07-03T07:00:00Z,GAS,COMBINED CYCLE,1286.3541827159459,1810
2022-07-03T07:00:00Z,GAS,GAS FIRED STEAM,575.3197345140245,2599
2022-07-03T07:00:00Z,GAS,SIMPLE CYCLE,247.62476363129088,1230
2022-07-03T07:00:00Z,HYDRO,HYDRO,358.8987049742871,894
2022-07-03T07:00:00Z,OTHER,BIOMASS,105.5343955511517,154
2022-07-03T07:00:00Z,OTHER,GAS,0,10
2022-07-03T07:00:00Z,OTHER,GAS COGEN,0,58
2022-07-03T07:00:00Z,OTHER,OIL/GAS,43.03688792122735,53
2022-07-03T07:00:00Z,OTHER,WOOD/REFUSE,80.62466627332898,149
2022-07-03T07:00:00Z,SOLAR,SOLAR,0,936
2022-07-03T07:00:00Z,WIND,WIND,782.3547282916804,2269
2022-07-03T08:00:00Z,COAL,COAL,1076.4365467919242,1266
2022-07-03T08:00:00Z,ENERGY STORAGE,ENERGY STORAGE,-0.2421109199523926,50
2022-07-03T08:00:00Z,GAS,COGENERATION,3466.311238765584,5197
2022-07-03T08:00:00Z,GAS,COMBINED CYCLE,1292.0193786244922,1810
2022-07-03T08:00:00Z,GAS,GAS FIRED STEAM,612.9104390377469,2599
2022-07-03T08:00:00Z,GAS,SIMPLE CYCLE,246.15406958050198,1230
2022-07-03T08:00:00Z,HYDRO,HYDRO,368.85086594887906,894
2022-07-03T08:00:00Z,OTHER,BIOMASS,106.62005914158291,154
2022-07-03T08:00:00Z,OTHER,GAS,0,10
2022-07-03T08:00:00Z,OTHER,GAS COGEN,0,58
2022-07-03T08:00:00Z,OTHER,OIL/GAS,43.67914928648207,53
2022-07-03T08:00:00Z,OTHER,WOOD/REFUSE,80.66850902345446,149
2022-07-03T08:00:00Z,SOLAR,SOLAR,0,936
2022-07-03T08:00:00Z,WIND,WIND,639.2388569706761,2269
2022-07-03T09:00:00Z,COAL,COAL,1113.9533401913113,1266
2022-07-03T09:00:00Z,ENERGY STORAGE,ENERGY STORAGE,-0.2553331353929308,50
2022-07-03T09:00:00Z,GAS,COGENERATION,3477.9424295218787,5197
2022-07-03T09:00:00Z,GAS,COMBINED CYCLE,1290.3996278625066,1810
2022-07-03T09:00:00Z,GAS,GAS FIRED STEAM,618.3715926021999,2599
2022-07-03T09:00:00Z,GAS,SIMPLE CYCLE,246.40044415738848,1230
2022-07-03T09:00:00Z,HYDRO,HYDRO,352.8152452827659,894
2022-07-03T09:00:00Z,OTHER,BIOMASS,105.43972470018599,154
2022-07-03T09:00:00Z,OTHER,GAS,0,10
2022-07-03T09:00:00Z,OTHER,GAS COGEN,0,58
2022-07-03T09:00:00Z,OTHER,OIL/GAS,43.20600970586141,53
2022-07-03T09:00:00Z,OTHER,WOOD/REFUSE,79.44506360583836,149
2022-07-03T09:00:00Z,SOLAR,SOLAR,0,936
2022-07-03T09:00:00Z,WIND,WIND,530.7936515924334,2269
2022-07-03T10:00:00Z,COAL,COAL,1113.3006782192654,1266
2022-07-03T10:00:00Z,ENERGY STORAGE,ENERGY STORAGE,-0.2556109036339654,50
2022-07-03T10:00:00Z,GAS,COGENERATION,3485.185691956944,5197
2022-07-03T10:00:00Z,GAS,COMBINED CYCLE,1289.765677424007,1810
2022-07-03T10:00:00Z,GAS,GAS FIRED STEAM,617.235044708252,2599
2022-07-03T10:00:00Z,GAS,SIMPLE CYCLE,246.73956009229025,1230
2022-07-03T10:00:00Z,HYDRO,HYDRO,349.3716361590392,894
2022-07-03T10:00:00Z,OTHER,BIOMASS,102.75202761279212,154
2022-07-03T10:00:00Z,OTHER,GAS,0,10
2022-07-03T10:00:00Z,OTHER,GAS COGEN,0,58
2022-07-03T10:00:00Z,OTHER,OIL/GAS,43.54791554556952,53
2022-07-03T10:00:00Z,OTHER,WOOD/REFUSE,78.34399628003439,149
2022-07-03T10:00:00Z,SOLAR,SOLAR,0,936
2022-07-03T10:00:00Z,WIND,WIND,461.76176769822837,2269
2022-07-03T11:00:00Z,COAL,COAL,1120.3573476664226,1266
2022-07-03T11:00:00Z,ENERGY STORAGE,ENERGY STORAGE,-0.22900000678168403,50
2022-07-03T11:00:00Z,GAS,COGENERATION,3518.8598990587393,5197
2022-07-03T11:00:00Z,GAS,COMBINED CYCLE,1305.8860516002444,1810
2022-07-03T11:00:00Z,GAS,GAS FIRED STEAM,668.371734606425,2599
2022-07-03T11:00:00Z,GAS,SIMPLE CYCLE,247.24066260602737,1230
2022-07-03T11:00:00Z,HYDRO,HYDRO,361.053003163851,894
2022-07-03T11:00:00Z,OTHER,BIOMASS,104.44242485364278,154
2022-07-03T11:00:00Z,OTHER,GAS,0,10
2022-07-03T11:00:00Z,OTHER,GAS COGEN,0,58
2022-07-03T11:00:00Z,OTHER,OIL/GAS,43.19717646916707,53
2022-07-03T11:00:00Z,OTHER,WOOD/REFUSE,76.75354509565565,149
2022-07-03T11:00:00Z,SOLAR,SOLAR,0.2432222085032198,936
2022-07-03T11:00:00Z,WIND,WIND,269.76010332089334,2269
2022-07-03T12:00:00Z,COAL,COAL,1173.1169695197211,1266
2022-07-03T12:00:00Z,ENERGY STORAGE,ENERGY STORAGE,0,50
2022-07-03T12:00:00Z,GAS,COGENERATION,3520.5211923909187,5197
2022-07-03T12:00:00Z,GAS,COMBINED CYCLE,1299.74563103252,1810
2022-07-03T12:00:00Z,GAS,GAS FIRED STEAM,651.7091447660658,2599
2022-07-03T12:00:00Z,GAS,SIMPLE CYCLE,247.12522251089413,1230
2022-07-03T12:00:00Z,HYDRO,HYDRO,321.9428028515975,894
2022-07-03T12:00:00Z,OTHER,BIOMASS,106.06423851172129,154
2022-07-03T12:00:00Z,OTHER,GAS,0,10
2022-07-03T12:00:00Z,OTHER,GAS COGEN,0,58
2022-07-03T12:00:00Z,OTHER,OIL/GAS,43.01649807824029,53
2022-07-03T12:00:00Z,OTHER,WOOD/REFUSE,76.30272817399766,149
2022-07-03T12:00:00Z,SOLAR,SOLAR,16.92038859392206,936
2022-07-03T12:00:00Z,WIND,WIND,341.6312188261127,2269
2022-07-03T13:00:00Z,COAL,COAL,1068.3679665205213,1266
2022-07-03T13:00:00Z,ENERGY STORAGE,ENERGY STORAGE,0,50
2022-07-03T13:00:00Z,GAS,COGENERATION,3456.205702181591,5197
2022-07-03T13:00:00Z,GAS,COMBINED CYCLE,1281.6182542551887,1810
2022-07-03T13:00:00Z,GAS,GAS FIRED STEAM,534.1071264224582,2599
2022-07-03T13:00:00Z,GAS,SIMPLE CYCLE,297.58327330357497,1230
2022-07-03T13:00:00Z,HYDRO,HYDRO,595.6142315585083,894
2022-07-03T13:00:00Z,OTHER,BIOMASS,105.21902353922526,154
2022-07-03T13:00:00Z,OTHER,GAS,0,10
2022-07-03T13:00:00Z,OTHER,GAS COGEN,0,58
2022-07-03T13:00:00Z,OTHER,OIL/GAS,43.36808151457045,53
2022-07-03T13:00:00Z,OTHER,WOOD/REFUSE,76.39577542410956,149
2022-07-03T13:00:00Z,SOLAR,SOLAR,65.43238767405352,936
2022-07-03T13:00:00Z,WIND,WIND,375.06964396040473,2269
2022-07-03T14:00:00Z,COAL,COAL,1114.968018714057,1266
2022-07-03T14:00:00Z,ENERGY STORAGE,ENERGY STORAGE,0,50
2022-07-03T14:00:00Z,GAS,COGENERATION,3391.316088905467,5197
2022-07-03T14:00:00Z,GAS,COMBINED CYCLE,1293.548122677803,1810
2022-07-03T14:00:00Z,GAS,GAS FIRED STEAM,615.528409500122,2599
2022-07-03T14:00:00Z,GAS,SIMPLE CYCLE,304.99292030334476,1230
2022-07-03T14:00:00Z,HYDRO,HYDRO,616.361101452907,894
2022-07-03T14:00:00Z,OTHER,BIOMASS,104.60652205467224,154
2022-07-03T14:00:00Z,OTHER,GAS,0,10
2022-07-03T14:00:00Z,OTHER,GAS COGEN,0,58
2022-07-03T14:00:00Z,OTHER,OIL/GAS,43.10494401719835,53
2022-07-03T14:00:00Z,OTHER,WOOD/REFUSE,76.12514399899376,149
2022-07-03T14:00:00Z,SOLAR,SOLAR,169.26894115249317,936
2022-07-03T14:00:00Z,WIND,WIND,379.44924578440686,2269
2022-07-03T15:00:00Z,COAL,COAL,1207.663909327189,1266
2022-07-03T15:00:00Z,ENERGY STORAGE,ENERGY STORAGE,0,50
2022-07-03T15:00:00Z,GAS,COGENERATION,3435.668217758073,5197
2022-07-03T15:00:00Z,GAS,COMBINED CYCLE,1325.3723742961884,1810
2022-07-03T15:00:00Z,GAS,GAS FIRED STEAM,651.1148121431139,2599
2022-07-03T15:00:00Z,GAS,SIMPLE CYCLE,350.9843649393651,1230
2022-07-03T15:00:00Z,HYDRO,HYDRO,645.2626887143983,894
2022-07-03T15:00:00Z,OTHER,BIOMASS,106.26962531036801,154
2022-07-03T15:00:00Z,OTHER,GAS,0,10
2022-07-03T15:00:00Z,OTHER,GAS COGEN,0,58
2022-07-03T15:00:00Z,OTHER,OIL/GAS,43.393071026272246,53
2022-07-03T15:00:00Z,OTHER,WOOD/REFUSE,76.99494665092891,149
2022-07-03T15:00:00Z,SOLAR,SOLAR,210.606995884743,936
2022-07-03T15:00:00Z,WIND,WIND,276.88336662417015,2269
2022-07-03T16:00:00Z,COAL,COAL,1259.4991410488553,1266
2022-07-03T16:00:00Z,ENERGY STORAGE,ENERGY STORAGE,0,50
2022-07-03T16:00:00Z,GAS,COGENERATION,3422.049283165269,5197
2022-07-03T16:00:00Z,GAS,COMBINED CYCLE,1388.3778172630734,1810
2022-07-03T16:00:00Z,GAS,GAS FIRED STEAM,647.9321179538304,2599
2022-07-03T16:00:00Z,GAS,SIMPLE CYCLE,384.0641116644607,1230
2022-07-03T16:00:00Z,HYDRO,HYDRO,641.3692249071598,894
2022-07-03T16:00:00Z,OTHER,BIOMASS,108.07739236434301,154
2022-07-03T16:00:00Z,OTHER,GAS,0,10
2022-07-03T16:00:00Z,OTHER,GAS COGEN,0,58
2022-07-03T16:00:00Z,OTHER,OIL/GAS,42.657949193318686,53
2022-07-03T16:00:00Z,OTHER,WOOD/REFUSE,77.84800231085883,149
2022-07-03T16:00:00Z,SOLAR,SOLAR,256.0282179383437,936
2022-07-03T16:00:00Z,WIND,WIND,303.4565519766696,2269
2022-07-03T17:00:00Z,COAL,COAL,1259.4542397732205,1266
2022-07-03T17:00:00Z,ENERGY STORAGE,ENERGY STORAGE,0,50
2022-07-03T17:00:00Z,GAS,COGENERATION,3407.5172888843217,5197
2022-07-03T17:00:00Z,GAS,COMBINED CYCLE,1426.0385023445554,1810
2022-07-03T17:00:00Z,GAS,GAS FIRED STEAM,650.0946041403877,2599
2022-07-03T17:00:00Z,GAS,SIMPLE CYCLE,459.12269209543865,1230
2022-07-03T17:00:00Z,HYDRO,HYDRO,634.094722415871,894
2022-07-03T17:00:00Z,OTHER,BIOMASS,110.06401257038117,154
2022-07-03T17:00:00Z,OTHER,GAS,0,10
2022-07-03T17:00:00Z,OTHER,GAS COGEN,0,58
2022-07-03T17:00:00Z,OTHER,OIL/GAS,39.10202768961589,53
2022-07-03T17:00:00Z,OTHER,WOOD/REFUSE,76.98021492799123,149
2022-07-03T17:00:00Z,SOLAR,SOLAR,251.0443283926116,936
2022-07-03T17:00:00Z,WIND,WIND,342.20989528875384,2269
2022-07-03T18:00:00Z,COAL,COAL,1259.911201087104,1266
2022-07-03T18:00:00Z,ENERGY STORAGE,ENERGY STORAGE,0,50
2022-07-03T18:00:00Z,GAS,COGENERATION,3446.9828180669415,5197
2022-07-03T18:00:00Z,GAS,COMBINED CYCLE,1432.5156741015116,1810
2022-07-03T18:00:00Z,GAS,GAS FIRED STEAM,764.6091848839654,2599
2022-07-03T18:00:00Z,GAS,SIMPLE CYCLE,466.2854193125831,1230
2022-07-03T18:00:00Z,HYDRO,HYDRO,621.5730374348163,894
2022-07-03T18:00:00Z,OTHER,BIOMASS,108.11333204878702,154
2022-07-03T18:00:00Z,OTHER,GAS,0,10
2022-07-03T18:00:00Z,OTHER,GAS COGEN,0,58
2022-07-03T18:00:00Z,OTHER,OIL/GAS,38.04185941484239,53
2022-07-03T18:00:00Z,OTHER,WOOD/REFUSE,84.07731781641641,149
2022-07-03T18:00:00Z,SOLAR,SOLAR,230.41827389313113,936
2022-07-03T18:00:00Z,WIND,WIND,253.60667887424842,2269
2022-07-03T19:00:00Z,COAL,COAL,1252.2288000149197,1266
2022-07-03T19:00:00Z,ENERGY STORAGE,ENERGY STORAGE,0,50
2022-07-03T19:00:00Z,GAS,COGENERATION,3435.7364891690677,5197
2022-07-03T19:00:00Z,GAS,COMBINED CYCLE,1439.3991285249922,1810
2022-07-03T19:00:00Z,GAS,GAS FIRED STEAM,878.9844995201959,2599
2022-07-03T19:00:00Z,GAS,SIMPLE CYCLE,481.4255014669895,1230
2022-07-03T19:00:00Z,HYDRO,HYDRO,628.8321087830597,894
2022-07-03T19:00:00Z,OTHER,BIOMASS,109.55559754424625,154
2022-07-03T19:00:00Z,OTHER,GAS,0,10
2022-07-03T19:00:00Z,OTHER,GAS COGEN,0,58
2022-07-03T19:00:00Z,OTHER,OIL/GAS,40.46583235846625,53
2022-07-03T19:00:00Z,OTHER,WOOD/REFUSE,84.12387963242,149
2022-07-03T19:00:00Z,SOLAR,SOLAR,172.5502746755547,936
2022-07-03T19:00:00Z,WIND,WIND,152.6423955983503,2269
2022-07-03T20:00:00Z,COAL,COAL,1259.5981828308106,1266
2022-07-03T20:00:00Z,ENERGY STORAGE,ENERGY STORAGE,0,50
2022-07-03T20:00:00Z,GAS,COGENERATION,3422.4841534993384,5197
2022-07-03T20:00:00Z,GAS,COMBINED CYCLE,1446.126660407914,1810
2022-07-03T20:00:00Z,GAS,GAS FIRED STEAM,931.3995510186089,2599
2022-07-03T20:00:00Z,GAS,SIMPLE CYCLE,485.5972499388456,1230
2022-07-03T20:00:00Z,HYDRO,HYDRO,638.1667439613077,894
2022-07-03T20:00:00Z,OTHER,BIOMASS,109.14245580514272,154
2022-07-03T20:00:00Z,OTHER,GAS,0,10
2022-07-03T20:00:00Z,OTHER,GAS COGEN,0,58
2022-07-03T20:00:00Z,OTHER,OIL/GAS,40.706193904876706,53
2022-07-03T20:00:00Z,OTHER,WOOD/REFUSE,86.91819959905412,149
2022-07-03T20:00:00Z,SOLAR,SOLAR,152.34160866995651,936
2022-07-03T20:00:00Z,WIND,WIND,167.08580695853465,2269
2022-07-03T21:00:00Z,COAL,COAL,1250.1495846557616,1266
2022-07-03T21:00:00Z,ENERGY STORAGE,ENERGY STORAGE,0,50
2022-07-03T21:00:00Z,GAS,COGENERATION,3416.5455524366434,5197
2022-07-03T21:00:00Z,GAS,COMBINED CYCLE,1466.7029472229215,1810
2022-07-03T21:00:00Z,GAS,GAS FIRED STEAM,952.3742855326335,2599
2022-07-03T21:00:00Z,GAS,SIMPLE CYCLE,508.19523018252517,1230
2022-07-03T21:00:00Z,HYDRO,HYDRO,600.0979387557506,894
2022-07-03T21:00:00Z,OTHER,BIOMASS,109.4116066895591,154
2022-07-03T21:00:00Z,OTHER,GAS,0,10
2022-07-03T21:00:00Z,OTHER,GAS COGEN,0,58
2022-07-03T21:00:00Z,OTHER,OIL/GAS,41.08797602123684,53
2022-07-03T21:00:00Z,OTHER,WOOD/REFUSE,84.94163967238532,149
2022-07-03T21:00:00Z,SOLAR,SOLAR,139.3213863566849,936
2022-07-03T21:00:00Z,WIND,WIND,168.69829015452828,2269
2022-07-03T22:00:00Z,COAL,COAL,1253.734691450331,1266
2022-07-03T22:00:00Z,ENERGY STORAGE,ENERGY STORAGE,0,50
2022-07-03T22:00:00Z,GAS,COGENERATION,3417.27025407003,5197
2022-07-03T22:00:00Z,GAS,COMBINED CYCLE,1472.713910281923,1810
2022-07-03T22:00:00Z,GAS,GAS FIRED STEAM,963.8228474256728,2599
2022-07-03T22:00:00Z,GAS,SIMPLE CYCLE,587.3800373363496,1230
2022-07-03T22:00:00Z,HYDRO,HYDRO,639.9278353826205,894
2022-07-03T22:00:00Z,OTHER,BIOMASS,109.96394293467205,154
2022-07-03T22:00:00Z,OTHER,GAS,0,10
2022-07-03T22:00:00Z,OTHER,GAS COGEN,0,58
2022-07-03T22:00:00Z,OTHER,OIL/GAS,41.18502684487237,53
2022-07-03T22:00:00Z,OTHER,WOOD/REFUSE,84.91560585975648,149
2022-07-03T22:00:00Z,SOLAR,SOLAR,129.23805300785435,936
2022-07-03T22:00:00Z,WIND,WIND,189.40509729669324,2269
2022-07-03T23:00:00Z,COAL,COAL,1260.3603684319392,1266
2022-07-03T23:00:00Z,ENERGY STORAGE,ENERGY STORAGE,0,50
2022-07-03T23:00:00Z,GAS,COGENERATION,3425.143595676422,5197
2022-07-03T23:00:00Z,GAS,COMBINED CYCLE,1502.5121121475431,1810
2022-07-03T23:00:00Z,GAS,GAS FIRED STEAM,1008.0845986599393,2599
2022-07-03T23:00:00Z,GAS,SIMPLE CYCLE,600.8908336688412,1230
2022-07-03T23:00:00Z,HYDRO,HYDRO,627.289101763169,894
2022-07-03T23:00:00Z,OTHER,BIOMASS,112.28673377831777,154
2022-07-03T23:00:00Z,OTHER,GAS,0,10
2022-07-03T23:00:00Z,OTHER,GAS COGEN,0,58
2022-07-03T23:00:00Z,OTHER,OIL/GAS,41.533649402194555,53
2022-07-03T23:00:00Z,OTHER,WOOD/REFUSE,85.71950322681003,149
2022-07-03T23:00:00Z,SOLAR,SOLAR,108.75738678309652,936
2022-07-03T23:00:00Z,WIND,WIND,169.08134716042213,2269
2022-07-04T00:00:00Z,COAL,COAL,1259.8495828755697,1266
2022-07-04T00:00:00Z,ENERGY STORAGE,ENERGY STORAGE,0,50
2022-07-04T00:00:00Z,GAS,COGENERATION,3433.788195347786,5197
2022-07-04T00:00:00Z,GAS,COMBINED CYCLE,1504.721122672293,1810
2022-07-04T00:00:00Z,GAS,GAS FIRED STEAM,1026.6952989705403,2599
2022-07-04T00:00:00Z,GAS,SIMPLE CYCLE,597.7413477643331,1230
2022-07-04T00:00:00Z,HYDRO,HYDRO,616.603038532734,894
2022-07-04T00:00:00Z,OTHER,BIOMASS,116.30937173896366,154
2022-07-04T00:00:00Z,OTHER,GAS,0,10
2022-07-04T00:00:00Z,OTHER,GAS COGEN,0,58
2022-07-04T00:00:00Z,OTHER,OIL/GAS,42.00541071150038,53
2022-07-04T00:00:00Z,OTHER,WOOD/REFUSE,85.80941568109725,149
2022-07-04T00:00:00Z,SOLAR,SOLAR,65.67905446492964,936
2022-07-04T00:00:00Z,WIND,WIND,156.98228817303146,2269
2022-07-04T01:00:00Z,COAL,COAL,1259.7941443040636,1266
2022-07-04T01:00:00Z,ENERGY STORAGE,ENERGY STORAGE,0,50
2022-07-04T01:00:00Z,GAS,COGENERATION,3442.948757427666,5197
2022-07-04T01:00:00Z,GAS,COMBINED CYCLE,1488.4500243165758,1810
2022-07-04T01:00:00Z,GAS,GAS FIRED STEAM,977.2456281704373,2599
2022-07-04T01:00:00Z,GAS,SIMPLE CYCLE,584.8492011087471,1230
2022-07-04T01:00:00Z,HYDRO,HYDRO,619.2442239639494,894
2022-07-04T01:00:00Z,OTHER,BIOMASS,116.56581728140513,154
2022-07-04T01:00:00Z,OTHER,GAS,0,10
2022-07-04T01:00:00Z,OTHER,GAS COGEN,0,58
2022-07-04T01:00:00Z,OTHER,OIL/GAS,42.119916631910534,53
2022-07-04T01:00:00Z,OTHER,WOOD/REFUSE,86.2728284131156,149
2022-07-04T01:00:00Z,SOLAR,SOLAR,28.25744399719768,936
2022-07-04T01:00:00Z,WIND,WIND,167.77249589007968,2269
2022-07-04T02:00:00Z,COAL,COAL,1259.8030870225693,1266
2022-07-04T02:00:00Z,ENERGY STORAGE,ENERGY STORAGE,0,50
2022-07-04T02:00:00Z,GAS,COGENERATION,3456.518354258405,5197
2022-07-04T02:00:00Z,GAS,COMBINED CYCLE,1506.718484251764,1810
2022-07-04T02:00:00Z,GAS,GAS FIRED STEAM,962.4293096330431,2599
2022-07-04T02:00:00Z,GAS,SIMPLE CYCLE,595.9825231943196,1230
2022-07-04T02:00:00Z,HYDRO,HYDRO,647.1478205831846,894
2022-07-04T02:00:00Z,OTHER,BIOMASS,115.61711205694411,154
2022-07-04T02:00:00Z,OTHER,GAS,0,10
2022-07-04T02:00:00Z,OTHER,GAS COGEN,0,58
2022-07-04T02:00:00Z,OTHER,OIL/GAS,41.881754597557915,53
2022-07-04T02:00:00Z,OTHER,WOOD/REFUSE,87.02786118242476,149
2022-07-04T02:00:00Z,SOLAR,SOLAR,6.567499932001034,936
2022-07-04T02:00:00Z,WIND,WIND,123.92286709230807,2269
2022-07-04T03:00:00Z,COAL,COAL,1260.589456431071,1266
2022-07-04T03:00:00Z,ENERGY STORAGE,ENERGY STORAGE,0,50
2022-07-04T03:00:00Z,GAS,COGENERATION,3473.5526655034223,5197
2022-07-04T03:00:00Z,GAS,COMBINED CYCLE,1508.6918641662598,1810
2022-07-04T03:00:00Z,GAS,GAS FIRED STEAM,987.5790775044759,2599
2022-07-04T03:00:00Z,GAS,SIMPLE CYCLE,513.5860622604026,1230
2022-07-04T03:00:00Z,HYDRO,HYDRO,616.2849800248941,894
2022-07-04T03:00:00Z,OTHER,BIOMASS,116.2738141351276,154
2022-07-04T03:00:00Z,OTHER,GAS,0,10
2022-07-04T03:00:00Z,OTHER,GAS COGEN,0,58
2022-07-04T03:00:00Z,OTHER,OIL/GAS,40.70645411809286,53
2022-07-04T03:00:00Z,OTHER,WOOD/REFUSE,86.67509651290045,149
2022-07-04T03:00:00Z,SOLAR,SOLAR,0.038444444619947005,936
2022-07-04T03:00:00Z,WIND,WIND,123.87274449404742,2269
2022-07-04T04:00:00Z,COAL,COAL,1260.1144670444064,1266
2022-07-04T04:00:00Z,ENERGY STORAGE,ENERGY STORAGE,0,50
2022-07-04T04:00:00Z,GAS,COGENERATION,3488.213223239316,5197
2022-07-04T04:00:00Z,GAS,COMBINED CYCLE,1486.845589524375,1810
2022-07-04T04:00:00Z,GAS,GAS FIRED STEAM,936.5290519460042,2599
2022-07-04T04:00:00Z,GAS,SIMPLE CYCLE,505.29425488366024,1230
2022-07-04T04:00:00Z,HYDRO,HYDRO,588.9724074485566,894
2022-07-04T04:00:00Z,OTHER,BIOMASS,117.21767511950598,154
2022-07-04T04:00:00Z,OTHER,GAS,0,10
2022-07-04T04:00:00Z,OTHER,GAS COGEN,0,58
2022-07-04T04:00:00Z,OTHER,OIL/GAS,40.99262056350708,53
2022-07-04T04:00:00Z,OTHER,WOOD/REFUSE,86.95479122108883,149
2022-07-04T04:00:00Z,SOLAR,SOLAR,0,936
2022-07-04T04:00:00Z,WIND,WIND,121.66740427055292,2269
2022-07-04T05:00:00Z,COAL,COAL,1259.2150157674155,1266
2022-07-04T05:00:00Z,ENERGY STORAGE,ENERGY STORAGE,0,50
2022-07-04T05:00:00Z,GAS,COGENERATION,3483.0501801092096,5197
2022-07-04T05:00:00Z,GAS,COMBINED CYCLE,1379.0139529911678,1810
2022-07-04T05:00:00Z,GAS,GAS FIRED STEAM,922.5645624966091,2599
2022-07-04T05:00:00Z,GAS,SIMPLE CYCLE,481.47280002726444,1230
2022-07-04T05:00:00Z,HYDRO,HYDRO,508.21763183257644,894
2022-07-04T05:00:00Z,OTHER,BIOMASS,115.41401140318976,154
2022-07-04T05:00:00Z,OTHER,GAS,0,10
2022-07-04T05:00:00Z,OTHER,GAS COGEN,0,58
2022-07-04T05:00:00Z,OTHER,OIL/GAS,41.57575986650255,53
2022-07-04T05:00:00Z,OTHER,WOOD/REFUSE,86.10136283768547,149
2022-07-04T05:00:00Z,SOLAR,SOLAR,0,936
2022-07-04T05:00:00Z,WIND,WIND,116.74540964606736,2269
2022-07-04T06:00:00Z,COAL,COAL,1260.2166340806748,1266
2022-07-04T06:00:00Z,ENERGY STORAGE,ENERGY STORAGE,0,50
2022-07-04T06:00:00Z,GAS,COGENERATION,3500.6293697337974,5197
2022-07-04T06:00:00Z,GAS,COMBINED CYCLE,1346.3334449428983,1810
2022-07-04T06:00:00Z,GAS,GAS FIRED STEAM,796.558402841356,2599
2022-07-04T06:00:00Z,GAS,SIMPLE CYCLE,462.5611081324683,1230
2022-07-04T06:00:00Z,HYDRO,HYDRO,499.7254558257924,894
2022-07-04T06:00:00Z,OTHER,BIOMASS,112.6672295167711,154
2022-07-04T06:00:00Z,OTHER,GAS,0,10
2022-07-04T06:00:00Z,OTHER,GAS COGEN,0,58
2022-07-04T06:00:00Z,OTHER,OIL/GAS,41.77115384419759,53
2022-07-04T06:00:00Z,OTHER,WOOD/REFUSE,84.01539213816325,149
2022-07-04T06:00:00Z,SOLAR,SOLAR,0,936
2022-07-04T06:00:00Z,WIND,WIND,112.26574796096318,2269
2022-07-04T07:00:00Z,COAL,COAL,1260.185530734592,1266
2022-07-04T07:00:00Z,ENERGY STORAGE,ENERGY STORAGE,0,50
2022-07-04T07:00:00Z,GAS,COGENERATION,3527.283068276511,5197
2022-07-04T07:00:00Z,GAS,COMBINED CYCLE,1318.052527806494,1810
2022-07-04T07:00:00Z,GAS,GAS FIRED STEAM,732.2912388780383,2599
2022-07-04T07:00:00Z,GAS,SIMPLE CYCLE,363.67355905284484,1230
2022-07-04T07:00:00Z,HYDRO,HYDRO,413.70748465933735,894
2022-07-04T07:00:00Z,OTHER,BIOMASS,111.7094485563702,154
2022-07-04T07:00:00Z,OTHER,GAS,0,10
2022-07-04T07:00:00Z,OTHER,GAS COGEN,0,58
2022-07-04T07:00:00Z,OTHER,OIL/GAS,38.40749357011583,53
2022-07-04T07:00:00Z,OTHER,WOOD/REFUSE,80.48703935040368,149
2022-07-04T07:00:00Z,SOLAR,SOLAR,0,936
2022-07-04T07:00:00Z,WIND,WIND,165.93678002478347,2269
2022-07-04T08:00:00Z,COAL,COAL,1250.792746310764,1266
2022-07-04T08:00:00Z,ENERGY STORAGE,ENERGY STORAGE,0,50
2022-07-04T08:00:00Z,GAS,COGENERATION,3542.4439915293456,5197
2022-07-04T08:00:00Z,GAS,COMBINED CYCLE,1323.2300356902017,1810
2022-07-04T08:00:00Z,GAS,GAS FIRED STEAM,661.5167504204644,2599
2022-07-04T08:00:00Z,GAS,SIMPLE CYCLE,319.6554091835022,1230
2022-07-04T08:00:00Z,HYDRO,HYDRO,378.2987306446499,894
2022-07-04T08:00:00Z,OTHER,BIOMASS,107.83314293649461,154
2022-07-04T08:00:00Z,OTHER,GAS,0,10
2022-07-04T08:00:00Z,OTHER,GAS COGEN,0,58
2022-07-04T08:00:00Z,OTHER,OIL/GAS,38.55980354944865,53
2022-07-04T08:00:00Z,OTHER,WOOD/REFUSE,81.60814420276219,149
2022-07-04T08:00:00Z,SOLAR,SOLAR,0,936
2022-07-04T08:00:00Z,WIND,WIND,177.82050484263235,2269
2022-07-04T09:00:00Z,COAL,COAL,1163.4340111456977,1266
2022-07-04T09:00:00Z,ENERGY STORAGE,ENERGY STORAGE,-1.5063331084781222,50
2022-07-04T09:00:00Z,GAS,COGENERATION,3585.7594454163977,5197
2022-07-04T09:00:00Z,GAS,COMBINED CYCLE,1312.1562039735581,1810
2022-07-04T09:00:00Z,GAS,GAS FIRED STEAM,664.7702600860596,2599
2022-07-04T09:00:00Z,GAS,SIMPLE CYCLE,320.5610806184345,1230
2022-07-04T09:00:00Z,HYDRO,HYDRO,366.7689896512197,894
2022-07-04T09:00:00Z,OTHER,BIOMASS,107.63900624434153,154
2022-07-04T09:00:00Z,OTHER,GAS,0,10
2022-07-04T09:00:00Z,OTHER,GAS COGEN,0,58
2022-07-04T09:00:00Z,OTHER,OIL/GAS,38.54526056077745,53
2022-07-04T09:00:00Z,OTHER,WOOD/REFUSE,81.48732139269512,149
2022-07-04T09:00:00Z,SOLAR,SOLAR,0,936
2022-07-04T09:00:00Z,WIND,WIND,206.15698515398634,2269
2022-07-04T10:00:00Z,COAL,COAL,1243.2073613484702,1266
2022-07-04T10:00:00Z,ENERGY STORAGE,ENERGY STORAGE,-2.8863328997294104,50
2022-07-04T10:00:00Z,GAS,COGENERATION,3618.20753541102,5197
2022-07-04T10:00:00Z,GAS,COMBINED CYCLE,1308.8457222186196,1810
2022-07-04T10:00:00Z,GAS,GAS FIRED STEAM,662.9434304979112,2599
2022-07-04T10:00:00Z,GAS,SIMPLE CYCLE,321.0577987088098,1230
2022-07-04T10:00:00Z,HYDRO,HYDRO,388.30954911935663,894
2022-07-04T10:00:00Z,OTHER,BIOMASS,107.19841268274519,154
2022-07-04T10:00:00Z,OTHER,GAS,0,10
2022-07-04T10:00:00Z,OTHER,GAS COGEN,0,58
2022-07-04T10:00:00Z,OTHER,OIL/GAS,38.21783257378472,53
2022-07-04T10:00:00Z,OTHER,WOOD/REFUSE,81.66147304640876,149
2022-07-04T10:00:00Z,SOLAR,SOLAR,0,936
2022-07-04T10:00:00Z,WIND,WIND,142.01584889659452,2269
2022-07-04T11:00:00Z,COAL,COAL,1259.3713638983834,1266
2022-07-04T11:00:00Z,ENERGY STORAGE,ENERGY STORAGE,-2.1086112594604494,50
2022-07-04T11:00:00Z,GAS,COGENERATION,3640.5947788707413,5197
2022-07-04T11:00:00Z,GAS,COMBINED CYCLE,1307.496302892367,1810
2022-07-04T11:00:00Z,GAS,GAS FIRED STEAM,674.0655344947179,2599
2022-07-04T11:00:00Z,GAS,SIMPLE CYCLE,328.5483237689734,1230
2022-07-04T11:00:00Z,HYDRO,HYDRO,402.2884534925554,894
2022-07-04T11:00:00Z,OTHER,BIOMASS,109.02608071698083,154
2022-07-04T11:00:00Z,OTHER,GAS,0,10
2022-07-04T11:00:00Z,OTHER,GAS COGEN,0,58
2022-07-04T11:00:00Z,OTHER,OIL/GAS,39.95644354290432,53
2022-07-04T11:00:00Z,OTHER,WOOD/REFUSE,80.76878971576691,149
2022-07-04T11:00:00Z,SOLAR,SOLAR,0,936
2022-07-04T11:00:00Z,WIND,WIND,89.38355692989296,2269
2022-07-04T12:00:00Z,COAL,COAL,1259.5485395473904,1266
2022-07-04T12:00:00Z,ENERGY STORAGE,ENERGY STORAGE,-0.2282230928209093,50
2022-07-04T12:00:00Z,GAS,COGENERATION,3647.821007772154,5197
2022-07-04T12:00:00Z,GAS,COMBINED CYCLE,1306.790017047988,1810
2022-07-04T12:00:00Z,GAS,GAS FIRED STEAM,806.1317229673597,2599
2022-07-04T12:00:00Z,GAS,SIMPLE CYCLE,374.5470896483461,1230
2022-07-04T12:00:00Z,HYDRO,HYDRO,446.4472547149493,894
2022-07-04T12:00:00Z,OTHER,BIOMASS,113.01359684096442,154
2022-07-04T12:00:00Z,OTHER,GAS,0,10
2022-07-04T12:00:00Z,OTHER,GAS COGEN,0,58
2022-07-04T12:00:00Z,OTHER,OIL/GAS,39.656955070495606,53
2022-07-04T12:00:00Z,OTHER,WOOD/REFUSE,83.32955932087368,149
2022-07-04T12:00:00Z,SOLAR,SOLAR,2.90677772121297,936
2022-07-04T12:00:00Z,WIND,WIND,110.19005109096567,2269
2022-07-04T13:00:00Z,COAL,COAL,1260.364805179172,1266
2022-07-04T13:00:00Z,ENERGY STORAGE,ENERGY STORAGE,-0.20444522433810763,50
2022-07-04T13:00:00Z,GAS,COGENERATION,3620.6112141370772,5197
2022-07-04T13:00:00Z,GAS,COMBINED CYCLE,1305.1517376841439,1810
2022-07-04T13:00:00Z,GAS,GAS FIRED STEAM,817.7243946350945,2599
2022-07-04T13:00:00Z,GAS,SIMPLE CYCLE,504.7981273616685,1230
2022-07-04T13:00:00Z,HYDRO,HYDRO,591.716083331638,894
2022-07-04T13:00:00Z,OTHER,BIOMASS,114.92896572060054,154
2022-07-04T13:00:00Z,OTHER,GAS,0,10
2022-07-04T13:00:00Z,OTHER,GAS COGEN,0,58
2022-07-04T13:00:00Z,OTHER,OIL/GAS,39.737543392181394,53
2022-07-04T13:00:00Z,OTHER,WOOD/REFUSE,82.11190517743428,149
2022-07-04T13:00:00Z,SOLAR,SOLAR,13.965277475234535,936
2022-07-04T13:00:00Z,WIND,WIND,135.90676799683933,2269
2022-07-04T14:00:00Z,COAL,COAL,1259.057422281901,1266
2022-07-04T14:00:00Z,ENERGY STORAGE,ENERGY STORAGE,-0.08261142624749078,50
2022-07-04T14:00:00Z,GAS,COGENERATION,3566.1167736282614,5197
2022-07-04T14:00:00Z,GAS,COMBINED CYCLE,1388.781489923795,1810
2022-07-04T14:00:00Z,GAS,GAS FIRED STEAM,975.1962117089166,2599
2022-07-04T14:00:00Z,GAS,SIMPLE CYCLE,591.8360691112612,1230
2022-07-04T14:00:00Z,HYDRO,HYDRO,604.6645034809908,894
2022-07-04T14:00:00Z,OTHER,BIOMASS,114.11308991114298,154
2022-07-04T14:00:00Z,OTHER,GAS,0,10
2022-07-04T14:00:00Z,OTHER,GAS COGEN,0,58
2022-07-04T14:00:00Z,OTHER,OIL/GAS,39.44487121158176,53
2022-07-04T14:00:00Z,OTHER,WOOD/REFUSE,82.39722288343641,149
2022-07-04T14:00:00Z,SOLAR,SOLAR,33.223832522150545,936
2022-07-04T14:00:00Z,WIND,WIND,141.21623030042483,2269
2022-07-04T15:00:00Z,COAL,COAL,1258.8835813056098,1266
2022-07-04T15:00:00Z,ENERGY STORAGE,ENERGY STORAGE,0,50
2022-07-04T15:00:00Z,GAS,COGENERATION,3597.1005863995024,5197
2022-07-04T15:00:00Z,GAS,COMBINED CYCLE,1389.0506159967847,1810
2022-07-04T15:00:00Z,GAS,GAS FIRED STEAM,1053.130885327657,2599
2022-07-04T15:00:00Z,GAS,SIMPLE CYCLE,665.081690948142,1230
2022-07-04T15:00:00Z,HYDRO,HYDRO,652.8179937783877,894
2022-07-04T15:00:00Z,OTHER,BIOMASS,110.36010918299357,154
2022-07-04T15:00:00Z,OTHER,GAS,0,10
2022-07-04T15:00:00Z,OTHER,GAS COGEN,0,58
2022-07-04T15:00:00Z,OTHER,OIL/GAS,39.57640482372708,53
2022-07-04T15:00:00Z,OTHER,WOOD/REFUSE,79.13913806200027,149
2022-07-04T15:00:00Z,SOLAR,SOLAR,53.2903323018882,936
2022-07-04T15:00:00Z,WIND,WIND,129.29911197060926,2269
2022-07-04T16:00:00Z,COAL,COAL,1258.5684280395508,1266
2022-07-04T16:00:00Z,ENERGY STORAGE,ENERGY STORAGE,0,50
2022-07-04T16:00:00Z,GAS,COGENERATION,3567.3020809406703,5197
2022-07-04T16:00:00Z,GAS,COMBINED CYCLE,1473.2076640727785,1810
2022-07-04T16:00:00Z,GAS,GAS FIRED STEAM,1205.8567378234864,2599
2022-07-04T16:00:00Z,GAS,SIMPLE CYCLE,657.8928346575631,1230
2022-07-04T16:00:00Z,HYDRO,HYDRO,608.3703368079663,894
2022-07-04T16:00:00Z,OTHER,BIOMASS,111.56263122664558,154
2022-07-04T16:00:00Z,OTHER,GAS,0,10
2022-07-04T16:00:00Z,OTHER,GAS COGEN,0,58
2022-07-04T16:00:00Z,OTHER,OIL/GAS,39.6466714392768,53
2022-07-04T16:00:00Z,OTHER,WOOD/REFUSE,83.27486452261606,149
2022-07-04T16:00:00Z,SOLAR,SOLAR,92.85649767539567,936
2022-07-04T16:00:00Z,WIND,WIND,86.4029620166661,2269
2022-07-04T17:00:00Z,COAL,COAL,1260.1022988043892,1266
2022-07-04T17:00:00Z,ENERGY STORAGE,ENERGY STORAGE,0,50
2022-07-04T17:00:00Z,GAS,COGENERATION,3539.852480664253,5197
2022-07-04T17:00:00Z,GAS,COMBINED CYCLE,1466.898057507409,1810
2022-07-04T17:00:00Z,GAS,GAS FIRED STEAM,1177.6056669616698,2599
2022-07-04T17:00:00Z,GAS,SIMPLE CYCLE,669.5822993389766,1230
2022-07-04T17:00:00Z,HYDRO,HYDRO,598.1056710351838,894
2022-07-04T17:00:00Z,OTHER,BIOMASS,110.23322622670068,154
2022-07-04T17:00:00Z,OTHER,GAS,0,10
2022-07-04T17:00:00Z,OTHER,GAS COGEN,0,58
2022-07-04T17:00:00Z,OTHER,OIL/GAS,39.0746164533827,53
2022-07-04T17:00:00Z,OTHER,WOOD/REFUSE,82.96065595255958,149
2022-07-04T17:00:00Z,SOLAR,SOLAR,181.19399624082777,936
2022-07-04T17:00:00Z,WIND,WIND,113.68919468387962,2269
2022-07-04T18:00:00Z,COAL,COAL,1259.2313122049968,1266
2022-07-04T18:00:00Z,ENERGY STORAGE,ENERGY STORAGE,0,50
2022-07-04T18:00:00Z,GAS,COGENERATION,3528.823842848407,5197
2022-07-04T18:00:00Z,GAS,COMBINED CYCLE,1475.6482360892826,1810
2022-07-04T18:00:00Z,GAS,GAS FIRED STEAM,1149.9882604387071,2599
2022-07-04T18:00:00Z,GAS,SIMPLE CYCLE,645.2605023932457,1230
2022-07-04T18:00:00Z,HYDRO,HYDRO,616.1671447424094,894
2022-07-04T18:00:00Z,OTHER,BIOMASS,110.87089493433635,154
2022-07-04T18:00:00Z,OTHER,GAS,0,10
2022-07-04T18:00:00Z,OTHER,GAS COGEN,0,58
2022-07-04T18:00:00Z,OTHER,OIL/GAS,39.55522103839451,53
2022-07-04T18:00:00Z,OTHER,WOOD/REFUSE,83.43238401545419,149
2022-07-04T18:00:00Z,SOLAR,SOLAR,248.30727341062493,936
2022-07-04T18:00:00Z,WIND,WIND,135.44503228326224,2269
2022-07-04T19:00:00Z,COAL,COAL,1258.3597461276586,1266
2022-07-04T19:00:00Z,ENERGY STORAGE,ENERGY STORAGE,0,50
2022-07-04T19:00:00Z,GAS,COGENERATION,3515.1146108815406,5197
2022-07-04T19:00:00Z,GAS,COMBINED CYCLE,1480.897313117981,1810
2022-07-04T19:00:00Z,GAS,GAS FIRED STEAM,1169.7703096856012,2599
2022-07-04T19:00:00Z,GAS,SIMPLE CYCLE,654.0358707809448,1230
2022-07-04T19:00:00Z,HYDRO,HYDRO,603.8700160867638,894
2022-07-04T19:00:00Z,OTHER,BIOMASS,110.24600418249766,154
2022-07-04T19:00:00Z,OTHER,GAS,0,10
2022-07-04T19:00:00Z,OTHER,GAS COGEN,0,58
2022-07-04T19:00:00Z,OTHER,OIL/GAS,39.45132691065471,53
2022-07-04T19:00:00Z,OTHER,WOOD/REFUSE,84.3903000746833,149
2022-07-04T19:00:00Z,SOLAR,SOLAR,199.86866301991873,936
2022-07-04T19:00:00Z,WIND,WIND,192.75829672360587,2269
2022-07-04T20:00:00Z,COAL,COAL,1260.436921251085,1266
2022-07-04T20:00:00Z,ENERGY STORAGE,ENERGY STORAGE,0,50
2022-07-04T20:00:00Z,GAS,COGENERATION,3501.6942051034503,5197
2022-07-04T20:00:00Z,GAS,COMBINED CYCLE,1477.8534115844304,1810
2022-07-04T20:00:00Z,GAS,GAS FIRED STEAM,1094.9417199961345,2599
2022-07-04T20:00:00Z,GAS,SIMPLE CYCLE,630.0405657688776,1230
2022-07-04T20:00:00Z,HYDRO,HYDRO,635.6400668178665,894
2022-07-04T20:00:00Z,OTHER,BIOMASS,110.65759513801999,154
2022-07-04T20:00:00Z,OTHER,GAS,0,10
2022-07-04T20:00:00Z,OTHER,GAS COGEN,0,58
2022-07-04T20:00:00Z,OTHER,OIL/GAS,39.468670495351155,53
2022-07-04T20:00:00Z,OTHER,WOOD/REFUSE,82.84487691614363,149
2022-07-04T20:00:00Z,SOLAR,SOLAR,246.17727320167754,936
2022-07-04T20:00:00Z,WIND,WIND,227.40193550104897,2269
2022-07-04T21:00:00Z,COAL,COAL,1258.7437964375813,1266
2022-07-04T21:00:00Z,ENERGY STORAGE,ENERGY STORAGE,0,50
2022-07-04T21:00:00Z,GAS,COGENERATION,3482.212610425684,5197
2022-07-04T21:00:00Z,GAS,COMBINED CYCLE,1470.0989284038544,1810
2022-07-04T21:00:00Z,GAS,GAS FIRED STEAM,1162.6227412753635,2599
2022-07-04T21:00:00Z,GAS,SIMPLE CYCLE,652.2218432617187,1230
2022-07-04T21:00:00Z,HYDRO,HYDRO,593.7020282248656,894
2022-07-04T21:00:00Z,OTHER,BIOMASS,110.84185044818454,154
2022-07-04T21:00:00Z,OTHER,GAS,0,10
2022-07-04T21:00:00Z,OTHER,GAS COGEN,0,58
2022-07-04T21:00:00Z,OTHER,OIL/GAS,39.93732087029351,53
2022-07-04T21:00:00Z,OTHER,WOOD/REFUSE,83.71199971967273,149
2022-07-04T21:00:00Z,SOLAR,SOLAR,229.29060684435896,936
2022-07-04T21:00:00Z,WIND,WIND,271.12098037276,2269
2022-07-04T22:00:00Z,COAL,COAL,1259.4720272996692,1266
2022-07-04T22:00:00Z,ENERGY STORAGE,ENERGY STORAGE,0,50
2022-07-04T22:00:00Z,GAS,COGENERATION,3480.635339688195,5197
2022-07-04T22:00:00Z,GAS,COMBINED CYCLE,1460.8145281055238,1810
2022-07-04T22:00:00Z,GAS,GAS FIRED STEAM,1056.8027798631456,2599
2022-07-04T22:00:00Z,GAS,SIMPLE CYCLE,616.1747146270673,1230
2022-07-04T22:00:00Z,HYDRO,HYDRO,625.2077510946327,894
2022-07-04T22:00:00Z,OTHER,BIOMASS,111.14247627364264,154
2022-07-04T22:00:00Z,OTHER,GAS,0,10
2022-07-04T22:00:00Z,OTHER,GAS COGEN,0,58
2022-07-04T22:00:00Z,OTHER,OIL/GAS,39.893487497965495,53
2022-07-04T22:00:00Z,OTHER,WOOD/REFUSE,84.53894841088189,149
2022-07-04T22:00:00Z,SOLAR,SOLAR,330.28343774129945,936
2022-07-04T22:00:00Z,WIND,WIND,299.91584261476993,2269
2022-07-04T23:00:00Z,COAL,COAL,1259.0043052842882,1266
2022-07-04T23:00:00Z,ENERGY STORAGE,ENERGY STORAGE,-5.5555767483181424e-5,50
2022-07-04T23:00:00Z,GAS,COGENERATION,3498.522879401578,5197
2022-07-04T23:00:00Z,GAS,COMBINED CYCLE,1496.28568426768,1810
2022-07-04T23:00:00Z,GAS,GAS FIRED STEAM,1145.5916135999892,2599
2022-07-04T23:00:00Z,GAS,SIMPLE CYCLE,679.8218304410245,1230
2022-07-04T23:00:00Z,HYDRO,HYDRO,595.4417673524056,894
2022-07-04T23:00:00Z,OTHER,BIOMASS,110.2684388335546,154
2022-07-04T23:00:00Z,OTHER,GAS,0,10
2022-07-04T23:00:00Z,OTHER,GAS COGEN,0,58
2022-07-04T23:00:00Z,OTHER,OIL/GAS,39.678176947699654,53
2022-07-04T23:00:00Z,OTHER,WOOD/REFUSE,86.10599371724659,149
2022-07-04T23:00:00Z,SOLAR,SOLAR,273.66610574639503,936
2022-07-04T23:00:00Z,WIND,WIND,288.54294241997934,2269
2022-07-05T00:00:00Z,COAL,COAL,1260.2830819702149,1266
2022-07-05T00:00:00Z,ENERGY STORAGE,ENERGY STORAGE,0,50
2022-07-05T00:00:00Z,GAS,COGENERATION,3499.2069785057174,5197
2022-07-05T00:00:00Z,GAS,COMBINED CYCLE,1505.3593974908192,1810
2022-07-05T00:00:00Z,GAS,GAS FIRED STEAM,1146.6322140842015,2599
2022-07-05T00:00:00Z,GAS,SIMPLE CYCLE,641.3331316492292,1230
2022-07-05T00:00:00Z,HYDRO,HYDRO,619.1558595218924,894
2022-07-05T00:00:00Z,OTHER,BIOMASS,108.80679364098442,154
2022-07-05T00:00:00Z,OTHER,GAS,0,10
2022-07-05T00:00:00Z,OTHER,GAS COGEN,0,58
2022-07-05T00:00:00Z,OTHER,OIL/GAS,39.788237963782414,53
2022-07-05T00:00:00Z,OTHER,WOOD/REFUSE,85.06834816402859,149
2022-07-05T00:00:00Z,SOLAR,SOLAR,170.60721912708547,936
2022-07-05T00:00:00Z,WIND,WIND,289.8901185081237,2269
2022-07-05T01:00:00Z,COAL,COAL,1258.2486348130967,1266
2022-07-05T01:00:00Z,ENERGY STORAGE,ENERGY STORAGE,0,50
2022-07-05T01:00:00Z,GAS,COGENERATION,3504.8759129034147,5197
2022-07-05T01:00:00Z,GAS,COMBINED CYCLE,1500.4734553019207,1810
2022-07-05T01:00:00Z,GAS,GAS FIRED STEAM,1123.3270929124621,2599
2022-07-05T01:00:00Z,GAS,SIMPLE CYCLE,686.4319582539134,1230
2022-07-05T01:00:00Z,HYDRO,HYDRO,637.6033371867073,894
2022-07-05T01:00:00Z,OTHER,BIOMASS,111.92008364783392,154
2022-07-05T01:00:00Z,OTHER,GAS,0,10
2022-07-05T01:00:00Z,OTHER,GAS COGEN,0,58
2022-07-05T01:00:00Z,OTHER,OIL/GAS,39.62922720379299,53
2022-07-05T01:00:00Z,OTHER,WOOD/REFUSE,86.60333596017625,149
2022-07-05T01:00:00Z,SOLAR,SOLAR,78.52538753363821,936
2022-07-05T01:00:00Z,WIND,WIND,235.81230235233903,2269
2022-07-05T02:00:00Z,COAL,COAL,1259.4301437038844,1266
2022-07-05T02:00:00Z,ENERGY STORAGE,ENERGY STORAGE,0,50
2022-07-05T02:00:00Z,GAS,COGENERATION,3523.5537617964214,5197
2022-07-05T02:00:00Z,GAS,COMBINED CYCLE,1471.1244400702583,1810
2022-07-05T02:00:00Z,GAS,GAS FIRED STEAM,1100.6837518056234,2599
2022-07-05T02:00:00Z,GAS,SIMPLE CYCLE,663.8633078290356,1230
2022-07-05T02:00:00Z,HYDRO,HYDRO,577.6479845503966,894
2022-07-05T02:00:00Z,OTHER,BIOMASS,111.05747317579058,154
2022-07-05T02:00:00Z,OTHER,GAS,0,10
2022-07-05T02:00:00Z,OTHER,GAS COGEN,0,58
2022-07-05T02:00:00Z,OTHER,OIL/GAS,40.603276339636906,53
2022-07-05T02:00:00Z,OTHER,WOOD/REFUSE,86.41688723034329,149
2022-07-05T02:00:00Z,SOLAR,SOLAR,29.26038841214445,936
2022-07-05T02:00:00Z,WIND,WIND,259.14517863387863,2269
2022-07-05T03:00:00Z,COAL,COAL,1259.895351392958,1266
2022-07-05T03:00:00Z,ENERGY STORAGE,ENERGY STORAGE,-0.47333339267306856,50
2022-07-05T03:00:00Z,GAS,COGENERATION,3541.92287099123,5197
2022-07-05T03:00:00Z,GAS,COMBINED CYCLE,1465.9639120589363,1810
2022-07-05T03:00:00Z,GAS,GAS FIRED STEAM,1027.960053024292,2599
2022-07-05T03:00:00Z,GAS,SIMPLE CYCLE,601.3249597656727,1230
2022-07-05T03:00:00Z,HYDRO,HYDRO,576.8737670218944,894
2022-07-05T03:00:00Z,OTHER,BIOMASS,108.11803252802954,154
2022-07-05T03:00:00Z,OTHER,GAS,0,10
2022-07-05T03:00:00Z,OTHER,GAS COGEN,0,58
2022-07-05T03:00:00Z,OTHER,OIL/GAS,41.751037447187635,53
2022-07-05T03:00:00Z,OTHER,WOOD/REFUSE,84.5913760609097,149
2022-07-05T03:00:00Z,SOLAR,SOLAR,0.8831666359802087,936
2022-07-05T03:00:00Z,WIND,WIND,229.4881145466533,2269
2022-07-05T04:00:00Z,COAL,COAL,1257.5205733744303,1266
2022-07-05T04:00:00Z,ENERGY STORAGE,ENERGY STORAGE,-0.5086665344238281,50
2022-07-05T04:00:00Z,GAS,COGENERATION,3587.35420452661,5197
2022-07-05T04:00:00Z,GAS,COMBINED CYCLE,1425.7758337805005,1810
2022-07-05T04:00:00Z,GAS,GAS FIRED STEAM,973.2122371122572,2599
2022-07-05T04:00:00Z,GAS,SIMPLE CYCLE,573.4574046560791,1230
2022-07-05T04:00:00Z,HYDRO,HYDRO,561.3600589966774,894
2022-07-05T04:00:00Z,OTHER,BIOMASS,107.93580330371857,154
2022-07-05T04:00:00Z,OTHER,GAS,0,10
2022-07-05T04:00:00Z,OTHER,GAS COGEN,0,58
2022-07-05T04:00:00Z,OTHER,OIL/GAS,41.01641475465563,53
2022-07-05T04:00:00Z,OTHER,WOOD/REFUSE,85.23839768542184,149
2022-07-05T04:00:00Z,SOLAR,SOLAR,0,936
2022-07-05T04:00:00Z,WIND,WIND,193.66389112980002,2269
2022-07-05T05:00:00Z,COAL,COAL,1255.123740556505,1266
2022-07-05T05:00:00Z,ENERGY STORAGE,ENERGY STORAGE,-0.5288891230689154,50
2022-07-05T05:00:00Z,GAS,COGENERATION,3633.1750360478295,5197
2022-07-05T05:00:00Z,GAS,COMBINED CYCLE,1359.6655105336506,1810
2022-07-05T05:00:00Z,GAS,GAS FIRED STEAM,878.0963636059231,2599
2022-07-05T05:00:00Z,GAS,SIMPLE CYCLE,450.9022374751502,1230
2022-07-05T05:00:00Z,HYDRO,HYDRO,485.49510475541155,894
2022-07-05T05:00:00Z,OTHER,BIOMASS,108.84183730602265,154
2022-07-05T05:00:00Z,OTHER,GAS,0,10
2022-07-05T05:00:00Z,OTHER,GAS COGEN,0,58
2022-07-05T05:00:00Z,OTHER,OIL/GAS,41.32652052349514,53
2022-07-05T05:00:00Z,OTHER,WOOD/REFUSE,80.52291810459562,149
2022-07-05T05:00:00Z,SOLAR,SOLAR,0,936
2022-07-05T05:00:00Z,WIND,WIND,170.33445886898372,2269
2022-07-05T06:00:00Z,COAL,COAL,1259.0420801120335,1266
2022-07-05T06:00:00Z,ENERGY STORAGE,ENERGY STORAGE,-1.0762233914269341,50
2022-07-05T06:00:00Z,GAS,COGENERATION,3604.801392902169,5197
2022-07-05T06:00:00Z,GAS,COMBINED CYCLE,1357.0636217668323,1810
2022-07-05T06:00:00Z,GAS,GAS FIRED STEAM,862.146845419142,2599
2022-07-05T06:00:00Z,GAS,SIMPLE CYCLE,400.67657000912556,1230
2022-07-05T06:00:00Z,HYDRO,HYDRO,272.1289506426619,894
2022-07-05T06:00:00Z,OTHER,BIOMASS,109.61027816507551,154
2022-07-05T06:00:00Z,OTHER,GAS,0,10
2022-07-05T06:00:00Z,OTHER,GAS COGEN,0,58
2022-07-05T06:00:00Z,OTHER,OIL/GAS,41.448009944491915,53
2022-07-05T06:00:00Z,OTHER,WOOD/REFUSE,76.47318290657468,149
2022-07-05T06:00:00Z,SOLAR,SOLAR,0,936
2022-07-05T06:00:00Z,WIND,WIND,222.62913001760427,2269
2022-07-05T07:00:00Z,COAL,COAL,1258.932912818061,1266
2022-07-05T07:00:00Z,ENERGY STORAGE,ENERGY STORAGE,-0.8224453258514404,50
2022-07-05T07:00:00Z,GAS,COGENERATION,3606.6545145409304,5197
2022-07-05T07:00:00Z,GAS,COMBINED CYCLE,1344.6704242801666,1810
2022-07-05T07:00:00Z,GAS,GAS FIRED STEAM,885.410306286282,2599
2022-07-05T07:00:00Z,GAS,SIMPLE CYCLE,317.41104563090533,1230
2022-07-05T07:00:00Z,HYDRO,HYDRO,242.28388284054066,894
2022-07-05T07:00:00Z,OTHER,BIOMASS,108.14415731800926,154
2022-07-05T07:00:00Z,OTHER,GAS,0,10
2022-07-05T07:00:00Z,OTHER,GAS COGEN,0,58
2022-07-05T07:00:00Z,OTHER,OIL/GAS,42.45738329569499,53
2022-07-05T07:00:00Z,OTHER,WOOD/REFUSE,74.20201631042693,149
2022-07-05T07:00:00Z,SOLAR,SOLAR,0,936
2022-07-05T07:00:00Z,WIND,WIND,351.4288098793146,2269
2022-07-05T08:00:00Z,COAL,COAL,1174.0144070095487,1266
2022-07-05T08:00:00Z,ENERGY STORAGE,ENERGY STORAGE,-0.24694472418891059,50
2022-07-05T08:00:00Z,GAS,COGENERATION,3580.344766492082,5197
2022-07-05T08:00:00Z,GAS,COMBINED CYCLE,1314.0644524155723,1810
2022-07-05T08:00:00Z,GAS,GAS FIRED STEAM,746.7350261221992,2599
2022-07-05T08:00:00Z,GAS,SIMPLE CYCLE,310.46270835030407,1230
2022-07-05T08:00:00Z,HYDRO,HYDRO,269.1001907192005,894
2022-07-05T08:00:00Z,OTHER,BIOMASS,110.22749516857995,154
2022-07-05T08:00:00Z,OTHER,GAS,0,10
2022-07-05T08:00:00Z,OTHER,GAS COGEN,0,58
2022-07-05T08:00:00Z,OTHER,OIL/GAS,43.02500889248318,53
2022-07-05T08:00:00Z,OTHER,WOOD/REFUSE,73.44744161950217,149
2022-07-05T08:00:00Z,SOLAR,SOLAR,0,936
2022-07-05T08:00:00Z,WIND,WIND,400.2753857482804,2269
2022-07-05T09:00:00Z,COAL,COAL,1128.012406862047,1266
2022-07-05T09:00:00Z,ENERGY STORAGE,ENERGY STORAGE,-1.9266665903727214,50
2022-07-05T09:00:00Z,GAS,COGENERATION,3579.829288608763,5197
2022-07-05T09:00:00Z,GAS,COMBINED CYCLE,1295.3925541718802,1810
2022-07-05T09:00:00Z,GAS,GAS FIRED STEAM,733.3378890991212,2599
2022-07-05T09:00:00Z,GAS,SIMPLE CYCLE,305.9282205910153,1230
2022-07-05T09:00:00Z,HYDRO,HYDRO,240.8812096183002,894
2022-07-05T09:00:00Z,OTHER,BIOMASS,109.8896266799503,154
2022-07-05T09:00:00Z,OTHER,GAS,0,10
2022-07-05T09:00:00Z,OTHER,GAS COGEN,0,58
2022-07-05T09:00:00Z,OTHER,OIL/GAS,41.87886046939426,53
2022-07-05T09:00:00Z,OTHER,WOOD/REFUSE,74.70053024662865,149
2022-07-05T09:00:00Z,SOLAR,SOLAR,0,936
2022-07-05T09:00:00Z,WIND,WIND,465.2623893245227,2269
2022-07-05T10:00:00Z,COAL,COAL,968.5922649298774,1266
2022-07-05T10:00:00Z,ENERGY STORAGE,ENERGY STORAGE,-2.1792777474721277,50
2022-07-05T10:00:00Z,GAS,COGENERATION,3587.4390444099904,5197
2022-07-05T10:00:00Z,GAS,COMBINED CYCLE,1272.5144317573972,1810
2022-07-05T10:00:00Z,GAS,GAS FIRED STEAM,730.7326448567708,2599
2022-07-05T10:00:00Z,GAS,SIMPLE CYCLE,295.3194544315545,1230
2022-07-05T10:00:00Z,HYDRO,HYDRO,242.16461127759683,894
2022-07-05T10:00:00Z,OTHER,BIOMASS,108.16876390828027,154
2022-07-05T10:00:00Z,OTHER,GAS,0,10
2022-07-05T10:00:00Z,OTHER,GAS COGEN,0,58
2022-07-05T10:00:00Z,OTHER,OIL/GAS,42.46738213221232,53
2022-07-05T10:00:00Z,OTHER,WOOD/REFUSE,74.13187119960784,149
2022-07-05T10:00:00Z,SOLAR,SOLAR,0,936
2022-07-05T10:00:00Z,WIND,WIND,623.9046620634695,2269
2022-07-05T11:00:00Z,COAL,COAL,977.0585528818766,1266
2022-07-05T11:00:00Z,ENERGY STORAGE,ENERGY STORAGE,-2.105333735148112,50
2022-07-05T11:00:00Z,GAS,COGENERATION,3594.8300459973016,5197
2022-07-05T11:00:00Z,GAS,COMBINED CYCLE,1276.5443422513538,1810
2022-07-05T11:00:00Z,GAS,GAS FIRED STEAM,700.3435650507608,2599
2022-07-05T11:00:00Z,GAS,SIMPLE CYCLE,295.523143938813,1230
2022-07-05T11:00:00Z,HYDRO,HYDRO,285.26930042347976,894
2022-07-05T11:00:00Z,OTHER,BIOMASS,106.3010421291987,154
2022-07-05T11:00:00Z,OTHER,GAS,0,10
2022-07-05T11:00:00Z,OTHER,GAS COGEN,0,58
2022-07-05T11:00:00Z,OTHER,OIL/GAS,42.1435599984063,53
2022-07-05T11:00:00Z,OTHER,WOOD/REFUSE,74.12262623124651,149
2022-07-05T11:00:00Z,SOLAR,SOLAR,1.506722200115522,936
2022-07-05T11:00:00Z,WIND,WIND,684.5762726561063,2269
2022-07-05T12:00:00Z,COAL,COAL,1136.131792110867,1266
2022-07-05T12:00:00Z,ENERGY STORAGE,ENERGY STORAGE,-0.5231669309404161,50
2022-07-05T12:00:00Z,GAS,COGENERATION,3591.412350901001,5197
2022-07-05T12:00:00Z,GAS,COMBINED CYCLE,1297.6548129701614,1810
2022-07-05T12:00:00Z,GAS,GAS FIRED STEAM,715.1634850650363,2599
2022-07-05T12:00:00Z,GAS,SIMPLE CYCLE,307.1957374866141,1230
2022-07-05T12:00:00Z,HYDRO,HYDRO,283.9640813991758,894
2022-07-05T12:00:00Z,OTHER,BIOMASS,105.81969642811352,154
2022-07-05T12:00:00Z,OTHER,GAS,0,10
2022-07-05T12:00:00Z,OTHER,GAS COGEN,0,58
2022-07-05T12:00:00Z,OTHER,OIL/GAS,41.23794907463922,53
2022-07-05T12:00:00Z,OTHER,WOOD/REFUSE,73.81244891590543,149
2022-07-05T12:00:00Z,SOLAR,SOLAR,81.86149821437067,936
2022-07-05T12:00:00Z,WIND,WIND,628.207794154303,2269
2022-07-05T13:00:00Z,COAL,COAL,1047.4093428378635,1266
2022-07-05T13:00:00Z,ENERGY STORAGE,ENERGY STORAGE,0,50
2022-07-05T13:00:00Z,GAS,COGENERATION,3576.4000405905313,5197
2022-07-05T13:00:00Z,GAS,COMBINED CYCLE,1276.7210577567419,1810
2022-07-05T13:00:00Z,GAS,GAS FIRED STEAM,688.386164809333,2599
2022-07-05T13:00:00Z,GAS,SIMPLE CYCLE,341.3058497687512,1230
2022-07-05T13:00:00Z,HYDRO,HYDRO,595.2233981355032,894
2022-07-05T13:00:00Z,OTHER,BIOMASS,102.90700049983131,154
2022-07-05T13:00:00Z,OTHER,GAS,0,10
2022-07-05T13:00:00Z,OTHER,GAS COGEN,0,58
2022-07-05T13:00:00Z,OTHER,OIL/GAS,41.81761090808445,53
2022-07-05T13:00:00Z,OTHER,WOOD/REFUSE,73.69131446997325,149
2022-07-05T13:00:00Z,SOLAR,SOLAR,298.06088247491255,936
2022-07-05T13:00:00Z,WIND,WIND,666.9785213420126,2269
2022-07-05T14:00:00Z,COAL,COAL,1059.8157274034288,1266
2022-07-05T14:00:00Z,ENERGY STORAGE,ENERGY STORAGE,0,50
2022-07-05T14:00:00Z,GAS,COGENERATION,3563.2101992140874,5197
2022-07-05T14:00:00Z,GAS,COMBINED CYCLE,1284.0215603780746,1810
2022-07-05T14:00:00Z,GAS,GAS FIRED STEAM,744.5846500311958,2599
2022-07-05T14:00:00Z,GAS,SIMPLE CYCLE,381.2239311686365,1230
2022-07-05T14:00:00Z,HYDRO,HYDRO,609.6308123064041,894
2022-07-05T14:00:00Z,OTHER,BIOMASS,100.7553215683831,154
2022-07-05T14:00:00Z,OTHER,GAS,0,10
2022-07-05T14:00:00Z,OTHER,GAS COGEN,0,58
2022-07-05T14:00:00Z,OTHER,OIL/GAS,42.61276614718967,53
2022-07-05T14:00:00Z,OTHER,WOOD/REFUSE,73.30327890555064,149
2022-07-05T14:00:00Z,SOLAR,SOLAR,471.5200493479437,936
2022-07-05T14:00:00Z,WIND,WIND,698.1069835259186,2269
2022-07-05T15:00:00Z,COAL,COAL,1154.04446240743,1266
2022-07-05T15:00:00Z,ENERGY STORAGE,ENERGY STORAGE,-0.51638889392217,50
2022-07-05T15:00:00Z,GAS,COGENERATION,3555.7318874973225,5197
2022-07-05T15:00:00Z,GAS,COMBINED CYCLE,1312.9587219047546,1810
2022-07-05T15:00:00Z,GAS,GAS FIRED STEAM,761.7765770509508,2599
2022-07-05T15:00:00Z,GAS,SIMPLE CYCLE,498.7286972594923,1230
2022-07-05T15:00:00Z,HYDRO,HYDRO,575.3115052346388,894
2022-07-05T15:00:00Z,OTHER,BIOMASS,103.12687395837571,154
2022-07-05T15:00:00Z,OTHER,GAS,0,10
2022-07-05T15:00:00Z,OTHER,GAS COGEN,0,58
2022-07-05T15:00:00Z,OTHER,OIL/GAS,42.18173228157891,53
2022-07-05T15:00:00Z,OTHER,WOOD/REFUSE,71.87812915325165,149
2022-07-05T15:00:00Z,SOLAR,SOLAR,565.8609328571955,936
2022-07-05T15:00:00Z,WIND,WIND,715.055711119622,2269
2022-07-05T16:00:00Z,COAL,COAL,1143.8971263631186,1266
2022-07-05T16:00:00Z,ENERGY STORAGE,ENERGY STORAGE,-1.9530000212457448,50
2022-07-05T16:00:00Z,GAS,COGENERATION,3536.959792211155,5197
2022-07-05T16:00:00Z,GAS,COMBINED CYCLE,1312.106108063062,1810
2022-07-05T16:00:00Z,GAS,GAS FIRED STEAM,739.394000913832,2599
2022-07-05T16:00:00Z,GAS,SIMPLE CYCLE,535.9193314042357,1230
2022-07-05T16:00:00Z,HYDRO,HYDRO,610.8279438265165,894
2022-07-05T16:00:00Z,OTHER,BIOMASS,104.01584453529782,154
2022-07-05T16:00:00Z,OTHER,GAS,0,10
2022-07-05T16:00:00Z,OTHER,GAS COGEN,0,58
2022-07-05T16:00:00Z,OTHER,OIL/GAS,42.67952043745253,53
2022-07-05T16:00:00Z,OTHER,WOOD/REFUSE,73.17426195144654,149
2022-07-05T16:00:00Z,SOLAR,SOLAR,609.4868740306298,936
2022-07-05T16:00:00Z,WIND,WIND,760.6720345829427,2269
2022-07-05T17:00:00Z,COAL,COAL,1241.8814814249674,1266
2022-07-05T17:00:00Z,ENERGY STORAGE,ENERGY STORAGE,0,50
2022-07-05T17:00:00Z,GAS,COGENERATION,3521.6083954779306,5197
2022-07-05T17:00:00Z,GAS,COMBINED CYCLE,1360.6011230066088,1810
2022-07-05T17:00:00Z,GAS,GAS FIRED STEAM,750.5744645139906,2599
2022-07-05T17:00:00Z,GAS,SIMPLE CYCLE,511.8210625611411,1230
2022-07-05T17:00:00Z,HYDRO,HYDRO,591.5302167113622,894
2022-07-05T17:00:00Z,OTHER,BIOMASS,103.61175724665324,154
2022-07-05T17:00:00Z,OTHER,GAS,0,10
2022-07-05T17:00:00Z,OTHER,GAS COGEN,0,58
2022-07-05T17:00:00Z,OTHER,OIL/GAS,42.881669923994274,53
2022-07-05T17:00:00Z,OTHER,WOOD/REFUSE,73.73569130950504,149
2022-07-05T17:00:00Z,SOLAR,SOLAR,628.3175444001622,936
2022-07-05T17:00:00Z,WIND,WIND,757.9114065630486,2269
2022-07-05T18:00:00Z,COAL,COAL,1258.8209676615397,1266
2022-07-05T18:00:00Z,ENERGY STORAGE,ENERGY STORAGE,0,50
2022-07-05T18:00:00Z,GAS,COGENERATION,3517.5344234988424,5197
2022-07-05T18:00:00Z,GAS,COMBINED CYCLE,1365.78238700019,1810
2022-07-05T18:00:00Z,GAS,GAS FIRED STEAM,716.7565328004625,2599
2022-07-05T18:00:00Z,GAS,SIMPLE CYCLE,483.5958589410782,1230
2022-07-05T18:00:00Z,HYDRO,HYDRO,568.1415356447961,894
2022-07-05T18:00:00Z,OTHER,BIOMASS,106.05436519861222,154
2022-07-05T18:00:00Z,OTHER,GAS,0,10
2022-07-05T18:00:00Z,OTHER,GAS COGEN,0,58
2022-07-05T18:00:00Z,OTHER,OIL/GAS,44.064719916449654,53
2022-07-05T18:00:00Z,OTHER,WOOD/REFUSE,73.60407767481274,149
2022-07-05T18:00:00Z,SOLAR,SOLAR,606.6144887553321,936
2022-07-05T18:00:00Z,WIND,WIND,851.0200162469016,2269
2022-07-05T19:00:00Z,COAL,COAL,1260.4690163675943,1266
2022-07-05T19:00:00Z,ENERGY STORAGE,ENERGY STORAGE,-0.11827777809566922,50
2022-07-05T19:00:00Z,GAS,COGENERATION,3554.164900693496,5197
2022-07-05T19:00:00Z,GAS,COMBINED CYCLE,1386.504807492362,1810
2022-07-05T19:00:00Z,GAS,GAS FIRED STEAM,739.8717277526855,2599
2022-07-05T19:00:00Z,GAS,SIMPLE CYCLE,496.40872544189295,1230
2022-07-05T19:00:00Z,HYDRO,HYDRO,586.6600265983741,894
2022-07-05T19:00:00Z,OTHER,BIOMASS,105.21142346011268,154
2022-07-05T19:00:00Z,OTHER,GAS,0,10
2022-07-05T19:00:00Z,OTHER,GAS COGEN,0,58
2022-07-05T19:00:00Z,OTHER,OIL/GAS,43.80009880065918,53
2022-07-05T19:00:00Z,OTHER,WOOD/REFUSE,73.45375817431344,149
2022-07-05T19:00:00Z,SOLAR,SOLAR,600.7052668258548,936
2022-07-05T19:00:00Z,WIND,WIND,851.0136132088635,2269
2022-07-05T20:00:00Z,COAL,COAL,1260.5823567369248,1266
2022-07-05T20:00:00Z,ENERGY STORAGE,ENERGY STORAGE,0,50
2022-07-05T20:00:00Z,GAS,COGENERATION,3568.638580961625,5197
2022-07-05T20:00:00Z,GAS,COMBINED CYCLE,1388.6630609761344,1810
2022-07-05T20:00:00Z,GAS,GAS FIRED STEAM,758.0637833786011,2599
2022-07-05T20:00:00Z,GAS,SIMPLE CYCLE,516.3066323449876,1230
2022-07-05T20:00:00Z,HYDRO,HYDRO,584.8034530762832,894
2022-07-05T20:00:00Z,OTHER,BIOMASS,103.50630646414227,154
2022-07-05T20:00:00Z,OTHER,GAS,0,10
2022-07-05T20:00:00Z,OTHER,GAS COGEN,0,58
2022-07-05T20:00:00Z,OTHER,OIL/GAS,43.352655289967856,53
2022-07-05T20:00:00Z,OTHER,WOOD/REFUSE,70.66311864826415,149
2022-07-05T20:00:00Z,SOLAR,SOLAR,582.9302661314275,936
2022-07-05T20:00:00Z,WIND,WIND,912.3089998043907,2269
2022-07-05T21:00:00Z,COAL,COAL,1260.8122497897677,1266
2022-07-05T21:00:00Z,ENERGY STORAGE,ENERGY STORAGE,-1.1111153496636e-4,50
2022-07-05T21:00:00Z,GAS,COGENERATION,3567.9121051271754,5197
2022-07-05T21:00:00Z,GAS,COMBINED CYCLE,1386.503305914667,1810
2022-07-05T21:00:00Z,GAS,GAS FIRED STEAM,763.3383666483562,2599
2022-07-05T21:00:00Z,GAS,SIMPLE CYCLE,518.1290222120284,1230
2022-07-05T21:00:00Z,HYDRO,HYDRO,575.6706548931863,894
2022-07-05T21:00:00Z,OTHER,BIOMASS,103.01134738855892,154
2022-07-05T21:00:00Z,OTHER,GAS,0,10
2022-07-05T21:00:00Z,OTHER,GAS COGEN,0,58
2022-07-05T21:00:00Z,OTHER,OIL/GAS,43.35080413394504,53
2022-07-05T21:00:00Z,OTHER,WOOD/REFUSE,69.69187380578784,149
2022-07-05T21:00:00Z,SOLAR,SOLAR,611.0098197363483,936
2022-07-05T21:00:00Z,WIND,WIND,901.9516410573324,2269
2022-07-05T22:00:00Z,COAL,COAL,1260.0818487548827,1266
2022-07-05T22:00:00Z,ENERGY STORAGE,ENERGY STORAGE,0,50
2022-07-05T22:00:00Z,GAS,COGENERATION,3565.70195802273,5197
2022-07-05T22:00:00Z,GAS,COMBINED CYCLE,1390.415187096066,1810
2022-07-05T22:00:00Z,GAS,GAS FIRED STEAM,707.6657376098633,2599
2022-07-05T22:00:00Z,GAS,SIMPLE CYCLE,493.25902279747856,1230
2022-07-05T22:00:00Z,HYDRO,HYDRO,600.7820816601647,894
2022-07-05T22:00:00Z,OTHER,BIOMASS,103.13713285764058,154
2022-07-05T22:00:00Z,OTHER,GAS,0,10
2022-07-05T22:00:00Z,OTHER,GAS COGEN,0,58
2022-07-05T22:00:00Z,OTHER,OIL/GAS,43.33936102337307,53
2022-07-05T22:00:00Z,OTHER,WOOD/REFUSE,70.50346009413401,149
2022-07-05T22:00:00Z,SOLAR,SOLAR,607.1287649747399,936
2022-07-05T22:00:00Z,WIND,WIND,1016.1090614755949,2269
2022-07-05T23:00:00Z,COAL,COAL,1260.580625237359,1266
2022-07-05T23:00:00Z,ENERGY STORAGE,ENERGY STORAGE,0,50
2022-07-05T23:00:00Z,GAS,COGENERATION,3545.822229199012,5197
2022-07-05T23:00:00Z,GAS,COMBINED CYCLE,1384.7733147242334,1810
2022-07-05T23:00:00Z,GAS,GAS FIRED STEAM,712.6441564475166,2599
2022-07-05T23:00:00Z,GAS,SIMPLE CYCLE,480.8134483755959,1230
2022-07-05T23:00:00Z,HYDRO,HYDRO,583.0340507475535,894
2022-07-05T23:00:00Z,OTHER,BIOMASS,102.72013928837247,154
2022-07-05T23:00:00Z,OTHER,GAS,0,10
2022-07-05T23:00:00Z,OTHER,GAS COGEN,0,58
2022-07-05T23:00:00Z,OTHER,OIL/GAS,43.718548461066355,53
2022-07-05T23:00:00Z,OTHER,WOOD/REFUSE,70.08680489434137,149
2022-07-05T23:00:00Z,SOLAR,SOLAR,558.707487187518,936
2022-07-05T23:00:00Z,WIND,WIND,1060.17185882926,2269
2022-07-06T00:00:00Z,COAL,COAL,1259.8854699198405,1266
2022-07-06T00:00:00Z,ENERGY STORAGE,ENERGY STORAGE,-0.0676113690270318,50
2022-07-06T00:00:00Z,GAS,COGENERATION,3557.5537837276192,5197
2022-07-06T00:00:00Z,GAS,COMBINED CYCLE,1388.0799562448926,1810
2022-07-06T00:00:00Z,GAS,GAS FIRED STEAM,722.4704993989733,2599
2022-07-06T00:00:00Z,GAS,SIMPLE CYCLE,474.15402491887414,1230
2022-07-06T00:00:00Z,HYDRO,HYDRO,593.9258614536126,894
2022-07-06T00:00:00Z,OTHER,BIOMASS,101.1642741979493,154
2022-07-06T00:00:00Z,OTHER,GAS,0,10
2022-07-06T00:00:00Z,OTHER,GAS COGEN,0,58
2022-07-06T00:00:00Z,OTHER,OIL/GAS,44.29743174235026,53
2022-07-06T00:00:00Z,OTHER,WOOD/REFUSE,70.54130247857836,149
2022-07-06T00:00:00Z,SOLAR,SOLAR,466.52615702403915,936
2022-07-06T00:00:00Z,WIND,WIND,975.1364087493553,2269
2022-07-06T01:00:00Z,COAL,COAL,1259.9153998650445,1266
2022-07-06T01:00:00Z,ENERGY STORAGE,ENERGY STORAGE,-0.14688944922553168,50
2022-07-06T01:00:00Z,GAS,COGENERATION,3590.7291597839694,5197
2022-07-06T01:00:00Z,GAS,COMBINED CYCLE,1412.5851445590124,1810
2022-07-06T01:00:00Z,GAS,GAS FIRED STEAM,903.4897554736667,2599
2022-07-06T01:00:00Z,GAS,SIMPLE CYCLE,498.3764245120022,1230
2022-07-06T01:00:00Z,HYDRO,HYDRO,620.189976506763,894
2022-07-06T01:00:00Z,OTHER,BIOMASS,102.02739210102293,154
2022-07-06T01:00:00Z,OTHER,GAS,0,10
2022-07-06T01:00:00Z,OTHER,GAS COGEN,0,58
2022-07-06T01:00:00Z,OTHER,OIL/GAS,43.68041590796577,53
2022-07-06T01:00:00Z,OTHER,WOOD/REFUSE,75.74082300715976,149
2022-07-06T01:00:00Z,SOLAR,SOLAR,316.8378271425267,936
2022-07-06T01:00:00Z,WIND,WIND,712.6751630454925,2269
2022-07-06T02:00:00Z,COAL,COAL,1260.520120561388,1266
2022-07-06T02:00:00Z,ENERGY STORAGE,ENERGY STORAGE,0,50
2022-07-06T02:00:00Z,GAS,COGENERATION,3607.1150909064877,5197
2022-07-06T02:00:00Z,GAS,COMBINED CYCLE,1474.8676361868118,1810
2022-07-06T02:00:00Z,GAS,GAS FIRED STEAM,1140.5028059132894,2599
2022-07-06T02:00:00Z,GAS,SIMPLE CYCLE,555.8439179547628,1230
2022-07-06T02:00:00Z,HYDRO,HYDRO,623.8788890397549,894
2022-07-06T02:00:00Z,OTHER,BIOMASS,107.28214371654722,154
2022-07-06T02:00:00Z,OTHER,GAS,0,10
2022-07-06T02:00:00Z,OTHER,GAS COGEN,0,58
2022-07-06T02:00:00Z,OTHER,OIL/GAS,43.642387305365666,53
2022-07-06T02:00:00Z,OTHER,WOOD/REFUSE,84.74131564339001,149
2022-07-06T02:00:00Z,SOLAR,SOLAR,127.80799773512615,936
2022-07-06T02:00:00Z,WIND,WIND,439.40757439290485,2269
2022-07-06T03:00:00Z,COAL,COAL,1259.0558536275228,1266
2022-07-06T03:00:00Z,ENERGY STORAGE,ENERGY STORAGE,0,50
2022-07-06T03:00:00Z,GAS,COGENERATION,3650.2894755363463,5197
2022-07-06T03:00:00Z,GAS,COMBINED CYCLE,1433.7454050805834,1810
2022-07-06T03:00:00Z,GAS,GAS FIRED STEAM,1133.3229160987007,2599
2022-07-06T03:00:00Z,GAS,SIMPLE CYCLE,571.3790770102872,1230
2022-07-06T03:00:00Z,HYDRO,HYDRO,616.9847336732016,894
2022-07-06T03:00:00Z,OTHER,BIOMASS,107.48470544947519,154
2022-07-06T03:00:00Z,OTHER,GAS,0,10
2022-07-06T03:00:00Z,OTHER,GAS COGEN,0,58
2022-07-06T03:00:00Z,OTHER,OIL/GAS,43.70215974171956,53
2022-07-06T03:00:00Z,OTHER,WOOD/REFUSE,84.28912288427352,149
2022-07-06T03:00:00Z,SOLAR,SOLAR,6.693666614558961,936
2022-07-06T03:00:00Z,WIND,WIND,309.3623538062225,2269
2022-07-06T04:00:00Z,COAL,COAL,1259.95459209866,1266
2022-07-06T04:00:00Z,ENERGY STORAGE,ENERGY STORAGE,0,50
2022-07-06T04:00:00Z,GAS,COGENERATION,3667.8634170745477,5197
2022-07-06T04:00:00Z,GAS,COMBINED CYCLE,1338.960527150366,1810
2022-07-06T04:00:00Z,GAS,GAS FIRED STEAM,1130.8958851623536,2599
2022-07-06T04:00:00Z,GAS,SIMPLE CYCLE,539.8420006759961,1230
2022-07-06T04:00:00Z,HYDRO,HYDRO,595.2015803465579,894
2022-07-06T04:00:00Z,OTHER,BIOMASS,105.9913338610861,154
2022-07-06T04:00:00Z,OTHER,GAS,0,10
2022-07-06T04:00:00Z,OTHER,GAS COGEN,0,58
2022-07-06T04:00:00Z,OTHER,OIL/GAS,43.43913228352864,53
2022-07-06T04:00:00Z,OTHER,WOOD/REFUSE,83.1491146161821,149
2022-07-06T04:00:00Z,SOLAR,SOLAR,0,936
2022-07-06T04:00:00Z,WIND,WIND,214.10066206999952,2269
2022-07-06T05:00:00Z,COAL,COAL,1259.6199124823675,1266
2022-07-06T05:00:00Z,ENERGY STORAGE,ENERGY STORAGE,0,50
2022-07-06T05:00:00Z,GAS,COGENERATION,3684.5269658192,5197
2022-07-06T05:00:00Z,GAS,COMBINED CYCLE,1326.8478556304508,1810
2022-07-06T05:00:00Z,GAS,GAS FIRED STEAM,1185.21812886556,2599
2022-07-06T05:00:00Z,GAS,SIMPLE CYCLE,411.69389641258454,1230
2022-07-06T05:00:00Z,HYDRO,HYDRO,355.2393065376414,894
2022-07-06T05:00:00Z,OTHER,BIOMASS,107.81594357212384,154
2022-07-06T05:00:00Z,OTHER,GAS,0,10
2022-07-06T05:00:00Z,OTHER,GAS COGEN,0,58
2022-07-06T05:00:00Z,OTHER,OIL/GAS,41.95008165571425,53
2022-07-06T05:00:00Z,OTHER,WOOD/REFUSE,79.62746558878158,149
2022-07-06T05:00:00Z,SOLAR,SOLAR,0,936
2022-07-06T05:00:00Z,WIND,WIND,179.51156587858995,2269
2022-07-06T06:00:00Z,COAL,COAL,1260.578743048774,1266
2022-07-06T06:00:00Z,ENERGY STORAGE,ENERGY STORAGE,0,50
2022-07-06T06:00:00Z,GAS,COGENERATION,3708.3517776147523,5197
2022-07-06T06:00:00Z,GAS,COMBINED CYCLE,1343.3979730240503,1810
2022-07-06T06:00:00Z,GAS,GAS FIRED STEAM,985.2343233362834,2599
2022-07-06T06:00:00Z,GAS,SIMPLE CYCLE,367.9340895418326,1230
2022-07-06T06:00:00Z,HYDRO,HYDRO,238.55415605106288,894
2022-07-06T06:00:00Z,OTHER,BIOMASS,107.22313698238797,154
2022-07-06T06:00:00Z,OTHER,GAS,0,10
2022-07-06T06:00:00Z,OTHER,GAS COGEN,0,58
2022-07-06T06:00:00Z,OTHER,OIL/GAS,42.402548438178165,53
2022-07-06T06:00:00Z,OTHER,WOOD/REFUSE,71.29083523538378,149
2022-07-06T06:00:00Z,SOLAR,SOLAR,0,936
2022-07-06T06:00:00Z,WIND,WIND,183.29638534719953,2269
2022-07-06T07:00:00Z,COAL,COAL,1260.0865353224012,1266
2022-07-06T07:00:00Z,ENERGY STORAGE,ENERGY STORAGE,-0.45916657235887315,50
2022-07-06T07:00:00Z,GAS,COGENERATION,3718.5457074545657,5197
2022-07-06T07:00:00Z,GAS,COMBINED CYCLE,1332.93951573054,1810
2022-07-06T07:00:00Z,GAS,GAS FIRED STEAM,866.835747074551,2599
2022-07-06T07:00:00Z,GAS,SIMPLE CYCLE,365.0659333202574,1230
2022-07-06T07:00:00Z,HYDRO,HYDRO,246.80342328238817,894
2022-07-06T07:00:00Z,OTHER,BIOMASS,105.518034828239,154
2022-07-06T07:00:00Z,OTHER,GAS,0,10
2022-07-06T07:00:00Z,OTHER,GAS COGEN,0,58
2022-07-06T07:00:00Z,OTHER,OIL/GAS,41.891415725284155,53
2022-07-06T07:00:00Z,OTHER,WOOD/REFUSE,69.98069819105996,149
2022-07-06T07:00:00Z,SOLAR,SOLAR,0,936
2022-07-06T07:00:00Z,WIND,WIND,146.32732061563266,2269
2022-07-06T08:00:00Z,COAL,COAL,1260.2369091796875,1266
2022-07-06T08:00:00Z,ENERGY STORAGE,ENERGY STORAGE,-1.8929440360599095,50
2022-07-06T08:00:00Z,GAS,COGENERATION,3730.0250318635835,5197
2022-07-06T08:00:00Z,GAS,COMBINED CYCLE,1339.1771572155424,1810
2022-07-06T08:00:00Z,GAS,GAS FIRED STEAM,854.6458225801256,2599
2022-07-06T08:00:00Z,GAS,SIMPLE CYCLE,365.12094722535875,1230
2022-07-06T08:00:00Z,HYDRO,HYDRO,256.2470436880489,894
2022-07-06T08:00:00Z,OTHER,BIOMASS,107.47711598714193,154
2022-07-06T08:00:00Z,OTHER,GAS,0,10
2022-07-06T08:00:00Z,OTHER,GAS COGEN,0,58
2022-07-06T08:00:00Z,OTHER,OIL/GAS,41.47699352264405,53
2022-07-06T08:00:00Z,OTHER,WOOD/REFUSE,70.23761600759295,149
2022-07-06T08:00:00Z,SOLAR,SOLAR,0,936
2022-07-06T08:00:00Z,WIND,WIND,115.46048304705157,2269
2022-07-06T09:00:00Z,COAL,COAL,1260.2642932637532,1266
2022-07-06T09:00:00Z,ENERGY STORAGE,ENERGY STORAGE,-1.6427774651845297,50
2022-07-06T09:00:00Z,GAS,COGENERATION,3733.3269083204536,5197
2022-07-06T09:00:00Z,GAS,COMBINED CYCLE,1341.0217937236364,1810
2022-07-06T09:00:00Z,GAS,GAS FIRED STEAM,828.170772734748,2599
2022-07-06T09:00:00Z,GAS,SIMPLE CYCLE,364.97058665911356,1230
2022-07-06T09:00:00Z,HYDRO,HYDRO,259.75833245841994,894
2022-07-06T09:00:00Z,OTHER,BIOMASS,107.36450690004561,154
2022-07-06T09:00:00Z,OTHER,GAS,0,10
2022-07-06T09:00:00Z,OTHER,GAS COGEN,0,58
2022-07-06T09:00:00Z,OTHER,OIL/GAS,41.82360987769233,53
2022-07-06T09:00:00Z,OTHER,WOOD/REFUSE,70.418902162181,149
2022-07-06T09:00:00Z,SOLAR,SOLAR,0,936
2022-07-06T09:00:00Z,WIND,WIND,129.63425035066902,2269
2022-07-06T10:00:00Z,COAL,COAL,1260.4075218878852,1266
2022-07-06T10:00:00Z,ENERGY STORAGE,ENERGY STORAGE,-0.8725554137759739,50
2022-07-06T10:00:00Z,GAS,COGENERATION,3743.8881895066634,5197
2022-07-06T10:00:00Z,GAS,COMBINED CYCLE,1343.6558896197214,1810
2022-07-06T10:00:00Z,GAS,GAS FIRED STEAM,845.0100855000813,2599
2022-07-06T10:00:00Z,GAS,SIMPLE CYCLE,365.36514820310805,1230
2022-07-06T10:00:00Z,HYDRO,HYDRO,276.4851783958243,894
2022-07-06T10:00:00Z,OTHER,BIOMASS,105.34179846922557,154
2022-07-06T10:00:00Z,OTHER,GAS,0,10
2022-07-06T10:00:00Z,OTHER,GAS COGEN,0,58
2022-07-06T10:00:00Z,OTHER,OIL/GAS,41.56334949493408,53
2022-07-06T10:00:00Z,OTHER,WOOD/REFUSE,70.88346464077631,149
2022-07-06T10:00:00Z,SOLAR,SOLAR,0,936
2022-07-06T10:00:00Z,WIND,WIND,100.9589256673389,2269
2022-07-06T11:00:00Z,COAL,COAL,1260.2431321377226,1266
2022-07-06T11:00:00Z,ENERGY STORAGE,ENERGY STORAGE,-0.01783333248562282,50
2022-07-06T11:00:00Z,GAS,COGENERATION,3748.5509466101066,5197
2022-07-06T11:00:00Z,GAS,COMBINED CYCLE,1341.5835838598675,1810
2022-07-06T11:00:00Z,GAS,GAS FIRED STEAM,848.3375663206313,2599
2022-07-06T11:00:00Z,GAS,SIMPLE CYCLE,359.88882261163656,1230
2022-07-06T11:00:00Z,HYDRO,HYDRO,349.2512312327491,894
2022-07-06T11:00:00Z,OTHER,BIOMASS,107.01614173783196,154
2022-07-06T11:00:00Z,OTHER,GAS,0,10
2022-07-06T11:00:00Z,OTHER,GAS COGEN,0,58
2022-07-06T11:00:00Z,OTHER,OIL/GAS,41.772454280853275,53
2022-07-06T11:00:00Z,OTHER,WOOD/REFUSE,72.96440506431792,149
2022-07-06T11:00:00Z,SOLAR,SOLAR,2.2592221666375796,936
2022-07-06T11:00:00Z,WIND,WIND,57.46924306121138,2269
2022-07-06T12:00:00Z,COAL,COAL,1260.506968688965,1266
2022-07-06T12:00:00Z,ENERGY STORAGE,ENERGY STORAGE,0,50
2022-07-06T12:00:00Z,GAS,COGENERATION,3744.9338560882047,5197
2022-07-06T12:00:00Z,GAS,COMBINED CYCLE,1345.2609741332797,1810
2022-07-06T12:00:00Z,GAS,GAS FIRED STEAM,919.4505344602796,2599
2022-07-06T12:00:00Z,GAS,SIMPLE CYCLE,405.3641245994303,1230
2022-07-06T12:00:00Z,HYDRO,HYDRO,347.9380629501409,894
2022-07-06T12:00:00Z,OTHER,BIOMASS,106.38561328411103,154
2022-07-06T12:00:00Z,OTHER,GAS,0,10
2022-07-06T12:00:00Z,OTHER,GAS COGEN,0,58
2022-07-06T12:00:00Z,OTHER,OIL/GAS,41.73928802490234,53
2022-07-06T12:00:00Z,OTHER,WOOD/REFUSE,72.66050865544213,149
2022-07-06T12:00:00Z,SOLAR,SOLAR,82.20938721590572,936
2022-07-06T12:00:00Z,WIND,WIND,54.42352653263344,2269
2022-07-06T13:00:00Z,COAL,COAL,1219.9041879611545,1266
2022-07-06T13:00:00Z,ENERGY STORAGE,ENERGY STORAGE,0,50
2022-07-06T13:00:00Z,GAS,COGENERATION,3746.683719789717,5197
2022-07-06T13:00:00Z,GAS,COMBINED CYCLE,1366.398631556299,1810
2022-07-06T13:00:00Z,GAS,GAS FIRED STEAM,806.5597859742907,2599
2022-07-06T13:00:00Z,GAS,SIMPLE CYCLE,418.0469700038433,1230
2022-07-06T13:00:00Z,HYDRO,HYDRO,486.0683870801661,894
2022-07-06T13:00:00Z,OTHER,BIOMASS,104.57764202488794,154
2022-07-06T13:00:00Z,OTHER,GAS,0,10
2022-07-06T13:00:00Z,OTHER,GAS COGEN,0,58
2022-07-06T13:00:00Z,OTHER,OIL/GAS,41.54726603190104,53
2022-07-06T13:00:00Z,OTHER,WOOD/REFUSE,70.68984359953139,149
2022-07-06T13:00:00Z,SOLAR,SOLAR,256.40421688444087,936
2022-07-06T13:00:00Z,WIND,WIND,53.948088023554945,2269
2022-07-06T14:00:00Z,COAL,COAL,1228.0661302524143,1266
2022-07-06T14:00:00Z,ENERGY STORAGE,ENERGY STORAGE,0,50
2022-07-06T14:00:00Z,GAS,COGENERATION,3723.209675292671,5197
2022-07-06T14:00:00Z,GAS,COMBINED CYCLE,1412.322612329589,1810
2022-07-06T14:00:00Z,GAS,GAS FIRED STEAM,798.5707641855876,2599
2022-07-06T14:00:00Z,GAS,SIMPLE CYCLE,475.090054692328,1230
2022-07-06T14:00:00Z,HYDRO,HYDRO,565.5901076797148,894
2022-07-06T14:00:00Z,OTHER,BIOMASS,103.92127604749467,154
2022-07-06T14:00:00Z,OTHER,GAS,0,10
2022-07-06T14:00:00Z,OTHER,GAS COGEN,0,58
2022-07-06T14:00:00Z,OTHER,OIL/GAS,41.400354107750786,53
2022-07-06T14:00:00Z,OTHER,WOOD/REFUSE,70.6084877790345,149
2022-07-06T14:00:00Z,SOLAR,SOLAR,358.03599344849584,936
2022-07-06T14:00:00Z,WIND,WIND,29.0790327605274,2269
2022-07-06T15:00:00Z,COAL,COAL,1260.5590832858616,1266
2022-07-06T15:00:00Z,ENERGY STORAGE,ENERGY STORAGE,0,50
2022-07-06T15:00:00Z,GAS,COGENERATION,3696.0092331629,5197
2022-07-06T15:00:00Z,GAS,COMBINED CYCLE,1427.1436568906572,1810
2022-07-06T15:00:00Z,GAS,GAS FIRED STEAM,946.0843766911825,2599
2022-07-06T15:00:00Z,GAS,SIMPLE CYCLE,574.3457589917713,1230
2022-07-06T15:00:00Z,HYDRO,HYDRO,539.9633132316006,894
2022-07-06T15:00:00Z,OTHER,BIOMASS,108.05364869806502,154
2022-07-06T15:00:00Z,OTHER,GAS,0,10
2022-07-06T15:00:00Z,OTHER,GAS COGEN,0,58
2022-07-06T15:00:00Z,OTHER,OIL/GAS,41.16073802736071,53
2022-07-06T15:00:00Z,OTHER,WOOD/REFUSE,76.02903268019358,149
2022-07-06T15:00:00Z,SOLAR,SOLAR,422.85204781141545,936
2022-07-06T15:00:00Z,WIND,WIND,46.85451020596963,2269
2022-07-06T16:00:00Z,COAL,COAL,1261.0833015441895,1266
2022-07-06T16:00:00Z,ENERGY STORAGE,ENERGY STORAGE,0,50
2022-07-06T16:00:00Z,GAS,COGENERATION,3678.777220037381,5197
2022-07-06T16:00:00Z,GAS,COMBINED CYCLE,1459.163850739797,1810
2022-07-06T16:00:00Z,GAS,GAS FIRED STEAM,966.7953896204631,2599
2022-07-06T16:00:00Z,GAS,SIMPLE CYCLE,580.4109252068731,1230
2022-07-06T16:00:00Z,HYDRO,HYDRO,489.5792627118362,894
2022-07-06T16:00:00Z,OTHER,BIOMASS,107.90612136152056,154
2022-07-06T16:00:00Z,OTHER,GAS,0,10
2022-07-06T16:00:00Z,OTHER,GAS COGEN,0,58
2022-07-06T16:00:00Z,OTHER,OIL/GAS,41.671060432857935,53
2022-07-06T16:00:00Z,OTHER,WOOD/REFUSE,78.83198899825413,149
2022-07-06T16:00:00Z,SOLAR,SOLAR,482.7735408458445,936
2022-07-06T16:00:00Z,WIND,WIND,46.0784294214793,2269
2022-07-06T17:00:00Z,COAL,COAL,1259.9022455512152,1266
2022-07-06T17:00:00Z,ENERGY STORAGE,ENERGY STORAGE,0,50
2022-07-06T17:00:00Z,GAS,COGENERATION,3661.022562741571,5197
2022-07-06T17:00:00Z,GAS,COMBINED CYCLE,1497.564409412278,1810
2022-07-06T17:00:00Z,GAS,GAS FIRED STEAM,966.22922849867075,2599
2022-07-06T17:00:00Z,GAS,SIMPLE CYCLE,570.6180182552338,1230
2022-07-06T17:00:00Z,HYDRO,HYDRO,427.76129245340826,894
2022-07-06T17:00:00Z,OTHER,BIOMASS,107.3596061706543,154
2022-07-06T17:00:00Z,OTHER,GAS,0,10
2022-07-06T17:00:00Z,OTHER,GAS COGEN,0,58
2022-07-06T17:00:00Z,OTHER,OIL/GAS,42.338320886823865,53
2022-07-06T17:00:00Z,OTHER,WOOD/REFUSE,78.53778962042597,149
2022-07-06T17:00:00Z,SOLAR,SOLAR,491.26954748127196,936
2022-07-06T17:00:00Z,WIND,WIND,54.255215011789566,2269
2022-07-06T18:00:00Z,COAL,COAL,1260.0633510504829,1266
2022-07-06T18:00:00Z,ENERGY STORAGE,ENERGY STORAGE,0,50
2022-07-06T18:00:00Z,GAS,COGENERATION,3639.324737891621,5197
2022-07-06T18:00:00Z,GAS,COMBINED CYCLE,1481.67501127349,1810
2022-07-06T18:00:00Z,GAS,GAS FIRED STEAM,1014.7205137888591,2599
2022-07-06T18:00:00Z,GAS,SIMPLE CYCLE,568.4517587603464,1230
2022-07-06T18:00:00Z,HYDRO,HYDRO,408.3639229684406,894
2022-07-06T18:00:00Z,OTHER,BIOMASS,107.33434638235303,154
2022-07-06T18:00:00Z,OTHER,GAS,0,10
2022-07-06T18:00:00Z,OTHER,GAS COGEN,0,58
2022-07-06T18:00:00Z,OTHER,OIL/GAS,41.948321162329776,53
2022-07-06T18:00:00Z,OTHER,WOOD/REFUSE,78.28605290280447,149
2022-07-06T18:00:00Z,SOLAR,SOLAR,517.3807684960631,936
2022-07-06T18:00:00Z,WIND,WIND,92.29254023782909,2269
2022-07-06T19:00:00Z,COAL,COAL,1260.614626091851,1266
2022-07-06T19:00:00Z,ENERGY STORAGE,ENERGY STORAGE,0,50
2022-07-06T19:00:00Z,GAS,COGENERATION,3627.636248714659,5197
2022-07-06T19:00:00Z,GAS,COMBINED CYCLE,1479.7960661819247,1810
2022-07-06T19:00:00Z,GAS,GAS FIRED STEAM,1033.2862542851765,2599
2022-07-06T19:00:00Z,GAS,SIMPLE CYCLE,574.3301278299756,1230
2022-07-06T19:00:00Z,HYDRO,HYDRO,470.3627905229728,894
2022-07-06T19:00:00Z,OTHER,BIOMASS,107.73219121403164,154
2022-07-06T19:00:00Z,OTHER,GAS,0,10
2022-07-06T19:00:00Z,OTHER,GAS COGEN,0,58
2022-07-06T19:00:00Z,OTHER,OIL/GAS,41.93617602666219,53
2022-07-06T19:00:00Z,OTHER,WOOD/REFUSE,80.25830760320028,149
2022-07-06T19:00:00Z,SOLAR,SOLAR,489.2047134174241,936
2022-07-06T19:00:00Z,WIND,WIND,105.22232371668021,2269
2022-07-06T20:00:00Z,COAL,COAL,1259.7109815979004,1266
2022-07-06T20:00:00Z,ENERGY STORAGE,ENERGY STORAGE,0,50
2022-07-06T20:00:00Z,GAS,COGENERATION,3589.346723194122,5197
2022-07-06T20:00:00Z,GAS,COMBINED CYCLE,1458.4305347090296,1810
2022-07-06T20:00:00Z,GAS,GAS FIRED STEAM,1149.6172398715548,2599
2022-07-06T20:00:00Z,GAS,SIMPLE CYCLE,611.2803774980042,1230
2022-07-06T20:00:00Z,HYDRO,HYDRO,458.78084276066886,894
2022-07-06T20:00:00Z,OTHER,BIOMASS,107.91527790122564,154
2022-07-06T20:00:00Z,OTHER,GAS,0,10
2022-07-06T20:00:00Z,OTHER,GAS COGEN,0,58
2022-07-06T20:00:00Z,OTHER,OIL/GAS,41.97397763358222,53
2022-07-06T20:00:00Z,OTHER,WOOD/REFUSE,85.44196943706937,149
2022-07-06T20:00:00Z,SOLAR,SOLAR,356.0257722865873,936
2022-07-06T20:00:00Z,WIND,WIND,126.97171164266145,2269
2022-07-06T21:00:00Z,COAL,COAL,1259.9545694478352,1266
2022-07-06T21:00:00Z,ENERGY STORAGE,ENERGY STORAGE,0,50
2022-07-06T21:00:00Z,GAS,COGENERATION,3512.1819177644784,5197
2022-07-06T21:00:00Z,GAS,COMBINED CYCLE,1441.6791716337204,1810
2022-07-06T21:00:00Z,GAS,GAS FIRED STEAM,1246.0702664777968,2599
2022-07-06T21:00:00Z,GAS,SIMPLE CYCLE,624.0055017145474,1230
2022-07-06T21:00:00Z,HYDRO,HYDRO,499.5201149394115,894
2022-07-06T21:00:00Z,OTHER,BIOMASS,109.74284015602535,154
2022-07-06T21:00:00Z,OTHER,GAS,0,10
2022-07-06T21:00:00Z,OTHER,GAS COGEN,0,58
2022-07-06T21:00:00Z,OTHER,OIL/GAS,41.572415839301215,53
2022-07-06T21:00:00Z,OTHER,WOOD/REFUSE,86.19083679464129,149
2022-07-06T21:00:00Z,SOLAR,SOLAR,323.27549364040294,936
2022-07-06T21:00:00Z,WIND,WIND,153.7887905821732,2269
2022-07-06T22:00:00Z,COAL,COAL,1260.2459605916342,1266
2022-07-06T22:00:00Z,ENERGY STORAGE,ENERGY STORAGE,0,50
2022-07-06T22:00:00Z,GAS,COGENERATION,3483.7069003298548,5197
2022-07-06T22:00:00Z,GAS,COMBINED CYCLE,1435.3414443641238,1810
2022-07-06T22:00:00Z,GAS,GAS FIRED STEAM,1248.532161348131,2599
2022-07-06T22:00:00Z,GAS,SIMPLE CYCLE,632.6658708424038,1230
2022-07-06T22:00:00Z,HYDRO,HYDRO,477.754079592228,894
2022-07-06T22:00:00Z,OTHER,BIOMASS,111.19963777754043,154
2022-07-06T22:00:00Z,OTHER,GAS,0,10
2022-07-06T22:00:00Z,OTHER,GAS COGEN,0,58
2022-07-06T22:00:00Z,OTHER,OIL/GAS,42.37232725567288,53
2022-07-06T22:00:00Z,OTHER,WOOD/REFUSE,85.40312969737583,149
2022-07-06T22:00:00Z,SOLAR,SOLAR,281.9989393104447,936
2022-07-06T22:00:00Z,WIND,WIND,177.61615497173534,2269
2022-07-06T23:00:00Z,COAL,COAL,1260.3788481987847,1266
2022-07-06T23:00:00Z,ENERGY STORAGE,ENERGY STORAGE,0,50
2022-07-06T23:00:00Z,GAS,COGENERATION,3545.8152191956838,5197
2022-07-06T23:00:00Z,GAS,COMBINED CYCLE,1435.2563931518132,1810
2022-07-06T23:00:00Z,GAS,GAS FIRED STEAM,1223.5118491956923,2599
2022-07-06T23:00:00Z,GAS,SIMPLE CYCLE,631.9117384028435,1230
2022-07-06T23:00:00Z,HYDRO,HYDRO,512.2448078391287,894
2022-07-06T23:00:00Z,OTHER,BIOMASS,114.00592296918234,154
2022-07-06T23:00:00Z,OTHER,GAS,0,10
2022-07-06T23:00:00Z,OTHER,GAS COGEN,0,58
2022-07-06T23:00:00Z,OTHER,OIL/GAS,42.14382752524482,53
2022-07-06T23:00:00Z,OTHER,WOOD/REFUSE,86.24501412391663,149
2022-07-06T23:00:00Z,SOLAR,SOLAR,282.7479387294584,936
2022-07-06T23:00:00Z,WIND,WIND,223.71817928583673,2269
2022-07-07T00:00:00Z,COAL,COAL,1260.0219708251952,1266
2022-07-07T00:00:00Z,ENERGY STORAGE,ENERGY STORAGE,0,50
2022-07-07T00:00:00Z,GAS,COGENERATION,3543.8640404567454,5197
2022-07-07T00:00:00Z,GAS,COMBINED CYCLE,1413.3469324329164,1810
2022-07-07T00:00:00Z,GAS,GAS FIRED STEAM,1202.3081032223172,2599
2022-07-07T00:00:00Z,GAS,SIMPLE CYCLE,631.7288141173786,1230
2022-07-07T00:00:00Z,HYDRO,HYDRO,539.6259986927774,894
2022-07-07T00:00:00Z,OTHER,BIOMASS,113.06968310568068,154
2022-07-07T00:00:00Z,OTHER,GAS,0,10
2022-07-07T00:00:00Z,OTHER,GAS COGEN,0,58
2022-07-07T00:00:00Z,OTHER,OIL/GAS,41.900683108435736,53
2022-07-07T00:00:00Z,OTHER,WOOD/REFUSE,85.57433291488225,149
2022-07-07T00:00:00Z,SOLAR,SOLAR,234.01499525065225,936
2022-07-07T00:00:00Z,WIND,WIND,310.53682422757146,2269
2022-07-07T01:00:00Z,COAL,COAL,1258.4690145874024,1266
2022-07-07T01:00:00Z,ENERGY STORAGE,ENERGY STORAGE,0,50
2022-07-07T01:00:00Z,GAS,COGENERATION,3543.2614553585317,5197
2022-07-07T01:00:00Z,GAS,COMBINED CYCLE,1406.0114979113473,1810
2022-07-07T01:00:00Z,GAS,GAS FIRED STEAM,1182.2118036058214,2599
2022-07-07T01:00:00Z,GAS,SIMPLE CYCLE,600.7852178198762,1230
2022-07-07T01:00:00Z,HYDRO,HYDRO,524.6744052308136,894
2022-07-07T01:00:00Z,OTHER,BIOMASS,110.46063405089909,154
2022-07-07T01:00:00Z,OTHER,GAS,0,10
2022-07-07T01:00:00Z,OTHER,GAS COGEN,0,58
2022-07-07T01:00:00Z,OTHER,OIL/GAS,42.21579874250624,53
2022-07-07T01:00:00Z,OTHER,WOOD/REFUSE,86.4968352704578,149
2022-07-07T01:00:00Z,SOLAR,SOLAR,151.21538637924525,936
2022-07-07T01:00:00Z,WIND,WIND,411.18769395192464,2269
2022-07-07T02:00:00Z,COAL,COAL,1259.3447443474665,1266
2022-07-07T02:00:00Z,ENERGY STORAGE,ENERGY STORAGE,0,50
2022-07-07T02:00:00Z,GAS,COGENERATION,3539.8729484576647,5197
2022-07-07T02:00:00Z,GAS,COMBINED CYCLE,1384.278914569219,1810
2022-07-07T02:00:00Z,GAS,GAS FIRED STEAM,1168.3847839779323,2599
2022-07-07T02:00:00Z,GAS,SIMPLE CYCLE,553.2879672288894,1230
2022-07-07T02:00:00Z,HYDRO,HYDRO,504.42686571684146,894
2022-07-07T02:00:00Z,OTHER,BIOMASS,108.2833415110906,154
2022-07-07T02:00:00Z,OTHER,GAS,0,10
2022-07-07T02:00:00Z,OTHER,GAS COGEN,0,58
2022-07-07T02:00:00Z,OTHER,OIL/GAS,41.822993170420325,53
2022-07-07T02:00:00Z,OTHER,WOOD/REFUSE,84.8740495438046,149
2022-07-07T02:00:00Z,SOLAR,SOLAR,71.66933185988003,936
2022-07-07T02:00:00Z,WIND,WIND,506.5729138383435,2269
2022-07-07T03:00:00Z,COAL,COAL,1255.5090209452312,1266
2022-07-07T03:00:00Z,ENERGY STORAGE,ENERGY STORAGE,0,50
2022-07-07T03:00:00Z,GAS,COGENERATION,3549.5422554616134,5197
2022-07-07T03:00:00Z,GAS,COMBINED CYCLE,1356.6394751098421,1810
2022-07-07T03:00:00Z,GAS,GAS FIRED STEAM,1095.8053591410319,2599
2022-07-07T03:00:00Z,GAS,SIMPLE CYCLE,480.46816732747686,1230
2022-07-07T03:00:00Z,HYDRO,HYDRO,532.0999443393283,894
2022-07-07T03:00:00Z,OTHER,BIOMASS,109.39298740704854,154
2022-07-07T03:00:00Z,OTHER,GAS,0,10
2022-07-07T03:00:00Z,OTHER,GAS COGEN,0,58
2022-07-07T03:00:00Z,OTHER,OIL/GAS,42.00751452340021,53
2022-07-07T03:00:00Z,OTHER,WOOD/REFUSE,81.38650574843089,149
2022-07-07T03:00:00Z,SOLAR,SOLAR,2.540944427839584,936
2022-07-07T03:00:00Z,WIND,WIND,573.4516412856016,2269
2022-07-07T04:00:00Z,COAL,COAL,1259.433248223199,1266
2022-07-07T04:00:00Z,ENERGY STORAGE,ENERGY STORAGE,0,50
2022-07-07T04:00:00Z,GAS,COGENERATION,3568.4168110092482,5197
2022-07-07T04:00:00Z,GAS,COMBINED CYCLE,1354.5523870340983,1810
2022-07-07T04:00:00Z,GAS,GAS FIRED STEAM,990.7212888463338,2599
2022-07-07T04:00:00Z,GAS,SIMPLE CYCLE,443.35566826615064,1230
2022-07-07T04:00:00Z,HYDRO,HYDRO,522.1705625667837,894
2022-07-07T04:00:00Z,OTHER,BIOMASS,111.40420384089151,154
2022-07-07T04:00:00Z,OTHER,GAS,0,10
2022-07-07T04:00:00Z,OTHER,GAS COGEN,0,58
2022-07-07T04:00:00Z,OTHER,OIL/GAS,41.952365945180254,53
2022-07-07T04:00:00Z,OTHER,WOOD/REFUSE,81.36689696364932,149
2022-07-07T04:00:00Z,SOLAR,SOLAR,0,936
2022-07-07T04:00:00Z,WIND,WIND,593.8575792217255,2269
2022-07-07T05:00:00Z,COAL,COAL,1260.7654056803385,1266
2022-07-07T05:00:00Z,ENERGY STORAGE,ENERGY STORAGE,0,50
2022-07-07T05:00:00Z,GAS,COGENERATION,3518.0195199784966,5197
2022-07-07T05:00:00Z,GAS,COMBINED CYCLE,1343.4345837100348,1810
2022-07-07T05:00:00Z,GAS,GAS FIRED STEAM,1035.917068693373,2599
2022-07-07T05:00:00Z,GAS,SIMPLE CYCLE,454.46098616972563,1230
2022-07-07T05:00:00Z,HYDRO,HYDRO,350.73149915181926,894
2022-07-07T05:00:00Z,OTHER,BIOMASS,109.86793067614238,154
2022-07-07T05:00:00Z,OTHER,GAS,0,10
2022-07-07T05:00:00Z,OTHER,GAS COGEN,0,58
2022-07-07T05:00:00Z,OTHER,OIL/GAS,41.704193861219615,53
2022-07-07T05:00:00Z,OTHER,WOOD/REFUSE,77.47697564548916,149
2022-07-07T05:00:00Z,SOLAR,SOLAR,0,936
2022-07-07T05:00:00Z,WIND,WIND,461.87506387639377,2269
2022-07-07T06:00:00Z,COAL,COAL,1259.584522128635,1266
2022-07-07T06:00:00Z,ENERGY STORAGE,ENERGY STORAGE,0,50
2022-07-07T06:00:00Z,GAS,COGENERATION,3600.6560014288953,5197
2022-07-07T06:00:00Z,GAS,COMBINED CYCLE,1208.668506333828,1810
2022-07-07T06:00:00Z,GAS,GAS FIRED STEAM,1111.3203658337063,2599
2022-07-07T06:00:00Z,GAS,SIMPLE CYCLE,308.62357430126934,1230
2022-07-07T06:00:00Z,HYDRO,HYDRO,337.77091020282774,894
2022-07-07T06:00:00Z,OTHER,BIOMASS,110.3218298488193,154
2022-07-07T06:00:00Z,OTHER,GAS,0,10
2022-07-07T06:00:00Z,OTHER,GAS COGEN,0,58
2022-07-07T06:00:00Z,OTHER,OIL/GAS,42.36493818706936,53
2022-07-07T06:00:00Z,OTHER,WOOD/REFUSE,79.80406489875581,149
2022-07-07T06:00:00Z,SOLAR,SOLAR,0,936
2022-07-07T06:00:00Z,WIND,WIND,456.05530859685604,2269
2022-07-07T07:00:00Z,COAL,COAL,1252.0208982679578,1266
2022-07-07T07:00:00Z,ENERGY STORAGE,ENERGY STORAGE,0,50
2022-07-07T07:00:00Z,GAS,COGENERATION,3608.7926886610358,5197
2022-07-07T07:00:00Z,GAS,COMBINED CYCLE,1176.091238766776,1810
2022-07-07T07:00:00Z,GAS,GAS FIRED STEAM,1019.1362841288249,2599
2022-07-07T07:00:00Z,GAS,SIMPLE CYCLE,254.7873366877768,1230
2022-07-07T07:00:00Z,HYDRO,HYDRO,272.7980021552576,894
2022-07-07T07:00:00Z,OTHER,BIOMASS,109.93586074087355,154
2022-07-07T07:00:00Z,OTHER,GAS,0,10
2022-07-07T07:00:00Z,OTHER,GAS COGEN,0,58
2022-07-07T07:00:00Z,OTHER,OIL/GAS,41.67328343073527,53
2022-07-07T07:00:00Z,OTHER,WOOD/REFUSE,78.47301653756037,149
2022-07-07T07:00:00Z,SOLAR,SOLAR,0,936
2022-07-07T07:00:00Z,WIND,WIND,518.0933647885256,2269
2022-07-07T08:00:00Z,COAL,COAL,1247.6119081285265,1266
2022-07-07T08:00:00Z,ENERGY STORAGE,ENERGY STORAGE,-0.5172221151987711,50
2022-07-07T08:00:00Z,GAS,COGENERATION,3617.1289731265438,5197
2022-07-07T08:00:00Z,GAS,COMBINED CYCLE,1185.4464077642228,1810
2022-07-07T08:00:00Z,GAS,GAS FIRED STEAM,920.5902336756388,2599
2022-07-07T08:00:00Z,GAS,SIMPLE CYCLE,251.60870845688711,1230
2022-07-07T08:00:00Z,HYDRO,HYDRO,283.8127144018643,894
2022-07-07T08:00:00Z,OTHER,BIOMASS,110.81278584745196,154
2022-07-07T08:00:00Z,OTHER,GAS,0,10
2022-07-07T08:00:00Z,OTHER,GAS COGEN,0,58
2022-07-07T08:00:00Z,OTHER,OIL/GAS,41.31124363793267,53
2022-07-07T08:00:00Z,OTHER,WOOD/REFUSE,79.839837422106,149
2022-07-07T08:00:00Z,SOLAR,SOLAR,0,936
2022-07-07T08:00:00Z,WIND,WIND,413.39021974772214,2269
2022-07-07T09:00:00Z,COAL,COAL,1214.1495178900825,1266
2022-07-07T09:00:00Z,ENERGY STORAGE,ENERGY STORAGE,-1.9059440856509737,50
2022-07-07T09:00:00Z,GAS,COGENERATION,3631.70147253712,5197
2022-07-07T09:00:00Z,GAS,COMBINED CYCLE,1186.8226572767894,1810
2022-07-07T09:00:00Z,GAS,GAS FIRED STEAM,979.4806373680963,2599
2022-07-07T09:00:00Z,GAS,SIMPLE CYCLE,252.3239569091797,1230
2022-07-07T09:00:00Z,HYDRO,HYDRO,292.96055808626943,894
2022-07-07T09:00:00Z,OTHER,BIOMASS,112.27597879091898,154
2022-07-07T09:00:00Z,OTHER,GAS,0,10
2022-07-07T09:00:00Z,OTHER,GAS COGEN,0,58
2022-07-07T09:00:00Z,OTHER,OIL/GAS,41.2379989306132,53
2022-07-07T09:00:00Z,OTHER,WOOD/REFUSE,81.41651001214981,149
2022-07-07T09:00:00Z,SOLAR,SOLAR,0,936
2022-07-07T09:00:00Z,WIND,WIND,337.3087606803907,2269
2022-07-07T10:00:00Z,COAL,COAL,1259.7728580729167,1266
2022-07-07T10:00:00Z,ENERGY STORAGE,ENERGY STORAGE,-1.879888430701362,50
2022-07-07T10:00:00Z,GAS,COGENERATION,3645.080272905429,5197
2022-07-07T10:00:00Z,GAS,COMBINED CYCLE,1181.7908924060398,1810
2022-07-07T10:00:00Z,GAS,GAS FIRED STEAM,977.5327490827773,2599
2022-07-07T10:00:00Z,GAS,SIMPLE CYCLE,252.6411459220449,1230
2022-07-07T10:00:00Z,HYDRO,HYDRO,273.0852388768229,894
2022-07-07T10:00:00Z,OTHER,BIOMASS,112.1634862587187,154
2022-07-07T10:00:00Z,OTHER,GAS,0,10
2022-07-07T10:00:00Z,OTHER,GAS COGEN,0,58
2022-07-07T10:00:00Z,OTHER,OIL/GAS,40.57991505516899,53
2022-07-07T10:00:00Z,OTHER,WOOD/REFUSE,83.78440774705675,149
2022-07-07T10:00:00Z,SOLAR,SOLAR,0,936
2022-07-07T10:00:00Z,WIND,WIND,393.99915997890963,2269
2022-07-07T11:00:00Z,COAL,COAL,1261.2019613138834,1266
2022-07-07T11:00:00Z,ENERGY STORAGE,ENERGY STORAGE,-1.8946662648518882,50
2022-07-07T11:00:00Z,GAS,COGENERATION,3651.792676852014,5197
2022-07-07T11:00:00Z,GAS,COMBINED CYCLE,1177.0085023318397,1810
2022-07-07T11:00:00Z,GAS,GAS FIRED STEAM,890.690183974372,2599
2022-07-07T11:00:00Z,GAS,SIMPLE CYCLE,316.236076939106,1230
2022-07-07T11:00:00Z,HYDRO,HYDRO,263.42103640938797,894
2022-07-07T11:00:00Z,OTHER,BIOMASS,112.32992355717553,154
2022-07-07T11:00:00Z,OTHER,GAS,0,10
2022-07-07T11:00:00Z,OTHER,GAS COGEN,0,58
2022-07-07T11:00:00Z,OTHER,OIL/GAS,41.34770918104384,53
2022-07-07T11:00:00Z,OTHER,WOOD/REFUSE,83.33430128150516,149
2022-07-07T11:00:00Z,SOLAR,SOLAR,2.183499948150582,936
2022-07-07T11:00:00Z,WIND,WIND,434.55591759029363,2269
2022-07-07T12:00:00Z,COAL,COAL,1261.8956250339083,1266
2022-07-07T12:00:00Z,ENERGY STORAGE,ENERGY STORAGE,-0.6171664990319146,50
2022-07-07T12:00:00Z,GAS,COGENERATION,3654.13471886615,5197
2022-07-07T12:00:00Z,GAS,COMBINED CYCLE,1207.136671037674,1810
2022-07-07T12:00:00Z,GAS,GAS FIRED STEAM,1006.9523760138618,2599
2022-07-07T12:00:00Z,GAS,SIMPLE CYCLE,322.1019410562515,1230
2022-07-07T12:00:00Z,HYDRO,HYDRO,378.92893101920686,894
2022-07-07T12:00:00Z,OTHER,BIOMASS,111.96681282467311,154
2022-07-07T12:00:00Z,OTHER,GAS,0,10
2022-07-07T12:00:00Z,OTHER,GAS COGEN,0,58
2022-07-07T12:00:00Z,OTHER,OIL/GAS,40.6352048640781,53
2022-07-07T12:00:00Z,OTHER,WOOD/REFUSE,82.79774300787184,149
2022-07-07T12:00:00Z,SOLAR,SOLAR,72.53349873605701,936
2022-07-07T12:00:00Z,WIND,WIND,310.47987039102446,2269
2022-07-07T13:00:00Z,COAL,COAL,1261.3211905076769,1266
2022-07-07T13:00:00Z,ENERGY STORAGE,ENERGY STORAGE,0,50
2022-07-07T13:00:00Z,GAS,COGENERATION,3645.3851586510077,5197
2022-07-07T13:00:00Z,GAS,COMBINED CYCLE,1199.2069154739381,1810
2022-07-07T13:00:00Z,GAS,GAS FIRED STEAM,891.2463227632311,2599
2022-07-07T13:00:00Z,GAS,SIMPLE CYCLE,408.7766105964449,1230
2022-07-07T13:00:00Z,HYDRO,HYDRO,411.49035312798287,894
2022-07-07T13:00:00Z,OTHER,BIOMASS,109.03814307689666,154
2022-07-07T13:00:00Z,OTHER,GAS,0,10
2022-07-07T13:00:00Z,OTHER,GAS COGEN,0,58
2022-07-07T13:00:00Z,OTHER,OIL/GAS,39.49817655139499,53
2022-07-07T13:00:00Z,OTHER,WOOD/REFUSE,78.62649968147278,149
2022-07-07T13:00:00Z,SOLAR,SOLAR,258.25338407337665,936
2022-07-07T13:00:00Z,WIND,WIND,195.11164477106595,2269
2022-07-07T14:00:00Z,COAL,COAL,1260.6816299947104,1266
2022-07-07T14:00:00Z,ENERGY STORAGE,ENERGY STORAGE,6.666692097981599e-4,50
2022-07-07T14:00:00Z,GAS,COGENERATION,3608.3256884015436,5197
2022-07-07T14:00:00Z,GAS,COMBINED CYCLE,1267.348690943188,1810
2022-07-07T14:00:00Z,GAS,GAS FIRED STEAM,1109.542857699924,2599
2022-07-07T14:00:00Z,GAS,SIMPLE CYCLE,493.00443361000885,1230
2022-07-07T14:00:00Z,HYDRO,HYDRO,476.8395020596186,894
2022-07-07T14:00:00Z,OTHER,BIOMASS,110.41208397600386,154
2022-07-07T14:00:00Z,OTHER,GAS,0,10
2022-07-07T14:00:00Z,OTHER,GAS COGEN,0,58
2022-07-07T14:00:00Z,OTHER,OIL/GAS,39.39146646711561,53
2022-07-07T14:00:00Z,OTHER,WOOD/REFUSE,85.12186713642544,149
2022-07-07T14:00:00Z,SOLAR,SOLAR,447.68515637848117,936
2022-07-07T14:00:00Z,WIND,WIND,117.35864086727301,2269
2022-07-07T15:00:00Z,COAL,COAL,1260.8797450425889,1266
2022-07-07T15:00:00Z,ENERGY STORAGE,ENERGY STORAGE,0,50
2022-07-07T15:00:00Z,GAS,COGENERATION,3574.2782094405757,5197
2022-07-07T15:00:00Z,GAS,COMBINED CYCLE,1270.4957556290096,1810
2022-07-07T15:00:00Z,GAS,GAS FIRED STEAM,1226.130770594279,2599
2022-07-07T15:00:00Z,GAS,SIMPLE CYCLE,594.1424964481923,1230
2022-07-07T15:00:00Z,HYDRO,HYDRO,429.8249819128381,894
2022-07-07T15:00:00Z,OTHER,BIOMASS,109.6908761798011,154
2022-07-07T15:00:00Z,OTHER,GAS,0,10
2022-07-07T15:00:00Z,OTHER,GAS COGEN,0,58
2022-07-07T15:00:00Z,OTHER,OIL/GAS,38.91738267050849,53
2022-07-07T15:00:00Z,OTHER,WOOD/REFUSE,85.95686745537652,149
2022-07-07T15:00:00Z,SOLAR,SOLAR,543.9792115664482,936
2022-07-07T15:00:00Z,WIND,WIND,154.41772393182748,2269
2022-07-07T16:00:00Z,COAL,COAL,1259.9972947862414,1266
2022-07-07T16:00:00Z,ENERGY STORAGE,ENERGY STORAGE,0.00494446012708874,50
2022-07-07T16:00:00Z,GAS,COGENERATION,3540.092604182826,5197
2022-07-07T16:00:00Z,GAS,COMBINED CYCLE,1357.817799002197,1810
2022-07-07T16:00:00Z,GAS,GAS FIRED STEAM,1250.4776808759902,2599
2022-07-07T16:00:00Z,GAS,SIMPLE CYCLE,603.706263073749,1230
2022-07-07T16:00:00Z,HYDRO,HYDRO,498.1508322546217,894
2022-07-07T16:00:00Z,OTHER,BIOMASS,113.70360082202487,154
2022-07-07T16:00:00Z,OTHER,GAS,0,10
2022-07-07T16:00:00Z,OTHER,GAS COGEN,0,58
2022-07-07T16:00:00Z,OTHER,OIL/GAS,37.96862673865424,53
2022-07-07T16:00:00Z,OTHER,WOOD/REFUSE,86.61560257752737,149
2022-07-07T16:00:00Z,SOLAR,SOLAR,536.9724895281262,936
2022-07-07T16:00:00Z,WIND,WIND,195.8927691581183,2269
2022-07-07T17:00:00Z,COAL,COAL,1259.7427920193143,1266
2022-07-07T17:00:00Z,ENERGY STORAGE,ENERGY STORAGE,0,50
2022-07-07T17:00:00Z,GAS,COGENERATION,3514.945520752933,5197
2022-07-07T17:00:00Z,GAS,COMBINED CYCLE,1390.0533219914967,1810
2022-07-07T17:00:00Z,GAS,GAS FIRED STEAM,1237.0313270399306,2599
2022-07-07T17:00:00Z,GAS,SIMPLE CYCLE,603.1254553227955,1230
2022-07-07T17:00:00Z,HYDRO,HYDRO,446.3895802067386,894
2022-07-07T17:00:00Z,OTHER,BIOMASS,112.29658986780379,154
2022-07-07T17:00:00Z,OTHER,GAS,0,10
2022-07-07T17:00:00Z,OTHER,GAS COGEN,0,58
2022-07-07T17:00:00Z,OTHER,OIL/GAS,37.88563221613566,53
2022-07-07T17:00:00Z,OTHER,WOOD/REFUSE,85.91944706651898,149
2022-07-07T17:00:00Z,SOLAR,SOLAR,527.8686015208563,936
2022-07-07T17:00:00Z,WIND,WIND,314.7614825565492,2269
2022-07-07T18:00:00Z,COAL,COAL,1258.6007369825575,1266
2022-07-07T18:00:00Z,ENERGY STORAGE,ENERGY STORAGE,0,50
2022-07-07T18:00:00Z,GAS,COGENERATION,3452.580976121823,5197
2022-07-07T18:00:00Z,GAS,COMBINED CYCLE,1426.7091033707063,1810
2022-07-07T18:00:00Z,GAS,GAS FIRED STEAM,1253.8834308200412,2599
2022-07-07T18:00:00Z,GAS,SIMPLE CYCLE,627.7376125490003,1230
2022-07-07T18:00:00Z,HYDRO,HYDRO,488.1811152274741,894
2022-07-07T18:00:00Z,OTHER,BIOMASS,113.47979818344116,154
2022-07-07T18:00:00Z,OTHER,GAS,0,10
2022-07-07T18:00:00Z,OTHER,GAS COGEN,0,58
2022-07-07T18:00:00Z,OTHER,OIL/GAS,38.520481758117675,53
2022-07-07T18:00:00Z,OTHER,WOOD/REFUSE,86.88498806847467,149
2022-07-07T18:00:00Z,SOLAR,SOLAR,475.9721014715565,936
2022-07-07T18:00:00Z,WIND,WIND,418.2164728090167,2269
2022-07-07T19:00:00Z,COAL,COAL,1257.7011356268988,1266
2022-07-07T19:00:00Z,ENERGY STORAGE,ENERGY STORAGE,0,50
2022-07-07T19:00:00Z,GAS,COGENERATION,3427.830569183694,5197
2022-07-07T19:00:00Z,GAS,COMBINED CYCLE,1415.1255544458495,1810
2022-07-07T19:00:00Z,GAS,GAS FIRED STEAM,1223.239325934516,2599
2022-07-07T19:00:00Z,GAS,SIMPLE CYCLE,723.4767780074146,1230
2022-07-07T19:00:00Z,HYDRO,HYDRO,487.91843531542355,894
2022-07-07T19:00:00Z,OTHER,BIOMASS,110.4416251203749,154
2022-07-07T19:00:00Z,OTHER,GAS,0,10
2022-07-07T19:00:00Z,OTHER,GAS COGEN,0,58
2022-07-07T19:00:00Z,OTHER,OIL/GAS,38.5897159216139,53
2022-07-07T19:00:00Z,OTHER,WOOD/REFUSE,86.87137174288432,149
2022-07-07T19:00:00Z,SOLAR,SOLAR,441.23438037945164,936
2022-07-07T19:00:00Z,WIND,WIND,469.8464928238425,2269
2022-07-07T20:00:00Z,COAL,COAL,1256.224744330512,1266
2022-07-07T20:00:00Z,ENERGY STORAGE,ENERGY STORAGE,0,50
2022-07-07T20:00:00Z,GAS,COGENERATION,3401.897407135566,5197
2022-07-07T20:00:00Z,GAS,COMBINED CYCLE,1443.6486621232166,1810
2022-07-07T20:00:00Z,GAS,GAS FIRED STEAM,1310.3097611745197,2599
2022-07-07T20:00:00Z,GAS,SIMPLE CYCLE,750.1543873992894,1230
2022-07-07T20:00:00Z,HYDRO,HYDRO,477.86931576530134,894
2022-07-07T20:00:00Z,OTHER,BIOMASS,113.3313030968772,154
2022-07-07T20:00:00Z,OTHER,GAS,0,10
2022-07-07T20:00:00Z,OTHER,GAS COGEN,0,58
2022-07-07T20:00:00Z,OTHER,OIL/GAS,38.3888386493259,53
2022-07-07T20:00:00Z,OTHER,WOOD/REFUSE,87.42734787570106,149
2022-07-07T20:00:00Z,SOLAR,SOLAR,389.32715950369834,936
2022-07-07T20:00:00Z,WIND,WIND,396.2092631305009,2269
2022-07-07T21:00:00Z,COAL,COAL,1227.674348856608,1266
2022-07-07T21:00:00Z,ENERGY STORAGE,ENERGY STORAGE,0,50
2022-07-07T21:00:00Z,GAS,COGENERATION,3376.9128752703136,5197
2022-07-07T21:00:00Z,GAS,COMBINED CYCLE,1442.0178711975946,1810
2022-07-07T21:00:00Z,GAS,GAS FIRED STEAM,1303.7884365759955,2599
2022-07-07T21:00:00Z,GAS,SIMPLE CYCLE,775.1296038772663,1230
2022-07-07T21:00:00Z,HYDRO,HYDRO,461.94462482536835,894
2022-07-07T21:00:00Z,OTHER,BIOMASS,112.7918252049552,154
2022-07-07T21:00:00Z,OTHER,GAS,0,10
2022-07-07T21:00:00Z,OTHER,GAS COGEN,0,58
2022-07-07T21:00:00Z,OTHER,OIL/GAS,37.93537087122599,53
2022-07-07T21:00:00Z,OTHER,WOOD/REFUSE,86.1089531744851,149
2022-07-07T21:00:00Z,SOLAR,SOLAR,418.0886023089621,936
2022-07-07T21:00:00Z,WIND,WIND,428.9268630714632,2269
2022-07-07T22:00:00Z,COAL,COAL,1212.0210178460015,1266
2022-07-07T22:00:00Z,ENERGY STORAGE,ENERGY STORAGE,2.777788374159e-4,50
2022-07-07T22:00:00Z,GAS,COGENERATION,3374.707450511588,5197
2022-07-07T22:00:00Z,GAS,COMBINED CYCLE,1446.4364894411299,1810
2022-07-07T22:00:00Z,GAS,GAS FIRED STEAM,1230.6862254163955,2599
2022-07-07T22:00:00Z,GAS,SIMPLE CYCLE,813.1293566985925,1230
2022-07-07T22:00:00Z,HYDRO,HYDRO,460.174572546747,894
2022-07-07T22:00:00Z,OTHER,BIOMASS,113.81690700742934,154
2022-07-07T22:00:00Z,OTHER,GAS,0,10
2022-07-07T22:00:00Z,OTHER,GAS COGEN,0,58
2022-07-07T22:00:00Z,OTHER,OIL/GAS,38.44349357393053,53
2022-07-07T22:00:00Z,OTHER,WOOD/REFUSE,86.11677632914649,149
2022-07-07T22:00:00Z,SOLAR,SOLAR,473.7743231210775,936
2022-07-07T22:00:00Z,WIND,WIND,456.69652183543064,2269
2022-07-07T23:00:00Z,COAL,COAL,1255.2768485683864,1266
2022-07-07T23:00:00Z,ENERGY STORAGE,ENERGY STORAGE,0.01077781836191812,50
2022-07-07T23:00:00Z,GAS,COGENERATION,3386.470121169256,5197
2022-07-07T23:00:00Z,GAS,COMBINED CYCLE,1446.059268811544,1810
2022-07-07T23:00:00Z,GAS,GAS FIRED STEAM,1151.8694762208727,2599
2022-07-07T23:00:00Z,GAS,SIMPLE CYCLE,798.0304575779703,1230
2022-07-07T23:00:00Z,HYDRO,HYDRO,398.58209287750225,894
2022-07-07T23:00:00Z,OTHER,BIOMASS,109.46448165787591,154
2022-07-07T23:00:00Z,OTHER,GAS,0,10
2022-07-07T23:00:00Z,OTHER,GAS COGEN,0,58
2022-07-07T23:00:00Z,OTHER,OIL/GAS,39.560710150400794,53
2022-07-07T23:00:00Z,OTHER,WOOD/REFUSE,86.15327350245582,149
2022-07-07T23:00:00Z,SOLAR,SOLAR,519.6499930069182,936
2022-07-07T23:00:00Z,WIND,WIND,549.971095008519,2269
2022-07-08T00:00:00Z,COAL,COAL,1256.206963687473,1266
2022-07-08T00:00:00Z,ENERGY STORAGE,ENERGY STORAGE,-3.6527778193685743,50
2022-07-08T00:00:00Z,GAS,COGENERATION,3408.489686794281,5197
2022-07-08T00:00:00Z,GAS,COMBINED CYCLE,1405.6096309757233,1810
2022-07-08T00:00:00Z,GAS,GAS FIRED STEAM,963.1593437364367,2599
2022-07-08T00:00:00Z,GAS,SIMPLE CYCLE,768.6919852005111,1230
2022-07-08T00:00:00Z,HYDRO,HYDRO,462.5538128846222,894
2022-07-08T00:00:00Z,OTHER,BIOMASS,109.15375401523379,154
2022-07-08T00:00:00Z,OTHER,GAS,0,10
2022-07-08T00:00:00Z,OTHER,GAS COGEN,0,58
2022-07-08T00:00:00Z,OTHER,OIL/GAS,39.40856648127238,53
2022-07-08T00:00:00Z,OTHER,WOOD/REFUSE,83.85663622644212,149
2022-07-08T00:00:00Z,SOLAR,SOLAR,460.8285491565201,936
2022-07-08T00:00:00Z,WIND,WIND,593.9039877117052,2269
2022-07-08T01:00:00Z,COAL,COAL,1248.387069837782,1266
2022-07-08T01:00:00Z,ENERGY STORAGE,ENERGY STORAGE,0,50
2022-07-08T01:00:00Z,GAS,COGENERATION,3426.594271614949,5197
2022-07-08T01:00:00Z,GAS,COMBINED CYCLE,1459.490336171256,1810
2022-07-08T01:00:00Z,GAS,GAS FIRED STEAM,1122.6746804851955,2599
2022-07-08T01:00:00Z,GAS,SIMPLE CYCLE,619.3014120899306,1230
2022-07-08T01:00:00Z,HYDRO,HYDRO,488.7562731794516,894
2022-07-08T01:00:00Z,OTHER,BIOMASS,109.68129030280643,154
2022-07-08T01:00:00Z,OTHER,GAS,0,10
2022-07-08T01:00:00Z,OTHER,GAS COGEN,0,58
2022-07-08T01:00:00Z,OTHER,OIL/GAS,41.08878815121121,53
2022-07-08T01:00:00Z,OTHER,WOOD/REFUSE,86.74550910631815,149
2022-07-08T01:00:00Z,SOLAR,SOLAR,324.15227174192665,936
2022-07-08T01:00:00Z,WIND,WIND,531.8171093352636,2269
2022-07-08T02:00:00Z,COAL,COAL,1243.1925157165526,1266
2022-07-08T02:00:00Z,ENERGY STORAGE,ENERGY STORAGE,-1.1111153496636e-4,50
2022-07-08T02:00:00Z,GAS,COGENERATION,3454.8916951643096,5197
2022-07-08T02:00:00Z,GAS,COMBINED CYCLE,1486.3204378199578,1810
2022-07-08T02:00:00Z,GAS,GAS FIRED STEAM,1253.2068024783664,2599
2022-07-08T02:00:00Z,GAS,SIMPLE CYCLE,597.016462313003,1230
2022-07-08T02:00:00Z,HYDRO,HYDRO,466.8512696184052,894
2022-07-08T02:00:00Z,OTHER,BIOMASS,113.55032046106128,154
2022-07-08T02:00:00Z,OTHER,GAS,0,10
2022-07-08T02:00:00Z,OTHER,GAS COGEN,0,58
2022-07-08T02:00:00Z,OTHER,OIL/GAS,40.79907691955567,53
2022-07-08T02:00:00Z,OTHER,WOOD/REFUSE,87.851794968711,149
2022-07-08T02:00:00Z,SOLAR,SOLAR,112.4204981664982,936
2022-07-08T02:00:00Z,WIND,WIND,430.9713641119252,2269
2022-07-08T03:00:00Z,COAL,COAL,1166.8156818983289,1266
2022-07-08T03:00:00Z,ENERGY STORAGE,ENERGY STORAGE,0,50
2022-07-08T03:00:00Z,GAS,COGENERATION,3481.539822749297,5197
2022-07-08T03:00:00Z,GAS,COMBINED CYCLE,1437.5054986155033,1810
2022-07-08T03:00:00Z,GAS,GAS FIRED STEAM,1214.8854437849257,2599
2022-07-08T03:00:00Z,GAS,SIMPLE CYCLE,570.1083770787385,1230
2022-07-08T03:00:00Z,HYDRO,HYDRO,431.2002771133847,894
2022-07-08T03:00:00Z,OTHER,BIOMASS,112.23098889668783,154
2022-07-08T03:00:00Z,OTHER,GAS,0,10
2022-07-08T03:00:00Z,OTHER,GAS COGEN,0,58
2022-07-08T03:00:00Z,OTHER,OIL/GAS,40.65447626325819,53
2022-07-08T03:00:00Z,OTHER,WOOD/REFUSE,87.0135058371226,149
2022-07-08T03:00:00Z,SOLAR,SOLAR,5.136444363436765,936
2022-07-08T03:00:00Z,WIND,WIND,535.965319422947,2269
2022-07-08T04:00:00Z,COAL,COAL,1253.7399073282877,1266
2022-07-08T04:00:00Z,ENERGY STORAGE,ENERGY STORAGE,0,50
2022-07-08T04:00:00Z,GAS,COGENERATION,3490.285538351933,5197
2022-07-08T04:00:00Z,GAS,COMBINED CYCLE,1359.5968443944719,1810
2022-07-08T04:00:00Z,GAS,GAS FIRED STEAM,1216.3952722422282,2599
2022-07-08T04:00:00Z,GAS,SIMPLE CYCLE,522.6587902699246,1230
2022-07-08T04:00:00Z,HYDRO,HYDRO,394.3956150750319,894
2022-07-08T04:00:00Z,OTHER,BIOMASS,111.16107735845779,154
2022-07-08T04:00:00Z,OTHER,GAS,0,10
2022-07-08T04:00:00Z,OTHER,GAS COGEN,0,58
2022-07-08T04:00:00Z,OTHER,OIL/GAS,41.12264404932658,53
2022-07-08T04:00:00Z,OTHER,WOOD/REFUSE,87.66041551378038,149
2022-07-08T04:00:00Z,SOLAR,SOLAR,0,936
2022-07-08T04:00:00Z,WIND,WIND,591.9384023061311,2269
2022-07-08T05:00:00Z,COAL,COAL,1256.3231425306533,1266
2022-07-08T05:00:00Z,ENERGY STORAGE,ENERGY STORAGE,0,50
2022-07-08T05:00:00Z,GAS,COGENERATION,3503.628026642534,5197
2022-07-08T05:00:00Z,GAS,COMBINED CYCLE,1335.1917048454284,1810
2022-07-08T05:00:00Z,GAS,GAS FIRED STEAM,1122.930826280382,2599
2022-07-08T05:00:00Z,GAS,SIMPLE CYCLE,351.7009364256263,1230
2022-07-08T05:00:00Z,HYDRO,HYDRO,326.48754118018684,894
2022-07-08T05:00:00Z,OTHER,BIOMASS,111.6177829615275,154
2022-07-08T05:00:00Z,OTHER,GAS,0,10
2022-07-08T05:00:00Z,OTHER,GAS COGEN,0,58
2022-07-08T05:00:00Z,OTHER,OIL/GAS,39.327215860154894,53
2022-07-08T05:00:00Z,OTHER,WOOD/REFUSE,88.05369908544752,149
2022-07-08T05:00:00Z,SOLAR,SOLAR,0,936
2022-07-08T05:00:00Z,WIND,WIND,741.3166979400979,2269
2022-07-08T06:00:00Z,COAL,COAL,1254.7723160298665,1266
2022-07-08T06:00:00Z,ENERGY STORAGE,ENERGY STORAGE,-0.03427777502271864,50
2022-07-08T06:00:00Z,GAS,COGENERATION,3496.2881031751963,5197
2022-07-08T06:00:00Z,GAS,COMBINED CYCLE,1247.9795502175225,1810
2022-07-08T06:00:00Z,GAS,GAS FIRED STEAM,801.3431839540269,2599
2022-07-08T06:00:00Z,GAS,SIMPLE CYCLE,251.7485983829366,1230
2022-07-08T06:00:00Z,HYDRO,HYDRO,260.94152952942585,894
2022-07-08T06:00:00Z,OTHER,BIOMASS,106.97280082384745,154
2022-07-08T06:00:00Z,OTHER,GAS,0,10
2022-07-08T06:00:00Z,OTHER,GAS COGEN,0,58
2022-07-08T06:00:00Z,OTHER,OIL/GAS,39.393189137776695,53
2022-07-08T06:00:00Z,OTHER,WOOD/REFUSE,82.85663318528069,149
2022-07-08T06:00:00Z,SOLAR,SOLAR,0,977
2022-07-08T06:00:00Z,WIND,WIND,788.2782356381913,2269
2022-07-08T07:00:00Z,COAL,COAL,1225.4635155571832,1266
2022-07-08T07:00:00Z,ENERGY STORAGE,ENERGY STORAGE,-0.9477775785658096,50
2022-07-08T07:00:00Z,GAS,COGENERATION,3512.9696837079528,5197
2022-07-08T07:00:00Z,GAS,COMBINED CYCLE,1242.6443675221337,1810
2022-07-08T07:00:00Z,GAS,GAS FIRED STEAM,734.840040558709,2599
2022-07-08T07:00:00Z,GAS,SIMPLE CYCLE,245.47509775479634,1230
2022-07-08T07:00:00Z,HYDRO,HYDRO,268.62601861198743,894
2022-07-08T07:00:00Z,OTHER,BIOMASS,103.10553176297083,154
2022-07-08T07:00:00Z,OTHER,GAS,0,10
2022-07-08T07:00:00Z,OTHER,GAS COGEN,0,58
2022-07-08T07:00:00Z,OTHER,OIL/GAS,41.51276035308838,53
2022-07-08T07:00:00Z,OTHER,WOOD/REFUSE,83.31366946697236,149
2022-07-08T07:00:00Z,SOLAR,SOLAR,0,977
2022-07-08T07:00:00Z,WIND,WIND,716.1062129382955,2269
2022-07-08T08:00:00Z,COAL,COAL,1139.3034058125813,1266
2022-07-08T08:00:00Z,ENERGY STORAGE,ENERGY STORAGE,-1.290610858069526,50
2022-07-08T08:00:00Z,GAS,COGENERATION,3507.642064925697,5197
2022-07-08T08:00:00Z,GAS,COMBINED CYCLE,1226.9986165968578,1810
2022-07-08T08:00:00Z,GAS,GAS FIRED STEAM,658.0031792449951,2599
2022-07-08T08:00:00Z,GAS,SIMPLE CYCLE,242.0540830172433,1230
2022-07-08T08:00:00Z,HYDRO,HYDRO,245.06378004948297,894
2022-07-08T08:00:00Z,OTHER,BIOMASS,100.88662919044495,154
2022-07-08T08:00:00Z,OTHER,GAS,0,10
2022-07-08T08:00:00Z,OTHER,GAS COGEN,0,58
2022-07-08T08:00:00Z,OTHER,OIL/GAS,42.6490709262424,53
2022-07-08T08:00:00Z,OTHER,WOOD/REFUSE,82.91196379714542,149
2022-07-08T08:00:00Z,SOLAR,SOLAR,0,977
2022-07-08T08:00:00Z,WIND,WIND,753.0778112202883,2269
2022-07-08T09:00:00Z,COAL,COAL,1129.0720622592503,1266
2022-07-08T09:00:00Z,ENERGY STORAGE,ENERGY STORAGE,-1.9082774278852674,50
2022-07-08T09:00:00Z,GAS,COGENERATION,3490.7044866147307,5197
2022-07-08T09:00:00Z,GAS,COMBINED CYCLE,1202.8098026805453,1810
2022-07-08T09:00:00Z,GAS,GAS FIRED STEAM,555.2481638929579,2599
2022-07-08T09:00:00Z,GAS,SIMPLE CYCLE,222.2639406850603,1230
2022-07-08T09:00:00Z,HYDRO,HYDRO,261.286929163403,894
2022-07-08T09:00:00Z,OTHER,BIOMASS,102.10914819611443,154
2022-07-08T09:00:00Z,OTHER,GAS,0,10
2022-07-08T09:00:00Z,OTHER,GAS COGEN,0,58
2022-07-08T09:00:00Z,OTHER,OIL/GAS,43.456032814449735,53
2022-07-08T09:00:00Z,OTHER,WOOD/REFUSE,81.70042352411483,149
2022-07-08T09:00:00Z,SOLAR,SOLAR,0,977
2022-07-08T09:00:00Z,WIND,WIND,803.8012801025311,2269
2022-07-08T10:00:00Z,COAL,COAL,1129.6775242445203,1266
2022-07-08T10:00:00Z,ENERGY STORAGE,ENERGY STORAGE,-1.0975553894042969,50
2022-07-08T10:00:00Z,GAS,COGENERATION,3486.2144823156464,5197
2022-07-08T10:00:00Z,GAS,COMBINED CYCLE,1208.5176155228085,1810
2022-07-08T10:00:00Z,GAS,GAS FIRED STEAM,491.33177957746716,2599
2022-07-08T10:00:00Z,GAS,SIMPLE CYCLE,205.33677724202474,1230
2022-07-08T10:00:00Z,HYDRO,HYDRO,277.55922647171553,894
2022-07-08T10:00:00Z,OTHER,BIOMASS,101.65800525241428,154
2022-07-08T10:00:00Z,OTHER,GAS,0,10
2022-07-08T10:00:00Z,OTHER,GAS COGEN,0,58
2022-07-08T10:00:00Z,OTHER,OIL/GAS,43.08873303731283,53
2022-07-08T10:00:00Z,OTHER,WOOD/REFUSE,80.9277864487966,149
2022-07-08T10:00:00Z,SOLAR,SOLAR,0,977
2022-07-08T10:00:00Z,WIND,WIND,903.7153575859467,2269
2022-07-08T11:00:00Z,COAL,COAL,1171.5047839694553,1266
2022-07-08T11:00:00Z,ENERGY STORAGE,ENERGY STORAGE,-0.0586111111111111,50
2022-07-08T11:00:00Z,GAS,COGENERATION,3507.9854914040034,5197
2022-07-08T11:00:00Z,GAS,COMBINED CYCLE,1197.9227200974358,1810
2022-07-08T11:00:00Z,GAS,GAS FIRED STEAM,497.51692809634733,2599
2022-07-08T11:00:00Z,GAS,SIMPLE CYCLE,229.23994242721136,1230
2022-07-08T11:00:00Z,HYDRO,HYDRO,244.71216947227717,894
2022-07-08T11:00:00Z,OTHER,BIOMASS,99.97903388341268,154
2022-07-08T11:00:00Z,OTHER,GAS,0,10
2022-07-08T11:00:00Z,OTHER,GAS COGEN,0,58
2022-07-08T11:00:00Z,OTHER,OIL/GAS,43.770792747073706,53
2022-07-08T11:00:00Z,OTHER,WOOD/REFUSE,81.99924571990968,149
2022-07-08T11:00:00Z,SOLAR,SOLAR,1.1631666270560688,977
2022-07-08T11:00:00Z,WIND,WIND,949.2059145785703,2269
2022-07-08T12:00:00Z,COAL,COAL,1176.7845096842448,1266
2022-07-08T12:00:00Z,ENERGY STORAGE,ENERGY STORAGE,0,50
2022-07-08T12:00:00Z,GAS,COGENERATION,3541.472087082416,5197
2022-07-08T12:00:00Z,GAS,COMBINED CYCLE,1247.3369880877601,1810
2022-07-08T12:00:00Z,GAS,GAS FIRED STEAM,707.4733784188165,2599
2022-07-08T12:00:00Z,GAS,SIMPLE CYCLE,243.175999809636,1230
2022-07-08T12:00:00Z,HYDRO,HYDRO,291.0446212808126,894
2022-07-08T12:00:00Z,OTHER,BIOMASS,98.926441605356,154
2022-07-08T12:00:00Z,OTHER,GAS,0,10
2022-07-08T12:00:00Z,OTHER,GAS COGEN,0,58
2022-07-08T12:00:00Z,OTHER,OIL/GAS,43.520576296912296,53
2022-07-08T12:00:00Z,OTHER,WOOD/REFUSE,80.34440393129985,149
2022-07-08T12:00:00Z,SOLAR,SOLAR,69.41966532841325,977
2022-07-08T12:00:00Z,WIND,WIND,860.1188495488962,2269
2022-07-08T13:00:00Z,COAL,COAL,1221.120842013889,1266
2022-07-08T13:00:00Z,ENERGY STORAGE,ENERGY STORAGE,-0.0918333191341824,50
2022-07-08T13:00:00Z,GAS,COGENERATION,3560.9383608140715,5197
2022-07-08T13:00:00Z,GAS,COMBINED CYCLE,1256.310303061803,1810
2022-07-08T13:00:00Z,GAS,GAS FIRED STEAM,795.599122475518,2599
2022-07-08T13:00:00Z,GAS,SIMPLE CYCLE,324.06328081660797,1230
2022-07-08T13:00:00Z,HYDRO,HYDRO,311.8838285724322,894
2022-07-08T13:00:00Z,OTHER,BIOMASS,98.70979812198215,154
2022-07-08T13:00:00Z,OTHER,GAS,0,10
2022-07-08T13:00:00Z,OTHER,GAS COGEN,0,58
2022-07-08T13:00:00Z,OTHER,OIL/GAS,43.31094952477349,53
2022-07-08T13:00:00Z,OTHER,WOOD/REFUSE,80.75925469027625,149
2022-07-08T13:00:00Z,SOLAR,SOLAR,296.19893881373935,977
2022-07-08T13:00:00Z,WIND,WIND,715.5028338620564,2269
2022-07-08T14:00:00Z,COAL,COAL,1228.746569281684,1266
2022-07-08T14:00:00Z,ENERGY STORAGE,ENERGY STORAGE,-0.933499746322632,50
2022-07-08T14:00:00Z,GAS,COGENERATION,3548.4600504086247,5197
2022-07-08T14:00:00Z,GAS,COMBINED CYCLE,1237.0992188156974,1810
2022-07-08T14:00:00Z,GAS,GAS FIRED STEAM,1032.3642746141222,2599
2022-07-08T14:00:00Z,GAS,SIMPLE CYCLE,458.8451210551792,1230
2022-07-08T14:00:00Z,HYDRO,HYDRO,293.4034346104993,894
2022-07-08T14:00:00Z,OTHER,BIOMASS,99.72047231038411,154
2022-07-08T14:00:00Z,OTHER,GAS,0,10
2022-07-08T14:00:00Z,OTHER,GAS COGEN,0,58
2022-07-08T14:00:00Z,OTHER,OIL/GAS,43.67475442038642,53
2022-07-08T14:00:00Z,OTHER,WOOD/REFUSE,81.51463638570574,149
2022-07-08T14:00:00Z,SOLAR,SOLAR,485.30121163076825,977
2022-07-08T14:00:00Z,WIND,WIND,592.7086714760379,2269
2022-07-08T15:00:00Z,COAL,COAL,1235.2442476908366,1266
2022-07-08T15:00:00Z,ENERGY STORAGE,ENERGY STORAGE,-0.37338895426856145,50
2022-07-08T15:00:00Z,GAS,COGENERATION,3516.0620824598436,5197
2022-07-08T15:00:00Z,GAS,COMBINED CYCLE,1297.3382687801784,1810
2022-07-08T15:00:00Z,GAS,GAS FIRED STEAM,906.897533200582,2599
2022-07-08T15:00:00Z,GAS,SIMPLE CYCLE,565.4392138152652,1230
2022-07-08T15:00:00Z,HYDRO,HYDRO,297.3157561203341,894
2022-07-08T15:00:00Z,OTHER,BIOMASS,98.4759148935477,154
2022-07-08T15:00:00Z,OTHER,GAS,0,10
2022-07-08T15:00:00Z,OTHER,GAS COGEN,0,58
2022-07-08T15:00:00Z,OTHER,OIL/GAS,43.88253271738688,53
2022-07-08T15:00:00Z,OTHER,WOOD/REFUSE,83.01736095693376,149
2022-07-08T15:00:00Z,SOLAR,SOLAR,561.9058729365137,977
2022-07-08T15:00:00Z,WIND,WIND,653.9171648452844,2269
2022-07-08T16:00:00Z,COAL,COAL,1253.2711327955458,1266
2022-07-08T16:00:00Z,ENERGY STORAGE,ENERGY STORAGE,0,50
2022-07-08T16:00:00Z,GAS,COGENERATION,3497.076005124036,5197
2022-07-08T16:00:00Z,GAS,COMBINED CYCLE,1325.24948155827,1810
2022-07-08T16:00:00Z,GAS,GAS FIRED STEAM,1004.9928155008952,2599
2022-07-08T16:00:00Z,GAS,SIMPLE CYCLE,589.6435154113504,1230
2022-07-08T16:00:00Z,HYDRO,HYDRO,361.69510974420444,894
2022-07-08T16:00:00Z,OTHER,BIOMASS,98.534470310741,154
2022-07-08T16:00:00Z,OTHER,GAS,0,10
2022-07-08T16:00:00Z,OTHER,GAS COGEN,0,58
2022-07-08T16:00:00Z,OTHER,OIL/GAS,43.4733494038052,53
2022-07-08T16:00:00Z,OTHER,WOOD/REFUSE,83.9129171456231,149
2022-07-08T16:00:00Z,SOLAR,SOLAR,611.0293660023477,977
2022-07-08T16:00:00Z,WIND,WIND,599.795608542189,2269
2022-07-08T17:00:00Z,COAL,COAL,1213.2451843939887,1266
2022-07-08T17:00:00Z,ENERGY STORAGE,ENERGY STORAGE,0,50
2022-07-08T17:00:00Z,GAS,COGENERATION,3482.5496771771377,5197
2022-07-08T17:00:00Z,GAS,COMBINED CYCLE,1356.4009522395663,1810
2022-07-08T17:00:00Z,GAS,GAS FIRED STEAM,1202.6195172458224,2599
2022-07-08T17:00:00Z,GAS,SIMPLE CYCLE,608.2162712030444,1230
2022-07-08T17:00:00Z,HYDRO,HYDRO,372.993107086685,894
2022-07-08T17:00:00Z,OTHER,BIOMASS,101.11685712602403,154
2022-07-08T17:00:00Z,OTHER,GAS,0,10
2022-07-08T17:00:00Z,OTHER,GAS COGEN,0,58
2022-07-08T17:00:00Z,OTHER,OIL/GAS,43.376254937913686,53
2022-07-08T17:00:00Z,OTHER,WOOD/REFUSE,87.23752547952863,149
2022-07-08T17:00:00Z,SOLAR,SOLAR,634.7760884793599,977
2022-07-08T17:00:00Z,WIND,WIND,476.6935756200883,2269
2022-07-08T18:00:00Z,COAL,COAL,1173.476119893392,1266
2022-07-08T18:00:00Z,ENERGY STORAGE,ENERGY STORAGE,2.777788374159e-4,50
2022-07-08T18:00:00Z,GAS,COGENERATION,3478.8430840477677,5197
2022-07-08T18:00:00Z,GAS,COMBINED CYCLE,1454.8793502659269,1810
2022-07-08T18:00:00Z,GAS,GAS FIRED STEAM,1238.2911355166964,2599
2022-07-08T18:00:00Z,GAS,SIMPLE CYCLE,625.7816067605548,1230
2022-07-08T18:00:00Z,HYDRO,HYDRO,415.42870764268764,894
2022-07-08T18:00:00Z,OTHER,BIOMASS,103.52636637104882,154
2022-07-08T18:00:00Z,OTHER,GAS,0,10
2022-07-08T18:00:00Z,OTHER,GAS COGEN,0,58
2022-07-08T18:00:00Z,OTHER,OIL/GAS,42.90757096820408,53
2022-07-08T18:00:00Z,OTHER,WOOD/REFUSE,88.59679175376891,149
2022-07-08T18:00:00Z,SOLAR,SOLAR,626.3156471411387,977
2022-07-08T18:00:00Z,WIND,WIND,390.50839407343005,2269
2022-07-08T19:00:00Z,COAL,COAL,1209.0894578213163,1266
2022-07-08T19:00:00Z,ENERGY STORAGE,ENERGY STORAGE,0,50
2022-07-08T19:00:00Z,GAS,COGENERATION,3460.0570210450223,5197
2022-07-08T19:00:00Z,GAS,COMBINED CYCLE,1480.4184925036961,1810
2022-07-08T19:00:00Z,GAS,GAS FIRED STEAM,1293.6095621999104,2599
2022-07-08T19:00:00Z,GAS,SIMPLE CYCLE,626.1197153343095,1230
2022-07-08T19:00:00Z,HYDRO,HYDRO,424.2370900355445,894
2022-07-08T19:00:00Z,OTHER,BIOMASS,102.04014805157979,154
2022-07-08T19:00:00Z,OTHER,GAS,0,10
2022-07-08T19:00:00Z,OTHER,GAS COGEN,0,58
2022-07-08T19:00:00Z,OTHER,OIL/GAS,43.1589161491394,53
2022-07-08T19:00:00Z,OTHER,WOOD/REFUSE,89.2741529279285,149
2022-07-08T19:00:00Z,SOLAR,SOLAR,619.5839932922522,977
2022-07-08T19:00:00Z,WIND,WIND,418.52259762480026,2269
2022-07-08T20:00:00Z,COAL,COAL,1252.4991300794813,1266
2022-07-08T20:00:00Z,ENERGY STORAGE,ENERGY STORAGE,0,50
2022-07-08T20:00:00Z,GAS,COGENERATION,3453.47125620736,5197
2022-07-08T20:00:00Z,GAS,COMBINED CYCLE,1476.3831472068364,1810
2022-07-08T20:00:00Z,GAS,GAS FIRED STEAM,1229.0212711673312,2599
2022-07-08T20:00:00Z,GAS,SIMPLE CYCLE,653.857199233638,1230
2022-07-08T20:00:00Z,HYDRO,HYDRO,444.24695111182,894
2022-07-08T20:00:00Z,OTHER,BIOMASS,102.53728612211016,154
2022-07-08T20:00:00Z,OTHER,GAS,0,10
2022-07-08T20:00:00Z,OTHER,GAS COGEN,0,58
2022-07-08T20:00:00Z,OTHER,OIL/GAS,44.00420356538561,53
2022-07-08T20:00:00Z,OTHER,WOOD/REFUSE,90.24087980323368,149
2022-07-08T20:00:00Z,SOLAR,SOLAR,591.1011500031418,977
2022-07-08T20:00:00Z,WIND,WIND,482.8244465725786,2269
2022-07-08T21:00:00Z,COAL,COAL,1205.4732329305011,1266
2022-07-08T21:00:00Z,ENERGY STORAGE,ENERGY STORAGE,0,50
2022-07-08T21:00:00Z,GAS,COGENERATION,3441.484835688505,5197
2022-07-08T21:00:00Z,GAS,COMBINED CYCLE,1474.6878508822124,1810
2022-07-08T21:00:00Z,GAS,GAS FIRED STEAM,1283.2317138756646,2599
2022-07-08T21:00:00Z,GAS,SIMPLE CYCLE,656.7464322625267,1230
2022-07-08T21:00:00Z,HYDRO,HYDRO,453.5747641629643,894
2022-07-08T21:00:00Z,OTHER,BIOMASS,102.09447127183279,154
2022-07-08T21:00:00Z,OTHER,GAS,0,10
2022-07-08T21:00:00Z,OTHER,GAS COGEN,0,58
2022-07-08T21:00:00Z,OTHER,OIL/GAS,43.71207726372613,53
2022-07-08T21:00:00Z,OTHER,WOOD/REFUSE,87.46965643935734,149
2022-07-08T21:00:00Z,SOLAR,SOLAR,592.5739867782593,977
2022-07-08T21:00:00Z,WIND,WIND,501.3232670418007,2269
2022-07-08T22:00:00Z,COAL,COAL,1176.922343665229,1266
2022-07-08T22:00:00Z,ENERGY STORAGE,ENERGY STORAGE,0,50
2022-07-08T22:00:00Z,GAS,COGENERATION,3435.033015993039,5197
2022-07-08T22:00:00Z,GAS,COMBINED CYCLE,1474.1963135210672,1810
2022-07-08T22:00:00Z,GAS,GAS FIRED STEAM,1250.8769940778943,2599
2022-07-08T22:00:00Z,GAS,SIMPLE CYCLE,671.9738241274158,1230
2022-07-08T22:00:00Z,HYDRO,HYDRO,520.1525575468276,894
2022-07-08T22:00:00Z,OTHER,BIOMASS,102.42285735713111,154
2022-07-08T22:00:00Z,OTHER,GAS,0,10
2022-07-08T22:00:00Z,OTHER,GAS COGEN,0,58
2022-07-08T22:00:00Z,OTHER,OIL/GAS,43.53304322984483,53
2022-07-08T22:00:00Z,OTHER,WOOD/REFUSE,85.82898998631372,149
2022-07-08T22:00:00Z,SOLAR,SOLAR,606.9438839051459,977
2022-07-08T22:00:00Z,WIND,WIND,427.973341812657,2269
2022-07-08T23:00:00Z,COAL,COAL,1177.4942355007597,1266
2022-07-08T23:00:00Z,ENERGY STORAGE,ENERGY STORAGE,0,50
2022-07-08T23:00:00Z,GAS,COGENERATION,3488.8510471313693,5197
2022-07-08T23:00:00Z,GAS,COMBINED CYCLE,1534.664669821395,1810
2022-07-08T23:00:00Z,GAS,GAS FIRED STEAM,1399.3733523729113,2599
2022-07-08T23:00:00Z,GAS,SIMPLE CYCLE,672.0603586350547,1230
2022-07-08T23:00:00Z,HYDRO,HYDRO,524.1831643336349,894
2022-07-08T23:00:00Z,OTHER,BIOMASS,104.46051933447521,154
2022-07-08T23:00:00Z,OTHER,GAS,0,10
2022-07-08T23:00:00Z,OTHER,GAS COGEN,0,58
2022-07-08T23:00:00Z,OTHER,OIL/GAS,43.277915749020046,53
2022-07-08T23:00:00Z,OTHER,WOOD/REFUSE,84.08793152544234,149
2022-07-08T23:00:00Z,SOLAR,SOLAR,565.5323852903314,977
2022-07-08T23:00:00Z,WIND,WIND,312.04778230163373,2269
2022-07-09T00:00:00Z,COAL,COAL,1220.296735466851,1266
2022-07-09T00:00:00Z,ENERGY STORAGE,ENERGY STORAGE,0,50
2022-07-09T00:00:00Z,GAS,COGENERATION,3534.6539223302734,5197
2022-07-09T00:00:00Z,GAS,COMBINED CYCLE,1490.9471768552728,1810
2022-07-09T00:00:00Z,GAS,GAS FIRED STEAM,1322.3749719492594,2599
2022-07-09T00:00:00Z,GAS,SIMPLE CYCLE,674.0556086450154,1230
2022-07-09T00:00:00Z,HYDRO,HYDRO,510.40584434164896,894
2022-07-09T00:00:00Z,OTHER,BIOMASS,105.57006989690993,154
2022-07-09T00:00:00Z,OTHER,GAS,0,10
2022-07-09T00:00:00Z,OTHER,GAS COGEN,0,58
2022-07-09T00:00:00Z,OTHER,OIL/GAS,43.06134417004056,53
2022-07-09T00:00:00Z,OTHER,WOOD/REFUSE,83.95975392977397,149
2022-07-09T00:00:00Z,SOLAR,SOLAR,479.9586579865879,977
2022-07-09T00:00:00Z,WIND,WIND,210.07935167396752,2269
2022-07-09T01:00:00Z,COAL,COAL,1176.796400994195,1266
2022-07-09T01:00:00Z,ENERGY STORAGE,ENERGY STORAGE,0,50
2022-07-09T01:00:00Z,GAS,COGENERATION,3571.991022842129,5197
2022-07-09T01:00:00Z,GAS,COMBINED CYCLE,1482.0568990336524,1810
2022-07-09T01:00:00Z,GAS,GAS FIRED STEAM,1353.7563855404323,2599
2022-07-09T01:00:00Z,GAS,SIMPLE CYCLE,609.2272317073412,1230
2022-07-09T01:00:00Z,HYDRO,HYDRO,562.318436027103,894
2022-07-09T01:00:00Z,OTHER,BIOMASS,103.79965948581696,154
2022-07-09T01:00:00Z,OTHER,GAS,0,10
2022-07-09T01:00:00Z,OTHER,GAS COGEN,0,58
2022-07-09T01:00:00Z,OTHER,OIL/GAS,43.77757082197401,53
2022-07-09T01:00:00Z,OTHER,WOOD/REFUSE,84.48837973117828,149
2022-07-09T01:00:00Z,SOLAR,SOLAR,308.203049992058,977
2022-07-09T01:00:00Z,WIND,WIND,195.49930713536838,2269
2022-07-09T02:00:00Z,COAL,COAL,1248.0461784701877,1266
2022-07-09T02:00:00Z,ENERGY STORAGE,ENERGY STORAGE,0,50
2022-07-09T02:00:00Z,GAS,COGENERATION,3558.441787486871,5197
2022-07-09T02:00:00Z,GAS,COMBINED CYCLE,1465.4143101109398,1810
2022-07-09T02:00:00Z,GAS,GAS FIRED STEAM,1283.1602664438883,2599
2022-07-09T02:00:00Z,GAS,SIMPLE CYCLE,602.853880308734,1230
2022-07-09T02:00:00Z,HYDRO,HYDRO,473.6044403984812,894
2022-07-09T02:00:00Z,OTHER,BIOMASS,104.99967556165325,154
2022-07-09T02:00:00Z,OTHER,GAS,0,10
2022-07-09T02:00:00Z,OTHER,GAS COGEN,0,58
2022-07-09T02:00:00Z,OTHER,OIL/GAS,43.671686225467255,53
2022-07-09T02:00:00Z,OTHER,WOOD/REFUSE,80.65646019511752,149
2022-07-09T02:00:00Z,SOLAR,SOLAR,111.62788676372833,977
2022-07-09T02:00:00Z,WIND,WIND,375.49368428137564,2269
2022-07-09T03:00:00Z,COAL,COAL,1261.2973963250054,1266
2022-07-09T03:00:00Z,ENERGY STORAGE,ENERGY STORAGE,0,50
2022-07-09T03:00:00Z,GAS,COGENERATION,3576.148245126804,5197
2022-07-09T03:00:00Z,GAS,COMBINED CYCLE,1408.9045248547693,1810
2022-07-09T03:00:00Z,GAS,GAS FIRED STEAM,1130.3465464867486,2599
2022-07-09T03:00:00Z,GAS,SIMPLE CYCLE,587.9016090121534,1230
2022-07-09T03:00:00Z,HYDRO,HYDRO,362.62847238209514,894
2022-07-09T03:00:00Z,OTHER,BIOMASS,104.46876871373918,154
2022-07-09T03:00:00Z,OTHER,GAS,0,10
2022-07-09T03:00:00Z,OTHER,GAS COGEN,0,58
2022-07-09T03:00:00Z,OTHER,OIL/GAS,43.09439938651191,53
2022-07-09T03:00:00Z,OTHER,WOOD/REFUSE,79.57978756162855,149
2022-07-09T03:00:00Z,SOLAR,SOLAR,5.021611018776894,977
2022-07-09T03:00:00Z,WIND,WIND,549.0881543105924,2269
2022-07-09T04:00:00Z,COAL,COAL,1260.5715095689561,1266
2022-07-09T04:00:00Z,ENERGY STORAGE,ENERGY STORAGE,0,50
2022-07-09T04:00:00Z,GAS,COGENERATION,3605.9800182312397,5197
2022-07-09T04:00:00Z,GAS,COMBINED CYCLE,1323.5009604644774,1810
2022-07-09T04:00:00Z,GAS,GAS FIRED STEAM,1004.3355659272936,2599
2022-07-09T04:00:00Z,GAS,SIMPLE CYCLE,585.0711963501903,1230
2022-07-09T04:00:00Z,HYDRO,HYDRO,383.366412967311,894
2022-07-09T04:00:00Z,OTHER,BIOMASS,102.74699870109558,154
2022-07-09T04:00:00Z,OTHER,GAS,0,10
2022-07-09T04:00:00Z,OTHER,GAS COGEN,0,58
2022-07-09T04:00:00Z,OTHER,OIL/GAS,43.50708744896783,53
2022-07-09T04:00:00Z,OTHER,WOOD/REFUSE,76.12600628905827,149
2022-07-09T04:00:00Z,SOLAR,SOLAR,0,977
2022-07-09T04:00:00Z,WIND,WIND,521.3963772031334,2269
2022-07-09T05:00:00Z,COAL,COAL,1260.0864532979328,1266
2022-07-09T05:00:00Z,ENERGY STORAGE,ENERGY STORAGE,0,50
2022-07-09T05:00:00Z,GAS,COGENERATION,3590.3140957151186,5197
2022-07-09T05:00:00Z,GAS,COMBINED CYCLE,1296.720545972983,1810
2022-07-09T05:00:00Z,GAS,GAS FIRED STEAM,1044.9386588117811,2599
2022-07-09T05:00:00Z,GAS,SIMPLE CYCLE,426.3591481548548,1230
2022-07-09T05:00:00Z,HYDRO,HYDRO,261.54264349912603,894
2022-07-09T05:00:00Z,OTHER,BIOMASS,104.65784716182284,154
2022-07-09T05:00:00Z,OTHER,GAS,0,10
2022-07-09T05:00:00Z,OTHER,GAS COGEN,0,58
2022-07-09T05:00:00Z,OTHER,OIL/GAS,42.77911000781589,53
2022-07-09T05:00:00Z,OTHER,WOOD/REFUSE,79.84064140160878,149
2022-07-09T05:00:00Z,SOLAR,SOLAR,0,977
2022-07-09T05:00:00Z,WIND,WIND,564.1487716718929,2269
2022-07-09T06:00:00Z,COAL,COAL,1255.3805790540907,1266
2022-07-09T06:00:00Z,ENERGY STORAGE,ENERGY STORAGE,0,50
2022-07-09T06:00:00Z,GAS,COGENERATION,3608.7427580028607,5197
2022-07-09T06:00:00Z,GAS,COMBINED CYCLE,1221.9310646014742,1810
2022-07-09T06:00:00Z,GAS,GAS FIRED STEAM,799.7303114615546,2599
2022-07-09T06:00:00Z,GAS,SIMPLE CYCLE,267.7753748833471,1230
2022-07-09T06:00:00Z,HYDRO,HYDRO,270.5212424799138,894
2022-07-09T06:00:00Z,OTHER,BIOMASS,104.06536972734663,154
2022-07-09T06:00:00Z,OTHER,GAS,0,10
2022-07-09T06:00:00Z,OTHER,GAS COGEN,0,58
2022-07-09T06:00:00Z,OTHER,OIL/GAS,42.86438728332519,53
2022-07-09T06:00:00Z,OTHER,WOOD/REFUSE,77.11439078754849,149
2022-07-09T06:00:00Z,SOLAR,SOLAR,0,977
2022-07-09T06:00:00Z,WIND,WIND,732.7493829414249,2269
2022-07-09T07:00:00Z,COAL,COAL,1184.4827255418566,1266
2022-07-09T07:00:00Z,ENERGY STORAGE,ENERGY STORAGE,-0.5316110123528375,50
2022-07-09T07:00:00Z,GAS,COGENERATION,3592.258687828415,5197
2022-07-09T07:00:00Z,GAS,COMBINED CYCLE,1193.1407632493972,1810
2022-07-09T07:00:00Z,GAS,GAS FIRED STEAM,764.2434285990397,2599
2022-07-09T07:00:00Z,GAS,SIMPLE CYCLE,261.63025673336455,1230
2022-07-09T07:00:00Z,HYDRO,HYDRO,258.9636444081697,894
2022-07-09T07:00:00Z,OTHER,BIOMASS,103.63289208518134,154
2022-07-09T07:00:00Z,OTHER,GAS,0,10
2022-07-09T07:00:00Z,OTHER,GAS COGEN,0,58
2022-07-09T07:00:00Z,OTHER,OIL/GAS,44.2645211537679,53
2022-07-09T07:00:00Z,OTHER,WOOD/REFUSE,78.7175487587187,149
2022-07-09T07:00:00Z,SOLAR,SOLAR,0,977
2022-07-09T07:00:00Z,WIND,WIND,675.8355171116235,2269
2022-07-09T08:00:00Z,COAL,COAL,1207.0909623887806,1266
2022-07-09T08:00:00Z,ENERGY STORAGE,ENERGY STORAGE,-1.9074440913730197,50
2022-07-09T08:00:00Z,GAS,COGENERATION,3578.6162092235354,5197
2022-07-09T08:00:00Z,GAS,COMBINED CYCLE,1170.474648121198,1810
2022-07-09T08:00:00Z,GAS,GAS FIRED STEAM,711.3249930996365,2599
2022-07-09T08:00:00Z,GAS,SIMPLE CYCLE,259.10287065241073,1230
2022-07-09T08:00:00Z,HYDRO,HYDRO,273.4734560559028,894
2022-07-09T08:00:00Z,OTHER,BIOMASS,102.55785024695925,154
2022-07-09T08:00:00Z,OTHER,GAS,0,10
2022-07-09T08:00:00Z,OTHER,GAS COGEN,0,58
2022-07-09T08:00:00Z,OTHER,OIL/GAS,44.04392752753364,53
2022-07-09T08:00:00Z,OTHER,WOOD/REFUSE,78.44763582494525,149
2022-07-09T08:00:00Z,SOLAR,SOLAR,0,977
2022-07-09T08:00:00Z,WIND,WIND,613.754762627648,2269
2022-07-09T09:00:00Z,COAL,COAL,1209.4115740797256,1266
2022-07-09T09:00:00Z,ENERGY STORAGE,ENERGY STORAGE,-1.9057774183485239,50
2022-07-09T09:00:00Z,GAS,COGENERATION,3582.9238671166368,5197
2022-07-09T09:00:00Z,GAS,COMBINED CYCLE,1165.7896338208516,1810
2022-07-09T09:00:00Z,GAS,GAS FIRED STEAM,720.7149839443631,2599
2022-07-09T09:00:00Z,GAS,SIMPLE CYCLE,244.52629160510168,1230
2022-07-09T09:00:00Z,HYDRO,HYDRO,274.4007120366726,894
2022-07-09T09:00:00Z,OTHER,BIOMASS,103.63909665902455,154
2022-07-09T09:00:00Z,OTHER,GAS,0,10
2022-07-09T09:00:00Z,OTHER,GAS COGEN,0,58
2022-07-09T09:00:00Z,OTHER,OIL/GAS,43.80115987141927,53
2022-07-09T09:00:00Z,OTHER,WOOD/REFUSE,77.84615884886847,149
2022-07-09T09:00:00Z,SOLAR,SOLAR,0,977
2022-07-09T09:00:00Z,WIND,WIND,500.0704721603708,2269
2022-07-09T10:00:00Z,COAL,COAL,1246.9108497280545,1266
2022-07-09T10:00:00Z,ENERGY STORAGE,ENERGY STORAGE,-1.9043885241614449,50
2022-07-09T10:00:00Z,GAS,COGENERATION,3634.0777273946337,5197
2022-07-09T10:00:00Z,GAS,COMBINED CYCLE,1194.9656808333928,1810
2022-07-09T10:00:00Z,GAS,GAS FIRED STEAM,791.7783764648437,2599
2022-07-09T10:00:00Z,GAS,SIMPLE CYCLE,245.09444042576683,1230
2022-07-09T10:00:00Z,HYDRO,HYDRO,266.49553386564054,894
2022-07-09T10:00:00Z,OTHER,BIOMASS,105.55965270413292,154
2022-07-09T10:00:00Z,OTHER,GAS,0,10
2022-07-09T10:00:00Z,OTHER,GAS COGEN,0,58
2022-07-09T10:00:00Z,OTHER,OIL/GAS,43.90913720024957,53
2022-07-09T10:00:00Z,OTHER,WOOD/REFUSE,78.25315150843726,149
2022-07-09T10:00:00Z,SOLAR,SOLAR,0,977
2022-07-09T10:00:00Z,WIND,WIND,364.4025902455217,2269
2022-07-09T11:00:00Z,COAL,COAL,1237.510687154134,1266
2022-07-09T11:00:00Z,ENERGY STORAGE,ENERGY STORAGE,-0.15483330196804473,50
2022-07-09T11:00:00Z,GAS,COGENERATION,3611.2956203652752,5197
2022-07-09T11:00:00Z,GAS,COMBINED CYCLE,1164.4967529143228,1810
2022-07-09T11:00:00Z,GAS,GAS FIRED STEAM,731.5863271035089,2599
2022-07-09T11:00:00Z,GAS,SIMPLE CYCLE,245.2639116843541,1230
2022-07-09T11:00:00Z,HYDRO,HYDRO,238.8690653503769,894
2022-07-09T11:00:00Z,OTHER,BIOMASS,106.10935744550493,154
2022-07-09T11:00:00Z,OTHER,GAS,0,10
2022-07-09T11:00:00Z,OTHER,GAS COGEN,0,58
2022-07-09T11:00:00Z,OTHER,OIL/GAS,43.62743767208523,53
2022-07-09T11:00:00Z,OTHER,WOOD/REFUSE,76.98755567709605,149
2022-07-09T11:00:00Z,SOLAR,SOLAR,1.1563332939644655,977
2022-07-09T11:00:00Z,WIND,WIND,368.3382956988447,2269
2022-07-09T12:00:00Z,COAL,COAL,1256.1186225891115,1266
2022-07-09T12:00:00Z,ENERGY STORAGE,ENERGY STORAGE,0,50
2022-07-09T12:00:00Z,GAS,COGENERATION,3592.3844824523394,5197
2022-07-09T12:00:00Z,GAS,COMBINED CYCLE,1162.129164876938,1810
2022-07-09T12:00:00Z,GAS,GAS FIRED STEAM,707.7795847278171,2599
2022-07-09T12:00:00Z,GAS,SIMPLE CYCLE,245.23572790092894,1230
2022-07-09T12:00:00Z,HYDRO,HYDRO,260.4157359553377,894
2022-07-09T12:00:00Z,OTHER,BIOMASS,105.66998062239753,154
2022-07-09T12:00:00Z,OTHER,GAS,0,10
2022-07-09T12:00:00Z,OTHER,GAS COGEN,0,58
2022-07-09T12:00:00Z,OTHER,OIL/GAS,44.11324856864081,53
2022-07-09T12:00:00Z,OTHER,WOOD/REFUSE,74.02146267096201,149
2022-07-09T12:00:00Z,SOLAR,SOLAR,78.17094298879306,977
2022-07-09T12:00:00Z,WIND,WIND,302.1245453389858,2269
2022-07-09T13:00:00Z,COAL,COAL,1259.8305129665798,1266
2022-07-09T13:00:00Z,ENERGY STORAGE,ENERGY STORAGE,0,50
2022-07-09T13:00:00Z,GAS,COGENERATION,3643.593187411229,5197
2022-07-09T13:00:00Z,GAS,COMBINED CYCLE,1203.3800675442485,1810
2022-07-09T13:00:00Z,GAS,GAS FIRED STEAM,785.0697015126547,2599
2022-07-09T13:00:00Z,GAS,SIMPLE CYCLE,243.60125928772823,1230
2022-07-09T13:00:00Z,HYDRO,HYDRO,309.9026066496637,894
2022-07-09T13:00:00Z,OTHER,BIOMASS,101.84358772012922,154
2022-07-09T13:00:00Z,OTHER,GAS,0,10
2022-07-09T13:00:00Z,OTHER,GAS COGEN,0,58
2022-07-09T13:00:00Z,OTHER,OIL/GAS,43.97383163240221,53
2022-07-09T13:00:00Z,OTHER,WOOD/REFUSE,68.1785296356678,149
2022-07-09T13:00:00Z,SOLAR,SOLAR,283.94132778333295,977
2022-07-09T13:00:00Z,WIND,WIND,146.87124901964017,2269
2022-07-09T14:00:00Z,COAL,COAL,1259.7965125698513,1266
2022-07-09T14:00:00Z,ENERGY STORAGE,ENERGY STORAGE,0,50
2022-07-09T14:00:00Z,GAS,COGENERATION,3649.9323767651454,5197
2022-07-09T14:00:00Z,GAS,COMBINED CYCLE,1264.8009429693223,1810
2022-07-09T14:00:00Z,GAS,GAS FIRED STEAM,789.5553787697686,2599
2022-07-09T14:00:00Z,GAS,SIMPLE CYCLE,380.0152789235115,1230
2022-07-09T14:00:00Z,HYDRO,HYDRO,352.05688450773556,894
2022-07-09T14:00:00Z,OTHER,BIOMASS,102.78518773661719,154
2022-07-09T14:00:00Z,OTHER,GAS,0,10
2022-07-09T14:00:00Z,OTHER,GAS COGEN,0,58
2022-07-09T14:00:00Z,OTHER,OIL/GAS,43.70594938490126,53
2022-07-09T14:00:00Z,OTHER,WOOD/REFUSE,67.5764443204138,149
2022-07-09T14:00:00Z,SOLAR,SOLAR,472.33810033904183,977
2022-07-09T14:00:00Z,WIND,WIND,130.2363013036218,2269
2022-07-09T15:00:00Z,COAL,COAL,1258.9412434895835,1266
2022-07-09T15:00:00Z,ENERGY STORAGE,ENERGY STORAGE,0,50
2022-07-09T15:00:00Z,GAS,COGENERATION,3613.463796917316,5197
2022-07-09T15:00:00Z,GAS,COMBINED CYCLE,1307.1060669729445,1810
2022-07-09T15:00:00Z,GAS,GAS FIRED STEAM,790.7348064804077,2599
2022-07-09T15:00:00Z,GAS,SIMPLE CYCLE,379.6146377738979,1230
2022-07-09T15:00:00Z,HYDRO,HYDRO,367.2834966437022,894
2022-07-09T15:00:00Z,OTHER,BIOMASS,101.9143582338757,154
2022-07-09T15:00:00Z,OTHER,GAS,0,10
2022-07-09T15:00:00Z,OTHER,GAS COGEN,0,58
2022-07-09T15:00:00Z,OTHER,OIL/GAS,43.95258170869615,53
2022-07-09T15:00:00Z,OTHER,WOOD/REFUSE,68.59202545642853,149
2022-07-09T15:00:00Z,SOLAR,SOLAR,548.927210563206,977
2022-07-09T15:00:00Z,WIND,WIND,197.5769327010297,2269
2022-07-09T16:00:00Z,COAL,COAL,1259.459199066162,1266
2022-07-09T16:00:00Z,ENERGY STORAGE,ENERGY STORAGE,0,50
2022-07-09T16:00:00Z,GAS,COGENERATION,3572.893640061054,5197
2022-07-09T16:00:00Z,GAS,COMBINED CYCLE,1299.702374604543,1810
2022-07-09T16:00:00Z,GAS,GAS FIRED STEAM,793.9471371036107,2599
2022-07-09T16:00:00Z,GAS,SIMPLE CYCLE,455.6417606683572,1230
2022-07-09T16:00:00Z,HYDRO,HYDRO,367.88537910368706,894
2022-07-09T16:00:00Z,OTHER,BIOMASS,102.43642019695706,154
2022-07-09T16:00:00Z,OTHER,GAS,0,10
2022-07-09T16:00:00Z,OTHER,GAS COGEN,0,58
2022-07-09T16:00:00Z,OTHER,OIL/GAS,43.44348851309882,53
2022-07-09T16:00:00Z,OTHER,WOOD/REFUSE,68.69457786798478,149
2022-07-09T16:00:00Z,SOLAR,SOLAR,606.1429859961404,977
2022-07-09T16:00:00Z,WIND,WIND,254.41233557886548,2269
2022-07-09T17:00:00Z,COAL,COAL,1259.0034684753418,1266
2022-07-09T17:00:00Z,ENERGY STORAGE,ENERGY STORAGE,0,50
2022-07-09T17:00:00Z,GAS,COGENERATION,3541.145848761267,5197
2022-07-09T17:00:00Z,GAS,COMBINED CYCLE,1347.3103295453388,1810
2022-07-09T17:00:00Z,GAS,GAS FIRED STEAM,845.5776366509332,2599
2022-07-09T17:00:00Z,GAS,SIMPLE CYCLE,499.7301397442818,1230
2022-07-09T17:00:00Z,HYDRO,HYDRO,385.3315077932676,894
2022-07-09T17:00:00Z,OTHER,BIOMASS,101.2183130730523,154
2022-07-09T17:00:00Z,OTHER,GAS,0,10
2022-07-09T17:00:00Z,OTHER,GAS COGEN,0,58
2022-07-09T17:00:00Z,OTHER,OIL/GAS,43.67914362589518,53
2022-07-09T17:00:00Z,OTHER,WOOD/REFUSE,71.9365504111184,149
2022-07-09T17:00:00Z,SOLAR,SOLAR,621.948039744695,977
2022-07-09T17:00:00Z,WIND,WIND,256.4431952359114,2269
2022-07-09T18:00:00Z,COAL,COAL,1258.007953389486,1266
2022-07-09T18:00:00Z,ENERGY STORAGE,ENERGY STORAGE,0,50
2022-07-09T18:00:00Z,GAS,COGENERATION,3531.3058785031903,5197
2022-07-09T18:00:00Z,GAS,COMBINED CYCLE,1352.642957704332,1810
2022-07-09T18:00:00Z,GAS,GAS FIRED STEAM,921.7110457399157,2599
2022-07-09T18:00:00Z,GAS,SIMPLE CYCLE,500.3303379021751,1230
2022-07-09T18:00:00Z,HYDRO,HYDRO,391.25467884514063,894
2022-07-09T18:00:00Z,OTHER,BIOMASS,102.9062127951781,154
2022-07-09T18:00:00Z,OTHER,GAS,0,10
2022-07-09T18:00:00Z,OTHER,GAS COGEN,0,58
2022-07-09T18:00:00Z,OTHER,OIL/GAS,43.35885021633572,53
2022-07-09T18:00:00Z,OTHER,WOOD/REFUSE,74.86589640365706,149
2022-07-09T18:00:00Z,SOLAR,SOLAR,630.5980969874064,977
2022-07-09T18:00:00Z,WIND,WIND,275.1448289114071,2269
2022-07-09T19:00:00Z,COAL,COAL,1251.1424227905272,1266
2022-07-09T19:00:00Z,ENERGY STORAGE,ENERGY STORAGE,0,50
2022-07-09T19:00:00Z,GAS,COGENERATION,3522.681682188511,5197
2022-07-09T19:00:00Z,GAS,COMBINED CYCLE,1345.8301648712156,1810
2022-07-09T19:00:00Z,GAS,GAS FIRED STEAM,1023.5364854219224,2599
2022-07-09T19:00:00Z,GAS,SIMPLE CYCLE,499.75709652052984,1230
2022-07-09T19:00:00Z,HYDRO,HYDRO,379.00262706610886,894
2022-07-09T19:00:00Z,OTHER,BIOMASS,101.71645588768853,154
2022-07-09T19:00:00Z,OTHER,GAS,0,10
2022-07-09T19:00:00Z,OTHER,GAS COGEN,0,58
2022-07-09T19:00:00Z,OTHER,OIL/GAS,43.09783702214559,53
2022-07-09T19:00:00Z,OTHER,WOOD/REFUSE,76.12193980137508,149
2022-07-09T19:00:00Z,SOLAR,SOLAR,633.0031516362561,977
2022-07-09T19:00:00Z,WIND,WIND,272.0660098244581,2269
2022-07-09T20:00:00Z,COAL,COAL,1258.0026959906684,1266
2022-07-09T20:00:00Z,ENERGY STORAGE,ENERGY STORAGE,0,50
2022-07-09T20:00:00Z,GAS,COGENERATION,3518.3106017456453,5197
2022-07-09T20:00:00Z,GAS,COMBINED CYCLE,1338.0653777164882,1810
2022-07-09T20:00:00Z,GAS,GAS FIRED STEAM,1048.194749721951,2599
2022-07-09T20:00:00Z,GAS,SIMPLE CYCLE,499.40187514517044,1230
2022-07-09T20:00:00Z,HYDRO,HYDRO,343.61970630645754,894
2022-07-09T20:00:00Z,OTHER,BIOMASS,101.71552552117242,154
2022-07-09T20:00:00Z,OTHER,GAS,0,10
2022-07-09T20:00:00Z,OTHER,GAS COGEN,0,58
2022-07-09T20:00:00Z,OTHER,OIL/GAS,42.94336047914293,53
2022-07-09T20:00:00Z,OTHER,WOOD/REFUSE,75.26380113707648,149
2022-07-09T20:00:00Z,SOLAR,SOLAR,630.9915403199196,977
2022-07-09T20:00:00Z,WIND,WIND,375.6864959841884,2269
2022-07-09T21:00:00Z,COAL,COAL,1255.4888509453667,1266
2022-07-09T21:00:00Z,ENERGY STORAGE,ENERGY STORAGE,-1.8657221094767251,50
2022-07-09T21:00:00Z,GAS,COGENERATION,3506.773395082818,5197
2022-07-09T21:00:00Z,GAS,COMBINED CYCLE,1348.829628630744,1810
2022-07-09T21:00:00Z,GAS,GAS FIRED STEAM,1061.9025429068672,2599
2022-07-09T21:00:00Z,GAS,SIMPLE CYCLE,513.9092225795819,1230
2022-07-09T21:00:00Z,HYDRO,HYDRO,405.9698438419236,894
2022-07-09T21:00:00Z,OTHER,BIOMASS,103.5075618452496,154
2022-07-09T21:00:00Z,OTHER,GAS,0,10
2022-07-09T21:00:00Z,OTHER,GAS COGEN,0,58
2022-07-09T21:00:00Z,OTHER,OIL/GAS,43.2976384862264,53
2022-07-09T21:00:00Z,OTHER,WOOD/REFUSE,76.62101273165808,149
2022-07-09T21:00:00Z,SOLAR,SOLAR,616.5013192341063,977
2022-07-09T21:00:00Z,WIND,WIND,436.12075466207335,2269
2022-07-09T22:00:00Z,COAL,COAL,1256.1419096374511,1266
2022-07-09T22:00:00Z,ENERGY STORAGE,ENERGY STORAGE,0,50
2022-07-09T22:00:00Z,GAS,COGENERATION,3502.8450961562,5197
2022-07-09T22:00:00Z,GAS,COMBINED CYCLE,1369.3774060609605,1810
2022-07-09T22:00:00Z,GAS,GAS FIRED STEAM,1199.13170366923,2599
2022-07-09T22:00:00Z,GAS,SIMPLE CYCLE,541.0715497155985,1230
2022-07-09T22:00:00Z,HYDRO,HYDRO,380.8689699611399,894
2022-07-09T22:00:00Z,OTHER,BIOMASS,105.68203297668033,154
2022-07-09T22:00:00Z,OTHER,GAS,0,10
2022-07-09T22:00:00Z,OTHER,GAS COGEN,0,58
2022-07-09T22:00:00Z,OTHER,OIL/GAS,43.59033801608616,53
2022-07-09T22:00:00Z,OTHER,WOOD/REFUSE,79.00758951822917,149
2022-07-09T22:00:00Z,SOLAR,SOLAR,541.3501550708545,977
2022-07-09T22:00:00Z,WIND,WIND,422.39161726870054,2269
2022-07-09T23:00:00Z,COAL,COAL,1256.8055098639593,1266
2022-07-09T23:00:00Z,ENERGY STORAGE,ENERGY STORAGE,0,50
2022-07-09T23:00:00Z,GAS,COGENERATION,3502.2750996224086,5197
2022-07-09T23:00:00Z,GAS,COMBINED CYCLE,1370.4909523497688,1810
2022-07-09T23:00:00Z,GAS,GAS FIRED STEAM,1211.8687896558972,2599
2022-07-09T23:00:00Z,GAS,SIMPLE CYCLE,543.9532764254676,1230
2022-07-09T23:00:00Z,HYDRO,HYDRO,350.8054565740956,894
2022-07-09T23:00:00Z,OTHER,BIOMASS,107.96426206641726,154
2022-07-09T23:00:00Z,OTHER,GAS,0,10
2022-07-09T23:00:00Z,OTHER,GAS COGEN,0,58
2022-07-09T23:00:00Z,OTHER,OIL/GAS,43.78863790724012,53
2022-07-09T23:00:00Z,OTHER,WOOD/REFUSE,78.74941590732999,149
2022-07-09T23:00:00Z,SOLAR,SOLAR,546.7790409437815,977
2022-07-09T23:00:00Z,WIND,WIND,494.1748340676394,2269
2022-07-10T00:00:00Z,COAL,COAL,1256.570257687039,1266
2022-07-10T00:00:00Z,ENERGY STORAGE,ENERGY STORAGE,0,50
2022-07-10T00:00:00Z,GAS,COGENERATION,3501.4850560780696,5197
2022-07-10T00:00:00Z,GAS,COMBINED CYCLE,1343.4900112427606,1810
2022-07-10T00:00:00Z,GAS,GAS FIRED STEAM,981.1429330444336,2599
2022-07-10T00:00:00Z,GAS,SIMPLE CYCLE,512.4019182425076,1230
2022-07-10T00:00:00Z,HYDRO,HYDRO,383.68752554708055,894
2022-07-10T00:00:00Z,OTHER,BIOMASS,106.93422356552549,154
2022-07-10T00:00:00Z,OTHER,GAS,0,10
2022-07-10T00:00:00Z,OTHER,GAS COGEN,0,58
2022-07-10T00:00:00Z,OTHER,OIL/GAS,43.00082028706869,53
2022-07-10T00:00:00Z,OTHER,WOOD/REFUSE,73.91862852308486,149
2022-07-10T00:00:00Z,SOLAR,SOLAR,434.69276889436776,977
2022-07-10T00:00:00Z,WIND,WIND,736.8629828741484,2269
2022-07-10T01:00:00Z,COAL,COAL,1257.0382351345486,1266
2022-07-10T01:00:00Z,ENERGY STORAGE,ENERGY STORAGE,0,50
2022-07-10T01:00:00Z,GAS,COGENERATION,3530.272985121409,5197
2022-07-10T01:00:00Z,GAS,COMBINED CYCLE,1344.4988991546631,1810
2022-07-10T01:00:00Z,GAS,GAS FIRED STEAM,827.4231948428684,2599
2022-07-10T01:00:00Z,GAS,SIMPLE CYCLE,523.6778651168943,1230
2022-07-10T01:00:00Z,HYDRO,HYDRO,400.35872954169906,894
2022-07-10T01:00:00Z,OTHER,BIOMASS,104.92207098060184,154
2022-07-10T01:00:00Z,OTHER,GAS,0,10
2022-07-10T01:00:00Z,OTHER,GAS COGEN,0,58
2022-07-10T01:00:00Z,OTHER,OIL/GAS,43.342232604556614,53
2022-07-10T01:00:00Z,OTHER,WOOD/REFUSE,74.05005189074411,149
2022-07-10T01:00:00Z,SOLAR,SOLAR,265.74688432458373,977
2022-07-10T01:00:00Z,WIND,WIND,837.3966006960306,2269
2022-07-10T02:00:00Z,COAL,COAL,1254.9227558898924,1266
2022-07-10T02:00:00Z,ENERGY STORAGE,ENERGY STORAGE,0,50
2022-07-10T02:00:00Z,GAS,COGENERATION,3533.5155487938555,5197
2022-07-10T02:00:00Z,GAS,COMBINED CYCLE,1345.2191463046604,1810
2022-07-10T02:00:00Z,GAS,GAS FIRED STEAM,834.2249923917982,2599
2022-07-10T02:00:00Z,GAS,SIMPLE CYCLE,526.8651197583146,1230
2022-07-10T02:00:00Z,HYDRO,HYDRO,405.22857773012583,894
2022-07-10T02:00:00Z,OTHER,BIOMASS,103.8627447658115,154
2022-07-10T02:00:00Z,OTHER,GAS,0,10
2022-07-10T02:00:00Z,OTHER,GAS COGEN,0,58
2022-07-10T02:00:00Z,OTHER,OIL/GAS,43.579753733740915,53
2022-07-10T02:00:00Z,OTHER,WOOD/REFUSE,73.40337953355576,149
2022-07-10T02:00:00Z,SOLAR,SOLAR,77.82972073758641,977
2022-07-10T02:00:00Z,WIND,WIND,839.4881629207399,2269
2022-07-10T03:00:00Z,COAL,COAL,1253.1820126681857,1266
2022-07-10T03:00:00Z,ENERGY STORAGE,ENERGY STORAGE,0,50
2022-07-10T03:00:00Z,GAS,COGENERATION,3569.2121381773054,5197
2022-07-10T03:00:00Z,GAS,COMBINED CYCLE,1355.3400303586325,1810
2022-07-10T03:00:00Z,GAS,GAS FIRED STEAM,903.1861229748197,2599
2022-07-10T03:00:00Z,GAS,SIMPLE CYCLE,466.74478756195964,1230
2022-07-10T03:00:00Z,HYDRO,HYDRO,385.834573911296,894
2022-07-10T03:00:00Z,OTHER,BIOMASS,105.57479075219896,154
2022-07-10T03:00:00Z,OTHER,GAS,0,10
2022-07-10T03:00:00Z,OTHER,GAS COGEN,0,58
2022-07-10T03:00:00Z,OTHER,OIL/GAS,43.52032122929891,53
2022-07-10T03:00:00Z,OTHER,WOOD/REFUSE,74.55024966425366,149
2022-07-10T03:00:00Z,SOLAR,SOLAR,3.8917777200788257,977
2022-07-10T03:00:00Z,WIND,WIND,703.7458097728467,2269
2022-07-10T04:00:00Z,COAL,COAL,1256.8086369832358,1266
2022-07-10T04:00:00Z,ENERGY STORAGE,ENERGY STORAGE,0,50
2022-07-10T04:00:00Z,GAS,COGENERATION,3604.8577984288004,5197
2022-07-10T04:00:00Z,GAS,COMBINED CYCLE,1318.853341401418,1810
2022-07-10T04:00:00Z,GAS,GAS FIRED STEAM,826.2424585427178,2599
2022-07-10T04:00:00Z,GAS,SIMPLE CYCLE,453.9071403750446,1230
2022-07-10T04:00:00Z,HYDRO,HYDRO,360.3328478507201,894
2022-07-10T04:00:00Z,OTHER,BIOMASS,105.90031099425423,154
2022-07-10T04:00:00Z,OTHER,GAS,0,10
2022-07-10T04:00:00Z,OTHER,GAS COGEN,0,58
2022-07-10T04:00:00Z,OTHER,OIL/GAS,43.677377132839624,53
2022-07-10T04:00:00Z,OTHER,WOOD/REFUSE,74.42219300640954,149
2022-07-10T04:00:00Z,SOLAR,SOLAR,0,977
2022-07-10T04:00:00Z,WIND,WIND,733.6305320854319,2269
2022-07-10T05:00:00Z,COAL,COAL,1255.3329088338214,1266
2022-07-10T05:00:00Z,ENERGY STORAGE,ENERGY STORAGE,0,50
2022-07-10T05:00:00Z,GAS,COGENERATION,3587.8109263155857,5197
2022-07-10T05:00:00Z,GAS,COMBINED CYCLE,1273.9593634312682,1810
2022-07-10T05:00:00Z,GAS,GAS FIRED STEAM,819.9753428014119,2599
2022-07-10T05:00:00Z,GAS,SIMPLE CYCLE,312.74542447580234,1230
2022-07-10T05:00:00Z,HYDRO,HYDRO,258.5358158218199,894
2022-07-10T05:00:00Z,OTHER,BIOMASS,105.70588091479408,154
2022-07-10T05:00:00Z,OTHER,GAS,0,10
2022-07-10T05:00:00Z,OTHER,GAS COGEN,0,58
2022-07-10T05:00:00Z,OTHER,OIL/GAS,44.114632818433975,53
2022-07-10T05:00:00Z,OTHER,WOOD/REFUSE,71.97235352026091,149
2022-07-10T05:00:00Z,SOLAR,SOLAR,0,977
2022-07-10T05:00:00Z,WIND,WIND,1010.4521543354955,2269
2022-07-10T06:00:00Z,COAL,COAL,1189.0177415805392,1266
2022-07-10T06:00:00Z,ENERGY STORAGE,ENERGY STORAGE,-0.4443331538306342,50
2022-07-10T06:00:00Z,GAS,COGENERATION,3564.4578438817794,5197
2022-07-10T06:00:00Z,GAS,COMBINED CYCLE,1152.9507058673435,1810
2022-07-10T06:00:00Z,GAS,GAS FIRED STEAM,664.7812578201293,2599
2022-07-10T06:00:00Z,GAS,SIMPLE CYCLE,247.7050568003456,1230
2022-07-10T06:00:00Z,HYDRO,HYDRO,238.31749907400874,894
2022-07-10T06:00:00Z,OTHER,BIOMASS,104.93219301170772,154
2022-07-10T06:00:00Z,OTHER,GAS,0,10
2022-07-10T06:00:00Z,OTHER,GAS COGEN,0,58
2022-07-10T06:00:00Z,OTHER,OIL/GAS,43.66999816894531,53
2022-07-10T06:00:00Z,OTHER,WOOD/REFUSE,70.49885840707354,149
2022-07-10T06:00:00Z,SOLAR,SOLAR,0,977
2022-07-10T06:00:00Z,WIND,WIND,1222.2522331867242,2269
2022-07-10T07:00:00Z,COAL,COAL,1162.3073499721952,1266
2022-07-10T07:00:00Z,ENERGY STORAGE,ENERGY STORAGE,-0.4478886901007758,50
2022-07-10T07:00:00Z,GAS,COGENERATION,3570.1149371290867,5197
2022-07-10T07:00:00Z,GAS,COMBINED CYCLE,1138.2374247874154,1810
2022-07-10T07:00:00Z,GAS,GAS FIRED STEAM,528.2020890214708,2599
2022-07-10T07:00:00Z,GAS,SIMPLE CYCLE,241.08487508085034,1230
2022-07-10T07:00:00Z,HYDRO,HYDRO,270.30786822332277,894
2022-07-10T07:00:00Z,OTHER,BIOMASS,105.20832613521152,154
2022-07-10T07:00:00Z,OTHER,GAS,0,10
2022-07-10T07:00:00Z,OTHER,GAS COGEN,0,58
2022-07-10T07:00:00Z,OTHER,OIL/GAS,43.86002646128337,53
2022-07-10T07:00:00Z,OTHER,WOOD/REFUSE,70.73495145108964,149
2022-07-10T07:00:00Z,SOLAR,SOLAR,0,977
2022-07-10T07:00:00Z,WIND,WIND,1111.1078659909383,2269
2022-07-10T08:00:00Z,COAL,COAL,1128.1650261094835,1266
2022-07-10T08:00:00Z,ENERGY STORAGE,ENERGY STORAGE,-0.44299978256225586,50
2022-07-10T08:00:00Z,GAS,COGENERATION,3573.4641737337906,5197
2022-07-10T08:00:00Z,GAS,COMBINED CYCLE,1127.7783048046958,1810
2022-07-10T08:00:00Z,GAS,GAS FIRED STEAM,487.7521500523885,2599
2022-07-10T08:00:00Z,GAS,SIMPLE CYCLE,220.87790969477763,1230
2022-07-10T08:00:00Z,HYDRO,HYDRO,257.7871013918188,894
2022-07-10T08:00:00Z,OTHER,BIOMASS,104.25394692844814,154
2022-07-10T08:00:00Z,OTHER,GAS,0,10
2022-07-10T08:00:00Z,OTHER,GAS COGEN,0,58
2022-07-10T08:00:00Z,OTHER,OIL/GAS,43.53416712231106,53
2022-07-10T08:00:00Z,OTHER,WOOD/REFUSE,71.07104049894545,149
2022-07-10T08:00:00Z,SOLAR,SOLAR,0,977
2022-07-10T08:00:00Z,WIND,WIND,1146.2125983808655,2269
2022-07-10T09:00:00Z,COAL,COAL,1058.141078660753,1266
2022-07-10T09:00:00Z,ENERGY STORAGE,ENERGY STORAGE,-0.4468886862860786,50
2022-07-10T09:00:00Z,GAS,COGENERATION,3476.7289638388156,5197
2022-07-10T09:00:00Z,GAS,COMBINED CYCLE,1125.5833359437518,1810
2022-07-10T09:00:00Z,GAS,GAS FIRED STEAM,491.05919854482016,2599
2022-07-10T09:00:00Z,GAS,SIMPLE CYCLE,150.97133293469747,1230
2022-07-10T09:00:00Z,HYDRO,HYDRO,250.5131142941614,894
2022-07-10T09:00:00Z,OTHER,BIOMASS,100.7994647137324,154
2022-07-10T09:00:00Z,OTHER,GAS,0,10
2022-07-10T09:00:00Z,OTHER,GAS COGEN,0,58
2022-07-10T09:00:00Z,OTHER,OIL/GAS,43.72429298188951,53
2022-07-10T09:00:00Z,OTHER,WOOD/REFUSE,71.67432149145338,149
2022-07-10T09:00:00Z,SOLAR,SOLAR,0,977
2022-07-10T09:00:00Z,WIND,WIND,1253.0099095380679,2269
2022-07-10T10:00:00Z,COAL,COAL,1060.056632876926,1266
2022-07-10T10:00:00Z,ENERGY STORAGE,ENERGY STORAGE,-0.4481664689381918,50
2022-07-10T10:00:00Z,GAS,COGENERATION,3491.2917706612748,5197
2022-07-10T10:00:00Z,GAS,COMBINED CYCLE,1129.1162347523373,1810
2022-07-10T10:00:00Z,GAS,GAS FIRED STEAM,493.16200275845,2599
2022-07-10T10:00:00Z,GAS,SIMPLE CYCLE,192.11472100257873,1230
2022-07-10T10:00:00Z,HYDRO,HYDRO,258.03357290049394,894
2022-07-10T10:00:00Z,OTHER,BIOMASS,100.25080370757314,154
2022-07-10T10:00:00Z,OTHER,GAS,0,10
2022-07-10T10:00:00Z,OTHER,GAS COGEN,0,58
2022-07-10T10:00:00Z,OTHER,OIL/GAS,44.40199910481771,53
2022-07-10T10:00:00Z,OTHER,WOOD/REFUSE,71.78522140502929,149
2022-07-10T10:00:00Z,SOLAR,SOLAR,0,977
2022-07-10T10:00:00Z,WIND,WIND,1104.55839543004,2269
2022-07-10T11:00:00Z,COAL,COAL,1060.5572942267524,1266
2022-07-10T11:00:00Z,ENERGY STORAGE,ENERGY STORAGE,-0.4511664803822835,50
2022-07-10T11:00:00Z,GAS,COGENERATION,3484.608987238672,5197
2022-07-10T11:00:00Z,GAS,COMBINED CYCLE,1138.288998758528,1810
2022-07-10T11:00:00Z,GAS,GAS FIRED STEAM,497.6931509992811,2599
2022-07-10T11:00:00Z,GAS,SIMPLE CYCLE,191.74494545088876,1230
2022-07-10T11:00:00Z,HYDRO,HYDRO,270.5456546597514,894
2022-07-10T11:00:00Z,OTHER,BIOMASS,99.71744179089865,154
2022-07-10T11:00:00Z,OTHER,GAS,0,10
2022-07-10T11:00:00Z,OTHER,GAS COGEN,0,58
2022-07-10T11:00:00Z,OTHER,OIL/GAS,43.938254595862496,53
2022-07-10T11:00:00Z,OTHER,WOOD/REFUSE,71.15353859530556,149
2022-07-10T11:00:00Z,SOLAR,SOLAR,1.4730555276903845,977
2022-07-10T11:00:00Z,WIND,WIND,945.2449585186276,2269
2022-07-10T12:00:00Z,COAL,COAL,1148.407347225613,1266
2022-07-10T12:00:00Z,ENERGY STORAGE,ENERGY STORAGE,-0.30516653802659777,50
2022-07-10T12:00:00Z,GAS,COGENERATION,3598.994761298696,5197
2022-07-10T12:00:00Z,GAS,COMBINED CYCLE,1149.8670049879286,1810
2022-07-10T12:00:00Z,GAS,GAS FIRED STEAM,502.16699940151636,2599
2022-07-10T12:00:00Z,GAS,SIMPLE CYCLE,223.9090243918366,1230
2022-07-10T12:00:00Z,HYDRO,HYDRO,289.54410534903406,894
2022-07-10T12:00:00Z,OTHER,BIOMASS,100.58792252116734,154
2022-07-10T12:00:00Z,OTHER,GAS,0,10
2022-07-10T12:00:00Z,OTHER,GAS COGEN,0,58
2022-07-10T12:00:00Z,OTHER,OIL/GAS,43.75582615534464,53
2022-07-10T12:00:00Z,OTHER,WOOD/REFUSE,68.41407361295488,149
2022-07-10T12:00:00Z,SOLAR,SOLAR,68.38783194859822,977
2022-07-10T12:00:00Z,WIND,WIND,627.3723879469186,2269
2022-07-10T13:00:00Z,COAL,COAL,1255.3216837395562,1266
2022-07-10T13:00:00Z,ENERGY STORAGE,ENERGY STORAGE,0,50
2022-07-10T13:00:00Z,GAS,COGENERATION,3642.3784810981488,5197
2022-07-10T13:00:00Z,GAS,COMBINED CYCLE,1193.3473496956294,1810
2022-07-10T13:00:00Z,GAS,GAS FIRED STEAM,722.2999739117092,2599
2022-07-10T13:00:00Z,GAS,SIMPLE CYCLE,312.3315508579214,1230
2022-07-10T13:00:00Z,HYDRO,HYDRO,323.8065725379189,894
2022-07-10T13:00:00Z,OTHER,BIOMASS,100.20038656870524,154
2022-07-10T13:00:00Z,OTHER,GAS,0,10
2022-07-10T13:00:00Z,OTHER,GAS COGEN,0,58
2022-07-10T13:00:00Z,OTHER,OIL/GAS,43.81914401796129,53
2022-07-10T13:00:00Z,OTHER,WOOD/REFUSE,68.69508283111784,149
2022-07-10T13:00:00Z,SOLAR,SOLAR,194.46177356517978,977
2022-07-10T13:00:00Z,WIND,WIND,270.44230500649246,2269
2022-07-10T14:00:00Z,COAL,COAL,1257.642624698215,1266
2022-07-10T14:00:00Z,ENERGY STORAGE,ENERGY STORAGE,0,50
2022-07-10T14:00:00Z,GAS,COGENERATION,3639.999272648444,5197
2022-07-10T14:00:00Z,GAS,COMBINED CYCLE,1235.1644576878018,1810
2022-07-10T14:00:00Z,GAS,GAS FIRED STEAM,870.7672630267673,2599
2022-07-10T14:00:00Z,GAS,SIMPLE CYCLE,358.0307076433301,1230
2022-07-10T14:00:00Z,HYDRO,HYDRO,391.0276695679956,894
2022-07-10T14:00:00Z,OTHER,BIOMASS,103.05726623800065,154
2022-07-10T14:00:00Z,OTHER,GAS,0,10
2022-07-10T14:00:00Z,OTHER,GAS COGEN,0,58
2022-07-10T14:00:00Z,OTHER,OIL/GAS,43.32438791063097,53
2022-07-10T14:00:00Z,OTHER,WOOD/REFUSE,68.73193482107587,149
2022-07-10T14:00:00Z,SOLAR,SOLAR,257.3466066761812,977
2022-07-10T14:00:00Z,WIND,WIND,111.26436915662553,2269
2022-07-10T15:00:00Z,COAL,COAL,1258.1189034525553,1266
2022-07-10T15:00:00Z,ENERGY STORAGE,ENERGY STORAGE,0,50
2022-07-10T15:00:00Z,GAS,COGENERATION,3630.2092532736724,5197
2022-07-10T15:00:00Z,GAS,COMBINED CYCLE,1252.6645345571305,1810
2022-07-10T15:00:00Z,GAS,GAS FIRED STEAM,1003.1811756685045,2599
2022-07-10T15:00:00Z,GAS,SIMPLE CYCLE,389.2440603151586,1230
2022-07-10T15:00:00Z,HYDRO,HYDRO,403.7154241686397,894
2022-07-10T15:00:00Z,OTHER,BIOMASS,107.33415509117975,154
2022-07-10T15:00:00Z,OTHER,GAS,0,10
2022-07-10T15:00:00Z,OTHER,GAS COGEN,0,58
2022-07-10T15:00:00Z,OTHER,OIL/GAS,42.923292066786026,53
2022-07-10T15:00:00Z,OTHER,WOOD/REFUSE,69.3170343764623,149
2022-07-10T15:00:00Z,SOLAR,SOLAR,281.3826058664587,977
2022-07-10T15:00:00Z,WIND,WIND,78.05838315457933,2269
2022-07-10T16:00:00Z,COAL,COAL,1258.1942880418565,1266
2022-07-10T16:00:00Z,ENERGY STORAGE,ENERGY STORAGE,0,50
2022-07-10T16:00:00Z,GAS,COGENERATION,3620.257728883955,5197
2022-07-10T16:00:00Z,GAS,COMBINED CYCLE,1292.4588343540827,1810
2022-07-10T16:00:00Z,GAS,GAS FIRED STEAM,1010.949411591424,2599
2022-07-10T16:00:00Z,GAS,SIMPLE CYCLE,403.2480548151334,1230
2022-07-10T16:00:00Z,HYDRO,HYDRO,367.9406649902794,894
2022-07-10T16:00:00Z,OTHER,BIOMASS,107.70578672091168,154
2022-07-10T16:00:00Z,OTHER,GAS,0,10
2022-07-10T16:00:00Z,OTHER,GAS COGEN,0,58
2022-07-10T16:00:00Z,OTHER,OIL/GAS,40.21545930862427,53
2022-07-10T16:00:00Z,OTHER,WOOD/REFUSE,69.79595742358103,149
2022-07-10T16:00:00Z,SOLAR,SOLAR,401.82204819599787,977
2022-07-10T16:00:00Z,WIND,WIND,113.9323791846633,2269
2022-07-10T17:00:00Z,COAL,COAL,1257.3671267869736,1266
2022-07-10T17:00:00Z,ENERGY STORAGE,ENERGY STORAGE,-5.5555767483181424e-5,50
2022-07-10T17:00:00Z,GAS,COGENERATION,3609.3871142061553,5197
2022-07-10T17:00:00Z,GAS,COMBINED CYCLE,1294.7284827073415,1810
2022-07-10T17:00:00Z,GAS,GAS FIRED STEAM,835.6537928093804,2599
2022-07-10T17:00:00Z,GAS,SIMPLE CYCLE,374.7202651562624,1230
2022-07-10T17:00:00Z,HYDRO,HYDRO,349.1531052072843,894
2022-07-10T17:00:00Z,OTHER,BIOMASS,104.234835624165,154
2022-07-10T17:00:00Z,OTHER,GAS,0,10
2022-07-10T17:00:00Z,OTHER,GAS COGEN,0,58
2022-07-10T17:00:00Z,OTHER,OIL/GAS,37.85474859873454,53
2022-07-10T17:00:00Z,OTHER,WOOD/REFUSE,69.87996761666405,149
2022-07-10T17:00:00Z,SOLAR,SOLAR,502.1306554178397,977
2022-07-10T17:00:00Z,WIND,WIND,361.2302583943142,2269
2022-07-10T18:00:00Z,COAL,COAL,1258.2522398885092,1266
2022-07-10T18:00:00Z,ENERGY STORAGE,ENERGY STORAGE,-0.8212220064798991,50
2022-07-10T18:00:00Z,GAS,COGENERATION,3602.195191803475,5197
2022-07-10T18:00:00Z,GAS,COMBINED CYCLE,1272.6254407273398,1810
2022-07-10T18:00:00Z,GAS,GAS FIRED STEAM,779.5024302079943,2599
2022-07-10T18:00:00Z,GAS,SIMPLE CYCLE,343.4820286872652,1230
2022-07-10T18:00:00Z,HYDRO,HYDRO,308.6817095869117,894
2022-07-10T18:00:00Z,OTHER,BIOMASS,105.77503385716014,154
2022-07-10T18:00:00Z,OTHER,GAS,0,10
2022-07-10T18:00:00Z,OTHER,GAS COGEN,0,58
2022-07-10T18:00:00Z,OTHER,OIL/GAS,38.16808748457167,53
2022-07-10T18:00:00Z,OTHER,WOOD/REFUSE,69.66064515749613,149
2022-07-10T18:00:00Z,SOLAR,SOLAR,511.12543470687336,977
2022-07-10T18:00:00Z,WIND,WIND,562.7250990524557,2269
2022-07-10T19:00:00Z,COAL,COAL,1252.6333523220487,1266
2022-07-10T19:00:00Z,ENERGY STORAGE,ENERGY STORAGE,-0.8422775411605835,50
2022-07-10T19:00:00Z,GAS,COGENERATION,3557.182279389368,5197
2022-07-10T19:00:00Z,GAS,COMBINED CYCLE,1252.0267617204454,1810
2022-07-10T19:00:00Z,GAS,GAS FIRED STEAM,763.1273949771457,2599
2022-07-10T19:00:00Z,GAS,SIMPLE CYCLE,342.528223312166,1230
2022-07-10T19:00:00Z,HYDRO,HYDRO,299.92300652941066,894
2022-07-10T19:00:00Z,OTHER,BIOMASS,104.93799911075169,154
2022-07-10T19:00:00Z,OTHER,GAS,0,10
2022-07-10T19:00:00Z,OTHER,GAS COGEN,0,58
2022-07-10T19:00:00Z,OTHER,OIL/GAS,39.64674340566,53
2022-07-10T19:00:00Z,OTHER,WOOD/REFUSE,69.63505658494103,149
2022-07-10T19:00:00Z,SOLAR,SOLAR,534.5783770733409,977
2022-07-10T19:00:00Z,WIND,WIND,690.1546953057995,2269
2022-07-10T20:00:00Z,COAL,COAL,1258.5355766296386,1266
2022-07-10T20:00:00Z,ENERGY STORAGE,ENERGY STORAGE,-0.10000038146972656,50
2022-07-10T20:00:00Z,GAS,COGENERATION,3518.121967279646,5197
2022-07-10T20:00:00Z,GAS,COMBINED CYCLE,1278.6582767507764,1810
2022-07-10T20:00:00Z,GAS,GAS FIRED STEAM,767.3474867926703,2599
2022-07-10T20:00:00Z,GAS,SIMPLE CYCLE,340.72360864321394,1230
2022-07-10T20:00:00Z,HYDRO,HYDRO,314.0781008807818,894
2022-07-10T20:00:00Z,OTHER,BIOMASS,103.12180285347833,154
2022-07-10T20:00:00Z,OTHER,GAS,0,10
2022-07-10T20:00:00Z,OTHER,GAS COGEN,0,58
2022-07-10T20:00:00Z,OTHER,OIL/GAS,40.52301102956136,53
2022-07-10T20:00:00Z,OTHER,WOOD/REFUSE,68.97133749114143,149
2022-07-10T20:00:00Z,SOLAR,SOLAR,556.5837592380576,977
2022-07-10T20:00:00Z,WIND,WIND,806.9501285274824,2269
2022-07-10T21:00:00Z,COAL,COAL,1258.2415191311306,1266
2022-07-10T21:00:00Z,ENERGY STORAGE,ENERGY STORAGE,-0.0436668332417806,50
2022-07-10T21:00:00Z,GAS,COGENERATION,3529.0770312005943,5197
2022-07-10T21:00:00Z,GAS,COMBINED CYCLE,1327.1429279412164,1810
2022-07-10T21:00:00Z,GAS,GAS FIRED STEAM,800.7999642605251,2599
2022-07-10T21:00:00Z,GAS,SIMPLE CYCLE,280.48635014408165,1230
2022-07-10T21:00:00Z,HYDRO,HYDRO,365.3633993193838,894
2022-07-10T21:00:00Z,OTHER,BIOMASS,101.80277374479506,154
2022-07-10T21:00:00Z,OTHER,GAS,0,10
2022-07-10T21:00:00Z,OTHER,GAS COGEN,0,58
2022-07-10T21:00:00Z,OTHER,OIL/GAS,41.34083756340875,53
2022-07-10T21:00:00Z,OTHER,WOOD/REFUSE,69.35258898284701,149
2022-07-10T21:00:00Z,SOLAR,SOLAR,546.4372032864226,977
2022-07-10T21:00:00Z,WIND,WIND,796.7141932052208,2269
2022-07-10T22:00:00Z,COAL,COAL,1258.367972700331,1266
2022-07-10T22:00:00Z,ENERGY STORAGE,ENERGY STORAGE,0,50
2022-07-10T22:00:00Z,GAS,COGENERATION,3503.860385321793,5197
2022-07-10T22:00:00Z,GAS,COMBINED CYCLE,1320.274499695566,1810
2022-07-10T22:00:00Z,GAS,GAS FIRED STEAM,810.9469912168714,2599
2022-07-10T22:00:00Z,GAS,SIMPLE CYCLE,342.7757356929779,1230
2022-07-10T22:00:00Z,HYDRO,HYDRO,344.0765663097964,894
2022-07-10T22:00:00Z,OTHER,BIOMASS,97.14107792483436,154
2022-07-10T22:00:00Z,OTHER,GAS,0,10
2022-07-10T22:00:00Z,OTHER,GAS COGEN,0,58
2022-07-10T22:00:00Z,OTHER,OIL/GAS,40.865865527258975,53
2022-07-10T22:00:00Z,OTHER,WOOD/REFUSE,69.05680570814344,149
2022-07-10T22:00:00Z,SOLAR,SOLAR,513.1536008332173,977
2022-07-10T22:00:00Z,WIND,WIND,1008.4781935262514,2269
2022-07-10T23:00:00Z,COAL,COAL,1258.7395520528157,1266
2022-07-10T23:00:00Z,ENERGY STORAGE,ENERGY STORAGE,0,50
2022-07-10T23:00:00Z,GAS,COGENERATION,3512.556143371595,5197
2022-07-10T23:00:00Z,GAS,COMBINED CYCLE,1332.965492477417,1810
2022-07-10T23:00:00Z,GAS,GAS FIRED STEAM,866.0972446907891,2599
2022-07-10T23:00:00Z,GAS,SIMPLE CYCLE,293.4593606959449,1230
2022-07-10T23:00:00Z,HYDRO,HYDRO,384.849227632814,894
2022-07-10T23:00:00Z,OTHER,BIOMASS,97.53501637140909,154
2022-07-10T23:00:00Z,OTHER,GAS,0,10
2022-07-10T23:00:00Z,OTHER,GAS COGEN,0,58
2022-07-10T23:00:00Z,OTHER,OIL/GAS,42.090437764061825,53
2022-07-10T23:00:00Z,OTHER,WOOD/REFUSE,68.34724239256646,149
2022-07-10T23:00:00Z,SOLAR,SOLAR,496.31854422450067,977
2022-07-10T23:00:00Z,WIND,WIND,1078.268859280679,2269
2022-07-11T00:00:00Z,COAL,COAL,1258.7709189012317,1266
2022-07-11T00:00:00Z,ENERGY STORAGE,ENERGY STORAGE,0,50
2022-07-11T00:00:00Z,GAS,COGENERATION,3513.050004899767,5197
2022-07-11T00:00:00Z,GAS,COMBINED CYCLE,1341.6109906281365,1810
2022-07-11T00:00:00Z,GAS,GAS FIRED STEAM,974.2091107728746,2599
2022-07-11T00:00:00Z,GAS,SIMPLE CYCLE,342.87613588386114,1230
2022-07-11T00:00:00Z,HYDRO,HYDRO,403.7680686305629,894
2022-07-11T00:00:00Z,OTHER,BIOMASS,98.03481117619408,154
2022-07-11T00:00:00Z,OTHER,GAS,0,10
2022-07-11T00:00:00Z,OTHER,GAS COGEN,0,58
2022-07-11T00:00:00Z,OTHER,OIL/GAS,41.85668298933241,53
2022-07-11T00:00:00Z,OTHER,WOOD/REFUSE,69.75355656385422,149
2022-07-11T00:00:00Z,SOLAR,SOLAR,460.6997138897578,977
2022-07-11T00:00:00Z,WIND,WIND,876.3836622565819,2269
2022-07-11T01:00:00Z,COAL,COAL,1258.3177371385364,1266
2022-07-11T01:00:00Z,ENERGY STORAGE,ENERGY STORAGE,0,50
2022-07-11T01:00:00Z,GAS,COGENERATION,3521.304201476706,5197
2022-07-11T01:00:00Z,GAS,COMBINED CYCLE,1365.3032187523445,1810
2022-07-11T01:00:00Z,GAS,GAS FIRED STEAM,1218.8672704484727,2599
2022-07-11T01:00:00Z,GAS,SIMPLE CYCLE,351.77471373478573,1230
2022-07-11T01:00:00Z,HYDRO,HYDRO,414.9355148832003,894
2022-07-11T01:00:00Z,OTHER,BIOMASS,97.45477439933353,154
2022-07-11T01:00:00Z,OTHER,GAS,0,10
2022-07-11T01:00:00Z,OTHER,GAS COGEN,0,58
2022-07-11T01:00:00Z,OTHER,OIL/GAS,42.210888419681126,53
2022-07-11T01:00:00Z,OTHER,WOOD/REFUSE,75.66695821391212,149
2022-07-11T01:00:00Z,SOLAR,SOLAR,320.6665495278769,977
2022-07-11T01:00:00Z,WIND,WIND,593.468301619937,2269
2022-07-11T02:00:00Z,COAL,COAL,1257.4397492811415,1266
2022-07-11T02:00:00Z,ENERGY STORAGE,ENERGY STORAGE,0,50
2022-07-11T02:00:00Z,GAS,COGENERATION,3530.0745120339925,5197
2022-07-11T02:00:00Z,GAS,COMBINED CYCLE,1410.640459127426,1810
2022-07-11T02:00:00Z,GAS,GAS FIRED STEAM,1324.6148273128933,2599
2022-07-11T02:00:00Z,GAS,SIMPLE CYCLE,394.7888692193561,1230
2022-07-11T02:00:00Z,HYDRO,HYDRO,389.125923974514,894
2022-07-11T02:00:00Z,OTHER,BIOMASS,97.52247516261207,154
2022-07-11T02:00:00Z,OTHER,GAS,0,10
2022-07-11T02:00:00Z,OTHER,GAS COGEN,0,58
2022-07-11T02:00:00Z,OTHER,OIL/GAS,43.49039357503255,53
2022-07-11T02:00:00Z,OTHER,WOOD/REFUSE,75.61503349198236,149
2022-07-11T02:00:00Z,SOLAR,SOLAR,104.47666462269093,977
2022-07-11T02:00:00Z,WIND,WIND,539.8085155072973,2269
2022-07-11T03:00:00Z,COAL,COAL,1258.0924327935113,1266
2022-07-11T03:00:00Z,ENERGY STORAGE,ENERGY STORAGE,0,50
2022-07-11T03:00:00Z,GAS,COGENERATION,3542.4948254619703,5197
2022-07-11T03:00:00Z,GAS,COMBINED CYCLE,1337.4922479154004,1810
2022-07-11T03:00:00Z,GAS,GAS FIRED STEAM,1278.5248922051323,2599
2022-07-11T03:00:00Z,GAS,SIMPLE CYCLE,354.5041482582357,1230
2022-07-11T03:00:00Z,HYDRO,HYDRO,337.8474277059237,894
2022-07-11T03:00:00Z,OTHER,BIOMASS,98.70557252407075,154
2022-07-11T03:00:00Z,OTHER,GAS,0,10
2022-07-11T03:00:00Z,OTHER,GAS COGEN,0,58
2022-07-11T03:00:00Z,OTHER,OIL/GAS,42.44081557379828,53
2022-07-11T03:00:00Z,OTHER,WOOD/REFUSE,75.49353114657933,149
2022-07-11T03:00:00Z,SOLAR,SOLAR,3.9829443445967305,977
2022-07-11T03:00:00Z,WIND,WIND,694.8619656485484,2269
2022-07-11T04:00:00Z,COAL,COAL,1257.857146742079,1266
2022-07-11T04:00:00Z,ENERGY STORAGE,ENERGY STORAGE,-0.4254443592495389,50
2022-07-11T04:00:00Z,GAS,COGENERATION,3567.99624825014,5197
2022-07-11T04:00:00Z,GAS,COMBINED CYCLE,1305.8243813885583,1810
2022-07-11T04:00:00Z,GAS,GAS FIRED STEAM,1043.1736461427477,2599
2022-07-11T04:00:00Z,GAS,SIMPLE CYCLE,303.07255621843865,1230
2022-07-11T04:00:00Z,HYDRO,HYDRO,334.18995950977006,894
2022-07-11T04:00:00Z,OTHER,BIOMASS,97.56479823960197,154
2022-07-11T04:00:00Z,OTHER,GAS,0,10
2022-07-11T04:00:00Z,OTHER,GAS COGEN,0,58
2022-07-11T04:00:00Z,OTHER,OIL/GAS,42.23162661234538,53
2022-07-11T04:00:00Z,OTHER,WOOD/REFUSE,72.53211037079494,149
2022-07-11T04:00:00Z,SOLAR,SOLAR,0,977
2022-07-11T04:00:00Z,WIND,WIND,827.0819206214944,2269
2022-07-11T05:00:00Z,COAL,COAL,1254.7142917378744,1266
2022-07-11T05:00:00Z,ENERGY STORAGE,ENERGY STORAGE,-1.8902218034532337,50
2022-07-11T05:00:00Z,GAS,COGENERATION,3559.9235939099062,5197
2022-07-11T05:00:00Z,GAS,COMBINED CYCLE,1228.9167518205113,1810
2022-07-11T05:00:00Z,GAS,GAS FIRED STEAM,849.8367565451728,2599
2022-07-11T05:00:00Z,GAS,SIMPLE CYCLE,290.03822835471897,1230
2022-07-11T05:00:00Z,HYDRO,HYDRO,252.90375956045256,894
2022-07-11T05:00:00Z,OTHER,BIOMASS,99.84207174301147,154
2022-07-11T05:00:00Z,OTHER,GAS,0,10
2022-07-11T05:00:00Z,OTHER,GAS COGEN,0,58
2022-07-11T05:00:00Z,OTHER,OIL/GAS,42.7220603328281,53
2022-07-11T05:00:00Z,OTHER,WOOD/REFUSE,73.58088819106419,149
2022-07-11T05:00:00Z,SOLAR,SOLAR,0,977
2022-07-11T05:00:00Z,WIND,WIND,954.9664941406746,2269
2022-07-11T06:00:00Z,COAL,COAL,1181.0103499179415,1266
2022-07-11T06:00:00Z,ENERGY STORAGE,ENERGY STORAGE,-1.8865551227993433,50
2022-07-11T06:00:00Z,GAS,COGENERATION,3535.585094946159,5197
2022-07-11T06:00:00Z,GAS,COMBINED CYCLE,1205.8261501367886,1810
2022-07-11T06:00:00Z,GAS,GAS FIRED STEAM,662.2351068962945,2599
2022-07-11T06:00:00Z,GAS,SIMPLE CYCLE,244.43750402662494,1230
2022-07-11T06:00:00Z,HYDRO,HYDRO,259.0300785463386,894
2022-07-11T06:00:00Z,OTHER,BIOMASS,98.04631390783521,154
2022-07-11T06:00:00Z,OTHER,GAS,0,10
2022-07-11T06:00:00Z,OTHER,GAS COGEN,0,58
2022-07-11T06:00:00Z,OTHER,OIL/GAS,42.26532629224989,53
2022-07-11T06:00:00Z,OTHER,WOOD/REFUSE,76.82722745683459,149
2022-07-11T06:00:00Z,SOLAR,SOLAR,0,977
2022-07-11T06:00:00Z,WIND,WIND,1019.0554844974147,2269
2022-07-11T07:00:00Z,COAL,COAL,1188.920130513509,1266
2022-07-11T07:00:00Z,ENERGY STORAGE,ENERGY STORAGE,-1.600944085650974,50
2022-07-11T07:00:00Z,GAS,COGENERATION,3525.452628407942,5197
2022-07-11T07:00:00Z,GAS,COMBINED CYCLE,1197.902930657069,1810
2022-07-11T07:00:00Z,GAS,GAS FIRED STEAM,527.0481328450309,2599
2022-07-11T07:00:00Z,GAS,SIMPLE CYCLE,231.34917800373498,1230
2022-07-11T07:00:00Z,HYDRO,HYDRO,243.6499753259288,894
2022-07-11T07:00:00Z,OTHER,BIOMASS,96.44660154183705,154
2022-07-11T07:00:00Z,OTHER,GAS,0,10
2022-07-11T07:00:00Z,OTHER,GAS COGEN,0,58
2022-07-11T07:00:00Z,OTHER,OIL/GAS,42.52932643254598,53
2022-07-11T07:00:00Z,OTHER,WOOD/REFUSE,80.29941253609127,149
2022-07-11T07:00:00Z,SOLAR,SOLAR,0,977
2022-07-11T07:00:00Z,WIND,WIND,1018.8291949231095,2269
2022-07-11T08:00:00Z,COAL,COAL,1074.471977081299,1266
2022-07-11T08:00:00Z,ENERGY STORAGE,ENERGY STORAGE,-0.6862221050262451,50
2022-07-11T08:00:00Z,GAS,COGENERATION,3524.092900531557,5197
2022-07-11T08:00:00Z,GAS,COMBINED CYCLE,1192.6056861427094,1810
2022-07-11T08:00:00Z,GAS,GAS FIRED STEAM,543.4677456029256,2599
2022-07-11T08:00:00Z,GAS,SIMPLE CYCLE,193.79760977956983,1230
2022-07-11T08:00:00Z,HYDRO,HYDRO,242.10010960857073,894
2022-07-11T08:00:00Z,OTHER,BIOMASS,97.7421688943439,154
2022-07-11T08:00:00Z,OTHER,GAS,0,10
2022-07-11T08:00:00Z,OTHER,GAS COGEN,0,58
2022-07-11T08:00:00Z,OTHER,OIL/GAS,43.274421287112766,53
2022-07-11T08:00:00Z,OTHER,WOOD/REFUSE,81.62123992813959,149
2022-07-11T08:00:00Z,SOLAR,SOLAR,0,977
2022-07-11T08:00:00Z,WIND,WIND,962.8833125207739,2269
2022-07-11T09:00:00Z,COAL,COAL,1061.7226852586534,1266
2022-07-11T09:00:00Z,ENERGY STORAGE,ENERGY STORAGE,-0.2353891881306966,50
2022-07-11T09:00:00Z,GAS,COGENERATION,3447.3473050562543,5197
2022-07-11T09:00:00Z,GAS,COMBINED CYCLE,1198.418282257004,1810
2022-07-11T09:00:00Z,GAS,GAS FIRED STEAM,547.5560039054022,2599
2022-07-11T09:00:00Z,GAS,SIMPLE CYCLE,193.70294465806748,1230
2022-07-11T09:00:00Z,HYDRO,HYDRO,256.8489792923133,894
2022-07-11T09:00:00Z,OTHER,BIOMASS,98.4147094239129,154
2022-07-11T09:00:00Z,OTHER,GAS,0,10
2022-07-11T09:00:00Z,OTHER,GAS COGEN,0,58
2022-07-11T09:00:00Z,OTHER,OIL/GAS,42.279366173214385,53
2022-07-11T09:00:00Z,OTHER,WOOD/REFUSE,81.57468286408319,149
2022-07-11T09:00:00Z,SOLAR,SOLAR,0,977
2022-07-11T09:00:00Z,WIND,WIND,1003.4004486573735,2269
2022-07-11T10:00:00Z,COAL,COAL,1061.0787365553115,1266
2022-07-11T10:00:00Z,ENERGY STORAGE,ENERGY STORAGE,-0.20744523578219942,50
2022-07-11T10:00:00Z,GAS,COGENERATION,3492.906802549495,5197
2022-07-11T10:00:00Z,GAS,COMBINED CYCLE,1206.8257884060013,1810
2022-07-11T10:00:00Z,GAS,GAS FIRED STEAM,549.62275680542,2599
2022-07-11T10:00:00Z,GAS,SIMPLE CYCLE,208.13750112136205,1230
2022-07-11T10:00:00Z,HYDRO,HYDRO,267.15681613140634,894
2022-07-11T10:00:00Z,OTHER,BIOMASS,99.98298270901044,154
2022-07-11T10:00:00Z,OTHER,GAS,0,10
2022-07-11T10:00:00Z,OTHER,GAS COGEN,0,58
2022-07-11T10:00:00Z,OTHER,OIL/GAS,42.210594007704,53
2022-07-11T10:00:00Z,OTHER,WOOD/REFUSE,81.61165599346161,149
2022-07-11T10:00:00Z,SOLAR,SOLAR,0,977
2022-07-11T10:00:00Z,WIND,WIND,907.1488608839776,2269
2022-07-11T11:00:00Z,COAL,COAL,1142.096689453125,1266
2022-07-11T11:00:00Z,ENERGY STORAGE,ENERGY STORAGE,-0.20616745313008628,50
2022-07-11T11:00:00Z,GAS,COGENERATION,3546.646741337445,5197
2022-07-11T11:00:00Z,GAS,COMBINED CYCLE,1207.8099750614167,1810
2022-07-11T11:00:00Z,GAS,GAS FIRED STEAM,552.0027819908989,2599
2022-07-11T11:00:00Z,GAS,SIMPLE CYCLE,263.7246093854639,1230
2022-07-11T11:00:00Z,HYDRO,HYDRO,250.22868487675984,894
2022-07-11T11:00:00Z,OTHER,BIOMASS,100.3897730202145,154
2022-07-11T11:00:00Z,OTHER,GAS,0,10
2022-07-11T11:00:00Z,OTHER,GAS COGEN,0,58
2022-07-11T11:00:00Z,OTHER,OIL/GAS,42.16317646874322,53
2022-07-11T11:00:00Z,OTHER,WOOD/REFUSE,81.74533027278052,149
2022-07-11T11:00:00Z,SOLAR,SOLAR,1.0089444130493535,977
2022-07-11T11:00:00Z,WIND,WIND,898.0234828682078,2269
2022-07-11T12:00:00Z,COAL,COAL,1218.9527958170572,1266
2022-07-11T12:00:00Z,ENERGY STORAGE,ENERGY STORAGE,-0.20800079345703126,50
2022-07-11T12:00:00Z,GAS,COGENERATION,3554.0698998600906,5197
2022-07-11T12:00:00Z,GAS,COMBINED CYCLE,1219.4397149499257,1810
2022-07-11T12:00:00Z,GAS,GAS FIRED STEAM,683.6499121623569,2599
2022-07-11T12:00:00Z,GAS,SIMPLE CYCLE,325.96031779216395,1230
2022-07-11T12:00:00Z,HYDRO,HYDRO,280.98889799389576,894
2022-07-11T12:00:00Z,OTHER,BIOMASS,99.5645801364051,154
2022-07-11T12:00:00Z,OTHER,GAS,0,10
2022-07-11T12:00:00Z,OTHER,GAS COGEN,0,58
2022-07-11T12:00:00Z,OTHER,OIL/GAS,42.42144379085965,53
2022-07-11T12:00:00Z,OTHER,WOOD/REFUSE,81.62687336550819,149
2022-07-11T12:00:00Z,SOLAR,SOLAR,84.54099814982878,977
2022-07-11T12:00:00Z,WIND,WIND,818.3677240851853,2269
2022-07-11T13:00:00Z,COAL,COAL,1218.5284060668946,1266
2022-07-11T13:00:00Z,ENERGY STORAGE,ENERGY STORAGE,-0.20177854749891494,50
2022-07-11T13:00:00Z,GAS,COGENERATION,3560.5948573948276,5197
2022-07-11T13:00:00Z,GAS,COMBINED CYCLE,1224.5511065949333,1810
2022-07-11T13:00:00Z,GAS,GAS FIRED STEAM,805.1335991795859,2599
2022-07-11T13:00:00Z,GAS,SIMPLE CYCLE,334.13100286430785,1230
2022-07-11T13:00:00Z,HYDRO,HYDRO,313.71187264571586,894
2022-07-11T13:00:00Z,OTHER,BIOMASS,98.16472557544708,154
2022-07-11T13:00:00Z,OTHER,GAS,0,10
2022-07-11T13:00:00Z,OTHER,GAS COGEN,0,58
2022-07-11T13:00:00Z,OTHER,OIL/GAS,43.46912162144979,53
2022-07-11T13:00:00Z,OTHER,WOOD/REFUSE,81.8226008351644,149
2022-07-11T13:00:00Z,SOLAR,SOLAR,293.32460584324264,977
2022-07-11T13:00:00Z,WIND,WIND,720.7576153656178,2269
2022-07-11T14:00:00Z,COAL,COAL,1255.6257906426324,1266
2022-07-11T14:00:00Z,ENERGY STORAGE,ENERGY STORAGE,-0.20227854940626358,50
2022-07-11T14:00:00Z,GAS,COGENERATION,3605.2654337809154,5197
2022-07-11T14:00:00Z,GAS,COMBINED CYCLE,1322.3652586020364,1810
2022-07-11T14:00:00Z,GAS,GAS FIRED STEAM,939.465878461202,2599
2022-07-11T14:00:00Z,GAS,SIMPLE CYCLE,364.4174516794582,1230
2022-07-11T14:00:00Z,HYDRO,HYDRO,417.13969739900693,894
2022-07-11T14:00:00Z,OTHER,BIOMASS,98.2623583788342,154
2022-07-11T14:00:00Z,OTHER,GAS,0,10
2022-07-11T14:00:00Z,OTHER,GAS COGEN,0,58
2022-07-11T14:00:00Z,OTHER,OIL/GAS,43.10601617177328,53
2022-07-11T14:00:00Z,OTHER,WOOD/REFUSE,82.25827596081628,149
2022-07-11T14:00:00Z,SOLAR,SOLAR,446.2653252334065,977
2022-07-11T14:00:00Z,WIND,WIND,429.47238662494556,2269
2022-07-11T15:00:00Z,COAL,COAL,1257.8501805284288,1266
2022-07-11T15:00:00Z,ENERGY STORAGE,ENERGY STORAGE,-0.00738891707526312,50
2022-07-11T15:00:00Z,GAS,COGENERATION,3611.9151900226952,5197
2022-07-11T15:00:00Z,GAS,COMBINED CYCLE,1392.0315169636408,1810
2022-07-11T15:00:00Z,GAS,GAS FIRED STEAM,1262.3682005988226,2599
2022-07-11T15:00:00Z,GAS,SIMPLE CYCLE,375.17877938131494,1230
2022-07-11T15:00:00Z,HYDRO,HYDRO,423.4190774585141,894
2022-07-11T15:00:00Z,OTHER,BIOMASS,99.70376229498122,154
2022-07-11T15:00:00Z,OTHER,GAS,0,10
2022-07-11T15:00:00Z,OTHER,GAS COGEN,0,58
2022-07-11T15:00:00Z,OTHER,OIL/GAS,40.84797086503771,53
2022-07-11T15:00:00Z,OTHER,WOOD/REFUSE,84.22388990879058,149
2022-07-11T15:00:00Z,SOLAR,SOLAR,533.1452110687892,977
2022-07-11T15:00:00Z,WIND,WIND,299.83583562005725,2269
2022-07-11T16:00:00Z,COAL,COAL,1257.4314610629613,1266
2022-07-11T16:00:00Z,ENERGY STORAGE,ENERGY STORAGE,0,50
2022-07-11T16:00:00Z,GAS,COGENERATION,3611.499539207419,5197
2022-07-11T16:00:00Z,GAS,COMBINED CYCLE,1460.406039062606,1810
2022-07-11T16:00:00Z,GAS,GAS FIRED STEAM,1351.022455889384,2599
2022-07-11T16:00:00Z,GAS,SIMPLE CYCLE,530.1836729839113,1230
2022-07-11T16:00:00Z,HYDRO,HYDRO,423.523097883198,894
2022-07-11T16:00:00Z,OTHER,BIOMASS,102.42973739677005,154
2022-07-11T16:00:00Z,OTHER,GAS,0,10
2022-07-11T16:00:00Z,OTHER,GAS COGEN,0,58
2022-07-11T16:00:00Z,OTHER,OIL/GAS,41.0701655069987,53
2022-07-11T16:00:00Z,OTHER,WOOD/REFUSE,85.37206726498074,149
2022-07-11T16:00:00Z,SOLAR,SOLAR,585.5412069945866,977
2022-07-11T16:00:00Z,WIND,WIND,149.95370467364788,2269
2022-07-11T17:00:00Z,COAL,COAL,1256.9762925889759,1266
2022-07-11T17:00:00Z,ENERGY STORAGE,ENERGY STORAGE,0,50
2022-07-11T17:00:00Z,GAS,COGENERATION,3588.3896619761654,5197
2022-07-11T17:00:00Z,GAS,COMBINED CYCLE,1451.57505853547,1810
2022-07-11T17:00:00Z,GAS,GAS FIRED STEAM,1359.9642475891114,2599
2022-07-11T17:00:00Z,GAS,SIMPLE CYCLE,654.3404221473137,1230
2022-07-11T17:00:00Z,HYDRO,HYDRO,472.1015709535281,894
2022-07-11T17:00:00Z,OTHER,BIOMASS,100.54318230258095,154
2022-07-11T17:00:00Z,OTHER,GAS,0,10
2022-07-11T17:00:00Z,OTHER,GAS COGEN,0,58
2022-07-11T17:00:00Z,OTHER,OIL/GAS,40.95133304807875,53
2022-07-11T17:00:00Z,OTHER,WOOD/REFUSE,85.84424662801955,149
2022-07-11T17:00:00Z,SOLAR,SOLAR,583.8848802264531,977
2022-07-11T17:00:00Z,WIND,WIND,86.32819538511336,2269
2022-07-11T18:00:00Z,COAL,COAL,1256.5652873908148,1266
2022-07-11T18:00:00Z,ENERGY STORAGE,ENERGY STORAGE,0,50
2022-07-11T18:00:00Z,GAS,COGENERATION,3572.638506546923,5197
2022-07-11T18:00:00Z,GAS,COMBINED CYCLE,1496.701670255661,1810
2022-07-11T18:00:00Z,GAS,GAS FIRED STEAM,1413.73682314131,2599
2022-07-11T18:00:00Z,GAS,SIMPLE CYCLE,804.2530205407407,1230
2022-07-11T18:00:00Z,HYDRO,HYDRO,456.26868798573815,894
2022-07-11T18:00:00Z,OTHER,BIOMASS,105.07553562959035,154
2022-07-11T18:00:00Z,OTHER,GAS,0,10
2022-07-11T18:00:00Z,OTHER,GAS COGEN,0,58
2022-07-11T18:00:00Z,OTHER,OIL/GAS,41.16034411324395,53
2022-07-11T18:00:00Z,OTHER,WOOD/REFUSE,86.84805295997197,149
2022-07-11T18:00:00Z,SOLAR,SOLAR,434.7254877511329,977
2022-07-11T18:00:00Z,WIND,WIND,83.83740605206953,2269
2022-07-11T19:00:00Z,COAL,COAL,1257.073202565511,1266
2022-07-11T19:00:00Z,ENERGY STORAGE,ENERGY STORAGE,0,50
2022-07-11T19:00:00Z,GAS,COGENERATION,3554.7657607373926,5197
2022-07-11T19:00:00Z,GAS,COMBINED CYCLE,1486.7590118397607,1810
2022-07-11T19:00:00Z,GAS,GAS FIRED STEAM,1390.7830899937949,2599
2022-07-11T19:00:00Z,GAS,SIMPLE CYCLE,843.9461462676194,1230
2022-07-11T19:00:00Z,HYDRO,HYDRO,440.58864791459507,894
2022-07-11T19:00:00Z,OTHER,BIOMASS,101.80454727490743,154
2022-07-11T19:00:00Z,OTHER,GAS,0,10
2022-07-11T19:00:00Z,OTHER,GAS COGEN,0,58
2022-07-11T19:00:00Z,OTHER,OIL/GAS,42.445115962558326,53
2022-07-11T19:00:00Z,OTHER,WOOD/REFUSE,86.69445351706611,149
2022-07-11T19:00:00Z,SOLAR,SOLAR,501.76248838828667,977
2022-07-11T19:00:00Z,WIND,WIND,94.20546124126348,2269
2022-07-11T20:00:00Z,COAL,COAL,1257.0072470940484,1266
2022-07-11T20:00:00Z,ENERGY STORAGE,ENERGY STORAGE,0,50
2022-07-11T20:00:00Z,GAS,COGENERATION,3536.304048695167,5197
2022-07-11T20:00:00Z,GAS,COMBINED CYCLE,1484.230652894444,1810
2022-07-11T20:00:00Z,GAS,GAS FIRED STEAM,1400.4745329496595,2599
2022-07-11T20:00:00Z,GAS,SIMPLE CYCLE,847.5051428636577,1230
2022-07-11T20:00:00Z,HYDRO,HYDRO,500.20301967951985,894
2022-07-11T20:00:00Z,OTHER,BIOMASS,103.67075340615378,154
2022-07-11T20:00:00Z,OTHER,GAS,0,10
2022-07-11T20:00:00Z,OTHER,GAS COGEN,0,58
2022-07-11T20:00:00Z,OTHER,OIL/GAS,42.477421785990394,53
2022-07-11T20:00:00Z,OTHER,WOOD/REFUSE,87.00331700748868,149
2022-07-11T20:00:00Z,SOLAR,SOLAR,576.4162055808968,977
2022-07-11T20:00:00Z,WIND,WIND,75.00346472512517,2269
2022-07-11T21:00:00Z,COAL,COAL,1257.043179151747,1266
2022-07-11T21:00:00Z,ENERGY STORAGE,ENERGY STORAGE,0,50
2022-07-11T21:00:00Z,GAS,COGENERATION,3524.0518719107577,5197
2022-07-11T21:00:00Z,GAS,COMBINED CYCLE,1493.8436386770672,1810
2022-07-11T21:00:00Z,GAS,GAS FIRED STEAM,1518.6708303578696,2599
2022-07-11T21:00:00Z,GAS,SIMPLE CYCLE,873.2266522339648,1230
2022-07-11T21:00:00Z,HYDRO,HYDRO,497.61244357691874,894
2022-07-11T21:00:00Z,OTHER,BIOMASS,109.98781980580753,154
2022-07-11T21:00:00Z,OTHER,GAS,0,10
2022-07-11T21:00:00Z,OTHER,GAS COGEN,0,58
2022-07-11T21:00:00Z,OTHER,OIL/GAS,42.58887104670207,53
2022-07-11T21:00:00Z,OTHER,WOOD/REFUSE,88.0345223320855,149
2022-07-11T21:00:00Z,SOLAR,SOLAR,534.4407091770238,977
2022-07-11T21:00:00Z,WIND,WIND,52.741274965347515,2269
2022-07-11T22:00:00Z,COAL,COAL,1257.055687069363,1266
2022-07-11T22:00:00Z,ENERGY STORAGE,ENERGY STORAGE,2.2222306993272e-4,50
2022-07-11T22:00:00Z,GAS,COGENERATION,3532.334201155007,5197
2022-07-11T22:00:00Z,GAS,COMBINED CYCLE,1487.739981646008,1810
2022-07-11T22:00:00Z,GAS,GAS FIRED STEAM,1634.2931024381849,2599
2022-07-11T22:00:00Z,GAS,SIMPLE CYCLE,907.8575774491495,1230
2022-07-11T22:00:00Z,HYDRO,HYDRO,463.6796444328627,894
2022-07-11T22:00:00Z,OTHER,BIOMASS,105.98745732022657,154
2022-07-11T22:00:00Z,OTHER,GAS,0,10
2022-07-11T22:00:00Z,OTHER,GAS COGEN,0,58
2022-07-11T22:00:00Z,OTHER,OIL/GAS,42.5025823296441,53
2022-07-11T22:00:00Z,OTHER,WOOD/REFUSE,88.51799741956923,149
2022-07-11T22:00:00Z,SOLAR,SOLAR,539.114211491214,977
2022-07-11T22:00:00Z,WIND,WIND,61.87139709940387,2269
2022-07-11T23:00:00Z,COAL,COAL,1256.431176079644,1266
2022-07-11T23:00:00Z,ENERGY STORAGE,ENERGY STORAGE,0,50
2022-07-11T23:00:00Z,GAS,COGENERATION,3543.400504292448,5197
2022-07-11T23:00:00Z,GAS,COMBINED CYCLE,1488.3432026116052,1810
2022-07-11T23:00:00Z,GAS,GAS FIRED STEAM,1537.122112405565,2599
2022-07-11T23:00:00Z,GAS,SIMPLE CYCLE,905.8546189302206,1230
2022-07-11T23:00:00Z,HYDRO,HYDRO,481.57427511533103,894
2022-07-11T23:00:00Z,OTHER,BIOMASS,108.08631666024525,154
2022-07-11T23:00:00Z,OTHER,GAS,0,10
2022-07-11T23:00:00Z,OTHER,GAS COGEN,0,58
2022-07-11T23:00:00Z,OTHER,OIL/GAS,42.92466464360555,53
2022-07-11T23:00:00Z,OTHER,WOOD/REFUSE,88.53418135166167,149
2022-07-11T23:00:00Z,SOLAR,SOLAR,567.4812100534969,977
2022-07-11T23:00:00Z,WIND,WIND,110.64400473608738,2269
2022-07-12T00:00:00Z,COAL,COAL,1258.3219611443415,1266
2022-07-12T00:00:00Z,ENERGY STORAGE,ENERGY STORAGE,0,50
2022-07-12T00:00:00Z,GAS,COGENERATION,3540.3101585935224,5197
2022-07-12T00:00:00Z,GAS,COMBINED CYCLE,1487.2131118647258,1810
2022-07-12T00:00:00Z,GAS,GAS FIRED STEAM,1420.8677220747206,2599
2022-07-12T00:00:00Z,GAS,SIMPLE CYCLE,859.2577621184786,1230
2022-07-12T00:00:00Z,HYDRO,HYDRO,461.1775917510192,894
2022-07-12T00:00:00Z,OTHER,BIOMASS,107.78358341362741,154
2022-07-12T00:00:00Z,OTHER,GAS,0,10
2022-07-12T00:00:00Z,OTHER,GAS COGEN,0,58
2022-07-12T00:00:00Z,OTHER,OIL/GAS,43.28536085128784,53
2022-07-12T00:00:00Z,OTHER,WOOD/REFUSE,88.06401184505887,149
2022-07-12T00:00:00Z,SOLAR,SOLAR,495.90898842457267,977
2022-07-12T00:00:00Z,WIND,WIND,188.64453023269772,2269
2022-07-12T01:00:00Z,COAL,COAL,1257.5668530612522,1266
2022-07-12T01:00:00Z,ENERGY STORAGE,ENERGY STORAGE,0,50
2022-07-12T01:00:00Z,GAS,COGENERATION,3476.7763637736107,5197
2022-07-12T01:00:00Z,GAS,COMBINED CYCLE,1494.9974737760756,1810
2022-07-12T01:00:00Z,GAS,GAS FIRED STEAM,1368.2507440863715,2599
2022-07-12T01:00:00Z,GAS,SIMPLE CYCLE,851.2740878891944,1230
2022-07-12T01:00:00Z,HYDRO,HYDRO,491.33991734027865,894
2022-07-12T01:00:00Z,OTHER,BIOMASS,111.40984639432695,154
2022-07-12T01:00:00Z,OTHER,GAS,0,10
2022-07-12T01:00:00Z,OTHER,GAS COGEN,0,58
2022-07-12T01:00:00Z,OTHER,OIL/GAS,42.06351030985514,53
2022-07-12T01:00:00Z,OTHER,WOOD/REFUSE,88.37514399846395,149
2022-07-12T01:00:00Z,SOLAR,SOLAR,325.95010546197494,977
2022-07-12T01:00:00Z,WIND,WIND,285.6558796997203,2269
2022-07-12T02:00:00Z,COAL,COAL,1256.651737721761,1266
2022-07-12T02:00:00Z,ENERGY STORAGE,ENERGY STORAGE,0,50
2022-07-12T02:00:00Z,GAS,COGENERATION,3553.520835915208,5197
2022-07-12T02:00:00Z,GAS,COMBINED CYCLE,1495.0950660081041,1810
2022-07-12T02:00:00Z,GAS,GAS FIRED STEAM,1459.381879823473,2599
2022-07-12T02:00:00Z,GAS,SIMPLE CYCLE,690.185182639493,1230
2022-07-12T02:00:00Z,HYDRO,HYDRO,478.5351233461168,894
2022-07-12T02:00:00Z,OTHER,BIOMASS,110.71139954646429,154
2022-07-12T02:00:00Z,OTHER,GAS,0,10
2022-07-12T02:00:00Z,OTHER,GAS COGEN,0,58
2022-07-12T02:00:00Z,OTHER,OIL/GAS,41.60403794182672,53
2022-07-12T02:00:00Z,OTHER,WOOD/REFUSE,87.98793856408861,149
2022-07-12T02:00:00Z,SOLAR,SOLAR,108.56633140164945,977
2022-07-12T02:00:00Z,WIND,WIND,372.0122691214416,2269
2022-07-12T03:00:00Z,COAL,COAL,1257.761358947754,1266
2022-07-12T03:00:00Z,ENERGY STORAGE,ENERGY STORAGE,0,50
2022-07-12T03:00:00Z,GAS,COGENERATION,3508.7750399410725,5197
2022-07-12T03:00:00Z,GAS,COMBINED CYCLE,1490.075180857314,1810
2022-07-12T03:00:00Z,GAS,GAS FIRED STEAM,1304.4584019512602,2599
2022-07-12T03:00:00Z,GAS,SIMPLE CYCLE,642.7994813688265,1230
2022-07-12T03:00:00Z,HYDRO,HYDRO,437.32185560425125,894
2022-07-12T03:00:00Z,OTHER,BIOMASS,109.63421115451389,154
2022-07-12T03:00:00Z,OTHER,GAS,0,10
2022-07-12T03:00:00Z,OTHER,GAS COGEN,0,58
2022-07-12T03:00:00Z,OTHER,OIL/GAS,41.87751049677531,53
2022-07-12T03:00:00Z,OTHER,WOOD/REFUSE,87.74111951510112,149
2022-07-12T03:00:00Z,SOLAR,SOLAR,4.3860554896957344,977
2022-07-12T03:00:00Z,WIND,WIND,547.3763022927444,2269
2022-07-12T04:00:00Z,COAL,COAL,1258.9757402208118,1266
2022-07-12T04:00:00Z,ENERGY STORAGE,ENERGY STORAGE,0,50
2022-07-12T04:00:00Z,GAS,COGENERATION,3580.3254062494966,5197
2022-07-12T04:00:00Z,GAS,COMBINED CYCLE,1382.8036865096622,1810
2022-07-12T04:00:00Z,GAS,GAS FIRED STEAM,1128.9627875412834,2599
2022-07-12T04:00:00Z,GAS,SIMPLE CYCLE,597.7568771689303,1230
2022-07-12T04:00:00Z,HYDRO,HYDRO,414.53867060197723,894
2022-07-12T04:00:00Z,OTHER,BIOMASS,103.97453806241353,154
2022-07-12T04:00:00Z,OTHER,GAS,0,10
2022-07-12T04:00:00Z,OTHER,GAS COGEN,0,58
2022-07-12T04:00:00Z,OTHER,OIL/GAS,41.373633524576825,53
2022-07-12T04:00:00Z,OTHER,WOOD/REFUSE,86.87272739304437,149
2022-07-12T04:00:00Z,SOLAR,SOLAR,0,977
2022-07-12T04:00:00Z,WIND,WIND,716.8378018728891,2269
2022-07-12T05:00:00Z,COAL,COAL,1258.9731766086156,1266
2022-07-12T05:00:00Z,ENERGY STORAGE,ENERGY STORAGE,0,50
2022-07-12T05:00:00Z,GAS,COGENERATION,3541.159901894927,5197
2022-07-12T05:00:00Z,GAS,COMBINED CYCLE,1349.8167330294184,1810
2022-07-12T05:00:00Z,GAS,GAS FIRED STEAM,1099.6433209080167,2599
2022-07-12T05:00:00Z,GAS,SIMPLE CYCLE,469.99358214156496,1230
2022-07-12T05:00:00Z,HYDRO,HYDRO,260.465928889513,894
2022-07-12T05:00:00Z,OTHER,BIOMASS,99.47545319451226,154
2022-07-12T05:00:00Z,OTHER,GAS,0,10
2022-07-12T05:00:00Z,OTHER,GAS COGEN,0,58
2022-07-12T05:00:00Z,OTHER,OIL/GAS,42.14732757780287,53
2022-07-12T05:00:00Z,OTHER,WOOD/REFUSE,86.31064758300782,149
2022-07-12T05:00:00Z,SOLAR,SOLAR,0,977
2022-07-12T05:00:00Z,WIND,WIND,840.7342362712324,2269
2022-07-12T06:00:00Z,COAL,COAL,1259.175124359131,1266
2022-07-12T06:00:00Z,ENERGY STORAGE,ENERGY STORAGE,-0.40399975458780923,50
2022-07-12T06:00:00Z,GAS,COGENERATION,3570.9126444974872,5189
2022-07-12T06:00:00Z,GAS,COMBINED CYCLE,1292.6582453841634,1810
2022-07-12T06:00:00Z,GAS,GAS FIRED STEAM,1008.2940036646525,2599
2022-07-12T06:00:00Z,GAS,SIMPLE CYCLE,362.61274719874064,1230
2022-07-12T06:00:00Z,HYDRO,HYDRO,265.6800675818655,894
2022-07-12T06:00:00Z,OTHER,BIOMASS,95.29181841161515,154
2022-07-12T06:00:00Z,OTHER,GAS,0,10
2022-07-12T06:00:00Z,OTHER,GAS COGEN,0,58
2022-07-12T06:00:00Z,OTHER,OIL/GAS,41.77544853846232,53
2022-07-12T06:00:00Z,OTHER,WOOD/REFUSE,81.73660196675195,149
2022-07-12T06:00:00Z,SOLAR,SOLAR,0,977
2022-07-12T06:00:00Z,WIND,WIND,906.7625841396219,2269
2022-07-12T07:00:00Z,COAL,COAL,1260.0515009562175,1266
2022-07-12T07:00:00Z,ENERGY STORAGE,ENERGY STORAGE,-0.895888491736518,50
2022-07-12T07:00:00Z,GAS,COGENERATION,3589.2340048028364,5189
2022-07-12T07:00:00Z,GAS,COMBINED CYCLE,1292.03150630739,1810
2022-07-12T07:00:00Z,GAS,GAS FIRED STEAM,934.795722310808,2599
2022-07-12T07:00:00Z,GAS,SIMPLE CYCLE,368.98447118441266,1230
2022-07-12T07:00:00Z,HYDRO,HYDRO,266.83467026220427,894
2022-07-12T07:00:00Z,OTHER,BIOMASS,96.58570957501729,154
2022-07-12T07:00:00Z,OTHER,GAS,0,10
2022-07-12T07:00:00Z,OTHER,GAS COGEN,0,58
2022-07-12T07:00:00Z,OTHER,OIL/GAS,41.55137698067559,53
2022-07-12T07:00:00Z,OTHER,WOOD/REFUSE,81.16534230020311,149
2022-07-12T07:00:00Z,SOLAR,SOLAR,0,977
2022-07-12T07:00:00Z,WIND,WIND,897.3923472263747,2269
2022-07-12T08:00:00Z,COAL,COAL,1260.44795598348,1266
2022-07-12T08:00:00Z,ENERGY STORAGE,ENERGY STORAGE,-0.8939995956420899,50
2022-07-12T08:00:00Z,GAS,COGENERATION,3616.0182969407074,5189
2022-07-12T08:00:00Z,GAS,COMBINED CYCLE,1272.610193538136,1810
2022-07-12T08:00:00Z,GAS,GAS FIRED STEAM,918.8777041329278,2599
2022-07-12T08:00:00Z,GAS,SIMPLE CYCLE,311.4312089582284,1230
2022-07-12T08:00:00Z,HYDRO,HYDRO,255.10645585073365,894
2022-07-12T08:00:00Z,OTHER,BIOMASS,101.76273800002204,154
2022-07-12T08:00:00Z,OTHER,GAS,0,10
2022-07-12T08:00:00Z,OTHER,GAS COGEN,0,58
2022-07-12T08:00:00Z,OTHER,OIL/GAS,41.8423775990804,53
2022-07-12T08:00:00Z,OTHER,WOOD/REFUSE,81.73635761049059,149
2022-07-12T08:00:00Z,SOLAR,SOLAR,0,977
2022-07-12T08:00:00Z,WIND,WIND,951.4744891129103,2269
2022-07-12T09:00:00Z,COAL,COAL,1260.0314075554743,1266
2022-07-12T09:00:00Z,ENERGY STORAGE,ENERGY STORAGE,-0.9012774011823866,50
2022-07-12T09:00:00Z,GAS,COGENERATION,3630.945674449272,5189
2022-07-12T09:00:00Z,GAS,COMBINED CYCLE,1248.4781130581432,1810
2022-07-12T09:00:00Z,GAS,GAS FIRED STEAM,775.7979206403096,2599
2022-07-12T09:00:00Z,GAS,SIMPLE CYCLE,289.25731990469825,1230
2022-07-12T09:00:00Z,HYDRO,HYDRO,283.84836145043374,894
2022-07-12T09:00:00Z,OTHER,BIOMASS,104.76065134631263,154
2022-07-12T09:00:00Z,OTHER,GAS,0,10
2022-07-12T09:00:00Z,OTHER,GAS COGEN,0,58
2022-07-12T09:00:00Z,OTHER,OIL/GAS,41.67748204973009,53
2022-07-12T09:00:00Z,OTHER,WOOD/REFUSE,81.00491661071777,149
2022-07-12T09:00:00Z,SOLAR,SOLAR,0,977
2022-07-12T09:00:00Z,WIND,WIND,908.0481292050083,2269
2022-07-12T10:00:00Z,COAL,COAL,1215.1962343682183,1266
2022-07-12T10:00:00Z,ENERGY STORAGE,ENERGY STORAGE,-0.8938329315185547,50
2022-07-12T10:00:00Z,GAS,COGENERATION,3646.2484674171606,5189
2022-07-12T10:00:00Z,GAS,COMBINED CYCLE,1245.4142337322237,1810
2022-07-12T10:00:00Z,GAS,GAS FIRED STEAM,833.3173220592075,2599
2022-07-12T10:00:00Z,GAS,SIMPLE CYCLE,292.31948559029235,1230
2022-07-12T10:00:00Z,HYDRO,HYDRO,276.637025768492,894
2022-07-12T10:00:00Z,OTHER,BIOMASS,105.12735769907633,154
2022-07-12T10:00:00Z,OTHER,GAS,0,10
2022-07-12T10:00:00Z,OTHER,GAS COGEN,0,58
2022-07-12T10:00:00Z,OTHER,OIL/GAS,41.76037070804172,53
2022-07-12T10:00:00Z,OTHER,WOOD/REFUSE,80.13728624131946,149
2022-07-12T10:00:00Z,SOLAR,SOLAR,0,977
2022-07-12T10:00:00Z,WIND,WIND,839.5608383770452,2269
2022-07-12T11:00:00Z,COAL,COAL,1252.579450395372,1266
2022-07-12T11:00:00Z,ENERGY STORAGE,ENERGY STORAGE,-0.89094402949015294,50
2022-07-12T11:00:00Z,GAS,COGENERATION,3654.828289483918,5189
2022-07-12T11:00:00Z,GAS,COMBINED CYCLE,1235.476435626348,1810
2022-07-12T11:00:00Z,GAS,GAS FIRED STEAM,834.1695281177097,2599
2022-07-12T11:00:00Z,GAS,SIMPLE CYCLE,360.4527110460069,1230
2022-07-12T11:00:00Z,HYDRO,HYDRO,263.5099816065364,894
2022-07-12T11:00:00Z,OTHER,BIOMASS,106.73678828610315,154
2022-07-12T11:00:00Z,OTHER,GAS,0,10
2022-07-12T11:00:00Z,OTHER,GAS COGEN,0,58
2022-07-12T11:00:00Z,OTHER,OIL/GAS,42.24454307556152,53
2022-07-12T11:00:00Z,OTHER,WOOD/REFUSE,80.26142009894053,149
2022-07-12T11:00:00Z,SOLAR,SOLAR,0.9081110910740163,977
2022-07-12T11:00:00Z,WIND,WIND,797.1908234254602,2269
2022-07-12T12:00:00Z,COAL,COAL,1207.1730139668782,1266
2022-07-12T12:00:00Z,ENERGY STORAGE,ENERGY STORAGE,-0.5112776215871175,50
2022-07-12T12:00:00Z,GAS,COGENERATION,3641.706142027908,5189
2022-07-12T12:00:00Z,GAS,COMBINED CYCLE,1241.3254247538248,1810
2022-07-12T12:00:00Z,GAS,GAS FIRED STEAM,785.5608809047275,2599
2022-07-12T12:00:00Z,GAS,SIMPLE CYCLE,327.8818198192782,1230
2022-07-12T12:00:00Z,HYDRO,HYDRO,273.3528002752198,894
2022-07-12T12:00:00Z,OTHER,BIOMASS,106.1256030427085,154
2022-07-12T12:00:00Z,OTHER,GAS,0,10
2022-07-12T12:00:00Z,OTHER,GAS COGEN,0,58
2022-07-12T12:00:00Z,OTHER,OIL/GAS,41.63272637261285,53
2022-07-12T12:00:00Z,OTHER,WOOD/REFUSE,79.93998253239525,149
2022-07-12T12:00:00Z,SOLAR,SOLAR,86.45155392085513,977
2022-07-12T12:00:00Z,WIND,WIND,765.3173632652891,2269
2022-07-12T13:00:00Z,COAL,COAL,1241.4836331515842,1266
2022-07-12T13:00:00Z,ENERGY STORAGE,ENERGY STORAGE,-0.25688886642456055,50
2022-07-12T13:00:00Z,GAS,COGENERATION,3599.2366972237824,5189
2022-07-12T13:00:00Z,GAS,COMBINED CYCLE,1294.1999596211645,1810
2022-07-12T13:00:00Z,GAS,GAS FIRED STEAM,854.5814119084675,2599
2022-07-12T13:00:00Z,GAS,SIMPLE CYCLE,368.621791294184,1230
2022-07-12T13:00:00Z,HYDRO,HYDRO,384.7731006952127,894
2022-07-12T13:00:00Z,OTHER,BIOMASS,104.93637884987726,154
2022-07-12T13:00:00Z,OTHER,GAS,0,10
2022-07-12T13:00:00Z,OTHER,GAS COGEN,0,58
2022-07-12T13:00:00Z,OTHER,OIL/GAS,41.730060217115614,53
2022-07-12T13:00:00Z,OTHER,WOOD/REFUSE,78.2207251214981,149
2022-07-12T13:00:00Z,SOLAR,SOLAR,291.7627728275127,977
2022-07-12T13:00:00Z,WIND,WIND,631.8409911033593,2269
2022-07-12T14:00:00Z,COAL,COAL,1259.0146290418836,1266
2022-07-12T14:00:00Z,ENERGY STORAGE,ENERGY STORAGE,-0.2564999877081977,50
2022-07-12T14:00:00Z,GAS,COGENERATION,3587.8417916587987,5189
2022-07-12T14:00:00Z,GAS,COMBINED CYCLE,1360.958388045629,1810
2022-07-12T14:00:00Z,GAS,GAS FIRED STEAM,1015.8207002512614,2599
2022-07-12T14:00:00Z,GAS,SIMPLE CYCLE,527.4586253139707,1230
2022-07-12T14:00:00Z,HYDRO,HYDRO,427.4643092652162,894
2022-07-12T14:00:00Z,OTHER,BIOMASS,101.10704574478997,154
2022-07-12T14:00:00Z,OTHER,GAS,0,10
2022-07-12T14:00:00Z,OTHER,GAS COGEN,0,58
2022-07-12T14:00:00Z,OTHER,OIL/GAS,41.21659868452284,53
2022-07-12T14:00:00Z,OTHER,WOOD/REFUSE,76.4362880537245,149
2022-07-12T14:00:00Z,SOLAR,SOLAR,466.358435087204,977
2022-07-12T14:00:00Z,WIND,WIND,416.18124761273464,2269
2022-07-12T15:00:00Z,COAL,COAL,1258.6732955593534,1266
2022-07-12T15:00:00Z,ENERGY STORAGE,ENERGY STORAGE,-0.02600000063578287,50
2022-07-12T15:00:00Z,GAS,COGENERATION,3543.456917067435,5189
2022-07-12T15:00:00Z,GAS,COMBINED CYCLE,1396.7120810482236,1810
2022-07-12T15:00:00Z,GAS,GAS FIRED STEAM,1285.4703257581923,2599
2022-07-12T15:00:00Z,GAS,SIMPLE CYCLE,560.0168176025401,1230
2022-07-12T15:00:00Z,HYDRO,HYDRO,535.9124153125287,894
2022-07-12T15:00:00Z,OTHER,BIOMASS,101.30401237143411,154
2022-07-12T15:00:00Z,OTHER,GAS,0,10
2022-07-12T15:00:00Z,OTHER,GAS COGEN,0,58
2022-07-12T15:00:00Z,OTHER,OIL/GAS,41.087942907545305,53
2022-07-12T15:00:00Z,OTHER,WOOD/REFUSE,80.33799107657538,149
2022-07-12T15:00:00Z,SOLAR,SOLAR,500.4855439252324,977
2022-07-12T15:00:00Z,WIND,WIND,263.30969507667754,2269
2022-07-12T16:00:00Z,COAL,COAL,1259.3268570794,1266
2022-07-12T16:00:00Z,ENERGY STORAGE,ENERGY STORAGE,0,50
2022-07-12T16:00:00Z,GAS,COGENERATION,3536.279513009389,5189
2022-07-12T16:00:00Z,GAS,COMBINED CYCLE,1440.851445866161,1810
2022-07-12T16:00:00Z,GAS,GAS FIRED STEAM,1394.5891187667846,2599
2022-07-12T16:00:00Z,GAS,SIMPLE CYCLE,662.4894025599957,1230
2022-07-12T16:00:00Z,HYDRO,HYDRO,542.8883526023395,894
2022-07-12T16:00:00Z,OTHER,BIOMASS,101.27702507230971,154
2022-07-12T16:00:00Z,OTHER,GAS,0,10
2022-07-12T16:00:00Z,OTHER,GAS COGEN,0,58
2022-07-12T16:00:00Z,OTHER,OIL/GAS,41.22271579530504,53
2022-07-12T16:00:00Z,OTHER,WOOD/REFUSE,83.17268616570367,149
2022-07-12T16:00:00Z,SOLAR,SOLAR,541.7516576570935,977
2022-07-12T16:00:00Z,WIND,WIND,189.51442778276072,2269
2022-07-12T17:00:00Z,COAL,COAL,1258.9920365905762,1266
2022-07-12T17:00:00Z,ENERGY STORAGE,ENERGY STORAGE,0,50
2022-07-12T17:00:00Z,GAS,COGENERATION,3511.6078752844865,5189
2022-07-12T17:00:00Z,GAS,COMBINED CYCLE,1442.59752415763,1810
2022-07-12T17:00:00Z,GAS,GAS FIRED STEAM,1429.011865158081,2599
2022-07-12T17:00:00Z,GAS,SIMPLE CYCLE,843.3025263603694,1230
2022-07-12T17:00:00Z,HYDRO,HYDRO,473.37740874383184,894
2022-07-12T17:00:00Z,OTHER,BIOMASS,100.30507176293267,154
2022-07-12T17:00:00Z,OTHER,GAS,0,10
2022-07-12T17:00:00Z,OTHER,GAS COGEN,0,58
2022-07-12T17:00:00Z,OTHER,OIL/GAS,41.93299872716267,53
2022-07-12T17:00:00Z,OTHER,WOOD/REFUSE,83.41338513321347,149
2022-07-12T17:00:00Z,SOLAR,SOLAR,557.3944332459238,977
2022-07-12T17:00:00Z,WIND,WIND,165.00002798426482,2269
2022-07-12T18:00:00Z,COAL,COAL,1257.6325235493978,1266
2022-07-12T18:00:00Z,ENERGY STORAGE,ENERGY STORAGE,0,50
2022-07-12T18:00:00Z,GAS,COGENERATION,3484.5546240065496,5189
2022-07-12T18:00:00Z,GAS,COMBINED CYCLE,1484.1972565124433,1810
2022-07-12T18:00:00Z,GAS,GAS FIRED STEAM,1402.9188762985336,2599
2022-07-12T18:00:00Z,GAS,SIMPLE CYCLE,849.5886527444919,1230
2022-07-12T18:00:00Z,HYDRO,HYDRO,514.8203706465827,894
2022-07-12T18:00:00Z,OTHER,BIOMASS,102.1977518690957,154
2022-07-12T18:00:00Z,OTHER,GAS,0,10
2022-07-12T18:00:00Z,OTHER,GAS COGEN,0,58
2022-07-12T18:00:00Z,OTHER,OIL/GAS,41.94173239813911,53
2022-07-12T18:00:00Z,OTHER,WOOD/REFUSE,82.90288042492337,149
2022-07-12T18:00:00Z,SOLAR,SOLAR,565.1903233557277,977
2022-07-12T18:00:00Z,WIND,WIND,206.6760781457275,2269
2022-07-12T19:00:00Z,COAL,COAL,1258.6256976487903,1266
2022-07-12T19:00:00Z,ENERGY STORAGE,ENERGY STORAGE,0,50
2022-07-12T19:00:00Z,GAS,COGENERATION,3452.0148945768674,5189
2022-07-12T19:00:00Z,GAS,COMBINED CYCLE,1482.8051433748005,1810
2022-07-12T19:00:00Z,GAS,GAS FIRED STEAM,1457.8887359084022,2599
2022-07-12T19:00:00Z,GAS,SIMPLE CYCLE,854.7925397408671,1230
2022-07-12T19:00:00Z,HYDRO,HYDRO,514.5217116545307,894
2022-07-12T19:00:00Z,OTHER,BIOMASS,101.21420235580868,154
2022-07-12T19:00:00Z,OTHER,GAS,0,10
2022-07-12T19:00:00Z,OTHER,GAS COGEN,0,58
2022-07-12T19:00:00Z,OTHER,OIL/GAS,41.42942163043552,53
2022-07-12T19:00:00Z,OTHER,WOOD/REFUSE,83.23685571776495,149
2022-07-12T19:00:00Z,SOLAR,SOLAR,597.932377649943,977
2022-07-12T19:00:00Z,WIND,WIND,270.67738173844083,2269
2022-07-12T20:00:00Z,COAL,COAL,1257.9416478474936,1266
2022-07-12T20:00:00Z,ENERGY STORAGE,ENERGY STORAGE,0,50
2022-07-12T20:00:00Z,GAS,COGENERATION,3432.4689116249483,5189
2022-07-12T20:00:00Z,GAS,COMBINED CYCLE,1460.9103967802391,1810
2022-07-12T20:00:00Z,GAS,GAS FIRED STEAM,1612.555143400828,2599
2022-07-12T20:00:00Z,GAS,SIMPLE CYCLE,849.4386266599761,1230
2022-07-12T20:00:00Z,HYDRO,HYDRO,496.78776801973584,894
2022-07-12T20:00:00Z,OTHER,BIOMASS,100.15625821166569,154
2022-07-12T20:00:00Z,OTHER,GAS,0,10
2022-07-12T20:00:00Z,OTHER,GAS COGEN,0,58
2022-07-12T20:00:00Z,OTHER,OIL/GAS,41.35237664116754,53
2022-07-12T20:00:00Z,OTHER,WOOD/REFUSE,87.68393590503268,149
2022-07-12T20:00:00Z,SOLAR,SOLAR,612.8221564687623,977
2022-07-12T20:00:00Z,WIND,WIND,252.78452317213845,2269
2022-07-12T21:00:00Z,COAL,COAL,1257.9956416151258,1266
2022-07-12T21:00:00Z,ENERGY STORAGE,ENERGY STORAGE,0,50
2022-07-12T21:00:00Z,GAS,COGENERATION,3407.6167404451635,5189
2022-07-12T21:00:00Z,GAS,COMBINED CYCLE,1468.4236456627316,1810
2022-07-12T21:00:00Z,GAS,GAS FIRED STEAM,1693.0739322492811,2599
2022-07-12T21:00:00Z,GAS,SIMPLE CYCLE,845.921456887722,1230
2022-07-12T21:00:00Z,HYDRO,HYDRO,545.4536127409671,894
2022-07-12T21:00:00Z,OTHER,BIOMASS,102.86035985310872,154
2022-07-12T21:00:00Z,OTHER,GAS,0,10
2022-07-12T21:00:00Z,OTHER,GAS COGEN,0,58
2022-07-12T21:00:00Z,OTHER,OIL/GAS,41.17163749694824,53
2022-07-12T21:00:00Z,OTHER,WOOD/REFUSE,88.98491910510593,149
2022-07-12T21:00:00Z,SOLAR,SOLAR,628.7021530055999,977
2022-07-12T21:00:00Z,WIND,WIND,260.2644805599377,2269
2022-07-12T22:00:00Z,COAL,COAL,1225.3158413696287,1266
2022-07-12T22:00:00Z,ENERGY STORAGE,ENERGY STORAGE,0,50
2022-07-12T22:00:00Z,GAS,COGENERATION,3394.279954267078,5189
2022-07-12T22:00:00Z,GAS,COMBINED CYCLE,1482.2792118575837,1810
2022-07-12T22:00:00Z,GAS,GAS FIRED STEAM,1791.7118103493585,2599
2022-07-12T22:00:00Z,GAS,SIMPLE CYCLE,857.9127900448027,1230
2022-07-12T22:00:00Z,HYDRO,HYDRO,515.08834291276,894
2022-07-12T22:00:00Z,OTHER,BIOMASS,105.00527620527478,154
2022-07-12T22:00:00Z,OTHER,GAS,0,10
2022-07-12T22:00:00Z,OTHER,GAS COGEN,0,58
2022-07-12T22:00:00Z,OTHER,OIL/GAS,41.75898836347792,53
2022-07-12T22:00:00Z,OTHER,WOOD/REFUSE,87.25408845583597,149
2022-07-12T22:00:00Z,SOLAR,SOLAR,627.7823784324858,977
2022-07-12T22:00:00Z,WIND,WIND,281.32281213010765,2269
2022-07-12T23:00:00Z,COAL,COAL,1199.685064154731,1266
2022-07-12T23:00:00Z,ENERGY STORAGE,ENERGY STORAGE,0,50
2022-07-12T23:00:00Z,GAS,COGENERATION,3405.908951685296,5189
2022-07-12T23:00:00Z,GAS,COMBINED CYCLE,1491.8988154040442,1810
2022-07-12T23:00:00Z,GAS,GAS FIRED STEAM,1909.0351462894016,2599
2022-07-12T23:00:00Z,GAS,SIMPLE CYCLE,845.6221076663667,1230
2022-07-12T23:00:00Z,HYDRO,HYDRO,471.2327864699894,894
2022-07-12T23:00:00Z,OTHER,BIOMASS,111.6052459610833,154
2022-07-12T23:00:00Z,OTHER,GAS,0,10
2022-07-12T23:00:00Z,OTHER,GAS COGEN,0,58
2022-07-12T23:00:00Z,OTHER,OIL/GAS,41.80927096260918,53
2022-07-12T23:00:00Z,OTHER,WOOD/REFUSE,88.73493013117049,149
2022-07-12T23:00:00Z,SOLAR,SOLAR,594.6166570842266,977
2022-07-12T23:00:00Z,WIND,WIND,302.987420325925,2269
2022-07-13T00:00:00Z,COAL,COAL,1175.7502992248535,1266
2022-07-13T00:00:00Z,ENERGY STORAGE,ENERGY STORAGE,0,50
2022-07-13T00:00:00Z,GAS,COGENERATION,3406.825893999868,5189
2022-07-13T00:00:00Z,GAS,COMBINED CYCLE,1500.5043912008075,1810
2022-07-13T00:00:00Z,GAS,GAS FIRED STEAM,1793.5208830515544,2599
2022-07-13T00:00:00Z,GAS,SIMPLE CYCLE,839.6439486132728,1230
2022-07-13T00:00:00Z,HYDRO,HYDRO,475.72667961782884,894
2022-07-13T00:00:00Z,OTHER,BIOMASS,111.07410849306318,154
2022-07-13T00:00:00Z,OTHER,GAS,0,10
2022-07-13T00:00:00Z,OTHER,GAS COGEN,0,58
2022-07-13T00:00:00Z,OTHER,OIL/GAS,41.77316987991333,53
2022-07-13T00:00:00Z,OTHER,WOOD/REFUSE,87.6582205025355,149
2022-07-13T00:00:00Z,SOLAR,SOLAR,529.0268232047558,977
2022-07-13T00:00:00Z,WIND,WIND,354.0606879139278,2269
2022-07-13T01:00:00Z,COAL,COAL,1201.8680767483181,1266
2022-07-13T01:00:00Z,ENERGY STORAGE,ENERGY STORAGE,0,50
2022-07-13T01:00:00Z,GAS,COGENERATION,3401.2813823683396,5189
2022-07-13T01:00:00Z,GAS,COMBINED CYCLE,1512.71420343558,1810
2022-07-13T01:00:00Z,GAS,GAS FIRED STEAM,1624.2494658406576,2599
2022-07-13T01:00:00Z,GAS,SIMPLE CYCLE,845.0361727345652,1230
2022-07-13T01:00:00Z,HYDRO,HYDRO,530.9091057888833,894
2022-07-13T01:00:00Z,OTHER,BIOMASS,106.2162027920617,154
2022-07-13T01:00:00Z,OTHER,GAS,0,10
2022-07-13T01:00:00Z,OTHER,GAS COGEN,0,58
2022-07-13T01:00:00Z,OTHER,OIL/GAS,41.73481985939873,53
2022-07-13T01:00:00Z,OTHER,WOOD/REFUSE,87.86613367504543,149
2022-07-13T01:00:00Z,SOLAR,SOLAR,347.00027095715205,977
2022-07-13T01:00:00Z,WIND,WIND,409.38045372217067,2269
2022-07-13T02:00:00Z,COAL,COAL,1250.4922385999892,1266
2022-07-13T02:00:00Z,ENERGY STORAGE,ENERGY STORAGE,0,50
2022-07-13T02:00:00Z,GAS,COGENERATION,3417.5073022761612,5189
2022-07-13T02:00:00Z,GAS,COMBINED CYCLE,1509.0246688482496,1810
2022-07-13T02:00:00Z,GAS,GAS FIRED STEAM,1498.747447581821,2599
2022-07-13T02:00:00Z,GAS,SIMPLE CYCLE,858.8118451990022,1230
2022-07-13T02:00:00Z,HYDRO,HYDRO,444.6337545665271,894
2022-07-13T02:00:00Z,OTHER,BIOMASS,106.49609574106005,154
2022-07-13T02:00:00Z,OTHER,GAS,0,10
2022-07-13T02:00:00Z,OTHER,GAS COGEN,0,58
2022-07-13T02:00:00Z,OTHER,OIL/GAS,42.14542669508192,53
2022-07-13T02:00:00Z,OTHER,WOOD/REFUSE,88.288902109464,149
2022-07-13T02:00:00Z,SOLAR,SOLAR,115.5879976979726,977
2022-07-13T02:00:00Z,WIND,WIND,587.4988468111554,2269
2022-07-13T03:00:00Z,COAL,COAL,1180.436412302653,1266
2022-07-13T03:00:00Z,ENERGY STORAGE,ENERGY STORAGE,0,50
2022-07-13T03:00:00Z,GAS,COGENERATION,3430.4512630653053,5189
2022-07-13T03:00:00Z,GAS,COMBINED CYCLE,1497.9493550009197,1810
2022-07-13T03:00:00Z,GAS,GAS FIRED STEAM,1366.9798246849907,2599
2022-07-13T03:00:00Z,GAS,SIMPLE CYCLE,702.282132916881,1230
2022-07-13T03:00:00Z,HYDRO,HYDRO,461.1075460240741,894
2022-07-13T03:00:00Z,OTHER,BIOMASS,103.1037700372272,154
2022-07-13T03:00:00Z,OTHER,GAS,0,10
2022-07-13T03:00:00Z,OTHER,GAS COGEN,0,58
2022-07-13T03:00:00Z,OTHER,OIL/GAS,42.65300980250041,53
2022-07-13T03:00:00Z,OTHER,WOOD/REFUSE,86.42083943472967,149
2022-07-13T03:00:00Z,SOLAR,SOLAR,4.459111028578547,977
2022-07-13T03:00:00Z,WIND,WIND,930.1603293995724,2269
2022-07-13T04:00:00Z,COAL,COAL,1208.8514008246527,1266
2022-07-13T04:00:00Z,ENERGY STORAGE,ENERGY STORAGE,0,50
2022-07-13T04:00:00Z,GAS,COGENERATION,3459.117007621792,5189
2022-07-13T04:00:00Z,GAS,COMBINED CYCLE,1492.6411555163065,1810
2022-07-13T04:00:00Z,GAS,GAS FIRED STEAM,1268.0008616426255,2599
2022-07-13T04:00:00Z,GAS,SIMPLE CYCLE,498.5551632298695,1230
2022-07-13T04:00:00Z,HYDRO,HYDRO,436.8808409118652,894
2022-07-13T04:00:00Z,OTHER,BIOMASS,101.00292623413934,154
2022-07-13T04:00:00Z,OTHER,GAS,0,10
2022-07-13T04:00:00Z,OTHER,GAS COGEN,0,58
2022-07-13T04:00:00Z,OTHER,OIL/GAS,43.107326363457574,53
2022-07-13T04:00:00Z,OTHER,WOOD/REFUSE,85.31263734181722,149
2022-07-13T04:00:00Z,SOLAR,SOLAR,0,977
2022-07-13T04:00:00Z,WIND,WIND,1063.5293469006651,2269
2022-07-13T05:00:00Z,COAL,COAL,1239.9284626261392,1266
2022-07-13T05:00:00Z,ENERGY STORAGE,ENERGY STORAGE,0,50
2022-07-13T05:00:00Z,GAS,COGENERATION,3501.055391197999,5189
2022-07-13T05:00:00Z,GAS,COMBINED CYCLE,1406.6775193632973,1810
2022-07-13T05:00:00Z,GAS,GAS FIRED STEAM,1215.7843075010512,2599
2022-07-13T05:00:00Z,GAS,SIMPLE CYCLE,366.38373933696084,1230
2022-07-13T05:00:00Z,HYDRO,HYDRO,457.62864778041836,894
2022-07-13T05:00:00Z,OTHER,BIOMASS,100.93520035160913,154
2022-07-13T05:00:00Z,OTHER,GAS,0,10
2022-07-13T05:00:00Z,OTHER,GAS COGEN,0,58
2022-07-13T05:00:00Z,OTHER,OIL/GAS,42.56476541307237,53
2022-07-13T05:00:00Z,OTHER,WOOD/REFUSE,84.80598311159346,149
2022-07-13T05:00:00Z,SOLAR,SOLAR,0,977
2022-07-13T05:00:00Z,WIND,WIND,990.0406852002111,2269
2022-07-13T06:00:00Z,COAL,COAL,1249.0726778327094,1266
2022-07-13T06:00:00Z,ENERGY STORAGE,ENERGY STORAGE,0,50
2022-07-13T06:00:00Z,GAS,COGENERATION,3519.9200401122703,5189
2022-07-13T06:00:00Z,GAS,COMBINED CYCLE,1300.5860385025871,1810
2022-07-13T06:00:00Z,GAS,GAS FIRED STEAM,1104.5018340937297,2599
2022-07-13T06:00:00Z,GAS,SIMPLE CYCLE,304.53615134053763,1230
2022-07-13T06:00:00Z,HYDRO,HYDRO,347.79506348731616,894
2022-07-13T06:00:00Z,OTHER,BIOMASS,101.42172519259982,154
2022-07-13T06:00:00Z,OTHER,GAS,0,10
2022-07-13T06:00:00Z,OTHER,GAS COGEN,0,58
2022-07-13T06:00:00Z,OTHER,OIL/GAS,42.22762727525499,53
2022-07-13T06:00:00Z,OTHER,WOOD/REFUSE,80.84666412035625,149
2022-07-13T06:00:00Z,SOLAR,SOLAR,0,977
2022-07-13T06:00:00Z,WIND,WIND,889.7369628605578,2269
2022-07-13T07:00:00Z,COAL,COAL,1250.589359503852,1266
2022-07-13T07:00:00Z,ENERGY STORAGE,ENERGY STORAGE,-0.6051664098103842,50
2022-07-13T07:00:00Z,GAS,COGENERATION,3503.3142841404674,5189
2022-07-13T07:00:00Z,GAS,COMBINED CYCLE,1305.3749863794114,1810
2022-07-13T07:00:00Z,GAS,GAS FIRED STEAM,1030.2505443318685,2599
2022-07-13T07:00:00Z,GAS,SIMPLE CYCLE,294.5879951318105,1230
2022-07-13T07:00:00Z,HYDRO,HYDRO,301.174893458022,894
2022-07-13T07:00:00Z,OTHER,BIOMASS,100.75839842531416,154
2022-07-13T07:00:00Z,OTHER,GAS,0,10
2022-07-13T07:00:00Z,OTHER,GAS COGEN,0,58
2022-07-13T07:00:00Z,OTHER,OIL/GAS,43.27028226428562,53
2022-07-13T07:00:00Z,OTHER,WOOD/REFUSE,79.198536418279,149
2022-07-13T07:00:00Z,SOLAR,SOLAR,0,977
2022-07-13T07:00:00Z,WIND,WIND,795.1737967453234,2269
2022-07-13T08:00:00Z,COAL,COAL,1174.9490641445584,1266
2022-07-13T08:00:00Z,ENERGY STORAGE,ENERGY STORAGE,-0.8953884908888075,50
2022-07-13T08:00:00Z,GAS,COGENERATION,3472.2164073394406,5189
2022-07-13T08:00:00Z,GAS,COMBINED CYCLE,1243.1086100535922,1810
2022-07-13T08:00:00Z,GAS,GAS FIRED STEAM,822.97731619517,2599
2022-07-13T08:00:00Z,GAS,SIMPLE CYCLE,240.5572761691941,1230
2022-07-13T08:00:00Z,HYDRO,HYDRO,247.58242959287432,894
2022-07-13T08:00:00Z,OTHER,BIOMASS,99.79274181842804,154
2022-07-13T08:00:00Z,OTHER,GAS,0,10
2022-07-13T08:00:00Z,OTHER,GAS COGEN,0,58
2022-07-13T08:00:00Z,OTHER,OIL/GAS,43.1562710486518,53
2022-07-13T08:00:00Z,OTHER,WOOD/REFUSE,78.80147228929732,149
2022-07-13T08:00:00Z,SOLAR,SOLAR,0,977
2022-07-13T08:00:00Z,WIND,WIND,855.5049338716765,2269
2022-07-13T09:00:00Z,COAL,COAL,1062.9872410244411,1266
2022-07-13T09:00:00Z,ENERGY STORAGE,ENERGY STORAGE,-0.9011662896474202,50
2022-07-13T09:00:00Z,GAS,COGENERATION,3436.4215437984467,5189
2022-07-13T09:00:00Z,GAS,COMBINED CYCLE,1219.593182187875,1810
2022-07-13T09:00:00Z,GAS,GAS FIRED STEAM,759.6380633672079,2599
2022-07-13T09:00:00Z,GAS,SIMPLE CYCLE,241.65031605720523,1230
2022-07-13T09:00:00Z,HYDRO,HYDRO,255.67834715061718,894
2022-07-13T09:00:00Z,OTHER,BIOMASS,103.91704264163971,154
2022-07-13T09:00:00Z,OTHER,GAS,0,10
2022-07-13T09:00:00Z,OTHER,GAS COGEN,0,58
2022-07-13T09:00:00Z,OTHER,OIL/GAS,43.53560422261556,53
2022-07-13T09:00:00Z,OTHER,WOOD/REFUSE,78.95636219130621,149
2022-07-13T09:00:00Z,SOLAR,SOLAR,0,977
2022-07-13T09:00:00Z,WIND,WIND,954.4483907459345,2269
2022-07-13T10:00:00Z,COAL,COAL,1063.0191816372342,1266
2022-07-13T10:00:00Z,ENERGY STORAGE,ENERGY STORAGE,-0.896221826341417,50
2022-07-13T10:00:00Z,GAS,COGENERATION,3452.0478452522225,5189
2022-07-13T10:00:00Z,GAS,COMBINED CYCLE,1218.9744634042845,1810
2022-07-13T10:00:00Z,GAS,GAS FIRED STEAM,775.8401441870795,2599
2022-07-13T10:00:00Z,GAS,SIMPLE CYCLE,223.49089463445875,1230
2022-07-13T10:00:00Z,HYDRO,HYDRO,278.0412799296114,894
2022-07-13T10:00:00Z,OTHER,BIOMASS,103.66550946394602,154
2022-07-13T10:00:00Z,OTHER,GAS,0,10
2022-07-13T10:00:00Z,OTHER,GAS COGEN,0,58
2022-07-13T10:00:00Z,OTHER,OIL/GAS,43.36435981326633,53
2022-07-13T10:00:00Z,OTHER,WOOD/REFUSE,80.07965531561109,149
2022-07-13T10:00:00Z,SOLAR,SOLAR,0,977
2022-07-13T10:00:00Z,WIND,WIND,905.8636693140533,2269
2022-07-13T11:00:00Z,COAL,COAL,1062.9127453104654,1266
2022-07-13T11:00:00Z,ENERGY STORAGE,ENERGY STORAGE,-0.9029996299743652,50
2022-07-13T11:00:00Z,GAS,COGENERATION,3471.807681383689,5189
2022-07-13T11:00:00Z,GAS,COMBINED CYCLE,1242.7806325075362,1810
2022-07-13T11:00:00Z,GAS,GAS FIRED STEAM,802.6110623168945,2599
2022-07-13T11:00:00Z,GAS,SIMPLE CYCLE,223.63949851089055,1230
2022-07-13T11:00:00Z,HYDRO,HYDRO,250.52411004503568,894
2022-07-13T11:00:00Z,OTHER,BIOMASS,103.91821836365594,154
2022-07-13T11:00:00Z,OTHER,GAS,0,10
2022-07-13T11:00:00Z,OTHER,GAS COGEN,0,58
2022-07-13T11:00:00Z,OTHER,OIL/GAS,43.12343801710341,53
2022-07-13T11:00:00Z,OTHER,WOOD/REFUSE,79.29023233625624,149
2022-07-13T11:00:00Z,SOLAR,SOLAR,0.9391110779345035,977
2022-07-13T11:00:00Z,WIND,WIND,896.0729219183573,2269
2022-07-13T12:00:00Z,COAL,COAL,1228.9931304423014,1266
2022-07-13T12:00:00Z,ENERGY STORAGE,ENERGY STORAGE,-0.8965551609463163,50
2022-07-13T12:00:00Z,GAS,COGENERATION,3539.7219354350036,5189
2022-07-13T12:00:00Z,GAS,COMBINED CYCLE,1252.335099688106,1810
2022-07-13T12:00:00Z,GAS,GAS FIRED STEAM,899.6591082933214,2599
2022-07-13T12:00:00Z,GAS,SIMPLE CYCLE,240.66217522021796,1230
2022-07-13T12:00:00Z,HYDRO,HYDRO,261.6313671670026,894
2022-07-13T12:00:00Z,OTHER,BIOMASS,107.73969602849749,154
2022-07-13T12:00:00Z,OTHER,GAS,0,10
2022-07-13T12:00:00Z,OTHER,GAS COGEN,0,58
2022-07-13T12:00:00Z,OTHER,OIL/GAS,42.958775679270424,53
2022-07-13T12:00:00Z,OTHER,WOOD/REFUSE,79.07767951223585,149
2022-07-13T12:00:00Z,SOLAR,SOLAR,34.772777236302694,977
2022-07-13T12:00:00Z,WIND,WIND,974.2070421964178,2269
2022-07-13T13:00:00Z,COAL,COAL,1219.4280747816297,1266
2022-07-13T13:00:00Z,ENERGY STORAGE,ENERGY STORAGE,-0.5511109150780572,50
2022-07-13T13:00:00Z,GAS,COGENERATION,3557.3876529665954,5189
2022-07-13T13:00:00Z,GAS,COMBINED CYCLE,1286.611035375595,1810
2022-07-13T13:00:00Z,GAS,GAS FIRED STEAM,934.9583342615763,2599
2022-07-13T13:00:00Z,GAS,SIMPLE CYCLE,389.4489737826586,1230
2022-07-13T13:00:00Z,HYDRO,HYDRO,394.13884765628313,894
2022-07-13T13:00:00Z,OTHER,BIOMASS,108.21303293863932,154
2022-07-13T13:00:00Z,OTHER,GAS,0,10
2022-07-13T13:00:00Z,OTHER,GAS COGEN,0,58
2022-07-13T13:00:00Z,OTHER,OIL/GAS,43.03399863560995,53
2022-07-13T13:00:00Z,OTHER,WOOD/REFUSE,78.83424303266737,149
2022-07-13T13:00:00Z,SOLAR,SOLAR,106.13822017292182,977
2022-07-13T13:00:00Z,WIND,WIND,830.7285641384125,2269
2022-07-13T14:00:00Z,COAL,COAL,1258.882518717448,1266
2022-07-13T14:00:00Z,ENERGY STORAGE,ENERGY STORAGE,-0.25272220929463707,50
2022-07-13T14:00:00Z,GAS,COGENERATION,3581.5413894105786,5189
2022-07-13T14:00:00Z,GAS,COMBINED CYCLE,1342.0255996306737,1810
2022-07-13T14:00:00Z,GAS,GAS FIRED STEAM,1028.8529633458456,2599
2022-07-13T14:00:00Z,GAS,SIMPLE CYCLE,497.3758594886462,1230
2022-07-13T14:00:00Z,HYDRO,HYDRO,337.2250501003365,894
2022-07-13T14:00:00Z,OTHER,BIOMASS,105.1630371983846,154
2022-07-13T14:00:00Z,OTHER,GAS,0,10
2022-07-13T14:00:00Z,OTHER,GAS COGEN,0,58
2022-07-13T14:00:00Z,OTHER,OIL/GAS,42.51019869486491,53
2022-07-13T14:00:00Z,OTHER,WOOD/REFUSE,78.69242814169989,149
2022-07-13T14:00:00Z,SOLAR,SOLAR,113.85333082411024,977
2022-07-13T14:00:00Z,WIND,WIND,757.3750322451691,2269
2022-07-13T15:00:00Z,COAL,COAL,1203.502884012858,1266
2022-07-13T15:00:00Z,ENERGY STORAGE,ENERGY STORAGE,-0.2656111028459337,50
2022-07-13T15:00:00Z,GAS,COGENERATION,3589.9548029994467,5189
2022-07-13T15:00:00Z,GAS,COMBINED CYCLE,1387.266852592892,1810
2022-07-13T15:00:00Z,GAS,GAS FIRED STEAM,903.6053194787767,2599
2022-07-13T15:00:00Z,GAS,SIMPLE CYCLE,515.5073496564229,1230
2022-07-13T15:00:00Z,HYDRO,HYDRO,355.8791847513782,894
2022-07-13T15:00:00Z,OTHER,BIOMASS,102.73783906989627,154
2022-07-13T15:00:00Z,OTHER,GAS,0,10
2022-07-13T15:00:00Z,OTHER,GAS COGEN,0,58
2022-07-13T15:00:00Z,OTHER,OIL/GAS,43.26457163916694,53
2022-07-13T15:00:00Z,OTHER,WOOD/REFUSE,76.99881916205089,149
2022-07-13T15:00:00Z,SOLAR,SOLAR,197.45185745020706,977
2022-07-13T15:00:00Z,WIND,WIND,1042.55259968453,2269
2022-07-13T16:00:00Z,COAL,COAL,1230.5690760633681,1266
2022-07-13T16:00:00Z,ENERGY STORAGE,ENERGY STORAGE,-0.247666663063897,50
2022-07-13T16:00:00Z,GAS,COGENERATION,3583.6105843090018,5189
2022-07-13T16:00:00Z,GAS,COMBINED CYCLE,1459.1601233874426,1810
2022-07-13T16:00:00Z,GAS,GAS FIRED STEAM,977.1827947595384,2599
2022-07-13T16:00:00Z,GAS,SIMPLE CYCLE,575.85852584468,1230
2022-07-13T16:00:00Z,HYDRO,HYDRO,376.6936614914735,894
2022-07-13T16:00:00Z,OTHER,BIOMASS,103.21084176434411,154
2022-07-13T16:00:00Z,OTHER,GAS,0,10
2022-07-13T16:00:00Z,OTHER,GAS COGEN,0,58
2022-07-13T16:00:00Z,OTHER,OIL/GAS,43.62368194580078,53
2022-07-13T16:00:00Z,OTHER,WOOD/REFUSE,79.76688036706712,149
2022-07-13T16:00:00Z,SOLAR,SOLAR,290.29182780494295,977
2022-07-13T16:00:00Z,WIND,WIND,902.2954751315879,2269
2022-07-13T17:00:00Z,COAL,COAL,1253.9204065958659,1266
2022-07-13T17:00:00Z,ENERGY STORAGE,ENERGY STORAGE,0,50
2022-07-13T17:00:00Z,GAS,COGENERATION,3577.4776394554806,5189
2022-07-13T17:00:00Z,GAS,COMBINED CYCLE,1539.1196181689368,1810
2022-07-13T17:00:00Z,GAS,GAS FIRED STEAM,1163.225354186164,2599
2022-07-13T17:00:00Z,GAS,SIMPLE CYCLE,712.7890628752443,1230
2022-07-13T17:00:00Z,HYDRO,HYDRO,342.34830620116657,894
2022-07-13T17:00:00Z,OTHER,BIOMASS,100.84053130149842,154
2022-07-13T17:00:00Z,OTHER,GAS,0,10
2022-07-13T17:00:00Z,OTHER,GAS COGEN,0,58
2022-07-13T17:00:00Z,OTHER,OIL/GAS,43.69392737282647,53
2022-07-13T17:00:00Z,OTHER,WOOD/REFUSE,86.84714426305558,149
2022-07-13T17:00:00Z,SOLAR,SOLAR,319.25593907525143,977
2022-07-13T17:00:00Z,WIND,WIND,583.8854035737365,2269
2022-07-13T18:00:00Z,COAL,COAL,1254.7354645453559,1266
2022-07-13T18:00:00Z,ENERGY STORAGE,ENERGY STORAGE,0,50
2022-07-13T18:00:00Z,GAS,COGENERATION,3559.662296868695,5189
2022-07-13T18:00:00Z,GAS,COMBINED CYCLE,1545.077547698021,1810
2022-07-13T18:00:00Z,GAS,GAS FIRED STEAM,1259.7455271614922,2599
2022-07-13T18:00:00Z,GAS,SIMPLE CYCLE,772.0296274815499,1230
2022-07-13T18:00:00Z,HYDRO,HYDRO,380.1092672803666,894
2022-07-13T18:00:00Z,OTHER,BIOMASS,101.33173161241743,154
2022-07-13T18:00:00Z,OTHER,GAS,0,10
2022-07-13T18:00:00Z,OTHER,GAS COGEN,0,58
2022-07-13T18:00:00Z,OTHER,OIL/GAS,43.69203327178955,53
2022-07-13T18:00:00Z,OTHER,WOOD/REFUSE,88.47334174950917,149
2022-07-13T18:00:00Z,SOLAR,SOLAR,319.91899383140935,977
2022-07-13T18:00:00Z,WIND,WIND,526.6422070711188,2269
2022-07-13T19:00:00Z,COAL,COAL,1253.6094550493028,1266
2022-07-13T19:00:00Z,ENERGY STORAGE,ENERGY STORAGE,0,50
2022-07-13T19:00:00Z,GAS,COGENERATION,3550.1589953296716,5189
2022-07-13T19:00:00Z,GAS,COMBINED CYCLE,1544.5300939932135,1810
2022-07-13T19:00:00Z,GAS,GAS FIRED STEAM,1352.9564402665033,2599
2022-07-13T19:00:00Z,GAS,SIMPLE CYCLE,779.6299154200321,1230
2022-07-13T19:00:00Z,HYDRO,HYDRO,360.7258702062236,894
2022-07-13T19:00:00Z,OTHER,BIOMASS,103.78633661270142,154
2022-07-13T19:00:00Z,OTHER,GAS,0,10
2022-07-13T19:00:00Z,OTHER,GAS COGEN,0,58
2022-07-13T19:00:00Z,OTHER,OIL/GAS,43.734474170472886,53
2022-07-13T19:00:00Z,OTHER,WOOD/REFUSE,87.62855000283983,149
2022-07-13T19:00:00Z,SOLAR,SOLAR,441.84118611801,977
2022-07-13T19:00:00Z,WIND,WIND,478.0466857738793,2269
2022-07-13T20:00:00Z,COAL,COAL,1255.900184902615,1266
2022-07-13T20:00:00Z,ENERGY STORAGE,ENERGY STORAGE,-0.26911108440823023,50
2022-07-13T20:00:00Z,GAS,COGENERATION,3545.821249992268,5189
2022-07-13T20:00:00Z,GAS,COMBINED CYCLE,1539.809079794354,1810
2022-07-13T20:00:00Z,GAS,GAS FIRED STEAM,1311.635071451399,2599
2022-07-13T20:00:00Z,GAS,SIMPLE CYCLE,783.9628124165534,1230
2022-07-13T20:00:00Z,HYDRO,HYDRO,373.2450986275408,894
2022-07-13T20:00:00Z,OTHER,BIOMASS,105.35366165002186,154
2022-07-13T20:00:00Z,OTHER,GAS,0,10
2022-07-13T20:00:00Z,OTHER,GAS COGEN,0,58
2022-07-13T20:00:00Z,OTHER,OIL/GAS,43.99176099989149,53
2022-07-13T20:00:00Z,OTHER,WOOD/REFUSE,88.50676223542955,149
2022-07-13T20:00:00Z,SOLAR,SOLAR,479.67398989306554,977
2022-07-13T20:00:00Z,WIND,WIND,562.7052599108715,2269
2022-07-13T21:00:00Z,COAL,COAL,1256.5402467007107,1266
2022-07-13T21:00:00Z,ENERGY STORAGE,ENERGY STORAGE,0,50
2022-07-13T21:00:00Z,GAS,COGENERATION,3531.423327791558,5189
2022-07-13T21:00:00Z,GAS,COMBINED CYCLE,1538.205638267729,1810
2022-07-13T21:00:00Z,GAS,GAS FIRED STEAM,1285.972168812222,2599
2022-07-13T21:00:00Z,GAS,SIMPLE CYCLE,775.6917054269048,1230
2022-07-13T21:00:00Z,HYDRO,HYDRO,417.63676766210136,894
2022-07-13T21:00:00Z,OTHER,BIOMASS,98.23916443030039,154
2022-07-13T21:00:00Z,OTHER,GAS,0,10
2022-07-13T21:00:00Z,OTHER,GAS COGEN,0,58
2022-07-13T21:00:00Z,OTHER,OIL/GAS,43.86295306947496,53
2022-07-13T21:00:00Z,OTHER,WOOD/REFUSE,89.21409647623697,149
2022-07-13T21:00:00Z,SOLAR,SOLAR,564.1462845925821,977
2022-07-13T21:00:00Z,WIND,WIND,583.4432244104313,2269
2022-07-13T22:00:00Z,COAL,COAL,1256.2943452453612,1266
2022-07-13T22:00:00Z,ENERGY STORAGE,ENERGY STORAGE,0,50
2022-07-13T22:00:00Z,GAS,COGENERATION,3539.942798369858,5189
2022-07-13T22:00:00Z,GAS,COMBINED CYCLE,1533.165855140686,1810
2022-07-13T22:00:00Z,GAS,GAS FIRED STEAM,1199.2202535332574,2599
2022-07-13T22:00:00Z,GAS,SIMPLE CYCLE,787.0729152589374,1230
2022-07-13T22:00:00Z,HYDRO,HYDRO,488.77642386181486,894
2022-07-13T22:00:00Z,OTHER,BIOMASS,95.39965633498298,154
2022-07-13T22:00:00Z,OTHER,GAS,0,10
2022-07-13T22:00:00Z,OTHER,GAS COGEN,0,58
2022-07-13T22:00:00Z,OTHER,OIL/GAS,44.32467113494873,53
2022-07-13T22:00:00Z,OTHER,WOOD/REFUSE,89.25634922981261,149
2022-07-13T22:00:00Z,SOLAR,SOLAR,560.4958244040278,977
2022-07-13T22:00:00Z,WIND,WIND,617.217789126916,2269
2022-07-13T23:00:00Z,COAL,COAL,1253.2364673868815,1266
2022-07-13T23:00:00Z,ENERGY STORAGE,ENERGY STORAGE,0.00372223642137314,50
2022-07-13T23:00:00Z,GAS,COGENERATION,3569.49778475768,5189
2022-07-13T23:00:00Z,GAS,COMBINED CYCLE,1544.220573263698,1810
2022-07-13T23:00:00Z,GAS,GAS FIRED STEAM,1200.09677476671,2599
2022-07-13T23:00:00Z,GAS,SIMPLE CYCLE,792.982043346829,1230
2022-07-13T23:00:00Z,HYDRO,HYDRO,512.2160861990187,894
2022-07-13T23:00:00Z,OTHER,BIOMASS,93.26597487449646,154
2022-07-13T23:00:00Z,OTHER,GAS,0,10
2022-07-13T23:00:00Z,OTHER,GAS COGEN,0,58
2022-07-13T23:00:00Z,OTHER,OIL/GAS,43.82738711039225,53
2022-07-13T23:00:00Z,OTHER,WOOD/REFUSE,89.24840509096781,149
2022-07-13T23:00:00Z,SOLAR,SOLAR,406.68399274117417,977
2022-07-13T23:00:00Z,WIND,WIND,626.6361177829405,2269
2022-07-14T00:00:00Z,COAL,COAL,1255.824592505561,1266
2022-07-14T00:00:00Z,ENERGY STORAGE,ENERGY STORAGE,-0.09744443681504993,50
2022-07-14T00:00:00Z,GAS,COGENERATION,3577.554187194109,5189
2022-07-14T00:00:00Z,GAS,COMBINED CYCLE,1494.0249948771796,1810
2022-07-14T00:00:00Z,GAS,GAS FIRED STEAM,1134.5949982070924,2599
2022-07-14T00:00:00Z,GAS,SIMPLE CYCLE,775.3382606609663,1230
2022-07-14T00:00:00Z,HYDRO,HYDRO,399.4143282492956,894
2022-07-14T00:00:00Z,OTHER,BIOMASS,91.58638072066836,154
2022-07-14T00:00:00Z,OTHER,GAS,0,10
2022-07-14T00:00:00Z,OTHER,GAS COGEN,0,58
2022-07-14T00:00:00Z,OTHER,OIL/GAS,43.74081615447998,53
2022-07-14T00:00:00Z,OTHER,WOOD/REFUSE,87.65872572051154,149
2022-07-14T00:00:00Z,SOLAR,SOLAR,347.7070498274101,977
2022-07-14T00:00:00Z,WIND,WIND,863.6191740700933,2269
2022-07-14T01:00:00Z,COAL,COAL,1257.5423037719727,1266
2022-07-14T01:00:00Z,ENERGY STORAGE,ENERGY STORAGE,-1.9534998226165772,50
2022-07-14T01:00:00Z,GAS,COGENERATION,3588.6012755115826,5189
2022-07-14T01:00:00Z,GAS,COMBINED CYCLE,1524.2458440256119,1810
2022-07-14T01:00:00Z,GAS,GAS FIRED STEAM,1125.0283579720392,2599
2022-07-14T01:00:00Z,GAS,SIMPLE CYCLE,663.97062693629,1230
2022-07-14T01:00:00Z,HYDRO,HYDRO,419.48911786556243,894
2022-07-14T01:00:00Z,OTHER,BIOMASS,88.34982305632697,154
2022-07-14T01:00:00Z,OTHER,GAS,0,10
2022-07-14T01:00:00Z,OTHER,GAS COGEN,0,58
2022-07-14T01:00:00Z,OTHER,OIL/GAS,44.220537957085504,53
2022-07-14T01:00:00Z,OTHER,WOOD/REFUSE,87.26984757847256,149
2022-07-14T01:00:00Z,SOLAR,SOLAR,243.91510639137692,977
2022-07-14T01:00:00Z,WIND,WIND,884.4370253393386,2269
2022-07-14T02:00:00Z,COAL,COAL,1256.7080756462944,1266
2022-07-14T02:00:00Z,ENERGY STORAGE,ENERGY STORAGE,-1.943055338329739,50
2022-07-14T02:00:00Z,GAS,COGENERATION,3593.729916898674,5189
2022-07-14T02:00:00Z,GAS,COMBINED CYCLE,1533.3917221540873,1810
2022-07-14T02:00:00Z,GAS,GAS FIRED STEAM,1197.4218869845072,2599
2022-07-14T02:00:00Z,GAS,SIMPLE CYCLE,594.1210225122505,1230
2022-07-14T02:00:00Z,HYDRO,HYDRO,474.83868289444183,894
2022-07-14T02:00:00Z,OTHER,BIOMASS,85.68172951751285,154
2022-07-14T02:00:00Z,OTHER,GAS,0,10
2022-07-14T02:00:00Z,OTHER,GAS COGEN,0,58
2022-07-14T02:00:00Z,OTHER,OIL/GAS,44.73295421812269,53
2022-07-14T02:00:00Z,OTHER,WOOD/REFUSE,87.16240427229138,149
2022-07-14T02:00:00Z,SOLAR,SOLAR,94.69188706525497,977
2022-07-14T02:00:00Z,WIND,WIND,869.6243358206749,2269
2022-07-14T03:00:00Z,COAL,COAL,1257.0465154181586,1266
2022-07-14T03:00:00Z,ENERGY STORAGE,ENERGY STORAGE,-0.92966675652398,50
2022-07-14T03:00:00Z,GAS,COGENERATION,3605.5980530304378,5189
2022-07-14T03:00:00Z,GAS,COMBINED CYCLE,1485.499763375918,1810
2022-07-14T03:00:00Z,GAS,GAS FIRED STEAM,1137.1584905094571,2599
2022-07-14T03:00:00Z,GAS,SIMPLE CYCLE,577.2661949061023,1230
2022-07-14T03:00:00Z,HYDRO,HYDRO,389.53621072636713,894
2022-07-14T03:00:00Z,OTHER,BIOMASS,85.63805807034174,154
2022-07-14T03:00:00Z,OTHER,GAS,0,10
2022-07-14T03:00:00Z,OTHER,GAS COGEN,0,58
2022-07-14T03:00:00Z,OTHER,OIL/GAS,44.093776037428114,53
2022-07-14T03:00:00Z,OTHER,WOOD/REFUSE,86.7565659793218,149
2022-07-14T03:00:00Z,SOLAR,SOLAR,4.577833172265026,977
2022-07-14T03:00:00Z,WIND,WIND,1022.4929007077218,2269
2022-07-14T04:00:00Z,COAL,COAL,1255.7245254516602,1266
2022-07-14T04:00:00Z,ENERGY STORAGE,ENERGY STORAGE,-0.9033885203467475,50
2022-07-14T04:00:00Z,GAS,COGENERATION,3640.110042477846,5189
2022-07-14T04:00:00Z,GAS,COMBINED CYCLE,1480.1829713694256,1810
2022-07-14T04:00:00Z,GAS,GAS FIRED STEAM,914.875572880639,2599
2022-07-14T04:00:00Z,GAS,SIMPLE CYCLE,482.4148595876826,1230
2022-07-14T04:00:00Z,HYDRO,HYDRO,337.4620262318187,894
2022-07-14T04:00:00Z,OTHER,BIOMASS,89.37788129170735,154
2022-07-14T04:00:00Z,OTHER,GAS,0,10
2022-07-14T04:00:00Z,OTHER,GAS COGEN,0,58
2022-07-14T04:00:00Z,OTHER,OIL/GAS,44.244932946099176,53
2022-07-14T04:00:00Z,OTHER,WOOD/REFUSE,86.37206970161861,149
2022-07-14T04:00:00Z,SOLAR,SOLAR,0,977
2022-07-14T04:00:00Z,WIND,WIND,1198.8682510140206,2269
2022-07-14T05:00:00Z,COAL,COAL,1256.3604147169326,1266
2022-07-14T05:00:00Z,ENERGY STORAGE,ENERGY STORAGE,-0.8907218074798584,50
2022-07-14T05:00:00Z,GAS,COGENERATION,3633.645228580369,5189
2022-07-14T05:00:00Z,GAS,COMBINED CYCLE,1418.0898760848575,1810
2022-07-14T05:00:00Z,GAS,GAS FIRED STEAM,1002.6951888232761,2599
2022-07-14T05:00:00Z,GAS,SIMPLE CYCLE,359.3770327548186,1230
2022-07-14T05:00:00Z,HYDRO,HYDRO,443.44904705396954,894
2022-07-14T05:00:00Z,OTHER,BIOMASS,85.65472677177853,154
2022-07-14T05:00:00Z,OTHER,GAS,0,10
2022-07-14T05:00:00Z,OTHER,GAS COGEN,0,58
2022-07-14T05:00:00Z,OTHER,OIL/GAS,43.99189777374268,53
2022-07-14T05:00:00Z,OTHER,WOOD/REFUSE,85.44314087337918,149
2022-07-14T05:00:00Z,SOLAR,SOLAR,0,977
2022-07-14T05:00:00Z,WIND,WIND,785.0762471155822,2269
2022-07-14T06:00:00Z,COAL,COAL,1257.5134129842122,1266
2022-07-14T06:00:00Z,ENERGY STORAGE,ENERGY STORAGE,-0.8880551285213895,50
2022-07-14T06:00:00Z,GAS,COGENERATION,3651.9367822352383,5189
2022-07-14T06:00:00Z,GAS,COMBINED CYCLE,1293.6148912817239,1810
2022-07-14T06:00:00Z,GAS,GAS FIRED STEAM,1005.3213526831732,2599
2022-07-14T06:00:00Z,GAS,SIMPLE CYCLE,313.38388134631845,1230
2022-07-14T06:00:00Z,HYDRO,HYDRO,259.59601589745944,894
2022-07-14T06:00:00Z,OTHER,BIOMASS,89.2145938703749,154
2022-07-14T06:00:00Z,OTHER,GAS,0,10
2022-07-14T06:00:00Z,OTHER,GAS COGEN,0,58
2022-07-14T06:00:00Z,OTHER,OIL/GAS,44.68258664449056,53
2022-07-14T06:00:00Z,OTHER,WOOD/REFUSE,84.75496052424113,149
2022-07-14T06:00:00Z,SOLAR,SOLAR,0,977
2022-07-14T06:00:00Z,WIND,WIND,593.6981088237154,2269
2022-07-14T07:00:00Z,COAL,COAL,1256.567081366645,1266
2022-07-14T07:00:00Z,ENERGY STORAGE,ENERGY STORAGE,-0.8403884516821967,50
2022-07-14T07:00:00Z,GAS,COGENERATION,3669.097521867156,5189
2022-07-14T07:00:00Z,GAS,COMBINED CYCLE,1306.872854824861,1810
2022-07-14T07:00:00Z,GAS,GAS FIRED STEAM,1140.325564380222,2599
2022-07-14T07:00:00Z,GAS,SIMPLE CYCLE,307.9430967373318,1230
2022-07-14T07:00:00Z,HYDRO,HYDRO,324.1884059354994,894
2022-07-14T07:00:00Z,OTHER,BIOMASS,94.43539912806617,154
2022-07-14T07:00:00Z,OTHER,GAS,0,10
2022-07-14T07:00:00Z,OTHER,GAS COGEN,0,58
2022-07-14T07:00:00Z,OTHER,OIL/GAS,45.64005425771077,53
2022-07-14T07:00:00Z,OTHER,WOOD/REFUSE,86.20717372629377,149
2022-07-14T07:00:00Z,SOLAR,SOLAR,0,977
2022-07-14T07:00:00Z,WIND,WIND,327.8585439548228,2269
2022-07-14T08:00:00Z,COAL,COAL,1257.0304198201497,1266
2022-07-14T08:00:00Z,ENERGY STORAGE,ENERGY STORAGE,-0.2818893252478705,50
2022-07-14T08:00:00Z,GAS,COGENERATION,3686.6088642487925,5189
2022-07-14T08:00:00Z,GAS,COMBINED CYCLE,1277.9701961917347,1810
2022-07-14T08:00:00Z,GAS,GAS FIRED STEAM,949.0774674224854,2599
2022-07-14T08:00:00Z,GAS,SIMPLE CYCLE,264.255212852988,1230
2022-07-14T08:00:00Z,HYDRO,HYDRO,269.51109403769175,894
2022-07-14T08:00:00Z,OTHER,BIOMASS,97.79508196406894,154
2022-07-14T08:00:00Z,OTHER,GAS,0,10
2022-07-14T08:00:00Z,OTHER,GAS COGEN,0,58
2022-07-14T08:00:00Z,OTHER,OIL/GAS,44.64985934151544,53
2022-07-14T08:00:00Z,OTHER,WOOD/REFUSE,81.49095037990146,149
2022-07-14T08:00:00Z,SOLAR,SOLAR,0,977
2022-07-14T08:00:00Z,WIND,WIND,324.0790565973189,2269
2022-07-14T09:00:00Z,COAL,COAL,1258.219915330675,1266
2022-07-14T09:00:00Z,ENERGY STORAGE,ENERGY STORAGE,-0.20616745313008628,50
2022-07-14T09:00:00Z,GAS,COGENERATION,3699.719071145588,5189
2022-07-14T09:00:00Z,GAS,COMBINED CYCLE,1293.854338987569,1810
2022-07-14T09:00:00Z,GAS,GAS FIRED STEAM,924.7813840484619,2599
2022-07-14T09:00:00Z,GAS,SIMPLE CYCLE,298.42269834544925,1230
2022-07-14T09:00:00Z,HYDRO,HYDRO,249.56649727675648,894
2022-07-14T09:00:00Z,OTHER,BIOMASS,95.14037797239091,154
2022-07-14T09:00:00Z,OTHER,GAS,0,10
2022-07-14T09:00:00Z,OTHER,GAS COGEN,0,58
2022-07-14T09:00:00Z,OTHER,OIL/GAS,44.422632160186765,53
2022-07-14T09:00:00Z,OTHER,WOOD/REFUSE,79.02306192292107,149
2022-07-14T09:00:00Z,SOLAR,SOLAR,0,977
2022-07-14T09:00:00Z,WIND,WIND,254.8037242086066,2269
2022-07-14T10:00:00Z,COAL,COAL,1258.240574561225,1266
2022-07-14T10:00:00Z,ENERGY STORAGE,ENERGY STORAGE,-0.20261188401116265,50
2022-07-14T10:00:00Z,GAS,COGENERATION,3714.2129271003937,5189
2022-07-14T10:00:00Z,GAS,COMBINED CYCLE,1290.3646303860346,1810
2022-07-14T10:00:00Z,GAS,GAS FIRED STEAM,924.2185078071224,2599
2022-07-14T10:00:00Z,GAS,SIMPLE CYCLE,310.3252948748072,1230
2022-07-14T10:00:00Z,HYDRO,HYDRO,236.34694697856904,894
2022-07-14T10:00:00Z,OTHER,BIOMASS,96.42041463481056,154
2022-07-14T10:00:00Z,OTHER,GAS,0,10
2022-07-14T10:00:00Z,OTHER,GAS COGEN,0,58
2022-07-14T10:00:00Z,OTHER,OIL/GAS,44.3501044676039,53
2022-07-14T10:00:00Z,OTHER,WOOD/REFUSE,78.47348017851512,149
2022-07-14T10:00:00Z,SOLAR,SOLAR,0,977
2022-07-14T10:00:00Z,WIND,WIND,226.87940282863875,2269
2022-07-14T11:00:00Z,COAL,COAL,1257.0921323988173,1266
2022-07-14T11:00:00Z,ENERGY STORAGE,ENERGY STORAGE,-0.20683412233988444,50
2022-07-14T11:00:00Z,GAS,COGENERATION,3715.1814478015567,5189
2022-07-14T11:00:00Z,GAS,COMBINED CYCLE,1312.5954264921613,1810
2022-07-14T11:00:00Z,GAS,GAS FIRED STEAM,945.1099108918509,2599
2022-07-14T11:00:00Z,GAS,SIMPLE CYCLE,369.1535700668229,1230
2022-07-14T11:00:00Z,HYDRO,HYDRO,255.14821983920203,894
2022-07-14T11:00:00Z,OTHER,BIOMASS,97.0066904703776,154
2022-07-14T11:00:00Z,OTHER,GAS,0,10
2022-07-14T11:00:00Z,OTHER,GAS COGEN,0,58
2022-07-14T11:00:00Z,OTHER,OIL/GAS,44.024959545135495,53
2022-07-14T11:00:00Z,OTHER,WOOD/REFUSE,78.69424639436933,149
2022-07-14T11:00:00Z,SOLAR,SOLAR,0.47449997825755014,977
2022-07-14T11:00:00Z,WIND,WIND,127.16378859973615,2269
2022-07-14T12:00:00Z,COAL,COAL,1258.0300700039334,1266
2022-07-14T12:00:00Z,ENERGY STORAGE,ENERGY STORAGE,-0.2072785684797499,50
2022-07-14T12:00:00Z,GAS,COGENERATION,3717.2599324668777,5189
2022-07-14T12:00:00Z,GAS,COMBINED CYCLE,1339.8854370996687,1810
2022-07-14T12:00:00Z,GAS,GAS FIRED STEAM,1106.188495318095,2599
2022-07-14T12:00:00Z,GAS,SIMPLE CYCLE,373.49308114740586,1230
2022-07-14T12:00:00Z,HYDRO,HYDRO,265.35300925278,894
2022-07-14T12:00:00Z,OTHER,BIOMASS,100.82985383298663,154
2022-07-14T12:00:00Z,OTHER,GAS,0,10
2022-07-14T12:00:00Z,OTHER,GAS COGEN,0,58
2022-07-14T12:00:00Z,OTHER,OIL/GAS,44.51647063361274,53
2022-07-14T12:00:00Z,OTHER,WOOD/REFUSE,81.43452966531117,149
2022-07-14T12:00:00Z,SOLAR,SOLAR,66.04294310649236,977
2022-07-14T12:00:00Z,WIND,WIND,80.79604954248501,2269
2022-07-14T13:00:00Z,COAL,COAL,1256.5191875712076,1266
2022-07-14T13:00:00Z,ENERGY STORAGE,ENERGY STORAGE,-0.20688967810736764,50
2022-07-14T13:00:00Z,GAS,COGENERATION,3712.328512825171,5189
2022-07-14T13:00:00Z,GAS,COMBINED CYCLE,1315.4537959713407,1810
2022-07-14T13:00:00Z,GAS,GAS FIRED STEAM,1113.849530034595,2599
2022-07-14T13:00:00Z,GAS,SIMPLE CYCLE,480.5241965786285,1230
2022-07-14T13:00:00Z,HYDRO,HYDRO,351.1172487888071,894
2022-07-14T13:00:00Z,OTHER,BIOMASS,98.5085857714547,154
2022-07-14T13:00:00Z,OTHER,GAS,0,10
2022-07-14T13:00:00Z,OTHER,GAS COGEN,0,58
2022-07-14T13:00:00Z,OTHER,OIL/GAS,44.63370990329319,53
2022-07-14T13:00:00Z,OTHER,WOOD/REFUSE,79.28552602185144,149
2022-07-14T13:00:00Z,SOLAR,SOLAR,271.705605991847,977
2022-07-14T13:00:00Z,WIND,WIND,98.9023736635637,2269
2022-07-14T14:00:00Z,COAL,COAL,1257.4823500230577,1266
2022-07-14T14:00:00Z,ENERGY STORAGE,ENERGY STORAGE,-0.02266675313313802,50
2022-07-14T14:00:00Z,GAS,COGENERATION,3710.2396555353534,5189
2022-07-14T14:00:00Z,GAS,COMBINED CYCLE,1401.4959282387629,1810
2022-07-14T14:00:00Z,GAS,GAS FIRED STEAM,1146.7840527407327,2599
2022-07-14T14:00:00Z,GAS,SIMPLE CYCLE,545.7207664096355,1230
2022-07-14T14:00:00Z,HYDRO,HYDRO,410.45937929564053,894
2022-07-14T14:00:00Z,OTHER,BIOMASS,99.84000769085355,154
2022-07-14T14:00:00Z,OTHER,GAS,0,10
2022-07-14T14:00:00Z,OTHER,GAS COGEN,0,58
2022-07-14T14:00:00Z,OTHER,OIL/GAS,44.07176472345988,53
2022-07-14T14:00:00Z,OTHER,WOOD/REFUSE,83.07066759003533,149
2022-07-14T14:00:00Z,SOLAR,SOLAR,408.0189925883876,977
2022-07-14T14:00:00Z,WIND,WIND,64.44393324143357,2269
2022-07-14T15:00:00Z,COAL,COAL,1256.2391229248046,1266
2022-07-14T15:00:00Z,ENERGY STORAGE,ENERGY STORAGE,0,50
2022-07-14T15:00:00Z,GAS,COGENERATION,3684.7740444694628,5189
2022-07-14T15:00:00Z,GAS,COMBINED CYCLE,1444.2550286171172,1810
2022-07-14T15:00:00Z,GAS,GAS FIRED STEAM,1139.367290089925,2599
2022-07-14T15:00:00Z,GAS,SIMPLE CYCLE,538.4580057907104,1230
2022-07-14T15:00:00Z,HYDRO,HYDRO,404.8621388444636,894
2022-07-14T15:00:00Z,OTHER,BIOMASS,98.91032384236654,154
2022-07-14T15:00:00Z,OTHER,GAS,0,10
2022-07-14T15:00:00Z,OTHER,GAS COGEN,0,58
2022-07-14T15:00:00Z,OTHER,OIL/GAS,43.957260087331136,53
2022-07-14T15:00:00Z,OTHER,WOOD/REFUSE,82.69312011506823,149
2022-07-14T15:00:00Z,SOLAR,SOLAR,577.7712120922407,977
2022-07-14T15:00:00Z,WIND,WIND,70.01230157041715,2269
2022-07-14T16:00:00Z,COAL,COAL,1257.083244611952,1266
2022-07-14T16:00:00Z,ENERGY STORAGE,ENERGY STORAGE,0,50
2022-07-14T16:00:00Z,GAS,COGENERATION,3668.0144506520696,5189
2022-07-14T16:00:00Z,GAS,COMBINED CYCLE,1482.5875491725074,1810
2022-07-14T16:00:00Z,GAS,GAS FIRED STEAM,1216.8344405619303,2599
2022-07-14T16:00:00Z,GAS,SIMPLE CYCLE,576.8905944051345,1230
2022-07-14T16:00:00Z,HYDRO,HYDRO,438.35398205757144,894
2022-07-14T16:00:00Z,OTHER,BIOMASS,100.23948453797234,154
2022-07-14T16:00:00Z,OTHER,GAS,0,10
2022-07-14T16:00:00Z,OTHER,GAS COGEN,0,58
2022-07-14T16:00:00Z,OTHER,OIL/GAS,44.30582127465142,53
2022-07-14T16:00:00Z,OTHER,WOOD/REFUSE,91.49362215148078,149
2022-07-14T16:00:00Z,SOLAR,SOLAR,636.1415420627594,977
2022-07-14T16:00:00Z,WIND,WIND,112.78637724503047,2269
2022-07-14T17:00:00Z,COAL,COAL,1257.264676361084,1266
2022-07-14T17:00:00Z,ENERGY STORAGE,ENERGY STORAGE,0,50
2022-07-14T17:00:00Z,GAS,COGENERATION,3645.940762905048,5189
2022-07-14T17:00:00Z,GAS,COMBINED CYCLE,1489.035368010203,1810
2022-07-14T17:00:00Z,GAS,GAS FIRED STEAM,1177.1330646302965,2599
2022-07-14T17:00:00Z,GAS,SIMPLE CYCLE,615.1416034271319,1230
2022-07-14T17:00:00Z,HYDRO,HYDRO,434.4984203222063,894
2022-07-14T17:00:00Z,OTHER,BIOMASS,99.93767933050792,154
2022-07-14T17:00:00Z,OTHER,GAS,0,10
2022-07-14T17:00:00Z,OTHER,GAS COGEN,0,58
2022-07-14T17:00:00Z,OTHER,OIL/GAS,44.351721600426565,53
2022-07-14T17:00:00Z,OTHER,WOOD/REFUSE,87.72862912125058,149
2022-07-14T17:00:00Z,SOLAR,SOLAR,657.4043755282296,977
2022-07-14T17:00:00Z,WIND,WIND,305.5137712055693,2269
2022-07-14T18:00:00Z,COAL,COAL,1256.6825375874837,1266
2022-07-14T18:00:00Z,ENERGY STORAGE,ENERGY STORAGE,0,50
2022-07-14T18:00:00Z,GAS,COGENERATION,3595.0460441257555,5189
2022-07-14T18:00:00Z,GAS,COMBINED CYCLE,1506.6404910723368,1810
2022-07-14T18:00:00Z,GAS,GAS FIRED STEAM,1232.9081110170152,2599
2022-07-14T18:00:00Z,GAS,SIMPLE CYCLE,644.298943693373,1230
2022-07-14T18:00:00Z,HYDRO,HYDRO,495.3498996743891,894
2022-07-14T18:00:00Z,OTHER,BIOMASS,99.70650211175283,154
2022-07-14T18:00:00Z,OTHER,GAS,0,10
2022-07-14T18:00:00Z,OTHER,GAS COGEN,0,58
2022-07-14T18:00:00Z,OTHER,OIL/GAS,44.96505978478326,53
2022-07-14T18:00:00Z,OTHER,WOOD/REFUSE,91.18952752219306,149
2022-07-14T18:00:00Z,SOLAR,SOLAR,664.552929754787,977
2022-07-14T18:00:00Z,WIND,WIND,330.8112970207466,2269
2022-07-14T19:00:00Z,COAL,COAL,1256.1951234436037,1266
2022-07-14T19:00:00Z,ENERGY STORAGE,ENERGY STORAGE,0,50
2022-07-14T19:00:00Z,GAS,COGENERATION,3523.4075299293463,5189
2022-07-14T19:00:00Z,GAS,COMBINED CYCLE,1513.4593623807696,1810
2022-07-14T19:00:00Z,GAS,GAS FIRED STEAM,1429.2196661822002,2599
2022-07-14T19:00:00Z,GAS,SIMPLE CYCLE,676.573691902558,1230
2022-07-14T19:00:00Z,HYDRO,HYDRO,520.7265139769183,894
2022-07-14T19:00:00Z,OTHER,BIOMASS,99.63667197704315,154
2022-07-14T19:00:00Z,OTHER,GAS,0,10
2022-07-14T19:00:00Z,OTHER,GAS COGEN,0,58
2022-07-14T19:00:00Z,OTHER,OIL/GAS,44.53189357333713,53
2022-07-14T19:00:00Z,OTHER,WOOD/REFUSE,90.51379559199015,149
2022-07-14T19:00:00Z,SOLAR,SOLAR,659.730265200552,977
2022-07-14T19:00:00Z,WIND,WIND,303.3419030751288,2269
2022-07-14T20:00:00Z,COAL,COAL,1256.9121354844835,1266
2022-07-14T20:00:00Z,ENERGY STORAGE,ENERGY STORAGE,0,50
2022-07-14T20:00:00Z,GAS,COGENERATION,3514.9884603238766,5189
2022-07-14T20:00:00Z,GAS,COMBINED CYCLE,1496.0453296931585,1810
2022-07-14T20:00:00Z,GAS,GAS FIRED STEAM,1479.9015623325772,2599
2022-07-14T20:00:00Z,GAS,SIMPLE CYCLE,683.3119770796101,1230
2022-07-14T20:00:00Z,HYDRO,HYDRO,530.1266479599476,894
2022-07-14T20:00:00Z,OTHER,BIOMASS,101.02502413961622,154
2022-07-14T20:00:00Z,OTHER,GAS,0,10
2022-07-14T20:00:00Z,OTHER,GAS COGEN,0,58
2022-07-14T20:00:00Z,OTHER,OIL/GAS,44.28364867104425,53
2022-07-14T20:00:00Z,OTHER,WOOD/REFUSE,92.01888015323216,149
2022-07-14T20:00:00Z,SOLAR,SOLAR,681.7911537334654,977
2022-07-14T20:00:00Z,WIND,WIND,279.1439906167156,2269
2022-07-14T21:00:00Z,COAL,COAL,1257.685565355089,1266
2022-07-14T21:00:00Z,ENERGY STORAGE,ENERGY STORAGE,0,50
2022-07-14T21:00:00Z,GAS,COGENERATION,3569.178098956214,5189
2022-07-14T21:00:00Z,GAS,COMBINED CYCLE,1513.7851236836116,1810
2022-07-14T21:00:00Z,GAS,GAS FIRED STEAM,1413.8386403952704,2599
2022-07-14T21:00:00Z,GAS,SIMPLE CYCLE,804.9343319702149,1230
2022-07-14T21:00:00Z,HYDRO,HYDRO,452.1513303263154,894
2022-07-14T21:00:00Z,OTHER,BIOMASS,104.14232324494256,154
2022-07-14T21:00:00Z,OTHER,GAS,0,10
2022-07-14T21:00:00Z,OTHER,GAS COGEN,0,58
2022-07-14T21:00:00Z,OTHER,OIL/GAS,44.364831606547035,53
2022-07-14T21:00:00Z,OTHER,WOOD/REFUSE,94.65420773612128,149
2022-07-14T21:00:00Z,SOLAR,SOLAR,684.4432669088576,977
2022-07-14T21:00:00Z,WIND,WIND,296.65600555509326,2269
2022-07-14T22:00:00Z,COAL,COAL,1257.882521226671,1266
2022-07-14T22:00:00Z,ENERGY STORAGE,ENERGY STORAGE,0,50
2022-07-14T22:00:00Z,GAS,COGENERATION,3569.2343378225964,5189
2022-07-14T22:00:00Z,GAS,COMBINED CYCLE,1541.164715358946,1810
2022-07-14T22:00:00Z,GAS,GAS FIRED STEAM,1299.690139810774,2599
2022-07-14T22:00:00Z,GAS,SIMPLE CYCLE,835.4666166283687,1230
2022-07-14T22:00:00Z,HYDRO,HYDRO,433.8999514495002,894
2022-07-14T22:00:00Z,OTHER,BIOMASS,103.26649178822835,154
2022-07-14T22:00:00Z,OTHER,GAS,0,10
2022-07-14T22:00:00Z,OTHER,GAS COGEN,0,58
2022-07-14T22:00:00Z,OTHER,OIL/GAS,44.48288281122843,53
2022-07-14T22:00:00Z,OTHER,WOOD/REFUSE,94.3977253373464,149
2022-07-14T22:00:00Z,SOLAR,SOLAR,665.7521586073769,977
2022-07-14T22:00:00Z,WIND,WIND,294.77484038611254,2269
2022-07-14T23:00:00Z,COAL,COAL,1257.2024153815375,1266
2022-07-14T23:00:00Z,ENERGY STORAGE,ENERGY STORAGE,0,50
2022-07-14T23:00:00Z,GAS,COGENERATION,3585.9761697640683,5189
2022-07-14T23:00:00Z,GAS,COMBINED CYCLE,1557.5768921963374,1810
2022-07-14T23:00:00Z,GAS,GAS FIRED STEAM,1308.8550169393752,2599
2022-07-14T23:00:00Z,GAS,SIMPLE CYCLE,862.6209857297937,1230
2022-07-14T23:00:00Z,HYDRO,HYDRO,468.13659473247,894
2022-07-14T23:00:00Z,OTHER,BIOMASS,109.21486645009783,154
2022-07-14T23:00:00Z,OTHER,GAS,0,10
2022-07-14T23:00:00Z,OTHER,GAS COGEN,0,58
2022-07-14T23:00:00Z,OTHER,OIL/GAS,44.876943011813694,53
2022-07-14T23:00:00Z,OTHER,WOOD/REFUSE,95.17021615399256,149
2022-07-14T23:00:00Z,SOLAR,SOLAR,603.018104080889,977
2022-07-14T23:00:00Z,WIND,WIND,269.62099848306843,2269
2022-07-15T00:00:00Z,COAL,COAL,1255.8161939663357,1266
2022-07-15T00:00:00Z,ENERGY STORAGE,ENERGY STORAGE,0,50
2022-07-15T00:00:00Z,GAS,COGENERATION,3567.4744051029948,5189
2022-07-15T00:00:00Z,GAS,COMBINED CYCLE,1556.7387809144127,1810
2022-07-15T00:00:00Z,GAS,GAS FIRED STEAM,1275.7112434556748,2599
2022-07-15T00:00:00Z,GAS,SIMPLE CYCLE,870.6909065374732,1230
2022-07-15T00:00:00Z,HYDRO,HYDRO,442.47356280618243,894
2022-07-15T00:00:00Z,OTHER,BIOMASS,108.45733972708385,154
2022-07-15T00:00:00Z,OTHER,GAS,0,10
2022-07-15T00:00:00Z,OTHER,GAS COGEN,0,58
2022-07-15T00:00:00Z,OTHER,OIL/GAS,44.54938243865967,53
2022-07-15T00:00:00Z,OTHER,WOOD/REFUSE,94.80842971695795,149
2022-07-15T00:00:00Z,SOLAR,SOLAR,523.2898814702033,977
2022-07-15T00:00:00Z,WIND,WIND,257.0120410704116,2269
2022-07-15T01:00:00Z,COAL,COAL,1254.6705997043186,1266
2022-07-15T01:00:00Z,ENERGY STORAGE,ENERGY STORAGE,-0.00805558628506129,50
2022-07-15T01:00:00Z,GAS,COGENERATION,3593.1107175311777,5189
2022-07-15T01:00:00Z,GAS,COMBINED CYCLE,1556.4044219642215,1810
2022-07-15T01:00:00Z,GAS,GAS FIRED STEAM,1311.2909506246779,2599
2022-07-15T01:00:00Z,GAS,SIMPLE CYCLE,871.5693570246299,1230
2022-07-15T01:00:00Z,HYDRO,HYDRO,454.55959863026936,894
2022-07-15T01:00:00Z,OTHER,BIOMASS,108.25223892052968,154
2022-07-15T01:00:00Z,OTHER,GAS,0,10
2022-07-15T01:00:00Z,OTHER,GAS COGEN,0,58
2022-07-15T01:00:00Z,OTHER,OIL/GAS,44.845853875478106,53
2022-07-15T01:00:00Z,OTHER,WOOD/REFUSE,94.6702131928338,149
2022-07-15T01:00:00Z,SOLAR,SOLAR,333.4773276486662,977
2022-07-15T01:00:00Z,WIND,WIND,214.7467803001735,2269
2022-07-15T02:00:00Z,COAL,COAL,1255.5055826822918,1266
2022-07-15T02:00:00Z,ENERGY STORAGE,ENERGY STORAGE,0,50
2022-07-15T02:00:00Z,GAS,COGENERATION,3610.760850897365,5189
2022-07-15T02:00:00Z,GAS,COMBINED CYCLE,1556.6262564145193,1810
2022-07-15T02:00:00Z,GAS,GAS FIRED STEAM,1427.0961168840195,2599
2022-07-15T02:00:00Z,GAS,SIMPLE CYCLE,792.2348673003249,1230
2022-07-15T02:00:00Z,HYDRO,HYDRO,482.0782379799419,894
2022-07-15T02:00:00Z,OTHER,BIOMASS,105.45928657796648,154
2022-07-15T02:00:00Z,OTHER,GAS,0,10
2022-07-15T02:00:00Z,OTHER,GAS COGEN,0,58
2022-07-15T02:00:00Z,OTHER,OIL/GAS,44.95093147277832,53
2022-07-15T02:00:00Z,OTHER,WOOD/REFUSE,96.7348605691062,149
2022-07-15T02:00:00Z,SOLAR,SOLAR,107.07644205126498,977
2022-07-15T02:00:00Z,WIND,WIND,227.53263145361097,2269
2022-07-15T03:00:00Z,COAL,COAL,1256.9491346740724,1266
2022-07-15T03:00:00Z,ENERGY STORAGE,ENERGY STORAGE,0,50
2022-07-15T03:00:00Z,GAS,COGENERATION,3625.7642876296572,5189
2022-07-15T03:00:00Z,GAS,COMBINED CYCLE,1538.9076638158162,1810
2022-07-15T03:00:00Z,GAS,GAS FIRED STEAM,1374.7280808660719,2599
2022-07-15T03:00:00Z,GAS,SIMPLE CYCLE,747.496709932064,1230
2022-07-15T03:00:00Z,HYDRO,HYDRO,400.73354557726117,894
2022-07-15T03:00:00Z,OTHER,BIOMASS,106.77885055436029,154
2022-07-15T03:00:00Z,OTHER,GAS,0,10
2022-07-15T03:00:00Z,OTHER,GAS COGEN,0,58
2022-07-15T03:00:00Z,OTHER,OIL/GAS,44.93749819437663,53
2022-07-15T03:00:00Z,OTHER,WOOD/REFUSE,97.1358797899882,149
2022-07-15T03:00:00Z,SOLAR,SOLAR,3.7533332559549146,977
2022-07-15T03:00:00Z,WIND,WIND,269.17882628674306,2269
2022-07-15T04:00:00Z,COAL,COAL,1255.2316762627495,1266
2022-07-15T04:00:00Z,ENERGY STORAGE,ENERGY STORAGE,0,50
2022-07-15T04:00:00Z,GAS,COGENERATION,3655.633555437194,5189
2022-07-15T04:00:00Z,GAS,COMBINED CYCLE,1532.2397991318173,1810
2022-07-15T04:00:00Z,GAS,GAS FIRED STEAM,1206.1608844778273,2599
2022-07-15T04:00:00Z,GAS,SIMPLE CYCLE,630.4150997081565,1230
2022-07-15T04:00:00Z,HYDRO,HYDRO,418.34087673028307,894
2022-07-15T04:00:00Z,OTHER,BIOMASS,104.08247725168864,154
2022-07-15T04:00:00Z,OTHER,GAS,0,10
2022-07-15T04:00:00Z,OTHER,GAS COGEN,0,58
2022-07-15T04:00:00Z,OTHER,OIL/GAS,44.909530855814616,53
2022-07-15T04:00:00Z,OTHER,WOOD/REFUSE,96.611097135014,149
2022-07-15T04:00:00Z,SOLAR,SOLAR,0,977
2022-07-15T04:00:00Z,WIND,WIND,433.91963276875106,2269
2022-07-15T05:00:00Z,COAL,COAL,1256.4205291578505,1266
2022-07-15T05:00:00Z,ENERGY STORAGE,ENERGY STORAGE,0,50
2022-07-15T05:00:00Z,GAS,COGENERATION,3623.870495969587,5189
2022-07-15T05:00:00Z,GAS,COMBINED CYCLE,1461.7566973421308,1810
2022-07-15T05:00:00Z,GAS,GAS FIRED STEAM,1077.198639916314,2599
2022-07-15T05:00:00Z,GAS,SIMPLE CYCLE,441.6806044064959,1230
2022-07-15T05:00:00Z,HYDRO,HYDRO,458.58258935226337,894
2022-07-15T05:00:00Z,OTHER,BIOMASS,102.20285212145912,154
2022-07-15T05:00:00Z,OTHER,GAS,0,10
2022-07-15T05:00:00Z,OTHER,GAS COGEN,0,58
2022-07-15T05:00:00Z,OTHER,OIL/GAS,45.228165011935765,53
2022-07-15T05:00:00Z,OTHER,WOOD/REFUSE,90.3056351269616,149
2022-07-15T05:00:00Z,SOLAR,SOLAR,0,977
2022-07-15T05:00:00Z,WIND,WIND,599.7453287875983,2269
2022-07-15T06:00:00Z,COAL,COAL,1255.539862891303,1266
2022-07-15T06:00:00Z,ENERGY STORAGE,ENERGY STORAGE,0,50
2022-07-15T06:00:00Z,GAS,COGENERATION,3617.5329986294773,5189
2022-07-15T06:00:00Z,GAS,COMBINED CYCLE,1397.7664982626172,1810
2022-07-15T06:00:00Z,GAS,GAS FIRED STEAM,1129.9028205532497,2599
2022-07-15T06:00:00Z,GAS,SIMPLE CYCLE,336.0572848234574,1230
2022-07-15T06:00:00Z,HYDRO,HYDRO,288.6155304531091,894
2022-07-15T06:00:00Z,OTHER,BIOMASS,100.48894519382053,154
2022-07-15T06:00:00Z,OTHER,GAS,0,10
2022-07-15T06:00:00Z,OTHER,GAS COGEN,0,58
2022-07-15T06:00:00Z,OTHER,OIL/GAS,44.81679926554362,53
2022-07-15T06:00:00Z,OTHER,WOOD/REFUSE,88.07486363410949,149
2022-07-15T06:00:00Z,SOLAR,SOLAR,0,977
2022-07-15T06:00:00Z,WIND,WIND,584.1811024957564,2269
2022-07-15T07:00:00Z,COAL,COAL,1255.6425816853841,1266
2022-07-15T07:00:00Z,ENERGY STORAGE,ENERGY STORAGE,-1.3614997874365913,50
2022-07-15T07:00:00Z,GAS,COGENERATION,3627.4102235221862,5189
2022-07-15T07:00:00Z,GAS,COMBINED CYCLE,1342.1365715614954,1810
2022-07-15T07:00:00Z,GAS,GAS FIRED STEAM,1135.7270412667592,2599
2022-07-15T07:00:00Z,GAS,SIMPLE CYCLE,255.84884066005546,1230
2022-07-15T07:00:00Z,HYDRO,HYDRO,300.28905285384917,894
2022-07-15T07:00:00Z,OTHER,BIOMASS,102.87909042146471,154
2022-07-15T07:00:00Z,OTHER,GAS,0,10
2022-07-15T07:00:00Z,OTHER,GAS COGEN,0,58
2022-07-15T07:00:00Z,OTHER,OIL/GAS,44.45038772583008,53
2022-07-15T07:00:00Z,OTHER,WOOD/REFUSE,86.8629592821333,149
2022-07-15T07:00:00Z,SOLAR,SOLAR,0,977
2022-07-15T07:00:00Z,WIND,WIND,434.3276468040546,2269
2022-07-15T08:00:00Z,COAL,COAL,1257.010854441325,1266
2022-07-15T08:00:00Z,ENERGY STORAGE,ENERGY STORAGE,-3.5146105527877807,50
2022-07-15T08:00:00Z,GAS,COGENERATION,3629.686623564429,5189
2022-07-15T08:00:00Z,GAS,COMBINED CYCLE,1332.3370960876678,1810
2022-07-15T08:00:00Z,GAS,GAS FIRED STEAM,1274.9638328403896,2599
2022-07-15T08:00:00Z,GAS,SIMPLE CYCLE,317.2607427438432,1230
2022-07-15T08:00:00Z,HYDRO,HYDRO,277.5505287001696,894
2022-07-15T08:00:00Z,OTHER,BIOMASS,99.92466248194377,154
2022-07-15T08:00:00Z,OTHER,GAS,0,10
2022-07-15T08:00:00Z,OTHER,GAS COGEN,0,58
2022-07-15T08:00:00Z,OTHER,OIL/GAS,44.35925496631199,53
2022-07-15T08:00:00Z,OTHER,WOOD/REFUSE,87.48741194460126,149
2022-07-15T08:00:00Z,SOLAR,SOLAR,0,977
2022-07-15T08:00:00Z,WIND,WIND,373.97146909356115,2269
2022-07-15T09:00:00Z,COAL,COAL,1253.9403492397732,1266
2022-07-15T09:00:00Z,ENERGY STORAGE,ENERGY STORAGE,-1.897944055133396,50
2022-07-15T09:00:00Z,GAS,COGENERATION,3689.4902550235724,5189
2022-07-15T09:00:00Z,GAS,COMBINED CYCLE,1328.7432912927204,1810
2022-07-15T09:00:00Z,GAS,GAS FIRED STEAM,1203.4241043599447,2599
2022-07-15T09:00:00Z,GAS,SIMPLE CYCLE,274.47421635015144,1230
2022-07-15T09:00:00Z,HYDRO,HYDRO,268.4176588536964,894
2022-07-15T09:00:00Z,OTHER,BIOMASS,101.9425416941113,154
2022-07-15T09:00:00Z,OTHER,GAS,0,10
2022-07-15T09:00:00Z,OTHER,GAS COGEN,0,58
2022-07-15T09:00:00Z,OTHER,OIL/GAS,44.9031221432156,53
2022-07-15T09:00:00Z,OTHER,WOOD/REFUSE,87.81728197627596,149
2022-07-15T09:00:00Z,SOLAR,SOLAR,0,977
2022-07-15T09:00:00Z,WIND,WIND,344.63418544636835,2269
2022-07-15T10:00:00Z,COAL,COAL,1254.8654178365073,1266
2022-07-15T10:00:00Z,ENERGY STORAGE,ENERGY STORAGE,-0.9591665087805854,50
2022-07-15T10:00:00Z,GAS,COGENERATION,3721.557916724218,5189
2022-07-15T10:00:00Z,GAS,COMBINED CYCLE,1330.5551304128435,1810
2022-07-15T10:00:00Z,GAS,GAS FIRED STEAM,1152.9879727851019,2599
2022-07-15T10:00:00Z,GAS,SIMPLE CYCLE,254.41200788762833,1230
2022-07-15T10:00:00Z,HYDRO,HYDRO,288.88574393327036,894
2022-07-15T10:00:00Z,OTHER,BIOMASS,99.49750159634483,154
2022-07-15T10:00:00Z,OTHER,GAS,0,10
2022-07-15T10:00:00Z,OTHER,GAS COGEN,0,58
2022-07-15T10:00:00Z,OTHER,OIL/GAS,45.130592589908176,53
2022-07-15T10:00:00Z,OTHER,WOOD/REFUSE,88.18870042535994,149
2022-07-15T10:00:00Z,SOLAR,SOLAR,0,977
2022-07-15T10:00:00Z,WIND,WIND,359.4975904976659,2269
2022-07-15T11:00:00Z,COAL,COAL,1256.4588145955404,1266
2022-07-15T11:00:00Z,ENERGY STORAGE,ENERGY STORAGE,-0.1318888897365994,50
2022-07-15T11:00:00Z,GAS,COGENERATION,3738.156593773365,5189
2022-07-15T11:00:00Z,GAS,COMBINED CYCLE,1296.1229407193925,1810
2022-07-15T11:00:00Z,GAS,GAS FIRED STEAM,1021.8044043837654,2599
2022-07-15T11:00:00Z,GAS,SIMPLE CYCLE,292.67681073490115,1230
2022-07-15T11:00:00Z,HYDRO,HYDRO,279.9686220600704,894
2022-07-15T11:00:00Z,OTHER,BIOMASS,99.58069102247556,154
2022-07-15T11:00:00Z,OTHER,GAS,0,10
2022-07-15T11:00:00Z,OTHER,GAS COGEN,0,58
2022-07-15T11:00:00Z,OTHER,OIL/GAS,44.23111614227295,53
2022-07-15T11:00:00Z,OTHER,WOOD/REFUSE,86.81012013276418,149
2022-07-15T11:00:00Z,SOLAR,SOLAR,0.5417777647243606,977
2022-07-15T11:00:00Z,WIND,WIND,348.36590017499196,2269
2022-07-15T12:00:00Z,COAL,COAL,1255.2073001268175,1266
2022-07-15T12:00:00Z,ENERGY STORAGE,ENERGY STORAGE,0,50
2022-07-15T12:00:00Z,GAS,COGENERATION,3727.5405732338627,5189
2022-07-15T12:00:00Z,GAS,COMBINED CYCLE,1302.5743629026413,1810
2022-07-15T12:00:00Z,GAS,GAS FIRED STEAM,975.4921826839446,2599
2022-07-15T12:00:00Z,GAS,SIMPLE CYCLE,314.683674872352,1230
2022-07-15T12:00:00Z,HYDRO,HYDRO,290.9225673059622,894
2022-07-15T12:00:00Z,OTHER,BIOMASS,102.24785019450718,154
2022-07-15T12:00:00Z,OTHER,GAS,0,10
2022-07-15T12:00:00Z,OTHER,GAS COGEN,0,58
2022-07-15T12:00:00Z,OTHER,OIL/GAS,44.21469336191813,53
2022-07-15T12:00:00Z,OTHER,WOOD/REFUSE,85.01793091932933,149
2022-07-15T12:00:00Z,SOLAR,SOLAR,79.1367205215825,977
2022-07-15T12:00:00Z,WIND,WIND,316.0519189007249,2269
2022-07-15T13:00:00Z,COAL,COAL,1255.8911841328938,1266
2022-07-15T13:00:00Z,ENERGY STORAGE,ENERGY STORAGE,0,50
2022-07-15T13:00:00Z,GAS,COGENERATION,3679.6258312278324,5189
2022-07-15T13:00:00Z,GAS,COMBINED CYCLE,1373.0436186159982,1810
2022-07-15T13:00:00Z,GAS,GAS FIRED STEAM,970.1223419274224,2599
2022-07-15T13:00:00Z,GAS,SIMPLE CYCLE,391.6510556333595,1230
2022-07-15T13:00:00Z,HYDRO,HYDRO,378.2423044682543,894
2022-07-15T13:00:00Z,OTHER,BIOMASS,101.58037503348456,154
2022-07-15T13:00:00Z,OTHER,GAS,0,10
2022-07-15T13:00:00Z,OTHER,GAS COGEN,0,58
2022-07-15T13:00:00Z,OTHER,OIL/GAS,44.32217676374648,53
2022-07-15T13:00:00Z,OTHER,WOOD/REFUSE,82.4277990245819,149
2022-07-15T13:00:00Z,SOLAR,SOLAR,315.167605354223,977
2022-07-15T13:00:00Z,WIND,WIND,292.2805731663273,2269
2022-07-15T14:00:00Z,COAL,COAL,1252.6618636915418,1266
2022-07-15T14:00:00Z,ENERGY STORAGE,ENERGY STORAGE,0,50
2022-07-15T14:00:00Z,GAS,COGENERATION,3671.2762643246683,5189
2022-07-15T14:00:00Z,GAS,COMBINED CYCLE,1398.3936960071987,1810
2022-07-15T14:00:00Z,GAS,GAS FIRED STEAM,1068.0749811320834,2599
2022-07-15T14:00:00Z,GAS,SIMPLE CYCLE,548.7117221241858,1230
2022-07-15T14:00:00Z,HYDRO,HYDRO,363.9353324247731,894
2022-07-15T14:00:00Z,OTHER,BIOMASS,102.75097737789154,154
2022-07-15T14:00:00Z,OTHER,GAS,0,10
2022-07-15T14:00:00Z,OTHER,GAS COGEN,0,58
2022-07-15T14:00:00Z,OTHER,OIL/GAS,44.36712629530165,53
2022-07-15T14:00:00Z,OTHER,WOOD/REFUSE,84.91276898701986,149
2022-07-15T14:00:00Z,SOLAR,SOLAR,510.3174895680613,977
2022-07-15T14:00:00Z,WIND,WIND,182.68019674001468,2269
2022-07-15T15:00:00Z,COAL,COAL,1255.9565360344782,1266
2022-07-15T15:00:00Z,ENERGY STORAGE,ENERGY STORAGE,0,50
2022-07-15T15:00:00Z,GAS,COGENERATION,3627.5122065078217,5189
2022-07-15T15:00:00Z,GAS,COMBINED CYCLE,1475.5960032464398,1810
2022-07-15T15:00:00Z,GAS,GAS FIRED STEAM,1225.019470814599,2599
2022-07-15T15:00:00Z,GAS,SIMPLE CYCLE,603.5307885746037,1230
2022-07-15T15:00:00Z,HYDRO,HYDRO,413.1751241641574,894
2022-07-15T15:00:00Z,OTHER,BIOMASS,105.61787353992462,154
2022-07-15T15:00:00Z,OTHER,GAS,0,10
2022-07-15T15:00:00Z,OTHER,GAS COGEN,0,58
2022-07-15T15:00:00Z,OTHER,OIL/GAS,44.55305372450087,53
2022-07-15T15:00:00Z,OTHER,WOOD/REFUSE,88.77381404558817,149
2022-07-15T15:00:00Z,SOLAR,SOLAR,596.6133800516526,977
2022-07-15T15:00:00Z,WIND,WIND,84.49003755617473,2269
2022-07-15T16:00:00Z,COAL,COAL,1256.4057396443684,1266
2022-07-15T16:00:00Z,ENERGY STORAGE,ENERGY STORAGE,0,50
2022-07-15T16:00:00Z,GAS,COGENERATION,3592.4439850700564,5189
2022-07-15T16:00:00Z,GAS,COMBINED CYCLE,1524.8404261779785,1810
2022-07-15T16:00:00Z,GAS,GAS FIRED STEAM,1341.6413826666937,2599
2022-07-15T16:00:00Z,GAS,SIMPLE CYCLE,636.2222024634481,1230
2022-07-15T16:00:00Z,HYDRO,HYDRO,488.02166128233074,894
2022-07-15T16:00:00Z,OTHER,BIOMASS,106.7428391453955,154
2022-07-15T16:00:00Z,OTHER,GAS,0,10
2022-07-15T16:00:00Z,OTHER,GAS COGEN,0,58
2022-07-15T16:00:00Z,OTHER,OIL/GAS,44.972931734720866,53
2022-07-15T16:00:00Z,OTHER,WOOD/REFUSE,93.01758672290379,149
2022-07-15T16:00:00Z,SOLAR,SOLAR,663.2304903125763,977
2022-07-15T16:00:00Z,WIND,WIND,56.220090731146435,2269
2022-07-15T17:00:00Z,COAL,COAL,1254.820291595459,1266
2022-07-15T17:00:00Z,ENERGY STORAGE,ENERGY STORAGE,0,50
2022-07-15T17:00:00Z,GAS,COGENERATION,3568.0689504476554,5189
2022-07-15T17:00:00Z,GAS,COMBINED CYCLE,1544.8086929241817,1810
2022-07-15T17:00:00Z,GAS,GAS FIRED STEAM,1395.3998314857483,2599
2022-07-15T17:00:00Z,GAS,SIMPLE CYCLE,746.5032485866382,1230
2022-07-15T17:00:00Z,HYDRO,HYDRO,565.4407497894764,894
2022-07-15T17:00:00Z,OTHER,BIOMASS,109.13917414453294,154
2022-07-15T17:00:00Z,OTHER,GAS,0,10
2022-07-15T17:00:00Z,OTHER,GAS COGEN,0,58
2022-07-15T17:00:00Z,OTHER,OIL/GAS,44.23654370413886,53
2022-07-15T17:00:00Z,OTHER,WOOD/REFUSE,97.01076791975234,149
2022-07-15T17:00:00Z,SOLAR,SOLAR,686.3738802549574,977
2022-07-15T17:00:00Z,WIND,WIND,30.42862639511625,2269
2022-07-15T18:00:00Z,COAL,COAL,1254.7044106207954,1266
2022-07-15T18:00:00Z,ENERGY STORAGE,ENERGY STORAGE,0,50
2022-07-15T18:00:00Z,GAS,COGENERATION,3535.2235985856587,5189
2022-07-15T18:00:00Z,GAS,COMBINED CYCLE,1550.5938170623779,1810
2022-07-15T18:00:00Z,GAS,GAS FIRED STEAM,1477.640090329912,2599
2022-07-15T18:00:00Z,GAS,SIMPLE CYCLE,849.1010904214282,1230
2022-07-15T18:00:00Z,HYDRO,HYDRO,485.1548941657278,894
2022-07-15T18:00:00Z,OTHER,BIOMASS,111.0581093841129,154
2022-07-15T18:00:00Z,OTHER,GAS,0,10
2022-07-15T18:00:00Z,OTHER,GAS COGEN,0,58
2022-07-15T18:00:00Z,OTHER,OIL/GAS,43.57130470275879,53
2022-07-15T18:00:00Z,OTHER,WOOD/REFUSE,97.04496229701572,149
2022-07-15T18:00:00Z,SOLAR,SOLAR,669.5973803583781,977
2022-07-15T18:00:00Z,WIND,WIND,19.210919248039524,2269
2022-07-15T19:00:00Z,COAL,COAL,1253.5550783962672,1266
2022-07-15T19:00:00Z,ENERGY STORAGE,ENERGY STORAGE,0,50
2022-07-15T19:00:00Z,GAS,COGENERATION,3538.9721804949972,5189
2022-07-15T19:00:00Z,GAS,COMBINED CYCLE,1558.6707174836265,1810
2022-07-15T19:00:00Z,GAS,GAS FIRED STEAM,1518.1943188794453,2599
2022-07-15T19:00:00Z,GAS,SIMPLE CYCLE,861.1421219657527,1230
2022-07-15T19:00:00Z,HYDRO,HYDRO,500.2100547427601,894
2022-07-15T19:00:00Z,OTHER,BIOMASS,112.24844551139408,154
2022-07-15T19:00:00Z,OTHER,GAS,0,10
2022-07-15T19:00:00Z,OTHER,GAS COGEN,0,58
2022-07-15T19:00:00Z,OTHER,OIL/GAS,43.43419386545817,53
2022-07-15T19:00:00Z,OTHER,WOOD/REFUSE,97.49902762307062,149
2022-07-15T19:00:00Z,SOLAR,SOLAR,634.047876915137,977
2022-07-15T19:00:00Z,WIND,WIND,49.91671919272178,2269
2022-07-15T20:00:00Z,COAL,COAL,1251.6197393459743,1266
2022-07-15T20:00:00Z,ENERGY STORAGE,ENERGY STORAGE,0,50
2022-07-15T20:00:00Z,GAS,COGENERATION,3486.2528352751997,5189
2022-07-15T20:00:00Z,GAS,COMBINED CYCLE,1505.60230656147,1810
2022-07-15T20:00:00Z,GAS,GAS FIRED STEAM,1343.0405655415852,2599
2022-07-15T20:00:00Z,GAS,SIMPLE CYCLE,829.1749600278007,1230
2022-07-15T20:00:00Z,HYDRO,HYDRO,460.0068736481832,894
2022-07-15T20:00:00Z,OTHER,BIOMASS,110.70483443684049,154
2022-07-15T20:00:00Z,OTHER,GAS,0,10
2022-07-15T20:00:00Z,OTHER,GAS COGEN,0,58
2022-07-15T20:00:00Z,OTHER,OIL/GAS,43.371070560879176,53
2022-07-15T20:00:00Z,OTHER,WOOD/REFUSE,95.62535381158192,149
2022-07-15T20:00:00Z,SOLAR,SOLAR,626.2014881388346,977
2022-07-15T20:00:00Z,WIND,WIND,513.3332979901508,2269
2022-07-15T21:00:00Z,COAL,COAL,1253.4493615892197,1266
2022-07-15T21:00:00Z,ENERGY STORAGE,ENERGY STORAGE,0,50
2022-07-15T21:00:00Z,GAS,COGENERATION,3466.7480688198407,5189
2022-07-15T21:00:00Z,GAS,COMBINED CYCLE,1527.6764885722266,1810
2022-07-15T21:00:00Z,GAS,GAS FIRED STEAM,1411.9842978625827,2599
2022-07-15T21:00:00Z,GAS,SIMPLE CYCLE,830.6454155258668,1230
2022-07-15T21:00:00Z,HYDRO,HYDRO,421.9960338319838,894
2022-07-15T21:00:00Z,OTHER,BIOMASS,110.29107932991452,154
2022-07-15T21:00:00Z,OTHER,GAS,0,10
2022-07-15T21:00:00Z,OTHER,GAS COGEN,0,58
2022-07-15T21:00:00Z,OTHER,OIL/GAS,42.6461315981547,53
2022-07-15T21:00:00Z,OTHER,WOOD/REFUSE,94.77545585473378,149
2022-07-15T21:00:00Z,SOLAR,SOLAR,608.1713228089279,977
2022-07-15T21:00:00Z,WIND,WIND,621.0588023821265,2269
2022-07-15T22:00:00Z,COAL,COAL,1253.7968428548177,1266
2022-07-15T22:00:00Z,ENERGY STORAGE,ENERGY STORAGE,0,50
2022-07-15T22:00:00Z,GAS,COGENERATION,3449.8963175902104,5189
2022-07-15T22:00:00Z,GAS,COMBINED CYCLE,1471.397175678677,1810
2022-07-15T22:00:00Z,GAS,GAS FIRED STEAM,1234.242878651089,2599
2022-07-15T22:00:00Z,GAS,SIMPLE CYCLE,817.2284927278095,1230
2022-07-15T22:00:00Z,HYDRO,HYDRO,423.5562962221437,894
2022-07-15T22:00:00Z,OTHER,BIOMASS,107.08194740772248,154
2022-07-15T22:00:00Z,OTHER,GAS,0,10
2022-07-15T22:00:00Z,OTHER,GAS COGEN,0,58
2022-07-15T22:00:00Z,OTHER,OIL/GAS,41.94671596315172,53
2022-07-15T22:00:00Z,OTHER,WOOD/REFUSE,93.91403521961637,149
2022-07-15T22:00:00Z,SOLAR,SOLAR,553.6341560580664,977
2022-07-15T22:00:00Z,WIND,WIND,1048.1283994949774,2269
2022-07-15T23:00:00Z,COAL,COAL,1252.413125067817,1266
2022-07-15T23:00:00Z,ENERGY STORAGE,ENERGY STORAGE,0,50
2022-07-15T23:00:00Z,GAS,COGENERATION,3473.6520866770215,5189
2022-07-15T23:00:00Z,GAS,COMBINED CYCLE,1510.0327193933063,1810
2022-07-15T23:00:00Z,GAS,GAS FIRED STEAM,1268.6070877626207,2599
2022-07-15T23:00:00Z,GAS,SIMPLE CYCLE,830.7667991324266,1230
2022-07-15T23:00:00Z,HYDRO,HYDRO,470.04519981026647,894
2022-07-15T23:00:00Z,OTHER,BIOMASS,110.45135449197556,154
2022-07-15T23:00:00Z,OTHER,GAS,0,10
2022-07-15T23:00:00Z,OTHER,GAS COGEN,0,58
2022-07-15T23:00:00Z,OTHER,OIL/GAS,42.335543700324166,53
2022-07-15T23:00:00Z,OTHER,WOOD/REFUSE,93.82824822001987,149
2022-07-15T23:00:00Z,SOLAR,SOLAR,465.02471506357193,977
2022-07-15T23:00:00Z,WIND,WIND,829.3730202299025,2269
2022-07-16T00:00:00Z,COAL,COAL,1253.9371694776746,1266
2022-07-16T00:00:00Z,ENERGY STORAGE,ENERGY STORAGE,0,50
2022-07-16T00:00:00Z,GAS,COGENERATION,3445.888331715796,5189
2022-07-16T00:00:00Z,GAS,COMBINED CYCLE,1503.0885047308604,1810
2022-07-16T00:00:00Z,GAS,GAS FIRED STEAM,1312.7259404585097,2599
2022-07-16T00:00:00Z,GAS,SIMPLE CYCLE,839.617208662298,1230
2022-07-16T00:00:00Z,HYDRO,HYDRO,428.28959546751446,894
2022-07-16T00:00:00Z,OTHER,BIOMASS,108.15353004614512,154
2022-07-16T00:00:00Z,OTHER,GAS,0,10
2022-07-16T00:00:00Z,OTHER,GAS COGEN,0,58
2022-07-16T00:00:00Z,OTHER,OIL/GAS,41.37277089436849,53
2022-07-16T00:00:00Z,OTHER,WOOD/REFUSE,94.44743929545083,149
2022-07-16T00:00:00Z,SOLAR,SOLAR,467.80215835140814,977
2022-07-16T00:00:00Z,WIND,WIND,676.3930438480221,2269
2022-07-16T01:00:00Z,COAL,COAL,1255.8793544514974,1266
2022-07-16T01:00:00Z,ENERGY STORAGE,ENERGY STORAGE,0,50
2022-07-16T01:00:00Z,GAS,COGENERATION,3447.649564297464,5189
2022-07-16T01:00:00Z,GAS,COMBINED CYCLE,1515.1988962374794,1810
2022-07-16T01:00:00Z,GAS,GAS FIRED STEAM,1212.4972689353094,2599
2022-07-16T01:00:00Z,GAS,SIMPLE CYCLE,831.8678376153442,1230
2022-07-16T01:00:00Z,HYDRO,HYDRO,434.75948426786397,894
2022-07-16T01:00:00Z,OTHER,BIOMASS,111.96028186003367,154
2022-07-16T01:00:00Z,OTHER,GAS,0,10
2022-07-16T01:00:00Z,OTHER,GAS COGEN,0,58
2022-07-16T01:00:00Z,OTHER,OIL/GAS,41.250754330952965,53
2022-07-16T01:00:00Z,OTHER,WOOD/REFUSE,96.18545366923014,149
2022-07-16T01:00:00Z,SOLAR,SOLAR,335.80477135512564,977
2022-07-16T01:00:00Z,WIND,WIND,941.2850536674923,2269
2022-07-16T02:00:00Z,COAL,COAL,1254.7109564378527,1266
2022-07-16T02:00:00Z,ENERGY STORAGE,ENERGY STORAGE,0,50
2022-07-16T02:00:00Z,GAS,COGENERATION,3486.1492218036124,5189
2022-07-16T02:00:00Z,GAS,COMBINED CYCLE,1535.4551012330585,1810
2022-07-16T02:00:00Z,GAS,GAS FIRED STEAM,1304.5412973043653,2599
2022-07-16T02:00:00Z,GAS,SIMPLE CYCLE,809.0803939076264,1230
2022-07-16T02:00:00Z,HYDRO,HYDRO,448.8473716493613,894
2022-07-16T02:00:00Z,OTHER,BIOMASS,111.93359501202902,154
2022-07-16T02:00:00Z,OTHER,GAS,0,10
2022-07-16T02:00:00Z,OTHER,GAS COGEN,0,58
2022-07-16T02:00:00Z,OTHER,OIL/GAS,42.12481529871623,53
2022-07-16T02:00:00Z,OTHER,WOOD/REFUSE,95.62263966984219,149
2022-07-16T02:00:00Z,SOLAR,SOLAR,105.02955346955194,977
2022-07-16T02:00:00Z,WIND,WIND,806.7576905594932,2269
2022-07-16T03:00:00Z,COAL,COAL,1255.7890185546876,1266
2022-07-16T03:00:00Z,ENERGY STORAGE,ENERGY STORAGE,0,50
2022-07-16T03:00:00Z,GAS,COGENERATION,3526.132202348974,5189
2022-07-16T03:00:00Z,GAS,COMBINED CYCLE,1545.8314769215053,1810
2022-07-16T03:00:00Z,GAS,GAS FIRED STEAM,1074.5721671464707,2599
2022-07-16T03:00:00Z,GAS,SIMPLE CYCLE,825.2279507821137,1230
2022-07-16T03:00:00Z,HYDRO,HYDRO,418.83042701173156,894
2022-07-16T03:00:00Z,OTHER,BIOMASS,111.38174159844718,154
2022-07-16T03:00:00Z,OTHER,GAS,0,10
2022-07-16T03:00:00Z,OTHER,GAS COGEN,0,58
2022-07-16T03:00:00Z,OTHER,OIL/GAS,42.94644972695245,53
2022-07-16T03:00:00Z,OTHER,WOOD/REFUSE,95.190601767434,149
2022-07-16T03:00:00Z,SOLAR,SOLAR,3.329499931724535,977
2022-07-16T03:00:00Z,WIND,WIND,828.1567549239761,2269
2022-07-16T04:00:00Z,COAL,COAL,1256.439687669542,1266
2022-07-16T04:00:00Z,ENERGY STORAGE,ENERGY STORAGE,0,50
2022-07-16T04:00:00Z,GAS,COGENERATION,3583.1483040148682,5189
2022-07-16T04:00:00Z,GAS,COMBINED CYCLE,1490.0473654301961,1810
2022-07-16T04:00:00Z,GAS,GAS FIRED STEAM,1009.3480439602005,2599
2022-07-16T04:00:00Z,GAS,SIMPLE CYCLE,610.4355422569315,1230
2022-07-16T04:00:00Z,HYDRO,HYDRO,424.66467463816207,894
2022-07-16T04:00:00Z,OTHER,BIOMASS,110.22711585256789,154
2022-07-16T04:00:00Z,OTHER,GAS,0,10
2022-07-16T04:00:00Z,OTHER,GAS COGEN,0,58
2022-07-16T04:00:00Z,OTHER,OIL/GAS,43.145998844570585,53
2022-07-16T04:00:00Z,OTHER,WOOD/REFUSE,93.41887635601891,149
2022-07-16T04:00:00Z,SOLAR,SOLAR,0,977
2022-07-16T04:00:00Z,WIND,WIND,941.214589499467,2269
2022-07-16T05:00:00Z,COAL,COAL,1255.3536328125,1266
2022-07-16T05:00:00Z,ENERGY STORAGE,ENERGY STORAGE,-0.4627221382988824,50
2022-07-16T05:00:00Z,GAS,COGENERATION,3592.7236780905723,5189
2022-07-16T05:00:00Z,GAS,COMBINED CYCLE,1384.6748466703627,1810
2022-07-16T05:00:00Z,GAS,GAS FIRED STEAM,886.2836015637715,2599
2022-07-16T05:00:00Z,GAS,SIMPLE CYCLE,430.2929977266656,1230
2022-07-16T05:00:00Z,HYDRO,HYDRO,287.94785162034964,894
2022-07-16T05:00:00Z,OTHER,BIOMASS,107.74780487590367,154
2022-07-16T05:00:00Z,OTHER,GAS,0,10
2022-07-16T05:00:00Z,OTHER,GAS COGEN,0,58
2022-07-16T05:00:00Z,OTHER,OIL/GAS,43.493693103790285,53
2022-07-16T05:00:00Z,OTHER,WOOD/REFUSE,86.79814686828189,149
2022-07-16T05:00:00Z,SOLAR,SOLAR,0,977
2022-07-16T05:00:00Z,WIND,WIND,1127.24037017035,2269
2022-07-16T06:00:00Z,COAL,COAL,1222.7611182996961,1266
2022-07-16T06:00:00Z,ENERGY STORAGE,ENERGY STORAGE,-0.9534998226165773,50
2022-07-16T06:00:00Z,GAS,COGENERATION,3545.6220149076976,5189
2022-07-16T06:00:00Z,GAS,COMBINED CYCLE,1289.6550256538392,1810
2022-07-16T06:00:00Z,GAS,GAS FIRED STEAM,760.8544359503852,2599
2022-07-16T06:00:00Z,GAS,SIMPLE CYCLE,275.79776389929987,1230
2022-07-16T06:00:00Z,HYDRO,HYDRO,278.86962444734246,894
2022-07-16T06:00:00Z,OTHER,BIOMASS,106.27812184280819,154
2022-07-16T06:00:00Z,OTHER,GAS,0,10
2022-07-16T06:00:00Z,OTHER,GAS COGEN,0,58
2022-07-16T06:00:00Z,OTHER,OIL/GAS,43.04757616043091,53
2022-07-16T06:00:00Z,OTHER,WOOD/REFUSE,81.57905930836996,149
2022-07-16T06:00:00Z,SOLAR,SOLAR,0,977
2022-07-16T06:00:00Z,WIND,WIND,1216.1121826533476,2269
2022-07-16T07:00:00Z,COAL,COAL,1095.0641245015463,1266
2022-07-16T07:00:00Z,ENERGY STORAGE,ENERGY STORAGE,-1.5617219723595515,50
2022-07-16T07:00:00Z,GAS,COGENERATION,3454.102643974291,5189
2022-07-16T07:00:00Z,GAS,COMBINED CYCLE,1257.9937456438277,1810
2022-07-16T07:00:00Z,GAS,GAS FIRED STEAM,714.9966479110718,2599
2022-07-16T07:00:00Z,GAS,SIMPLE CYCLE,181.6779203828838,1230
2022-07-16T07:00:00Z,HYDRO,HYDRO,279.02541169236105,894
2022-07-16T07:00:00Z,OTHER,BIOMASS,104.669568562905,154
2022-07-16T07:00:00Z,OTHER,GAS,0,10
2022-07-16T07:00:00Z,OTHER,GAS COGEN,0,58
2022-07-16T07:00:00Z,OTHER,OIL/GAS,43.322432108985055,53
2022-07-16T07:00:00Z,OTHER,WOOD/REFUSE,78.63076512177786,149
2022-07-16T07:00:00Z,SOLAR,SOLAR,0,977
2022-07-16T07:00:00Z,WIND,WIND,1349.6051361646255,2269
2022-07-16T08:00:00Z,COAL,COAL,1060.1296414354113,1266
2022-07-16T08:00:00Z,ENERGY STORAGE,ENERGY STORAGE,-1.4910000244776405,50
2022-07-16T08:00:00Z,GAS,COGENERATION,3409.0928283924527,5189
2022-07-16T08:00:00Z,GAS,COMBINED CYCLE,1211.8002545462714,1810
2022-07-16T08:00:00Z,GAS,GAS FIRED STEAM,719.4570654233297,2599
2022-07-16T08:00:00Z,GAS,SIMPLE CYCLE,117.69133322397866,1230
2022-07-16T08:00:00Z,HYDRO,HYDRO,294.6733850480451,894
2022-07-16T08:00:00Z,OTHER,BIOMASS,100.26085284325812,154
2022-07-16T08:00:00Z,OTHER,GAS,0,10
2022-07-16T08:00:00Z,OTHER,GAS COGEN,0,58
2022-07-16T08:00:00Z,OTHER,OIL/GAS,43.56878808339437,53
2022-07-16T08:00:00Z,OTHER,WOOD/REFUSE,79.99699439896477,149
2022-07-16T08:00:00Z,SOLAR,SOLAR,0,977
2022-07-16T08:00:00Z,WIND,WIND,1342.3981827031655,2269
2022-07-16T09:00:00Z,COAL,COAL,995.0627325439452,1266
2022-07-16T09:00:00Z,ENERGY STORAGE,ENERGY STORAGE,-0.20933364762200252,50
2022-07-16T09:00:00Z,GAS,COGENERATION,3410.268718244897,5189
2022-07-16T09:00:00Z,GAS,COMBINED CYCLE,1199.0475705448787,1810
2022-07-16T09:00:00Z,GAS,GAS FIRED STEAM,714.3188772540623,2599
2022-07-16T09:00:00Z,GAS,SIMPLE CYCLE,88.97072253227235,1230
2022-07-16T09:00:00Z,HYDRO,HYDRO,297.6960858643055,894
2022-07-16T09:00:00Z,OTHER,BIOMASS,102.43269763125313,154
2022-07-16T09:00:00Z,OTHER,GAS,0,10
2022-07-16T09:00:00Z,OTHER,GAS COGEN,0,58
2022-07-16T09:00:00Z,OTHER,OIL/GAS,42.89046643363105,53
2022-07-16T09:00:00Z,OTHER,WOOD/REFUSE,80.0232644255956,149
2022-07-16T09:00:00Z,SOLAR,SOLAR,0,977
2022-07-16T09:00:00Z,WIND,WIND,1301.7127507866091,2269
2022-07-16T10:00:00Z,COAL,COAL,1006.5985203891329,1266
2022-07-16T10:00:00Z,ENERGY STORAGE,ENERGY STORAGE,-0.1264999951256646,50
2022-07-16T10:00:00Z,GAS,COGENERATION,3436.6640385831065,5189
2022-07-16T10:00:00Z,GAS,COMBINED CYCLE,1221.8200834178924,1810
2022-07-16T10:00:00Z,GAS,GAS FIRED STEAM,714.4612841500176,2599
2022-07-16T10:00:00Z,GAS,SIMPLE CYCLE,160.88566891140408,1230
2022-07-16T10:00:00Z,HYDRO,HYDRO,279.27373052279154,894
2022-07-16T10:00:00Z,OTHER,BIOMASS,103.39400967756907,154
2022-07-16T10:00:00Z,OTHER,GAS,0,10
2022-07-16T10:00:00Z,OTHER,GAS COGEN,0,58
2022-07-16T10:00:00Z,OTHER,OIL/GAS,42.67544876522488,53
2022-07-16T10:00:00Z,OTHER,WOOD/REFUSE,79.38869556744893,149
2022-07-16T10:00:00Z,SOLAR,SOLAR,0,977
2022-07-16T10:00:00Z,WIND,WIND,1376.7680702400041,2269
2022-07-16T11:00:00Z,COAL,COAL,1060.6057348802356,1266
2022-07-16T11:00:00Z,ENERGY STORAGE,ENERGY STORAGE,-0.06627778053283691,50
2022-07-16T11:00:00Z,GAS,COGENERATION,3433.3986961622372,5189
2022-07-16T11:00:00Z,GAS,COMBINED CYCLE,1205.1304096937179,1810
2022-07-16T11:00:00Z,GAS,GAS FIRED STEAM,715.6369782469008,2599
2022-07-16T11:00:00Z,GAS,SIMPLE CYCLE,89.68671103785435,1230
2022-07-16T11:00:00Z,HYDRO,HYDRO,290.4192549056477,894
2022-07-16T11:00:00Z,OTHER,BIOMASS,103.18502814186944,154
2022-07-16T11:00:00Z,OTHER,GAS,0,10
2022-07-16T11:00:00Z,OTHER,GAS COGEN,0,58
2022-07-16T11:00:00Z,OTHER,OIL/GAS,43.220020334455704,53
2022-07-16T11:00:00Z,OTHER,WOOD/REFUSE,79.71377045790354,149
2022-07-16T11:00:00Z,SOLAR,SOLAR,0.3379444367024633,977
2022-07-16T11:00:00Z,WIND,WIND,1303.0740086549356,2269
2022-07-16T12:00:00Z,COAL,COAL,1033.9929583740234,1266
2022-07-16T12:00:00Z,ENERGY STORAGE,ENERGY STORAGE,-0.00394444465637207,50
2022-07-16T12:00:00Z,GAS,COGENERATION,3428.1884778954586,5189
2022-07-16T12:00:00Z,GAS,COMBINED CYCLE,1200.3657468864653,1810
2022-07-16T12:00:00Z,GAS,GAS FIRED STEAM,710.7434840520223,2599
2022-07-16T12:00:00Z,GAS,SIMPLE CYCLE,99.40322523272701,1230
2022-07-16T12:00:00Z,HYDRO,HYDRO,259.1700710626443,894
2022-07-16T12:00:00Z,OTHER,BIOMASS,104.07091913064322,154
2022-07-16T12:00:00Z,OTHER,GAS,0,10
2022-07-16T12:00:00Z,OTHER,GAS COGEN,0,58
2022-07-16T12:00:00Z,OTHER,OIL/GAS,42.94794326570299,53
2022-07-16T12:00:00Z,OTHER,WOOD/REFUSE,79.40480346361797,149
2022-07-16T12:00:00Z,SOLAR,SOLAR,71.65533173476656,977
2022-07-16T12:00:00Z,WIND,WIND,1226.127550793853,2269
2022-07-16T13:00:00Z,COAL,COAL,1027.8807457817925,1266
2022-07-16T13:00:00Z,ENERGY STORAGE,ENERGY STORAGE,0,50
2022-07-16T13:00:00Z,GAS,COGENERATION,3398.705385072761,5189
2022-07-16T13:00:00Z,GAS,COMBINED CYCLE,1194.4839785628849,1810
2022-07-16T13:00:00Z,GAS,GAS FIRED STEAM,769.9958729086982,2599
2022-07-16T13:00:00Z,GAS,SIMPLE CYCLE,153.6740006298489,1230
2022-07-16T13:00:00Z,HYDRO,HYDRO,349.47632908384,894
2022-07-16T13:00:00Z,OTHER,BIOMASS,105.45715847916073,154
2022-07-16T13:00:00Z,OTHER,GAS,0,10
2022-07-16T13:00:00Z,OTHER,GAS COGEN,0,58
2022-07-16T13:00:00Z,OTHER,OIL/GAS,43.322915954589845,53
2022-07-16T13:00:00Z,OTHER,WOOD/REFUSE,78.84717514514922,149
2022-07-16T13:00:00Z,SOLAR,SOLAR,295.3556056468023,977
2022-07-16T13:00:00Z,WIND,WIND,1132.135505067673,2269
2022-07-16T14:00:00Z,COAL,COAL,1155.0492445712619,1266
2022-07-16T14:00:00Z,ENERGY STORAGE,ENERGY STORAGE,-1.0628886784447564,50
2022-07-16T14:00:00Z,GAS,COGENERATION,3490.70018101924,5189
2022-07-16T14:00:00Z,GAS,COMBINED CYCLE,1324.5940808905495,1810
2022-07-16T14:00:00Z,GAS,GAS FIRED STEAM,791.6454986996121,2599
2022-07-16T14:00:00Z,GAS,SIMPLE CYCLE,204.90027344425516,1230
2022-07-16T14:00:00Z,HYDRO,HYDRO,435.44579126132857,894
2022-07-16T14:00:00Z,OTHER,BIOMASS,107.03392631371815,154
2022-07-16T14:00:00Z,OTHER,GAS,0,10
2022-07-16T14:00:00Z,OTHER,GAS COGEN,0,58
2022-07-16T14:00:00Z,OTHER,OIL/GAS,42.04593744277954,53
2022-07-16T14:00:00Z,OTHER,WOOD/REFUSE,79.56552831172942,149
2022-07-16T14:00:00Z,SOLAR,SOLAR,522.535323346191,977
2022-07-16T14:00:00Z,WIND,WIND,799.5777329316487,2269
2022-07-16T15:00:00Z,COAL,COAL,1255.9421817864313,1266
2022-07-16T15:00:00Z,ENERGY STORAGE,ENERGY STORAGE,-1.0724442693922256,50
2022-07-16T15:00:00Z,GAS,COGENERATION,3542.935174678597,5189
2022-07-16T15:00:00Z,GAS,COMBINED CYCLE,1384.4113454522028,1810
2022-07-16T15:00:00Z,GAS,GAS FIRED STEAM,852.7685762871637,2599
2022-07-16T15:00:00Z,GAS,SIMPLE CYCLE,263.57216173215045,1230
2022-07-16T15:00:00Z,HYDRO,HYDRO,410.9303441647688,894
2022-07-16T15:00:00Z,OTHER,BIOMASS,110.36177787409889,154
2022-07-16T15:00:00Z,OTHER,GAS,0,10
2022-07-16T15:00:00Z,OTHER,GAS COGEN,0,58
2022-07-16T15:00:00Z,OTHER,OIL/GAS,41.98717089123196,53
2022-07-16T15:00:00Z,OTHER,WOOD/REFUSE,79.98331204679278,149
2022-07-16T15:00:00Z,SOLAR,SOLAR,612.7647674565845,977
2022-07-16T15:00:00Z,WIND,WIND,776.8985860274566,2269
2022-07-16T16:00:00Z,COAL,COAL,1256.0894216071235,1266
2022-07-16T16:00:00Z,ENERGY STORAGE,ENERGY STORAGE,-1.0588335577646892,50
2022-07-16T16:00:00Z,GAS,COGENERATION,3573.1976672010787,5189
2022-07-16T16:00:00Z,GAS,COMBINED CYCLE,1391.469449672169,1810
2022-07-16T16:00:00Z,GAS,GAS FIRED STEAM,884.7952172978719,2599
2022-07-16T16:00:00Z,GAS,SIMPLE CYCLE,408.10758484082083,1230
2022-07-16T16:00:00Z,HYDRO,HYDRO,344.8887288669745,894
2022-07-16T16:00:00Z,OTHER,BIOMASS,110.03085475974613,154
2022-07-16T16:00:00Z,OTHER,GAS,0,10
2022-07-16T16:00:00Z,OTHER,GAS COGEN,0,58
2022-07-16T16:00:00Z,OTHER,OIL/GAS,41.6950986565484,53
2022-07-16T16:00:00Z,OTHER,WOOD/REFUSE,84.20277004771762,149
2022-07-16T16:00:00Z,SOLAR,SOLAR,672.529877860811,977
2022-07-16T16:00:00Z,WIND,WIND,971.0338601584732,2269
2022-07-16T17:00:00Z,COAL,COAL,1254.747290581597,1266
2022-07-16T17:00:00Z,ENERGY STORAGE,ENERGY STORAGE,-1.049277965757582,50
2022-07-16T17:00:00Z,GAS,COGENERATION,3468.6917813574605,5189
2022-07-16T17:00:00Z,GAS,COMBINED CYCLE,1412.6512354713016,1810
2022-07-16T17:00:00Z,GAS,GAS FIRED STEAM,839.2689403661092,2599
2022-07-16T17:00:00Z,GAS,SIMPLE CYCLE,350.81683151615994,1230
2022-07-16T17:00:00Z,HYDRO,HYDRO,418.1260690300994,894
2022-07-16T17:00:00Z,OTHER,BIOMASS,108.0744074818823,154
2022-07-16T17:00:00Z,OTHER,GAS,0,10
2022-07-16T17:00:00Z,OTHER,GAS COGEN,0,58
2022-07-16T17:00:00Z,OTHER,OIL/GAS,41.55916508144802,53
2022-07-16T17:00:00Z,OTHER,WOOD/REFUSE,82.94624026404486,149
2022-07-16T17:00:00Z,SOLAR,SOLAR,694.9077122910817,977
2022-07-16T17:00:00Z,WIND,WIND,1080.5513109454512,2269
2022-07-16T18:00:00Z,COAL,COAL,1254.060796491835,1266
2022-07-16T18:00:00Z,ENERGY STORAGE,ENERGY STORAGE,-0.9492778158187867,50
2022-07-16T18:00:00Z,GAS,COGENERATION,3441.5288174220755,5189
2022-07-16T18:00:00Z,GAS,COMBINED CYCLE,1453.5228903267118,1810
2022-07-16T18:00:00Z,GAS,GAS FIRED STEAM,901.3523471366035,2599
2022-07-16T18:00:00Z,GAS,SIMPLE CYCLE,432.9776852224933,1230
2022-07-16T18:00:00Z,HYDRO,HYDRO,397.19051020370586,894
2022-07-16T18:00:00Z,OTHER,BIOMASS,108.35346282906002,154
2022-07-16T18:00:00Z,OTHER,GAS,0,10
2022-07-16T18:00:00Z,OTHER,GAS COGEN,0,58
2022-07-16T18:00:00Z,OTHER,OIL/GAS,42.31778202904595,53
2022-07-16T18:00:00Z,OTHER,WOOD/REFUSE,83.99400675720639,149
2022-07-16T18:00:00Z,SOLAR,SOLAR,697.0773802100288,977
2022-07-16T18:00:00Z,WIND,WIND,901.3251495379872,2269
2022-07-16T19:00:00Z,COAL,COAL,1251.6898994954427,1266
2022-07-16T19:00:00Z,ENERGY STORAGE,ENERGY STORAGE,-0.4813332525889079,50
2022-07-16T19:00:00Z,GAS,COGENERATION,3420.080225996905,5189
2022-07-16T19:00:00Z,GAS,COMBINED CYCLE,1508.5005328554578,1810
2022-07-16T19:00:00Z,GAS,GAS FIRED STEAM,1173.8573423046535,2599
2022-07-16T19:00:00Z,GAS,SIMPLE CYCLE,461.77045136637156,1230
2022-07-16T19:00:00Z,HYDRO,HYDRO,559.7456109939681,894
2022-07-16T19:00:00Z,OTHER,BIOMASS,108.39739508840773,154
2022-07-16T19:00:00Z,OTHER,GAS,0,10
2022-07-16T19:00:00Z,OTHER,GAS COGEN,0,58
2022-07-16T19:00:00Z,OTHER,OIL/GAS,42.92503789477878,53
2022-07-16T19:00:00Z,OTHER,WOOD/REFUSE,87.40160062789917,149
2022-07-16T19:00:00Z,SOLAR,SOLAR,692.944323314031,977
2022-07-16T19:00:00Z,WIND,WIND,715.637943395161,2269
2022-07-16T20:00:00Z,COAL,COAL,1250.6923545498316,1266
2022-07-16T20:00:00Z,ENERGY STORAGE,ENERGY STORAGE,-0.34194440841674806,50
2022-07-16T20:00:00Z,GAS,COGENERATION,3416.459137527413,5189
2022-07-16T20:00:00Z,GAS,COMBINED CYCLE,1500.7620309665467,1810
2022-07-16T20:00:00Z,GAS,GAS FIRED STEAM,1227.4953669653999,2599
2022-07-16T20:00:00Z,GAS,SIMPLE CYCLE,553.4990219163232,1230
2022-07-16T20:00:00Z,HYDRO,HYDRO,474.59851082563404,894
2022-07-16T20:00:00Z,OTHER,BIOMASS,109.93945510228475,154
2022-07-16T20:00:00Z,OTHER,GAS,0,10
2022-07-16T20:00:00Z,OTHER,GAS COGEN,0,58
2022-07-16T20:00:00Z,OTHER,OIL/GAS,42.416509810553656,53
2022-07-16T20:00:00Z,OTHER,WOOD/REFUSE,92.47985895050897,149
2022-07-16T20:00:00Z,SOLAR,SOLAR,678.8318241183625,977
2022-07-16T20:00:00Z,WIND,WIND,740.2920714099374,2269
2022-07-16T21:00:00Z,COAL,COAL,879.23618818495,1266
2022-07-16T21:00:00Z,ENERGY STORAGE,ENERGY STORAGE,2.794944412973192,50
2022-07-16T21:00:00Z,GAS,COGENERATION,3425.505433422592,5189
2022-07-16T21:00:00Z,GAS,COMBINED CYCLE,1486.2983786773682,1810
2022-07-16T21:00:00Z,GAS,GAS FIRED STEAM,1366.3377915022108,2599
2022-07-16T21:00:00Z,GAS,SIMPLE CYCLE,496.1428699529502,1230
2022-07-16T21:00:00Z,HYDRO,HYDRO,492.97630322416626,894
2022-07-16T21:00:00Z,OTHER,BIOMASS,113.5822471136517,154
2022-07-16T21:00:00Z,OTHER,GAS,0,10
2022-07-16T21:00:00Z,OTHER,GAS COGEN,0,58
2022-07-16T21:00:00Z,OTHER,OIL/GAS,42.72908244874742,53
2022-07-16T21:00:00Z,OTHER,WOOD/REFUSE,92.24674118147956,149
2022-07-16T21:00:00Z,SOLAR,SOLAR,678.2443221055137,977
2022-07-16T21:00:00Z,WIND,WIND,905.9149335201912,2269
2022-07-16T22:00:00Z,COAL,COAL,842.3575770060221,1266
2022-07-16T22:00:00Z,ENERGY STORAGE,ENERGY STORAGE,-1.5114998531341552,50
2022-07-16T22:00:00Z,GAS,COGENERATION,3418.2880713726413,5189
2022-07-16T22:00:00Z,GAS,COMBINED CYCLE,1526.8315318489074,1810
2022-07-16T22:00:00Z,GAS,GAS FIRED STEAM,1419.9289513100518,2599
2022-07-16T22:00:00Z,GAS,SIMPLE CYCLE,576.1565087034968,1230
2022-07-16T22:00:00Z,HYDRO,HYDRO,476.95058781849013,894
2022-07-16T22:00:00Z,OTHER,BIOMASS,111.4536016506619,154
2022-07-16T22:00:00Z,OTHER,GAS,0,10
2022-07-16T22:00:00Z,OTHER,GAS COGEN,0,58
2022-07-16T22:00:00Z,OTHER,OIL/GAS,42.56902752346463,53
2022-07-16T22:00:00Z,OTHER,WOOD/REFUSE,91.57067576832242,149
2022-07-16T22:00:00Z,SOLAR,SOLAR,657.2599918749597,977
2022-07-16T22:00:00Z,WIND,WIND,932.3819986967908,2269
2022-07-16T23:00:00Z,COAL,COAL,855.6274196678731,1266
2022-07-16T23:00:00Z,ENERGY STORAGE,ENERGY STORAGE,0,50
2022-07-16T23:00:00Z,GAS,COGENERATION,3418.3018931063016,5189
2022-07-16T23:00:00Z,GAS,COMBINED CYCLE,1520.94746117168,1810
2022-07-16T23:00:00Z,GAS,GAS FIRED STEAM,1473.1855881585016,2599
2022-07-16T23:00:00Z,GAS,SIMPLE CYCLE,583.3095737965901,1230
2022-07-16T23:00:00Z,HYDRO,HYDRO,515.0238353113333,894
2022-07-16T23:00:00Z,OTHER,BIOMASS,110.89402066336737,154
2022-07-16T23:00:00Z,OTHER,GAS,0,10
2022-07-16T23:00:00Z,OTHER,GAS COGEN,0,58
2022-07-16T23:00:00Z,OTHER,OIL/GAS,42.33125423855252,53
2022-07-16T23:00:00Z,OTHER,WOOD/REFUSE,91.61132292535571,149
2022-07-16T23:00:00Z,SOLAR,SOLAR,614.4818826601903,977
2022-07-16T23:00:00Z,WIND,WIND,824.0303392169873,2269
2022-07-17T00:00:00Z,COAL,COAL,974.3600228309631,1266
2022-07-17T00:00:00Z,ENERGY STORAGE,ENERGY STORAGE,0,50
2022-07-17T00:00:00Z,GAS,COGENERATION,3501.5192242748208,5189
2022-07-17T00:00:00Z,GAS,COMBINED CYCLE,1518.2529930724038,1810
2022-07-17T00:00:00Z,GAS,GAS FIRED STEAM,1395.9185271792942,2599
2022-07-17T00:00:00Z,GAS,SIMPLE CYCLE,686.6637161552906,1230
2022-07-17T00:00:00Z,HYDRO,HYDRO,501.2043473283615,894
2022-07-17T00:00:00Z,OTHER,BIOMASS,108.81783745500776,154
2022-07-17T00:00:00Z,OTHER,GAS,0,10
2022-07-17T00:00:00Z,OTHER,GAS COGEN,0,58
2022-07-17T00:00:00Z,OTHER,OIL/GAS,42.729965936872695,53
2022-07-17T00:00:00Z,OTHER,WOOD/REFUSE,91.58030811892615,149
2022-07-17T00:00:00Z,SOLAR,SOLAR,539.9963253174888,977
2022-07-17T00:00:00Z,WIND,WIND,628.9614672264125,2269
2022-07-17T01:00:00Z,COAL,COAL,1080.6658608161079,1266
2022-07-17T01:00:00Z,ENERGY STORAGE,ENERGY STORAGE,0,50
2022-07-17T01:00:00Z,GAS,COGENERATION,3516.837519774437,5189
2022-07-17T01:00:00Z,GAS,COMBINED CYCLE,1533.7971037573284,1810
2022-07-17T01:00:00Z,GAS,GAS FIRED STEAM,1429.7824170091417,2599
2022-07-17T01:00:00Z,GAS,SIMPLE CYCLE,706.5734371961488,1230
2022-07-17T01:00:00Z,HYDRO,HYDRO,525.0586129149298,894
2022-07-17T01:00:00Z,OTHER,BIOMASS,108.81682364940643,154
2022-07-17T01:00:00Z,OTHER,GAS,0,10
2022-07-17T01:00:00Z,OTHER,GAS COGEN,0,58
2022-07-17T01:00:00Z,OTHER,OIL/GAS,42.816321563720706,53
2022-07-17T01:00:00Z,OTHER,WOOD/REFUSE,92.73737525886959,149
2022-07-17T01:00:00Z,SOLAR,SOLAR,337.3310489875078,977
2022-07-17T01:00:00Z,WIND,WIND,374.3609311941763,2269
2022-07-17T02:00:00Z,COAL,COAL,1230.7721826850043,1266
2022-07-17T02:00:00Z,ENERGY STORAGE,ENERGY STORAGE,0,50
2022-07-17T02:00:00Z,GAS,COGENERATION,3547.085879009035,5189
2022-07-17T02:00:00Z,GAS,COMBINED CYCLE,1526.8015904182857,1810
2022-07-17T02:00:00Z,GAS,GAS FIRED STEAM,1341.6885875786675,2599
2022-07-17T02:00:00Z,GAS,SIMPLE CYCLE,703.9998536699349,1230
2022-07-17T02:00:00Z,HYDRO,HYDRO,500.95312313747075,894
2022-07-17T02:00:00Z,OTHER,BIOMASS,110.04033993932936,154
2022-07-17T02:00:00Z,OTHER,GAS,0,10
2022-07-17T02:00:00Z,OTHER,GAS COGEN,0,58
2022-07-17T02:00:00Z,OTHER,OIL/GAS,43.139709349738226,53
2022-07-17T02:00:00Z,OTHER,WOOD/REFUSE,92.10280895127191,149
2022-07-17T02:00:00Z,SOLAR,SOLAR,104.17899795022277,977
2022-07-17T02:00:00Z,WIND,WIND,336.7844365642924,2269
2022-07-17T03:00:00Z,COAL,COAL,1248.459568294949,1266
2022-07-17T03:00:00Z,ENERGY STORAGE,ENERGY STORAGE,0,50
2022-07-17T03:00:00Z,GAS,COGENERATION,3567.7345795904266,5189
2022-07-17T03:00:00Z,GAS,COMBINED CYCLE,1518.7488966560363,1810
2022-07-17T03:00:00Z,GAS,GAS FIRED STEAM,1214.9675156741673,2599
2022-07-17T03:00:00Z,GAS,SIMPLE CYCLE,690.1896381017234,1230
2022-07-17T03:00:00Z,HYDRO,HYDRO,495.09225986502236,894
2022-07-17T03:00:00Z,OTHER,BIOMASS,110.1115214310752,154
2022-07-17T03:00:00Z,OTHER,GAS,0,10
2022-07-17T03:00:00Z,OTHER,GAS COGEN,0,58
2022-07-17T03:00:00Z,OTHER,OIL/GAS,43.171982301076255,53
2022-07-17T03:00:00Z,OTHER,WOOD/REFUSE,90.17053707970514,149
2022-07-17T03:00:00Z,SOLAR,SOLAR,2.6813332961996394,977
2022-07-17T03:00:00Z,WIND,WIND,460.8767367328869,2269
2022-07-17T04:00:00Z,COAL,COAL,1251.2428568013509,1266
2022-07-17T04:00:00Z,ENERGY STORAGE,ENERGY STORAGE,0,50
2022-07-17T04:00:00Z,GAS,COGENERATION,3596.051106915474,5189
2022-07-17T04:00:00Z,GAS,COMBINED CYCLE,1469.9099194818073,1810
2022-07-17T04:00:00Z,GAS,GAS FIRED STEAM,1258.6597803794014,2599
2022-07-17T04:00:00Z,GAS,SIMPLE CYCLE,675.7255726661947,1230
2022-07-17T04:00:00Z,HYDRO,HYDRO,455.7565689133108,894
2022-07-17T04:00:00Z,OTHER,BIOMASS,108.73203795168135,154
2022-07-17T04:00:00Z,OTHER,GAS,0,10
2022-07-17T04:00:00Z,OTHER,GAS COGEN,0,58
2022-07-17T04:00:00Z,OTHER,OIL/GAS,42.646765806410045,53
2022-07-17T04:00:00Z,OTHER,WOOD/REFUSE,90.46973970413208,149
2022-07-17T04:00:00Z,SOLAR,SOLAR,0,977
2022-07-17T04:00:00Z,WIND,WIND,462.5161500237054,2269
2022-07-17T05:00:00Z,COAL,COAL,1252.0274609544542,1266
2022-07-17T05:00:00Z,ENERGY STORAGE,ENERGY STORAGE,0,50
2022-07-17T05:00:00Z,GAS,COGENERATION,3594.0768615904117,5189
2022-07-17T05:00:00Z,GAS,COMBINED CYCLE,1444.6470033952926,1810
2022-07-17T05:00:00Z,GAS,GAS FIRED STEAM,1240.760577053494,2599
2022-07-17T05:00:00Z,GAS,SIMPLE CYCLE,467.4876678383681,1230
2022-07-17T05:00:00Z,HYDRO,HYDRO,372.7337095279661,894
2022-07-17T05:00:00Z,OTHER,BIOMASS,110.76147961563535,154
2022-07-17T05:00:00Z,OTHER,GAS,0,10
2022-07-17T05:00:00Z,OTHER,GAS COGEN,0,58
2022-07-17T05:00:00Z,OTHER,OIL/GAS,43.469427547454835,53
2022-07-17T05:00:00Z,OTHER,WOOD/REFUSE,90.88352583726247,149
2022-07-17T05:00:00Z,SOLAR,SOLAR,0,977
2022-07-17T05:00:00Z,WIND,WIND,463.05674662407483,2269
2022-07-17T06:00:00Z,COAL,COAL,1253.4578594970703,1266
2022-07-17T06:00:00Z,ENERGY STORAGE,ENERGY STORAGE,0,50
2022-07-17T06:00:00Z,GAS,COGENERATION,3603.7024802370865,5189
2022-07-17T06:00:00Z,GAS,COMBINED CYCLE,1387.6940674405628,1810
2022-07-17T06:00:00Z,GAS,GAS FIRED STEAM,1316.7685869068569,2599
2022-07-17T06:00:00Z,GAS,SIMPLE CYCLE,369.7423607287473,1230
2022-07-17T06:00:00Z,HYDRO,HYDRO,279.5204575247897,894
2022-07-17T06:00:00Z,OTHER,BIOMASS,111.79116157372792,154
2022-07-17T06:00:00Z,OTHER,GAS,0,10
2022-07-17T06:00:00Z,OTHER,GAS COGEN,0,58
2022-07-17T06:00:00Z,OTHER,OIL/GAS,43.78845337973701,53
2022-07-17T06:00:00Z,OTHER,WOOD/REFUSE,88.28163609292773,149
2022-07-17T06:00:00Z,SOLAR,SOLAR,0,977
2022-07-17T06:00:00Z,WIND,WIND,528.4183210843471,2269
2022-07-17T07:00:00Z,COAL,COAL,1253.0799061754014,1266
2022-07-17T07:00:00Z,ENERGY STORAGE,ENERGY STORAGE,-0.08266698201497395,50
2022-07-17T07:00:00Z,GAS,COGENERATION,3596.3932233264713,5189
2022-07-17T07:00:00Z,GAS,COMBINED CYCLE,1356.802812798818,1810
2022-07-17T07:00:00Z,GAS,GAS FIRED STEAM,1190.8268945651585,2599
2022-07-17T07:00:00Z,GAS,SIMPLE CYCLE,346.75844093897274,1230
2022-07-17T07:00:00Z,HYDRO,HYDRO,283.00587417885663,894
2022-07-17T07:00:00Z,OTHER,BIOMASS,100.40083546532524,154
2022-07-17T07:00:00Z,OTHER,GAS,0,10
2022-07-17T07:00:00Z,OTHER,GAS COGEN,0,58
2022-07-17T07:00:00Z,OTHER,OIL/GAS,42.43466062757704,53
2022-07-17T07:00:00Z,OTHER,WOOD/REFUSE,88.02666268348693,149
2022-07-17T07:00:00Z,SOLAR,SOLAR,0,977
2022-07-17T07:00:00Z,WIND,WIND,523.0807934840603,2269
2022-07-17T08:00:00Z,COAL,COAL,1253.1640117560491,1266
2022-07-17T08:00:00Z,ENERGY STORAGE,ENERGY STORAGE,-0.19988965140448675,50
2022-07-17T08:00:00Z,GAS,COGENERATION,3585.3412687961263,5189
2022-07-17T08:00:00Z,GAS,COMBINED CYCLE,1322.44068359375,1810
2022-07-17T08:00:00Z,GAS,GAS FIRED STEAM,1072.2364520602757,2599
2022-07-17T08:00:00Z,GAS,SIMPLE CYCLE,266.59058287958305,1230
2022-07-17T08:00:00Z,HYDRO,HYDRO,259.9394232404232,894
2022-07-17T08:00:00Z,OTHER,BIOMASS,101.18774405320485,154
2022-07-17T08:00:00Z,OTHER,GAS,0,10
2022-07-17T08:00:00Z,OTHER,GAS COGEN,0,58
2022-07-17T08:00:00Z,OTHER,OIL/GAS,42.74364816241794,53
2022-07-17T08:00:00Z,OTHER,WOOD/REFUSE,84.51516495545705,149
2022-07-17T08:00:00Z,SOLAR,SOLAR,0,977
2022-07-17T08:00:00Z,WIND,WIND,565.838050453816,2269
2022-07-17T09:00:00Z,COAL,COAL,1254.1370143296983,1266
2022-07-17T09:00:00Z,ENERGY STORAGE,ENERGY STORAGE,-0.20000076293945313,50
2022-07-17T09:00:00Z,GAS,COGENERATION,3594.0191900096333,5189
2022-07-17T09:00:00Z,GAS,COMBINED CYCLE,1277.923503764669,1810
2022-07-17T09:00:00Z,GAS,GAS FIRED STEAM,1054.172608136071,2599
2022-07-17T09:00:00Z,GAS,SIMPLE CYCLE,274.11938715457916,1230
2022-07-17T09:00:00Z,HYDRO,HYDRO,275.2521828034189,894
2022-07-17T09:00:00Z,OTHER,BIOMASS,103.41183551390966,154
2022-07-17T09:00:00Z,OTHER,GAS,0,10
2022-07-17T09:00:00Z,OTHER,GAS COGEN,0,58
2022-07-17T09:00:00Z,OTHER,OIL/GAS,42.66507602267795,53
2022-07-17T09:00:00Z,OTHER,WOOD/REFUSE,84.85405718220605,149
2022-07-17T09:00:00Z,SOLAR,SOLAR,0,977
2022-07-17T09:00:00Z,WIND,WIND,521.9617471237233,2269
2022-07-17T10:00:00Z,COAL,COAL,1253.8915093655057,1266
2022-07-17T10:00:00Z,ENERGY STORAGE,ENERGY STORAGE,-0.20000076293945313,50
2022-07-17T10:00:00Z,GAS,COGENERATION,3601.8466790198618,5189
2022-07-17T10:00:00Z,GAS,COMBINED CYCLE,1318.0776480748918,1810
2022-07-17T10:00:00Z,GAS,GAS FIRED STEAM,1030.5076921484206,2599
2022-07-17T10:00:00Z,GAS,SIMPLE CYCLE,246.86899698151478,1230
2022-07-17T10:00:00Z,HYDRO,HYDRO,296.83579451205003,894
2022-07-17T10:00:00Z,OTHER,BIOMASS,102.94091609345543,154
2022-07-17T10:00:00Z,OTHER,GAS,0,10
2022-07-17T10:00:00Z,OTHER,GAS COGEN,0,58
2022-07-17T10:00:00Z,OTHER,OIL/GAS,42.62868732452392,53
2022-07-17T10:00:00Z,OTHER,WOOD/REFUSE,84.93590070088705,149
2022-07-17T10:00:00Z,SOLAR,SOLAR,0,977
2022-07-17T10:00:00Z,WIND,WIND,440.60230324818855,2269
2022-07-17T11:00:00Z,COAL,COAL,1253.1315668063694,1266
2022-07-17T11:00:00Z,ENERGY STORAGE,ENERGY STORAGE,-0.34577909681532115,50
2022-07-17T11:00:00Z,GAS,COGENERATION,3603.812876798908,5189
2022-07-17T11:00:00Z,GAS,COMBINED CYCLE,1302.983718574312,1810
2022-07-17T11:00:00Z,GAS,GAS FIRED STEAM,1029.8084213871425,2599
2022-07-17T11:00:00Z,GAS,SIMPLE CYCLE,247.02277684264712,1230
2022-07-17T11:00:00Z,HYDRO,HYDRO,265.8645708070861,894
2022-07-17T11:00:00Z,OTHER,BIOMASS,101.13983533064524,154
2022-07-17T11:00:00Z,OTHER,GAS,0,10
2022-07-17T11:00:00Z,OTHER,GAS COGEN,0,58
2022-07-17T11:00:00Z,OTHER,OIL/GAS,42.90369279225667,53
2022-07-17T11:00:00Z,OTHER,WOOD/REFUSE,82.99969051837921,149
2022-07-17T11:00:00Z,SOLAR,SOLAR,0.34266665675573876,977
2022-07-17T11:00:00Z,WIND,WIND,451.3243626141797,2269
2022-07-17T12:00:00Z,COAL,COAL,1249.5358578152127,1266
2022-07-17T12:00:00Z,ENERGY STORAGE,ENERGY STORAGE,-0.40000152587890625,50
2022-07-17T12:00:00Z,GAS,COGENERATION,3583.382542679641,5189
2022-07-17T12:00:00Z,GAS,COMBINED CYCLE,1290.1876141781277,1810
2022-07-17T12:00:00Z,GAS,GAS FIRED STEAM,893.2252998140123,2599
2022-07-17T12:00:00Z,GAS,SIMPLE CYCLE,245.7407523112496,1230
2022-07-17T12:00:00Z,HYDRO,HYDRO,272.1661901285913,894
2022-07-17T12:00:00Z,OTHER,BIOMASS,103.48850023243162,154
2022-07-17T12:00:00Z,OTHER,GAS,0,10
2022-07-17T12:00:00Z,OTHER,GAS COGEN,0,58
2022-07-17T12:00:00Z,OTHER,OIL/GAS,42.87743142022027,53
2022-07-17T12:00:00Z,OTHER,WOOD/REFUSE,82.4787626308865,149
2022-07-17T12:00:00Z,SOLAR,SOLAR,67.54683189373877,977
2022-07-17T12:00:00Z,WIND,WIND,559.8647197095305,2269
2022-07-17T13:00:00Z,COAL,COAL,1082.9990097384982,1266
2022-07-17T13:00:00Z,ENERGY STORAGE,ENERGY STORAGE,-0.3992793009016249,50
2022-07-17T13:00:00Z,GAS,COGENERATION,3489.1230225761733,5189
2022-07-17T13:00:00Z,GAS,COMBINED CYCLE,1237.814834757381,1810
2022-07-17T13:00:00Z,GAS,GAS FIRED STEAM,777.8025218666925,2599
2022-07-17T13:00:00Z,GAS,SIMPLE CYCLE,285.2942976459861,1230
2022-07-17T13:00:00Z,HYDRO,HYDRO,392.88364051633414,894
2022-07-17T13:00:00Z,OTHER,BIOMASS,103.12450322151184,154
2022-07-17T13:00:00Z,OTHER,GAS,0,10
2022-07-17T13:00:00Z,OTHER,GAS COGEN,0,58
2022-07-17T13:00:00Z,OTHER,OIL/GAS,42.80980395211114,53
2022-07-17T13:00:00Z,OTHER,WOOD/REFUSE,78.39873810079362,149
2022-07-17T13:00:00Z,SOLAR,SOLAR,275.08382771859567,977
2022-07-17T13:00:00Z,WIND,WIND,487.1000982900792,2269
2022-07-17T14:00:00Z,COAL,COAL,1067.5365719095867,1266
2022-07-17T14:00:00Z,ENERGY STORAGE,ENERGY STORAGE,-0.40000152587890625,50
2022-07-17T14:00:00Z,GAS,COGENERATION,3476.5841205347247,5189
2022-07-17T14:00:00Z,GAS,COMBINED CYCLE,1285.8634014277989,1810
2022-07-17T14:00:00Z,GAS,GAS FIRED STEAM,782.7554406865438,2599
2022-07-17T14:00:00Z,GAS,SIMPLE CYCLE,298.09039946609073,1230
2022-07-17T14:00:00Z,HYDRO,HYDRO,404.75703267759746,894
2022-07-17T14:00:00Z,OTHER,BIOMASS,106.258958899445,154
2022-07-17T14:00:00Z,OTHER,GAS,0,10
2022-07-17T14:00:00Z,OTHER,GAS COGEN,0,58
2022-07-17T14:00:00Z,OTHER,OIL/GAS,42.37566604614258,53
2022-07-17T14:00:00Z,OTHER,WOOD/REFUSE,78.89593077606625,149
2022-07-17T14:00:00Z,SOLAR,SOLAR,471.7980455496576,977
2022-07-17T14:00:00Z,WIND,WIND,444.3642774203254,2269
2022-07-17T15:00:00Z,COAL,COAL,1223.8940699937607,1266
2022-07-17T15:00:00Z,ENERGY STORAGE,ENERGY STORAGE,-0.40000152587890625,50
2022-07-17T15:00:00Z,GAS,COGENERATION,3557.5121900017393,5189
2022-07-17T15:00:00Z,GAS,COMBINED CYCLE,1337.3711764187283,1810
2022-07-17T15:00:00Z,GAS,GAS FIRED STEAM,806.709536005656,2599
2022-07-17T15:00:00Z,GAS,SIMPLE CYCLE,295.5858325073454,1230
2022-07-17T15:00:00Z,HYDRO,HYDRO,361.7248198772801,894
2022-07-17T15:00:00Z,OTHER,BIOMASS,105.36889773527781,154
2022-07-17T15:00:00Z,OTHER,GAS,0,10
2022-07-17T15:00:00Z,OTHER,GAS COGEN,0,58
2022-07-17T15:00:00Z,OTHER,OIL/GAS,41.44761123869154,53
2022-07-17T15:00:00Z,OTHER,WOOD/REFUSE,78.7097227191925,149
2022-07-17T15:00:00Z,SOLAR,SOLAR,545.604658632146,977
2022-07-17T15:00:00Z,WIND,WIND,365.76159326667585,2269
2022-07-17T16:00:00Z,COAL,COAL,1257.4970356411404,1266
2022-07-17T16:00:00Z,ENERGY STORAGE,ENERGY STORAGE,-0.40000152587890625,50
2022-07-17T16:00:00Z,GAS,COGENERATION,3559.918722498599,5189
2022-07-17T16:00:00Z,GAS,COMBINED CYCLE,1359.1305536556245,1810
2022-07-17T16:00:00Z,GAS,GAS FIRED STEAM,862.4887935002645,2599
2022-07-17T16:00:00Z,GAS,SIMPLE CYCLE,325.28142518169346,1230
2022-07-17T16:00:00Z,HYDRO,HYDRO,414.9045656485028,894
2022-07-17T16:00:00Z,OTHER,BIOMASS,104.03465247843,154
2022-07-17T16:00:00Z,OTHER,GAS,0,10
2022-07-17T16:00:00Z,OTHER,GAS COGEN,0,58
2022-07-17T16:00:00Z,OTHER,OIL/GAS,41.58843287785848,53
2022-07-17T16:00:00Z,OTHER,WOOD/REFUSE,79.75322277334001,149
2022-07-17T16:00:00Z,SOLAR,SOLAR,617.8487157865366,977
2022-07-17T16:00:00Z,WIND,WIND,306.4126756400781,2269
2022-07-17T17:00:00Z,COAL,COAL,1255.365356004503,1266
2022-07-17T17:00:00Z,ENERGY STORAGE,ENERGY STORAGE,-0.7528903240627713,50
2022-07-17T17:00:00Z,GAS,COGENERATION,3535.4710313536725,5189
2022-07-17T17:00:00Z,GAS,COMBINED CYCLE,1387.2142979547714,1810
2022-07-17T17:00:00Z,GAS,GAS FIRED STEAM,883.2243718422784,2599
2022-07-17T17:00:00Z,GAS,SIMPLE CYCLE,454.7029943343666,1230
2022-07-17T17:00:00Z,HYDRO,HYDRO,406.81681225803163,894
2022-07-17T17:00:00Z,OTHER,BIOMASS,107.31369823959139,154
2022-07-17T17:00:00Z,OTHER,GAS,0,10
2022-07-17T17:00:00Z,OTHER,GAS COGEN,0,58
2022-07-17T17:00:00Z,OTHER,OIL/GAS,40.979626195695666,53
2022-07-17T17:00:00Z,OTHER,WOOD/REFUSE,78.95167145411173,149
2022-07-17T17:00:00Z,SOLAR,SOLAR,642.8181061954631,977
2022-07-17T17:00:00Z,WIND,WIND,338.51918926932746,2269
2022-07-17T18:00:00Z,COAL,COAL,1256.2339038085938,1266
2022-07-17T18:00:00Z,ENERGY STORAGE,ENERGY STORAGE,-1.01400003751119,50
2022-07-17T18:00:00Z,GAS,COGENERATION,3503.0517565772934,5189
2022-07-17T18:00:00Z,GAS,COMBINED CYCLE,1395.2250516880883,1810
2022-07-17T18:00:00Z,GAS,GAS FIRED STEAM,999.94049445682106,2599
2022-07-17T18:00:00Z,GAS,SIMPLE CYCLE,499.57369369294906,1230
2022-07-17T18:00:00Z,HYDRO,HYDRO,386.5460432794359,894
2022-07-17T18:00:00Z,OTHER,BIOMASS,107.23864528046714,154
2022-07-17T18:00:00Z,OTHER,GAS,0,10
2022-07-17T18:00:00Z,OTHER,GAS COGEN,0,58
2022-07-17T18:00:00Z,OTHER,OIL/GAS,41.72099313100179,53
2022-07-17T18:00:00Z,OTHER,WOOD/REFUSE,78.08888270643023,149
2022-07-17T18:00:00Z,SOLAR,SOLAR,688.9515990590387,977
2022-07-17T18:00:00Z,WIND,WIND,353.24245692617365,2269
2022-07-17T19:00:00Z,COAL,COAL,1247.6550110371907,1266
2022-07-17T19:00:00Z,ENERGY STORAGE,ENERGY STORAGE,-0.9438886748419867,50
2022-07-17T19:00:00Z,GAS,COGENERATION,3482.8739923842086,5189
2022-07-17T19:00:00Z,GAS,COMBINED CYCLE,1394.3260873688591,1810
2022-07-17T19:00:00Z,GAS,GAS FIRED STEAM,1181.9557303449842,2599
2022-07-17T19:00:00Z,GAS,SIMPLE CYCLE,537.8784208550056,1230
2022-07-17T19:00:00Z,HYDRO,HYDRO,396.102561473714,894
2022-07-17T19:00:00Z,OTHER,BIOMASS,109.05984228928884,154
2022-07-17T19:00:00Z,OTHER,GAS,0,10
2022-07-17T19:00:00Z,OTHER,GAS COGEN,0,58
2022-07-17T19:00:00Z,OTHER,OIL/GAS,41.743109923468694,53
2022-07-17T19:00:00Z,OTHER,WOOD/REFUSE,89.44333810329437,149
2022-07-17T19:00:00Z,SOLAR,SOLAR,672.0004346383943,977
2022-07-17T19:00:00Z,WIND,WIND,295.2709285688814,2269
2022-07-17T20:00:00Z,COAL,COAL,1255.142018347846,1266
2022-07-17T20:00:00Z,ENERGY STORAGE,ENERGY STORAGE,-0.9504442554050022,50
2022-07-17T20:00:00Z,GAS,COGENERATION,3465.1726671740744,5189
2022-07-17T20:00:00Z,GAS,COMBINED CYCLE,1400.5933384429084,1810
2022-07-17T20:00:00Z,GAS,GAS FIRED STEAM,1259.2447256893581,2599
2022-07-17T20:00:00Z,GAS,SIMPLE CYCLE,583.4281605427794,1230
2022-07-17T20:00:00Z,HYDRO,HYDRO,387.57771535899906,894
2022-07-17T20:00:00Z,OTHER,BIOMASS,108.4587700313992,154
2022-07-17T20:00:00Z,OTHER,GAS,0,10
2022-07-17T20:00:00Z,OTHER,GAS COGEN,0,58
2022-07-17T20:00:00Z,OTHER,OIL/GAS,41.26610938813951,53
2022-07-17T20:00:00Z,OTHER,WOOD/REFUSE,92.41150236765544,149
2022-07-17T20:00:00Z,SOLAR,SOLAR,669.1981535673142,977
2022-07-17T20:00:00Z,WIND,WIND,254.8913143519726,2269
2022-07-17T21:00:00Z,COAL,COAL,1255.825962032742,1266
2022-07-17T21:00:00Z,ENERGY STORAGE,ENERGY STORAGE,-0.7961665476693047,50
2022-07-17T21:00:00Z,GAS,COGENERATION,3455.9168106330103,5189
2022-07-17T21:00:00Z,GAS,COMBINED CYCLE,1435.2244244766237,1810
2022-07-17T21:00:00Z,GAS,GAS FIRED STEAM,1408.703974808587,2599
2022-07-17T21:00:00Z,GAS,SIMPLE CYCLE,586.8258460415734,1230
2022-07-17T21:00:00Z,HYDRO,HYDRO,436.5462594546212,894
2022-07-17T21:00:00Z,OTHER,BIOMASS,108.03133934497833,154
2022-07-17T21:00:00Z,OTHER,GAS,0,10
2022-07-17T21:00:00Z,OTHER,GAS COGEN,0,58
2022-07-17T21:00:00Z,OTHER,OIL/GAS,41.3201158841451,53
2022-07-17T21:00:00Z,OTHER,WOOD/REFUSE,92.41145189444224,149
2022-07-17T21:00:00Z,SOLAR,SOLAR,675.56209897995,977
2022-07-17T21:00:00Z,WIND,WIND,170.28706369219967,2269
2022-07-17T22:00:00Z,COAL,COAL,1253.0902243211533,1266
2022-07-17T22:00:00Z,ENERGY STORAGE,ENERGY STORAGE,-0.10000038146972656,50
2022-07-17T22:00:00Z,GAS,COGENERATION,3449.970558276044,5189
2022-07-17T22:00:00Z,GAS,COMBINED CYCLE,1507.5095182535383,1810
2022-07-17T22:00:00Z,GAS,GAS FIRED STEAM,1481.3370555962458,2599
2022-07-17T22:00:00Z,GAS,SIMPLE CYCLE,603.0836997489135,1230
2022-07-17T22:00:00Z,HYDRO,HYDRO,530.8272526200612,894
2022-07-17T22:00:00Z,OTHER,BIOMASS,109.37756098535326,154
2022-07-17T22:00:00Z,OTHER,GAS,0,10
2022-07-17T22:00:00Z,OTHER,GAS COGEN,0,58
2022-07-17T22:00:00Z,OTHER,OIL/GAS,42.02984329647488,53
2022-07-17T22:00:00Z,OTHER,WOOD/REFUSE,93.6187427330017,149
2022-07-17T22:00:00Z,SOLAR,SOLAR,671.4323235940933,977
2022-07-17T22:00:00Z,WIND,WIND,114.3192918453945,2269
2022-07-17T23:00:00Z,COAL,COAL,1252.556071234809,1266
2022-07-17T23:00:00Z,ENERGY STORAGE,ENERGY STORAGE,-0.0047777960035536,50
2022-07-17T23:00:00Z,GAS,COGENERATION,3471.359016379383,5189
2022-07-17T23:00:00Z,GAS,COMBINED CYCLE,1521.7879561323589,1810
2022-07-17T23:00:00Z,GAS,GAS FIRED STEAM,1484.2826393085056,2599
2022-07-17T23:00:00Z,GAS,SIMPLE CYCLE,641.0314074611001,1230
2022-07-17T23:00:00Z,HYDRO,HYDRO,461.1988700026439,894
2022-07-17T23:00:00Z,OTHER,BIOMASS,109.27165739748213,154
2022-07-17T23:00:00Z,OTHER,GAS,0,10
2022-07-17T23:00:00Z,OTHER,GAS COGEN,0,58
2022-07-17T23:00:00Z,OTHER,OIL/GAS,41.22512074364556,53
2022-07-17T23:00:00Z,OTHER,WOOD/REFUSE,98.22785964065127,149
2022-07-17T23:00:00Z,SOLAR,SOLAR,616.2704353303379,977
2022-07-17T23:00:00Z,WIND,WIND,101.76441202331748,2269
2022-07-18T00:00:00Z,COAL,COAL,1220.3574536132812,1266
2022-07-18T00:00:00Z,ENERGY STORAGE,ENERGY STORAGE,0,50
2022-07-18T00:00:00Z,GAS,COGENERATION,3499.3653243488734,5189
2022-07-18T00:00:00Z,GAS,COMBINED CYCLE,1532.3470089372,1810
2022-07-18T00:00:00Z,GAS,GAS FIRED STEAM,1449.2310102674696,2599
2022-07-18T00:00:00Z,GAS,SIMPLE CYCLE,651.3929950830175,1230
2022-07-18T00:00:00Z,HYDRO,HYDRO,482.40057927944594,894
2022-07-18T00:00:00Z,OTHER,BIOMASS,107.40991450521682,154
2022-07-18T00:00:00Z,OTHER,GAS,0,10
2022-07-18T00:00:00Z,OTHER,GAS COGEN,0,58
2022-07-18T00:00:00Z,OTHER,OIL/GAS,40.71366023169624,53
2022-07-18T00:00:00Z,OTHER,WOOD/REFUSE,99.8180018260744,149
2022-07-18T00:00:00Z,SOLAR,SOLAR,525.5044349871741,977
2022-07-18T00:00:00Z,WIND,WIND,76.15145846412413,2269
2022-07-18T01:00:00Z,COAL,COAL,1209.1929239908854,1266
2022-07-18T01:00:00Z,ENERGY STORAGE,ENERGY STORAGE,0,50
2022-07-18T01:00:00Z,GAS,COGENERATION,3503.715320865578,5189
2022-07-18T01:00:00Z,GAS,COMBINED CYCLE,1543.7736647891998,1810
2022-07-18T01:00:00Z,GAS,GAS FIRED STEAM,1443.0600159242417,2599
2022-07-18T01:00:00Z,GAS,SIMPLE CYCLE,637.5096875822545,1230
2022-07-18T01:00:00Z,HYDRO,HYDRO,489.6463953677813,894
2022-07-18T01:00:00Z,OTHER,BIOMASS,100.93671984619564,154
2022-07-18T01:00:00Z,OTHER,GAS,0,10
2022-07-18T01:00:00Z,OTHER,GAS COGEN,0,58
2022-07-18T01:00:00Z,OTHER,OIL/GAS,41.36912687725491,53
2022-07-18T01:00:00Z,OTHER,WOOD/REFUSE,99.0024315738678,149
2022-07-18T01:00:00Z,SOLAR,SOLAR,320.11599343922404,977
2022-07-18T01:00:00Z,WIND,WIND,67.60553453615142,2269
2022-07-18T02:00:00Z,COAL,COAL,1235.8116910976835,1266
2022-07-18T02:00:00Z,ENERGY STORAGE,ENERGY STORAGE,0,50
2022-07-18T02:00:00Z,GAS,COGENERATION,3583.9965967667104,5189
2022-07-18T02:00:00Z,GAS,COMBINED CYCLE,1539.006117568016,1810
2022-07-18T02:00:00Z,GAS,GAS FIRED STEAM,1371.2619665230645,2599
2022-07-18T02:00:00Z,GAS,SIMPLE CYCLE,686.6440760206514,1230
2022-07-18T02:00:00Z,HYDRO,HYDRO,462.26098139444986,894
2022-07-18T02:00:00Z,OTHER,BIOMASS,94.00407834211985,154
2022-07-18T02:00:00Z,OTHER,GAS,0,10
2022-07-18T02:00:00Z,OTHER,GAS COGEN,0,58
2022-07-18T02:00:00Z,OTHER,OIL/GAS,41.56777111477322,53
2022-07-18T02:00:00Z,OTHER,WOOD/REFUSE,98.85795838144091,149
2022-07-18T02:00:00Z,SOLAR,SOLAR,95.17905354463392,977
2022-07-18T02:00:00Z,WIND,WIND,92.87728869201409,2269
2022-07-18T03:00:00Z,COAL,COAL,1238.0166858588325,1266
2022-07-18T03:00:00Z,ENERGY STORAGE,ENERGY STORAGE,0,50
2022-07-18T03:00:00Z,GAS,COGENERATION,3588.2375155745613,5189
2022-07-18T03:00:00Z,GAS,COMBINED CYCLE,1488.9424724986818,1810
2022-07-18T03:00:00Z,GAS,GAS FIRED STEAM,1290.164576034546,2599
2022-07-18T03:00:00Z,GAS,SIMPLE CYCLE,659.6264749501811,1230
2022-07-18T03:00:00Z,HYDRO,HYDRO,446.34975741808614,894
2022-07-18T03:00:00Z,OTHER,BIOMASS,88.48912852022383,154
2022-07-18T03:00:00Z,OTHER,GAS,0,10
2022-07-18T03:00:00Z,OTHER,GAS COGEN,0,58
2022-07-18T03:00:00Z,OTHER,OIL/GAS,41.86705952538384,53
2022-07-18T03:00:00Z,OTHER,WOOD/REFUSE,97.1468337392807,149
2022-07-18T03:00:00Z,SOLAR,SOLAR,2.4073332956433293,977
2022-07-18T03:00:00Z,WIND,WIND,165.72965021476978,2269
2022-07-18T04:00:00Z,COAL,COAL,1233.580115085178,1266
2022-07-18T04:00:00Z,ENERGY STORAGE,ENERGY STORAGE,0,50
2022-07-18T04:00:00Z,GAS,COGENERATION,3614.3900752407976,5189
2022-07-18T04:00:00Z,GAS,COMBINED CYCLE,1464.599348813163,1810
2022-07-18T04:00:00Z,GAS,GAS FIRED STEAM,1170.7349784935845,2599
2022-07-18T04:00:00Z,GAS,SIMPLE CYCLE,633.1770014373792,1230
2022-07-18T04:00:00Z,HYDRO,HYDRO,454.9737753574219,894
2022-07-18T04:00:00Z,OTHER,BIOMASS,89.2099085998535,154
2022-07-18T04:00:00Z,OTHER,GAS,0,10
2022-07-18T04:00:00Z,OTHER,GAS COGEN,0,58
2022-07-18T04:00:00Z,OTHER,OIL/GAS,41.69682682673136,53
2022-07-18T04:00:00Z,OTHER,WOOD/REFUSE,95.7163206715054,149
2022-07-18T04:00:00Z,SOLAR,SOLAR,0,977
2022-07-18T04:00:00Z,WIND,WIND,246.67103457151188,2269
2022-07-18T05:00:00Z,COAL,COAL,1233.4934298706055,1266
2022-07-18T05:00:00Z,ENERGY STORAGE,ENERGY STORAGE,0,50
2022-07-18T05:00:00Z,GAS,COGENERATION,3606.7697645596663,5189
2022-07-18T05:00:00Z,GAS,COMBINED CYCLE,1410.0004399601619,1810
2022-07-18T05:00:00Z,GAS,GAS FIRED STEAM,1204.185515920851,2599
2022-07-18T05:00:00Z,GAS,SIMPLE CYCLE,591.7944134156571,1230
2022-07-18T05:00:00Z,HYDRO,HYDRO,310.9123375879228,894
2022-07-18T05:00:00Z,OTHER,BIOMASS,88.42140833218893,154
2022-07-18T05:00:00Z,OTHER,GAS,0,10
2022-07-18T05:00:00Z,OTHER,GAS COGEN,0,58
2022-07-18T05:00:00Z,OTHER,OIL/GAS,41.494059268103705,53
2022-07-18T05:00:00Z,OTHER,WOOD/REFUSE,93.687252963384,149
2022-07-18T05:00:00Z,SOLAR,SOLAR,0,977
2022-07-18T05:00:00Z,WIND,WIND,366.5548837153034,2269
2022-07-18T06:00:00Z,COAL,COAL,1233.3110158284505,1266
2022-07-18T06:00:00Z,ENERGY STORAGE,ENERGY STORAGE,0,50
2022-07-18T06:00:00Z,GAS,COGENERATION,3628.6978391255275,5189
2022-07-18T06:00:00Z,GAS,COMBINED CYCLE,1317.0598074997797,1810
2022-07-18T06:00:00Z,GAS,GAS FIRED STEAM,1132.5202701335481,2599
2022-07-18T06:00:00Z,GAS,SIMPLE CYCLE,404.87769389587146,1230
2022-07-18T06:00:00Z,HYDRO,HYDRO,324.2378495441543,894
2022-07-18T06:00:00Z,OTHER,BIOMASS,85.76491685973274,154
2022-07-18T06:00:00Z,OTHER,GAS,0,10
2022-07-18T06:00:00Z,OTHER,GAS COGEN,0,58
2022-07-18T06:00:00Z,OTHER,OIL/GAS,41.70945536295573,53
2022-07-18T06:00:00Z,OTHER,WOOD/REFUSE,87.68274801625147,149
2022-07-18T06:00:00Z,SOLAR,SOLAR,0,977
2022-07-18T06:00:00Z,WIND,WIND,454.0037375034888,2269
2022-07-18T07:00:00Z,COAL,COAL,1234.1750244649252,1266
2022-07-18T07:00:00Z,ENERGY STORAGE,ENERGY STORAGE,-1.3848903984493681,50
2022-07-18T07:00:00Z,GAS,COGENERATION,3628.5166019828453,5189
2022-07-18T07:00:00Z,GAS,COMBINED CYCLE,1295.9805552244186,1810
2022-07-18T07:00:00Z,GAS,GAS FIRED STEAM,1065.0543277401393,2599
2022-07-18T07:00:00Z,GAS,SIMPLE CYCLE,372.5095840898487,1230
2022-07-18T07:00:00Z,HYDRO,HYDRO,272.51601249403427,894
2022-07-18T07:00:00Z,OTHER,BIOMASS,84.69834505610997,154
2022-07-18T07:00:00Z,OTHER,GAS,0,10
2022-07-18T07:00:00Z,OTHER,GAS COGEN,0,58
2022-07-18T07:00:00Z,OTHER,OIL/GAS,41.04872120115492,53
2022-07-18T07:00:00Z,OTHER,WOOD/REFUSE,86.50704189512464,149
2022-07-18T07:00:00Z,SOLAR,SOLAR,0,977
2022-07-18T07:00:00Z,WIND,WIND,469.11460732099084,2269
2022-07-18T08:00:00Z,COAL,COAL,1233.8325700378418,1266
2022-07-18T08:00:00Z,ENERGY STORAGE,ENERGY STORAGE,-1.4003904088338217,50
2022-07-18T08:00:00Z,GAS,COGENERATION,3617.4132319596242,5189
2022-07-18T08:00:00Z,GAS,COMBINED CYCLE,1285.464906847212,1810
2022-07-18T08:00:00Z,GAS,GAS FIRED STEAM,874.3058422173394,2599
2022-07-18T08:00:00Z,GAS,SIMPLE CYCLE,334.0961481947369,1230
2022-07-18T08:00:00Z,HYDRO,HYDRO,264.95074721495314,894
2022-07-18T08:00:00Z,OTHER,BIOMASS,83.76962574111091,154
2022-07-18T08:00:00Z,OTHER,GAS,0,10
2022-07-18T08:00:00Z,OTHER,GAS COGEN,0,58
2022-07-18T08:00:00Z,OTHER,OIL/GAS,40.97699320051405,53
2022-07-18T08:00:00Z,OTHER,WOOD/REFUSE,85.73658227337731,149
2022-07-18T08:00:00Z,SOLAR,SOLAR,0,977
2022-07-18T08:00:00Z,WIND,WIND,576.3712888598939,2269
2022-07-18T09:00:00Z,COAL,COAL,1233.2888420783147,1266
2022-07-18T09:00:00Z,ENERGY STORAGE,ENERGY STORAGE,-1.4000015258789063,50
2022-07-18T09:00:00Z,GAS,COGENERATION,3618.210318695307,5189
2022-07-18T09:00:00Z,GAS,COMBINED CYCLE,1294.5274960316551,1810
2022-07-18T09:00:00Z,GAS,GAS FIRED STEAM,928.2664469591776,2599
2022-07-18T09:00:00Z,GAS,SIMPLE CYCLE,318.59804157574973,1230
2022-07-18T09:00:00Z,HYDRO,HYDRO,274.08309357364976,894
2022-07-18T09:00:00Z,OTHER,BIOMASS,82.61650085396236,154
2022-07-18T09:00:00Z,OTHER,GAS,0,10
2022-07-18T09:00:00Z,OTHER,GAS COGEN,0,58
2022-07-18T09:00:00Z,OTHER,OIL/GAS,41.383271062639025,53
2022-07-18T09:00:00Z,OTHER,WOOD/REFUSE,85.63582570711772,149
2022-07-18T09:00:00Z,SOLAR,SOLAR,0,977
2022-07-18T09:00:00Z,WIND,WIND,504.92119508033824,2269
2022-07-18T10:00:00Z,COAL,COAL,1225.7419005499946,1266
2022-07-18T10:00:00Z,ENERGY STORAGE,ENERGY STORAGE,-1.253668032752143,50
2022-07-18T10:00:00Z,GAS,COGENERATION,3627.4466210104692,5189
2022-07-18T10:00:00Z,GAS,COMBINED CYCLE,1290.1918386438158,1810
2022-07-18T10:00:00Z,GAS,GAS FIRED STEAM,993.7957482804193,2599
2022-07-18T10:00:00Z,GAS,SIMPLE CYCLE,354.0147449614273,1230
2022-07-18T10:00:00Z,HYDRO,HYDRO,257.97454457226723,894
2022-07-18T10:00:00Z,OTHER,BIOMASS,85.77024886449178,154
2022-07-18T10:00:00Z,OTHER,GAS,0,10
2022-07-18T10:00:00Z,OTHER,GAS COGEN,0,58
2022-07-18T10:00:00Z,OTHER,OIL/GAS,40.48072617212931,53
2022-07-18T10:00:00Z,OTHER,WOOD/REFUSE,85.4231328672833,149
2022-07-18T10:00:00Z,SOLAR,SOLAR,0,977
2022-07-18T10:00:00Z,WIND,WIND,481.36838716199003,2269
2022-07-18T11:00:00Z,COAL,COAL,1217.9642356703016,1266
2022-07-18T11:00:00Z,ENERGY STORAGE,ENERGY STORAGE,-0.16566682391696505,50
2022-07-18T11:00:00Z,GAS,COGENERATION,3654.551479389535,5189
2022-07-18T11:00:00Z,GAS,COMBINED CYCLE,1281.6924187164836,1810
2022-07-18T11:00:00Z,GAS,GAS FIRED STEAM,1090.2947370825873,2599
2022-07-18T11:00:00Z,GAS,SIMPLE CYCLE,443.5951112115383,1230
2022-07-18T11:00:00Z,HYDRO,HYDRO,319.89113965789477,894
2022-07-18T11:00:00Z,OTHER,BIOMASS,85.73095710489484,154
2022-07-18T11:00:00Z,OTHER,GAS,0,10
2022-07-18T11:00:00Z,OTHER,GAS COGEN,0,58
2022-07-18T11:00:00Z,OTHER,OIL/GAS,40.80201609717475,53
2022-07-18T11:00:00Z,OTHER,WOOD/REFUSE,90.29430019219716,149
2022-07-18T11:00:00Z,SOLAR,SOLAR,0,977
2022-07-18T11:00:00Z,WIND,WIND,325.91169728544025,2269
2022-07-18T12:00:00Z,COAL,COAL,1219.0798000759548,1266
2022-07-18T12:00:00Z,ENERGY STORAGE,ENERGY STORAGE,0,50
2022-07-18T12:00:00Z,GAS,COGENERATION,3661.2846055028176,5189
2022-07-18T12:00:00Z,GAS,COMBINED CYCLE,1327.0614654148949,1810
2022-07-18T12:00:00Z,GAS,GAS FIRED STEAM,1323.788435306549,2599
2022-07-18T12:00:00Z,GAS,SIMPLE CYCLE,498.0766975530651,1230
2022-07-18T12:00:00Z,HYDRO,HYDRO,347.06970766358904,894
2022-07-18T12:00:00Z,OTHER,BIOMASS,88.71733914481268,154
2022-07-18T12:00:00Z,OTHER,GAS,0,10
2022-07-18T12:00:00Z,OTHER,GAS COGEN,0,58
2022-07-18T12:00:00Z,OTHER,OIL/GAS,40.551555218166776,53
2022-07-18T12:00:00Z,OTHER,WOOD/REFUSE,94.0471891869439,149
2022-07-18T12:00:00Z,SOLAR,SOLAR,3.145166585130824,977
2022-07-18T12:00:00Z,WIND,WIND,199.1629809492371,2269
2022-07-18T13:00:00Z,COAL,COAL,1219.5647911071778,1266
2022-07-18T13:00:00Z,ENERGY STORAGE,ENERGY STORAGE,0,50
2022-07-18T13:00:00Z,GAS,COGENERATION,3701.4427186587122,5189
2022-07-18T13:00:00Z,GAS,COMBINED CYCLE,1365.4184596729608,1810
2022-07-18T13:00:00Z,GAS,GAS FIRED STEAM,1252.1793680848016,2599
2022-07-18T13:00:00Z,GAS,SIMPLE CYCLE,522.8049843889806,1230
2022-07-18T13:00:00Z,HYDRO,HYDRO,348.1267783367634,894
2022-07-18T13:00:00Z,OTHER,BIOMASS,88.48908834192488,154
2022-07-18T13:00:00Z,OTHER,GAS,0,10
2022-07-18T13:00:00Z,OTHER,GAS COGEN,0,58
2022-07-18T13:00:00Z,OTHER,OIL/GAS,40.87329330868191,53
2022-07-18T13:00:00Z,OTHER,WOOD/REFUSE,94.55288123236762,149
2022-07-18T13:00:00Z,SOLAR,SOLAR,72.79027643457054,977
2022-07-18T13:00:00Z,WIND,WIND,265.71241126767876,2269
2022-07-18T14:00:00Z,COAL,COAL,1221.0731861199272,1266
2022-07-18T14:00:00Z,ENERGY STORAGE,ENERGY STORAGE,0,50
2022-07-18T14:00:00Z,GAS,COGENERATION,3676.1418973431323,5189
2022-07-18T14:00:00Z,GAS,COMBINED CYCLE,1411.7563432407378,1810
2022-07-18T14:00:00Z,GAS,GAS FIRED STEAM,1267.2455251312256,2599
2022-07-18T14:00:00Z,GAS,SIMPLE CYCLE,603.6939595310556,1230
2022-07-18T14:00:00Z,HYDRO,HYDRO,447.00757649421695,894
2022-07-18T14:00:00Z,OTHER,BIOMASS,86.91396622286902,154
2022-07-18T14:00:00Z,OTHER,GAS,0,10
2022-07-18T14:00:00Z,OTHER,GAS COGEN,0,58
2022-07-18T14:00:00Z,OTHER,OIL/GAS,41.68787587907579,53
2022-07-18T14:00:00Z,OTHER,WOOD/REFUSE,94.15674675941467,149
2022-07-18T14:00:00Z,SOLAR,SOLAR,139.4538867283033,977
2022-07-18T14:00:00Z,WIND,WIND,204.22595167069798,2269
2022-07-18T15:00:00Z,COAL,COAL,1218.5857450697158,1266
2022-07-18T15:00:00Z,ENERGY STORAGE,ENERGY STORAGE,0,50
2022-07-18T15:00:00Z,GAS,COGENERATION,3676.0213445908494,5189
2022-07-18T15:00:00Z,GAS,COMBINED CYCLE,1434.3736590925853,1810
2022-07-18T15:00:00Z,GAS,GAS FIRED STEAM,1314.0572751193577,2599
2022-07-18T15:00:00Z,GAS,SIMPLE CYCLE,616.9338955389129,1230
2022-07-18T15:00:00Z,HYDRO,HYDRO,485.2780203821924,894
2022-07-18T15:00:00Z,OTHER,BIOMASS,89.59124133057064,154
2022-07-18T15:00:00Z,OTHER,GAS,0,10
2022-07-18T15:00:00Z,OTHER,GAS COGEN,0,58
2022-07-18T15:00:00Z,OTHER,OIL/GAS,40.497510492536755,53
2022-07-18T15:00:00Z,OTHER,WOOD/REFUSE,92.95856398264567,149
2022-07-18T15:00:00Z,SOLAR,SOLAR,110.8299982257353,977
2022-07-18T15:00:00Z,WIND,WIND,363.2003545098172,2269
2022-07-18T16:00:00Z,COAL,COAL,1219.6194862365724,1266
2022-07-18T16:00:00Z,ENERGY STORAGE,ENERGY STORAGE,0,50
2022-07-18T16:00:00Z,GAS,COGENERATION,3674.374124580638,5189
2022-07-18T16:00:00Z,GAS,COMBINED CYCLE,1460.0728726069133,1810
2022-07-18T16:00:00Z,GAS,GAS FIRED STEAM,1276.9826331859165,2599
2022-07-18T16:00:00Z,GAS,SIMPLE CYCLE,618.5666478147214,1230
2022-07-18T16:00:00Z,HYDRO,HYDRO,470.33229438039996,894
2022-07-18T16:00:00Z,OTHER,BIOMASS,85.82442322174708,154
2022-07-18T16:00:00Z,OTHER,GAS,0,10
2022-07-18T16:00:00Z,OTHER,GAS COGEN,0,58
2022-07-18T16:00:00Z,OTHER,OIL/GAS,40.71240184783935,53
2022-07-18T16:00:00Z,OTHER,WOOD/REFUSE,94.44884169313643,149
2022-07-18T16:00:00Z,SOLAR,SOLAR,103.21622016063995,977
2022-07-18T16:00:00Z,WIND,WIND,593.6916005155445,2269
2022-07-18T17:00:00Z,COAL,COAL,1219.7396759372286,1266
2022-07-18T17:00:00Z,ENERGY STORAGE,ENERGY STORAGE,0,50
2022-07-18T17:00:00Z,GAS,COGENERATION,3634.4843453574344,5189
2022-07-18T17:00:00Z,GAS,COMBINED CYCLE,1514.9570834763845,1810
2022-07-18T17:00:00Z,GAS,GAS FIRED STEAM,1260.565874871148,2599
2022-07-18T17:00:00Z,GAS,SIMPLE CYCLE,610.3387310059866,1230
2022-07-18T17:00:00Z,HYDRO,HYDRO,502.56367704987525,894
2022-07-18T17:00:00Z,OTHER,BIOMASS,86.9992133278317,154
2022-07-18T17:00:00Z,OTHER,GAS,0,10
2022-07-18T17:00:00Z,OTHER,GAS COGEN,0,58
2022-07-18T17:00:00Z,OTHER,OIL/GAS,40.39574891620212,53
2022-07-18T17:00:00Z,OTHER,WOOD/REFUSE,94.58064761267768,149
2022-07-18T17:00:00Z,SOLAR,SOLAR,57.98450952849455,977
2022-07-18T17:00:00Z,WIND,WIND,720.6802822747826,2269
2022-07-18T18:00:00Z,COAL,COAL,1225.589243282742,1266
2022-07-18T18:00:00Z,ENERGY STORAGE,ENERGY STORAGE,0,50
2022-07-18T18:00:00Z,GAS,COGENERATION,3596.32595398585,5189
2022-07-18T18:00:00Z,GAS,COMBINED CYCLE,1512.0131560069653,1810
2022-07-18T18:00:00Z,GAS,GAS FIRED STEAM,1344.0417727194892,2599
2022-07-18T18:00:00Z,GAS,SIMPLE CYCLE,600.3792053340873,1230
2022-07-18T18:00:00Z,HYDRO,HYDRO,433.7462545724048,894
2022-07-18T18:00:00Z,OTHER,BIOMASS,86.0075596470303,154
2022-07-18T18:00:00Z,OTHER,GAS,0,10
2022-07-18T18:00:00Z,OTHER,GAS COGEN,0,58
2022-07-18T18:00:00Z,OTHER,OIL/GAS,40.32489328596327,53
2022-07-18T18:00:00Z,OTHER,WOOD/REFUSE,93.93720576816136,149
2022-07-18T18:00:00Z,SOLAR,SOLAR,81.58238732563125,977
2022-07-18T18:00:00Z,WIND,WIND,829.6581545226442,2269
2022-07-18T19:00:00Z,COAL,COAL,1232.7423534478082,1266
2022-07-18T19:00:00Z,ENERGY STORAGE,ENERGY STORAGE,0,50
2022-07-18T19:00:00Z,GAS,COGENERATION,3587.3691599606145,5189
2022-07-18T19:00:00Z,GAS,COMBINED CYCLE,1444.173285150528,1810
2022-07-18T19:00:00Z,GAS,GAS FIRED STEAM,1300.5589727274576,2599
2022-07-18T19:00:00Z,GAS,SIMPLE CYCLE,573.9943094976743,1230
2022-07-18T19:00:00Z,HYDRO,HYDRO,371.23542312979697,894
2022-07-18T19:00:00Z,OTHER,BIOMASS,86.19031762944327,154
2022-07-18T19:00:00Z,OTHER,GAS,0,10
2022-07-18T19:00:00Z,OTHER,GAS COGEN,0,58
2022-07-18T19:00:00Z,OTHER,OIL/GAS,40.93974946975708,53
2022-07-18T19:00:00Z,OTHER,WOOD/REFUSE,91.77497154606714,149
2022-07-18T19:00:00Z,SOLAR,SOLAR,164.47388561061686,977
2022-07-18T19:00:00Z,WIND,WIND,1135.6539839956495,2269
2022-07-18T20:00:00Z,COAL,COAL,1233.4129067314996,1266
2022-07-18T20:00:00Z,ENERGY STORAGE,ENERGY STORAGE,0,50
2022-07-18T20:00:00Z,GAS,COGENERATION,3577.3461823540265,5189
2022-07-18T20:00:00Z,GAS,COMBINED CYCLE,1372.8536890008716,1810
2022-07-18T20:00:00Z,GAS,GAS FIRED STEAM,1210.8629035313925,2599
2022-07-18T20:00:00Z,GAS,SIMPLE CYCLE,603.0354390882121,1230
2022-07-18T20:00:00Z,HYDRO,HYDRO,391.70852145022815,894
2022-07-18T20:00:00Z,OTHER,BIOMASS,86.97515280564626,154
2022-07-18T20:00:00Z,OTHER,GAS,0,10
2022-07-18T20:00:00Z,OTHER,GAS COGEN,0,58
2022-07-18T20:00:00Z,OTHER,OIL/GAS,40.55247652265761,53
2022-07-18T20:00:00Z,OTHER,WOOD/REFUSE,87.14765689425998,149
2022-07-18T20:00:00Z,SOLAR,SOLAR,242.48055160969494,977
2022-07-18T20:00:00Z,WIND,WIND,942.7821221929293,2269
2022-07-18T21:00:00Z,COAL,COAL,1231.8174932691786,1266
2022-07-18T21:00:00Z,ENERGY STORAGE,ENERGY STORAGE,0,50
2022-07-18T21:00:00Z,GAS,COGENERATION,3542.2201848943364,5189
2022-07-18T21:00:00Z,GAS,COMBINED CYCLE,1349.0568181652493,1810
2022-07-18T21:00:00Z,GAS,GAS FIRED STEAM,1165.2493349075316,2599
2022-07-18T21:00:00Z,GAS,SIMPLE CYCLE,543.5567908027436,1230
2022-07-18T21:00:00Z,HYDRO,HYDRO,329.50025585439477,894
2022-07-18T21:00:00Z,OTHER,BIOMASS,82.76646446678373,154
2022-07-18T21:00:00Z,OTHER,GAS,0,10
2022-07-18T21:00:00Z,OTHER,GAS COGEN,0,58
2022-07-18T21:00:00Z,OTHER,OIL/GAS,40.7783708190918,53
2022-07-18T21:00:00Z,OTHER,WOOD/REFUSE,83.22971515019735,149
2022-07-18T21:00:00Z,SOLAR,SOLAR,193.87844023217758,977
2022-07-18T21:00:00Z,WIND,WIND,1325.1523922360605,2269
2022-07-18T22:00:00Z,COAL,COAL,1231.9039009941948,1266
2022-07-18T22:00:00Z,ENERGY STORAGE,ENERGY STORAGE,0,50
2022-07-18T22:00:00Z,GAS,COGENERATION,3534.024994434383,5189
2022-07-18T22:00:00Z,GAS,COMBINED CYCLE,1336.8992535156674,1810
2022-07-18T22:00:00Z,GAS,GAS FIRED STEAM,1017.1530038833619,2599
2022-07-18T22:00:00Z,GAS,SIMPLE CYCLE,585.0123853789436,1230
2022-07-18T22:00:00Z,HYDRO,HYDRO,351.7732319715288,894
2022-07-18T22:00:00Z,OTHER,BIOMASS,76.98810848342049,154
2022-07-18T22:00:00Z,OTHER,GAS,0,10
2022-07-18T22:00:00Z,OTHER,GAS COGEN,0,58
2022-07-18T22:00:00Z,OTHER,OIL/GAS,40.7224049864875,53
2022-07-18T22:00:00Z,OTHER,WOOD/REFUSE,80.2889630148146,149
2022-07-18T22:00:00Z,SOLAR,SOLAR,162.16071967909733,977
2022-07-18T22:00:00Z,WIND,WIND,1592.1902493956106,2269
2022-07-18T23:00:00Z,COAL,COAL,1231.35069196913,1266
2022-07-18T23:00:00Z,ENERGY STORAGE,ENERGY STORAGE,0,50
2022-07-18T23:00:00Z,GAS,COGENERATION,3542.9527396277585,5189
2022-07-18T23:00:00Z,GAS,COMBINED CYCLE,1350.1820783514445,1810
2022-07-18T23:00:00Z,GAS,GAS FIRED STEAM,1088.5992027197944,2599
2022-07-18T23:00:00Z,GAS,SIMPLE CYCLE,569.3115379307005,1230
2022-07-18T23:00:00Z,HYDRO,HYDRO,366.92607475055587,894
2022-07-18T23:00:00Z,OTHER,BIOMASS,74.61417522801293,154
2022-07-18T23:00:00Z,OTHER,GAS,0,10
2022-07-18T23:00:00Z,OTHER,GAS COGEN,0,58
2022-07-18T23:00:00Z,OTHER,OIL/GAS,39.663093910217285,53
2022-07-18T23:00:00Z,OTHER,WOOD/REFUSE,81.04914818657768,149
2022-07-18T23:00:00Z,SOLAR,SOLAR,132.62488668700058,977
2022-07-18T23:00:00Z,WIND,WIND,1577.1989062454552,2269
2022-07-19T00:00:00Z,COAL,COAL,1232.289131503635,1266
2022-07-19T00:00:00Z,ENERGY STORAGE,ENERGY STORAGE,-0.0871112060546875,50
2022-07-19T00:00:00Z,GAS,COGENERATION,3554.2799367508624,5189
2022-07-19T00:00:00Z,GAS,COMBINED CYCLE,1348.8830006896126,1810
2022-07-19T00:00:00Z,GAS,GAS FIRED STEAM,1029.1729539320204,2599
2022-07-19T00:00:00Z,GAS,SIMPLE CYCLE,568.9496323495441,1230
2022-07-19T00:00:00Z,HYDRO,HYDRO,380.91467489825357,894
2022-07-19T00:00:00Z,OTHER,BIOMASS,73.84653683132596,154
2022-07-19T00:00:00Z,OTHER,GAS,0,10
2022-07-19T00:00:00Z,OTHER,GAS COGEN,0,58
2022-07-19T00:00:00Z,OTHER,OIL/GAS,37.58649852116903,53
2022-07-19T00:00:00Z,OTHER,WOOD/REFUSE,80.39935400750902,149
2022-07-19T00:00:00Z,SOLAR,SOLAR,50.45638807727231,977
2022-07-19T00:00:00Z,WIND,WIND,1572.5677792523531,2269
2022-07-19T01:00:00Z,COAL,COAL,1247.9486844719781,1266
2022-07-19T01:00:00Z,ENERGY STORAGE,ENERGY STORAGE,-1.1688895331488716,50
2022-07-19T01:00:00Z,GAS,COGENERATION,3572.4133722238907,5189
2022-07-19T01:00:00Z,GAS,COMBINED CYCLE,1366.5135894362131,1810
2022-07-19T01:00:00Z,GAS,GAS FIRED STEAM,1327.6601305558947,2599
2022-07-19T01:00:00Z,GAS,SIMPLE CYCLE,553.0240951122178,1230
2022-07-19T01:00:00Z,HYDRO,HYDRO,401.5658666759067,894
2022-07-19T01:00:00Z,OTHER,BIOMASS,70.71054925547706,154
2022-07-19T01:00:00Z,OTHER,GAS,0,10
2022-07-19T01:00:00Z,OTHER,GAS COGEN,0,58
2022-07-19T01:00:00Z,OTHER,OIL/GAS,38.32192715538873,53
2022-07-19T01:00:00Z,OTHER,WOOD/REFUSE,88.48633918868171,149
2022-07-19T01:00:00Z,SOLAR,SOLAR,13.49522212886976,977
2022-07-19T01:00:00Z,WIND,WIND,1466.6872058851459,2269
2022-07-19T02:00:00Z,COAL,COAL,1252.3937945217558,1266
2022-07-19T02:00:00Z,ENERGY STORAGE,ENERGY STORAGE,-0.9057774183485243,50
2022-07-19T02:00:00Z,GAS,COGENERATION,3594.192815976739,5189
2022-07-19T02:00:00Z,GAS,COMBINED CYCLE,1337.4969449133343,1810
2022-07-19T02:00:00Z,GAS,GAS FIRED STEAM,1216.0389908091227,2599
2022-07-19T02:00:00Z,GAS,SIMPLE CYCLE,488.8159335440397,1230
2022-07-19T02:00:00Z,HYDRO,HYDRO,381.46109543442725,894
2022-07-19T02:00:00Z,OTHER,BIOMASS,76.30970560444726,154
2022-07-19T02:00:00Z,OTHER,GAS,0,10
2022-07-19T02:00:00Z,OTHER,GAS COGEN,0,58
2022-07-19T02:00:00Z,OTHER,OIL/GAS,37.37850501378377,53
2022-07-19T02:00:00Z,OTHER,WOOD/REFUSE,86.82395139429305,149
2022-07-19T02:00:00Z,SOLAR,SOLAR,7.8565554613371695,977
2022-07-19T02:00:00Z,WIND,WIND,1177.5851963793405,2269
2022-07-19T03:00:00Z,COAL,COAL,1249.737024705675,1266
2022-07-19T03:00:00Z,ENERGY STORAGE,ENERGY STORAGE,-0.9076107607947455,50
2022-07-19T03:00:00Z,GAS,COGENERATION,3621.499066032171,5189
2022-07-19T03:00:00Z,GAS,COMBINED CYCLE,1330.714918284946,1810
2022-07-19T03:00:00Z,GAS,GAS FIRED STEAM,1294.832841750251,2599
2022-07-19T03:00:00Z,GAS,SIMPLE CYCLE,471.06823558691474,1230
2022-07-19T03:00:00Z,HYDRO,HYDRO,341.1582462983662,894
2022-07-19T03:00:00Z,OTHER,BIOMASS,82.10443799601661,154
2022-07-19T03:00:00Z,OTHER,GAS,0,10
2022-07-19T03:00:00Z,OTHER,GAS COGEN,0,58
2022-07-19T03:00:00Z,OTHER,OIL/GAS,37.90367057588365,53
2022-07-19T03:00:00Z,OTHER,WOOD/REFUSE,93.10968048890432,149
2022-07-19T03:00:00Z,SOLAR,SOLAR,1.3453888680371975,977
2022-07-19T03:00:00Z,WIND,WIND,1002.3408039838738,2269
2022-07-19T04:00:00Z,COAL,COAL,1249.9685721672904,1266
2022-07-19T04:00:00Z,ENERGY STORAGE,ENERGY STORAGE,-0.9151107872856987,50
2022-07-19T04:00:00Z,GAS,COGENERATION,3641.325835655398,5189
2022-07-19T04:00:00Z,GAS,COMBINED CYCLE,1360.8595894331402,1810
2022-07-19T04:00:00Z,GAS,GAS FIRED STEAM,1076.1395240444608,2599
2022-07-19T04:00:00Z,GAS,SIMPLE CYCLE,307.84668990022607,1230
2022-07-19T04:00:00Z,HYDRO,HYDRO,304.6810723161697,894
2022-07-19T04:00:00Z,OTHER,BIOMASS,83.2842121802436,154
2022-07-19T04:00:00Z,OTHER,GAS,0,10
2022-07-19T04:00:00Z,OTHER,GAS COGEN,0,58
2022-07-19T04:00:00Z,OTHER,OIL/GAS,36.494926622178816,53
2022-07-19T04:00:00Z,OTHER,WOOD/REFUSE,86.78374610688951,149
2022-07-19T04:00:00Z,SOLAR,SOLAR,0,977
2022-07-19T04:00:00Z,WIND,WIND,1290.4287216217485,2269
2022-07-19T05:00:00Z,COAL,COAL,930.9123533799914,1266
2022-07-19T05:00:00Z,ENERGY STORAGE,ENERGY STORAGE,2.3191673617892796,50
2022-07-19T05:00:00Z,GAS,COGENERATION,3625.0224588626456,5189
2022-07-19T05:00:00Z,GAS,COMBINED CYCLE,1370.991730881797,1810
2022-07-19T05:00:00Z,GAS,GAS FIRED STEAM,876.2812180752225,2599
2022-07-19T05:00:00Z,GAS,SIMPLE CYCLE,256.37009635428586,1230
2022-07-19T05:00:00Z,HYDRO,HYDRO,315.72691025906136,894
2022-07-19T05:00:00Z,OTHER,BIOMASS,86.47891942289141,154
2022-07-19T05:00:00Z,OTHER,GAS,0,10
2022-07-19T05:00:00Z,OTHER,GAS COGEN,0,58
2022-07-19T05:00:00Z,OTHER,OIL/GAS,35.903265948825414,53
2022-07-19T05:00:00Z,OTHER,WOOD/REFUSE,84.16144038041432,149
2022-07-19T05:00:00Z,SOLAR,SOLAR,0,977
2022-07-19T05:00:00Z,WIND,WIND,1466.3250719122589,2269
2022-07-19T06:00:00Z,COAL,COAL,840.292137705485,1266
2022-07-19T06:00:00Z,ENERGY STORAGE,ENERGY STORAGE,-2.1000551806555854,50
2022-07-19T06:00:00Z,GAS,COGENERATION,3620.084851239456,5189
2022-07-19T06:00:00Z,GAS,COMBINED CYCLE,1276.8077181169722,1810
2022-07-19T06:00:00Z,GAS,GAS FIRED STEAM,746.3650198851691,2599
2022-07-19T06:00:00Z,GAS,SIMPLE CYCLE,245.4025755417347,1230
2022-07-19T06:00:00Z,HYDRO,HYDRO,295.2578445847829,894
2022-07-19T06:00:00Z,OTHER,BIOMASS,85.33469285117255,154
2022-07-19T06:00:00Z,OTHER,GAS,0,10
2022-07-19T06:00:00Z,OTHER,GAS COGEN,0,58
2022-07-19T06:00:00Z,OTHER,OIL/GAS,35.20288294898139,53
2022-07-19T06:00:00Z,OTHER,WOOD/REFUSE,78.64483567926618,149
2022-07-19T06:00:00Z,SOLAR,SOLAR,0,977
2022-07-19T06:00:00Z,WIND,WIND,1533.9130233361986,2269
2022-07-19T07:00:00Z,COAL,COAL,835.958518205219,1266
2022-07-19T07:00:00Z,ENERGY STORAGE,ENERGY STORAGE,-1.8678328291575113,50
2022-07-19T07:00:00Z,GAS,COGENERATION,3633.0530818513366,5189
2022-07-19T07:00:00Z,GAS,COMBINED CYCLE,1294.9943210283916,1810
2022-07-19T07:00:00Z,GAS,GAS FIRED STEAM,762.6025279193454,2599
2022-07-19T07:00:00Z,GAS,SIMPLE CYCLE,116.6507949636711,1230
2022-07-19T07:00:00Z,HYDRO,HYDRO,325.4036648680105,894
2022-07-19T07:00:00Z,OTHER,BIOMASS,86.04090104897817,154
2022-07-19T07:00:00Z,OTHER,GAS,0,10
2022-07-19T07:00:00Z,OTHER,GAS COGEN,0,58
2022-07-19T07:00:00Z,OTHER,OIL/GAS,17.613761002752515,53
2022-07-19T07:00:00Z,OTHER,WOOD/REFUSE,79.0820668522517,149
2022-07-19T07:00:00Z,SOLAR,SOLAR,0,977
2022-07-19T07:00:00Z,WIND,WIND,1584.5803312378127,2269
2022-07-19T08:00:00Z,COAL,COAL,922.5693547736274,1266
2022-07-19T08:00:00Z,ENERGY STORAGE,ENERGY STORAGE,-1.9017218473222521,50
2022-07-19T08:00:00Z,GAS,COGENERATION,3542.831155328287,5189
2022-07-19T08:00:00Z,GAS,COMBINED CYCLE,1242.2394082281326,1810
2022-07-19T08:00:00Z,GAS,GAS FIRED STEAM,693.5660183080038,2599
2022-07-19T08:00:00Z,GAS,SIMPLE CYCLE,147.11753391974503,1230
2022-07-19T08:00:00Z,HYDRO,HYDRO,295.212234889004,894
2022-07-19T08:00:00Z,OTHER,BIOMASS,87.26048730055491,154
2022-07-19T08:00:00Z,OTHER,GAS,0,10
2022-07-19T08:00:00Z,OTHER,GAS COGEN,0,58
2022-07-19T08:00:00Z,OTHER,OIL/GAS,2.894472184843487,53
2022-07-19T08:00:00Z,OTHER,WOOD/REFUSE,77.82443824344212,149
2022-07-19T08:00:00Z,SOLAR,SOLAR,0,977
2022-07-19T08:00:00Z,WIND,WIND,1605.912285290824,2269
2022-07-19T09:00:00Z,COAL,COAL,1070.2037818230524,1266
2022-07-19T09:00:00Z,ENERGY STORAGE,ENERGY STORAGE,-0.9427777936723498,50
2022-07-19T09:00:00Z,GAS,COGENERATION,3493.9531810305516,5189
2022-07-19T09:00:00Z,GAS,COMBINED CYCLE,1157.4878214173846,1810
2022-07-19T09:00:00Z,GAS,GAS FIRED STEAM,670.9412609142727,2599
2022-07-19T09:00:00Z,GAS,SIMPLE CYCLE,142.6155828332901,1230
2022-07-19T09:00:00Z,HYDRO,HYDRO,299.32446028312046,894
2022-07-19T09:00:00Z,OTHER,BIOMASS,85.15496038330926,154
2022-07-19T09:00:00Z,OTHER,GAS,0,10
2022-07-19T09:00:00Z,OTHER,GAS COGEN,0,58
2022-07-19T09:00:00Z,OTHER,OIL/GAS,7.064972047805786,53
2022-07-19T09:00:00Z,OTHER,WOOD/REFUSE,78.50102083683014,149
2022-07-19T09:00:00Z,SOLAR,SOLAR,0,977
2022-07-19T09:00:00Z,WIND,WIND,1480.0559379733934,2269
2022-07-19T10:00:00Z,COAL,COAL,1143.2446804300944,1266
2022-07-19T10:00:00Z,ENERGY STORAGE,ENERGY STORAGE,-0.20055632061428497,50
2022-07-19T10:00:00Z,GAS,COGENERATION,3511.599664141668,5189
2022-07-19T10:00:00Z,GAS,COMBINED CYCLE,1152.19241701444,1810
2022-07-19T10:00:00Z,GAS,GAS FIRED STEAM,698.3602635531955,2599
2022-07-19T10:00:00Z,GAS,SIMPLE CYCLE,118.65731404731672,1230
2022-07-19T10:00:00Z,HYDRO,HYDRO,332.7402075601949,894
2022-07-19T10:00:00Z,OTHER,BIOMASS,84.19361328813764,154
2022-07-19T10:00:00Z,OTHER,GAS,0,10
2022-07-19T10:00:00Z,OTHER,GAS COGEN,0,58
2022-07-19T10:00:00Z,OTHER,OIL/GAS,2.734833286603292,53
2022-07-19T10:00:00Z,OTHER,WOOD/REFUSE,77.92397032207913,149
2022-07-19T10:00:00Z,SOLAR,SOLAR,0,977
2022-07-19T10:00:00Z,WIND,WIND,1371.413274973366,2269
2022-07-19T11:00:00Z,COAL,COAL,1072.284012145996,1266
2022-07-19T11:00:00Z,ENERGY STORAGE,ENERGY STORAGE,-0.1563894854651557,50
2022-07-19T11:00:00Z,GAS,COGENERATION,3544.0797625170812,5189
2022-07-19T11:00:00Z,GAS,COMBINED CYCLE,1187.7809957170487,1810
2022-07-19T11:00:00Z,GAS,GAS FIRED STEAM,687.9107169066535,2599
2022-07-19T11:00:00Z,GAS,SIMPLE CYCLE,98.76864807367325,1230
2022-07-19T11:00:00Z,HYDRO,HYDRO,326.500754285521,894
2022-07-19T11:00:00Z,OTHER,BIOMASS,86.28425370163387,154
2022-07-19T11:00:00Z,OTHER,GAS,0,10
2022-07-19T11:00:00Z,OTHER,GAS COGEN,0,58
2022-07-19T11:00:00Z,OTHER,OIL/GAS,0,53
2022-07-19T11:00:00Z,OTHER,WOOD/REFUSE,78.19236252943674,149
2022-07-19T11:00:00Z,SOLAR,SOLAR,0.12499999549653795,977
2022-07-19T11:00:00Z,WIND,WIND,1404.325027528339,2269
2022-07-19T12:00:00Z,COAL,COAL,1145.0429533386232,1266
2022-07-19T12:00:00Z,ENERGY STORAGE,ENERGY STORAGE,0,50
2022-07-19T12:00:00Z,GAS,COGENERATION,3651.8514259278777,5189
2022-07-19T12:00:00Z,GAS,COMBINED CYCLE,1247.0215846570334,1810
2022-07-19T12:00:00Z,GAS,GAS FIRED STEAM,684.9974936760797,2599
2022-07-19T12:00:00Z,GAS,SIMPLE CYCLE,99.00428294334147,1230
2022-07-19T12:00:00Z,HYDRO,HYDRO,325.6142633485794,894
2022-07-19T12:00:00Z,OTHER,BIOMASS,84.71741382757821,154
2022-07-19T12:00:00Z,OTHER,GAS,0,10
2022-07-19T12:00:00Z,OTHER,GAS COGEN,0,58
2022-07-19T12:00:00Z,OTHER,OIL/GAS,0,53
2022-07-19T12:00:00Z,OTHER,WOOD/REFUSE,77.937963075108,149
2022-07-19T12:00:00Z,SOLAR,SOLAR,57.424054637187055,977
2022-07-19T12:00:00Z,WIND,WIND,1404.8091397160954,2269
2022-07-19T13:00:00Z,COAL,COAL,1238.7070119730631,1266
2022-07-19T13:00:00Z,ENERGY STORAGE,ENERGY STORAGE,0,50
2022-07-19T13:00:00Z,GAS,COGENERATION,3650.5324380957913,5189
2022-07-19T13:00:00Z,GAS,COMBINED CYCLE,1301.7346717309952,1810
2022-07-19T13:00:00Z,GAS,GAS FIRED STEAM,704.8923434193929,2599
2022-07-19T13:00:00Z,GAS,SIMPLE CYCLE,132.9785490762194,1230
2022-07-19T13:00:00Z,HYDRO,HYDRO,370.2173638678922,894
2022-07-19T13:00:00Z,OTHER,BIOMASS,83.6313455915451,154
2022-07-19T13:00:00Z,OTHER,GAS,0,10
2022-07-19T13:00:00Z,OTHER,GAS COGEN,0,58
2022-07-19T13:00:00Z,OTHER,OIL/GAS,0,53
2022-07-19T13:00:00Z,OTHER,WOOD/REFUSE,77.51772397571139,149
2022-07-19T13:00:00Z,SOLAR,SOLAR,265.89738365527654,977
2022-07-19T13:00:00Z,WIND,WIND,1304.0979218860466,2269
2022-07-19T14:00:00Z,COAL,COAL,1245.8942945861818,1266
2022-07-19T14:00:00Z,ENERGY STORAGE,ENERGY STORAGE,0,50
2022-07-19T14:00:00Z,GAS,COGENERATION,3670.618380796909,5189
2022-07-19T14:00:00Z,GAS,COMBINED CYCLE,1298.8646422900094,1810
2022-07-19T14:00:00Z,GAS,GAS FIRED STEAM,893.4648725806343,2599
2022-07-19T14:00:00Z,GAS,SIMPLE CYCLE,204.9287709666292,1230
2022-07-19T14:00:00Z,HYDRO,HYDRO,382.6221379158232,894
2022-07-19T14:00:00Z,OTHER,BIOMASS,84.07654769738517,154
2022-07-19T14:00:00Z,OTHER,GAS,0,10
2022-07-19T14:00:00Z,OTHER,GAS COGEN,0,58
2022-07-19T14:00:00Z,OTHER,OIL/GAS,0,53
2022-07-19T14:00:00Z,OTHER,WOOD/REFUSE,75.48575421227349,149
2022-07-19T14:00:00Z,SOLAR,SOLAR,491.24398955755765,977
2022-07-19T14:00:00Z,WIND,WIND,1071.8505309658249,2269
2022-07-19T15:00:00Z,COAL,COAL,1251.1211899820964,1266
2022-07-19T15:00:00Z,ENERGY STORAGE,ENERGY STORAGE,0,50
2022-07-19T15:00:00Z,GAS,COGENERATION,3642.88169531251,5189
2022-07-19T15:00:00Z,GAS,COMBINED CYCLE,1338.730721932517,1810
2022-07-19T15:00:00Z,GAS,GAS FIRED STEAM,838.0268149375916,2599
2022-07-19T15:00:00Z,GAS,SIMPLE CYCLE,242.65490409586164,1230
2022-07-19T15:00:00Z,HYDRO,HYDRO,351.8256353614065,894
2022-07-19T15:00:00Z,OTHER,BIOMASS,83.6270823653539,154
2022-07-19T15:00:00Z,OTHER,GAS,0,10
2022-07-19T15:00:00Z,OTHER,GAS COGEN,0,58
2022-07-19T15:00:00Z,OTHER,OIL/GAS,0,53
2022-07-19T15:00:00Z,OTHER,WOOD/REFUSE,76.07960082795884,149
2022-07-19T15:00:00Z,SOLAR,SOLAR,580.8823270058632,977
2022-07-19T15:00:00Z,WIND,WIND,1022.3564741287049,2269
2022-07-19T16:00:00Z,COAL,COAL,1248.0142346700034,1266
2022-07-19T16:00:00Z,ENERGY STORAGE,ENERGY STORAGE,0,50
2022-07-19T16:00:00Z,GAS,COGENERATION,3636.967635662887,5189
2022-07-19T16:00:00Z,GAS,COMBINED CYCLE,1333.422780252033,1810
2022-07-19T16:00:00Z,GAS,GAS FIRED STEAM,955.1713870875041,2599
2022-07-19T16:00:00Z,GAS,SIMPLE CYCLE,280.23675196084713,1230
2022-07-19T16:00:00Z,HYDRO,HYDRO,368.17328695125053,894
2022-07-19T16:00:00Z,OTHER,BIOMASS,81.08619048860338,154
2022-07-19T16:00:00Z,OTHER,GAS,0,10
2022-07-19T16:00:00Z,OTHER,GAS COGEN,0,58
2022-07-19T16:00:00Z,OTHER,OIL/GAS,0,53
2022-07-19T16:00:00Z,OTHER,WOOD/REFUSE,76.4723396841685,149
2022-07-19T16:00:00Z,SOLAR,SOLAR,660.5257643198967,977
2022-07-19T16:00:00Z,WIND,WIND,985.0493688455638,2269
2022-07-19T17:00:00Z,COAL,COAL,1249.1455880906847,1266
2022-07-19T17:00:00Z,ENERGY STORAGE,ENERGY STORAGE,0,50
2022-07-19T17:00:00Z,GAS,COGENERATION,3616.2768861554728,5189
2022-07-19T17:00:00Z,GAS,COMBINED CYCLE,1372.1439992014568,1810
2022-07-19T17:00:00Z,GAS,GAS FIRED STEAM,1033.417543265025,2599
2022-07-19T17:00:00Z,GAS,SIMPLE CYCLE,351.6333937880728,1230
2022-07-19T17:00:00Z,HYDRO,HYDRO,391.96141463306213,894
2022-07-19T17:00:00Z,OTHER,BIOMASS,80.59386488278707,154
2022-07-19T17:00:00Z,OTHER,GAS,0,10
2022-07-19T17:00:00Z,OTHER,GAS COGEN,0,58
2022-07-19T17:00:00Z,OTHER,OIL/GAS,0,53
2022-07-19T17:00:00Z,OTHER,WOOD/REFUSE,77.5953327841229,149
2022-07-19T17:00:00Z,SOLAR,SOLAR,687.0169872967402,977
2022-07-19T17:00:00Z,WIND,WIND,838.7515183074275,2269
2022-07-19T18:00:00Z,COAL,COAL,1251.9239814249675,1266
2022-07-19T18:00:00Z,ENERGY STORAGE,ENERGY STORAGE,0,50
2022-07-19T18:00:00Z,GAS,COGENERATION,3612.904289191829,5189
2022-07-19T18:00:00Z,GAS,COMBINED CYCLE,1381.8175165017446,1810
2022-07-19T18:00:00Z,GAS,GAS FIRED STEAM,1156.8665519756742,2599
2022-07-19T18:00:00Z,GAS,SIMPLE CYCLE,341.465419673721,1230
2022-07-19T18:00:00Z,HYDRO,HYDRO,346.48398457166223,894
2022-07-19T18:00:00Z,OTHER,BIOMASS,81.81364668475257,154
2022-07-19T18:00:00Z,OTHER,GAS,0,10
2022-07-19T18:00:00Z,OTHER,GAS COGEN,0,58
2022-07-19T18:00:00Z,OTHER,OIL/GAS,0,53
2022-07-19T18:00:00Z,OTHER,WOOD/REFUSE,79.50264747036829,149
2022-07-19T18:00:00Z,SOLAR,SOLAR,667.8438256451818,977
2022-07-19T18:00:00Z,WIND,WIND,837.404564135875,2269
2022-07-19T19:00:00Z,COAL,COAL,1251.8970154825847,1266
2022-07-19T19:00:00Z,ENERGY STORAGE,ENERGY STORAGE,0,50
2022-07-19T19:00:00Z,GAS,COGENERATION,3623.181121803721,5189
2022-07-19T19:00:00Z,GAS,COMBINED CYCLE,1388.3753711530896,1810
2022-07-19T19:00:00Z,GAS,GAS FIRED STEAM,1234.0587300406562,2599
2022-07-19T19:00:00Z,GAS,SIMPLE CYCLE,345.59443290213744,1230
2022-07-19T19:00:00Z,HYDRO,HYDRO,364.1947231968409,894
2022-07-19T19:00:00Z,OTHER,BIOMASS,86.3154104479154,154
2022-07-19T19:00:00Z,OTHER,GAS,0,10
2022-07-19T19:00:00Z,OTHER,GAS COGEN,0,58
2022-07-19T19:00:00Z,OTHER,OIL/GAS,0,53
2022-07-19T19:00:00Z,OTHER,WOOD/REFUSE,85.32766832881504,149
2022-07-19T19:00:00Z,SOLAR,SOLAR,696.1394900780253,977
2022-07-19T19:00:00Z,WIND,WIND,898.6023773192449,2269
2022-07-19T20:00:00Z,COAL,COAL,1252.245670437283,1266
2022-07-19T20:00:00Z,ENERGY STORAGE,ENERGY STORAGE,0,50
2022-07-19T20:00:00Z,GAS,COGENERATION,3630.3163664355047,5189
2022-07-19T20:00:00Z,GAS,COMBINED CYCLE,1422.91641632292,1810
2022-07-19T20:00:00Z,GAS,GAS FIRED STEAM,1348.4535872183906,2599
2022-07-19T20:00:00Z,GAS,SIMPLE CYCLE,348.64412675200236,1230
2022-07-19T20:00:00Z,HYDRO,HYDRO,365.0656493988964,894
2022-07-19T20:00:00Z,OTHER,BIOMASS,83.80043318960402,154
2022-07-19T20:00:00Z,OTHER,GAS,0,10
2022-07-19T20:00:00Z,OTHER,GAS COGEN,0,58
2022-07-19T20:00:00Z,OTHER,OIL/GAS,0,53
2022-07-19T20:00:00Z,OTHER,WOOD/REFUSE,91.27158945984311,149
2022-07-19T20:00:00Z,SOLAR,SOLAR,688.6251528398196,977
2022-07-19T20:00:00Z,WIND,WIND,931.756116984437,2269
2022-07-19T21:00:00Z,COAL,COAL,1253.099963107639,1266
2022-07-19T21:00:00Z,ENERGY STORAGE,ENERGY STORAGE,0,50
2022-07-19T21:00:00Z,GAS,COGENERATION,3630.8372105334865,5189
2022-07-19T21:00:00Z,GAS,COMBINED CYCLE,1389.251383122868,1810
2022-07-19T21:00:00Z,GAS,GAS FIRED STEAM,1295.7153160773382,2599
2022-07-19T21:00:00Z,GAS,SIMPLE CYCLE,341.1250698277685,1230
2022-07-19T21:00:00Z,HYDRO,HYDRO,371.4588960488471,894
2022-07-19T21:00:00Z,OTHER,BIOMASS,82.41535414059958,154
2022-07-19T21:00:00Z,OTHER,GAS,0,10
2022-07-19T21:00:00Z,OTHER,GAS COGEN,0,58
2022-07-19T21:00:00Z,OTHER,OIL/GAS,0,53
2022-07-19T21:00:00Z,OTHER,WOOD/REFUSE,87.76086072127023,149
2022-07-19T21:00:00Z,SOLAR,SOLAR,650.4227115680112,977
2022-07-19T21:00:00Z,WIND,WIND,1145.3852665940963,2269
2022-07-19T22:00:00Z,COAL,COAL,1252.3298002285428,1266
2022-07-19T22:00:00Z,ENERGY STORAGE,ENERGY STORAGE,-5.5555767483181424e-5,50
2022-07-19T22:00:00Z,GAS,COGENERATION,3625.7239562218056,5189
2022-07-19T22:00:00Z,GAS,COMBINED CYCLE,1386.4774630387624,1810
2022-07-19T22:00:00Z,GAS,GAS FIRED STEAM,1109.0341939120822,2599
2022-07-19T22:00:00Z,GAS,SIMPLE CYCLE,389.67880286680327,1230
2022-07-19T22:00:00Z,HYDRO,HYDRO,346.54854193558293,894
2022-07-19T22:00:00Z,OTHER,BIOMASS,81.5652190844218,154
2022-07-19T22:00:00Z,OTHER,GAS,0,10
2022-07-19T22:00:00Z,OTHER,GAS COGEN,0,58
2022-07-19T22:00:00Z,OTHER,OIL/GAS,0,53
2022-07-19T22:00:00Z,OTHER,WOOD/REFUSE,83.62608021418254,149
2022-07-19T22:00:00Z,SOLAR,SOLAR,674.5313889548845,977
2022-07-19T22:00:00Z,WIND,WIND,1245.068463570455,2269
2022-07-19T23:00:00Z,COAL,COAL,1251.9213143751356,1266
2022-07-19T23:00:00Z,ENERGY STORAGE,ENERGY STORAGE,-1.1111153496636e-4,50
2022-07-19T23:00:00Z,GAS,COGENERATION,3615.6137265583707,5189
2022-07-19T23:00:00Z,GAS,COMBINED CYCLE,1364.522424776819,1810
2022-07-19T23:00:00Z,GAS,GAS FIRED STEAM,885.5785316255358,2599
2022-07-19T23:00:00Z,GAS,SIMPLE CYCLE,401.66601268334523,1230
2022-07-19T23:00:00Z,HYDRO,HYDRO,374.462088639968,894
2022-07-19T23:00:00Z,OTHER,BIOMASS,82.32208193487591,154
2022-07-19T23:00:00Z,OTHER,GAS,0,10
2022-07-19T23:00:00Z,OTHER,GAS COGEN,0,58
2022-07-19T23:00:00Z,OTHER,OIL/GAS,0,53
2022-07-19T23:00:00Z,OTHER,WOOD/REFUSE,79.36027690198686,149
2022-07-19T23:00:00Z,SOLAR,SOLAR,638.5275561310185,977
2022-07-19T23:00:00Z,WIND,WIND,1327.1233969979485,2269
2022-07-20T00:00:00Z,COAL,COAL,1252.8505086263021,1266
2022-07-20T00:00:00Z,ENERGY STORAGE,ENERGY STORAGE,-0.7545008235507542,50
2022-07-20T00:00:00Z,GAS,COGENERATION,3629.6476867768497,5189
2022-07-20T00:00:00Z,GAS,COMBINED CYCLE,1364.597976542049,1810
2022-07-20T00:00:00Z,GAS,GAS FIRED STEAM,926.8275903998481,2599
2022-07-20T00:00:00Z,GAS,SIMPLE CYCLE,421.6428251090977,1230
2022-07-20T00:00:00Z,HYDRO,HYDRO,352.8563373237186,894
2022-07-20T00:00:00Z,OTHER,BIOMASS,84.39554927561018,154
2022-07-20T00:00:00Z,OTHER,GAS,0,10
2022-07-20T00:00:00Z,OTHER,GAS COGEN,0,58
2022-07-20T00:00:00Z,OTHER,OIL/GAS,0,53
2022-07-20T00:00:00Z,OTHER,WOOD/REFUSE,78.61460674921672,149
2022-07-20T00:00:00Z,SOLAR,SOLAR,558.7462691876955,977
2022-07-20T00:00:00Z,WIND,WIND,1227.460818887833,2269
2022-07-20T01:00:00Z,COAL,COAL,1253.2803541734484,1266
2022-07-20T01:00:00Z,ENERGY STORAGE,ENERGY STORAGE,-0.8377231131659614,50
2022-07-20T01:00:00Z,GAS,COGENERATION,3653.879379164494,5189
2022-07-20T01:00:00Z,GAS,COMBINED CYCLE,1375.9028199365405,1810
2022-07-20T01:00:00Z,GAS,GAS FIRED STEAM,1178.677783669366,2599
2022-07-20T01:00:00Z,GAS,SIMPLE CYCLE,475.43761591977545,1230
2022-07-20T01:00:00Z,HYDRO,HYDRO,424.3179492727915,894
2022-07-20T01:00:00Z,OTHER,BIOMASS,87.33376470883687,154
2022-07-20T01:00:00Z,OTHER,GAS,0,10
2022-07-20T01:00:00Z,OTHER,GAS COGEN,0,58
2022-07-20T01:00:00Z,OTHER,OIL/GAS,0,53
2022-07-20T01:00:00Z,OTHER,WOOD/REFUSE,82.05133900324503,149
2022-07-20T01:00:00Z,SOLAR,SOLAR,343.9388825226824,977
2022-07-20T01:00:00Z,WIND,WIND,1157.7600316833457,2269
2022-07-20T02:00:00Z,COAL,COAL,1253.9650670030383,1266
2022-07-20T02:00:00Z,ENERGY STORAGE,ENERGY STORAGE,-0.6241117869483099,50
2022-07-20T02:00:00Z,GAS,COGENERATION,3682.531834996177,5189
2022-07-20T02:00:00Z,GAS,COMBINED CYCLE,1390.079358798133,1810
2022-07-20T02:00:00Z,GAS,GAS FIRED STEAM,1274.5373043060304,2599
2022-07-20T02:00:00Z,GAS,SIMPLE CYCLE,464.0541827868753,1230
2022-07-20T02:00:00Z,HYDRO,HYDRO,361.3923433837625,894
2022-07-20T02:00:00Z,OTHER,BIOMASS,87.92313141981761,154
2022-07-20T02:00:00Z,OTHER,GAS,0,10
2022-07-20T02:00:00Z,OTHER,GAS COGEN,0,58
2022-07-20T02:00:00Z,OTHER,OIL/GAS,0,53
2022-07-20T02:00:00Z,OTHER,WOOD/REFUSE,86.54142737547556,149
2022-07-20T02:00:00Z,SOLAR,SOLAR,101.76222590655917,977
2022-07-20T02:00:00Z,WIND,WIND,1246.0774644570217,2269
2022-07-20T03:00:00Z,COAL,COAL,1253.435900115967,1266
2022-07-20T03:00:00Z,ENERGY STORAGE,ENERGY STORAGE,-0.1223334534962972,50
2022-07-20T03:00:00Z,GAS,COGENERATION,3675.7790289627183,5189
2022-07-20T03:00:00Z,GAS,COMBINED CYCLE,1392.2132164510092,1810
2022-07-20T03:00:00Z,GAS,GAS FIRED STEAM,918.9903403621249,2599
2022-07-20T03:00:00Z,GAS,SIMPLE CYCLE,384.41808188199997,1230
2022-07-20T03:00:00Z,HYDRO,HYDRO,328.05800098088054,894
2022-07-20T03:00:00Z,OTHER,BIOMASS,86.82489512814416,154
2022-07-20T03:00:00Z,OTHER,GAS,0,10
2022-07-20T03:00:00Z,OTHER,GAS COGEN,0,58
2022-07-20T03:00:00Z,OTHER,OIL/GAS,0,53
2022-07-20T03:00:00Z,OTHER,WOOD/REFUSE,82.84427115440369,149
2022-07-20T03:00:00Z,SOLAR,SOLAR,2.1074443698260517,977
2022-07-20T03:00:00Z,WIND,WIND,1537.345598538551,2269
2022-07-20T04:00:00Z,COAL,COAL,1253.9651814270019,1266
2022-07-20T04:00:00Z,ENERGY STORAGE,ENERGY STORAGE,-0.10655583381652832,50
2022-07-20T04:00:00Z,GAS,COGENERATION,3677.4832150965763,5189
2022-07-20T04:00:00Z,GAS,COMBINED CYCLE,1393.0842478519016,1810
2022-07-20T04:00:00Z,GAS,GAS FIRED STEAM,702.9751835547553,2599
2022-07-20T04:00:00Z,GAS,SIMPLE CYCLE,251.12451449907488,1230
2022-07-20T04:00:00Z,HYDRO,HYDRO,311.16734141601455,894
2022-07-20T04:00:00Z,OTHER,BIOMASS,85.96251483652327,154
2022-07-20T04:00:00Z,OTHER,GAS,0,10
2022-07-20T04:00:00Z,OTHER,GAS COGEN,0,58
2022-07-20T04:00:00Z,OTHER,OIL/GAS,0,53
2022-07-20T04:00:00Z,OTHER,WOOD/REFUSE,78.80300461769104,149
2022-07-20T04:00:00Z,SOLAR,SOLAR,0,977
2022-07-20T04:00:00Z,WIND,WIND,1672.1376804656452,2269
2022-07-20T05:00:00Z,COAL,COAL,1252.4795143975152,1266
2022-07-20T05:00:00Z,ENERGY STORAGE,ENERGY STORAGE,-0.10211150063408746,50
2022-07-20T05:00:00Z,GAS,COGENERATION,3706.913354971409,5189
2022-07-20T05:00:00Z,GAS,COMBINED CYCLE,1355.2899948125416,1810
2022-07-20T05:00:00Z,GAS,GAS FIRED STEAM,740.2960104878744,2599
2022-07-20T05:00:00Z,GAS,SIMPLE CYCLE,231.71715141057967,1230
2022-07-20T05:00:00Z,HYDRO,HYDRO,307.2199438993136,894
2022-07-20T05:00:00Z,OTHER,BIOMASS,87.43716409100426,154
2022-07-20T05:00:00Z,OTHER,GAS,0,10
2022-07-20T05:00:00Z,OTHER,GAS COGEN,0,58
2022-07-20T05:00:00Z,OTHER,OIL/GAS,0,53
2022-07-20T05:00:00Z,OTHER,WOOD/REFUSE,78.78714672883352,149
2022-07-20T05:00:00Z,SOLAR,SOLAR,0,977
2022-07-20T05:00:00Z,WIND,WIND,1473.610282787217,2269
2022-07-20T06:00:00Z,COAL,COAL,1121.800845896403,1266
2022-07-20T06:00:00Z,ENERGY STORAGE,ENERGY STORAGE,-0.102889281378852,50
2022-07-20T06:00:00Z,GAS,COGENERATION,3711.303925247689,5189
2022-07-20T06:00:00Z,GAS,COMBINED CYCLE,1232.0683903037177,1810
2022-07-20T06:00:00Z,GAS,GAS FIRED STEAM,689.093483136495,2599
2022-07-20T06:00:00Z,GAS,SIMPLE CYCLE,199.27032681186992,1230
2022-07-20T06:00:00Z,HYDRO,HYDRO,302.4535480238663,894
2022-07-20T06:00:00Z,OTHER,BIOMASS,87.36981393655141,154
2022-07-20T06:00:00Z,OTHER,GAS,0,10
2022-07-20T06:00:00Z,OTHER,GAS COGEN,0,58
2022-07-20T06:00:00Z,OTHER,OIL/GAS,0,53
2022-07-20T06:00:00Z,OTHER,WOOD/REFUSE,79.2063189570109,149
2022-07-20T06:00:00Z,SOLAR,SOLAR,0,977
2022-07-20T06:00:00Z,WIND,WIND,1532.654737625652,2269
2022-07-20T07:00:00Z,COAL,COAL,1180.7954538981119,1266
2022-07-20T07:00:00Z,ENERGY STORAGE,ENERGY STORAGE,-0.10127816412183974,50
2022-07-20T07:00:00Z,GAS,COGENERATION,3734.240231241915,5189
2022-07-20T07:00:00Z,GAS,COMBINED CYCLE,1222.1319626198874,1810
2022-07-20T07:00:00Z,GAS,GAS FIRED STEAM,729.6163808780246,2599
2022-07-20T07:00:00Z,GAS,SIMPLE CYCLE,193.760240045521,1230
2022-07-20T07:00:00Z,HYDRO,HYDRO,290.26313829180265,894
2022-07-20T07:00:00Z,OTHER,BIOMASS,86.98969993432362,154
2022-07-20T07:00:00Z,OTHER,GAS,0,10
2022-07-20T07:00:00Z,OTHER,GAS COGEN,0,58
2022-07-20T07:00:00Z,OTHER,OIL/GAS,0,53
2022-07-20T07:00:00Z,OTHER,WOOD/REFUSE,79.06373227861192,149
2022-07-20T07:00:00Z,SOLAR,SOLAR,0,977
2022-07-20T07:00:00Z,WIND,WIND,1340.168919878867,2269
2022-07-20T08:00:00Z,COAL,COAL,1226.538737335205,1266
2022-07-20T08:00:00Z,ENERGY STORAGE,ENERGY STORAGE,-0.101055941051907,50
2022-07-20T08:00:00Z,GAS,COGENERATION,3777.697918623951,5189
2022-07-20T08:00:00Z,GAS,COMBINED CYCLE,1244.5111856248643,1810
2022-07-20T08:00:00Z,GAS,GAS FIRED STEAM,745.4570036231147,2599
2022-07-20T08:00:00Z,GAS,SIMPLE CYCLE,206.66435192783675,1230
2022-07-20T08:00:00Z,HYDRO,HYDRO,321.01909561946985,894
2022-07-20T08:00:00Z,OTHER,BIOMASS,87.73332043223911,154
2022-07-20T08:00:00Z,OTHER,GAS,0,10
2022-07-20T08:00:00Z,OTHER,GAS COGEN,0,58
2022-07-20T08:00:00Z,OTHER,OIL/GAS,3.048861053519779,53
2022-07-20T08:00:00Z,OTHER,WOOD/REFUSE,78.36817976209852,149
2022-07-20T08:00:00Z,SOLAR,SOLAR,0,977
2022-07-20T08:00:00Z,WIND,WIND,967.7633542089,2269
2022-07-20T09:00:00Z,COAL,COAL,1254.6232921176486,1266
2022-07-20T09:00:00Z,ENERGY STORAGE,ENERGY STORAGE,-0.10250039100646972,50
2022-07-20T09:00:00Z,GAS,COGENERATION,3804.8015526951685,5189
2022-07-20T09:00:00Z,GAS,COMBINED CYCLE,1241.792102763388,1810
2022-07-20T09:00:00Z,GAS,GAS FIRED STEAM,888.7793995878432,2599
2022-07-20T09:00:00Z,GAS,SIMPLE CYCLE,212.97460506306754,1230
2022-07-20T09:00:00Z,HYDRO,HYDRO,295.5015235920416,894
2022-07-20T09:00:00Z,OTHER,BIOMASS,86.10537275473277,154
2022-07-20T09:00:00Z,OTHER,GAS,0,10
2022-07-20T09:00:00Z,OTHER,GAS COGEN,0,58
2022-07-20T09:00:00Z,OTHER,OIL/GAS,18.58166636043125,53
2022-07-20T09:00:00Z,OTHER,WOOD/REFUSE,78.61022270891402,149
2022-07-20T09:00:00Z,SOLAR,SOLAR,0,977
2022-07-20T09:00:00Z,WIND,WIND,713.732349665703,2269
2022-07-20T10:00:00Z,COAL,COAL,1254.6562911987305,1266
2022-07-20T10:00:00Z,ENERGY STORAGE,ENERGY STORAGE,-0.0981114853752984,50
2022-07-20T10:00:00Z,GAS,COGENERATION,3824.3847694668507,5189
2022-07-20T10:00:00Z,GAS,COMBINED CYCLE,1250.308897339503,1810
2022-07-20T10:00:00Z,GAS,GAS FIRED STEAM,1056.7118605338203,2599
2022-07-20T10:00:00Z,GAS,SIMPLE CYCLE,209.92365994638868,1230
2022-07-20T10:00:00Z,HYDRO,HYDRO,337.3114575309389,894
2022-07-20T10:00:00Z,OTHER,BIOMASS,88.70398241996766,154
2022-07-20T10:00:00Z,OTHER,GAS,0,10
2022-07-20T10:00:00Z,OTHER,GAS COGEN,0,58
2022-07-20T10:00:00Z,OTHER,OIL/GAS,25.30261624124315,53
2022-07-20T10:00:00Z,OTHER,WOOD/REFUSE,78.60268017239042,149
2022-07-20T10:00:00Z,SOLAR,SOLAR,0,977
2022-07-20T10:00:00Z,WIND,WIND,342.0590271998197,2269
2022-07-20T11:00:00Z,COAL,COAL,1252.6774550713433,1266
2022-07-20T11:00:00Z,ENERGY STORAGE,ENERGY STORAGE,-0.07383361498514811,50
2022-07-20T11:00:00Z,GAS,COGENERATION,3828.0489549496438,5189
2022-07-20T11:00:00Z,GAS,COMBINED CYCLE,1222.696422252125,1810
2022-07-20T11:00:00Z,GAS,GAS FIRED STEAM,1137.906797273424,2599
2022-07-20T11:00:00Z,GAS,SIMPLE CYCLE,189.0297745733791,1230
2022-07-20T11:00:00Z,HYDRO,HYDRO,288.2566583994362,894
2022-07-20T11:00:00Z,OTHER,BIOMASS,86.84545495245192,154
2022-07-20T11:00:00Z,OTHER,GAS,0,10
2022-07-20T11:00:00Z,OTHER,GAS COGEN,0,58
2022-07-20T11:00:00Z,OTHER,OIL/GAS,32.412093550364176,53
2022-07-20T11:00:00Z,OTHER,WOOD/REFUSE,80.50569896433089,149
2022-07-20T11:00:00Z,SOLAR,SOLAR,0.11416666343808174,977
2022-07-20T11:00:00Z,WIND,WIND,302.4857132173909,2269
2022-07-20T12:00:00Z,COAL,COAL,1254.019182417128,1266
2022-07-20T12:00:00Z,ENERGY STORAGE,ENERGY STORAGE,0,50
2022-07-20T12:00:00Z,GAS,COGENERATION,3838.0931218125424,5189
2022-07-20T12:00:00Z,GAS,COMBINED CYCLE,1237.40406088988,1810
2022-07-20T12:00:00Z,GAS,GAS FIRED STEAM,1134.4187863583034,2599
2022-07-20T12:00:00Z,GAS,SIMPLE CYCLE,210.2396664774749,1230
2022-07-20T12:00:00Z,HYDRO,HYDRO,355.7142775211069,894
2022-07-20T12:00:00Z,OTHER,BIOMASS,89.89233220418295,154
2022-07-20T12:00:00Z,OTHER,GAS,0,10
2022-07-20T12:00:00Z,OTHER,GAS COGEN,0,58
2022-07-20T12:00:00Z,OTHER,OIL/GAS,34.12345469156901,53
2022-07-20T12:00:00Z,OTHER,WOOD/REFUSE,80.80236087534163,149
2022-07-20T12:00:00Z,SOLAR,SOLAR,64.07794331762526,977
2022-07-20T12:00:00Z,WIND,WIND,259.0550399700138,2269
2022-07-20T13:00:00Z,COAL,COAL,1254.520735965305,1266
2022-07-20T13:00:00Z,ENERGY STORAGE,ENERGY STORAGE,-1.6666730244954e-4,50
2022-07-20T13:00:00Z,GAS,COGENERATION,3836.169648442815,5189
2022-07-20T13:00:00Z,GAS,COMBINED CYCLE,1294.5521001704535,1810
2022-07-20T13:00:00Z,GAS,GAS FIRED STEAM,1168.0607668219673,2599
2022-07-20T13:00:00Z,GAS,SIMPLE CYCLE,345.24127392725813,1230
2022-07-20T13:00:00Z,HYDRO,HYDRO,375.56964718302095,894
2022-07-20T13:00:00Z,OTHER,BIOMASS,88.78253448168437,154
2022-07-20T13:00:00Z,OTHER,GAS,0,10
2022-07-20T13:00:00Z,OTHER,GAS COGEN,0,58
2022-07-20T13:00:00Z,OTHER,OIL/GAS,34.44738297780355,53
2022-07-20T13:00:00Z,OTHER,WOOD/REFUSE,84.4092033566369,149
2022-07-20T13:00:00Z,SOLAR,SOLAR,286.3875502208703,977
2022-07-20T13:00:00Z,WIND,WIND,149.46912528071138,2269
2022-07-20T14:00:00Z,COAL,COAL,1254.9353507147894,1266
2022-07-20T14:00:00Z,ENERGY STORAGE,ENERGY STORAGE,-0.00355555640326605,50
2022-07-20T14:00:00Z,GAS,COGENERATION,3801.6828600588606,5189
2022-07-20T14:00:00Z,GAS,COMBINED CYCLE,1332.2797643624413,1810
2022-07-20T14:00:00Z,GAS,GAS FIRED STEAM,1152.1818842612372,2599
2022-07-20T14:00:00Z,GAS,SIMPLE CYCLE,400.0225226415528,1230
2022-07-20T14:00:00Z,HYDRO,HYDRO,402.8847467048963,894
2022-07-20T14:00:00Z,OTHER,BIOMASS,86.36943007045322,154
2022-07-20T14:00:00Z,OTHER,GAS,0,10
2022-07-20T14:00:00Z,OTHER,GAS COGEN,0,58
2022-07-20T14:00:00Z,OTHER,OIL/GAS,37.21914354112413,53
2022-07-20T14:00:00Z,OTHER,WOOD/REFUSE,86.93626114262474,149
2022-07-20T14:00:00Z,SOLAR,SOLAR,519.0251032596165,977
2022-07-20T14:00:00Z,WIND,WIND,60.056377741201885,2269
2022-07-20T15:00:00Z,COAL,COAL,1253.4711830817328,1266
2022-07-20T15:00:00Z,ENERGY STORAGE,ENERGY STORAGE,0,50
2022-07-20T15:00:00Z,GAS,COGENERATION,3769.758116280304,5189
2022-07-20T15:00:00Z,GAS,COMBINED CYCLE,1368.7862487872442,1810
2022-07-20T15:00:00Z,GAS,GAS FIRED STEAM,1075.3121847279867,2599
2022-07-20T15:00:00Z,GAS,SIMPLE CYCLE,400.18447373125287,1230
2022-07-20T15:00:00Z,HYDRO,HYDRO,421.1856537218889,894
2022-07-20T15:00:00Z,OTHER,BIOMASS,86.13486345079211,154
2022-07-20T15:00:00Z,OTHER,GAS,0,10
2022-07-20T15:00:00Z,OTHER,GAS COGEN,0,58
2022-07-20T15:00:00Z,OTHER,OIL/GAS,39.36826512442695,53
2022-07-20T15:00:00Z,OTHER,WOOD/REFUSE,82.43414893044367,149
2022-07-20T15:00:00Z,SOLAR,SOLAR,617.4549953230222,977
2022-07-20T15:00:00Z,WIND,WIND,54.4525874710083,2269
2022-07-20T16:00:00Z,COAL,COAL,1258.1959550476074,1266
2022-07-20T16:00:00Z,ENERGY STORAGE,ENERGY STORAGE,0,50
2022-07-20T16:00:00Z,GAS,COGENERATION,3743.576606212341,5189
2022-07-20T16:00:00Z,GAS,COMBINED CYCLE,1363.6712375593186,1810
2022-07-20T16:00:00Z,GAS,GAS FIRED STEAM,1259.0489763641358,2599
2022-07-20T16:00:00Z,GAS,SIMPLE CYCLE,416.94670581638815,1230
2022-07-20T16:00:00Z,HYDRO,HYDRO,421.3991402725379,894
2022-07-20T16:00:00Z,OTHER,BIOMASS,88.4881475909551,154
2022-07-20T16:00:00Z,OTHER,GAS,0,10
2022-07-20T16:00:00Z,OTHER,GAS COGEN,0,58
2022-07-20T16:00:00Z,OTHER,OIL/GAS,40.62429952833388,53
2022-07-20T16:00:00Z,OTHER,WOOD/REFUSE,84.43640025933584,149
2022-07-20T16:00:00Z,SOLAR,SOLAR,678.5875562771989,977
2022-07-20T16:00:00Z,WIND,WIND,99.09554255371293,2269
2022-07-20T17:00:00Z,COAL,COAL,1258.5647358703613,1266
2022-07-20T17:00:00Z,ENERGY STORAGE,ENERGY STORAGE,0,50
2022-07-20T17:00:00Z,GAS,COGENERATION,3722.121753723158,5189
2022-07-20T17:00:00Z,GAS,COMBINED CYCLE,1392.88014742136,1810
2022-07-20T17:00:00Z,GAS,GAS FIRED STEAM,1233.995056737264,2599
2022-07-20T17:00:00Z,GAS,SIMPLE CYCLE,452.75304402271905,1230
2022-07-20T17:00:00Z,HYDRO,HYDRO,417.91657486226825,894
2022-07-20T17:00:00Z,OTHER,BIOMASS,88.24967569881015,154
2022-07-20T17:00:00Z,OTHER,GAS,0,10
2022-07-20T17:00:00Z,OTHER,GAS COGEN,0,58
2022-07-20T17:00:00Z,OTHER,OIL/GAS,40.834132516649035,53
2022-07-20T17:00:00Z,OTHER,WOOD/REFUSE,85.58029205905066,149
2022-07-20T17:00:00Z,SOLAR,SOLAR,719.843830886119,977
2022-07-20T17:00:00Z,WIND,WIND,141.45929383748108,2269
2022-07-20T18:00:00Z,COAL,COAL,1260.2716275363498,1266
2022-07-20T18:00:00Z,ENERGY STORAGE,ENERGY STORAGE,0,50
2022-07-20T18:00:00Z,GAS,COGENERATION,3640.5934552118515,5189
2022-07-20T18:00:00Z,GAS,COMBINED CYCLE,1403.9505953529147,1810
2022-07-20T18:00:00Z,GAS,GAS FIRED STEAM,1309.8415192964342,2599
2022-07-20T18:00:00Z,GAS,SIMPLE CYCLE,459.92202514406705,1230
2022-07-20T18:00:00Z,HYDRO,HYDRO,415.4827995775806,894
2022-07-20T18:00:00Z,OTHER,BIOMASS,85.34202100515365,154
2022-07-20T18:00:00Z,OTHER,GAS,0,10
2022-07-20T18:00:00Z,OTHER,GAS COGEN,0,58
2022-07-20T18:00:00Z,OTHER,OIL/GAS,39.8819653807746,53
2022-07-20T18:00:00Z,OTHER,WOOD/REFUSE,87.56247588475546,149
2022-07-20T18:00:00Z,SOLAR,SOLAR,722.9528237343166,977
2022-07-20T18:00:00Z,WIND,WIND,167.41809286382878,2269
2022-07-20T19:00:00Z,COAL,COAL,1261.0518500434027,1266
2022-07-20T19:00:00Z,ENERGY STORAGE,ENERGY STORAGE,0,50
2022-07-20T19:00:00Z,GAS,COGENERATION,3629.5876330324013,5189
2022-07-20T19:00:00Z,GAS,COMBINED CYCLE,1419.537669409646,1810
2022-07-20T19:00:00Z,GAS,GAS FIRED STEAM,1279.4205907185874,2599
2022-07-20T19:00:00Z,GAS,SIMPLE CYCLE,490.77122000661166,1230
2022-07-20T19:00:00Z,HYDRO,HYDRO,536.3831800700559,894
2022-07-20T19:00:00Z,OTHER,BIOMASS,86.178981924057,154
2022-07-20T19:00:00Z,OTHER,GAS,1.1844221353530884,10
2022-07-20T19:00:00Z,OTHER,GAS COGEN,0,58
2022-07-20T19:00:00Z,OTHER,OIL/GAS,39.43070475048489,53
2022-07-20T19:00:00Z,OTHER,WOOD/REFUSE,90.10166739251879,149
2022-07-20T19:00:00Z,SOLAR,SOLAR,718.4339312001069,977
2022-07-20T19:00:00Z,WIND,WIND,154.61299311324126,2269
2022-07-20T20:00:00Z,COAL,COAL,1261.572524058024,1266
2022-07-20T20:00:00Z,ENERGY STORAGE,ENERGY STORAGE,-5.5555767483181424e-5,50
2022-07-20T20:00:00Z,GAS,COGENERATION,3610.086287028657,5189
2022-07-20T20:00:00Z,GAS,COMBINED CYCLE,1412.3617438183892,1810
2022-07-20T20:00:00Z,GAS,GAS FIRED STEAM,1208.460370864868,2599
2022-07-20T20:00:00Z,GAS,SIMPLE CYCLE,662.7713808853758,1230
2022-07-20T20:00:00Z,HYDRO,HYDRO,492.04947024650045,894
2022-07-20T20:00:00Z,OTHER,BIOMASS,87.26397958066728,154
2022-07-20T20:00:00Z,OTHER,GAS,2.5999510288238525,10
2022-07-20T20:00:00Z,OTHER,GAS COGEN,0,58
2022-07-20T20:00:00Z,OTHER,OIL/GAS,40.55165428585477,53
2022-07-20T20:00:00Z,OTHER,WOOD/REFUSE,89.3321845181783,149
2022-07-20T20:00:00Z,SOLAR,SOLAR,724.0527677057848,977
2022-07-20T20:00:00Z,WIND,WIND,245.93151268117128,2269
2022-07-20T21:00:00Z,COAL,COAL,1261.3972501627604,1266
2022-07-20T21:00:00Z,ENERGY STORAGE,ENERGY STORAGE,-0.00488888846503363,50
2022-07-20T21:00:00Z,GAS,COGENERATION,3594.510109470685,5189
2022-07-20T21:00:00Z,GAS,COMBINED CYCLE,1408.771151696311,1810
2022-07-20T21:00:00Z,GAS,GAS FIRED STEAM,1177.3619134245978,2599
2022-07-20T21:00:00Z,GAS,SIMPLE CYCLE,625.8584852096604,1230
2022-07-20T21:00:00Z,HYDRO,HYDRO,520.7142547586229,894
2022-07-20T21:00:00Z,OTHER,BIOMASS,86.21290412161085,154
2022-07-20T21:00:00Z,OTHER,GAS,2.5999510288238525,10
2022-07-20T21:00:00Z,OTHER,GAS COGEN,0,58
2022-07-20T21:00:00Z,OTHER,OIL/GAS,40.873800301022,53
2022-07-20T21:00:00Z,OTHER,WOOD/REFUSE,85.60330967002444,149
2022-07-20T21:00:00Z,SOLAR,SOLAR,723.2931026269661,977
2022-07-20T21:00:00Z,WIND,WIND,432.03002218887207,2269
2022-07-20T22:00:00Z,COAL,COAL,1260.9842986212836,1266
2022-07-20T22:00:00Z,ENERGY STORAGE,ENERGY STORAGE,0,50
2022-07-20T22:00:00Z,GAS,COGENERATION,3567.2902320917283,5189
2022-07-20T22:00:00Z,GAS,COMBINED CYCLE,1404.844185593923,1810
2022-07-20T22:00:00Z,GAS,GAS FIRED STEAM,1220.1506651730008,2599
2022-07-20T22:00:00Z,GAS,SIMPLE CYCLE,613.3548164314693,1230
2022-07-20T22:00:00Z,HYDRO,HYDRO,496.8529056865639,894
2022-07-20T22:00:00Z,OTHER,BIOMASS,86.12120395448473,154
2022-07-20T22:00:00Z,OTHER,GAS,2.5999510288238525,10
2022-07-20T22:00:00Z,OTHER,GAS COGEN,0,58
2022-07-20T22:00:00Z,OTHER,OIL/GAS,42.02442553202311,53
2022-07-20T22:00:00Z,OTHER,WOOD/REFUSE,90.04153167512682,149
2022-07-20T22:00:00Z,SOLAR,SOLAR,704.42521105008,977
2022-07-20T22:00:00Z,WIND,WIND,635.7910969877119,2269
2022-07-20T23:00:00Z,COAL,COAL,1260.8025115458172,1266
2022-07-20T23:00:00Z,ENERGY STORAGE,ENERGY STORAGE,0,50
2022-07-20T23:00:00Z,GAS,COGENERATION,3553.374803942707,5189
2022-07-20T23:00:00Z,GAS,COMBINED CYCLE,1418.661463390986,1810
2022-07-20T23:00:00Z,GAS,GAS FIRED STEAM,1309.1593598302206,2599
2022-07-20T23:00:00Z,GAS,SIMPLE CYCLE,615.1345180190272,1230
2022-07-20T23:00:00Z,HYDRO,HYDRO,521.4731781201892,894
2022-07-20T23:00:00Z,OTHER,BIOMASS,84.418572201199,154
2022-07-20T23:00:00Z,OTHER,GAS,1.604950988954968,10
2022-07-20T23:00:00Z,OTHER,GAS COGEN,0,58
2022-07-20T23:00:00Z,OTHER,OIL/GAS,41.641232282850474,53
2022-07-20T23:00:00Z,OTHER,WOOD/REFUSE,93.50501453505623,149
2022-07-20T23:00:00Z,SOLAR,SOLAR,628.4781537016232,977
2022-07-20T23:00:00Z,WIND,WIND,668.6855987779879,2269
2022-07-21T00:00:00Z,COAL,COAL,1261.0281352233887,1266
2022-07-21T00:00:00Z,ENERGY STORAGE,ENERGY STORAGE,-2.9093889609972634,50
2022-07-21T00:00:00Z,GAS,COGENERATION,3555.9936307666035,5189
2022-07-21T00:00:00Z,GAS,COMBINED CYCLE,1418.2912208657795,1810
2022-07-21T00:00:00Z,GAS,GAS FIRED STEAM,1344.2038222249348,2599
2022-07-21T00:00:00Z,GAS,SIMPLE CYCLE,606.0129098867708,1230
2022-07-21T00:00:00Z,HYDRO,HYDRO,482.2942937650945,894
2022-07-21T00:00:00Z,OTHER,BIOMASS,86.49187344710032,154
2022-07-21T00:00:00Z,OTHER,GAS,1.3999509811401367,10
2022-07-21T00:00:00Z,OTHER,GAS COGEN,0,58
2022-07-21T00:00:00Z,OTHER,OIL/GAS,42.390932409498426,53
2022-07-21T00:00:00Z,OTHER,WOOD/REFUSE,93.26297690709433,149
2022-07-21T00:00:00Z,SOLAR,SOLAR,534.6298251212968,977
2022-07-21T00:00:00Z,WIND,WIND,661.8768119770248,2269
2022-07-21T01:00:00Z,COAL,COAL,1261.1608107503255,1266
2022-07-21T01:00:00Z,ENERGY STORAGE,ENERGY STORAGE,-0.04961130036248101,50
2022-07-21T01:00:00Z,GAS,COGENERATION,3544.2398108224074,5189
2022-07-21T01:00:00Z,GAS,COMBINED CYCLE,1431.0681988721424,1810
2022-07-21T01:00:00Z,GAS,GAS FIRED STEAM,1369.2150976477728,2599
2022-07-21T01:00:00Z,GAS,SIMPLE CYCLE,596.3460362225771,1230
2022-07-21T01:00:00Z,HYDRO,HYDRO,538.6302804425028,894
2022-07-21T01:00:00Z,OTHER,BIOMASS,87.24310570187039,154
2022-07-21T01:00:00Z,OTHER,GAS,1.3999509811401367,10
2022-07-21T01:00:00Z,OTHER,GAS COGEN,0,58
2022-07-21T01:00:00Z,OTHER,OIL/GAS,41.80777756373087,53
2022-07-21T01:00:00Z,OTHER,WOOD/REFUSE,94.29179272545709,149
2022-07-21T01:00:00Z,SOLAR,SOLAR,334.2343271058798,977
2022-07-21T01:00:00Z,WIND,WIND,680.3995494292842,2269
2022-07-21T02:00:00Z,COAL,COAL,1260.9536183336047,1266
2022-07-21T02:00:00Z,ENERGY STORAGE,ENERGY STORAGE,5.0000190734863e-4,50
2022-07-21T02:00:00Z,GAS,COGENERATION,3565.6572899829016,5189
2022-07-21T02:00:00Z,GAS,COMBINED CYCLE,1445.0131419759325,1810
2022-07-21T02:00:00Z,GAS,GAS FIRED STEAM,1446.7725109185112,2599
2022-07-21T02:00:00Z,GAS,SIMPLE CYCLE,567.468720520205,1230
2022-07-21T02:00:00Z,HYDRO,HYDRO,523.8066036864121,894
2022-07-21T02:00:00Z,OTHER,BIOMASS,87.39752510547638,154
2022-07-21T02:00:00Z,OTHER,GAS,1.3999509811401367,10
2022-07-21T02:00:00Z,OTHER,GAS COGEN,0,58
2022-07-21T02:00:00Z,OTHER,OIL/GAS,42.12707129160563,53
2022-07-21T02:00:00Z,OTHER,WOOD/REFUSE,94.16071917427911,149
2022-07-21T02:00:00Z,SOLAR,SOLAR,96.39110960175593,977
2022-07-21T02:00:00Z,WIND,WIND,757.5492775944289,2269
2022-07-21T03:00:00Z,COAL,COAL,1261.403404337565,1266
2022-07-21T03:00:00Z,ENERGY STORAGE,ENERGY STORAGE,-5.5555767483181424e-5,50
2022-07-21T03:00:00Z,GAS,COGENERATION,3584.6096256824335,5189
2022-07-21T03:00:00Z,GAS,COMBINED CYCLE,1391.4302813418706,1810
2022-07-21T03:00:00Z,GAS,GAS FIRED STEAM,1293.004235551622,2599
2022-07-21T03:00:00Z,GAS,SIMPLE CYCLE,533.5947274895509,1230
2022-07-21T03:00:00Z,HYDRO,HYDRO,487.02792444176146,894
2022-07-21T03:00:00Z,OTHER,BIOMASS,86.70353793091245,154
2022-07-21T03:00:00Z,OTHER,GAS,1.3999509811401367,10
2022-07-21T03:00:00Z,OTHER,GAS COGEN,0,58
2022-07-21T03:00:00Z,OTHER,OIL/GAS,43.31777782864041,53
2022-07-21T03:00:00Z,OTHER,WOOD/REFUSE,93.01308160993788,149
2022-07-21T03:00:00Z,SOLAR,SOLAR,1.719055516032709,977
2022-07-21T03:00:00Z,WIND,WIND,890.5243866901266,2269
2022-07-21T04:00:00Z,COAL,COAL,1261.7880742899576,1266
2022-07-21T04:00:00Z,ENERGY STORAGE,ENERGY STORAGE,0,50
2022-07-21T04:00:00Z,GAS,COGENERATION,3598.515675041543,5189
2022-07-21T04:00:00Z,GAS,COMBINED CYCLE,1365.675086268319,1810
2022-07-21T04:00:00Z,GAS,GAS FIRED STEAM,1071.6901383611892,2599
2022-07-21T04:00:00Z,GAS,SIMPLE CYCLE,520.9124581653211,1230
2022-07-21T04:00:00Z,HYDRO,HYDRO,475.4434898886416,894
2022-07-21T04:00:00Z,OTHER,BIOMASS,81.79629375139872,154
2022-07-21T04:00:00Z,OTHER,GAS,1.3999509811401367,10
2022-07-21T04:00:00Z,OTHER,GAS COGEN,0,58
2022-07-21T04:00:00Z,OTHER,OIL/GAS,43.24927618874444,53
2022-07-21T04:00:00Z,OTHER,WOOD/REFUSE,85.96889504167768,149
2022-07-21T04:00:00Z,SOLAR,SOLAR,0,977
2022-07-21T04:00:00Z,WIND,WIND,813.9053754733337,2269
2022-07-21T05:00:00Z,COAL,COAL,1260.6860746934678,1266
2022-07-21T05:00:00Z,ENERGY STORAGE,ENERGY STORAGE,-0.11516709221733941,50
2022-07-21T05:00:00Z,GAS,COGENERATION,3612.312357729077,5189
2022-07-21T05:00:00Z,GAS,COMBINED CYCLE,1340.7104796245362,1810
2022-07-21T05:00:00Z,GAS,GAS FIRED STEAM,1074.416633021037,2599
2022-07-21T05:00:00Z,GAS,SIMPLE CYCLE,390.64280755784773,1230
2022-07-21T05:00:00Z,HYDRO,HYDRO,336.69596426089606,894
2022-07-21T05:00:00Z,OTHER,BIOMASS,83.31110053274367,154
2022-07-21T05:00:00Z,OTHER,GAS,1.3999509811401367,10
2022-07-21T05:00:00Z,OTHER,GAS COGEN,0,58
2022-07-21T05:00:00Z,OTHER,OIL/GAS,43.03912099838257,53
2022-07-21T05:00:00Z,OTHER,WOOD/REFUSE,86.70083545949724,149
2022-07-21T05:00:00Z,SOLAR,SOLAR,0,977
2022-07-21T05:00:00Z,WIND,WIND,788.6240004480051,2269
2022-07-21T06:00:00Z,COAL,COAL,1255.9667388916016,1266
2022-07-21T06:00:00Z,ENERGY STORAGE,ENERGY STORAGE,-0.40000152587890625,50
2022-07-21T06:00:00Z,GAS,COGENERATION,3657.7460730728176,5189
2022-07-21T06:00:00Z,GAS,COMBINED CYCLE,1277.9463629568947,1810
2022-07-21T06:00:00Z,GAS,GAS FIRED STEAM,971.5945056512621,2599
2022-07-21T06:00:00Z,GAS,SIMPLE CYCLE,261.6547293592493,1230
2022-07-21T06:00:00Z,HYDRO,HYDRO,323.01812532398435,894
2022-07-21T06:00:00Z,OTHER,BIOMASS,86.75728120274013,154
2022-07-21T06:00:00Z,OTHER,GAS,1.3999509811401367,10
2022-07-21T06:00:00Z,OTHER,GAS COGEN,0,58
2022-07-21T06:00:00Z,OTHER,OIL/GAS,42.90046598222521,53
2022-07-21T06:00:00Z,OTHER,WOOD/REFUSE,86.4202226638794,149
2022-07-21T06:00:00Z,SOLAR,SOLAR,0,977
2022-07-21T06:00:00Z,WIND,WIND,739.2008806936609,2269
2022-07-21T07:00:00Z,COAL,COAL,1254.8335163031684,1266
2022-07-21T07:00:00Z,ENERGY STORAGE,ENERGY STORAGE,-0.40000152587890625,50
2022-07-21T07:00:00Z,GAS,COGENERATION,3669.1923670386604,5189
2022-07-21T07:00:00Z,GAS,COMBINED CYCLE,1257.6491144100826,1810
2022-07-21T07:00:00Z,GAS,GAS FIRED STEAM,948.5891130150688,2599
2022-07-21T07:00:00Z,GAS,SIMPLE CYCLE,244.57911526891922,1230
2022-07-21T07:00:00Z,HYDRO,HYDRO,299.8370667918523,894
2022-07-21T07:00:00Z,OTHER,BIOMASS,81.25067482100593,154
2022-07-21T07:00:00Z,OTHER,GAS,1.4963398930099276,10
2022-07-21T07:00:00Z,OTHER,GAS COGEN,0,58
2022-07-21T07:00:00Z,OTHER,OIL/GAS,43.565520674387614,53
2022-07-21T07:00:00Z,OTHER,WOOD/REFUSE,86.16339423073663,149
2022-07-21T07:00:00Z,SOLAR,SOLAR,0,977
2022-07-21T07:00:00Z,WIND,WIND,630.5736875058049,2269
2022-07-21T08:00:00Z,COAL,COAL,1255.2841924201118,1266
2022-07-21T08:00:00Z,ENERGY STORAGE,ENERGY STORAGE,-0.40000152587890625,50
2022-07-21T08:00:00Z,GAS,COGENERATION,3691.0054863376085,5189
2022-07-21T08:00:00Z,GAS,COMBINED CYCLE,1246.6005418565537,1810
2022-07-21T08:00:00Z,GAS,GAS FIRED STEAM,950.1023487811618,2599
2022-07-21T08:00:00Z,GAS,SIMPLE CYCLE,245.97505093574523,1230
2022-07-21T08:00:00Z,HYDRO,HYDRO,303.48643980291155,894
2022-07-21T08:00:00Z,OTHER,BIOMASS,78.93999911361271,154
2022-07-21T08:00:00Z,OTHER,GAS,1.4999510049819946,10
2022-07-21T08:00:00Z,OTHER,GAS COGEN,0,58
2022-07-21T08:00:00Z,OTHER,OIL/GAS,44.10026550504897,53
2022-07-21T08:00:00Z,OTHER,WOOD/REFUSE,79.50941304842631,149
2022-07-21T08:00:00Z,SOLAR,SOLAR,0,977
2022-07-21T08:00:00Z,WIND,WIND,449.5240829317934,2269
2022-07-21T09:00:00Z,COAL,COAL,1260.9860370551214,1266
2022-07-21T09:00:00Z,ENERGY STORAGE,ENERGY STORAGE,-0.40000152587890625,50
2022-07-21T09:00:00Z,GAS,COGENERATION,3714.3422319897018,5189
2022-07-21T09:00:00Z,GAS,COMBINED CYCLE,1288.731186498006,1810
2022-07-21T09:00:00Z,GAS,GAS FIRED STEAM,1037.2587603357103,2599
2022-07-21T09:00:00Z,GAS,SIMPLE CYCLE,257.2930571913057,1230
2022-07-21T09:00:00Z,HYDRO,HYDRO,347.1774024633236,894
2022-07-21T09:00:00Z,OTHER,BIOMASS,78.37966686354744,154
2022-07-21T09:00:00Z,OTHER,GAS,1.4999510049819946,10
2022-07-21T09:00:00Z,OTHER,GAS COGEN,0,58
2022-07-21T09:00:00Z,OTHER,OIL/GAS,44.75810933430989,53
2022-07-21T09:00:00Z,OTHER,WOOD/REFUSE,79.6373278368844,149
2022-07-21T09:00:00Z,SOLAR,SOLAR,0,977
2022-07-21T09:00:00Z,WIND,WIND,302.79577743296824,2269
2022-07-21T10:00:00Z,COAL,COAL,1260.7385156589085,1266
2022-07-21T10:00:00Z,ENERGY STORAGE,ENERGY STORAGE,-0.39961263550652404,50
2022-07-21T10:00:00Z,GAS,COGENERATION,3735.928075459798,5189
2022-07-21T10:00:00Z,GAS,COMBINED CYCLE,1288.0253532531526,1810
2022-07-21T10:00:00Z,GAS,GAS FIRED STEAM,1076.7173676554362,2599
2022-07-21T10:00:00Z,GAS,SIMPLE CYCLE,298.65223231898415,1230
2022-07-21T10:00:00Z,HYDRO,HYDRO,351.37982672651606,894
2022-07-21T10:00:00Z,OTHER,BIOMASS,82.6025248114268,154
2022-07-21T10:00:00Z,OTHER,GAS,0.29582367042700447,10
2022-07-21T10:00:00Z,OTHER,GAS COGEN,0,58
2022-07-21T10:00:00Z,OTHER,OIL/GAS,45.03489873250326,53
2022-07-21T10:00:00Z,OTHER,WOOD/REFUSE,85.60329237884946,149
2022-07-21T10:00:00Z,SOLAR,SOLAR,0,977
2022-07-21T10:00:00Z,WIND,WIND,255.24480413971676,2269
2022-07-21T11:00:00Z,COAL,COAL,1254.6295186191135,1266
2022-07-21T11:00:00Z,ENERGY STORAGE,ENERGY STORAGE,-0.49489030096266007,50
2022-07-21T11:00:00Z,GAS,COGENERATION,3726.124792437951,5189
2022-07-21T11:00:00Z,GAS,COMBINED CYCLE,1276.0039974323909,1810
2022-07-21T11:00:00Z,GAS,GAS FIRED STEAM,1031.279082514445,2599
2022-07-21T11:00:00Z,GAS,SIMPLE CYCLE,256.5795485790571,1230
2022-07-21T11:00:00Z,HYDRO,HYDRO,323.6702187262641,894
2022-07-21T11:00:00Z,OTHER,BIOMASS,82.84368679947323,154
2022-07-21T11:00:00Z,OTHER,GAS,0,10
2022-07-21T11:00:00Z,OTHER,GAS COGEN,0,58
2022-07-21T11:00:00Z,OTHER,OIL/GAS,45.149464507632786,53
2022-07-21T11:00:00Z,OTHER,WOOD/REFUSE,86.68301141315037,149
2022-07-21T11:00:00Z,SOLAR,SOLAR,0.05249999741713205,977
2022-07-21T11:00:00Z,WIND,WIND,269.72817591163846,2269
2022-07-21T12:00:00Z,COAL,COAL,1256.2728533596464,1266
2022-07-21T12:00:00Z,ENERGY STORAGE,ENERGY STORAGE,-1.1487783453199598,50
2022-07-21T12:00:00Z,GAS,COGENERATION,3720.568979983098,5189
2022-07-21T12:00:00Z,GAS,COMBINED CYCLE,1259.0928373776542,1810
2022-07-21T12:00:00Z,GAS,GAS FIRED STEAM,1060.7900489171348,2599
2022-07-21T12:00:00Z,GAS,SIMPLE CYCLE,352.9253774649236,1230
2022-07-21T12:00:00Z,HYDRO,HYDRO,318.2638732671738,894
2022-07-21T12:00:00Z,OTHER,BIOMASS,82.245019314554,154
2022-07-21T12:00:00Z,OTHER,GAS,0,10
2022-07-21T12:00:00Z,OTHER,GAS COGEN,0,58
2022-07-21T12:00:00Z,OTHER,OIL/GAS,44.26140366236369,53
2022-07-21T12:00:00Z,OTHER,WOOD/REFUSE,85.38169651243422,149
2022-07-21T12:00:00Z,SOLAR,SOLAR,63.84638773529066,977
2022-07-21T12:00:00Z,WIND,WIND,307.3318381486005,2269
2022-07-21T13:00:00Z,COAL,COAL,1259.8768276129829,1266
2022-07-21T13:00:00Z,ENERGY STORAGE,ENERGY STORAGE,-1.1473894511328804,50
2022-07-21T13:00:00Z,GAS,COGENERATION,3715.7151736942596,5189
2022-07-21T13:00:00Z,GAS,COMBINED CYCLE,1311.0891926532322,1810
2022-07-21T13:00:00Z,GAS,GAS FIRED STEAM,945.3907857259114,2599
2022-07-21T13:00:00Z,GAS,SIMPLE CYCLE,355.21122119373746,1230
2022-07-21T13:00:00Z,HYDRO,HYDRO,396.3941798868444,894
2022-07-21T13:00:00Z,OTHER,BIOMASS,78.30937320126428,154
2022-07-21T13:00:00Z,OTHER,GAS,0,10
2022-07-21T13:00:00Z,OTHER,GAS COGEN,0,58
2022-07-21T13:00:00Z,OTHER,OIL/GAS,44.37991553200616,53
2022-07-21T13:00:00Z,OTHER,WOOD/REFUSE,84.38815484417809,149
2022-07-21T13:00:00Z,SOLAR,SOLAR,303.8675500897732,977
2022-07-21T13:00:00Z,WIND,WIND,267.7307544976556,2269
2022-07-21T14:00:00Z,COAL,COAL,1261.7209014214409,1266
2022-07-21T14:00:00Z,ENERGY STORAGE,ENERGY STORAGE,-0.47316650178697367,50
2022-07-21T14:00:00Z,GAS,COGENERATION,3702.3746674441795,5189
2022-07-21T14:00:00Z,GAS,COMBINED CYCLE,1336.3702474806043,1810
2022-07-21T14:00:00Z,GAS,GAS FIRED STEAM,1078.454328098297,2599
2022-07-21T14:00:00Z,GAS,SIMPLE CYCLE,436.73438320987754,1230
2022-07-21T14:00:00Z,HYDRO,HYDRO,477.4788860840268,894
2022-07-21T14:00:00Z,OTHER,BIOMASS,77.23801732646095,154
2022-07-21T14:00:00Z,OTHER,GAS,0.43603172851933375,10
2022-07-21T14:00:00Z,OTHER,GAS COGEN,0,58
2022-07-21T14:00:00Z,OTHER,OIL/GAS,44.49687676323785,53
2022-07-21T14:00:00Z,OTHER,WOOD/REFUSE,80.51351989852058,149
2022-07-21T14:00:00Z,SOLAR,SOLAR,539.369214762979,977
2022-07-21T14:00:00Z,WIND,WIND,227.1104138001841,2269
2022-07-21T15:00:00Z,COAL,COAL,1260.4035726420084,1266
2022-07-21T15:00:00Z,ENERGY STORAGE,ENERGY STORAGE,-0.45638872252570256,50
2022-07-21T15:00:00Z,GAS,COGENERATION,3648.6089774333104,5189
2022-07-21T15:00:00Z,GAS,COMBINED CYCLE,1350.5233853869968,1810
2022-07-21T15:00:00Z,GAS,GAS FIRED STEAM,1156.0442404852975,2599
2022-07-21T15:00:00Z,GAS,SIMPLE CYCLE,503.68838821983996,1230
2022-07-21T15:00:00Z,HYDRO,HYDRO,458.0298342676957,894
2022-07-21T15:00:00Z,OTHER,BIOMASS,76.68078371365866,154
2022-07-21T15:00:00Z,OTHER,GAS,1.1366176582045024,10
2022-07-21T15:00:00Z,OTHER,GAS COGEN,0,58
2022-07-21T15:00:00Z,OTHER,OIL/GAS,44.33270544052124,53
2022-07-21T15:00:00Z,OTHER,WOOD/REFUSE,86.27431391980913,149
2022-07-21T15:00:00Z,SOLAR,SOLAR,645.1507109271155,977
2022-07-21T15:00:00Z,WIND,WIND,170.29636145028388,2269
2022-07-21T16:00:00Z,COAL,COAL,1259.9819518195259,1266
2022-07-21T16:00:00Z,ENERGY STORAGE,ENERGY STORAGE,-0.3720553821987576,50
2022-07-21T16:00:00Z,GAS,COGENERATION,3634.4279631130894,5189
2022-07-21T16:00:00Z,GAS,COMBINED CYCLE,1412.448826754358,1810
2022-07-21T16:00:00Z,GAS,GAS FIRED STEAM,1349.3945382436116,2599
2022-07-21T16:00:00Z,GAS,SIMPLE CYCLE,556.7584870853689,1230
2022-07-21T16:00:00Z,HYDRO,HYDRO,482.1628895874818,894
2022-07-21T16:00:00Z,OTHER,BIOMASS,76.81294432322184,154
2022-07-21T16:00:00Z,OTHER,GAS,1.796895417571068,10
2022-07-21T16:00:00Z,OTHER,GAS COGEN,0,58
2022-07-21T16:00:00Z,OTHER,OIL/GAS,44.05788786994086,53
2022-07-21T16:00:00Z,OTHER,WOOD/REFUSE,93.01988516966502,149
2022-07-21T16:00:00Z,SOLAR,SOLAR,683.2647691533632,977
2022-07-21T16:00:00Z,WIND,WIND,163.12736900963304,2269
2022-07-21T17:00:00Z,COAL,COAL,1260.557728474935,1266
2022-07-21T17:00:00Z,ENERGY STORAGE,ENERGY STORAGE,-0.12372222476535372,50
2022-07-21T17:00:00Z,GAS,COGENERATION,3617.6033386948375,5189
2022-07-21T17:00:00Z,GAS,COMBINED CYCLE,1434.4102545086544,1810
2022-07-21T17:00:00Z,GAS,GAS FIRED STEAM,1392.4203831948175,2599
2022-07-21T17:00:00Z,GAS,SIMPLE CYCLE,580.5481492663754,1230
2022-07-21T17:00:00Z,HYDRO,HYDRO,553.8255736019876,894
2022-07-21T17:00:00Z,OTHER,BIOMASS,79.1340500444836,154
2022-07-21T17:00:00Z,OTHER,GAS,2.199950933456421,10
2022-07-21T17:00:00Z,OTHER,GAS COGEN,0,58
2022-07-21T17:00:00Z,OTHER,OIL/GAS,43.71610946231418,53
2022-07-21T17:00:00Z,OTHER,WOOD/REFUSE,93.63182043181524,149
2022-07-21T17:00:00Z,SOLAR,SOLAR,698.7824856475493,977
2022-07-21T17:00:00Z,WIND,WIND,160.76482695138287,2269
2022-07-21T18:00:00Z,COAL,COAL,1259.447183464898,1266
2022-07-21T18:00:00Z,ENERGY STORAGE,ENERGY STORAGE,-0.12349999957614474,50
2022-07-21T18:00:00Z,GAS,COGENERATION,3602.3785479143594,5189
2022-07-21T18:00:00Z,GAS,COMBINED CYCLE,1435.981827235222,1810
2022-07-21T18:00:00Z,GAS,GAS FIRED STEAM,1423.1457748413086,2599
2022-07-21T18:00:00Z,GAS,SIMPLE CYCLE,615.7134218769603,1230
2022-07-21T18:00:00Z,HYDRO,HYDRO,510.3816508411037,894
2022-07-21T18:00:00Z,OTHER,BIOMASS,75.51599426719878,154
2022-07-21T18:00:00Z,OTHER,GAS,1.582173192501068,10
2022-07-21T18:00:00Z,OTHER,GAS COGEN,0,58
2022-07-21T18:00:00Z,OTHER,OIL/GAS,43.86260945002238,53
2022-07-21T18:00:00Z,OTHER,WOOD/REFUSE,92.68422913392385,149
2022-07-21T18:00:00Z,SOLAR,SOLAR,731.3092668925391,977
2022-07-21T18:00:00Z,WIND,WIND,243.36798851177096,2269
2022-07-21T19:00:00Z,COAL,COAL,1259.9782430013022,1266
2022-07-21T19:00:00Z,ENERGY STORAGE,ENERGY STORAGE,-0.12522222730848526,50
2022-07-21T19:00:00Z,GAS,COGENERATION,3565.152188141611,5189
2022-07-21T19:00:00Z,GAS,COMBINED CYCLE,1435.2635588412813,1810
2022-07-21T19:00:00Z,GAS,GAS FIRED STEAM,1429.6310463290745,2599
2022-07-21T19:00:00Z,GAS,SIMPLE CYCLE,630.4140015785231,1230
2022-07-21T19:00:00Z,HYDRO,HYDRO,477.9391453868813,894
2022-07-21T19:00:00Z,OTHER,BIOMASS,75.5673572619756,154
2022-07-21T19:00:00Z,OTHER,GAS,0.6283089750342898,10
2022-07-21T19:00:00Z,OTHER,GAS COGEN,0,58
2022-07-21T19:00:00Z,OTHER,OIL/GAS,44.23690986845229,53
2022-07-21T19:00:00Z,OTHER,WOOD/REFUSE,92.88861793253156,149
2022-07-21T19:00:00Z,SOLAR,SOLAR,727.5090375720131,977
2022-07-21T19:00:00Z,WIND,WIND,462.6674340289417,2269
2022-07-21T20:00:00Z,COAL,COAL,1259.221463945177,1266
2022-07-21T20:00:00Z,ENERGY STORAGE,ENERGY STORAGE,-0.12538887977600097,50
2022-07-21T20:00:00Z,GAS,COGENERATION,3555.3888835257953,5189
2022-07-21T20:00:00Z,GAS,COMBINED CYCLE,1430.2581233845817,1810
2022-07-21T20:00:00Z,GAS,GAS FIRED STEAM,1412.630001373291,2599
2022-07-21T20:00:00Z,GAS,SIMPLE CYCLE,642.3674315816826,1230
2022-07-21T20:00:00Z,HYDRO,HYDRO,475.7213004148006,894
2022-07-21T20:00:00Z,OTHER,BIOMASS,76.33678770648109,154
2022-07-21T20:00:00Z,OTHER,GAS,0,10
2022-07-21T20:00:00Z,OTHER,GAS COGEN,0,58
2022-07-21T20:00:00Z,OTHER,OIL/GAS,43.99880398220486,53
2022-07-21T20:00:00Z,OTHER,WOOD/REFUSE,92.7650122944514,149
2022-07-21T20:00:00Z,SOLAR,SOLAR,725.2655939928691,977
2022-07-21T20:00:00Z,WIND,WIND,559.6705706847376,2269
2022-07-21T21:00:00Z,COAL,COAL,1259.13224512736,1266
2022-07-21T21:00:00Z,ENERGY STORAGE,ENERGY STORAGE,-0.13194444020589194,50
2022-07-21T21:00:00Z,GAS,COGENERATION,3569.289266323911,5189
2022-07-21T21:00:00Z,GAS,COMBINED CYCLE,1428.035210032463,1810
2022-07-21T21:00:00Z,GAS,GAS FIRED STEAM,1418.0740365770127,2599
2022-07-21T21:00:00Z,GAS,SIMPLE CYCLE,661.0583755355411,1230
2022-07-21T21:00:00Z,HYDRO,HYDRO,523.8145536311467,894
2022-07-21T21:00:00Z,OTHER,BIOMASS,75.19924551275041,154
2022-07-21T21:00:00Z,OTHER,GAS,0,10
2022-07-21T21:00:00Z,OTHER,GAS COGEN,0,58
2022-07-21T21:00:00Z,OTHER,OIL/GAS,44.11232070710924,53
2022-07-21T21:00:00Z,OTHER,WOOD/REFUSE,92.57270493613349,149
2022-07-21T21:00:00Z,SOLAR,SOLAR,724.3425897926423,977
2022-07-21T21:00:00Z,WIND,WIND,582.3024869492484,2269
2022-07-21T22:00:00Z,COAL,COAL,1261.7783974032932,1266
2022-07-21T22:00:00Z,ENERGY STORAGE,ENERGY STORAGE,-0.12738888528611925,50
2022-07-21T22:00:00Z,GAS,COGENERATION,3592.568531668186,5189
2022-07-21T22:00:00Z,GAS,COMBINED CYCLE,1430.9281440258026,1810
2022-07-21T22:00:00Z,GAS,GAS FIRED STEAM,1477.878025902642,2599
2022-07-21T22:00:00Z,GAS,SIMPLE CYCLE,661.3311399828062,1230
2022-07-21T22:00:00Z,HYDRO,HYDRO,555.712811374267,894
2022-07-21T22:00:00Z,OTHER,BIOMASS,73.92992353545296,154
2022-07-21T22:00:00Z,OTHER,GAS,0.8132319273882442,10
2022-07-21T22:00:00Z,OTHER,GAS COGEN,0,58
2022-07-21T22:00:00Z,OTHER,OIL/GAS,44.34706478118896,53
2022-07-21T22:00:00Z,OTHER,WOOD/REFUSE,93.1616209967931,149
2022-07-21T22:00:00Z,SOLAR,SOLAR,696.5733786782291,977
2022-07-21T22:00:00Z,WIND,WIND,669.2180069461009,2269
2022-07-21T23:00:00Z,COAL,COAL,1259.5683507792155,1266
2022-07-21T23:00:00Z,ENERGY STORAGE,ENERGY STORAGE,-0.06349999957614474,50
2022-07-21T23:00:00Z,GAS,COGENERATION,3602.3777327569987,5189
2022-07-21T23:00:00Z,GAS,COMBINED CYCLE,1432.7048464780385,1810
2022-07-21T23:00:00Z,GAS,GAS FIRED STEAM,1492.182306628757,2599
2022-07-21T23:00:00Z,GAS,SIMPLE CYCLE,693.5769848307635,1230
2022-07-21T23:00:00Z,HYDRO,HYDRO,514.6439237379366,894
2022-07-21T23:00:00Z,OTHER,BIOMASS,76.31572573449876,154
2022-07-21T23:00:00Z,OTHER,GAS,1.3756176516744825,10
2022-07-21T23:00:00Z,OTHER,GAS COGEN,0,58
2022-07-21T23:00:00Z,OTHER,OIL/GAS,43.79063810772366,53
2022-07-21T23:00:00Z,OTHER,WOOD/REFUSE,97.44556773662566,149
2022-07-21T23:00:00Z,SOLAR,SOLAR,631.0575462802914,977
2022-07-21T23:00:00Z,WIND,WIND,678.9185008746799,2269
2022-07-22T00:00:00Z,COAL,COAL,1258.4915170288086,1266
2022-07-22T00:00:00Z,ENERGY STORAGE,ENERGY STORAGE,0,50
2022-07-22T00:00:00Z,GAS,COGENERATION,3575.161184388002,5189
2022-07-22T00:00:00Z,GAS,COMBINED CYCLE,1434.4407264259125,1810
2022-07-22T00:00:00Z,GAS,GAS FIRED STEAM,1356.4363386027019,2599
2022-07-22T00:00:00Z,GAS,SIMPLE CYCLE,693.6367060990135,1230
2022-07-22T00:00:00Z,HYDRO,HYDRO,527.1342377410167,894
2022-07-22T00:00:00Z,OTHER,BIOMASS,79.86585892253451,154
2022-07-22T00:00:00Z,OTHER,GAS,1.3999509811401367,10
2022-07-22T00:00:00Z,OTHER,GAS COGEN,0,58
2022-07-22T00:00:00Z,OTHER,OIL/GAS,44.093426818847654,53
2022-07-22T00:00:00Z,OTHER,WOOD/REFUSE,97.80970441871219,149
2022-07-22T00:00:00Z,SOLAR,SOLAR,550.881050931149,977
2022-07-22T00:00:00Z,WIND,WIND,788.3253102700495,2269
2022-07-22T01:00:00Z,COAL,COAL,1259.8691855367024,1266
2022-07-22T01:00:00Z,ENERGY STORAGE,ENERGY STORAGE,-1.6666624281141e-4,50
2022-07-22T01:00:00Z,GAS,COGENERATION,3625.1593032654787,5189
2022-07-22T01:00:00Z,GAS,COMBINED CYCLE,1435.3029262664581,1810
2022-07-22T01:00:00Z,GAS,GAS FIRED STEAM,1398.7629603237576,2599
2022-07-22T01:00:00Z,GAS,SIMPLE CYCLE,702.9135302285188,1230
2022-07-22T01:00:00Z,HYDRO,HYDRO,523.7064531224967,894
2022-07-22T01:00:00Z,OTHER,BIOMASS,81.1061452706655,154
2022-07-22T01:00:00Z,OTHER,GAS,1.3999509811401367,10
2022-07-22T01:00:00Z,OTHER,GAS COGEN,0,58
2022-07-22T01:00:00Z,OTHER,OIL/GAS,44.393794258965386,53
2022-07-22T01:00:00Z,OTHER,WOOD/REFUSE,98.22475644376543,149
2022-07-22T01:00:00Z,SOLAR,SOLAR,326.221494312187,977
2022-07-22T01:00:00Z,WIND,WIND,800.6449073506643,2269
2022-07-22T02:00:00Z,COAL,COAL,1259.0927489217122,1266
2022-07-22T02:00:00Z,ENERGY STORAGE,ENERGY STORAGE,0,50
2022-07-22T02:00:00Z,GAS,COGENERATION,3582.5846470844745,5189
2022-07-22T02:00:00Z,GAS,COMBINED CYCLE,1423.3572781880696,1810
2022-07-22T02:00:00Z,GAS,GAS FIRED STEAM,1348.4352942699857,2599
2022-07-22T02:00:00Z,GAS,SIMPLE CYCLE,653.6433547336526,1230
2022-07-22T02:00:00Z,HYDRO,HYDRO,446.2105131035215,894
2022-07-22T02:00:00Z,OTHER,BIOMASS,77.2280402607388,154
2022-07-22T02:00:00Z,OTHER,GAS,1.3999509811401367,10
2022-07-22T02:00:00Z,OTHER,GAS COGEN,0,58
2022-07-22T02:00:00Z,OTHER,OIL/GAS,43.51615491231283,53
2022-07-22T02:00:00Z,OTHER,WOOD/REFUSE,98.09661079088846,149
2022-07-22T02:00:00Z,SOLAR,SOLAR,91.81503166594439,977
2022-07-22T02:00:00Z,WIND,WIND,962.8380161406244,2269
2022-07-22T03:00:00Z,COAL,COAL,1259.7252435980904,1266
2022-07-22T03:00:00Z,ENERGY STORAGE,ENERGY STORAGE,0,50
2022-07-22T03:00:00Z,GAS,COGENERATION,3620.5306849924723,5189
2022-07-22T03:00:00Z,GAS,COMBINED CYCLE,1341.4533697297838,1810
2022-07-22T03:00:00Z,GAS,GAS FIRED STEAM,1267.0776423941718,2599
2022-07-22T03:00:00Z,GAS,SIMPLE CYCLE,580.562115639382,1230
2022-07-22T03:00:00Z,HYDRO,HYDRO,430.18222482454445,894
2022-07-22T03:00:00Z,OTHER,BIOMASS,81.55173656516605,154
2022-07-22T03:00:00Z,OTHER,GAS,1.3999509811401367,10
2022-07-22T03:00:00Z,OTHER,GAS COGEN,0,58
2022-07-22T03:00:00Z,OTHER,OIL/GAS,43.66998221291436,53
2022-07-22T03:00:00Z,OTHER,WOOD/REFUSE,95.93220755206214,149
2022-07-22T03:00:00Z,SOLAR,SOLAR,2.2488888471490807,977
2022-07-22T03:00:00Z,WIND,WIND,1065.66144304754,2269
2022-07-22T04:00:00Z,COAL,COAL,1259.8441222466363,1266
2022-07-22T04:00:00Z,ENERGY STORAGE,ENERGY STORAGE,-5.5555767483181424e-5,50
2022-07-22T04:00:00Z,GAS,COGENERATION,3721.2727481304273,5189
2022-07-22T04:00:00Z,GAS,COMBINED CYCLE,1334.464391344918,1810
2022-07-22T04:00:00Z,GAS,GAS FIRED STEAM,1136.4787821006776,2599
2022-07-22T04:00:00Z,GAS,SIMPLE CYCLE,497.51834459927346,1230
2022-07-22T04:00:00Z,HYDRO,HYDRO,415.71517219897777,894
2022-07-22T04:00:00Z,OTHER,BIOMASS,84.92916975127326,154
2022-07-22T04:00:00Z,OTHER,GAS,1.3999509811401367,10
2022-07-22T04:00:00Z,OTHER,GAS COGEN,0,58
2022-07-22T04:00:00Z,OTHER,OIL/GAS,43.37313327577379,53
2022-07-22T04:00:00Z,OTHER,WOOD/REFUSE,90.68924313015408,149
2022-07-22T04:00:00Z,SOLAR,SOLAR,0,977
2022-07-22T04:00:00Z,WIND,WIND,1049.085175386336,2269
2022-07-22T05:00:00Z,COAL,COAL,1257.6711273871529,1266
2022-07-22T05:00:00Z,ENERGY STORAGE,ENERGY STORAGE,-0.21083343929714626,50
2022-07-22T05:00:00Z,GAS,COGENERATION,3775.588414822701,5189
2022-07-22T05:00:00Z,GAS,COMBINED CYCLE,1257.317740828196,1810
2022-07-22T05:00:00Z,GAS,GAS FIRED STEAM,1084.2711741828919,2599
2022-07-22T05:00:00Z,GAS,SIMPLE CYCLE,348.586888048119,1230
2022-07-22T05:00:00Z,HYDRO,HYDRO,304.7104767560959,894
2022-07-22T05:00:00Z,OTHER,BIOMASS,86.03424134837257,154
2022-07-22T05:00:00Z,OTHER,GAS,1.3999509811401367,10
2022-07-22T05:00:00Z,OTHER,GAS COGEN,0,58
2022-07-22T05:00:00Z,OTHER,OIL/GAS,43.43632087919447,53
2022-07-22T05:00:00Z,OTHER,WOOD/REFUSE,87.93527531252967,149
2022-07-22T05:00:00Z,SOLAR,SOLAR,0,977
2022-07-22T05:00:00Z,WIND,WIND,1165.74027261734,2269
2022-07-22T06:00:00Z,COAL,COAL,1259.545407019721,1266
2022-07-22T06:00:00Z,ENERGY STORAGE,ENERGY STORAGE,-1.1541672547658284,50
2022-07-22T06:00:00Z,GAS,COGENERATION,3774.515901548465,5189
2022-07-22T06:00:00Z,GAS,COMBINED CYCLE,1231.6595483965345,1810
2022-07-22T06:00:00Z,GAS,GAS FIRED STEAM,792.9517636532254,2599
2022-07-22T06:00:00Z,GAS,SIMPLE CYCLE,252.08164221074844,1230
2022-07-22T06:00:00Z,HYDRO,HYDRO,278.19944955375456,894
2022-07-22T06:00:00Z,OTHER,BIOMASS,84.90938078350491,154
2022-07-22T06:00:00Z,OTHER,GAS,1.3999509811401367,10
2022-07-22T06:00:00Z,OTHER,GAS COGEN,0,58
2022-07-22T06:00:00Z,OTHER,OIL/GAS,43.604967227511935,53
2022-07-22T06:00:00Z,OTHER,WOOD/REFUSE,83.97228192859225,149
2022-07-22T06:00:00Z,SOLAR,SOLAR,0,977
2022-07-22T06:00:00Z,WIND,WIND,1221.6005912665607,2269
2022-07-22T07:00:00Z,COAL,COAL,1260.807513631185,1266
2022-07-22T07:00:00Z,ENERGY STORAGE,ENERGY STORAGE,-1.144222772386339,50
2022-07-22T07:00:00Z,GAS,COGENERATION,3766.9552945899964,5189
2022-07-22T07:00:00Z,GAS,COMBINED CYCLE,1228.6172621896533,1810
2022-07-22T07:00:00Z,GAS,GAS FIRED STEAM,600.9402573458353,2599
2022-07-22T07:00:00Z,GAS,SIMPLE CYCLE,227.0301677778032,1230
2022-07-22T07:00:00Z,HYDRO,HYDRO,290.57397625976137,894
2022-07-22T07:00:00Z,OTHER,BIOMASS,86.16967171351115,154
2022-07-22T07:00:00Z,OTHER,GAS,1.3999509811401367,10
2022-07-22T07:00:00Z,OTHER,GAS COGEN,0,58
2022-07-22T07:00:00Z,OTHER,OIL/GAS,43.23021644804213,53
2022-07-22T07:00:00Z,OTHER,WOOD/REFUSE,80.90924021720886,149
2022-07-22T07:00:00Z,SOLAR,SOLAR,0,977
2022-07-22T07:00:00Z,WIND,WIND,1230.81223464287,2269
2022-07-22T08:00:00Z,COAL,COAL,1260.2490722995335,1266
2022-07-22T08:00:00Z,ENERGY STORAGE,ENERGY STORAGE,-0.8520007292429606,50
2022-07-22T08:00:00Z,GAS,COGENERATION,3664.5935739839074,5189
2022-07-22T08:00:00Z,GAS,COMBINED CYCLE,1178.7878519937726,1810
2022-07-22T08:00:00Z,GAS,GAS FIRED STEAM,568.0214005724589,2599
2022-07-22T08:00:00Z,GAS,SIMPLE CYCLE,196.2046681774987,1230
2022-07-22T08:00:00Z,HYDRO,HYDRO,298.72722724265526,894
2022-07-22T08:00:00Z,OTHER,BIOMASS,85.18535886976454,154
2022-07-22T08:00:00Z,OTHER,GAS,1.3999509811401367,10
2022-07-22T08:00:00Z,OTHER,GAS COGEN,0,58
2022-07-22T08:00:00Z,OTHER,OIL/GAS,43.143993049197725,53
2022-07-22T08:00:00Z,OTHER,WOOD/REFUSE,81.46782712406582,149
2022-07-22T08:00:00Z,SOLAR,SOLAR,0,977
2022-07-22T08:00:00Z,WIND,WIND,1305.6343174380727,2269
2022-07-22T09:00:00Z,COAL,COAL,1259.8122370571562,1266
2022-07-22T09:00:00Z,ENERGY STORAGE,ENERGY STORAGE,-0.8190563159518771,50
2022-07-22T09:00:00Z,GAS,COGENERATION,3682.29777650555,5189
2022-07-22T09:00:00Z,GAS,COMBINED CYCLE,1188.3198649554781,1810
2022-07-22T09:00:00Z,GAS,GAS FIRED STEAM,582.758499853346,2599
2022-07-22T09:00:00Z,GAS,SIMPLE CYCLE,192.76794364240433,1230
2022-07-22T09:00:00Z,HYDRO,HYDRO,324.50899060169854,894
2022-07-22T09:00:00Z,OTHER,BIOMASS,84.25790582550897,154
2022-07-22T09:00:00Z,OTHER,GAS,1.3999509811401367,10
2022-07-22T09:00:00Z,OTHER,GAS COGEN,0,58
2022-07-22T09:00:00Z,OTHER,OIL/GAS,43.18742699517144,53
2022-07-22T09:00:00Z,OTHER,WOOD/REFUSE,80.90868987083435,149
2022-07-22T09:00:00Z,SOLAR,SOLAR,0,977
2022-07-22T09:00:00Z,WIND,WIND,1194.7980272037453,2269
2022-07-22T10:00:00Z,COAL,COAL,1260.7335155741375,1266
2022-07-22T10:00:00Z,ENERGY STORAGE,ENERGY STORAGE,-0.8177229807111952,50
2022-07-22T10:00:00Z,GAS,COGENERATION,3674.985452369849,5189
2022-07-22T10:00:00Z,GAS,COMBINED CYCLE,1184.7590774472553,1810
2022-07-22T10:00:00Z,GAS,GAS FIRED STEAM,562.440420135922,2599
2022-07-22T10:00:00Z,GAS,SIMPLE CYCLE,192.59205712424384,1230
2022-07-22T10:00:00Z,HYDRO,HYDRO,287.4420418438647,894
2022-07-22T10:00:00Z,OTHER,BIOMASS,85.16589027934604,154
2022-07-22T10:00:00Z,OTHER,GAS,1.3999509811401367,10
2022-07-22T10:00:00Z,OTHER,GAS COGEN,0,58
2022-07-22T10:00:00Z,OTHER,OIL/GAS,42.89198262108697,53
2022-07-22T10:00:00Z,OTHER,WOOD/REFUSE,80.13074051698048,149
2022-07-22T10:00:00Z,SOLAR,SOLAR,0,977
2022-07-22T10:00:00Z,WIND,WIND,1118.3008803626565,2269
2022-07-22T11:00:00Z,COAL,COAL,1259.9475973510741,1266
2022-07-22T11:00:00Z,ENERGY STORAGE,ENERGY STORAGE,-0.7908340962727864,50
2022-07-22T11:00:00Z,GAS,COGENERATION,3658.2159807911185,5189
2022-07-22T11:00:00Z,GAS,COMBINED CYCLE,1136.034049164454,1810
2022-07-22T11:00:00Z,GAS,GAS FIRED STEAM,559.3487885348002,2599
2022-07-22T11:00:00Z,GAS,SIMPLE CYCLE,183.71650134245556,1230
2022-07-22T11:00:00Z,HYDRO,HYDRO,300.1885759373506,894
2022-07-22T11:00:00Z,OTHER,BIOMASS,86.17414939774407,154
2022-07-22T11:00:00Z,OTHER,GAS,1.3999509811401367,10
2022-07-22T11:00:00Z,OTHER,GAS COGEN,0,58
2022-07-22T11:00:00Z,OTHER,OIL/GAS,42.89039362165663,53
2022-07-22T11:00:00Z,OTHER,WOOD/REFUSE,80.97223406473796,149
2022-07-22T11:00:00Z,SOLAR,SOLAR,0.07488888833257887,977
2022-07-22T11:00:00Z,WIND,WIND,1122.2835999866822,2269
2022-07-22T12:00:00Z,COAL,COAL,1259.276523844401,1266
2022-07-22T12:00:00Z,ENERGY STORAGE,ENERGY STORAGE,-0.4102782249450684,50
2022-07-22T12:00:00Z,GAS,COGENERATION,3760.2798569873967,5189
2022-07-22T12:00:00Z,GAS,COMBINED CYCLE,1208.5705800856483,1810
2022-07-22T12:00:00Z,GAS,GAS FIRED STEAM,559.558167822096,2599
2022-07-22T12:00:00Z,GAS,SIMPLE CYCLE,208.66433125548892,1230
2022-07-22T12:00:00Z,HYDRO,HYDRO,295.241179924806,894
2022-07-22T12:00:00Z,OTHER,BIOMASS,85.74620854165819,154
2022-07-22T12:00:00Z,OTHER,GAS,1.3999509811401367,10
2022-07-22T12:00:00Z,OTHER,GAS COGEN,0,58
2022-07-22T12:00:00Z,OTHER,OIL/GAS,42.67833862304688,53
2022-07-22T12:00:00Z,OTHER,WOOD/REFUSE,79.49716019206576,149
2022-07-22T12:00:00Z,SOLAR,SOLAR,39.27516584591733,977
2022-07-22T12:00:00Z,WIND,WIND,1240.7472491302424,2269
2022-07-22T13:00:00Z,COAL,COAL,1259.8894115532769,1266
2022-07-22T13:00:00Z,ENERGY STORAGE,ENERGY STORAGE,-2.248166519800822,50
2022-07-22T13:00:00Z,GAS,COGENERATION,3819.7505725773176,5189
2022-07-22T13:00:00Z,GAS,COMBINED CYCLE,1235.1723476844363,1810
2022-07-22T13:00:00Z,GAS,GAS FIRED STEAM,676.6583859316509,2599
2022-07-22T13:00:00Z,GAS,SIMPLE CYCLE,227.56534904708465,1230
2022-07-22T13:00:00Z,HYDRO,HYDRO,404.2296935388777,894
2022-07-22T13:00:00Z,OTHER,BIOMASS,85.22095640553368,154
2022-07-22T13:00:00Z,OTHER,GAS,1.3999509811401367,10
2022-07-22T13:00:00Z,OTHER,GAS COGEN,0,58
2022-07-22T13:00:00Z,OTHER,OIL/GAS,42.07019837697347,53
2022-07-22T13:00:00Z,OTHER,WOOD/REFUSE,78.98024687449137,149
2022-07-22T13:00:00Z,SOLAR,SOLAR,201.714329399897,977
2022-07-22T13:00:00Z,WIND,WIND,1152.3220715734694,2269
2022-07-22T14:00:00Z,COAL,COAL,1259.4071252950034,1266
2022-07-22T14:00:00Z,ENERGY STORAGE,ENERGY STORAGE,0,50
2022-07-22T14:00:00Z,GAS,COGENERATION,3848.4972710579636,5189
2022-07-22T14:00:00Z,GAS,COMBINED CYCLE,1324.436314468384,1810
2022-07-22T14:00:00Z,GAS,GAS FIRED STEAM,907.0776684082879,2599
2022-07-22T14:00:00Z,GAS,SIMPLE CYCLE,365.80828832321697,1230
2022-07-22T14:00:00Z,HYDRO,HYDRO,378.987776635223,894
2022-07-22T14:00:00Z,OTHER,BIOMASS,85.6201351483663,154
2022-07-22T14:00:00Z,OTHER,GAS,2.019506516920196,10
2022-07-22T14:00:00Z,OTHER,GAS COGEN,0,58
2022-07-22T14:00:00Z,OTHER,OIL/GAS,42.052482776641845,53
2022-07-22T14:00:00Z,OTHER,WOOD/REFUSE,77.96514586713579,149
2022-07-22T14:00:00Z,SOLAR,SOLAR,340.0806599432892,977
2022-07-22T14:00:00Z,WIND,WIND,896.0626271852024,2269
2022-07-22T15:00:00Z,COAL,COAL,1261.1274607510036,1266
2022-07-22T15:00:00Z,ENERGY STORAGE,ENERGY STORAGE,0,50
2022-07-22T15:00:00Z,GAS,COGENERATION,3856.4355544581676,5189
2022-07-22T15:00:00Z,GAS,COMBINED CYCLE,1344.1484318876267,1810
2022-07-22T15:00:00Z,GAS,GAS FIRED STEAM,983.2278951072693,2599
2022-07-22T15:00:00Z,GAS,SIMPLE CYCLE,420.22409698545937,1230
2022-07-22T15:00:00Z,HYDRO,HYDRO,435.086728254954,894
2022-07-22T15:00:00Z,OTHER,BIOMASS,85.55685250971052,154
2022-07-22T15:00:00Z,OTHER,GAS,1.7168954541285832,10
2022-07-22T15:00:00Z,OTHER,GAS COGEN,0,58
2022-07-22T15:00:00Z,OTHER,OIL/GAS,42.30848770141601,53
2022-07-22T15:00:00Z,OTHER,WOOD/REFUSE,86.13153263092042,149
2022-07-22T15:00:00Z,SOLAR,SOLAR,507.52165749457146,977
2022-07-22T15:00:00Z,WIND,WIND,655.7158766363395,2269
2022-07-22T16:00:00Z,COAL,COAL,1259.959298824734,1266
2022-07-22T16:00:00Z,ENERGY STORAGE,ENERGY STORAGE,0,50
2022-07-22T16:00:00Z,GAS,COGENERATION,3836.8987663659123,5189
2022-07-22T16:00:00Z,GAS,COMBINED CYCLE,1374.2786060852475,1810
2022-07-22T16:00:00Z,GAS,GAS FIRED STEAM,914.6177650981479,2599
2022-07-22T16:00:00Z,GAS,SIMPLE CYCLE,415.23055782821444,1230
2022-07-22T16:00:00Z,HYDRO,HYDRO,417.96228998012015,894
2022-07-22T16:00:00Z,OTHER,BIOMASS,84.32478510671191,154
2022-07-22T16:00:00Z,OTHER,GAS,1.4999510049819946,10
2022-07-22T16:00:00Z,OTHER,GAS COGEN,0,58
2022-07-22T16:00:00Z,OTHER,OIL/GAS,42.41812799877591,53
2022-07-22T16:00:00Z,OTHER,WOOD/REFUSE,85.83534582773845,149
2022-07-22T16:00:00Z,SOLAR,SOLAR,612.2772099680371,977
2022-07-22T16:00:00Z,WIND,WIND,505.92350926163294,2269
2022-07-22T17:00:00Z,COAL,COAL,1260.533185763889,1266
2022-07-22T17:00:00Z,ENERGY STORAGE,ENERGY STORAGE,0,50
2022-07-22T17:00:00Z,GAS,COGENERATION,3845.661505543192,5189
2022-07-22T17:00:00Z,GAS,COMBINED CYCLE,1441.990878036287,1810
2022-07-22T17:00:00Z,GAS,GAS FIRED STEAM,1150.3926138899062,2599
2022-07-22T17:00:00Z,GAS,SIMPLE CYCLE,602.1731562794911,1230
2022-07-22T17:00:00Z,HYDRO,HYDRO,512.8859566232893,894
2022-07-22T17:00:00Z,OTHER,BIOMASS,85.97375916534,154
2022-07-22T17:00:00Z,OTHER,GAS,1.4999510049819946,10
2022-07-22T17:00:00Z,OTHER,GAS COGEN,0,58
2022-07-22T17:00:00Z,OTHER,OIL/GAS,42.9936764272054,53
2022-07-22T17:00:00Z,OTHER,WOOD/REFUSE,91.93501820352343,149
2022-07-22T17:00:00Z,SOLAR,SOLAR,610.9950429408749,977
2022-07-22T17:00:00Z,WIND,WIND,402.83857190457485,2269
2022-07-22T18:00:00Z,COAL,COAL,1260.5604607306586,1266
2022-07-22T18:00:00Z,ENERGY STORAGE,ENERGY STORAGE,0,50
2022-07-22T18:00:00Z,GAS,COGENERATION,3844.892908366521,5189
2022-07-22T18:00:00Z,GAS,COMBINED CYCLE,1451.6999770906236,1810
2022-07-22T18:00:00Z,GAS,GAS FIRED STEAM,1362.499775636461,2599
2022-07-22T18:00:00Z,GAS,SIMPLE CYCLE,635.7162485947874,1230
2022-07-22T18:00:00Z,HYDRO,HYDRO,524.9366411202483,894
2022-07-22T18:00:00Z,OTHER,BIOMASS,89.60451417975956,154
2022-07-22T18:00:00Z,OTHER,GAS,1.4999510049819946,10
2022-07-22T18:00:00Z,OTHER,GAS COGEN,0,58
2022-07-22T18:00:00Z,OTHER,OIL/GAS,42.23553811179267,53
2022-07-22T18:00:00Z,OTHER,WOOD/REFUSE,95.05029125213622,149
2022-07-22T18:00:00Z,SOLAR,SOLAR,611.2195986504025,977
2022-07-22T18:00:00Z,WIND,WIND,255.97806107613775,2269
2022-07-22T19:00:00Z,COAL,COAL,1260.0542311604818,1266
2022-07-22T19:00:00Z,ENERGY STORAGE,ENERGY STORAGE,0,50
2022-07-22T19:00:00Z,GAS,COGENERATION,3848.144520638122,5189
2022-07-22T19:00:00Z,GAS,COMBINED CYCLE,1459.8580056969324,1810
2022-07-22T19:00:00Z,GAS,GAS FIRED STEAM,1401.1069623650446,2599
2022-07-22T19:00:00Z,GAS,SIMPLE CYCLE,675.2557504220804,1230
2022-07-22T19:00:00Z,HYDRO,HYDRO,527.0339094483852,894
2022-07-22T19:00:00Z,OTHER,BIOMASS,92.18079937669967,154
2022-07-22T19:00:00Z,OTHER,GAS,1.4999510049819946,10
2022-07-22T19:00:00Z,OTHER,GAS COGEN,0,58
2022-07-22T19:00:00Z,OTHER,OIL/GAS,41.69633782492743,53
2022-07-22T19:00:00Z,OTHER,WOOD/REFUSE,96.518896050983,149
2022-07-22T19:00:00Z,SOLAR,SOLAR,566.3227675000826,977
2022-07-22T19:00:00Z,WIND,WIND,177.0786230355584,2269
2022-07-22T20:00:00Z,COAL,COAL,1259.518022257487,1266
2022-07-22T20:00:00Z,ENERGY STORAGE,ENERGY STORAGE,0,50
2022-07-22T20:00:00Z,GAS,COGENERATION,3842.1449301110374,5189
2022-07-22T20:00:00Z,GAS,COMBINED CYCLE,1461.5167550526726,1810
2022-07-22T20:00:00Z,GAS,GAS FIRED STEAM,1423.8662016126846,2599
2022-07-22T20:00:00Z,GAS,SIMPLE CYCLE,719.6459783736865,1230
2022-07-22T20:00:00Z,HYDRO,HYDRO,561.8964187746412,894
2022-07-22T20:00:00Z,OTHER,BIOMASS,93.04821978886922,154
2022-07-22T20:00:00Z,OTHER,GAS,1.4999510049819946,10
2022-07-22T20:00:00Z,OTHER,GAS COGEN,0,58
2022-07-22T20:00:00Z,OTHER,OIL/GAS,41.97528188493517,53
2022-07-22T20:00:00Z,OTHER,WOOD/REFUSE,97.2286234500673,149
2022-07-22T20:00:00Z,SOLAR,SOLAR,530.7728236892489,977
2022-07-22T20:00:00Z,WIND,WIND,68.57685229983595,2269
2022-07-22T21:00:00Z,COAL,COAL,1259.5837394883897,1266
2022-07-22T21:00:00Z,ENERGY STORAGE,ENERGY STORAGE,4.4444613986544e-4,50
2022-07-22T21:00:00Z,GAS,COGENERATION,3836.2493058767586,5189
2022-07-22T21:00:00Z,GAS,COMBINED CYCLE,1464.5929159763125,1810
2022-07-22T21:00:00Z,GAS,GAS FIRED STEAM,1421.8742089335124,2599
2022-07-22T21:00:00Z,GAS,SIMPLE CYCLE,756.4592808710867,1230
2022-07-22T21:00:00Z,HYDRO,HYDRO,544.3124927900897,894
2022-07-22T21:00:00Z,OTHER,BIOMASS,93.92170062992308,154
2022-07-22T21:00:00Z,OTHER,GAS,1.4999510049819946,10
2022-07-22T21:00:00Z,OTHER,GAS COGEN,0,58
2022-07-22T21:00:00Z,OTHER,OIL/GAS,42.053754547966854,53
2022-07-22T21:00:00Z,OTHER,WOOD/REFUSE,97.28457234806486,149
2022-07-22T21:00:00Z,SOLAR,SOLAR,502.919768336349,977
2022-07-22T21:00:00Z,WIND,WIND,43.33648459818628,2269
2022-07-22T22:00:00Z,COAL,COAL,1260.2695747884115,1266
2022-07-22T22:00:00Z,ENERGY STORAGE,ENERGY STORAGE,0,50
2022-07-22T22:00:00Z,GAS,COGENERATION,3824.5316563112206,5189
2022-07-22T22:00:00Z,GAS,COMBINED CYCLE,1463.4735425339804,1810
2022-07-22T22:00:00Z,GAS,GAS FIRED STEAM,1120.6795416259765,2599
2022-07-22T22:00:00Z,GAS,SIMPLE CYCLE,836.6790517809657,1230
2022-07-22T22:00:00Z,HYDRO,HYDRO,583.8411727800634,894
2022-07-22T22:00:00Z,OTHER,BIOMASS,83.30667325599326,154
2022-07-22T22:00:00Z,OTHER,GAS,1.4999510049819946,10
2022-07-22T22:00:00Z,OTHER,GAS COGEN,0,58
2022-07-22T22:00:00Z,OTHER,OIL/GAS,42.73178247027927,53
2022-07-22T22:00:00Z,OTHER,WOOD/REFUSE,97.51217382854885,149
2022-07-22T22:00:00Z,SOLAR,SOLAR,443.80419632236163,977
2022-07-22T22:00:00Z,WIND,WIND,68.22051569713487,2269
2022-07-22T23:00:00Z,COAL,COAL,1259.1413970269095,1266
2022-07-22T23:00:00Z,ENERGY STORAGE,ENERGY STORAGE,0,50
2022-07-22T23:00:00Z,GAS,COGENERATION,3821.486767323017,5189
2022-07-22T23:00:00Z,GAS,COMBINED CYCLE,1470.415691098637,1810
2022-07-22T23:00:00Z,GAS,GAS FIRED STEAM,1161.002390475803,2599
2022-07-22T23:00:00Z,GAS,SIMPLE CYCLE,839.3331635130114,1230
2022-07-22T23:00:00Z,HYDRO,HYDRO,534.2478159990576,894
2022-07-22T23:00:00Z,OTHER,BIOMASS,80.15064203739166,154
2022-07-22T23:00:00Z,OTHER,GAS,1.404117648800214,10
2022-07-22T23:00:00Z,OTHER,GAS COGEN,0,58
2022-07-22T23:00:00Z,OTHER,OIL/GAS,42.94394913567437,53
2022-07-22T23:00:00Z,OTHER,WOOD/REFUSE,96.86005582491558,149
2022-07-22T23:00:00Z,SOLAR,SOLAR,370.1802141692572,977
2022-07-22T23:00:00Z,WIND,WIND,50.11848348721034,2269
2022-07-23T00:00:00Z,COAL,COAL,1259.7811771308052,1266
2022-07-23T00:00:00Z,ENERGY STORAGE,ENERGY STORAGE,-0.00122222688462998,50
2022-07-23T00:00:00Z,GAS,COGENERATION,3819.2313979058795,5189
2022-07-23T00:00:00Z,GAS,COMBINED CYCLE,1451.8513497320812,1810
2022-07-23T00:00:00Z,GAS,GAS FIRED STEAM,1111.044554663764,2599
2022-07-23T00:00:00Z,GAS,SIMPLE CYCLE,733.514884624415,1230
2022-07-23T00:00:00Z,HYDRO,HYDRO,478.87149486949045,894
2022-07-23T00:00:00Z,OTHER,BIOMASS,80.32815025011698,154
2022-07-23T00:00:00Z,OTHER,GAS,1.3999509811401367,10
2022-07-23T00:00:00Z,OTHER,GAS COGEN,0,58
2022-07-23T00:00:00Z,OTHER,OIL/GAS,42.68156538857354,53
2022-07-23T00:00:00Z,OTHER,WOOD/REFUSE,94.77054883744982,149
2022-07-23T00:00:00Z,SOLAR,SOLAR,199.20149628248478,977
2022-07-23T00:00:00Z,WIND,WIND,163.10344696292861,2269
2022-07-23T01:00:00Z,COAL,COAL,1254.168904232449,1266
2022-07-23T01:00:00Z,ENERGY STORAGE,ENERGY STORAGE,0,50
2022-07-23T01:00:00Z,GAS,COGENERATION,3802.5722574932047,5189
2022-07-23T01:00:00Z,GAS,COMBINED CYCLE,1446.2769760052363,1810
2022-07-23T01:00:00Z,GAS,GAS FIRED STEAM,943.4404769176907,2599
2022-07-23T01:00:00Z,GAS,SIMPLE CYCLE,633.5884978272849,1230
2022-07-23T01:00:00Z,HYDRO,HYDRO,520.4134012933572,894
2022-07-23T01:00:00Z,OTHER,BIOMASS,80.11378779835172,154
2022-07-23T01:00:00Z,OTHER,GAS,1.3999509811401367,10
2022-07-23T01:00:00Z,OTHER,GAS COGEN,0,58
2022-07-23T01:00:00Z,OTHER,OIL/GAS,42.407276939815944,53
2022-07-23T01:00:00Z,OTHER,WOOD/REFUSE,93.09445085790422,149
2022-07-23T01:00:00Z,SOLAR,SOLAR,181.10499604230125,977
2022-07-23T01:00:00Z,WIND,WIND,315.64475211107066,2269
2022-07-23T02:00:00Z,COAL,COAL,1255.2478585306803,1266
2022-07-23T02:00:00Z,ENERGY STORAGE,ENERGY STORAGE,0,50
2022-07-23T02:00:00Z,GAS,COGENERATION,3807.852999963628,5189
2022-07-23T02:00:00Z,GAS,COMBINED CYCLE,1460.2132703097661,1810
2022-07-23T02:00:00Z,GAS,GAS FIRED STEAM,1253.0322845840456,2599
2022-07-23T02:00:00Z,GAS,SIMPLE CYCLE,617.7406975722313,1230
2022-07-23T02:00:00Z,HYDRO,HYDRO,547.4348661504852,894
2022-07-23T02:00:00Z,OTHER,BIOMASS,80.14774767345853,154
2022-07-23T02:00:00Z,OTHER,GAS,1.3999509811401367,10
2022-07-23T02:00:00Z,OTHER,GAS COGEN,0,58
2022-07-23T02:00:00Z,OTHER,OIL/GAS,42.805192907121445,53
2022-07-23T02:00:00Z,OTHER,WOOD/REFUSE,94.04606487115224,149
2022-07-23T02:00:00Z,SOLAR,SOLAR,29.628499215212134,977
2022-07-23T02:00:00Z,WIND,WIND,176.46271462178893,2269
2022-07-23T03:00:00Z,COAL,COAL,1256.4617915344238,1266
2022-07-23T03:00:00Z,ENERGY STORAGE,ENERGY STORAGE,0,50
2022-07-23T03:00:00Z,GAS,COGENERATION,3825.771116964287,5189
2022-07-23T03:00:00Z,GAS,COMBINED CYCLE,1463.773343664805,1810
2022-07-23T03:00:00Z,GAS,GAS FIRED STEAM,1287.395209825304,2599
2022-07-23T03:00:00Z,GAS,SIMPLE CYCLE,481.32988918784594,1230
2022-07-23T03:00:00Z,HYDRO,HYDRO,536.9693926865524,894
2022-07-23T03:00:00Z,OTHER,BIOMASS,81.65241310119629,154
2022-07-23T03:00:00Z,OTHER,GAS,1.3999509811401367,10
2022-07-23T03:00:00Z,OTHER,GAS COGEN,0,58
2022-07-23T03:00:00Z,OTHER,OIL/GAS,42.77126057518853,53
2022-07-23T03:00:00Z,OTHER,WOOD/REFUSE,93.68488976054721,149
2022-07-23T03:00:00Z,SOLAR,SOLAR,0.1030000002268288,977
2022-07-23T03:00:00Z,WIND,WIND,336.19398790073893,2269
2022-07-23T04:00:00Z,COAL,COAL,1257.0130745781792,1266
2022-07-23T04:00:00Z,ENERGY STORAGE,ENERGY STORAGE,0,50
2022-07-23T04:00:00Z,GAS,COGENERATION,3849.74541514092,5189
2022-07-23T04:00:00Z,GAS,COMBINED CYCLE,1418.418911394543,1810
2022-07-23T04:00:00Z,GAS,GAS FIRED STEAM,1214.876100616455,2599
2022-07-23T04:00:00Z,GAS,SIMPLE CYCLE,473.99959951599436,1230
2022-07-23T04:00:00Z,HYDRO,HYDRO,540.6597942286068,894
2022-07-23T04:00:00Z,OTHER,BIOMASS,81.54277571254306,154
2022-07-23T04:00:00Z,OTHER,GAS,1.3999509811401367,10
2022-07-23T04:00:00Z,OTHER,GAS COGEN,0,58
2022-07-23T04:00:00Z,OTHER,OIL/GAS,42.82689421547784,53
2022-07-23T04:00:00Z,OTHER,WOOD/REFUSE,94.04726148022546,149
2022-07-23T04:00:00Z,SOLAR,SOLAR,0,977
2022-07-23T04:00:00Z,WIND,WIND,314.0312407399383,2269
2022-07-23T05:00:00Z,COAL,COAL,1255.6334080335828,1266
2022-07-23T05:00:00Z,ENERGY STORAGE,ENERGY STORAGE,0,50
2022-07-23T05:00:00Z,GAS,COGENERATION,3860.1304781859453,5189
2022-07-23T05:00:00Z,GAS,COMBINED CYCLE,1364.540099067688,1810
2022-07-23T05:00:00Z,GAS,GAS FIRED STEAM,993.4225970458984,2599
2022-07-23T05:00:00Z,GAS,SIMPLE CYCLE,457.7025687503815,1230
2022-07-23T05:00:00Z,HYDRO,HYDRO,409.125559639136,894
2022-07-23T05:00:00Z,OTHER,BIOMASS,78.24722118271723,154
2022-07-23T05:00:00Z,OTHER,GAS,1.3999509811401367,10
2022-07-23T05:00:00Z,OTHER,GAS COGEN,0,58
2022-07-23T05:00:00Z,OTHER,OIL/GAS,43.21181473837959,53
2022-07-23T05:00:00Z,OTHER,WOOD/REFUSE,90.41906559626261,149
2022-07-23T05:00:00Z,SOLAR,SOLAR,0,977
2022-07-23T05:00:00Z,WIND,WIND,403.85571170440977,2269
2022-07-23T06:00:00Z,COAL,COAL,1256.6963432820637,1266
2022-07-23T06:00:00Z,ENERGY STORAGE,ENERGY STORAGE,-0.23672211964925127,50
2022-07-23T06:00:00Z,GAS,COGENERATION,3872.8005049498875,5189
2022-07-23T06:00:00Z,GAS,COMBINED CYCLE,1300.5213279702928,1810
2022-07-23T06:00:00Z,GAS,GAS FIRED STEAM,885.2492132695517,2599
2022-07-23T06:00:00Z,GAS,SIMPLE CYCLE,371.75307611372733,1230
2022-07-23T06:00:00Z,HYDRO,HYDRO,307.870028270483,894
2022-07-23T06:00:00Z,OTHER,BIOMASS,78.19061804824405,154
2022-07-23T06:00:00Z,OTHER,GAS,1.3999509811401367,10
2022-07-23T06:00:00Z,OTHER,GAS COGEN,0,58
2022-07-23T06:00:00Z,OTHER,OIL/GAS,42.716965738932295,53
2022-07-23T06:00:00Z,OTHER,WOOD/REFUSE,86.63355151653289,149
2022-07-23T06:00:00Z,SOLAR,SOLAR,0,977
2022-07-23T06:00:00Z,WIND,WIND,497.80549303239417,2269
2022-07-23T07:00:00Z,COAL,COAL,1256.9186810302735,1266
2022-07-23T07:00:00Z,ENERGY STORAGE,ENERGY STORAGE,-0.8789439826541476,50
2022-07-23T07:00:00Z,GAS,COGENERATION,3833.9197141575482,5189
2022-07-23T07:00:00Z,GAS,COMBINED CYCLE,1268.4905354038874,1810
2022-07-23T07:00:00Z,GAS,GAS FIRED STEAM,830.9129556359185,2599
2022-07-23T07:00:00Z,GAS,SIMPLE CYCLE,298.769356560707,1230
2022-07-23T07:00:00Z,HYDRO,HYDRO,283.8666048202912,894
2022-07-23T07:00:00Z,OTHER,BIOMASS,80.29586505148146,154
2022-07-23T07:00:00Z,OTHER,GAS,1.4957843373219173,10
2022-07-23T07:00:00Z,OTHER,GAS COGEN,0,58
2022-07-23T07:00:00Z,OTHER,OIL/GAS,42.729910129970975,53
2022-07-23T07:00:00Z,OTHER,WOOD/REFUSE,83.79488053321838,149
2022-07-23T07:00:00Z,SOLAR,SOLAR,0,977
2022-07-23T07:00:00Z,WIND,WIND,458.6262183609605,2269
2022-07-23T08:00:00Z,COAL,COAL,1257.3577340359157,1266
2022-07-23T08:00:00Z,ENERGY STORAGE,ENERGY STORAGE,-0.885110673904419,50
2022-07-23T08:00:00Z,GAS,COGENERATION,3825.585864684052,5189
2022-07-23T08:00:00Z,GAS,COMBINED CYCLE,1288.9129253000683,1810
2022-07-23T08:00:00Z,GAS,GAS FIRED STEAM,857.5171262995402,2599
2022-07-23T08:00:00Z,GAS,SIMPLE CYCLE,285.4097887669669,1230
2022-07-23T08:00:00Z,HYDRO,HYDRO,311.29460956785414,894
2022-07-23T08:00:00Z,OTHER,BIOMASS,81.20935706244575,154
2022-07-23T08:00:00Z,OTHER,GAS,1.4999510049819946,10
2022-07-23T08:00:00Z,OTHER,GAS COGEN,0,58
2022-07-23T08:00:00Z,OTHER,OIL/GAS,42.45406114154392,53
2022-07-23T08:00:00Z,OTHER,WOOD/REFUSE,78.89248875406054,149
2022-07-23T08:00:00Z,SOLAR,SOLAR,0,977
2022-07-23T08:00:00Z,WIND,WIND,377.6191435411738,2269
2022-07-23T09:00:00Z,COAL,COAL,1256.9696326022677,1266
2022-07-23T09:00:00Z,ENERGY STORAGE,ENERGY STORAGE,-0.8979440551333957,50
2022-07-23T09:00:00Z,GAS,COGENERATION,3884.5243766289286,5189
2022-07-23T09:00:00Z,GAS,COMBINED CYCLE,1298.9168318096797,1810
2022-07-23T09:00:00Z,GAS,GAS FIRED STEAM,888.96064532174,2599
2022-07-23T09:00:00Z,GAS,SIMPLE CYCLE,341.94131281283165,1230
2022-07-23T09:00:00Z,HYDRO,HYDRO,314.94639566143354,894
2022-07-23T09:00:00Z,OTHER,BIOMASS,80.22667754703099,154
2022-07-23T09:00:00Z,OTHER,GAS,1.4999510049819946,10
2022-07-23T09:00:00Z,OTHER,GAS COGEN,0,58
2022-07-23T09:00:00Z,OTHER,OIL/GAS,42.92355413224962,53
2022-07-23T09:00:00Z,OTHER,WOOD/REFUSE,78.82140561050839,149
2022-07-23T09:00:00Z,SOLAR,SOLAR,0,977
2022-07-23T09:00:00Z,WIND,WIND,286.88286881410414,2269
2022-07-23T10:00:00Z,COAL,COAL,1257.6162374030218,1266
2022-07-23T10:00:00Z,ENERGY STORAGE,ENERGY STORAGE,-0.21666658189561633,50
2022-07-23T10:00:00Z,GAS,COGENERATION,3903.169986352838,5189
2022-07-23T10:00:00Z,GAS,COMBINED CYCLE,1324.8116201496123,1810
2022-07-23T10:00:00Z,GAS,GAS FIRED STEAM,929.7885053104825,2599
2022-07-23T10:00:00Z,GAS,SIMPLE CYCLE,380.83555441962346,1230
2022-07-23T10:00:00Z,HYDRO,HYDRO,375.44339735931817,894
2022-07-23T10:00:00Z,OTHER,BIOMASS,81.06070548799303,154
2022-07-23T10:00:00Z,OTHER,GAS,1.4999510049819946,10
2022-07-23T10:00:00Z,OTHER,GAS COGEN,0,58
2022-07-23T10:00:00Z,OTHER,OIL/GAS,43.09379816267226,53
2022-07-23T10:00:00Z,OTHER,WOOD/REFUSE,81.53105846087138,149
2022-07-23T10:00:00Z,SOLAR,SOLAR,0,977
2022-07-23T10:00:00Z,WIND,WIND,130.276343668186,2269
2022-07-23T11:00:00Z,COAL,COAL,1256.9641265360515,1266
2022-07-23T11:00:00Z,ENERGY STORAGE,ENERGY STORAGE,0,50
2022-07-23T11:00:00Z,GAS,COGENERATION,3918.0213222126167,5189
2022-07-23T11:00:00Z,GAS,COMBINED CYCLE,1305.9466984907785,1810
2022-07-23T11:00:00Z,GAS,GAS FIRED STEAM,955.8340923033821,2599
2022-07-23T11:00:00Z,GAS,SIMPLE CYCLE,382.96082096470724,1230
2022-07-23T11:00:00Z,HYDRO,HYDRO,367.9162702612082,894
2022-07-23T11:00:00Z,OTHER,BIOMASS,80.46828305138482,154
2022-07-23T11:00:00Z,OTHER,GAS,1.4999510049819946,10
2022-07-23T11:00:00Z,OTHER,GAS COGEN,0,58
2022-07-23T11:00:00Z,OTHER,OIL/GAS,42.64824827194214,53
2022-07-23T11:00:00Z,OTHER,WOOD/REFUSE,89.25761877112919,149
2022-07-23T11:00:00Z,SOLAR,SOLAR,0.00783333286643027,977
2022-07-23T11:00:00Z,WIND,WIND,11.173822551427616,2269
2022-07-23T12:00:00Z,COAL,COAL,1257.4450313822429,1266
2022-07-23T12:00:00Z,ENERGY STORAGE,ENERGY STORAGE,0,50
2022-07-23T12:00:00Z,GAS,COGENERATION,3925.9566048340002,5189
2022-07-23T12:00:00Z,GAS,COMBINED CYCLE,1306.171641280916,1810
2022-07-23T12:00:00Z,GAS,GAS FIRED STEAM,952.0307296922472,2599
2022-07-23T12:00:00Z,GAS,SIMPLE CYCLE,374.66272565788694,1230
2022-07-23T12:00:00Z,HYDRO,HYDRO,337.46736596557827,894
2022-07-23T12:00:00Z,OTHER,BIOMASS,79.80103833410475,154
2022-07-23T12:00:00Z,OTHER,GAS,1.4999510049819946,10
2022-07-23T12:00:00Z,OTHER,GAS COGEN,0,58
2022-07-23T12:00:00Z,OTHER,OIL/GAS,41.4962707095676,53
2022-07-23T12:00:00Z,OTHER,WOOD/REFUSE,86.02302378177643,149
2022-07-23T12:00:00Z,SOLAR,SOLAR,38.76349918385347,977
2022-07-23T12:00:00Z,WIND,WIND,5.734619792298311,2269
2022-07-23T13:00:00Z,COAL,COAL,1258.442525024414,1266
2022-07-23T13:00:00Z,ENERGY STORAGE,ENERGY STORAGE,-1.2566108544667562,50
2022-07-23T13:00:00Z,GAS,COGENERATION,3876.08199853152,5189
2022-07-23T13:00:00Z,GAS,COMBINED CYCLE,1290.776091498269,1810
2022-07-23T13:00:00Z,GAS,GAS FIRED STEAM,885.8671977149115,2599
2022-07-23T13:00:00Z,GAS,SIMPLE CYCLE,309.8972074817949,1230
2022-07-23T13:00:00Z,HYDRO,HYDRO,429.47883411195545,894
2022-07-23T13:00:00Z,OTHER,BIOMASS,80.35392090055677,154
2022-07-23T13:00:00Z,OTHER,GAS,1.4999510049819946,10
2022-07-23T13:00:00Z,OTHER,GAS COGEN,0,58
2022-07-23T13:00:00Z,OTHER,OIL/GAS,42.20900426652696,53
2022-07-23T13:00:00Z,OTHER,WOOD/REFUSE,82.50902226448059,149
2022-07-23T13:00:00Z,SOLAR,SOLAR,198.97116272524,977
2022-07-23T13:00:00Z,WIND,WIND,6.785721346201996,2269
2022-07-23T14:00:00Z,COAL,COAL,1256.8845166524252,1266
2022-07-23T14:00:00Z,ENERGY STORAGE,ENERGY STORAGE,-0.08977775785658094,50
2022-07-23T14:00:00Z,GAS,COGENERATION,3837.9239224633243,5189
2022-07-23T14:00:00Z,GAS,COMBINED CYCLE,1352.679998659028,1810
2022-07-23T14:00:00Z,GAS,GAS FIRED STEAM,844.5406191571553,2599
2022-07-23T14:00:00Z,GAS,SIMPLE CYCLE,332.74296996742487,1230
2022-07-23T14:00:00Z,HYDRO,HYDRO,444.61750881142086,894
2022-07-23T14:00:00Z,OTHER,BIOMASS,78.4265208085378,154
2022-07-23T14:00:00Z,OTHER,GAS,1.4958398928907182,10
2022-07-23T14:00:00Z,OTHER,GAS COGEN,0,58
2022-07-23T14:00:00Z,OTHER,OIL/GAS,42.02804913202922,53
2022-07-23T14:00:00Z,OTHER,WOOD/REFUSE,81.00440628687541,149
2022-07-23T14:00:00Z,SOLAR,SOLAR,425.9545489686727,977
2022-07-23T14:00:00Z,WIND,WIND,1.9588372167613772,2269
2022-07-23T15:00:00Z,COAL,COAL,1256.4330138142905,1266
2022-07-23T15:00:00Z,ENERGY STORAGE,ENERGY STORAGE,0,50
2022-07-23T15:00:00Z,GAS,COGENERATION,3820.9051910657686,5189
2022-07-23T15:00:00Z,GAS,COMBINED CYCLE,1383.597693689664,1810
2022-07-23T15:00:00Z,GAS,GAS FIRED STEAM,916.8682130347358,2599
2022-07-23T15:00:00Z,GAS,SIMPLE CYCLE,415.41687211996975,1230
2022-07-23T15:00:00Z,HYDRO,HYDRO,466.94791137206886,894
2022-07-23T15:00:00Z,OTHER,BIOMASS,78.43248805363973,154
2022-07-23T15:00:00Z,OTHER,GAS,1.3999509811401367,10
2022-07-23T15:00:00Z,OTHER,GAS COGEN,0,58
2022-07-23T15:00:00Z,OTHER,OIL/GAS,42.286582715776234,53
2022-07-23T15:00:00Z,OTHER,WOOD/REFUSE,80.74006893210941,149
2022-07-23T15:00:00Z,SOLAR,SOLAR,569.3758782670233,977
2022-07-23T15:00:00Z,WIND,WIND,5.762599886159102,2269
2022-07-23T16:00:00Z,COAL,COAL,1256.6714055040147,1266
2022-07-23T16:00:00Z,ENERGY STORAGE,ENERGY STORAGE,0,50
2022-07-23T16:00:00Z,GAS,COGENERATION,3796.678294873188,5189
2022-07-23T16:00:00Z,GAS,COMBINED CYCLE,1384.3900536812675,1810
2022-07-23T16:00:00Z,GAS,GAS FIRED STEAM,1002.0751213412815,2599
2022-07-23T16:00:00Z,GAS,SIMPLE CYCLE,464.3805781067742,1230
2022-07-23T16:00:00Z,HYDRO,HYDRO,504.4607442454497,894
2022-07-23T16:00:00Z,OTHER,BIOMASS,78.55964332262675,154
2022-07-23T16:00:00Z,OTHER,GAS,1.3999509811401367,10
2022-07-23T16:00:00Z,OTHER,GAS COGEN,0,58
2022-07-23T16:00:00Z,OTHER,OIL/GAS,42.4932093111674,53
2022-07-23T16:00:00Z,OTHER,WOOD/REFUSE,92.53891940116881,149
2022-07-23T16:00:00Z,SOLAR,SOLAR,664.4145431035757,977
2022-07-23T16:00:00Z,WIND,WIND,10.137813125368622,2269
2022-07-23T17:00:00Z,COAL,COAL,1258.2356797620985,1266
2022-07-23T17:00:00Z,ENERGY STORAGE,ENERGY STORAGE,0,50
2022-07-23T17:00:00Z,GAS,COGENERATION,3769.9147758535546,5189
2022-07-23T17:00:00Z,GAS,COMBINED CYCLE,1406.1509299723307,1810
2022-07-23T17:00:00Z,GAS,GAS FIRED STEAM,995.936682480706,2599
2022-07-23T17:00:00Z,GAS,SIMPLE CYCLE,544.0276505898105,1230
2022-07-23T17:00:00Z,HYDRO,HYDRO,540.6493941096464,894
2022-07-23T17:00:00Z,OTHER,BIOMASS,76.1705217938953,154
2022-07-23T17:00:00Z,OTHER,GAS,1.3999509811401367,10
2022-07-23T17:00:00Z,OTHER,GAS COGEN,0,58
2022-07-23T17:00:00Z,OTHER,OIL/GAS,41.952404956817624,53
2022-07-23T17:00:00Z,OTHER,WOOD/REFUSE,92.17408212820689,149
2022-07-23T17:00:00Z,SOLAR,SOLAR,702.1110984934701,977
2022-07-23T17:00:00Z,WIND,WIND,19.310477910257045,2269
2022-07-23T18:00:00Z,COAL,COAL,1257.0338407389322,1266
2022-07-23T18:00:00Z,ENERGY STORAGE,ENERGY STORAGE,0,50
2022-07-23T18:00:00Z,GAS,COGENERATION,3749.364688207176,5189
2022-07-23T18:00:00Z,GAS,COMBINED CYCLE,1405.3370797151988,1810
2022-07-23T18:00:00Z,GAS,GAS FIRED STEAM,1101.9765994220309,2599
2022-07-23T18:00:00Z,GAS,SIMPLE CYCLE,557.0395784608523,1230
2022-07-23T18:00:00Z,HYDRO,HYDRO,592.6110914559497,894
2022-07-23T18:00:00Z,OTHER,BIOMASS,76.7895730468962,154
2022-07-23T18:00:00Z,OTHER,GAS,1.3999509811401367,10
2022-07-23T18:00:00Z,OTHER,GAS COGEN,0,58
2022-07-23T18:00:00Z,OTHER,OIL/GAS,41.61032069524129,53
2022-07-23T18:00:00Z,OTHER,WOOD/REFUSE,92.65114540100097,149
2022-07-23T18:00:00Z,SOLAR,SOLAR,698.4583215671115,977
2022-07-23T18:00:00Z,WIND,WIND,24.581692001654037,2269
2022-07-23T19:00:00Z,COAL,COAL,1252.4338450622558,1266
2022-07-23T19:00:00Z,ENERGY STORAGE,ENERGY STORAGE,0,50
2022-07-23T19:00:00Z,GAS,COGENERATION,3730.5101717666785,5189
2022-07-23T19:00:00Z,GAS,COMBINED CYCLE,1412.9808230601416,1810
2022-07-23T19:00:00Z,GAS,GAS FIRED STEAM,1375.7387925550672,2599
2022-07-23T19:00:00Z,GAS,SIMPLE CYCLE,585.9514666322536,1230
2022-07-23T19:00:00Z,HYDRO,HYDRO,601.7103242876132,894
2022-07-23T19:00:00Z,OTHER,BIOMASS,78.63285610728794,154
2022-07-23T19:00:00Z,OTHER,GAS,1.3999509811401367,10
2022-07-23T19:00:00Z,OTHER,GAS COGEN,0,58
2022-07-23T19:00:00Z,OTHER,OIL/GAS,41.39860983318753,53
2022-07-23T19:00:00Z,OTHER,WOOD/REFUSE,91.82329927073584,149
2022-07-23T19:00:00Z,SOLAR,SOLAR,688.5798249342706,977
2022-07-23T19:00:00Z,WIND,WIND,33.0929055392411,2269
2022-07-23T20:00:00Z,COAL,COAL,1257.6750120713975,1266
2022-07-23T20:00:00Z,ENERGY STORAGE,ENERGY STORAGE,0,50
2022-07-23T20:00:00Z,GAS,COGENERATION,3711.7627609411875,5189
2022-07-23T20:00:00Z,GAS,COMBINED CYCLE,1429.4668625047473,1810
2022-07-23T20:00:00Z,GAS,GAS FIRED STEAM,1159.7141177113851,2599
2022-07-23T20:00:00Z,GAS,SIMPLE CYCLE,575.6725998151965,1230
2022-07-23T20:00:00Z,HYDRO,HYDRO,622.794654615124,894
2022-07-23T20:00:00Z,OTHER,BIOMASS,77.4480729315016,154
2022-07-23T20:00:00Z,OTHER,GAS,1.3999509811401367,10
2022-07-23T20:00:00Z,OTHER,GAS COGEN,0,58
2022-07-23T20:00:00Z,OTHER,OIL/GAS,41.469082533518474,53
2022-07-23T20:00:00Z,OTHER,WOOD/REFUSE,91.43759821361967,149
2022-07-23T20:00:00Z,SOLAR,SOLAR,693.0430981633399,977
2022-07-23T20:00:00Z,WIND,WIND,31.668850592929456,2269
2022-07-23T21:00:00Z,COAL,COAL,1258.366181725396,1266
2022-07-23T21:00:00Z,ENERGY STORAGE,ENERGY STORAGE,0,50
2022-07-23T21:00:00Z,GAS,COGENERATION,3682.9215390823947,5189
2022-07-23T21:00:00Z,GAS,COMBINED CYCLE,1438.155634218322,1810
2022-07-23T21:00:00Z,GAS,GAS FIRED STEAM,1189.3786063724094,2599
2022-07-23T21:00:00Z,GAS,SIMPLE CYCLE,568.3364041439693,1230
2022-07-23T21:00:00Z,HYDRO,HYDRO,614.9934572340713,894
2022-07-23T21:00:00Z,OTHER,BIOMASS,75.00639150884416,154
2022-07-23T21:00:00Z,OTHER,GAS,1.3999509811401367,10
2022-07-23T21:00:00Z,OTHER,GAS COGEN,0,58
2022-07-23T21:00:00Z,OTHER,OIL/GAS,41.683333208296034,53
2022-07-23T21:00:00Z,OTHER,WOOD/REFUSE,90.44253235234154,149
2022-07-23T21:00:00Z,SOLAR,SOLAR,695.3468212132984,977
2022-07-23T21:00:00Z,WIND,WIND,37.47691757777085,2269
2022-07-23T22:00:00Z,COAL,COAL,1259.0786872185602,1266
2022-07-23T22:00:00Z,ENERGY STORAGE,ENERGY STORAGE,0,50
2022-07-23T22:00:00Z,GAS,COGENERATION,3613.624262107081,5189
2022-07-23T22:00:00Z,GAS,COMBINED CYCLE,1457.045743642913,1810
2022-07-23T22:00:00Z,GAS,GAS FIRED STEAM,1281.6919459364149,2599
2022-07-23T22:00:00Z,GAS,SIMPLE CYCLE,575.7069077701038,1230
2022-07-23T22:00:00Z,HYDRO,HYDRO,622.4213622244199,894
2022-07-23T22:00:00Z,OTHER,BIOMASS,76.28951387723288,154
2022-07-23T22:00:00Z,OTHER,GAS,1.4121176507075628,10
2022-07-23T22:00:00Z,OTHER,GAS COGEN,0,58
2022-07-23T22:00:00Z,OTHER,OIL/GAS,41.73463782840305,53
2022-07-23T22:00:00Z,OTHER,WOOD/REFUSE,90.89079743067424,149
2022-07-23T22:00:00Z,SOLAR,SOLAR,640.7283776399825,977
2022-07-23T22:00:00Z,WIND,WIND,48.850027859811156,2269
2022-07-23T23:00:00Z,COAL,COAL,1259.0763528951009,1266
2022-07-23T23:00:00Z,ENERGY STORAGE,ENERGY STORAGE,0,50
2022-07-23T23:00:00Z,GAS,COGENERATION,3617.5202496609422,5189
2022-07-23T23:00:00Z,GAS,COMBINED CYCLE,1457.769696712494,1810
2022-07-23T23:00:00Z,GAS,GAS FIRED STEAM,1263.7532594468857,2599
2022-07-23T23:00:00Z,GAS,SIMPLE CYCLE,569.7811190793581,1230
2022-07-23T23:00:00Z,HYDRO,HYDRO,618.6805618947083,894
2022-07-23T23:00:00Z,OTHER,BIOMASS,77.07411360475753,154
2022-07-23T23:00:00Z,OTHER,GAS,1.4999510049819946,10
2022-07-23T23:00:00Z,OTHER,GAS COGEN,0,58
2022-07-23T23:00:00Z,OTHER,OIL/GAS,41.66142058690389,53
2022-07-23T23:00:00Z,OTHER,WOOD/REFUSE,92.94503807544709,149
2022-07-23T23:00:00Z,SOLAR,SOLAR,553.7197128322721,977
2022-07-23T23:00:00Z,WIND,WIND,100.76627739392634,2269
2022-07-24T00:00:00Z,COAL,COAL,1257.896803080241,1266
2022-07-24T00:00:00Z,ENERGY STORAGE,ENERGY STORAGE,0,50
2022-07-24T00:00:00Z,GAS,COGENERATION,3629.625456448264,5189
2022-07-24T00:00:00Z,GAS,COMBINED CYCLE,1473.8907831255594,1810
2022-07-24T00:00:00Z,GAS,GAS FIRED STEAM,1324.798700459798,2599
2022-07-24T00:00:00Z,GAS,SIMPLE CYCLE,625.3834220964379,1230
2022-07-24T00:00:00Z,HYDRO,HYDRO,601.142156284915,894
2022-07-24T00:00:00Z,OTHER,BIOMASS,78.10861748695373,154
2022-07-24T00:00:00Z,OTHER,GAS,1.4999510049819946,10
2022-07-24T00:00:00Z,OTHER,GAS COGEN,0,58
2022-07-24T00:00:00Z,OTHER,OIL/GAS,41.07073205312093,53
2022-07-24T00:00:00Z,OTHER,WOOD/REFUSE,93.20132314946916,149
2022-07-24T00:00:00Z,SOLAR,SOLAR,277.3094394446744,977
2022-07-24T00:00:00Z,WIND,WIND,111.21009647668237,2269
2022-07-24T01:00:00Z,COAL,COAL,1257.8400745815702,1266
2022-07-24T01:00:00Z,ENERGY STORAGE,ENERGY STORAGE,0,50
2022-07-24T01:00:00Z,GAS,COGENERATION,3655.4331446409224,5189
2022-07-24T01:00:00Z,GAS,COMBINED CYCLE,1478.3467199839486,1810
2022-07-24T01:00:00Z,GAS,GAS FIRED STEAM,1220.1896630350748,2599
2022-07-24T01:00:00Z,GAS,SIMPLE CYCLE,599.1472110143635,1230
2022-07-24T01:00:00Z,HYDRO,HYDRO,617.0652638148268,894
2022-07-24T01:00:00Z,OTHER,BIOMASS,78.45729909155104,154
2022-07-24T01:00:00Z,OTHER,GAS,1.4999510049819946,10
2022-07-24T01:00:00Z,OTHER,GAS COGEN,0,58
2022-07-24T01:00:00Z,OTHER,OIL/GAS,41.37177658716838,53
2022-07-24T01:00:00Z,OTHER,WOOD/REFUSE,93.22211882485283,149
2022-07-24T01:00:00Z,SOLAR,SOLAR,105.9249979367521,977
2022-07-24T01:00:00Z,WIND,WIND,176.8962416053729,2269
2022-07-24T02:00:00Z,COAL,COAL,1258.3712043762207,1266
2022-07-24T02:00:00Z,ENERGY STORAGE,ENERGY STORAGE,0,50
2022-07-24T02:00:00Z,GAS,COGENERATION,3669.273460480637,5189
2022-07-24T02:00:00Z,GAS,COMBINED CYCLE,1449.002605803278,1810
2022-07-24T02:00:00Z,GAS,GAS FIRED STEAM,1110.5322662692602,2599
2022-07-24T02:00:00Z,GAS,SIMPLE CYCLE,597.93629069878,1230
2022-07-24T02:00:00Z,HYDRO,HYDRO,612.584527592659,894
2022-07-24T02:00:00Z,OTHER,BIOMASS,75.08997647656335,154
2022-07-24T02:00:00Z,OTHER,GAS,1.4999510049819946,10
2022-07-24T02:00:00Z,OTHER,GAS COGEN,0,58
2022-07-24T02:00:00Z,OTHER,OIL/GAS,41.840099046495226,53
2022-07-24T02:00:00Z,OTHER,WOOD/REFUSE,93.59044405884212,149
2022-07-24T02:00:00Z,SOLAR,SOLAR,29.392999375396304,977
2022-07-24T02:00:00Z,WIND,WIND,303.4550595261819,2269
2022-07-24T03:00:00Z,COAL,COAL,1256.7046359592014,1266
2022-07-24T03:00:00Z,ENERGY STORAGE,ENERGY STORAGE,0,50
2022-07-24T03:00:00Z,GAS,COGENERATION,3695.811821758085,5189
2022-07-24T03:00:00Z,GAS,COMBINED CYCLE,1408.399716064665,1810
2022-07-24T03:00:00Z,GAS,GAS FIRED STEAM,1047.6749226315817,2599
2022-07-24T03:00:00Z,GAS,SIMPLE CYCLE,571.0409195452266,1230
2022-07-24T03:00:00Z,HYDRO,HYDRO,613.2478955158923,894
2022-07-24T03:00:00Z,OTHER,BIOMASS,74.15663854175143,154
2022-07-24T03:00:00Z,OTHER,GAS,1.4999510049819946,10
2022-07-24T03:00:00Z,OTHER,GAS COGEN,0,58
2022-07-24T03:00:00Z,OTHER,OIL/GAS,42.08087584813436,53
2022-07-24T03:00:00Z,OTHER,WOOD/REFUSE,93.91366031063927,149
2022-07-24T03:00:00Z,SOLAR,SOLAR,0.6864999932216272,977
2022-07-24T03:00:00Z,WIND,WIND,429.6417415887159,2269
2022-07-24T04:00:00Z,COAL,COAL,1256.3005816819932,1266
2022-07-24T04:00:00Z,ENERGY STORAGE,ENERGY STORAGE,0,50
2022-07-24T04:00:00Z,GAS,COGENERATION,3776.871350324286,5189
2022-07-24T04:00:00Z,GAS,COMBINED CYCLE,1403.5944571325513,1810
2022-07-24T04:00:00Z,GAS,GAS FIRED STEAM,1042.4666238509285,2599
2022-07-24T04:00:00Z,GAS,SIMPLE CYCLE,569.5121024426487,1230
2022-07-24T04:00:00Z,HYDRO,HYDRO,549.9452670517232,894
2022-07-24T04:00:00Z,OTHER,BIOMASS,73.2205281692081,154
2022-07-24T04:00:00Z,OTHER,GAS,1.4999510049819946,10
2022-07-24T04:00:00Z,OTHER,GAS COGEN,0,58
2022-07-24T04:00:00Z,OTHER,OIL/GAS,42.20030999501546,53
2022-07-24T04:00:00Z,OTHER,WOOD/REFUSE,94.21597688357035,149
2022-07-24T04:00:00Z,SOLAR,SOLAR,0,977
2022-07-24T04:00:00Z,WIND,WIND,424.9621583904243,2269
2022-07-24T05:00:00Z,COAL,COAL,1258.2515236579047,1266
2022-07-24T05:00:00Z,ENERGY STORAGE,ENERGY STORAGE,0,50
2022-07-24T05:00:00Z,GAS,COGENERATION,3801.8186171752877,5189
2022-07-24T05:00:00Z,GAS,COMBINED CYCLE,1361.521606804,1810
2022-07-24T05:00:00Z,GAS,GAS FIRED STEAM,971.7776881069608,2599
2022-07-24T05:00:00Z,GAS,SIMPLE CYCLE,428.8085547352499,1230
2022-07-24T05:00:00Z,HYDRO,HYDRO,322.8983018419477,894
2022-07-24T05:00:00Z,OTHER,BIOMASS,73.58791197882758,154
2022-07-24T05:00:00Z,OTHER,GAS,1.4999510049819946,10
2022-07-24T05:00:00Z,OTHER,GAS COGEN,0,58
2022-07-24T05:00:00Z,OTHER,OIL/GAS,42.59208211898804,53
2022-07-24T05:00:00Z,OTHER,WOOD/REFUSE,90.2497697432836,149
2022-07-24T05:00:00Z,SOLAR,SOLAR,0,977
2022-07-24T05:00:00Z,WIND,WIND,508.08275799717757,2269
2022-07-24T06:00:00Z,COAL,COAL,1257.7795717027452,1266
2022-07-24T06:00:00Z,ENERGY STORAGE,ENERGY STORAGE,-0.2716109424167209,50
2022-07-24T06:00:00Z,GAS,COGENERATION,3799.6898734628494,5189
2022-07-24T06:00:00Z,GAS,COMBINED CYCLE,1321.0713652610777,1810
2022-07-24T06:00:00Z,GAS,GAS FIRED STEAM,864.6778902308147,2599
2022-07-24T06:00:00Z,GAS,SIMPLE CYCLE,380.818484231631,1230
2022-07-24T06:00:00Z,HYDRO,HYDRO,290.8436366650793,894
2022-07-24T06:00:00Z,OTHER,BIOMASS,73.50911693255107,154
2022-07-24T06:00:00Z,OTHER,GAS,1.462784329454104,10
2022-07-24T06:00:00Z,OTHER,GAS COGEN,0,58
2022-07-24T06:00:00Z,OTHER,OIL/GAS,42.02508219824897,53
2022-07-24T06:00:00Z,OTHER,WOOD/REFUSE,84.1680316623052,149
2022-07-24T06:00:00Z,SOLAR,SOLAR,0,977
2022-07-24T06:00:00Z,WIND,WIND,524.0289864392413,2269
2022-07-24T07:00:00Z,COAL,COAL,1257.19385216607,1266
2022-07-24T07:00:00Z,ENERGY STORAGE,ENERGY STORAGE,-0.4344997501373291,50
2022-07-24T07:00:00Z,GAS,COGENERATION,3792.3383243890603,5189
2022-07-24T07:00:00Z,GAS,COMBINED CYCLE,1312.019311114947,1810
2022-07-24T07:00:00Z,GAS,GAS FIRED STEAM,862.2847758462694,2599
2022-07-24T07:00:00Z,GAS,SIMPLE CYCLE,345.83110359933636,1230
2022-07-24T07:00:00Z,HYDRO,HYDRO,293.66348325769104,894
2022-07-24T07:00:00Z,OTHER,BIOMASS,71.06166805055406,154
2022-07-24T07:00:00Z,OTHER,GAS,1.3999509811401367,10
2022-07-24T07:00:00Z,OTHER,GAS COGEN,0,58
2022-07-24T07:00:00Z,OTHER,OIL/GAS,42.52034275902642,53
2022-07-24T07:00:00Z,OTHER,WOOD/REFUSE,86.95853711287181,149
2022-07-24T07:00:00Z,SOLAR,SOLAR,0,977
2022-07-24T07:00:00Z,WIND,WIND,575.5993999074897,2269
2022-07-24T08:00:00Z,COAL,COAL,1258.3719553629558,1266
2022-07-24T08:00:00Z,ENERGY STORAGE,ENERGY STORAGE,-0.4523331514994303,50
2022-07-24T08:00:00Z,GAS,COGENERATION,3769.9504653485615,5189
2022-07-24T08:00:00Z,GAS,COMBINED CYCLE,1283.2975623522864,1810
2022-07-24T08:00:00Z,GAS,GAS FIRED STEAM,809.1221197594537,2599
2022-07-24T08:00:00Z,GAS,SIMPLE CYCLE,297.4188257747226,1230
2022-07-24T08:00:00Z,HYDRO,HYDRO,278.41634212957484,894
2022-07-24T08:00:00Z,OTHER,BIOMASS,71.4659754286872,154
2022-07-24T08:00:00Z,OTHER,GAS,1.3999509811401367,10
2022-07-24T08:00:00Z,OTHER,GAS COGEN,0,58
2022-07-24T08:00:00Z,OTHER,OIL/GAS,43.36207715988159,53
2022-07-24T08:00:00Z,OTHER,WOOD/REFUSE,84.86660508579678,149
2022-07-24T08:00:00Z,SOLAR,SOLAR,0,977
2022-07-24T08:00:00Z,WIND,WIND,616.0347235517038,2269
2022-07-24T09:00:00Z,COAL,COAL,1248.1266180080838,1266
2022-07-24T09:00:00Z,ENERGY STORAGE,ENERGY STORAGE,-0.4559442763858371,50
2022-07-24T09:00:00Z,GAS,COGENERATION,3748.8612229645255,5189
2022-07-24T09:00:00Z,GAS,COMBINED CYCLE,1264.9578983603583,1810
2022-07-24T09:00:00Z,GAS,GAS FIRED STEAM,688.6102603107029,2599
2022-07-24T09:00:00Z,GAS,SIMPLE CYCLE,277.17649973604415,1230
2022-07-24T09:00:00Z,HYDRO,HYDRO,277.09975280205407,894
2022-07-24T09:00:00Z,OTHER,BIOMASS,72.56780648761325,154
2022-07-24T09:00:00Z,OTHER,GAS,1.3999509811401367,10
2022-07-24T09:00:00Z,OTHER,GAS COGEN,0,58
2022-07-24T09:00:00Z,OTHER,OIL/GAS,42.67506009419759,53
2022-07-24T09:00:00Z,OTHER,WOOD/REFUSE,79.77427610079448,149
2022-07-24T09:00:00Z,SOLAR,SOLAR,0,977
2022-07-24T09:00:00Z,WIND,WIND,668.5441250056111,2269
2022-07-24T10:00:00Z,COAL,COAL,1257.1951808166505,1266
2022-07-24T10:00:00Z,ENERGY STORAGE,ENERGY STORAGE,-0.4530553764767117,50
2022-07-24T10:00:00Z,GAS,COGENERATION,3698.7517376624214,5189
2022-07-24T10:00:00Z,GAS,COMBINED CYCLE,1243.8866164970398,1810
2022-07-24T10:00:00Z,GAS,GAS FIRED STEAM,612.8045296351115,2599
2022-07-24T10:00:00Z,GAS,SIMPLE CYCLE,244.42933623949688,1230
2022-07-24T10:00:00Z,HYDRO,HYDRO,277.20134014844893,894
2022-07-24T10:00:00Z,OTHER,BIOMASS,71.41055425643921,154
2022-07-24T10:00:00Z,OTHER,GAS,1.3999509811401367,10
2022-07-24T10:00:00Z,OTHER,GAS COGEN,0,58
2022-07-24T10:00:00Z,OTHER,OIL/GAS,42.59726020601061,53
2022-07-24T10:00:00Z,OTHER,WOOD/REFUSE,79.64848598268296,149
2022-07-24T10:00:00Z,SOLAR,SOLAR,0,977
2022-07-24T10:00:00Z,WIND,WIND,671.1113877409614,2269
2022-07-24T11:00:00Z,COAL,COAL,1257.5407314215768,1266
2022-07-24T11:00:00Z,ENERGY STORAGE,ENERGY STORAGE,-0.4449997901916504,50
2022-07-24T11:00:00Z,GAS,COGENERATION,3673.9569544782903,5189
2022-07-24T11:00:00Z,GAS,COMBINED CYCLE,1226.4601517173978,1810
2022-07-24T11:00:00Z,GAS,GAS FIRED STEAM,591.6147705756293,2599
2022-07-24T11:00:00Z,GAS,SIMPLE CYCLE,245.31161026318867,1230
2022-07-24T11:00:00Z,HYDRO,HYDRO,339.7479807690779,894
2022-07-24T11:00:00Z,OTHER,BIOMASS,72.0416980404324,154
2022-07-24T11:00:00Z,OTHER,GAS,1.3999509811401367,10
2022-07-24T11:00:00Z,OTHER,GAS COGEN,0,58
2022-07-24T11:00:00Z,OTHER,OIL/GAS,42.521677547030976,53
2022-07-24T11:00:00Z,OTHER,WOOD/REFUSE,78.90284918785095,149
2022-07-24T11:00:00Z,SOLAR,SOLAR,0.02711111019055048,977
2022-07-24T11:00:00Z,WIND,WIND,668.5074013143116,2269
2022-07-24T12:00:00Z,COAL,COAL,1257.3896871270074,1266
2022-07-24T12:00:00Z,ENERGY STORAGE,ENERGY STORAGE,-0.44522201432122127,50
2022-07-24T12:00:00Z,GAS,COGENERATION,3680.0311350420943,5189
2022-07-24T12:00:00Z,GAS,COMBINED CYCLE,1236.265076813168,1810
2022-07-24T12:00:00Z,GAS,GAS FIRED STEAM,579.9492920133803,2599
2022-07-24T12:00:00Z,GAS,SIMPLE CYCLE,245.58382912953695,1230
2022-07-24T12:00:00Z,HYDRO,HYDRO,336.18948921402296,894
2022-07-24T12:00:00Z,OTHER,BIOMASS,71.6151272784339,154
2022-07-24T12:00:00Z,OTHER,GAS,1.3999509811401367,10
2022-07-24T12:00:00Z,OTHER,GAS COGEN,0,58
2022-07-24T12:00:00Z,OTHER,OIL/GAS,42.581393246120875,53
2022-07-24T12:00:00Z,OTHER,WOOD/REFUSE,77.32621968534258,149
2022-07-24T12:00:00Z,SOLAR,SOLAR,44.86394364782506,977
2022-07-24T12:00:00Z,WIND,WIND,632.4196173666915,2269
2022-07-24T13:00:00Z,COAL,COAL,1256.6707483588325,1266
2022-07-24T13:00:00Z,ENERGY STORAGE,ENERGY STORAGE,-0.4413886663648817,50
2022-07-24T13:00:00Z,GAS,COGENERATION,3583.795161581801,5189
2022-07-24T13:00:00Z,GAS,COMBINED CYCLE,1200.5020004087023,1810
2022-07-24T13:00:00Z,GAS,GAS FIRED STEAM,582.2067827224731,2599
2022-07-24T13:00:00Z,GAS,SIMPLE CYCLE,244.1728316375944,1230
2022-07-24T13:00:00Z,HYDRO,HYDRO,420.36330429832145,894
2022-07-24T13:00:00Z,OTHER,BIOMASS,68.14770710945129,154
2022-07-24T13:00:00Z,OTHER,GAS,1.3999509811401367,10
2022-07-24T13:00:00Z,OTHER,GAS COGEN,0,58
2022-07-24T13:00:00Z,OTHER,OIL/GAS,43.03909804450141,53
2022-07-24T13:00:00Z,OTHER,WOOD/REFUSE,70.86704851574368,149
2022-07-24T13:00:00Z,SOLAR,SOLAR,248.73827283923825,977
2022-07-24T13:00:00Z,WIND,WIND,537.9310508677363,2269
2022-07-24T14:00:00Z,COAL,COAL,1256.843915693495,1266
2022-07-24T14:00:00Z,ENERGY STORAGE,ENERGY STORAGE,-0.4554442744784885,50
2022-07-24T14:00:00Z,GAS,COGENERATION,3684.572696358164,5189
2022-07-24T14:00:00Z,GAS,COMBINED CYCLE,1270.315969903734,1810
2022-07-24T14:00:00Z,GAS,GAS FIRED STEAM,699.4283715735542,2599
2022-07-24T14:00:00Z,GAS,SIMPLE CYCLE,258.15744285477535,1230
2022-07-24T14:00:00Z,HYDRO,HYDRO,461.44935732324916,894
2022-07-24T14:00:00Z,OTHER,BIOMASS,67.9220110490587,154
2022-07-24T14:00:00Z,OTHER,GAS,1.445228769712978,10
2022-07-24T14:00:00Z,OTHER,GAS COGEN,0,58
2022-07-24T14:00:00Z,OTHER,OIL/GAS,42.608992722829186,53
2022-07-24T14:00:00Z,OTHER,WOOD/REFUSE,70.62163318951926,149
2022-07-24T14:00:00Z,SOLAR,SOLAR,488.4580459695392,977
2022-07-24T14:00:00Z,WIND,WIND,297.61680627495053,2269
2022-07-24T15:00:00Z,COAL,COAL,1256.0913443162706,1266
2022-07-24T15:00:00Z,ENERGY STORAGE,ENERGY STORAGE,-0.6200556532541911,50
2022-07-24T15:00:00Z,GAS,COGENERATION,3735.3960827892356,5189
2022-07-24T15:00:00Z,GAS,COMBINED CYCLE,1378.6379504240883,1810
2022-07-24T15:00:00Z,GAS,GAS FIRED STEAM,871.7686973487007,2599
2022-07-24T15:00:00Z,GAS,SIMPLE CYCLE,361.05130767822266,1230
2022-07-24T15:00:00Z,HYDRO,HYDRO,457.9260682649083,894
2022-07-24T15:00:00Z,OTHER,BIOMASS,68.27088713063134,154
2022-07-24T15:00:00Z,OTHER,GAS,1.4999510049819946,10
2022-07-24T15:00:00Z,OTHER,GAS COGEN,0,58
2022-07-24T15:00:00Z,OTHER,OIL/GAS,42.53930448744032,53
2022-07-24T15:00:00Z,OTHER,WOOD/REFUSE,70.93770680321587,149
2022-07-24T15:00:00Z,SOLAR,SOLAR,604.3997123750052,977
2022-07-24T15:00:00Z,WIND,WIND,180.89328686548603,2269
2022-07-24T16:00:00Z,COAL,COAL,1257.3042987060546,1266
2022-07-24T16:00:00Z,ENERGY STORAGE,ENERGY STORAGE,-0.7409452088673909,50
2022-07-24T16:00:00Z,GAS,COGENERATION,3733.176033965432,5189
2022-07-24T16:00:00Z,GAS,COMBINED CYCLE,1414.2158300468657,1810
2022-07-24T16:00:00Z,GAS,GAS FIRED STEAM,1002.3275170559353,2599
2022-07-24T16:00:00Z,GAS,SIMPLE CYCLE,471.3923616741763,1230
2022-07-24T16:00:00Z,HYDRO,HYDRO,484.59824342012405,894
2022-07-24T16:00:00Z,OTHER,BIOMASS,70.55181096103456,154
2022-07-24T16:00:00Z,OTHER,GAS,1.4999510049819946,10
2022-07-24T16:00:00Z,OTHER,GAS COGEN,0,58
2022-07-24T16:00:00Z,OTHER,OIL/GAS,42.87705372916328,53
2022-07-24T16:00:00Z,OTHER,WOOD/REFUSE,79.85931483957503,149
2022-07-24T16:00:00Z,SOLAR,SOLAR,671.5617672488424,977
2022-07-24T16:00:00Z,WIND,WIND,115.56469990212057,2269
2022-07-24T17:00:00Z,COAL,COAL,1255.8087347412109,1266
2022-07-24T17:00:00Z,ENERGY STORAGE,ENERGY STORAGE,-0.7000007629394531,50
2022-07-24T17:00:00Z,GAS,COGENERATION,3708.8919361596636,5189
2022-07-24T17:00:00Z,GAS,COMBINED CYCLE,1434.4354648929173,1810
2022-07-24T17:00:00Z,GAS,GAS FIRED STEAM,1066.3165305921766,2599
2022-07-24T17:00:00Z,GAS,SIMPLE CYCLE,474.76727040343815,1230
2022-07-24T17:00:00Z,HYDRO,HYDRO,606.9567083903154,894
2022-07-24T17:00:00Z,OTHER,BIOMASS,70.23250890254974,154
2022-07-24T17:00:00Z,OTHER,GAS,1.4999510049819946,10
2022-07-24T17:00:00Z,OTHER,GAS COGEN,0,58
2022-07-24T17:00:00Z,OTHER,OIL/GAS,42.52317657682631,53
2022-07-24T17:00:00Z,OTHER,WOOD/REFUSE,82.80554899904463,149
2022-07-24T17:00:00Z,SOLAR,SOLAR,692.4838756513595,977
2022-07-24T17:00:00Z,WIND,WIND,96.12238858540853,2269
2022-07-24T18:00:00Z,COAL,COAL,1255.9459104919433,1266
2022-07-24T18:00:00Z,ENERGY STORAGE,ENERGY STORAGE,-0.10383344650268554,50
2022-07-24T18:00:00Z,GAS,COGENERATION,3678.43040911191,5189
2022-07-24T18:00:00Z,GAS,COMBINED CYCLE,1432.4656041595672,1810
2022-07-24T18:00:00Z,GAS,GAS FIRED STEAM,1151.7192073313395,2599
2022-07-24T18:00:00Z,GAS,SIMPLE CYCLE,503.5647178249227,1230
2022-07-24T18:00:00Z,HYDRO,HYDRO,629.1361149705781,894
2022-07-24T18:00:00Z,OTHER,BIOMASS,70.76664086765713,154
2022-07-24T18:00:00Z,OTHER,GAS,1.4999510049819946,10
2022-07-24T18:00:00Z,OTHER,GAS COGEN,0,58
2022-07-24T18:00:00Z,OTHER,OIL/GAS,43.16722148471408,53
2022-07-24T18:00:00Z,OTHER,WOOD/REFUSE,83.05611861520345,149
2022-07-24T18:00:00Z,SOLAR,SOLAR,699.3712644158469,977
2022-07-24T18:00:00Z,WIND,WIND,67.34923194793363,2269
2022-07-24T19:00:00Z,COAL,COAL,1251.1423567877875,1266
2022-07-24T19:00:00Z,ENERGY STORAGE,ENERGY STORAGE,-0.5187783432006836,50
2022-07-24T19:00:00Z,GAS,COGENERATION,3646.916943099631,5189
2022-07-24T19:00:00Z,GAS,COMBINED CYCLE,1428.0573420556386,1810
2022-07-24T19:00:00Z,GAS,GAS FIRED STEAM,1211.9833585103354,2599
2022-07-24T19:00:00Z,GAS,SIMPLE CYCLE,577.8341704310311,1230
2022-07-24T19:00:00Z,HYDRO,HYDRO,617.304054403305,894
2022-07-24T19:00:00Z,OTHER,BIOMASS,71.74608589278327,154
2022-07-24T19:00:00Z,OTHER,GAS,1.4999510049819946,10
2022-07-24T19:00:00Z,OTHER,GAS COGEN,0,58
2022-07-24T19:00:00Z,OTHER,OIL/GAS,43.49044394175212,53
2022-07-24T19:00:00Z,OTHER,WOOD/REFUSE,82.8359258418613,149
2022-07-24T19:00:00Z,SOLAR,SOLAR,701.107710870107,977
2022-07-24T19:00:00Z,WIND,WIND,72.847629914648,2269
2022-07-24T20:00:00Z,COAL,COAL,1248.811793891059,1266
2022-07-24T20:00:00Z,ENERGY STORAGE,ENERGY STORAGE,-0.7000007629394531,50
2022-07-24T20:00:00Z,GAS,COGENERATION,3635.5622217802206,5189
2022-07-24T20:00:00Z,GAS,COMBINED CYCLE,1472.6537479109234,1810
2022-07-24T20:00:00Z,GAS,GAS FIRED STEAM,1265.9692699008517,2599
2022-07-24T20:00:00Z,GAS,SIMPLE CYCLE,575.6149178796345,1230
2022-07-24T20:00:00Z,HYDRO,HYDRO,650.716085657676,894
2022-07-24T20:00:00Z,OTHER,BIOMASS,73.01596057600445,154
2022-07-24T20:00:00Z,OTHER,GAS,1.4999510049819946,10
2022-07-24T20:00:00Z,OTHER,GAS COGEN,0,58
2022-07-24T20:00:00Z,OTHER,OIL/GAS,43.144327644772,53
2022-07-24T20:00:00Z,OTHER,WOOD/REFUSE,83.20321475399865,149
2022-07-24T20:00:00Z,SOLAR,SOLAR,694.2376557191212,977
2022-07-24T20:00:00Z,WIND,WIND,75.3706796885199,2269
2022-07-24T21:00:00Z,COAL,COAL,1253.931791059706,1266
2022-07-24T21:00:00Z,ENERGY STORAGE,ENERGY STORAGE,-0.7000007629394531,50
2022-07-24T21:00:00Z,GAS,COGENERATION,3636.398997470803,5189
2022-07-24T21:00:00Z,GAS,COMBINED CYCLE,1494.1279468377431,1810
2022-07-24T21:00:00Z,GAS,GAS FIRED STEAM,1305.3535169050429,2599
2022-07-24T21:00:00Z,GAS,SIMPLE CYCLE,569.3734345871873,1230
2022-07-24T21:00:00Z,HYDRO,HYDRO,618.9400529568726,894
2022-07-24T21:00:00Z,OTHER,BIOMASS,71.80523085594177,154
2022-07-24T21:00:00Z,OTHER,GAS,1.4999510049819946,10
2022-07-24T21:00:00Z,OTHER,GAS COGEN,0,58
2022-07-24T21:00:00Z,OTHER,OIL/GAS,43.53881539238824,53
2022-07-24T21:00:00Z,OTHER,WOOD/REFUSE,82.58840608146456,149
2022-07-24T21:00:00Z,SOLAR,SOLAR,675.9088175831901,977
2022-07-24T21:00:00Z,WIND,WIND,89.76292263246245,2269
2022-07-24T22:00:00Z,COAL,COAL,1253.078684624566,1266
2022-07-24T22:00:00Z,ENERGY STORAGE,ENERGY STORAGE,-0.0268333625793457,50
2022-07-24T22:00:00Z,GAS,COGENERATION,3655.0370223781797,5189
2022-07-24T22:00:00Z,GAS,COMBINED CYCLE,1503.0648487430149,1810
2022-07-24T22:00:00Z,GAS,GAS FIRED STEAM,1315.9446940443252,2599
2022-07-24T22:00:00Z,GAS,SIMPLE CYCLE,607.5636136805184,1230
2022-07-24T22:00:00Z,HYDRO,HYDRO,632.823691277951,894
2022-07-24T22:00:00Z,OTHER,BIOMASS,74.51230964422227,154
2022-07-24T22:00:00Z,OTHER,GAS,1.4999510049819946,10
2022-07-24T22:00:00Z,OTHER,GAS COGEN,0,58
2022-07-24T22:00:00Z,OTHER,OIL/GAS,43.587794575161404,53
2022-07-24T22:00:00Z,OTHER,WOOD/REFUSE,82.62874770085017,149
2022-07-24T22:00:00Z,SOLAR,SOLAR,600.2490447103646,977
2022-07-24T22:00:00Z,WIND,WIND,118.1757975551155,2269
2022-07-24T23:00:00Z,COAL,COAL,1253.8145081244575,1266
2022-07-24T23:00:00Z,ENERGY STORAGE,ENERGY STORAGE,0,50
2022-07-24T23:00:00Z,GAS,COGENERATION,3663.2533429198793,5189
2022-07-24T23:00:00Z,GAS,COMBINED CYCLE,1497.0985567945904,1810
2022-07-24T23:00:00Z,GAS,GAS FIRED STEAM,1332.130160124037,2599
2022-07-24T23:00:00Z,GAS,SIMPLE CYCLE,659.0440076906814,1230
2022-07-24T23:00:00Z,HYDRO,HYDRO,609.3081971506277,894
2022-07-24T23:00:00Z,OTHER,BIOMASS,77.39738652229309,154
2022-07-24T23:00:00Z,OTHER,GAS,1.4999510049819946,10
2022-07-24T23:00:00Z,OTHER,GAS COGEN,0,58
2022-07-24T23:00:00Z,OTHER,OIL/GAS,43.162059487236874,53
2022-07-24T23:00:00Z,OTHER,WOOD/REFUSE,82.13838591761059,149
2022-07-24T23:00:00Z,SOLAR,SOLAR,521.1140464930071,977
2022-07-24T23:00:00Z,WIND,WIND,126.94540613537033,2269
2022-07-25T00:00:00Z,COAL,COAL,1254.1648027038573,1266
2022-07-25T00:00:00Z,ENERGY STORAGE,ENERGY STORAGE,0,50
2022-07-25T00:00:00Z,GAS,COGENERATION,3694.385799826781,5189
2022-07-25T00:00:00Z,GAS,COMBINED CYCLE,1496.068316646152,1810
2022-07-25T00:00:00Z,GAS,GAS FIRED STEAM,1242.1695096333822,2599
2022-07-25T00:00:00Z,GAS,SIMPLE CYCLE,664.2717170132531,1230
2022-07-25T00:00:00Z,HYDRO,HYDRO,595.8956711583668,894
2022-07-25T00:00:00Z,OTHER,BIOMASS,78.93457521968416,154
2022-07-25T00:00:00Z,OTHER,GAS,1.4999510049819946,10
2022-07-25T00:00:00Z,OTHER,GAS COGEN,0,58
2022-07-25T00:00:00Z,OTHER,OIL/GAS,43.78984444936116,53
2022-07-25T00:00:00Z,OTHER,WOOD/REFUSE,83.11199140416251,149
2022-07-25T00:00:00Z,SOLAR,SOLAR,407.2797697105673,977
2022-07-25T00:00:00Z,WIND,WIND,174.8140376513203,2269
2022-07-25T01:00:00Z,COAL,COAL,1255.1351880221896,1266
2022-07-25T01:00:00Z,ENERGY STORAGE,ENERGY STORAGE,0,50
2022-07-25T01:00:00Z,GAS,COGENERATION,3719.9643317219948,5189
2022-07-25T01:00:00Z,GAS,COMBINED CYCLE,1498.9849491617415,1810
2022-07-25T01:00:00Z,GAS,GAS FIRED STEAM,1251.183176489936,2599
2022-07-25T01:00:00Z,GAS,SIMPLE CYCLE,664.5106324481964,1230
2022-07-25T01:00:00Z,HYDRO,HYDRO,581.0458263332314,894
2022-07-25T01:00:00Z,OTHER,BIOMASS,79.3884608745575,154
2022-07-25T01:00:00Z,OTHER,GAS,1.4999510049819946,10
2022-07-25T01:00:00Z,OTHER,GAS COGEN,0,58
2022-07-25T01:00:00Z,OTHER,OIL/GAS,43.200438236660425,53
2022-07-25T01:00:00Z,OTHER,WOOD/REFUSE,82.87893574184841,149
2022-07-25T01:00:00Z,SOLAR,SOLAR,250.7848840643962,977
2022-07-25T01:00:00Z,WIND,WIND,238.81617701628969,2269
2022-07-25T02:00:00Z,COAL,COAL,1253.4750729878742,1266
2022-07-25T02:00:00Z,ENERGY STORAGE,ENERGY STORAGE,0,50
2022-07-25T02:00:00Z,GAS,COGENERATION,3735.7559772047734,5189
2022-07-25T02:00:00Z,GAS,COMBINED CYCLE,1463.2787177764044,1810
2022-07-25T02:00:00Z,GAS,GAS FIRED STEAM,1201.784301308526,2599
2022-07-25T02:00:00Z,GAS,SIMPLE CYCLE,666.5998753833771,1230
2022-07-25T02:00:00Z,HYDRO,HYDRO,609.629799353679,894
2022-07-25T02:00:00Z,OTHER,BIOMASS,77.45331870502896,154
2022-07-25T02:00:00Z,OTHER,GAS,1.4999510049819946,10
2022-07-25T02:00:00Z,OTHER,GAS COGEN,0,58
2022-07-25T02:00:00Z,OTHER,OIL/GAS,43.33441504160563,53
2022-07-25T02:00:00Z,OTHER,WOOD/REFUSE,82.53234980344772,149
2022-07-25T02:00:00Z,SOLAR,SOLAR,57.79599878665474,977
2022-07-25T02:00:00Z,WIND,WIND,308.4923492640919,2269
2022-07-25T03:00:00Z,COAL,COAL,1253.2102960544162,1266
2022-07-25T03:00:00Z,ENERGY STORAGE,ENERGY STORAGE,0,50
2022-07-25T03:00:00Z,GAS,COGENERATION,3752.7922894204985,5189
2022-07-25T03:00:00Z,GAS,COMBINED CYCLE,1431.8119170363746,1810
2022-07-25T03:00:00Z,GAS,GAS FIRED STEAM,1269.947136645847,2599
2022-07-25T03:00:00Z,GAS,SIMPLE CYCLE,629.4133171358704,1230
2022-07-25T03:00:00Z,HYDRO,HYDRO,621.6936369672087,894
2022-07-25T03:00:00Z,OTHER,BIOMASS,75.52670145988463,154
2022-07-25T03:00:00Z,OTHER,GAS,1.4999510049819946,10
2022-07-25T03:00:00Z,OTHER,GAS COGEN,0,58
2022-07-25T03:00:00Z,OTHER,OIL/GAS,43.65272079679701,53
2022-07-25T03:00:00Z,OTHER,WOOD/REFUSE,82.69805028094186,149
2022-07-25T03:00:00Z,SOLAR,SOLAR,0.20366665749086277,977
2022-07-25T03:00:00Z,WIND,WIND,344.7539268772304,2269
2022-07-25T04:00:00Z,COAL,COAL,1256.0166218566894,1266
2022-07-25T04:00:00Z,ENERGY STORAGE,ENERGY STORAGE,0,50
2022-07-25T04:00:00Z,GAS,COGENERATION,3781.4026155396305,5189
2022-07-25T04:00:00Z,GAS,COMBINED CYCLE,1393.576833278868,1810
2022-07-25T04:00:00Z,GAS,GAS FIRED STEAM,1131.1831454383002,2599
2022-07-25T04:00:00Z,GAS,SIMPLE CYCLE,607.899229900837,1230
2022-07-25T04:00:00Z,HYDRO,HYDRO,515.2004167531596,894
2022-07-25T04:00:00Z,OTHER,BIOMASS,76.2838031832377,154
2022-07-25T04:00:00Z,OTHER,GAS,1.4999510049819946,10
2022-07-25T04:00:00Z,OTHER,GAS COGEN,0,58
2022-07-25T04:00:00Z,OTHER,OIL/GAS,43.60322264565362,53
2022-07-25T04:00:00Z,OTHER,WOOD/REFUSE,82.09233661863539,149
2022-07-25T04:00:00Z,SOLAR,SOLAR,0,977
2022-07-25T04:00:00Z,WIND,WIND,468.5521290085961,2269
2022-07-25T05:00:00Z,COAL,COAL,1254.2846341281468,1266
2022-07-25T05:00:00Z,ENERGY STORAGE,ENERGY STORAGE,0,50
2022-07-25T05:00:00Z,GAS,COGENERATION,3787.7078282083735,5189
2022-07-25T05:00:00Z,GAS,COMBINED CYCLE,1330.0483261410395,1810
2022-07-25T05:00:00Z,GAS,GAS FIRED STEAM,1050.103241166009,2599
2022-07-25T05:00:00Z,GAS,SIMPLE CYCLE,434.1293298914366,1230
2022-07-25T05:00:00Z,HYDRO,HYDRO,423.86700842817623,894
2022-07-25T05:00:00Z,OTHER,BIOMASS,76.3191454633077,154
2022-07-25T05:00:00Z,OTHER,GAS,1.4999510049819946,10
2022-07-25T05:00:00Z,OTHER,GAS COGEN,0,58
2022-07-25T05:00:00Z,OTHER,OIL/GAS,43.44798274781969,53
2022-07-25T05:00:00Z,OTHER,WOOD/REFUSE,80.33135879092747,149
2022-07-25T05:00:00Z,SOLAR,SOLAR,0,977
2022-07-25T05:00:00Z,WIND,WIND,613.2130192992422,2269
2022-07-25T06:00:00Z,COAL,COAL,1254.861903974745,1266
2022-07-25T06:00:00Z,ENERGY STORAGE,ENERGY STORAGE,0,50
2022-07-25T06:00:00Z,GAS,COGENERATION,3785.9333841014572,5189
2022-07-25T06:00:00Z,GAS,COMBINED CYCLE,1296.1667299779256,1810
2022-07-25T06:00:00Z,GAS,GAS FIRED STEAM,930.4344778442382,2599
2022-07-25T06:00:00Z,GAS,SIMPLE CYCLE,358.61586772703464,1230
2022-07-25T06:00:00Z,HYDRO,HYDRO,284.4196977774302,894
2022-07-25T06:00:00Z,OTHER,BIOMASS,75.3762222120497,154
2022-07-25T06:00:00Z,OTHER,GAS,1.4999510049819946,10
2022-07-25T06:00:00Z,OTHER,GAS COGEN,0,58
2022-07-25T06:00:00Z,OTHER,OIL/GAS,44.02787679672241,53
2022-07-25T06:00:00Z,OTHER,WOOD/REFUSE,76.59238706376817,149
2022-07-25T06:00:00Z,SOLAR,SOLAR,0,977
2022-07-25T06:00:00Z,WIND,WIND,710.1039479676965,2269
2022-07-25T07:00:00Z,COAL,COAL,1256.9495808580186,1266
2022-07-25T07:00:00Z,ENERGY STORAGE,ENERGY STORAGE,0,50
2022-07-25T07:00:00Z,GAS,COGENERATION,3820.475503293309,5189
2022-07-25T07:00:00Z,GAS,COMBINED CYCLE,1315.1604238695568,1810
2022-07-25T07:00:00Z,GAS,GAS FIRED STEAM,904.6376407517328,2599
2022-07-25T07:00:00Z,GAS,SIMPLE CYCLE,328.47168050120274,1230
2022-07-25T07:00:00Z,HYDRO,HYDRO,336.8956109907892,894
2022-07-25T07:00:00Z,OTHER,BIOMASS,75.55312513457405,154
2022-07-25T07:00:00Z,OTHER,GAS,1.4999510049819946,10
2022-07-25T07:00:00Z,OTHER,GAS COGEN,0,58
2022-07-25T07:00:00Z,OTHER,OIL/GAS,43.4765545739068,53
2022-07-25T07:00:00Z,OTHER,WOOD/REFUSE,74.4014588631524,149
2022-07-25T07:00:00Z,SOLAR,SOLAR,0,977
2022-07-25T07:00:00Z,WIND,WIND,508.95547956592924,2269
2022-07-25T08:00:00Z,COAL,COAL,1256.1060119967992,1266
2022-07-25T08:00:00Z,ENERGY STORAGE,ENERGY STORAGE,0,50
2022-07-25T08:00:00Z,GAS,COGENERATION,3841.74857728526,5189
2022-07-25T08:00:00Z,GAS,COMBINED CYCLE,1319.2658407211304,1810
2022-07-25T08:00:00Z,GAS,GAS FIRED STEAM,882.0195283529494,2599
2022-07-25T08:00:00Z,GAS,SIMPLE CYCLE,360.0833937769466,1230
2022-07-25T08:00:00Z,HYDRO,HYDRO,323.310958223078,894
2022-07-25T08:00:00Z,OTHER,BIOMASS,74.36493645773993,154
2022-07-25T08:00:00Z,OTHER,GAS,1.4999510049819946,10
2022-07-25T08:00:00Z,OTHER,GAS COGEN,0,58
2022-07-25T08:00:00Z,OTHER,OIL/GAS,43.42337180243598,53
2022-07-25T08:00:00Z,OTHER,WOOD/REFUSE,76.38622777620952,149
2022-07-25T08:00:00Z,SOLAR,SOLAR,0,977
2022-07-25T08:00:00Z,WIND,WIND,518.5891287773185,2269
2022-07-25T09:00:00Z,COAL,COAL,1257.1628500027127,1266
2022-07-25T09:00:00Z,ENERGY STORAGE,ENERGY STORAGE,0,50
2022-07-25T09:00:00Z,GAS,COGENERATION,3811.6032561439274,5189
2022-07-25T09:00:00Z,GAS,COMBINED CYCLE,1276.835441608429,1810
2022-07-25T09:00:00Z,GAS,GAS FIRED STEAM,838.8018187332153,2599
2022-07-25T09:00:00Z,GAS,SIMPLE CYCLE,288.32161446677316,1230
2022-07-25T09:00:00Z,HYDRO,HYDRO,285.55107223033906,894
2022-07-25T09:00:00Z,OTHER,BIOMASS,73.02288737297059,154
2022-07-25T09:00:00Z,OTHER,GAS,1.4999510049819946,10
2022-07-25T09:00:00Z,OTHER,GAS COGEN,0,58
2022-07-25T09:00:00Z,OTHER,OIL/GAS,43.250532190534805,53
2022-07-25T09:00:00Z,OTHER,WOOD/REFUSE,77.34757910966873,149
2022-07-25T09:00:00Z,SOLAR,SOLAR,0,977
2022-07-25T09:00:00Z,WIND,WIND,690.2338781029648,2269
2022-07-25T10:00:00Z,COAL,COAL,1257.2355088467068,1266
2022-07-25T10:00:00Z,ENERGY STORAGE,ENERGY STORAGE,0,50
2022-07-25T10:00:00Z,GAS,COGENERATION,3772.616255013545,5189
2022-07-25T10:00:00Z,GAS,COMBINED CYCLE,1269.4304246748818,1810
2022-07-25T10:00:00Z,GAS,GAS FIRED STEAM,735.4770473564996,2599
2022-07-25T10:00:00Z,GAS,SIMPLE CYCLE,278.9722267325719,1230
2022-07-25T10:00:00Z,HYDRO,HYDRO,294.00502763695187,894
2022-07-25T10:00:00Z,OTHER,BIOMASS,71.52577918052673,154
2022-07-25T10:00:00Z,OTHER,GAS,1.4999510049819946,10
2022-07-25T10:00:00Z,OTHER,GAS COGEN,0,58
2022-07-25T10:00:00Z,OTHER,OIL/GAS,43.49444320466783,53
2022-07-25T10:00:00Z,OTHER,WOOD/REFUSE,72.15889664967855,149
2022-07-25T10:00:00Z,SOLAR,SOLAR,0,977
2022-07-25T10:00:00Z,WIND,WIND,810.5065965148061,2269
2022-07-25T11:00:00Z,COAL,COAL,1255.929623972575,1266
2022-07-25T11:00:00Z,ENERGY STORAGE,ENERGY STORAGE,-1.3482221370273166,50
2022-07-25T11:00:00Z,GAS,COGENERATION,3756.9889518351024,5189
2022-07-25T11:00:00Z,GAS,COMBINED CYCLE,1220.662840824657,1810
2022-07-25T11:00:00Z,GAS,GAS FIRED STEAM,623.4702560297648,2599
2022-07-25T11:00:00Z,GAS,SIMPLE CYCLE,250.1844450267156,1230
2022-07-25T11:00:00Z,HYDRO,HYDRO,284.5656177270413,894
2022-07-25T11:00:00Z,OTHER,BIOMASS,72.17994552161959,154
2022-07-25T11:00:00Z,OTHER,GAS,1.4999510049819946,10
2022-07-25T11:00:00Z,OTHER,GAS COGEN,0,58
2022-07-25T11:00:00Z,OTHER,OIL/GAS,44.19663779576619,53
2022-07-25T11:00:00Z,OTHER,WOOD/REFUSE,71.30087135950725,149
2022-07-25T11:00:00Z,SOLAR,SOLAR,0,977
2022-07-25T11:00:00Z,WIND,WIND,1036.8677971480372,2269
2022-07-25T12:00:00Z,COAL,COAL,1259.2803955756294,1266
2022-07-25T12:00:00Z,ENERGY STORAGE,ENERGY STORAGE,-2.5081664223141145,50
2022-07-25T12:00:00Z,GAS,COGENERATION,3799.52701277362,5189
2022-07-25T12:00:00Z,GAS,COMBINED CYCLE,1265.4661440414852,1810
2022-07-25T12:00:00Z,GAS,GAS FIRED STEAM,786.0244719590081,2599
2022-07-25T12:00:00Z,GAS,SIMPLE CYCLE,287.15952236387466,1230
2022-07-25T12:00:00Z,HYDRO,HYDRO,346.9860302407212,894
2022-07-25T12:00:00Z,OTHER,BIOMASS,72.90431890514162,154
2022-07-25T12:00:00Z,OTHER,GAS,1.4999510049819946,10
2022-07-25T12:00:00Z,OTHER,GAS COGEN,0,58
2022-07-25T12:00:00Z,OTHER,OIL/GAS,43.48433784061008,53
2022-07-25T12:00:00Z,OTHER,WOOD/REFUSE,70.515846224361,149
2022-07-25T12:00:00Z,SOLAR,SOLAR,4.896166567057371,977
2022-07-25T12:00:00Z,WIND,WIND,944.5345178025133,2269
2022-07-25T13:00:00Z,COAL,COAL,1257.4066866726346,1266
2022-07-25T13:00:00Z,ENERGY STORAGE,ENERGY STORAGE,-0.9031662972768149,50
2022-07-25T13:00:00Z,GAS,COGENERATION,3788.308945801126,5189
2022-07-25T13:00:00Z,GAS,COMBINED CYCLE,1286.6912966548073,1810
2022-07-25T13:00:00Z,GAS,GAS FIRED STEAM,839.1911360528734,2599
2022-07-25T13:00:00Z,GAS,SIMPLE CYCLE,344.0543769739071,1230
2022-07-25T13:00:00Z,HYDRO,HYDRO,445.6117353571786,894
2022-07-25T13:00:00Z,OTHER,BIOMASS,77.50843547079299,154
2022-07-25T13:00:00Z,OTHER,GAS,1.4999510049819946,10
2022-07-25T13:00:00Z,OTHER,GAS COGEN,0,58
2022-07-25T13:00:00Z,OTHER,OIL/GAS,43.47678725560506,53
2022-07-25T13:00:00Z,OTHER,WOOD/REFUSE,69.83107311089833,149
2022-07-25T13:00:00Z,SOLAR,SOLAR,30.858499394555885,977
2022-07-25T13:00:00Z,WIND,WIND,774.1845250121587,2269
2022-07-25T14:00:00Z,COAL,COAL,1256.3422386169434,1266
2022-07-25T14:00:00Z,ENERGY STORAGE,ENERGY STORAGE,-0.6643329450819228,50
2022-07-25T14:00:00Z,GAS,COGENERATION,3802.944995253252,5189
2022-07-25T14:00:00Z,GAS,COMBINED CYCLE,1385.147202577061,1810
2022-07-25T14:00:00Z,GAS,GAS FIRED STEAM,986.9795323986477,2599
2022-07-25T14:00:00Z,GAS,SIMPLE CYCLE,557.8412008168631,1230
2022-07-25T14:00:00Z,HYDRO,HYDRO,546.0093944492605,894
2022-07-25T14:00:00Z,OTHER,BIOMASS,89.03684734927283,154
2022-07-25T14:00:00Z,OTHER,GAS,1.4999510049819946,10
2022-07-25T14:00:00Z,OTHER,GAS COGEN,0,58
2022-07-25T14:00:00Z,OTHER,OIL/GAS,43.311893473731146,53
2022-07-25T14:00:00Z,OTHER,WOOD/REFUSE,79.96269752078587,149
2022-07-25T14:00:00Z,SOLAR,SOLAR,77.37638753869467,977
2022-07-25T14:00:00Z,WIND,WIND,491.7630673573497,2269
2022-07-25T15:00:00Z,COAL,COAL,1258.816290588379,1266
2022-07-25T15:00:00Z,ENERGY STORAGE,ENERGY STORAGE,-0.04116664780510797,50
2022-07-25T15:00:00Z,GAS,COGENERATION,3796.6510796362822,5189
2022-07-25T15:00:00Z,GAS,COMBINED CYCLE,1416.243351231151,1810
2022-07-25T15:00:00Z,GAS,GAS FIRED STEAM,1126.3814377848307,2599
2022-07-25T15:00:00Z,GAS,SIMPLE CYCLE,619.8583887910843,1230
2022-07-25T15:00:00Z,HYDRO,HYDRO,601.1721507758565,894
2022-07-25T15:00:00Z,OTHER,BIOMASS,87.87620140976377,154
2022-07-25T15:00:00Z,OTHER,GAS,1.4999510049819946,10
2022-07-25T15:00:00Z,OTHER,GAS COGEN,0,58
2022-07-25T15:00:00Z,OTHER,OIL/GAS,43.57900463951959,53
2022-07-25T15:00:00Z,OTHER,WOOD/REFUSE,83.19044410016802,149
2022-07-25T15:00:00Z,SOLAR,SOLAR,144.35494194328786,977
2022-07-25T15:00:00Z,WIND,WIND,297.90330985110666,2269
2022-07-25T16:00:00Z,COAL,COAL,1256.5949540879992,1266
2022-07-25T16:00:00Z,ENERGY STORAGE,ENERGY STORAGE,0,50
2022-07-25T16:00:00Z,GAS,COGENERATION,3779.451757646534,5189
2022-07-25T16:00:00Z,GAS,COMBINED CYCLE,1441.0076622851689,1810
2022-07-25T16:00:00Z,GAS,GAS FIRED STEAM,1254.8901381344267,2599
2022-07-25T16:00:00Z,GAS,SIMPLE CYCLE,620.8817369630601,1230
2022-07-25T16:00:00Z,HYDRO,HYDRO,611.9117734047604,894
2022-07-25T16:00:00Z,OTHER,BIOMASS,89.50459571997324,154
2022-07-25T16:00:00Z,OTHER,GAS,1.4999510049819946,10
2022-07-25T16:00:00Z,OTHER,GAS COGEN,0,58
2022-07-25T16:00:00Z,OTHER,OIL/GAS,43.843066743214926,53
2022-07-25T16:00:00Z,OTHER,WOOD/REFUSE,83.1501985973782,149
2022-07-25T16:00:00Z,SOLAR,SOLAR,187.45666334576077,977
2022-07-25T16:00:00Z,WIND,WIND,317.67137498557565,2269
2022-07-25T17:00:00Z,COAL,COAL,1257.4934027777779,1266
2022-07-25T17:00:00Z,ENERGY STORAGE,ENERGY STORAGE,0,50
2022-07-25T17:00:00Z,GAS,COGENERATION,3776.364267756409,5189
2022-07-25T17:00:00Z,GAS,COMBINED CYCLE,1509.3696037726934,1810
2022-07-25T17:00:00Z,GAS,GAS FIRED STEAM,1206.714509853787,2599
2022-07-25T17:00:00Z,GAS,SIMPLE CYCLE,648.0446028101941,1230
2022-07-25T17:00:00Z,HYDRO,HYDRO,602.4882334652211,894
2022-07-25T17:00:00Z,OTHER,BIOMASS,90.98138762023714,154
2022-07-25T17:00:00Z,OTHER,GAS,1.4999510049819946,10
2022-07-25T17:00:00Z,OTHER,GAS COGEN,0,58
2022-07-25T17:00:00Z,OTHER,OIL/GAS,44.13286040623983,53
2022-07-25T17:00:00Z,OTHER,WOOD/REFUSE,87.76627781338162,149
2022-07-25T17:00:00Z,SOLAR,SOLAR,286.0547166893217,977
2022-07-25T17:00:00Z,WIND,WIND,151.57703075228466,2269
2022-07-25T18:00:00Z,COAL,COAL,1257.787290717231,1266
2022-07-25T18:00:00Z,ENERGY STORAGE,ENERGY STORAGE,3.3333460489908e-4,50
2022-07-25T18:00:00Z,GAS,COGENERATION,3756.110854367415,5189
2022-07-25T18:00:00Z,GAS,COMBINED CYCLE,1528.4573659091525,1810
2022-07-25T18:00:00Z,GAS,GAS FIRED STEAM,1173.2903958977593,2599
2022-07-25T18:00:00Z,GAS,SIMPLE CYCLE,645.5461658848657,1230
2022-07-25T18:00:00Z,HYDRO,HYDRO,630.6603889531559,894
2022-07-25T18:00:00Z,OTHER,BIOMASS,92.50523999585046,154
2022-07-25T18:00:00Z,OTHER,GAS,1.4999510049819946,10
2022-07-25T18:00:00Z,OTHER,GAS COGEN,0,58
2022-07-25T18:00:00Z,OTHER,OIL/GAS,43.39448273976644,53
2022-07-25T18:00:00Z,OTHER,WOOD/REFUSE,87.80901634454727,149
2022-07-25T18:00:00Z,SOLAR,SOLAR,378.6937702437242,977
2022-07-25T18:00:00Z,WIND,WIND,45.307572127257785,2269
2022-07-25T19:00:00Z,COAL,COAL,1257.4074549526638,1266
2022-07-25T19:00:00Z,ENERGY STORAGE,ENERGY STORAGE,0,50
2022-07-25T19:00:00Z,GAS,COGENERATION,3736.051555184258,5189
2022-07-25T19:00:00Z,GAS,COMBINED CYCLE,1511.149894230101,1810
2022-07-25T19:00:00Z,GAS,GAS FIRED STEAM,1287.1059606848823,2599
2022-07-25T19:00:00Z,GAS,SIMPLE CYCLE,638.961475838456,1230
2022-07-25T19:00:00Z,HYDRO,HYDRO,613.427189479404,894
2022-07-25T19:00:00Z,OTHER,BIOMASS,89.89771130508846,154
2022-07-25T19:00:00Z,OTHER,GAS,1.4999510049819946,10
2022-07-25T19:00:00Z,OTHER,GAS COGEN,0,58
2022-07-25T19:00:00Z,OTHER,OIL/GAS,43.36145494884915,53
2022-07-25T19:00:00Z,OTHER,WOOD/REFUSE,85.04376592371199,149
2022-07-25T19:00:00Z,SOLAR,SOLAR,385.01254848466976,977
2022-07-25T19:00:00Z,WIND,WIND,52.26714293200937,2269
2022-07-25T20:00:00Z,COAL,COAL,1256.4175158352323,1266
2022-07-25T20:00:00Z,ENERGY STORAGE,ENERGY STORAGE,0,50
2022-07-25T20:00:00Z,GAS,COGENERATION,3742.3313257182967,5189
2022-07-25T20:00:00Z,GAS,COMBINED CYCLE,1501.4478325822618,1810
2022-07-25T20:00:00Z,GAS,GAS FIRED STEAM,1319.52892642551,2599
2022-07-25T20:00:00Z,GAS,SIMPLE CYCLE,649.0859511736367,1230
2022-07-25T20:00:00Z,HYDRO,HYDRO,614.2486870823966,894
2022-07-25T20:00:00Z,OTHER,BIOMASS,87.93943745745553,154
2022-07-25T20:00:00Z,OTHER,GAS,1.4999510049819946,10
2022-07-25T20:00:00Z,OTHER,GAS COGEN,0,58
2022-07-25T20:00:00Z,OTHER,OIL/GAS,43.41881067487929,53
2022-07-25T20:00:00Z,OTHER,WOOD/REFUSE,85.38553739839129,149
2022-07-25T20:00:00Z,SOLAR,SOLAR,480.2776571615537,977
2022-07-25T20:00:00Z,WIND,WIND,82.75917848401599,2269
2022-07-25T21:00:00Z,COAL,COAL,1256.6834655422635,1266
2022-07-25T21:00:00Z,ENERGY STORAGE,ENERGY STORAGE,0,50
2022-07-25T21:00:00Z,GAS,COGENERATION,3709.6585544284185,5189
2022-07-25T21:00:00Z,GAS,COMBINED CYCLE,1511.8396374109057,1810
2022-07-25T21:00:00Z,GAS,GAS FIRED STEAM,1369.3205891079374,2599
2022-07-25T21:00:00Z,GAS,SIMPLE CYCLE,668.4250787805518,1230
2022-07-25T21:00:00Z,HYDRO,HYDRO,611.1676208183501,894
2022-07-25T21:00:00Z,OTHER,BIOMASS,89.231931907071,154
2022-07-25T21:00:00Z,OTHER,GAS,1.4999510049819946,10
2022-07-25T21:00:00Z,OTHER,GAS COGEN,0,58
2022-07-25T21:00:00Z,OTHER,OIL/GAS,44.16707675298055,53
2022-07-25T21:00:00Z,OTHER,WOOD/REFUSE,86.13755340602663,149
2022-07-25T21:00:00Z,SOLAR,SOLAR,480.06762430641385,977
2022-07-25T21:00:00Z,WIND,WIND,108.53688520837161,2269
2022-07-25T22:00:00Z,COAL,COAL,1258.3764670647515,1266
2022-07-25T22:00:00Z,ENERGY STORAGE,ENERGY STORAGE,0,50
2022-07-25T22:00:00Z,GAS,COGENERATION,3679.904604761468,5189
2022-07-25T22:00:00Z,GAS,COMBINED CYCLE,1516.6299317174487,1810
2022-07-25T22:00:00Z,GAS,GAS FIRED STEAM,1293.0691908433703,2599
2022-07-25T22:00:00Z,GAS,SIMPLE CYCLE,763.1754573101467,1230
2022-07-25T22:00:00Z,HYDRO,HYDRO,617.62979548547,894
2022-07-25T22:00:00Z,OTHER,BIOMASS,93.0984816842609,154
2022-07-25T22:00:00Z,OTHER,GAS,1.4050065379010306,10
2022-07-25T22:00:00Z,OTHER,GAS COGEN,0,58
2022-07-25T22:00:00Z,OTHER,OIL/GAS,44.56944253073798,53
2022-07-25T22:00:00Z,OTHER,WOOD/REFUSE,87.55827146000333,149
2022-07-25T22:00:00Z,SOLAR,SOLAR,448.55032475372155,977
2022-07-25T22:00:00Z,WIND,WIND,113.98344694604477,2269
2022-07-25T23:00:00Z,COAL,COAL,1257.1027340698242,1266
2022-07-25T23:00:00Z,ENERGY STORAGE,ENERGY STORAGE,0,50
2022-07-25T23:00:00Z,GAS,COGENERATION,3683.1653235263293,5189
2022-07-25T23:00:00Z,GAS,COMBINED CYCLE,1512.01734620942,1810
2022-07-25T23:00:00Z,GAS,GAS FIRED STEAM,1233.427504119873,2599
2022-07-25T23:00:00Z,GAS,SIMPLE CYCLE,779.1426986454593,1230
2022-07-25T23:00:00Z,HYDRO,HYDRO,593.0547982203298,894
2022-07-25T23:00:00Z,OTHER,BIOMASS,92.32684196684096,154
2022-07-25T23:00:00Z,OTHER,GAS,1.3999509811401367,10
2022-07-25T23:00:00Z,OTHER,GAS COGEN,0,58
2022-07-25T23:00:00Z,OTHER,OIL/GAS,43.852503865559896,53
2022-07-25T23:00:00Z,OTHER,WOOD/REFUSE,87.414051317109,149
2022-07-25T23:00:00Z,SOLAR,SOLAR,378.8774589966403,977
2022-07-25T23:00:00Z,WIND,WIND,126.88222051454915,2269
2022-07-26T00:00:00Z,COAL,COAL,1257.6161201816135,1266
2022-07-26T00:00:00Z,ENERGY STORAGE,ENERGY STORAGE,0,50
2022-07-26T00:00:00Z,GAS,COGENERATION,3680.785307089488,5189
2022-07-26T00:00:00Z,GAS,COMBINED CYCLE,1511.5320087385178,1810
2022-07-26T00:00:00Z,GAS,GAS FIRED STEAM,1148.9999154196846,2599
2022-07-26T00:00:00Z,GAS,SIMPLE CYCLE,782.4208147872819,1230
2022-07-26T00:00:00Z,HYDRO,HYDRO,571.8974260194434,894
2022-07-26T00:00:00Z,OTHER,BIOMASS,92.17491575929853,154
2022-07-26T00:00:00Z,OTHER,GAS,1.3999509811401367,10
2022-07-26T00:00:00Z,OTHER,GAS COGEN,0,58
2022-07-26T00:00:00Z,OTHER,OIL/GAS,43.657681999206545,53
2022-07-26T00:00:00Z,OTHER,WOOD/REFUSE,87.76393334123824,149
2022-07-26T00:00:00Z,SOLAR,SOLAR,300.39310510519476,977
2022-07-26T00:00:00Z,WIND,WIND,145.19745980554984,2269
2022-07-26T01:00:00Z,COAL,COAL,1256.937295650906,1266
2022-07-26T01:00:00Z,ENERGY STORAGE,ENERGY STORAGE,0,50
2022-07-26T01:00:00Z,GAS,COGENERATION,3686.9105830960802,5189
2022-07-26T01:00:00Z,GAS,COMBINED CYCLE,1512.891164376471,1810
2022-07-26T01:00:00Z,GAS,GAS FIRED STEAM,1281.6359824371339,2599
2022-07-26T01:00:00Z,GAS,SIMPLE CYCLE,739.9264770025677,1230
2022-07-26T01:00:00Z,HYDRO,HYDRO,590.4541045374506,894
2022-07-26T01:00:00Z,OTHER,BIOMASS,92.50274995274015,154
2022-07-26T01:00:00Z,OTHER,GAS,1.3999509811401367,10
2022-07-26T01:00:00Z,OTHER,GAS COGEN,0,58
2022-07-26T01:00:00Z,OTHER,OIL/GAS,44.042176261478,53
2022-07-26T01:00:00Z,OTHER,WOOD/REFUSE,88.4620057378875,149
2022-07-26T01:00:00Z,SOLAR,SOLAR,132.3936698202292,977
2022-07-26T01:00:00Z,WIND,WIND,97.53362439034713,2269
2022-07-26T02:00:00Z,COAL,COAL,1257.4831786092122,1266
2022-07-26T02:00:00Z,ENERGY STORAGE,ENERGY STORAGE,0,50
2022-07-26T02:00:00Z,GAS,COGENERATION,3723.9662246044477,5189
2022-07-26T02:00:00Z,GAS,COMBINED CYCLE,1473.7671525727378,1810
2022-07-26T02:00:00Z,GAS,GAS FIRED STEAM,1311.5361455281575,2599
2022-07-26T02:00:00Z,GAS,SIMPLE CYCLE,724.5635648875435,1230
2022-07-26T02:00:00Z,HYDRO,HYDRO,584.8707241679977,894
2022-07-26T02:00:00Z,OTHER,BIOMASS,90.84615768167708,154
2022-07-26T02:00:00Z,OTHER,GAS,1.3999509811401367,10
2022-07-26T02:00:00Z,OTHER,GAS COGEN,0,58
2022-07-26T02:00:00Z,OTHER,OIL/GAS,43.88943227979872,53
2022-07-26T02:00:00Z,OTHER,WOOD/REFUSE,86.83407834370931,149
2022-07-26T02:00:00Z,SOLAR,SOLAR,34.243110406713356,977
2022-07-26T02:00:00Z,WIND,WIND,69.78504262699849,2269
2022-07-26T03:00:00Z,COAL,COAL,1256.0053497992621,1266
2022-07-26T03:00:00Z,ENERGY STORAGE,ENERGY STORAGE,0,50
2022-07-26T03:00:00Z,GAS,COGENERATION,3754.1839764890406,5189
2022-07-26T03:00:00Z,GAS,COMBINED CYCLE,1417.3820227585898,1810
2022-07-26T03:00:00Z,GAS,GAS FIRED STEAM,1296.1175556691487,2599
2022-07-26T03:00:00Z,GAS,SIMPLE CYCLE,653.0652208379242,1230
2022-07-26T03:00:00Z,HYDRO,HYDRO,601.3127847686079,894
2022-07-26T03:00:00Z,OTHER,BIOMASS,92.19370707551639,154
2022-07-26T03:00:00Z,OTHER,GAS,1.3999509811401367,10
2022-07-26T03:00:00Z,OTHER,GAS COGEN,0,58
2022-07-26T03:00:00Z,OTHER,OIL/GAS,44.354137123955624,53
2022-07-26T03:00:00Z,OTHER,WOOD/REFUSE,84.66695380687713,149
2022-07-26T03:00:00Z,SOLAR,SOLAR,1.0572222356001537,977
2022-07-26T03:00:00Z,WIND,WIND,55.92319149850143,2269
2022-07-26T04:00:00Z,COAL,COAL,1257.4862855699328,1266
2022-07-26T04:00:00Z,ENERGY STORAGE,ENERGY STORAGE,0,50
2022-07-26T04:00:00Z,GAS,COGENERATION,3758.9301888256605,5189
2022-07-26T04:00:00Z,GAS,COMBINED CYCLE,1411.3811113802592,1810
2022-07-26T04:00:00Z,GAS,GAS FIRED STEAM,1224.1834657605489,2599
2022-07-26T04:00:00Z,GAS,SIMPLE CYCLE,622.6518388200303,1230
2022-07-26T04:00:00Z,HYDRO,HYDRO,601.5952543838488,894
2022-07-26T04:00:00Z,OTHER,BIOMASS,92.52481910321448,154
2022-07-26T04:00:00Z,OTHER,GAS,1.3999509811401367,10
2022-07-26T04:00:00Z,OTHER,GAS COGEN,0,58
2022-07-26T04:00:00Z,OTHER,OIL/GAS,44.19008721669515,53
2022-07-26T04:00:00Z,OTHER,WOOD/REFUSE,84.65476461675432,149
2022-07-26T04:00:00Z,SOLAR,SOLAR,0,977
2022-07-26T04:00:00Z,WIND,WIND,92.53401862242156,2269
2022-07-26T05:00:00Z,COAL,COAL,1256.9829589165581,1266
2022-07-26T05:00:00Z,ENERGY STORAGE,ENERGY STORAGE,0,50
2022-07-26T05:00:00Z,GAS,COGENERATION,3752.405463138819,5189
2022-07-26T05:00:00Z,GAS,COMBINED CYCLE,1384.8887152200275,1810
2022-07-26T05:00:00Z,GAS,GAS FIRED STEAM,1110.1461799240112,2599
2022-07-26T05:00:00Z,GAS,SIMPLE CYCLE,552.846664062341,1230
2022-07-26T05:00:00Z,HYDRO,HYDRO,549.4821126710044,894
2022-07-26T05:00:00Z,OTHER,BIOMASS,94.20956374671725,154
2022-07-26T05:00:00Z,OTHER,GAS,1.3999509811401367,10
2022-07-26T05:00:00Z,OTHER,GAS COGEN,0,58
2022-07-26T05:00:00Z,OTHER,OIL/GAS,43.705198735131155,53
2022-07-26T05:00:00Z,OTHER,WOOD/REFUSE,81.17547563420402,149
2022-07-26T05:00:00Z,SOLAR,SOLAR,0,977
2022-07-26T05:00:00Z,WIND,WIND,136.98148781877424,2269
2022-07-26T06:00:00Z,COAL,COAL,1256.354949069553,1266
2022-07-26T06:00:00Z,ENERGY STORAGE,ENERGY STORAGE,0,50
2022-07-26T06:00:00Z,GAS,COGENERATION,3548.656508886549,5189
2022-07-26T06:00:00Z,GAS,COMBINED CYCLE,1334.3691733837127,1810
2022-07-26T06:00:00Z,GAS,GAS FIRED STEAM,1236.9389823828803,2599
2022-07-26T06:00:00Z,GAS,SIMPLE CYCLE,557.3934688810839,1230
2022-07-26T06:00:00Z,HYDRO,HYDRO,415.89557278192706,894
2022-07-26T06:00:00Z,OTHER,BIOMASS,98.96211409462823,154
2022-07-26T06:00:00Z,OTHER,GAS,1.3999509811401367,10
2022-07-26T06:00:00Z,OTHER,GAS COGEN,0,58
2022-07-26T06:00:00Z,OTHER,OIL/GAS,44.052516356574166,53
2022-07-26T06:00:00Z,OTHER,WOOD/REFUSE,84.84004375033908,149
2022-07-26T06:00:00Z,SOLAR,SOLAR,0,977
2022-07-26T06:00:00Z,WIND,WIND,123.57536697559058,2269
2022-07-26T07:00:00Z,COAL,COAL,1256.3364611138238,1266
2022-07-26T07:00:00Z,ENERGY STORAGE,ENERGY STORAGE,0,50
2022-07-26T07:00:00Z,GAS,COGENERATION,3496.1732056832316,5189
2022-07-26T07:00:00Z,GAS,COMBINED CYCLE,1333.143936747445,1810
2022-07-26T07:00:00Z,GAS,GAS FIRED STEAM,1296.1892101287842,2599
2022-07-26T07:00:00Z,GAS,SIMPLE CYCLE,550.3007964615027,1230
2022-07-26T07:00:00Z,HYDRO,HYDRO,399.8443712334832,894
2022-07-26T07:00:00Z,OTHER,BIOMASS,97.8822867483563,154
2022-07-26T07:00:00Z,OTHER,GAS,1.3999509811401367,10
2022-07-26T07:00:00Z,OTHER,GAS COGEN,0,58
2022-07-26T07:00:00Z,OTHER,OIL/GAS,43.69881036334568,53
2022-07-26T07:00:00Z,OTHER,WOOD/REFUSE,86.47887256410387,149
2022-07-26T07:00:00Z,SOLAR,SOLAR,0,977
2022-07-26T07:00:00Z,WIND,WIND,121.94345024673474,2269
2022-07-26T08:00:00Z,COAL,COAL,1257.5373527526856,1266
2022-07-26T08:00:00Z,ENERGY STORAGE,ENERGY STORAGE,-0.012555603451199,50
2022-07-26T08:00:00Z,GAS,COGENERATION,3518.6270398024717,5189
2022-07-26T08:00:00Z,GAS,COMBINED CYCLE,1336.414717821545,1810
2022-07-26T08:00:00Z,GAS,GAS FIRED STEAM,1256.9354830932616,2599
2022-07-26T08:00:00Z,GAS,SIMPLE CYCLE,525.5441337498692,1230
2022-07-26T08:00:00Z,HYDRO,HYDRO,371.35027701192433,894
2022-07-26T08:00:00Z,OTHER,BIOMASS,95.4885644780265,154
2022-07-26T08:00:00Z,OTHER,GAS,1.3999509811401367,10
2022-07-26T08:00:00Z,OTHER,GAS COGEN,0,58
2022-07-26T08:00:00Z,OTHER,OIL/GAS,43.76961034986708,53
2022-07-26T08:00:00Z,OTHER,WOOD/REFUSE,84.52136988851758,149
2022-07-26T08:00:00Z,SOLAR,SOLAR,0,977
2022-07-26T08:00:00Z,WIND,WIND,95.81676848540704,2269
2022-07-26T09:00:00Z,COAL,COAL,1256.7253436448839,1266
2022-07-26T09:00:00Z,ENERGY STORAGE,ENERGY STORAGE,-0.059722450044420033,50
2022-07-26T09:00:00Z,GAS,COGENERATION,3520.944040034877,5189
2022-07-26T09:00:00Z,GAS,COMBINED CYCLE,1342.7501254659228,1810
2022-07-26T09:00:00Z,GAS,GAS FIRED STEAM,1196.1666883595785,2599
2022-07-26T09:00:00Z,GAS,SIMPLE CYCLE,535.4370145196385,1230
2022-07-26T09:00:00Z,HYDRO,HYDRO,385.566067518923,894
2022-07-26T09:00:00Z,OTHER,BIOMASS,98.69334042072296,154
2022-07-26T09:00:00Z,OTHER,GAS,1.3999509811401367,10
2022-07-26T09:00:00Z,OTHER,GAS COGEN,0,58
2022-07-26T09:00:00Z,OTHER,OIL/GAS,44.296920977698434,53
2022-07-26T09:00:00Z,OTHER,WOOD/REFUSE,84.71865222109689,149
2022-07-26T09:00:00Z,SOLAR,SOLAR,0,977
2022-07-26T09:00:00Z,WIND,WIND,134.7558117222289,2269
2022-07-26T10:00:00Z,COAL,COAL,1257.740243733724,1266
2022-07-26T10:00:00Z,ENERGY STORAGE,ENERGY STORAGE,-0.10700002882215712,50
2022-07-26T10:00:00Z,GAS,COGENERATION,3587.198214424981,5189
2022-07-26T10:00:00Z,GAS,COMBINED CYCLE,1338.8689558680853,1810
2022-07-26T10:00:00Z,GAS,GAS FIRED STEAM,1205.0945624367396,2599
2022-07-26T10:00:00Z,GAS,SIMPLE CYCLE,521.9828787061241,1230
2022-07-26T10:00:00Z,HYDRO,HYDRO,380.4546801845895,894
2022-07-26T10:00:00Z,OTHER,BIOMASS,99.36283914407095,154
2022-07-26T10:00:00Z,OTHER,GAS,1.3999509811401367,10
2022-07-26T10:00:00Z,OTHER,GAS COGEN,0,58
2022-07-26T10:00:00Z,OTHER,OIL/GAS,43.99475443310208,53
2022-07-26T10:00:00Z,OTHER,WOOD/REFUSE,84.80483513302273,149
2022-07-26T10:00:00Z,SOLAR,SOLAR,0,977
2022-07-26T10:00:00Z,WIND,WIND,101.54975738247236,2269
2022-07-26T11:00:00Z,COAL,COAL,1256.150514831543,1266
2022-07-26T11:00:00Z,ENERGY STORAGE,ENERGY STORAGE,-0.10627810478210448,50
2022-07-26T11:00:00Z,GAS,COGENERATION,3612.567704481814,5189
2022-07-26T11:00:00Z,GAS,COMBINED CYCLE,1334.9015125391218,1810
2022-07-26T11:00:00Z,GAS,GAS FIRED STEAM,1243.6607902987798,2599
2022-07-26T11:00:00Z,GAS,SIMPLE CYCLE,566.7210270090898,1230
2022-07-26T11:00:00Z,HYDRO,HYDRO,397.15804099755155,894
2022-07-26T11:00:00Z,OTHER,BIOMASS,97.03257190095053,154
2022-07-26T11:00:00Z,OTHER,GAS,1.3999509811401367,10
2022-07-26T11:00:00Z,OTHER,GAS COGEN,0,58
2022-07-26T11:00:00Z,OTHER,OIL/GAS,44.14780376010471,53
2022-07-26T11:00:00Z,OTHER,WOOD/REFUSE,84.72931540383233,149
2022-07-26T11:00:00Z,SOLAR,SOLAR,0,977
2022-07-26T11:00:00Z,WIND,WIND,90.40353427794244,2269
2022-07-26T12:00:00Z,COAL,COAL,1258.0204569498699,1266
2022-07-26T12:00:00Z,ENERGY STORAGE,ENERGY STORAGE,-0.0963337008158366,50
2022-07-26T12:00:00Z,GAS,COGENERATION,3592.454263948136,5189
2022-07-26T12:00:00Z,GAS,COMBINED CYCLE,1341.206547735532,1810
2022-07-26T12:00:00Z,GAS,GAS FIRED STEAM,1274.0639351007674,2599
2022-07-26T12:00:00Z,GAS,SIMPLE CYCLE,570.6353224194049,1230
2022-07-26T12:00:00Z,HYDRO,HYDRO,423.61978518101904,894
2022-07-26T12:00:00Z,OTHER,BIOMASS,97.6478115495046,154
2022-07-26T12:00:00Z,OTHER,GAS,1.3999509811401367,10
2022-07-26T12:00:00Z,OTHER,GAS COGEN,0,58
2022-07-26T12:00:00Z,OTHER,OIL/GAS,43.457938507927786,53
2022-07-26T12:00:00Z,OTHER,WOOD/REFUSE,84.67388950003517,149
2022-07-26T12:00:00Z,SOLAR,SOLAR,22.495277357813386,977
2022-07-26T12:00:00Z,WIND,WIND,77.31729324830903,2269
2022-07-26T13:00:00Z,COAL,COAL,1256.229348517524,1266
2022-07-26T13:00:00Z,ENERGY STORAGE,ENERGY STORAGE,-1.6666730244954e-4,50
2022-07-26T13:00:00Z,GAS,COGENERATION,3591.881062036355,5189
2022-07-26T13:00:00Z,GAS,COMBINED CYCLE,1340.0123501438563,1810
2022-07-26T13:00:00Z,GAS,GAS FIRED STEAM,1165.8337671576605,2599
2022-07-26T13:00:00Z,GAS,SIMPLE CYCLE,554.9860463786125,1230
2022-07-26T13:00:00Z,HYDRO,HYDRO,593.0029426427682,894
2022-07-26T13:00:00Z,OTHER,BIOMASS,95.77417507383558,154
2022-07-26T13:00:00Z,OTHER,GAS,1.3999509811401367,10
2022-07-26T13:00:00Z,OTHER,GAS COGEN,0,58
2022-07-26T13:00:00Z,OTHER,OIL/GAS,43.20569837782118,53
2022-07-26T13:00:00Z,OTHER,WOOD/REFUSE,84.70525768359502,149
2022-07-26T13:00:00Z,SOLAR,SOLAR,121.60694219806128,977
2022-07-26T13:00:00Z,WIND,WIND,55.26848578259349,2269
2022-07-26T14:00:00Z,COAL,COAL,1256.9875633070205,1266
2022-07-26T14:00:00Z,ENERGY STORAGE,ENERGY STORAGE,0,50
2022-07-26T14:00:00Z,GAS,COGENERATION,3584.7336511307294,5189
2022-07-26T14:00:00Z,GAS,COMBINED CYCLE,1420.3147317022747,1810
2022-07-26T14:00:00Z,GAS,GAS FIRED STEAM,1150.0064441935222,2599
2022-07-26T14:00:00Z,GAS,SIMPLE CYCLE,578.7997963988781,1230
2022-07-26T14:00:00Z,HYDRO,HYDRO,637.079449701574,894
2022-07-26T14:00:00Z,OTHER,BIOMASS,98.78578101105161,154
2022-07-26T14:00:00Z,OTHER,GAS,1.3999509811401367,10
2022-07-26T14:00:00Z,OTHER,GAS COGEN,0,58
2022-07-26T14:00:00Z,OTHER,OIL/GAS,44.338665555318194,53
2022-07-26T14:00:00Z,OTHER,WOOD/REFUSE,85.73434974458482,149
2022-07-26T14:00:00Z,SOLAR,SOLAR,199.07582989937728,977
2022-07-26T14:00:00Z,WIND,WIND,37.86419189314047,2269
2022-07-26T15:00:00Z,COAL,COAL,1257.4312923346624,1266
2022-07-26T15:00:00Z,ENERGY STORAGE,ENERGY STORAGE,0,50
2022-07-26T15:00:00Z,GAS,COGENERATION,3557.7857377054956,5189
2022-07-26T15:00:00Z,GAS,COMBINED CYCLE,1516.2662739917967,1810
2022-07-26T15:00:00Z,GAS,GAS FIRED STEAM,1162.7221835327148,2599
2022-07-26T15:00:00Z,GAS,SIMPLE CYCLE,609.4329052061505,1230
2022-07-26T15:00:00Z,HYDRO,HYDRO,577.5344461862577,894
2022-07-26T15:00:00Z,OTHER,BIOMASS,98.83239460733202,154
2022-07-26T15:00:00Z,OTHER,GAS,1.7799509955777062,10
2022-07-26T15:00:00Z,OTHER,GAS COGEN,0,58
2022-07-26T15:00:00Z,OTHER,OIL/GAS,43.46294862323337,53
2022-07-26T15:00:00Z,OTHER,WOOD/REFUSE,85.05208493312199,149
2022-07-26T15:00:00Z,SOLAR,SOLAR,289.5299387219217,977
2022-07-26T15:00:00Z,WIND,WIND,23.901186430388027,2269
2022-07-26T16:00:00Z,COAL,COAL,1258.7202997673883,1266
2022-07-26T16:00:00Z,ENERGY STORAGE,ENERGY STORAGE,0,50
2022-07-26T16:00:00Z,GAS,COGENERATION,3525.6276813034215,5189
2022-07-26T16:00:00Z,GAS,COMBINED CYCLE,1536.081773170895,1810
2022-07-26T16:00:00Z,GAS,GAS FIRED STEAM,1143.4285960642496,2599
2022-07-26T16:00:00Z,GAS,SIMPLE CYCLE,722.1919921413395,1230
2022-07-26T16:00:00Z,HYDRO,HYDRO,571.5826940026549,894
2022-07-26T16:00:00Z,OTHER,BIOMASS,100.13293724007077,154
2022-07-26T16:00:00Z,OTHER,GAS,1.9552287926276528,10
2022-07-26T16:00:00Z,OTHER,GAS COGEN,0,58
2022-07-26T16:00:00Z,OTHER,OIL/GAS,43.75438769446479,53
2022-07-26T16:00:00Z,OTHER,WOOD/REFUSE,85.58407943619622,149
2022-07-26T16:00:00Z,SOLAR,SOLAR,445.6117693182164,977
2022-07-26T16:00:00Z,WIND,WIND,29.752793067453634,2269
2022-07-26T17:00:00Z,COAL,COAL,1256.6967955695259,1266
2022-07-26T17:00:00Z,ENERGY STORAGE,ENERGY STORAGE,0,50
2022-07-26T17:00:00Z,GAS,COGENERATION,3501.1997345884643,5189
2022-07-26T17:00:00Z,GAS,COMBINED CYCLE,1518.9505128060446,1810
2022-07-26T17:00:00Z,GAS,GAS FIRED STEAM,1153.6935758251614,2599
2022-07-26T17:00:00Z,GAS,SIMPLE CYCLE,760.8879477545288,1230
2022-07-26T17:00:00Z,HYDRO,HYDRO,539.2040681914489,894
2022-07-26T17:00:00Z,OTHER,BIOMASS,101.24308449321322,154
2022-07-26T17:00:00Z,OTHER,GAS,1.4999510049819946,10
2022-07-26T17:00:00Z,OTHER,GAS COGEN,0,58
2022-07-26T17:00:00Z,OTHER,OIL/GAS,43.95686065885756,53
2022-07-26T17:00:00Z,OTHER,WOOD/REFUSE,85.25259523391723,149
2022-07-26T17:00:00Z,SOLAR,SOLAR,613.5544905071788,977
2022-07-26T17:00:00Z,WIND,WIND,44.875400706786245,2269
2022-07-26T18:00:00Z,COAL,COAL,1258.803245578342,1266
2022-07-26T18:00:00Z,ENERGY STORAGE,ENERGY STORAGE,0,50
2022-07-26T18:00:00Z,GAS,COGENERATION,3472.6032619018024,5189
2022-07-26T18:00:00Z,GAS,COMBINED CYCLE,1514.1767309236527,1810
2022-07-26T18:00:00Z,GAS,GAS FIRED STEAM,1209.1685735066733,2599
2022-07-26T18:00:00Z,GAS,SIMPLE CYCLE,730.358569846683,1230
2022-07-26T18:00:00Z,HYDRO,HYDRO,606.3159865693168,894
2022-07-26T18:00:00Z,OTHER,BIOMASS,98.00017008304597,154
2022-07-26T18:00:00Z,OTHER,GAS,1.6030065652396943,10
2022-07-26T18:00:00Z,OTHER,GAS COGEN,0,58
2022-07-26T18:00:00Z,OTHER,OIL/GAS,43.417121202680804,53
2022-07-26T18:00:00Z,OTHER,WOOD/REFUSE,84.4632255103853,149
2022-07-26T18:00:00Z,SOLAR,SOLAR,656.3392672940096,977
2022-07-26T18:00:00Z,WIND,WIND,64.69877355055677,2269
2022-07-26T19:00:00Z,COAL,COAL,1256.9920881652831,1266
2022-07-26T19:00:00Z,ENERGY STORAGE,ENERGY STORAGE,0,50
2022-07-26T19:00:00Z,GAS,COGENERATION,3510.6765901778804,5189
2022-07-26T19:00:00Z,GAS,COMBINED CYCLE,1504.6112451537451,1810
2022-07-26T19:00:00Z,GAS,GAS FIRED STEAM,1408.468587053087,2599
2022-07-26T19:00:00Z,GAS,SIMPLE CYCLE,761.879975619581,1230
2022-07-26T19:00:00Z,HYDRO,HYDRO,637.9506563007501,894
2022-07-26T19:00:00Z,OTHER,BIOMASS,99.21529655032688,154
2022-07-26T19:00:00Z,OTHER,GAS,1.4732843101024629,10
2022-07-26T19:00:00Z,OTHER,GAS COGEN,0,58
2022-07-26T19:00:00Z,OTHER,OIL/GAS,43.63364908218384,53
2022-07-26T19:00:00Z,OTHER,WOOD/REFUSE,85.3119127591451,149
2022-07-26T19:00:00Z,SOLAR,SOLAR,601.1616002620591,977
2022-07-26T19:00:00Z,WIND,WIND,73.2340807498412,2269
2022-07-26T20:00:00Z,COAL,COAL,1257.3182888624403,1266
2022-07-26T20:00:00Z,ENERGY STORAGE,ENERGY STORAGE,0,50
2022-07-26T20:00:00Z,GAS,COGENERATION,3532.2502525806426,5189
2022-07-26T20:00:00Z,GAS,COMBINED CYCLE,1508.9930647595722,1810
2022-07-26T20:00:00Z,GAS,GAS FIRED STEAM,1541.071173968845,2599
2022-07-26T20:00:00Z,GAS,SIMPLE CYCLE,775.1199022316601,1230
2022-07-26T20:00:00Z,HYDRO,HYDRO,646.0213625823127,894
2022-07-26T20:00:00Z,OTHER,BIOMASS,97.73035885228052,154
2022-07-26T20:00:00Z,OTHER,GAS,1.7082843201027975,10
2022-07-26T20:00:00Z,OTHER,GAS COGEN,0,58
2022-07-26T20:00:00Z,OTHER,OIL/GAS,43.80980529361301,53
2022-07-26T20:00:00Z,OTHER,WOOD/REFUSE,84.80456821865506,149
2022-07-26T20:00:00Z,SOLAR,SOLAR,541.3409343128734,977
2022-07-26T20:00:00Z,WIND,WIND,107.82742537424795,2269
2022-07-26T21:00:00Z,COAL,COAL,1255.2567474365233,1266
2022-07-26T21:00:00Z,ENERGY STORAGE,ENERGY STORAGE,0,50
2022-07-26T21:00:00Z,GAS,COGENERATION,3508.332510137889,5189
2022-07-26T21:00:00Z,GAS,COMBINED CYCLE,1502.4905074850717,1810
2022-07-26T21:00:00Z,GAS,GAS FIRED STEAM,1550.4697900984022,2599
2022-07-26T21:00:00Z,GAS,SIMPLE CYCLE,832.763044705987,1230
2022-07-26T21:00:00Z,HYDRO,HYDRO,602.7996811163922,894
2022-07-26T21:00:00Z,OTHER,BIOMASS,98.48249847677019,154
2022-07-26T21:00:00Z,OTHER,GAS,1.9018954263793095,10
2022-07-26T21:00:00Z,OTHER,GAS COGEN,0,58
2022-07-26T21:00:00Z,OTHER,OIL/GAS,43.81190479490492,53
2022-07-26T21:00:00Z,OTHER,WOOD/REFUSE,85.99998474544948,149
2022-07-26T21:00:00Z,SOLAR,SOLAR,505.85345200830034,977
2022-07-26T21:00:00Z,WIND,WIND,139.42020019248955,2269
2022-07-26T22:00:00Z,COAL,COAL,1257.0689131503636,1266
2022-07-26T22:00:00Z,ENERGY STORAGE,ENERGY STORAGE,0,50
2022-07-26T22:00:00Z,GAS,COGENERATION,3506.941738988956,5189
2022-07-26T22:00:00Z,GAS,COMBINED CYCLE,1487.6755145888858,1810
2022-07-26T22:00:00Z,GAS,GAS FIRED STEAM,1527.6405113813612,2599
2022-07-26T22:00:00Z,GAS,SIMPLE CYCLE,845.5505886623595,1230
2022-07-26T22:00:00Z,HYDRO,HYDRO,620.0905755591392,894
2022-07-26T22:00:00Z,OTHER,BIOMASS,99.33726340717739,154
2022-07-26T22:00:00Z,OTHER,GAS,1.4999510049819946,10
2022-07-26T22:00:00Z,OTHER,GAS COGEN,0,58
2022-07-26T22:00:00Z,OTHER,OIL/GAS,43.88497728347778,53
2022-07-26T22:00:00Z,OTHER,WOOD/REFUSE,85.19072945276896,149
2022-07-26T22:00:00Z,SOLAR,SOLAR,534.565918811361,977
2022-07-26T22:00:00Z,WIND,WIND,174.72006005136504,2269
2022-07-26T23:00:00Z,COAL,COAL,1254.2668490431045,1266
2022-07-26T23:00:00Z,ENERGY STORAGE,ENERGY STORAGE,-2.7777777777777e-4,50
2022-07-26T23:00:00Z,GAS,COGENERATION,3522.9636111211776,5189
2022-07-26T23:00:00Z,GAS,COMBINED CYCLE,1504.2982374435,1810
2022-07-26T23:00:00Z,GAS,GAS FIRED STEAM,1556.9184480285644,2599
2022-07-26T23:00:00Z,GAS,SIMPLE CYCLE,824.9184922851457,1230
2022-07-26T23:00:00Z,HYDRO,HYDRO,573.4161096927855,894
2022-07-26T23:00:00Z,OTHER,BIOMASS,98.46433037810856,154
2022-07-26T23:00:00Z,OTHER,GAS,1.4999510049819946,10
2022-07-26T23:00:00Z,OTHER,GAS COGEN,0,58
2022-07-26T23:00:00Z,OTHER,OIL/GAS,44.03427112367418,53
2022-07-26T23:00:00Z,OTHER,WOOD/REFUSE,84.90013213793436,149
2022-07-26T23:00:00Z,SOLAR,SOLAR,525.342883937392,977
2022-07-26T23:00:00Z,WIND,WIND,219.2374372900029,2269
2022-07-27T00:00:00Z,COAL,COAL,1255.096576385498,1266
2022-07-27T00:00:00Z,ENERGY STORAGE,ENERGY STORAGE,0,50
2022-07-27T00:00:00Z,GAS,COGENERATION,3481.1752334276835,5189
2022-07-27T00:00:00Z,GAS,COMBINED CYCLE,1498.8100799534056,1810
2022-07-27T00:00:00Z,GAS,GAS FIRED STEAM,1523.6620527564155,2599
2022-07-27T00:00:00Z,GAS,SIMPLE CYCLE,832.1567888508903,1230
2022-07-27T00:00:00Z,HYDRO,HYDRO,609.2109783238835,894
2022-07-27T00:00:00Z,OTHER,BIOMASS,97.37852714909448,154
2022-07-27T00:00:00Z,OTHER,GAS,1.4999510049819946,10
2022-07-27T00:00:00Z,OTHER,GAS COGEN,0,58
2022-07-27T00:00:00Z,OTHER,OIL/GAS,44.265276396009654,53
2022-07-27T00:00:00Z,OTHER,WOOD/REFUSE,84.37013329982757,149
2022-07-27T00:00:00Z,SOLAR,SOLAR,463.1947818700472,977
2022-07-27T00:00:00Z,WIND,WIND,234.75556528473894,2269
2022-07-27T01:00:00Z,COAL,COAL,1257.8093696424696,1266
2022-07-27T01:00:00Z,ENERGY STORAGE,ENERGY STORAGE,0,50
2022-07-27T01:00:00Z,GAS,COGENERATION,3480.213830724292,5189
2022-07-27T01:00:00Z,GAS,COMBINED CYCLE,1508.5030070167118,1810
2022-07-27T01:00:00Z,GAS,GAS FIRED STEAM,1469.1538817977905,2599
2022-07-27T01:00:00Z,GAS,SIMPLE CYCLE,810.8898177397251,1230
2022-07-27T01:00:00Z,HYDRO,HYDRO,636.8873564141905,894
2022-07-27T01:00:00Z,OTHER,BIOMASS,102.73160027186076,154
2022-07-27T01:00:00Z,OTHER,GAS,1.4999510049819946,10
2022-07-27T01:00:00Z,OTHER,GAS COGEN,0,58
2022-07-27T01:00:00Z,OTHER,OIL/GAS,44.18317167494032,53
2022-07-27T01:00:00Z,OTHER,WOOD/REFUSE,88.77752351231045,149
2022-07-27T01:00:00Z,SOLAR,SOLAR,300.8163275935915,977
2022-07-27T01:00:00Z,WIND,WIND,163.94380343741014,2269
2022-07-27T02:00:00Z,COAL,COAL,1257.7167499966092,1266
2022-07-27T02:00:00Z,ENERGY STORAGE,ENERGY STORAGE,0,50
2022-07-27T02:00:00Z,GAS,COGENERATION,3571.869883662992,5189
2022-07-27T02:00:00Z,GAS,COMBINED CYCLE,1511.4603331502278,1810
2022-07-27T02:00:00Z,GAS,GAS FIRED STEAM,1423.327144042121,2599
2022-07-27T02:00:00Z,GAS,SIMPLE CYCLE,762.836792176101,1230
2022-07-27T02:00:00Z,HYDRO,HYDRO,639.3452569427756,894
2022-07-27T02:00:00Z,OTHER,BIOMASS,102.92494420952266,154
2022-07-27T02:00:00Z,OTHER,GAS,1.4999510049819946,10
2022-07-27T02:00:00Z,OTHER,GAS COGEN,0,58
2022-07-27T02:00:00Z,OTHER,OIL/GAS,42.402299622429744,53
2022-07-27T02:00:00Z,OTHER,WOOD/REFUSE,91.12129082361857,149
2022-07-27T02:00:00Z,SOLAR,SOLAR,75.45672077132596,977
2022-07-27T02:00:00Z,WIND,WIND,140.73330116295153,2269
2022-07-27T03:00:00Z,COAL,COAL,1256.970846778022,1266
2022-07-27T03:00:00Z,ENERGY STORAGE,ENERGY STORAGE,0,50
2022-07-27T03:00:00Z,GAS,COGENERATION,3606.96156909585,5189
2022-07-27T03:00:00Z,GAS,COMBINED CYCLE,1523.8475265741347,1810
2022-07-27T03:00:00Z,GAS,GAS FIRED STEAM,1291.7630038113064,2599
2022-07-27T03:00:00Z,GAS,SIMPLE CYCLE,759.7306693765852,1230
2022-07-27T03:00:00Z,HYDRO,HYDRO,613.3446292063428,894
2022-07-27T03:00:00Z,OTHER,BIOMASS,102.46539021174112,154
2022-07-27T03:00:00Z,OTHER,GAS,1.4999510049819946,10
2022-07-27T03:00:00Z,OTHER,GAS COGEN,0,58
2022-07-27T03:00:00Z,OTHER,OIL/GAS,42.60435595830282,53
2022-07-27T03:00:00Z,OTHER,WOOD/REFUSE,87.10923064523273,149
2022-07-27T03:00:00Z,SOLAR,SOLAR,0.7315555403050449,977
2022-07-27T03:00:00Z,WIND,WIND,143.00714200012385,2269
2022-07-27T04:00:00Z,COAL,COAL,1255.748246629503,1266
2022-07-27T04:00:00Z,ENERGY STORAGE,ENERGY STORAGE,0,50
2022-07-27T04:00:00Z,GAS,COGENERATION,3621.3388954329494,5189
2022-07-27T04:00:00Z,GAS,COMBINED CYCLE,1498.3701385148368,1810
2022-07-27T04:00:00Z,GAS,GAS FIRED STEAM,1297.345459221734,2599
2022-07-27T04:00:00Z,GAS,SIMPLE CYCLE,629.8996958303451,1230
2022-07-27T04:00:00Z,HYDRO,HYDRO,617.7856910696956,894
2022-07-27T04:00:00Z,OTHER,BIOMASS,101.98149915483262,154
2022-07-27T04:00:00Z,OTHER,GAS,1.4999510049819946,10
2022-07-27T04:00:00Z,OTHER,GAS COGEN,0,58
2022-07-27T04:00:00Z,OTHER,OIL/GAS,43.644755083719886,53
2022-07-27T04:00:00Z,OTHER,WOOD/REFUSE,88.96990849177043,149
2022-07-27T04:00:00Z,SOLAR,SOLAR,0,977
2022-07-27T04:00:00Z,WIND,WIND,97.86665760671927,2269
2022-07-27T05:00:00Z,COAL,COAL,1257.6470281134712,1266
2022-07-27T05:00:00Z,ENERGY STORAGE,ENERGY STORAGE,0,50
2022-07-27T05:00:00Z,GAS,COGENERATION,3608.1728886551327,5189
2022-07-27T05:00:00Z,GAS,COMBINED CYCLE,1384.3999985980988,1810
2022-07-27T05:00:00Z,GAS,GAS FIRED STEAM,1340.6522920396592,2599
2022-07-27T05:00:00Z,GAS,SIMPLE CYCLE,624.565972567598,1230
2022-07-27T05:00:00Z,HYDRO,HYDRO,551.7967006937166,894
2022-07-27T05:00:00Z,OTHER,BIOMASS,105.68545412222544,154
2022-07-27T05:00:00Z,OTHER,GAS,1.4208398750093247,10
2022-07-27T05:00:00Z,OTHER,GAS COGEN,0,58
2022-07-27T05:00:00Z,OTHER,OIL/GAS,43.27573261472914,53
2022-07-27T05:00:00Z,OTHER,WOOD/REFUSE,90.07172583712472,149
2022-07-27T05:00:00Z,SOLAR,SOLAR,0,977
2022-07-27T05:00:00Z,WIND,WIND,54.833937080949546,2269
2022-07-27T06:00:00Z,COAL,COAL,1257.3721827867296,1266
2022-07-27T06:00:00Z,ENERGY STORAGE,ENERGY STORAGE,-0.28966777165730795,50
2022-07-27T06:00:00Z,GAS,COGENERATION,3642.1908732824854,5189
2022-07-27T06:00:00Z,GAS,COMBINED CYCLE,1346.6357171143425,1810
2022-07-27T06:00:00Z,GAS,GAS FIRED STEAM,1368.2105448616876,2599
2022-07-27T06:00:00Z,GAS,SIMPLE CYCLE,538.7171087251438,1230
2022-07-27T06:00:00Z,HYDRO,HYDRO,393.8906065264013,894
2022-07-27T06:00:00Z,OTHER,BIOMASS,103.96813881821103,154
2022-07-27T06:00:00Z,OTHER,GAS,1.3999509811401367,10
2022-07-27T06:00:00Z,OTHER,GAS COGEN,0,58
2022-07-27T06:00:00Z,OTHER,OIL/GAS,43.60089296340942,53
2022-07-27T06:00:00Z,OTHER,WOOD/REFUSE,87.50994408448537,149
2022-07-27T06:00:00Z,SOLAR,SOLAR,0,977
2022-07-27T06:00:00Z,WIND,WIND,36.956608565834664,2269
2022-07-27T07:00:00Z,COAL,COAL,1258.4455628628202,1266
2022-07-27T07:00:00Z,ENERGY STORAGE,ENERGY STORAGE,-0.9296126365661621,50
2022-07-27T07:00:00Z,GAS,COGENERATION,3642.7287444473636,5189
2022-07-27T07:00:00Z,GAS,COMBINED CYCLE,1337.2180643426047,1810
2022-07-27T07:00:00Z,GAS,GAS FIRED STEAM,1283.4919353824193,2599
2022-07-27T07:00:00Z,GAS,SIMPLE CYCLE,482.6167014134593,1230
2022-07-27T07:00:00Z,HYDRO,HYDRO,393.33648400174246,894
2022-07-27T07:00:00Z,OTHER,BIOMASS,102.01283439212375,154
2022-07-27T07:00:00Z,OTHER,GAS,1.3999509811401367,10
2022-07-27T07:00:00Z,OTHER,GAS COGEN,0,58
2022-07-27T07:00:00Z,OTHER,OIL/GAS,43.70904899173313,53
2022-07-27T07:00:00Z,OTHER,WOOD/REFUSE,87.15974940458933,149
2022-07-27T07:00:00Z,SOLAR,SOLAR,0,977
2022-07-27T07:00:00Z,WIND,WIND,41.88366102407376,2269
2022-07-27T08:00:00Z,COAL,COAL,1255.7711370171442,1266
2022-07-27T08:00:00Z,ENERGY STORAGE,ENERGY STORAGE,-1.4000015258789063,50
2022-07-27T08:00:00Z,GAS,COGENERATION,3635.5984575731886,5189
2022-07-27T08:00:00Z,GAS,COMBINED CYCLE,1322.880914473004,1810
2022-07-27T08:00:00Z,GAS,GAS FIRED STEAM,1269.5743415620593,2599
2022-07-27T08:00:00Z,GAS,SIMPLE CYCLE,488.3938676373164,1230
2022-07-27T08:00:00Z,HYDRO,HYDRO,287.97513900650875,894
2022-07-27T08:00:00Z,OTHER,BIOMASS,103.10430524667105,154
2022-07-27T08:00:00Z,OTHER,GAS,1.3999509811401367,10
2022-07-27T08:00:00Z,OTHER,GAS COGEN,0,58
2022-07-27T08:00:00Z,OTHER,OIL/GAS,43.01485985014174,53
2022-07-27T08:00:00Z,OTHER,WOOD/REFUSE,86.98979599422879,149
2022-07-27T08:00:00Z,SOLAR,SOLAR,0,977
2022-07-27T08:00:00Z,WIND,WIND,42.64857444472611,2269
2022-07-27T09:00:00Z,COAL,COAL,1257.5081322903102,1266
2022-07-27T09:00:00Z,ENERGY STORAGE,ENERGY STORAGE,-1.4000015258789063,50
2022-07-27T09:00:00Z,GAS,COGENERATION,3636.3210894445247,5189
2022-07-27T09:00:00Z,GAS,COMBINED CYCLE,1337.1512260076736,1810
2022-07-27T09:00:00Z,GAS,GAS FIRED STEAM,1207.9605380969579,2599
2022-07-27T09:00:00Z,GAS,SIMPLE CYCLE,465.03946027596794,1230
2022-07-27T09:00:00Z,HYDRO,HYDRO,285.52222785539095,894
2022-07-27T09:00:00Z,OTHER,BIOMASS,102.33776590241325,154
2022-07-27T09:00:00Z,OTHER,GAS,1.3999509811401367,10
2022-07-27T09:00:00Z,OTHER,GAS COGEN,0,58
2022-07-27T09:00:00Z,OTHER,OIL/GAS,43.18662159177992,53
2022-07-27T09:00:00Z,OTHER,WOOD/REFUSE,86.57287135892444,149
2022-07-27T09:00:00Z,SOLAR,SOLAR,0,977
2022-07-27T09:00:00Z,WIND,WIND,38.82623723463052,2269
2022-07-27T10:00:00Z,COAL,COAL,1256.0723572794595,1266
2022-07-27T10:00:00Z,ENERGY STORAGE,ENERGY STORAGE,-1.6931678167978923,50
2022-07-27T10:00:00Z,GAS,COGENERATION,3715.5090659128296,5189
2022-07-27T10:00:00Z,GAS,COMBINED CYCLE,1306.8774860927795,1810
2022-07-27T10:00:00Z,GAS,GAS FIRED STEAM,1177.3892370206781,2599
2022-07-27T10:00:00Z,GAS,SIMPLE CYCLE,467.71119901180265,1230
2022-07-27T10:00:00Z,HYDRO,HYDRO,287.85971073829467,894
2022-07-27T10:00:00Z,OTHER,BIOMASS,101.80543603844113,154
2022-07-27T10:00:00Z,OTHER,GAS,1.3999509811401367,10
2022-07-27T10:00:00Z,OTHER,GAS COGEN,0,58
2022-07-27T10:00:00Z,OTHER,OIL/GAS,43.29044230779012,53
2022-07-27T10:00:00Z,OTHER,WOOD/REFUSE,86.96502115673489,149
2022-07-27T10:00:00Z,SOLAR,SOLAR,0,977
2022-07-27T10:00:00Z,WIND,WIND,46.94265638425119,2269
2022-07-27T11:00:00Z,COAL,COAL,1256.803958468967,1266
2022-07-27T11:00:00Z,ENERGY STORAGE,ENERGY STORAGE,-2.149667237599691,50
2022-07-27T11:00:00Z,GAS,COGENERATION,3765.061108164655,5189
2022-07-27T11:00:00Z,GAS,COMBINED CYCLE,1312.7442598570717,1810
2022-07-27T11:00:00Z,GAS,GAS FIRED STEAM,1226.3139641634623,2599
2022-07-27T11:00:00Z,GAS,SIMPLE CYCLE,470.85737746079764,1230
2022-07-27T11:00:00Z,HYDRO,HYDRO,313.16467747229666,894
2022-07-27T11:00:00Z,OTHER,BIOMASS,102.45308384948306,154
2022-07-27T11:00:00Z,OTHER,GAS,1.3999509811401367,10
2022-07-27T11:00:00Z,OTHER,GAS COGEN,0,58
2022-07-27T11:00:00Z,OTHER,OIL/GAS,43.26510974460178,53
2022-07-27T11:00:00Z,OTHER,WOOD/REFUSE,87.28661182350582,149
2022-07-27T11:00:00Z,SOLAR,SOLAR,0,977
2022-07-27T11:00:00Z,WIND,WIND,57.747331574724775,2269
2022-07-27T12:00:00Z,COAL,COAL,1256.2325709533693,1266
2022-07-27T12:00:00Z,ENERGY STORAGE,ENERGY STORAGE,-2.1558894835578073,50
2022-07-27T12:00:00Z,GAS,COGENERATION,3786.6308076133,5189
2022-07-27T12:00:00Z,GAS,COMBINED CYCLE,1325.3778238158754,1810
2022-07-27T12:00:00Z,GAS,GAS FIRED STEAM,1330.063055991067,2599
2022-07-27T12:00:00Z,GAS,SIMPLE CYCLE,475.5622600335545,1230
2022-07-27T12:00:00Z,HYDRO,HYDRO,351.14291691409215,894
2022-07-27T12:00:00Z,OTHER,BIOMASS,104.19955704530081,154
2022-07-27T12:00:00Z,OTHER,GAS,1.3999509811401367,10
2022-07-27T12:00:00Z,OTHER,GAS COGEN,0,58
2022-07-27T12:00:00Z,OTHER,OIL/GAS,42.87289293077257,53
2022-07-27T12:00:00Z,OTHER,WOOD/REFUSE,87.40649356497659,149
2022-07-27T12:00:00Z,SOLAR,SOLAR,18.02944426197145,977
2022-07-27T12:00:00Z,WIND,WIND,67.81004375845194,2269
2022-07-27T13:00:00Z,COAL,COAL,1257.1100481499566,1266
2022-07-27T13:00:00Z,ENERGY STORAGE,ENERGY STORAGE,-2.1412783167097302,50
2022-07-27T13:00:00Z,GAS,COGENERATION,3796.265119905273,5189
2022-07-27T13:00:00Z,GAS,COMBINED CYCLE,1382.189327419069,1810
2022-07-27T13:00:00Z,GAS,GAS FIRED STEAM,1119.558152823978,2599
2022-07-27T13:00:00Z,GAS,SIMPLE CYCLE,569.5641240892808,1230
2022-07-27T13:00:00Z,HYDRO,HYDRO,449.8155320990086,894
2022-07-27T13:00:00Z,OTHER,BIOMASS,105.66293146557278,154
2022-07-27T13:00:00Z,OTHER,GAS,1.1141176932387882,10
2022-07-27T13:00:00Z,OTHER,GAS COGEN,0,58
2022-07-27T13:00:00Z,OTHER,OIL/GAS,43.575915563371446,53
2022-07-27T13:00:00Z,OTHER,WOOD/REFUSE,85.73214160071478,149
2022-07-27T13:00:00Z,SOLAR,SOLAR,157.153113375124,977
2022-07-27T13:00:00Z,WIND,WIND,72.77606443289254,2269
2022-07-27T14:00:00Z,COAL,COAL,1256.2067888387044,1266
2022-07-27T14:00:00Z,ENERGY STORAGE,ENERGY STORAGE,-1.347333697213067,50
2022-07-27T14:00:00Z,GAS,COGENERATION,3760.6724147703417,5189
2022-07-27T14:00:00Z,GAS,COMBINED CYCLE,1473.665260307524,1810
2022-07-27T14:00:00Z,GAS,GAS FIRED STEAM,1165.2973910501269,2599
2022-07-27T14:00:00Z,GAS,SIMPLE CYCLE,631.3044459321763,1230
2022-07-27T14:00:00Z,HYDRO,HYDRO,582.3606860976583,894
2022-07-27T14:00:00Z,OTHER,BIOMASS,101.76117333465152,154
2022-07-27T14:00:00Z,OTHER,GAS,1.0999510288238523,10
2022-07-27T14:00:00Z,OTHER,GAS COGEN,0,58
2022-07-27T14:00:00Z,OTHER,OIL/GAS,42.65612035327487,53
2022-07-27T14:00:00Z,OTHER,WOOD/REFUSE,82.43708001640108,149
2022-07-27T14:00:00Z,SOLAR,SOLAR,199.13321868567004,977
2022-07-27T14:00:00Z,WIND,WIND,49.864637587467826,2269
2022-07-27T15:00:00Z,COAL,COAL,1255.3462928263348,1266
2022-07-27T15:00:00Z,ENERGY STORAGE,ENERGY STORAGE,0,50
2022-07-27T15:00:00Z,GAS,COGENERATION,3766.7129013251597,5189
2022-07-27T15:00:00Z,GAS,COMBINED CYCLE,1522.4146402014626,1810
2022-07-27T15:00:00Z,GAS,GAS FIRED STEAM,1192.539417016771,2599
2022-07-27T15:00:00Z,GAS,SIMPLE CYCLE,702.5843031295307,1230
2022-07-27T15:00:00Z,HYDRO,HYDRO,548.4260864202181,894
2022-07-27T15:00:00Z,OTHER,BIOMASS,107.79918781956037,154
2022-07-27T15:00:00Z,OTHER,GAS,1.1638399329450395,10
2022-07-27T15:00:00Z,OTHER,GAS COGEN,0,58
2022-07-27T15:00:00Z,OTHER,OIL/GAS,41.672126589881046,53
2022-07-27T15:00:00Z,OTHER,WOOD/REFUSE,77.39721881601545,149
2022-07-27T15:00:00Z,SOLAR,SOLAR,307.6523994556401,977
2022-07-27T15:00:00Z,WIND,WIND,35.68365177481331,2269
2022-07-27T16:00:00Z,COAL,COAL,1256.6965998840333,1266
2022-07-27T16:00:00Z,ENERGY STORAGE,ENERGY STORAGE,-1.1111153496636e-4,50
2022-07-27T16:00:00Z,GAS,COGENERATION,3742.46925837583,5189
2022-07-27T16:00:00Z,GAS,COMBINED CYCLE,1517.8798884243436,1810
2022-07-27T16:00:00Z,GAS,GAS FIRED STEAM,1196.263788503011,2599
2022-07-27T16:00:00Z,GAS,SIMPLE CYCLE,784.7986682969,1230
2022-07-27T16:00:00Z,HYDRO,HYDRO,531.5589780684312,894
2022-07-27T16:00:00Z,OTHER,BIOMASS,107.34657927340932,154
2022-07-27T16:00:00Z,OTHER,GAS,1.1999510526657104,10
2022-07-27T16:00:00Z,OTHER,GAS COGEN,0,58
2022-07-27T16:00:00Z,OTHER,OIL/GAS,41.844775890774194,53
2022-07-27T16:00:00Z,OTHER,WOOD/REFUSE,79.14310229698818,149
2022-07-27T16:00:00Z,SOLAR,SOLAR,440.45654828429224,977
2022-07-27T16:00:00Z,WIND,WIND,30.009114358863897,2269
2022-07-27T17:00:00Z,COAL,COAL,1255.473407321506,1266
2022-07-27T17:00:00Z,ENERGY STORAGE,ENERGY STORAGE,-3.8888931274414e-4,50
2022-07-27T17:00:00Z,GAS,COGENERATION,3715.889296449953,5189
2022-07-27T17:00:00Z,GAS,COMBINED CYCLE,1518.6361250633663,1810
2022-07-27T17:00:00Z,GAS,GAS FIRED STEAM,1190.2242539914448,2599
2022-07-27T17:00:00Z,GAS,SIMPLE CYCLE,829.0129571859208,1230
2022-07-27T17:00:00Z,HYDRO,HYDRO,567.1222528294722,894
2022-07-27T17:00:00Z,OTHER,BIOMASS,108.52766882346737,154
2022-07-27T17:00:00Z,OTHER,GAS,1.1999510526657104,10
2022-07-27T17:00:00Z,OTHER,GAS COGEN,0,58
2022-07-27T17:00:00Z,OTHER,OIL/GAS,41.783027225070526,53
2022-07-27T17:00:00Z,OTHER,WOOD/REFUSE,78.96476112392213,149
2022-07-27T17:00:00Z,SOLAR,SOLAR,602.9427113758193,977
2022-07-27T17:00:00Z,WIND,WIND,66.63236247937712,2269
2022-07-27T18:00:00Z,COAL,COAL,1257.2168028089736,1266
2022-07-27T18:00:00Z,ENERGY STORAGE,ENERGY STORAGE,0,50
2022-07-27T18:00:00Z,GAS,COGENERATION,3702.6498914048407,5189
2022-07-27T18:00:00Z,GAS,COMBINED CYCLE,1516.6222665834428,1810
2022-07-27T18:00:00Z,GAS,GAS FIRED STEAM,1365.6298267512852,2599
2022-07-27T18:00:00Z,GAS,SIMPLE CYCLE,829.5528257777955,1230
2022-07-27T18:00:00Z,HYDRO,HYDRO,530.0494055586391,894
2022-07-27T18:00:00Z,OTHER,BIOMASS,109.86707611322403,154
2022-07-27T18:00:00Z,OTHER,GAS,1.1999510526657104,10
2022-07-27T18:00:00Z,OTHER,GAS COGEN,0,58
2022-07-27T18:00:00Z,OTHER,OIL/GAS,42.44131559795804,53
2022-07-27T18:00:00Z,OTHER,WOOD/REFUSE,79.14899986108145,149
2022-07-27T18:00:00Z,SOLAR,SOLAR,631.8030421945452,977
2022-07-27T18:00:00Z,WIND,WIND,63.57552561392801,2269
2022-07-27T19:00:00Z,COAL,COAL,1254.6356295267742,1266
2022-07-27T19:00:00Z,ENERGY STORAGE,ENERGY STORAGE,0,50
2022-07-27T19:00:00Z,GAS,COGENERATION,3702.11262964752,5189
2022-07-27T19:00:00Z,GAS,COMBINED CYCLE,1512.1636589039697,1810
2022-07-27T19:00:00Z,GAS,GAS FIRED STEAM,1472.604364053938,2599
2022-07-27T19:00:00Z,GAS,SIMPLE CYCLE,808.9408478948806,1230
2022-07-27T19:00:00Z,HYDRO,HYDRO,503.9469240547551,894
2022-07-27T19:00:00Z,OTHER,BIOMASS,103.67345985677507,154
2022-07-27T19:00:00Z,OTHER,GAS,1.1999510526657104,10
2022-07-27T19:00:00Z,OTHER,GAS COGEN,0,58
2022-07-27T19:00:00Z,OTHER,OIL/GAS,41.77517660140991,53
2022-07-27T19:00:00Z,OTHER,WOOD/REFUSE,82.49782799230681,149
2022-07-27T19:00:00Z,SOLAR,SOLAR,662.0143267801072,977
2022-07-27T19:00:00Z,WIND,WIND,55.51302068146567,2269
2022-07-27T20:00:00Z,COAL,COAL,1254.3618570794001,1266
2022-07-27T20:00:00Z,ENERGY STORAGE,ENERGY STORAGE,0,50
2022-07-27T20:00:00Z,GAS,COGENERATION,3688.80060164743,5189
2022-07-27T20:00:00Z,GAS,COMBINED CYCLE,1521.8281669659084,1810
2022-07-27T20:00:00Z,GAS,GAS FIRED STEAM,1424.801387064192,2599
2022-07-27T20:00:00Z,GAS,SIMPLE CYCLE,807.44268231127,1230
2022-07-27T20:00:00Z,HYDRO,HYDRO,609.7217764679591,894
2022-07-27T20:00:00Z,OTHER,BIOMASS,92.98444322692023,154
2022-07-27T20:00:00Z,OTHER,GAS,1.1999510526657104,10
2022-07-27T20:00:00Z,OTHER,GAS COGEN,0,58
2022-07-27T20:00:00Z,OTHER,OIL/GAS,42.21870997111002,53
2022-07-27T20:00:00Z,OTHER,WOOD/REFUSE,83.23448096460766,149
2022-07-27T20:00:00Z,SOLAR,SOLAR,692.2666562210189,977
2022-07-27T20:00:00Z,WIND,WIND,50.75000682536927,2269
2022-07-27T21:00:00Z,COAL,COAL,1251.5023576524522,1266
2022-07-27T21:00:00Z,ENERGY STORAGE,ENERGY STORAGE,0,50
2022-07-27T21:00:00Z,GAS,COGENERATION,3665.6714952970215,5189
2022-07-27T21:00:00Z,GAS,COMBINED CYCLE,1533.9136981545555,1810
2022-07-27T21:00:00Z,GAS,GAS FIRED STEAM,1475.1727440049913,2599
2022-07-27T21:00:00Z,GAS,SIMPLE CYCLE,806.495647406843,1230
2022-07-27T21:00:00Z,HYDRO,HYDRO,637.5553377223015,894
2022-07-27T21:00:00Z,OTHER,BIOMASS,91.3410257713,154
2022-07-27T21:00:00Z,OTHER,GAS,1.1999510526657104,10
2022-07-27T21:00:00Z,OTHER,GAS COGEN,0,58
2022-07-27T21:00:00Z,OTHER,OIL/GAS,42.441065849728055,53
2022-07-27T21:00:00Z,OTHER,WOOD/REFUSE,84.17065170102649,149
2022-07-27T21:00:00Z,SOLAR,SOLAR,704.1295434337192,977
2022-07-27T21:00:00Z,WIND,WIND,50.31686519112024,2269
2022-07-27T22:00:00Z,COAL,COAL,1251.4598546346028,1266
2022-07-27T22:00:00Z,ENERGY STORAGE,ENERGY STORAGE,0,50
2022-07-27T22:00:00Z,GAS,COGENERATION,3682.0957249442736,5189
2022-07-27T22:00:00Z,GAS,COMBINED CYCLE,1532.6779600249397,1810
2022-07-27T22:00:00Z,GAS,GAS FIRED STEAM,1556.2372167629667,2599
2022-07-27T22:00:00Z,GAS,SIMPLE CYCLE,798.7315075667699,1230
2022-07-27T22:00:00Z,HYDRO,HYDRO,616.2499374018774,894
2022-07-27T22:00:00Z,OTHER,BIOMASS,92.10663193292088,154
2022-07-27T22:00:00Z,OTHER,GAS,1.1999510526657104,10
2022-07-27T22:00:00Z,OTHER,GAS COGEN,0,58
2022-07-27T22:00:00Z,OTHER,OIL/GAS,43.051388539208304,53
2022-07-27T22:00:00Z,OTHER,WOOD/REFUSE,85.03452653990851,149
2022-07-27T22:00:00Z,SOLAR,SOLAR,649.7464898843898,977
2022-07-27T22:00:00Z,WIND,WIND,61.202945473775685,2269
2022-07-27T23:00:00Z,COAL,COAL,1253.6640783691407,1266
2022-07-27T23:00:00Z,ENERGY STORAGE,ENERGY STORAGE,1.1111153496636e-4,50
2022-07-27T23:00:00Z,GAS,COGENERATION,3671.601069423358,5189
2022-07-27T23:00:00Z,GAS,COMBINED CYCLE,1530.4164998049207,1810
2022-07-27T23:00:00Z,GAS,GAS FIRED STEAM,1565.9783275900948,2599
2022-07-27T23:00:00Z,GAS,SIMPLE CYCLE,802.6777910319964,1230
2022-07-27T23:00:00Z,HYDRO,HYDRO,583.2818945189814,894
2022-07-27T23:00:00Z,OTHER,BIOMASS,96.33832323776352,154
2022-07-27T23:00:00Z,OTHER,GAS,1.1999510526657104,10
2022-07-27T23:00:00Z,OTHER,GAS COGEN,0,58
2022-07-27T23:00:00Z,OTHER,OIL/GAS,43.688616388109,53
2022-07-27T23:00:00Z,OTHER,WOOD/REFUSE,84.92232029305565,149
2022-07-27T23:00:00Z,SOLAR,SOLAR,646.9481565210555,977
2022-07-27T23:00:00Z,WIND,WIND,76.0452740022954,2269
2022-07-28T00:00:00Z,COAL,COAL,1255.187640109592,1266
2022-07-28T00:00:00Z,ENERGY STORAGE,ENERGY STORAGE,0,50
2022-07-28T00:00:00Z,GAS,COGENERATION,3649.0557463694945,5189
2022-07-28T00:00:00Z,GAS,COMBINED CYCLE,1529.3285590717528,1810
2022-07-28T00:00:00Z,GAS,GAS FIRED STEAM,1522.61875351376,2599
2022-07-28T00:00:00Z,GAS,SIMPLE CYCLE,803.7207050773833,1230
2022-07-28T00:00:00Z,HYDRO,HYDRO,582.8749878746934,894
2022-07-28T00:00:00Z,OTHER,BIOMASS,98.0719929309686,154
2022-07-28T00:00:00Z,OTHER,GAS,1.1999510526657104,10
2022-07-28T00:00:00Z,OTHER,GAS COGEN,0,58
2022-07-28T00:00:00Z,OTHER,OIL/GAS,42.68014306174384,53
2022-07-28T00:00:00Z,OTHER,WOOD/REFUSE,86.18614558007982,149
2022-07-28T00:00:00Z,SOLAR,SOLAR,539.6612138176627,977
2022-07-28T00:00:00Z,WIND,WIND,112.68194709643308,2269
2022-07-28T01:00:00Z,COAL,COAL,1255.26851916843,1266
2022-07-28T01:00:00Z,ENERGY STORAGE,ENERGY STORAGE,0,50
2022-07-28T01:00:00Z,GAS,COGENERATION,3673.404484466447,5189
2022-07-28T01:00:00Z,GAS,COMBINED CYCLE,1536.2165812031428,1810
2022-07-28T01:00:00Z,GAS,GAS FIRED STEAM,1489.5795809957717,2599
2022-07-28T01:00:00Z,GAS,SIMPLE CYCLE,833.8612625549237,1230
2022-07-28T01:00:00Z,HYDRO,HYDRO,659.0432416366206,894
2022-07-28T01:00:00Z,OTHER,BIOMASS,98.61819441318512,154
2022-07-28T01:00:00Z,OTHER,GAS,1.1999510526657104,10
2022-07-28T01:00:00Z,OTHER,GAS COGEN,0,58
2022-07-28T01:00:00Z,OTHER,OIL/GAS,40.34654318915473,53
2022-07-28T01:00:00Z,OTHER,WOOD/REFUSE,85.49584027899635,149
2022-07-28T01:00:00Z,SOLAR,SOLAR,297.56643883546195,977
2022-07-28T01:00:00Z,WIND,WIND,145.43392109618418,2269
2022-07-28T02:00:00Z,COAL,COAL,1256.2225110202367,1266
2022-07-28T02:00:00Z,ENERGY STORAGE,ENERGY STORAGE,0,50
2022-07-28T02:00:00Z,GAS,COGENERATION,3691.278620247046,5189
2022-07-28T02:00:00Z,GAS,COMBINED CYCLE,1535.9061290730372,1810
2022-07-28T02:00:00Z,GAS,GAS FIRED STEAM,1489.1391937510173,2599
2022-07-28T02:00:00Z,GAS,SIMPLE CYCLE,839.7564976973003,1230
2022-07-28T02:00:00Z,HYDRO,HYDRO,641.7157792267534,894
2022-07-28T02:00:00Z,OTHER,BIOMASS,100.52137912591299,154
2022-07-28T02:00:00Z,OTHER,GAS,1.1999510526657104,10
2022-07-28T02:00:00Z,OTHER,GAS COGEN,0,58
2022-07-28T02:00:00Z,OTHER,OIL/GAS,41.110643770429824,53
2022-07-28T02:00:00Z,OTHER,WOOD/REFUSE,85.90373172574573,149
2022-07-28T02:00:00Z,SOLAR,SOLAR,70.49942631844017,977
2022-07-28T02:00:00Z,WIND,WIND,170.89725947519972,2269
2022-07-28T03:00:00Z,COAL,COAL,1256.6934630330406,1266
2022-07-28T03:00:00Z,ENERGY STORAGE,ENERGY STORAGE,0,50
2022-07-28T03:00:00Z,GAS,COGENERATION,3715.074991613759,5189
2022-07-28T03:00:00Z,GAS,COMBINED CYCLE,1530.4254447009828,1810
2022-07-28T03:00:00Z,GAS,GAS FIRED STEAM,1360.7509243202207,2599
2022-07-28T03:00:00Z,GAS,SIMPLE CYCLE,806.5646199848751,1230
2022-07-28T03:00:00Z,HYDRO,HYDRO,594.725515866677,894
2022-07-28T03:00:00Z,OTHER,BIOMASS,101.34698714282777,154
2022-07-28T03:00:00Z,OTHER,GAS,1.1999510526657104,10
2022-07-28T03:00:00Z,OTHER,GAS COGEN,0,58
2022-07-28T03:00:00Z,OTHER,OIL/GAS,43.08336512247721,53
2022-07-28T03:00:00Z,OTHER,WOOD/REFUSE,85.98177372773489,149
2022-07-28T03:00:00Z,SOLAR,SOLAR,0.38016665949589673,977
2022-07-28T03:00:00Z,WIND,WIND,226.54157403462463,2269
2022-07-28T04:00:00Z,COAL,COAL,1255.844075419108,1266
2022-07-28T04:00:00Z,ENERGY STORAGE,ENERGY STORAGE,0,50
2022-07-28T04:00:00Z,GAS,COGENERATION,3731.0001234171127,5189
2022-07-28T04:00:00Z,GAS,COMBINED CYCLE,1505.735333913697,1810
2022-07-28T04:00:00Z,GAS,GAS FIRED STEAM,1213.9258671209548,2599
2022-07-28T04:00:00Z,GAS,SIMPLE CYCLE,746.2876806977722,1230
2022-07-28T04:00:00Z,HYDRO,HYDRO,599.2951501740349,894
2022-07-28T04:00:00Z,OTHER,BIOMASS,102.10050771448347,154
2022-07-28T04:00:00Z,OTHER,GAS,1.1999510526657104,10
2022-07-28T04:00:00Z,OTHER,GAS COGEN,0,58
2022-07-28T04:00:00Z,OTHER,OIL/GAS,43.25795338100857,53
2022-07-28T04:00:00Z,OTHER,WOOD/REFUSE,86.50035913652843,149
2022-07-28T04:00:00Z,SOLAR,SOLAR,0,977
2022-07-28T04:00:00Z,WIND,WIND,250.16167403269145,2269
2022-07-28T05:00:00Z,COAL,COAL,1258.53600724962,1266
2022-07-28T05:00:00Z,ENERGY STORAGE,ENERGY STORAGE,0,50
2022-07-28T05:00:00Z,GAS,COGENERATION,3751.7644038686485,5189
2022-07-28T05:00:00Z,GAS,COMBINED CYCLE,1401.3779389324452,1810
2022-07-28T05:00:00Z,GAS,GAS FIRED STEAM,1338.2149510584936,2599
2022-07-28T05:00:00Z,GAS,SIMPLE CYCLE,568.1730940684345,1230
2022-07-28T05:00:00Z,HYDRO,HYDRO,476.091430025763,894
2022-07-28T05:00:00Z,OTHER,BIOMASS,103.53033419185215,154
2022-07-28T05:00:00Z,OTHER,GAS,1.1999510526657104,10
2022-07-28T05:00:00Z,OTHER,GAS COGEN,0,58
2022-07-28T05:00:00Z,OTHER,OIL/GAS,43.74693300882975,53
2022-07-28T05:00:00Z,OTHER,WOOD/REFUSE,87.07855586820179,149
2022-07-28T05:00:00Z,SOLAR,SOLAR,0,977
2022-07-28T05:00:00Z,WIND,WIND,254.03394853588605,2269
2022-07-28T06:00:00Z,COAL,COAL,1254.0254166666668,1266
2022-07-28T06:00:00Z,ENERGY STORAGE,ENERGY STORAGE,-0.8064442676968044,50
2022-07-28T06:00:00Z,GAS,COGENERATION,3757.015651262535,5189
2022-07-28T06:00:00Z,GAS,COMBINED CYCLE,1362.8379751926,1810
2022-07-28T06:00:00Z,GAS,GAS FIRED STEAM,1233.703301287757,2599
2022-07-28T06:00:00Z,GAS,SIMPLE CYCLE,436.43250290099115,1230
2022-07-28T06:00:00Z,HYDRO,HYDRO,356.7705017005073,894
2022-07-28T06:00:00Z,OTHER,BIOMASS,103.75854614946577,154
2022-07-28T06:00:00Z,OTHER,GAS,1.1999510526657104,10
2022-07-28T06:00:00Z,OTHER,GAS COGEN,0,58
2022-07-28T06:00:00Z,OTHER,OIL/GAS,42.560715175204805,53
2022-07-28T06:00:00Z,OTHER,WOOD/REFUSE,88.1061587248908,149
2022-07-28T06:00:00Z,SOLAR,SOLAR,0,977
2022-07-28T06:00:00Z,WIND,WIND,280.975552971479,2269
2022-07-28T07:00:00Z,COAL,COAL,1255.0643074883355,1266
2022-07-28T07:00:00Z,ENERGY STORAGE,ENERGY STORAGE,-1.8889440229203966,50
2022-07-28T07:00:00Z,GAS,COGENERATION,3758.1551937787567,5189
2022-07-28T07:00:00Z,GAS,COMBINED CYCLE,1308.4496048193507,1810
2022-07-28T07:00:00Z,GAS,GAS FIRED STEAM,1110.3641357697381,2599
2022-07-28T07:00:00Z,GAS,SIMPLE CYCLE,424.13718482547335,1230
2022-07-28T07:00:00Z,HYDRO,HYDRO,353.1177753847175,894
2022-07-28T07:00:00Z,OTHER,BIOMASS,106.92503954913882,154
2022-07-28T07:00:00Z,OTHER,GAS,1.1999510526657104,10
2022-07-28T07:00:00Z,OTHER,GAS COGEN,0,58
2022-07-28T07:00:00Z,OTHER,OIL/GAS,42.71702644348144,53
2022-07-28T07:00:00Z,OTHER,WOOD/REFUSE,87.01401984559166,149
2022-07-28T07:00:00Z,SOLAR,SOLAR,0,977
2022-07-28T07:00:00Z,WIND,WIND,276.26757764243416,2269
2022-07-28T08:00:00Z,COAL,COAL,1254.5790215555826,1266
2022-07-28T08:00:00Z,ENERGY STORAGE,ENERGY STORAGE,-1.8796662076314292,50
2022-07-28T08:00:00Z,GAS,COGENERATION,3750.253768526117,5189
2022-07-28T08:00:00Z,GAS,COMBINED CYCLE,1255.1332697488865,1810
2022-07-28T08:00:00Z,GAS,GAS FIRED STEAM,1042.4795376343197,2599
2022-07-28T08:00:00Z,GAS,SIMPLE CYCLE,408.47579378286997,1230
2022-07-28T08:00:00Z,HYDRO,HYDRO,347.5485783602131,894
2022-07-28T08:00:00Z,OTHER,BIOMASS,105.90595107184517,154
2022-07-28T08:00:00Z,OTHER,GAS,1.1999510526657104,10
2022-07-28T08:00:00Z,OTHER,GAS COGEN,0,58
2022-07-28T08:00:00Z,OTHER,OIL/GAS,42.47732117970784,53
2022-07-28T08:00:00Z,OTHER,WOOD/REFUSE,87.17500654035145,149
2022-07-28T08:00:00Z,SOLAR,SOLAR,0,977
2022-07-28T08:00:00Z,WIND,WIND,302.4804134723296,2269
2022-07-28T09:00:00Z,COAL,COAL,1256.473740878635,1266
2022-07-28T09:00:00Z,ENERGY STORAGE,ENERGY STORAGE,-1.8826662190755208,50
2022-07-28T09:00:00Z,GAS,COGENERATION,3740.9195971976055,5189
2022-07-28T09:00:00Z,GAS,COMBINED CYCLE,1293.9164918549857,1810
2022-07-28T09:00:00Z,GAS,GAS FIRED STEAM,967.1148160097334,2599
2022-07-28T09:00:00Z,GAS,SIMPLE CYCLE,369.1015407940414,1230
2022-07-28T09:00:00Z,HYDRO,HYDRO,323.5195823277367,894
2022-07-28T09:00:00Z,OTHER,BIOMASS,107.62592761331135,154
2022-07-28T09:00:00Z,OTHER,GAS,1.1999510526657104,10
2022-07-28T09:00:00Z,OTHER,GAS COGEN,0,58
2022-07-28T09:00:00Z,OTHER,OIL/GAS,41.99401566187541,53
2022-07-28T09:00:00Z,OTHER,WOOD/REFUSE,80.00753923283683,149
2022-07-28T09:00:00Z,SOLAR,SOLAR,0,977
2022-07-28T09:00:00Z,WIND,WIND,321.6459259498947,2269
2022-07-28T10:00:00Z,COAL,COAL,1256.3684140692817,1266
2022-07-28T10:00:00Z,ENERGY STORAGE,ENERGY STORAGE,-1.4671108139885796,50
2022-07-28T10:00:00Z,GAS,COGENERATION,3750.6426346911326,5189
2022-07-28T10:00:00Z,GAS,COMBINED CYCLE,1302.627442009184,1810
2022-07-28T10:00:00Z,GAS,GAS FIRED STEAM,970.5748497274187,2599
2022-07-28T10:00:00Z,GAS,SIMPLE CYCLE,362.7905970479051,1230
2022-07-28T10:00:00Z,HYDRO,HYDRO,333.4899571122974,894
2022-07-28T10:00:00Z,OTHER,BIOMASS,106.32042606274285,154
2022-07-28T10:00:00Z,OTHER,GAS,1.1999510526657104,10
2022-07-28T10:00:00Z,OTHER,GAS COGEN,0,58
2022-07-28T10:00:00Z,OTHER,OIL/GAS,42.08264341142443,53
2022-07-28T10:00:00Z,OTHER,WOOD/REFUSE,78.28172199964524,149
2022-07-28T10:00:00Z,SOLAR,SOLAR,0,977
2022-07-28T10:00:00Z,WIND,WIND,257.34316323980687,2269
2022-07-28T11:00:00Z,COAL,COAL,1255.857138994005,1266
2022-07-28T11:00:00Z,ENERGY STORAGE,ENERGY STORAGE,-0.5791111437479655,50
2022-07-28T11:00:00Z,GAS,COGENERATION,3756.8836163725455,5189
2022-07-28T11:00:00Z,GAS,COMBINED CYCLE,1285.8088617330127,1810
2022-07-28T11:00:00Z,GAS,GAS FIRED STEAM,975.8918790774875,2599
2022-07-28T11:00:00Z,GAS,SIMPLE CYCLE,393.31086100790236,1230
2022-07-28T11:00:00Z,HYDRO,HYDRO,339.32350251952806,894
2022-07-28T11:00:00Z,OTHER,BIOMASS,107.95971436288622,154
2022-07-28T11:00:00Z,OTHER,GAS,1.1999510526657104,10
2022-07-28T11:00:00Z,OTHER,GAS COGEN,0,58
2022-07-28T11:00:00Z,OTHER,OIL/GAS,41.695659747653536,53
2022-07-28T11:00:00Z,OTHER,WOOD/REFUSE,78.31758637428284,149
2022-07-28T11:00:00Z,SOLAR,SOLAR,0,977
2022-07-28T11:00:00Z,WIND,WIND,278.4123546016547,2269
2022-07-28T12:00:00Z,COAL,COAL,1256.3170797390408,1266
2022-07-28T12:00:00Z,ENERGY STORAGE,ENERGY STORAGE,-0.14822278764512803,50
2022-07-28T12:00:00Z,GAS,COGENERATION,3767.710721730524,5189
2022-07-28T12:00:00Z,GAS,COMBINED CYCLE,1295.4883945152494,1810
2022-07-28T12:00:00Z,GAS,GAS FIRED STEAM,1002.6899419636196,2599
2022-07-28T12:00:00Z,GAS,SIMPLE CYCLE,415.3573196396563,1230
2022-07-28T12:00:00Z,HYDRO,HYDRO,354.27451039539443,894
2022-07-28T12:00:00Z,OTHER,BIOMASS,106.86170067681208,154
2022-07-28T12:00:00Z,OTHER,GAS,1.1999510526657104,10
2022-07-28T12:00:00Z,OTHER,GAS COGEN,0,58
2022-07-28T12:00:00Z,OTHER,OIL/GAS,41.5214542304145,53
2022-07-28T12:00:00Z,OTHER,WOOD/REFUSE,80.89200110726885,149
2022-07-28T12:00:00Z,SOLAR,SOLAR,40.33388816265596,977
2022-07-28T12:00:00Z,WIND,WIND,300.78242554797066,2269
2022-07-28T13:00:00Z,COAL,COAL,1255.0491313001844,1266
2022-07-28T13:00:00Z,ENERGY STORAGE,ENERGY STORAGE,0,50
2022-07-28T13:00:00Z,GAS,COGENERATION,3754.42732913865,5189
2022-07-28T13:00:00Z,GAS,COMBINED CYCLE,1403.884715301196,1810
2022-07-28T13:00:00Z,GAS,GAS FIRED STEAM,852.2855163489447,2599
2022-07-28T13:00:00Z,GAS,SIMPLE CYCLE,552.6805664836698,1230
2022-07-28T13:00:00Z,HYDRO,HYDRO,425.82965417040714,894
2022-07-28T13:00:00Z,OTHER,BIOMASS,105.8819802819358,154
2022-07-28T13:00:00Z,OTHER,GAS,1.2107843842771318,10
2022-07-28T13:00:00Z,OTHER,GAS COGEN,0,58
2022-07-28T13:00:00Z,OTHER,OIL/GAS,42.15742230521308,53
2022-07-28T13:00:00Z,OTHER,WOOD/REFUSE,81.0610404250357,149
2022-07-28T13:00:00Z,SOLAR,SOLAR,245.24310644696155,977
2022-07-28T13:00:00Z,WIND,WIND,329.1321419998176,2269
2022-07-28T14:00:00Z,COAL,COAL,1256.0329261610243,1266
2022-07-28T14:00:00Z,ENERGY STORAGE,ENERGY STORAGE,0,50
2022-07-28T14:00:00Z,GAS,COGENERATION,3740.790118051138,5189
2022-07-28T14:00:00Z,GAS,COMBINED CYCLE,1490.9421051968468,1810
2022-07-28T14:00:00Z,GAS,GAS FIRED STEAM,941.2882283359104,2599
2022-07-28T14:00:00Z,GAS,SIMPLE CYCLE,629.1623246383667,1230
2022-07-28T14:00:00Z,HYDRO,HYDRO,527.2333089116215,894
2022-07-28T14:00:00Z,OTHER,BIOMASS,105.58980070273081,154
2022-07-28T14:00:00Z,OTHER,GAS,1.5691176606549158,10
2022-07-28T14:00:00Z,OTHER,GAS COGEN,0,58
2022-07-28T14:00:00Z,OTHER,OIL/GAS,41.37234301673041,53
2022-07-28T14:00:00Z,OTHER,WOOD/REFUSE,87.88816399388843,149
2022-07-28T14:00:00Z,SOLAR,SOLAR,504.07749039067164,977
2022-07-28T14:00:00Z,WIND,WIND,204.5549587933388,2269
2022-07-28T15:00:00Z,COAL,COAL,1254.7945450168186,1266
2022-07-28T15:00:00Z,ENERGY STORAGE,ENERGY STORAGE,0,50
2022-07-28T15:00:00Z,GAS,COGENERATION,3705.624481341839,5189
2022-07-28T15:00:00Z,GAS,COMBINED CYCLE,1515.984402979215,1810
2022-07-28T15:00:00Z,GAS,GAS FIRED STEAM,1209.8438489860957,2599
2022-07-28T15:00:00Z,GAS,SIMPLE CYCLE,676.1721463809411,1230
2022-07-28T15:00:00Z,HYDRO,HYDRO,548.0282554041677,894
2022-07-28T15:00:00Z,OTHER,BIOMASS,107.51885825713475,154
2022-07-28T15:00:00Z,OTHER,GAS,2.49653432071209,10
2022-07-28T15:00:00Z,OTHER,GAS COGEN,0,58
2022-07-28T15:00:00Z,OTHER,OIL/GAS,41.21056819491916,53
2022-07-28T15:00:00Z,OTHER,WOOD/REFUSE,91.24700919575162,149
2022-07-28T15:00:00Z,SOLAR,SOLAR,651.5098233275944,977
2022-07-28T15:00:00Z,WIND,WIND,133.33956071320506,2269
2022-07-28T16:00:00Z,COAL,COAL,1254.1600563388401,1266
2022-07-28T16:00:00Z,ENERGY STORAGE,ENERGY STORAGE,0,50
2022-07-28T16:00:00Z,GAS,COGENERATION,3681.4697266507146,5189
2022-07-28T16:00:00Z,GAS,COMBINED CYCLE,1513.0177683077918,1810
2022-07-28T16:00:00Z,GAS,GAS FIRED STEAM,1269.6807389979892,2599
2022-07-28T16:00:00Z,GAS,SIMPLE CYCLE,759.8706416185366,1230
2022-07-28T16:00:00Z,HYDRO,HYDRO,543.5465200854673,894
2022-07-28T16:00:00Z,OTHER,BIOMASS,109.96624148143663,154
2022-07-28T16:00:00Z,OTHER,GAS,4.169284404118856,10
2022-07-28T16:00:00Z,OTHER,GAS COGEN,0,58
2022-07-28T16:00:00Z,OTHER,OIL/GAS,42.5079766951667,53
2022-07-28T16:00:00Z,OTHER,WOOD/REFUSE,92.71462715784709,149
2022-07-28T16:00:00Z,SOLAR,SOLAR,717.0799709129334,977
2022-07-28T16:00:00Z,WIND,WIND,159.82879048895504,2269
2022-07-28T17:00:00Z,COAL,COAL,1254.3656854078504,1266
2022-07-28T17:00:00Z,ENERGY STORAGE,ENERGY STORAGE,0,50
2022-07-28T17:00:00Z,GAS,COGENERATION,3655.2674149077466,5189
2022-07-28T17:00:00Z,GAS,COMBINED CYCLE,1520.6771012692982,1810
2022-07-28T17:00:00Z,GAS,GAS FIRED STEAM,1318.663064441681,2599
2022-07-28T17:00:00Z,GAS,SIMPLE CYCLE,792.9213173670901,1230
2022-07-28T17:00:00Z,HYDRO,HYDRO,534.0083634562957,894
2022-07-28T17:00:00Z,OTHER,BIOMASS,111.42289121945699,154
2022-07-28T17:00:00Z,OTHER,GAS,4.299951076507568,10
2022-07-28T17:00:00Z,OTHER,GAS COGEN,0,58
2022-07-28T17:00:00Z,OTHER,OIL/GAS,41.86922054290771,53
2022-07-28T17:00:00Z,OTHER,WOOD/REFUSE,93.34365654521518,149
2022-07-28T17:00:00Z,SOLAR,SOLAR,734.3331527659628,977
2022-07-28T17:00:00Z,WIND,WIND,208.0502649878876,2269
2022-07-28T18:00:00Z,COAL,COAL,1253.1209083557128,1266
2022-07-28T18:00:00Z,ENERGY STORAGE,ENERGY STORAGE,0,50
2022-07-28T18:00:00Z,GAS,COGENERATION,3609.4380855149693,5189
2022-07-28T18:00:00Z,GAS,COMBINED CYCLE,1516.7064935652415,1810
2022-07-28T18:00:00Z,GAS,GAS FIRED STEAM,1412.0131536780464,2599
2022-07-28T18:00:00Z,GAS,SIMPLE CYCLE,801.7542603400018,1230
2022-07-28T18:00:00Z,HYDRO,HYDRO,570.5394238727622,894
2022-07-28T18:00:00Z,OTHER,BIOMASS,107.58907408595086,154
2022-07-28T18:00:00Z,OTHER,GAS,4.299951076507568,10
2022-07-28T18:00:00Z,OTHER,GAS COGEN,0,58
2022-07-28T18:00:00Z,OTHER,OIL/GAS,41.99914263407389,53
2022-07-28T18:00:00Z,OTHER,WOOD/REFUSE,92.45654515054491,149
2022-07-28T18:00:00Z,SOLAR,SOLAR,745.3644821813372,977
2022-07-28T18:00:00Z,WIND,WIND,253.16308153758445,2269
2022-07-28T19:00:00Z,COAL,COAL,1251.766400434706,1266
2022-07-28T19:00:00Z,ENERGY STORAGE,ENERGY STORAGE,0,50
2022-07-28T19:00:00Z,GAS,COGENERATION,3539.257010801898,5189
2022-07-28T19:00:00Z,GAS,COMBINED CYCLE,1513.198857594596,1810
2022-07-28T19:00:00Z,GAS,GAS FIRED STEAM,1551.1146558104622,2599
2022-07-28T19:00:00Z,GAS,SIMPLE CYCLE,800.3389288123449,1230
2022-07-28T19:00:00Z,HYDRO,HYDRO,560.6359063696862,894
2022-07-28T19:00:00Z,OTHER,BIOMASS,110.50019423802694,154
2022-07-28T19:00:00Z,OTHER,GAS,4.299951076507568,10
2022-07-28T19:00:00Z,OTHER,GAS COGEN,0,58
2022-07-28T19:00:00Z,OTHER,OIL/GAS,41.263588155110675,53
2022-07-28T19:00:00Z,OTHER,WOOD/REFUSE,91.08585935804578,149
2022-07-28T19:00:00Z,SOLAR,SOLAR,752.090542008082,977
2022-07-28T19:00:00Z,WIND,WIND,235.13215440300604,2269
2022-07-28T20:00:00Z,COAL,COAL,1249.4648659430609,1266
2022-07-28T20:00:00Z,ENERGY STORAGE,ENERGY STORAGE,0,50
2022-07-28T20:00:00Z,GAS,COGENERATION,3520.1194254083102,5189
2022-07-28T20:00:00Z,GAS,COMBINED CYCLE,1508.454696193271,1810
2022-07-28T20:00:00Z,GAS,GAS FIRED STEAM,1584.6283169068229,2599
2022-07-28T20:00:00Z,GAS,SIMPLE CYCLE,799.4175851922565,1230
2022-07-28T20:00:00Z,HYDRO,HYDRO,592.2834245464536,894
2022-07-28T20:00:00Z,OTHER,BIOMASS,110.37097755087747,154
2022-07-28T20:00:00Z,OTHER,GAS,4.299951076507568,10
2022-07-28T20:00:00Z,OTHER,GAS COGEN,0,58
2022-07-28T20:00:00Z,OTHER,OIL/GAS,41.77526022805108,53
2022-07-28T20:00:00Z,OTHER,WOOD/REFUSE,91.50810085349613,149
2022-07-28T20:00:00Z,SOLAR,SOLAR,763.0626369545195,977
2022-07-28T20:00:00Z,WIND,WIND,189.1466097251988,2269
2022-07-28T21:00:00Z,COAL,COAL,1250.2756253560385,1266
2022-07-28T21:00:00Z,ENERGY STORAGE,ENERGY STORAGE,0,50
2022-07-28T21:00:00Z,GAS,COGENERATION,3493.5620970373684,5189
2022-07-28T21:00:00Z,GAS,COMBINED CYCLE,1506.0082491503822,1810
2022-07-28T21:00:00Z,GAS,GAS FIRED STEAM,1781.9369518025717,2599
2022-07-28T21:00:00Z,GAS,SIMPLE CYCLE,788.7413052487871,1230
2022-07-28T21:00:00Z,HYDRO,HYDRO,616.4942023683587,894
2022-07-28T21:00:00Z,OTHER,BIOMASS,111.11271116097767,154
2022-07-28T21:00:00Z,OTHER,GAS,4.299951076507568,10
2022-07-28T21:00:00Z,OTHER,GAS COGEN,0,58
2022-07-28T21:00:00Z,OTHER,OIL/GAS,42.14659938176473,53
2022-07-28T21:00:00Z,OTHER,WOOD/REFUSE,93.16764692571428,149
2022-07-28T21:00:00Z,SOLAR,SOLAR,762.169222457144,977
2022-07-28T21:00:00Z,WIND,WIND,159.76172408195833,2269
2022-07-28T22:00:00Z,COAL,COAL,1249.402119937473,1266
2022-07-28T22:00:00Z,ENERGY STORAGE,ENERGY STORAGE,0,50
2022-07-28T22:00:00Z,GAS,COGENERATION,3505.277889747355,5189
2022-07-28T22:00:00Z,GAS,COMBINED CYCLE,1503.6961594343186,1810
2022-07-28T22:00:00Z,GAS,GAS FIRED STEAM,1846.1279694451225,2599
2022-07-28T22:00:00Z,GAS,SIMPLE CYCLE,795.8107859802246,1230
2022-07-28T22:00:00Z,HYDRO,HYDRO,586.6257332830793,894
2022-07-28T22:00:00Z,OTHER,BIOMASS,109.61955998685625,154
2022-07-28T22:00:00Z,OTHER,GAS,4.299951076507568,10
2022-07-28T22:00:00Z,OTHER,GAS COGEN,0,58
2022-07-28T22:00:00Z,OTHER,OIL/GAS,41.92303837246365,53
2022-07-28T22:00:00Z,OTHER,WOOD/REFUSE,93.63186624738906,149
2022-07-28T22:00:00Z,SOLAR,SOLAR,735.2794862553477,977
2022-07-28T22:00:00Z,WIND,WIND,145.0591510390573,2269
2022-07-28T23:00:00Z,COAL,COAL,1250.4289267137315,1266
2022-07-28T23:00:00Z,ENERGY STORAGE,ENERGY STORAGE,0,50
2022-07-28T23:00:00Z,GAS,COGENERATION,3508.1784560603564,5189
2022-07-28T23:00:00Z,GAS,COMBINED CYCLE,1502.555306699011,1810
2022-07-28T23:00:00Z,GAS,GAS FIRED STEAM,1941.2477473449708,2599
2022-07-28T23:00:00Z,GAS,SIMPLE CYCLE,805.220558005737,1230
2022-07-28T23:00:00Z,HYDRO,HYDRO,588.428549442076,894
2022-07-28T23:00:00Z,OTHER,BIOMASS,112.39550434854296,154
2022-07-28T23:00:00Z,OTHER,GAS,4.299951076507568,10
2022-07-28T23:00:00Z,OTHER,GAS COGEN,0,58
2022-07-28T23:00:00Z,OTHER,OIL/GAS,42.00580466164483,53
2022-07-28T23:00:00Z,OTHER,WOOD/REFUSE,95.23295909881593,149
2022-07-28T23:00:00Z,SOLAR,SOLAR,684.0130072130097,977
2022-07-28T23:00:00Z,WIND,WIND,133.44618046401274,2269
2022-07-29T00:00:00Z,COAL,COAL,1247.6928004116482,1266
2022-07-29T00:00:00Z,ENERGY STORAGE,ENERGY STORAGE,0,50
2022-07-29T00:00:00Z,GAS,COGENERATION,3524.744019467301,5189
2022-07-29T00:00:00Z,GAS,COMBINED CYCLE,1505.763318988482,1810
2022-07-29T00:00:00Z,GAS,GAS FIRED STEAM,1820.5096573003134,2599
2022-07-29T00:00:00Z,GAS,SIMPLE CYCLE,796.6640051531791,1230
2022-07-29T00:00:00Z,HYDRO,HYDRO,555.3745269955033,894
2022-07-29T00:00:00Z,OTHER,BIOMASS,112.19598002062904,154
2022-07-29T00:00:00Z,OTHER,GAS,4.397784316539765,10
2022-07-29T00:00:00Z,OTHER,GAS COGEN,0,58
2022-07-29T00:00:00Z,OTHER,OIL/GAS,42.06125445683797,53
2022-07-29T00:00:00Z,OTHER,WOOD/REFUSE,93.5077533838484,149
2022-07-29T00:00:00Z,SOLAR,SOLAR,563.8625463374456,977
2022-07-29T00:00:00Z,WIND,WIND,187.1073116667486,2269
2022-07-29T01:00:00Z,COAL,COAL,1243.818908114963,1266
2022-07-29T01:00:00Z,ENERGY STORAGE,ENERGY STORAGE,-1.7431108983357748,50
2022-07-29T01:00:00Z,GAS,COGENERATION,3535.434039990902,5189
2022-07-29T01:00:00Z,GAS,COMBINED CYCLE,1517.2188718329535,1810
2022-07-29T01:00:00Z,GAS,GAS FIRED STEAM,1854.359676706526,2599
2022-07-29T01:00:00Z,GAS,SIMPLE CYCLE,798.7990585751004,1230
2022-07-29T01:00:00Z,HYDRO,HYDRO,534.525635951509,894
2022-07-29T01:00:00Z,OTHER,BIOMASS,113.83341379589505,154
2022-07-29T01:00:00Z,OTHER,GAS,4.399950981140137,10
2022-07-29T01:00:00Z,OTHER,GAS COGEN,0,58
2022-07-29T01:00:00Z,OTHER,OIL/GAS,42.39495489968194,53
2022-07-29T01:00:00Z,OTHER,WOOD/REFUSE,94.45620390786065,149
2022-07-29T01:00:00Z,SOLAR,SOLAR,292.7633276596003,977
2022-07-29T01:00:00Z,WIND,WIND,298.1076264068567,2269
2022-07-29T02:00:00Z,COAL,COAL,1245.0047997199165,1266
2022-07-29T02:00:00Z,ENERGY STORAGE,ENERGY STORAGE,-0.3824443944295247,50
2022-07-29T02:00:00Z,GAS,COGENERATION,3527.2010817453597,5189
2022-07-29T02:00:00Z,GAS,COMBINED CYCLE,1522.0386351325776,1810
2022-07-29T02:00:00Z,GAS,GAS FIRED STEAM,1645.6395400153265,2599
2022-07-29T02:00:00Z,GAS,SIMPLE CYCLE,811.4410401248932,1230
2022-07-29T02:00:00Z,HYDRO,HYDRO,564.6857692582905,894
2022-07-29T02:00:00Z,OTHER,BIOMASS,115.38261577977075,154
2022-07-29T02:00:00Z,OTHER,GAS,3.6737843525409697,10
2022-07-29T02:00:00Z,OTHER,GAS COGEN,0,58
2022-07-29T02:00:00Z,OTHER,OIL/GAS,42.78892041736179,53
2022-07-29T02:00:00Z,OTHER,WOOD/REFUSE,94.7314732032352,149
2022-07-29T02:00:00Z,SOLAR,SOLAR,68.03605428216358,977
2022-07-29T02:00:00Z,WIND,WIND,386.4825566397773,2269
2022-07-29T03:00:00Z,COAL,COAL,1246.038022901747,1266
2022-07-29T03:00:00Z,ENERGY STORAGE,ENERGY STORAGE,0,50
2022-07-29T03:00:00Z,GAS,COGENERATION,3549.722391382787,5189
2022-07-29T03:00:00Z,GAS,COMBINED CYCLE,1520.2288004610273,1810
2022-07-29T03:00:00Z,GAS,GAS FIRED STEAM,1443.5651053682964,2599
2022-07-29T03:00:00Z,GAS,SIMPLE CYCLE,797.1914769922363,1230
2022-07-29T03:00:00Z,HYDRO,HYDRO,500.4388263872265,894
2022-07-29T03:00:00Z,OTHER,BIOMASS,115.09423355526394,154
2022-07-29T03:00:00Z,OTHER,GAS,2.7999510765075684,10
2022-07-29T03:00:00Z,OTHER,GAS COGEN,0,58
2022-07-29T03:00:00Z,OTHER,OIL/GAS,43.11556019677056,53
2022-07-29T03:00:00Z,OTHER,WOOD/REFUSE,94.49609467718336,149
2022-07-29T03:00:00Z,SOLAR,SOLAR,0.7083888782726394,977
2022-07-29T03:00:00Z,WIND,WIND,445.3214807343483,2269
2022-07-29T04:00:00Z,COAL,COAL,1243.3871271260577,1266
2022-07-29T04:00:00Z,ENERGY STORAGE,ENERGY STORAGE,-1.0754998673333063,50
2022-07-29T04:00:00Z,GAS,COGENERATION,3583.828994843761,5189
2022-07-29T04:00:00Z,GAS,COMBINED CYCLE,1503.6356902774176,1810
2022-07-29T04:00:00Z,GAS,GAS FIRED STEAM,1315.1460867542692,2599
2022-07-29T04:00:00Z,GAS,SIMPLE CYCLE,715.2548217087322,1230
2022-07-29T04:00:00Z,HYDRO,HYDRO,464.0370265709692,894
2022-07-29T04:00:00Z,OTHER,BIOMASS,112.79576350318061,154
2022-07-29T04:00:00Z,OTHER,GAS,2.7999510765075684,10
2022-07-29T04:00:00Z,OTHER,GAS COGEN,0,58
2022-07-29T04:00:00Z,OTHER,OIL/GAS,42.68566523445977,53
2022-07-29T04:00:00Z,OTHER,WOOD/REFUSE,94.93737027751075,149
2022-07-29T04:00:00Z,SOLAR,SOLAR,0,977
2022-07-29T04:00:00Z,WIND,WIND,487.23652151187264,2269
2022-07-29T05:00:00Z,COAL,COAL,1243.6755722384983,1266
2022-07-29T05:00:00Z,ENERGY STORAGE,ENERGY STORAGE,-0.39016660478379994,50
2022-07-29T05:00:00Z,GAS,COGENERATION,3630.62690558109,5189
2022-07-29T05:00:00Z,GAS,COMBINED CYCLE,1444.626886868477,1810
2022-07-29T05:00:00Z,GAS,GAS FIRED STEAM,1213.96191318406,2599
2022-07-29T05:00:00Z,GAS,SIMPLE CYCLE,529.3064908945561,1230
2022-07-29T05:00:00Z,HYDRO,HYDRO,353.10437395287886,894
2022-07-29T05:00:00Z,OTHER,BIOMASS,114.32116241402096,154
2022-07-29T05:00:00Z,OTHER,GAS,2.7999510765075684,10
2022-07-29T05:00:00Z,OTHER,GAS COGEN,0,58
2022-07-29T05:00:00Z,OTHER,OIL/GAS,42.801344566345215,53
2022-07-29T05:00:00Z,OTHER,WOOD/REFUSE,96.35625982284546,149
2022-07-29T05:00:00Z,SOLAR,SOLAR,0,977
2022-07-29T05:00:00Z,WIND,WIND,635.9006989818398,2269
2022-07-29T06:00:00Z,COAL,COAL,1246.7342986212836,1266
2022-07-29T06:00:00Z,ENERGY STORAGE,ENERGY STORAGE,-1.8956662686665853,50
2022-07-29T06:00:00Z,GAS,COGENERATION,3636.761764455769,5189
2022-07-29T06:00:00Z,GAS,COMBINED CYCLE,1421.6045072841644,1810
2022-07-29T06:00:00Z,GAS,GAS FIRED STEAM,1046.0964617930517,2599
2022-07-29T06:00:00Z,GAS,SIMPLE CYCLE,352.2539670158095,1230
2022-07-29T06:00:00Z,HYDRO,HYDRO,300.4916641307705,894
2022-07-29T06:00:00Z,OTHER,BIOMASS,110.82574305481381,154
2022-07-29T06:00:00Z,OTHER,GAS,2.7999510765075684,10
2022-07-29T06:00:00Z,OTHER,GAS COGEN,0,58
2022-07-29T06:00:00Z,OTHER,OIL/GAS,42.48435592651367,53
2022-07-29T06:00:00Z,OTHER,WOOD/REFUSE,95.52863346735637,149
2022-07-29T06:00:00Z,SOLAR,SOLAR,0,977
2022-07-29T06:00:00Z,WIND,WIND,738.8448728247319,2269
2022-07-29T07:00:00Z,COAL,COAL,1246.5393461439344,1266
2022-07-29T07:00:00Z,ENERGY STORAGE,ENERGY STORAGE,-1.670444089041816,50
2022-07-29T07:00:00Z,GAS,COGENERATION,3635.9517341502838,5189
2022-07-29T07:00:00Z,GAS,COMBINED CYCLE,1409.4312628920873,1810
2022-07-29T07:00:00Z,GAS,GAS FIRED STEAM,991.2597611501483,2599
2022-07-29T07:00:00Z,GAS,SIMPLE CYCLE,319.4814689983924,1230
2022-07-29T07:00:00Z,HYDRO,HYDRO,289.6685768075784,894
2022-07-29T07:00:00Z,OTHER,BIOMASS,108.4538100470437,154
2022-07-29T07:00:00Z,OTHER,GAS,2.7999510765075684,10
2022-07-29T07:00:00Z,OTHER,GAS COGEN,0,58
2022-07-29T07:00:00Z,OTHER,OIL/GAS,42.537365748087566,53
2022-07-29T07:00:00Z,OTHER,WOOD/REFUSE,92.60472302860684,149
2022-07-29T07:00:00Z,SOLAR,SOLAR,0,977
2022-07-29T07:00:00Z,WIND,WIND,765.8694775545597,2269
2022-07-29T08:00:00Z,COAL,COAL,1247.5203903198242,1266
2022-07-29T08:00:00Z,ENERGY STORAGE,ENERGY STORAGE,-0.2047785239749485,50
2022-07-29T08:00:00Z,GAS,COGENERATION,3642.8856524521775,5189
2022-07-29T08:00:00Z,GAS,COMBINED CYCLE,1424.459018380377,1810
2022-07-29T08:00:00Z,GAS,GAS FIRED STEAM,984.5399227661557,2599
2022-07-29T08:00:00Z,GAS,SIMPLE CYCLE,334.33998394966125,1230
2022-07-29T08:00:00Z,HYDRO,HYDRO,298.03256150921186,894
2022-07-29T08:00:00Z,OTHER,BIOMASS,110.65732192728254,154
2022-07-29T08:00:00Z,OTHER,GAS,1.6045065506299336,10
2022-07-29T08:00:00Z,OTHER,GAS COGEN,0,58
2022-07-29T08:00:00Z,OTHER,OIL/GAS,42.6794765663147,53
2022-07-29T08:00:00Z,OTHER,WOOD/REFUSE,94.27235656314426,149
2022-07-29T08:00:00Z,SOLAR,SOLAR,0,977
2022-07-29T08:00:00Z,WIND,WIND,739.2416120888624,2269
2022-07-29T09:00:00Z,COAL,COAL,1246.4105176798503,1266
2022-07-29T09:00:00Z,ENERGY STORAGE,ENERGY STORAGE,-0.2036674435933431,50
2022-07-29T09:00:00Z,GAS,COGENERATION,3649.844645893044,5189
2022-07-29T09:00:00Z,GAS,COMBINED CYCLE,1392.0011428085963,1810
2022-07-29T09:00:00Z,GAS,GAS FIRED STEAM,981.5584558137258,2599
2022-07-29T09:00:00Z,GAS,SIMPLE CYCLE,307.09536973317466,1230
2022-07-29T09:00:00Z,HYDRO,HYDRO,273.67012480537096,894
2022-07-29T09:00:00Z,OTHER,BIOMASS,104.27879135608673,154
2022-07-29T09:00:00Z,OTHER,GAS,1.3999509811401367,10
2022-07-29T09:00:00Z,OTHER,GAS COGEN,0,58
2022-07-29T09:00:00Z,OTHER,OIL/GAS,41.45609893374973,53
2022-07-29T09:00:00Z,OTHER,WOOD/REFUSE,90.21965412563748,149
2022-07-29T09:00:00Z,SOLAR,SOLAR,0,977
2022-07-29T09:00:00Z,WIND,WIND,739.7198829631674,2269
2022-07-29T10:00:00Z,COAL,COAL,1249.182018432617,1266
2022-07-29T10:00:00Z,ENERGY STORAGE,ENERGY STORAGE,-0.7938339731428359,50
2022-07-29T10:00:00Z,GAS,COGENERATION,3657.1872384199833,5189
2022-07-29T10:00:00Z,GAS,COMBINED CYCLE,1369.4144416703118,1810
2022-07-29T10:00:00Z,GAS,GAS FIRED STEAM,985.1482939783732,2599
2022-07-29T10:00:00Z,GAS,SIMPLE CYCLE,287.9199777703815,1230
2022-07-29T10:00:00Z,HYDRO,HYDRO,321.5726567236914,894
2022-07-29T10:00:00Z,OTHER,BIOMASS,106.89225655820634,154
2022-07-29T10:00:00Z,OTHER,GAS,1.3999509811401367,10
2022-07-29T10:00:00Z,OTHER,GAS COGEN,0,58
2022-07-29T10:00:00Z,OTHER,OIL/GAS,41.67776028103299,53
2022-07-29T10:00:00Z,OTHER,WOOD/REFUSE,85.91757089032068,149
2022-07-29T10:00:00Z,SOLAR,SOLAR,0,977
2022-07-29T10:00:00Z,WIND,WIND,710.5457778053814,2269
2022-07-29T11:00:00Z,COAL,COAL,1250.2910149468316,1266
2022-07-29T11:00:00Z,ENERGY STORAGE,ENERGY STORAGE,-2.1931115298801,50
2022-07-29T11:00:00Z,GAS,COGENERATION,3666.6154150452217,5189
2022-07-29T11:00:00Z,GAS,COMBINED CYCLE,1370.1407577350406,1810
2022-07-29T11:00:00Z,GAS,GAS FIRED STEAM,987.8354267120361,2599
2022-07-29T11:00:00Z,GAS,SIMPLE CYCLE,288.85647448698677,1230
2022-07-29T11:00:00Z,HYDRO,HYDRO,339.81179862737656,894
2022-07-29T11:00:00Z,OTHER,BIOMASS,108.22639398680793,154
2022-07-29T11:00:00Z,OTHER,GAS,1.3999509811401367,10
2022-07-29T11:00:00Z,OTHER,GAS COGEN,0,58
2022-07-29T11:00:00Z,OTHER,OIL/GAS,41.755127404530846,53
2022-07-29T11:00:00Z,OTHER,WOOD/REFUSE,86.48973134676615,149
2022-07-29T11:00:00Z,SOLAR,SOLAR,0.04566666394472122,977
2022-07-29T11:00:00Z,WIND,WIND,735.548906931397,2269
2022-07-29T12:00:00Z,COAL,COAL,1249.1137421502008,1266
2022-07-29T12:00:00Z,ENERGY STORAGE,ENERGY STORAGE,-0.8466664950052897,50
2022-07-29T12:00:00Z,GAS,COGENERATION,3692.224892317123,5189
2022-07-29T12:00:00Z,GAS,COMBINED CYCLE,1402.0223272678588,1810
2022-07-29T12:00:00Z,GAS,GAS FIRED STEAM,1048.1572681713103,2599
2022-07-29T12:00:00Z,GAS,SIMPLE CYCLE,329.1723352403773,1230
2022-07-29T12:00:00Z,HYDRO,HYDRO,346.03433188451663,894
2022-07-29T12:00:00Z,OTHER,BIOMASS,103.90147242758009,154
2022-07-29T12:00:00Z,OTHER,GAS,1.3999509811401367,10
2022-07-29T12:00:00Z,OTHER,GAS COGEN,0,58
2022-07-29T12:00:00Z,OTHER,OIL/GAS,41.24794320636325,53
2022-07-29T12:00:00Z,OTHER,WOOD/REFUSE,88.97171338876089,149
2022-07-29T12:00:00Z,SOLAR,SOLAR,31.300443803138204,977
2022-07-29T12:00:00Z,WIND,WIND,657.8865801176595,2269
2022-07-29T13:00:00Z,COAL,COAL,1248.7185570949978,1266
2022-07-29T13:00:00Z,ENERGY STORAGE,ENERGY STORAGE,0,50
2022-07-29T13:00:00Z,GAS,COGENERATION,3710.8124619768723,5189
2022-07-29T13:00:00Z,GAS,COMBINED CYCLE,1463.3171646054586,1810
2022-07-29T13:00:00Z,GAS,GAS FIRED STEAM,1032.4110775099862,2599
2022-07-29T13:00:00Z,GAS,SIMPLE CYCLE,473.00306769159107,1230
2022-07-29T13:00:00Z,HYDRO,HYDRO,412.2170367340247,894
2022-07-29T13:00:00Z,OTHER,BIOMASS,103.15138662497202,154
2022-07-29T13:00:00Z,OTHER,GAS,1.3999509811401367,10
2022-07-29T13:00:00Z,OTHER,GAS COGEN,0,58
2022-07-29T13:00:00Z,OTHER,OIL/GAS,42.25410481346978,53
2022-07-29T13:00:00Z,OTHER,WOOD/REFUSE,86.60805953555636,149
2022-07-29T13:00:00Z,SOLAR,SOLAR,216.7256625715726,977
2022-07-29T13:00:00Z,WIND,WIND,526.6057624178711,2269
2022-07-29T14:00:00Z,COAL,COAL,1246.4870664469402,1266
2022-07-29T14:00:00Z,ENERGY STORAGE,ENERGY STORAGE,0,50
2022-07-29T14:00:00Z,GAS,COGENERATION,3718.8437246424623,5189
2022-07-29T14:00:00Z,GAS,COMBINED CYCLE,1512.9915228833092,1810
2022-07-29T14:00:00Z,GAS,GAS FIRED STEAM,1091.0009709209867,2599
2022-07-29T14:00:00Z,GAS,SIMPLE CYCLE,581.2013125470943,1230
2022-07-29T14:00:00Z,HYDRO,HYDRO,451.0536099404097,894
2022-07-29T14:00:00Z,OTHER,BIOMASS,103.34127243995667,154
2022-07-29T14:00:00Z,OTHER,GAS,1.3999509811401367,10
2022-07-29T14:00:00Z,OTHER,GAS COGEN,0,58
2022-07-29T14:00:00Z,OTHER,OIL/GAS,43.25086657418145,53
2022-07-29T14:00:00Z,OTHER,WOOD/REFUSE,87.95381722556219,149
2022-07-29T14:00:00Z,SOLAR,SOLAR,422.86004782603845,977
2022-07-29T14:00:00Z,WIND,WIND,319.82779848213,2269
2022-07-29T15:00:00Z,COAL,COAL,1247.355010647244,1266
2022-07-29T15:00:00Z,ENERGY STORAGE,ENERGY STORAGE,0,50
2022-07-29T15:00:00Z,GAS,COGENERATION,3717.054968001213,5189
2022-07-29T15:00:00Z,GAS,COMBINED CYCLE,1516.802684518496,1810
2022-07-29T15:00:00Z,GAS,GAS FIRED STEAM,1190.481131100125,2599
2022-07-29T15:00:00Z,GAS,SIMPLE CYCLE,746.9022884241409,1230
2022-07-29T15:00:00Z,HYDRO,HYDRO,471.7624876484109,894
2022-07-29T15:00:00Z,OTHER,BIOMASS,101.59636044555239,154
2022-07-29T15:00:00Z,OTHER,GAS,1.3999509811401367,10
2022-07-29T15:00:00Z,OTHER,GAS COGEN,0,58
2022-07-29T15:00:00Z,OTHER,OIL/GAS,42.594010181427,53
2022-07-29T15:00:00Z,OTHER,WOOD/REFUSE,87.3578532356686,149
2022-07-29T15:00:00Z,SOLAR,SOLAR,596.1273772977789,977
2022-07-29T15:00:00Z,WIND,WIND,190.1890987121562,2269
2022-07-29T16:00:00Z,COAL,COAL,1247.7987372673883,1266
2022-07-29T16:00:00Z,ENERGY STORAGE,ENERGY STORAGE,0,50
2022-07-29T16:00:00Z,GAS,COGENERATION,3704.7112664216097,5189
2022-07-29T16:00:00Z,GAS,COMBINED CYCLE,1514.024155708419,1810
2022-07-29T16:00:00Z,GAS,GAS FIRED STEAM,1225.3219206492106,2599
2022-07-29T16:00:00Z,GAS,SIMPLE CYCLE,831.9075254079369,1230
2022-07-29T16:00:00Z,HYDRO,HYDRO,520.4563562901815,894
2022-07-29T16:00:00Z,OTHER,BIOMASS,106.22719568305546,154
2022-07-29T16:00:00Z,OTHER,GAS,1.4895065580474005,10
2022-07-29T16:00:00Z,OTHER,GAS COGEN,0,58
2022-07-29T16:00:00Z,OTHER,OIL/GAS,42.87331474516127,53
2022-07-29T16:00:00Z,OTHER,WOOD/REFUSE,88.23675707128312,149
2022-07-29T16:00:00Z,SOLAR,SOLAR,698.7927659884426,977
2022-07-29T16:00:00Z,WIND,WIND,113.90262576422758,2269
2022-07-29T17:00:00Z,COAL,COAL,1245.5534108479817,1266
2022-07-29T17:00:00Z,ENERGY STORAGE,ENERGY STORAGE,0,50
2022-07-29T17:00:00Z,GAS,COGENERATION,3722.2224967898264,5189
2022-07-29T17:00:00Z,GAS,COMBINED CYCLE,1509.2360564989515,1810
2022-07-29T17:00:00Z,GAS,GAS FIRED STEAM,1280.8069680680169,2599
2022-07-29T17:00:00Z,GAS,SIMPLE CYCLE,848.0821618853674,1230
2022-07-29T17:00:00Z,HYDRO,HYDRO,554.1388242241409,894
2022-07-29T17:00:00Z,OTHER,BIOMASS,109.3377084965176,154
2022-07-29T17:00:00Z,OTHER,GAS,2.524617608785629,10
2022-07-29T17:00:00Z,OTHER,GAS COGEN,0,58
2022-07-29T17:00:00Z,OTHER,OIL/GAS,42.82813723670112,53
2022-07-29T17:00:00Z,OTHER,WOOD/REFUSE,87.58724399990506,149
2022-07-29T17:00:00Z,SOLAR,SOLAR,720.6876024985313,977
2022-07-29T17:00:00Z,WIND,WIND,70.32108591921627,2269
2022-07-29T18:00:00Z,COAL,COAL,1247.7916807556153,1266
2022-07-29T18:00:00Z,ENERGY STORAGE,ENERGY STORAGE,0,50
2022-07-29T18:00:00Z,GAS,COGENERATION,3726.0417307921252,5189
2022-07-29T18:00:00Z,GAS,COMBINED CYCLE,1506.9453159077962,1810
2022-07-29T18:00:00Z,GAS,GAS FIRED STEAM,1394.6054321458605,2599
2022-07-29T18:00:00Z,GAS,SIMPLE CYCLE,848.8535089773602,1230
2022-07-29T18:00:00Z,HYDRO,HYDRO,567.5463072196643,894
2022-07-29T18:00:00Z,OTHER,BIOMASS,112.7980638217926,154
2022-07-29T18:00:00Z,OTHER,GAS,2.8999509811401367,10
2022-07-29T18:00:00Z,OTHER,GAS COGEN,0,58
2022-07-29T18:00:00Z,OTHER,OIL/GAS,42.61315883000692,53
2022-07-29T18:00:00Z,OTHER,WOOD/REFUSE,87.96023979822795,149
2022-07-29T18:00:00Z,SOLAR,SOLAR,729.2440435516834,977
2022-07-29T18:00:00Z,WIND,WIND,43.17833715420837,2269
2022-07-29T19:00:00Z,COAL,COAL,1246.716788007948,1266
2022-07-29T19:00:00Z,ENERGY STORAGE,ENERGY STORAGE,0,50
2022-07-29T19:00:00Z,GAS,COGENERATION,3711.8126705055765,5189
2022-07-29T19:00:00Z,GAS,COMBINED CYCLE,1513.4120807403988,1810
2022-07-29T19:00:00Z,GAS,GAS FIRED STEAM,1541.281309460534,2599
2022-07-29T19:00:00Z,GAS,SIMPLE CYCLE,842.8426525525583,1230
2022-07-29T19:00:00Z,HYDRO,HYDRO,548.9927587314446,894
2022-07-29T19:00:00Z,OTHER,BIOMASS,115.73400126775107,154
2022-07-29T19:00:00Z,OTHER,GAS,3.180728758308623,10
2022-07-29T19:00:00Z,OTHER,GAS COGEN,0,58
2022-07-29T19:00:00Z,OTHER,OIL/GAS,42.84205421871609,53
2022-07-29T19:00:00Z,OTHER,WOOD/REFUSE,87.97955274793836,149
2022-07-29T19:00:00Z,SOLAR,SOLAR,732.9790410798125,977
2022-07-29T19:00:00Z,WIND,WIND,116.69622923296153,2269
2022-07-29T20:00:00Z,COAL,COAL,1243.7148561096192,1266
2022-07-29T20:00:00Z,ENERGY STORAGE,ENERGY STORAGE,0,50
2022-07-29T20:00:00Z,GAS,COGENERATION,3701.191834303803,5189
2022-07-29T20:00:00Z,GAS,COMBINED CYCLE,1512.3627055385377,1810
2022-07-29T20:00:00Z,GAS,GAS FIRED STEAM,1412.007686574724,2599
2022-07-29T20:00:00Z,GAS,SIMPLE CYCLE,840.5444126704004,1230
2022-07-29T20:00:00Z,HYDRO,HYDRO,579.3932222269641,894
2022-07-29T20:00:00Z,OTHER,BIOMASS,115.77486549271478,154
2022-07-29T20:00:00Z,OTHER,GAS,3.0064510436852774,10
2022-07-29T20:00:00Z,OTHER,GAS COGEN,0,58
2022-07-29T20:00:00Z,OTHER,OIL/GAS,42.38844370947944,53
2022-07-29T20:00:00Z,OTHER,WOOD/REFUSE,88.49039309183756,149
2022-07-29T20:00:00Z,SOLAR,SOLAR,732.6824285313818,977
2022-07-29T20:00:00Z,WIND,WIND,280.4197202990121,2269
2022-07-29T21:00:00Z,COAL,COAL,1241.7255705261232,1266
2022-07-29T21:00:00Z,ENERGY STORAGE,ENERGY STORAGE,0,50
2022-07-29T21:00:00Z,GAS,COGENERATION,3686.559144384596,5189
2022-07-29T21:00:00Z,GAS,COMBINED CYCLE,1508.5439565139347,1810
2022-07-29T21:00:00Z,GAS,GAS FIRED STEAM,1544.4947351879543,2599
2022-07-29T21:00:00Z,GAS,SIMPLE CYCLE,838.3954709694121,1230
2022-07-29T21:00:00Z,HYDRO,HYDRO,636.503650690582,894
2022-07-29T21:00:00Z,OTHER,BIOMASS,115.66796163029142,154
2022-07-29T21:00:00Z,OTHER,GAS,2.7999510765075684,10
2022-07-29T21:00:00Z,OTHER,GAS COGEN,0,58
2022-07-29T21:00:00Z,OTHER,OIL/GAS,42.131698847876656,53
2022-07-29T21:00:00Z,OTHER,WOOD/REFUSE,88.14746620496113,149
2022-07-29T21:00:00Z,SOLAR,SOLAR,584.6176020080183,977
2022-07-29T21:00:00Z,WIND,WIND,319.3685138062926,2269
2022-07-29T22:00:00Z,COAL,COAL,1243.1112381829157,1266
2022-07-29T22:00:00Z,ENERGY STORAGE,ENERGY STORAGE,0,50
2022-07-29T22:00:00Z,GAS,COGENERATION,3686.957796916432,5189
2022-07-29T22:00:00Z,GAS,COMBINED CYCLE,1505.8326672167248,1810
2022-07-29T22:00:00Z,GAS,GAS FIRED STEAM,1855.9226966773138,2599
2022-07-29T22:00:00Z,GAS,SIMPLE CYCLE,862.2693919449382,1230
2022-07-29T22:00:00Z,HYDRO,HYDRO,615.77041528821,894
2022-07-29T22:00:00Z,OTHER,BIOMASS,118.12257899125417,154
2022-07-29T22:00:00Z,OTHER,GAS,2.7999510765075684,10
2022-07-29T22:00:00Z,OTHER,GAS COGEN,0,58
2022-07-29T22:00:00Z,OTHER,OIL/GAS,42.028488360510934,53
2022-07-29T22:00:00Z,OTHER,WOOD/REFUSE,88.16989521026612,149
2022-07-29T22:00:00Z,SOLAR,SOLAR,302.0405509212944,977
2022-07-29T22:00:00Z,WIND,WIND,342.1696948984224,2269
2022-07-29T23:00:00Z,COAL,COAL,1241.5994610256619,1266
2022-07-29T23:00:00Z,ENERGY STORAGE,ENERGY STORAGE,0,50
2022-07-29T23:00:00Z,GAS,COGENERATION,3652.9549418222905,5189
2022-07-29T23:00:00Z,GAS,COMBINED CYCLE,1507.7668894709482,1810
2022-07-29T23:00:00Z,GAS,GAS FIRED STEAM,2019.3703443993463,2599
2022-07-29T23:00:00Z,GAS,SIMPLE CYCLE,855.0427218704754,1230
2022-07-29T23:00:00Z,HYDRO,HYDRO,604.2978150195546,894
2022-07-29T23:00:00Z,OTHER,BIOMASS,115.78410433080461,154
2022-07-29T23:00:00Z,OTHER,GAS,1.628617663383484,10
2022-07-29T23:00:00Z,OTHER,GAS COGEN,0,58
2022-07-29T23:00:00Z,OTHER,OIL/GAS,42.305138454437255,53
2022-07-29T23:00:00Z,OTHER,WOOD/REFUSE,87.29270273208618,149
2022-07-29T23:00:00Z,SOLAR,SOLAR,187.98694109135204,977
2022-07-29T23:00:00Z,WIND,WIND,272.0569805104037,2269
2022-07-30T00:00:00Z,COAL,COAL,1241.9453495958116,1266
2022-07-30T00:00:00Z,ENERGY STORAGE,ENERGY STORAGE,0,50
2022-07-30T00:00:00Z,GAS,COGENERATION,3639.5371798169613,5189
2022-07-30T00:00:00Z,GAS,COMBINED CYCLE,1536.6574257500965,1810
2022-07-30T00:00:00Z,GAS,GAS FIRED STEAM,1810.9411427179973,2599
2022-07-30T00:00:00Z,GAS,SIMPLE CYCLE,838.5376656848192,1230
2022-07-30T00:00:00Z,HYDRO,HYDRO,524.2060025376578,894
2022-07-30T00:00:00Z,OTHER,BIOMASS,110.60500341309442,154
2022-07-30T00:00:00Z,OTHER,GAS,1.3999509811401367,10
2022-07-30T00:00:00Z,OTHER,GAS COGEN,0,58
2022-07-30T00:00:00Z,OTHER,OIL/GAS,42.45430888281928,53
2022-07-30T00:00:00Z,OTHER,WOOD/REFUSE,88.12110541767544,149
2022-07-30T00:00:00Z,SOLAR,SOLAR,84.9872648160325,977
2022-07-30T00:00:00Z,WIND,WIND,413.5620524217768,2269
2022-07-30T01:00:00Z,COAL,COAL,1247.1661287943523,1266
2022-07-30T01:00:00Z,ENERGY STORAGE,ENERGY STORAGE,0,50
2022-07-30T01:00:00Z,GAS,COGENERATION,3662.188875359827,5189
2022-07-30T01:00:00Z,GAS,COMBINED CYCLE,1544.5245011578666,1810
2022-07-30T01:00:00Z,GAS,GAS FIRED STEAM,1264.3591340043808,2599
2022-07-30T01:00:00Z,GAS,SIMPLE CYCLE,826.2029018089506,1230
2022-07-30T01:00:00Z,HYDRO,HYDRO,559.8935341696441,894
2022-07-30T01:00:00Z,OTHER,BIOMASS,110.2007546377182,154
2022-07-30T01:00:00Z,OTHER,GAS,1.3999509811401367,10
2022-07-30T01:00:00Z,OTHER,GAS COGEN,0,58
2022-07-30T01:00:00Z,OTHER,OIL/GAS,42.24774983512031,53
2022-07-30T01:00:00Z,OTHER,WOOD/REFUSE,88.98786347919041,149
2022-07-30T01:00:00Z,SOLAR,SOLAR,52.510910102013085,977
2022-07-30T01:00:00Z,WIND,WIND,615.162270566966,2269
2022-07-30T02:00:00Z,COAL,COAL,1248.4054693094888,1266
2022-07-30T02:00:00Z,ENERGY STORAGE,ENERGY STORAGE,-0.3709998946719699,50
2022-07-30T02:00:00Z,GAS,COGENERATION,3649.67901545114,5189
2022-07-30T02:00:00Z,GAS,COMBINED CYCLE,1531.0475395245023,1810
2022-07-30T02:00:00Z,GAS,GAS FIRED STEAM,1034.13691750341,2599
2022-07-30T02:00:00Z,GAS,SIMPLE CYCLE,807.9097874637611,1230
2022-07-30T02:00:00Z,HYDRO,HYDRO,578.3848069119454,894
2022-07-30T02:00:00Z,OTHER,BIOMASS,108.86044427076975,154
2022-07-30T02:00:00Z,OTHER,GAS,1.4636176451047265,10
2022-07-30T02:00:00Z,OTHER,GAS COGEN,0,58
2022-07-30T02:00:00Z,OTHER,OIL/GAS,42.1418821059333,53
2022-07-30T02:00:00Z,OTHER,WOOD/REFUSE,88.51197359985775,149
2022-07-30T02:00:00Z,SOLAR,SOLAR,12.080027651240428,977
2022-07-30T02:00:00Z,WIND,WIND,664.0706343950828,2269
2022-07-30T03:00:00Z,COAL,COAL,1250.562076365153,1266
2022-07-30T03:00:00Z,ENERGY STORAGE,ENERGY STORAGE,0,50
2022-07-30T03:00:00Z,GAS,COGENERATION,3656.144981491632,5189
2022-07-30T03:00:00Z,GAS,COMBINED CYCLE,1530.0782796160381,1810
2022-07-30T03:00:00Z,GAS,GAS FIRED STEAM,971.4541542371114,2599
2022-07-30T03:00:00Z,GAS,SIMPLE CYCLE,761.1050105102858,1230
2022-07-30T03:00:00Z,HYDRO,HYDRO,491.17728533559375,894
2022-07-30T03:00:00Z,OTHER,BIOMASS,104.66596885257297,154
2022-07-30T03:00:00Z,OTHER,GAS,1.4999510049819946,10
2022-07-30T03:00:00Z,OTHER,GAS COGEN,0,58
2022-07-30T03:00:00Z,OTHER,OIL/GAS,41.557715042961966,53
2022-07-30T03:00:00Z,OTHER,WOOD/REFUSE,87.94904071913825,149
2022-07-30T03:00:00Z,SOLAR,SOLAR,0.02527777632077535,977
2022-07-30T03:00:00Z,WIND,WIND,707.9948050279253,2269
2022-07-30T04:00:00Z,COAL,COAL,1254.007693294949,1266
2022-07-30T04:00:00Z,ENERGY STORAGE,ENERGY STORAGE,0,50
2022-07-30T04:00:00Z,GAS,COGENERATION,3669.450524721146,5189
2022-07-30T04:00:00Z,GAS,COMBINED CYCLE,1530.1695006471211,1810
2022-07-30T04:00:00Z,GAS,GAS FIRED STEAM,989.4881186188592,2599
2022-07-30T04:00:00Z,GAS,SIMPLE CYCLE,624.8775103017357,1230
2022-07-30T04:00:00Z,HYDRO,HYDRO,533.11579848263,894
2022-07-30T04:00:00Z,OTHER,BIOMASS,102.95137457423739,154
2022-07-30T04:00:00Z,OTHER,GAS,1.4999510049819946,10
2022-07-30T04:00:00Z,OTHER,GAS COGEN,0,58
2022-07-30T04:00:00Z,OTHER,OIL/GAS,41.30546467675103,53
2022-07-30T04:00:00Z,OTHER,WOOD/REFUSE,88.57542879104615,149
2022-07-30T04:00:00Z,SOLAR,SOLAR,0,977
2022-07-30T04:00:00Z,WIND,WIND,539.5211200005479,2269
2022-07-30T05:00:00Z,COAL,COAL,1251.7094059583876,1266
2022-07-30T05:00:00Z,ENERGY STORAGE,ENERGY STORAGE,0,50
2022-07-30T05:00:00Z,GAS,COGENERATION,3674.323327407837,5189
2022-07-30T05:00:00Z,GAS,COMBINED CYCLE,1439.621180205875,1810
2022-07-30T05:00:00Z,GAS,GAS FIRED STEAM,1130.999653183619,2599
2022-07-30T05:00:00Z,GAS,SIMPLE CYCLE,512.7092483039036,1230
2022-07-30T05:00:00Z,HYDRO,HYDRO,369.45335592998396,894
2022-07-30T05:00:00Z,OTHER,BIOMASS,98.22198417239719,154
2022-07-30T05:00:00Z,OTHER,GAS,1.4999510049819946,10
2022-07-30T05:00:00Z,OTHER,GAS COGEN,0,58
2022-07-30T05:00:00Z,OTHER,OIL/GAS,41.78118756612142,53
2022-07-30T05:00:00Z,OTHER,WOOD/REFUSE,94.0146998670366,149
2022-07-30T05:00:00Z,SOLAR,SOLAR,0,977
2022-07-30T05:00:00Z,WIND,WIND,407.583471327631,2269
2022-07-30T06:00:00Z,COAL,COAL,1252.572457784017,1266
2022-07-30T06:00:00Z,ENERGY STORAGE,ENERGY STORAGE,0,50
2022-07-30T06:00:00Z,GAS,COGENERATION,3691.99919291238,5189
2022-07-30T06:00:00Z,GAS,COMBINED CYCLE,1393.6190936279297,1810
2022-07-30T06:00:00Z,GAS,GAS FIRED STEAM,1272.4443377855089,2599
2022-07-30T06:00:00Z,GAS,SIMPLE CYCLE,391.15110042154794,1230
2022-07-30T06:00:00Z,HYDRO,HYDRO,350.21042626198795,894
2022-07-30T06:00:00Z,OTHER,BIOMASS,98.8741942999098,154
2022-07-30T06:00:00Z,OTHER,GAS,1.4999510049819946,10
2022-07-30T06:00:00Z,OTHER,GAS COGEN,0,58
2022-07-30T06:00:00Z,OTHER,OIL/GAS,42.2206657854716,53
2022-07-30T06:00:00Z,OTHER,WOOD/REFUSE,91.37936800585852,149
2022-07-30T06:00:00Z,SOLAR,SOLAR,0,977
2022-07-30T06:00:00Z,WIND,WIND,208.27033372046634,2269
2022-07-30T07:00:00Z,COAL,COAL,1252.598571065267,1266
2022-07-30T07:00:00Z,ENERGY STORAGE,ENERGY STORAGE,0,50
2022-07-30T07:00:00Z,GAS,COGENERATION,3714.6239947168033,5189
2022-07-30T07:00:00Z,GAS,COMBINED CYCLE,1390.8491098864874,1810
2022-07-30T07:00:00Z,GAS,GAS FIRED STEAM,1144.186004482905,2599
2022-07-30T07:00:00Z,GAS,SIMPLE CYCLE,391.171605002549,1230
2022-07-30T07:00:00Z,HYDRO,HYDRO,281.1618860281838,894
2022-07-30T07:00:00Z,OTHER,BIOMASS,99.85851862430573,154
2022-07-30T07:00:00Z,OTHER,GAS,0.16916114111741384,10
2022-07-30T07:00:00Z,OTHER,GAS COGEN,0,58
2022-07-30T07:00:00Z,OTHER,OIL/GAS,41.46493755764431,53
2022-07-30T07:00:00Z,OTHER,WOOD/REFUSE,91.97702135562896,149
2022-07-30T07:00:00Z,SOLAR,SOLAR,0,977
2022-07-30T07:00:00Z,WIND,WIND,154.64644412663247,2269
2022-07-30T08:00:00Z,COAL,COAL,1255.0025687154134,1266
2022-07-30T08:00:00Z,ENERGY STORAGE,ENERGY STORAGE,-0.13394439379374187,50
2022-07-30T08:00:00Z,GAS,COGENERATION,3712.629350120508,5189
2022-07-30T08:00:00Z,GAS,COMBINED CYCLE,1370.9486428001192,1810
2022-07-30T08:00:00Z,GAS,GAS FIRED STEAM,930.8649229219225,2599
2022-07-30T08:00:00Z,GAS,SIMPLE CYCLE,372.9371550994449,1230
2022-07-30T08:00:00Z,HYDRO,HYDRO,233.8897396976418,894
2022-07-30T08:00:00Z,OTHER,BIOMASS,101.9821934085422,154
2022-07-30T08:00:00Z,OTHER,GAS,0,10
2022-07-30T08:00:00Z,OTHER,GAS COGEN,0,58
2022-07-30T08:00:00Z,OTHER,OIL/GAS,41.6685703892178,53
2022-07-30T08:00:00Z,OTHER,WOOD/REFUSE,90.3591054587894,149
2022-07-30T08:00:00Z,SOLAR,SOLAR,0,977
2022-07-30T08:00:00Z,WIND,WIND,189.1299729374051,2269
2022-07-30T09:00:00Z,COAL,COAL,1254.3898032972547,1266
2022-07-30T09:00:00Z,ENERGY STORAGE,ENERGY STORAGE,-0.449166472752889,50
2022-07-30T09:00:00Z,GAS,COGENERATION,3659.245581274165,5189
2022-07-30T09:00:00Z,GAS,COMBINED CYCLE,1344.7639272414312,1810
2022-07-30T09:00:00Z,GAS,GAS FIRED STEAM,700.5421099236277,2599
2022-07-30T09:00:00Z,GAS,SIMPLE CYCLE,336.10087445947863,1230
2022-07-30T09:00:00Z,HYDRO,HYDRO,225.77738953246012,894
2022-07-30T09:00:00Z,OTHER,BIOMASS,105.75342553986444,154
2022-07-30T09:00:00Z,OTHER,GAS,0,10
2022-07-30T09:00:00Z,OTHER,GAS COGEN,0,58
2022-07-30T09:00:00Z,OTHER,OIL/GAS,41.73711016760932,53
2022-07-30T09:00:00Z,OTHER,WOOD/REFUSE,87.72624627643161,149
2022-07-30T09:00:00Z,SOLAR,SOLAR,0,977
2022-07-30T09:00:00Z,WIND,WIND,461.6026006956895,2269
2022-07-30T10:00:00Z,COAL,COAL,1253.9389645046658,1266
2022-07-30T10:00:00Z,ENERGY STORAGE,ENERGY STORAGE,-0.4477220238579644,50
2022-07-30T10:00:00Z,GAS,COGENERATION,3589.194640810622,5189
2022-07-30T10:00:00Z,GAS,COMBINED CYCLE,1276.9334383768505,1810
2022-07-30T10:00:00Z,GAS,GAS FIRED STEAM,586.7923200013903,2599
2022-07-30T10:00:00Z,GAS,SIMPLE CYCLE,291.88027839925553,1230
2022-07-30T10:00:00Z,HYDRO,HYDRO,234.22850007719464,894
2022-07-30T10:00:00Z,OTHER,BIOMASS,108.69095229678683,154
2022-07-30T10:00:00Z,OTHER,GAS,0,10
2022-07-30T10:00:00Z,OTHER,GAS COGEN,0,58
2022-07-30T10:00:00Z,OTHER,OIL/GAS,41.411826390160456,53
2022-07-30T10:00:00Z,OTHER,WOOD/REFUSE,82.01584307087792,149
2022-07-30T10:00:00Z,SOLAR,SOLAR,0,977
2022-07-30T10:00:00Z,WIND,WIND,700.3387850541498,2269
2022-07-30T11:00:00Z,COAL,COAL,1253.0553987630208,1266
2022-07-30T11:00:00Z,ENERGY STORAGE,ENERGY STORAGE,-0.4507220342424181,50
2022-07-30T11:00:00Z,GAS,COGENERATION,3629.706366847489,5189
2022-07-30T11:00:00Z,GAS,COMBINED CYCLE,1295.5445942454867,1810
2022-07-30T11:00:00Z,GAS,GAS FIRED STEAM,617.4757469643487,2599
2022-07-30T11:00:00Z,GAS,SIMPLE CYCLE,310.7688472768996,1230
2022-07-30T11:00:00Z,HYDRO,HYDRO,273.15918223947284,894
2022-07-30T11:00:00Z,OTHER,BIOMASS,107.73930121951634,154
2022-07-30T11:00:00Z,OTHER,GAS,0,10
2022-07-30T11:00:00Z,OTHER,GAS COGEN,0,58
2022-07-30T11:00:00Z,OTHER,OIL/GAS,41.41473211924235,53
2022-07-30T11:00:00Z,OTHER,WOOD/REFUSE,81.3658538028929,149
2022-07-30T11:00:00Z,SOLAR,SOLAR,0,977
2022-07-30T11:00:00Z,WIND,WIND,602.6486604448407,2269
2022-07-30T12:00:00Z,COAL,COAL,1254.9756314765082,1266
2022-07-30T12:00:00Z,ENERGY STORAGE,ENERGY STORAGE,-0.26338879267374676,50
2022-07-30T12:00:00Z,GAS,COGENERATION,3709.338985272977,5189
2022-07-30T12:00:00Z,GAS,COMBINED CYCLE,1373.8861832740572,1810
2022-07-30T12:00:00Z,GAS,GAS FIRED STEAM,949.0102839279175,2599
2022-07-30T12:00:00Z,GAS,SIMPLE CYCLE,370.135434107648,1230
2022-07-30T12:00:00Z,HYDRO,HYDRO,272.8625663465096,894
2022-07-30T12:00:00Z,OTHER,BIOMASS,102.47539542780981,154
2022-07-30T12:00:00Z,OTHER,GAS,0,10
2022-07-30T12:00:00Z,OTHER,GAS COGEN,0,58
2022-07-30T12:00:00Z,OTHER,OIL/GAS,40.94323809093899,53
2022-07-30T12:00:00Z,OTHER,WOOD/REFUSE,86.45772825611962,149
2022-07-30T12:00:00Z,SOLAR,SOLAR,32.26397707141108,977
2022-07-30T12:00:00Z,WIND,WIND,294.9497234245431,2269
2022-07-30T13:00:00Z,COAL,COAL,1254.2124590386284,1266
2022-07-30T13:00:00Z,ENERGY STORAGE,ENERGY STORAGE,-0.35366652912563745,50
2022-07-30T13:00:00Z,GAS,COGENERATION,3719.0516990264255,5189
2022-07-30T13:00:00Z,GAS,COMBINED CYCLE,1471.017248330646,1810
2022-07-30T13:00:00Z,GAS,GAS FIRED STEAM,850.2769736046262,2599
2022-07-30T13:00:00Z,GAS,SIMPLE CYCLE,337.1003209010429,1230
2022-07-30T13:00:00Z,HYDRO,HYDRO,436.59781429145073,894
2022-07-30T13:00:00Z,OTHER,BIOMASS,101.30422732406193,154
2022-07-30T13:00:00Z,OTHER,GAS,0,10
2022-07-30T13:00:00Z,OTHER,GAS COGEN,0,58
2022-07-30T13:00:00Z,OTHER,OIL/GAS,40.70772080103556,53
2022-07-30T13:00:00Z,OTHER,WOOD/REFUSE,89.61305695268844,149
2022-07-30T13:00:00Z,SOLAR,SOLAR,224.80882898083993,977
2022-07-30T13:00:00Z,WIND,WIND,251.31050572625466,2269
2022-07-30T14:00:00Z,COAL,COAL,1255.0312358262804,1266
2022-07-30T14:00:00Z,ENERGY STORAGE,ENERGY STORAGE,-2.3202218394809297,50
2022-07-30T14:00:00Z,GAS,COGENERATION,3701.0740212914843,5189
2022-07-30T14:00:00Z,GAS,COMBINED CYCLE,1457.7059149328868,1810
2022-07-30T14:00:00Z,GAS,GAS FIRED STEAM,822.4583119392395,2599
2022-07-30T14:00:00Z,GAS,SIMPLE CYCLE,317.21371990415787,1230
2022-07-30T14:00:00Z,HYDRO,HYDRO,469.32165466162894,894
2022-07-30T14:00:00Z,OTHER,BIOMASS,106.46909483591716,154
2022-07-30T14:00:00Z,OTHER,GAS,0,10
2022-07-30T14:00:00Z,OTHER,GAS COGEN,0,58
2022-07-30T14:00:00Z,OTHER,OIL/GAS,41.56539913813273,53
2022-07-30T14:00:00Z,OTHER,WOOD/REFUSE,87.50217243088616,149
2022-07-30T14:00:00Z,SOLAR,SOLAR,462.5321030396554,977
2022-07-30T14:00:00Z,WIND,WIND,204.3117708456599,2269
2022-07-30T15:00:00Z,COAL,COAL,1253.5431285095215,1266
2022-07-30T15:00:00Z,ENERGY STORAGE,ENERGY STORAGE,-2.3914995871649847,50
2022-07-30T15:00:00Z,GAS,COGENERATION,3674.207466123932,5189
2022-07-30T15:00:00Z,GAS,COMBINED CYCLE,1433.186856877539,1810
2022-07-30T15:00:00Z,GAS,GAS FIRED STEAM,800.3576822524601,2599
2022-07-30T15:00:00Z,GAS,SIMPLE CYCLE,352.5165843119224,1230
2022-07-30T15:00:00Z,HYDRO,HYDRO,466.62662385688884,894
2022-07-30T15:00:00Z,OTHER,BIOMASS,109.4671117787891,154
2022-07-30T15:00:00Z,OTHER,GAS,0,10
2022-07-30T15:00:00Z,OTHER,GAS COGEN,0,58
2022-07-30T15:00:00Z,OTHER,OIL/GAS,40.77616544087728,53
2022-07-30T15:00:00Z,OTHER,WOOD/REFUSE,87.78893772761026,149
2022-07-30T15:00:00Z,SOLAR,SOLAR,620.3196027017964,977
2022-07-30T15:00:00Z,WIND,WIND,160.43849812966255,2269
2022-07-30T16:00:00Z,COAL,COAL,1255.0974716356066,1266
2022-07-30T16:00:00Z,ENERGY STORAGE,ENERGY STORAGE,-1.6019995837741428,50
2022-07-30T16:00:00Z,GAS,COGENERATION,3672.433517127749,5189
2022-07-30T16:00:00Z,GAS,COMBINED CYCLE,1424.803503212399,1810
2022-07-30T16:00:00Z,GAS,GAS FIRED STEAM,855.7758606190151,2599
2022-07-30T16:00:00Z,GAS,SIMPLE CYCLE,400.48191223581637,1230
2022-07-30T16:00:00Z,HYDRO,HYDRO,544.0725254880058,894
2022-07-30T16:00:00Z,OTHER,BIOMASS,107.58101298438179,154
2022-07-30T16:00:00Z,OTHER,GAS,0,10
2022-07-30T16:00:00Z,OTHER,GAS COGEN,0,58
2022-07-30T16:00:00Z,OTHER,OIL/GAS,40.75765405866835,53
2022-07-30T16:00:00Z,OTHER,WOOD/REFUSE,89.2288905567593,149
2022-07-30T16:00:00Z,SOLAR,SOLAR,678.0970430276129,977
2022-07-30T16:00:00Z,WIND,WIND,167.35965788034102,2269
2022-07-30T17:00:00Z,COAL,COAL,1253.3758731587727,1266
2022-07-30T17:00:00Z,ENERGY STORAGE,ENERGY STORAGE,-1.3210552522871228,50
2022-07-30T17:00:00Z,GAS,COGENERATION,3659.5935041111707,5189
2022-07-30T17:00:00Z,GAS,COMBINED CYCLE,1450.8112191205553,1810
2022-07-30T17:00:00Z,GAS,GAS FIRED STEAM,906.3383181148105,2599
2022-07-30T17:00:00Z,GAS,SIMPLE CYCLE,487.13556504931717,1230
2022-07-30T17:00:00Z,HYDRO,HYDRO,542.461528553168,894
2022-07-30T17:00:00Z,OTHER,BIOMASS,106.71561467859479,154
2022-07-30T17:00:00Z,OTHER,GAS,0,10
2022-07-30T17:00:00Z,OTHER,GAS COGEN,0,58
2022-07-30T17:00:00Z,OTHER,OIL/GAS,39.94549397362603,53
2022-07-30T17:00:00Z,OTHER,WOOD/REFUSE,92.91899107774098,149
2022-07-30T17:00:00Z,SOLAR,SOLAR,713.0453785906898,977
2022-07-30T17:00:00Z,WIND,WIND,177.81417889152965,2269
2022-07-30T18:00:00Z,COAL,COAL,1253.750294342041,1266
2022-07-30T18:00:00Z,ENERGY STORAGE,ENERGY STORAGE,-1.3113885498046876,50
2022-07-30T18:00:00Z,GAS,COGENERATION,3647.111593371232,5189
2022-07-30T18:00:00Z,GAS,COMBINED CYCLE,1478.1906960105896,1810
2022-07-30T18:00:00Z,GAS,GAS FIRED STEAM,975.7767575306362,2599
2022-07-30T18:00:00Z,GAS,SIMPLE CYCLE,518.8879190013806,1230
2022-07-30T18:00:00Z,HYDRO,HYDRO,519.7932942121558,894
2022-07-30T18:00:00Z,OTHER,BIOMASS,106.88260502550338,154
2022-07-30T18:00:00Z,OTHER,GAS,0,10
2022-07-30T18:00:00Z,OTHER,GAS COGEN,0,58
2022-07-30T18:00:00Z,OTHER,OIL/GAS,39.45616579903496,53
2022-07-30T18:00:00Z,OTHER,WOOD/REFUSE,93.12036217424604,149
2022-07-30T18:00:00Z,SOLAR,SOLAR,722.9786001168357,977
2022-07-30T18:00:00Z,WIND,WIND,201.81145802512765,2269
2022-07-30T19:00:00Z,COAL,COAL,1247.8996291266549,1266
2022-07-30T19:00:00Z,ENERGY STORAGE,ENERGY STORAGE,-0.8061109585232206,50
2022-07-30T19:00:00Z,GAS,COGENERATION,3628.9493380639287,5189
2022-07-30T19:00:00Z,GAS,COMBINED CYCLE,1486.1908515516916,1810
2022-07-30T19:00:00Z,GAS,GAS FIRED STEAM,1084.1955786005656,2599
2022-07-30T19:00:00Z,GAS,SIMPLE CYCLE,518.8146257275343,1230
2022-07-30T19:00:00Z,HYDRO,HYDRO,480.05982826511064,894
2022-07-30T19:00:00Z,OTHER,BIOMASS,107.7150237056944,154
2022-07-30T19:00:00Z,OTHER,GAS,0,10
2022-07-30T19:00:00Z,OTHER,GAS COGEN,0,58
2022-07-30T19:00:00Z,OTHER,OIL/GAS,39.49120983335707,53
2022-07-30T19:00:00Z,OTHER,WOOD/REFUSE,94.36107716984219,149
2022-07-30T19:00:00Z,SOLAR,SOLAR,726.5877697934044,977
2022-07-30T19:00:00Z,WIND,WIND,247.89768955932723,2269
2022-07-30T20:00:00Z,COAL,COAL,1254.8847953118218,1266
2022-07-30T20:00:00Z,ENERGY STORAGE,ENERGY STORAGE,-5.5555767483181424e-5,50
2022-07-30T20:00:00Z,GAS,COGENERATION,3617.0225996094614,5189
2022-07-30T20:00:00Z,GAS,COMBINED CYCLE,1490.2404859807755,1810
2022-07-30T20:00:00Z,GAS,GAS FIRED STEAM,1086.675201517741,2599
2022-07-30T20:00:00Z,GAS,SIMPLE CYCLE,624.5969080170327,1230
2022-07-30T20:00:00Z,HYDRO,HYDRO,567.3238586476114,894
2022-07-30T20:00:00Z,OTHER,BIOMASS,108.78583947446612,154
2022-07-30T20:00:00Z,OTHER,GAS,0,10
2022-07-30T20:00:00Z,OTHER,GAS COGEN,0,58
2022-07-30T20:00:00Z,OTHER,OIL/GAS,39.85553232828776,53
2022-07-30T20:00:00Z,OTHER,WOOD/REFUSE,95.1661828772227,149
2022-07-30T20:00:00Z,SOLAR,SOLAR,718.3065440943506,977
2022-07-30T20:00:00Z,WIND,WIND,237.4797600929977,2269
2022-07-30T21:00:00Z,COAL,COAL,1254.825978427463,1266
2022-07-30T21:00:00Z,ENERGY STORAGE,ENERGY STORAGE,0,50
2022-07-30T21:00:00Z,GAS,COGENERATION,3608.7779359748793,5189
2022-07-30T21:00:00Z,GAS,COMBINED CYCLE,1517.5762517934375,1810
2022-07-30T21:00:00Z,GAS,GAS FIRED STEAM,1155.6917251205443,2599
2022-07-30T21:00:00Z,GAS,SIMPLE CYCLE,667.2412174596224,1230
2022-07-30T21:00:00Z,HYDRO,HYDRO,490.89416159788766,894
2022-07-30T21:00:00Z,OTHER,BIOMASS,117.50383845912086,154
2022-07-30T21:00:00Z,OTHER,GAS,0,10
2022-07-30T21:00:00Z,OTHER,GAS COGEN,0,58
2022-07-30T21:00:00Z,OTHER,OIL/GAS,40.809582735697425,53
2022-07-30T21:00:00Z,OTHER,WOOD/REFUSE,97.96771978696188,149
2022-07-30T21:00:00Z,SOLAR,SOLAR,635.9224879021115,977
2022-07-30T21:00:00Z,WIND,WIND,211.5284061709212,2269
2022-07-30T22:00:00Z,COAL,COAL,1254.0469683837891,1266
2022-07-30T22:00:00Z,ENERGY STORAGE,ENERGY STORAGE,7.2222497728134e-4,50
2022-07-30T22:00:00Z,GAS,COGENERATION,3621.9930227471723,5189
2022-07-30T22:00:00Z,GAS,COMBINED CYCLE,1544.0691156466803,1810
2022-07-30T22:00:00Z,GAS,GAS FIRED STEAM,1118.0653085348342,2599
2022-07-30T22:00:00Z,GAS,SIMPLE CYCLE,731.2189486026764,1230
2022-07-30T22:00:00Z,HYDRO,HYDRO,569.025708204243,894
2022-07-30T22:00:00Z,OTHER,BIOMASS,124.0696066013972,154
2022-07-30T22:00:00Z,OTHER,GAS,0,10
2022-07-30T22:00:00Z,OTHER,GAS COGEN,0,58
2022-07-30T22:00:00Z,OTHER,OIL/GAS,42.9751426993476,53
2022-07-30T22:00:00Z,OTHER,WOOD/REFUSE,98.97439983261955,149
2022-07-30T22:00:00Z,SOLAR,SOLAR,588.7968784560097,977
2022-07-30T22:00:00Z,WIND,WIND,247.08021620066629,2269
2022-07-30T23:00:00Z,COAL,COAL,1255.9573470391167,1266
2022-07-30T23:00:00Z,ENERGY STORAGE,ENERGY STORAGE,0,50
2022-07-30T23:00:00Z,GAS,COGENERATION,3617.2300877405537,5189
2022-07-30T23:00:00Z,GAS,COMBINED CYCLE,1540.0288507117166,1810
2022-07-30T23:00:00Z,GAS,GAS FIRED STEAM,1155.198394932217,2599
2022-07-30T23:00:00Z,GAS,SIMPLE CYCLE,718.2922656948699,1230
2022-07-30T23:00:00Z,HYDRO,HYDRO,626.13356618714,894
2022-07-30T23:00:00Z,OTHER,BIOMASS,123.0849460861418,154
2022-07-30T23:00:00Z,OTHER,GAS,0,10
2022-07-30T23:00:00Z,OTHER,GAS COGEN,0,58
2022-07-30T23:00:00Z,OTHER,OIL/GAS,42.61414859983656,53
2022-07-30T23:00:00Z,OTHER,WOOD/REFUSE,98.83057476414575,149
2022-07-30T23:00:00Z,SOLAR,SOLAR,437.93677197184826,977
2022-07-30T23:00:00Z,WIND,WIND,306.3568466530244,2269
2022-07-31T00:00:00Z,COAL,COAL,1250.242409922282,1266
2022-07-31T00:00:00Z,ENERGY STORAGE,ENERGY STORAGE,0,50
2022-07-31T00:00:00Z,GAS,COGENERATION,3627.699223635329,5189
2022-07-31T00:00:00Z,GAS,COMBINED CYCLE,1532.2473272514344,1810
2022-07-31T00:00:00Z,GAS,GAS FIRED STEAM,1205.2153554407755,2599
2022-07-31T00:00:00Z,GAS,SIMPLE CYCLE,753.4245066081814,1230
2022-07-31T00:00:00Z,HYDRO,HYDRO,554.6303526115418,894
2022-07-31T00:00:00Z,OTHER,BIOMASS,124.61013759189181,154
2022-07-31T00:00:00Z,OTHER,GAS,0,10
2022-07-31T00:00:00Z,OTHER,GAS COGEN,0,58
2022-07-31T00:00:00Z,OTHER,OIL/GAS,42.83125982920329,53
2022-07-31T00:00:00Z,OTHER,WOOD/REFUSE,98.26297005176544,149
2022-07-31T00:00:00Z,SOLAR,SOLAR,177.44808006261786,977
2022-07-31T00:00:00Z,WIND,WIND,453.1117346987459,2269
2022-07-31T01:00:00Z,COAL,COAL,1251.8340625,1266
2022-07-31T01:00:00Z,ENERGY STORAGE,ENERGY STORAGE,1.1111153496636e-4,50
2022-07-31T01:00:00Z,GAS,COGENERATION,3639.2295577772456,5189
2022-07-31T01:00:00Z,GAS,COMBINED CYCLE,1516.9954293738472,1810
2022-07-31T01:00:00Z,GAS,GAS FIRED STEAM,1183.7069429312812,2599
2022-07-31T01:00:00Z,GAS,SIMPLE CYCLE,714.3442578107118,1230
2022-07-31T01:00:00Z,HYDRO,HYDRO,495.57897128396564,894
2022-07-31T01:00:00Z,OTHER,BIOMASS,116.3453317334917,154
2022-07-31T01:00:00Z,OTHER,GAS,0,10
2022-07-31T01:00:00Z,OTHER,GAS COGEN,0,58
2022-07-31T01:00:00Z,OTHER,OIL/GAS,42.967948012881806,53
2022-07-31T01:00:00Z,OTHER,WOOD/REFUSE,94.7811879184511,149
2022-07-31T01:00:00Z,SOLAR,SOLAR,177.52190709678663,977
2022-07-31T01:00:00Z,WIND,WIND,449.85873025958733,2269
2022-07-31T02:00:00Z,COAL,COAL,1250.7294595336916,1266
2022-07-31T02:00:00Z,ENERGY STORAGE,ENERGY STORAGE,-0.5196666208902995,50
2022-07-31T02:00:00Z,GAS,COGENERATION,3652.630172337426,5189
2022-07-31T02:00:00Z,GAS,COMBINED CYCLE,1525.8399901835126,1810
2022-07-31T02:00:00Z,GAS,GAS FIRED STEAM,1173.1111302736072,2599
2022-07-31T02:00:00Z,GAS,SIMPLE CYCLE,627.2946951323086,1230
2022-07-31T02:00:00Z,HYDRO,HYDRO,506.8473207408852,894
2022-07-31T02:00:00Z,OTHER,BIOMASS,111.5227511856291,154
2022-07-31T02:00:00Z,OTHER,GAS,0,10
2022-07-31T02:00:00Z,OTHER,GAS COGEN,0,58
2022-07-31T02:00:00Z,OTHER,OIL/GAS,42.761181627909345,53
2022-07-31T02:00:00Z,OTHER,WOOD/REFUSE,94.80276245541043,149
2022-07-31T02:00:00Z,SOLAR,SOLAR,18.321677472988764,977
2022-07-31T02:00:00Z,WIND,WIND,531.7829151907232,2269
2022-07-31T03:00:00Z,COAL,COAL,1249.9173509894476,1266
2022-07-31T03:00:00Z,ENERGY STORAGE,ENERGY STORAGE,-1.0820554457770453,50
2022-07-31T03:00:00Z,GAS,COGENERATION,3687.0250335750316,5189
2022-07-31T03:00:00Z,GAS,COMBINED CYCLE,1536.4238369210561,1810
2022-07-31T03:00:00Z,GAS,GAS FIRED STEAM,1239.2179405593872,2599
2022-07-31T03:00:00Z,GAS,SIMPLE CYCLE,626.1631438038083,1230
2022-07-31T03:00:00Z,HYDRO,HYDRO,508.72690468351044,894
2022-07-31T03:00:00Z,OTHER,BIOMASS,115.06504244168599,154
2022-07-31T03:00:00Z,OTHER,GAS,0,10
2022-07-31T03:00:00Z,OTHER,GAS COGEN,0,58
2022-07-31T03:00:00Z,OTHER,OIL/GAS,43.585881790584985,53
2022-07-31T03:00:00Z,OTHER,WOOD/REFUSE,94.62673611905839,149
2022-07-31T03:00:00Z,SOLAR,SOLAR,0.03833333104848861,977
2022-07-31T03:00:00Z,WIND,WIND,290.47753302582436,2269
2022-07-31T04:00:00Z,COAL,COAL,1250.7250147162545,1266
2022-07-31T04:00:00Z,ENERGY STORAGE,ENERGY STORAGE,0,50
2022-07-31T04:00:00Z,GAS,COGENERATION,3715.5977529117795,5189
2022-07-31T04:00:00Z,GAS,COMBINED CYCLE,1556.6446620093452,1810
2022-07-31T04:00:00Z,GAS,GAS FIRED STEAM,1265.3477530776129,2599
2022-07-31T04:00:00Z,GAS,SIMPLE CYCLE,609.9594788698356,1230
2022-07-31T04:00:00Z,HYDRO,HYDRO,569.7825931098726,894
2022-07-31T04:00:00Z,OTHER,BIOMASS,124.9855796374215,154
2022-07-31T04:00:00Z,OTHER,GAS,0,10
2022-07-31T04:00:00Z,OTHER,GAS COGEN,0,58
2022-07-31T04:00:00Z,OTHER,OIL/GAS,43.47297116173638,53
2022-07-31T04:00:00Z,OTHER,WOOD/REFUSE,97.8737190861172,149
2022-07-31T04:00:00Z,SOLAR,SOLAR,0,977
2022-07-31T04:00:00Z,WIND,WIND,152.76443423764573,2269
2022-07-31T05:00:00Z,COAL,COAL,1244.9299560546874,1266
2022-07-31T05:00:00Z,ENERGY STORAGE,ENERGY STORAGE,0,50
2022-07-31T05:00:00Z,GAS,COGENERATION,3701.666327355686,5189
2022-07-31T05:00:00Z,GAS,COMBINED CYCLE,1476.2022164302402,1810
2022-07-31T05:00:00Z,GAS,GAS FIRED STEAM,1263.1430662377677,2599
2022-07-31T05:00:00Z,GAS,SIMPLE CYCLE,548.0547372593483,1230
2022-07-31T05:00:00Z,HYDRO,HYDRO,324.8517010211779,894
2022-07-31T05:00:00Z,OTHER,BIOMASS,123.17594466474321,154
2022-07-31T05:00:00Z,OTHER,GAS,0,10
2022-07-31T05:00:00Z,OTHER,GAS COGEN,0,58
2022-07-31T05:00:00Z,OTHER,OIL/GAS,43.509426826900906,53
2022-07-31T05:00:00Z,OTHER,WOOD/REFUSE,91.92354294670952,149
2022-07-31T05:00:00Z,SOLAR,SOLAR,0,977
2022-07-31T05:00:00Z,WIND,WIND,136.0015254260103,2269
2022-07-31T06:00:00Z,COAL,COAL,1248.5859013705783,1266
2022-07-31T06:00:00Z,ENERGY STORAGE,ENERGY STORAGE,0,50
2022-07-31T06:00:00Z,GAS,COGENERATION,3727.437927470737,5189
2022-07-31T06:00:00Z,GAS,COMBINED CYCLE,1409.9634977886412,1810
2022-07-31T06:00:00Z,GAS,GAS FIRED STEAM,1167.081877298355,2599
2022-07-31T06:00:00Z,GAS,SIMPLE CYCLE,376.4473824711641,1230
2022-07-31T06:00:00Z,HYDRO,HYDRO,361.3987597409553,894
2022-07-31T06:00:00Z,OTHER,BIOMASS,116.81274661911858,154
2022-07-31T06:00:00Z,OTHER,GAS,0,10
2022-07-31T06:00:00Z,OTHER,GAS COGEN,0,58
2022-07-31T06:00:00Z,OTHER,OIL/GAS,43.25357073465983,53
2022-07-31T06:00:00Z,OTHER,WOOD/REFUSE,90.40527600394356,149
2022-07-31T06:00:00Z,SOLAR,SOLAR,0,977
2022-07-31T06:00:00Z,WIND,WIND,42.082816512323916,2269
2022-07-31T07:00:00Z,COAL,COAL,1249.97145904541,1266
2022-07-31T07:00:00Z,ENERGY STORAGE,ENERGY STORAGE,0,50
2022-07-31T07:00:00Z,GAS,COGENERATION,3732.1484053564072,5189
2022-07-31T07:00:00Z,GAS,COMBINED CYCLE,1388.0801060771942,1810
2022-07-31T07:00:00Z,GAS,GAS FIRED STEAM,1108.481496898863,2599
2022-07-31T07:00:00Z,GAS,SIMPLE CYCLE,362.0730015976396,1230
2022-07-31T07:00:00Z,HYDRO,HYDRO,270.38201420466106,894
2022-07-31T07:00:00Z,OTHER,BIOMASS,116.90576276514265,154
2022-07-31T07:00:00Z,OTHER,GAS,0,10
2022-07-31T07:00:00Z,OTHER,GAS COGEN,0,58
2022-07-31T07:00:00Z,OTHER,OIL/GAS,43.52804859585232,53
2022-07-31T07:00:00Z,OTHER,WOOD/REFUSE,90.30025631109874,149
2022-07-31T07:00:00Z,SOLAR,SOLAR,0,977
2022-07-31T07:00:00Z,WIND,WIND,49.21875996564825,2269
2022-07-31T08:00:00Z,COAL,COAL,1251.4217382812499,1266
2022-07-31T08:00:00Z,ENERGY STORAGE,ENERGY STORAGE,0,50
2022-07-31T08:00:00Z,GAS,COGENERATION,3735.0805504237283,5189
2022-07-31T08:00:00Z,GAS,COMBINED CYCLE,1413.4720637083053,1810
2022-07-31T08:00:00Z,GAS,GAS FIRED STEAM,1112.4677284261916,2599
2022-07-31T08:00:00Z,GAS,SIMPLE CYCLE,364.2134842349423,1230
2022-07-31T08:00:00Z,HYDRO,HYDRO,286.8241423540645,894
2022-07-31T08:00:00Z,OTHER,BIOMASS,116.04349956035614,154
2022-07-31T08:00:00Z,OTHER,GAS,0,10
2022-07-31T08:00:00Z,OTHER,GAS COGEN,0,58
2022-07-31T08:00:00Z,OTHER,OIL/GAS,43.86653200785319,53
2022-07-31T08:00:00Z,OTHER,WOOD/REFUSE,90.53365596347385,149
2022-07-31T08:00:00Z,SOLAR,SOLAR,0,977
2022-07-31T08:00:00Z,WIND,WIND,36.923258253480824,2269
2022-07-31T09:00:00Z,COAL,COAL,1253.3356991407607,1266
2022-07-31T09:00:00Z,ENERGY STORAGE,ENERGY STORAGE,0,50
2022-07-31T09:00:00Z,GAS,COGENERATION,3730.3943181643886,5189
2022-07-31T09:00:00Z,GAS,COMBINED CYCLE,1391.9102384164598,1810
2022-07-31T09:00:00Z,GAS,GAS FIRED STEAM,1074.5852027479807,2599
2022-07-31T09:00:00Z,GAS,SIMPLE CYCLE,363.53696325739224,1230
2022-07-31T09:00:00Z,HYDRO,HYDRO,256.68839171002304,894
2022-07-31T09:00:00Z,OTHER,BIOMASS,115.55358931382497,154
2022-07-31T09:00:00Z,OTHER,GAS,0,10
2022-07-31T09:00:00Z,OTHER,GAS COGEN,0,58
2022-07-31T09:00:00Z,OTHER,OIL/GAS,44.18048229853312,53
2022-07-31T09:00:00Z,OTHER,WOOD/REFUSE,89.98935185803307,149
2022-07-31T09:00:00Z,SOLAR,SOLAR,0,977
2022-07-31T09:00:00Z,WIND,WIND,50.751148535890714,2269
2022-07-31T10:00:00Z,COAL,COAL,1252.4600244140624,1266
2022-07-31T10:00:00Z,ENERGY STORAGE,ENERGY STORAGE,-0.7288330427805583,50
2022-07-31T10:00:00Z,GAS,COGENERATION,3713.4760436766014,5189
2022-07-31T10:00:00Z,GAS,COMBINED CYCLE,1368.8818545569313,1810
2022-07-31T10:00:00Z,GAS,GAS FIRED STEAM,890.766316391627,2599
2022-07-31T10:00:00Z,GAS,SIMPLE CYCLE,324.2453120264742,1230
2022-07-31T10:00:00Z,HYDRO,HYDRO,267.4924041867256,894
2022-07-31T10:00:00Z,OTHER,BIOMASS,115.38918677488962,154
2022-07-31T10:00:00Z,OTHER,GAS,0,10
2022-07-31T10:00:00Z,OTHER,GAS COGEN,0,58
2022-07-31T10:00:00Z,OTHER,OIL/GAS,42.902436620924206,53
2022-07-31T10:00:00Z,OTHER,WOOD/REFUSE,86.11584852642483,149
2022-07-31T10:00:00Z,SOLAR,SOLAR,0,977
2022-07-31T10:00:00Z,WIND,WIND,81.87850489917729,2269
2022-07-31T11:00:00Z,COAL,COAL,1253.2843991767036,1266
2022-07-31T11:00:00Z,ENERGY STORAGE,ENERGY STORAGE,-0.8948329321543376,50
2022-07-31T11:00:00Z,GAS,COGENERATION,3729.6988072898653,5189
2022-07-31T11:00:00Z,GAS,COMBINED CYCLE,1366.7566983837553,1810
2022-07-31T11:00:00Z,GAS,GAS FIRED STEAM,884.5454150358836,2599
2022-07-31T11:00:00Z,GAS,SIMPLE CYCLE,309.5865278685093,1230
2022-07-31T11:00:00Z,HYDRO,HYDRO,285.21032635900707,894
2022-07-31T11:00:00Z,OTHER,BIOMASS,111.63306405915154,154
2022-07-31T11:00:00Z,OTHER,GAS,0,10
2022-07-31T11:00:00Z,OTHER,GAS COGEN,0,58
2022-07-31T11:00:00Z,OTHER,OIL/GAS,40.98469868342082,53
2022-07-31T11:00:00Z,OTHER,WOOD/REFUSE,85.74186843978035,149
2022-07-31T11:00:00Z,SOLAR,SOLAR,0,977
2022-07-31T11:00:00Z,WIND,WIND,103.15129174580177,2269
2022-07-31T12:00:00Z,COAL,COAL,1253.018240712484,1266
2022-07-31T12:00:00Z,ENERGY STORAGE,ENERGY STORAGE,-0.8972218301561145,50
2022-07-31T12:00:00Z,GAS,COGENERATION,3726.6653467137285,5189
2022-07-31T12:00:00Z,GAS,COMBINED CYCLE,1364.1851821968291,1810
2022-07-31T12:00:00Z,GAS,GAS FIRED STEAM,909.19938571718,2599
2022-07-31T12:00:00Z,GAS,SIMPLE CYCLE,347.21981463392575,1230
2022-07-31T12:00:00Z,HYDRO,HYDRO,259.9429767584801,894
2022-07-31T12:00:00Z,OTHER,BIOMASS,115.09143855730693,154
2022-07-31T12:00:00Z,OTHER,GAS,0,10
2022-07-31T12:00:00Z,OTHER,GAS COGEN,0,58
2022-07-31T12:00:00Z,OTHER,OIL/GAS,40.72588748931885,53
2022-07-31T12:00:00Z,OTHER,WOOD/REFUSE,84.28872880723742,149
2022-07-31T12:00:00Z,SOLAR,SOLAR,32.29453829467297,977
2022-07-31T12:00:00Z,WIND,WIND,113.81633844454255,2269
2022-07-31T13:00:00Z,COAL,COAL,1253.4528479512533,1266
2022-07-31T13:00:00Z,ENERGY STORAGE,ENERGY STORAGE,-0.7564996433258058,50
2022-07-31T13:00:00Z,GAS,COGENERATION,3668.829720849064,5189
2022-07-31T13:00:00Z,GAS,COMBINED CYCLE,1428.0053965319528,1810
2022-07-31T13:00:00Z,GAS,GAS FIRED STEAM,696.9699314859179,2599
2022-07-31T13:00:00Z,GAS,SIMPLE CYCLE,294.7279519993729,1230
2022-07-31T13:00:00Z,HYDRO,HYDRO,382.1210309478144,894
2022-07-31T13:00:00Z,OTHER,BIOMASS,113.79529853714837,154
2022-07-31T13:00:00Z,OTHER,GAS,0,10
2022-07-31T13:00:00Z,OTHER,GAS COGEN,0,58
2022-07-31T13:00:00Z,OTHER,OIL/GAS,42.571582084231906,53
2022-07-31T13:00:00Z,OTHER,WOOD/REFUSE,85.61913203557333,149
2022-07-31T13:00:00Z,SOLAR,SOLAR,243.1949400321974,977
2022-07-31T13:00:00Z,WIND,WIND,199.06350400118365,2269
2022-07-31T14:00:00Z,COAL,COAL,1252.2867934672038,1266
2022-07-31T14:00:00Z,ENERGY STORAGE,ENERGY STORAGE,-0.4041664346059164,50
2022-07-31T14:00:00Z,GAS,COGENERATION,3652.993820481863,5189
2022-07-31T14:00:00Z,GAS,COMBINED CYCLE,1404.8467983065711,1810
2022-07-31T14:00:00Z,GAS,GAS FIRED STEAM,637.9894843567743,2599
2022-07-31T14:00:00Z,GAS,SIMPLE CYCLE,297.0920135517915,1230
2022-07-31T14:00:00Z,HYDRO,HYDRO,428.2321390673187,894
2022-07-31T14:00:00Z,OTHER,BIOMASS,113.67642721864912,154
2022-07-31T14:00:00Z,OTHER,GAS,0,10
2022-07-31T14:00:00Z,OTHER,GAS COGEN,0,58
2022-07-31T14:00:00Z,OTHER,OIL/GAS,43.39510981241862,53
2022-07-31T14:00:00Z,OTHER,WOOD/REFUSE,79.49659695095487,149
2022-07-31T14:00:00Z,SOLAR,SOLAR,496.2049898672104,977
2022-07-31T14:00:00Z,WIND,WIND,257.8599313770731,2269
2022-07-31T15:00:00Z,COAL,COAL,1251.4927840508356,1266
2022-07-31T15:00:00Z,ENERGY STORAGE,ENERGY STORAGE,-0.4019998094770643,50
2022-07-31T15:00:00Z,GAS,COGENERATION,3655.2831951315866,5189
2022-07-31T15:00:00Z,GAS,COMBINED CYCLE,1428.2197173849743,1810
2022-07-31T15:00:00Z,GAS,GAS FIRED STEAM,697.3857219823201,2599
2022-07-31T15:00:00Z,GAS,SIMPLE CYCLE,308.1697613235315,1230
2022-07-31T15:00:00Z,HYDRO,HYDRO,476.5054966791471,894
2022-07-31T15:00:00Z,OTHER,BIOMASS,114.28521695613861,154
2022-07-31T15:00:00Z,OTHER,GAS,0,10
2022-07-31T15:00:00Z,OTHER,GAS COGEN,0,58
2022-07-31T15:00:00Z,OTHER,OIL/GAS,41.79269332038032,53
2022-07-31T15:00:00Z,OTHER,WOOD/REFUSE,78.40138807296752,149
2022-07-31T15:00:00Z,SOLAR,SOLAR,590.5793264196978,977
2022-07-31T15:00:00Z,WIND,WIND,240.5721705276933,2269
2022-07-31T16:00:00Z,COAL,COAL,1252.3576287841797,1266
2022-07-31T16:00:00Z,ENERGY STORAGE,ENERGY STORAGE,-0.1309443908267551,50
2022-07-31T16:00:00Z,GAS,COGENERATION,3648.2788631455105,5189
2022-07-31T16:00:00Z,GAS,COMBINED CYCLE,1426.4088985506694,1810
2022-07-31T16:00:00Z,GAS,GAS FIRED STEAM,785.4355642784966,2599
2022-07-31T16:00:00Z,GAS,SIMPLE CYCLE,307.8646068383588,1230
2022-07-31T16:00:00Z,HYDRO,HYDRO,459.504504562219,894
2022-07-31T16:00:00Z,OTHER,BIOMASS,114.52133793036143,154
2022-07-31T16:00:00Z,OTHER,GAS,0,10
2022-07-31T16:00:00Z,OTHER,GAS COGEN,0,58
2022-07-31T16:00:00Z,OTHER,OIL/GAS,38.86399871826172,53
2022-07-31T16:00:00Z,OTHER,WOOD/REFUSE,80.33627972708808,149
2022-07-31T16:00:00Z,SOLAR,SOLAR,657.842880055772,977
2022-07-31T16:00:00Z,WIND,WIND,267.0400995756686,2269
2022-07-31T17:00:00Z,COAL,COAL,1252.8853495110407,1266
2022-07-31T17:00:00Z,ENERGY STORAGE,ENERGY STORAGE,0,50
2022-07-31T17:00:00Z,GAS,COGENERATION,3630.163604176144,5189
2022-07-31T17:00:00Z,GAS,COMBINED CYCLE,1421.4310760397382,1810
2022-07-31T17:00:00Z,GAS,GAS FIRED STEAM,868.1278853797912,2599
2022-07-31T17:00:00Z,GAS,SIMPLE CYCLE,320.63341690035327,1230
2022-07-31T17:00:00Z,HYDRO,HYDRO,447.56426973276666,894
2022-07-31T17:00:00Z,OTHER,BIOMASS,115.03077718628778,154
2022-07-31T17:00:00Z,OTHER,GAS,0,10
2022-07-31T17:00:00Z,OTHER,GAS COGEN,0,58
2022-07-31T17:00:00Z,OTHER,OIL/GAS,37.70302629470825,53
2022-07-31T17:00:00Z,OTHER,WOOD/REFUSE,80.27337825669183,149
2022-07-31T17:00:00Z,SOLAR,SOLAR,680.9957679598862,977
2022-07-31T17:00:00Z,WIND,WIND,319.3912627308236,2269
2022-07-31T18:00:00Z,COAL,COAL,1252.2159130011664,1266
2022-07-31T18:00:00Z,ENERGY STORAGE,ENERGY STORAGE,0,50
2022-07-31T18:00:00Z,GAS,COGENERATION,3598.566543755399,5189
2022-07-31T18:00:00Z,GAS,COMBINED CYCLE,1413.9605088037915,1810
2022-07-31T18:00:00Z,GAS,GAS FIRED STEAM,886.4301850975884,2599
2022-07-31T18:00:00Z,GAS,SIMPLE CYCLE,326.1406159740024,1230
2022-07-31T18:00:00Z,HYDRO,HYDRO,408.509844246308,894
2022-07-31T18:00:00Z,OTHER,BIOMASS,114.4051833041509,154
2022-07-31T18:00:00Z,OTHER,GAS,0,10
2022-07-31T18:00:00Z,OTHER,GAS COGEN,0,58
2022-07-31T18:00:00Z,OTHER,OIL/GAS,38.311698756747774,53
2022-07-31T18:00:00Z,OTHER,WOOD/REFUSE,80.43150545756022,149
2022-07-31T18:00:00Z,SOLAR,SOLAR,698.7012117008369,977
2022-07-31T18:00:00Z,WIND,WIND,447.9918062849591,2269
2022-07-31T19:00:00Z,COAL,COAL,1248.2995251634386,1266
2022-07-31T19:00:00Z,ENERGY STORAGE,ENERGY STORAGE,0,50
2022-07-31T19:00:00Z,GAS,COGENERATION,3598.539977347056,5189
2022-07-31T19:00:00Z,GAS,COMBINED CYCLE,1408.5696182102627,1810
2022-07-31T19:00:00Z,GAS,GAS FIRED STEAM,874.5472630076938,2599
2022-07-31T19:00:00Z,GAS,SIMPLE CYCLE,406.5379518854949,1230
2022-07-31T19:00:00Z,HYDRO,HYDRO,451.5231813996368,894
2022-07-31T19:00:00Z,OTHER,BIOMASS,113.76927172978719,154
2022-07-31T19:00:00Z,OTHER,GAS,0,10
2022-07-31T19:00:00Z,OTHER,GAS COGEN,0,58
2022-07-31T19:00:00Z,OTHER,OIL/GAS,39.07826565212674,53
2022-07-31T19:00:00Z,OTHER,WOOD/REFUSE,81.62116902881199,149
2022-07-31T19:00:00Z,SOLAR,SOLAR,708.3161068232854,977
2022-07-31T19:00:00Z,WIND,WIND,434.19012636202075,2269
2022-07-31T20:00:00Z,COAL,COAL,1247.306736178928,1266
2022-07-31T20:00:00Z,ENERGY STORAGE,ENERGY STORAGE,0,50
2022-07-31T20:00:00Z,GAS,COGENERATION,3607.987554949787,5189
2022-07-31T20:00:00Z,GAS,COMBINED CYCLE,1465.2459924183952,1810
2022-07-31T20:00:00Z,GAS,GAS FIRED STEAM,912.9357119814555,2599
2022-07-31T20:00:00Z,GAS,SIMPLE CYCLE,493.54172779454126,1230
2022-07-31T20:00:00Z,HYDRO,HYDRO,497.9265882651011,894
2022-07-31T20:00:00Z,OTHER,BIOMASS,112.70719123098584,154
2022-07-31T20:00:00Z,OTHER,GAS,0,10
2022-07-31T20:00:00Z,OTHER,GAS COGEN,0,58
2022-07-31T20:00:00Z,OTHER,OIL/GAS,39.6571045282152,53
2022-07-31T20:00:00Z,OTHER,WOOD/REFUSE,90.0798760117425,149
2022-07-31T20:00:00Z,SOLAR,SOLAR,713.1797697369258,977
2022-07-31T20:00:00Z,WIND,WIND,277.6799501956999,2269
2022-07-31T21:00:00Z,COAL,COAL,1251.509574754503,1266
2022-07-31T21:00:00Z,ENERGY STORAGE,ENERGY STORAGE,0,50
2022-07-31T21:00:00Z,GAS,COGENERATION,3594.456172934357,5189
2022-07-31T21:00:00Z,GAS,COMBINED CYCLE,1473.1679064443376,1810
2022-07-31T21:00:00Z,GAS,GAS FIRED STEAM,955.427138879564,2599
2022-07-31T21:00:00Z,GAS,SIMPLE CYCLE,519.9056542303828,1230
2022-07-31T21:00:00Z,HYDRO,HYDRO,474.58631494455864,894
2022-07-31T21:00:00Z,OTHER,BIOMASS,112.09404305352105,154
2022-07-31T21:00:00Z,OTHER,GAS,0,10
2022-07-31T21:00:00Z,OTHER,GAS COGEN,0,58
2022-07-31T21:00:00Z,OTHER,OIL/GAS,40.27482028325399,53
2022-07-31T21:00:00Z,OTHER,WOOD/REFUSE,92.51730598873563,149
2022-07-31T21:00:00Z,SOLAR,SOLAR,719.2223248545329,977
2022-07-31T21:00:00Z,WIND,WIND,296.0662967279719,2269
2022-07-31T22:00:00Z,COAL,COAL,1254.901806233724,1266
2022-07-31T22:00:00Z,ENERGY STORAGE,ENERGY STORAGE,0,50
2022-07-31T22:00:00Z,GAS,COGENERATION,3597.8348508685167,5189
2022-07-31T22:00:00Z,GAS,COMBINED CYCLE,1471.9008013953103,1810
2022-07-31T22:00:00Z,GAS,GAS FIRED STEAM,778.1755270089044,2599
2022-07-31T22:00:00Z,GAS,SIMPLE CYCLE,625.0926962773005,1230
2022-07-31T22:00:00Z,HYDRO,HYDRO,481.3096526371108,894
2022-07-31T22:00:00Z,OTHER,BIOMASS,114.2646226840549,154
2022-07-31T22:00:00Z,OTHER,GAS,0,10
2022-07-31T22:00:00Z,OTHER,GAS COGEN,0,58
2022-07-31T22:00:00Z,OTHER,OIL/GAS,40.838138292100695,53
2022-07-31T22:00:00Z,OTHER,WOOD/REFUSE,92.47327658017475,149
2022-07-31T22:00:00Z,SOLAR,SOLAR,697.7352623165978,977
2022-07-31T22:00:00Z,WIND,WIND,434.67605906739834,2269
2022-07-31T23:00:00Z,COAL,COAL,1165.0642916361492,1266
2022-07-31T23:00:00Z,ENERGY STORAGE,ENERGY STORAGE,-5.5555767483181424e-5,50
2022-07-31T23:00:00Z,GAS,COGENERATION,3608.7865727384883,5189
2022-07-31T23:00:00Z,GAS,COMBINED CYCLE,1500.0684395880169,1810
2022-07-31T23:00:00Z,GAS,GAS FIRED STEAM,881.992478328281,2599
2022-07-31T23:00:00Z,GAS,SIMPLE CYCLE,644.6298271565967,1230
2022-07-31T23:00:00Z,HYDRO,HYDRO,520.9250363994473,894
2022-07-31T23:00:00Z,OTHER,BIOMASS,117.43703847567241,154
2022-07-31T23:00:00Z,OTHER,GAS,0,10
2022-07-31T23:00:00Z,OTHER,GAS COGEN,0,58
2022-07-31T23:00:00Z,OTHER,OIL/GAS,41.27077683766683,53
2022-07-31T23:00:00Z,OTHER,WOOD/REFUSE,93.05802456537882,149
2022-07-31T23:00:00Z,SOLAR,SOLAR,648.4781016158396,977
2022-07-31T23:00:00Z,WIND,WIND,380.2168537682129,2269
2022-08-01T00:00:00Z,COAL,COAL,1194.1755072021483,1266
2022-08-01T00:00:00Z,ENERGY STORAGE,ENERGY STORAGE,0,50
2022-08-01T00:00:00Z,GAS,COGENERATION,3622.4241323051187,5189
2022-08-01T00:00:00Z,GAS,COMBINED CYCLE,1517.6759659608206,1810
2022-08-01T00:00:00Z,GAS,GAS FIRED STEAM,1022.2237659962972,2599
2022-08-01T00:00:00Z,GAS,SIMPLE CYCLE,642.2487366578976,1230
2022-08-01T00:00:00Z,HYDRO,HYDRO,550.237037127018,894
2022-08-01T00:00:00Z,OTHER,BIOMASS,121.37665853023529,154
2022-08-01T00:00:00Z,OTHER,GAS,0,10
2022-08-01T00:00:00Z,OTHER,GAS COGEN,0,58
2022-08-01T00:00:00Z,OTHER,OIL/GAS,40.47076597425673,53
2022-08-01T00:00:00Z,OTHER,WOOD/REFUSE,94.87599778758155,149
2022-08-01T00:00:00Z,SOLAR,SOLAR,525.2589343721502,977
2022-08-01T00:00:00Z,WIND,WIND,395.61486148065165,2269
2022-08-01T01:00:00Z,COAL,COAL,1226.7510148281522,1266
2022-08-01T01:00:00Z,ENERGY STORAGE,ENERGY STORAGE,0,50
2022-08-01T01:00:00Z,GAS,COGENERATION,3640.2240238838726,5189
2022-08-01T01:00:00Z,GAS,COMBINED CYCLE,1536.263532893393,1810
2022-08-01T01:00:00Z,GAS,GAS FIRED STEAM,1009.5318224259217,2599
2022-08-01T01:00:00Z,GAS,SIMPLE CYCLE,666.1745889515347,1230
2022-08-01T01:00:00Z,HYDRO,HYDRO,605.4238800728322,894
2022-08-01T01:00:00Z,OTHER,BIOMASS,126.99257474793328,154
2022-08-01T01:00:00Z,OTHER,GAS,0,10
2022-08-01T01:00:00Z,OTHER,GAS COGEN,0,58
2022-08-01T01:00:00Z,OTHER,OIL/GAS,40.59227590560913,53
2022-08-01T01:00:00Z,OTHER,WOOD/REFUSE,96.48742003175948,149
2022-08-01T01:00:00Z,SOLAR,SOLAR,269.4148835390475,977
2022-08-01T01:00:00Z,WIND,WIND,313.47286944001087,2269
2022-08-01T02:00:00Z,COAL,COAL,969.9380569966635,1266
2022-08-01T02:00:00Z,ENERGY STORAGE,ENERGY STORAGE,5.773166946834988,50
2022-08-01T02:00:00Z,GAS,COGENERATION,3667.8293285969894,5189
2022-08-01T02:00:00Z,GAS,COMBINED CYCLE,1528.50502125899,1810
2022-08-01T02:00:00Z,GAS,GAS FIRED STEAM,1155.716884028117,2599
2022-08-01T02:00:00Z,GAS,SIMPLE CYCLE,666.8350358675917,1230
2022-08-01T02:00:00Z,HYDRO,HYDRO,591.2241208317545,894
2022-08-01T02:00:00Z,OTHER,BIOMASS,124.36947699387868,154
2022-08-01T02:00:00Z,OTHER,GAS,0,10
2022-08-01T02:00:00Z,OTHER,GAS COGEN,0,58
2022-08-01T02:00:00Z,OTHER,OIL/GAS,40.351576285892065,53
2022-08-01T02:00:00Z,OTHER,WOOD/REFUSE,95.88497039847904,149
2022-08-01T02:00:00Z,SOLAR,SOLAR,56.017226616458764,977
2022-08-01T02:00:00Z,WIND,WIND,364.0469261760099,2269
2022-08-01T03:00:00Z,COAL,COAL,783.4131013488769,1266
2022-08-01T03:00:00Z,ENERGY STORAGE,ENERGY STORAGE,0,50
2022-08-01T03:00:00Z,GAS,COGENERATION,3703.3584183449216,5189
2022-08-01T03:00:00Z,GAS,COMBINED CYCLE,1539.3187414455415,1810
2022-08-01T03:00:00Z,GAS,GAS FIRED STEAM,1194.4830609533522,2599
2022-08-01T03:00:00Z,GAS,SIMPLE CYCLE,646.6154064117869,1230
2022-08-01T03:00:00Z,HYDRO,HYDRO,581.0620162230068,894
2022-08-01T03:00:00Z,OTHER,BIOMASS,126.95333526187473,154
2022-08-01T03:00:00Z,OTHER,GAS,0,10
2022-08-01T03:00:00Z,OTHER,GAS COGEN,0,58
2022-08-01T03:00:00Z,OTHER,OIL/GAS,40.95704401440091,53
2022-08-01T03:00:00Z,OTHER,WOOD/REFUSE,97.43089880678389,149
2022-08-01T03:00:00Z,SOLAR,SOLAR,0.12322221901681688,977
2022-08-01T03:00:00Z,WIND,WIND,526.5678532835303,2269
2022-08-01T04:00:00Z,COAL,COAL,788.5443771192763,1266
2022-08-01T04:00:00Z,ENERGY STORAGE,ENERGY STORAGE,0,50
2022-08-01T04:00:00Z,GAS,COGENERATION,3703.169970295032,5189
2022-08-01T04:00:00Z,GAS,COMBINED CYCLE,1513.350319779714,1810
2022-08-01T04:00:00Z,GAS,GAS FIRED STEAM,1018.1875387742784,2599
2022-08-01T04:00:00Z,GAS,SIMPLE CYCLE,595.6535525181475,1230
2022-08-01T04:00:00Z,HYDRO,HYDRO,487.4232320098082,894
2022-08-01T04:00:00Z,OTHER,BIOMASS,116.9202271244261,154
2022-08-01T04:00:00Z,OTHER,GAS,0,10
2022-08-01T04:00:00Z,OTHER,GAS COGEN,0,58
2022-08-01T04:00:00Z,OTHER,OIL/GAS,40.694859739939375,53
2022-08-01T04:00:00Z,OTHER,WOOD/REFUSE,93.1885298506419,149
2022-08-01T04:00:00Z,SOLAR,SOLAR,0,977
2022-08-01T04:00:00Z,WIND,WIND,705.4020859564426,2269
2022-08-01T05:00:00Z,COAL,COAL,787.3942106628417,1266
2022-08-01T05:00:00Z,ENERGY STORAGE,ENERGY STORAGE,-0.317222081290351,50
2022-08-01T05:00:00Z,GAS,COGENERATION,3688.885530541473,5189
2022-08-01T05:00:00Z,GAS,COMBINED CYCLE,1422.841083234681,1810
2022-08-01T05:00:00Z,GAS,GAS FIRED STEAM,793.34755221049,2599
2022-08-01T05:00:00Z,GAS,SIMPLE CYCLE,566.7206083491445,1230
2022-08-01T05:00:00Z,HYDRO,HYDRO,283.2976218501727,894
2022-08-01T05:00:00Z,OTHER,BIOMASS,119.12549632284376,154
2022-08-01T05:00:00Z,OTHER,GAS,0,10
2022-08-01T05:00:00Z,OTHER,GAS COGEN,0,58
2022-08-01T05:00:00Z,OTHER,OIL/GAS,40.68041657129923,53
2022-08-01T05:00:00Z,OTHER,WOOD/REFUSE,86.42639880498251,149
2022-08-01T05:00:00Z,SOLAR,SOLAR,0,977
2022-08-01T05:00:00Z,WIND,WIND,993.5803566330671,2269
