begin_datetime_utc,fuel_type,sub_fuel_type,net_generation_mw,max_capability_mw
2019-12-01T07:00:00Z,COAL,COAL,3386.1310587334633,5568
2019-12-01T07:00:00Z,DUAL FUEL,DUAL FUEL,51.68646165000068,155
2019-12-01T07:00:00Z,GAS,COGENERATION,4251.223975999703,5043
2019-12-01T07:00:00Z,GAS,COMBINED CYCLE,974.016516594357,1748
2019-12-01T07:00:00Z,GAS,SIMPLE CYCLE,159.60539629380736,905
2019-12-01T07:00:00Z,HYDRO,HYDRO,42.245033924877646,894
2019-12-01T07:00:00Z,OTHER,BIOMASS,88.32722267892626,154
2019-12-01T07:00:00Z,OTHER,GAS COGEN,29.47282680087619,58
2019-12-01T07:00:00Z,OTHER,OIL/GAS,46.42440371831258,53
2019-12-01T07:00:00Z,OTHER,WOOD/REFUSE,83.32961652066973,158
2019-12-01T07:00:00Z,SOLAR,SOLAR,0,15
2019-12-01T07:00:00Z,WIND,WIND,1025.3657969119813,1781
2019-12-01T08:00:00Z,COAL,COAL,3233.0855933019852,5568
2019-12-01T08:00:00Z,DUAL FUEL,DUAL FUEL,53.60163670433892,155
2019-12-01T08:00:00Z,GAS,COGENERATION,4235.757258816692,5043
2019-12-01T08:00:00Z,GAS,COMBINED CYCLE,959.3759194506539,1748
2019-12-01T08:00:00Z,GAS,SIMPLE CYCLE,161.52692419343524,905
2019-12-01T08:00:00Z,HYDRO,HYDRO,41.13782641043266,894
2019-12-01T08:00:00Z,OTHER,BIOMASS,92.51587230205536,154
2019-12-01T08:00:00Z,OTHER,GAS COGEN,29.713004241519506,58
2019-12-01T08:00:00Z,OTHER,OIL/GAS,46.95014312108358,53
2019-12-01T08:00:00Z,OTHER,WOOD/REFUSE,82.97576814174651,158
2019-12-01T08:00:00Z,SOLAR,SOLAR,0,15
2019-12-01T08:00:00Z,WIND,WIND,982.246925926341,1781
2019-12-01T09:00:00Z,COAL,COAL,3136.2025711023807,5568
2019-12-01T09:00:00Z,DUAL FUEL,DUAL FUEL,51.21951385709974,155
2019-12-01T09:00:00Z,GAS,COGENERATION,4232.527259902292,5043
2019-12-01T09:00:00Z,GAS,COMBINED CYCLE,988.2954167323642,1748
2019-12-01T09:00:00Z,GAS,SIMPLE CYCLE,161.11203954140345,905
2019-12-01T09:00:00Z,HYDRO,HYDRO,41.074928577707865,894
2019-12-01T09:00:00Z,OTHER,BIOMASS,92.75195505195194,154
2019-12-01T09:00:00Z,OTHER,GAS COGEN,29.802187050713435,58
2019-12-01T09:00:00Z,OTHER,OIL/GAS,46.29386555565728,53
2019-12-01T09:00:00Z,OTHER,WOOD/REFUSE,83.21029093583424,158
2019-12-01T09:00:00Z,SOLAR,SOLAR,0,15
2019-12-01T09:00:00Z,WIND,WIND,932.9037868642807,1781
2019-12-01T10:00:00Z,COAL,COAL,3126.808668340312,5568
2019-12-01T10:00:00Z,DUAL FUEL,DUAL FUEL,52.26803045272827,155
2019-12-01T10:00:00Z,GAS,COGENERATION,4236.076824703614,5043
2019-12-01T10:00:00Z,GAS,COMBINED CYCLE,954.4913897969988,1748
2019-12-01T10:00:00Z,GAS,SIMPLE CYCLE,156.90350827948913,905
2019-12-01T10:00:00Z,HYDRO,HYDRO,40.88995799488492,894
2019-12-01T10:00:00Z,OTHER,BIOMASS,90.50876089996761,154
2019-12-01T10:00:00Z,OTHER,GAS COGEN,29.650171763102215,58
2019-12-01T10:00:00Z,OTHER,OIL/GAS,45.78724396599664,53
2019-12-01T10:00:00Z,OTHER,WOOD/REFUSE,84.56253848817613,158
2019-12-01T10:00:00Z,SOLAR,SOLAR,0,15
2019-12-01T10:00:00Z,WIND,WIND,909.0753371187878,1781
2019-12-01T11:00:00Z,COAL,COAL,3130.410693107446,5568
2019-12-01T11:00:00Z,DUAL FUEL,DUAL FUEL,52.12059363047282,155
2019-12-01T11:00:00Z,GAS,COGENERATION,4226.31575498581,5043
2019-12-01T11:00:00Z,GAS,COMBINED CYCLE,964.4805674367481,1748
2019-12-01T11:00:00Z,GAS,SIMPLE CYCLE,154.89734695083567,905
2019-12-01T11:00:00Z,HYDRO,HYDRO,45.12063890653352,894
2019-12-01T11:00:00Z,OTHER,BIOMASS,90.95845551384821,154
2019-12-01T11:00:00Z,OTHER,GAS COGEN,29.63923370361328,58
2019-12-01T11:00:00Z,OTHER,OIL/GAS,46.11696982065837,53
2019-12-01T11:00:00Z,OTHER,WOOD/REFUSE,84.22225873099433,158
2019-12-01T11:00:00Z,SOLAR,SOLAR,0,15
2019-12-01T11:00:00Z,WIND,WIND,914.5342371609642,1781
2019-12-01T12:00:00Z,COAL,COAL,3116.277055815723,5568
2019-12-01T12:00:00Z,DUAL FUEL,DUAL FUEL,52.21461705737644,155
2019-12-01T12:00:00Z,GAS,COGENERATION,4173.036728433768,5043
2019-12-01T12:00:00Z,GAS,COMBINED CYCLE,928.4517795409096,1748
2019-12-01T12:00:00Z,GAS,SIMPLE CYCLE,156.72431872725485,905
2019-12-01T12:00:00Z,HYDRO,HYDRO,73.2314668579979,894
2019-12-01T12:00:00Z,OTHER,BIOMASS,91.66478332625495,154
2019-12-01T12:00:00Z,OTHER,GAS COGEN,29.706856366263494,58
2019-12-01T12:00:00Z,OTHER,OIL/GAS,45.68240922504001,53
2019-12-01T12:00:00Z,OTHER,WOOD/REFUSE,85.30265223662059,158
2019-12-01T12:00:00Z,SOLAR,SOLAR,0,15
2019-12-01T12:00:00Z,WIND,WIND,921.8284605039491,1781
2019-12-01T13:00:00Z,COAL,COAL,3138.8842620065475,5568
2019-12-01T13:00:00Z,DUAL FUEL,DUAL FUEL,50.98766279432509,155
2019-12-01T13:00:00Z,GAS,COGENERATION,4220.0488093784115,5043
2019-12-01T13:00:00Z,GAS,COMBINED CYCLE,966.6104678318236,1748
2019-12-01T13:00:00Z,GAS,SIMPLE CYCLE,156.76242499854828,905
2019-12-01T13:00:00Z,HYDRO,HYDRO,78.26753306211697,894
2019-12-01T13:00:00Z,OTHER,BIOMASS,94.98238942517175,154
2019-12-01T13:00:00Z,OTHER,GAS COGEN,29.735612294938825,58
2019-12-01T13:00:00Z,OTHER,OIL/GAS,45.6916102663676,53
2019-12-01T13:00:00Z,OTHER,WOOD/REFUSE,84.43051315837435,158
2019-12-01T13:00:00Z,SOLAR,SOLAR,0,15
2019-12-01T13:00:00Z,WIND,WIND,991.1645301320818,1781
2019-12-01T14:00:00Z,COAL,COAL,3139.580517523819,5568
2019-12-01T14:00:00Z,DUAL FUEL,DUAL FUEL,97.78028261184691,155
2019-12-01T14:00:00Z,GAS,COGENERATION,4178.667435192002,5043
2019-12-01T14:00:00Z,GAS,COMBINED CYCLE,960.0691141404046,1748
2019-12-01T14:00:00Z,GAS,SIMPLE CYCLE,291.94296191384393,905
2019-12-01T14:00:00Z,HYDRO,HYDRO,226.49170455919372,894
2019-12-01T14:00:00Z,OTHER,BIOMASS,92.46931647141774,154
2019-12-01T14:00:00Z,OTHER,GAS COGEN,29.735208097034032,58
2019-12-01T14:00:00Z,OTHER,OIL/GAS,43.022678197224934,53
2019-12-01T14:00:00Z,OTHER,WOOD/REFUSE,81.51042371696897,158
2019-12-01T14:00:00Z,SOLAR,SOLAR,0,15
2019-12-01T14:00:00Z,WIND,WIND,979.5488638562626,1781
2019-12-01T15:00:00Z,COAL,COAL,3288.627114109993,5568
2019-12-01T15:00:00Z,DUAL FUEL,DUAL FUEL,128.71674105326335,155
2019-12-01T15:00:00Z,GAS,COGENERATION,4189.839161374966,5043
2019-12-01T15:00:00Z,GAS,COMBINED CYCLE,987.6966075701184,1748
2019-12-01T15:00:00Z,GAS,SIMPLE CYCLE,301.76117393861216,905
2019-12-01T15:00:00Z,HYDRO,HYDRO,187.97959055317773,894
2019-12-01T15:00:00Z,OTHER,BIOMASS,96.54706039958529,154
2019-12-01T15:00:00Z,OTHER,GAS COGEN,29.59960254881117,58
2019-12-01T15:00:00Z,OTHER,OIL/GAS,38.72380981233385,53
2019-12-01T15:00:00Z,OTHER,WOOD/REFUSE,81.66354778607686,158
2019-12-01T15:00:00Z,SOLAR,SOLAR,0,15
2019-12-01T15:00:00Z,WIND,WIND,998.1106472500828,1781
2019-12-01T16:00:00Z,COAL,COAL,3485.156911502547,5568
2019-12-01T16:00:00Z,DUAL FUEL,DUAL FUEL,128.28623770395916,155
2019-12-01T16:00:00Z,GAS,COGENERATION,4204.899927653604,5043
2019-12-01T16:00:00Z,GAS,COMBINED CYCLE,1042.190420823627,1748
2019-12-01T16:00:00Z,GAS,SIMPLE CYCLE,303.65657796747155,905
2019-12-01T16:00:00Z,HYDRO,HYDRO,217.45552144736052,894
2019-12-01T16:00:00Z,OTHER,BIOMASS,91.65632769531673,154
2019-12-01T16:00:00Z,OTHER,GAS COGEN,29.66683318879869,58
2019-12-01T16:00:00Z,OTHER,OIL/GAS,38.703265580071346,53
2019-12-01T16:00:00Z,OTHER,WOOD/REFUSE,81.5849576192432,158
2019-12-01T16:00:00Z,SOLAR,SOLAR,0,15
2019-12-01T16:00:00Z,WIND,WIND,1021.7028611837493,1781
2019-12-01T17:00:00Z,COAL,COAL,3612.687180657652,5568
2019-12-01T17:00:00Z,DUAL FUEL,DUAL FUEL,128.4396714146932,155
2019-12-01T17:00:00Z,GAS,COGENERATION,4249.096661613915,5043
2019-12-01T17:00:00Z,GAS,COMBINED CYCLE,1056.4036398013434,1748
2019-12-01T17:00:00Z,GAS,SIMPLE CYCLE,296.0976778086689,905
2019-12-01T17:00:00Z,HYDRO,HYDRO,214.83772810248865,894
2019-12-01T17:00:00Z,OTHER,BIOMASS,95.55431607352362,154
2019-12-01T17:00:00Z,OTHER,GAS COGEN,29.642397859361438,58
2019-12-01T17:00:00Z,OTHER,OIL/GAS,37.62866521199544,53
2019-12-01T17:00:00Z,OTHER,WOOD/REFUSE,82.02298932605319,158
2019-12-01T17:00:00Z,SOLAR,SOLAR,0.04283333078026771,15
2019-12-01T17:00:00Z,WIND,WIND,981.361123035219,1781
2019-12-01T18:00:00Z,COAL,COAL,3488.1771235868664,5568
2019-12-01T18:00:00Z,DUAL FUEL,DUAL FUEL,128.29717274983724,155
2019-12-01T18:00:00Z,GAS,COGENERATION,4180.56542440931,5043
2019-12-01T18:00:00Z,GAS,COMBINED CYCLE,1022.3559305726158,1748
2019-12-01T18:00:00Z,GAS,SIMPLE CYCLE,328.2149248411589,905
2019-12-01T18:00:00Z,HYDRO,HYDRO,190.7371855045524,894
2019-12-01T18:00:00Z,OTHER,BIOMASS,97.99266097810533,154
2019-12-01T18:00:00Z,OTHER,GAS COGEN,29.63039070341322,58
2019-12-01T18:00:00Z,OTHER,OIL/GAS,35.112833466000026,53
2019-12-01T18:00:00Z,OTHER,WOOD/REFUSE,82.57940996487935,158
2019-12-01T18:00:00Z,SOLAR,SOLAR,0.29266664922237395,15
2019-12-01T18:00:00Z,WIND,WIND,1124.4705561746491,1781
2019-12-01T19:00:00Z,COAL,COAL,3475.2991626320945,5568
2019-12-01T19:00:00Z,DUAL FUEL,DUAL FUEL,128.05738498687745,155
2019-12-01T19:00:00Z,GAS,COGENERATION,4186.409565605389,5043
2019-12-01T19:00:00Z,GAS,COMBINED CYCLE,1045.8048652648924,1748
2019-12-01T19:00:00Z,GAS,SIMPLE CYCLE,333.34931190366547,905
2019-12-01T19:00:00Z,HYDRO,HYDRO,222.434960398376,894
2019-12-01T19:00:00Z,OTHER,BIOMASS,96.18402789751688,154
2019-12-01T19:00:00Z,OTHER,GAS COGEN,29.582841760847305,58
2019-12-01T19:00:00Z,OTHER,OIL/GAS,35.027326842414006,53
2019-12-01T19:00:00Z,OTHER,WOOD/REFUSE,80.62674139764573,158
2019-12-01T19:00:00Z,SOLAR,SOLAR,0.29999998211860657,15
2019-12-01T19:00:00Z,WIND,WIND,1053.6747706307306,1781
2019-12-01T20:00:00Z,COAL,COAL,3591.225870033635,5568
2019-12-01T20:00:00Z,DUAL FUEL,DUAL FUEL,128.40369121551512,155
2019-12-01T20:00:00Z,GAS,COGENERATION,4098.667030295333,5043
2019-12-01T20:00:00Z,GAS,COMBINED CYCLE,1015.9159037833743,1748
2019-12-01T20:00:00Z,GAS,SIMPLE CYCLE,334.7803470889065,905
2019-12-01T20:00:00Z,HYDRO,HYDRO,163.7127130003439,894
2019-12-01T20:00:00Z,OTHER,BIOMASS,98.67416113853454,154
2019-12-01T20:00:00Z,OTHER,GAS COGEN,29.66951938523187,58
2019-12-01T20:00:00Z,OTHER,OIL/GAS,34.51753260506524,53
2019-12-01T20:00:00Z,OTHER,WOOD/REFUSE,80.63216983318328,158
2019-12-01T20:00:00Z,SOLAR,SOLAR,0.2959999823570251,15
2019-12-01T20:00:00Z,WIND,WIND,1111.8767019799352,1781
2019-12-01T21:00:00Z,COAL,COAL,3336.7966013201076,5568
2019-12-01T21:00:00Z,DUAL FUEL,DUAL FUEL,127.66712872399223,155
2019-12-01T21:00:00Z,GAS,COGENERATION,4082.142166976134,5043
2019-12-01T21:00:00Z,GAS,COMBINED CYCLE,1046.0363399648666,1748
2019-12-01T21:00:00Z,GAS,SIMPLE CYCLE,334.93795063230726,905
2019-12-01T21:00:00Z,HYDRO,HYDRO,220.57557427604993,894
2019-12-01T21:00:00Z,OTHER,BIOMASS,97.3310611126158,154
2019-12-01T21:00:00Z,OTHER,GAS COGEN,29.61136495113373,58
2019-12-01T21:00:00Z,OTHER,OIL/GAS,34.15582771089342,53
2019-12-01T21:00:00Z,OTHER,WOOD/REFUSE,80.49002895514171,158
2019-12-01T21:00:00Z,SOLAR,SOLAR,0,15
2019-12-01T21:00:00Z,WIND,WIND,1123.617260938593,1781
2019-12-01T22:00:00Z,COAL,COAL,3261.1884461647933,5568
2019-12-01T22:00:00Z,DUAL FUEL,DUAL FUEL,128.116822136773,155
2019-12-01T22:00:00Z,GAS,COGENERATION,4070.3670111865467,5043
2019-12-01T22:00:00Z,GAS,COMBINED CYCLE,1031.6374365621143,1748
2019-12-01T22:00:00Z,GAS,SIMPLE CYCLE,378.0917044198513,905
2019-12-01T22:00:00Z,HYDRO,HYDRO,228.9069260806673,894
2019-12-01T22:00:00Z,OTHER,BIOMASS,98.44330007606084,154
2019-12-01T22:00:00Z,OTHER,GAS COGEN,29.582872982025147,58
2019-12-01T22:00:00Z,OTHER,OIL/GAS,33.52228848351373,53
2019-12-01T22:00:00Z,OTHER,WOOD/REFUSE,80.40431749979655,158
2019-12-01T22:00:00Z,SOLAR,SOLAR,0,15
2019-12-01T22:00:00Z,WIND,WIND,1052.8100452828696,1781
2019-12-01T23:00:00Z,COAL,COAL,3480.029749727514,5568
2019-12-01T23:00:00Z,DUAL FUEL,DUAL FUEL,128.38345214419894,155
2019-12-01T23:00:00Z,GAS,COGENERATION,4095.2135407229925,5043
2019-12-01T23:00:00Z,GAS,COMBINED CYCLE,1050.5981968111462,1748
2019-12-01T23:00:00Z,GAS,SIMPLE CYCLE,472.46317584633,905
2019-12-01T23:00:00Z,HYDRO,HYDRO,292.1323576924039,894
2019-12-01T23:00:00Z,OTHER,BIOMASS,95.72469998253716,154
2019-12-01T23:00:00Z,OTHER,GAS COGEN,31.27193940798442,58
2019-12-01T23:00:00Z,OTHER,OIL/GAS,28.121093814637927,53
2019-12-01T23:00:00Z,OTHER,WOOD/REFUSE,86.93174925433264,158
2019-12-01T23:00:00Z,SOLAR,SOLAR,0,15
2019-12-01T23:00:00Z,WIND,WIND,1017.2790773763052,1781
2019-12-02T00:00:00Z,COAL,COAL,3526.091610525979,5568
2019-12-02T00:00:00Z,DUAL FUEL,DUAL FUEL,128.68907667795818,155
2019-12-02T00:00:00Z,GAS,COGENERATION,4082.768974743949,5043
2019-12-02T00:00:00Z,GAS,COMBINED CYCLE,1020.3143907006581,1748
2019-12-02T00:00:00Z,GAS,SIMPLE CYCLE,537.2899781524142,905
2019-12-02T00:00:00Z,HYDRO,HYDRO,264.83758967710867,894
2019-12-02T00:00:00Z,OTHER,BIOMASS,96.60540601438946,154
2019-12-02T00:00:00Z,OTHER,GAS COGEN,29.939800963931614,58
2019-12-02T00:00:00Z,OTHER,OIL/GAS,28.091093929078845,53
2019-12-02T00:00:00Z,OTHER,WOOD/REFUSE,82.68518468168047,158
2019-12-02T00:00:00Z,SOLAR,SOLAR,0,15
2019-12-02T00:00:00Z,WIND,WIND,1101.2729528182083,1781
2019-12-02T01:00:00Z,COAL,COAL,3403.3959493433103,5568
2019-12-02T01:00:00Z,DUAL FUEL,DUAL FUEL,128.88666642930772,155
2019-12-02T01:00:00Z,GAS,COGENERATION,4137.466430146297,5043
2019-12-02T01:00:00Z,GAS,COMBINED CYCLE,1012.5421881196235,1748
2019-12-02T01:00:00Z,GAS,SIMPLE CYCLE,523.6187935821215,905
2019-12-02T01:00:00Z,HYDRO,HYDRO,219.6736014489995,894
2019-12-02T01:00:00Z,OTHER,BIOMASS,99.82775012440152,154
2019-12-02T01:00:00Z,OTHER,GAS COGEN,29.571405551168652,58
2019-12-02T01:00:00Z,OTHER,OIL/GAS,30.534943754408093,53
2019-12-02T01:00:00Z,OTHER,WOOD/REFUSE,81.58250243028004,158
2019-12-02T01:00:00Z,SOLAR,SOLAR,0,15
2019-12-02T01:00:00Z,WIND,WIND,1100.020753540198,1781
2019-12-02T02:00:00Z,COAL,COAL,3324.2476422837044,5568
2019-12-02T02:00:00Z,DUAL FUEL,DUAL FUEL,128.24523701137966,155
2019-12-02T02:00:00Z,GAS,COGENERATION,4166.336530365679,5043
2019-12-02T02:00:00Z,GAS,COMBINED CYCLE,1010.4084760745366,1748
2019-12-02T02:00:00Z,GAS,SIMPLE CYCLE,518.3413772000869,905
2019-12-02T02:00:00Z,HYDRO,HYDRO,185.93017433679768,894
2019-12-02T02:00:00Z,OTHER,BIOMASS,95.75262793487973,154
2019-12-02T02:00:00Z,OTHER,GAS COGEN,29.543312555948894,58
2019-12-02T02:00:00Z,OTHER,OIL/GAS,33.432531922658285,53
2019-12-02T02:00:00Z,OTHER,WOOD/REFUSE,83.0904835377799,158
2019-12-02T02:00:00Z,SOLAR,SOLAR,0,15
2019-12-02T02:00:00Z,WIND,WIND,1120.0649165110456,1781
2019-12-02T03:00:00Z,COAL,COAL,3396.822493657271,5568
2019-12-02T03:00:00Z,DUAL FUEL,DUAL FUEL,127.60281911214192,155
2019-12-02T03:00:00Z,GAS,COGENERATION,4189.05570022689,5043
2019-12-02T03:00:00Z,GAS,COMBINED CYCLE,1042.7604703791935,1748
2019-12-02T03:00:00Z,GAS,SIMPLE CYCLE,376.2549282889565,905
2019-12-02T03:00:00Z,HYDRO,HYDRO,229.73501312338647,894
2019-12-02T03:00:00Z,OTHER,BIOMASS,92.2849503744973,154
2019-12-02T03:00:00Z,OTHER,GAS COGEN,29.566386250389947,58
2019-12-02T03:00:00Z,OTHER,OIL/GAS,34.494599696265325,53
2019-12-02T03:00:00Z,OTHER,WOOD/REFUSE,82.75863119496239,158
2019-12-02T03:00:00Z,SOLAR,SOLAR,0,15
2019-12-02T03:00:00Z,WIND,WIND,1132.1471436814468,1781
2019-12-02T04:00:00Z,COAL,COAL,3428.0582098937034,5568
2019-12-02T04:00:00Z,DUAL FUEL,DUAL FUEL,127.56881252712674,155
2019-12-02T04:00:00Z,GAS,COGENERATION,4208.528852139049,5043
2019-12-02T04:00:00Z,GAS,COMBINED CYCLE,1047.6940514538023,1748
2019-12-02T04:00:00Z,GAS,SIMPLE CYCLE,297.1591796964738,905
2019-12-02T04:00:00Z,HYDRO,HYDRO,140.92381824168893,894
2019-12-02T04:00:00Z,OTHER,BIOMASS,94.7942282825046,154
2019-12-02T04:00:00Z,OTHER,GAS COGEN,29.69333908769819,58
2019-12-02T04:00:00Z,OTHER,OIL/GAS,34.76793827268813,53
2019-12-02T04:00:00Z,OTHER,WOOD/REFUSE,80.81560796472762,158
2019-12-02T04:00:00Z,SOLAR,SOLAR,0,15
2019-12-02T04:00:00Z,WIND,WIND,1120.2503557687999,1781
2019-12-02T05:00:00Z,COAL,COAL,3285.800601096153,5568
2019-12-02T05:00:00Z,DUAL FUEL,DUAL FUEL,127.55655052608914,155
2019-12-02T05:00:00Z,GAS,COGENERATION,4171.004312808382,5043
2019-12-02T05:00:00Z,GAS,COMBINED CYCLE,1005.0700634770924,1748
2019-12-02T05:00:00Z,GAS,SIMPLE CYCLE,292.6387730914023,905
2019-12-02T05:00:00Z,HYDRO,HYDRO,90.52556021153927,894
2019-12-02T05:00:00Z,OTHER,BIOMASS,94.05229915777842,154
2019-12-02T05:00:00Z,OTHER,GAS COGEN,29.6088916905721,58
2019-12-02T05:00:00Z,OTHER,OIL/GAS,35.842899275885685,53
2019-12-02T05:00:00Z,OTHER,WOOD/REFUSE,77.68731440120273,158
2019-12-02T05:00:00Z,SOLAR,SOLAR,0,15
2019-12-02T05:00:00Z,WIND,WIND,1146.666977126731,1781
2019-12-02T06:00:00Z,COAL,COAL,3165.536094218228,5568
2019-12-02T06:00:00Z,DUAL FUEL,DUAL FUEL,70.3754637781779,155
2019-12-02T06:00:00Z,GAS,COGENERATION,4168.98569640398,5043
2019-12-02T06:00:00Z,GAS,COMBINED CYCLE,1009.827882352935,1748
2019-12-02T06:00:00Z,GAS,SIMPLE CYCLE,199.11199924137858,905
2019-12-02T06:00:00Z,HYDRO,HYDRO,81.72924669787287,894
2019-12-02T06:00:00Z,OTHER,BIOMASS,93.15729366567399,154
2019-12-02T06:00:00Z,OTHER,GAS COGEN,29.691412315368652,58
2019-12-02T06:00:00Z,OTHER,OIL/GAS,37.34289320839776,53
2019-12-02T06:00:00Z,OTHER,WOOD/REFUSE,75.77116280237833,158
2019-12-02T06:00:00Z,SOLAR,SOLAR,0,15
2019-12-02T06:00:00Z,WIND,WIND,1192.0191907832357,1781
2019-12-02T07:00:00Z,COAL,COAL,3013.7009575419956,5568
2019-12-02T07:00:00Z,DUAL FUEL,DUAL FUEL,52.27559693866306,155
2019-12-02T07:00:00Z,GAS,COGENERATION,4141.536893434855,5043
2019-12-02T07:00:00Z,GAS,COMBINED CYCLE,987.2088681326973,1748
2019-12-02T07:00:00Z,GAS,SIMPLE CYCLE,194.0347626910276,905
2019-12-02T07:00:00Z,HYDRO,HYDRO,42.52152076535755,894
2019-12-02T07:00:00Z,OTHER,BIOMASS,93.73406129943,154
2019-12-02T07:00:00Z,OTHER,GAS COGEN,39.96056993325551,58
2019-12-02T07:00:00Z,OTHER,OIL/GAS,39.18761536916097,53
2019-12-02T07:00:00Z,OTHER,WOOD/REFUSE,73.88044587506188,158
2019-12-02T07:00:00Z,SOLAR,SOLAR,0,15
2019-12-02T07:00:00Z,WIND,WIND,1183.5149952393108,1781
2019-12-02T08:00:00Z,COAL,COAL,2972.8818788276776,5568
2019-12-02T08:00:00Z,DUAL FUEL,DUAL FUEL,52.14324919170804,155
2019-12-02T08:00:00Z,GAS,COGENERATION,4086.492598919868,5043
2019-12-02T08:00:00Z,GAS,COMBINED CYCLE,953.9055287154516,1748
2019-12-02T08:00:00Z,GAS,SIMPLE CYCLE,195.70118696921404,905
2019-12-02T08:00:00Z,HYDRO,HYDRO,41.034507279925876,894
2019-12-02T08:00:00Z,OTHER,BIOMASS,93.23901714271969,154
2019-12-02T08:00:00Z,OTHER,GAS COGEN,42.88515438185798,58
2019-12-02T08:00:00Z,OTHER,OIL/GAS,42.674710487789575,53
2019-12-02T08:00:00Z,OTHER,WOOD/REFUSE,73.32268596119351,158
2019-12-02T08:00:00Z,SOLAR,SOLAR,0,15
2019-12-02T08:00:00Z,WIND,WIND,1126.1669427747197,1781
2019-12-02T09:00:00Z,COAL,COAL,2951.5387415345513,5568
2019-12-02T09:00:00Z,DUAL FUEL,DUAL FUEL,52.2577471309238,155
2019-12-02T09:00:00Z,GAS,COGENERATION,4061.1903092673087,5043
2019-12-02T09:00:00Z,GAS,COMBINED CYCLE,944.0731190053622,1748
2019-12-02T09:00:00Z,GAS,SIMPLE CYCLE,194.80329983764224,905
2019-12-02T09:00:00Z,HYDRO,HYDRO,39.97131741474072,894
2019-12-02T09:00:00Z,OTHER,BIOMASS,93.64078407234615,154
2019-12-02T09:00:00Z,OTHER,GAS COGEN,42.68203782558441,58
2019-12-02T09:00:00Z,OTHER,OIL/GAS,43.637798476749,53
2019-12-02T09:00:00Z,OTHER,WOOD/REFUSE,65.99629440572527,158
2019-12-02T09:00:00Z,SOLAR,SOLAR,0,15
2019-12-02T09:00:00Z,WIND,WIND,1126.6228743223598,1781
2019-12-02T10:00:00Z,COAL,COAL,3007.554558964968,5568
2019-12-02T10:00:00Z,DUAL FUEL,DUAL FUEL,52.17431074142456,155
2019-12-02T10:00:00Z,GAS,COGENERATION,4040.494057649904,5043
2019-12-02T10:00:00Z,GAS,COMBINED CYCLE,949.2401528204812,1748
2019-12-02T10:00:00Z,GAS,SIMPLE CYCLE,193.65349454164505,905
2019-12-02T10:00:00Z,HYDRO,HYDRO,40.02575845725007,894
2019-12-02T10:00:00Z,OTHER,BIOMASS,94.26487730556065,154
2019-12-02T10:00:00Z,OTHER,GAS COGEN,42.549966348542114,58
2019-12-02T10:00:00Z,OTHER,OIL/GAS,44.19728244145711,53
2019-12-02T10:00:00Z,OTHER,WOOD/REFUSE,63.59830181810591,158
2019-12-02T10:00:00Z,SOLAR,SOLAR,0,15
2019-12-02T10:00:00Z,WIND,WIND,1127.4388574174677,1781
2019-12-02T11:00:00Z,COAL,COAL,3027.209907992283,5568
2019-12-02T11:00:00Z,DUAL FUEL,DUAL FUEL,52.15930939992269,155
2019-12-02T11:00:00Z,GAS,COGENERATION,4079.127117883497,5043
2019-12-02T11:00:00Z,GAS,COMBINED CYCLE,984.1599417397709,1748
2019-12-02T11:00:00Z,GAS,SIMPLE CYCLE,192.02703691393137,905
2019-12-02T11:00:00Z,HYDRO,HYDRO,44.05738914635447,894
2019-12-02T11:00:00Z,OTHER,BIOMASS,90.76658355289037,154
2019-12-02T11:00:00Z,OTHER,GAS COGEN,42.567473784552675,58
2019-12-02T11:00:00Z,OTHER,OIL/GAS,44.26617223739624,53
2019-12-02T11:00:00Z,OTHER,WOOD/REFUSE,54.28611243671841,158
2019-12-02T11:00:00Z,SOLAR,SOLAR,0,15
2019-12-02T11:00:00Z,WIND,WIND,1110.813944726901,1781
2019-12-02T12:00:00Z,COAL,COAL,3043.909558631314,5568
2019-12-02T12:00:00Z,DUAL FUEL,DUAL FUEL,51.85412492116292,155
2019-12-02T12:00:00Z,GAS,COGENERATION,4031.6136238217355,5043
2019-12-02T12:00:00Z,GAS,COMBINED CYCLE,963.1195881523026,1748
2019-12-02T12:00:00Z,GAS,SIMPLE CYCLE,194.95468196822537,905
2019-12-02T12:00:00Z,HYDRO,HYDRO,62.69992668095563,894
2019-12-02T12:00:00Z,OTHER,BIOMASS,91.07935524675581,154
2019-12-02T12:00:00Z,OTHER,GAS COGEN,42.64061280621423,58
2019-12-02T12:00:00Z,OTHER,OIL/GAS,44.53611047532824,53
2019-12-02T12:00:00Z,OTHER,WOOD/REFUSE,46.61386366685232,158
2019-12-02T12:00:00Z,SOLAR,SOLAR,0,15
2019-12-02T12:00:00Z,WIND,WIND,1150.3734505595764,1781
2019-12-02T13:00:00Z,COAL,COAL,3229.089738892449,5568
2019-12-02T13:00:00Z,DUAL FUEL,DUAL FUEL,51.74330425474379,155
2019-12-02T13:00:00Z,GAS,COGENERATION,4069.2230504273043,5043
2019-12-02T13:00:00Z,GAS,COMBINED CYCLE,1015.7707960489062,1748
2019-12-02T13:00:00Z,GAS,SIMPLE CYCLE,193.25667392439314,905
2019-12-02T13:00:00Z,HYDRO,HYDRO,94.28077754134934,894
2019-12-02T13:00:00Z,OTHER,BIOMASS,87.17110495673286,154
2019-12-02T13:00:00Z,OTHER,GAS COGEN,42.381700108846026,58
2019-12-02T13:00:00Z,OTHER,OIL/GAS,44.97007064819336,53
2019-12-02T13:00:00Z,OTHER,WOOD/REFUSE,45.76682461579641,158
2019-12-02T13:00:00Z,SOLAR,SOLAR,0,15
2019-12-02T13:00:00Z,WIND,WIND,1223.1695680620935,1781
2019-12-02T14:00:00Z,COAL,COAL,3457.5495825282733,5568
2019-12-02T14:00:00Z,DUAL FUEL,DUAL FUEL,111.66608423868816,155
2019-12-02T14:00:00Z,GAS,COGENERATION,4096.995427143574,5043
2019-12-02T14:00:00Z,GAS,COMBINED CYCLE,1036.2950762785806,1748
2019-12-02T14:00:00Z,GAS,SIMPLE CYCLE,263.823107694702,905
2019-12-02T14:00:00Z,HYDRO,HYDRO,217.5806515271465,894
2019-12-02T14:00:00Z,OTHER,BIOMASS,77.82944930010372,154
2019-12-02T14:00:00Z,OTHER,GAS COGEN,42.519434924125676,58
2019-12-02T14:00:00Z,OTHER,OIL/GAS,44.66354727427165,53
2019-12-02T14:00:00Z,OTHER,WOOD/REFUSE,42.79401386843787,158
2019-12-02T14:00:00Z,SOLAR,SOLAR,0,15
2019-12-02T14:00:00Z,WIND,WIND,1225.8330828687879,1781
2019-12-02T15:00:00Z,COAL,COAL,3694.631368766228,5568
2019-12-02T15:00:00Z,DUAL FUEL,DUAL FUEL,129.8221628994412,155
2019-12-02T15:00:00Z,GAS,COGENERATION,4122.353323916329,5043
2019-12-02T15:00:00Z,GAS,COMBINED CYCLE,1041.3394445557065,1748
2019-12-02T15:00:00Z,GAS,SIMPLE CYCLE,266.75731483190424,905
2019-12-02T15:00:00Z,HYDRO,HYDRO,180.63225265292658,894
2019-12-02T15:00:00Z,OTHER,BIOMASS,73.06399901707968,154
2019-12-02T15:00:00Z,OTHER,GAS COGEN,42.45694801913367,58
2019-12-02T15:00:00Z,OTHER,OIL/GAS,44.31470376120673,53
2019-12-02T15:00:00Z,OTHER,WOOD/REFUSE,40.839142315122814,158
2019-12-02T15:00:00Z,SOLAR,SOLAR,0,15
2019-12-02T15:00:00Z,WIND,WIND,1193.350528664092,1781
2019-12-02T16:00:00Z,COAL,COAL,3750.72096505377,5568
2019-12-02T16:00:00Z,DUAL FUEL,DUAL FUEL,129.49820785522462,155
2019-12-02T16:00:00Z,GAS,COGENERATION,4116.366968966722,5043
2019-12-02T16:00:00Z,GAS,COMBINED CYCLE,1051.4933044099807,1748
2019-12-02T16:00:00Z,GAS,SIMPLE CYCLE,283.85671440329816,905
2019-12-02T16:00:00Z,HYDRO,HYDRO,143.5512201713522,894
2019-12-02T16:00:00Z,OTHER,BIOMASS,72.50027695178986,154
2019-12-02T16:00:00Z,OTHER,GAS COGEN,39.914461536606154,58
2019-12-02T16:00:00Z,OTHER,OIL/GAS,44.61734865824381,53
2019-12-02T16:00:00Z,OTHER,WOOD/REFUSE,39.825275331073335,158
2019-12-02T16:00:00Z,SOLAR,SOLAR,0.02033333212137222,15
2019-12-02T16:00:00Z,WIND,WIND,1139.0341848378712,1781
2019-12-02T17:00:00Z,COAL,COAL,3573.926745613946,5568
2019-12-02T17:00:00Z,DUAL FUEL,DUAL FUEL,129.39430501302084,155
2019-12-02T17:00:00Z,GAS,COGENERATION,4118.451402807766,5043
2019-12-02T17:00:00Z,GAS,COMBINED CYCLE,1054.5802580134075,1748
2019-12-02T17:00:00Z,GAS,SIMPLE CYCLE,299.1437926713626,905
2019-12-02T17:00:00Z,HYDRO,HYDRO,204.14714232865308,894
2019-12-02T17:00:00Z,OTHER,BIOMASS,71.54827699290381,154
2019-12-02T17:00:00Z,OTHER,GAS COGEN,32.203361450831096,58
2019-12-02T17:00:00Z,OTHER,OIL/GAS,44.64657598707411,53
2019-12-02T17:00:00Z,OTHER,WOOD/REFUSE,40.43257055388557,158
2019-12-02T17:00:00Z,SOLAR,SOLAR,0.3046666485071182,15
2019-12-02T17:00:00Z,WIND,WIND,1108.6271256751484,1781
2019-12-02T18:00:00Z,COAL,COAL,3609.936305323177,5568
2019-12-02T18:00:00Z,DUAL FUEL,DUAL FUEL,129.45202256520588,155
2019-12-02T18:00:00Z,GAS,COGENERATION,4102.009668491682,5043
2019-12-02T18:00:00Z,GAS,COMBINED CYCLE,1146.821691242059,1748
2019-12-02T18:00:00Z,GAS,SIMPLE CYCLE,276.58213214849434,905
2019-12-02T18:00:00Z,HYDRO,HYDRO,158.13959938734772,894
2019-12-02T18:00:00Z,OTHER,BIOMASS,68.8456667078866,154
2019-12-02T18:00:00Z,OTHER,GAS COGEN,31.810811394585503,58
2019-12-02T18:00:00Z,OTHER,OIL/GAS,44.45709803687202,53
2019-12-02T18:00:00Z,OTHER,WOOD/REFUSE,39.4258338409,158
2019-12-02T18:00:00Z,SOLAR,SOLAR,0.997999966111448,15
2019-12-02T18:00:00Z,WIND,WIND,1114.9434487855435,1781
2019-12-02T19:00:00Z,COAL,COAL,3440.9284038982128,5568
2019-12-02T19:00:00Z,DUAL FUEL,DUAL FUEL,129.59552413516573,155
2019-12-02T19:00:00Z,GAS,COGENERATION,4082.6698299054306,5043
2019-12-02T19:00:00Z,GAS,COMBINED CYCLE,1346.8459625410371,1748
2019-12-02T19:00:00Z,GAS,SIMPLE CYCLE,277.758696569403,905
2019-12-02T19:00:00Z,HYDRO,HYDRO,174.03178518341647,894
2019-12-02T19:00:00Z,OTHER,BIOMASS,68.31177709552976,154
2019-12-02T19:00:00Z,OTHER,GAS COGEN,28.356417061487832,58
2019-12-02T19:00:00Z,OTHER,OIL/GAS,44.62969878938463,53
2019-12-02T19:00:00Z,OTHER,WOOD/REFUSE,39.479283511903546,158
2019-12-02T19:00:00Z,SOLAR,SOLAR,3.550833216375775,15
2019-12-02T19:00:00Z,WIND,WIND,1155.7612509324815,1781
2019-12-02T20:00:00Z,COAL,COAL,3291.8997806757025,5568
2019-12-02T20:00:00Z,DUAL FUEL,DUAL FUEL,129.37816974216037,155
2019-12-02T20:00:00Z,GAS,COGENERATION,4072.872007035282,5043
2019-12-02T20:00:00Z,GAS,COMBINED CYCLE,1364.3981366946962,1748
2019-12-02T20:00:00Z,GAS,SIMPLE CYCLE,279.1377971675661,905
2019-12-02T20:00:00Z,HYDRO,HYDRO,186.54784370491075,894
2019-12-02T20:00:00Z,OTHER,BIOMASS,71.29047214984894,154
2019-12-02T20:00:00Z,OTHER,GAS COGEN,29.208148281226556,58
2019-12-02T20:00:00Z,OTHER,OIL/GAS,44.91317997190687,53
2019-12-02T20:00:00Z,OTHER,WOOD/REFUSE,39.29216666857402,158
2019-12-02T20:00:00Z,SOLAR,SOLAR,4.645749842325847,15
2019-12-02T20:00:00Z,WIND,WIND,1231.370433747901,1781
2019-12-02T21:00:00Z,COAL,COAL,3261.6582269130813,5568
2019-12-02T21:00:00Z,DUAL FUEL,DUAL FUEL,129.5121353954739,155
2019-12-02T21:00:00Z,GAS,COGENERATION,4063.1154974457954,5043
2019-12-02T21:00:00Z,GAS,COMBINED CYCLE,1379.9925036605198,1748
2019-12-02T21:00:00Z,GAS,SIMPLE CYCLE,278.594720887608,905
2019-12-02T21:00:00Z,HYDRO,HYDRO,199.9963538148668,894
2019-12-02T21:00:00Z,OTHER,BIOMASS,71.37261043866475,154
2019-12-02T21:00:00Z,OTHER,GAS COGEN,31.385310135053263,58
2019-12-02T21:00:00Z,OTHER,OIL/GAS,44.55183086607191,53
2019-12-02T21:00:00Z,OTHER,WOOD/REFUSE,37.07392522017161,158
2019-12-02T21:00:00Z,SOLAR,SOLAR,3.688499890565872,15
2019-12-02T21:00:00Z,WIND,WIND,1225.835825676653,1781
2019-12-02T22:00:00Z,COAL,COAL,3270.2198234176635,5568
2019-12-02T22:00:00Z,DUAL FUEL,DUAL FUEL,129.60777065700955,155
2019-12-02T22:00:00Z,GAS,COGENERATION,4057.9724833750724,5043
2019-12-02T22:00:00Z,GAS,COMBINED CYCLE,1405.9006535074445,1748
2019-12-02T22:00:00Z,GAS,SIMPLE CYCLE,320.35493555592166,905
2019-12-02T22:00:00Z,HYDRO,HYDRO,201.497089508805,894
2019-12-02T22:00:00Z,OTHER,BIOMASS,70.24116616990831,154
2019-12-02T22:00:00Z,OTHER,GAS COGEN,37.198836763037576,58
2019-12-02T22:00:00Z,OTHER,OIL/GAS,45.51944871902466,53
2019-12-02T22:00:00Z,OTHER,WOOD/REFUSE,37.87875662750668,158
2019-12-02T22:00:00Z,SOLAR,SOLAR,1.284666647679276,15
2019-12-02T22:00:00Z,WIND,WIND,1187.4117322542932,1781
2019-12-02T23:00:00Z,COAL,COAL,3526.904606403907,5568
2019-12-02T23:00:00Z,DUAL FUEL,DUAL FUEL,129.58538456810845,155
2019-12-02T23:00:00Z,GAS,COGENERATION,4058.7895042627056,5043
2019-12-02T23:00:00Z,GAS,COMBINED CYCLE,1342.368207707405,1748
2019-12-02T23:00:00Z,GAS,SIMPLE CYCLE,335.8712127245797,905
2019-12-02T23:00:00Z,HYDRO,HYDRO,240.90095771286224,894
2019-12-02T23:00:00Z,OTHER,BIOMASS,67.17049948321448,154
2019-12-02T23:00:00Z,OTHER,GAS COGEN,42.06703216552735,58
2019-12-02T23:00:00Z,OTHER,OIL/GAS,46.8097373008728,53
2019-12-02T23:00:00Z,OTHER,WOOD/REFUSE,37.63310033215417,158
2019-12-02T23:00:00Z,SOLAR,SOLAR,0,15
2019-12-02T23:00:00Z,WIND,WIND,1165.7280196399158,1781
2019-12-03T00:00:00Z,COAL,COAL,3333.4891912310654,5568
2019-12-03T00:00:00Z,DUAL FUEL,DUAL FUEL,129.4603239864773,155
2019-12-03T00:00:00Z,GAS,COGENERATION,4066.0443812815347,5043
2019-12-03T00:00:00Z,GAS,COMBINED CYCLE,1369.9982773208617,1748
2019-12-03T00:00:00Z,GAS,SIMPLE CYCLE,334.1277682717641,905
2019-12-03T00:00:00Z,HYDRO,HYDRO,206.01393293857575,894
2019-12-03T00:00:00Z,OTHER,BIOMASS,67.37766644265916,154
2019-12-03T00:00:00Z,OTHER,GAS COGEN,42.33280432860057,58
2019-12-03T00:00:00Z,OTHER,OIL/GAS,47.42714886559381,53
2019-12-03T00:00:00Z,OTHER,WOOD/REFUSE,39.489836174117194,158
2019-12-03T00:00:00Z,SOLAR,SOLAR,0,15
2019-12-03T00:00:00Z,WIND,WIND,1201.7184915102853,1781
2019-12-03T01:00:00Z,COAL,COAL,3462.7401080538166,5568
2019-12-03T01:00:00Z,DUAL FUEL,DUAL FUEL,129.6850360531277,155
2019-12-03T01:00:00Z,GAS,COGENERATION,4079.2183600910503,5043
2019-12-03T01:00:00Z,GAS,COMBINED CYCLE,1343.2835930082533,1748
2019-12-03T01:00:00Z,GAS,SIMPLE CYCLE,335.15766133096486,905
2019-12-03T01:00:00Z,HYDRO,HYDRO,196.0671151613527,894
2019-12-03T01:00:00Z,OTHER,BIOMASS,70.42177706930373,154
2019-12-03T01:00:00Z,OTHER,GAS COGEN,42.50971003002591,58
2019-12-03T01:00:00Z,OTHER,OIL/GAS,47.370364875793456,53
2019-12-03T01:00:00Z,OTHER,WOOD/REFUSE,40.18850403255887,158
2019-12-03T01:00:00Z,SOLAR,SOLAR,0,15
2019-12-03T01:00:00Z,WIND,WIND,1264.461344441308,1781
2019-12-03T02:00:00Z,COAL,COAL,3340.5993801956706,5568
2019-12-03T02:00:00Z,DUAL FUEL,DUAL FUEL,129.15035193973117,155
2019-12-03T02:00:00Z,GAS,COGENERATION,4077.5857929445638,5043
2019-12-03T02:00:00Z,GAS,COMBINED CYCLE,1334.0620129288568,1748
2019-12-03T02:00:00Z,GAS,SIMPLE CYCLE,335.0469085576799,905
2019-12-03T02:00:00Z,HYDRO,HYDRO,211.56443444954024,894
2019-12-03T02:00:00Z,OTHER,BIOMASS,70.76744400024414,154
2019-12-03T02:00:00Z,OTHER,GAS COGEN,42.840647583007815,58
2019-12-03T02:00:00Z,OTHER,OIL/GAS,47.83919235017565,53
2019-12-03T02:00:00Z,OTHER,WOOD/REFUSE,40.710938658184475,158
2019-12-03T02:00:00Z,SOLAR,SOLAR,0,15
2019-12-03T02:00:00Z,WIND,WIND,1354.4722824454307,1781
2019-12-03T03:00:00Z,COAL,COAL,3197.4646304684215,5568
2019-12-03T03:00:00Z,DUAL FUEL,DUAL FUEL,130.0902998606364,155
2019-12-03T03:00:00Z,GAS,COGENERATION,4055.3981293430593,5043
2019-12-03T03:00:00Z,GAS,COMBINED CYCLE,1316.971697327296,1748
2019-12-03T03:00:00Z,GAS,SIMPLE CYCLE,280.71906958404514,905
2019-12-03T03:00:00Z,HYDRO,HYDRO,218.3685610328118,894
2019-12-03T03:00:00Z,OTHER,BIOMASS,74.27901632385122,154
2019-12-03T03:00:00Z,OTHER,GAS COGEN,42.814758618672684,58
2019-12-03T03:00:00Z,OTHER,OIL/GAS,47.92247680240207,53
2019-12-03T03:00:00Z,OTHER,WOOD/REFUSE,41.51922744803959,158
2019-12-03T03:00:00Z,SOLAR,SOLAR,0,15
2019-12-03T03:00:00Z,WIND,WIND,1381.1360824802186,1781
2019-12-03T04:00:00Z,COAL,COAL,2995.007776196003,5568
2019-12-03T04:00:00Z,DUAL FUEL,DUAL FUEL,122.95965663486056,155
2019-12-03T04:00:00Z,GAS,COGENERATION,4045.601058660878,5043
2019-12-03T04:00:00Z,GAS,COMBINED CYCLE,1346.4892825624677,1748
2019-12-03T04:00:00Z,GAS,SIMPLE CYCLE,278.334708296193,905
2019-12-03T04:00:00Z,HYDRO,HYDRO,170.4277764589091,894
2019-12-03T04:00:00Z,OTHER,BIOMASS,77.13582784175873,154
2019-12-03T04:00:00Z,OTHER,GAS COGEN,42.95947975582547,58
2019-12-03T04:00:00Z,OTHER,OIL/GAS,47.8085995165507,53
2019-12-03T04:00:00Z,OTHER,WOOD/REFUSE,40.65256164497799,158
2019-12-03T04:00:00Z,SOLAR,SOLAR,0,15
2019-12-03T04:00:00Z,WIND,WIND,1410.106542420917,1781
2019-12-03T05:00:00Z,COAL,COAL,2643.5652990520002,5568
2019-12-03T05:00:00Z,DUAL FUEL,DUAL FUEL,60.45911671532525,155
2019-12-03T05:00:00Z,GAS,COGENERATION,4037.8403856670857,5043
2019-12-03T05:00:00Z,GAS,COMBINED CYCLE,1312.9579960309136,1748
2019-12-03T05:00:00Z,GAS,SIMPLE CYCLE,255.34073177695274,905
2019-12-03T05:00:00Z,HYDRO,HYDRO,122.1865579420328,894
2019-12-03T05:00:00Z,OTHER,BIOMASS,81.4635552880499,154
2019-12-03T05:00:00Z,OTHER,GAS COGEN,42.63570790926615,58
2019-12-03T05:00:00Z,OTHER,OIL/GAS,48.260608503553605,53
2019-12-03T05:00:00Z,OTHER,WOOD/REFUSE,39.43818925539652,158
2019-12-03T05:00:00Z,SOLAR,SOLAR,0,15
2019-12-03T05:00:00Z,WIND,WIND,1426.083815975719,1781
2019-12-03T06:00:00Z,COAL,COAL,2628.014763965077,5568
2019-12-03T06:00:00Z,DUAL FUEL,DUAL FUEL,50.871462980906166,155
2019-12-03T06:00:00Z,GAS,COGENERATION,4035.280807286501,5043
2019-12-03T06:00:00Z,GAS,COMBINED CYCLE,1237.5118051600457,1748
2019-12-03T06:00:00Z,GAS,SIMPLE CYCLE,150.8994560877482,905
2019-12-03T06:00:00Z,HYDRO,HYDRO,82.07074198249313,894
2019-12-03T06:00:00Z,OTHER,BIOMASS,82.57777171479331,154
2019-12-03T06:00:00Z,OTHER,GAS COGEN,42.630996197594534,58
2019-12-03T06:00:00Z,OTHER,OIL/GAS,48.32860999001397,53
2019-12-03T06:00:00Z,OTHER,WOOD/REFUSE,40.17330595016479,158
2019-12-03T06:00:00Z,SOLAR,SOLAR,0,15
2019-12-03T06:00:00Z,WIND,WIND,1395.2053835280735,1781
2019-12-03T07:00:00Z,COAL,COAL,2481.4343040543795,5568
2019-12-03T07:00:00Z,DUAL FUEL,DUAL FUEL,51.06734998491075,155
2019-12-03T07:00:00Z,GAS,COGENERATION,4011.2313666624327,5043
2019-12-03T07:00:00Z,GAS,COMBINED CYCLE,1212.2684290456773,1748
2019-12-03T07:00:00Z,GAS,SIMPLE CYCLE,131.16564722034667,905
2019-12-03T07:00:00Z,HYDRO,HYDRO,41.55993674692181,894
2019-12-03T07:00:00Z,OTHER,BIOMASS,90.4909778409534,154
2019-12-03T07:00:00Z,OTHER,GAS COGEN,42.63496191236708,58
2019-12-03T07:00:00Z,OTHER,OIL/GAS,48.126444017622205,53
2019-12-03T07:00:00Z,OTHER,WOOD/REFUSE,39.337901643647086,158
2019-12-03T07:00:00Z,SOLAR,SOLAR,0,15
2019-12-03T07:00:00Z,WIND,WIND,1375.9728546359804,1781
2019-12-03T08:00:00Z,COAL,COAL,2215.180748383138,5568
2019-12-03T08:00:00Z,DUAL FUEL,DUAL FUEL,51.49079213460286,155
2019-12-03T08:00:00Z,GAS,COGENERATION,3987.0555134333504,5043
2019-12-03T08:00:00Z,GAS,COMBINED CYCLE,1201.3154750363033,1748
2019-12-03T08:00:00Z,GAS,SIMPLE CYCLE,137.18268141110738,905
2019-12-03T08:00:00Z,HYDRO,HYDRO,40.24792520552873,894
2019-12-03T08:00:00Z,OTHER,BIOMASS,94.39313860575358,154
2019-12-03T08:00:00Z,OTHER,GAS COGEN,42.64399775716994,58
2019-12-03T08:00:00Z,OTHER,OIL/GAS,48.401866556803384,53
2019-12-03T08:00:00Z,OTHER,WOOD/REFUSE,39.07039118395911,158
2019-12-03T08:00:00Z,SOLAR,SOLAR,0,15
2019-12-03T08:00:00Z,WIND,WIND,1323.4537015462088,1781
2019-12-03T09:00:00Z,COAL,COAL,2265.1233891003662,5568
2019-12-03T09:00:00Z,DUAL FUEL,DUAL FUEL,51.18174173990885,155
2019-12-03T09:00:00Z,GAS,COGENERATION,3996.366676672962,5043
2019-12-03T09:00:00Z,GAS,COMBINED CYCLE,1206.3368897880448,1748
2019-12-03T09:00:00Z,GAS,SIMPLE CYCLE,139.37898134920331,905
2019-12-03T09:00:00Z,HYDRO,HYDRO,40.105992523001305,894
2019-12-03T09:00:00Z,OTHER,BIOMASS,91.85383302529652,154
2019-12-03T09:00:00Z,OTHER,GAS COGEN,42.48658927705553,58
2019-12-03T09:00:00Z,OTHER,OIL/GAS,48.47290412478977,53
2019-12-03T09:00:00Z,OTHER,WOOD/REFUSE,39.46134780512916,158
2019-12-03T09:00:00Z,SOLAR,SOLAR,0,15
2019-12-03T09:00:00Z,WIND,WIND,1172.0093707722426,1781
2019-12-03T10:00:00Z,COAL,COAL,2259.195244274537,5568
2019-12-03T10:00:00Z,DUAL FUEL,DUAL FUEL,51.16676894081964,155
2019-12-03T10:00:00Z,GAS,COGENERATION,3997.212584665484,5043
2019-12-03T10:00:00Z,GAS,COMBINED CYCLE,1190.416980873479,1748
2019-12-03T10:00:00Z,GAS,SIMPLE CYCLE,133.934458638827,905
2019-12-03T10:00:00Z,HYDRO,HYDRO,40.74975202444527,894
2019-12-03T10:00:00Z,OTHER,BIOMASS,90.11153307861751,154
2019-12-03T10:00:00Z,OTHER,GAS COGEN,42.395906393263076,58
2019-12-03T10:00:00Z,OTHER,OIL/GAS,47.91916532304552,53
2019-12-03T10:00:00Z,OTHER,WOOD/REFUSE,39.986565978262156,158
2019-12-03T10:00:00Z,SOLAR,SOLAR,0,15
2019-12-03T10:00:00Z,WIND,WIND,1224.9921199091275,1781
2019-12-03T11:00:00Z,COAL,COAL,2304.960325714747,5568
2019-12-03T11:00:00Z,DUAL FUEL,DUAL FUEL,50.83855419370863,155
2019-12-03T11:00:00Z,GAS,COGENERATION,4006.212552178171,5043
2019-12-03T11:00:00Z,GAS,COMBINED CYCLE,1207.0250423958566,1748
2019-12-03T11:00:00Z,GAS,SIMPLE CYCLE,135.67276925828722,905
2019-12-03T11:00:00Z,HYDRO,HYDRO,43.07636358052492,894
2019-12-03T11:00:00Z,OTHER,BIOMASS,90.00128357675341,154
2019-12-03T11:00:00Z,OTHER,GAS COGEN,42.43003614107768,58
2019-12-03T11:00:00Z,OTHER,OIL/GAS,48.45500473234389,53
2019-12-03T11:00:00Z,OTHER,WOOD/REFUSE,40.63397876580556,158
2019-12-03T11:00:00Z,SOLAR,SOLAR,0,15
2019-12-03T11:00:00Z,WIND,WIND,1192.077059698105,1781
2019-12-03T12:00:00Z,COAL,COAL,2452.0806392743852,5568
2019-12-03T12:00:00Z,DUAL FUEL,DUAL FUEL,51.44474093331231,155
2019-12-03T12:00:00Z,GAS,COGENERATION,4016.3474243545534,5043
2019-12-03T12:00:00Z,GAS,COMBINED CYCLE,1237.838640446928,1748
2019-12-03T12:00:00Z,GAS,SIMPLE CYCLE,135.94535868406297,905
2019-12-03T12:00:00Z,HYDRO,HYDRO,84.93279124766589,894
2019-12-03T12:00:00Z,OTHER,BIOMASS,90.49923892921872,154
2019-12-03T12:00:00Z,OTHER,GAS COGEN,42.51934596591526,58
2019-12-03T12:00:00Z,OTHER,OIL/GAS,47.69527683258057,53
2019-12-03T12:00:00Z,OTHER,WOOD/REFUSE,40.111597590446465,158
2019-12-03T12:00:00Z,SOLAR,SOLAR,0,15
2019-12-03T12:00:00Z,WIND,WIND,1189.470194012059,1781
2019-12-03T13:00:00Z,COAL,COAL,2865.4997844515906,5568
2019-12-03T13:00:00Z,DUAL FUEL,DUAL FUEL,50.44733338885837,155
2019-12-03T13:00:00Z,GAS,COGENERATION,4004.101149486833,5043
2019-12-03T13:00:00Z,GAS,COMBINED CYCLE,1222.0608685686852,1748
2019-12-03T13:00:00Z,GAS,SIMPLE CYCLE,127.00145797159936,905
2019-12-03T13:00:00Z,HYDRO,HYDRO,76.41370744648907,894
2019-12-03T13:00:00Z,OTHER,BIOMASS,91.30943873564402,154
2019-12-03T13:00:00Z,OTHER,GAS COGEN,42.341659111976625,58
2019-12-03T13:00:00Z,OTHER,OIL/GAS,46.88276540120443,53
2019-12-03T13:00:00Z,OTHER,WOOD/REFUSE,40.03058435016208,158
2019-12-03T13:00:00Z,SOLAR,SOLAR,0,15
2019-12-03T13:00:00Z,WIND,WIND,1225.8078819950422,1781
2019-12-03T14:00:00Z,COAL,COAL,3173.495489220884,5568
2019-12-03T14:00:00Z,DUAL FUEL,DUAL FUEL,108.8328629705641,155
2019-12-03T14:00:00Z,GAS,COGENERATION,4024.5750066100227,5043
2019-12-03T14:00:00Z,GAS,COMBINED CYCLE,1345.870200418896,1748
2019-12-03T14:00:00Z,GAS,SIMPLE CYCLE,149.3568645922343,905
2019-12-03T14:00:00Z,HYDRO,HYDRO,146.4660781750745,894
2019-12-03T14:00:00Z,OTHER,BIOMASS,92.19239465501573,154
2019-12-03T14:00:00Z,OTHER,GAS COGEN,42.163308170106674,58
2019-12-03T14:00:00Z,OTHER,OIL/GAS,46.85943318472968,53
2019-12-03T14:00:00Z,OTHER,WOOD/REFUSE,39.13370964950985,158
2019-12-03T14:00:00Z,SOLAR,SOLAR,0,15
2019-12-03T14:00:00Z,WIND,WIND,1193.5736634441216,1781
2019-12-03T15:00:00Z,COAL,COAL,3243.3389020125073,5568
2019-12-03T15:00:00Z,DUAL FUEL,DUAL FUEL,128.19697808583578,155
2019-12-03T15:00:00Z,GAS,COGENERATION,4039.2107473406527,5043
2019-12-03T15:00:00Z,GAS,COMBINED CYCLE,1415.389549677637,1748
2019-12-03T15:00:00Z,GAS,SIMPLE CYCLE,157.37521895362272,905
2019-12-03T15:00:00Z,HYDRO,HYDRO,137.76000901189116,894
2019-12-03T15:00:00Z,OTHER,BIOMASS,88.41260055912866,154
2019-12-03T15:00:00Z,OTHER,GAS COGEN,37.67532016118368,58
2019-12-03T15:00:00Z,OTHER,OIL/GAS,44.307087684207495,53
2019-12-03T15:00:00Z,OTHER,WOOD/REFUSE,38.68038631386227,158
2019-12-03T15:00:00Z,SOLAR,SOLAR,0.08033332854509354,15
2019-12-03T15:00:00Z,WIND,WIND,1090.5044181213775,1781
2019-12-03T16:00:00Z,COAL,COAL,3183.8761173597973,5568
2019-12-03T16:00:00Z,DUAL FUEL,DUAL FUEL,126.96061031341551,155
2019-12-03T16:00:00Z,GAS,COGENERATION,4040.9156022086077,5043
2019-12-03T16:00:00Z,GAS,COMBINED CYCLE,1326.0858930661943,1748
2019-12-03T16:00:00Z,GAS,SIMPLE CYCLE,178.56206122505995,905
2019-12-03T16:00:00Z,HYDRO,HYDRO,104.48014910446273,894
2019-12-03T16:00:00Z,OTHER,BIOMASS,91.1430226363076,154
2019-12-03T16:00:00Z,OTHER,GAS COGEN,36.797881624963544,58
2019-12-03T16:00:00Z,OTHER,OIL/GAS,44.44130956225925,53
2019-12-03T16:00:00Z,OTHER,WOOD/REFUSE,38.776313507821826,158
2019-12-03T16:00:00Z,SOLAR,SOLAR,1.5996666388048066,15
2019-12-03T16:00:00Z,WIND,WIND,1161.2544064106378,1781
2019-12-03T17:00:00Z,COAL,COAL,2795.13038428492,5568
2019-12-03T17:00:00Z,DUAL FUEL,DUAL FUEL,130.6173330222236,155
2019-12-03T17:00:00Z,GAS,COGENERATION,4029.533735391299,5043
2019-12-03T17:00:00Z,GAS,COMBINED CYCLE,1342.5879760350122,1748
2019-12-03T17:00:00Z,GAS,SIMPLE CYCLE,296.15222591876983,905
2019-12-03T17:00:00Z,HYDRO,HYDRO,188.00900327614613,894
2019-12-03T17:00:00Z,OTHER,BIOMASS,91.34856157567766,154
2019-12-03T17:00:00Z,OTHER,GAS COGEN,34.53842809306251,58
2019-12-03T17:00:00Z,OTHER,OIL/GAS,45.198781712849936,53
2019-12-03T17:00:00Z,OTHER,WOOD/REFUSE,40.42900432268778,158
2019-12-03T17:00:00Z,SOLAR,SOLAR,3.115111047691769,15
2019-12-03T17:00:00Z,WIND,WIND,1099.6109414773516,1781
2019-12-03T18:00:00Z,COAL,COAL,2949.4311138428584,5568
2019-12-03T18:00:00Z,DUAL FUEL,DUAL FUEL,127.74592183007134,155
2019-12-03T18:00:00Z,GAS,COGENERATION,4009.6851295691067,5043
2019-12-03T18:00:00Z,GAS,COMBINED CYCLE,1319.6861655606165,1748
2019-12-03T18:00:00Z,GAS,SIMPLE CYCLE,255.61637435572842,905
2019-12-03T18:00:00Z,HYDRO,HYDRO,197.46574439913033,894
2019-12-03T18:00:00Z,OTHER,BIOMASS,88.98247289604612,154
2019-12-03T18:00:00Z,OTHER,GAS COGEN,33.71856439510981,58
2019-12-03T18:00:00Z,OTHER,OIL/GAS,44.534154889848494,53
2019-12-03T18:00:00Z,OTHER,WOOD/REFUSE,41.6002456802792,158
2019-12-03T18:00:00Z,SOLAR,SOLAR,4.737333121697108,15
2019-12-03T18:00:00Z,WIND,WIND,1076.817806113031,1781
2019-12-03T19:00:00Z,COAL,COAL,2968.0097597430813,5568
2019-12-03T19:00:00Z,DUAL FUEL,DUAL FUEL,127.8542935816447,155
2019-12-03T19:00:00Z,GAS,COGENERATION,3992.362946372562,5043
2019-12-03T19:00:00Z,GAS,COMBINED CYCLE,1370.3069896703296,1748
2019-12-03T19:00:00Z,GAS,SIMPLE CYCLE,253.27534662038917,905
2019-12-03T19:00:00Z,HYDRO,HYDRO,116.68060809231467,894
2019-12-03T19:00:00Z,OTHER,BIOMASS,91.72563367260827,154
2019-12-03T19:00:00Z,OTHER,GAS COGEN,27.463192368514008,58
2019-12-03T19:00:00Z,OTHER,OIL/GAS,44.5599874941508,53
2019-12-03T19:00:00Z,OTHER,WOOD/REFUSE,35.2571462059021,158
2019-12-03T19:00:00Z,SOLAR,SOLAR,5.299999713897705,15
2019-12-03T19:00:00Z,WIND,WIND,1102.3771300194164,1781
2019-12-03T20:00:00Z,COAL,COAL,2868.2839819469714,5568
2019-12-03T20:00:00Z,DUAL FUEL,DUAL FUEL,127.10486577351888,155
2019-12-03T20:00:00Z,GAS,COGENERATION,3951.5185523568257,5043
2019-12-03T20:00:00Z,GAS,COMBINED CYCLE,1321.5073569144145,1748
2019-12-03T20:00:00Z,GAS,SIMPLE CYCLE,295.1029862654209,905
2019-12-03T20:00:00Z,HYDRO,HYDRO,148.4330929933654,894
2019-12-03T20:00:00Z,OTHER,BIOMASS,91.55420545419058,154
2019-12-03T20:00:00Z,OTHER,GAS COGEN,30.538858842982187,58
2019-12-03T20:00:00Z,OTHER,OIL/GAS,44.1098316362169,53
2019-12-03T20:00:00Z,OTHER,WOOD/REFUSE,33.6927345667945,158
2019-12-03T20:00:00Z,SOLAR,SOLAR,4.89049989912245,15
2019-12-03T20:00:00Z,WIND,WIND,1152.556797563682,1781
2019-12-03T21:00:00Z,COAL,COAL,2620.394712314407,5568
2019-12-03T21:00:00Z,DUAL FUEL,DUAL FUEL,127.41531150817872,155
2019-12-03T21:00:00Z,GAS,COGENERATION,3952.8757756662535,5043
2019-12-03T21:00:00Z,GAS,COMBINED CYCLE,1310.144605764813,1748
2019-12-03T21:00:00Z,GAS,SIMPLE CYCLE,303.69549970997707,905
2019-12-03T21:00:00Z,HYDRO,HYDRO,189.03013978560764,894
2019-12-03T21:00:00Z,OTHER,BIOMASS,92.15857816378275,154
2019-12-03T21:00:00Z,OTHER,GAS COGEN,34.95572022226122,58
2019-12-03T21:00:00Z,OTHER,OIL/GAS,44.27171002493965,53
2019-12-03T21:00:00Z,OTHER,WOOD/REFUSE,33.477401352988345,158
2019-12-03T21:00:00Z,SOLAR,SOLAR,3.767833318312962,15
2019-12-03T21:00:00Z,WIND,WIND,1172.2232085299493,1781
2019-12-03T22:00:00Z,COAL,COAL,2729.769630430473,5568
2019-12-03T22:00:00Z,DUAL FUEL,DUAL FUEL,100.56839970058866,155
2019-12-03T22:00:00Z,GAS,COGENERATION,3928.9994924517473,5043
2019-12-03T22:00:00Z,GAS,COMBINED CYCLE,1374.586040936576,1748
2019-12-03T22:00:00Z,GAS,SIMPLE CYCLE,307.11624272285235,905
2019-12-03T22:00:00Z,HYDRO,HYDRO,202.52903965105614,894
2019-12-03T22:00:00Z,OTHER,BIOMASS,89.09303293625514,154
2019-12-03T22:00:00Z,OTHER,GAS COGEN,34.8872673201561,58
2019-12-03T22:00:00Z,OTHER,OIL/GAS,43.944837777879506,53
2019-12-03T22:00:00Z,OTHER,WOOD/REFUSE,35.150995876524185,158
2019-12-03T22:00:00Z,SOLAR,SOLAR,1.3469444107015929,15
2019-12-03T22:00:00Z,WIND,WIND,1160.0009336047372,1781
2019-12-03T23:00:00Z,COAL,COAL,2909.844790161318,5568
2019-12-03T23:00:00Z,DUAL FUEL,DUAL FUEL,127.24572217729356,155
2019-12-03T23:00:00Z,GAS,COGENERATION,3969.8051588352687,5043
2019-12-03T23:00:00Z,GAS,COMBINED CYCLE,1384.878353011873,1748
2019-12-03T23:00:00Z,GAS,SIMPLE CYCLE,348.1666947463817,905
2019-12-03T23:00:00Z,HYDRO,HYDRO,192.59094456308418,894
2019-12-03T23:00:00Z,OTHER,BIOMASS,87.89171651469337,154
2019-12-03T23:00:00Z,OTHER,GAS COGEN,35.12600250032213,58
2019-12-03T23:00:00Z,OTHER,OIL/GAS,44.27972608566285,53
2019-12-03T23:00:00Z,OTHER,WOOD/REFUSE,36.57333568996853,158
2019-12-03T23:00:00Z,SOLAR,SOLAR,0,15
2019-12-03T23:00:00Z,WIND,WIND,1179.812121695843,1781
2019-12-04T00:00:00Z,COAL,COAL,3156.893278930452,5568
2019-12-04T00:00:00Z,DUAL FUEL,DUAL FUEL,127.53685253567166,155
2019-12-04T00:00:00Z,GAS,COGENERATION,3978.1077291336987,5043
2019-12-04T00:00:00Z,GAS,COMBINED CYCLE,1390.1157969559565,1748
2019-12-04T00:00:00Z,GAS,SIMPLE CYCLE,349.0993002820015,905
2019-12-04T00:00:00Z,HYDRO,HYDRO,189.10271447343132,894
2019-12-04T00:00:00Z,OTHER,BIOMASS,90.2976951678594,154
2019-12-04T00:00:00Z,OTHER,GAS COGEN,35.63134867456225,58
2019-12-04T00:00:00Z,OTHER,OIL/GAS,44.38118317286173,53
2019-12-04T00:00:00Z,OTHER,WOOD/REFUSE,38.39761096424526,158
2019-12-04T00:00:00Z,SOLAR,SOLAR,0,15
2019-12-04T00:00:00Z,WIND,WIND,1171.6507444689505,1781
2019-12-04T01:00:00Z,COAL,COAL,3004.4203266386194,5568
2019-12-04T01:00:00Z,DUAL FUEL,DUAL FUEL,102.46753038194444,155
2019-12-04T01:00:00Z,GAS,COGENERATION,3972.030772829188,5043
2019-12-04T01:00:00Z,GAS,COMBINED CYCLE,1389.3610647572411,1748
2019-12-04T01:00:00Z,GAS,SIMPLE CYCLE,364.379397960239,905
2019-12-04T01:00:00Z,HYDRO,HYDRO,169.741182472176,894
2019-12-04T01:00:00Z,OTHER,BIOMASS,92.69076121913062,154
2019-12-04T01:00:00Z,OTHER,GAS COGEN,35.68189066674974,58
2019-12-04T01:00:00Z,OTHER,OIL/GAS,43.48910989761352,53
2019-12-04T01:00:00Z,OTHER,WOOD/REFUSE,38.0657611878713,158
2019-12-04T01:00:00Z,SOLAR,SOLAR,0,15
2019-12-04T01:00:00Z,WIND,WIND,1218.8608792900047,1781
2019-12-04T02:00:00Z,COAL,COAL,2989.6485595960085,5568
2019-12-04T02:00:00Z,DUAL FUEL,DUAL FUEL,63.42694722705417,155
2019-12-04T02:00:00Z,GAS,COGENERATION,3914.773073582119,5043
2019-12-04T02:00:00Z,GAS,COMBINED CYCLE,1360.405804637803,1748
2019-12-04T02:00:00Z,GAS,SIMPLE CYCLE,370.5944698958927,905
2019-12-04T02:00:00Z,HYDRO,HYDRO,198.6974089260068,894
2019-12-04T02:00:00Z,OTHER,BIOMASS,93.3883451069726,154
2019-12-04T02:00:00Z,OTHER,GAS COGEN,35.92030971977446,58
2019-12-04T02:00:00Z,OTHER,OIL/GAS,44.39472700330946,53
2019-12-04T02:00:00Z,OTHER,WOOD/REFUSE,38.354892841974895,158
2019-12-04T02:00:00Z,SOLAR,SOLAR,0,15
2019-12-04T02:00:00Z,WIND,WIND,1225.6984374666215,1781
2019-12-04T03:00:00Z,COAL,COAL,3010.414262914128,5568
2019-12-04T03:00:00Z,DUAL FUEL,DUAL FUEL,74.44988463507758,155
2019-12-04T03:00:00Z,GAS,COGENERATION,3962.279127122164,5043
2019-12-04T03:00:00Z,GAS,COMBINED CYCLE,1342.6969712236194,1748
2019-12-04T03:00:00Z,GAS,SIMPLE CYCLE,327.9856955465343,905
2019-12-04T03:00:00Z,HYDRO,HYDRO,259.6261007538107,894
2019-12-04T03:00:00Z,OTHER,BIOMASS,89.22011659781138,154
2019-12-04T03:00:00Z,OTHER,GAS COGEN,28.70305017789205,58
2019-12-04T03:00:00Z,OTHER,OIL/GAS,43.70378224690755,53
2019-12-04T03:00:00Z,OTHER,WOOD/REFUSE,39.93708092424605,158
2019-12-04T03:00:00Z,SOLAR,SOLAR,0,15
2019-12-04T03:00:00Z,WIND,WIND,1160.6329770184889,1781
2019-12-04T04:00:00Z,COAL,COAL,3007.75733344237,5568
2019-12-04T04:00:00Z,DUAL FUEL,DUAL FUEL,124.19556188371446,155
2019-12-04T04:00:00Z,GAS,COGENERATION,4000.2554943611885,5043
2019-12-04T04:00:00Z,GAS,COMBINED CYCLE,1378.073528418541,1748
2019-12-04T04:00:00Z,GAS,SIMPLE CYCLE,174.24137589275838,905
2019-12-04T04:00:00Z,HYDRO,HYDRO,185.06976438654792,894
2019-12-04T04:00:00Z,OTHER,BIOMASS,90.18038879765405,154
2019-12-04T04:00:00Z,OTHER,GAS COGEN,33.53315309479832,58
2019-12-04T04:00:00Z,OTHER,OIL/GAS,42.84247716479831,53
2019-12-04T04:00:00Z,OTHER,WOOD/REFUSE,43.69589140786064,158
2019-12-04T04:00:00Z,SOLAR,SOLAR,0,15
2019-12-04T04:00:00Z,WIND,WIND,1104.542641714414,1781
2019-12-04T05:00:00Z,COAL,COAL,2832.151825003094,5568
2019-12-04T05:00:00Z,DUAL FUEL,DUAL FUEL,61.98649052302043,155
2019-12-04T05:00:00Z,GAS,COGENERATION,3956.7550005585617,5043
2019-12-04T05:00:00Z,GAS,COMBINED CYCLE,1319.5984223180346,1748
2019-12-04T05:00:00Z,GAS,SIMPLE CYCLE,155.5110529809528,905
2019-12-04T05:00:00Z,HYDRO,HYDRO,135.69780646125474,894
2019-12-04T05:00:00Z,OTHER,BIOMASS,91.74400059064229,154
2019-12-04T05:00:00Z,OTHER,GAS COGEN,35.591112475130295,58
2019-12-04T05:00:00Z,OTHER,OIL/GAS,42.23999786376953,53
2019-12-04T05:00:00Z,OTHER,WOOD/REFUSE,43.61303726461198,158
2019-12-04T05:00:00Z,SOLAR,SOLAR,0,15
2019-12-04T05:00:00Z,WIND,WIND,1212.1077187669443,1781
2019-12-04T06:00:00Z,COAL,COAL,2627.5448175226315,5568
2019-12-04T06:00:00Z,DUAL FUEL,DUAL FUEL,51.23109990649753,155
2019-12-04T06:00:00Z,GAS,COGENERATION,3934.400498329931,5043
2019-12-04T06:00:00Z,GAS,COMBINED CYCLE,1229.2253375649452,1748
2019-12-04T06:00:00Z,GAS,SIMPLE CYCLE,175.79554612106747,905
2019-12-04T06:00:00Z,HYDRO,HYDRO,101.25200564776858,894
2019-12-04T06:00:00Z,OTHER,BIOMASS,92.20777837594349,154
2019-12-04T06:00:00Z,OTHER,GAS COGEN,40.68012442906698,58
2019-12-04T06:00:00Z,OTHER,OIL/GAS,43.07937114291721,53
2019-12-04T06:00:00Z,OTHER,WOOD/REFUSE,44.39905364566379,158
2019-12-04T06:00:00Z,SOLAR,SOLAR,0,15
2019-12-04T06:00:00Z,WIND,WIND,1174.162504085087,1781
2019-12-04T07:00:00Z,COAL,COAL,2435.252463459439,5568
2019-12-04T07:00:00Z,DUAL FUEL,DUAL FUEL,52.079933967590335,155
2019-12-04T07:00:00Z,GAS,COGENERATION,3942.295219769511,5043
2019-12-04T07:00:00Z,GAS,COMBINED CYCLE,1178.344312242932,1748
2019-12-04T07:00:00Z,GAS,SIMPLE CYCLE,198.63832006957796,905
2019-12-04T07:00:00Z,HYDRO,HYDRO,89.60935525235203,894
2019-12-04T07:00:00Z,OTHER,BIOMASS,92.8241997385025,154
2019-12-04T07:00:00Z,OTHER,GAS COGEN,41.45116360505422,58
2019-12-04T07:00:00Z,OTHER,OIL/GAS,42.70168186823527,53
2019-12-04T07:00:00Z,OTHER,WOOD/REFUSE,45.831419825553894,158
2019-12-04T07:00:00Z,SOLAR,SOLAR,0,15
2019-12-04T07:00:00Z,WIND,WIND,1150.434516075055,1781
2019-12-04T08:00:00Z,COAL,COAL,2412.354574491713,5568
2019-12-04T08:00:00Z,DUAL FUEL,DUAL FUEL,51.67368253495958,155
2019-12-04T08:00:00Z,GAS,COGENERATION,3952.1526244688034,5043
2019-12-04T08:00:00Z,GAS,COMBINED CYCLE,1105.3042708630032,1748
2019-12-04T08:00:00Z,GAS,SIMPLE CYCLE,197.35297002118494,905
2019-12-04T08:00:00Z,HYDRO,HYDRO,47.74052767660883,894
2019-12-04T08:00:00Z,OTHER,BIOMASS,93.40295040766398,154
2019-12-04T08:00:00Z,OTHER,GAS COGEN,41.58055629995134,58
2019-12-04T08:00:00Z,OTHER,OIL/GAS,42.37139942593045,53
2019-12-04T08:00:00Z,OTHER,WOOD/REFUSE,46.3421117231581,158
2019-12-04T08:00:00Z,SOLAR,SOLAR,0,15
2019-12-04T08:00:00Z,WIND,WIND,1128.0363469159852,1781
2019-12-04T09:00:00Z,COAL,COAL,2249.2914039679367,5568
2019-12-04T09:00:00Z,DUAL FUEL,DUAL FUEL,50.915866139729815,155
2019-12-04T09:00:00Z,GAS,COGENERATION,3919.8234913122656,5043
2019-12-04T09:00:00Z,GAS,COMBINED CYCLE,1073.951780114174,1748
2019-12-04T09:00:00Z,GAS,SIMPLE CYCLE,198.95998210933473,905
2019-12-04T09:00:00Z,HYDRO,HYDRO,69.84717995577388,894
2019-12-04T09:00:00Z,OTHER,BIOMASS,94.62032687664032,154
2019-12-04T09:00:00Z,OTHER,GAS COGEN,41.56343572298685,58
2019-12-04T09:00:00Z,OTHER,OIL/GAS,42.43003725687663,53
2019-12-04T09:00:00Z,OTHER,WOOD/REFUSE,46.134688082271154,158
2019-12-04T09:00:00Z,SOLAR,SOLAR,0,15
2019-12-04T09:00:00Z,WIND,WIND,1199.388039741781,1781
2019-12-04T10:00:00Z,COAL,COAL,2221.460704681542,5568
2019-12-04T10:00:00Z,DUAL FUEL,DUAL FUEL,51.17944755978054,155
2019-12-04T10:00:00Z,GAS,COGENERATION,3973.8973061087395,5043
2019-12-04T10:00:00Z,GAS,COMBINED CYCLE,1058.494125459989,1748
2019-12-04T10:00:00Z,GAS,SIMPLE CYCLE,200.18310646851856,905
2019-12-04T10:00:00Z,HYDRO,HYDRO,94.0544252402915,894
2019-12-04T10:00:00Z,OTHER,BIOMASS,93.21627272870805,154
2019-12-04T10:00:00Z,OTHER,GAS COGEN,41.43359485520257,58
2019-12-04T10:00:00Z,OTHER,OIL/GAS,42.721660448710125,53
2019-12-04T10:00:00Z,OTHER,WOOD/REFUSE,46.08173605600993,158
2019-12-04T10:00:00Z,SOLAR,SOLAR,0,15
2019-12-04T10:00:00Z,WIND,WIND,1184.1668853441874,1781
2019-12-04T11:00:00Z,COAL,COAL,2342.3175315458907,5568
2019-12-04T11:00:00Z,DUAL FUEL,DUAL FUEL,51.07835080040826,155
2019-12-04T11:00:00Z,GAS,COGENERATION,4002.832394352754,5043
2019-12-04T11:00:00Z,GAS,COMBINED CYCLE,1025.5699102017616,1748
2019-12-04T11:00:00Z,GAS,SIMPLE CYCLE,196.9690820063485,905
2019-12-04T11:00:00Z,HYDRO,HYDRO,69.22524577952093,894
2019-12-04T11:00:00Z,OTHER,BIOMASS,93.06145662360721,154
2019-12-04T11:00:00Z,OTHER,GAS COGEN,41.43081396950616,58
2019-12-04T11:00:00Z,OTHER,OIL/GAS,42.816693170335554,53
2019-12-04T11:00:00Z,OTHER,WOOD/REFUSE,46.239864295323684,158
2019-12-04T11:00:00Z,SOLAR,SOLAR,0,15
2019-12-04T11:00:00Z,WIND,WIND,1209.7788547568355,1781
2019-12-04T12:00:00Z,COAL,COAL,2427.6730894292727,5568
2019-12-04T12:00:00Z,DUAL FUEL,DUAL FUEL,50.9354085053338,155
2019-12-04T12:00:00Z,GAS,COGENERATION,4010.1314349079134,5043
2019-12-04T12:00:00Z,GAS,COMBINED CYCLE,1101.2543477831946,1748
2019-12-04T12:00:00Z,GAS,SIMPLE CYCLE,196.09957707617016,905
2019-12-04T12:00:00Z,HYDRO,HYDRO,116.49210277762678,894
2019-12-04T12:00:00Z,OTHER,BIOMASS,91.89325023068322,154
2019-12-04T12:00:00Z,OTHER,GAS COGEN,41.62928974999322,58
2019-12-04T12:00:00Z,OTHER,OIL/GAS,43.364376339382595,53
2019-12-04T12:00:00Z,OTHER,WOOD/REFUSE,45.687739949226376,158
2019-12-04T12:00:00Z,SOLAR,SOLAR,0,15
2019-12-04T12:00:00Z,WIND,WIND,1227.9138075069586,1781
2019-12-04T13:00:00Z,COAL,COAL,2753.9399032868278,5568
2019-12-04T13:00:00Z,DUAL FUEL,DUAL FUEL,50.931856856875946,155
2019-12-04T13:00:00Z,GAS,COGENERATION,4106.961739374002,5043
2019-12-04T13:00:00Z,GAS,COMBINED CYCLE,1116.288098234468,1748
2019-12-04T13:00:00Z,GAS,SIMPLE CYCLE,196.15336534288193,905
2019-12-04T13:00:00Z,HYDRO,HYDRO,138.56858120501042,894
2019-12-04T13:00:00Z,OTHER,BIOMASS,93.14744943353865,154
2019-12-04T13:00:00Z,OTHER,GAS COGEN,41.914750021828546,58
2019-12-04T13:00:00Z,OTHER,OIL/GAS,43.51608098347982,53
2019-12-04T13:00:00Z,OTHER,WOOD/REFUSE,47.87058954344856,158
2019-12-04T13:00:00Z,SOLAR,SOLAR,0,15
2019-12-04T13:00:00Z,WIND,WIND,1253.1464415105847,1781
2019-12-04T14:00:00Z,COAL,COAL,3151.5300243579018,5568
2019-12-04T14:00:00Z,DUAL FUEL,DUAL FUEL,71.35750973171658,155
2019-12-04T14:00:00Z,GAS,COGENERATION,4076.042311284012,5043
2019-12-04T14:00:00Z,GAS,COMBINED CYCLE,1280.87460387018,1748
2019-12-04T14:00:00Z,GAS,SIMPLE CYCLE,246.93817213694254,905
2019-12-04T14:00:00Z,HYDRO,HYDRO,183.65084240959752,894
2019-12-04T14:00:00Z,OTHER,BIOMASS,92.8563333468967,154
2019-12-04T14:00:00Z,OTHER,GAS COGEN,40.116495549943714,58
2019-12-04T14:00:00Z,OTHER,OIL/GAS,43.09262118869358,53
2019-12-04T14:00:00Z,OTHER,WOOD/REFUSE,49.10765484174093,158
2019-12-04T14:00:00Z,SOLAR,SOLAR,0,15
2019-12-04T14:00:00Z,WIND,WIND,1216.400971894198,1781
2019-12-04T15:00:00Z,COAL,COAL,3267.192736177444,5568
2019-12-04T15:00:00Z,DUAL FUEL,DUAL FUEL,86.41242825826009,155
2019-12-04T15:00:00Z,GAS,COGENERATION,4073.199902855555,5043
2019-12-04T15:00:00Z,GAS,COMBINED CYCLE,1363.226170914438,1748
2019-12-04T15:00:00Z,GAS,SIMPLE CYCLE,254.22902510060203,905
2019-12-04T15:00:00Z,HYDRO,HYDRO,142.19686874422763,894
2019-12-04T15:00:00Z,OTHER,BIOMASS,92.91878906329472,154
2019-12-04T15:00:00Z,OTHER,GAS COGEN,39.041606773800325,58
2019-12-04T15:00:00Z,OTHER,OIL/GAS,43.25924394395616,53
2019-12-04T15:00:00Z,OTHER,WOOD/REFUSE,51.827133921517266,158
2019-12-04T15:00:00Z,SOLAR,SOLAR,0.08433332830667496,15
2019-12-04T15:00:00Z,WIND,WIND,1271.6657489326265,1781
2019-12-04T16:00:00Z,COAL,COAL,3266.959463838471,5568
2019-12-04T16:00:00Z,DUAL FUEL,DUAL FUEL,90.75528761969672,155
2019-12-04T16:00:00Z,GAS,COGENERATION,4081.6231996851498,5043
2019-12-04T16:00:00Z,GAS,COMBINED CYCLE,1362.6299747954474,1748
2019-12-04T16:00:00Z,GAS,SIMPLE CYCLE,184.0118530787362,905
2019-12-04T16:00:00Z,HYDRO,HYDRO,138.30541337662274,894
2019-12-04T16:00:00Z,OTHER,BIOMASS,89.88462212403616,154
2019-12-04T16:00:00Z,OTHER,GAS COGEN,29.954325510130985,58
2019-12-04T16:00:00Z,OTHER,OIL/GAS,42.576648813883466,53
2019-12-04T16:00:00Z,OTHER,WOOD/REFUSE,57.487183858023755,158
2019-12-04T16:00:00Z,SOLAR,SOLAR,2.954833275841342,15
2019-12-04T16:00:00Z,WIND,WIND,1246.065675198767,1781
2019-12-04T17:00:00Z,COAL,COAL,3299.2481382836236,5568
2019-12-04T17:00:00Z,DUAL FUEL,DUAL FUEL,57.5457385995653,155
2019-12-04T17:00:00Z,GAS,COGENERATION,4081.991755164332,5043
2019-12-04T17:00:00Z,GAS,COMBINED CYCLE,1356.634401164055,1748
2019-12-04T17:00:00Z,GAS,SIMPLE CYCLE,187.32054496712155,905
2019-12-04T17:00:00Z,HYDRO,HYDRO,133.63827084673775,894
2019-12-04T17:00:00Z,OTHER,BIOMASS,90.54348321225908,154
2019-12-04T17:00:00Z,OTHER,GAS COGEN,30.874082819985016,58
2019-12-04T17:00:00Z,OTHER,OIL/GAS,43.15197746488783,53
2019-12-04T17:00:00Z,OTHER,WOOD/REFUSE,66.64926872624291,158
2019-12-04T17:00:00Z,SOLAR,SOLAR,4.507499930858612,15
2019-12-04T17:00:00Z,WIND,WIND,1224.737591992484,1781
2019-12-04T18:00:00Z,COAL,COAL,3273.6337290713523,5568
2019-12-04T18:00:00Z,DUAL FUEL,DUAL FUEL,67.90779471291437,155
2019-12-04T18:00:00Z,GAS,COGENERATION,4094.146389428063,5043
2019-12-04T18:00:00Z,GAS,COMBINED CYCLE,1376.674287489785,1748
2019-12-04T18:00:00Z,GAS,SIMPLE CYCLE,186.0876935810513,905
2019-12-04T18:00:00Z,HYDRO,HYDRO,172.24043508238265,894
2019-12-04T18:00:00Z,OTHER,BIOMASS,89.56769558482699,154
2019-12-04T18:00:00Z,OTHER,GAS COGEN,36.61416477547751,58
2019-12-04T18:00:00Z,OTHER,OIL/GAS,43.25429364098443,53
2019-12-04T18:00:00Z,OTHER,WOOD/REFUSE,70.52781540552775,158
2019-12-04T18:00:00Z,SOLAR,SOLAR,5.417777685456806,15
2019-12-04T18:00:00Z,WIND,WIND,1108.4487367023362,1781
2019-12-04T19:00:00Z,COAL,COAL,3259.87023106575,5568
2019-12-04T19:00:00Z,DUAL FUEL,DUAL FUEL,119.04804013146294,155
2019-12-04T19:00:00Z,GAS,COGENERATION,4115.296919062601,5043
2019-12-04T19:00:00Z,GAS,COMBINED CYCLE,1426.5650329240164,1748
2019-12-04T19:00:00Z,GAS,SIMPLE CYCLE,185.90373437139723,905
2019-12-04T19:00:00Z,HYDRO,HYDRO,137.76852774547206,894
2019-12-04T19:00:00Z,OTHER,BIOMASS,88.88215602556865,154
2019-12-04T19:00:00Z,OTHER,GAS COGEN,40.07959618038601,58
2019-12-04T19:00:00Z,OTHER,OIL/GAS,43.39057104110718,53
2019-12-04T19:00:00Z,OTHER,WOOD/REFUSE,72.25328682051764,158
2019-12-04T19:00:00Z,SOLAR,SOLAR,2.974333261847496,15
2019-12-04T19:00:00Z,WIND,WIND,1008.7671446687646,1781
2019-12-04T20:00:00Z,COAL,COAL,3322.7629926302698,5568
2019-12-04T20:00:00Z,DUAL FUEL,DUAL FUEL,71.2712524180942,155
2019-12-04T20:00:00Z,GAS,COGENERATION,4084.9617784841853,5043
2019-12-04T20:00:00Z,GAS,COMBINED CYCLE,1398.5932970354293,1748
2019-12-04T20:00:00Z,GAS,SIMPLE CYCLE,185.76643911321958,905
2019-12-04T20:00:00Z,HYDRO,HYDRO,138.47270015405283,894
2019-12-04T20:00:00Z,OTHER,BIOMASS,88.92708881855012,154
2019-12-04T20:00:00Z,OTHER,GAS COGEN,44.045027832455105,58
2019-12-04T20:00:00Z,OTHER,OIL/GAS,43.06536394119263,53
2019-12-04T20:00:00Z,OTHER,WOOD/REFUSE,74.33853190422057,158
2019-12-04T20:00:00Z,SOLAR,SOLAR,1.5046110637982686,15
2019-12-04T20:00:00Z,WIND,WIND,1005.8377761403306,1781
2019-12-04T21:00:00Z,COAL,COAL,3426.3986491918563,5568
2019-12-04T21:00:00Z,DUAL FUEL,DUAL FUEL,52.529995379977755,155
2019-12-04T21:00:00Z,GAS,COGENERATION,4085.9277455213337,5043
2019-12-04T21:00:00Z,GAS,COMBINED CYCLE,1409.4460631836787,1748
2019-12-04T21:00:00Z,GAS,SIMPLE CYCLE,189.55710927042696,905
2019-12-04T21:00:00Z,HYDRO,HYDRO,177.27487192796337,894
2019-12-04T21:00:00Z,OTHER,BIOMASS,90.36037800338534,154
2019-12-04T21:00:00Z,OTHER,GAS COGEN,44.57236736509535,58
2019-12-04T21:00:00Z,OTHER,OIL/GAS,42.94689854939779,53
2019-12-04T21:00:00Z,OTHER,WOOD/REFUSE,75.76615060276455,158
2019-12-04T21:00:00Z,SOLAR,SOLAR,1.1128888680868678,15
2019-12-04T21:00:00Z,WIND,WIND,913.3125262688266,1781
2019-12-04T22:00:00Z,COAL,COAL,3529.5072855618264,5568
2019-12-04T22:00:00Z,DUAL FUEL,DUAL FUEL,107.94844135284424,155
2019-12-04T22:00:00Z,GAS,COGENERATION,4133.7664175724985,5043
2019-12-04T22:00:00Z,GAS,COMBINED CYCLE,1447.7971034034092,1748
2019-12-04T22:00:00Z,GAS,SIMPLE CYCLE,195.20155971540345,905
2019-12-04T22:00:00Z,HYDRO,HYDRO,149.92171458976136,894
2019-12-04T22:00:00Z,OTHER,BIOMASS,92.53731113486819,154
2019-12-04T22:00:00Z,OTHER,GAS COGEN,44.79617934385935,58
2019-12-04T22:00:00Z,OTHER,OIL/GAS,43.12114892959595,53
2019-12-04T22:00:00Z,OTHER,WOOD/REFUSE,76.76691899352603,158
2019-12-04T22:00:00Z,SOLAR,SOLAR,1.0437222063541411,15
2019-12-04T22:00:00Z,WIND,WIND,810.3711985995703,1781
2019-12-04T23:00:00Z,COAL,COAL,3588.908815483517,5568
2019-12-04T23:00:00Z,DUAL FUEL,DUAL FUEL,120.39981214311388,155
2019-12-04T23:00:00Z,GAS,COGENERATION,4138.8983644591435,5043
2019-12-04T23:00:00Z,GAS,COMBINED CYCLE,1454.135838804245,1748
2019-12-04T23:00:00Z,GAS,SIMPLE CYCLE,257.1745787810617,905
2019-12-04T23:00:00Z,HYDRO,HYDRO,138.60294786088997,894
2019-12-04T23:00:00Z,OTHER,BIOMASS,92.10238882011838,154
2019-12-04T23:00:00Z,OTHER,GAS COGEN,44.93303152137332,58
2019-12-04T23:00:00Z,OTHER,OIL/GAS,42.94144404093424,53
2019-12-04T23:00:00Z,OTHER,WOOD/REFUSE,77.018860233094955,158
2019-12-04T23:00:00Z,SOLAR,SOLAR,0,15
2019-12-04T23:00:00Z,WIND,WIND,859.6828647196706,1781
2019-12-05T00:00:00Z,COAL,COAL,3606.9037943755256,5568
2019-12-05T00:00:00Z,DUAL FUEL,DUAL FUEL,128.79781295352512,155
2019-12-05T00:00:00Z,GAS,COGENERATION,4187.0337851428985,5043
2019-12-05T00:00:00Z,GAS,COMBINED CYCLE,1479.816907901764,1748
2019-12-05T00:00:00Z,GAS,SIMPLE CYCLE,269.9313610025247,905
2019-12-05T00:00:00Z,HYDRO,HYDRO,239.22777658316824,894
2019-12-05T00:00:00Z,OTHER,BIOMASS,91.13132738060422,154
2019-12-05T00:00:00Z,OTHER,GAS COGEN,45.065031661987305,58
2019-12-05T00:00:00Z,OTHER,OIL/GAS,43.21272715462579,53
2019-12-05T00:00:00Z,OTHER,WOOD/REFUSE,76.0965718099806,158
2019-12-05T00:00:00Z,SOLAR,SOLAR,0,15
2019-12-05T00:00:00Z,WIND,WIND,798.8562221394149,1781
2019-12-05T01:00:00Z,COAL,COAL,3576.7566686291166,5568
2019-12-05T01:00:00Z,DUAL FUEL,DUAL FUEL,128.29792516496445,155
2019-12-05T01:00:00Z,GAS,COGENERATION,4185.6606903125175,5043
2019-12-05T01:00:00Z,GAS,COMBINED CYCLE,1472.9846550655366,1748
2019-12-05T01:00:00Z,GAS,SIMPLE CYCLE,265.124539711078,905
2019-12-05T01:00:00Z,HYDRO,HYDRO,264.9580553334289,894
2019-12-05T01:00:00Z,OTHER,BIOMASS,91.6580670091841,154
2019-12-05T01:00:00Z,OTHER,GAS COGEN,45.02520589563582,58
2019-12-05T01:00:00Z,OTHER,OIL/GAS,43.72405455059475,53
2019-12-05T01:00:00Z,OTHER,WOOD/REFUSE,75.71357539335887,158
2019-12-05T01:00:00Z,SOLAR,SOLAR,0,15
2019-12-05T01:00:00Z,WIND,WIND,631.2785613745948,1781
2019-12-05T02:00:00Z,COAL,COAL,3509.249710597992,5568
2019-12-05T02:00:00Z,DUAL FUEL,DUAL FUEL,114.18670797983803,155
2019-12-05T02:00:00Z,GAS,COGENERATION,4220.476939421859,5043
2019-12-05T02:00:00Z,GAS,COMBINED CYCLE,1524.0185874170727,1748
2019-12-05T02:00:00Z,GAS,SIMPLE CYCLE,353.93284007211525,905
2019-12-05T02:00:00Z,HYDRO,HYDRO,325.113764020039,894
2019-12-05T02:00:00Z,OTHER,BIOMASS,94.31151165485383,154
2019-12-05T02:00:00Z,OTHER,GAS COGEN,43.569256686104666,58
2019-12-05T02:00:00Z,OTHER,OIL/GAS,43.7083217133416,53
2019-12-05T02:00:00Z,OTHER,WOOD/REFUSE,79.8547732114792,158
2019-12-05T02:00:00Z,SOLAR,SOLAR,0,15
2019-12-05T02:00:00Z,WIND,WIND,462.2516872340523,1781
2019-12-05T03:00:00Z,COAL,COAL,3495.0604464764065,5568
2019-12-05T03:00:00Z,DUAL FUEL,DUAL FUEL,110.22366987864176,155
2019-12-05T03:00:00Z,GAS,COGENERATION,4225.997819932302,5043
2019-12-05T03:00:00Z,GAS,COMBINED CYCLE,1494.282387845516,1748
2019-12-05T03:00:00Z,GAS,SIMPLE CYCLE,315.7764620102776,905
2019-12-05T03:00:00Z,HYDRO,HYDRO,376.06867001692456,894
2019-12-05T03:00:00Z,OTHER,BIOMASS,96.42431131627825,154
2019-12-05T03:00:00Z,OTHER,GAS COGEN,42.81754829830594,58
2019-12-05T03:00:00Z,OTHER,OIL/GAS,42.15275408214993,53
2019-12-05T03:00:00Z,OTHER,WOOD/REFUSE,81.56168745040894,158
2019-12-05T03:00:00Z,SOLAR,SOLAR,0,15
2019-12-05T03:00:00Z,WIND,WIND,333.7299558338854,1781
2019-12-05T04:00:00Z,COAL,COAL,3518.394363038805,5568
2019-12-05T04:00:00Z,DUAL FUEL,DUAL FUEL,109.19256985558404,155
2019-12-05T04:00:00Z,GAS,COGENERATION,4234.825310854118,5043
2019-12-05T04:00:00Z,GAS,COMBINED CYCLE,1401.751246015231,1748
2019-12-05T04:00:00Z,GAS,SIMPLE CYCLE,309.7175455792745,905
2019-12-05T04:00:00Z,HYDRO,HYDRO,295.42301045272086,894
2019-12-05T04:00:00Z,OTHER,BIOMASS,96.98002673361036,154
2019-12-05T04:00:00Z,OTHER,GAS COGEN,42.836401771969264,58
2019-12-05T04:00:00Z,OTHER,OIL/GAS,44.18277114656237,53
2019-12-05T04:00:00Z,OTHER,WOOD/REFUSE,81.92207737180921,158
2019-12-05T04:00:00Z,SOLAR,SOLAR,0,15
2019-12-05T04:00:00Z,WIND,WIND,242.71210019444428,1781
2019-12-05T05:00:00Z,COAL,COAL,3406.5349445491365,5568
2019-12-05T05:00:00Z,DUAL FUEL,DUAL FUEL,108.79520736694336,155
2019-12-05T05:00:00Z,GAS,COGENERATION,4239.153044732411,5043
2019-12-05T05:00:00Z,GAS,COMBINED CYCLE,1352.835583817694,1748
2019-12-05T05:00:00Z,GAS,SIMPLE CYCLE,252.7957815712028,905
2019-12-05T05:00:00Z,HYDRO,HYDRO,206.64519112255837,894
2019-12-05T05:00:00Z,OTHER,BIOMASS,97.00050571653577,154
2019-12-05T05:00:00Z,OTHER,GAS COGEN,42.95317318174574,58
2019-12-05T05:00:00Z,OTHER,OIL/GAS,43.65044381247626,53
2019-12-05T05:00:00Z,OTHER,WOOD/REFUSE,82.72279040071699,158
2019-12-05T05:00:00Z,SOLAR,SOLAR,0,15
2019-12-05T05:00:00Z,WIND,WIND,184.8084697087109,1781
2019-12-05T06:00:00Z,COAL,COAL,3248.3462008709375,5568
2019-12-05T06:00:00Z,DUAL FUEL,DUAL FUEL,86.84943202124701,155
2019-12-05T06:00:00Z,GAS,COGENERATION,4247.041986217234,5043
2019-12-05T06:00:00Z,GAS,COMBINED CYCLE,1330.7056454775068,1748
2019-12-05T06:00:00Z,GAS,SIMPLE CYCLE,216.64410858949026,905
2019-12-05T06:00:00Z,HYDRO,HYDRO,134.53584840706654,894
2019-12-05T06:00:00Z,OTHER,BIOMASS,97.76846675713857,154
2019-12-05T06:00:00Z,OTHER,GAS COGEN,43.045232603285044,58
2019-12-05T06:00:00Z,OTHER,OIL/GAS,45.052793203989665,53
2019-12-05T06:00:00Z,OTHER,WOOD/REFUSE,84.23886526902517,158
2019-12-05T06:00:00Z,SOLAR,SOLAR,0,15
2019-12-05T06:00:00Z,WIND,WIND,135.4539302091466,1781
2019-12-05T07:00:00Z,COAL,COAL,3106.4510980796813,5568
2019-12-05T07:00:00Z,DUAL FUEL,DUAL FUEL,85.40847668117947,155
2019-12-05T07:00:00Z,GAS,COGENERATION,4242.347471053368,5043
2019-12-05T07:00:00Z,GAS,COMBINED CYCLE,1336.8930896049076,1748
2019-12-05T07:00:00Z,GAS,SIMPLE CYCLE,212.5128261282709,905
2019-12-05T07:00:00Z,HYDRO,HYDRO,112.14046546724109,894
2019-12-05T07:00:00Z,OTHER,BIOMASS,98.19992800500658,154
2019-12-05T07:00:00Z,OTHER,GAS COGEN,43.030324126349555,58
2019-12-05T07:00:00Z,OTHER,OIL/GAS,46.668799372779,53
2019-12-05T07:00:00Z,OTHER,WOOD/REFUSE,86.35128926171197,158
2019-12-05T07:00:00Z,SOLAR,SOLAR,0,15
2019-12-05T07:00:00Z,WIND,WIND,95.98203081420726,1781
2019-12-05T08:00:00Z,COAL,COAL,3083.218502137926,5568
2019-12-05T08:00:00Z,DUAL FUEL,DUAL FUEL,84.91393660227457,155
2019-12-05T08:00:00Z,GAS,COGENERATION,4248.039999963509,5043
2019-12-05T08:00:00Z,GAS,COMBINED CYCLE,1349.1782173268,1748
2019-12-05T08:00:00Z,GAS,SIMPLE CYCLE,211.12793675685094,905
2019-12-05T08:00:00Z,HYDRO,HYDRO,120.15653872450193,894
2019-12-05T08:00:00Z,OTHER,BIOMASS,97.39327193419139,154
2019-12-05T08:00:00Z,OTHER,GAS COGEN,42.990328288608126,58
2019-12-05T08:00:00Z,OTHER,OIL/GAS,45.946222070058184,53
2019-12-05T08:00:00Z,OTHER,WOOD/REFUSE,85.62680714766185,158
2019-12-05T08:00:00Z,SOLAR,SOLAR,0,15
2019-12-05T08:00:00Z,WIND,WIND,70.38488669423593,1781
2019-12-05T09:00:00Z,COAL,COAL,3082.249223348829,5568
2019-12-05T09:00:00Z,DUAL FUEL,DUAL FUEL,85.09387823316786,155
2019-12-05T09:00:00Z,GAS,COGENERATION,4249.381637313896,5043
2019-12-05T09:00:00Z,GAS,COMBINED CYCLE,1335.826178934839,1748
2019-12-05T09:00:00Z,GAS,SIMPLE CYCLE,210.54354749825265,905
2019-12-05T09:00:00Z,HYDRO,HYDRO,97.42243093934324,894
2019-12-05T09:00:00Z,OTHER,BIOMASS,97.68371094597711,154
2019-12-05T09:00:00Z,OTHER,GAS COGEN,42.891594081454805,58
2019-12-05T09:00:00Z,OTHER,OIL/GAS,45.61138179567125,53
2019-12-05T09:00:00Z,OTHER,WOOD/REFUSE,87.15635780599382,158
2019-12-05T09:00:00Z,SOLAR,SOLAR,0,15
2019-12-05T09:00:00Z,WIND,WIND,42.61893470093608,1781
2019-12-05T10:00:00Z,COAL,COAL,3083.3864063432484,5568
2019-12-05T10:00:00Z,DUAL FUEL,DUAL FUEL,85.36974681006538,155
2019-12-05T10:00:00Z,GAS,COGENERATION,4266.419297907088,5043
2019-12-05T10:00:00Z,GAS,COMBINED CYCLE,1341.8782292514377,1748
2019-12-05T10:00:00Z,GAS,SIMPLE CYCLE,212.0980296312438,905
2019-12-05T10:00:00Z,HYDRO,HYDRO,101.47660128553707,894
2019-12-05T10:00:00Z,OTHER,BIOMASS,97.34336629231771,154
2019-12-05T10:00:00Z,OTHER,GAS COGEN,42.881469390657216,58
2019-12-05T10:00:00Z,OTHER,OIL/GAS,45.46367677052816,53
2019-12-05T10:00:00Z,OTHER,WOOD/REFUSE,87.01218447685241,158
2019-12-05T10:00:00Z,SOLAR,SOLAR,0,15
2019-12-05T10:00:00Z,WIND,WIND,19.044129818247423,1781
2019-12-05T11:00:00Z,COAL,COAL,3131.980926617516,5568
2019-12-05T11:00:00Z,DUAL FUEL,DUAL FUEL,84.96034715016683,155
2019-12-05T11:00:00Z,GAS,COGENERATION,4262.622824074162,5043
2019-12-05T11:00:00Z,GAS,COMBINED CYCLE,1345.6654383272594,1748
2019-12-05T11:00:00Z,GAS,SIMPLE CYCLE,214.86062971327038,905
2019-12-05T11:00:00Z,HYDRO,HYDRO,124.47365783891745,894
2019-12-05T11:00:00Z,OTHER,BIOMASS,95.99083864106072,154
2019-12-05T11:00:00Z,OTHER,GAS COGEN,42.961714106665724,58
2019-12-05T11:00:00Z,OTHER,OIL/GAS,45.16852095921834,53
2019-12-05T11:00:00Z,OTHER,WOOD/REFUSE,87.35551330195533,158
2019-12-05T11:00:00Z,SOLAR,SOLAR,0,15
2019-12-05T11:00:00Z,WIND,WIND,11.091563067862557,1781
2019-12-05T12:00:00Z,COAL,COAL,3226.689644173516,5568
2019-12-05T12:00:00Z,DUAL FUEL,DUAL FUEL,85.38333110809326,155
2019-12-05T12:00:00Z,GAS,COGENERATION,4251.133063249058,5043
2019-12-05T12:00:00Z,GAS,COMBINED CYCLE,1343.7187528763877,1748
2019-12-05T12:00:00Z,GAS,SIMPLE CYCLE,215.2619101079305,905
2019-12-05T12:00:00Z,HYDRO,HYDRO,169.35117352306844,894
2019-12-05T12:00:00Z,OTHER,BIOMASS,96.41047690550486,154
2019-12-05T12:00:00Z,OTHER,GAS COGEN,42.925556234253776,58
2019-12-05T12:00:00Z,OTHER,OIL/GAS,45.68153656429715,53
2019-12-05T12:00:00Z,OTHER,WOOD/REFUSE,86.4612429719501,158
2019-12-05T12:00:00Z,SOLAR,SOLAR,0,15
2019-12-05T12:00:00Z,WIND,WIND,21.398936520102954,1781
2019-12-05T13:00:00Z,COAL,COAL,3367.8609234693313,5568
2019-12-05T13:00:00Z,DUAL FUEL,DUAL FUEL,90.07600245157876,155
2019-12-05T13:00:00Z,GAS,COGENERATION,4248.630943318473,5043
2019-12-05T13:00:00Z,GAS,COMBINED CYCLE,1362.1239434059462,1748
2019-12-05T13:00:00Z,GAS,SIMPLE CYCLE,207.15246115244096,905
2019-12-05T13:00:00Z,HYDRO,HYDRO,300.31548753392366,894
2019-12-05T13:00:00Z,OTHER,BIOMASS,96.96508357789781,154
2019-12-05T13:00:00Z,OTHER,GAS COGEN,42.98741442362468,58
2019-12-05T13:00:00Z,OTHER,OIL/GAS,47.46828172259861,53
2019-12-05T13:00:00Z,OTHER,WOOD/REFUSE,87.96670326391856,158
2019-12-05T13:00:00Z,SOLAR,SOLAR,0,15
2019-12-05T13:00:00Z,WIND,WIND,24.559058423770797,1781
2019-12-05T14:00:00Z,COAL,COAL,3580.226484158834,5568
2019-12-05T14:00:00Z,DUAL FUEL,DUAL FUEL,110.7954365963406,155
2019-12-05T14:00:00Z,GAS,COGENERATION,4236.246624193722,5043
2019-12-05T14:00:00Z,GAS,COMBINED CYCLE,1391.8177333662245,1748
2019-12-05T14:00:00Z,GAS,SIMPLE CYCLE,311.1844882869555,905
2019-12-05T14:00:00Z,HYDRO,HYDRO,346.97045376376974,894
2019-12-05T14:00:00Z,OTHER,BIOMASS,97.41170051150851,154
2019-12-05T14:00:00Z,OTHER,GAS COGEN,42.99774909761217,58
2019-12-05T14:00:00Z,OTHER,OIL/GAS,46.938147724999325,53
2019-12-05T14:00:00Z,OTHER,WOOD/REFUSE,90.87218650394016,158
2019-12-05T14:00:00Z,SOLAR,SOLAR,0,15
2019-12-05T14:00:00Z,WIND,WIND,24.75875069172846,1781
2019-12-05T15:00:00Z,COAL,COAL,3555.617899998559,5568
2019-12-05T15:00:00Z,DUAL FUEL,DUAL FUEL,109.77042966630724,155
2019-12-05T15:00:00Z,GAS,COGENERATION,4220.4241922410165,5043
2019-12-05T15:00:00Z,GAS,COMBINED CYCLE,1551.9106552717421,1748
2019-12-05T15:00:00Z,GAS,SIMPLE CYCLE,287.5175228231814,905
2019-12-05T15:00:00Z,HYDRO,HYDRO,281.3902530792687,894
2019-12-05T15:00:00Z,OTHER,BIOMASS,93.9882338200675,154
2019-12-05T15:00:00Z,OTHER,GAS COGEN,39.32866483794318,58
2019-12-05T15:00:00Z,OTHER,OIL/GAS,45.6938489235772,53
2019-12-05T15:00:00Z,OTHER,WOOD/REFUSE,88.52958856423696,158
2019-12-05T15:00:00Z,SOLAR,SOLAR,0,15
2019-12-05T15:00:00Z,WIND,WIND,43.04775330007904,1781
2019-12-05T16:00:00Z,COAL,COAL,3543.857523559994,5568
2019-12-05T16:00:00Z,DUAL FUEL,DUAL FUEL,109.39936013115776,155
2019-12-05T16:00:00Z,GAS,COGENERATION,4219.0656504372755,5043
2019-12-05T16:00:00Z,GAS,COMBINED CYCLE,1569.2324810197617,1748
2019-12-05T16:00:00Z,GAS,SIMPLE CYCLE,283.7300242837932,905
2019-12-05T16:00:00Z,HYDRO,HYDRO,254.9762158295181,894
2019-12-05T16:00:00Z,OTHER,BIOMASS,95.33277813010746,154
2019-12-05T16:00:00Z,OTHER,GAS COGEN,38.70864222950405,58
2019-12-05T16:00:00Z,OTHER,OIL/GAS,45.41783857557509,53
2019-12-05T16:00:00Z,OTHER,WOOD/REFUSE,88.75734121534559,158
2019-12-05T16:00:00Z,SOLAR,SOLAR,0.23016665294766425,15
2019-12-05T16:00:00Z,WIND,WIND,94.82626060238316,1781
2019-12-05T17:00:00Z,COAL,COAL,3594.94439046224,5568
2019-12-05T17:00:00Z,DUAL FUEL,DUAL FUEL,115.3662666744656,155
2019-12-05T17:00:00Z,GAS,COGENERATION,4212.611347365511,5043
2019-12-05T17:00:00Z,GAS,COMBINED CYCLE,1465.7730902401606,1748
2019-12-05T17:00:00Z,GAS,SIMPLE CYCLE,355.3682389553057,905
2019-12-05T17:00:00Z,HYDRO,HYDRO,371.66708945441576,894
2019-12-05T17:00:00Z,OTHER,BIOMASS,95.76239464759827,154
2019-12-05T17:00:00Z,OTHER,GAS COGEN,38.28775517781576,58
2019-12-05T17:00:00Z,OTHER,OIL/GAS,45.15167638990614,53
2019-12-05T17:00:00Z,OTHER,WOOD/REFUSE,87.93357047028012,158
2019-12-05T17:00:00Z,SOLAR,SOLAR,0.6309999654690425,15
2019-12-05T17:00:00Z,WIND,WIND,142.72053976053994,1781
2019-12-05T18:00:00Z,COAL,COAL,3379.70692398919,5568
2019-12-05T18:00:00Z,DUAL FUEL,DUAL FUEL,120.95570520612928,155
2019-12-05T18:00:00Z,GAS,COGENERATION,4197.365163076984,5043
2019-12-05T18:00:00Z,GAS,COMBINED CYCLE,1523.136999962065,1748
2019-12-05T18:00:00Z,GAS,SIMPLE CYCLE,380.3831702709529,905
2019-12-05T18:00:00Z,HYDRO,HYDRO,419.36567713419595,894
2019-12-05T18:00:00Z,OTHER,BIOMASS,97.00320010821024,154
2019-12-05T18:00:00Z,OTHER,GAS COGEN,38.2709957769182,58
2019-12-05T18:00:00Z,OTHER,OIL/GAS,46.08316009521484,53
2019-12-05T18:00:00Z,OTHER,WOOD/REFUSE,88.63735555595821,158
2019-12-05T18:00:00Z,SOLAR,SOLAR,1.1166666216320462,15
2019-12-05T18:00:00Z,WIND,WIND,142.94196992789705,1781
2019-12-05T19:00:00Z,COAL,COAL,3378.961275783115,5568
2019-12-05T19:00:00Z,DUAL FUEL,DUAL FUEL,119.71086303710938,155
2019-12-05T19:00:00Z,GAS,COGENERATION,4188.792743167744,5043
2019-12-05T19:00:00Z,GAS,COMBINED CYCLE,1462.7701861826579,1748
2019-12-05T19:00:00Z,GAS,SIMPLE CYCLE,373.40520726044974,905
2019-12-05T19:00:00Z,HYDRO,HYDRO,419.27877127554683,894
2019-12-05T19:00:00Z,OTHER,BIOMASS,95.9152005206214,154
2019-12-05T19:00:00Z,OTHER,GAS COGEN,38.40766486485799,58
2019-12-05T19:00:00Z,OTHER,OIL/GAS,46.05973797480265,53
2019-12-05T19:00:00Z,OTHER,WOOD/REFUSE,89.58154068893856,158
2019-12-05T19:00:00Z,SOLAR,SOLAR,1.3194999562369452,15
2019-12-05T19:00:00Z,WIND,WIND,166.75771108176974,1781
2019-12-05T20:00:00Z,COAL,COAL,3565.301516812642,5568
2019-12-05T20:00:00Z,DUAL FUEL,DUAL FUEL,118.19518894619412,155
2019-12-05T20:00:00Z,GAS,COGENERATION,4185.418501884407,5043
2019-12-05T20:00:00Z,GAS,COMBINED CYCLE,1441.323728627099,1748
2019-12-05T20:00:00Z,GAS,SIMPLE CYCLE,362.90195478411187,905
2019-12-05T20:00:00Z,HYDRO,HYDRO,274.6810792133709,894
2019-12-05T20:00:00Z,OTHER,BIOMASS,97.49081126742892,154
2019-12-05T20:00:00Z,OTHER,GAS COGEN,37.45584264066484,58
2019-12-05T20:00:00Z,OTHER,OIL/GAS,45.88972655402289,53
2019-12-05T20:00:00Z,OTHER,WOOD/REFUSE,88.94415304607816,158
2019-12-05T20:00:00Z,SOLAR,SOLAR,0.9925555153356658,15
2019-12-05T20:00:00Z,WIND,WIND,187.47272714727455,1781
2019-12-05T21:00:00Z,COAL,COAL,3549.114158736335,5568
2019-12-05T21:00:00Z,DUAL FUEL,DUAL FUEL,118.91209545559352,155
2019-12-05T21:00:00Z,GAS,COGENERATION,4185.978574657506,5043
2019-12-05T21:00:00Z,GAS,COMBINED CYCLE,1434.126062251197,1748
2019-12-05T21:00:00Z,GAS,SIMPLE CYCLE,239.84966171741485,905
2019-12-05T21:00:00Z,HYDRO,HYDRO,210.65211964329083,894
2019-12-05T21:00:00Z,OTHER,BIOMASS,96.29896697362264,154
2019-12-05T21:00:00Z,OTHER,GAS COGEN,38.804246249728735,58
2019-12-05T21:00:00Z,OTHER,OIL/GAS,43.7572760603163,53
2019-12-05T21:00:00Z,OTHER,WOOD/REFUSE,89.64964294009738,158
2019-12-05T21:00:00Z,SOLAR,SOLAR,0.4119999754428864,15
2019-12-05T21:00:00Z,WIND,WIND,297.04582810904003,1781
2019-12-05T22:00:00Z,COAL,COAL,3303.7778346294826,5568
2019-12-05T22:00:00Z,DUAL FUEL,DUAL FUEL,117.62603594885933,155
2019-12-05T22:00:00Z,GAS,COGENERATION,4210.586435997088,5043
2019-12-05T22:00:00Z,GAS,COMBINED CYCLE,1440.473652185864,1748
2019-12-05T22:00:00Z,GAS,SIMPLE CYCLE,265.6899527615971,905
2019-12-05T22:00:00Z,HYDRO,HYDRO,226.08718863748845,894
2019-12-05T22:00:00Z,OTHER,BIOMASS,94.39741658528646,154
2019-12-05T22:00:00Z,OTHER,GAS COGEN,39.087278240521755,58
2019-12-05T22:00:00Z,OTHER,OIL/GAS,43.38258306927151,53
2019-12-05T22:00:00Z,OTHER,WOOD/REFUSE,89.13798007064395,158
2019-12-05T22:00:00Z,SOLAR,SOLAR,0.4141666419804096,15
2019-12-05T22:00:00Z,WIND,WIND,479.85124967452555,1781
2019-12-05T23:00:00Z,COAL,COAL,3145.063063276079,5568
2019-12-05T23:00:00Z,DUAL FUEL,DUAL FUEL,119.62944419436984,155
2019-12-05T23:00:00Z,GAS,COGENERATION,4167.145945938958,5043
2019-12-05T23:00:00Z,GAS,COMBINED CYCLE,1479.8634555223252,1748
2019-12-05T23:00:00Z,GAS,SIMPLE CYCLE,380.82330511086514,905
2019-12-05T23:00:00Z,HYDRO,HYDRO,239.17109966701932,894
2019-12-05T23:00:00Z,OTHER,BIOMASS,93.6986668284734,154
2019-12-05T23:00:00Z,OTHER,GAS COGEN,42.25968703058031,58
2019-12-05T23:00:00Z,OTHER,OIL/GAS,40.98523165173001,53
2019-12-05T23:00:00Z,OTHER,WOOD/REFUSE,82.92687439335717,158
2019-12-05T23:00:00Z,SOLAR,SOLAR,0,15
2019-12-05T23:00:00Z,WIND,WIND,582.3604849050608,1781
2019-12-06T00:00:00Z,COAL,COAL,3079.146707611084,5568
2019-12-06T00:00:00Z,DUAL FUEL,DUAL FUEL,119.7370828798082,155
2019-12-06T00:00:00Z,GAS,COGENERATION,4214.001330593427,5043
2019-12-06T00:00:00Z,GAS,COMBINED CYCLE,1577.173122602039,1748
2019-12-06T00:00:00Z,GAS,SIMPLE CYCLE,424.3540446677804,905
2019-12-06T00:00:00Z,HYDRO,HYDRO,442.29079950443577,894
2019-12-06T00:00:00Z,OTHER,BIOMASS,96.15764431794484,154
2019-12-06T00:00:00Z,OTHER,GAS COGEN,41.881281747817994,58
2019-12-06T00:00:00Z,OTHER,OIL/GAS,40.6508821021186,53
2019-12-06T00:00:00Z,OTHER,WOOD/REFUSE,87.26577347649469,158
2019-12-06T00:00:00Z,SOLAR,SOLAR,0,15
2019-12-06T00:00:00Z,WIND,WIND,560.2020653845535,1781
2019-12-06T01:00:00Z,COAL,COAL,3285.3074126476713,5568
2019-12-06T01:00:00Z,DUAL FUEL,DUAL FUEL,119.93178691016304,155
2019-12-06T01:00:00Z,GAS,COGENERATION,4229.768399026832,5043
2019-12-06T01:00:00Z,GAS,COMBINED CYCLE,1571.9405371443431,1748
2019-12-06T01:00:00Z,GAS,SIMPLE CYCLE,389.21958058493004,905
2019-12-06T01:00:00Z,HYDRO,HYDRO,279.90385747836694,894
2019-12-06T01:00:00Z,OTHER,BIOMASS,96.50007219049665,154
2019-12-06T01:00:00Z,OTHER,GAS COGEN,40.22789297209845,58
2019-12-06T01:00:00Z,OTHER,OIL/GAS,40.016182352701826,53
2019-12-06T01:00:00Z,OTHER,WOOD/REFUSE,83.7727971315384,158
2019-12-06T01:00:00Z,SOLAR,SOLAR,0,15
2019-12-06T01:00:00Z,WIND,WIND,497.77550283615784,1781
2019-12-06T02:00:00Z,COAL,COAL,3337.7075142182243,5568
2019-12-06T02:00:00Z,DUAL FUEL,DUAL FUEL,119.60280649820965,155
2019-12-06T02:00:00Z,GAS,COGENERATION,4244.6544494664,5043
2019-12-06T02:00:00Z,GAS,COMBINED CYCLE,1517.5371606180402,1748
2019-12-06T02:00:00Z,GAS,SIMPLE CYCLE,368.0790385159519,905
2019-12-06T02:00:00Z,HYDRO,HYDRO,346.89147908727324,894
2019-12-06T02:00:00Z,OTHER,BIOMASS,92.65477287769318,154
2019-12-06T02:00:00Z,OTHER,GAS COGEN,40.23992925379011,58
2019-12-06T02:00:00Z,OTHER,OIL/GAS,41.53783210542467,53
2019-12-06T02:00:00Z,OTHER,WOOD/REFUSE,83.54432589054107,158
2019-12-06T02:00:00Z,SOLAR,SOLAR,0,15
2019-12-06T02:00:00Z,WIND,WIND,466.5861642833054,1781
2019-12-06T03:00:00Z,COAL,COAL,3345.3844737201266,5568
2019-12-06T03:00:00Z,DUAL FUEL,DUAL FUEL,121.28366342756485,155
2019-12-06T03:00:00Z,GAS,COGENERATION,4277.835660249856,5043
2019-12-06T03:00:00Z,GAS,COMBINED CYCLE,1436.9331296593614,1748
2019-12-06T03:00:00Z,GAS,SIMPLE CYCLE,371.6050758143928,905
2019-12-06T03:00:00Z,HYDRO,HYDRO,424.1908907345931,894
2019-12-06T03:00:00Z,OTHER,BIOMASS,91.64552830855051,154
2019-12-06T03:00:00Z,OTHER,GAS COGEN,40.60352602746752,58
2019-12-06T03:00:00Z,OTHER,OIL/GAS,38.97544313430786,53
2019-12-06T03:00:00Z,OTHER,WOOD/REFUSE,82.76464426729414,158
2019-12-06T03:00:00Z,SOLAR,SOLAR,0,15
2019-12-06T03:00:00Z,WIND,WIND,374.43001323452427,1781
2019-12-06T04:00:00Z,COAL,COAL,3267.4957098049586,5568
2019-12-06T04:00:00Z,DUAL FUEL,DUAL FUEL,129.33467959509954,155
2019-12-06T04:00:00Z,GAS,COGENERATION,4281.094990126623,5043
2019-12-06T04:00:00Z,GAS,COMBINED CYCLE,1467.8276336373224,1748
2019-12-06T04:00:00Z,GAS,SIMPLE CYCLE,369.80089824709626,905
2019-12-06T04:00:00Z,HYDRO,HYDRO,337.8330247593588,894
2019-12-06T04:00:00Z,OTHER,BIOMASS,92.33782817575667,154
2019-12-06T04:00:00Z,OTHER,GAS COGEN,40.42347985797458,58
2019-12-06T04:00:00Z,OTHER,OIL/GAS,25.89763260099623,53
2019-12-06T04:00:00Z,OTHER,WOOD/REFUSE,83.26187051984999,158
2019-12-06T04:00:00Z,SOLAR,SOLAR,0,15
2019-12-06T04:00:00Z,WIND,WIND,241.78535770245725,1781
2019-12-06T05:00:00Z,COAL,COAL,3252.1339271100364,5568
2019-12-06T05:00:00Z,DUAL FUEL,DUAL FUEL,129.28549626244438,155
2019-12-06T05:00:00Z,GAS,COGENERATION,4293.610773884521,5043
2019-12-06T05:00:00Z,GAS,COMBINED CYCLE,1451.4755792019103,1748
2019-12-06T05:00:00Z,GAS,SIMPLE CYCLE,347.0898549282551,905
2019-12-06T05:00:00Z,HYDRO,HYDRO,216.02118765711785,894
2019-12-06T05:00:00Z,OTHER,BIOMASS,91.10547198030683,154
2019-12-06T05:00:00Z,OTHER,GAS COGEN,40.3929506942961,58
2019-12-06T05:00:00Z,OTHER,OIL/GAS,23.283310765160454,53
2019-12-06T05:00:00Z,OTHER,WOOD/REFUSE,84.3276863802804,158
2019-12-06T05:00:00Z,SOLAR,SOLAR,0,15
2019-12-06T05:00:00Z,WIND,WIND,156.882999010798,1781
2019-12-06T06:00:00Z,COAL,COAL,3296.631025797526,5568
2019-12-06T06:00:00Z,DUAL FUEL,DUAL FUEL,75.5337814924452,155
2019-12-06T06:00:00Z,GAS,COGENERATION,4287.076297018859,5043
2019-12-06T06:00:00Z,GAS,COMBINED CYCLE,1344.250687719451,1748
2019-12-06T06:00:00Z,GAS,SIMPLE CYCLE,228.01033784363005,905
2019-12-06T06:00:00Z,HYDRO,HYDRO,212.77247105234198,894
2019-12-06T06:00:00Z,OTHER,BIOMASS,93.09278291490342,154
2019-12-06T06:00:00Z,OTHER,GAS COGEN,40.65904311021169,58
2019-12-06T06:00:00Z,OTHER,OIL/GAS,23.09443263053894,53
2019-12-06T06:00:00Z,OTHER,WOOD/REFUSE,84.773106174469,158
2019-12-06T06:00:00Z,SOLAR,SOLAR,0,15
2019-12-06T06:00:00Z,WIND,WIND,124.1162058789697,1781
2019-12-06T07:00:00Z,COAL,COAL,3402.5859773423936,5183
2019-12-06T07:00:00Z,DUAL FUEL,DUAL FUEL,50.30976093080309,540
2019-12-06T07:00:00Z,GAS,COGENERATION,4280.926767016334,5043
2019-12-06T07:00:00Z,GAS,COMBINED CYCLE,1296.3496200203895,1748
2019-12-06T07:00:00Z,GAS,SIMPLE CYCLE,239.57554316477643,905
2019-12-06T07:00:00Z,HYDRO,HYDRO,126.81163914831149,894
2019-12-06T07:00:00Z,OTHER,BIOMASS,95.41261686431037,154
2019-12-06T07:00:00Z,OTHER,GAS COGEN,43.656173451211714,58
2019-12-06T07:00:00Z,OTHER,OIL/GAS,22.86349955028958,53
2019-12-06T07:00:00Z,OTHER,WOOD/REFUSE,82.92354728910658,158
2019-12-06T07:00:00Z,SOLAR,SOLAR,0,15
2019-12-06T07:00:00Z,WIND,WIND,109.4776836985184,1781
2019-12-06T08:00:00Z,COAL,COAL,3226.1171809366015,5183
2019-12-06T08:00:00Z,DUAL FUEL,DUAL FUEL,50.26334540049235,540
2019-12-06T08:00:00Z,GAS,COGENERATION,4300.039940324492,5043
2019-12-06T08:00:00Z,GAS,COMBINED CYCLE,1290.2274977213808,1748
2019-12-06T08:00:00Z,GAS,SIMPLE CYCLE,224.87258167927465,905
2019-12-06T08:00:00Z,HYDRO,HYDRO,135.12502884727385,894
2019-12-06T08:00:00Z,OTHER,BIOMASS,94.71743918153975,154
2019-12-06T08:00:00Z,OTHER,GAS COGEN,45.754041956265766,58
2019-12-06T08:00:00Z,OTHER,OIL/GAS,22.648511277304756,53
2019-12-06T08:00:00Z,OTHER,WOOD/REFUSE,83.4742037905587,158
2019-12-06T08:00:00Z,SOLAR,SOLAR,0,15
2019-12-06T08:00:00Z,WIND,WIND,96.03332840282884,1781
2019-12-06T09:00:00Z,COAL,COAL,3218.20174993515,5183
2019-12-06T09:00:00Z,DUAL FUEL,DUAL FUEL,49.94592631657918,540
2019-12-06T09:00:00Z,GAS,COGENERATION,4309.119306487507,5043
2019-12-06T09:00:00Z,GAS,COMBINED CYCLE,1256.053362666766,1748
2019-12-06T09:00:00Z,GAS,SIMPLE CYCLE,203.5741158024884,905
2019-12-06T09:00:00Z,HYDRO,HYDRO,127.42710483047698,894
2019-12-06T09:00:00Z,OTHER,BIOMASS,97.99796168910132,154
2019-12-06T09:00:00Z,OTHER,GAS COGEN,45.49334927664863,58
2019-12-06T09:00:00Z,OTHER,OIL/GAS,22.622193972269695,53
2019-12-06T09:00:00Z,OTHER,WOOD/REFUSE,84.81851207362281,158
2019-12-06T09:00:00Z,SOLAR,SOLAR,0,15
2019-12-06T09:00:00Z,WIND,WIND,63.95957423999077,1781
2019-12-06T10:00:00Z,COAL,COAL,3218.1415000873144,5183
2019-12-06T10:00:00Z,DUAL FUEL,DUAL FUEL,48.99385613547431,540
2019-12-06T10:00:00Z,GAS,COGENERATION,4316.275529212422,5043
2019-12-06T10:00:00Z,GAS,COMBINED CYCLE,1217.039741564327,1748
2019-12-06T10:00:00Z,GAS,SIMPLE CYCLE,203.6253625288937,905
2019-12-06T10:00:00Z,HYDRO,HYDRO,108.18413007709715,894
2019-12-06T10:00:00Z,OTHER,BIOMASS,99.6809552107917,154
2019-12-06T10:00:00Z,OTHER,GAS COGEN,45.31259194109175,58
2019-12-06T10:00:00Z,OTHER,OIL/GAS,22.131554804907903,53
2019-12-06T10:00:00Z,OTHER,WOOD/REFUSE,85.15717039903004,158
2019-12-06T10:00:00Z,SOLAR,SOLAR,0,15
2019-12-06T10:00:00Z,WIND,WIND,72.27776691963275,1781
2019-12-06T11:00:00Z,COAL,COAL,3168.4891514078777,5183
2019-12-06T11:00:00Z,DUAL FUEL,DUAL FUEL,47.750738830566405,540
2019-12-06T11:00:00Z,GAS,COGENERATION,4321.121530259185,5043
2019-12-06T11:00:00Z,GAS,COMBINED CYCLE,1213.5712485211425,1748
2019-12-06T11:00:00Z,GAS,SIMPLE CYCLE,206.69734599219427,905
2019-12-06T11:00:00Z,HYDRO,HYDRO,105.02964525901609,894
2019-12-06T11:00:00Z,OTHER,BIOMASS,96.72823333581289,154
2019-12-06T11:00:00Z,OTHER,GAS COGEN,45.31531838840908,58
2019-12-06T11:00:00Z,OTHER,OIL/GAS,21.87247104326884,53
2019-12-06T11:00:00Z,OTHER,WOOD/REFUSE,85.3365013853709,158
2019-12-06T11:00:00Z,SOLAR,SOLAR,0,15
2019-12-06T11:00:00Z,WIND,WIND,133.00529819654093,1781
2019-12-06T12:00:00Z,COAL,COAL,3083.2156831995644,5183
2019-12-06T12:00:00Z,DUAL FUEL,DUAL FUEL,47.56046562406752,540
2019-12-06T12:00:00Z,GAS,COGENERATION,4322.403419587878,5043
2019-12-06T12:00:00Z,GAS,COMBINED CYCLE,1243.7034880099031,1748
2019-12-06T12:00:00Z,GAS,SIMPLE CYCLE,203.2346224792964,905
2019-12-06T12:00:00Z,HYDRO,HYDRO,165.79206523325706,894
2019-12-06T12:00:00Z,OTHER,BIOMASS,97.48231127262116,154
2019-12-06T12:00:00Z,OTHER,GAS COGEN,45.414550877677065,58
2019-12-06T12:00:00Z,OTHER,OIL/GAS,21.979282593197293,53
2019-12-06T12:00:00Z,OTHER,WOOD/REFUSE,85.59899848302204,158
2019-12-06T12:00:00Z,SOLAR,SOLAR,0,15
2019-12-06T12:00:00Z,WIND,WIND,204.6969159193999,1781
2019-12-06T13:00:00Z,COAL,COAL,3302.894292250739,5183
2019-12-06T13:00:00Z,DUAL FUEL,DUAL FUEL,50.97258450826009,540
2019-12-06T13:00:00Z,GAS,COGENERATION,4311.885398680104,5043
2019-12-06T13:00:00Z,GAS,COMBINED CYCLE,1214.2659683110978,1748
2019-12-06T13:00:00Z,GAS,SIMPLE CYCLE,233.24436316338677,905
2019-12-06T13:00:00Z,HYDRO,HYDRO,114.47676033000151,894
2019-12-06T13:00:00Z,OTHER,BIOMASS,97.99651690853966,154
2019-12-06T13:00:00Z,OTHER,GAS COGEN,45.325061171319746,58
2019-12-06T13:00:00Z,OTHER,OIL/GAS,22.17906054496765,53
2019-12-06T13:00:00Z,OTHER,WOOD/REFUSE,85.13828757286072,158
2019-12-06T13:00:00Z,SOLAR,SOLAR,0,15
2019-12-06T13:00:00Z,WIND,WIND,363.70792222208445,1781
2019-12-06T14:00:00Z,COAL,COAL,3327.9413541518315,5183
2019-12-06T14:00:00Z,DUAL FUEL,DUAL FUEL,106.90899778789944,540
2019-12-06T14:00:00Z,GAS,COGENERATION,4323.890306508276,5043
2019-12-06T14:00:00Z,GAS,COMBINED CYCLE,1327.6685273581081,1748
2019-12-06T14:00:00Z,GAS,SIMPLE CYCLE,248.57725358615318,905
2019-12-06T14:00:00Z,HYDRO,HYDRO,274.65343264149294,894
2019-12-06T14:00:00Z,OTHER,BIOMASS,99.97023319138421,154
2019-12-06T14:00:00Z,OTHER,GAS COGEN,45.24796487543318,58
2019-12-06T14:00:00Z,OTHER,OIL/GAS,22.23452749464247,53
2019-12-06T14:00:00Z,OTHER,WOOD/REFUSE,84.69397390418582,158
2019-12-06T14:00:00Z,SOLAR,SOLAR,0,15
2019-12-06T14:00:00Z,WIND,WIND,427.0753147195445,1781
2019-12-06T15:00:00Z,COAL,COAL,3473.503112362756,5183
2019-12-06T15:00:00Z,DUAL FUEL,DUAL FUEL,123.87276343875462,540
2019-12-06T15:00:00Z,GAS,COGENERATION,4314.7401173634,5043
2019-12-06T15:00:00Z,GAS,COMBINED CYCLE,1460.274142150879,1748
2019-12-06T15:00:00Z,GAS,SIMPLE CYCLE,281.47103568779096,905
2019-12-06T15:00:00Z,HYDRO,HYDRO,274.08362674814134,894
2019-12-06T15:00:00Z,OTHER,BIOMASS,98.83854973104265,154
2019-12-06T15:00:00Z,OTHER,GAS COGEN,46.5833850950665,58
2019-12-06T15:00:00Z,OTHER,OIL/GAS,22.228122345606486,53
2019-12-06T15:00:00Z,OTHER,WOOD/REFUSE,83.74251717885335,158
2019-12-06T15:00:00Z,SOLAR,SOLAR,9.9999994039535e-4,15
2019-12-06T15:00:00Z,WIND,WIND,313.5499613590456,1781
2019-12-06T16:00:00Z,COAL,COAL,3560.1680166308083,5183
2019-12-06T16:00:00Z,DUAL FUEL,DUAL FUEL,122.1142337544759,540
2019-12-06T16:00:00Z,GAS,COGENERATION,4313.3063589746425,5043
2019-12-06T16:00:00Z,GAS,COMBINED CYCLE,1443.9767205211851,1748
2019-12-06T16:00:00Z,GAS,SIMPLE CYCLE,324.25540618899794,905
2019-12-06T16:00:00Z,HYDRO,HYDRO,303.88278098735543,894
2019-12-06T16:00:00Z,OTHER,BIOMASS,98.83557212352753,154
2019-12-06T16:00:00Z,OTHER,GAS COGEN,47.61104748090108,58
2019-12-06T16:00:00Z,OTHER,OIL/GAS,22.04986074235704,53
2019-12-06T16:00:00Z,OTHER,WOOD/REFUSE,84.41915900230407,158
2019-12-06T16:00:00Z,SOLAR,SOLAR,0.38333331048488617,15
2019-12-06T16:00:00Z,WIND,WIND,247.49768947803312,1781
2019-12-06T17:00:00Z,COAL,COAL,3585.669385392931,5183
2019-12-06T17:00:00Z,DUAL FUEL,DUAL FUEL,122.35538633558484,540
2019-12-06T17:00:00Z,GAS,COGENERATION,4303.095950754218,5043
2019-12-06T17:00:00Z,GAS,COMBINED CYCLE,1452.11179119832,1748
2019-12-06T17:00:00Z,GAS,SIMPLE CYCLE,411.17384647207126,905
2019-12-06T17:00:00Z,HYDRO,HYDRO,241.0264658694135,894
2019-12-06T17:00:00Z,OTHER,BIOMASS,99.38091645664639,154
2019-12-06T17:00:00Z,OTHER,GAS COGEN,47.24495077027215,58
2019-12-06T17:00:00Z,OTHER,OIL/GAS,15.315143905745613,53
2019-12-06T17:00:00Z,OTHER,WOOD/REFUSE,84.18028556134965,158
2019-12-06T17:00:00Z,SOLAR,SOLAR,0.5531666376855638,15
2019-12-06T17:00:00Z,WIND,WIND,179.8535809162342,1781
2019-12-06T18:00:00Z,COAL,COAL,3559.2797412194145,5183
2019-12-06T18:00:00Z,DUAL FUEL,DUAL FUEL,122.04151182810466,540
2019-12-06T18:00:00Z,GAS,COGENERATION,4291.6379183401,5043
2019-12-06T18:00:00Z,GAS,COMBINED CYCLE,1445.7243507009082,1748
2019-12-06T18:00:00Z,GAS,SIMPLE CYCLE,412.2995965213246,905
2019-12-06T18:00:00Z,HYDRO,HYDRO,293.3143948409954,894
2019-12-06T18:00:00Z,OTHER,BIOMASS,99.14128865242004,154
2019-12-06T18:00:00Z,OTHER,GAS COGEN,47.2694188478258,58
2019-12-06T18:00:00Z,OTHER,OIL/GAS,21.54511059019301,53
2019-12-06T18:00:00Z,OTHER,WOOD/REFUSE,84.36240812354617,158
2019-12-06T18:00:00Z,SOLAR,SOLAR,0.8999999761581421,15
2019-12-06T18:00:00Z,WIND,WIND,135.9436472552932,1781
2019-12-06T19:00:00Z,COAL,COAL,3517.4206999460853,5183
2019-12-06T19:00:00Z,DUAL FUEL,DUAL FUEL,128.7582988993327,540
2019-12-06T19:00:00Z,GAS,COGENERATION,4276.55681628055,5043
2019-12-06T19:00:00Z,GAS,COMBINED CYCLE,1420.9832775043117,1748
2019-12-06T19:00:00Z,GAS,SIMPLE CYCLE,403.0985375103023,905
2019-12-06T19:00:00Z,HYDRO,HYDRO,322.4124587698115,894
2019-12-06T19:00:00Z,OTHER,BIOMASS,98.89072212325202,154
2019-12-06T19:00:00Z,OTHER,GAS COGEN,47.39865824222565,58
2019-12-06T19:00:00Z,OTHER,OIL/GAS,22.343416334788003,53
2019-12-06T19:00:00Z,OTHER,WOOD/REFUSE,83.60706098821427,158
2019-12-06T19:00:00Z,SOLAR,SOLAR,1.07583328154352,15
2019-12-06T19:00:00Z,WIND,WIND,123.53350763999754,1781
2019-12-06T20:00:00Z,COAL,COAL,3533.6868800438774,5183
2019-12-06T20:00:00Z,DUAL FUEL,DUAL FUEL,128.0942481274075,540
2019-12-06T20:00:00Z,GAS,COGENERATION,4263.774019441207,5043
2019-12-06T20:00:00Z,GAS,COMBINED CYCLE,1428.1983812101682,1748
2019-12-06T20:00:00Z,GAS,SIMPLE CYCLE,402.6925228774879,905
2019-12-06T20:00:00Z,HYDRO,HYDRO,244.14060468190246,894
2019-12-06T20:00:00Z,OTHER,BIOMASS,101.04175070974563,154
2019-12-06T20:00:00Z,OTHER,GAS COGEN,47.22295587274763,58
2019-12-06T20:00:00Z,OTHER,OIL/GAS,22.35394989119636,53
2019-12-06T20:00:00Z,OTHER,WOOD/REFUSE,83.83600411415101,158
2019-12-06T20:00:00Z,SOLAR,SOLAR,1.0058332850535712,15
2019-12-06T20:00:00Z,WIND,WIND,217.66272591984935,1781
2019-12-06T21:00:00Z,COAL,COAL,3420.1154806137083,5183
2019-12-06T21:00:00Z,DUAL FUEL,DUAL FUEL,127.79235636393229,540
2019-12-06T21:00:00Z,GAS,COGENERATION,4169.042099633233,5043
2019-12-06T21:00:00Z,GAS,COMBINED CYCLE,1437.5030522886912,1748
2019-12-06T21:00:00Z,GAS,SIMPLE CYCLE,390.1329895462923,905
2019-12-06T21:00:00Z,HYDRO,HYDRO,153.6611737713549,894
2019-12-06T21:00:00Z,OTHER,BIOMASS,102.04473891364204,154
2019-12-06T21:00:00Z,OTHER,GAS COGEN,46.85104405403137,58
2019-12-06T21:00:00Z,OTHER,OIL/GAS,22.438860880533856,53
2019-12-06T21:00:00Z,OTHER,WOOD/REFUSE,84.83835961129931,158
2019-12-06T21:00:00Z,SOLAR,SOLAR,0.7801666380630599,15
2019-12-06T21:00:00Z,WIND,WIND,394.71620761846503,1781
2019-12-06T22:00:00Z,COAL,COAL,3317.0580378977456,5183
2019-12-06T22:00:00Z,DUAL FUEL,DUAL FUEL,128.01182724422878,540
2019-12-06T22:00:00Z,GAS,COGENERATION,4052.695908266968,5043
2019-12-06T22:00:00Z,GAS,COMBINED CYCLE,1444.4171270455254,1748
2019-12-06T22:00:00Z,GAS,SIMPLE CYCLE,369.716228310532,905
2019-12-06T22:00:00Z,HYDRO,HYDRO,173.09072818176614,894
2019-12-06T22:00:00Z,OTHER,BIOMASS,101.23411706818474,154
2019-12-06T22:00:00Z,OTHER,GAS COGEN,46.823310685687595,58
2019-12-06T22:00:00Z,OTHER,OIL/GAS,22.20656678199768,53
2019-12-06T22:00:00Z,OTHER,WOOD/REFUSE,86.66373268763225,158
2019-12-06T22:00:00Z,SOLAR,SOLAR,0.04566666394472122,15
2019-12-06T22:00:00Z,WIND,WIND,475.4826662717097,1781
2019-12-06T23:00:00Z,COAL,COAL,3338.620129934947,5183
2019-12-06T23:00:00Z,DUAL FUEL,DUAL FUEL,127.77204097747804,540
2019-12-06T23:00:00Z,GAS,COGENERATION,4068.190455245839,5043
2019-12-06T23:00:00Z,GAS,COMBINED CYCLE,1477.3611220733326,1748
2019-12-06T23:00:00Z,GAS,SIMPLE CYCLE,419.1147662983007,905
2019-12-06T23:00:00Z,HYDRO,HYDRO,283.07131018994585,894
2019-12-06T23:00:00Z,OTHER,BIOMASS,101.48109408378602,154
2019-12-06T23:00:00Z,OTHER,GAS COGEN,46.755530329810256,58
2019-12-06T23:00:00Z,OTHER,OIL/GAS,22.036743597454496,53
2019-12-06T23:00:00Z,OTHER,WOOD/REFUSE,86.07115290641784,158
2019-12-06T23:00:00Z,SOLAR,SOLAR,0,15
2019-12-06T23:00:00Z,WIND,WIND,503.1577124063836,1781
2019-12-07T00:00:00Z,COAL,COAL,3328.9298188421462,5183
2019-12-07T00:00:00Z,DUAL FUEL,DUAL FUEL,128.22457472907172,540
2019-12-07T00:00:00Z,GAS,COGENERATION,4062.2814445087647,5043
2019-12-07T00:00:00Z,GAS,COMBINED CYCLE,1455.045816450119,1748
2019-12-07T00:00:00Z,GAS,SIMPLE CYCLE,440.0663206583924,905
2019-12-07T00:00:00Z,HYDRO,HYDRO,180.7078564566705,894
2019-12-07T00:00:00Z,OTHER,BIOMASS,101.46967168543074,154
2019-12-07T00:00:00Z,OTHER,GAS COGEN,46.7159248468611,58
2019-12-07T00:00:00Z,OTHER,OIL/GAS,21.762732604344684,53
2019-12-07T00:00:00Z,OTHER,WOOD/REFUSE,86.74269688659244,158
2019-12-07T00:00:00Z,SOLAR,SOLAR,0,15
2019-12-07T00:00:00Z,WIND,WIND,644.1867782315694,1781
2019-12-07T01:00:00Z,COAL,COAL,3039.2020052252874,5183
2019-12-07T01:00:00Z,DUAL FUEL,DUAL FUEL,128.1800046963162,540
2019-12-07T01:00:00Z,GAS,COGENERATION,4064.7965249391395,5043
2019-12-07T01:00:00Z,GAS,COMBINED CYCLE,1421.3957701651257,1748
2019-12-07T01:00:00Z,GAS,SIMPLE CYCLE,396.109994957712,905
2019-12-07T01:00:00Z,HYDRO,HYDRO,175.37572532474994,894
2019-12-07T01:00:00Z,OTHER,BIOMASS,99.23842220836215,154
2019-12-07T01:00:00Z,OTHER,GAS COGEN,47.000997158156494,58
2019-12-07T01:00:00Z,OTHER,OIL/GAS,21.512132914861045,53
2019-12-07T01:00:00Z,OTHER,WOOD/REFUSE,85.6536147371928,158
2019-12-07T01:00:00Z,SOLAR,SOLAR,0,15
2019-12-07T01:00:00Z,WIND,WIND,794.8044388815264,1781
2019-12-07T02:00:00Z,COAL,COAL,2863.1217697397865,5183
2019-12-07T02:00:00Z,DUAL FUEL,DUAL FUEL,128.4509791141086,540
2019-12-07T02:00:00Z,GAS,COGENERATION,4067.213239191638,5043
2019-12-07T02:00:00Z,GAS,COMBINED CYCLE,1374.4505698945788,1748
2019-12-07T02:00:00Z,GAS,SIMPLE CYCLE,386.09590273506114,905
2019-12-07T02:00:00Z,HYDRO,HYDRO,174.38410573416286,894
2019-12-07T02:00:00Z,OTHER,BIOMASS,93.23577214082083,154
2019-12-07T02:00:00Z,OTHER,GAS COGEN,46.68824640168084,58
2019-12-07T02:00:00Z,OTHER,OIL/GAS,21.518165768517388,53
2019-12-07T02:00:00Z,OTHER,WOOD/REFUSE,85.29849443700579,158
2019-12-07T02:00:00Z,SOLAR,SOLAR,0,15
2019-12-07T02:00:00Z,WIND,WIND,1053.04775425752,1781
2019-12-07T03:00:00Z,COAL,COAL,2769.263148759206,5183
2019-12-07T03:00:00Z,DUAL FUEL,DUAL FUEL,128.16196832444933,540
2019-12-07T03:00:00Z,GAS,COGENERATION,4060.338378607598,5043
2019-12-07T03:00:00Z,GAS,COMBINED CYCLE,1352.6968724667363,1748
2019-12-07T03:00:00Z,GAS,SIMPLE CYCLE,327.5701651040713,905
2019-12-07T03:00:00Z,HYDRO,HYDRO,246.10711008369927,894
2019-12-07T03:00:00Z,OTHER,BIOMASS,92.01910021358066,154
2019-12-07T03:00:00Z,OTHER,GAS COGEN,46.65259240044488,58
2019-12-07T03:00:00Z,OTHER,OIL/GAS,21.600693681504993,53
2019-12-07T03:00:00Z,OTHER,WOOD/REFUSE,84.47336448139615,158
2019-12-07T03:00:00Z,SOLAR,SOLAR,0,15
2019-12-07T03:00:00Z,WIND,WIND,1104.3612496119076,1781
2019-12-07T04:00:00Z,COAL,COAL,2748.194140236643,5183
2019-12-07T04:00:00Z,DUAL FUEL,DUAL FUEL,127.9717935095893,540
2019-12-07T04:00:00Z,GAS,COGENERATION,4052.6722978835637,5043
2019-12-07T04:00:00Z,GAS,COMBINED CYCLE,1356.1984528030289,1748
2019-12-07T04:00:00Z,GAS,SIMPLE CYCLE,298.5925950774468,905
2019-12-07T04:00:00Z,HYDRO,HYDRO,267.11764421343804,894
2019-12-07T04:00:00Z,OTHER,BIOMASS,92.77403905338711,154
2019-12-07T04:00:00Z,OTHER,GAS COGEN,46.61398665534126,58
2019-12-07T04:00:00Z,OTHER,OIL/GAS,21.605005283355712,53
2019-12-07T04:00:00Z,OTHER,WOOD/REFUSE,84.83877374490103,158
2019-12-07T04:00:00Z,SOLAR,SOLAR,0,15
2019-12-07T04:00:00Z,WIND,WIND,1071.474256806738,1781
2019-12-07T05:00:00Z,COAL,COAL,2754.183782780965,5183
2019-12-07T05:00:00Z,DUAL FUEL,DUAL FUEL,127.8913877275255,540
2019-12-07T05:00:00Z,GAS,COGENERATION,4056.360511683623,5043
2019-12-07T05:00:00Z,GAS,COMBINED CYCLE,1316.1778791640202,1748
2019-12-07T05:00:00Z,GAS,SIMPLE CYCLE,206.16412347416082,905
2019-12-07T05:00:00Z,HYDRO,HYDRO,275.8498342383239,894
2019-12-07T05:00:00Z,OTHER,BIOMASS,93.74995562288495,154
2019-12-07T05:00:00Z,OTHER,GAS COGEN,46.564750097062856,58
2019-12-07T05:00:00Z,OTHER,OIL/GAS,21.78284399880303,53
2019-12-07T05:00:00Z,OTHER,WOOD/REFUSE,84.36127957238091,158
2019-12-07T05:00:00Z,SOLAR,SOLAR,0,15
2019-12-07T05:00:00Z,WIND,WIND,1046.4444705327353,1781
2019-12-07T06:00:00Z,COAL,COAL,2815.966426800622,5183
2019-12-07T06:00:00Z,DUAL FUEL,DUAL FUEL,94.5832379828559,540
2019-12-07T06:00:00Z,GAS,COGENERATION,4049.6495202608903,5043
2019-12-07T06:00:00Z,GAS,COMBINED CYCLE,1293.526026784579,1748
2019-12-07T06:00:00Z,GAS,SIMPLE CYCLE,162.35358138985103,905
2019-12-07T06:00:00Z,HYDRO,HYDRO,128.6043178715143,894
2019-12-07T06:00:00Z,OTHER,BIOMASS,93.9712719991472,154
2019-12-07T06:00:00Z,OTHER,GAS COGEN,46.578916714986164,58
2019-12-07T06:00:00Z,OTHER,OIL/GAS,28.546565962897407,53
2019-12-07T06:00:00Z,OTHER,WOOD/REFUSE,84.2762751144833,158
2019-12-07T06:00:00Z,SOLAR,SOLAR,0,15
2019-12-07T06:00:00Z,WIND,WIND,923.0385480483042,1781
2019-12-07T07:00:00Z,COAL,COAL,2666.024094545576,5183
2019-12-07T07:00:00Z,DUAL FUEL,DUAL FUEL,90.05223628573947,540
2019-12-07T07:00:00Z,GAS,COGENERATION,4057.9695196174252,5043
2019-12-07T07:00:00Z,GAS,COMBINED CYCLE,1271.7352732158868,1748
2019-12-07T07:00:00Z,GAS,SIMPLE CYCLE,158.9850197145674,905
2019-12-07T07:00:00Z,HYDRO,HYDRO,75.46706958346897,894
2019-12-07T07:00:00Z,OTHER,BIOMASS,93.46615600268046,154
2019-12-07T07:00:00Z,OTHER,GAS COGEN,35.562379659016926,58
2019-12-07T07:00:00Z,OTHER,OIL/GAS,30.79581583658854,53
2019-12-07T07:00:00Z,OTHER,WOOD/REFUSE,84.24110294659933,158
2019-12-07T07:00:00Z,SOLAR,SOLAR,0,15
2019-12-07T07:00:00Z,WIND,WIND,968.8483788401634,1781
2019-12-07T08:00:00Z,COAL,COAL,2409.625199016995,5183
2019-12-07T08:00:00Z,DUAL FUEL,DUAL FUEL,89.84502618577746,540
2019-12-07T08:00:00Z,GAS,COGENERATION,4063.790822420319,5043
2019-12-07T08:00:00Z,GAS,COMBINED CYCLE,1318.489661339124,1748
2019-12-07T08:00:00Z,GAS,SIMPLE CYCLE,156.62648502632976,905
2019-12-07T08:00:00Z,HYDRO,HYDRO,65.74490015897486,894
2019-12-07T08:00:00Z,OTHER,BIOMASS,93.85763874901666,154
2019-12-07T08:00:00Z,OTHER,GAS COGEN,33.04417560683356,58
2019-12-07T08:00:00Z,OTHER,OIL/GAS,31.68011084132724,53
2019-12-07T08:00:00Z,OTHER,WOOD/REFUSE,84.7351161760754,158
2019-12-07T08:00:00Z,SOLAR,SOLAR,0,15
2019-12-07T08:00:00Z,WIND,WIND,1075.8361299204164,1781
2019-12-07T09:00:00Z,COAL,COAL,2208.8533091545105,5183
2019-12-07T09:00:00Z,DUAL FUEL,DUAL FUEL,90.098412399292,540
2019-12-07T09:00:00Z,GAS,COGENERATION,4064.4788047827615,5043
2019-12-07T09:00:00Z,GAS,COMBINED CYCLE,1331.495000471539,1748
2019-12-07T09:00:00Z,GAS,SIMPLE CYCLE,158.19542135424084,905
2019-12-07T09:00:00Z,HYDRO,HYDRO,87.94861774212784,894
2019-12-07T09:00:00Z,OTHER,BIOMASS,97.76068848609924,154
2019-12-07T09:00:00Z,OTHER,GAS COGEN,33.25269939422607,58
2019-12-07T09:00:00Z,OTHER,OIL/GAS,31.636388070848252,53
2019-12-07T09:00:00Z,OTHER,WOOD/REFUSE,85.5943454832501,158
2019-12-07T09:00:00Z,SOLAR,SOLAR,0,15
2019-12-07T09:00:00Z,WIND,WIND,1150.0933065249358,1781
2019-12-07T10:00:00Z,COAL,COAL,2139.25429708057,5183
2019-12-07T10:00:00Z,DUAL FUEL,DUAL FUEL,90.45557754516602,540
2019-12-07T10:00:00Z,GAS,COGENERATION,4073.8465755269262,5043
2019-12-07T10:00:00Z,GAS,COMBINED CYCLE,1349.9126785384283,1748
2019-12-07T10:00:00Z,GAS,SIMPLE CYCLE,158.06093747085995,905
2019-12-07T10:00:00Z,HYDRO,HYDRO,107.56785402648978,894
2019-12-07T10:00:00Z,OTHER,BIOMASS,111.33577881442176,154
2019-12-07T10:00:00Z,OTHER,GAS COGEN,33.24302025900947,58
2019-12-07T10:00:00Z,OTHER,OIL/GAS,34.65442630555895,53
2019-12-07T10:00:00Z,OTHER,WOOD/REFUSE,85.74172917207082,158
2019-12-07T10:00:00Z,SOLAR,SOLAR,0,15
2019-12-07T10:00:00Z,WIND,WIND,1134.8639301820597,1781
2019-12-07T11:00:00Z,COAL,COAL,2159.553034778171,5183
2019-12-07T11:00:00Z,DUAL FUEL,DUAL FUEL,90.11819428337944,540
2019-12-07T11:00:00Z,GAS,COGENERATION,4081.3753324055674,5043
2019-12-07T11:00:00Z,GAS,COMBINED CYCLE,1357.156297399733,1748
2019-12-07T11:00:00Z,GAS,SIMPLE CYCLE,158.6893825891283,905
2019-12-07T11:00:00Z,HYDRO,HYDRO,120.94722635888391,894
2019-12-07T11:00:00Z,OTHER,BIOMASS,117.13027889410654,154
2019-12-07T11:00:00Z,OTHER,GAS COGEN,32.61480064551036,58
2019-12-07T11:00:00Z,OTHER,OIL/GAS,38.06103258132934,53
2019-12-07T11:00:00Z,OTHER,WOOD/REFUSE,85.84518702665964,158
2019-12-07T11:00:00Z,SOLAR,SOLAR,0,15
2019-12-07T11:00:00Z,WIND,WIND,1119.3678718939589,1781
2019-12-07T12:00:00Z,COAL,COAL,2254.725768349965,5183
2019-12-07T12:00:00Z,DUAL FUEL,DUAL FUEL,90.1217124303182,540
2019-12-07T12:00:00Z,GAS,COGENERATION,4075.083739403619,5043
2019-12-07T12:00:00Z,GAS,COMBINED CYCLE,1338.5839371273253,1748
2019-12-07T12:00:00Z,GAS,SIMPLE CYCLE,159.11589557700688,905
2019-12-07T12:00:00Z,HYDRO,HYDRO,108.5883795038859,894
2019-12-07T12:00:00Z,OTHER,BIOMASS,108.86815634939406,154
2019-12-07T12:00:00Z,OTHER,GAS COGEN,31.489939389228823,58
2019-12-07T12:00:00Z,OTHER,OIL/GAS,26.01772143787808,53
2019-12-07T12:00:00Z,OTHER,WOOD/REFUSE,84.49943544811673,158
2019-12-07T12:00:00Z,SOLAR,SOLAR,0,15
2019-12-07T12:00:00Z,WIND,WIND,1140.8282603635391,1781
2019-12-07T13:00:00Z,COAL,COAL,2302.6397243393794,5183
2019-12-07T13:00:00Z,DUAL FUEL,DUAL FUEL,90.29369450887044,540
2019-12-07T13:00:00Z,GAS,COGENERATION,4078.960089310275,5043
2019-12-07T13:00:00Z,GAS,COMBINED CYCLE,1355.468125462532,1748
2019-12-07T13:00:00Z,GAS,SIMPLE CYCLE,160.25397153907352,905
2019-12-07T13:00:00Z,HYDRO,HYDRO,144.08987290910548,894
2019-12-07T13:00:00Z,OTHER,BIOMASS,106.21497253682878,154
2019-12-07T13:00:00Z,OTHER,GAS COGEN,31.574602213435703,58
2019-12-07T13:00:00Z,OTHER,OIL/GAS,23.55501639154222,53
2019-12-07T13:00:00Z,OTHER,WOOD/REFUSE,85.317026231024,158
2019-12-07T13:00:00Z,SOLAR,SOLAR,0,15
2019-12-07T13:00:00Z,WIND,WIND,1203.918348234031,1781
2019-12-07T14:00:00Z,COAL,COAL,2531.0262685775756,5183
2019-12-07T14:00:00Z,DUAL FUEL,DUAL FUEL,90.53020808325871,540
2019-12-07T14:00:00Z,GAS,COGENERATION,4079.420580505265,5043
2019-12-07T14:00:00Z,GAS,COMBINED CYCLE,1423.1699750900268,1748
2019-12-07T14:00:00Z,GAS,SIMPLE CYCLE,160.90837047947778,905
2019-12-07T14:00:00Z,HYDRO,HYDRO,140.8064825654692,894
2019-12-07T14:00:00Z,OTHER,BIOMASS,94.7698389641444,154
2019-12-07T14:00:00Z,OTHER,GAS COGEN,31.567824116282992,58
2019-12-07T14:00:00Z,OTHER,OIL/GAS,21.99676583925883,53
2019-12-07T14:00:00Z,OTHER,WOOD/REFUSE,84.4104661962721,158
2019-12-07T14:00:00Z,SOLAR,SOLAR,0,15
2019-12-07T14:00:00Z,WIND,WIND,1168.4085827113522,1781
2019-12-07T15:00:00Z,COAL,COAL,2645.5917738427056,5183
2019-12-07T15:00:00Z,DUAL FUEL,DUAL FUEL,90.4060666486952,540
2019-12-07T15:00:00Z,GAS,COGENERATION,4121.430043005414,5043
2019-12-07T15:00:00Z,GAS,COMBINED CYCLE,1491.0944801531898,1748
2019-12-07T15:00:00Z,GAS,SIMPLE CYCLE,157.88234861479864,905
2019-12-07T15:00:00Z,HYDRO,HYDRO,117.15725780593024,894
2019-12-07T15:00:00Z,OTHER,BIOMASS,92.83830068005456,154
2019-12-07T15:00:00Z,OTHER,GAS COGEN,31.465342925919426,58
2019-12-07T15:00:00Z,OTHER,OIL/GAS,21.13203281826443,53
2019-12-07T15:00:00Z,OTHER,WOOD/REFUSE,85.63518980238172,158
2019-12-07T15:00:00Z,SOLAR,SOLAR,0,15
2019-12-07T15:00:00Z,WIND,WIND,1206.4617951499092,1781
2019-12-07T16:00:00Z,COAL,COAL,2849.9338806215924,5183
2019-12-07T16:00:00Z,DUAL FUEL,DUAL FUEL,90.4646495437622,540
2019-12-07T16:00:00Z,GAS,COGENERATION,4147.548422050741,5043
2019-12-07T16:00:00Z,GAS,COMBINED CYCLE,1397.0546468522814,1748
2019-12-07T16:00:00Z,GAS,SIMPLE CYCLE,170.50659899704985,905
2019-12-07T16:00:00Z,HYDRO,HYDRO,166.62926833914386,894
2019-12-07T16:00:00Z,OTHER,BIOMASS,99.55261749479506,154
2019-12-07T16:00:00Z,OTHER,GAS COGEN,31.535465435451933,58
2019-12-07T16:00:00Z,OTHER,OIL/GAS,21.417627369562783,53
2019-12-07T16:00:00Z,OTHER,WOOD/REFUSE,85.75429614279005,158
2019-12-07T16:00:00Z,SOLAR,SOLAR,0.31633331447839735,15
2019-12-07T16:00:00Z,WIND,WIND,1087.9390604699984,1781
2019-12-07T17:00:00Z,COAL,COAL,3105.820216939714,5183
2019-12-07T17:00:00Z,DUAL FUEL,DUAL FUEL,123.46251182556152,540
2019-12-07T17:00:00Z,GAS,COGENERATION,4139.937668142485,5043
2019-12-07T17:00:00Z,GAS,COMBINED CYCLE,1436.9154600334166,1748
2019-12-07T17:00:00Z,GAS,SIMPLE CYCLE,178.24892282757494,905
2019-12-07T17:00:00Z,HYDRO,HYDRO,147.3507682126098,894
2019-12-07T17:00:00Z,OTHER,BIOMASS,109.57548923121558,154
2019-12-07T17:00:00Z,OTHER,GAS COGEN,31.548718146218192,58
2019-12-07T17:00:00Z,OTHER,OIL/GAS,21.462988339530096,53
2019-12-07T17:00:00Z,OTHER,WOOD/REFUSE,86.11898323800828,158
2019-12-07T17:00:00Z,SOLAR,SOLAR,1.0004999531971084,15
2019-12-07T17:00:00Z,WIND,WIND,850.5077098855045,1781
2019-12-07T18:00:00Z,COAL,COAL,3178.355191781786,5183
2019-12-07T18:00:00Z,DUAL FUEL,DUAL FUEL,128.51972019195557,540
2019-12-07T18:00:00Z,GAS,COGENERATION,4135.618477547434,5043
2019-12-07T18:00:00Z,GAS,COMBINED CYCLE,1435.0010968473223,1748
2019-12-07T18:00:00Z,GAS,SIMPLE CYCLE,279.5579984272189,905
2019-12-07T18:00:00Z,HYDRO,HYDRO,128.25428516142898,894
2019-12-07T18:00:00Z,OTHER,BIOMASS,113.87932853592767,154
2019-12-07T18:00:00Z,OTHER,GAS COGEN,31.568418866263492,58
2019-12-07T18:00:00Z,OTHER,OIL/GAS,22.337732439041137,53
2019-12-07T18:00:00Z,OTHER,WOOD/REFUSE,86.4175793700748,158
2019-12-07T18:00:00Z,SOLAR,SOLAR,0.9759999540117053,15
2019-12-07T18:00:00Z,WIND,WIND,735.3671282716923,1781
2019-12-07T19:00:00Z,COAL,COAL,3173.9375993410745,5183
2019-12-07T19:00:00Z,DUAL FUEL,DUAL FUEL,128.70449963039823,540
2019-12-07T19:00:00Z,GAS,COGENERATION,4128.967400998738,5043
2019-12-07T19:00:00Z,GAS,COMBINED CYCLE,1424.6463882001242,1748
2019-12-07T19:00:00Z,GAS,SIMPLE CYCLE,288.92855981032056,905
2019-12-07T19:00:00Z,HYDRO,HYDRO,98.25109516673618,894
2019-12-07T19:00:00Z,OTHER,BIOMASS,114.71657302750481,154
2019-12-07T19:00:00Z,OTHER,GAS COGEN,31.37538312911987,58
2019-12-07T19:00:00Z,OTHER,OIL/GAS,22.66218272315131,53
2019-12-07T19:00:00Z,OTHER,WOOD/REFUSE,85.86410296969945,158
2019-12-07T19:00:00Z,SOLAR,SOLAR,0.5286666351556778,15
2019-12-07T19:00:00Z,WIND,WIND,740.6464439023865,1781
2019-12-07T20:00:00Z,COAL,COAL,3085.2496382670934,5183
2019-12-07T20:00:00Z,DUAL FUEL,DUAL FUEL,128.3621692021688,540
2019-12-07T20:00:00Z,GAS,COGENERATION,4126.898769266142,5043
2019-12-07T20:00:00Z,GAS,COMBINED CYCLE,1430.7562447102864,1748
2019-12-07T20:00:00Z,GAS,SIMPLE CYCLE,301.1384865065995,905
2019-12-07T20:00:00Z,HYDRO,HYDRO,106.5716139145361,894
2019-12-07T20:00:00Z,OTHER,BIOMASS,111.72846157603793,154
2019-12-07T20:00:00Z,OTHER,GAS COGEN,31.36932349099053,58
2019-12-07T20:00:00Z,OTHER,OIL/GAS,22.885732843610977,53
2019-12-07T20:00:00Z,OTHER,WOOD/REFUSE,85.59126623842451,158
2019-12-07T20:00:00Z,SOLAR,SOLAR,0.24533331871032715,15
2019-12-07T20:00:00Z,WIND,WIND,815.4965829932689,1781
2019-12-07T21:00:00Z,COAL,COAL,3129.81568013721,5183
2019-12-07T21:00:00Z,DUAL FUEL,DUAL FUEL,128.5291906229655,540
2019-12-07T21:00:00Z,GAS,COGENERATION,4093.9213308957383,5043
2019-12-07T21:00:00Z,GAS,COMBINED CYCLE,1433.39753385014,1748
2019-12-07T21:00:00Z,GAS,SIMPLE CYCLE,301.8769244424254,905
2019-12-07T21:00:00Z,HYDRO,HYDRO,129.81519356667997,894
2019-12-07T21:00:00Z,OTHER,BIOMASS,112.6462827958001,154
2019-12-07T21:00:00Z,OTHER,GAS COGEN,31.516905567381116,58
2019-12-07T21:00:00Z,OTHER,OIL/GAS,22.83123849444919,53
2019-12-07T21:00:00Z,OTHER,WOOD/REFUSE,86.00325587378607,158
2019-12-07T21:00:00Z,SOLAR,SOLAR,0,15
2019-12-07T21:00:00Z,WIND,WIND,840.665520049731,1781
2019-12-07T22:00:00Z,COAL,COAL,3169.837330786387,5183
2019-12-07T22:00:00Z,DUAL FUEL,DUAL FUEL,126.16169065263536,540
2019-12-07T22:00:00Z,GAS,COGENERATION,4111.264551468028,5043
2019-12-07T22:00:00Z,GAS,COMBINED CYCLE,1441.5534350013734,1748
2019-12-07T22:00:00Z,GAS,SIMPLE CYCLE,400.42044205215245,905
2019-12-07T22:00:00Z,HYDRO,HYDRO,150.16891212350794,894
2019-12-07T22:00:00Z,OTHER,BIOMASS,112.90862287150489,154
2019-12-07T22:00:00Z,OTHER,GAS COGEN,31.67945217980279,58
2019-12-07T22:00:00Z,OTHER,OIL/GAS,23.859599374135335,53
2019-12-07T22:00:00Z,OTHER,WOOD/REFUSE,85.97724519729613,158
2019-12-07T22:00:00Z,SOLAR,SOLAR,0,15
2019-12-07T22:00:00Z,WIND,WIND,690.2110595076614,1781
2019-12-07T23:00:00Z,COAL,COAL,3272.2935424380835,5183
2019-12-07T23:00:00Z,DUAL FUEL,DUAL FUEL,128.6196955235799,540
2019-12-07T23:00:00Z,GAS,COGENERATION,4134.7103614864745,5043
2019-12-07T23:00:00Z,GAS,COMBINED CYCLE,1511.220844095018,1748
2019-12-07T23:00:00Z,GAS,SIMPLE CYCLE,461.71786442253324,905
2019-12-07T23:00:00Z,HYDRO,HYDRO,218.66296212977832,894
2019-12-07T23:00:00Z,OTHER,BIOMASS,113.44336114565532,154
2019-12-07T23:00:00Z,OTHER,GAS COGEN,36.109166989326475,58
2019-12-07T23:00:00Z,OTHER,OIL/GAS,32.471455024083454,53
2019-12-07T23:00:00Z,OTHER,WOOD/REFUSE,85.99642670260535,158
2019-12-07T23:00:00Z,SOLAR,SOLAR,0,15
2019-12-07T23:00:00Z,WIND,WIND,435.00231690340576,1781
2019-12-08T00:00:00Z,COAL,COAL,3284.399172401428,5183
2019-12-08T00:00:00Z,DUAL FUEL,DUAL FUEL,140.22139440748427,540
2019-12-08T00:00:00Z,GAS,COGENERATION,4114.5415594090355,5043
2019-12-08T00:00:00Z,GAS,COMBINED CYCLE,1545.8308789994983,1748
2019-12-08T00:00:00Z,GAS,SIMPLE CYCLE,539.8411712823973,905
2019-12-08T00:00:00Z,HYDRO,HYDRO,256.7953744416104,894
2019-12-08T00:00:00Z,OTHER,BIOMASS,116.64566711637708,154
2019-12-08T00:00:00Z,OTHER,GAS COGEN,42.63325104501512,58
2019-12-08T00:00:00Z,OTHER,OIL/GAS,42.46294346915351,53
2019-12-08T00:00:00Z,OTHER,WOOD/REFUSE,96.19459956275092,158
2019-12-08T00:00:00Z,SOLAR,SOLAR,0,15
2019-12-08T00:00:00Z,WIND,WIND,304.7783298725552,1781
2019-12-08T01:00:00Z,COAL,COAL,3247.192649667528,5183
2019-12-08T01:00:00Z,DUAL FUEL,DUAL FUEL,129.71409020317924,540
2019-12-08T01:00:00Z,GAS,COGENERATION,4112.960142161184,5043
2019-12-08T01:00:00Z,GAS,COMBINED CYCLE,1543.2077702448103,1748
2019-12-08T01:00:00Z,GAS,SIMPLE CYCLE,506.01136320153876,905
2019-12-08T01:00:00Z,HYDRO,HYDRO,259.34355325384274,894
2019-12-08T01:00:00Z,OTHER,BIOMASS,127.35785665724012,154
2019-12-08T01:00:00Z,OTHER,GAS COGEN,35.248835447099474,58
2019-12-08T01:00:00Z,OTHER,OIL/GAS,45.82374278386434,53
2019-12-08T01:00:00Z,OTHER,WOOD/REFUSE,87.86504623360105,158
2019-12-08T01:00:00Z,SOLAR,SOLAR,0,15
2019-12-08T01:00:00Z,WIND,WIND,222.8171108426402,1781
2019-12-08T02:00:00Z,COAL,COAL,3268.9115484915837,5183
2019-12-08T02:00:00Z,DUAL FUEL,DUAL FUEL,128.1558190875583,540
2019-12-08T02:00:00Z,GAS,COGENERATION,4113.17720259765,5043
2019-12-08T02:00:00Z,GAS,COMBINED CYCLE,1517.374468003379,1748
2019-12-08T02:00:00Z,GAS,SIMPLE CYCLE,463.5563380746378,905
2019-12-08T02:00:00Z,HYDRO,HYDRO,264.85205359511906,894
2019-12-08T02:00:00Z,OTHER,BIOMASS,137.41998355123732,154
2019-12-08T02:00:00Z,OTHER,GAS COGEN,37.80734766324361,58
2019-12-08T02:00:00Z,OTHER,OIL/GAS,46.08083734724256,53
2019-12-08T02:00:00Z,OTHER,WOOD/REFUSE,88.27329526901246,158
2019-12-08T02:00:00Z,SOLAR,SOLAR,0,15
2019-12-08T02:00:00Z,WIND,WIND,171.5135429138442,1781
2019-12-08T03:00:00Z,COAL,COAL,3236.8628581619264,5183
2019-12-08T03:00:00Z,DUAL FUEL,DUAL FUEL,123.5332863998413,540
2019-12-08T03:00:00Z,GAS,COGENERATION,4047.3952154738954,5043
2019-12-08T03:00:00Z,GAS,COMBINED CYCLE,1467.5891497124567,1748
2019-12-08T03:00:00Z,GAS,SIMPLE CYCLE,450.7452702071932,905
2019-12-08T03:00:00Z,HYDRO,HYDRO,267.1823612470097,894
2019-12-08T03:00:00Z,OTHER,BIOMASS,135.37650176313187,154
2019-12-08T03:00:00Z,OTHER,GAS COGEN,33.345811165703665,58
2019-12-08T03:00:00Z,OTHER,OIL/GAS,45.105070728725856,53
2019-12-08T03:00:00Z,OTHER,WOOD/REFUSE,96.01050465901693,158
2019-12-08T03:00:00Z,SOLAR,SOLAR,0,15
2019-12-08T03:00:00Z,WIND,WIND,191.24813617243535,1781
2019-12-08T04:00:00Z,COAL,COAL,3233.0861888546415,5183
2019-12-08T04:00:00Z,DUAL FUEL,DUAL FUEL,122.52582783169215,540
2019-12-08T04:00:00Z,GAS,COGENERATION,4039.1032878372407,5043
2019-12-08T04:00:00Z,GAS,COMBINED CYCLE,1451.019545870887,1748
2019-12-08T04:00:00Z,GAS,SIMPLE CYCLE,451.2921959760454,905
2019-12-08T04:00:00Z,HYDRO,HYDRO,194.68733678069378,894
2019-12-08T04:00:00Z,OTHER,BIOMASS,135.01140124532913,154
2019-12-08T04:00:00Z,OTHER,GAS COGEN,33.46707493040297,58
2019-12-08T04:00:00Z,OTHER,OIL/GAS,43.86640474107531,53
2019-12-08T04:00:00Z,OTHER,WOOD/REFUSE,98.28451605902778,158
2019-12-08T04:00:00Z,SOLAR,SOLAR,0,15
2019-12-08T04:00:00Z,WIND,WIND,247.1885606857141,1781
2019-12-08T05:00:00Z,COAL,COAL,3277.2612811258105,5183
2019-12-08T05:00:00Z,DUAL FUEL,DUAL FUEL,86.414366929796,540
2019-12-08T05:00:00Z,GAS,COGENERATION,4047.188009136783,5043
2019-12-08T05:00:00Z,GAS,COMBINED CYCLE,1396.5652819136778,1748
2019-12-08T05:00:00Z,GAS,SIMPLE CYCLE,446.7274923010667,905
2019-12-08T05:00:00Z,HYDRO,HYDRO,160.7565149042507,894
2019-12-08T05:00:00Z,OTHER,BIOMASS,131.5413849963082,154
2019-12-08T05:00:00Z,OTHER,GAS COGEN,33.311233674155346,58
2019-12-08T05:00:00Z,OTHER,OIL/GAS,43.233282725016274,53
2019-12-08T05:00:00Z,OTHER,WOOD/REFUSE,98.54951979690128,158
2019-12-08T05:00:00Z,SOLAR,SOLAR,0,15
2019-12-08T05:00:00Z,WIND,WIND,255.78431627258658,1781
2019-12-08T06:00:00Z,COAL,COAL,3286.057162484063,5183
2019-12-08T06:00:00Z,DUAL FUEL,DUAL FUEL,85.83437030368381,540
2019-12-08T06:00:00Z,GAS,COGENERATION,4096.617980451054,5043
2019-12-08T06:00:00Z,GAS,COMBINED CYCLE,1267.0417427362336,1748
2019-12-08T06:00:00Z,GAS,SIMPLE CYCLE,398.84361758934125,905
2019-12-08T06:00:00Z,HYDRO,HYDRO,170.14295684451858,894
2019-12-08T06:00:00Z,OTHER,BIOMASS,128.31322344515058,154
2019-12-08T06:00:00Z,OTHER,GAS COGEN,32.206804784138996,58
2019-12-08T06:00:00Z,OTHER,OIL/GAS,42.28171552234226,53
2019-12-08T06:00:00Z,OTHER,WOOD/REFUSE,90.36777768558926,158
2019-12-08T06:00:00Z,SOLAR,SOLAR,0,15
2019-12-08T06:00:00Z,WIND,WIND,280.89069649062225,1781
2019-12-08T07:00:00Z,COAL,COAL,3113.6571987173293,5183
2019-12-08T07:00:00Z,DUAL FUEL,DUAL FUEL,96.23873135460748,540
2019-12-08T07:00:00Z,GAS,COGENERATION,4102.888138223009,5043
2019-12-08T07:00:00Z,GAS,COMBINED CYCLE,1342.5275954559115,1748
2019-12-08T07:00:00Z,GAS,SIMPLE CYCLE,360.7918243049913,905
2019-12-08T07:00:00Z,HYDRO,HYDRO,111.11676724415686,894
2019-12-08T07:00:00Z,OTHER,BIOMASS,126.06422367519802,154
2019-12-08T07:00:00Z,OTHER,GAS COGEN,31.7300014283922,58
2019-12-08T07:00:00Z,OTHER,OIL/GAS,41.79895450592041,53
2019-12-08T07:00:00Z,OTHER,WOOD/REFUSE,86.8162924559911,158
2019-12-08T07:00:00Z,SOLAR,SOLAR,0,15
2019-12-08T07:00:00Z,WIND,WIND,319.2668118957513,1781
2019-12-08T08:00:00Z,COAL,COAL,2950.2880553245545,5183
2019-12-08T08:00:00Z,DUAL FUEL,DUAL FUEL,89.36845684051514,540
2019-12-08T08:00:00Z,GAS,COGENERATION,4113.355063506895,5043
2019-12-08T08:00:00Z,GAS,COMBINED CYCLE,1340.716673025555,1748
2019-12-08T08:00:00Z,GAS,SIMPLE CYCLE,308.31141704430183,905
2019-12-08T08:00:00Z,HYDRO,HYDRO,74.16028098563353,894
2019-12-08T08:00:00Z,OTHER,BIOMASS,125.26578398386637,154
2019-12-08T08:00:00Z,OTHER,GAS COGEN,31.569255719184877,58
2019-12-08T08:00:00Z,OTHER,OIL/GAS,41.37178719202677,53
2019-12-08T08:00:00Z,OTHER,WOOD/REFUSE,87.37845937622917,158
2019-12-08T08:00:00Z,SOLAR,SOLAR,0,15
2019-12-08T08:00:00Z,WIND,WIND,342.18342857865406,1781
2019-12-08T09:00:00Z,COAL,COAL,2773.296850191752,5183
2019-12-08T09:00:00Z,DUAL FUEL,DUAL FUEL,89.38246890597873,540
2019-12-08T09:00:00Z,GAS,COGENERATION,4183.01944363137,5043
2019-12-08T09:00:00Z,GAS,COMBINED CYCLE,1351.751118499703,1748
2019-12-08T09:00:00Z,GAS,SIMPLE CYCLE,304.28592009428473,905
2019-12-08T09:00:00Z,HYDRO,HYDRO,90.73203089369667,894
2019-12-08T09:00:00Z,OTHER,BIOMASS,122.16542350451152,154
2019-12-08T09:00:00Z,OTHER,GAS COGEN,31.876930820147194,58
2019-12-08T09:00:00Z,OTHER,OIL/GAS,41.19072719785902,53
2019-12-08T09:00:00Z,OTHER,WOOD/REFUSE,87.50175088140699,158
2019-12-08T09:00:00Z,SOLAR,SOLAR,0,15
2019-12-08T09:00:00Z,WIND,WIND,383.8670000736416,1781
2019-12-08T10:00:00Z,COAL,COAL,2664.3917696423,5183
2019-12-08T10:00:00Z,DUAL FUEL,DUAL FUEL,89.4707751083374,540
2019-12-08T10:00:00Z,GAS,COGENERATION,4213.104394763841,5043
2019-12-08T10:00:00Z,GAS,COMBINED CYCLE,1376.3264239829116,1748
2019-12-08T10:00:00Z,GAS,SIMPLE CYCLE,302.8981258387698,905
2019-12-08T10:00:00Z,HYDRO,HYDRO,117.7318677757846,894
2019-12-08T10:00:00Z,OTHER,BIOMASS,121.36893469386631,154
2019-12-08T10:00:00Z,OTHER,GAS COGEN,31.702874966197545,58
2019-12-08T10:00:00Z,OTHER,OIL/GAS,41.1700660027398,53
2019-12-08T10:00:00Z,OTHER,WOOD/REFUSE,88.11660866260529,158
2019-12-08T10:00:00Z,SOLAR,SOLAR,0,15
2019-12-08T10:00:00Z,WIND,WIND,429.19025695047446,1781
2019-12-08T11:00:00Z,COAL,COAL,2789.4155551338195,5183
2019-12-08T11:00:00Z,DUAL FUEL,DUAL FUEL,88.8921810277303,540
2019-12-08T11:00:00Z,GAS,COGENERATION,4215.794601061079,5043
2019-12-08T11:00:00Z,GAS,COMBINED CYCLE,1284.6380479921236,1748
2019-12-08T11:00:00Z,GAS,SIMPLE CYCLE,305.5749169611103,905
2019-12-08T11:00:00Z,HYDRO,HYDRO,121.62283237514396,894
2019-12-08T11:00:00Z,OTHER,BIOMASS,120.37998487737444,154
2019-12-08T11:00:00Z,OTHER,GAS COGEN,31.6591059144338,58
2019-12-08T11:00:00Z,OTHER,OIL/GAS,41.103460744222005,53
2019-12-08T11:00:00Z,OTHER,WOOD/REFUSE,88.45934464189742,158
2019-12-08T11:00:00Z,SOLAR,SOLAR,0,15
2019-12-08T11:00:00Z,WIND,WIND,401.4017161969344,1781
2019-12-08T12:00:00Z,COAL,COAL,2876.4881322733563,5183
2019-12-08T12:00:00Z,DUAL FUEL,DUAL FUEL,88.64879878997803,540
2019-12-08T12:00:00Z,GAS,COGENERATION,4223.834315121638,5043
2019-12-08T12:00:00Z,GAS,COMBINED CYCLE,1347.503867246045,1748
2019-12-08T12:00:00Z,GAS,SIMPLE CYCLE,307.1883475120531,905
2019-12-08T12:00:00Z,HYDRO,HYDRO,154.16387485963602,894
2019-12-08T12:00:00Z,OTHER,BIOMASS,121.09496242788103,154
2019-12-08T12:00:00Z,OTHER,GAS COGEN,31.552016903029546,58
2019-12-08T12:00:00Z,OTHER,OIL/GAS,41.2727766778734,53
2019-12-08T12:00:00Z,OTHER,WOOD/REFUSE,88.35801717599233,158
2019-12-08T12:00:00Z,SOLAR,SOLAR,0,15
2019-12-08T12:00:00Z,WIND,WIND,285.76288761775527,1781
2019-12-08T13:00:00Z,COAL,COAL,2991.2063958549497,5183
2019-12-08T13:00:00Z,DUAL FUEL,DUAL FUEL,89.09864179823134,540
2019-12-08T13:00:00Z,GAS,COGENERATION,4215.546558081044,5043
2019-12-08T13:00:00Z,GAS,COMBINED CYCLE,1370.0154481207,1748
2019-12-08T13:00:00Z,GAS,SIMPLE CYCLE,307.63138741248184,905
2019-12-08T13:00:00Z,HYDRO,HYDRO,119.56663909349177,894
2019-12-08T13:00:00Z,OTHER,BIOMASS,117.65744521299997,154
2019-12-08T13:00:00Z,OTHER,GAS COGEN,31.68388182428148,58
2019-12-08T13:00:00Z,OTHER,OIL/GAS,41.16258817460802,53
2019-12-08T13:00:00Z,OTHER,WOOD/REFUSE,86.84157423390282,158
2019-12-08T13:00:00Z,SOLAR,SOLAR,0,15
2019-12-08T13:00:00Z,WIND,WIND,222.87970194843908,1781
2019-12-08T14:00:00Z,COAL,COAL,3033.1662983322144,5183
2019-12-08T14:00:00Z,DUAL FUEL,DUAL FUEL,89.00658678690593,540
2019-12-08T14:00:00Z,GAS,COGENERATION,4208.462078915967,5043
2019-12-08T14:00:00Z,GAS,COMBINED CYCLE,1445.8684492776129,1748
2019-12-08T14:00:00Z,GAS,SIMPLE CYCLE,306.7790357008245,905
2019-12-08T14:00:00Z,HYDRO,HYDRO,148.9396220298277,894
2019-12-08T14:00:00Z,OTHER,BIOMASS,114.43953934722477,154
2019-12-08T14:00:00Z,OTHER,GAS COGEN,31.318567712571884,58
2019-12-08T14:00:00Z,OTHER,OIL/GAS,40.84264407899644,53
2019-12-08T14:00:00Z,OTHER,WOOD/REFUSE,88.14395168039533,158
2019-12-08T14:00:00Z,SOLAR,SOLAR,0,15
2019-12-08T14:00:00Z,WIND,WIND,130.03648111042878,1781
2019-12-08T15:00:00Z,COAL,COAL,3171.4677477497526,5183
2019-12-08T15:00:00Z,DUAL FUEL,DUAL FUEL,88.14447167714437,540
2019-12-08T15:00:00Z,GAS,COGENERATION,4204.084468120999,5043
2019-12-08T15:00:00Z,GAS,COMBINED CYCLE,1476.4012965156303,1748
2019-12-08T15:00:00Z,GAS,SIMPLE CYCLE,388.3820674862961,905
2019-12-08T15:00:00Z,HYDRO,HYDRO,109.51032715502713,894
2019-12-08T15:00:00Z,OTHER,BIOMASS,120.00590112527212,154
2019-12-08T15:00:00Z,OTHER,GAS COGEN,31.60177229563395,58
2019-12-08T15:00:00Z,OTHER,OIL/GAS,40.63286100599501,53
2019-12-08T15:00:00Z,OTHER,WOOD/REFUSE,88.66045854674445,158
2019-12-08T15:00:00Z,SOLAR,SOLAR,0,15
2019-12-08T15:00:00Z,WIND,WIND,101.5176376707024,1781
2019-12-08T16:00:00Z,COAL,COAL,3269.947697813246,5183
2019-12-08T16:00:00Z,DUAL FUEL,DUAL FUEL,87.18040159013536,540
2019-12-08T16:00:00Z,GAS,COGENERATION,4203.668679022392,5043
2019-12-08T16:00:00Z,GAS,COMBINED CYCLE,1450.4353795017137,1748
2019-12-08T16:00:00Z,GAS,SIMPLE CYCLE,439.0208498930269,905
2019-12-08T16:00:00Z,HYDRO,HYDRO,157.33996278181672,894
2019-12-08T16:00:00Z,OTHER,BIOMASS,126.02646726687749,154
2019-12-08T16:00:00Z,OTHER,GAS COGEN,31.771505414644878,58
2019-12-08T16:00:00Z,OTHER,OIL/GAS,40.45796009487576,53
2019-12-08T16:00:00Z,OTHER,WOOD/REFUSE,87.7605493206448,158
2019-12-08T16:00:00Z,SOLAR,SOLAR,0,15
2019-12-08T16:00:00Z,WIND,WIND,106.98784813183877,1781
2019-12-08T17:00:00Z,COAL,COAL,3282.475655937195,5183
2019-12-08T17:00:00Z,DUAL FUEL,DUAL FUEL,87.49286451127794,540
2019-12-08T17:00:00Z,GAS,COGENERATION,4186.444958047867,5043
2019-12-08T17:00:00Z,GAS,COMBINED CYCLE,1419.114922135671,1748
2019-12-08T17:00:00Z,GAS,SIMPLE CYCLE,448.94486948231855,905
2019-12-08T17:00:00Z,HYDRO,HYDRO,224.33841140670907,894
2019-12-08T17:00:00Z,OTHER,BIOMASS,135.75033429781595,154
2019-12-08T17:00:00Z,OTHER,GAS COGEN,31.814626464313932,58
2019-12-08T17:00:00Z,OTHER,OIL/GAS,39.91077606625027,53
2019-12-08T17:00:00Z,OTHER,WOOD/REFUSE,87.70787659857008,158
2019-12-08T17:00:00Z,SOLAR,SOLAR,0,15
2019-12-08T17:00:00Z,WIND,WIND,68.9550451191432,1781
2019-12-08T18:00:00Z,COAL,COAL,3280.5002549023097,5183
2019-12-08T18:00:00Z,DUAL FUEL,DUAL FUEL,87.43935465918646,540
2019-12-08T18:00:00Z,GAS,COGENERATION,4160.485555335946,5043
2019-12-08T18:00:00Z,GAS,COMBINED CYCLE,1397.9944554506408,1748
2019-12-08T18:00:00Z,GAS,SIMPLE CYCLE,441.9112399183379,905
2019-12-08T18:00:00Z,HYDRO,HYDRO,164.57734725463723,894
2019-12-08T18:00:00Z,OTHER,BIOMASS,136.83778460714552,154
2019-12-08T18:00:00Z,OTHER,GAS COGEN,31.752194433742098,58
2019-12-08T18:00:00Z,OTHER,OIL/GAS,41.64076560338338,53
2019-12-08T18:00:00Z,OTHER,WOOD/REFUSE,88.0005997636583,158
2019-12-08T18:00:00Z,SOLAR,SOLAR,0,15
2019-12-08T18:00:00Z,WIND,WIND,91.49621648256976,1781
2019-12-08T19:00:00Z,COAL,COAL,3271.4852500661214,5183
2019-12-08T19:00:00Z,DUAL FUEL,DUAL FUEL,87.43975809733072,540
2019-12-08T19:00:00Z,GAS,COGENERATION,4145.985911178192,5043
2019-12-08T19:00:00Z,GAS,COMBINED CYCLE,1329.737582066854,1748
2019-12-08T19:00:00Z,GAS,SIMPLE CYCLE,421.4424299619761,905
2019-12-08T19:00:00Z,HYDRO,HYDRO,115.58801037145986,894
2019-12-08T19:00:00Z,OTHER,BIOMASS,127.5988004875183,154
2019-12-08T19:00:00Z,OTHER,GAS COGEN,31.658440526326494,58
2019-12-08T19:00:00Z,OTHER,OIL/GAS,41.59394334581163,53
2019-12-08T19:00:00Z,OTHER,WOOD/REFUSE,87.9628968556722,158
2019-12-08T19:00:00Z,SOLAR,SOLAR,0,15
2019-12-08T19:00:00Z,WIND,WIND,137.22780582595203,1781
2019-12-08T20:00:00Z,COAL,COAL,3130.7249450598824,5183
2019-12-08T20:00:00Z,DUAL FUEL,DUAL FUEL,86.72044848124186,540
2019-12-08T20:00:00Z,GAS,COGENERATION,4129.52881904708,5043
2019-12-08T20:00:00Z,GAS,COMBINED CYCLE,1349.334003077613,1748
2019-12-08T20:00:00Z,GAS,SIMPLE CYCLE,439.32563460727533,905
2019-12-08T20:00:00Z,HYDRO,HYDRO,184.8565850180056,894
2019-12-08T20:00:00Z,OTHER,BIOMASS,137.38098415904574,154
2019-12-08T20:00:00Z,OTHER,GAS COGEN,31.616304297447204,58
2019-12-08T20:00:00Z,OTHER,OIL/GAS,41.54507700178358,53
2019-12-08T20:00:00Z,OTHER,WOOD/REFUSE,87.06717616928948,158
2019-12-08T20:00:00Z,SOLAR,SOLAR,0,15
2019-12-08T20:00:00Z,WIND,WIND,199.08794581002658,1781
2019-12-08T21:00:00Z,COAL,COAL,3060.8074819310505,5183
2019-12-08T21:00:00Z,DUAL FUEL,DUAL FUEL,93.0430869547526,540
2019-12-08T21:00:00Z,GAS,COGENERATION,4133.13083411773,5043
2019-12-08T21:00:00Z,GAS,COMBINED CYCLE,1337.9763246742884,1748
2019-12-08T21:00:00Z,GAS,SIMPLE CYCLE,449.7391723674867,905
2019-12-08T21:00:00Z,HYDRO,HYDRO,147.21418696004483,894
2019-12-08T21:00:00Z,OTHER,BIOMASS,133.57257372220357,154
2019-12-08T21:00:00Z,OTHER,GAS COGEN,31.588446183204653,58
2019-12-08T21:00:00Z,OTHER,OIL/GAS,41.84622682147556,53
2019-12-08T21:00:00Z,OTHER,WOOD/REFUSE,89.62236801306406,158
2019-12-08T21:00:00Z,SOLAR,SOLAR,0,15
2019-12-08T21:00:00Z,WIND,WIND,283.65058031102024,1781
2019-12-08T22:00:00Z,COAL,COAL,2941.873547960917,5183
2019-12-08T22:00:00Z,DUAL FUEL,DUAL FUEL,118.66724879794651,540
2019-12-08T22:00:00Z,GAS,COGENERATION,4112.081249635485,5043
2019-12-08T22:00:00Z,GAS,COMBINED CYCLE,1418.2934627613756,1748
2019-12-08T22:00:00Z,GAS,SIMPLE CYCLE,472.95774509582253,905
2019-12-08T22:00:00Z,HYDRO,HYDRO,114.70429376446539,894
2019-12-08T22:00:00Z,OTHER,BIOMASS,135.5220850669013,154
2019-12-08T22:00:00Z,OTHER,GAS COGEN,36.86127910190158,58
2019-12-08T22:00:00Z,OTHER,OIL/GAS,41.802398675282795,53
2019-12-08T22:00:00Z,OTHER,WOOD/REFUSE,89.80696927918329,158
2019-12-08T22:00:00Z,SOLAR,SOLAR,0,15
2019-12-08T22:00:00Z,WIND,WIND,384.33460750303334,1781
2019-12-08T23:00:00Z,COAL,COAL,3008.4673448053995,5183
2019-12-08T23:00:00Z,DUAL FUEL,DUAL FUEL,117.2531370247735,540
2019-12-08T23:00:00Z,GAS,COGENERATION,4132.517611483468,5043
2019-12-08T23:00:00Z,GAS,COMBINED CYCLE,1522.2279084799025,1748
2019-12-08T23:00:00Z,GAS,SIMPLE CYCLE,475.68158539030287,905
2019-12-08T23:00:00Z,HYDRO,HYDRO,149.61032663219504,894
2019-12-08T23:00:00Z,OTHER,BIOMASS,136.9549403836992,154
2019-12-08T23:00:00Z,OTHER,GAS COGEN,33.75744709438748,58
2019-12-08T23:00:00Z,OTHER,OIL/GAS,41.51644213994344,53
2019-12-08T23:00:00Z,OTHER,WOOD/REFUSE,89.4929488076104,158
2019-12-08T23:00:00Z,SOLAR,SOLAR,0,15
2019-12-08T23:00:00Z,WIND,WIND,512.8973193947475,1781
2019-12-09T00:00:00Z,COAL,COAL,2886.8741410954794,5183
2019-12-09T00:00:00Z,DUAL FUEL,DUAL FUEL,117.01818447113035,540
2019-12-09T00:00:00Z,GAS,COGENERATION,4112.7367907881735,5043
2019-12-09T00:00:00Z,GAS,COMBINED CYCLE,1544.572576619254,1748
2019-12-09T00:00:00Z,GAS,SIMPLE CYCLE,462.06265498595104,905
2019-12-09T00:00:00Z,HYDRO,HYDRO,292.5846219101217,894
2019-12-09T00:00:00Z,OTHER,BIOMASS,141.79558982107375,154
2019-12-09T00:00:00Z,OTHER,GAS COGEN,43.28468872494168,58
2019-12-09T00:00:00Z,OTHER,OIL/GAS,41.599114979638,53
2019-12-09T00:00:00Z,OTHER,WOOD/REFUSE,90.1738329437044,158
2019-12-09T00:00:00Z,SOLAR,SOLAR,0,15
2019-12-09T00:00:00Z,WIND,WIND,591.0454824515515,1781
2019-12-09T01:00:00Z,COAL,COAL,2871.618436105516,5183
2019-12-09T01:00:00Z,DUAL FUEL,DUAL FUEL,117.01901298099094,540
2019-12-09T01:00:00Z,GAS,COGENERATION,4115.491816354725,5043
2019-12-09T01:00:00Z,GAS,COMBINED CYCLE,1554.300061647627,1748
2019-12-09T01:00:00Z,GAS,SIMPLE CYCLE,449.44097985645135,905
2019-12-09T01:00:00Z,HYDRO,HYDRO,224.0057983835538,894
2019-12-09T01:00:00Z,OTHER,BIOMASS,135.46489559597438,154
2019-12-09T01:00:00Z,OTHER,GAS COGEN,35.373808433214826,58
2019-12-09T01:00:00Z,OTHER,OIL/GAS,41.53981423483955,53
2019-12-09T01:00:00Z,OTHER,WOOD/REFUSE,89.16849371804132,158
2019-12-09T01:00:00Z,SOLAR,SOLAR,0,15
2019-12-09T01:00:00Z,WIND,WIND,596.878760139164,1781
2019-12-09T02:00:00Z,COAL,COAL,3068.093301533593,5183
2019-12-09T02:00:00Z,DUAL FUEL,DUAL FUEL,115.65439806196424,540
2019-12-09T02:00:00Z,GAS,COGENERATION,4139.314476435615,5043
2019-12-09T02:00:00Z,GAS,COMBINED CYCLE,1479.9157545195685,1748
2019-12-09T02:00:00Z,GAS,SIMPLE CYCLE,376.6482512760825,905
2019-12-09T02:00:00Z,HYDRO,HYDRO,221.48169287648466,894
2019-12-09T02:00:00Z,OTHER,BIOMASS,124.10261686325073,154
2019-12-09T02:00:00Z,OTHER,GAS COGEN,32.271858242352806,58
2019-12-09T02:00:00Z,OTHER,OIL/GAS,41.64111530303955,53
2019-12-09T02:00:00Z,OTHER,WOOD/REFUSE,88.90791244347889,158
2019-12-09T02:00:00Z,SOLAR,SOLAR,0,15
2019-12-09T02:00:00Z,WIND,WIND,542.0986896243858,1781
2019-12-09T03:00:00Z,COAL,COAL,3274.587876947191,5183
2019-12-09T03:00:00Z,DUAL FUEL,DUAL FUEL,118.163878326416,540
2019-12-09T03:00:00Z,GAS,COGENERATION,4136.418092958927,5043
2019-12-09T03:00:00Z,GAS,COMBINED CYCLE,1462.6816521104176,1748
2019-12-09T03:00:00Z,GAS,SIMPLE CYCLE,400.08723036275967,905
2019-12-09T03:00:00Z,HYDRO,HYDRO,195.31685976220504,894
2019-12-09T03:00:00Z,OTHER,BIOMASS,123.3600056552887,154
2019-12-09T03:00:00Z,OTHER,GAS COGEN,31.5827872827318,58
2019-12-09T03:00:00Z,OTHER,OIL/GAS,42.537393483055965,53
2019-12-09T03:00:00Z,OTHER,WOOD/REFUSE,87.76531771765815,158
2019-12-09T03:00:00Z,SOLAR,SOLAR,0,15
2019-12-09T03:00:00Z,WIND,WIND,505.75527796912525,1781
2019-12-09T04:00:00Z,COAL,COAL,3228.7312934472825,5183
2019-12-09T04:00:00Z,DUAL FUEL,DUAL FUEL,117.81029740227594,540
2019-12-09T04:00:00Z,GAS,COGENERATION,4139.19545450502,5043
2019-12-09T04:00:00Z,GAS,COMBINED CYCLE,1447.8852668497298,1748
2019-12-09T04:00:00Z,GAS,SIMPLE CYCLE,345.84291498266987,905
2019-12-09T04:00:00Z,HYDRO,HYDRO,140.79499876223502,894
2019-12-09T04:00:00Z,OTHER,BIOMASS,124.31793403890399,154
2019-12-09T04:00:00Z,OTHER,GAS COGEN,31.46187763214111,58
2019-12-09T04:00:00Z,OTHER,OIL/GAS,43.06394360860189,53
2019-12-09T04:00:00Z,OTHER,WOOD/REFUSE,87.76687238004472,158
2019-12-09T04:00:00Z,SOLAR,SOLAR,0,15
2019-12-09T04:00:00Z,WIND,WIND,541.5751456477245,1781
2019-12-09T05:00:00Z,COAL,COAL,3042.1232657199434,5183
2019-12-09T05:00:00Z,DUAL FUEL,DUAL FUEL,117.77736551496716,540
2019-12-09T05:00:00Z,GAS,COGENERATION,4081.8023904119595,5043
2019-12-09T05:00:00Z,GAS,COMBINED CYCLE,1447.9200220796797,1748
2019-12-09T05:00:00Z,GAS,SIMPLE CYCLE,305.1331379505992,905
2019-12-09T05:00:00Z,HYDRO,HYDRO,163.09346307171714,894
2019-12-09T05:00:00Z,OTHER,BIOMASS,121.17330127822028,154
2019-12-09T05:00:00Z,OTHER,GAS COGEN,31.24169127146403,58
2019-12-09T05:00:00Z,OTHER,OIL/GAS,44.86994973924425,53
2019-12-09T05:00:00Z,OTHER,WOOD/REFUSE,87.65897028181288,158
2019-12-09T05:00:00Z,SOLAR,SOLAR,0,15
2019-12-09T05:00:00Z,WIND,WIND,474.8986749566264,1781
2019-12-09T06:00:00Z,COAL,COAL,3048.7374058617484,5183
2019-12-09T06:00:00Z,DUAL FUEL,DUAL FUEL,117.15990214029948,540
2019-12-09T06:00:00Z,GAS,COGENERATION,4090.883872985045,5043
2019-12-09T06:00:00Z,GAS,COMBINED CYCLE,1327.4943884823056,1748
2019-12-09T06:00:00Z,GAS,SIMPLE CYCLE,229.17844705631336,905
2019-12-09T06:00:00Z,HYDRO,HYDRO,99.60451312472424,894
2019-12-09T06:00:00Z,OTHER,BIOMASS,123.75048409567938,154
2019-12-09T06:00:00Z,OTHER,GAS COGEN,31.260025663905672,58
2019-12-09T06:00:00Z,OTHER,OIL/GAS,46.14147681130304,53
2019-12-09T06:00:00Z,OTHER,WOOD/REFUSE,87.85690348625182,158
2019-12-09T06:00:00Z,SOLAR,SOLAR,0,15
2019-12-09T06:00:00Z,WIND,WIND,438.92756749752493,1781
2019-12-09T07:00:00Z,COAL,COAL,2855.212870163388,5183
2019-12-09T07:00:00Z,DUAL FUEL,DUAL FUEL,119.3617537943522,540
2019-12-09T07:00:00Z,GAS,COGENERATION,4078.1525719064807,5043
2019-12-09T07:00:00Z,GAS,COMBINED CYCLE,1372.5693449772727,1748
2019-12-09T07:00:00Z,GAS,SIMPLE CYCLE,201.09217802948422,905
2019-12-09T07:00:00Z,HYDRO,HYDRO,84.88861343271203,894
2019-12-09T07:00:00Z,OTHER,BIOMASS,125.8388173060947,154
2019-12-09T07:00:00Z,OTHER,GAS COGEN,42.06463486247593,58
2019-12-09T07:00:00Z,OTHER,OIL/GAS,46.98568187713623,53
2019-12-09T07:00:00Z,OTHER,WOOD/REFUSE,87.60096278455522,158
2019-12-09T07:00:00Z,SOLAR,SOLAR,0,15
2019-12-09T07:00:00Z,WIND,WIND,517.1001999005592,1781
2019-12-09T08:00:00Z,COAL,COAL,2720.8540724457634,5183
2019-12-09T08:00:00Z,DUAL FUEL,DUAL FUEL,109.77914477878149,540
2019-12-09T08:00:00Z,GAS,COGENERATION,4089.2894147143097,5043
2019-12-09T08:00:00Z,GAS,COMBINED CYCLE,1265.4385937394036,1748
2019-12-09T08:00:00Z,GAS,SIMPLE CYCLE,200.94528745121426,905
2019-12-09T08:00:00Z,HYDRO,HYDRO,100.06013939857483,894
2019-12-09T08:00:00Z,OTHER,BIOMASS,119.98910063849556,154
2019-12-09T08:00:00Z,OTHER,GAS COGEN,44.600997041066485,58
2019-12-09T08:00:00Z,OTHER,OIL/GAS,47.65934384875827,53
2019-12-09T08:00:00Z,OTHER,WOOD/REFUSE,88.12214281082153,158
2019-12-09T08:00:00Z,SOLAR,SOLAR,0,15
2019-12-09T08:00:00Z,WIND,WIND,692.4735045066973,1781
2019-12-09T09:00:00Z,COAL,COAL,2507.3575785721673,5183
2019-12-09T09:00:00Z,DUAL FUEL,DUAL FUEL,108.84723590426977,540
2019-12-09T09:00:00Z,GAS,COGENERATION,4094.818971952465,5043
2019-12-09T09:00:00Z,GAS,COMBINED CYCLE,1243.8131148084005,1748
2019-12-09T09:00:00Z,GAS,SIMPLE CYCLE,200.7612384112676,905
2019-12-09T09:00:00Z,HYDRO,HYDRO,74.32116997930738,894
2019-12-09T09:00:00Z,OTHER,BIOMASS,119.47425119188097,154
2019-12-09T09:00:00Z,OTHER,GAS COGEN,44.37146777894762,58
2019-12-09T09:00:00Z,OTHER,OIL/GAS,43.72307633294,53
2019-12-09T09:00:00Z,OTHER,WOOD/REFUSE,88.07096026579539,158
2019-12-09T09:00:00Z,SOLAR,SOLAR,0,15
2019-12-09T09:00:00Z,WIND,WIND,965.4153234965106,1781
2019-12-09T10:00:00Z,COAL,COAL,2216.4070309490626,5183
2019-12-09T10:00:00Z,DUAL FUEL,DUAL FUEL,108.35487376742893,540
2019-12-09T10:00:00Z,GAS,COGENERATION,4113.102584250503,5043
2019-12-09T10:00:00Z,GAS,COMBINED CYCLE,1243.2658687313399,1748
2019-12-09T10:00:00Z,GAS,SIMPLE CYCLE,200.85033255378406,905
2019-12-09T10:00:00Z,HYDRO,HYDRO,74.50813079810806,894
2019-12-09T10:00:00Z,OTHER,BIOMASS,118.86413984616597,154
2019-12-09T10:00:00Z,OTHER,GAS COGEN,44.42508488337199,58
2019-12-09T10:00:00Z,OTHER,OIL/GAS,44.75113306681315,53
2019-12-09T10:00:00Z,OTHER,WOOD/REFUSE,87.92495974911584,158
2019-12-09T10:00:00Z,SOLAR,SOLAR,0,15
2019-12-09T10:00:00Z,WIND,WIND,1160.5389128451877,1781
2019-12-09T11:00:00Z,COAL,COAL,2236.0542193285623,5183
2019-12-09T11:00:00Z,DUAL FUEL,DUAL FUEL,102.68368408203123,540
2019-12-09T11:00:00Z,GAS,COGENERATION,4106.976004395087,5043
2019-12-09T11:00:00Z,GAS,COMBINED CYCLE,1277.7760767528746,1748
2019-12-09T11:00:00Z,GAS,SIMPLE CYCLE,202.2676212591595,905
2019-12-09T11:00:00Z,HYDRO,HYDRO,127.08804449848003,894
2019-12-09T11:00:00Z,OTHER,BIOMASS,116.48780074914296,154
2019-12-09T11:00:00Z,OTHER,GAS COGEN,44.625611748165554,58
2019-12-09T11:00:00Z,OTHER,OIL/GAS,44.85910990609063,53
2019-12-09T11:00:00Z,OTHER,WOOD/REFUSE,87.46174210389455,158
2019-12-09T11:00:00Z,SOLAR,SOLAR,0,15
2019-12-09T11:00:00Z,WIND,WIND,1105.0107355181376,1781
2019-12-09T12:00:00Z,COAL,COAL,2520.259867971208,5183
2019-12-09T12:00:00Z,DUAL FUEL,DUAL FUEL,96.68384813520645,540
2019-12-09T12:00:00Z,GAS,COGENERATION,4108.818538540999,5043
2019-12-09T12:00:00Z,GAS,COMBINED CYCLE,1297.5521685832077,1748
2019-12-09T12:00:00Z,GAS,SIMPLE CYCLE,202.33583444648318,905
2019-12-09T12:00:00Z,HYDRO,HYDRO,139.5657731065485,894
2019-12-09T12:00:00Z,OTHER,BIOMASS,116.28722367975446,154
2019-12-09T12:00:00Z,OTHER,GAS COGEN,41.44101488325331,58
2019-12-09T12:00:00Z,OTHER,OIL/GAS,45.9108486005995,53
2019-12-09T12:00:00Z,OTHER,WOOD/REFUSE,86.28954822858174,158
2019-12-09T12:00:00Z,SOLAR,SOLAR,0,15
2019-12-09T12:00:00Z,WIND,WIND,1019.9447031317817,1781
2019-12-09T13:00:00Z,COAL,COAL,2677.01467034075,5183
2019-12-09T13:00:00Z,DUAL FUEL,DUAL FUEL,113.04220541212294,540
2019-12-09T13:00:00Z,GAS,COGENERATION,4118.075110372834,5043
2019-12-09T13:00:00Z,GAS,COMBINED CYCLE,1377.600559401512,1748
2019-12-09T13:00:00Z,GAS,SIMPLE CYCLE,203.70029503716364,905
2019-12-09T13:00:00Z,HYDRO,HYDRO,111.8627223832243,894
2019-12-09T13:00:00Z,OTHER,BIOMASS,111.85678999794854,154
2019-12-09T13:00:00Z,OTHER,GAS COGEN,41.343352172639634,58
2019-12-09T13:00:00Z,OTHER,OIL/GAS,46.810887542300755,53
2019-12-09T13:00:00Z,OTHER,WOOD/REFUSE,87.09875523037381,158
2019-12-09T13:00:00Z,SOLAR,SOLAR,0,15
2019-12-09T13:00:00Z,WIND,WIND,1039.7246620048418,1781
2019-12-09T14:00:00Z,COAL,COAL,2858.612350784805,5183
2019-12-09T14:00:00Z,DUAL FUEL,DUAL FUEL,111.8661650721232,540
2019-12-09T14:00:00Z,GAS,COGENERATION,4148.65236428933,5043
2019-12-09T14:00:00Z,GAS,COMBINED CYCLE,1414.2850665855408,1748
2019-12-09T14:00:00Z,GAS,SIMPLE CYCLE,258.1914225636257,905
2019-12-09T14:00:00Z,HYDRO,HYDRO,217.9611547816462,894
2019-12-09T14:00:00Z,OTHER,BIOMASS,113.08226869689094,154
2019-12-09T14:00:00Z,OTHER,GAS COGEN,41.34794706556532,58
2019-12-09T14:00:00Z,OTHER,OIL/GAS,46.393826166788735,53
2019-12-09T14:00:00Z,OTHER,WOOD/REFUSE,87.8719106668896,158
2019-12-09T14:00:00Z,SOLAR,SOLAR,0,15
2019-12-09T14:00:00Z,WIND,WIND,1043.5612838625907,1781
2019-12-09T15:00:00Z,COAL,COAL,3008.920890967051,5183
2019-12-09T15:00:00Z,DUAL FUEL,DUAL FUEL,111.242743212382,540
2019-12-09T15:00:00Z,GAS,COGENERATION,4170.158401740723,5043
2019-12-09T15:00:00Z,GAS,COMBINED CYCLE,1429.7208546760348,1748
2019-12-09T15:00:00Z,GAS,SIMPLE CYCLE,330.31164271215596,905
2019-12-09T15:00:00Z,HYDRO,HYDRO,184.9825407508347,894
2019-12-09T15:00:00Z,OTHER,BIOMASS,116.07168532848358,154
2019-12-09T15:00:00Z,OTHER,GAS COGEN,41.28006014294095,58
2019-12-09T15:00:00Z,OTHER,OIL/GAS,45.99242587831285,53
2019-12-09T15:00:00Z,OTHER,WOOD/REFUSE,88.75425563282437,158
2019-12-09T15:00:00Z,SOLAR,SOLAR,0,15
2019-12-09T15:00:00Z,WIND,WIND,948.133242146439,1781
2019-12-09T16:00:00Z,COAL,COAL,3049.2322268422445,5183
2019-12-09T16:00:00Z,DUAL FUEL,DUAL FUEL,114.0033369869656,540
2019-12-09T16:00:00Z,GAS,COGENERATION,4171.987771159013,5043
2019-12-09T16:00:00Z,GAS,COMBINED CYCLE,1393.260510064231,1748
2019-12-09T16:00:00Z,GAS,SIMPLE CYCLE,370.1770275783208,905
2019-12-09T16:00:00Z,HYDRO,HYDRO,189.3821664332019,894
2019-12-09T16:00:00Z,OTHER,BIOMASS,120.75997313817342,154
2019-12-09T16:00:00Z,OTHER,GAS COGEN,41.92334317737156,58
2019-12-09T16:00:00Z,OTHER,OIL/GAS,45.888865877787275,53
2019-12-09T16:00:00Z,OTHER,WOOD/REFUSE,89.66302276717292,158
2019-12-09T16:00:00Z,SOLAR,SOLAR,0,15
2019-12-09T16:00:00Z,WIND,WIND,837.9796112732755,1781
2019-12-09T17:00:00Z,COAL,COAL,3183.8934270117015,5183
2019-12-09T17:00:00Z,DUAL FUEL,DUAL FUEL,120.61106622483996,540
2019-12-09T17:00:00Z,GAS,COGENERATION,4162.98226764573,5043
2019-12-09T17:00:00Z,GAS,COMBINED CYCLE,1460.987488650216,1748
2019-12-09T17:00:00Z,GAS,SIMPLE CYCLE,452.29858460817076,905
2019-12-09T17:00:00Z,HYDRO,HYDRO,212.06312471403015,894
2019-12-09T17:00:00Z,OTHER,BIOMASS,130.10279095225863,154
2019-12-09T17:00:00Z,OTHER,GAS COGEN,42.670449272791544,58
2019-12-09T17:00:00Z,OTHER,OIL/GAS,46.20081560770671,53
2019-12-09T17:00:00Z,OTHER,WOOD/REFUSE,89.59660808192359,158
2019-12-09T17:00:00Z,SOLAR,SOLAR,0,15
2019-12-09T17:00:00Z,WIND,WIND,546.4726525637176,1781
2019-12-09T18:00:00Z,COAL,COAL,3238.9112536227703,5183
2019-12-09T18:00:00Z,DUAL FUEL,DUAL FUEL,124.1874227947659,540
2019-12-09T18:00:00Z,GAS,COGENERATION,4167.923909400966,5043
2019-12-09T18:00:00Z,GAS,COMBINED CYCLE,1558.0603819237815,1748
2019-12-09T18:00:00Z,GAS,SIMPLE CYCLE,495.8064606348011,905
2019-12-09T18:00:00Z,HYDRO,HYDRO,219.2943196103308,894
2019-12-09T18:00:00Z,OTHER,BIOMASS,136.0151242012448,154
2019-12-09T18:00:00Z,OTHER,GAS COGEN,45.044067306518556,58
2019-12-09T18:00:00Z,OTHER,OIL/GAS,46.406382300059,53
2019-12-09T18:00:00Z,OTHER,WOOD/REFUSE,89.9190662018458,158
2019-12-09T18:00:00Z,SOLAR,SOLAR,0,15
2019-12-09T18:00:00Z,WIND,WIND,257.43831685289325,1781
2019-12-09T19:00:00Z,COAL,COAL,3260.0524752087063,5183
2019-12-09T19:00:00Z,DUAL FUEL,DUAL FUEL,129.12962817721896,540
2019-12-09T19:00:00Z,GAS,COGENERATION,4159.535556409624,5043
2019-12-09T19:00:00Z,GAS,COMBINED CYCLE,1564.3085121721692,1748
2019-12-09T19:00:00Z,GAS,SIMPLE CYCLE,496.8040442498028,905
2019-12-09T19:00:00Z,HYDRO,HYDRO,273.5422818496492,894
2019-12-09T19:00:00Z,OTHER,BIOMASS,133.46496241145664,154
2019-12-09T19:00:00Z,OTHER,GAS COGEN,45.60612781100803,58
2019-12-09T19:00:00Z,OTHER,OIL/GAS,47.15684381484985,53
2019-12-09T19:00:00Z,OTHER,WOOD/REFUSE,90.71976213508182,158
2019-12-09T19:00:00Z,SOLAR,SOLAR,0,15
2019-12-09T19:00:00Z,WIND,WIND,195.98284085392123,1781
2019-12-09T20:00:00Z,COAL,COAL,3229.611161971622,5183
2019-12-09T20:00:00Z,DUAL FUEL,DUAL FUEL,124.0353494474623,540
2019-12-09T20:00:00Z,GAS,COGENERATION,4158.253304795954,5043
2019-12-09T20:00:00Z,GAS,COMBINED CYCLE,1470.531799387402,1748
2019-12-09T20:00:00Z,GAS,SIMPLE CYCLE,528.58044405414,905
2019-12-09T20:00:00Z,HYDRO,HYDRO,144.51484463178448,894
2019-12-09T20:00:00Z,OTHER,BIOMASS,126.88900120443769,154
2019-12-09T20:00:00Z,OTHER,GAS COGEN,45.6632352341546,58
2019-12-09T20:00:00Z,OTHER,OIL/GAS,47.04154870986938,53
2019-12-09T20:00:00Z,OTHER,WOOD/REFUSE,86.53125139024522,158
2019-12-09T20:00:00Z,SOLAR,SOLAR,0,15
2019-12-09T20:00:00Z,WIND,WIND,239.4788180514011,1781
2019-12-09T21:00:00Z,COAL,COAL,3212.89003440645,5183
2019-12-09T21:00:00Z,DUAL FUEL,DUAL FUEL,139.13743570115832,540
2019-12-09T21:00:00Z,GAS,COGENERATION,4152.747508153386,5043
2019-12-09T21:00:00Z,GAS,COMBINED CYCLE,1413.0274221621619,1748
2019-12-09T21:00:00Z,GAS,SIMPLE CYCLE,510.13919961551824,905
2019-12-09T21:00:00Z,HYDRO,HYDRO,203.48384917029074,894
2019-12-09T21:00:00Z,OTHER,BIOMASS,128.1095510678821,154
2019-12-09T21:00:00Z,OTHER,GAS COGEN,46.020611362457274,58
2019-12-09T21:00:00Z,OTHER,OIL/GAS,46.3884317419264,53
2019-12-09T21:00:00Z,OTHER,WOOD/REFUSE,84.56388740433587,158
2019-12-09T21:00:00Z,SOLAR,SOLAR,0,15
2019-12-09T21:00:00Z,WIND,WIND,217.69212294979226,1781
2019-12-09T22:00:00Z,COAL,COAL,3250.586645541721,5183
2019-12-09T22:00:00Z,DUAL FUEL,DUAL FUEL,131.23809282514785,540
2019-12-09T22:00:00Z,GAS,COGENERATION,4158.119751734469,5043
2019-12-09T22:00:00Z,GAS,COMBINED CYCLE,1464.2426518270704,1748
2019-12-09T22:00:00Z,GAS,SIMPLE CYCLE,519.0461136100027,905
2019-12-09T22:00:00Z,HYDRO,HYDRO,255.37956114738353,894
2019-12-09T22:00:00Z,OTHER,BIOMASS,128.18182380676268,154
2019-12-09T22:00:00Z,OTHER,GAS COGEN,46.565423039330376,58
2019-12-09T22:00:00Z,OTHER,OIL/GAS,46.41608208550347,53
2019-12-09T22:00:00Z,OTHER,WOOD/REFUSE,83.8438160996967,158
2019-12-09T22:00:00Z,SOLAR,SOLAR,0,15
2019-12-09T22:00:00Z,WIND,WIND,169.14375634607342,1781
2019-12-09T23:00:00Z,COAL,COAL,3370.5132072787815,5183
2019-12-09T23:00:00Z,DUAL FUEL,DUAL FUEL,140.51566441853842,540
2019-12-09T23:00:00Z,GAS,COGENERATION,4167.579617751175,5043
2019-12-09T23:00:00Z,GAS,COMBINED CYCLE,1551.0234931230545,1748
2019-12-09T23:00:00Z,GAS,SIMPLE CYCLE,524.5089504055844,905
2019-12-09T23:00:00Z,HYDRO,HYDRO,300.9362948437201,894
2019-12-09T23:00:00Z,OTHER,BIOMASS,129.24912250412834,154
2019-12-09T23:00:00Z,OTHER,GAS COGEN,46.55083684497409,58
2019-12-09T23:00:00Z,OTHER,OIL/GAS,46.65333241144816,53
2019-12-09T23:00:00Z,OTHER,WOOD/REFUSE,87.25065469635857,158
2019-12-09T23:00:00Z,SOLAR,SOLAR,0,15
2019-12-09T23:00:00Z,WIND,WIND,109.41315150734451,1781
2019-12-10T00:00:00Z,COAL,COAL,3527.0478753407797,5183
2019-12-10T00:00:00Z,DUAL FUEL,DUAL FUEL,139.86712366316053,540
2019-12-10T00:00:00Z,GAS,COGENERATION,4157.08257547511,5043
2019-12-10T00:00:00Z,GAS,COMBINED CYCLE,1560.0770890903473,1748
2019-12-10T00:00:00Z,GAS,SIMPLE CYCLE,520.6013335728645,905
2019-12-10T00:00:00Z,HYDRO,HYDRO,276.1779409335388,894
2019-12-10T00:00:00Z,OTHER,BIOMASS,128.30000100347732,154
2019-12-10T00:00:00Z,OTHER,GAS COGEN,46.54498073577881,58
2019-12-10T00:00:00Z,OTHER,OIL/GAS,46.77285937203301,53
2019-12-10T00:00:00Z,OTHER,WOOD/REFUSE,88.50302754031287,158
2019-12-10T00:00:00Z,SOLAR,SOLAR,0,15
2019-12-10T00:00:00Z,WIND,WIND,35.04166681599286,1781
2019-12-10T01:00:00Z,COAL,COAL,3567.8730367363823,5183
2019-12-10T01:00:00Z,DUAL FUEL,DUAL FUEL,139.04745181613498,540
2019-12-10T01:00:00Z,GAS,COGENERATION,4166.312302055624,5043
2019-12-10T01:00:00Z,GAS,COMBINED CYCLE,1562.372541291449,1748
2019-12-10T01:00:00Z,GAS,SIMPLE CYCLE,525.040330795712,905
2019-12-10T01:00:00Z,HYDRO,HYDRO,287.34426701479487,894
2019-12-10T01:00:00Z,OTHER,BIOMASS,129.38869536558786,154
2019-12-10T01:00:00Z,OTHER,GAS COGEN,46.17287168714735,58
2019-12-10T01:00:00Z,OTHER,OIL/GAS,45.669698270161945,53
2019-12-10T01:00:00Z,OTHER,WOOD/REFUSE,88.95158321062725,158
2019-12-10T01:00:00Z,SOLAR,SOLAR,0,15
2019-12-10T01:00:00Z,WIND,WIND,8.781663218223386,1781
2019-12-10T02:00:00Z,COAL,COAL,3577.1640683025785,5183
2019-12-10T02:00:00Z,DUAL FUEL,DUAL FUEL,99.5015624109904,540
2019-12-10T02:00:00Z,GAS,COGENERATION,4161.972803263664,5043
2019-12-10T02:00:00Z,GAS,COMBINED CYCLE,1543.7888354057736,1748
2019-12-10T02:00:00Z,GAS,SIMPLE CYCLE,520.3687243866921,905
2019-12-10T02:00:00Z,HYDRO,HYDRO,237.21667927026746,894
2019-12-10T02:00:00Z,OTHER,BIOMASS,128.71293973498874,154
2019-12-10T02:00:00Z,OTHER,GAS COGEN,46.05343521118164,58
2019-12-10T02:00:00Z,OTHER,OIL/GAS,43.222742301093206,53
2019-12-10T02:00:00Z,OTHER,WOOD/REFUSE,88.78626484764946,158
2019-12-10T02:00:00Z,SOLAR,SOLAR,0,15
2019-12-10T02:00:00Z,WIND,WIND,32.84528821620676,1781
2019-12-10T03:00:00Z,COAL,COAL,3542.4076261605155,5183
2019-12-10T03:00:00Z,DUAL FUEL,DUAL FUEL,139.2404036331177,540
2019-12-10T03:00:00Z,GAS,COGENERATION,4160.092030600028,5043
2019-12-10T03:00:00Z,GAS,COMBINED CYCLE,1388.6609233697257,1748
2019-12-10T03:00:00Z,GAS,SIMPLE CYCLE,491.615122034053,905
2019-12-10T03:00:00Z,HYDRO,HYDRO,178.3374765000244,894
2019-12-10T03:00:00Z,OTHER,BIOMASS,120.59437891456815,154
2019-12-10T03:00:00Z,OTHER,GAS COGEN,45.7792919588089,58
2019-12-10T03:00:00Z,OTHER,OIL/GAS,42.88827064090305,53
2019-12-10T03:00:00Z,OTHER,WOOD/REFUSE,89.45934781392415,158
2019-12-10T03:00:00Z,SOLAR,SOLAR,0,15
2019-12-10T03:00:00Z,WIND,WIND,86.03953719957008,1781
2019-12-10T04:00:00Z,COAL,COAL,3420.2450267007616,5183
2019-12-10T04:00:00Z,DUAL FUEL,DUAL FUEL,137.4918832482232,540
2019-12-10T04:00:00Z,GAS,COGENERATION,4156.348494074874,5043
2019-12-10T04:00:00Z,GAS,COMBINED CYCLE,1353.1233942773606,1748
2019-12-10T04:00:00Z,GAS,SIMPLE CYCLE,440.55666371524336,905
2019-12-10T04:00:00Z,HYDRO,HYDRO,153.50026923010745,894
2019-12-10T04:00:00Z,OTHER,BIOMASS,120.98151256985133,154
2019-12-10T04:00:00Z,OTHER,GAS COGEN,45.33908575905694,58
2019-12-10T04:00:00Z,OTHER,OIL/GAS,42.68478683259752,53
2019-12-10T04:00:00Z,OTHER,WOOD/REFUSE,89.57847223069933,158
2019-12-10T04:00:00Z,SOLAR,SOLAR,0,15
2019-12-10T04:00:00Z,WIND,WIND,124.64807256086006,1781
2019-12-10T05:00:00Z,COAL,COAL,3240.2087044440377,5183
2019-12-10T05:00:00Z,DUAL FUEL,DUAL FUEL,137.38810671488443,540
2019-12-10T05:00:00Z,GAS,COGENERATION,4148.544687342644,5043
2019-12-10T05:00:00Z,GAS,COMBINED CYCLE,1308.477588033014,1748
2019-12-10T05:00:00Z,GAS,SIMPLE CYCLE,410.0069324405326,905
2019-12-10T05:00:00Z,HYDRO,HYDRO,113.65490492138598,894
2019-12-10T05:00:00Z,OTHER,BIOMASS,119.89082846747505,154
2019-12-10T05:00:00Z,OTHER,GAS COGEN,43.23803411987093,58
2019-12-10T05:00:00Z,OTHER,OIL/GAS,41.98915445751614,53
2019-12-10T05:00:00Z,OTHER,WOOD/REFUSE,89.64724893358019,158
2019-12-10T05:00:00Z,SOLAR,SOLAR,0,15
2019-12-10T05:00:00Z,WIND,WIND,227.84562956720592,1781
2019-12-10T06:00:00Z,COAL,COAL,2961.030890242259,5183
2019-12-10T06:00:00Z,DUAL FUEL,DUAL FUEL,138.28489875793457,540
2019-12-10T06:00:00Z,GAS,COGENERATION,4137.62944024076,5043
2019-12-10T06:00:00Z,GAS,COMBINED CYCLE,1343.355608963569,1748
2019-12-10T06:00:00Z,GAS,SIMPLE CYCLE,318.99417259206376,905
2019-12-10T06:00:00Z,HYDRO,HYDRO,94.75535491777791,894
2019-12-10T06:00:00Z,OTHER,BIOMASS,119.9239505343967,154
2019-12-10T06:00:00Z,OTHER,GAS COGEN,45.34279116365644,58
2019-12-10T06:00:00Z,OTHER,OIL/GAS,42.4310603650411,53
2019-12-10T06:00:00Z,OTHER,WOOD/REFUSE,88.81486510541704,158
2019-12-10T06:00:00Z,SOLAR,SOLAR,0,15
2019-12-10T06:00:00Z,WIND,WIND,492.07819964110854,1781
2019-12-10T07:00:00Z,COAL,COAL,2910.275451611413,5183
2019-12-10T07:00:00Z,DUAL FUEL,DUAL FUEL,129.94499795277915,540
2019-12-10T07:00:00Z,GAS,COGENERATION,4152.9239618934025,5043
2019-12-10T07:00:00Z,GAS,COMBINED CYCLE,1298.9454882248244,1748
2019-12-10T07:00:00Z,GAS,SIMPLE CYCLE,208.3739046494166,905
2019-12-10T07:00:00Z,HYDRO,HYDRO,95.37148948883016,894
2019-12-10T07:00:00Z,OTHER,BIOMASS,118.49727351082696,154
2019-12-10T07:00:00Z,OTHER,GAS COGEN,45.43792255507575,58
2019-12-10T07:00:00Z,OTHER,OIL/GAS,42.60134852939182,53
2019-12-10T07:00:00Z,OTHER,WOOD/REFUSE,88.41915432771047,158
2019-12-10T07:00:00Z,SOLAR,SOLAR,0,15
2019-12-10T07:00:00Z,WIND,WIND,619.2682063479059,1781
2019-12-10T08:00:00Z,COAL,COAL,2789.0210652499727,5183
2019-12-10T08:00:00Z,DUAL FUEL,DUAL FUEL,119.96793210347494,540
2019-12-10T08:00:00Z,GAS,COGENERATION,4144.96386773136,5043
2019-12-10T08:00:00Z,GAS,COMBINED CYCLE,1274.0471635900603,1748
2019-12-10T08:00:00Z,GAS,SIMPLE CYCLE,205.55952201485636,905
2019-12-10T08:00:00Z,HYDRO,HYDRO,108.73770693421363,894
2019-12-10T08:00:00Z,OTHER,BIOMASS,116.2884060102039,154
2019-12-10T08:00:00Z,OTHER,GAS COGEN,45.4345756790373,58
2019-12-10T08:00:00Z,OTHER,OIL/GAS,43.60842025332981,53
2019-12-10T08:00:00Z,OTHER,WOOD/REFUSE,88.41065972646076,158
2019-12-10T08:00:00Z,SOLAR,SOLAR,0,15
2019-12-10T08:00:00Z,WIND,WIND,692.961222338991,1781
2019-12-10T09:00:00Z,COAL,COAL,2674.2148169522816,5183
2019-12-10T09:00:00Z,DUAL FUEL,DUAL FUEL,137.32735945807562,540
2019-12-10T09:00:00Z,GAS,COGENERATION,4137.029889783329,5043
2019-12-10T09:00:00Z,GAS,COMBINED CYCLE,1268.5895714155834,1748
2019-12-10T09:00:00Z,GAS,SIMPLE CYCLE,205.4082119708591,905
2019-12-10T09:00:00Z,HYDRO,HYDRO,103.05954612493515,894
2019-12-10T09:00:00Z,OTHER,BIOMASS,117.60561809380849,154
2019-12-10T09:00:00Z,OTHER,GAS COGEN,45.43713940885333,58
2019-12-10T09:00:00Z,OTHER,OIL/GAS,44.129176425933835,53
2019-12-10T09:00:00Z,OTHER,WOOD/REFUSE,88.4455738427904,158
2019-12-10T09:00:00Z,SOLAR,SOLAR,0,15
2019-12-10T09:00:00Z,WIND,WIND,740.0138405992918,1781
2019-12-10T10:00:00Z,COAL,COAL,2627.7343461545306,5183
2019-12-10T10:00:00Z,DUAL FUEL,DUAL FUEL,139.0974244011773,540
2019-12-10T10:00:00Z,GAS,COGENERATION,4132.459751997524,5043
2019-12-10T10:00:00Z,GAS,COMBINED CYCLE,1258.4913267329005,1748
2019-12-10T10:00:00Z,GAS,SIMPLE CYCLE,205.3469601832496,905
2019-12-10T10:00:00Z,HYDRO,HYDRO,90.14522633433343,894
2019-12-10T10:00:00Z,OTHER,BIOMASS,119.338956334326,154
2019-12-10T10:00:00Z,OTHER,GAS COGEN,45.341902298397486,58
2019-12-10T10:00:00Z,OTHER,OIL/GAS,44.821055047776966,53
2019-12-10T10:00:00Z,OTHER,WOOD/REFUSE,88.57888619105022,158
2019-12-10T10:00:00Z,SOLAR,SOLAR,0,15
2019-12-10T10:00:00Z,WIND,WIND,774.8372075088819,1781
2019-12-10T11:00:00Z,COAL,COAL,2711.314215329488,5183
2019-12-10T11:00:00Z,DUAL FUEL,DUAL FUEL,139.9711860232883,540
2019-12-10T11:00:00Z,GAS,COGENERATION,4137.665759029654,5043
2019-12-10T11:00:00Z,GAS,COMBINED CYCLE,1267.0108354290326,1748
2019-12-10T11:00:00Z,GAS,SIMPLE CYCLE,205.7221576335695,905
2019-12-10T11:00:00Z,HYDRO,HYDRO,111.2474111429188,894
2019-12-10T11:00:00Z,OTHER,BIOMASS,115.13758987638685,154
2019-12-10T11:00:00Z,OTHER,GAS COGEN,45.43915876176622,58
2019-12-10T11:00:00Z,OTHER,OIL/GAS,44.881081619262694,53
2019-12-10T11:00:00Z,OTHER,WOOD/REFUSE,87.97539284865061,158
2019-12-10T11:00:00Z,SOLAR,SOLAR,0,15
2019-12-10T11:00:00Z,WIND,WIND,751.1370417586631,1781
2019-12-10T12:00:00Z,COAL,COAL,2719.2095437579683,5183
2019-12-10T12:00:00Z,DUAL FUEL,DUAL FUEL,139.6294178941515,540
2019-12-10T12:00:00Z,GAS,COGENERATION,4149.194467642043,5043
2019-12-10T12:00:00Z,GAS,COMBINED CYCLE,1281.580738096502,1748
2019-12-10T12:00:00Z,GAS,SIMPLE CYCLE,205.90282340506712,905
2019-12-10T12:00:00Z,HYDRO,HYDRO,144.36461540159252,894
2019-12-10T12:00:00Z,OTHER,BIOMASS,116.72033386919233,154
2019-12-10T12:00:00Z,OTHER,GAS COGEN,45.99280288961199,58
2019-12-10T12:00:00Z,OTHER,OIL/GAS,44.4744988017612,53
2019-12-10T12:00:00Z,OTHER,WOOD/REFUSE,87.97052003118728,158
2019-12-10T12:00:00Z,SOLAR,SOLAR,0,15
2019-12-10T12:00:00Z,WIND,WIND,758.2262411541657,1781
2019-12-10T13:00:00Z,COAL,COAL,3004.6350188149345,5183
2019-12-10T13:00:00Z,DUAL FUEL,DUAL FUEL,140.05238963656956,540
2019-12-10T13:00:00Z,GAS,COGENERATION,4147.158376528157,5043
2019-12-10T13:00:00Z,GAS,COMBINED CYCLE,1311.6579702790577,1748
2019-12-10T13:00:00Z,GAS,SIMPLE CYCLE,295.36346567862563,905
2019-12-10T13:00:00Z,HYDRO,HYDRO,147.8040221561657,894
2019-12-10T13:00:00Z,OTHER,BIOMASS,116.23063981321123,154
2019-12-10T13:00:00Z,OTHER,GAS COGEN,46.4238785733117,58
2019-12-10T13:00:00Z,OTHER,OIL/GAS,44.34362185584174,53
2019-12-10T13:00:00Z,OTHER,WOOD/REFUSE,88.5257227977117,158
2019-12-10T13:00:00Z,SOLAR,SOLAR,0,15
2019-12-10T13:00:00Z,WIND,WIND,784.67349422079,1781
2019-12-10T14:00:00Z,COAL,COAL,3070.6972505399917,5183
2019-12-10T14:00:00Z,DUAL FUEL,DUAL FUEL,122.15244343651666,540
2019-12-10T14:00:00Z,GAS,COGENERATION,4163.620287455453,5043
2019-12-10T14:00:00Z,GAS,COMBINED CYCLE,1416.7391565587786,1748
2019-12-10T14:00:00Z,GAS,SIMPLE CYCLE,318.6567035684983,905
2019-12-10T14:00:00Z,HYDRO,HYDRO,188.40193513717915,894
2019-12-10T14:00:00Z,OTHER,BIOMASS,115.80118972274992,154
2019-12-10T14:00:00Z,OTHER,GAS COGEN,46.49306101904975,58
2019-12-10T14:00:00Z,OTHER,OIL/GAS,44.670154904259576,53
2019-12-10T14:00:00Z,OTHER,WOOD/REFUSE,87.74326054626042,158
2019-12-10T14:00:00Z,SOLAR,SOLAR,0,15
2019-12-10T14:00:00Z,WIND,WIND,731.1857562072079,1781
2019-12-10T15:00:00Z,COAL,COAL,3235.8640136379668,5183
2019-12-10T15:00:00Z,DUAL FUEL,DUAL FUEL,120.4627146911621,540
2019-12-10T15:00:00Z,GAS,COGENERATION,4165.350581121313,5043
2019-12-10T15:00:00Z,GAS,COMBINED CYCLE,1438.2591466199028,1748
2019-12-10T15:00:00Z,GAS,SIMPLE CYCLE,381.263877758152,905
2019-12-10T15:00:00Z,HYDRO,HYDRO,149.2050044880973,894
2019-12-10T15:00:00Z,OTHER,BIOMASS,115.64048439661661,154
2019-12-10T15:00:00Z,OTHER,GAS COGEN,46.70579996903738,58
2019-12-10T15:00:00Z,OTHER,OIL/GAS,44.964270451863605,53
2019-12-10T15:00:00Z,OTHER,WOOD/REFUSE,87.68247818787893,158
2019-12-10T15:00:00Z,SOLAR,SOLAR,0,15
2019-12-10T15:00:00Z,WIND,WIND,644.9692037513107,1781
2019-12-10T16:00:00Z,COAL,COAL,3300.1335639190675,5183
2019-12-10T16:00:00Z,DUAL FUEL,DUAL FUEL,120.47639128367106,540
2019-12-10T16:00:00Z,GAS,COGENERATION,4172.300376522673,5043
2019-12-10T16:00:00Z,GAS,COMBINED CYCLE,1403.6082979363866,1748
2019-12-10T16:00:00Z,GAS,SIMPLE CYCLE,344.12463524073365,905
2019-12-10T16:00:00Z,HYDRO,HYDRO,165.59054568443034,894
2019-12-10T16:00:00Z,OTHER,BIOMASS,119.79002394835155,154
2019-12-10T16:00:00Z,OTHER,GAS COGEN,47.35946225537195,58
2019-12-10T16:00:00Z,OTHER,OIL/GAS,44.57333176718818,53
2019-12-10T16:00:00Z,OTHER,WOOD/REFUSE,87.56521606710221,158
2019-12-10T16:00:00Z,SOLAR,SOLAR,0,15
2019-12-10T16:00:00Z,WIND,WIND,620.2589181713263,1781
2019-12-10T17:00:00Z,COAL,COAL,3383.5887179374695,5183
2019-12-10T17:00:00Z,DUAL FUEL,DUAL FUEL,120.3898114988539,540
2019-12-10T17:00:00Z,GAS,COGENERATION,4166.591629486813,5043
2019-12-10T17:00:00Z,GAS,COMBINED CYCLE,1353.2578379715815,1748
2019-12-10T17:00:00Z,GAS,SIMPLE CYCLE,365.08246147669024,905
2019-12-10T17:00:00Z,HYDRO,HYDRO,206.5695253042049,894
2019-12-10T17:00:00Z,OTHER,BIOMASS,123.35810113271079,154
2019-12-10T17:00:00Z,OTHER,GAS COGEN,48.26001050525242,58
2019-12-10T17:00:00Z,OTHER,OIL/GAS,44.33249903784858,53
2019-12-10T17:00:00Z,OTHER,WOOD/REFUSE,84.57384940995111,158
2019-12-10T17:00:00Z,SOLAR,SOLAR,0,15
2019-12-10T17:00:00Z,WIND,WIND,577.6548493706022,1781
2019-12-10T18:00:00Z,COAL,COAL,3369.148240307702,5183
2019-12-10T18:00:00Z,DUAL FUEL,DUAL FUEL,119.8626914469401,540
2019-12-10T18:00:00Z,GAS,COGENERATION,4167.35169686036,5043
2019-12-10T18:00:00Z,GAS,COMBINED CYCLE,1423.6384019284778,1748
2019-12-10T18:00:00Z,GAS,SIMPLE CYCLE,367.68789088937973,905
2019-12-10T18:00:00Z,HYDRO,HYDRO,179.39225037280056,894
2019-12-10T18:00:00Z,OTHER,BIOMASS,126.02509526464674,154
2019-12-10T18:00:00Z,OTHER,GAS COGEN,48.352702106899685,58
2019-12-10T18:00:00Z,OTHER,OIL/GAS,45.58554787317912,53
2019-12-10T18:00:00Z,OTHER,WOOD/REFUSE,86.23787253273859,158
2019-12-10T18:00:00Z,SOLAR,SOLAR,0,15
2019-12-10T18:00:00Z,WIND,WIND,530.2745060814048,1781
2019-12-10T19:00:00Z,COAL,COAL,3472.8708102904425,5183
2019-12-10T19:00:00Z,DUAL FUEL,DUAL FUEL,120.4453808254666,540
2019-12-10T19:00:00Z,GAS,COGENERATION,4169.583599639866,5043
2019-12-10T19:00:00Z,GAS,COMBINED CYCLE,1376.4599145502514,1748
2019-12-10T19:00:00Z,GAS,SIMPLE CYCLE,308.85098856442505,905
2019-12-10T19:00:00Z,HYDRO,HYDRO,206.45433643352652,894
2019-12-10T19:00:00Z,OTHER,BIOMASS,122.30960083378686,154
2019-12-10T19:00:00Z,OTHER,GAS COGEN,48.58113020790948,58
2019-12-10T19:00:00Z,OTHER,OIL/GAS,46.52166470845541,53
2019-12-10T19:00:00Z,OTHER,WOOD/REFUSE,87.73366340531243,158
2019-12-10T19:00:00Z,SOLAR,SOLAR,0,15
2019-12-10T19:00:00Z,WIND,WIND,487.69867122614136,1781
2019-12-10T20:00:00Z,COAL,COAL,3571.0329666900634,5183
2019-12-10T20:00:00Z,DUAL FUEL,DUAL FUEL,135.42320673624675,540
2019-12-10T20:00:00Z,GAS,COGENERATION,4175.4084393482735,5043
2019-12-10T20:00:00Z,GAS,COMBINED CYCLE,1430.884552874565,1748
2019-12-10T20:00:00Z,GAS,SIMPLE CYCLE,367.17319985432755,905
2019-12-10T20:00:00Z,HYDRO,HYDRO,174.61576088123851,894
2019-12-10T20:00:00Z,OTHER,BIOMASS,120.02930629518296,154
2019-12-10T20:00:00Z,OTHER,GAS COGEN,48.54349400414361,58
2019-12-10T20:00:00Z,OTHER,OIL/GAS,47.15470350265503,53
2019-12-10T20:00:00Z,OTHER,WOOD/REFUSE,87.8248830652237,158
2019-12-10T20:00:00Z,SOLAR,SOLAR,0,15
2019-12-10T20:00:00Z,WIND,WIND,370.65542847274907,1781
2019-12-10T21:00:00Z,COAL,COAL,3596.5832672532397,5183
2019-12-10T21:00:00Z,DUAL FUEL,DUAL FUEL,144.589218911065,540
2019-12-10T21:00:00Z,GAS,COGENERATION,4180.130711407728,5043
2019-12-10T21:00:00Z,GAS,COMBINED CYCLE,1476.4460658409862,1748
2019-12-10T21:00:00Z,GAS,SIMPLE CYCLE,395.0887343050374,905
2019-12-10T21:00:00Z,HYDRO,HYDRO,174.44151872113346,894
2019-12-10T21:00:00Z,OTHER,BIOMASS,120.7753449069129,154
2019-12-10T21:00:00Z,OTHER,GAS COGEN,48.53057116455502,58
2019-12-10T21:00:00Z,OTHER,OIL/GAS,45.404776853985254,53
2019-12-10T21:00:00Z,OTHER,WOOD/REFUSE,90.5632639948527,158
2019-12-10T21:00:00Z,SOLAR,SOLAR,0,15
2019-12-10T21:00:00Z,WIND,WIND,272.2067810573677,1781
2019-12-10T22:00:00Z,COAL,COAL,3651.36443886439,5183
2019-12-10T22:00:00Z,DUAL FUEL,DUAL FUEL,145.5413618214925,540
2019-12-10T22:00:00Z,GAS,COGENERATION,4169.466971212162,5043
2019-12-10T22:00:00Z,GAS,COMBINED CYCLE,1498.6051523484125,1748
2019-12-10T22:00:00Z,GAS,SIMPLE CYCLE,477.31284935279024,905
2019-12-10T22:00:00Z,HYDRO,HYDRO,147.4901525152723,894
2019-12-10T22:00:00Z,OTHER,BIOMASS,128.27664967060088,154
2019-12-10T22:00:00Z,OTHER,GAS COGEN,48.32528394434187,58
2019-12-10T22:00:00Z,OTHER,OIL/GAS,44.53694364759657,53
2019-12-10T22:00:00Z,OTHER,WOOD/REFUSE,94.84598779466417,158
2019-12-10T22:00:00Z,SOLAR,SOLAR,0,15
2019-12-10T22:00:00Z,WIND,WIND,198.53078880134555,1781
2019-12-10T23:00:00Z,COAL,COAL,3535.6133714675902,5183
2019-12-10T23:00:00Z,DUAL FUEL,DUAL FUEL,145.74682933383517,540
2019-12-10T23:00:00Z,GAS,COGENERATION,4171.464806932758,5043
2019-12-10T23:00:00Z,GAS,COMBINED CYCLE,1457.5229995287789,1748
2019-12-10T23:00:00Z,GAS,SIMPLE CYCLE,496.7089354872703,905
2019-12-10T23:00:00Z,HYDRO,HYDRO,224.9962635897928,894
2019-12-10T23:00:00Z,OTHER,BIOMASS,131.92592789544,154
2019-12-10T23:00:00Z,OTHER,GAS COGEN,48.62976779937744,58
2019-12-10T23:00:00Z,OTHER,OIL/GAS,44.651944374508325,53
2019-12-10T23:00:00Z,OTHER,WOOD/REFUSE,95.60195604801179,158
2019-12-10T23:00:00Z,SOLAR,SOLAR,0,15
2019-12-10T23:00:00Z,WIND,WIND,232.94785478529002,1781
2019-12-11T00:00:00Z,COAL,COAL,3386.5369274732802,5183
2019-12-11T00:00:00Z,DUAL FUEL,DUAL FUEL,145.94336234198676,540
2019-12-11T00:00:00Z,GAS,COGENERATION,4176.017124832372,5043
2019-12-11T00:00:00Z,GAS,COMBINED CYCLE,1509.9857934268316,1748
2019-12-11T00:00:00Z,GAS,SIMPLE CYCLE,511.9637646106548,905
2019-12-11T00:00:00Z,HYDRO,HYDRO,230.77352539896964,894
2019-12-11T00:00:00Z,OTHER,BIOMASS,137.02632385359868,154
2019-12-11T00:00:00Z,OTHER,GAS COGEN,48.75621635437012,58
2019-12-11T00:00:00Z,OTHER,OIL/GAS,44.8729932085673,53
2019-12-11T00:00:00Z,OTHER,WOOD/REFUSE,96.72867618454826,158
2019-12-11T00:00:00Z,SOLAR,SOLAR,0,15
2019-12-11T00:00:00Z,WIND,WIND,277.0062754162401,1781
2019-12-11T01:00:00Z,COAL,COAL,3364.4808974880643,5183
2019-12-11T01:00:00Z,DUAL FUEL,DUAL FUEL,146.1764175245497,540
2019-12-11T01:00:00Z,GAS,COGENERATION,4130.325675808854,5043
2019-12-11T01:00:00Z,GAS,COMBINED CYCLE,1472.2438946702746,1748
2019-12-11T01:00:00Z,GAS,SIMPLE CYCLE,509.4670226671298,905
2019-12-11T01:00:00Z,HYDRO,HYDRO,162.70188623580668,894
2019-12-11T01:00:00Z,OTHER,BIOMASS,136.16895627445643,154
2019-12-11T01:00:00Z,OTHER,GAS COGEN,48.63081207063463,58
2019-12-11T01:00:00Z,OTHER,OIL/GAS,43.56314228905572,53
2019-12-11T01:00:00Z,OTHER,WOOD/REFUSE,97.02897103044721,158
2019-12-11T01:00:00Z,SOLAR,SOLAR,0,15
2019-12-11T01:00:00Z,WIND,WIND,369.39481232360004,1781
2019-12-11T02:00:00Z,COAL,COAL,3353.9609117486743,5183
2019-12-11T02:00:00Z,DUAL FUEL,DUAL FUEL,129.1488559934828,540
2019-12-11T02:00:00Z,GAS,COGENERATION,4122.318132991261,5043
2019-12-11T02:00:00Z,GAS,COMBINED CYCLE,1443.9452617232005,1748
2019-12-11T02:00:00Z,GAS,SIMPLE CYCLE,454.7582211051385,905
2019-12-11T02:00:00Z,HYDRO,HYDRO,226.9311893099215,894
2019-12-11T02:00:00Z,OTHER,BIOMASS,124.28848974227905,154
2019-12-11T02:00:00Z,OTHER,GAS COGEN,48.25371971766154,58
2019-12-11T02:00:00Z,OTHER,OIL/GAS,43.880081723531084,53
2019-12-11T02:00:00Z,OTHER,WOOD/REFUSE,89.90169396983252,158
2019-12-11T02:00:00Z,SOLAR,SOLAR,0,15
2019-12-11T02:00:00Z,WIND,WIND,508.87210201528336,1781
2019-12-11T03:00:00Z,COAL,COAL,3477.958281004164,5183
2019-12-11T03:00:00Z,DUAL FUEL,DUAL FUEL,127.39068628523084,540
2019-12-11T03:00:00Z,GAS,COGENERATION,4127.4029506419765,5043
2019-12-11T03:00:00Z,GAS,COMBINED CYCLE,1401.319480969111,1748
2019-12-11T03:00:00Z,GAS,SIMPLE CYCLE,433.5668989356359,905
2019-12-11T03:00:00Z,HYDRO,HYDRO,161.39981883393395,894
2019-12-11T03:00:00Z,OTHER,BIOMASS,119.79541719436645,154
2019-12-11T03:00:00Z,OTHER,GAS COGEN,49.104710406727264,58
2019-12-11T03:00:00Z,OTHER,OIL/GAS,43.4975095960829,53
2019-12-11T03:00:00Z,OTHER,WOOD/REFUSE,86.52690543492635,158
2019-12-11T03:00:00Z,SOLAR,SOLAR,0,15
2019-12-11T03:00:00Z,WIND,WIND,555.6731973867863,1781
2019-12-11T04:00:00Z,COAL,COAL,3468.624533138275,5183
2019-12-11T04:00:00Z,DUAL FUEL,DUAL FUEL,129.35757473839655,540
2019-12-11T04:00:00Z,GAS,COGENERATION,4124.503590398364,5043
2019-12-11T04:00:00Z,GAS,COMBINED CYCLE,1338.6924898174075,1748
2019-12-11T04:00:00Z,GAS,SIMPLE CYCLE,352.36248591386607,905
2019-12-11T04:00:00Z,HYDRO,HYDRO,120.76145839884877,894
2019-12-11T04:00:00Z,OTHER,BIOMASS,118.39634471681383,154
2019-12-11T04:00:00Z,OTHER,GAS COGEN,48.300924387507976,58
2019-12-11T04:00:00Z,OTHER,OIL/GAS,42.73498196495904,53
2019-12-11T04:00:00Z,OTHER,WOOD/REFUSE,88.13281558990478,158
2019-12-11T04:00:00Z,SOLAR,SOLAR,0,15
2019-12-11T04:00:00Z,WIND,WIND,697.6764869091826,1781
2019-12-11T05:00:00Z,COAL,COAL,3076.5277230919733,5183
2019-12-11T05:00:00Z,DUAL FUEL,DUAL FUEL,119.8208705859714,540
2019-12-11T05:00:00Z,GAS,COGENERATION,4104.460448981656,5043
2019-12-11T05:00:00Z,GAS,COMBINED CYCLE,1316.8125742504333,1748
2019-12-11T05:00:00Z,GAS,SIMPLE CYCLE,303.6601112359762,905
2019-12-11T05:00:00Z,HYDRO,HYDRO,136.6619492108292,894
2019-12-11T05:00:00Z,OTHER,BIOMASS,116.82498990747663,154
2019-12-11T05:00:00Z,OTHER,GAS COGEN,48.04318108028835,58
2019-12-11T05:00:00Z,OTHER,OIL/GAS,42.52836019939846,53
2019-12-11T05:00:00Z,OTHER,WOOD/REFUSE,86.36459364626143,158
2019-12-11T05:00:00Z,SOLAR,SOLAR,0,15
2019-12-11T05:00:00Z,WIND,WIND,957.0456275513602,1781
2019-12-11T06:00:00Z,COAL,COAL,2779.448822487725,5183
2019-12-11T06:00:00Z,DUAL FUEL,DUAL FUEL,119.46785162607829,540
2019-12-11T06:00:00Z,GAS,COGENERATION,4111.610474428336,5043
2019-12-11T06:00:00Z,GAS,COMBINED CYCLE,1325.7437329877748,1748
2019-12-11T06:00:00Z,GAS,SIMPLE CYCLE,200.24019166760974,905
2019-12-11T06:00:00Z,HYDRO,HYDRO,141.6636087080174,894
2019-12-11T06:00:00Z,OTHER,BIOMASS,120.36061707867516,154
2019-12-11T06:00:00Z,OTHER,GAS COGEN,47.949355573654174,58
2019-12-11T06:00:00Z,OTHER,OIL/GAS,42.74729362911648,53
2019-12-11T06:00:00Z,OTHER,WOOD/REFUSE,86.94464844809637,158
2019-12-11T06:00:00Z,SOLAR,SOLAR,0,15
2019-12-11T06:00:00Z,WIND,WIND,1094.5295693949859,1781
2019-12-11T07:00:00Z,COAL,COAL,2578.9121203443738,5183
2019-12-11T07:00:00Z,DUAL FUEL,DUAL FUEL,102.92903088039822,540
2019-12-11T07:00:00Z,GAS,COGENERATION,4091.697839290417,5043
2019-12-11T07:00:00Z,GAS,COMBINED CYCLE,1339.9681610123316,1748
2019-12-11T07:00:00Z,GAS,SIMPLE CYCLE,157.43684379662076,905
2019-12-11T07:00:00Z,HYDRO,HYDRO,118.00454253604015,894
2019-12-11T07:00:00Z,OTHER,BIOMASS,120.50393951468997,154
2019-12-11T07:00:00Z,OTHER,GAS COGEN,47.50741267204285,58
2019-12-11T07:00:00Z,OTHER,OIL/GAS,42.92273117489285,53
2019-12-11T07:00:00Z,OTHER,WOOD/REFUSE,87.60915592193604,158
2019-12-11T07:00:00Z,SOLAR,SOLAR,0,15
2019-12-11T07:00:00Z,WIND,WIND,1163.626437330246,1781
2019-12-11T08:00:00Z,COAL,COAL,2536.419419502682,5183
2019-12-11T08:00:00Z,DUAL FUEL,DUAL FUEL,89.6880378680759,540
2019-12-11T08:00:00Z,GAS,COGENERATION,4079.2646679992145,5043
2019-12-11T08:00:00Z,GAS,COMBINED CYCLE,1309.6698620918062,1748
2019-12-11T08:00:00Z,GAS,SIMPLE CYCLE,157.2784180732237,905
2019-12-11T08:00:00Z,HYDRO,HYDRO,119.65313561717669,894
2019-12-11T08:00:00Z,OTHER,BIOMASS,117.43791762193044,154
2019-12-11T08:00:00Z,OTHER,GAS COGEN,47.2069955195321,58
2019-12-11T08:00:00Z,OTHER,OIL/GAS,42.68783191468981,53
2019-12-11T08:00:00Z,OTHER,WOOD/REFUSE,87.9272571849823,158
2019-12-11T08:00:00Z,SOLAR,SOLAR,0,15
2019-12-11T08:00:00Z,WIND,WIND,1087.5895753845903,1781
2019-12-11T09:00:00Z,COAL,COAL,2534.9745541530187,5183
2019-12-11T09:00:00Z,DUAL FUEL,DUAL FUEL,89.14600936465793,540
2019-12-11T09:00:00Z,GAS,COGENERATION,4070.090306353569,5043
2019-12-11T09:00:00Z,GAS,COMBINED CYCLE,1286.530225879881,1748
2019-12-11T09:00:00Z,GAS,SIMPLE CYCLE,196.22952372997173,905
2019-12-11T09:00:00Z,HYDRO,HYDRO,108.06835582640436,894
2019-12-11T09:00:00Z,OTHER,BIOMASS,116.87147862116495,154
2019-12-11T09:00:00Z,OTHER,GAS COGEN,47.99670885245005,58
2019-12-11T09:00:00Z,OTHER,OIL/GAS,42.75040996975369,53
2019-12-11T09:00:00Z,OTHER,WOOD/REFUSE,88.21596299542321,158
2019-12-11T09:00:00Z,SOLAR,SOLAR,0,15
2019-12-11T09:00:00Z,WIND,WIND,1027.505505095058,1781
2019-12-11T10:00:00Z,COAL,COAL,2535.7283618736265,5183
2019-12-11T10:00:00Z,DUAL FUEL,DUAL FUEL,101.23436220804852,540
2019-12-11T10:00:00Z,GAS,COGENERATION,4067.812111392551,5043
2019-12-11T10:00:00Z,GAS,COMBINED CYCLE,1329.7750828255548,1748
2019-12-11T10:00:00Z,GAS,SIMPLE CYCLE,200.5381654524803,905
2019-12-11T10:00:00Z,HYDRO,HYDRO,124.98494200188253,894
2019-12-11T10:00:00Z,OTHER,BIOMASS,116.34166140503353,154
2019-12-11T10:00:00Z,OTHER,GAS COGEN,47.989953153398304,58
2019-12-11T10:00:00Z,OTHER,OIL/GAS,43.10267103407118,53
2019-12-11T10:00:00Z,OTHER,WOOD/REFUSE,87.80401335345374,158
2019-12-11T10:00:00Z,SOLAR,SOLAR,0,15
2019-12-11T10:00:00Z,WIND,WIND,1006.56065792799,1781
2019-12-11T11:00:00Z,COAL,COAL,2601.150217761993,5183
2019-12-11T11:00:00Z,DUAL FUEL,DUAL FUEL,116.6797173945109,540
2019-12-11T11:00:00Z,GAS,COGENERATION,4062.6928467178345,5043
2019-12-11T11:00:00Z,GAS,COMBINED CYCLE,1332.3074745427239,1748
2019-12-11T11:00:00Z,GAS,SIMPLE CYCLE,201.44896589246062,905
2019-12-11T11:00:00Z,HYDRO,HYDRO,98.83757667041488,894
2019-12-11T11:00:00Z,OTHER,BIOMASS,114.7069840839174,154
2019-12-11T11:00:00Z,OTHER,GAS COGEN,47.80315261416965,58
2019-12-11T11:00:00Z,OTHER,OIL/GAS,42.71150461408827,53
2019-12-11T11:00:00Z,OTHER,WOOD/REFUSE,86.5667879623837,158
2019-12-11T11:00:00Z,SOLAR,SOLAR,0,15
2019-12-11T11:00:00Z,WIND,WIND,1008.5097299785084,1781
2019-12-11T12:00:00Z,COAL,COAL,2843.96387477027,5183
2019-12-11T12:00:00Z,DUAL FUEL,DUAL FUEL,123.86544612884522,540
2019-12-11T12:00:00Z,GAS,COGENERATION,4066.5573090610237,5043
2019-12-11T12:00:00Z,GAS,COMBINED CYCLE,1354.107374879519,1748
2019-12-11T12:00:00Z,GAS,SIMPLE CYCLE,202.36238545417785,905
2019-12-11T12:00:00Z,HYDRO,HYDRO,121.34649879978762,894
2019-12-11T12:00:00Z,OTHER,BIOMASS,117.19470584233602,154
2019-12-11T12:00:00Z,OTHER,GAS COGEN,47.97432413101196,58
2019-12-11T12:00:00Z,OTHER,OIL/GAS,42.80052669313219,53
2019-12-11T12:00:00Z,OTHER,WOOD/REFUSE,87.51942489306131,158
2019-12-11T12:00:00Z,SOLAR,SOLAR,0,15
2019-12-11T12:00:00Z,WIND,WIND,911.6324584898518,1781
2019-12-11T13:00:00Z,COAL,COAL,3230.521269783444,5183
2019-12-11T13:00:00Z,DUAL FUEL,DUAL FUEL,142.57131428188748,540
2019-12-11T13:00:00Z,GAS,COGENERATION,4074.6179889461728,5043
2019-12-11T13:00:00Z,GAS,COMBINED CYCLE,1387.3740220838124,1748
2019-12-11T13:00:00Z,GAS,SIMPLE CYCLE,203.08897828035884,905
2019-12-11T13:00:00Z,HYDRO,HYDRO,173.47636743274,894
2019-12-11T13:00:00Z,OTHER,BIOMASS,115.87562893125747,154
2019-12-11T13:00:00Z,OTHER,GAS COGEN,47.33905024210612,58
2019-12-11T13:00:00Z,OTHER,OIL/GAS,42.81583250893487,53
2019-12-11T13:00:00Z,OTHER,WOOD/REFUSE,87.40995095729829,158
2019-12-11T13:00:00Z,SOLAR,SOLAR,0,15
2019-12-11T13:00:00Z,WIND,WIND,809.5708394248121,1781
2019-12-11T14:00:00Z,COAL,COAL,3651.2467143996555,5183
2019-12-11T14:00:00Z,DUAL FUEL,DUAL FUEL,142.8459019724528,540
2019-12-11T14:00:00Z,GAS,COGENERATION,4040.624303849538,5043
2019-12-11T14:00:00Z,GAS,COMBINED CYCLE,1426.63720624076,1748
2019-12-11T14:00:00Z,GAS,SIMPLE CYCLE,210.71225618738268,905
2019-12-11T14:00:00Z,HYDRO,HYDRO,200.25425099187427,894
2019-12-11T14:00:00Z,OTHER,BIOMASS,116.08623360051048,154
2019-12-11T14:00:00Z,OTHER,GAS COGEN,46.48126666227975,58
2019-12-11T14:00:00Z,OTHER,OIL/GAS,42.92101527531942,53
2019-12-11T14:00:00Z,OTHER,WOOD/REFUSE,87.24071608278487,158
2019-12-11T14:00:00Z,SOLAR,SOLAR,0,15
2019-12-11T14:00:00Z,WIND,WIND,653.0022687987487,1781
2019-12-11T15:00:00Z,COAL,COAL,3746.467131770187,5183
2019-12-11T15:00:00Z,DUAL FUEL,DUAL FUEL,143.21425252278647,540
2019-12-11T15:00:00Z,GAS,COGENERATION,3992.79228747242,5043
2019-12-11T15:00:00Z,GAS,COMBINED CYCLE,1511.3622171168859,1748
2019-12-11T15:00:00Z,GAS,SIMPLE CYCLE,405.26527925875456,905
2019-12-11T15:00:00Z,HYDRO,HYDRO,138.08440048282344,894
2019-12-11T15:00:00Z,OTHER,BIOMASS,116.04220011923047,154
2019-12-11T15:00:00Z,OTHER,GAS COGEN,45.61064201566908,58
2019-12-11T15:00:00Z,OTHER,OIL/GAS,43.04503162384033,53
2019-12-11T15:00:00Z,OTHER,WOOD/REFUSE,90.10552206569248,158
2019-12-11T15:00:00Z,SOLAR,SOLAR,0,15
2019-12-11T15:00:00Z,WIND,WIND,541.3973955882589,1781
2019-12-11T16:00:00Z,COAL,COAL,3765.3823817486236,5183
2019-12-11T16:00:00Z,DUAL FUEL,DUAL FUEL,143.50606942918566,540
2019-12-11T16:00:00Z,GAS,COGENERATION,4065.8926230797997,5043
2019-12-11T16:00:00Z,GAS,COMBINED CYCLE,1513.246369781759,1748
2019-12-11T16:00:00Z,GAS,SIMPLE CYCLE,414.15056058923403,905
2019-12-11T16:00:00Z,HYDRO,HYDRO,159.50542961438495,894
2019-12-11T16:00:00Z,OTHER,BIOMASS,111.43991165796916,154
2019-12-11T16:00:00Z,OTHER,GAS COGEN,45.22931900607215,58
2019-12-11T16:00:00Z,OTHER,OIL/GAS,43.895798687405055,53
2019-12-11T16:00:00Z,OTHER,WOOD/REFUSE,87.95832151571909,158
2019-12-11T16:00:00Z,SOLAR,SOLAR,0,15
2019-12-11T16:00:00Z,WIND,WIND,489.9839520208372,1781
2019-12-11T17:00:00Z,COAL,COAL,3791.018852744632,5183
2019-12-11T17:00:00Z,DUAL FUEL,DUAL FUEL,144.28722230699327,540
2019-12-11T17:00:00Z,GAS,COGENERATION,4076.8083088498643,5043
2019-12-11T17:00:00Z,GAS,COMBINED CYCLE,1522.6565946716732,1748
2019-12-11T17:00:00Z,GAS,SIMPLE CYCLE,444.1780056495468,905
2019-12-11T17:00:00Z,HYDRO,HYDRO,160.6567831090755,894
2019-12-11T17:00:00Z,OTHER,BIOMASS,113.54554426723057,154
2019-12-11T17:00:00Z,OTHER,GAS COGEN,45.16487392001682,58
2019-12-11T17:00:00Z,OTHER,OIL/GAS,45.85997066073948,53
2019-12-11T17:00:00Z,OTHER,WOOD/REFUSE,94.41361413266924,158
2019-12-11T17:00:00Z,SOLAR,SOLAR,0,15
2019-12-11T17:00:00Z,WIND,WIND,358.1898304428822,1781
2019-12-11T18:00:00Z,COAL,COAL,3840.316252394782,5183
2019-12-11T18:00:00Z,DUAL FUEL,DUAL FUEL,143.9845350901286,540
2019-12-11T18:00:00Z,GAS,COGENERATION,4104.877805609968,5043
2019-12-11T18:00:00Z,GAS,COMBINED CYCLE,1520.0426468981636,1748
2019-12-11T18:00:00Z,GAS,SIMPLE CYCLE,477.41241308785146,905
2019-12-11T18:00:00Z,HYDRO,HYDRO,99.87179852472411,894
2019-12-11T18:00:00Z,OTHER,BIOMASS,118.67740036328634,154
2019-12-11T18:00:00Z,OTHER,GAS COGEN,45.66198643790351,58
2019-12-11T18:00:00Z,OTHER,OIL/GAS,46.04622136010064,53
2019-12-11T18:00:00Z,OTHER,WOOD/REFUSE,95.79869100888571,158
2019-12-11T18:00:00Z,SOLAR,SOLAR,0,15
2019-12-11T18:00:00Z,WIND,WIND,233.66010899909668,1781
2019-12-11T19:00:00Z,COAL,COAL,3605.7457505459256,5183
2019-12-11T19:00:00Z,DUAL FUEL,DUAL FUEL,144.96466282314725,540
2019-12-11T19:00:00Z,GAS,COGENERATION,4109.472699699402,5043
2019-12-11T19:00:00Z,GAS,COMBINED CYCLE,1515.209726603296,1748
2019-12-11T19:00:00Z,GAS,SIMPLE CYCLE,479.8951885558168,905
2019-12-11T19:00:00Z,HYDRO,HYDRO,142.34959770222505,894
2019-12-11T19:00:00Z,OTHER,BIOMASS,119.20144405788845,154
2019-12-11T19:00:00Z,OTHER,GAS COGEN,40.31465466711256,58
2019-12-11T19:00:00Z,OTHER,OIL/GAS,46.53775451448229,53
2019-12-11T19:00:00Z,OTHER,WOOD/REFUSE,94.48394295321572,158
2019-12-11T19:00:00Z,SOLAR,SOLAR,0,15
2019-12-11T19:00:00Z,WIND,WIND,225.23605428367853,1781
2019-12-11T20:00:00Z,COAL,COAL,3694.0921574783324,5183
2019-12-11T20:00:00Z,DUAL FUEL,DUAL FUEL,144.6672220187717,540
2019-12-11T20:00:00Z,GAS,COGENERATION,4097.311703635586,5043
2019-12-11T20:00:00Z,GAS,COMBINED CYCLE,1515.8368054273394,1748
2019-12-11T20:00:00Z,GAS,SIMPLE CYCLE,406.2718814367056,905
2019-12-11T20:00:00Z,HYDRO,HYDRO,171.30756275627348,894
2019-12-11T20:00:00Z,OTHER,BIOMASS,118.27926596959432,154
2019-12-11T20:00:00Z,OTHER,GAS COGEN,34.05779921708835,58
2019-12-11T20:00:00Z,OTHER,OIL/GAS,46.86649328231812,53
2019-12-11T20:00:00Z,OTHER,WOOD/REFUSE,89.28865778181289,158
2019-12-11T20:00:00Z,SOLAR,SOLAR,0,15
2019-12-11T20:00:00Z,WIND,WIND,228.20499109648995,1781
2019-12-11T21:00:00Z,COAL,COAL,3676.2203517362805,5183
2019-12-11T21:00:00Z,DUAL FUEL,DUAL FUEL,144.97560775756835,540
2019-12-11T21:00:00Z,GAS,COGENERATION,4097.800293314986,5043
2019-12-11T21:00:00Z,GAS,COMBINED CYCLE,1485.366133974923,1748
2019-12-11T21:00:00Z,GAS,SIMPLE CYCLE,456.41845673782956,905
2019-12-11T21:00:00Z,HYDRO,HYDRO,128.72360811299748,894
2019-12-11T21:00:00Z,OTHER,BIOMASS,120.76686082204183,154
2019-12-11T21:00:00Z,OTHER,GAS COGEN,37.55195166561339,58
2019-12-11T21:00:00Z,OTHER,OIL/GAS,46.20278152677748,53
2019-12-11T21:00:00Z,OTHER,WOOD/REFUSE,88.43351417541504,158
2019-12-11T21:00:00Z,SOLAR,SOLAR,0,15
2019-12-11T21:00:00Z,WIND,WIND,267.78530221186577,1781
2019-12-11T22:00:00Z,COAL,COAL,3561.1068980958726,5183
2019-12-11T22:00:00Z,DUAL FUEL,DUAL FUEL,145.2533115726047,540
2019-12-11T22:00:00Z,GAS,COGENERATION,4124.615286638605,5043
2019-12-11T22:00:00Z,GAS,COMBINED CYCLE,1507.0139719030592,1748
2019-12-11T22:00:00Z,GAS,SIMPLE CYCLE,455.10218124674424,905
2019-12-11T22:00:00Z,HYDRO,HYDRO,157.62865649872356,894
2019-12-11T22:00:00Z,OTHER,BIOMASS,121.98914435598586,154
2019-12-11T22:00:00Z,OTHER,GAS COGEN,38.82724439346128,58
2019-12-11T22:00:00Z,OTHER,OIL/GAS,45.41939817216661,53
2019-12-11T22:00:00Z,OTHER,WOOD/REFUSE,86.47341885725656,158
2019-12-11T22:00:00Z,SOLAR,SOLAR,0,15
2019-12-11T22:00:00Z,WIND,WIND,349.63055512873666,1781
2019-12-11T23:00:00Z,COAL,COAL,3448.4430467054576,5183
2019-12-11T23:00:00Z,DUAL FUEL,DUAL FUEL,144.47735382080077,540
2019-12-11T23:00:00Z,GAS,COGENERATION,4133.2603013436,5043
2019-12-11T23:00:00Z,GAS,COMBINED CYCLE,1499.3660267676248,1748
2019-12-11T23:00:00Z,GAS,SIMPLE CYCLE,513.0134718275401,905
2019-12-11T23:00:00Z,HYDRO,HYDRO,175.33599120017556,894
2019-12-11T23:00:00Z,OTHER,BIOMASS,120.41935060713027,154
2019-12-11T23:00:00Z,OTHER,GAS COGEN,37.64481432020664,58
2019-12-11T23:00:00Z,OTHER,OIL/GAS,45.01010408825344,53
2019-12-11T23:00:00Z,OTHER,WOOD/REFUSE,87.89154305669996,158
2019-12-11T23:00:00Z,SOLAR,SOLAR,0,15
2019-12-11T23:00:00Z,WIND,WIND,517.4140274124676,1781
2019-12-12T00:00:00Z,COAL,COAL,3301.541036885579,5183
2019-12-12T00:00:00Z,DUAL FUEL,DUAL FUEL,143.8245541551378,540
2019-12-12T00:00:00Z,GAS,COGENERATION,4107.474962126282,5043
2019-12-12T00:00:00Z,GAS,COMBINED CYCLE,1497.678697312673,1748
2019-12-12T00:00:00Z,GAS,SIMPLE CYCLE,532.1633124460114,905
2019-12-12T00:00:00Z,HYDRO,HYDRO,294.30361952265105,894
2019-12-12T00:00:00Z,OTHER,BIOMASS,118.81345553927952,154
2019-12-12T00:00:00Z,OTHER,GAS COGEN,39.55601470205519,58
2019-12-12T00:00:00Z,OTHER,OIL/GAS,45.08668201234605,53
2019-12-12T00:00:00Z,OTHER,WOOD/REFUSE,87.61611322191027,158
2019-12-12T00:00:00Z,SOLAR,SOLAR,0,15
2019-12-12T00:00:00Z,WIND,WIND,534.2387489872757,1781
2019-12-12T01:00:00Z,COAL,COAL,3333.822236893972,5183
2019-12-12T01:00:00Z,DUAL FUEL,DUAL FUEL,143.69833687676325,540
2019-12-12T01:00:00Z,GAS,COGENERATION,4088.7859540409513,5043
2019-12-12T01:00:00Z,GAS,COMBINED CYCLE,1482.9482572102547,1748
2019-12-12T01:00:00Z,GAS,SIMPLE CYCLE,529.1813458644019,905
2019-12-12T01:00:00Z,HYDRO,HYDRO,243.63609500937991,894
2019-12-12T01:00:00Z,OTHER,BIOMASS,119.62683910687764,154
2019-12-12T01:00:00Z,OTHER,GAS COGEN,39.572575680414836,58
2019-12-12T01:00:00Z,OTHER,OIL/GAS,45.314504121144616,53
2019-12-12T01:00:00Z,OTHER,WOOD/REFUSE,87.0128900718689,158
2019-12-12T01:00:00Z,SOLAR,SOLAR,0,15
2019-12-12T01:00:00Z,WIND,WIND,459.2475418972638,1781
2019-12-12T02:00:00Z,COAL,COAL,3287.108696596755,5183
2019-12-12T02:00:00Z,DUAL FUEL,DUAL FUEL,142.77847630818684,540
2019-12-12T02:00:00Z,GAS,COGENERATION,4132.486376772672,5043
2019-12-12T02:00:00Z,GAS,COMBINED CYCLE,1520.2645228351487,1748
2019-12-12T02:00:00Z,GAS,SIMPLE CYCLE,505.1110544380877,905
2019-12-12T02:00:00Z,HYDRO,HYDRO,284.4770091574722,894
2019-12-12T02:00:00Z,OTHER,BIOMASS,118.00379937383863,154
2019-12-12T02:00:00Z,OTHER,GAS COGEN,39.47327838685778,58
2019-12-12T02:00:00Z,OTHER,OIL/GAS,45.19391603469849,53
2019-12-12T02:00:00Z,OTHER,WOOD/REFUSE,86.47484905984666,158
2019-12-12T02:00:00Z,SOLAR,SOLAR,0,15
2019-12-12T02:00:00Z,WIND,WIND,494.220627808902,1781
2019-12-12T03:00:00Z,COAL,COAL,3400.370189111498,5183
2019-12-12T03:00:00Z,DUAL FUEL,DUAL FUEL,143.91536080254448,540
2019-12-12T03:00:00Z,GAS,COGENERATION,4126.639611379206,5043
2019-12-12T03:00:00Z,GAS,COMBINED CYCLE,1482.2833387237126,1748
2019-12-12T03:00:00Z,GAS,SIMPLE CYCLE,531.5606812777122,905
2019-12-12T03:00:00Z,HYDRO,HYDRO,190.97730819423992,894
2019-12-12T03:00:00Z,OTHER,BIOMASS,122.1943226676517,154
2019-12-12T03:00:00Z,OTHER,GAS COGEN,39.3275608947542,58
2019-12-12T03:00:00Z,OTHER,OIL/GAS,45.08257685131497,53
2019-12-12T03:00:00Z,OTHER,WOOD/REFUSE,93.67263576666514,158
2019-12-12T03:00:00Z,SOLAR,SOLAR,0,15
2019-12-12T03:00:00Z,WIND,WIND,510.37196755455597,1781
2019-12-12T04:00:00Z,COAL,COAL,3269.251674702962,5183
2019-12-12T04:00:00Z,DUAL FUEL,DUAL FUEL,143.82205993652343,540
2019-12-12T04:00:00Z,GAS,COGENERATION,4130.68337055948,5043
2019-12-12T04:00:00Z,GAS,COMBINED CYCLE,1436.6332611751554,1748
2019-12-12T04:00:00Z,GAS,SIMPLE CYCLE,496.59368674152427,905
2019-12-12T04:00:00Z,HYDRO,HYDRO,194.07800494561593,894
2019-12-12T04:00:00Z,OTHER,BIOMASS,115.71508992883894,154
2019-12-12T04:00:00Z,OTHER,GAS COGEN,38.994976281589935,58
2019-12-12T04:00:00Z,OTHER,OIL/GAS,45.49865963194105,53
2019-12-12T04:00:00Z,OTHER,WOOD/REFUSE,85.93396216233572,158
2019-12-12T04:00:00Z,SOLAR,SOLAR,0,15
2019-12-12T04:00:00Z,WIND,WIND,592.31287979424,1781
2019-12-12T05:00:00Z,COAL,COAL,3185.5987228012086,5183
2019-12-12T05:00:00Z,DUAL FUEL,DUAL FUEL,143.11570618523493,540
2019-12-12T05:00:00Z,GAS,COGENERATION,4121.98361519648,5043
2019-12-12T05:00:00Z,GAS,COMBINED CYCLE,1408.2068038580153,1748
2019-12-12T05:00:00Z,GAS,SIMPLE CYCLE,311.82655879490903,905
2019-12-12T05:00:00Z,HYDRO,HYDRO,147.64018578900232,894
2019-12-12T05:00:00Z,OTHER,BIOMASS,116.28243954764473,154
2019-12-12T05:00:00Z,OTHER,GAS COGEN,39.1100507789188,58
2019-12-12T05:00:00Z,OTHER,OIL/GAS,45.840625777774385,53
2019-12-12T05:00:00Z,OTHER,WOOD/REFUSE,86.08891242080264,158
2019-12-12T05:00:00Z,SOLAR,SOLAR,0,15
2019-12-12T05:00:00Z,WIND,WIND,642.0202934445606,1781
2019-12-12T06:00:00Z,COAL,COAL,3080.141551316579,5183
2019-12-12T06:00:00Z,DUAL FUEL,DUAL FUEL,142.78901329040528,540
2019-12-12T06:00:00Z,GAS,COGENERATION,4113.951907221741,5043
2019-12-12T06:00:00Z,GAS,COMBINED CYCLE,1342.9002275133132,1748
2019-12-12T06:00:00Z,GAS,SIMPLE CYCLE,206.1023275326358,905
2019-12-12T06:00:00Z,HYDRO,HYDRO,119.00555669044455,894
2019-12-12T06:00:00Z,OTHER,BIOMASS,114.29056156635285,154
2019-12-12T06:00:00Z,OTHER,GAS COGEN,39.17427758322822,58
2019-12-12T06:00:00Z,OTHER,OIL/GAS,45.48260342491998,53
2019-12-12T06:00:00Z,OTHER,WOOD/REFUSE,86.65741645177206,158
2019-12-12T06:00:00Z,SOLAR,SOLAR,0,15
2019-12-12T06:00:00Z,WIND,WIND,634.064466727674,1781
2019-12-12T07:00:00Z,COAL,COAL,2910.6897678905066,5183
2019-12-12T07:00:00Z,DUAL FUEL,DUAL FUEL,131.07292451646592,540
2019-12-12T07:00:00Z,GAS,COGENERATION,4146.791492526763,5043
2019-12-12T07:00:00Z,GAS,COMBINED CYCLE,1371.4501996125116,1748
2019-12-12T07:00:00Z,GAS,SIMPLE CYCLE,203.9112173869875,905
2019-12-12T07:00:00Z,HYDRO,HYDRO,94.67718893675341,894
2019-12-12T07:00:00Z,OTHER,BIOMASS,114.20568934758504,154
2019-12-12T07:00:00Z,OTHER,GAS COGEN,39.190800609058805,58
2019-12-12T07:00:00Z,OTHER,OIL/GAS,45.60282180574205,53
2019-12-12T07:00:00Z,OTHER,WOOD/REFUSE,85.59441421296862,158
2019-12-12T07:00:00Z,SOLAR,SOLAR,0,15
2019-12-12T07:00:00Z,WIND,WIND,615.9596118905808,1781
2019-12-12T08:00:00Z,COAL,COAL,2840.8033951271905,5183
2019-12-12T08:00:00Z,DUAL FUEL,DUAL FUEL,137.66927371554905,540
2019-12-12T08:00:00Z,GAS,COGENERATION,4164.577494620217,5043
2019-12-12T08:00:00Z,GAS,COMBINED CYCLE,1396.4777525144152,1748
2019-12-12T08:00:00Z,GAS,SIMPLE CYCLE,203.83049877696567,905
2019-12-12T08:00:00Z,HYDRO,HYDRO,122.63160027417871,894
2019-12-12T08:00:00Z,OTHER,BIOMASS,110.11482181231182,154
2019-12-12T08:00:00Z,OTHER,GAS COGEN,39.29623790158166,58
2019-12-12T08:00:00Z,OTHER,OIL/GAS,45.83462684631347,53
2019-12-12T08:00:00Z,OTHER,WOOD/REFUSE,85.36453485065036,158
2019-12-12T08:00:00Z,SOLAR,SOLAR,0,15
2019-12-12T08:00:00Z,WIND,WIND,578.4655317954885,1781
2019-12-12T09:00:00Z,COAL,COAL,2846.576946173774,5183
2019-12-12T09:00:00Z,DUAL FUEL,DUAL FUEL,143.79937654283313,540
2019-12-12T09:00:00Z,GAS,COGENERATION,4165.211570882399,5043
2019-12-12T09:00:00Z,GAS,COMBINED CYCLE,1391.9520814477073,1748
2019-12-12T09:00:00Z,GAS,SIMPLE CYCLE,201.25514305445884,905
2019-12-12T09:00:00Z,HYDRO,HYDRO,118.31103549096319,894
2019-12-12T09:00:00Z,OTHER,BIOMASS,108.95631646845075,154
2019-12-12T09:00:00Z,OTHER,GAS COGEN,39.07333162572649,58
2019-12-12T09:00:00Z,OTHER,OIL/GAS,45.67083165062798,53
2019-12-12T09:00:00Z,OTHER,WOOD/REFUSE,85.50850477960375,158
2019-12-12T09:00:00Z,SOLAR,SOLAR,0,15
2019-12-12T09:00:00Z,WIND,WIND,570.272191184163,1781
2019-12-12T10:00:00Z,COAL,COAL,2805.2351194530065,5183
2019-12-12T10:00:00Z,DUAL FUEL,DUAL FUEL,129.00094978332518,540
2019-12-12T10:00:00Z,GAS,COGENERATION,4147.818627321174,5043
2019-12-12T10:00:00Z,GAS,COMBINED CYCLE,1367.7995918925603,1748
2019-12-12T10:00:00Z,GAS,SIMPLE CYCLE,203.0905903965897,905
2019-12-12T10:00:00Z,HYDRO,HYDRO,105.6324187816514,894
2019-12-12T10:00:00Z,OTHER,BIOMASS,108.65437218295205,154
2019-12-12T10:00:00Z,OTHER,GAS COGEN,39.04685088263618,58
2019-12-12T10:00:00Z,OTHER,OIL/GAS,46.07870958328247,53
2019-12-12T10:00:00Z,OTHER,WOOD/REFUSE,85.84459764533572,158
2019-12-12T10:00:00Z,SOLAR,SOLAR,0,15
2019-12-12T10:00:00Z,WIND,WIND,640.4557920871509,1781
2019-12-12T11:00:00Z,COAL,COAL,2853.4301066970825,5183
2019-12-12T11:00:00Z,DUAL FUEL,DUAL FUEL,143.92774630228678,540
2019-12-12T11:00:00Z,GAS,COGENERATION,4150.289517485267,5043
2019-12-12T11:00:00Z,GAS,COMBINED CYCLE,1370.5203356811735,1748
2019-12-12T11:00:00Z,GAS,SIMPLE CYCLE,204.0652959801091,905
2019-12-12T11:00:00Z,HYDRO,HYDRO,92.29809070199728,894
2019-12-12T11:00:00Z,OTHER,BIOMASS,108.8680163330502,154
2019-12-12T11:00:00Z,OTHER,GAS COGEN,38.77899982770284,58
2019-12-12T11:00:00Z,OTHER,OIL/GAS,45.972999555799696,53
2019-12-12T11:00:00Z,OTHER,WOOD/REFUSE,83.0482440911399,158
2019-12-12T11:00:00Z,SOLAR,SOLAR,0,15
2019-12-12T11:00:00Z,WIND,WIND,583.8416729875406,1781
2019-12-12T12:00:00Z,COAL,COAL,2895.9655703587005,5183
2019-12-12T12:00:00Z,DUAL FUEL,DUAL FUEL,144.17407770792644,540
2019-12-12T12:00:00Z,GAS,COGENERATION,4139.7225388781235,5043
2019-12-12T12:00:00Z,GAS,COMBINED CYCLE,1369.1794786967173,1748
2019-12-12T12:00:00Z,GAS,SIMPLE CYCLE,202.08850557309057,905
2019-12-12T12:00:00Z,HYDRO,HYDRO,123.85296363360352,894
2019-12-12T12:00:00Z,OTHER,BIOMASS,112.34700577418009,154
2019-12-12T12:00:00Z,OTHER,GAS COGEN,38.702804538938736,58
2019-12-12T12:00:00Z,OTHER,OIL/GAS,45.62111609564887,53
2019-12-12T12:00:00Z,OTHER,WOOD/REFUSE,83.37869202666812,158
2019-12-12T12:00:00Z,SOLAR,SOLAR,0,15
2019-12-12T12:00:00Z,WIND,WIND,605.0284228636822,1781
2019-12-12T13:00:00Z,COAL,COAL,3238.943003385332,5183
2019-12-12T13:00:00Z,DUAL FUEL,DUAL FUEL,143.78058177524142,540
2019-12-12T13:00:00Z,GAS,COGENERATION,4150.991067284213,5043
2019-12-12T13:00:00Z,GAS,COMBINED CYCLE,1381.032154988183,1748
2019-12-12T13:00:00Z,GAS,SIMPLE CYCLE,241.73375784072613,905
2019-12-12T13:00:00Z,HYDRO,HYDRO,160.97962094000644,894
2019-12-12T13:00:00Z,OTHER,BIOMASS,108.07877746635013,154
2019-12-12T13:00:00Z,OTHER,GAS COGEN,39.90689820660485,58
2019-12-12T13:00:00Z,OTHER,OIL/GAS,45.23908822377523,53
2019-12-12T13:00:00Z,OTHER,WOOD/REFUSE,83.92218125714196,158
2019-12-12T13:00:00Z,SOLAR,SOLAR,0,15
2019-12-12T13:00:00Z,WIND,WIND,516.9602783615329,1781
2019-12-12T14:00:00Z,COAL,COAL,3312.780719350179,5183
2019-12-12T14:00:00Z,DUAL FUEL,DUAL FUEL,143.27311853620742,540
2019-12-12T14:00:00Z,GAS,COGENERATION,4160.893046445251,5043
2019-12-12T14:00:00Z,GAS,COMBINED CYCLE,1429.657063738505,1748
2019-12-12T14:00:00Z,GAS,SIMPLE CYCLE,354.48764808555444,905
2019-12-12T14:00:00Z,HYDRO,HYDRO,181.47217740197976,894
2019-12-12T14:00:00Z,OTHER,BIOMASS,109.20917226155599,154
2019-12-12T14:00:00Z,OTHER,GAS COGEN,39.86697839339574,58
2019-12-12T14:00:00Z,OTHER,OIL/GAS,45.73968717363146,53
2019-12-12T14:00:00Z,OTHER,WOOD/REFUSE,85.27489917384254,158
2019-12-12T14:00:00Z,SOLAR,SOLAR,0,15
2019-12-12T14:00:00Z,WIND,WIND,615.1065710615533,1781
2019-12-12T15:00:00Z,COAL,COAL,3339.2303270339967,5183
2019-12-12T15:00:00Z,DUAL FUEL,DUAL FUEL,143.81292439778645,540
2019-12-12T15:00:00Z,GAS,COGENERATION,4159.652965162628,5043
2019-12-12T15:00:00Z,GAS,COMBINED CYCLE,1458.8525145816802,1748
2019-12-12T15:00:00Z,GAS,SIMPLE CYCLE,357.67929269416464,905
2019-12-12T15:00:00Z,HYDRO,HYDRO,171.26638795767394,894
2019-12-12T15:00:00Z,OTHER,BIOMASS,104.34053498983383,154
2019-12-12T15:00:00Z,OTHER,GAS COGEN,36.845950900846056,58
2019-12-12T15:00:00Z,OTHER,OIL/GAS,45.92077565087212,53
2019-12-12T15:00:00Z,OTHER,WOOD/REFUSE,86.02852598561181,158
2019-12-12T15:00:00Z,SOLAR,SOLAR,0,15
2019-12-12T15:00:00Z,WIND,WIND,789.594876244333,1781
2019-12-12T16:00:00Z,COAL,COAL,3267.387222908868,5183
2019-12-12T16:00:00Z,DUAL FUEL,DUAL FUEL,144.86326885647244,540
2019-12-12T16:00:00Z,GAS,COGENERATION,4154.467529385686,5043
2019-12-12T16:00:00Z,GAS,COMBINED CYCLE,1354.0277747040325,1748
2019-12-12T16:00:00Z,GAS,SIMPLE CYCLE,355.7982575729158,905
2019-12-12T16:00:00Z,HYDRO,HYDRO,93.30015413857168,894
2019-12-12T16:00:00Z,OTHER,BIOMASS,112.68922302219603,154
2019-12-12T16:00:00Z,OTHER,GAS COGEN,36.29369066450331,58
2019-12-12T16:00:00Z,OTHER,OIL/GAS,46.136803546481666,53
2019-12-12T16:00:00Z,OTHER,WOOD/REFUSE,85.24016012456681,158
2019-12-12T16:00:00Z,SOLAR,SOLAR,0,15
2019-12-12T16:00:00Z,WIND,WIND,909.5655556426115,1781
2019-12-12T17:00:00Z,COAL,COAL,3214.675042627123,5183
2019-12-12T17:00:00Z,DUAL FUEL,DUAL FUEL,144.47290884229872,540
2019-12-12T17:00:00Z,GAS,COGENERATION,4149.335382103125,5043
2019-12-12T17:00:00Z,GAS,COMBINED CYCLE,1348.3446526050568,1748
2019-12-12T17:00:00Z,GAS,SIMPLE CYCLE,368.3786132882701,905
2019-12-12T17:00:00Z,HYDRO,HYDRO,103.10134852826596,894
2019-12-12T17:00:00Z,OTHER,BIOMASS,116.28652289893893,154
2019-12-12T17:00:00Z,OTHER,GAS COGEN,38.69330202266574,58
2019-12-12T17:00:00Z,OTHER,OIL/GAS,46.7178050465054,53
2019-12-12T17:00:00Z,OTHER,WOOD/REFUSE,85.6678794002533,158
2019-12-12T17:00:00Z,SOLAR,SOLAR,0,15
2019-12-12T17:00:00Z,WIND,WIND,988.910211637732,1781
2019-12-12T18:00:00Z,COAL,COAL,3196.971269332038,5183
2019-12-12T18:00:00Z,DUAL FUEL,DUAL FUEL,144.0293352678087,540
2019-12-12T18:00:00Z,GAS,COGENERATION,4105.944583851099,5043
2019-12-12T18:00:00Z,GAS,COMBINED CYCLE,1382.5864501015346,1748
2019-12-12T18:00:00Z,GAS,SIMPLE CYCLE,370.2475488408407,905
2019-12-12T18:00:00Z,HYDRO,HYDRO,142.32320039298799,894
2019-12-12T18:00:00Z,OTHER,BIOMASS,112.02797802024418,154
2019-12-12T18:00:00Z,OTHER,GAS COGEN,45.697007654507956,58
2019-12-12T18:00:00Z,OTHER,OIL/GAS,46.35817090564304,53
2019-12-12T18:00:00Z,OTHER,WOOD/REFUSE,86.04457784652709,158
2019-12-12T18:00:00Z,SOLAR,SOLAR,0,15
2019-12-12T18:00:00Z,WIND,WIND,945.3491419692834,1781
2019-12-12T19:00:00Z,COAL,COAL,3301.3291159184773,5183
2019-12-12T19:00:00Z,DUAL FUEL,DUAL FUEL,144.7066518741184,540
2019-12-12T19:00:00Z,GAS,COGENERATION,4040.408508372506,5043
2019-12-12T19:00:00Z,GAS,COMBINED CYCLE,1477.8342200933562,1748
2019-12-12T19:00:00Z,GAS,SIMPLE CYCLE,371.77076245509915,905
2019-12-12T19:00:00Z,HYDRO,HYDRO,151.76150947332383,894
2019-12-12T19:00:00Z,OTHER,BIOMASS,110.00316183143192,154
2019-12-12T19:00:00Z,OTHER,GAS COGEN,46.33322609159681,58
2019-12-12T19:00:00Z,OTHER,OIL/GAS,46.09306585523817,53
2019-12-12T19:00:00Z,OTHER,WOOD/REFUSE,85.81337231742012,158
2019-12-12T19:00:00Z,SOLAR,SOLAR,0,15
2019-12-12T19:00:00Z,WIND,WIND,770.9010537963775,1781
2019-12-12T20:00:00Z,COAL,COAL,3344.3060068893433,5183
2019-12-12T20:00:00Z,DUAL FUEL,DUAL FUEL,144.37245158725315,540
2019-12-12T20:00:00Z,GAS,COGENERATION,4078.431015906599,5043
2019-12-12T20:00:00Z,GAS,COMBINED CYCLE,1501.81979941686,1748
2019-12-12T20:00:00Z,GAS,SIMPLE CYCLE,372.52630206873016,905
2019-12-12T20:00:00Z,HYDRO,HYDRO,182.81142404390707,894
2019-12-12T20:00:00Z,OTHER,BIOMASS,109.39312250031365,154
2019-12-12T20:00:00Z,OTHER,GAS COGEN,46.35620299445258,58
2019-12-12T20:00:00Z,OTHER,OIL/GAS,46.46295397440593,53
2019-12-12T20:00:00Z,OTHER,WOOD/REFUSE,85.25569686518774,158
2019-12-12T20:00:00Z,SOLAR,SOLAR,0,15
2019-12-12T20:00:00Z,WIND,WIND,708.5005150599612,1781
2019-12-12T21:00:00Z,COAL,COAL,3336.74850976944,5183
2019-12-12T21:00:00Z,DUAL FUEL,DUAL FUEL,144.41269175211588,540
2019-12-12T21:00:00Z,GAS,COGENERATION,4153.036826428042,5043
2019-12-12T21:00:00Z,GAS,COMBINED CYCLE,1508.162793404791,1748
2019-12-12T21:00:00Z,GAS,SIMPLE CYCLE,372.60839813742376,905
2019-12-12T21:00:00Z,HYDRO,HYDRO,208.09518179105388,894
2019-12-12T21:00:00Z,OTHER,BIOMASS,110.72913350582122,154
2019-12-12T21:00:00Z,OTHER,GAS COGEN,46.51995200898912,58
2019-12-12T21:00:00Z,OTHER,OIL/GAS,46.49678741878933,53
2019-12-12T21:00:00Z,OTHER,WOOD/REFUSE,84.79605491108364,158
2019-12-12T21:00:00Z,SOLAR,SOLAR,0,15
2019-12-12T21:00:00Z,WIND,WIND,695.4453332127838,1781
2019-12-12T22:00:00Z,COAL,COAL,3367.5341668849524,5183
2019-12-12T22:00:00Z,DUAL FUEL,DUAL FUEL,144.3475529225667,540
2019-12-12T22:00:00Z,GAS,COGENERATION,4120.734509918822,5043
2019-12-12T22:00:00Z,GAS,COMBINED CYCLE,1505.3294331823454,1748
2019-12-12T22:00:00Z,GAS,SIMPLE CYCLE,416.6841718740596,905
2019-12-12T22:00:00Z,HYDRO,HYDRO,175.1540816483895,894
2019-12-12T22:00:00Z,OTHER,BIOMASS,109.14936096244388,154
2019-12-12T22:00:00Z,OTHER,GAS COGEN,46.261478346188866,58
2019-12-12T22:00:00Z,OTHER,OIL/GAS,46.00920994016859,53
2019-12-12T22:00:00Z,OTHER,WOOD/REFUSE,83.57310831387838,158
2019-12-12T22:00:00Z,SOLAR,SOLAR,0,15
2019-12-12T22:00:00Z,WIND,WIND,700.859606671589,1781
2019-12-12T23:00:00Z,COAL,COAL,3268.991194826762,5183
2019-12-12T23:00:00Z,DUAL FUEL,DUAL FUEL,143.85727986653646,540
2019-12-12T23:00:00Z,GAS,COGENERATION,4137.650848273966,5043
2019-12-12T23:00:00Z,GAS,COMBINED CYCLE,1545.7605550061332,1748
2019-12-12T23:00:00Z,GAS,SIMPLE CYCLE,498.99144921855793,905
2019-12-12T23:00:00Z,HYDRO,HYDRO,194.2228815445635,894
2019-12-12T23:00:00Z,OTHER,BIOMASS,109.97102827972836,154
2019-12-12T23:00:00Z,OTHER,GAS COGEN,46.531694913440276,58
2019-12-12T23:00:00Z,OTHER,OIL/GAS,46.086820956336126,53
2019-12-12T23:00:00Z,OTHER,WOOD/REFUSE,88.864368396865,158
2019-12-12T23:00:00Z,SOLAR,SOLAR,0,15
2019-12-12T23:00:00Z,WIND,WIND,752.9666068821152,1781
2019-12-13T00:00:00Z,COAL,COAL,3173.4951019541422,5183
2019-12-13T00:00:00Z,DUAL FUEL,DUAL FUEL,144.55799914042154,540
2019-12-13T00:00:00Z,GAS,COGENERATION,4187.620439200401,5043
2019-12-13T00:00:00Z,GAS,COMBINED CYCLE,1553.5660022830962,1748
2019-12-13T00:00:00Z,GAS,SIMPLE CYCLE,527.7804107145469,905
2019-12-13T00:00:00Z,HYDRO,HYDRO,238.36900468263363,894
2019-12-13T00:00:00Z,OTHER,BIOMASS,106.45971101707883,154
2019-12-13T00:00:00Z,OTHER,GAS COGEN,47.53216685824924,58
2019-12-13T00:00:00Z,OTHER,OIL/GAS,45.970688112046986,53
2019-12-13T00:00:00Z,OTHER,WOOD/REFUSE,93.75821284982892,158
2019-12-13T00:00:00Z,SOLAR,SOLAR,0,15
2019-12-13T00:00:00Z,WIND,WIND,692.665169952992,1781
2019-12-13T01:00:00Z,COAL,COAL,3088.8327050590515,5183
2019-12-13T01:00:00Z,DUAL FUEL,DUAL FUEL,144.65881596035427,540
2019-12-13T01:00:00Z,GAS,COGENERATION,4190.022640371885,5043
2019-12-13T01:00:00Z,GAS,COMBINED CYCLE,1555.038163743549,1748
2019-12-13T01:00:00Z,GAS,SIMPLE CYCLE,501.35462566374076,905
2019-12-13T01:00:00Z,HYDRO,HYDRO,264.2166463032696,894
2019-12-13T01:00:00Z,OTHER,BIOMASS,102.16440071635776,154
2019-12-13T01:00:00Z,OTHER,GAS COGEN,47.83642646789551,58
2019-12-13T01:00:00Z,OTHER,OIL/GAS,45.94432067659166,53
2019-12-13T01:00:00Z,OTHER,WOOD/REFUSE,88.50395449585385,158
2019-12-13T01:00:00Z,SOLAR,SOLAR,0,15
2019-12-13T01:00:00Z,WIND,WIND,668.0145240255528,1781
2019-12-13T02:00:00Z,COAL,COAL,3376.9389322662355,5183
2019-12-13T02:00:00Z,DUAL FUEL,DUAL FUEL,144.37958877563477,540
2019-12-13T02:00:00Z,GAS,COGENERATION,4182.097081036865,5043
2019-12-13T02:00:00Z,GAS,COMBINED CYCLE,1554.2734908485413,1748
2019-12-13T02:00:00Z,GAS,SIMPLE CYCLE,482.6564722739988,905
2019-12-13T02:00:00Z,HYDRO,HYDRO,260.55195455280443,894
2019-12-13T02:00:00Z,OTHER,BIOMASS,104.06566721227435,154
2019-12-13T02:00:00Z,OTHER,GAS COGEN,47.71961189058092,58
2019-12-13T02:00:00Z,OTHER,OIL/GAS,45.873575604756674,53
2019-12-13T02:00:00Z,OTHER,WOOD/REFUSE,94.03622701009114,158
2019-12-13T02:00:00Z,SOLAR,SOLAR,0,15
2019-12-13T02:00:00Z,WIND,WIND,468.29371597946516,1781
2019-12-13T03:00:00Z,COAL,COAL,3473.2085775587293,5183
2019-12-13T03:00:00Z,DUAL FUEL,DUAL FUEL,145.01815792507597,540
2019-12-13T03:00:00Z,GAS,COGENERATION,4179.684556537469,5043
2019-12-13T03:00:00Z,GAS,COMBINED CYCLE,1568.7236043495602,1748
2019-12-13T03:00:00Z,GAS,SIMPLE CYCLE,462.444901994831,905
2019-12-13T03:00:00Z,HYDRO,HYDRO,284.82660320871406,894
2019-12-13T03:00:00Z,OTHER,BIOMASS,104.37602765719096,154
2019-12-13T03:00:00Z,OTHER,GAS COGEN,47.49109951866998,58
2019-12-13T03:00:00Z,OTHER,OIL/GAS,45.6369047525194,53
2019-12-13T03:00:00Z,OTHER,WOOD/REFUSE,96.62557599332597,158
2019-12-13T03:00:00Z,SOLAR,SOLAR,0,15
2019-12-13T03:00:00Z,WIND,WIND,305.18336601871584,1781
2019-12-13T04:00:00Z,COAL,COAL,3454.386399069892,5183
2019-12-13T04:00:00Z,DUAL FUEL,DUAL FUEL,144.8629700342814,540
2019-12-13T04:00:00Z,GAS,COGENERATION,4195.525952267117,5043
2019-12-13T04:00:00Z,GAS,COMBINED CYCLE,1575.8270463991166,1748
2019-12-13T04:00:00Z,GAS,SIMPLE CYCLE,456.6553859483864,905
2019-12-13T04:00:00Z,HYDRO,HYDRO,224.09637817296718,894
2019-12-13T04:00:00Z,OTHER,BIOMASS,104.91833878888023,154
2019-12-13T04:00:00Z,OTHER,GAS COGEN,47.58731472174327,58
2019-12-13T04:00:00Z,OTHER,OIL/GAS,46.155544395446775,53
2019-12-13T04:00:00Z,OTHER,WOOD/REFUSE,99.16427977614933,158
2019-12-13T04:00:00Z,SOLAR,SOLAR,0,15
2019-12-13T04:00:00Z,WIND,WIND,218.62530894061757,1781
2019-12-13T05:00:00Z,COAL,COAL,3392.4151283031038,5183
2019-12-13T05:00:00Z,DUAL FUEL,DUAL FUEL,144.6959595404731,540
2019-12-13T05:00:00Z,GAS,COGENERATION,4192.102863844236,5043
2019-12-13T05:00:00Z,GAS,COMBINED CYCLE,1511.8301985496946,1748
2019-12-13T05:00:00Z,GAS,SIMPLE CYCLE,359.633200569782,905
2019-12-13T05:00:00Z,HYDRO,HYDRO,197.17729761910107,894
2019-12-13T05:00:00Z,OTHER,BIOMASS,104.01492265754277,154
2019-12-13T05:00:00Z,OTHER,GAS COGEN,47.88654701497819,58
2019-12-13T05:00:00Z,OTHER,OIL/GAS,46.10379820505778,53
2019-12-13T05:00:00Z,OTHER,WOOD/REFUSE,89.43052788734437,158
2019-12-13T05:00:00Z,SOLAR,SOLAR,0,15
2019-12-13T05:00:00Z,WIND,WIND,168.18546238039931,1781
2019-12-13T06:00:00Z,COAL,COAL,3395.9955311033464,5183
2019-12-13T06:00:00Z,DUAL FUEL,DUAL FUEL,144.33641709221737,540
2019-12-13T06:00:00Z,GAS,COGENERATION,4185.499625200696,5043
2019-12-13T06:00:00Z,GAS,COMBINED CYCLE,1454.0895923423768,1748
2019-12-13T06:00:00Z,GAS,SIMPLE CYCLE,320.49320830040506,905
2019-12-13T06:00:00Z,HYDRO,HYDRO,131.24840071009265,894
2019-12-13T06:00:00Z,OTHER,BIOMASS,105.22378856023153,154
2019-12-13T06:00:00Z,OTHER,GAS COGEN,47.73527314451006,58
2019-12-13T06:00:00Z,OTHER,OIL/GAS,46.284254758622914,53
2019-12-13T06:00:00Z,OTHER,WOOD/REFUSE,89.15282056437599,158
2019-12-13T06:00:00Z,SOLAR,SOLAR,0,15
2019-12-13T06:00:00Z,WIND,WIND,146.294333820699,1781
2019-12-13T07:00:00Z,COAL,COAL,3349.072883374956,5183
2019-12-13T07:00:00Z,DUAL FUEL,DUAL FUEL,144.74582860310872,540
2019-12-13T07:00:00Z,GAS,COGENERATION,4195.482399093177,5043
2019-12-13T07:00:00Z,GAS,COMBINED CYCLE,1382.1480648461977,1748
2019-12-13T07:00:00Z,GAS,SIMPLE CYCLE,260.2955356011126,905
2019-12-13T07:00:00Z,HYDRO,HYDRO,100.2274672358897,894
2019-12-13T07:00:00Z,OTHER,BIOMASS,105.14244443893432,154
2019-12-13T07:00:00Z,OTHER,GAS COGEN,47.4586198870341,58
2019-12-13T07:00:00Z,OTHER,OIL/GAS,46.77991450839573,53
2019-12-13T07:00:00Z,OTHER,WOOD/REFUSE,87.79317376666599,158
2019-12-13T07:00:00Z,SOLAR,SOLAR,0,15
2019-12-13T07:00:00Z,WIND,WIND,106.52544897471864,1781
2019-12-13T08:00:00Z,COAL,COAL,3189.9058067936367,5183
2019-12-13T08:00:00Z,DUAL FUEL,DUAL FUEL,128.03406917995878,540
2019-12-13T08:00:00Z,GAS,COGENERATION,4199.715090832511,5043
2019-12-13T08:00:00Z,GAS,COMBINED CYCLE,1373.377608625624,1748
2019-12-13T08:00:00Z,GAS,SIMPLE CYCLE,207.46630806605023,905
2019-12-13T08:00:00Z,HYDRO,HYDRO,80.460137534274,894
2019-12-13T08:00:00Z,OTHER,BIOMASS,106.69687163035076,154
2019-12-13T08:00:00Z,OTHER,GAS COGEN,47.207797154320616,58
2019-12-13T08:00:00Z,OTHER,OIL/GAS,46.62152038574219,53
2019-12-13T08:00:00Z,OTHER,WOOD/REFUSE,87.39357477664947,158
2019-12-13T08:00:00Z,SOLAR,SOLAR,0,15
2019-12-13T08:00:00Z,WIND,WIND,68.06608085938626,1781
2019-12-13T09:00:00Z,COAL,COAL,3195.1438098250496,5183
2019-12-13T09:00:00Z,DUAL FUEL,DUAL FUEL,127.24571122063531,540
2019-12-13T09:00:00Z,GAS,COGENERATION,4198.123716795942,5043
2019-12-13T09:00:00Z,GAS,COMBINED CYCLE,1390.8614225684273,1748
2019-12-13T09:00:00Z,GAS,SIMPLE CYCLE,203.04046105967626,905
2019-12-13T09:00:00Z,HYDRO,HYDRO,110.55866999983787,894
2019-12-13T09:00:00Z,OTHER,BIOMASS,106.47440450668336,154
2019-12-13T09:00:00Z,OTHER,GAS COGEN,47.599923464987015,58
2019-12-13T09:00:00Z,OTHER,OIL/GAS,45.97245508405897,53
2019-12-13T09:00:00Z,OTHER,WOOD/REFUSE,86.7737634086609,158
2019-12-13T09:00:00Z,SOLAR,SOLAR,0,15
2019-12-13T09:00:00Z,WIND,WIND,42.899859812615645,1781
2019-12-13T10:00:00Z,COAL,COAL,3189.802866929372,5183
2019-12-13T10:00:00Z,DUAL FUEL,DUAL FUEL,145.20789774576824,540
2019-12-13T10:00:00Z,GAS,COGENERATION,4202.9991090271205,5043
2019-12-13T10:00:00Z,GAS,COMBINED CYCLE,1384.3986476744547,1748
2019-12-13T10:00:00Z,GAS,SIMPLE CYCLE,232.8606757217977,905
2019-12-13T10:00:00Z,HYDRO,HYDRO,98.4355295715067,894
2019-12-13T10:00:00Z,OTHER,BIOMASS,107.39659471882715,154
2019-12-13T10:00:00Z,OTHER,GAS COGEN,47.75588254769643,58
2019-12-13T10:00:00Z,OTHER,OIL/GAS,45.568460383945045,53
2019-12-13T10:00:00Z,OTHER,WOOD/REFUSE,87.53514285299514,158
2019-12-13T10:00:00Z,SOLAR,SOLAR,0,15
2019-12-13T10:00:00Z,WIND,WIND,32.335739993891785,1781
2019-12-13T11:00:00Z,COAL,COAL,3275.3355054940116,5183
2019-12-13T11:00:00Z,DUAL FUEL,DUAL FUEL,145.06602987501356,540
2019-12-13T11:00:00Z,GAS,COGENERATION,4208.571353008482,5043
2019-12-13T11:00:00Z,GAS,COMBINED CYCLE,1396.3016600137287,1748
2019-12-13T11:00:00Z,GAS,SIMPLE CYCLE,203.0215929057863,905
2019-12-13T11:00:00Z,HYDRO,HYDRO,120.121422748367,894
2019-12-13T11:00:00Z,OTHER,BIOMASS,108.24655632707808,154
2019-12-13T11:00:00Z,OTHER,GAS COGEN,46.64537608305613,58
2019-12-13T11:00:00Z,OTHER,OIL/GAS,45.38949331707425,53
2019-12-13T11:00:00Z,OTHER,WOOD/REFUSE,88.46438546657564,158
2019-12-13T11:00:00Z,SOLAR,SOLAR,0,15
2019-12-13T11:00:00Z,WIND,WIND,23.26305346822573,1781
2019-12-13T12:00:00Z,COAL,COAL,3273.6985889710318,5183
2019-12-13T12:00:00Z,DUAL FUEL,DUAL FUEL,120.8057438023885,540
2019-12-13T12:00:00Z,GAS,COGENERATION,4202.591370506783,5043
2019-12-13T12:00:00Z,GAS,COMBINED CYCLE,1377.2743637859821,1748
2019-12-13T12:00:00Z,GAS,SIMPLE CYCLE,202.88162742349837,905
2019-12-13T12:00:00Z,HYDRO,HYDRO,121.16966040379471,894
2019-12-13T12:00:00Z,OTHER,BIOMASS,111.58744455549451,154
2019-12-13T12:00:00Z,OTHER,GAS COGEN,45.969856553607514,58
2019-12-13T12:00:00Z,OTHER,OIL/GAS,45.640265492333306,53
2019-12-13T12:00:00Z,OTHER,WOOD/REFUSE,88.96787109533946,158
2019-12-13T12:00:00Z,SOLAR,SOLAR,0,15
2019-12-13T12:00:00Z,WIND,WIND,8.473399263065723,1781
2019-12-13T13:00:00Z,COAL,COAL,3138.2885669289694,5183
2019-12-13T13:00:00Z,DUAL FUEL,DUAL FUEL,145.18621993170845,540
2019-12-13T13:00:00Z,GAS,COGENERATION,4200.728677414523,5043
2019-12-13T13:00:00Z,GAS,COMBINED CYCLE,1518.6538816356658,1748
2019-12-13T13:00:00Z,GAS,SIMPLE CYCLE,416.682718617883,905
2019-12-13T13:00:00Z,HYDRO,HYDRO,177.20110814952187,894
2019-12-13T13:00:00Z,OTHER,BIOMASS,112.37278875933754,154
2019-12-13T13:00:00Z,OTHER,GAS COGEN,45.5434623252021,58
2019-12-13T13:00:00Z,OTHER,OIL/GAS,45.15395982530382,53
2019-12-13T13:00:00Z,OTHER,WOOD/REFUSE,93.5869601228502,158
2019-12-13T13:00:00Z,SOLAR,SOLAR,0,15
2019-12-13T13:00:00Z,WIND,WIND,0.8304788748242168,1781
2019-12-13T14:00:00Z,COAL,COAL,2987.5445514198145,5183
2019-12-13T14:00:00Z,DUAL FUEL,DUAL FUEL,144.7650841437446,540
2019-12-13T14:00:00Z,GAS,COGENERATION,4185.979131133424,5043
2019-12-13T14:00:00Z,GAS,COMBINED CYCLE,1537.7527278788884,1748
2019-12-13T14:00:00Z,GAS,SIMPLE CYCLE,356.3184294208222,905
2019-12-13T14:00:00Z,HYDRO,HYDRO,250.36038671251802,894
2019-12-13T14:00:00Z,OTHER,BIOMASS,113.49166466977861,154
2019-12-13T14:00:00Z,OTHER,GAS COGEN,45.83815390904744,58
2019-12-13T14:00:00Z,OTHER,OIL/GAS,45.282726465861,53
2019-12-13T14:00:00Z,OTHER,WOOD/REFUSE,92.7022207736969,158
2019-12-13T14:00:00Z,SOLAR,SOLAR,0,15
2019-12-13T14:00:00Z,WIND,WIND,0.6999999731779099,1781
2019-12-13T15:00:00Z,COAL,COAL,3243.940709336599,5183
2019-12-13T15:00:00Z,DUAL FUEL,DUAL FUEL,144.88713241577148,540
2019-12-13T15:00:00Z,GAS,COGENERATION,4172.472326609393,5043
2019-12-13T15:00:00Z,GAS,COMBINED CYCLE,1550.9152916595672,1748
2019-12-13T15:00:00Z,GAS,SIMPLE CYCLE,377.285496486028,905
2019-12-13T15:00:00Z,HYDRO,HYDRO,240.44309587279955,894
2019-12-13T15:00:00Z,OTHER,BIOMASS,115.40253941165076,154
2019-12-13T15:00:00Z,OTHER,GAS COGEN,45.6164347770479,58
2019-12-13T15:00:00Z,OTHER,OIL/GAS,45.2456264283922,53
2019-12-13T15:00:00Z,OTHER,WOOD/REFUSE,90.13771477858225,158
2019-12-13T15:00:00Z,SOLAR,SOLAR,0,15
2019-12-13T15:00:00Z,WIND,WIND,0.6999999731779099,1781
2019-12-13T16:00:00Z,COAL,COAL,3495.737969938914,5183
2019-12-13T16:00:00Z,DUAL FUEL,DUAL FUEL,145.09084486219618,540
2019-12-13T16:00:00Z,GAS,COGENERATION,4169.060506042375,5043
2019-12-13T16:00:00Z,GAS,COMBINED CYCLE,1561.8044547663796,1748
2019-12-13T16:00:00Z,GAS,SIMPLE CYCLE,347.9127768302626,905
2019-12-13T16:00:00Z,HYDRO,HYDRO,237.2992614850733,894
2019-12-13T16:00:00Z,OTHER,BIOMASS,114.16475095748902,154
2019-12-13T16:00:00Z,OTHER,GAS COGEN,45.74023525661893,58
2019-12-13T16:00:00Z,OTHER,OIL/GAS,45.730309117635095,53
2019-12-13T16:00:00Z,OTHER,WOOD/REFUSE,87.95311970922683,158
2019-12-13T16:00:00Z,SOLAR,SOLAR,0,15
2019-12-13T16:00:00Z,WIND,WIND,0.6999999731779099,1781
2019-12-13T17:00:00Z,COAL,COAL,3421.5584650336373,5183
2019-12-13T17:00:00Z,DUAL FUEL,DUAL FUEL,144.83525716145834,540
2019-12-13T17:00:00Z,GAS,COGENERATION,4139.626673530605,5043
2019-12-13T17:00:00Z,GAS,COMBINED CYCLE,1530.7992128038406,1748
2019-12-13T17:00:00Z,GAS,SIMPLE CYCLE,385.06273855507374,905
2019-12-13T17:00:00Z,HYDRO,HYDRO,209.9735738228427,894
2019-12-13T17:00:00Z,OTHER,BIOMASS,115.90221192412906,154
2019-12-13T17:00:00Z,OTHER,GAS COGEN,45.791890254020686,58
2019-12-13T17:00:00Z,OTHER,OIL/GAS,45.42597142325507,53
2019-12-13T17:00:00Z,OTHER,WOOD/REFUSE,90.69515676392449,158
2019-12-13T17:00:00Z,SOLAR,SOLAR,0,15
2019-12-13T17:00:00Z,WIND,WIND,0.6999999731779099,1781
2019-12-13T18:00:00Z,COAL,COAL,3639.9413473849827,5183
2019-12-13T18:00:00Z,DUAL FUEL,DUAL FUEL,144.23834849887425,540
2019-12-13T18:00:00Z,GAS,COGENERATION,4136.9795573143165,5043
2019-12-13T18:00:00Z,GAS,COMBINED CYCLE,1548.4901402399275,1748
2019-12-13T18:00:00Z,GAS,SIMPLE CYCLE,397.46140947341917,905
2019-12-13T18:00:00Z,HYDRO,HYDRO,246.28713261385758,894
2019-12-13T18:00:00Z,OTHER,BIOMASS,121.14098966068691,154
2019-12-13T18:00:00Z,OTHER,GAS COGEN,45.770750588840905,58
2019-12-13T18:00:00Z,OTHER,OIL/GAS,45.576082399156356,53
2019-12-13T18:00:00Z,OTHER,WOOD/REFUSE,89.64032020833757,158
2019-12-13T18:00:00Z,SOLAR,SOLAR,0,15
2019-12-13T18:00:00Z,WIND,WIND,0.6999999731779099,1781
2019-12-13T19:00:00Z,COAL,COAL,3529.7334983762107,5183
2019-12-13T19:00:00Z,DUAL FUEL,DUAL FUEL,144.14132680257163,540
2019-12-13T19:00:00Z,GAS,COGENERATION,4149.69017721898,5043
2019-12-13T19:00:00Z,GAS,COMBINED CYCLE,1453.1302547030978,1748
2019-12-13T19:00:00Z,GAS,SIMPLE CYCLE,370.6393417239851,905
2019-12-13T19:00:00Z,HYDRO,HYDRO,201.93671114663283,894
2019-12-13T19:00:00Z,OTHER,BIOMASS,120.9993892648485,154
2019-12-13T19:00:00Z,OTHER,GAS COGEN,45.49795777638753,58
2019-12-13T19:00:00Z,OTHER,OIL/GAS,45.72286544164022,53
2019-12-13T19:00:00Z,OTHER,WOOD/REFUSE,88.20008253150516,158
2019-12-13T19:00:00Z,SOLAR,SOLAR,0,15
2019-12-13T19:00:00Z,WIND,WIND,0.5322999707443846,1781
2019-12-13T20:00:00Z,COAL,COAL,3592.715294793447,5183
2019-12-13T20:00:00Z,DUAL FUEL,DUAL FUEL,144.51225577460394,540
2019-12-13T20:00:00Z,GAS,COGENERATION,4162.786766121122,5043
2019-12-13T20:00:00Z,GAS,COMBINED CYCLE,1513.9864144611358,1748
2019-12-13T20:00:00Z,GAS,SIMPLE CYCLE,377.1314260966248,905
2019-12-13T20:00:00Z,HYDRO,HYDRO,208.9637226629257,894
2019-12-13T20:00:00Z,OTHER,BIOMASS,117.7172014395396,154
2019-12-13T20:00:00Z,OTHER,GAS COGEN,45.12443104214138,58
2019-12-13T20:00:00Z,OTHER,OIL/GAS,45.63200991100735,53
2019-12-13T20:00:00Z,OTHER,WOOD/REFUSE,88.7218928994073,158
2019-12-13T20:00:00Z,SOLAR,SOLAR,0,15
2019-12-13T20:00:00Z,WIND,WIND,1.6521110699408583,1781
2019-12-13T21:00:00Z,COAL,COAL,3479.4493431048923,5183
2019-12-13T21:00:00Z,DUAL FUEL,DUAL FUEL,144.2169704437256,540
2019-12-13T21:00:00Z,GAS,COGENERATION,4209.8432578316,5043
2019-12-13T21:00:00Z,GAS,COMBINED CYCLE,1556.4465190792084,1748
2019-12-13T21:00:00Z,GAS,SIMPLE CYCLE,430.11701006150906,905
2019-12-13T21:00:00Z,HYDRO,HYDRO,211.3012224843436,894
2019-12-13T21:00:00Z,OTHER,BIOMASS,121.59456253846486,154
2019-12-13T21:00:00Z,OTHER,GAS COGEN,45.376133817036944,58
2019-12-13T21:00:00Z,OTHER,OIL/GAS,45.47798756069607,53
2019-12-13T21:00:00Z,OTHER,WOOD/REFUSE,91.82756141874526,158
2019-12-13T21:00:00Z,SOLAR,SOLAR,0,15
2019-12-13T21:00:00Z,WIND,WIND,3.6085110709402297,1781
2019-12-13T22:00:00Z,COAL,COAL,3490.049463426802,5183
2019-12-13T22:00:00Z,DUAL FUEL,DUAL FUEL,144.54592113918727,540
2019-12-13T22:00:00Z,GAS,COGENERATION,4244.072176403337,5043
2019-12-13T22:00:00Z,GAS,COMBINED CYCLE,1508.6601455974578,1748
2019-12-13T22:00:00Z,GAS,SIMPLE CYCLE,426.849783890446,905
2019-12-13T22:00:00Z,HYDRO,HYDRO,221.0842767129176,894
2019-12-13T22:00:00Z,OTHER,BIOMASS,123.87021709018283,154
2019-12-13T22:00:00Z,OTHER,GAS COGEN,45.4522271961636,58
2019-12-13T22:00:00Z,OTHER,OIL/GAS,45.77271010716756,53
2019-12-13T22:00:00Z,OTHER,WOOD/REFUSE,95.93623589833577,158
2019-12-13T22:00:00Z,SOLAR,SOLAR,0,15
2019-12-13T22:00:00Z,WIND,WIND,15.282133436931504,1781
2019-12-13T23:00:00Z,COAL,COAL,3419.363643620809,5183
2019-12-13T23:00:00Z,DUAL FUEL,DUAL FUEL,144.5832075415717,540
2019-12-13T23:00:00Z,GAS,COGENERATION,4260.068263443841,5043
2019-12-13T23:00:00Z,GAS,COMBINED CYCLE,1550.5788863897324,1748
2019-12-13T23:00:00Z,GAS,SIMPLE CYCLE,454.94612785743345,905
2019-12-13T23:00:00Z,HYDRO,HYDRO,227.66357914812033,894
2019-12-13T23:00:00Z,OTHER,BIOMASS,125.45003977245754,154
2019-12-13T23:00:00Z,OTHER,GAS COGEN,45.670173530578616,58
2019-12-13T23:00:00Z,OTHER,OIL/GAS,45.30460974163479,53
2019-12-13T23:00:00Z,OTHER,WOOD/REFUSE,95.32633454375797,158
2019-12-13T23:00:00Z,SOLAR,SOLAR,0,15
2019-12-13T23:00:00Z,WIND,WIND,32.60623880852428,1781
2019-12-14T00:00:00Z,COAL,COAL,3290.464520486196,5183
2019-12-14T00:00:00Z,DUAL FUEL,DUAL FUEL,144.06474549187556,540
2019-12-14T00:00:00Z,GAS,COGENERATION,4189.263369361162,5043
2019-12-14T00:00:00Z,GAS,COMBINED CYCLE,1571.1831914456686,1748
2019-12-14T00:00:00Z,GAS,SIMPLE CYCLE,491.82379800978634,905
2019-12-14T00:00:00Z,HYDRO,HYDRO,272.4695508407222,894
2019-12-14T00:00:00Z,OTHER,BIOMASS,125.49816715982226,154
2019-12-14T00:00:00Z,OTHER,GAS COGEN,45.6165729437934,58
2019-12-14T00:00:00Z,OTHER,OIL/GAS,45.43362646102905,53
2019-12-14T00:00:00Z,OTHER,WOOD/REFUSE,94.83461391554938,158
2019-12-14T00:00:00Z,SOLAR,SOLAR,0,15
2019-12-14T00:00:00Z,WIND,WIND,36.99581676973237,1781
2019-12-14T01:00:00Z,COAL,COAL,3261.550352045695,5183
2019-12-14T01:00:00Z,DUAL FUEL,DUAL FUEL,143.564255794949,540
2019-12-14T01:00:00Z,GAS,COGENERATION,4151.520710221264,5043
2019-12-14T01:00:00Z,GAS,COMBINED CYCLE,1576.272506457435,1748
2019-12-14T01:00:00Z,GAS,SIMPLE CYCLE,424.05160700241726,905
2019-12-14T01:00:00Z,HYDRO,HYDRO,314.311267703308,894
2019-12-14T01:00:00Z,OTHER,BIOMASS,121.44372812377082,154
2019-12-14T01:00:00Z,OTHER,GAS COGEN,45.619930040571425,58
2019-12-14T01:00:00Z,OTHER,OIL/GAS,45.69412704679701,53
2019-12-14T01:00:00Z,OTHER,WOOD/REFUSE,89.0928084479438,158
2019-12-14T01:00:00Z,SOLAR,SOLAR,0,15
2019-12-14T01:00:00Z,WIND,WIND,54.177589715503984,1781
2019-12-14T02:00:00Z,COAL,COAL,3248.1485518137615,5183
2019-12-14T02:00:00Z,DUAL FUEL,DUAL FUEL,141.6313940005832,540
2019-12-14T02:00:00Z,GAS,COGENERATION,4213.761730559551,5043
2019-12-14T02:00:00Z,GAS,COMBINED CYCLE,1567.5808115704854,1748
2019-12-14T02:00:00Z,GAS,SIMPLE CYCLE,376.45493679347965,905
2019-12-14T02:00:00Z,HYDRO,HYDRO,277.43725452995966,894
2019-12-14T02:00:00Z,OTHER,BIOMASS,120.20243943214416,154
2019-12-14T02:00:00Z,OTHER,GAS COGEN,45.50142705811395,58
2019-12-14T02:00:00Z,OTHER,OIL/GAS,45.53972126430936,53
2019-12-14T02:00:00Z,OTHER,WOOD/REFUSE,89.37321546554566,158
2019-12-14T02:00:00Z,SOLAR,SOLAR,0,15
2019-12-14T02:00:00Z,WIND,WIND,85.23756653989768,1781
2019-12-14T03:00:00Z,COAL,COAL,3348.068215054406,5183
2019-12-14T03:00:00Z,DUAL FUEL,DUAL FUEL,135.5646593814426,540
2019-12-14T03:00:00Z,GAS,COGENERATION,4213.711573674447,5043
2019-12-14T03:00:00Z,GAS,COMBINED CYCLE,1547.799764685366,1748
2019-12-14T03:00:00Z,GAS,SIMPLE CYCLE,404.27415421856773,905
2019-12-14T03:00:00Z,HYDRO,HYDRO,322.151226765977,894
2019-12-14T03:00:00Z,OTHER,BIOMASS,117.49728406906128,154
2019-12-14T03:00:00Z,OTHER,GAS COGEN,45.37175061384836,58
2019-12-14T03:00:00Z,OTHER,OIL/GAS,44.86010926776462,53
2019-12-14T03:00:00Z,OTHER,WOOD/REFUSE,94.97427613629236,158
2019-12-14T03:00:00Z,SOLAR,SOLAR,0,15
2019-12-14T03:00:00Z,WIND,WIND,84.74286616575387,1781
2019-12-14T04:00:00Z,COAL,COAL,3324.236339931819,5183
2019-12-14T04:00:00Z,DUAL FUEL,DUAL FUEL,137.29546467251248,540
2019-12-14T04:00:00Z,GAS,COGENERATION,4209.0491751874815,5043
2019-12-14T04:00:00Z,GAS,COMBINED CYCLE,1464.4578104731772,1748
2019-12-14T04:00:00Z,GAS,SIMPLE CYCLE,422.61368306769265,905
2019-12-14T04:00:00Z,HYDRO,HYDRO,220.8072592191895,894
2019-12-14T04:00:00Z,OTHER,BIOMASS,124.25101178487142,154
2019-12-14T04:00:00Z,OTHER,GAS COGEN,45.23827723609077,58
2019-12-14T04:00:00Z,OTHER,OIL/GAS,45.699464645385746,53
2019-12-14T04:00:00Z,OTHER,WOOD/REFUSE,97.92179675314162,158
2019-12-14T04:00:00Z,SOLAR,SOLAR,0,15
2019-12-14T04:00:00Z,WIND,WIND,69.6466057111654,1781
2019-12-14T05:00:00Z,COAL,COAL,3100.0499201371936,5183
2019-12-14T05:00:00Z,DUAL FUEL,DUAL FUEL,137.7936479610867,540
2019-12-14T05:00:00Z,GAS,COGENERATION,4248.494553876718,5043
2019-12-14T05:00:00Z,GAS,COMBINED CYCLE,1501.7475541098913,1748
2019-12-14T05:00:00Z,GAS,SIMPLE CYCLE,407.7655276622706,905
2019-12-14T05:00:00Z,HYDRO,HYDRO,181.61193027079105,894
2019-12-14T05:00:00Z,OTHER,BIOMASS,122.71494415124258,154
2019-12-14T05:00:00Z,OTHER,GAS COGEN,45.375841229756674,58
2019-12-14T05:00:00Z,OTHER,OIL/GAS,46.001676955752906,53
2019-12-14T05:00:00Z,OTHER,WOOD/REFUSE,99.04993703948126,158
2019-12-14T05:00:00Z,SOLAR,SOLAR,0,15
2019-12-14T05:00:00Z,WIND,WIND,87.64790473539796,1781
2019-12-14T06:00:00Z,COAL,COAL,3059.64649348153,5183
2019-12-14T06:00:00Z,DUAL FUEL,DUAL FUEL,136.3246191236708,540
2019-12-14T06:00:00Z,GAS,COGENERATION,4250.9817021942135,5043
2019-12-14T06:00:00Z,GAS,COMBINED CYCLE,1398.387775829633,1748
2019-12-14T06:00:00Z,GAS,SIMPLE CYCLE,430.2705751861135,905
2019-12-14T06:00:00Z,HYDRO,HYDRO,152.21518494897418,894
2019-12-14T06:00:00Z,OTHER,BIOMASS,124.15989480919309,154
2019-12-14T06:00:00Z,OTHER,GAS COGEN,45.360569614834255,58
2019-12-14T06:00:00Z,OTHER,OIL/GAS,45.558221889071994,53
2019-12-14T06:00:00Z,OTHER,WOOD/REFUSE,98.35363160663181,158
2019-12-14T06:00:00Z,SOLAR,SOLAR,0,15
2019-12-14T06:00:00Z,WIND,WIND,141.16342578626342,1781
2019-12-14T07:00:00Z,COAL,COAL,3083.781103661855,5183
2019-12-14T07:00:00Z,DUAL FUEL,DUAL FUEL,109.85913486904568,540
2019-12-14T07:00:00Z,GAS,COGENERATION,4230.774029750129,5043
2019-12-14T07:00:00Z,GAS,COMBINED CYCLE,1340.3843652751711,1748
2019-12-14T07:00:00Z,GAS,SIMPLE CYCLE,282.1021649020579,905
2019-12-14T07:00:00Z,HYDRO,HYDRO,81.93944866236713,894
2019-12-14T07:00:00Z,OTHER,BIOMASS,118.53236737410228,154
2019-12-14T07:00:00Z,OTHER,GAS COGEN,35.78056400352054,58
2019-12-14T07:00:00Z,OTHER,OIL/GAS,46.590664581722685,53
2019-12-14T07:00:00Z,OTHER,WOOD/REFUSE,91.09396204418606,158
2019-12-14T07:00:00Z,SOLAR,SOLAR,0,15
2019-12-14T07:00:00Z,WIND,WIND,197.77653891476078,1781
2019-12-14T08:00:00Z,COAL,COAL,3080.6850195460847,5183
2019-12-14T08:00:00Z,DUAL FUEL,DUAL FUEL,91.2990973578559,540
2019-12-14T08:00:00Z,GAS,COGENERATION,4227.640191303624,5043
2019-12-14T08:00:00Z,GAS,COMBINED CYCLE,1344.9535720788108,1748
2019-12-14T08:00:00Z,GAS,SIMPLE CYCLE,243.70667433950638,905
2019-12-14T08:00:00Z,HYDRO,HYDRO,106.17967736371689,894
2019-12-14T08:00:00Z,OTHER,BIOMASS,119.53062902132669,154
2019-12-14T08:00:00Z,OTHER,GAS COGEN,33.206696643829346,58
2019-12-14T08:00:00Z,OTHER,OIL/GAS,46.20149908489651,53
2019-12-14T08:00:00Z,OTHER,WOOD/REFUSE,87.73014573627049,158
2019-12-14T08:00:00Z,SOLAR,SOLAR,0,15
2019-12-14T08:00:00Z,WIND,WIND,247.67752020131383,1781
2019-12-14T09:00:00Z,COAL,COAL,3066.9765474149917,5183
2019-12-14T09:00:00Z,DUAL FUEL,DUAL FUEL,90.43418496025932,540
2019-12-14T09:00:00Z,GAS,COGENERATION,4230.521352697876,5043
2019-12-14T09:00:00Z,GAS,COMBINED CYCLE,1335.1782004478243,1748
2019-12-14T09:00:00Z,GAS,SIMPLE CYCLE,243.80009915563795,905
2019-12-14T09:00:00Z,HYDRO,HYDRO,96.87676998724541,894
2019-12-14T09:00:00Z,OTHER,BIOMASS,116.60639582898881,154
2019-12-14T09:00:00Z,OTHER,GAS COGEN,33.30023765563965,58
2019-12-14T09:00:00Z,OTHER,OIL/GAS,45.98506561491224,53
2019-12-14T09:00:00Z,OTHER,WOOD/REFUSE,87.43790413061778,158
2019-12-14T09:00:00Z,SOLAR,SOLAR,0,15
2019-12-14T09:00:00Z,WIND,WIND,300.4957839339806,1781
2019-12-14T10:00:00Z,COAL,COAL,3028.580800141229,5183
2019-12-14T10:00:00Z,DUAL FUEL,DUAL FUEL,91.43004363589816,540
2019-12-14T10:00:00Z,GAS,COGENERATION,4220.383841596179,5043
2019-12-14T10:00:00Z,GAS,COMBINED CYCLE,1344.4936706140306,1748
2019-12-14T10:00:00Z,GAS,SIMPLE CYCLE,203.19814802116818,905
2019-12-14T10:00:00Z,HYDRO,HYDRO,113.61265839636326,894
2019-12-14T10:00:00Z,OTHER,BIOMASS,110.18850687119696,154
2019-12-14T10:00:00Z,OTHER,GAS COGEN,33.252537966834176,58
2019-12-14T10:00:00Z,OTHER,OIL/GAS,46.78210454940796,53
2019-12-14T10:00:00Z,OTHER,WOOD/REFUSE,86.6624292230606,158
2019-12-14T10:00:00Z,SOLAR,SOLAR,0,15
2019-12-14T10:00:00Z,WIND,WIND,323.9959058180286,1781
2019-12-14T11:00:00Z,COAL,COAL,3079.7961384688483,5183
2019-12-14T11:00:00Z,DUAL FUEL,DUAL FUEL,91.13425895267062,540
2019-12-14T11:00:00Z,GAS,COGENERATION,4217.829399867587,5043
2019-12-14T11:00:00Z,GAS,COMBINED CYCLE,1340.8934020047718,1748
2019-12-14T11:00:00Z,GAS,SIMPLE CYCLE,201.09784828715854,905
2019-12-14T11:00:00Z,HYDRO,HYDRO,104.36527631372213,894
2019-12-14T11:00:00Z,OTHER,BIOMASS,115.49022339291042,154
2019-12-14T11:00:00Z,OTHER,GAS COGEN,33.244540808995566,58
2019-12-14T11:00:00Z,OTHER,OIL/GAS,47.16933309766981,53
2019-12-14T11:00:00Z,OTHER,WOOD/REFUSE,86.81362304051717,158
2019-12-14T11:00:00Z,SOLAR,SOLAR,0,15
2019-12-14T11:00:00Z,WIND,WIND,313.8318722303046,1781
2019-12-14T12:00:00Z,COAL,COAL,3041.879449619717,5183
2019-12-14T12:00:00Z,DUAL FUEL,DUAL FUEL,90.98199149661592,540
2019-12-14T12:00:00Z,GAS,COGENERATION,4214.552291986148,5043
2019-12-14T12:00:00Z,GAS,COMBINED CYCLE,1433.0567959366904,1748
2019-12-14T12:00:00Z,GAS,SIMPLE CYCLE,201.68754555066425,905
2019-12-14T12:00:00Z,HYDRO,HYDRO,133.69950815627973,894
2019-12-14T12:00:00Z,OTHER,BIOMASS,116.2625169081158,154
2019-12-14T12:00:00Z,OTHER,GAS COGEN,33.24081251038445,58
2019-12-14T12:00:00Z,OTHER,OIL/GAS,46.52265485551622,53
2019-12-14T12:00:00Z,OTHER,WOOD/REFUSE,86.22910103268093,158
2019-12-14T12:00:00Z,SOLAR,SOLAR,0,15
2019-12-14T12:00:00Z,WIND,WIND,324.9003954778446,1781
2019-12-14T13:00:00Z,COAL,COAL,3088.533126102156,5183
2019-12-14T13:00:00Z,DUAL FUEL,DUAL FUEL,95.97751753913032,540
2019-12-14T13:00:00Z,GAS,COGENERATION,4210.5234064631995,5043
2019-12-14T13:00:00Z,GAS,COMBINED CYCLE,1481.8480012374455,1748
2019-12-14T13:00:00Z,GAS,SIMPLE CYCLE,236.91707039876115,905
2019-12-14T13:00:00Z,HYDRO,HYDRO,174.89306326763497,894
2019-12-14T13:00:00Z,OTHER,BIOMASS,117.51615086396535,154
2019-12-14T13:00:00Z,OTHER,GAS COGEN,33.40616545041402,58
2019-12-14T13:00:00Z,OTHER,OIL/GAS,46.196398425632054,53
2019-12-14T13:00:00Z,OTHER,WOOD/REFUSE,85.77372587998708,158
2019-12-14T13:00:00Z,SOLAR,SOLAR,0,15
2019-12-14T13:00:00Z,WIND,WIND,209.71980219418805,1781
2019-12-14T14:00:00Z,COAL,COAL,3098.502479447259,5183
2019-12-14T14:00:00Z,DUAL FUEL,DUAL FUEL,121.46460301293268,540
2019-12-14T14:00:00Z,GAS,COGENERATION,4222.85861900515,5043
2019-12-14T14:00:00Z,GAS,COMBINED CYCLE,1508.5341576623916,1748
2019-12-14T14:00:00Z,GAS,SIMPLE CYCLE,320.68242618881993,905
2019-12-14T14:00:00Z,HYDRO,HYDRO,181.4179658170541,894
2019-12-14T14:00:00Z,OTHER,BIOMASS,122.08736222002241,154
2019-12-14T14:00:00Z,OTHER,GAS COGEN,33.33462321069505,58
2019-12-14T14:00:00Z,OTHER,OIL/GAS,46.1992371474372,53
2019-12-14T14:00:00Z,OTHER,WOOD/REFUSE,84.4694425392151,158
2019-12-14T14:00:00Z,SOLAR,SOLAR,0,15
2019-12-14T14:00:00Z,WIND,WIND,150.8242591394153,1781
2019-12-14T15:00:00Z,COAL,COAL,3164.508174688551,5183
2019-12-14T15:00:00Z,DUAL FUEL,DUAL FUEL,119.22170708126492,540
2019-12-14T15:00:00Z,GAS,COGENERATION,4225.068085990035,5043
2019-12-14T15:00:00Z,GAS,COMBINED CYCLE,1531.3037133222156,1748
2019-12-14T15:00:00Z,GAS,SIMPLE CYCLE,321.17333543482755,905
2019-12-14T15:00:00Z,HYDRO,HYDRO,222.491397355828,894
2019-12-14T15:00:00Z,OTHER,BIOMASS,121.90054605219099,154
2019-12-14T15:00:00Z,OTHER,GAS COGEN,33.327685290442574,58
2019-12-14T15:00:00Z,OTHER,OIL/GAS,45.78548205481635,53
2019-12-14T15:00:00Z,OTHER,WOOD/REFUSE,84.04641099505955,158
2019-12-14T15:00:00Z,SOLAR,SOLAR,0,15
2019-12-14T15:00:00Z,WIND,WIND,160.0493192055242,1781
2019-12-14T16:00:00Z,COAL,COAL,3207.5747144889833,5183
2019-12-14T16:00:00Z,DUAL FUEL,DUAL FUEL,122.2107697804769,540
2019-12-14T16:00:00Z,GAS,COGENERATION,4208.700587427351,5043
2019-12-14T16:00:00Z,GAS,COMBINED CYCLE,1532.9299857982,1748
2019-12-14T16:00:00Z,GAS,SIMPLE CYCLE,428.34974265764157,905
2019-12-14T16:00:00Z,HYDRO,HYDRO,243.03846407678392,894
2019-12-14T16:00:00Z,OTHER,BIOMASS,122.44734533098008,154
2019-12-14T16:00:00Z,OTHER,GAS COGEN,33.409700429174634,58
2019-12-14T16:00:00Z,OTHER,OIL/GAS,45.671560293833416,53
2019-12-14T16:00:00Z,OTHER,WOOD/REFUSE,85.08539708773296,158
2019-12-14T16:00:00Z,SOLAR,SOLAR,0,15
2019-12-14T16:00:00Z,WIND,WIND,124.19083043006559,1781
2019-12-14T17:00:00Z,COAL,COAL,3276.715355934567,5183
2019-12-14T17:00:00Z,DUAL FUEL,DUAL FUEL,134.65535401238336,540
2019-12-14T17:00:00Z,GAS,COGENERATION,4202.138977397283,5043
2019-12-14T17:00:00Z,GAS,COMBINED CYCLE,1388.5657104243173,1748
2019-12-14T17:00:00Z,GAS,SIMPLE CYCLE,523.3846050803529,905
2019-12-14T17:00:00Z,HYDRO,HYDRO,216.69854698737464,894
2019-12-14T17:00:00Z,OTHER,BIOMASS,135.66842878023783,154
2019-12-14T17:00:00Z,OTHER,GAS COGEN,42.81422069549561,58
2019-12-14T17:00:00Z,OTHER,OIL/GAS,45.836521756913925,53
2019-12-14T17:00:00Z,OTHER,WOOD/REFUSE,93.459949637519,158
2019-12-14T17:00:00Z,SOLAR,SOLAR,0,15
2019-12-14T17:00:00Z,WIND,WIND,128.5369488423566,1781
2019-12-14T18:00:00Z,COAL,COAL,3351.9900960180494,5183
2019-12-14T18:00:00Z,DUAL FUEL,DUAL FUEL,134.64333853827583,540
2019-12-14T18:00:00Z,GAS,COGENERATION,4194.178469733397,5043
2019-12-14T18:00:00Z,GAS,COMBINED CYCLE,1375.5733483160866,1748
2019-12-14T18:00:00Z,GAS,SIMPLE CYCLE,485.63004579001,905
2019-12-14T18:00:00Z,HYDRO,HYDRO,246.7913482336203,894
2019-12-14T18:00:00Z,OTHER,BIOMASS,127.65603068844312,154
2019-12-14T18:00:00Z,OTHER,GAS COGEN,34.68917521794637,58
2019-12-14T18:00:00Z,OTHER,OIL/GAS,46.80124945110745,53
2019-12-14T18:00:00Z,OTHER,WOOD/REFUSE,99.34172642283968,158
2019-12-14T18:00:00Z,SOLAR,SOLAR,0,15
2019-12-14T18:00:00Z,WIND,WIND,120.37778989280264,1781
2019-12-14T19:00:00Z,COAL,COAL,3237.6784815682304,5183
2019-12-14T19:00:00Z,DUAL FUEL,DUAL FUEL,128.96039812458886,540
2019-12-14T19:00:00Z,GAS,COGENERATION,4176.508180600537,5043
2019-12-14T19:00:00Z,GAS,COMBINED CYCLE,1478.7080044211282,1748
2019-12-14T19:00:00Z,GAS,SIMPLE CYCLE,486.88203378425703,905
2019-12-14T19:00:00Z,HYDRO,HYDRO,208.4355445031325,894
2019-12-14T19:00:00Z,OTHER,BIOMASS,117.2473795413971,154
2019-12-14T19:00:00Z,OTHER,GAS COGEN,34.82209328863356,58
2019-12-14T19:00:00Z,OTHER,OIL/GAS,46.04762148751153,53
2019-12-14T19:00:00Z,OTHER,WOOD/REFUSE,99.91850443575117,158
2019-12-14T19:00:00Z,SOLAR,SOLAR,0,15
2019-12-14T19:00:00Z,WIND,WIND,132.84887150935,1781
2019-12-14T20:00:00Z,COAL,COAL,3182.901868565877,5183
2019-12-14T20:00:00Z,DUAL FUEL,DUAL FUEL,160.82001878526478,540
2019-12-14T20:00:00Z,GAS,COGENERATION,4169.8835583384835,5043
2019-12-14T20:00:00Z,GAS,COMBINED CYCLE,1411.0693995518154,1748
2019-12-14T20:00:00Z,GAS,SIMPLE CYCLE,468.5196774656905,905
2019-12-14T20:00:00Z,HYDRO,HYDRO,221.46846353001067,894
2019-12-14T20:00:00Z,OTHER,BIOMASS,111.25386328114404,154
2019-12-14T20:00:00Z,OTHER,GAS COGEN,34.62854118241204,58
2019-12-14T20:00:00Z,OTHER,OIL/GAS,43.65212049696181,53
2019-12-14T20:00:00Z,OTHER,WOOD/REFUSE,95.7551933617062,158
2019-12-14T20:00:00Z,SOLAR,SOLAR,0,15
2019-12-14T20:00:00Z,WIND,WIND,120.33498742070464,1781
2019-12-14T21:00:00Z,COAL,COAL,3137.590777229733,5183
2019-12-14T21:00:00Z,DUAL FUEL,DUAL FUEL,215.44196877373588,540
2019-12-14T21:00:00Z,GAS,COGENERATION,4150.014674191475,5043
2019-12-14T21:00:00Z,GAS,COMBINED CYCLE,1481.1929119931328,1748
2019-12-14T21:00:00Z,GAS,SIMPLE CYCLE,404.39859703222913,905
2019-12-14T21:00:00Z,HYDRO,HYDRO,158.27213115009997,894
2019-12-14T21:00:00Z,OTHER,BIOMASS,108.6065846909417,154
2019-12-14T21:00:00Z,OTHER,GAS COGEN,33.62087228880988,58
2019-12-14T21:00:00Z,OTHER,OIL/GAS,44.93138146294488,53
2019-12-14T21:00:00Z,OTHER,WOOD/REFUSE,88.00631556404961,158
2019-12-14T21:00:00Z,SOLAR,SOLAR,0,15
2019-12-14T21:00:00Z,WIND,WIND,99.88599295440648,1781
2019-12-14T22:00:00Z,COAL,COAL,3202.169101234012,5183
2019-12-14T22:00:00Z,DUAL FUEL,DUAL FUEL,260.705149752299,540
2019-12-14T22:00:00Z,GAS,COGENERATION,4160.57774205678,5043
2019-12-14T22:00:00Z,GAS,COMBINED CYCLE,1519.2954174248378,1748
2019-12-14T22:00:00Z,GAS,SIMPLE CYCLE,335.4734236879481,905
2019-12-14T22:00:00Z,HYDRO,HYDRO,201.81019021292528,894
2019-12-14T22:00:00Z,OTHER,BIOMASS,109.61217864248488,154
2019-12-14T22:00:00Z,OTHER,GAS COGEN,33.30295816527473,58
2019-12-14T22:00:00Z,OTHER,OIL/GAS,44.62714880625407,53
2019-12-14T22:00:00Z,OTHER,WOOD/REFUSE,86.65206589804755,158
2019-12-14T22:00:00Z,SOLAR,SOLAR,0,15
2019-12-14T22:00:00Z,WIND,WIND,154.33121328655216,1781
2019-12-14T23:00:00Z,COAL,COAL,3409.6712834527757,5183
2019-12-14T23:00:00Z,DUAL FUEL,DUAL FUEL,254.5925387234158,540
2019-12-14T23:00:00Z,GAS,COGENERATION,4160.952278915851,5043
2019-12-14T23:00:00Z,GAS,COMBINED CYCLE,1452.7667312256494,1748
2019-12-14T23:00:00Z,GAS,SIMPLE CYCLE,393.58531792465186,905
2019-12-14T23:00:00Z,HYDRO,HYDRO,232.448844528993,894
2019-12-14T23:00:00Z,OTHER,BIOMASS,109.83001803927951,154
2019-12-14T23:00:00Z,OTHER,GAS COGEN,33.635456027984624,58
2019-12-14T23:00:00Z,OTHER,OIL/GAS,44.75472042931451,53
2019-12-14T23:00:00Z,OTHER,WOOD/REFUSE,87.15992085880703,158
2019-12-14T23:00:00Z,SOLAR,SOLAR,0,15
2019-12-14T23:00:00Z,WIND,WIND,176.0254825673335,1781
2019-12-15T00:00:00Z,COAL,COAL,3454.2826533465914,5183
2019-12-15T00:00:00Z,DUAL FUEL,DUAL FUEL,234.30946315341527,540
2019-12-15T00:00:00Z,GAS,COGENERATION,4163.353856123885,5043
2019-12-15T00:00:00Z,GAS,COMBINED CYCLE,1509.9801031568315,1748
2019-12-15T00:00:00Z,GAS,SIMPLE CYCLE,464.8669826258553,905
2019-12-15T00:00:00Z,HYDRO,HYDRO,244.86332376370828,894
2019-12-15T00:00:00Z,OTHER,BIOMASS,109.66667360305786,154
2019-12-15T00:00:00Z,OTHER,GAS COGEN,33.62736012776693,58
2019-12-15T00:00:00Z,OTHER,OIL/GAS,45.49097799301148,53
2019-12-15T00:00:00Z,OTHER,WOOD/REFUSE,87.73166036817761,158
2019-12-15T00:00:00Z,SOLAR,SOLAR,0,15
2019-12-15T00:00:00Z,WIND,WIND,224.07181021047964,1781
2019-12-15T01:00:00Z,COAL,COAL,3374.469552078247,5183
2019-12-15T01:00:00Z,DUAL FUEL,DUAL FUEL,230.84037761264378,540
2019-12-15T01:00:00Z,GAS,COGENERATION,4161.927543888159,5043
2019-12-15T01:00:00Z,GAS,COMBINED CYCLE,1505.7696684058508,1748
2019-12-15T01:00:00Z,GAS,SIMPLE CYCLE,467.4481564882067,905
2019-12-15T01:00:00Z,HYDRO,HYDRO,187.39340335445272,894
2019-12-15T01:00:00Z,OTHER,BIOMASS,105.90482935481602,154
2019-12-15T01:00:00Z,OTHER,GAS COGEN,33.53261712816027,58
2019-12-15T01:00:00Z,OTHER,OIL/GAS,45.54696023729112,53
2019-12-15T01:00:00Z,OTHER,WOOD/REFUSE,86.99321274651422,158
2019-12-15T01:00:00Z,SOLAR,SOLAR,0,15
2019-12-15T01:00:00Z,WIND,WIND,282.1267734471791,1781
2019-12-15T02:00:00Z,COAL,COAL,3296.627713695102,5183
2019-12-15T02:00:00Z,DUAL FUEL,DUAL FUEL,230.55786254458957,540
2019-12-15T02:00:00Z,GAS,COGENERATION,4164.377923667233,5043
2019-12-15T02:00:00Z,GAS,COMBINED CYCLE,1453.8940202919641,1748
2019-12-15T02:00:00Z,GAS,SIMPLE CYCLE,411.16477219720684,905
2019-12-15T02:00:00Z,HYDRO,HYDRO,213.88173256592617,894
2019-12-15T02:00:00Z,OTHER,BIOMASS,105.3222908337911,154
2019-12-15T02:00:00Z,OTHER,GAS COGEN,33.524174766540526,58
2019-12-15T02:00:00Z,OTHER,OIL/GAS,44.42598788579305,53
2019-12-15T02:00:00Z,OTHER,WOOD/REFUSE,86.83474576420254,158
2019-12-15T02:00:00Z,SOLAR,SOLAR,0,15
2019-12-15T02:00:00Z,WIND,WIND,373.82104658060604,1781
2019-12-15T03:00:00Z,COAL,COAL,3135.033880564372,5183
2019-12-15T03:00:00Z,DUAL FUEL,DUAL FUEL,251.45751943800184,540
2019-12-15T03:00:00Z,GAS,COGENERATION,4177.122025277681,5043
2019-12-15T03:00:00Z,GAS,COMBINED CYCLE,1500.4962087159686,1748
2019-12-15T03:00:00Z,GAS,SIMPLE CYCLE,342.83425292160774,905
2019-12-15T03:00:00Z,HYDRO,HYDRO,180.41065052575536,894
2019-12-15T03:00:00Z,OTHER,BIOMASS,112.91731514685684,154
2019-12-15T03:00:00Z,OTHER,GAS COGEN,33.433474180433485,58
2019-12-15T03:00:00Z,OTHER,OIL/GAS,45.34950384987725,53
2019-12-15T03:00:00Z,OTHER,WOOD/REFUSE,86.40180166668362,158
2019-12-15T03:00:00Z,SOLAR,SOLAR,0,15
2019-12-15T03:00:00Z,WIND,WIND,511.7385378742218,1781
2019-12-15T04:00:00Z,COAL,COAL,2987.493995842404,5183
2019-12-15T04:00:00Z,DUAL FUEL,DUAL FUEL,296.1706937789917,540
2019-12-15T04:00:00Z,GAS,COGENERATION,4171.8714198388,5043
2019-12-15T04:00:00Z,GAS,COMBINED CYCLE,1519.0592375718222,1748
2019-12-15T04:00:00Z,GAS,SIMPLE CYCLE,299.40125401414105,905
2019-12-15T04:00:00Z,HYDRO,HYDRO,150.45139373400147,894
2019-12-15T04:00:00Z,OTHER,BIOMASS,105.10249581977725,154
2019-12-15T04:00:00Z,OTHER,GAS COGEN,33.535601126352944,58
2019-12-15T04:00:00Z,OTHER,OIL/GAS,45.993171299828425,53
2019-12-15T04:00:00Z,OTHER,WOOD/REFUSE,86.86925252013737,158
2019-12-15T04:00:00Z,SOLAR,SOLAR,0,15
2019-12-15T04:00:00Z,WIND,WIND,637.7771729916997,1781
2019-12-15T05:00:00Z,COAL,COAL,2892.890328907437,5183
2019-12-15T05:00:00Z,DUAL FUEL,DUAL FUEL,272.73598530875313,540
2019-12-15T05:00:00Z,GAS,COGENERATION,4118.825708777971,5043
2019-12-15T05:00:00Z,GAS,COMBINED CYCLE,1489.4074207578765,1748
2019-12-15T05:00:00Z,GAS,SIMPLE CYCLE,301.7925082222621,905
2019-12-15T05:00:00Z,HYDRO,HYDRO,138.5227512098021,894
2019-12-15T05:00:00Z,OTHER,BIOMASS,106.88342351436616,154
2019-12-15T05:00:00Z,OTHER,GAS COGEN,33.403781319194366,58
2019-12-15T05:00:00Z,OTHER,OIL/GAS,46.65717132780287,53
2019-12-15T05:00:00Z,OTHER,WOOD/REFUSE,86.47396307733324,158
2019-12-15T05:00:00Z,SOLAR,SOLAR,0,15
2019-12-15T05:00:00Z,WIND,WIND,652.8488997465703,1781
2019-12-15T06:00:00Z,COAL,COAL,2858.051797943115,5183
2019-12-15T06:00:00Z,DUAL FUEL,DUAL FUEL,211.76226348876955,540
2019-12-15T06:00:00Z,GAS,COGENERATION,4137.000892590483,5043
2019-12-15T06:00:00Z,GAS,COMBINED CYCLE,1390.4862384671635,1748
2019-12-15T06:00:00Z,GAS,SIMPLE CYCLE,204.81402002930642,905
2019-12-15T06:00:00Z,HYDRO,HYDRO,132.76047001661527,894
2019-12-15T06:00:00Z,OTHER,BIOMASS,105.25910139613681,154
2019-12-15T06:00:00Z,OTHER,GAS COGEN,33.42030533949534,58
2019-12-15T06:00:00Z,OTHER,OIL/GAS,47.25172153896756,53
2019-12-15T06:00:00Z,OTHER,WOOD/REFUSE,87.36854045973884,158
2019-12-15T06:00:00Z,SOLAR,SOLAR,0,15
2019-12-15T06:00:00Z,WIND,WIND,703.4920760803918,1781
2019-12-15T07:00:00Z,COAL,COAL,2747.0835743861726,5183
2019-12-15T07:00:00Z,DUAL FUEL,DUAL FUEL,193.9175046221415,540
2019-12-15T07:00:00Z,GAS,COGENERATION,4141.074587608485,5043
2019-12-15T07:00:00Z,GAS,COMBINED CYCLE,1373.0974296095635,1748
2019-12-15T07:00:00Z,GAS,SIMPLE CYCLE,200.46508582856922,905
2019-12-15T07:00:00Z,HYDRO,HYDRO,108.32812602662378,894
2019-12-15T07:00:00Z,OTHER,BIOMASS,105.37879563702477,154
2019-12-15T07:00:00Z,OTHER,GAS COGEN,33.281211919784546,58
2019-12-15T07:00:00Z,OTHER,OIL/GAS,46.555359522501625,53
2019-12-15T07:00:00Z,OTHER,WOOD/REFUSE,87.37451383166844,158
2019-12-15T07:00:00Z,SOLAR,SOLAR,0,15
2019-12-15T07:00:00Z,WIND,WIND,751.6761537567775,1781
2019-12-15T08:00:00Z,COAL,COAL,2676.9459717792934,5183
2019-12-15T08:00:00Z,DUAL FUEL,DUAL FUEL,194.76606080796984,540
2019-12-15T08:00:00Z,GAS,COGENERATION,4129.464687903987,5043
2019-12-15T08:00:00Z,GAS,COMBINED CYCLE,1366.7324279546738,1748
2019-12-15T08:00:00Z,GAS,SIMPLE CYCLE,199.4167224953572,905
2019-12-15T08:00:00Z,HYDRO,HYDRO,103.08067709300254,894
2019-12-15T08:00:00Z,OTHER,BIOMASS,105.65849578221639,154
2019-12-15T08:00:00Z,OTHER,GAS COGEN,33.41064450369941,58
2019-12-15T08:00:00Z,OTHER,OIL/GAS,44.99837695227729,53
2019-12-15T08:00:00Z,OTHER,WOOD/REFUSE,86.99972397963205,158
2019-12-15T08:00:00Z,SOLAR,SOLAR,0,15
2019-12-15T08:00:00Z,WIND,WIND,688.2055361412631,1781
2019-12-15T09:00:00Z,COAL,COAL,2673.172427743276,5183
2019-12-15T09:00:00Z,DUAL FUEL,DUAL FUEL,193.541923060947,540
2019-12-15T09:00:00Z,GAS,COGENERATION,4120.824712056584,5043
2019-12-15T09:00:00Z,GAS,COMBINED CYCLE,1384.609373805258,1748
2019-12-15T09:00:00Z,GAS,SIMPLE CYCLE,208.5653722215361,905
2019-12-15T09:00:00Z,HYDRO,HYDRO,110.21473425964516,894
2019-12-15T09:00:00Z,OTHER,BIOMASS,102.44328407022688,154
2019-12-15T09:00:00Z,OTHER,GAS COGEN,33.52228487332662,58
2019-12-15T09:00:00Z,OTHER,OIL/GAS,45.52514933056302,53
2019-12-15T09:00:00Z,OTHER,WOOD/REFUSE,87.88010765181647,158
2019-12-15T09:00:00Z,SOLAR,SOLAR,0,15
2019-12-15T09:00:00Z,WIND,WIND,569.801737407479,1781
2019-12-15T10:00:00Z,COAL,COAL,2704.784973572625,5183
2019-12-15T10:00:00Z,DUAL FUEL,DUAL FUEL,195.01656730863783,540
2019-12-15T10:00:00Z,GAS,COGENERATION,4144.011902970606,5043
2019-12-15T10:00:00Z,GAS,COMBINED CYCLE,1390.6937376011742,1748
2019-12-15T10:00:00Z,GAS,SIMPLE CYCLE,229.30631261467934,905
2019-12-15T10:00:00Z,HYDRO,HYDRO,123.2901519285308,894
2019-12-15T10:00:00Z,OTHER,BIOMASS,103.46333446449704,154
2019-12-15T10:00:00Z,OTHER,GAS COGEN,33.46331283569336,58
2019-12-15T10:00:00Z,OTHER,OIL/GAS,45.752443364461264,53
2019-12-15T10:00:00Z,OTHER,WOOD/REFUSE,87.84813249376086,158
2019-12-15T10:00:00Z,SOLAR,SOLAR,0,15
2019-12-15T10:00:00Z,WIND,WIND,503.6563224905067,1781
2019-12-15T11:00:00Z,COAL,COAL,2846.1015967114768,5183
2019-12-15T11:00:00Z,DUAL FUEL,DUAL FUEL,194.18174184799193,540
2019-12-15T11:00:00Z,GAS,COGENERATION,4189.305793414116,5043
2019-12-15T11:00:00Z,GAS,COMBINED CYCLE,1366.2004171260198,1748
2019-12-15T11:00:00Z,GAS,SIMPLE CYCLE,230.3885235754649,905
2019-12-15T11:00:00Z,HYDRO,HYDRO,92.69599363777373,894
2019-12-15T11:00:00Z,OTHER,BIOMASS,104.64913926018609,154
2019-12-15T11:00:00Z,OTHER,GAS COGEN,33.45906059794956,58
2019-12-15T11:00:00Z,OTHER,OIL/GAS,44.79021621280246,53
2019-12-15T11:00:00Z,OTHER,WOOD/REFUSE,87.48011973698934,158
2019-12-15T11:00:00Z,SOLAR,SOLAR,0,15
2019-12-15T11:00:00Z,WIND,WIND,378.9591910239061,1781
2019-12-15T12:00:00Z,COAL,COAL,2914.340156180064,5183
2019-12-15T12:00:00Z,DUAL FUEL,DUAL FUEL,194.5826976860894,540
2019-12-15T12:00:00Z,GAS,COGENERATION,4193.107106502586,5043
2019-12-15T12:00:00Z,GAS,COMBINED CYCLE,1407.5126057916218,1748
2019-12-15T12:00:00Z,GAS,SIMPLE CYCLE,230.61621805032095,905
2019-12-15T12:00:00Z,HYDRO,HYDRO,165.33698817554446,894
2019-12-15T12:00:00Z,OTHER,BIOMASS,105.90532865100437,154
2019-12-15T12:00:00Z,OTHER,GAS COGEN,33.447460171381636,58
2019-12-15T12:00:00Z,OTHER,OIL/GAS,43.84806018617418,53
2019-12-15T12:00:00Z,OTHER,WOOD/REFUSE,87.42159793270959,158
2019-12-15T12:00:00Z,SOLAR,SOLAR,0,15
2019-12-15T12:00:00Z,WIND,WIND,250.26112962404886,1781
2019-12-15T13:00:00Z,COAL,COAL,3088.7034004275006,5183
2019-12-15T13:00:00Z,DUAL FUEL,DUAL FUEL,195.3118674574958,540
2019-12-15T13:00:00Z,GAS,COGENERATION,4190.186287728945,5043
2019-12-15T13:00:00Z,GAS,COMBINED CYCLE,1375.7550164190927,1748
2019-12-15T13:00:00Z,GAS,SIMPLE CYCLE,226.82970441159273,905
2019-12-15T13:00:00Z,HYDRO,HYDRO,97.01886121672061,894
2019-12-15T13:00:00Z,OTHER,BIOMASS,104.85293461905586,154
2019-12-15T13:00:00Z,OTHER,GAS COGEN,33.440895273420544,58
2019-12-15T13:00:00Z,OTHER,OIL/GAS,43.48595382478502,53
2019-12-15T13:00:00Z,OTHER,WOOD/REFUSE,87.0486608086692,158
2019-12-15T13:00:00Z,SOLAR,SOLAR,0,15
2019-12-15T13:00:00Z,WIND,WIND,197.0549577169948,1781
2019-12-15T14:00:00Z,COAL,COAL,2871.040880141788,5183
2019-12-15T14:00:00Z,DUAL FUEL,DUAL FUEL,277.4505984814961,540
2019-12-15T14:00:00Z,GAS,COGENERATION,4153.504765437974,5043
2019-12-15T14:00:00Z,GAS,COMBINED CYCLE,1545.2960846413505,1748
2019-12-15T14:00:00Z,GAS,SIMPLE CYCLE,233.87546183748378,905
2019-12-15T14:00:00Z,HYDRO,HYDRO,153.41576652093067,894
2019-12-15T14:00:00Z,OTHER,BIOMASS,106.18837960137262,154
2019-12-15T14:00:00Z,OTHER,GAS COGEN,33.50042673640781,58
2019-12-15T14:00:00Z,OTHER,OIL/GAS,43.4190089056227,53
2019-12-15T14:00:00Z,OTHER,WOOD/REFUSE,87.0623607773251,158
2019-12-15T14:00:00Z,SOLAR,SOLAR,0,15
2019-12-15T14:00:00Z,WIND,WIND,166.5282055026624,1781
2019-12-15T15:00:00Z,COAL,COAL,2941.602381960551,5183
2019-12-15T15:00:00Z,DUAL FUEL,DUAL FUEL,316.0971158451504,540
2019-12-15T15:00:00Z,GAS,COGENERATION,4186.562601437834,5043
2019-12-15T15:00:00Z,GAS,COMBINED CYCLE,1593.7561122841305,1748
2019-12-15T15:00:00Z,GAS,SIMPLE CYCLE,292.31657850437693,905
2019-12-15T15:00:00Z,HYDRO,HYDRO,192.31907470438216,894
2019-12-15T15:00:00Z,OTHER,BIOMASS,106.39495695432028,154
2019-12-15T15:00:00Z,OTHER,GAS COGEN,33.4006853750017,58
2019-12-15T15:00:00Z,OTHER,OIL/GAS,43.1892816374037,53
2019-12-15T15:00:00Z,OTHER,WOOD/REFUSE,86.74587350209553,158
2019-12-15T15:00:00Z,SOLAR,SOLAR,0,15
2019-12-15T15:00:00Z,WIND,WIND,108.59047955983215,1781
2019-12-15T16:00:00Z,COAL,COAL,3201.949697282579,5183
2019-12-15T16:00:00Z,DUAL FUEL,DUAL FUEL,342.0610931608412,540
2019-12-15T16:00:00Z,GAS,COGENERATION,4196.66269366069,5043
2019-12-15T16:00:00Z,GAS,COMBINED CYCLE,1587.358825618426,1748
2019-12-15T16:00:00Z,GAS,SIMPLE CYCLE,320.4611592151059,905
2019-12-15T16:00:00Z,HYDRO,HYDRO,183.1772670957446,894
2019-12-15T16:00:00Z,OTHER,BIOMASS,105.7048401233885,154
2019-12-15T16:00:00Z,OTHER,GAS COGEN,33.408331825468274,58
2019-12-15T16:00:00Z,OTHER,OIL/GAS,43.00908208847046,53
2019-12-15T16:00:00Z,OTHER,WOOD/REFUSE,87.16344654348161,158
2019-12-15T16:00:00Z,SOLAR,SOLAR,0,15
2019-12-15T16:00:00Z,WIND,WIND,89.42584247552686,1781
2019-12-15T17:00:00Z,COAL,COAL,3253.085669354333,5183
2019-12-15T17:00:00Z,DUAL FUEL,DUAL FUEL,390.2621688418918,540
2019-12-15T17:00:00Z,GAS,COGENERATION,4179.955240301291,5043
2019-12-15T17:00:00Z,GAS,COMBINED CYCLE,1573.108799665239,1748
2019-12-15T17:00:00Z,GAS,SIMPLE CYCLE,327.4696904584434,905
2019-12-15T17:00:00Z,HYDRO,HYDRO,146.61170168578624,894
2019-12-15T17:00:00Z,OTHER,BIOMASS,105.71336234463585,154
2019-12-15T17:00:00Z,OTHER,GAS COGEN,33.381692507002086,58
2019-12-15T17:00:00Z,OTHER,OIL/GAS,42.93378758748372,53
2019-12-15T17:00:00Z,OTHER,WOOD/REFUSE,86.77296113120184,158
2019-12-15T17:00:00Z,SOLAR,SOLAR,0,15
2019-12-15T17:00:00Z,WIND,WIND,106.13392840623855,1781
2019-12-15T18:00:00Z,COAL,COAL,3260.291882807414,5183
2019-12-15T18:00:00Z,DUAL FUEL,DUAL FUEL,388.6380813259549,540
2019-12-15T18:00:00Z,GAS,COGENERATION,4172.293334174156,5043
2019-12-15T18:00:00Z,GAS,COMBINED CYCLE,1585.4764838409424,1748
2019-12-15T18:00:00Z,GAS,SIMPLE CYCLE,336.6716330964035,905
2019-12-15T18:00:00Z,HYDRO,HYDRO,191.4319606602192,894
2019-12-15T18:00:00Z,OTHER,BIOMASS,105.521007171207,154
2019-12-15T18:00:00Z,OTHER,GAS COGEN,33.41112948099772,58
2019-12-15T18:00:00Z,OTHER,OIL/GAS,42.86662140740289,53
2019-12-15T18:00:00Z,OTHER,WOOD/REFUSE,87.64548764334785,158
2019-12-15T18:00:00Z,SOLAR,SOLAR,0,15
2019-12-15T18:00:00Z,WIND,WIND,84.9027964636104,1781
2019-12-15T19:00:00Z,COAL,COAL,3372.747457025316,5183
2019-12-15T19:00:00Z,DUAL FUEL,DUAL FUEL,388.27051631927486,540
2019-12-15T19:00:00Z,GAS,COGENERATION,4149.306646946801,5043
2019-12-15T19:00:00Z,GAS,COMBINED CYCLE,1478.192731746038,1748
2019-12-15T19:00:00Z,GAS,SIMPLE CYCLE,379.8348939772447,905
2019-12-15T19:00:00Z,HYDRO,HYDRO,190.1651552651326,894
2019-12-15T19:00:00Z,OTHER,BIOMASS,109.3626238515642,154
2019-12-15T19:00:00Z,OTHER,GAS COGEN,33.41277073542277,58
2019-12-15T19:00:00Z,OTHER,OIL/GAS,43.40294307920668,53
2019-12-15T19:00:00Z,OTHER,WOOD/REFUSE,90.19073324097526,158
2019-12-15T19:00:00Z,SOLAR,SOLAR,0.03049999942382176,15
2019-12-15T19:00:00Z,WIND,WIND,70.0440462201544,1781
2019-12-15T20:00:00Z,COAL,COAL,3232.012381389141,5183
2019-12-15T20:00:00Z,DUAL FUEL,DUAL FUEL,444.800186314053,540
2019-12-15T20:00:00Z,GAS,COGENERATION,4124.367121420702,5043
2019-12-15T20:00:00Z,GAS,COMBINED CYCLE,1549.2274823225869,1748
2019-12-15T20:00:00Z,GAS,SIMPLE CYCLE,330.4197540082534,905
2019-12-15T20:00:00Z,HYDRO,HYDRO,148.41624733012583,894
2019-12-15T20:00:00Z,OTHER,BIOMASS,108.05136249966091,154
2019-12-15T20:00:00Z,OTHER,GAS COGEN,33.034991707272,58
2019-12-15T20:00:00Z,OTHER,OIL/GAS,43.071860027313235,53
2019-12-15T20:00:00Z,OTHER,WOOD/REFUSE,87.35391020033096,158
2019-12-15T20:00:00Z,SOLAR,SOLAR,0.01749999895691871,15
2019-12-15T20:00:00Z,WIND,WIND,106.58391575208968,1781
2019-12-15T21:00:00Z,COAL,COAL,3031.308608306845,5183
2019-12-15T21:00:00Z,DUAL FUEL,DUAL FUEL,454.2669971974691,540
2019-12-15T21:00:00Z,GAS,COGENERATION,4117.278292422626,5043
2019-12-15T21:00:00Z,GAS,COMBINED CYCLE,1572.090708973143,1748
2019-12-15T21:00:00Z,GAS,SIMPLE CYCLE,292.1366748724381,905
2019-12-15T21:00:00Z,HYDRO,HYDRO,174.27937451710304,894
2019-12-15T21:00:00Z,OTHER,BIOMASS,109.46495713551839,154
2019-12-15T21:00:00Z,OTHER,GAS COGEN,33.43638187514411,58
2019-12-15T21:00:00Z,OTHER,OIL/GAS,43.40869424608019,53
2019-12-15T21:00:00Z,OTHER,WOOD/REFUSE,87.81817669444614,158
2019-12-15T21:00:00Z,SOLAR,SOLAR,0.12149999275803566,15
2019-12-15T21:00:00Z,WIND,WIND,268.6660930079222,1781
2019-12-15T22:00:00Z,COAL,COAL,2853.788818533156,5183
2019-12-15T22:00:00Z,DUAL FUEL,DUAL FUEL,451.3138613467746,540
2019-12-15T22:00:00Z,GAS,COGENERATION,4104.588574649278,5043
2019-12-15T22:00:00Z,GAS,COMBINED CYCLE,1573.8363410917918,1748
2019-12-15T22:00:00Z,GAS,SIMPLE CYCLE,293.92497848381595,905
2019-12-15T22:00:00Z,HYDRO,HYDRO,173.05781188806725,894
2019-12-15T22:00:00Z,OTHER,BIOMASS,109.94441221290165,154
2019-12-15T22:00:00Z,OTHER,GAS COGEN,33.489609522289705,58
2019-12-15T22:00:00Z,OTHER,OIL/GAS,43.36019871181912,53
2019-12-15T22:00:00Z,OTHER,WOOD/REFUSE,88.12439060846964,158
2019-12-15T22:00:00Z,SOLAR,SOLAR,0.0633333295583725,15
2019-12-15T22:00:00Z,WIND,WIND,543.3606475041145,1781
2019-12-15T23:00:00Z,COAL,COAL,2896.1322581852805,5183
2019-12-15T23:00:00Z,DUAL FUEL,DUAL FUEL,431.0886036936442,540
2019-12-15T23:00:00Z,GAS,COGENERATION,4096.345173212041,5043
2019-12-15T23:00:00Z,GAS,COMBINED CYCLE,1592.3305593776704,1748
2019-12-15T23:00:00Z,GAS,SIMPLE CYCLE,292.891482585801,905
2019-12-15T23:00:00Z,HYDRO,HYDRO,264.36007945663397,894
2019-12-15T23:00:00Z,OTHER,BIOMASS,108.75896238856845,154
2019-12-15T23:00:00Z,OTHER,GAS COGEN,33.41329285091824,58
2019-12-15T23:00:00Z,OTHER,OIL/GAS,43.08285487492879,53
2019-12-15T23:00:00Z,OTHER,WOOD/REFUSE,88.16752568562825,158
2019-12-15T23:00:00Z,SOLAR,SOLAR,0,15
2019-12-15T23:00:00Z,WIND,WIND,702.2614460527235,1781
2019-12-16T00:00:00Z,COAL,COAL,3088.9701443248323,5183
2019-12-16T00:00:00Z,DUAL FUEL,DUAL FUEL,445.0400279490153,540
2019-12-16T00:00:00Z,GAS,COGENERATION,4090.906675635063,5043
2019-12-16T00:00:00Z,GAS,COMBINED CYCLE,1591.2575970485475,1748
2019-12-16T00:00:00Z,GAS,SIMPLE CYCLE,362.7588842119773,905
2019-12-16T00:00:00Z,HYDRO,HYDRO,269.4065505512721,894
2019-12-16T00:00:00Z,OTHER,BIOMASS,106.8750733089447,154
2019-12-16T00:00:00Z,OTHER,GAS COGEN,33.143871753480695,58
2019-12-16T00:00:00Z,OTHER,OIL/GAS,42.26004330741035,53
2019-12-16T00:00:00Z,OTHER,WOOD/REFUSE,88.11240634123484,158
2019-12-16T00:00:00Z,SOLAR,SOLAR,0,15
2019-12-16T00:00:00Z,WIND,WIND,714.9992271788915,1781
2019-12-16T01:00:00Z,COAL,COAL,3170.7406955591837,5183
2019-12-16T01:00:00Z,DUAL FUEL,DUAL FUEL,414.4897193400065,540
2019-12-16T01:00:00Z,GAS,COGENERATION,4091.432324855328,5043
2019-12-16T01:00:00Z,GAS,COMBINED CYCLE,1532.396339284579,1748
2019-12-16T01:00:00Z,GAS,SIMPLE CYCLE,366.3977345391777,905
2019-12-16T01:00:00Z,HYDRO,HYDRO,216.1586427341567,894
2019-12-16T01:00:00Z,OTHER,BIOMASS,107.36996788925595,154
2019-12-16T01:00:00Z,OTHER,GAS COGEN,33.4205583413442,58
2019-12-16T01:00:00Z,OTHER,OIL/GAS,42.468154226938886,53
2019-12-16T01:00:00Z,OTHER,WOOD/REFUSE,89.47782643371157,158
2019-12-16T01:00:00Z,SOLAR,SOLAR,0,15
2019-12-16T01:00:00Z,WIND,WIND,756.2425000743071,1781
2019-12-16T02:00:00Z,COAL,COAL,3033.0472915267947,5183
2019-12-16T02:00:00Z,DUAL FUEL,DUAL FUEL,411.0755314593845,540
2019-12-16T02:00:00Z,GAS,COGENERATION,4088.4933161842823,5043
2019-12-16T02:00:00Z,GAS,COMBINED CYCLE,1584.901187742551,1748
2019-12-16T02:00:00Z,GAS,SIMPLE CYCLE,353.5890682813856,905
2019-12-16T02:00:00Z,HYDRO,HYDRO,236.30448280859326,894
2019-12-16T02:00:00Z,OTHER,BIOMASS,108.63781817383236,154
2019-12-16T02:00:00Z,OTHER,GAS COGEN,33.48113931443956,58
2019-12-16T02:00:00Z,OTHER,OIL/GAS,42.08931561364068,53
2019-12-16T02:00:00Z,OTHER,WOOD/REFUSE,87.77432867632972,158
2019-12-16T02:00:00Z,SOLAR,SOLAR,0,15
2019-12-16T02:00:00Z,WIND,WIND,807.702012799912,1781
2019-12-16T03:00:00Z,COAL,COAL,2993.9114429050023,5183
2019-12-16T03:00:00Z,DUAL FUEL,DUAL FUEL,411.0344055599636,540
2019-12-16T03:00:00Z,GAS,COGENERATION,4091.170483055678,5043
2019-12-16T03:00:00Z,GAS,COMBINED CYCLE,1550.5249838164118,1748
2019-12-16T03:00:00Z,GAS,SIMPLE CYCLE,298.7792569746243,905
2019-12-16T03:00:00Z,HYDRO,HYDRO,265.56357006960445,894
2019-12-16T03:00:00Z,OTHER,BIOMASS,106.31494591024187,154
2019-12-16T03:00:00Z,OTHER,GAS COGEN,33.472373698552445,58
2019-12-16T03:00:00Z,OTHER,OIL/GAS,44.2278208732605,53
2019-12-16T03:00:00Z,OTHER,WOOD/REFUSE,88.41428006913927,158
2019-12-16T03:00:00Z,SOLAR,SOLAR,0,15
2019-12-16T03:00:00Z,WIND,WIND,818.7764194106725,1781
2019-12-16T04:00:00Z,COAL,COAL,3060.3879413223267,5183
2019-12-16T04:00:00Z,DUAL FUEL,DUAL FUEL,408.06142761654326,540
2019-12-16T04:00:00Z,GAS,COGENERATION,4081.485047003428,5043
2019-12-16T04:00:00Z,GAS,COMBINED CYCLE,1491.8468956343334,1748
2019-12-16T04:00:00Z,GAS,SIMPLE CYCLE,294.3300908508234,905
2019-12-16T04:00:00Z,HYDRO,HYDRO,118.82416022817294,894
2019-12-16T04:00:00Z,OTHER,BIOMASS,107.32826247851054,154
2019-12-16T04:00:00Z,OTHER,GAS COGEN,33.49329929987589,58
2019-12-16T04:00:00Z,OTHER,OIL/GAS,42.415459921095106,53
2019-12-16T04:00:00Z,OTHER,WOOD/REFUSE,87.90096547868517,158
2019-12-16T04:00:00Z,SOLAR,SOLAR,0,15
2019-12-16T04:00:00Z,WIND,WIND,818.6953708293703,1781
2019-12-16T05:00:00Z,COAL,COAL,2917.111863562266,5183
2019-12-16T05:00:00Z,DUAL FUEL,DUAL FUEL,367.1057769881354,540
2019-12-16T05:00:00Z,GAS,COGENERATION,4066.147506672988,5043
2019-12-16T05:00:00Z,GAS,COMBINED CYCLE,1485.3788949873713,1748
2019-12-16T05:00:00Z,GAS,SIMPLE CYCLE,200.3767076532046,905
2019-12-16T05:00:00Z,HYDRO,HYDRO,117.65679332885477,894
2019-12-16T05:00:00Z,OTHER,BIOMASS,106.47462325519984,154
2019-12-16T05:00:00Z,OTHER,GAS COGEN,33.386880971060855,58
2019-12-16T05:00:00Z,OTHER,OIL/GAS,42.11344858169556,53
2019-12-16T05:00:00Z,OTHER,WOOD/REFUSE,88.73668366061317,158
2019-12-16T05:00:00Z,SOLAR,SOLAR,0,15
2019-12-16T05:00:00Z,WIND,WIND,860.5626620676783,1781
2019-12-16T06:00:00Z,COAL,COAL,2718.4054481400385,5183
2019-12-16T06:00:00Z,DUAL FUEL,DUAL FUEL,211.28250854068332,540
2019-12-16T06:00:00Z,GAS,COGENERATION,4053.483336788482,5043
2019-12-16T06:00:00Z,GAS,COMBINED CYCLE,1392.554562689728,1748
2019-12-16T06:00:00Z,GAS,SIMPLE CYCLE,197.7358624417252,905
2019-12-16T06:00:00Z,HYDRO,HYDRO,99.2527783985436,894
2019-12-16T06:00:00Z,OTHER,BIOMASS,105.57833489047155,154
2019-12-16T06:00:00Z,OTHER,GAS COGEN,33.37494495073954,58
2019-12-16T06:00:00Z,OTHER,OIL/GAS,42.134126817915174,53
2019-12-16T06:00:00Z,OTHER,WOOD/REFUSE,88.64780406475067,158
2019-12-16T06:00:00Z,SOLAR,SOLAR,0,15
2019-12-16T06:00:00Z,WIND,WIND,938.5314895420604,1781
2019-12-16T07:00:00Z,COAL,COAL,2420.944920700921,5183
2019-12-16T07:00:00Z,DUAL FUEL,DUAL FUEL,193.85860577477348,540
2019-12-16T07:00:00Z,GAS,COGENERATION,4041.822498554157,5043
2019-12-16T07:00:00Z,GAS,COMBINED CYCLE,1357.9854916530185,1748
2019-12-16T07:00:00Z,GAS,SIMPLE CYCLE,196.04771201769512,905
2019-12-16T07:00:00Z,HYDRO,HYDRO,104.74458750934237,894
2019-12-16T07:00:00Z,OTHER,BIOMASS,116.27320644987954,154
2019-12-16T07:00:00Z,OTHER,GAS COGEN,42.66506843143039,58
2019-12-16T07:00:00Z,OTHER,OIL/GAS,41.506554487016466,53
2019-12-16T07:00:00Z,OTHER,WOOD/REFUSE,88.57330955664317,158
2019-12-16T07:00:00Z,SOLAR,SOLAR,0,15
2019-12-16T07:00:00Z,WIND,WIND,1026.732779031462,1781
2019-12-16T08:00:00Z,COAL,COAL,2273.8514229626126,5183
2019-12-16T08:00:00Z,DUAL FUEL,DUAL FUEL,193.21738719728256,540
2019-12-16T08:00:00Z,GAS,COGENERATION,4049.1154157135225,5043
2019-12-16T08:00:00Z,GAS,COMBINED CYCLE,1367.211928132375,1748
2019-12-16T08:00:00Z,GAS,SIMPLE CYCLE,198.14317440138922,905
2019-12-16T08:00:00Z,HYDRO,HYDRO,116.43938050738639,894
2019-12-16T08:00:00Z,OTHER,BIOMASS,117.00702367464702,154
2019-12-16T08:00:00Z,OTHER,GAS COGEN,45.21183100912306,58
2019-12-16T08:00:00Z,OTHER,OIL/GAS,41.25897137535943,53
2019-12-16T08:00:00Z,OTHER,WOOD/REFUSE,88.61299430370332,158
2019-12-16T08:00:00Z,SOLAR,SOLAR,0,15
2019-12-16T08:00:00Z,WIND,WIND,1066.710190275775,1781
2019-12-16T09:00:00Z,COAL,COAL,2270.918881308238,5183
2019-12-16T09:00:00Z,DUAL FUEL,DUAL FUEL,193.47283964580961,540
2019-12-16T09:00:00Z,GAS,COGENERATION,4042.9071653495894,5043
2019-12-16T09:00:00Z,GAS,COMBINED CYCLE,1349.6923958354525,1748
2019-12-16T09:00:00Z,GAS,SIMPLE CYCLE,197.8484838242001,905
2019-12-16T09:00:00Z,HYDRO,HYDRO,90.10948089967171,894
2019-12-16T09:00:00Z,OTHER,BIOMASS,116.35872895028857,154
2019-12-16T09:00:00Z,OTHER,GAS COGEN,45.21089827219645,58
2019-12-16T09:00:00Z,OTHER,OIL/GAS,41.15947016398112,53
2019-12-16T09:00:00Z,OTHER,WOOD/REFUSE,88.49872117678325,158
2019-12-16T09:00:00Z,SOLAR,SOLAR,0,15
2019-12-16T09:00:00Z,WIND,WIND,1090.2171205131212,1781
2019-12-16T10:00:00Z,COAL,COAL,2270.7590202967326,5183
2019-12-16T10:00:00Z,DUAL FUEL,DUAL FUEL,193.24927527109782,540
2019-12-16T10:00:00Z,GAS,COGENERATION,4046.4477115485406,5043
2019-12-16T10:00:00Z,GAS,COMBINED CYCLE,1369.7115017737283,1748
2019-12-16T10:00:00Z,GAS,SIMPLE CYCLE,198.42508897675407,905
2019-12-16T10:00:00Z,HYDRO,HYDRO,120.36371866696412,894
2019-12-16T10:00:00Z,OTHER,BIOMASS,115.68431843916575,154
2019-12-16T10:00:00Z,OTHER,GAS COGEN,45.2682290479872,58
2019-12-16T10:00:00Z,OTHER,OIL/GAS,41.327576639387345,53
2019-12-16T10:00:00Z,OTHER,WOOD/REFUSE,88.69115789996253,158
2019-12-16T10:00:00Z,SOLAR,SOLAR,0,15
2019-12-16T10:00:00Z,WIND,WIND,1102.8761803412438,1781
2019-12-16T11:00:00Z,COAL,COAL,2335.4593201658463,5183
2019-12-16T11:00:00Z,DUAL FUEL,DUAL FUEL,191.71634571923153,540
2019-12-16T11:00:00Z,GAS,COGENERATION,4056.991567196846,5043
2019-12-16T11:00:00Z,GAS,COMBINED CYCLE,1362.039281729857,1748
2019-12-16T11:00:00Z,GAS,SIMPLE CYCLE,198.49486318058436,905
2019-12-16T11:00:00Z,HYDRO,HYDRO,105.05845905552309,894
2019-12-16T11:00:00Z,OTHER,BIOMASS,116.91946850882636,154
2019-12-16T11:00:00Z,OTHER,GAS COGEN,45.13018006854587,58
2019-12-16T11:00:00Z,OTHER,OIL/GAS,42.79175924725003,53
2019-12-16T11:00:00Z,OTHER,WOOD/REFUSE,88.55256278885734,158
2019-12-16T11:00:00Z,SOLAR,SOLAR,0,15
2019-12-16T11:00:00Z,WIND,WIND,1143.3745141416125,1781
2019-12-16T12:00:00Z,COAL,COAL,2373.868933904436,5183
2019-12-16T12:00:00Z,DUAL FUEL,DUAL FUEL,193.0942873043484,540
2019-12-16T12:00:00Z,GAS,COGENERATION,4063.975725520717,5043
2019-12-16T12:00:00Z,GAS,COMBINED CYCLE,1358.025309539106,1748
2019-12-16T12:00:00Z,GAS,SIMPLE CYCLE,198.99380338350932,905
2019-12-16T12:00:00Z,HYDRO,HYDRO,108.38552500810889,894
2019-12-16T12:00:00Z,OTHER,BIOMASS,115.84782334539625,154
2019-12-16T12:00:00Z,OTHER,GAS COGEN,45.207466985914444,58
2019-12-16T12:00:00Z,OTHER,OIL/GAS,42.58286425696479,53
2019-12-16T12:00:00Z,OTHER,WOOD/REFUSE,89.05270415412055,158
2019-12-16T12:00:00Z,SOLAR,SOLAR,0,15
2019-12-16T12:00:00Z,WIND,WIND,1158.8262798245748,1781
2019-12-16T13:00:00Z,COAL,COAL,2657.234664817386,5183
2019-12-16T13:00:00Z,DUAL FUEL,DUAL FUEL,196.14032474941678,540
2019-12-16T13:00:00Z,GAS,COGENERATION,4078.274305445353,5043
2019-12-16T13:00:00Z,GAS,COMBINED CYCLE,1398.1821744267147,1748
2019-12-16T13:00:00Z,GAS,SIMPLE CYCLE,199.4609599463145,905
2019-12-16T13:00:00Z,HYDRO,HYDRO,150.00422648058998,894
2019-12-16T13:00:00Z,OTHER,BIOMASS,117.34502275731828,154
2019-12-16T13:00:00Z,OTHER,GAS COGEN,45.241745715671115,58
2019-12-16T13:00:00Z,OTHER,OIL/GAS,42.24731501897176,53
2019-12-16T13:00:00Z,OTHER,WOOD/REFUSE,87.88055861896939,158
2019-12-16T13:00:00Z,SOLAR,SOLAR,0,15
2019-12-16T13:00:00Z,WIND,WIND,1184.666405321227,1781
2019-12-16T14:00:00Z,COAL,COAL,2886.3551931126913,5183
2019-12-16T14:00:00Z,DUAL FUEL,DUAL FUEL,262.3875019094679,540
2019-12-16T14:00:00Z,GAS,COGENERATION,4089.5116497739155,5043
2019-12-16T14:00:00Z,GAS,COMBINED CYCLE,1451.1091489091184,1748
2019-12-16T14:00:00Z,GAS,SIMPLE CYCLE,199.46692750109568,905
2019-12-16T14:00:00Z,HYDRO,HYDRO,161.80736989974974,894
2019-12-16T14:00:00Z,OTHER,BIOMASS,117.85314550717672,154
2019-12-16T14:00:00Z,OTHER,GAS COGEN,45.298032224443226,58
2019-12-16T14:00:00Z,OTHER,OIL/GAS,42.44203796810574,53
2019-12-16T14:00:00Z,OTHER,WOOD/REFUSE,85.06251501984067,158
2019-12-16T14:00:00Z,SOLAR,SOLAR,0,15
2019-12-16T14:00:00Z,WIND,WIND,1258.9807869323095,1781
2019-12-16T15:00:00Z,COAL,COAL,2887.6070833121407,5183
2019-12-16T15:00:00Z,DUAL FUEL,DUAL FUEL,311.7849860805935,540
2019-12-16T15:00:00Z,GAS,COGENERATION,4128.477558595604,5043
2019-12-16T15:00:00Z,GAS,COMBINED CYCLE,1557.3853031184938,1748
2019-12-16T15:00:00Z,GAS,SIMPLE CYCLE,196.49166839705572,905
2019-12-16T15:00:00Z,HYDRO,HYDRO,148.6833749516805,894
2019-12-16T15:00:00Z,OTHER,BIOMASS,117.92314596600002,154
2019-12-16T15:00:00Z,OTHER,GAS COGEN,45.273973286946614,58
2019-12-16T15:00:00Z,OTHER,OIL/GAS,42.161759524875215,53
2019-12-16T15:00:00Z,OTHER,WOOD/REFUSE,86.57006264050801,158
2019-12-16T15:00:00Z,SOLAR,SOLAR,0,15
2019-12-16T15:00:00Z,WIND,WIND,1272.9388996150758,1781
2019-12-16T16:00:00Z,COAL,COAL,2886.130218488905,5183
2019-12-16T16:00:00Z,DUAL FUEL,DUAL FUEL,325.3295274247063,540
2019-12-16T16:00:00Z,GAS,COGENERATION,4136.540970807738,5043
2019-12-16T16:00:00Z,GAS,COMBINED CYCLE,1579.2000865978664,1748
2019-12-16T16:00:00Z,GAS,SIMPLE CYCLE,218.05431724667548,905
2019-12-16T16:00:00Z,HYDRO,HYDRO,100.72104461232821,894
2019-12-16T16:00:00Z,OTHER,BIOMASS,116.76506217797598,154
2019-12-16T16:00:00Z,OTHER,GAS COGEN,43.63762229733169,58
2019-12-16T16:00:00Z,OTHER,OIL/GAS,42.603242835998536,53
2019-12-16T16:00:00Z,OTHER,WOOD/REFUSE,86.36665354251862,158
2019-12-16T16:00:00Z,SOLAR,SOLAR,0.01983333215117454,15
2019-12-16T16:00:00Z,WIND,WIND,1260.9791976239947,1781
2019-12-16T17:00:00Z,COAL,COAL,2888.46951145596,5183
2019-12-16T17:00:00Z,DUAL FUEL,DUAL FUEL,379.7759548801846,540
2019-12-16T17:00:00Z,GAS,COGENERATION,4142.597733496295,5043
2019-12-16T17:00:00Z,GAS,COMBINED CYCLE,1583.6359517203437,1748
2019-12-16T17:00:00Z,GAS,SIMPLE CYCLE,223.6351228480869,905
2019-12-16T17:00:00Z,HYDRO,HYDRO,160.85482910580106,894
2019-12-16T17:00:00Z,OTHER,BIOMASS,116.69365683926476,154
2019-12-16T17:00:00Z,OTHER,GAS COGEN,35.38673033396403,58
2019-12-16T17:00:00Z,OTHER,OIL/GAS,42.40087597952949,53
2019-12-16T17:00:00Z,OTHER,WOOD/REFUSE,85.43858642578125,158
2019-12-16T17:00:00Z,SOLAR,SOLAR,0.29999998211860657,15
2019-12-16T17:00:00Z,WIND,WIND,1203.2559265057246,1781
2019-12-16T18:00:00Z,COAL,COAL,2854.887616251972,5183
2019-12-16T18:00:00Z,DUAL FUEL,DUAL FUEL,418.30905810462104,540
2019-12-16T18:00:00Z,GAS,COGENERATION,4134.166988270547,5043
2019-12-16T18:00:00Z,GAS,COMBINED CYCLE,1572.028407172097,1748
2019-12-16T18:00:00Z,GAS,SIMPLE CYCLE,223.98928525394865,905
2019-12-16T18:00:00Z,HYDRO,HYDRO,147.5725382733345,894
2019-12-16T18:00:00Z,OTHER,BIOMASS,117.2742948770523,154
2019-12-16T18:00:00Z,OTHER,GAS COGEN,35.409819503360325,58
2019-12-16T18:00:00Z,OTHER,OIL/GAS,42.617543919881186,53
2019-12-16T18:00:00Z,OTHER,WOOD/REFUSE,87.925367981063,158
2019-12-16T18:00:00Z,SOLAR,SOLAR,0.41483330860733986,15
2019-12-16T18:00:00Z,WIND,WIND,1236.8802169543007,1781
2019-12-16T19:00:00Z,COAL,COAL,2875.364845970869,5183
2019-12-16T19:00:00Z,DUAL FUEL,DUAL FUEL,417.50853211720784,540
2019-12-16T19:00:00Z,GAS,COGENERATION,3994.0790148825117,5043
2019-12-16T19:00:00Z,GAS,COMBINED CYCLE,1572.4585696379343,1748
2019-12-16T19:00:00Z,GAS,SIMPLE CYCLE,223.43746314631568,905
2019-12-16T19:00:00Z,HYDRO,HYDRO,154.26730307986338,894
2019-12-16T19:00:00Z,OTHER,BIOMASS,117.65128409756555,154
2019-12-16T19:00:00Z,OTHER,GAS COGEN,35.40843922085232,58
2019-12-16T19:00:00Z,OTHER,OIL/GAS,42.67974363327026,53
2019-12-16T19:00:00Z,OTHER,WOOD/REFUSE,86.67833999845716,158
2019-12-16T19:00:00Z,SOLAR,SOLAR,0.5999999642372131,15
2019-12-16T19:00:00Z,WIND,WIND,1235.8064444694255,1781
2019-12-16T20:00:00Z,COAL,COAL,2983.0791340348455,5183
2019-12-16T20:00:00Z,DUAL FUEL,DUAL FUEL,417.00992078145345,540
2019-12-16T20:00:00Z,GAS,COGENERATION,3912.2075121351086,5043
2019-12-16T20:00:00Z,GAS,COMBINED CYCLE,1480.0918047703638,1748
2019-12-16T20:00:00Z,GAS,SIMPLE CYCLE,213.41218392746316,905
2019-12-16T20:00:00Z,HYDRO,HYDRO,204.00977016694017,894
2019-12-16T20:00:00Z,OTHER,BIOMASS,116.94892406675551,154
2019-12-16T20:00:00Z,OTHER,GAS COGEN,35.24909207450019,58
2019-12-16T20:00:00Z,OTHER,OIL/GAS,43.37817711936103,53
2019-12-16T20:00:00Z,OTHER,WOOD/REFUSE,87.09089229424794,158
2019-12-16T20:00:00Z,SOLAR,SOLAR,0.5999999642372131,15
2019-12-16T20:00:00Z,WIND,WIND,1212.544835692313,1781
2019-12-16T21:00:00Z,COAL,COAL,3091.6052835113474,5183
2019-12-16T21:00:00Z,DUAL FUEL,DUAL FUEL,418.1775016699897,540
2019-12-16T21:00:00Z,GAS,COGENERATION,3914.9985885883702,5043
2019-12-16T21:00:00Z,GAS,COMBINED CYCLE,1458.707629588975,1748
2019-12-16T21:00:00Z,GAS,SIMPLE CYCLE,217.68260136014885,905
2019-12-16T21:00:00Z,HYDRO,HYDRO,177.67150723611317,894
2019-12-16T21:00:00Z,OTHER,BIOMASS,117.86562896675534,154
2019-12-16T21:00:00Z,OTHER,GAS COGEN,35.25733527289496,58
2019-12-16T21:00:00Z,OTHER,OIL/GAS,43.09443164825439,53
2019-12-16T21:00:00Z,OTHER,WOOD/REFUSE,85.9201779519187,158
2019-12-16T21:00:00Z,SOLAR,SOLAR,0.5113333028554916,15
2019-12-16T21:00:00Z,WIND,WIND,1206.6265089184378,1781
2019-12-16T22:00:00Z,COAL,COAL,3036.6654883422457,5183
2019-12-16T22:00:00Z,DUAL FUEL,DUAL FUEL,420.59947092692056,540
2019-12-16T22:00:00Z,GAS,COGENERATION,3932.770485540231,5043
2019-12-16T22:00:00Z,GAS,COMBINED CYCLE,1554.1283810435402,1748
2019-12-16T22:00:00Z,GAS,SIMPLE CYCLE,275.2686819797423,905
2019-12-16T22:00:00Z,HYDRO,HYDRO,194.6972715104123,894
2019-12-16T22:00:00Z,OTHER,BIOMASS,119.30733398808373,154
2019-12-16T22:00:00Z,OTHER,GAS COGEN,35.378524203830295,58
2019-12-16T22:00:00Z,OTHER,OIL/GAS,43.29267686843872,53
2019-12-16T22:00:00Z,OTHER,WOOD/REFUSE,87.05602420171101,158
2019-12-16T22:00:00Z,SOLAR,SOLAR,0.05283333018422127,15
2019-12-16T22:00:00Z,WIND,WIND,1175.0264964216947,1781
2019-12-16T23:00:00Z,COAL,COAL,3146.2311410459547,5183
2019-12-16T23:00:00Z,DUAL FUEL,DUAL FUEL,457.91330703735355,540
2019-12-16T23:00:00Z,GAS,COGENERATION,3950.4159933723345,5043
2019-12-16T23:00:00Z,GAS,COMBINED CYCLE,1572.6713889964421,1748
2019-12-16T23:00:00Z,GAS,SIMPLE CYCLE,407.98895820935564,905
2019-12-16T23:00:00Z,HYDRO,HYDRO,204.51858794828257,894
2019-12-16T23:00:00Z,OTHER,BIOMASS,118.01673367818196,154
2019-12-16T23:00:00Z,OTHER,GAS COGEN,35.26442220687866,58
2019-12-16T23:00:00Z,OTHER,OIL/GAS,43.53072631835938,53
2019-12-16T23:00:00Z,OTHER,WOOD/REFUSE,87.41185030725268,158
2019-12-16T23:00:00Z,SOLAR,SOLAR,0,15
2019-12-16T23:00:00Z,WIND,WIND,1095.1349273019698,1781
2019-12-17T00:00:00Z,COAL,COAL,3232.052873915434,5183
2019-12-17T00:00:00Z,DUAL FUEL,DUAL FUEL,464.5230140177409,540
2019-12-17T00:00:00Z,GAS,COGENERATION,3950.663185524411,5043
2019-12-17T00:00:00Z,GAS,COMBINED CYCLE,1558.5539816300075,1748
2019-12-17T00:00:00Z,GAS,SIMPLE CYCLE,416.72301324923836,905
2019-12-17T00:00:00Z,HYDRO,HYDRO,174.95129215154384,894
2019-12-17T00:00:00Z,OTHER,BIOMASS,123.74190117677053,154
2019-12-17T00:00:00Z,OTHER,GAS COGEN,35.179489311642115,58
2019-12-17T00:00:00Z,OTHER,OIL/GAS,43.43414278454251,53
2019-12-17T00:00:00Z,OTHER,WOOD/REFUSE,88.81552419344584,158
2019-12-17T00:00:00Z,SOLAR,SOLAR,0,15
2019-12-17T00:00:00Z,WIND,WIND,1096.6669273140199,1781
2019-12-17T01:00:00Z,COAL,COAL,3246.816846560372,5183
2019-12-17T01:00:00Z,DUAL FUEL,DUAL FUEL,462.83377242194285,540
2019-12-17T01:00:00Z,GAS,COGENERATION,3961.7416078227097,5043
2019-12-17T01:00:00Z,GAS,COMBINED CYCLE,1569.513198245896,1748
2019-12-17T01:00:00Z,GAS,SIMPLE CYCLE,412.5160876678096,905
2019-12-17T01:00:00Z,HYDRO,HYDRO,235.2563262366752,894
2019-12-17T01:00:00Z,OTHER,BIOMASS,126.61722387843662,154
2019-12-17T01:00:00Z,OTHER,GAS COGEN,35.25685017055935,58
2019-12-17T01:00:00Z,OTHER,OIL/GAS,43.433198833465575,53
2019-12-17T01:00:00Z,OTHER,WOOD/REFUSE,88.23101531823477,158
2019-12-17T01:00:00Z,SOLAR,SOLAR,0,15
2019-12-17T01:00:00Z,WIND,WIND,1079.7001093690262,1781
2019-12-17T02:00:00Z,COAL,COAL,3167.4043735281625,5183
2019-12-17T02:00:00Z,DUAL FUEL,DUAL FUEL,461.69780251397026,540
2019-12-17T02:00:00Z,GAS,COGENERATION,3956.6427807785403,5043
2019-12-17T02:00:00Z,GAS,COMBINED CYCLE,1503.210962699387,1748
2019-12-17T02:00:00Z,GAS,SIMPLE CYCLE,386.8186187779241,905
2019-12-17T02:00:00Z,HYDRO,HYDRO,189.65009653564957,894
2019-12-17T02:00:00Z,OTHER,BIOMASS,125.96441220972272,154
2019-12-17T02:00:00Z,OTHER,GAS COGEN,35.284788326687284,58
2019-12-17T02:00:00Z,OTHER,OIL/GAS,43.717554058498806,53
2019-12-17T02:00:00Z,OTHER,WOOD/REFUSE,88.22710277610355,158
2019-12-17T02:00:00Z,SOLAR,SOLAR,0,15
2019-12-17T02:00:00Z,WIND,WIND,1195.9698317739699,1781
2019-12-17T03:00:00Z,COAL,COAL,3011.170644404888,5183
2019-12-17T03:00:00Z,DUAL FUEL,DUAL FUEL,436.47212723202176,540
2019-12-17T03:00:00Z,GAS,COGENERATION,3952.7280283531213,5043
2019-12-17T03:00:00Z,GAS,COMBINED CYCLE,1499.4930779017343,1748
2019-12-17T03:00:00Z,GAS,SIMPLE CYCLE,383.6798420588672,905
2019-12-17T03:00:00Z,HYDRO,HYDRO,189.13136013928386,894
2019-12-17T03:00:00Z,OTHER,BIOMASS,117.55875662326812,154
2019-12-17T03:00:00Z,OTHER,GAS COGEN,35.59818659040663,58
2019-12-17T03:00:00Z,OTHER,OIL/GAS,43.72962774488661,53
2019-12-17T03:00:00Z,OTHER,WOOD/REFUSE,87.42192980713315,158
2019-12-17T03:00:00Z,SOLAR,SOLAR,0,15
2019-12-17T03:00:00Z,WIND,WIND,1221.9741368993784,1781
2019-12-17T04:00:00Z,COAL,COAL,2927.6788764409225,5183
2019-12-17T04:00:00Z,DUAL FUEL,DUAL FUEL,419.53682540469697,540
2019-12-17T04:00:00Z,GAS,COGENERATION,3940.809308334258,5043
2019-12-17T04:00:00Z,GAS,COMBINED CYCLE,1390.7020298194886,1748
2019-12-17T04:00:00Z,GAS,SIMPLE CYCLE,215.13720185293093,905
2019-12-17T04:00:00Z,HYDRO,HYDRO,206.55689685589735,894
2019-12-17T04:00:00Z,OTHER,BIOMASS,117.17174011230469,154
2019-12-17T04:00:00Z,OTHER,GAS COGEN,35.89759721755981,58
2019-12-17T04:00:00Z,OTHER,OIL/GAS,43.978554293314616,53
2019-12-17T04:00:00Z,OTHER,WOOD/REFUSE,87.85556254492866,158
2019-12-17T04:00:00Z,SOLAR,SOLAR,0,15
2019-12-17T04:00:00Z,WIND,WIND,1284.9222039964463,1781
2019-12-17T05:00:00Z,COAL,COAL,2670.7603163231743,5183
2019-12-17T05:00:00Z,DUAL FUEL,DUAL FUEL,388.3358932961358,540
2019-12-17T05:00:00Z,GAS,COGENERATION,3928.1382573366827,5043
2019-12-17T05:00:00Z,GAS,COMBINED CYCLE,1350.842800225152,1748
2019-12-17T05:00:00Z,GAS,SIMPLE CYCLE,197.45637331088383,905
2019-12-17T05:00:00Z,HYDRO,HYDRO,122.72977521191041,894
2019-12-17T05:00:00Z,OTHER,BIOMASS,116.48321228080326,154
2019-12-17T05:00:00Z,OTHER,GAS COGEN,35.80020606782701,58
2019-12-17T05:00:00Z,OTHER,OIL/GAS,43.82875385496352,53
2019-12-17T05:00:00Z,OTHER,WOOD/REFUSE,88.20448825094434,158
2019-12-17T05:00:00Z,SOLAR,SOLAR,0,15
2019-12-17T05:00:00Z,WIND,WIND,1368.9427011125451,1781
2019-12-17T06:00:00Z,COAL,COAL,2386.4369387755128,5183
2019-12-17T06:00:00Z,DUAL FUEL,DUAL FUEL,244.55985281202527,540
2019-12-17T06:00:00Z,GAS,COGENERATION,3918.441749435597,5043
2019-12-17T06:00:00Z,GAS,COMBINED CYCLE,1345.2166356155608,1748
2019-12-17T06:00:00Z,GAS,SIMPLE CYCLE,191.34397740026316,905
2019-12-17T06:00:00Z,HYDRO,HYDRO,174.7119118942817,894
2019-12-17T06:00:00Z,OTHER,BIOMASS,116.85092308150398,154
2019-12-17T06:00:00Z,OTHER,GAS COGEN,35.90427383422852,58
2019-12-17T06:00:00Z,OTHER,OIL/GAS,43.39411531660292,53
2019-12-17T06:00:00Z,OTHER,WOOD/REFUSE,88.36954862541623,158
2019-12-17T06:00:00Z,SOLAR,SOLAR,0,15
2019-12-17T06:00:00Z,WIND,WIND,1373.336182506846,1781
2019-12-17T07:00:00Z,COAL,COAL,2315.1644037275846,5183
2019-12-17T07:00:00Z,DUAL FUEL,DUAL FUEL,230.4883852344089,540
2019-12-17T07:00:00Z,GAS,COGENERATION,3910.126126062017,5043
2019-12-17T07:00:00Z,GAS,COMBINED CYCLE,1327.5463390053642,1748
2019-12-17T07:00:00Z,GAS,SIMPLE CYCLE,151.39375581593976,905
2019-12-17T07:00:00Z,HYDRO,HYDRO,141.21811083700922,894
2019-12-17T07:00:00Z,OTHER,BIOMASS,118.23642939779494,154
2019-12-17T07:00:00Z,OTHER,GAS COGEN,35.381433749728735,58
2019-12-17T07:00:00Z,OTHER,OIL/GAS,43.53963306215074,53
2019-12-17T07:00:00Z,OTHER,WOOD/REFUSE,88.31082732783423,158
2019-12-17T07:00:00Z,SOLAR,SOLAR,0,15
2019-12-17T07:00:00Z,WIND,WIND,1313.9717456629542,1781
2019-12-17T08:00:00Z,COAL,COAL,2264.5607173167336,5183
2019-12-17T08:00:00Z,DUAL FUEL,DUAL FUEL,226.89290033128526,540
2019-12-17T08:00:00Z,GAS,COGENERATION,3904.4332249885133,5043
2019-12-17T08:00:00Z,GAS,COMBINED CYCLE,1290.4025017473434,1748
2019-12-17T08:00:00Z,GAS,SIMPLE CYCLE,151.62422531498802,905
2019-12-17T08:00:00Z,HYDRO,HYDRO,69.83078182531727,894
2019-12-17T08:00:00Z,OTHER,BIOMASS,116.30123528586493,154
2019-12-17T08:00:00Z,OTHER,GAS COGEN,35.3468931918674,58
2019-12-17T08:00:00Z,OTHER,OIL/GAS,44.30232248518202,53
2019-12-17T08:00:00Z,OTHER,WOOD/REFUSE,87.53148309601679,158
2019-12-17T08:00:00Z,SOLAR,SOLAR,0,15
2019-12-17T08:00:00Z,WIND,WIND,1366.920496829086,1781
2019-12-17T09:00:00Z,COAL,COAL,2179.199824870427,5183
2019-12-17T09:00:00Z,DUAL FUEL,DUAL FUEL,199.406724864112,540
2019-12-17T09:00:00Z,GAS,COGENERATION,3911.458175236914,5043
2019-12-17T09:00:00Z,GAS,COMBINED CYCLE,1302.7060810428195,1748
2019-12-17T09:00:00Z,GAS,SIMPLE CYCLE,150.80973276668124,905
2019-12-17T09:00:00Z,HYDRO,HYDRO,90.08374041484461,894
2019-12-17T09:00:00Z,OTHER,BIOMASS,116.24817285113865,154
2019-12-17T09:00:00Z,OTHER,GAS COGEN,35.33055609809028,58
2019-12-17T09:00:00Z,OTHER,OIL/GAS,44.5741105249193,53
2019-12-17T09:00:00Z,OTHER,WOOD/REFUSE,88.11994983620114,158
2019-12-17T09:00:00Z,SOLAR,SOLAR,0,15
2019-12-17T09:00:00Z,WIND,WIND,1351.7518315148354,1781
2019-12-17T10:00:00Z,COAL,COAL,2174.7424669790266,5183
2019-12-17T10:00:00Z,DUAL FUEL,DUAL FUEL,197.72026712629528,540
2019-12-17T10:00:00Z,GAS,COGENERATION,3916.5671777304015,5043
2019-12-17T10:00:00Z,GAS,COMBINED CYCLE,1298.0195802794562,1748
2019-12-17T10:00:00Z,GAS,SIMPLE CYCLE,150.79843127462598,905
2019-12-17T10:00:00Z,HYDRO,HYDRO,105.22242497792675,894
2019-12-17T10:00:00Z,OTHER,BIOMASS,117.07025723881192,154
2019-12-17T10:00:00Z,OTHER,GAS COGEN,35.33122729407417,58
2019-12-17T10:00:00Z,OTHER,OIL/GAS,44.34387028588189,53
2019-12-17T10:00:00Z,OTHER,WOOD/REFUSE,88.43280378182729,158
2019-12-17T10:00:00Z,SOLAR,SOLAR,0,15
2019-12-17T10:00:00Z,WIND,WIND,1289.8140009270774,1781
2019-12-17T11:00:00Z,COAL,COAL,2244.0563473933275,5183
2019-12-17T11:00:00Z,DUAL FUEL,DUAL FUEL,217.62096145417954,540
2019-12-17T11:00:00Z,GAS,COGENERATION,3906.5551962539885,5043
2019-12-17T11:00:00Z,GAS,COMBINED CYCLE,1304.5357718706132,1748
2019-12-17T11:00:00Z,GAS,SIMPLE CYCLE,150.58632520198822,905
2019-12-17T11:00:00Z,HYDRO,HYDRO,125.59680154321921,894
2019-12-17T11:00:00Z,OTHER,BIOMASS,117.21723425176408,154
2019-12-17T11:00:00Z,OTHER,GAS COGEN,35.361552753448485,58
2019-12-17T11:00:00Z,OTHER,OIL/GAS,44.87349324756198,53
2019-12-17T11:00:00Z,OTHER,WOOD/REFUSE,87.3795756869846,158
2019-12-17T11:00:00Z,SOLAR,SOLAR,0,15
2019-12-17T11:00:00Z,WIND,WIND,1263.5266265762184,1781
2019-12-17T12:00:00Z,COAL,COAL,2421.0784898617535,5183
2019-12-17T12:00:00Z,DUAL FUEL,DUAL FUEL,235.16932185279,540
2019-12-17T12:00:00Z,GAS,COGENERATION,3886.2266371311084,5043
2019-12-17T12:00:00Z,GAS,COMBINED CYCLE,1281.4898681985007,1748
2019-12-17T12:00:00Z,GAS,SIMPLE CYCLE,150.76630461162992,905
2019-12-17T12:00:00Z,HYDRO,HYDRO,95.80178977275888,894
2019-12-17T12:00:00Z,OTHER,BIOMASS,118.83047900146909,154
2019-12-17T12:00:00Z,OTHER,GAS COGEN,35.375614660051134,58
2019-12-17T12:00:00Z,OTHER,OIL/GAS,44.60211491902669,53
2019-12-17T12:00:00Z,OTHER,WOOD/REFUSE,87.23888290246327,158
2019-12-17T12:00:00Z,SOLAR,SOLAR,0,15
2019-12-17T12:00:00Z,WIND,WIND,1216.5058959472842,1781
2019-12-17T13:00:00Z,COAL,COAL,2685.7951504068906,5183
2019-12-17T13:00:00Z,DUAL FUEL,DUAL FUEL,312.01409344355267,540
2019-12-17T13:00:00Z,GAS,COGENERATION,3880.8740884040462,5043
2019-12-17T13:00:00Z,GAS,COMBINED CYCLE,1290.8416744205686,1748
2019-12-17T13:00:00Z,GAS,SIMPLE CYCLE,150.86651071336533,905
2019-12-17T13:00:00Z,HYDRO,HYDRO,132.31187050428656,894
2019-12-17T13:00:00Z,OTHER,BIOMASS,119.85836802429623,154
2019-12-17T13:00:00Z,OTHER,GAS COGEN,35.375540542602536,58
2019-12-17T13:00:00Z,OTHER,OIL/GAS,44.12734838485718,53
2019-12-17T13:00:00Z,OTHER,WOOD/REFUSE,86.343623213768,158
2019-12-17T13:00:00Z,SOLAR,SOLAR,0,15
2019-12-17T13:00:00Z,WIND,WIND,1232.1005826230182,1781
2019-12-17T14:00:00Z,COAL,COAL,2974.63791241818,5183
2019-12-17T14:00:00Z,DUAL FUEL,DUAL FUEL,419.6669241057502,540
2019-12-17T14:00:00Z,GAS,COGENERATION,3875.116301964919,5043
2019-12-17T14:00:00Z,GAS,COMBINED CYCLE,1362.525815335777,1748
2019-12-17T14:00:00Z,GAS,SIMPLE CYCLE,260.10005991902614,905
2019-12-17T14:00:00Z,HYDRO,HYDRO,184.24866724848746,894
2019-12-17T14:00:00Z,OTHER,BIOMASS,118.6144732761383,154
2019-12-17T14:00:00Z,OTHER,GAS COGEN,35.350437083774146,58
2019-12-17T14:00:00Z,OTHER,OIL/GAS,44.459220513237845,53
2019-12-17T14:00:00Z,OTHER,WOOD/REFUSE,86.13898398399353,158
2019-12-17T14:00:00Z,SOLAR,SOLAR,0,15
2019-12-17T14:00:00Z,WIND,WIND,1254.5680645644666,1781
2019-12-17T15:00:00Z,COAL,COAL,3111.7089461278915,5183
2019-12-17T15:00:00Z,DUAL FUEL,DUAL FUEL,424.42766524420847,540
2019-12-17T15:00:00Z,GAS,COGENERATION,3865.423085785177,5043
2019-12-17T15:00:00Z,GAS,COMBINED CYCLE,1415.3752664952808,1748
2019-12-17T15:00:00Z,GAS,SIMPLE CYCLE,267.62604509274166,905
2019-12-17T15:00:00Z,HYDRO,HYDRO,160.6012466771901,894
2019-12-17T15:00:00Z,OTHER,BIOMASS,115.71488977750143,154
2019-12-17T15:00:00Z,OTHER,GAS COGEN,35.33242123709785,58
2019-12-17T15:00:00Z,OTHER,OIL/GAS,45.12872101465861,53
2019-12-17T15:00:00Z,OTHER,WOOD/REFUSE,84.43149938795301,158
2019-12-17T15:00:00Z,SOLAR,SOLAR,0,15
2019-12-17T15:00:00Z,WIND,WIND,1308.7213272971578,1781
2019-12-17T16:00:00Z,COAL,COAL,3258.3232602914177,5183
2019-12-17T16:00:00Z,DUAL FUEL,DUAL FUEL,425.4921690368652,540
2019-12-17T16:00:00Z,GAS,COGENERATION,3863.231295469867,5043
2019-12-17T16:00:00Z,GAS,COMBINED CYCLE,1513.7583091168933,1748
2019-12-17T16:00:00Z,GAS,SIMPLE CYCLE,284.6839740093549,905
2019-12-17T16:00:00Z,HYDRO,HYDRO,182.3365238363213,894
2019-12-17T16:00:00Z,OTHER,BIOMASS,114.20374028099907,154
2019-12-17T16:00:00Z,OTHER,GAS COGEN,35.37643558078342,58
2019-12-17T16:00:00Z,OTHER,OIL/GAS,44.48867196612888,53
2019-12-17T16:00:00Z,OTHER,WOOD/REFUSE,81.06729202164543,158
2019-12-17T16:00:00Z,SOLAR,SOLAR,0,15
2019-12-17T16:00:00Z,WIND,WIND,1202.0346955053508,1781
2019-12-17T17:00:00Z,COAL,COAL,3291.8457283976345,5183
2019-12-17T17:00:00Z,DUAL FUEL,DUAL FUEL,432.50718244340686,540
2019-12-17T17:00:00Z,GAS,COGENERATION,3842.0557029090987,5043
2019-12-17T17:00:00Z,GAS,COMBINED CYCLE,1519.965214070744,1748
2019-12-17T17:00:00Z,GAS,SIMPLE CYCLE,305.2417159710659,905
2019-12-17T17:00:00Z,HYDRO,HYDRO,166.07442889200317,894
2019-12-17T17:00:00Z,OTHER,BIOMASS,118.30271765761904,154
2019-12-17T17:00:00Z,OTHER,GAS COGEN,35.20048952950371,58
2019-12-17T17:00:00Z,OTHER,OIL/GAS,44.2521266386244,53
2019-12-17T17:00:00Z,OTHER,WOOD/REFUSE,78.57976147439744,158
2019-12-17T17:00:00Z,SOLAR,SOLAR,0,15
2019-12-17T17:00:00Z,WIND,WIND,1142.2595836885107,1781
2019-12-17T18:00:00Z,COAL,COAL,3046.187304297818,5183
2019-12-17T18:00:00Z,DUAL FUEL,DUAL FUEL,437.9272288597955,540
2019-12-17T18:00:00Z,GAS,COGENERATION,3829.336415759855,5043
2019-12-17T18:00:00Z,GAS,COMBINED CYCLE,1528.6629720751444,1748
2019-12-17T18:00:00Z,GAS,SIMPLE CYCLE,315.46261507981353,905
2019-12-17T18:00:00Z,HYDRO,HYDRO,210.78244086345038,894
2019-12-17T18:00:00Z,OTHER,BIOMASS,116.28358388370938,154
2019-12-17T18:00:00Z,OTHER,GAS COGEN,35.276022819942895,58
2019-12-17T18:00:00Z,OTHER,OIL/GAS,44.73937570148044,53
2019-12-17T18:00:00Z,OTHER,WOOD/REFUSE,78.02423203256396,158
2019-12-17T18:00:00Z,SOLAR,SOLAR,0.1021666605770588,15
2019-12-17T18:00:00Z,WIND,WIND,1108.8087537553574,1781
2019-12-17T19:00:00Z,COAL,COAL,3361.8554793032013,5183
2019-12-17T19:00:00Z,DUAL FUEL,DUAL FUEL,462.21375281863743,540
2019-12-17T19:00:00Z,GAS,COGENERATION,3801.8783425502643,5043
2019-12-17T19:00:00Z,GAS,COMBINED CYCLE,1512.6871501572925,1748
2019-12-17T19:00:00Z,GAS,SIMPLE CYCLE,343.3151978165574,905
2019-12-17T19:00:00Z,HYDRO,HYDRO,150.36823518249724,894
2019-12-17T19:00:00Z,OTHER,BIOMASS,115.69437277105119,154
2019-12-17T19:00:00Z,OTHER,GAS COGEN,35.759585297902426,58
2019-12-17T19:00:00Z,OTHER,OIL/GAS,44.89723247528076,53
2019-12-17T19:00:00Z,OTHER,WOOD/REFUSE,78.52474834442138,158
2019-12-17T19:00:00Z,SOLAR,SOLAR,0.39966664284467696,15
2019-12-17T19:00:00Z,WIND,WIND,1082.2478539882766,1781
2019-12-17T20:00:00Z,COAL,COAL,3158.655655439165,5183
2019-12-17T20:00:00Z,DUAL FUEL,DUAL FUEL,465.5049498409695,540
2019-12-17T20:00:00Z,GAS,COGENERATION,3794.5968757797614,5043
2019-12-17T20:00:00Z,GAS,COMBINED CYCLE,1511.001661014557,1748
2019-12-17T20:00:00Z,GAS,SIMPLE CYCLE,325.22896227220696,905
2019-12-17T20:00:00Z,HYDRO,HYDRO,159.18007974280252,894
2019-12-17T20:00:00Z,OTHER,BIOMASS,118.50870055569543,154
2019-12-17T20:00:00Z,OTHER,GAS COGEN,32.03759817971124,58
2019-12-17T20:00:00Z,OTHER,OIL/GAS,44.554237878587514,53
2019-12-17T20:00:00Z,OTHER,WOOD/REFUSE,83.04919784175026,158
2019-12-17T20:00:00Z,SOLAR,SOLAR,0.7265555410252678,15
2019-12-17T20:00:00Z,WIND,WIND,1232.9251482331754,1781
2019-12-17T21:00:00Z,COAL,COAL,2960.6048402735923,5183
2019-12-17T21:00:00Z,DUAL FUEL,DUAL FUEL,464.7983834499783,540
2019-12-17T21:00:00Z,GAS,COGENERATION,3791.905663708581,5043
2019-12-17T21:00:00Z,GAS,COMBINED CYCLE,1497.0838050746918,1748
2019-12-17T21:00:00Z,GAS,SIMPLE CYCLE,321.8846025263601,905
2019-12-17T21:00:00Z,HYDRO,HYDRO,144.89674861603314,894
2019-12-17T21:00:00Z,OTHER,BIOMASS,118.2663625102573,154
2019-12-17T21:00:00Z,OTHER,GAS COGEN,35.202988671196835,58
2019-12-17T21:00:00Z,OTHER,OIL/GAS,44.57398201624552,53
2019-12-17T21:00:00Z,OTHER,WOOD/REFUSE,84.44267782953051,158
2019-12-17T21:00:00Z,SOLAR,SOLAR,0.5978333275020122,15
2019-12-17T21:00:00Z,WIND,WIND,1328.1227512396706,1781
2019-12-17T22:00:00Z,COAL,COAL,2968.887766160965,5183
2019-12-17T22:00:00Z,DUAL FUEL,DUAL FUEL,466.4623541768392,540
2019-12-17T22:00:00Z,GAS,COGENERATION,3789.739889346361,5043
2019-12-17T22:00:00Z,GAS,COMBINED CYCLE,1452.3722720061407,1748
2019-12-17T22:00:00Z,GAS,SIMPLE CYCLE,360.63599426501327,905
2019-12-17T22:00:00Z,HYDRO,HYDRO,214.36970849270622,894
2019-12-17T22:00:00Z,OTHER,BIOMASS,122.26011838674546,154
2019-12-17T22:00:00Z,OTHER,GAS COGEN,35.34879581451416,58
2019-12-17T22:00:00Z,OTHER,OIL/GAS,45.11179970635308,53
2019-12-17T22:00:00Z,OTHER,WOOD/REFUSE,85.70991095383961,158
2019-12-17T22:00:00Z,SOLAR,SOLAR,0.1340000019967556,15
2019-12-17T22:00:00Z,WIND,WIND,1335.5905163092084,1781
2019-12-17T23:00:00Z,COAL,COAL,3184.0185432199637,5183
2019-12-17T23:00:00Z,DUAL FUEL,DUAL FUEL,465.9672511291503,540
2019-12-17T23:00:00Z,GAS,COGENERATION,3782.8625495413276,5043
2019-12-17T23:00:00Z,GAS,COMBINED CYCLE,1436.2115961387422,1748
2019-12-17T23:00:00Z,GAS,SIMPLE CYCLE,438.79476361294587,905
2019-12-17T23:00:00Z,HYDRO,HYDRO,212.74346438739033,894
2019-12-17T23:00:00Z,OTHER,BIOMASS,124.76783967177073,154
2019-12-17T23:00:00Z,OTHER,GAS COGEN,35.24838295830621,58
2019-12-17T23:00:00Z,OTHER,OIL/GAS,45.82244944466485,53
2019-12-17T23:00:00Z,OTHER,WOOD/REFUSE,87.79495981481341,158
2019-12-17T23:00:00Z,SOLAR,SOLAR,0,15
2019-12-17T23:00:00Z,WIND,WIND,1366.596116197904,1781
2019-12-18T00:00:00Z,COAL,COAL,3246.848671406905,5183
2019-12-18T00:00:00Z,DUAL FUEL,DUAL FUEL,477.85457671271433,540
2019-12-18T00:00:00Z,GAS,COGENERATION,3764.004881512854,5043
2019-12-18T00:00:00Z,GAS,COMBINED CYCLE,1486.3550029012893,1748
2019-12-18T00:00:00Z,GAS,SIMPLE CYCLE,453.24243863986595,905
2019-12-18T00:00:00Z,HYDRO,HYDRO,181.3173771630393,894
2019-12-18T00:00:00Z,OTHER,BIOMASS,123.95220166365306,154
2019-12-18T00:00:00Z,OTHER,GAS COGEN,35.17415504879422,58
2019-12-18T00:00:00Z,OTHER,OIL/GAS,45.04679872088962,53
2019-12-18T00:00:00Z,OTHER,WOOD/REFUSE,92.6887683418062,158
2019-12-18T00:00:00Z,SOLAR,SOLAR,0,15
2019-12-18T00:00:00Z,WIND,WIND,1474.9631585339705,1781
2019-12-18T01:00:00Z,COAL,COAL,3126.767071740362,5183
2019-12-18T01:00:00Z,DUAL FUEL,DUAL FUEL,521.2009433322482,540
2019-12-18T01:00:00Z,GAS,COGENERATION,3739.0845863645604,5043
2019-12-18T01:00:00Z,GAS,COMBINED CYCLE,1509.3224593697653,1748
2019-12-18T01:00:00Z,GAS,SIMPLE CYCLE,332.9620690198739,905
2019-12-18T01:00:00Z,HYDRO,HYDRO,209.7598208146625,894
2019-12-18T01:00:00Z,OTHER,BIOMASS,123.82499601999919,154
2019-12-18T01:00:00Z,OTHER,GAS COGEN,36.63768845081329,58
2019-12-18T01:00:00Z,OTHER,OIL/GAS,44.804637328253854,53
2019-12-18T01:00:00Z,OTHER,WOOD/REFUSE,88.97343784385258,158
2019-12-18T01:00:00Z,SOLAR,SOLAR,0,15
2019-12-18T01:00:00Z,WIND,WIND,1456.1180256679322,1781
2019-12-18T02:00:00Z,COAL,COAL,3005.278738618427,5183
2019-12-18T02:00:00Z,DUAL FUEL,DUAL FUEL,522.1840126376682,540
2019-12-18T02:00:00Z,GAS,COGENERATION,3713.211314442423,5043
2019-12-18T02:00:00Z,GAS,COMBINED CYCLE,1443.3177246830198,1748
2019-12-18T02:00:00Z,GAS,SIMPLE CYCLE,302.3656374630332,905
2019-12-18T02:00:00Z,HYDRO,HYDRO,188.85861304746734,894
2019-12-18T02:00:00Z,OTHER,BIOMASS,123.29649024380578,154
2019-12-18T02:00:00Z,OTHER,GAS COGEN,38.15172500676579,58
2019-12-18T02:00:00Z,OTHER,OIL/GAS,44.86811004214817,53
2019-12-18T02:00:00Z,OTHER,WOOD/REFUSE,87.67056358920203,158
2019-12-18T02:00:00Z,SOLAR,SOLAR,0,15
2019-12-18T02:00:00Z,WIND,WIND,1387.2505355379317,1781
2019-12-18T03:00:00Z,COAL,COAL,2841.1678572003048,5183
2019-12-18T03:00:00Z,DUAL FUEL,DUAL FUEL,518.0077952660455,540
2019-12-18T03:00:00Z,GAS,COGENERATION,3717.0741855844526,5043
2019-12-18T03:00:00Z,GAS,COMBINED CYCLE,1446.4331738803123,1748
2019-12-18T03:00:00Z,GAS,SIMPLE CYCLE,291.3637086725235,905
2019-12-18T03:00:00Z,HYDRO,HYDRO,190.2349010486073,894
2019-12-18T03:00:00Z,OTHER,BIOMASS,121.92850745836894,154
2019-12-18T03:00:00Z,OTHER,GAS COGEN,38.25225988692707,58
2019-12-18T03:00:00Z,OTHER,OIL/GAS,45.02170442581177,53
2019-12-18T03:00:00Z,OTHER,WOOD/REFUSE,88.31115510516696,158
2019-12-18T03:00:00Z,SOLAR,SOLAR,0,15
2019-12-18T03:00:00Z,WIND,WIND,1313.1465825822618,1781
2019-12-18T04:00:00Z,COAL,COAL,2874.622203036679,5183
2019-12-18T04:00:00Z,DUAL FUEL,DUAL FUEL,515.1124675665961,540
2019-12-18T04:00:00Z,GAS,COGENERATION,3698.323583788342,5043
2019-12-18T04:00:00Z,GAS,COMBINED CYCLE,1447.4499815766017,1748
2019-12-18T04:00:00Z,GAS,SIMPLE CYCLE,226.72606027444203,905
2019-12-18T04:00:00Z,HYDRO,HYDRO,157.43473857753807,894
2019-12-18T04:00:00Z,OTHER,BIOMASS,120.67829066329533,154
2019-12-18T04:00:00Z,OTHER,GAS COGEN,38.76358019537396,58
2019-12-18T04:00:00Z,OTHER,OIL/GAS,45.208981863657634,53
2019-12-18T04:00:00Z,OTHER,WOOD/REFUSE,88.21339995119307,158
2019-12-18T04:00:00Z,SOLAR,SOLAR,0,15
2019-12-18T04:00:00Z,WIND,WIND,1352.5266963722308,1781
2019-12-18T05:00:00Z,COAL,COAL,2525.6518486056066,5183
2019-12-18T05:00:00Z,DUAL FUEL,DUAL FUEL,517.0315987735324,540
2019-12-18T05:00:00Z,GAS,COGENERATION,3685.3404701088202,5043
2019-12-18T05:00:00Z,GAS,COMBINED CYCLE,1361.1076089628539,1748
2019-12-18T05:00:00Z,GAS,SIMPLE CYCLE,213.37115058634018,905
2019-12-18T05:00:00Z,HYDRO,HYDRO,125.41310412744681,894
2019-12-18T05:00:00Z,OTHER,BIOMASS,118.8875115246243,154
2019-12-18T05:00:00Z,OTHER,GAS COGEN,38.68308698958821,58
2019-12-18T05:00:00Z,OTHER,OIL/GAS,45.01857743793064,53
2019-12-18T05:00:00Z,OTHER,WOOD/REFUSE,88.37592868804931,158
2019-12-18T05:00:00Z,SOLAR,SOLAR,0,15
2019-12-18T05:00:00Z,WIND,WIND,1494.798403755294,1781
2019-12-18T06:00:00Z,COAL,COAL,2315.436064603594,5183
2019-12-18T06:00:00Z,DUAL FUEL,DUAL FUEL,521.2843166266547,540
2019-12-18T06:00:00Z,GAS,COGENERATION,3696.142756631374,5043
2019-12-18T06:00:00Z,GAS,COMBINED CYCLE,1331.650989590751,1748
2019-12-18T06:00:00Z,GAS,SIMPLE CYCLE,120.61037960976361,905
2019-12-18T06:00:00Z,HYDRO,HYDRO,152.21286757151287,894
2019-12-18T06:00:00Z,OTHER,BIOMASS,116.89821244398752,154
2019-12-18T06:00:00Z,OTHER,GAS COGEN,38.655611091587275,58
2019-12-18T06:00:00Z,OTHER,OIL/GAS,45.54443647808499,53
2019-12-18T06:00:00Z,OTHER,WOOD/REFUSE,88.12908617920345,158
2019-12-18T06:00:00Z,SOLAR,SOLAR,0,15
2019-12-18T06:00:00Z,WIND,WIND,1501.8176815827687,1781
2019-12-18T07:00:00Z,COAL,COAL,2362.9716742544706,5183
2019-12-18T07:00:00Z,DUAL FUEL,DUAL FUEL,513.5786522759331,540
2019-12-18T07:00:00Z,GAS,COGENERATION,3630.3682855203583,5043
2019-12-18T07:00:00Z,GAS,COMBINED CYCLE,1280.3235396258035,1748
2019-12-18T07:00:00Z,GAS,SIMPLE CYCLE,117.61640155739255,905
2019-12-18T07:00:00Z,HYDRO,HYDRO,106.8749046912127,894
2019-12-18T07:00:00Z,OTHER,BIOMASS,116.63819573402405,154
2019-12-18T07:00:00Z,OTHER,GAS COGEN,38.52235250896878,58
2019-12-18T07:00:00Z,OTHER,OIL/GAS,45.12278146319919,53
2019-12-18T07:00:00Z,OTHER,WOOD/REFUSE,89.39294490549298,158
2019-12-18T07:00:00Z,SOLAR,SOLAR,0,15
2019-12-18T07:00:00Z,WIND,WIND,1507.4413872157204,1781
2019-12-18T08:00:00Z,COAL,COAL,2116.0658099691072,5183
2019-12-18T08:00:00Z,DUAL FUEL,DUAL FUEL,490.4745493401422,540
2019-12-18T08:00:00Z,GAS,COGENERATION,3613.4098527442084,5043
2019-12-18T08:00:00Z,GAS,COMBINED CYCLE,1274.376818769243,1748
2019-12-18T08:00:00Z,GAS,SIMPLE CYCLE,118.30523881249957,905
2019-12-18T08:00:00Z,HYDRO,HYDRO,105.41724173883598,894
2019-12-18T08:00:00Z,OTHER,BIOMASS,115.40680674393971,154
2019-12-18T08:00:00Z,OTHER,GAS COGEN,37.84113442314996,58
2019-12-18T08:00:00Z,OTHER,OIL/GAS,45.16198782814874,53
2019-12-18T08:00:00Z,OTHER,WOOD/REFUSE,88.99221809387208,158
2019-12-18T08:00:00Z,SOLAR,SOLAR,0,15
2019-12-18T08:00:00Z,WIND,WIND,1461.857392370436,1781
2019-12-18T09:00:00Z,COAL,COAL,2103.0546471701728,5183
2019-12-18T09:00:00Z,DUAL FUEL,DUAL FUEL,488.6503365283543,540
2019-12-18T09:00:00Z,GAS,COGENERATION,3659.6645313368904,5043
2019-12-18T09:00:00Z,GAS,COMBINED CYCLE,1272.5308362221717,1748
2019-12-18T09:00:00Z,GAS,SIMPLE CYCLE,119.80862122562196,905
2019-12-18T09:00:00Z,HYDRO,HYDRO,105.09239202097058,894
2019-12-18T09:00:00Z,OTHER,BIOMASS,116.29797839959463,154
2019-12-18T09:00:00Z,OTHER,GAS COGEN,38.24416551801893,58
2019-12-18T09:00:00Z,OTHER,OIL/GAS,45.251070957183835,53
2019-12-18T09:00:00Z,OTHER,WOOD/REFUSE,88.03264954196082,158
2019-12-18T09:00:00Z,SOLAR,SOLAR,0,15
2019-12-18T09:00:00Z,WIND,WIND,1388.937027890947,1781
2019-12-18T10:00:00Z,COAL,COAL,2122.4988447164164,5183
2019-12-18T10:00:00Z,DUAL FUEL,DUAL FUEL,516.8503303188747,540
2019-12-18T10:00:00Z,GAS,COGENERATION,3687.3378357417055,5043
2019-12-18T10:00:00Z,GAS,COMBINED CYCLE,1279.9600996446609,1748
2019-12-18T10:00:00Z,GAS,SIMPLE CYCLE,118.35774254878362,905
2019-12-18T10:00:00Z,HYDRO,HYDRO,106.04302283591694,894
2019-12-18T10:00:00Z,OTHER,BIOMASS,118.35297329266866,154
2019-12-18T10:00:00Z,OTHER,GAS COGEN,38.53551942401462,58
2019-12-18T10:00:00Z,OTHER,OIL/GAS,45.10642070558336,53
2019-12-18T10:00:00Z,OTHER,WOOD/REFUSE,87.83617640389336,158
2019-12-18T10:00:00Z,SOLAR,SOLAR,0,15
2019-12-18T10:00:00Z,WIND,WIND,1344.9672216039232,1781
2019-12-18T11:00:00Z,COAL,COAL,2279.975434708065,5183
2019-12-18T11:00:00Z,DUAL FUEL,DUAL FUEL,517.8522675832112,540
2019-12-18T11:00:00Z,GAS,COGENERATION,3687.4036321004232,5043
2019-12-18T11:00:00Z,GAS,COMBINED CYCLE,1272.5459361187616,1748
2019-12-18T11:00:00Z,GAS,SIMPLE CYCLE,120.41723805762,905
2019-12-18T11:00:00Z,HYDRO,HYDRO,120.30039884318907,894
2019-12-18T11:00:00Z,OTHER,BIOMASS,117.76049516306983,154
2019-12-18T11:00:00Z,OTHER,GAS COGEN,38.6132909266154,58
2019-12-18T11:00:00Z,OTHER,OIL/GAS,44.549187700483536,53
2019-12-18T11:00:00Z,OTHER,WOOD/REFUSE,88.12407196362814,158
2019-12-18T11:00:00Z,SOLAR,SOLAR,0,15
2019-12-18T11:00:00Z,WIND,WIND,1349.251596101655,1781
2019-12-18T12:00:00Z,COAL,COAL,2461.3739017522335,5183
2019-12-18T12:00:00Z,DUAL FUEL,DUAL FUEL,516.8050511508518,540
2019-12-18T12:00:00Z,GAS,COGENERATION,3691.496662774351,5043
2019-12-18T12:00:00Z,GAS,COMBINED CYCLE,1274.7333983755111,1748
2019-12-18T12:00:00Z,GAS,SIMPLE CYCLE,120.80108475049337,905
2019-12-18T12:00:00Z,HYDRO,HYDRO,154.2458830172486,894
2019-12-18T12:00:00Z,OTHER,BIOMASS,115.48470596737332,154
2019-12-18T12:00:00Z,OTHER,GAS COGEN,38.74387965520223,58
2019-12-18T12:00:00Z,OTHER,OIL/GAS,44.49518766191271,53
2019-12-18T12:00:00Z,OTHER,WOOD/REFUSE,88.32779252847035,158
2019-12-18T12:00:00Z,SOLAR,SOLAR,0,15
2019-12-18T12:00:00Z,WIND,WIND,1398.4506673150593,1781
2019-12-18T13:00:00Z,COAL,COAL,2657.7612618022495,5183
2019-12-18T13:00:00Z,DUAL FUEL,DUAL FUEL,526.8231407250298,540
2019-12-18T13:00:00Z,GAS,COGENERATION,3722.5703176228208,5043
2019-12-18T13:00:00Z,GAS,COMBINED CYCLE,1318.6642516329555,1748
2019-12-18T13:00:00Z,GAS,SIMPLE CYCLE,214.8916343418757,905
2019-12-18T13:00:00Z,HYDRO,HYDRO,176.7729010230303,894
2019-12-18T13:00:00Z,OTHER,BIOMASS,116.4269888411628,154
2019-12-18T13:00:00Z,OTHER,GAS COGEN,38.68860036002265,58
2019-12-18T13:00:00Z,OTHER,OIL/GAS,44.94093794504801,53
2019-12-18T13:00:00Z,OTHER,WOOD/REFUSE,88.71973192161984,158
2019-12-18T13:00:00Z,SOLAR,SOLAR,0,15
2019-12-18T13:00:00Z,WIND,WIND,1321.2193194846311,1781
2019-12-18T14:00:00Z,COAL,COAL,2985.362106719812,5183
2019-12-18T14:00:00Z,DUAL FUEL,DUAL FUEL,521.4713576931424,540
2019-12-18T14:00:00Z,GAS,COGENERATION,3697.0294755318428,5043
2019-12-18T14:00:00Z,GAS,COMBINED CYCLE,1377.2770617302258,1748
2019-12-18T14:00:00Z,GAS,SIMPLE CYCLE,226.16464363061718,905
2019-12-18T14:00:00Z,HYDRO,HYDRO,225.42564322438506,894
2019-12-18T14:00:00Z,OTHER,BIOMASS,116.7286504650116,154
2019-12-18T14:00:00Z,OTHER,GAS COGEN,38.77028809679879,58
2019-12-18T14:00:00Z,OTHER,OIL/GAS,44.92512084960938,53
2019-12-18T14:00:00Z,OTHER,WOOD/REFUSE,89.19211577044592,158
2019-12-18T14:00:00Z,SOLAR,SOLAR,0,15
2019-12-18T14:00:00Z,WIND,WIND,1312.3553246908716,1781
2019-12-18T15:00:00Z,COAL,COAL,3172.8339213151403,5183
2019-12-18T15:00:00Z,DUAL FUEL,DUAL FUEL,513.7664426083035,540
2019-12-18T15:00:00Z,GAS,COGENERATION,3693.840328970485,5043
2019-12-18T15:00:00Z,GAS,COMBINED CYCLE,1429.9493550311195,1748
2019-12-18T15:00:00Z,GAS,SIMPLE CYCLE,256.0649950318866,905
2019-12-18T15:00:00Z,HYDRO,HYDRO,197.85387374169298,894
2019-12-18T15:00:00Z,OTHER,BIOMASS,118.37597304463387,154
2019-12-18T15:00:00Z,OTHER,GAS COGEN,42.75070189846887,58
2019-12-18T15:00:00Z,OTHER,OIL/GAS,44.638332019382055,53
2019-12-18T15:00:00Z,OTHER,WOOD/REFUSE,89.01468853579627,158
2019-12-18T15:00:00Z,SOLAR,SOLAR,0.02699999839067459,15
2019-12-18T15:00:00Z,WIND,WIND,1186.1970997738838,1781
2019-12-18T16:00:00Z,COAL,COAL,3184.9739426313504,5183
2019-12-18T16:00:00Z,DUAL FUEL,DUAL FUEL,525.0930532243517,540
2019-12-18T16:00:00Z,GAS,COGENERATION,3687.7887229506505,5043
2019-12-18T16:00:00Z,GAS,COMBINED CYCLE,1503.5518987698026,1748
2019-12-18T16:00:00Z,GAS,SIMPLE CYCLE,238.95630210055245,905
2019-12-18T16:00:00Z,HYDRO,HYDRO,226.01111922787297,894
2019-12-18T16:00:00Z,OTHER,BIOMASS,113.38836766613855,154
2019-12-18T16:00:00Z,OTHER,GAS COGEN,46.30413299825456,58
2019-12-18T16:00:00Z,OTHER,OIL/GAS,44.713554072909886,53
2019-12-18T16:00:00Z,OTHER,WOOD/REFUSE,85.6261927567588,158
2019-12-18T16:00:00Z,SOLAR,SOLAR,1.3126666306290362,15
2019-12-18T16:00:00Z,WIND,WIND,1030.8093009287368,1781
2019-12-18T17:00:00Z,COAL,COAL,3254.825715880924,5183
2019-12-18T17:00:00Z,DUAL FUEL,DUAL FUEL,520.9346886698405,540
2019-12-18T17:00:00Z,GAS,COGENERATION,3693.231621909605,5043
2019-12-18T17:00:00Z,GAS,COMBINED CYCLE,1505.3162055577172,1748
2019-12-18T17:00:00Z,GAS,SIMPLE CYCLE,253.98722666430805,905
2019-12-18T17:00:00Z,HYDRO,HYDRO,180.9300022974279,894
2019-12-18T17:00:00Z,OTHER,BIOMASS,111.40644507408142,154
2019-12-18T17:00:00Z,OTHER,GAS COGEN,46.40878590371874,58
2019-12-18T17:00:00Z,OTHER,OIL/GAS,44.78198750178019,53
2019-12-18T17:00:00Z,OTHER,WOOD/REFUSE,85.40942874166701,158
2019-12-18T17:00:00Z,SOLAR,SOLAR,3.2642777559492324,15
2019-12-18T17:00:00Z,WIND,WIND,1037.4451713496114,1781
2019-12-18T18:00:00Z,COAL,COAL,3277.068230470154,5183
2019-12-18T18:00:00Z,DUAL FUEL,DUAL FUEL,521.979289618598,540
2019-12-18T18:00:00Z,GAS,COGENERATION,3710.6051955295275,5043
2019-12-18T18:00:00Z,GAS,COMBINED CYCLE,1494.3200438827937,1748
2019-12-18T18:00:00Z,GAS,SIMPLE CYCLE,298.40474850608246,905
2019-12-18T18:00:00Z,HYDRO,HYDRO,148.73348456243673,894
2019-12-18T18:00:00Z,OTHER,BIOMASS,111.39205611017016,154
2019-12-18T18:00:00Z,OTHER,GAS COGEN,46.360632565816246,58
2019-12-18T18:00:00Z,OTHER,OIL/GAS,45.05151488410102,53
2019-12-18T18:00:00Z,OTHER,WOOD/REFUSE,94.40731759283278,158
2019-12-18T18:00:00Z,SOLAR,SOLAR,4.201333239210976,15
2019-12-18T18:00:00Z,WIND,WIND,1008.1328989936577,1781
2019-12-18T19:00:00Z,COAL,COAL,3276.9769439371426,5183
2019-12-18T19:00:00Z,DUAL FUEL,DUAL FUEL,521.5371890089247,540
2019-12-18T19:00:00Z,GAS,COGENERATION,3788.446205148962,5043
2019-12-18T19:00:00Z,GAS,COMBINED CYCLE,1423.4294495042166,1748
2019-12-18T19:00:00Z,GAS,SIMPLE CYCLE,297.3833551044266,905
2019-12-18T19:00:00Z,HYDRO,HYDRO,209.1593962552481,894
2019-12-18T19:00:00Z,OTHER,BIOMASS,113.3907671684689,154
2019-12-18T19:00:00Z,OTHER,GAS COGEN,46.01672336525387,58
2019-12-18T19:00:00Z,OTHER,OIL/GAS,45.30256468666924,53
2019-12-18T19:00:00Z,OTHER,WOOD/REFUSE,93.68817066457537,158
2019-12-18T19:00:00Z,SOLAR,SOLAR,5.084388833840688,15
2019-12-18T19:00:00Z,WIND,WIND,784.8288049435947,1781
2019-12-18T20:00:00Z,COAL,COAL,3364.969435037507,5183
2019-12-18T20:00:00Z,DUAL FUEL,DUAL FUEL,521.9132274712457,540
2019-12-18T20:00:00Z,GAS,COGENERATION,3807.180742949885,5043
2019-12-18T20:00:00Z,GAS,COMBINED CYCLE,1405.787539744377,1748
2019-12-18T20:00:00Z,GAS,SIMPLE CYCLE,258.69149253615905,905
2019-12-18T20:00:00Z,HYDRO,HYDRO,202.04663626281751,894
2019-12-18T20:00:00Z,OTHER,BIOMASS,113.0346958176295,154
2019-12-18T20:00:00Z,OTHER,GAS COGEN,46.012288363774616,58
2019-12-18T20:00:00Z,OTHER,OIL/GAS,44.969432220458984,53
2019-12-18T20:00:00Z,OTHER,WOOD/REFUSE,86.4940629365709,158
2019-12-18T20:00:00Z,SOLAR,SOLAR,3.2192777041594187,15
2019-12-18T20:00:00Z,WIND,WIND,802.3996118593009,1781
2019-12-18T21:00:00Z,COAL,COAL,3401.1230346181655,5183
2019-12-18T21:00:00Z,DUAL FUEL,DUAL FUEL,521.5782214440239,540
2019-12-18T21:00:00Z,GAS,COGENERATION,3796.0854489067447,5043
2019-12-18T21:00:00Z,GAS,COMBINED CYCLE,1388.2522321006986,1748
2019-12-18T21:00:00Z,GAS,SIMPLE CYCLE,254.11335967762602,905
2019-12-18T21:00:00Z,HYDRO,HYDRO,139.64637266871003,894
2019-12-18T21:00:00Z,OTHER,BIOMASS,113.22940679020353,154
2019-12-18T21:00:00Z,OTHER,GAS COGEN,46.00265304406484,58
2019-12-18T21:00:00Z,OTHER,OIL/GAS,45.08827732933892,53
2019-12-18T21:00:00Z,OTHER,WOOD/REFUSE,84.35274314509498,158
2019-12-18T21:00:00Z,SOLAR,SOLAR,2.6104999885294173,15
2019-12-18T21:00:00Z,WIND,WIND,952.369067504406,1781
2019-12-18T22:00:00Z,COAL,COAL,3299.0465539169313,5183
2019-12-18T22:00:00Z,DUAL FUEL,DUAL FUEL,520.5141512552897,540
2019-12-18T22:00:00Z,GAS,COGENERATION,3804.087778175142,5043
2019-12-18T22:00:00Z,GAS,COMBINED CYCLE,1408.43535905891,1748
2019-12-18T22:00:00Z,GAS,SIMPLE CYCLE,256.09173005377255,905
2019-12-18T22:00:00Z,HYDRO,HYDRO,194.52872381736836,894
2019-12-18T22:00:00Z,OTHER,BIOMASS,115.35839498466916,154
2019-12-18T22:00:00Z,OTHER,GAS COGEN,45.93948642306858,58
2019-12-18T22:00:00Z,OTHER,OIL/GAS,44.88438232209947,53
2019-12-18T22:00:00Z,OTHER,WOOD/REFUSE,85.01539464208814,158
2019-12-18T22:00:00Z,SOLAR,SOLAR,0.6981666576034493,15
2019-12-18T22:00:00Z,WIND,WIND,1017.5387481523885,1781
2019-12-18T23:00:00Z,COAL,COAL,3191.409730604225,5183
2019-12-18T23:00:00Z,DUAL FUEL,DUAL FUEL,518.2640938568115,540
2019-12-18T23:00:00Z,GAS,COGENERATION,3820.882039316363,5043
2019-12-18T23:00:00Z,GAS,COMBINED CYCLE,1493.4613687282138,1748
2019-12-18T23:00:00Z,GAS,SIMPLE CYCLE,397.3857780991329,905
2019-12-18T23:00:00Z,HYDRO,HYDRO,231.65480559205014,894
2019-12-18T23:00:00Z,OTHER,BIOMASS,117.65496777892112,154
2019-12-18T23:00:00Z,OTHER,GAS COGEN,45.91884843190511,58
2019-12-18T23:00:00Z,OTHER,OIL/GAS,44.785410442352294,53
2019-12-18T23:00:00Z,OTHER,WOOD/REFUSE,94.04862901210785,158
2019-12-18T23:00:00Z,SOLAR,SOLAR,0,15
2019-12-18T23:00:00Z,WIND,WIND,1120.3744703418017,1781
2019-12-19T00:00:00Z,COAL,COAL,3087.662268544833,5183
2019-12-19T00:00:00Z,DUAL FUEL,DUAL FUEL,520.1902596198188,540
2019-12-19T00:00:00Z,GAS,COGENERATION,3810.5731462208432,5043
2019-12-19T00:00:00Z,GAS,COMBINED CYCLE,1465.9400746234257,1748
2019-12-19T00:00:00Z,GAS,SIMPLE CYCLE,448.26594328045843,905
2019-12-19T00:00:00Z,HYDRO,HYDRO,215.23767217987114,894
2019-12-19T00:00:00Z,OTHER,BIOMASS,121.13777181519401,154
2019-12-19T00:00:00Z,OTHER,GAS COGEN,45.91358946270413,58
2019-12-19T00:00:00Z,OTHER,OIL/GAS,44.652482456631134,53
2019-12-19T00:00:00Z,OTHER,WOOD/REFUSE,92.93095200061798,158
2019-12-19T00:00:00Z,SOLAR,SOLAR,0,15
2019-12-19T00:00:00Z,WIND,WIND,1268.4851071945827,1781
2019-12-19T01:00:00Z,COAL,COAL,3017.101153131061,5183
2019-12-19T01:00:00Z,DUAL FUEL,DUAL FUEL,525.0944414605035,540
2019-12-19T01:00:00Z,GAS,COGENERATION,3823.264878477388,5043
2019-12-19T01:00:00Z,GAS,COMBINED CYCLE,1445.042561595175,1748
2019-12-19T01:00:00Z,GAS,SIMPLE CYCLE,425.0496378224426,905
2019-12-19T01:00:00Z,HYDRO,HYDRO,249.59394000361362,894
2019-12-19T01:00:00Z,OTHER,BIOMASS,114.09981159475115,154
2019-12-19T01:00:00Z,OTHER,GAS COGEN,45.90859058803982,58
2019-12-19T01:00:00Z,OTHER,OIL/GAS,45.15997000164456,53
2019-12-19T01:00:00Z,OTHER,WOOD/REFUSE,86.63654367976717,158
2019-12-19T01:00:00Z,SOLAR,SOLAR,0,15
2019-12-19T01:00:00Z,WIND,WIND,1290.8380702588292,1781
2019-12-19T02:00:00Z,COAL,COAL,3007.0872188303206,5183
2019-12-19T02:00:00Z,DUAL FUEL,DUAL FUEL,520.1171229214139,540
2019-12-19T02:00:00Z,GAS,COGENERATION,3834.5974401210083,5043
2019-12-19T02:00:00Z,GAS,COMBINED CYCLE,1408.6478265640471,1748
2019-12-19T02:00:00Z,GAS,SIMPLE CYCLE,389.45049583580754,905
2019-12-19T02:00:00Z,HYDRO,HYDRO,255.98067547485235,894
2019-12-19T02:00:00Z,OTHER,BIOMASS,112.0172563595242,154
2019-12-19T02:00:00Z,OTHER,GAS COGEN,45.50843178855048,58
2019-12-19T02:00:00Z,OTHER,OIL/GAS,45.25544345855713,53
2019-12-19T02:00:00Z,OTHER,WOOD/REFUSE,85.39878300878736,158
2019-12-19T02:00:00Z,SOLAR,SOLAR,0,15
2019-12-19T02:00:00Z,WIND,WIND,1299.9141274106503,1781
2019-12-19T03:00:00Z,COAL,COAL,2849.9325854704116,5183
2019-12-19T03:00:00Z,DUAL FUEL,DUAL FUEL,517.9004001363119,540
2019-12-19T03:00:00Z,GAS,COGENERATION,3923.2383324485354,5043
2019-12-19T03:00:00Z,GAS,COMBINED CYCLE,1480.5304431941775,1748
2019-12-19T03:00:00Z,GAS,SIMPLE CYCLE,329.1099057203863,905
2019-12-19T03:00:00Z,HYDRO,HYDRO,198.67186312655608,894
2019-12-19T03:00:00Z,OTHER,BIOMASS,114.53565575175814,154
2019-12-19T03:00:00Z,OTHER,GAS COGEN,46.05181996292538,58
2019-12-19T03:00:00Z,OTHER,OIL/GAS,44.98343738767836,53
2019-12-19T03:00:00Z,OTHER,WOOD/REFUSE,86.39049880981446,158
2019-12-19T03:00:00Z,SOLAR,SOLAR,0,15
2019-12-19T03:00:00Z,WIND,WIND,1286.508491294119,1781
2019-12-19T04:00:00Z,COAL,COAL,2628.9211885473464,5183
2019-12-19T04:00:00Z,DUAL FUEL,DUAL FUEL,523.1607340155708,540
2019-12-19T04:00:00Z,GAS,COGENERATION,4039.4840714878505,5043
2019-12-19T04:00:00Z,GAS,COMBINED CYCLE,1440.9026610789035,1748
2019-12-19T04:00:00Z,GAS,SIMPLE CYCLE,306.81767462907567,905
2019-12-19T04:00:00Z,HYDRO,HYDRO,194.5543792000744,894
2019-12-19T04:00:00Z,OTHER,BIOMASS,113.46273384835985,154
2019-12-19T04:00:00Z,OTHER,GAS COGEN,46.01703263176812,58
2019-12-19T04:00:00Z,OTHER,OIL/GAS,45.31292691336738,53
2019-12-19T04:00:00Z,OTHER,WOOD/REFUSE,86.86534822675917,158
2019-12-19T04:00:00Z,SOLAR,SOLAR,0,15
2019-12-19T04:00:00Z,WIND,WIND,1255.9973216160138,1781
2019-12-19T05:00:00Z,COAL,COAL,2456.0825504112245,5183
2019-12-19T05:00:00Z,DUAL FUEL,DUAL FUEL,524.9347738054064,540
2019-12-19T05:00:00Z,GAS,COGENERATION,4009.6668157166905,5043
2019-12-19T05:00:00Z,GAS,COMBINED CYCLE,1408.010956967142,1748
2019-12-19T05:00:00Z,GAS,SIMPLE CYCLE,224.58424058487844,905
2019-12-19T05:00:00Z,HYDRO,HYDRO,126.02485912587908,894
2019-12-19T05:00:00Z,OTHER,BIOMASS,114.98895022339292,154
2019-12-19T05:00:00Z,OTHER,GAS COGEN,45.98743444813623,58
2019-12-19T05:00:00Z,OTHER,OIL/GAS,45.67092143800524,53
2019-12-19T05:00:00Z,OTHER,WOOD/REFUSE,85.75178746965197,158
2019-12-19T05:00:00Z,SOLAR,SOLAR,0,15
2019-12-19T05:00:00Z,WIND,WIND,1266.9963360153304,1781
2019-12-19T06:00:00Z,COAL,COAL,2224.9549825583563,5183
2019-12-19T06:00:00Z,DUAL FUEL,DUAL FUEL,523.8129508124457,540
2019-12-19T06:00:00Z,GAS,COGENERATION,4033.045820872254,5043
2019-12-19T06:00:00Z,GAS,COMBINED CYCLE,1304.7296841989623,1748
2019-12-19T06:00:00Z,GAS,SIMPLE CYCLE,119.61991307364569,905
2019-12-19T06:00:00Z,HYDRO,HYDRO,167.60363522917032,894
2019-12-19T06:00:00Z,OTHER,BIOMASS,117.00053307003445,154
2019-12-19T06:00:00Z,OTHER,GAS COGEN,45.98569694677989,58
2019-12-19T06:00:00Z,OTHER,OIL/GAS,45.310593376159666,53
2019-12-19T06:00:00Z,OTHER,WOOD/REFUSE,85.90303055233426,158
2019-12-19T06:00:00Z,SOLAR,SOLAR,0,15
2019-12-19T06:00:00Z,WIND,WIND,1310.3149664253658,1781
2019-12-19T07:00:00Z,COAL,COAL,2155.100098340776,5183
2019-12-19T07:00:00Z,DUAL FUEL,DUAL FUEL,523.888845316569,540
2019-12-19T07:00:00Z,GAS,COGENERATION,4005.8024716799127,5043
2019-12-19T07:00:00Z,GAS,COMBINED CYCLE,1247.0194230042564,1748
2019-12-19T07:00:00Z,GAS,SIMPLE CYCLE,117.23432445526123,905
2019-12-19T07:00:00Z,HYDRO,HYDRO,105.77382608163688,894
2019-12-19T07:00:00Z,OTHER,BIOMASS,114.16141164037917,154
2019-12-19T07:00:00Z,OTHER,GAS COGEN,45.8866932826572,58
2019-12-19T07:00:00Z,OTHER,OIL/GAS,46.05349898868137,53
2019-12-19T07:00:00Z,OTHER,WOOD/REFUSE,85.89819177574581,158
2019-12-19T07:00:00Z,SOLAR,SOLAR,0,15
2019-12-19T07:00:00Z,WIND,WIND,1354.9023611572054,1781
2019-12-19T08:00:00Z,COAL,COAL,2084.1184874047176,5183
2019-12-19T08:00:00Z,DUAL FUEL,DUAL FUEL,523.4570208485922,540
2019-12-19T08:00:00Z,GAS,COGENERATION,3973.18042136285,5043
2019-12-19T08:00:00Z,GAS,COMBINED CYCLE,1240.5992552881771,1748
2019-12-19T08:00:00Z,GAS,SIMPLE CYCLE,114.90009307494594,905
2019-12-19T08:00:00Z,HYDRO,HYDRO,89.35991454874477,894
2019-12-19T08:00:00Z,OTHER,BIOMASS,115.66744524743822,154
2019-12-19T08:00:00Z,OTHER,GAS COGEN,45.858008791605634,58
2019-12-19T08:00:00Z,OTHER,OIL/GAS,45.68781492869059,53
2019-12-19T08:00:00Z,OTHER,WOOD/REFUSE,88.55292312463125,158
2019-12-19T08:00:00Z,SOLAR,SOLAR,0,15
2019-12-19T08:00:00Z,WIND,WIND,1369.6515545421178,1781
2019-12-19T09:00:00Z,COAL,COAL,2051.8326398330264,5183
2019-12-19T09:00:00Z,DUAL FUEL,DUAL FUEL,525.4229424624973,540
2019-12-19T09:00:00Z,GAS,COGENERATION,3983.239618879954,5043
2019-12-19T09:00:00Z,GAS,COMBINED CYCLE,1237.1275882097086,1748
2019-12-19T09:00:00Z,GAS,SIMPLE CYCLE,114.88814238958888,905
2019-12-19T09:00:00Z,HYDRO,HYDRO,84.57804335011376,894
2019-12-19T09:00:00Z,OTHER,BIOMASS,116.46325054062737,154
2019-12-19T09:00:00Z,OTHER,GAS COGEN,44.535037197536894,58
2019-12-19T09:00:00Z,OTHER,OIL/GAS,45.414988657633465,53
2019-12-19T09:00:00Z,OTHER,WOOD/REFUSE,88.24388015800054,158
2019-12-19T09:00:00Z,SOLAR,SOLAR,0,15
2019-12-19T09:00:00Z,WIND,WIND,1351.3384634664324,1781
2019-12-19T10:00:00Z,COAL,COAL,2110.515760529836,5183
2019-12-19T10:00:00Z,DUAL FUEL,DUAL FUEL,474.97259621938065,540
2019-12-19T10:00:00Z,GAS,COGENERATION,4015.5113120163815,5043
2019-12-19T10:00:00Z,GAS,COMBINED CYCLE,1265.2146535309157,1748
2019-12-19T10:00:00Z,GAS,SIMPLE CYCLE,116.10038788742489,905
2019-12-19T10:00:00Z,HYDRO,HYDRO,139.33815972599717,894
2019-12-19T10:00:00Z,OTHER,BIOMASS,117.57391087849935,154
2019-12-19T10:00:00Z,OTHER,GAS COGEN,44.12667134814792,58
2019-12-19T10:00:00Z,OTHER,OIL/GAS,45.560005056593155,53
2019-12-19T10:00:00Z,OTHER,WOOD/REFUSE,88.92573051452636,158
2019-12-19T10:00:00Z,SOLAR,SOLAR,0,15
2019-12-19T10:00:00Z,WIND,WIND,1295.0708885682955,1781
2019-12-19T11:00:00Z,COAL,COAL,2230.542437947591,5183
2019-12-19T11:00:00Z,DUAL FUEL,DUAL FUEL,467.62500483194987,540
2019-12-19T11:00:00Z,GAS,COGENERATION,4018.444450215631,5043
2019-12-19T11:00:00Z,GAS,COMBINED CYCLE,1237.4414808890554,1748
2019-12-19T11:00:00Z,GAS,SIMPLE CYCLE,116.99445210721757,905
2019-12-19T11:00:00Z,HYDRO,HYDRO,89.10834140717984,894
2019-12-19T11:00:00Z,OTHER,BIOMASS,116.06620525572035,154
2019-12-19T11:00:00Z,OTHER,GAS COGEN,44.04613972557915,58
2019-12-19T11:00:00Z,OTHER,OIL/GAS,45.74374348534478,53
2019-12-19T11:00:00Z,OTHER,WOOD/REFUSE,89.54719149271646,158
2019-12-19T11:00:00Z,SOLAR,SOLAR,0,15
2019-12-19T11:00:00Z,WIND,WIND,1296.241004726059,1781
2019-12-19T12:00:00Z,COAL,COAL,2388.557144296434,5183
2019-12-19T12:00:00Z,DUAL FUEL,DUAL FUEL,466.6427973683675,540
2019-12-19T12:00:00Z,GAS,COGENERATION,4013.571233318117,5043
2019-12-19T12:00:00Z,GAS,COMBINED CYCLE,1255.178489537239,1748
2019-12-19T12:00:00Z,GAS,SIMPLE CYCLE,116.70764867663382,905
2019-12-19T12:00:00Z,HYDRO,HYDRO,178.80213102959922,894
2019-12-19T12:00:00Z,OTHER,BIOMASS,115.99563913663228,154
2019-12-19T12:00:00Z,OTHER,GAS COGEN,44.96264962938097,58
2019-12-19T12:00:00Z,OTHER,OIL/GAS,45.66064877192179,53
2019-12-19T12:00:00Z,OTHER,WOOD/REFUSE,89.66755454540252,158
2019-12-19T12:00:00Z,SOLAR,SOLAR,0,15
2019-12-19T12:00:00Z,WIND,WIND,1293.019627521303,1781
2019-12-19T13:00:00Z,COAL,COAL,2546.141267859141,5183
2019-12-19T13:00:00Z,DUAL FUEL,DUAL FUEL,509.26998171488447,540
2019-12-19T13:00:00Z,GAS,COGENERATION,4021.1577485047114,5043
2019-12-19T13:00:00Z,GAS,COMBINED CYCLE,1377.7009716814755,1748
2019-12-19T13:00:00Z,GAS,SIMPLE CYCLE,126.74709608594576,905
2019-12-19T13:00:00Z,HYDRO,HYDRO,138.68366287370523,894
2019-12-19T13:00:00Z,OTHER,BIOMASS,118.71426690207588,154
2019-12-19T13:00:00Z,OTHER,GAS COGEN,44.960890140533444,58
2019-12-19T13:00:00Z,OTHER,OIL/GAS,45.650781834920245,53
2019-12-19T13:00:00Z,OTHER,WOOD/REFUSE,89.31029056655036,158
2019-12-19T13:00:00Z,SOLAR,SOLAR,0,15
2019-12-19T13:00:00Z,WIND,WIND,1255.7985146418876,1781
2019-12-19T14:00:00Z,COAL,COAL,2700.9354188071356,5183
2019-12-19T14:00:00Z,DUAL FUEL,DUAL FUEL,518.1269556087918,540
2019-12-19T14:00:00Z,GAS,COGENERATION,4014.460413332383,5043
2019-12-19T14:00:00Z,GAS,COMBINED CYCLE,1488.6754408057532,1748
2019-12-19T14:00:00Z,GAS,SIMPLE CYCLE,264.83542488581605,905
2019-12-19T14:00:00Z,HYDRO,HYDRO,168.40864687727557,894
2019-12-19T14:00:00Z,OTHER,BIOMASS,117.01876152356465,154
2019-12-19T14:00:00Z,OTHER,GAS COGEN,44.93232617060343,58
2019-12-19T14:00:00Z,OTHER,OIL/GAS,45.71147052341038,53
2019-12-19T14:00:00Z,OTHER,WOOD/REFUSE,89.1336827659607,158
2019-12-19T14:00:00Z,SOLAR,SOLAR,0,15
2019-12-19T14:00:00Z,WIND,WIND,1288.291766521136,1781
2019-12-19T15:00:00Z,COAL,COAL,2838.1154887919956,5183
2019-12-19T15:00:00Z,DUAL FUEL,DUAL FUEL,516.2328399488661,540
2019-12-19T15:00:00Z,GAS,COGENERATION,4007.3082595839765,5043
2019-12-19T15:00:00Z,GAS,COMBINED CYCLE,1525.9083047760857,1748
2019-12-19T15:00:00Z,GAS,SIMPLE CYCLE,286.9996663763126,905
2019-12-19T15:00:00Z,HYDRO,HYDRO,197.00573045568333,894
2019-12-19T15:00:00Z,OTHER,BIOMASS,117.58132860342663,154
2019-12-19T15:00:00Z,OTHER,GAS COGEN,45.01554370244344,58
2019-12-19T15:00:00Z,OTHER,OIL/GAS,45.50157076729669,53
2019-12-19T15:00:00Z,OTHER,WOOD/REFUSE,89.44138977474637,158
2019-12-19T15:00:00Z,SOLAR,SOLAR,0.01933333218097686,15
2019-12-19T15:00:00Z,WIND,WIND,1213.1421553479302,1781
2019-12-19T16:00:00Z,COAL,COAL,2985.453848946889,5183
2019-12-19T16:00:00Z,DUAL FUEL,DUAL FUEL,520.0791107008192,540
2019-12-19T16:00:00Z,GAS,COGENERATION,3990.728820872042,5043
2019-12-19T16:00:00Z,GAS,COMBINED CYCLE,1521.7054321331448,1748
2019-12-19T16:00:00Z,GAS,SIMPLE CYCLE,285.39896812756854,905
2019-12-19T16:00:00Z,HYDRO,HYDRO,172.80720980505149,894
2019-12-19T16:00:00Z,OTHER,BIOMASS,117.24922254668341,154
2019-12-19T16:00:00Z,OTHER,GAS COGEN,45.133711168501115,58
2019-12-19T16:00:00Z,OTHER,OIL/GAS,45.92195465299818,53
2019-12-19T16:00:00Z,OTHER,WOOD/REFUSE,86.51171022044288,158
2019-12-19T16:00:00Z,SOLAR,SOLAR,1.536833281815052,15
2019-12-19T16:00:00Z,WIND,WIND,1146.149040956762,1781
2019-12-19T17:00:00Z,COAL,COAL,3000.4058897272744,5183
2019-12-19T17:00:00Z,DUAL FUEL,DUAL FUEL,509.15689227210146,540
2019-12-19T17:00:00Z,GAS,COGENERATION,3992.66627505117,5043
2019-12-19T17:00:00Z,GAS,COMBINED CYCLE,1518.3848319980834,1748
2019-12-19T17:00:00Z,GAS,SIMPLE CYCLE,258.74121966540815,905
2019-12-19T17:00:00Z,HYDRO,HYDRO,164.03845145275196,894
2019-12-19T17:00:00Z,OTHER,BIOMASS,118.03282767825657,154
2019-12-19T17:00:00Z,OTHER,GAS COGEN,45.201747864617246,58
2019-12-19T17:00:00Z,OTHER,OIL/GAS,45.88372680452135,53
2019-12-19T17:00:00Z,OTHER,WOOD/REFUSE,86.56351153267755,158
2019-12-19T17:00:00Z,SOLAR,SOLAR,3.469277738465203,15
2019-12-19T17:00:00Z,WIND,WIND,1148.5705039479997,1781
2019-12-19T18:00:00Z,COAL,COAL,2870.669133025275,5183
2019-12-19T18:00:00Z,DUAL FUEL,DUAL FUEL,509.3619830322266,540
2019-12-19T18:00:00Z,GAS,COGENERATION,3980.3542486298084,5043
2019-12-19T18:00:00Z,GAS,COMBINED CYCLE,1505.8726713901096,1748
2019-12-19T18:00:00Z,GAS,SIMPLE CYCLE,252.6972295041879,905
2019-12-19T18:00:00Z,HYDRO,HYDRO,147.9616022862163,894
2019-12-19T18:00:00Z,OTHER,BIOMASS,113.49705638832516,154
2019-12-19T18:00:00Z,OTHER,GAS COGEN,45.20965984980265,58
2019-12-19T18:00:00Z,OTHER,OIL/GAS,45.7134148534139,53
2019-12-19T18:00:00Z,OTHER,WOOD/REFUSE,86.63676860173543,158
2019-12-19T18:00:00Z,SOLAR,SOLAR,2.1981666957007513,15
2019-12-19T18:00:00Z,WIND,WIND,1242.0599640646908,1781
2019-12-19T19:00:00Z,COAL,COAL,2701.7176183721754,5183
2019-12-19T19:00:00Z,DUAL FUEL,DUAL FUEL,508.9524275885688,540
2019-12-19T19:00:00Z,GAS,COGENERATION,3978.1803938251073,5043
2019-12-19T19:00:00Z,GAS,COMBINED CYCLE,1504.0264248625438,1748
2019-12-19T19:00:00Z,GAS,SIMPLE CYCLE,286.9171164296402,905
2019-12-19T19:00:00Z,HYDRO,HYDRO,152.7248875845803,894
2019-12-19T19:00:00Z,OTHER,BIOMASS,110.22676702923246,154
2019-12-19T19:00:00Z,OTHER,GAS COGEN,45.38589758343167,58
2019-12-19T19:00:00Z,OTHER,OIL/GAS,45.50699852625529,53
2019-12-19T19:00:00Z,OTHER,WOOD/REFUSE,87.80445500479803,158
2019-12-19T19:00:00Z,SOLAR,SOLAR,2.322500028212865,15
2019-12-19T19:00:00Z,WIND,WIND,1320.8535448230637,1781
2019-12-19T20:00:00Z,COAL,COAL,2670.1437314923605,5183
2019-12-19T20:00:00Z,DUAL FUEL,DUAL FUEL,505.81921007368305,540
2019-12-19T20:00:00Z,GAS,COGENERATION,3970.3673185381626,5043
2019-12-19T20:00:00Z,GAS,COMBINED CYCLE,1512.4580552832285,1748
2019-12-19T20:00:00Z,GAS,SIMPLE CYCLE,288.39141995747883,905
2019-12-19T20:00:00Z,HYDRO,HYDRO,173.6815656208992,894
2019-12-19T20:00:00Z,OTHER,BIOMASS,108.01051095644632,154
2019-12-19T20:00:00Z,OTHER,GAS COGEN,45.75177763621012,58
2019-12-19T20:00:00Z,OTHER,OIL/GAS,45.80993774202135,53
2019-12-19T20:00:00Z,OTHER,WOOD/REFUSE,87.14271215279898,158
2019-12-19T20:00:00Z,SOLAR,SOLAR,2.792444441318512,15
2019-12-19T20:00:00Z,WIND,WIND,1299.5195049787892,1781
2019-12-19T21:00:00Z,COAL,COAL,2765.42992922465,5183
2019-12-19T21:00:00Z,DUAL FUEL,DUAL FUEL,512.7280937788221,540
2019-12-19T21:00:00Z,GAS,COGENERATION,3974.857243680474,5043
2019-12-19T21:00:00Z,GAS,COMBINED CYCLE,1506.1628726545969,1748
2019-12-19T21:00:00Z,GAS,SIMPLE CYCLE,288.63000420928,905
2019-12-19T21:00:00Z,HYDRO,HYDRO,166.0291937283261,894
2019-12-19T21:00:00Z,OTHER,BIOMASS,102.19213345898523,154
2019-12-19T21:00:00Z,OTHER,GAS COGEN,45.78053615358141,58
2019-12-19T21:00:00Z,OTHER,OIL/GAS,45.76695416344537,53
2019-12-19T21:00:00Z,OTHER,WOOD/REFUSE,86.91565694173178,158
2019-12-19T21:00:00Z,SOLAR,SOLAR,3.516611032353507,15
2019-12-19T21:00:00Z,WIND,WIND,1276.0053709159956,1781
2019-12-19T22:00:00Z,COAL,COAL,2779.885734623803,5183
2019-12-19T22:00:00Z,DUAL FUEL,DUAL FUEL,517.0052404446072,540
2019-12-19T22:00:00Z,GAS,COGENERATION,3972.477119231092,5043
2019-12-19T22:00:00Z,GAS,COMBINED CYCLE,1510.023211907281,1748
2019-12-19T22:00:00Z,GAS,SIMPLE CYCLE,290.0378962082333,905
2019-12-19T22:00:00Z,HYDRO,HYDRO,175.1718426024086,894
2019-12-19T22:00:00Z,OTHER,BIOMASS,105.36732763290405,154
2019-12-19T22:00:00Z,OTHER,GAS COGEN,45.81571030722724,58
2019-12-19T22:00:00Z,OTHER,OIL/GAS,45.252665759192574,53
2019-12-19T22:00:00Z,OTHER,WOOD/REFUSE,85.31633159478505,158
2019-12-19T22:00:00Z,SOLAR,SOLAR,1.2208333013289503,15
2019-12-19T22:00:00Z,WIND,WIND,1299.9688448338377,1781
2019-12-19T23:00:00Z,COAL,COAL,2918.632176200019,5183
2019-12-19T23:00:00Z,DUAL FUEL,DUAL FUEL,514.7901253424751,540
2019-12-19T23:00:00Z,GAS,COGENERATION,3972.4944727104407,5043
2019-12-19T23:00:00Z,GAS,COMBINED CYCLE,1524.649722240236,1748
2019-12-19T23:00:00Z,GAS,SIMPLE CYCLE,366.7900954524676,905
2019-12-19T23:00:00Z,HYDRO,HYDRO,286.16429953215027,894
2019-12-19T23:00:00Z,OTHER,BIOMASS,106.79855008231269,154
2019-12-19T23:00:00Z,OTHER,GAS COGEN,45.82175323698256,58
2019-12-19T23:00:00Z,OTHER,OIL/GAS,45.305848876105415,53
2019-12-19T23:00:00Z,OTHER,WOOD/REFUSE,88.00624385303922,158
2019-12-19T23:00:00Z,SOLAR,SOLAR,0,15
2019-12-19T23:00:00Z,WIND,WIND,1224.7604982814523,1781
2019-12-20T00:00:00Z,COAL,COAL,3051.618007282681,5183
2019-12-20T00:00:00Z,DUAL FUEL,DUAL FUEL,516.1402094607884,540
2019-12-20T00:00:00Z,GAS,COGENERATION,3983.758796333869,5043
2019-12-20T00:00:00Z,GAS,COMBINED CYCLE,1544.9915029716492,1748
2019-12-20T00:00:00Z,GAS,SIMPLE CYCLE,408.6757847752836,905
2019-12-20T00:00:00Z,HYDRO,HYDRO,245.55536664452816,894
2019-12-20T00:00:00Z,OTHER,BIOMASS,112.13067252635955,154
2019-12-20T00:00:00Z,OTHER,GAS COGEN,45.840477792951795,58
2019-12-20T00:00:00Z,OTHER,OIL/GAS,45.69494358698527,53
2019-12-20T00:00:00Z,OTHER,WOOD/REFUSE,97.08519265545739,158
2019-12-20T00:00:00Z,SOLAR,SOLAR,0,15
2019-12-20T00:00:00Z,WIND,WIND,1171.3668651419382,1781
2019-12-20T01:00:00Z,COAL,COAL,3110.728426346249,5183
2019-12-20T01:00:00Z,DUAL FUEL,DUAL FUEL,517.7819498867459,540
2019-12-20T01:00:00Z,GAS,COGENERATION,3974.1404140598243,5043
2019-12-20T01:00:00Z,GAS,COMBINED CYCLE,1441.6799953725604,1748
2019-12-20T01:00:00Z,GAS,SIMPLE CYCLE,388.01469871434904,905
2019-12-20T01:00:00Z,HYDRO,HYDRO,219.9043482446836,894
2019-12-20T01:00:00Z,OTHER,BIOMASS,111.71151584943135,154
2019-12-20T01:00:00Z,OTHER,GAS COGEN,45.73217317422231,58
2019-12-20T01:00:00Z,OTHER,OIL/GAS,45.47232649909125,53
2019-12-20T01:00:00Z,OTHER,WOOD/REFUSE,89.96900060282813,158
2019-12-20T01:00:00Z,SOLAR,SOLAR,0,15
2019-12-20T01:00:00Z,WIND,WIND,1110.5063348462515,1781
2019-12-20T02:00:00Z,COAL,COAL,3146.8684490776063,5183
2019-12-20T02:00:00Z,DUAL FUEL,DUAL FUEL,516.0039088270399,540
2019-12-20T02:00:00Z,GAS,COGENERATION,3974.7476613684494,5043
2019-12-20T02:00:00Z,GAS,COMBINED CYCLE,1407.9780195995834,1748
2019-12-20T02:00:00Z,GAS,SIMPLE CYCLE,353.7814239436057,905
2019-12-20T02:00:00Z,HYDRO,HYDRO,285.44669043574066,894
2019-12-20T02:00:00Z,OTHER,BIOMASS,110.67097744358911,154
2019-12-20T02:00:00Z,OTHER,GAS COGEN,45.70046115292443,58
2019-12-20T02:00:00Z,OTHER,OIL/GAS,45.724036916097006,53
2019-12-20T02:00:00Z,OTHER,WOOD/REFUSE,89.12351655536227,158
2019-12-20T02:00:00Z,SOLAR,SOLAR,0,15
2019-12-20T02:00:00Z,WIND,WIND,941.8003837245755,1781
2019-12-20T03:00:00Z,COAL,COAL,3034.105452668932,5183
2019-12-20T03:00:00Z,DUAL FUEL,DUAL FUEL,519.8049583011203,540
2019-12-20T03:00:00Z,GAS,COGENERATION,3972.5818965044286,5043
2019-12-20T03:00:00Z,GAS,COMBINED CYCLE,1506.726801155408,1748
2019-12-20T03:00:00Z,GAS,SIMPLE CYCLE,397.07238464547527,905
2019-12-20T03:00:00Z,HYDRO,HYDRO,261.91372143195736,894
2019-12-20T03:00:00Z,OTHER,BIOMASS,116.89147813638051,154
2019-12-20T03:00:00Z,OTHER,GAS COGEN,45.666298674477474,58
2019-12-20T03:00:00Z,OTHER,OIL/GAS,45.41183203591241,53
2019-12-20T03:00:00Z,OTHER,WOOD/REFUSE,92.38612067328559,158
2019-12-20T03:00:00Z,SOLAR,SOLAR,0,15
2019-12-20T03:00:00Z,WIND,WIND,781.759418693218,1781
2019-12-20T04:00:00Z,COAL,COAL,3130.928625017802,5183
2019-12-20T04:00:00Z,DUAL FUEL,DUAL FUEL,518.4598467085096,540
2019-12-20T04:00:00Z,GAS,COGENERATION,3976.1966302749847,5043
2019-12-20T04:00:00Z,GAS,COMBINED CYCLE,1520.7403104117182,1748
2019-12-20T04:00:00Z,GAS,SIMPLE CYCLE,434.00243549684683,905
2019-12-20T04:00:00Z,HYDRO,HYDRO,217.6785875715481,894
2019-12-20T04:00:00Z,OTHER,BIOMASS,121.51461807992723,154
2019-12-20T04:00:00Z,OTHER,GAS COGEN,45.31904371208615,58
2019-12-20T04:00:00Z,OTHER,OIL/GAS,45.59360458374024,53
2019-12-20T04:00:00Z,OTHER,WOOD/REFUSE,95.55611307885911,158
2019-12-20T04:00:00Z,SOLAR,SOLAR,0,15
2019-12-20T04:00:00Z,WIND,WIND,478.7174745771289,1781
2019-12-20T05:00:00Z,COAL,COAL,3174.8447211032444,5183
2019-12-20T05:00:00Z,DUAL FUEL,DUAL FUEL,515.9936872524686,540
2019-12-20T05:00:00Z,GAS,COGENERATION,3966.417927493652,5043
2019-12-20T05:00:00Z,GAS,COMBINED CYCLE,1432.663674789005,1748
2019-12-20T05:00:00Z,GAS,SIMPLE CYCLE,378.1213377381696,905
2019-12-20T05:00:00Z,HYDRO,HYDRO,100.00265655388435,894
2019-12-20T05:00:00Z,OTHER,BIOMASS,124.75244079642826,154
2019-12-20T05:00:00Z,OTHER,GAS COGEN,45.75109160847134,58
2019-12-20T05:00:00Z,OTHER,OIL/GAS,45.472320880889896,53
2019-12-20T05:00:00Z,OTHER,WOOD/REFUSE,93.71989486906263,158
2019-12-20T05:00:00Z,SOLAR,SOLAR,0,15
2019-12-20T05:00:00Z,WIND,WIND,408.3800844644838,1781
2019-12-20T06:00:00Z,COAL,COAL,3002.460140208403,5183
2019-12-20T06:00:00Z,DUAL FUEL,DUAL FUEL,509.67426972283255,540
2019-12-20T06:00:00Z,GAS,COGENERATION,3963.147474571334,5043
2019-12-20T06:00:00Z,GAS,COMBINED CYCLE,1248.2554426638285,1748
2019-12-20T06:00:00Z,GAS,SIMPLE CYCLE,288.5560127694077,905
2019-12-20T06:00:00Z,HYDRO,HYDRO,145.14378708347678,894
2019-12-20T06:00:00Z,OTHER,BIOMASS,123.03946258968777,154
2019-12-20T06:00:00Z,OTHER,GAS COGEN,45.75151877933078,58
2019-12-20T06:00:00Z,OTHER,OIL/GAS,45.325381925370955,53
2019-12-20T06:00:00Z,OTHER,WOOD/REFUSE,88.03889202753703,158
2019-12-20T06:00:00Z,SOLAR,SOLAR,0,15
2019-12-20T06:00:00Z,WIND,WIND,526.7135812497801,1781
2019-12-20T07:00:00Z,COAL,COAL,2634.043418751425,5183
2019-12-20T07:00:00Z,DUAL FUEL,DUAL FUEL,519.7064183383518,540
2019-12-20T07:00:00Z,GAS,COGENERATION,3948.957990510364,5043
2019-12-20T07:00:00Z,GAS,COMBINED CYCLE,1252.480993601481,1748
2019-12-20T07:00:00Z,GAS,SIMPLE CYCLE,219.03430579900743,905
2019-12-20T07:00:00Z,HYDRO,HYDRO,89.54782582610845,894
2019-12-20T07:00:00Z,OTHER,BIOMASS,120.38585643874274,154
2019-12-20T07:00:00Z,OTHER,GAS COGEN,45.71226641019185,58
2019-12-20T07:00:00Z,OTHER,OIL/GAS,45.264231287638346,53
2019-12-20T07:00:00Z,OTHER,WOOD/REFUSE,86.97724389076232,158
2019-12-20T07:00:00Z,SOLAR,SOLAR,0,15
2019-12-20T07:00:00Z,WIND,WIND,731.6072651711852,1781
2019-12-20T08:00:00Z,COAL,COAL,2457.7202390072084,5183
2019-12-20T08:00:00Z,DUAL FUEL,DUAL FUEL,514.0468791029189,540
2019-12-20T08:00:00Z,GAS,COGENERATION,3949.0940890035367,5043
2019-12-20T08:00:00Z,GAS,COMBINED CYCLE,1262.3497594708867,1748
2019-12-20T08:00:00Z,GAS,SIMPLE CYCLE,213.00736156635816,905
2019-12-20T08:00:00Z,HYDRO,HYDRO,100.1219862650666,894
2019-12-20T08:00:00Z,OTHER,BIOMASS,122.74492871072557,154
2019-12-20T08:00:00Z,OTHER,GAS COGEN,45.67215618186526,58
2019-12-20T08:00:00Z,OTHER,OIL/GAS,45.37646017922295,53
2019-12-20T08:00:00Z,OTHER,WOOD/REFUSE,88.42836394574907,158
2019-12-20T08:00:00Z,SOLAR,SOLAR,0,15
2019-12-20T08:00:00Z,WIND,WIND,783.2549675489962,1781
2019-12-20T09:00:00Z,COAL,COAL,2376.0407976562446,5183
2019-12-20T09:00:00Z,DUAL FUEL,DUAL FUEL,512.7293601226806,540
2019-12-20T09:00:00Z,GAS,COGENERATION,3939.9947481585873,5043
2019-12-20T09:00:00Z,GAS,COMBINED CYCLE,1222.5855097092522,1748
2019-12-20T09:00:00Z,GAS,SIMPLE CYCLE,212.61471786654658,905
2019-12-20T09:00:00Z,HYDRO,HYDRO,61.41858852833509,894
2019-12-20T09:00:00Z,OTHER,BIOMASS,117.96505668958028,154
2019-12-20T09:00:00Z,OTHER,GAS COGEN,45.655432874891495,58
2019-12-20T09:00:00Z,OTHER,OIL/GAS,45.464882089826794,53
2019-12-20T09:00:00Z,OTHER,WOOD/REFUSE,88.81821612358092,158
2019-12-20T09:00:00Z,SOLAR,SOLAR,0,15
2019-12-20T09:00:00Z,WIND,WIND,926.8712609709303,1781
2019-12-20T10:00:00Z,COAL,COAL,2197.2966700320776,5183
2019-12-20T10:00:00Z,DUAL FUEL,DUAL FUEL,510.86272268507213,540
2019-12-20T10:00:00Z,GAS,COGENERATION,3944.164477406078,5043
2019-12-20T10:00:00Z,GAS,COMBINED CYCLE,1212.440171170632,1748
2019-12-20T10:00:00Z,GAS,SIMPLE CYCLE,117.04941661622789,905
2019-12-20T10:00:00Z,HYDRO,HYDRO,78.327720773783,894
2019-12-20T10:00:00Z,OTHER,BIOMASS,118.53119791931576,154
2019-12-20T10:00:00Z,OTHER,GAS COGEN,45.580546992090014,58
2019-12-20T10:00:00Z,OTHER,OIL/GAS,45.56307027816772,53
2019-12-20T10:00:00Z,OTHER,WOOD/REFUSE,88.8349490377638,158
2019-12-20T10:00:00Z,SOLAR,SOLAR,0,15
2019-12-20T10:00:00Z,WIND,WIND,1193.4040994161699,1781
2019-12-20T11:00:00Z,COAL,COAL,2117.9699906975693,5183
2019-12-20T11:00:00Z,DUAL FUEL,DUAL FUEL,509.41105986701115,540
2019-12-20T11:00:00Z,GAS,COGENERATION,3950.1491022666296,5043
2019-12-20T11:00:00Z,GAS,COMBINED CYCLE,1220.1203362205292,1748
2019-12-20T11:00:00Z,GAS,SIMPLE CYCLE,115.23839599715339,905
2019-12-20T11:00:00Z,HYDRO,HYDRO,87.31066905316379,894
2019-12-20T11:00:00Z,OTHER,BIOMASS,120.42206768459745,154
2019-12-20T11:00:00Z,OTHER,GAS COGEN,45.50947601530287,58
2019-12-20T11:00:00Z,OTHER,OIL/GAS,45.19218809975518,53
2019-12-20T11:00:00Z,OTHER,WOOD/REFUSE,88.60958604547713,158
2019-12-20T11:00:00Z,SOLAR,SOLAR,0,15
2019-12-20T11:00:00Z,WIND,WIND,1321.8567110708025,1781
2019-12-20T12:00:00Z,COAL,COAL,2153.7763556716177,5183
2019-12-20T12:00:00Z,DUAL FUEL,DUAL FUEL,507.947945022583,540
2019-12-20T12:00:00Z,GAS,COGENERATION,3943.9831028323706,5043
2019-12-20T12:00:00Z,GAS,COMBINED CYCLE,1224.8141572925779,1748
2019-12-20T12:00:00Z,GAS,SIMPLE CYCLE,114.65157172467974,905
2019-12-20T12:00:00Z,HYDRO,HYDRO,131.64431933790445,894
2019-12-20T12:00:00Z,OTHER,BIOMASS,118.42063772307502,154
2019-12-20T12:00:00Z,OTHER,GAS COGEN,45.51882227897644,58
2019-12-20T12:00:00Z,OTHER,OIL/GAS,45.4213372654385,53
2019-12-20T12:00:00Z,OTHER,WOOD/REFUSE,88.83613463719686,158
2019-12-20T12:00:00Z,SOLAR,SOLAR,0,15
2019-12-20T12:00:00Z,WIND,WIND,1418.04405700273,1781
2019-12-20T13:00:00Z,COAL,COAL,2344.3072611643206,5183
2019-12-20T13:00:00Z,DUAL FUEL,DUAL FUEL,510.4662846967909,540
2019-12-20T13:00:00Z,GAS,COGENERATION,3949.8260224723817,5043
2019-12-20T13:00:00Z,GAS,COMBINED CYCLE,1287.7092529519398,1748
2019-12-20T13:00:00Z,GAS,SIMPLE CYCLE,113.82172747717964,905
2019-12-20T13:00:00Z,HYDRO,HYDRO,180.6361674386925,894
2019-12-20T13:00:00Z,OTHER,BIOMASS,116.9485070435206,154
2019-12-20T13:00:00Z,OTHER,GAS COGEN,45.476689069536,58
2019-12-20T13:00:00Z,OTHER,OIL/GAS,45.42228726069133,53
2019-12-20T13:00:00Z,OTHER,WOOD/REFUSE,88.17391718387603,158
2019-12-20T13:00:00Z,SOLAR,SOLAR,0,15
2019-12-20T13:00:00Z,WIND,WIND,1458.9310064556203,1781
2019-12-20T14:00:00Z,COAL,COAL,2628.444755161603,5183
2019-12-20T14:00:00Z,DUAL FUEL,DUAL FUEL,523.8124480099148,540
2019-12-20T14:00:00Z,GAS,COGENERATION,3950.9876221473846,5043
2019-12-20T14:00:00Z,GAS,COMBINED CYCLE,1464.8308123715055,1748
2019-12-20T14:00:00Z,GAS,SIMPLE CYCLE,103.77837807635466,905
2019-12-20T14:00:00Z,HYDRO,HYDRO,260.7578259138929,894
2019-12-20T14:00:00Z,OTHER,BIOMASS,117.9208902311325,154
2019-12-20T14:00:00Z,OTHER,GAS COGEN,45.45747900644938,58
2019-12-20T14:00:00Z,OTHER,OIL/GAS,45.125293793148465,53
2019-12-20T14:00:00Z,OTHER,WOOD/REFUSE,88.34897982756297,158
2019-12-20T14:00:00Z,SOLAR,SOLAR,0,15
2019-12-20T14:00:00Z,WIND,WIND,1391.0296832413144,1781
2019-12-20T15:00:00Z,COAL,COAL,2738.4197402409714,5183
2019-12-20T15:00:00Z,DUAL FUEL,DUAL FUEL,516.2003323279487,540
2019-12-20T15:00:00Z,GAS,COGENERATION,3928.4842669905556,5043
2019-12-20T15:00:00Z,GAS,COMBINED CYCLE,1488.0863017961715,1748
2019-12-20T15:00:00Z,GAS,SIMPLE CYCLE,278.3870664021704,905
2019-12-20T15:00:00Z,HYDRO,HYDRO,152.25856825855044,894
2019-12-20T15:00:00Z,OTHER,BIOMASS,117.83495635880364,154
2019-12-20T15:00:00Z,OTHER,GAS COGEN,45.51242287741767,58
2019-12-20T15:00:00Z,OTHER,OIL/GAS,45.74571025000678,53
2019-12-20T15:00:00Z,OTHER,WOOD/REFUSE,88.92359506554074,158
2019-12-20T15:00:00Z,SOLAR,SOLAR,0.03683333113789558,15
2019-12-20T15:00:00Z,WIND,WIND,1376.9542491028044,1781
2019-12-20T16:00:00Z,COAL,COAL,2753.076925011741,5183
2019-12-20T16:00:00Z,DUAL FUEL,DUAL FUEL,517.445714263916,540
2019-12-20T16:00:00Z,GAS,COGENERATION,3931.3725088993706,5043
2019-12-20T16:00:00Z,GAS,COMBINED CYCLE,1504.7804844925138,1748
2019-12-20T16:00:00Z,GAS,SIMPLE CYCLE,243.22477263119487,905
2019-12-20T16:00:00Z,HYDRO,HYDRO,215.4350175635682,894
2019-12-20T16:00:00Z,OTHER,BIOMASS,119.41730630556742,154
2019-12-20T16:00:00Z,OTHER,GAS COGEN,45.55919767803616,58
2019-12-20T16:00:00Z,OTHER,OIL/GAS,45.54124371210734,53
2019-12-20T16:00:00Z,OTHER,WOOD/REFUSE,89.3351284541024,158
2019-12-20T16:00:00Z,SOLAR,SOLAR,1.626055516352256,15
2019-12-20T16:00:00Z,WIND,WIND,1327.637073966397,1781
2019-12-20T17:00:00Z,COAL,COAL,2845.8075971190133,5183
2019-12-20T17:00:00Z,DUAL FUEL,DUAL FUEL,517.9118807983398,540
2019-12-20T17:00:00Z,GAS,COGENERATION,3907.2121363356378,5043
2019-12-20T17:00:00Z,GAS,COMBINED CYCLE,1491.6354859574635,1748
2019-12-20T17:00:00Z,GAS,SIMPLE CYCLE,248.6659599044588,905
2019-12-20T17:00:00Z,HYDRO,HYDRO,183.9831212277876,894
2019-12-20T17:00:00Z,OTHER,BIOMASS,121.34920627541013,154
2019-12-20T17:00:00Z,OTHER,GAS COGEN,45.60179484261407,58
2019-12-20T17:00:00Z,OTHER,OIL/GAS,45.56536456214057,53
2019-12-20T17:00:00Z,OTHER,WOOD/REFUSE,89.11946119679345,158
2019-12-20T17:00:00Z,SOLAR,SOLAR,3.2752221362458336,15
2019-12-20T17:00:00Z,WIND,WIND,1329.407232410378,1781
2019-12-20T18:00:00Z,COAL,COAL,2997.817658145693,5183
2019-12-20T18:00:00Z,DUAL FUEL,DUAL FUEL,522.7634468672011,540
2019-12-20T18:00:00Z,GAS,COGENERATION,3861.5710194330745,5043
2019-12-20T18:00:00Z,GAS,COMBINED CYCLE,1398.3694636408488,1748
2019-12-20T18:00:00Z,GAS,SIMPLE CYCLE,235.40068031311034,905
2019-12-20T18:00:00Z,HYDRO,HYDRO,152.50569708802635,894
2019-12-20T18:00:00Z,OTHER,BIOMASS,119.02160570409563,154
2019-12-20T18:00:00Z,OTHER,GAS COGEN,45.59131333880954,58
2019-12-20T18:00:00Z,OTHER,OIL/GAS,46.220143207973905,53
2019-12-20T18:00:00Z,OTHER,WOOD/REFUSE,87.49763857152728,158
2019-12-20T18:00:00Z,SOLAR,SOLAR,4.810999886857139,15
2019-12-20T18:00:00Z,WIND,WIND,1307.9951996865536,1781
2019-12-20T19:00:00Z,COAL,COAL,2942.8666307205626,5183
2019-12-20T19:00:00Z,DUAL FUEL,DUAL FUEL,521.0712318929037,540
2019-12-20T19:00:00Z,GAS,COGENERATION,3862.6964804024165,5043
2019-12-20T19:00:00Z,GAS,COMBINED CYCLE,1319.4922669103412,1748
2019-12-20T19:00:00Z,GAS,SIMPLE CYCLE,236.88584066020118,905
2019-12-20T19:00:00Z,HYDRO,HYDRO,194.9872373240855,894
2019-12-20T19:00:00Z,OTHER,BIOMASS,121.45483432028028,154
2019-12-20T19:00:00Z,OTHER,GAS COGEN,45.56811189227634,58
2019-12-20T19:00:00Z,OTHER,OIL/GAS,46.4144604449802,53
2019-12-20T19:00:00Z,OTHER,WOOD/REFUSE,87.31851884841919,158
2019-12-20T19:00:00Z,SOLAR,SOLAR,5.025055443843206,15
2019-12-20T19:00:00Z,WIND,WIND,1317.125830977857,1781
2019-12-20T20:00:00Z,COAL,COAL,2986.4123733912575,5183
2019-12-20T20:00:00Z,DUAL FUEL,DUAL FUEL,515.4937512885199,540
2019-12-20T20:00:00Z,GAS,COGENERATION,3901.1831144682565,5043
2019-12-20T20:00:00Z,GAS,COMBINED CYCLE,1304.4893801879882,1748
2019-12-20T20:00:00Z,GAS,SIMPLE CYCLE,262.1150158670214,905
2019-12-20T20:00:00Z,HYDRO,HYDRO,206.76944086670875,894
2019-12-20T20:00:00Z,OTHER,BIOMASS,123.39000635888841,154
2019-12-20T20:00:00Z,OTHER,GAS COGEN,45.540137360890704,58
2019-12-20T20:00:00Z,OTHER,OIL/GAS,46.81027051077949,53
2019-12-20T20:00:00Z,OTHER,WOOD/REFUSE,89.32651757028367,158
2019-12-20T20:00:00Z,SOLAR,SOLAR,4.74988873216841,15
2019-12-20T20:00:00Z,WIND,WIND,1237.436711504625,1781
2019-12-20T21:00:00Z,COAL,COAL,2902.3509535736507,5183
2019-12-20T21:00:00Z,DUAL FUEL,DUAL FUEL,520.90138067457406,540
2019-12-20T21:00:00Z,GAS,COGENERATION,3910.4685241035622,5043
2019-12-20T21:00:00Z,GAS,COMBINED CYCLE,1427.495803208881,1748
2019-12-20T21:00:00Z,GAS,SIMPLE CYCLE,263.08266363730036,905
2019-12-20T21:00:00Z,HYDRO,HYDRO,183.42976461248264,894
2019-12-20T21:00:00Z,OTHER,BIOMASS,121.89480615668828,154
2019-12-20T21:00:00Z,OTHER,GAS COGEN,45.57135737101237,58
2019-12-20T21:00:00Z,OTHER,OIL/GAS,46.470209191640215,53
2019-12-20T21:00:00Z,OTHER,WOOD/REFUSE,89.11954311476813,158
2019-12-20T21:00:00Z,SOLAR,SOLAR,3.757166549099816,15
2019-12-20T21:00:00Z,WIND,WIND,1153.1292038365204,1781
2019-12-20T22:00:00Z,COAL,COAL,2818.530929134422,5183
2019-12-20T22:00:00Z,DUAL FUEL,DUAL FUEL,521.572910486857,540
2019-12-20T22:00:00Z,GAS,COGENERATION,3925.3115866141848,5043
2019-12-20T22:00:00Z,GAS,COMBINED CYCLE,1485.3625738069745,1748
2019-12-20T22:00:00Z,GAS,SIMPLE CYCLE,320.4286581783824,905
2019-12-20T22:00:00Z,HYDRO,HYDRO,221.69280663783348,894
2019-12-20T22:00:00Z,OTHER,BIOMASS,122.26383882416619,154
2019-12-20T22:00:00Z,OTHER,GAS COGEN,45.678670724232994,58
2019-12-20T22:00:00Z,OTHER,OIL/GAS,46.81372578303019,53
2019-12-20T22:00:00Z,OTHER,WOOD/REFUSE,89.13726846694946,158
2019-12-20T22:00:00Z,SOLAR,SOLAR,1.1428333042727576,15
2019-12-20T22:00:00Z,WIND,WIND,1127.9734741796387,1781
2019-12-20T23:00:00Z,COAL,COAL,2990.5903688971202,5183
2019-12-20T23:00:00Z,DUAL FUEL,DUAL FUEL,526.4496811676025,540
2019-12-20T23:00:00Z,GAS,COGENERATION,3957.855901136092,5043
2019-12-20T23:00:00Z,GAS,COMBINED CYCLE,1491.582784541448,1748
2019-12-20T23:00:00Z,GAS,SIMPLE CYCLE,392.0397067314883,905
2019-12-20T23:00:00Z,HYDRO,HYDRO,278.4247675409582,894
2019-12-20T23:00:00Z,OTHER,BIOMASS,120.07975130981869,154
2019-12-20T23:00:00Z,OTHER,GAS COGEN,45.827163497077095,58
2019-12-20T23:00:00Z,OTHER,OIL/GAS,46.16373159620497,53
2019-12-20T23:00:00Z,OTHER,WOOD/REFUSE,94.91826255374485,158
2019-12-20T23:00:00Z,SOLAR,SOLAR,0,15
2019-12-20T23:00:00Z,WIND,WIND,1005.1690479069285,1781
2019-12-21T00:00:00Z,COAL,COAL,3018.4740188683404,5183
2019-12-21T00:00:00Z,DUAL FUEL,DUAL FUEL,523.2142606692844,540
2019-12-21T00:00:00Z,GAS,COGENERATION,3957.9915245639613,5043
2019-12-21T00:00:00Z,GAS,COMBINED CYCLE,1516.310906993548,1748
2019-12-21T00:00:00Z,GAS,SIMPLE CYCLE,421.8089915786849,905
2019-12-21T00:00:00Z,HYDRO,HYDRO,226.604706139697,894
2019-12-21T00:00:00Z,OTHER,BIOMASS,122.73446226437886,154
2019-12-21T00:00:00Z,OTHER,GAS COGEN,45.72839248869154,58
2019-12-21T00:00:00Z,OTHER,OIL/GAS,46.49593297958374,53
2019-12-21T00:00:00Z,OTHER,WOOD/REFUSE,96.41928619808621,158
2019-12-21T00:00:00Z,SOLAR,SOLAR,0,15
2019-12-21T00:00:00Z,WIND,WIND,990.6548843687442,1781
2019-12-21T01:00:00Z,COAL,COAL,2949.1988156512048,5183
2019-12-21T01:00:00Z,DUAL FUEL,DUAL FUEL,522.4495840454101,540
2019-12-21T01:00:00Z,GAS,COGENERATION,3960.406945846677,5043
2019-12-21T01:00:00Z,GAS,COMBINED CYCLE,1463.8959071445465,1748
2019-12-21T01:00:00Z,GAS,SIMPLE CYCLE,424.65178287214707,905
2019-12-21T01:00:00Z,HYDRO,HYDRO,241.12386528730391,894
2019-12-21T01:00:00Z,OTHER,BIOMASS,124.28576162285275,154
2019-12-21T01:00:00Z,OTHER,GAS COGEN,45.729077827135725,58
2019-12-21T01:00:00Z,OTHER,OIL/GAS,46.91214270485772,53
2019-12-21T01:00:00Z,OTHER,WOOD/REFUSE,97.01367740048302,158
2019-12-21T01:00:00Z,SOLAR,SOLAR,0,15
2019-12-21T01:00:00Z,WIND,WIND,966.023417810864,1781
2019-12-21T02:00:00Z,COAL,COAL,2919.3871197149488,5183
2019-12-21T02:00:00Z,DUAL FUEL,DUAL FUEL,525.5406376987033,540
2019-12-21T02:00:00Z,GAS,COGENERATION,3967.635054642161,5043
2019-12-21T02:00:00Z,GAS,COMBINED CYCLE,1394.6152372519175,1748
2019-12-21T02:00:00Z,GAS,SIMPLE CYCLE,376.91310803708103,905
2019-12-21T02:00:00Z,HYDRO,HYDRO,254.8175678614113,894
2019-12-21T02:00:00Z,OTHER,BIOMASS,122.69976177056631,154
2019-12-21T02:00:00Z,OTHER,GAS COGEN,45.6108213657803,58
2019-12-21T02:00:00Z,OTHER,OIL/GAS,46.81136079364353,53
2019-12-21T02:00:00Z,OTHER,WOOD/REFUSE,90.58644707467822,158
2019-12-21T02:00:00Z,SOLAR,SOLAR,0,15
2019-12-21T02:00:00Z,WIND,WIND,999.6379004818367,1781
2019-12-21T03:00:00Z,COAL,COAL,2887.779680073129,5183
2019-12-21T03:00:00Z,DUAL FUEL,DUAL FUEL,524.1213179355198,540
2019-12-21T03:00:00Z,GAS,COGENERATION,3983.4757384528716,5043
2019-12-21T03:00:00Z,GAS,COMBINED CYCLE,1394.5054739892482,1748
2019-12-21T03:00:00Z,GAS,SIMPLE CYCLE,351.2949587920805,905
2019-12-21T03:00:00Z,HYDRO,HYDRO,313.8808966463142,894
2019-12-21T03:00:00Z,OTHER,BIOMASS,120.92414530701107,154
2019-12-21T03:00:00Z,OTHER,GAS COGEN,45.67186590883467,58
2019-12-21T03:00:00Z,OTHER,OIL/GAS,46.887932501898874,53
2019-12-21T03:00:00Z,OTHER,WOOD/REFUSE,88.8681983534495,158
2019-12-21T03:00:00Z,SOLAR,SOLAR,0,15
2019-12-21T03:00:00Z,WIND,WIND,894.3226113347957,1781
2019-12-21T04:00:00Z,COAL,COAL,2988.8934296372204,5183
2019-12-21T04:00:00Z,DUAL FUEL,DUAL FUEL,514.0732756974962,540
2019-12-21T04:00:00Z,GAS,COGENERATION,3985.026248741746,5043
2019-12-21T04:00:00Z,GAS,COMBINED CYCLE,1397.2036623750794,1748
2019-12-21T04:00:00Z,GAS,SIMPLE CYCLE,333.52987243990106,905
2019-12-21T04:00:00Z,HYDRO,HYDRO,248.5275263119572,894
2019-12-21T04:00:00Z,OTHER,BIOMASS,123.10176823457081,154
2019-12-21T04:00:00Z,OTHER,GAS COGEN,45.43620158407423,58
2019-12-21T04:00:00Z,OTHER,OIL/GAS,47.20104907141791,53
2019-12-21T04:00:00Z,OTHER,WOOD/REFUSE,88.97195980760786,158
2019-12-21T04:00:00Z,SOLAR,SOLAR,0,15
2019-12-21T04:00:00Z,WIND,WIND,728.9820886091888,1781
2019-12-21T05:00:00Z,COAL,COAL,3030.2420065932806,5183
2019-12-21T05:00:00Z,DUAL FUEL,DUAL FUEL,513.7145701938205,540
2019-12-21T05:00:00Z,GAS,COGENERATION,3974.43313012845,5043
2019-12-21T05:00:00Z,GAS,COMBINED CYCLE,1382.2911494949128,1748
2019-12-21T05:00:00Z,GAS,SIMPLE CYCLE,300.465283126831,905
2019-12-21T05:00:00Z,HYDRO,HYDRO,162.22529223746724,894
2019-12-21T05:00:00Z,OTHER,BIOMASS,120.94694497585296,154
2019-12-21T05:00:00Z,OTHER,GAS COGEN,45.66577813625336,58
2019-12-21T05:00:00Z,OTHER,OIL/GAS,47.28171596739027,53
2019-12-21T05:00:00Z,OTHER,WOOD/REFUSE,88.68257337782119,158
2019-12-21T05:00:00Z,SOLAR,SOLAR,0,15
2019-12-21T05:00:00Z,WIND,WIND,579.1399266813281,1781
2019-12-21T06:00:00Z,COAL,COAL,3015.6363725687397,5183
2019-12-21T06:00:00Z,DUAL FUEL,DUAL FUEL,520.2437422773573,540
2019-12-21T06:00:00Z,GAS,COGENERATION,3980.9885115987063,5043
2019-12-21T06:00:00Z,GAS,COMBINED CYCLE,1269.6895754037964,1748
2019-12-21T06:00:00Z,GAS,SIMPLE CYCLE,159.49890978756878,905
2019-12-21T06:00:00Z,HYDRO,HYDRO,125.32859722720252,894
2019-12-21T06:00:00Z,OTHER,BIOMASS,120.9557400311364,154
2019-12-21T06:00:00Z,OTHER,GAS COGEN,45.654575472937694,58
2019-12-21T06:00:00Z,OTHER,OIL/GAS,47.55542225731744,53
2019-12-21T06:00:00Z,OTHER,WOOD/REFUSE,87.96062971962823,158
2019-12-21T06:00:00Z,SOLAR,SOLAR,0,15
2019-12-21T06:00:00Z,WIND,WIND,541.0072003396435,1781
2019-12-21T07:00:00Z,COAL,COAL,2943.9899723972876,5183
2019-12-21T07:00:00Z,DUAL FUEL,DUAL FUEL,520.5616101413303,540
2019-12-21T07:00:00Z,GAS,COGENERATION,3976.724599930147,5043
2019-12-21T07:00:00Z,GAS,COMBINED CYCLE,1164.5222914344072,1748
2019-12-21T07:00:00Z,GAS,SIMPLE CYCLE,115.15842904035416,905
2019-12-21T07:00:00Z,HYDRO,HYDRO,91.86865621682671,894
2019-12-21T07:00:00Z,OTHER,BIOMASS,123.90081759293874,154
2019-12-21T07:00:00Z,OTHER,GAS COGEN,34.64973091973199,58
2019-12-21T07:00:00Z,OTHER,OIL/GAS,47.122598501841225,53
2019-12-21T07:00:00Z,OTHER,WOOD/REFUSE,88.6008237197664,158
2019-12-21T07:00:00Z,SOLAR,SOLAR,0,15
2019-12-21T07:00:00Z,WIND,WIND,564.028751795772,1781
2019-12-21T08:00:00Z,COAL,COAL,2742.425400812295,5183
2019-12-21T08:00:00Z,DUAL FUEL,DUAL FUEL,520.7740139431423,540
2019-12-21T08:00:00Z,GAS,COGENERATION,3974.35564000739,5043
2019-12-21T08:00:00Z,GAS,COMBINED CYCLE,1147.697403709491,1748
2019-12-21T08:00:00Z,GAS,SIMPLE CYCLE,116.71938621115353,905
2019-12-21T08:00:00Z,HYDRO,HYDRO,77.08084896014796,894
2019-12-21T08:00:00Z,OTHER,BIOMASS,121.64722879356808,154
2019-12-21T08:00:00Z,OTHER,GAS COGEN,32.184325933986244,58
2019-12-21T08:00:00Z,OTHER,OIL/GAS,46.52438711802165,53
2019-12-21T08:00:00Z,OTHER,WOOD/REFUSE,88.87193894386292,158
2019-12-21T08:00:00Z,SOLAR,SOLAR,0,15
2019-12-21T08:00:00Z,WIND,WIND,695.7534137244025,1781
2019-12-21T09:00:00Z,COAL,COAL,2436.245619981289,5183
2019-12-21T09:00:00Z,DUAL FUEL,DUAL FUEL,519.649237399631,540
2019-12-21T09:00:00Z,GAS,COGENERATION,3971.084390449921,5043
2019-12-21T09:00:00Z,GAS,COMBINED CYCLE,1155.0504688511955,1748
2019-12-21T09:00:00Z,GAS,SIMPLE CYCLE,118.43168497085571,905
2019-12-21T09:00:00Z,HYDRO,HYDRO,78.40679469433096,894
2019-12-21T09:00:00Z,OTHER,BIOMASS,119.09944528685675,154
2019-12-21T09:00:00Z,OTHER,GAS COGEN,32.28335776435004,58
2019-12-21T09:00:00Z,OTHER,OIL/GAS,46.35683763292101,53
2019-12-21T09:00:00Z,OTHER,WOOD/REFUSE,88.67475854767693,158
2019-12-21T09:00:00Z,SOLAR,SOLAR,0,15
2019-12-21T09:00:00Z,WIND,WIND,892.0525289172762,1781
2019-12-21T10:00:00Z,COAL,COAL,2203.60467969603,5183
2019-12-21T10:00:00Z,DUAL FUEL,DUAL FUEL,515.5466469658745,540
2019-12-21T10:00:00Z,GAS,COGENERATION,3975.492786487738,5043
2019-12-21T10:00:00Z,GAS,COMBINED CYCLE,1184.0152115134397,1748
2019-12-21T10:00:00Z,GAS,SIMPLE CYCLE,118.44851539452871,905
2019-12-21T10:00:00Z,HYDRO,HYDRO,124.99384199215307,894
2019-12-21T10:00:00Z,OTHER,BIOMASS,115.85552855491639,154
2019-12-21T10:00:00Z,OTHER,GAS COGEN,32.39411391735077,58
2019-12-21T10:00:00Z,OTHER,OIL/GAS,46.654510504404705,53
2019-12-21T10:00:00Z,OTHER,WOOD/REFUSE,88.33050244967143,158
2019-12-21T10:00:00Z,SOLAR,SOLAR,0,15
2019-12-21T10:00:00Z,WIND,WIND,1000.0634887574116,1781
2019-12-21T11:00:00Z,COAL,COAL,2219.266590569549,5183
2019-12-21T11:00:00Z,DUAL FUEL,DUAL FUEL,517.3749007585313,540
2019-12-21T11:00:00Z,GAS,COGENERATION,3981.5284728585348,5043
2019-12-21T11:00:00Z,GAS,COMBINED CYCLE,1169.9835752737522,1748
2019-12-21T11:00:00Z,GAS,SIMPLE CYCLE,118.48232474856906,905
2019-12-21T11:00:00Z,HYDRO,HYDRO,103.34223243580924,894
2019-12-21T11:00:00Z,OTHER,BIOMASS,115.98066798157163,154
2019-12-21T11:00:00Z,OTHER,GAS COGEN,32.35313850773705,58
2019-12-21T11:00:00Z,OTHER,OIL/GAS,46.32600346247355,53
2019-12-21T11:00:00Z,OTHER,WOOD/REFUSE,88.88318947209252,158
2019-12-21T11:00:00Z,SOLAR,SOLAR,0,15
2019-12-21T11:00:00Z,WIND,WIND,1064.6025311018195,1781
2019-12-21T12:00:00Z,COAL,COAL,2253.5032733482785,5183
2019-12-21T12:00:00Z,DUAL FUEL,DUAL FUEL,519.8154307895236,540
2019-12-21T12:00:00Z,GAS,COGENERATION,3981.1008418626257,5043
2019-12-21T12:00:00Z,GAS,COMBINED CYCLE,1181.4652830902735,1748
2019-12-21T12:00:00Z,GAS,SIMPLE CYCLE,118.77361950556437,905
2019-12-21T12:00:00Z,HYDRO,HYDRO,132.17562128934594,894
2019-12-21T12:00:00Z,OTHER,BIOMASS,117.75626726468404,154
2019-12-21T12:00:00Z,OTHER,GAS COGEN,32.457117729187004,58
2019-12-21T12:00:00Z,OTHER,OIL/GAS,46.37705369313558,53
2019-12-21T12:00:00Z,OTHER,WOOD/REFUSE,88.52771579636467,158
2019-12-21T12:00:00Z,SOLAR,SOLAR,0,15
2019-12-21T12:00:00Z,WIND,WIND,1103.4575849756434,1781
2019-12-21T13:00:00Z,COAL,COAL,2341.3724979884096,5183
2019-12-21T13:00:00Z,DUAL FUEL,DUAL FUEL,522.3175604756673,540
2019-12-21T13:00:00Z,GAS,COGENERATION,3980.137810181644,5043
2019-12-21T13:00:00Z,GAS,COMBINED CYCLE,1181.9204884053602,1748
2019-12-21T13:00:00Z,GAS,SIMPLE CYCLE,115.62617374155258,905
2019-12-21T13:00:00Z,HYDRO,HYDRO,128.5413382814328,894
2019-12-21T13:00:00Z,OTHER,BIOMASS,115.97297837707731,154
2019-12-21T13:00:00Z,OTHER,GAS COGEN,32.5608502292633,58
2019-12-21T13:00:00Z,OTHER,OIL/GAS,46.331465877956816,53
2019-12-21T13:00:00Z,OTHER,WOOD/REFUSE,89.76410149097443,158
2019-12-21T13:00:00Z,SOLAR,SOLAR,0,15
2019-12-21T13:00:00Z,WIND,WIND,1178.678126668599,1781
2019-12-21T14:00:00Z,COAL,COAL,2477.379128268825,5183
2019-12-21T14:00:00Z,DUAL FUEL,DUAL FUEL,518.0658907063802,540
2019-12-21T14:00:00Z,GAS,COGENERATION,3981.8575330029594,5043
2019-12-21T14:00:00Z,GAS,COMBINED CYCLE,1215.5061898817619,1748
2019-12-21T14:00:00Z,GAS,SIMPLE CYCLE,113.61455990897284,905
2019-12-21T14:00:00Z,HYDRO,HYDRO,179.2499016812775,894
2019-12-21T14:00:00Z,OTHER,BIOMASS,118.46875586854087,154
2019-12-21T14:00:00Z,OTHER,GAS COGEN,32.584814791679385,58
2019-12-21T14:00:00Z,OTHER,OIL/GAS,46.26652007420858,53
2019-12-21T14:00:00Z,OTHER,WOOD/REFUSE,90.04091116322411,158
2019-12-21T14:00:00Z,SOLAR,SOLAR,0,15
2019-12-21T14:00:00Z,WIND,WIND,1252.568060162001,1781
2019-12-21T15:00:00Z,COAL,COAL,2610.3078352646035,5183
2019-12-21T15:00:00Z,DUAL FUEL,DUAL FUEL,515.6569869910346,540
2019-12-21T15:00:00Z,GAS,COGENERATION,3975.828357659446,5043
2019-12-21T15:00:00Z,GAS,COMBINED CYCLE,1339.4684329658085,1748
2019-12-21T15:00:00Z,GAS,SIMPLE CYCLE,118.2783606619305,905
2019-12-21T15:00:00Z,HYDRO,HYDRO,224.19400832460985,894
2019-12-21T15:00:00Z,OTHER,BIOMASS,117.16512280888027,154
2019-12-21T15:00:00Z,OTHER,GAS COGEN,32.51456033918593,58
2019-12-21T15:00:00Z,OTHER,OIL/GAS,46.27630958345201,53
2019-12-21T15:00:00Z,OTHER,WOOD/REFUSE,89.99610143184663,158
2019-12-21T15:00:00Z,SOLAR,SOLAR,0,15
2019-12-21T15:00:00Z,WIND,WIND,1192.284624165545,1781
2019-12-21T16:00:00Z,COAL,COAL,2786.3768112542234,5183
2019-12-21T16:00:00Z,DUAL FUEL,DUAL FUEL,521.2736601426866,540
2019-12-21T16:00:00Z,GAS,COGENERATION,3975.3730842907726,5043
2019-12-21T16:00:00Z,GAS,COMBINED CYCLE,1358.5801981041166,1748
2019-12-21T16:00:00Z,GAS,SIMPLE CYCLE,121.63744328480628,905
2019-12-21T16:00:00Z,HYDRO,HYDRO,190.3981260968579,894
2019-12-21T16:00:00Z,OTHER,BIOMASS,118.59219541920555,154
2019-12-21T16:00:00Z,OTHER,GAS COGEN,32.488599347008595,58
2019-12-21T16:00:00Z,OTHER,OIL/GAS,46.29279390970866,53
2019-12-21T16:00:00Z,OTHER,WOOD/REFUSE,89.5129439549976,158
2019-12-21T16:00:00Z,SOLAR,SOLAR,0.6118333066999913,15
2019-12-21T16:00:00Z,WIND,WIND,1143.9015308792061,1781
2019-12-21T17:00:00Z,COAL,COAL,2938.1952821605737,5183
2019-12-21T17:00:00Z,DUAL FUEL,DUAL FUEL,519.2701994662814,540
2019-12-21T17:00:00Z,GAS,COGENERATION,3952.989834576183,5043
2019-12-21T17:00:00Z,GAS,COMBINED CYCLE,1350.156772723198,1748
2019-12-21T17:00:00Z,GAS,SIMPLE CYCLE,120.58509068437748,905
2019-12-21T17:00:00Z,HYDRO,HYDRO,168.22971232765252,894
2019-12-21T17:00:00Z,OTHER,BIOMASS,117.88831208493976,154
2019-12-21T17:00:00Z,OTHER,GAS COGEN,32.477185329861115,58
2019-12-21T17:00:00Z,OTHER,OIL/GAS,45.78778283649021,53
2019-12-21T17:00:00Z,OTHER,WOOD/REFUSE,87.49363284958733,158
2019-12-21T17:00:00Z,SOLAR,SOLAR,1.6011666074726316,15
2019-12-21T17:00:00Z,WIND,WIND,1181.044820372992,1781
2019-12-21T18:00:00Z,COAL,COAL,2821.813716720475,5183
2019-12-21T18:00:00Z,DUAL FUEL,DUAL FUEL,518.8595207977295,540
2019-12-21T18:00:00Z,GAS,COGENERATION,3936.290646307998,5043
2019-12-21T18:00:00Z,GAS,COMBINED CYCLE,1312.5993633369606,1748
2019-12-21T18:00:00Z,GAS,SIMPLE CYCLE,202.12152697245278,905
2019-12-21T18:00:00Z,HYDRO,HYDRO,148.71720008333526,894
2019-12-21T18:00:00Z,OTHER,BIOMASS,118.10402362187703,154
2019-12-21T18:00:00Z,OTHER,GAS COGEN,32.46894188457065,58
2019-12-21T18:00:00Z,OTHER,OIL/GAS,45.97559362199571,53
2019-12-21T18:00:00Z,OTHER,WOOD/REFUSE,85.03971844567194,158
2019-12-21T18:00:00Z,SOLAR,SOLAR,2.9590554997656082,15
2019-12-21T18:00:00Z,WIND,WIND,1330.4841748145554,1781
2019-12-21T19:00:00Z,COAL,COAL,2769.825581523975,5183
2019-12-21T19:00:00Z,DUAL FUEL,DUAL FUEL,519.5289472961426,540
2019-12-21T19:00:00Z,GAS,COGENERATION,3932.4358596550096,5043
2019-12-21T19:00:00Z,GAS,COMBINED CYCLE,1302.198863867124,1748
2019-12-21T19:00:00Z,GAS,SIMPLE CYCLE,215.01078824314806,905
2019-12-21T19:00:00Z,HYDRO,HYDRO,153.93307538780903,894
2019-12-21T19:00:00Z,OTHER,BIOMASS,120.45310097005631,154
2019-12-21T19:00:00Z,OTHER,GAS COGEN,32.42339804437425,58
2019-12-21T19:00:00Z,OTHER,OIL/GAS,44.61087656233046,53
2019-12-21T19:00:00Z,OTHER,WOOD/REFUSE,84.70566934956445,158
2019-12-21T19:00:00Z,SOLAR,SOLAR,3.5967777342266505,15
2019-12-21T19:00:00Z,WIND,WIND,1325.4594188576275,1781
2019-12-21T20:00:00Z,COAL,COAL,2701.0549987739987,5183
2019-12-21T20:00:00Z,DUAL FUEL,DUAL FUEL,522.9607558441162,540
2019-12-21T20:00:00Z,GAS,COGENERATION,3924.6503998198114,5043
2019-12-21T20:00:00Z,GAS,COMBINED CYCLE,1307.76469851772,1748
2019-12-21T20:00:00Z,GAS,SIMPLE CYCLE,219.29121498922507,905
2019-12-21T20:00:00Z,HYDRO,HYDRO,173.86660796595945,894
2019-12-21T20:00:00Z,OTHER,BIOMASS,115.22380635049609,154
2019-12-21T20:00:00Z,OTHER,GAS COGEN,32.4509631813897,58
2019-12-21T20:00:00Z,OTHER,OIL/GAS,44.04280394236247,53
2019-12-21T20:00:00Z,OTHER,WOOD/REFUSE,87.84828967306349,158
2019-12-21T20:00:00Z,SOLAR,SOLAR,2.9818888380792408,15
2019-12-21T20:00:00Z,WIND,WIND,1296.7858846616746,1781
2019-12-21T21:00:00Z,COAL,COAL,2627.8643706499206,5183
2019-12-21T21:00:00Z,DUAL FUEL,DUAL FUEL,515.496750801934,540
2019-12-21T21:00:00Z,GAS,COGENERATION,3913.9027895142635,5043
2019-12-21T21:00:00Z,GAS,COMBINED CYCLE,1313.1816497892805,1748
2019-12-21T21:00:00Z,GAS,SIMPLE CYCLE,218.82012247211404,905
2019-12-21T21:00:00Z,HYDRO,HYDRO,198.1213600977924,894
2019-12-21T21:00:00Z,OTHER,BIOMASS,115.71768502500322,154
2019-12-21T21:00:00Z,OTHER,GAS COGEN,32.45095705191294,58
2019-12-21T21:00:00Z,OTHER,OIL/GAS,45.06761563618978,53
2019-12-21T21:00:00Z,OTHER,WOOD/REFUSE,87.62880033810933,158
2019-12-21T21:00:00Z,SOLAR,SOLAR,1.68905551566018,15
2019-12-21T21:00:00Z,WIND,WIND,1271.7976776418834,1781
2019-12-21T22:00:00Z,COAL,COAL,2722.1638828783566,5183
2019-12-21T22:00:00Z,DUAL FUEL,DUAL FUEL,518.4561154174804,540
2019-12-21T22:00:00Z,GAS,COGENERATION,3915.803939053135,5043
2019-12-21T22:00:00Z,GAS,COMBINED CYCLE,1334.2479827340444,1748
2019-12-21T22:00:00Z,GAS,SIMPLE CYCLE,221.12963785277472,905
2019-12-21T22:00:00Z,HYDRO,HYDRO,169.5202516470684,894
2019-12-21T22:00:00Z,OTHER,BIOMASS,116.86251786867777,154
2019-12-21T22:00:00Z,OTHER,GAS COGEN,32.45584964858161,58
2019-12-21T22:00:00Z,OTHER,OIL/GAS,45.74334280649821,53
2019-12-21T22:00:00Z,OTHER,WOOD/REFUSE,87.4555665037367,158
2019-12-21T22:00:00Z,SOLAR,SOLAR,1.220333297484451,15
2019-12-21T22:00:00Z,WIND,WIND,1269.1107315159506,1781
2019-12-21T23:00:00Z,COAL,COAL,2749.947867157194,5183
2019-12-21T23:00:00Z,DUAL FUEL,DUAL FUEL,517.0233171759712,540
2019-12-21T23:00:00Z,GAS,COGENERATION,3910.9832079008884,5043
2019-12-21T23:00:00Z,GAS,COMBINED CYCLE,1352.9744396202432,1748
2019-12-21T23:00:00Z,GAS,SIMPLE CYCLE,237.45239950527747,905
2019-12-21T23:00:00Z,HYDRO,HYDRO,246.2327434996267,894
2019-12-21T23:00:00Z,OTHER,BIOMASS,116.7625893661711,154
2019-12-21T23:00:00Z,OTHER,GAS COGEN,32.441302341885034,58
2019-12-21T23:00:00Z,OTHER,OIL/GAS,46.144460088941784,53
2019-12-21T23:00:00Z,OTHER,WOOD/REFUSE,83.36354187859429,158
2019-12-21T23:00:00Z,SOLAR,SOLAR,0.07266666233539582,15
2019-12-21T23:00:00Z,WIND,WIND,1238.0303684137264,1781
2019-12-22T00:00:00Z,COAL,COAL,3003.253857401477,5183
2019-12-22T00:00:00Z,DUAL FUEL,DUAL FUEL,517.9619847276476,540
2019-12-22T00:00:00Z,GAS,COGENERATION,3903.9312383192114,5043
2019-12-22T00:00:00Z,GAS,COMBINED CYCLE,1341.2773507183128,1748
2019-12-22T00:00:00Z,GAS,SIMPLE CYCLE,236.19889671978024,905
2019-12-22T00:00:00Z,HYDRO,HYDRO,222.9990097857846,894
2019-12-22T00:00:00Z,OTHER,BIOMASS,119.81354568216535,154
2019-12-22T00:00:00Z,OTHER,GAS COGEN,32.34740061177148,58
2019-12-22T00:00:00Z,OTHER,OIL/GAS,46.29709829330445,53
2019-12-22T00:00:00Z,OTHER,WOOD/REFUSE,82.24391196568807,158
2019-12-22T00:00:00Z,SOLAR,SOLAR,0,15
2019-12-22T00:00:00Z,WIND,WIND,1248.6835145612972,1781
2019-12-22T01:00:00Z,COAL,COAL,2892.6268032601147,5183
2019-12-22T01:00:00Z,DUAL FUEL,DUAL FUEL,520.3194598727756,540
2019-12-22T01:00:00Z,GAS,COGENERATION,3896.782105511559,5043
2019-12-22T01:00:00Z,GAS,COMBINED CYCLE,1353.6657215985988,1748
2019-12-22T01:00:00Z,GAS,SIMPLE CYCLE,222.6410643752747,905
2019-12-22T01:00:00Z,HYDRO,HYDRO,241.4811383553346,894
2019-12-22T01:00:00Z,OTHER,BIOMASS,121.15899041016897,154
2019-12-22T01:00:00Z,OTHER,GAS COGEN,32.172928925620184,58
2019-12-22T01:00:00Z,OTHER,OIL/GAS,46.59300402959188,53
2019-12-22T01:00:00Z,OTHER,WOOD/REFUSE,81.09495500034757,158
2019-12-22T01:00:00Z,SOLAR,SOLAR,0,15
2019-12-22T01:00:00Z,WIND,WIND,1234.3392599146234,1781
2019-12-22T02:00:00Z,COAL,COAL,2726.733024967048,5183
2019-12-22T02:00:00Z,DUAL FUEL,DUAL FUEL,521.7395693630642,540
2019-12-22T02:00:00Z,GAS,COGENERATION,3904.6894831826953,5043
2019-12-22T02:00:00Z,GAS,COMBINED CYCLE,1337.699825170305,1748
2019-12-22T02:00:00Z,GAS,SIMPLE CYCLE,216.46675661464533,905
2019-12-22T02:00:00Z,HYDRO,HYDRO,236.1617370569706,894
2019-12-22T02:00:00Z,OTHER,BIOMASS,121.10522330072192,154
2019-12-22T02:00:00Z,OTHER,GAS COGEN,32.27818138917287,58
2019-12-22T02:00:00Z,OTHER,OIL/GAS,46.02670435375637,53
2019-12-22T02:00:00Z,OTHER,WOOD/REFUSE,80.06478376706443,158
2019-12-22T02:00:00Z,SOLAR,SOLAR,0,15
2019-12-22T02:00:00Z,WIND,WIND,1198.7897660723495,1781
2019-12-22T03:00:00Z,COAL,COAL,2657.712395869361,5183
2019-12-22T03:00:00Z,DUAL FUEL,DUAL FUEL,515.9903188069661,540
2019-12-22T03:00:00Z,GAS,COGENERATION,3909.6790554893014,5043
2019-12-22T03:00:00Z,GAS,COMBINED CYCLE,1318.6928928102388,1748
2019-12-22T03:00:00Z,GAS,SIMPLE CYCLE,214.92740845627256,905
2019-12-22T03:00:00Z,HYDRO,HYDRO,275.98820488148266,894
2019-12-22T03:00:00Z,OTHER,BIOMASS,120.56643412484063,154
2019-12-22T03:00:00Z,OTHER,GAS COGEN,32.53115904596117,58
2019-12-22T03:00:00Z,OTHER,OIL/GAS,46.59538132985433,53
2019-12-22T03:00:00Z,OTHER,WOOD/REFUSE,76.2522691239251,158
2019-12-22T03:00:00Z,SOLAR,SOLAR,0,15
2019-12-22T03:00:00Z,WIND,WIND,1204.0743760273524,1781
2019-12-22T04:00:00Z,COAL,COAL,2687.5814865667953,5183
2019-12-22T04:00:00Z,DUAL FUEL,DUAL FUEL,516.9014144219293,540
2019-12-22T04:00:00Z,GAS,COGENERATION,3908.223700379398,5043
2019-12-22T04:00:00Z,GAS,COMBINED CYCLE,1312.7128403749732,1748
2019-12-22T04:00:00Z,GAS,SIMPLE CYCLE,214.03279488364856,905
2019-12-22T04:00:00Z,HYDRO,HYDRO,208.9779196489354,894
2019-12-22T04:00:00Z,OTHER,BIOMASS,121.11605091412862,154
2019-12-22T04:00:00Z,OTHER,GAS COGEN,32.39439834541744,58
2019-12-22T04:00:00Z,OTHER,OIL/GAS,46.16708750406901,53
2019-12-22T04:00:00Z,OTHER,WOOD/REFUSE,76.03107658810086,158
2019-12-22T04:00:00Z,SOLAR,SOLAR,0,15
2019-12-22T04:00:00Z,WIND,WIND,1108.7492877231705,1781
2019-12-22T05:00:00Z,COAL,COAL,2522.0999846449163,5183
2019-12-22T05:00:00Z,DUAL FUEL,DUAL FUEL,519.7283793470594,540
2019-12-22T05:00:00Z,GAS,COGENERATION,3906.1028459485206,5043
2019-12-22T05:00:00Z,GAS,COMBINED CYCLE,1316.820476879941,1748
2019-12-22T05:00:00Z,GAS,SIMPLE CYCLE,214.5897468459275,905
2019-12-22T05:00:00Z,HYDRO,HYDRO,213.49328572349415,894
2019-12-22T05:00:00Z,OTHER,BIOMASS,121.0251507949829,154
2019-12-22T05:00:00Z,OTHER,GAS COGEN,32.4879463953442,58
2019-12-22T05:00:00Z,OTHER,OIL/GAS,46.64067588806152,53
2019-12-22T05:00:00Z,OTHER,WOOD/REFUSE,76.21939268430074,158
2019-12-22T05:00:00Z,SOLAR,SOLAR,0,15
2019-12-22T05:00:00Z,WIND,WIND,1067.1453729581172,1781
2019-12-22T06:00:00Z,COAL,COAL,2678.673565342956,5183
2019-12-22T06:00:00Z,DUAL FUEL,DUAL FUEL,515.628951449924,540
2019-12-22T06:00:00Z,GAS,COGENERATION,3911.8252889585497,5043
2019-12-22T06:00:00Z,GAS,COMBINED CYCLE,1225.9185440059503,1748
2019-12-22T06:00:00Z,GAS,SIMPLE CYCLE,122.57345707032415,905
2019-12-22T06:00:00Z,HYDRO,HYDRO,185.59346952431733,894
2019-12-22T06:00:00Z,OTHER,BIOMASS,119.93579770723979,154
2019-12-22T06:00:00Z,OTHER,GAS COGEN,32.52217392126719,58
2019-12-22T06:00:00Z,OTHER,OIL/GAS,45.932443364461264,53
2019-12-22T06:00:00Z,OTHER,WOOD/REFUSE,80.90879278606839,158
2019-12-22T06:00:00Z,SOLAR,SOLAR,0,15
2019-12-22T06:00:00Z,WIND,WIND,866.6654443089167,1781
2019-12-22T07:00:00Z,COAL,COAL,2817.1553370028073,5183
2019-12-22T07:00:00Z,DUAL FUEL,DUAL FUEL,518.6962518225776,540
2019-12-22T07:00:00Z,GAS,COGENERATION,3908.3699360552764,5043
2019-12-22T07:00:00Z,GAS,COMBINED CYCLE,1192.5939637021224,1748
2019-12-22T07:00:00Z,GAS,SIMPLE CYCLE,120.78897326522403,905
2019-12-22T07:00:00Z,HYDRO,HYDRO,142.84866572813854,894
2019-12-22T07:00:00Z,OTHER,BIOMASS,122.24464409616257,154
2019-12-22T07:00:00Z,OTHER,GAS COGEN,32.65124908977084,58
2019-12-22T07:00:00Z,OTHER,OIL/GAS,45.77729322645399,53
2019-12-22T07:00:00Z,OTHER,WOOD/REFUSE,84.66738704946306,158
2019-12-22T07:00:00Z,SOLAR,SOLAR,0,15
2019-12-22T07:00:00Z,WIND,WIND,581.000805519604,1781
2019-12-22T08:00:00Z,COAL,COAL,2962.9569173192976,5183
2019-12-22T08:00:00Z,DUAL FUEL,DUAL FUEL,522.8434549713135,540
2019-12-22T08:00:00Z,GAS,COGENERATION,3905.6092367776237,5043
2019-12-22T08:00:00Z,GAS,COMBINED CYCLE,1188.175450401571,1748
2019-12-22T08:00:00Z,GAS,SIMPLE CYCLE,117.0846974600686,905
2019-12-22T08:00:00Z,HYDRO,HYDRO,130.6960479878717,894
2019-12-22T08:00:00Z,OTHER,BIOMASS,122.84745102935368,154
2019-12-22T08:00:00Z,OTHER,GAS COGEN,32.60658083120982,58
2019-12-22T08:00:00Z,OTHER,OIL/GAS,45.492505107455784,53
2019-12-22T08:00:00Z,OTHER,WOOD/REFUSE,86.93396664089627,158
2019-12-22T08:00:00Z,SOLAR,SOLAR,0,15
2019-12-22T08:00:00Z,WIND,WIND,329.96158211230403,1781
2019-12-22T09:00:00Z,COAL,COAL,2999.598003192478,5183
2019-12-22T09:00:00Z,DUAL FUEL,DUAL FUEL,517.6952431403266,540
2019-12-22T09:00:00Z,GAS,COGENERATION,3911.2468967962263,5043
2019-12-22T09:00:00Z,GAS,COMBINED CYCLE,1165.1195205859342,1748
2019-12-22T09:00:00Z,GAS,SIMPLE CYCLE,119.8394877881474,905
2019-12-22T09:00:00Z,HYDRO,HYDRO,98.26880354808436,894
2019-12-22T09:00:00Z,OTHER,BIOMASS,122.45489464706844,154
2019-12-22T09:00:00Z,OTHER,GAS COGEN,32.34338414775001,58
2019-12-22T09:00:00Z,OTHER,OIL/GAS,46.09860994974772,53
2019-12-22T09:00:00Z,OTHER,WOOD/REFUSE,87.80499248928493,158
2019-12-22T09:00:00Z,SOLAR,SOLAR,0,15
2019-12-22T09:00:00Z,WIND,WIND,285.0942800422344,1781
2019-12-22T10:00:00Z,COAL,COAL,2968.7187171353235,5183
2019-12-22T10:00:00Z,DUAL FUEL,DUAL FUEL,514.9870155843099,540
2019-12-22T10:00:00Z,GAS,COGENERATION,3923.601954990493,5043
2019-12-22T10:00:00Z,GAS,COMBINED CYCLE,1168.902754822307,1748
2019-12-22T10:00:00Z,GAS,SIMPLE CYCLE,121.61708062118953,905
2019-12-22T10:00:00Z,HYDRO,HYDRO,97.72746221406592,894
2019-12-22T10:00:00Z,OTHER,BIOMASS,122.87852802912394,154
2019-12-22T10:00:00Z,OTHER,GAS COGEN,31.80687539153629,58
2019-12-22T10:00:00Z,OTHER,OIL/GAS,46.01158218383789,53
2019-12-22T10:00:00Z,OTHER,WOOD/REFUSE,87.57276388274299,158
2019-12-22T10:00:00Z,SOLAR,SOLAR,0,15
2019-12-22T10:00:00Z,WIND,WIND,267.15624758142565,1781
2019-12-22T11:00:00Z,COAL,COAL,3004.0894047896068,5183
2019-12-22T11:00:00Z,DUAL FUEL,DUAL FUEL,517.0219224887423,540
2019-12-22T11:00:00Z,GAS,COGENERATION,3921.8377848307955,5043
2019-12-22T11:00:00Z,GAS,COMBINED CYCLE,1179.3307768482632,1748
2019-12-22T11:00:00Z,GAS,SIMPLE CYCLE,121.88248758686913,905
2019-12-22T11:00:00Z,HYDRO,HYDRO,116.24456301516958,894
2019-12-22T11:00:00Z,OTHER,BIOMASS,119.58222245640225,154
2019-12-22T11:00:00Z,OTHER,GAS COGEN,31.759591869778102,58
2019-12-22T11:00:00Z,OTHER,OIL/GAS,45.97401630401611,53
2019-12-22T11:00:00Z,OTHER,WOOD/REFUSE,86.4275433810552,158
2019-12-22T11:00:00Z,SOLAR,SOLAR,0,15
2019-12-22T11:00:00Z,WIND,WIND,215.4915007868409,1781
2019-12-22T12:00:00Z,COAL,COAL,3023.4649694199034,5183
2019-12-22T12:00:00Z,DUAL FUEL,DUAL FUEL,516.7439864857992,540
2019-12-22T12:00:00Z,GAS,COGENERATION,3927.518828295999,5043
2019-12-22T12:00:00Z,GAS,COMBINED CYCLE,1190.8541825470659,1748
2019-12-22T12:00:00Z,GAS,SIMPLE CYCLE,187.51836144242023,905
2019-12-22T12:00:00Z,HYDRO,HYDRO,160.80439305722712,894
2019-12-22T12:00:00Z,OTHER,BIOMASS,118.73777882046168,154
2019-12-22T12:00:00Z,OTHER,GAS COGEN,31.678052702479896,58
2019-12-22T12:00:00Z,OTHER,OIL/GAS,46.22089800304837,53
2019-12-22T12:00:00Z,OTHER,WOOD/REFUSE,85.00346430778504,158
2019-12-22T12:00:00Z,SOLAR,SOLAR,0,15
2019-12-22T12:00:00Z,WIND,WIND,164.60872575265665,1781
2019-12-22T13:00:00Z,COAL,COAL,3056.673422780699,5183
2019-12-22T13:00:00Z,DUAL FUEL,DUAL FUEL,518.2550682915582,540
2019-12-22T13:00:00Z,GAS,COGENERATION,3928.2753758117888,5043
2019-12-22T13:00:00Z,GAS,COMBINED CYCLE,1249.375210072597,1748
2019-12-22T13:00:00Z,GAS,SIMPLE CYCLE,326.8773310859336,905
2019-12-22T13:00:00Z,HYDRO,HYDRO,136.71675312154824,894
2019-12-22T13:00:00Z,OTHER,BIOMASS,118.39795144240061,154
2019-12-22T13:00:00Z,OTHER,GAS COGEN,31.721185584598118,58
2019-12-22T13:00:00Z,OTHER,OIL/GAS,46.090316174825034,53
2019-12-22T13:00:00Z,OTHER,WOOD/REFUSE,86.84074571079678,158
2019-12-22T13:00:00Z,SOLAR,SOLAR,0,15
2019-12-22T13:00:00Z,WIND,WIND,80.52681793136729,1781
2019-12-22T14:00:00Z,COAL,COAL,3310.2730498948363,5183
2019-12-22T14:00:00Z,DUAL FUEL,DUAL FUEL,518.8774226379394,540
2019-12-22T14:00:00Z,GAS,COGENERATION,3942.2049639601837,5043
2019-12-22T14:00:00Z,GAS,COMBINED CYCLE,1303.0596033434074,1748
2019-12-22T14:00:00Z,GAS,SIMPLE CYCLE,313.92474856416385,905
2019-12-22T14:00:00Z,HYDRO,HYDRO,172.13821192016206,894
2019-12-22T14:00:00Z,OTHER,BIOMASS,117.69501801305347,154
2019-12-22T14:00:00Z,OTHER,GAS COGEN,31.679703978962372,58
2019-12-22T14:00:00Z,OTHER,OIL/GAS,46.28242119895087,53
2019-12-22T14:00:00Z,OTHER,WOOD/REFUSE,88.01037079546187,158
2019-12-22T14:00:00Z,SOLAR,SOLAR,0,15
2019-12-22T14:00:00Z,WIND,WIND,52.8604883593652,1781
2019-12-22T15:00:00Z,COAL,COAL,3513.543061129517,5183
2019-12-22T15:00:00Z,DUAL FUEL,DUAL FUEL,516.7228142123753,540
2019-12-22T15:00:00Z,GAS,COGENERATION,3952.842682488362,5043
2019-12-22T15:00:00Z,GAS,COMBINED CYCLE,1358.884122625192,1748
2019-12-22T15:00:00Z,GAS,SIMPLE CYCLE,309.8767608451843,905
2019-12-22T15:00:00Z,HYDRO,HYDRO,174.66430079013108,894
2019-12-22T15:00:00Z,OTHER,BIOMASS,115.90630119217766,154
2019-12-22T15:00:00Z,OTHER,GAS COGEN,31.645193120108708,58
2019-12-22T15:00:00Z,OTHER,OIL/GAS,45.99177038192749,53
2019-12-22T15:00:00Z,OTHER,WOOD/REFUSE,87.69230558024512,158
2019-12-22T15:00:00Z,SOLAR,SOLAR,0,15
2019-12-22T15:00:00Z,WIND,WIND,34.13398425635002,1781
2019-12-22T16:00:00Z,COAL,COAL,3294.181333357758,5183
2019-12-22T16:00:00Z,DUAL FUEL,DUAL FUEL,520.0246669430203,540
2019-12-22T16:00:00Z,GAS,COGENERATION,3953.233336627881,5043
2019-12-22T16:00:00Z,GAS,COMBINED CYCLE,1406.1485709875822,1748
2019-12-22T16:00:00Z,GAS,SIMPLE CYCLE,441.96463044792415,905
2019-12-22T16:00:00Z,HYDRO,HYDRO,228.88212952988016,894
2019-12-22T16:00:00Z,OTHER,BIOMASS,119.24247322241466,154
2019-12-22T16:00:00Z,OTHER,GAS COGEN,35.299769858784146,58
2019-12-22T16:00:00Z,OTHER,OIL/GAS,46.41739281548394,53
2019-12-22T16:00:00Z,OTHER,WOOD/REFUSE,89.44548022005293,158
2019-12-22T16:00:00Z,SOLAR,SOLAR,0.28616664960980415,15
2019-12-22T16:00:00Z,WIND,WIND,11.729657994350935,1781
2019-12-22T17:00:00Z,COAL,COAL,3154.8080009492237,5183
2019-12-22T17:00:00Z,DUAL FUEL,DUAL FUEL,518.5799760945638,540
2019-12-22T17:00:00Z,GAS,COGENERATION,3958.646152791447,5043
2019-12-22T17:00:00Z,GAS,COMBINED CYCLE,1476.5633372672398,1748
2019-12-22T17:00:00Z,GAS,SIMPLE CYCLE,466.47395526885987,905
2019-12-22T17:00:00Z,HYDRO,HYDRO,194.6542637875345,894
2019-12-22T17:00:00Z,OTHER,BIOMASS,122.40011759705013,154
2019-12-22T17:00:00Z,OTHER,GAS COGEN,44.94834563149346,58
2019-12-22T17:00:00Z,OTHER,OIL/GAS,46.3403703435262,53
2019-12-22T17:00:00Z,OTHER,WOOD/REFUSE,95.39889447371165,158
2019-12-22T17:00:00Z,SOLAR,SOLAR,1.9804999692572487,15
2019-12-22T17:00:00Z,WIND,WIND,4.1603432444814175,1781
2019-12-22T18:00:00Z,COAL,COAL,3163.273586033715,5183
2019-12-22T18:00:00Z,DUAL FUEL,DUAL FUEL,517.057848493788,540
2019-12-22T18:00:00Z,GAS,COGENERATION,3969.4163212782805,5043
2019-12-22T18:00:00Z,GAS,COMBINED CYCLE,1422.0676488460435,1748
2019-12-22T18:00:00Z,GAS,SIMPLE CYCLE,548.5205745115545,905
2019-12-22T18:00:00Z,HYDRO,HYDRO,168.2224174052808,894
2019-12-22T18:00:00Z,OTHER,BIOMASS,117.08402882364061,154
2019-12-22T18:00:00Z,OTHER,GAS COGEN,34.36520241525438,58
2019-12-22T18:00:00Z,OTHER,OIL/GAS,46.79313222249349,53
2019-12-22T18:00:00Z,OTHER,WOOD/REFUSE,88.66379879580604,158
2019-12-22T18:00:00Z,SOLAR,SOLAR,2.7509443896346624,15
2019-12-22T18:00:00Z,WIND,WIND,8.601842809576127,1781
2019-12-22T19:00:00Z,COAL,COAL,3272.7187693776027,5183
2019-12-22T19:00:00Z,DUAL FUEL,DUAL FUEL,516.8784909820556,540
2019-12-22T19:00:00Z,GAS,COGENERATION,3974.5139156561427,5043
2019-12-22T19:00:00Z,GAS,COMBINED CYCLE,1443.7027394453685,1748
2019-12-22T19:00:00Z,GAS,SIMPLE CYCLE,431.47148014598423,905
2019-12-22T19:00:00Z,HYDRO,HYDRO,187.42457545753982,894
2019-12-22T19:00:00Z,OTHER,BIOMASS,117.23371705267164,154
2019-12-22T19:00:00Z,OTHER,GAS COGEN,31.880806201299034,58
2019-12-22T19:00:00Z,OTHER,OIL/GAS,46.97278164757623,53
2019-12-22T19:00:00Z,OTHER,WOOD/REFUSE,91.22628328376346,158
2019-12-22T19:00:00Z,SOLAR,SOLAR,3.5495555467075772,15
2019-12-22T19:00:00Z,WIND,WIND,28.200226445910005,1781
2019-12-22T20:00:00Z,COAL,COAL,3305.037601672014,5183
2019-12-22T20:00:00Z,DUAL FUEL,DUAL FUEL,517.5437345547145,540
2019-12-22T20:00:00Z,GAS,COGENERATION,3987.4745740034846,5043
2019-12-22T20:00:00Z,GAS,COMBINED CYCLE,1458.8698391130235,1748
2019-12-22T20:00:00Z,GAS,SIMPLE CYCLE,425.2622595176928,905
2019-12-22T20:00:00Z,HYDRO,HYDRO,223.05125244935354,894
2019-12-22T20:00:00Z,OTHER,BIOMASS,117.77668307039472,154
2019-12-22T20:00:00Z,OTHER,GAS COGEN,31.78983027352227,58
2019-12-22T20:00:00Z,OTHER,OIL/GAS,46.96148179584079,53
2019-12-22T20:00:00Z,OTHER,WOOD/REFUSE,92.69843962722354,158
2019-12-22T20:00:00Z,SOLAR,SOLAR,2.247166548702452,15
2019-12-22T20:00:00Z,WIND,WIND,6.468242213543919,1781
2019-12-22T21:00:00Z,COAL,COAL,3311.554262814654,5183
2019-12-22T21:00:00Z,DUAL FUEL,DUAL FUEL,516.8027332136367,540
2019-12-22T21:00:00Z,GAS,COGENERATION,3987.279135853516,5043
2019-12-22T21:00:00Z,GAS,COMBINED CYCLE,1442.8851565649775,1748
2019-12-22T21:00:00Z,GAS,SIMPLE CYCLE,447.3076278827919,905
2019-12-22T21:00:00Z,HYDRO,HYDRO,177.5397540694144,894
2019-12-22T21:00:00Z,OTHER,BIOMASS,119.17089506467184,154
2019-12-22T21:00:00Z,OTHER,GAS COGEN,31.815288136800127,58
2019-12-22T21:00:00Z,OTHER,OIL/GAS,46.73915331098768,53
2019-12-22T21:00:00Z,OTHER,WOOD/REFUSE,92.8916187985738,158
2019-12-22T21:00:00Z,SOLAR,SOLAR,1.1249999488393465,15
2019-12-22T21:00:00Z,WIND,WIND,10.974449890890263,1781
2019-12-22T22:00:00Z,COAL,COAL,3053.534757444991,5183
2019-12-22T22:00:00Z,DUAL FUEL,DUAL FUEL,515.0921106041802,540
2019-12-22T22:00:00Z,GAS,COGENERATION,3984.4727650912605,5043
2019-12-22T22:00:00Z,GAS,COMBINED CYCLE,1483.6037436710465,1748
2019-12-22T22:00:00Z,GAS,SIMPLE CYCLE,537.3206510099272,905
2019-12-22T22:00:00Z,HYDRO,HYDRO,217.90370904359554,894
2019-12-22T22:00:00Z,OTHER,BIOMASS,119.37725026713477,154
2019-12-22T22:00:00Z,OTHER,GAS COGEN,39.76697562217712,58
2019-12-22T22:00:00Z,OTHER,OIL/GAS,47.1651939286126,53
2019-12-22T22:00:00Z,OTHER,WOOD/REFUSE,94.47173536830479,158
2019-12-22T22:00:00Z,SOLAR,SOLAR,0.4329999741911888,15
2019-12-22T22:00:00Z,WIND,WIND,23.46940553182529,1781
2019-12-22T23:00:00Z,COAL,COAL,3178.0068632596067,5183
2019-12-22T23:00:00Z,DUAL FUEL,DUAL FUEL,519.140980682373,540
2019-12-22T23:00:00Z,GAS,COGENERATION,3987.101190773381,5043
2019-12-22T23:00:00Z,GAS,COMBINED CYCLE,1498.1388195615345,1748
2019-12-22T23:00:00Z,GAS,SIMPLE CYCLE,455.2556713121467,905
2019-12-22T23:00:00Z,HYDRO,HYDRO,301.9113221468694,894
2019-12-22T23:00:00Z,OTHER,BIOMASS,124.30513977474637,154
2019-12-22T23:00:00Z,OTHER,GAS COGEN,44.941818141937254,58
2019-12-22T23:00:00Z,OTHER,OIL/GAS,47.18935969246758,53
2019-12-22T23:00:00Z,OTHER,WOOD/REFUSE,95.62466665638819,158
2019-12-22T23:00:00Z,SOLAR,SOLAR,0,15
2019-12-22T23:00:00Z,WIND,WIND,44.905616001886216,1781
2019-12-23T00:00:00Z,COAL,COAL,3300.1495232582092,5183
2019-12-23T00:00:00Z,DUAL FUEL,DUAL FUEL,523.4815381113689,540
2019-12-23T00:00:00Z,GAS,COGENERATION,3988.8108621565502,5043
2019-12-23T00:00:00Z,GAS,COMBINED CYCLE,1475.01733704408,1748
2019-12-23T00:00:00Z,GAS,SIMPLE CYCLE,450.6054443483717,905
2019-12-23T00:00:00Z,HYDRO,HYDRO,287.7587701053917,894
2019-12-23T00:00:00Z,OTHER,BIOMASS,124.33661247677273,154
2019-12-23T00:00:00Z,OTHER,GAS COGEN,44.979976666768394,58
2019-12-23T00:00:00Z,OTHER,OIL/GAS,47.26412641101413,53
2019-12-23T00:00:00Z,OTHER,WOOD/REFUSE,95.00727358712089,158
2019-12-23T00:00:00Z,SOLAR,SOLAR,0,15
2019-12-23T00:00:00Z,WIND,WIND,99.93687632662761,1781
2019-12-23T01:00:00Z,COAL,COAL,3172.2664284977645,5183
2019-12-23T01:00:00Z,DUAL FUEL,DUAL FUEL,524.9164747958713,540
2019-12-23T01:00:00Z,GAS,COGENERATION,3930.2838626105254,5043
2019-12-23T01:00:00Z,GAS,COMBINED CYCLE,1425.8957037183973,1748
2019-12-23T01:00:00Z,GAS,SIMPLE CYCLE,359.7063636409243,905
2019-12-23T01:00:00Z,HYDRO,HYDRO,223.53442682557636,894
2019-12-23T01:00:00Z,OTHER,BIOMASS,124.43402847872841,154
2019-12-23T01:00:00Z,OTHER,GAS COGEN,34.705587777031795,58
2019-12-23T01:00:00Z,OTHER,OIL/GAS,47.310820732116696,53
2019-12-23T01:00:00Z,OTHER,WOOD/REFUSE,93.83805583847894,158
2019-12-23T01:00:00Z,SOLAR,SOLAR,0,15
2019-12-23T01:00:00Z,WIND,WIND,161.03095289318097,1781
2019-12-23T02:00:00Z,COAL,COAL,3154.777891004483,5183
2019-12-23T02:00:00Z,DUAL FUEL,DUAL FUEL,527.3631697591145,540
2019-12-23T02:00:00Z,GAS,COGENERATION,3994.412088557879,5043
2019-12-23T02:00:00Z,GAS,COMBINED CYCLE,1457.6234990019268,1748
2019-12-23T02:00:00Z,GAS,SIMPLE CYCLE,446.65762687789066,905
2019-12-23T02:00:00Z,HYDRO,HYDRO,263.10297889471053,894
2019-12-23T02:00:00Z,OTHER,BIOMASS,119.2104899681939,154
2019-12-23T02:00:00Z,OTHER,GAS COGEN,31.796863644387987,58
2019-12-23T02:00:00Z,OTHER,OIL/GAS,46.84668710284763,53
2019-12-23T02:00:00Z,OTHER,WOOD/REFUSE,88.8049918381373,158
2019-12-23T02:00:00Z,SOLAR,SOLAR,0,15
2019-12-23T02:00:00Z,WIND,WIND,186.04964756649403,1781
2019-12-23T03:00:00Z,COAL,COAL,3149.7633814784554,5183
2019-12-23T03:00:00Z,DUAL FUEL,DUAL FUEL,515.149844640096,540
2019-12-23T03:00:00Z,GAS,COGENERATION,4008.4646317313777,5043
2019-12-23T03:00:00Z,GAS,COMBINED CYCLE,1415.9778192198278,1748
2019-12-23T03:00:00Z,GAS,SIMPLE CYCLE,467.0458634238773,905
2019-12-23T03:00:00Z,HYDRO,HYDRO,261.5389712509347,894
2019-12-23T03:00:00Z,OTHER,BIOMASS,118.35402205255295,154
2019-12-23T03:00:00Z,OTHER,GAS COGEN,31.84017484770881,58
2019-12-23T03:00:00Z,OTHER,OIL/GAS,46.94062640719944,53
2019-12-23T03:00:00Z,OTHER,WOOD/REFUSE,87.22087995529175,158
2019-12-23T03:00:00Z,SOLAR,SOLAR,0,15
2019-12-23T03:00:00Z,WIND,WIND,257.7342153309368,1781
2019-12-23T04:00:00Z,COAL,COAL,3158.900248715083,5183
2019-12-23T04:00:00Z,DUAL FUEL,DUAL FUEL,514.6331424204509,540
2019-12-23T04:00:00Z,GAS,COGENERATION,4000.4028035646015,5043
2019-12-23T04:00:00Z,GAS,COMBINED CYCLE,1391.0764133866628,1748
2019-12-23T04:00:00Z,GAS,SIMPLE CYCLE,443.27296083496674,905
2019-12-23T04:00:00Z,HYDRO,HYDRO,174.68733485668898,894
2019-12-23T04:00:00Z,OTHER,BIOMASS,118.26283927652571,154
2019-12-23T04:00:00Z,OTHER,GAS COGEN,31.84257105721368,58
2019-12-23T04:00:00Z,OTHER,OIL/GAS,47.097120191786026,53
2019-12-23T04:00:00Z,OTHER,WOOD/REFUSE,88.33830408096313,158
2019-12-23T04:00:00Z,SOLAR,SOLAR,0,15
2019-12-23T04:00:00Z,WIND,WIND,364.7751362298181,1781
2019-12-23T05:00:00Z,COAL,COAL,2991.698281036019,5183
2019-12-23T05:00:00Z,DUAL FUEL,DUAL FUEL,516.4641808912489,540
2019-12-23T05:00:00Z,GAS,COGENERATION,3989.938420717451,5043
2019-12-23T05:00:00Z,GAS,COMBINED CYCLE,1383.1633205244275,1748
2019-12-23T05:00:00Z,GAS,SIMPLE CYCLE,302.20949746860396,905
2019-12-23T05:00:00Z,HYDRO,HYDRO,176.87807461049823,894
2019-12-23T05:00:00Z,OTHER,BIOMASS,116.25415544668833,154
2019-12-23T05:00:00Z,OTHER,GAS COGEN,31.895560141139562,58
2019-12-23T05:00:00Z,OTHER,OIL/GAS,47.3361760881212,53
2019-12-23T05:00:00Z,OTHER,WOOD/REFUSE,87.68415291203394,158
2019-12-23T05:00:00Z,SOLAR,SOLAR,0,15
2019-12-23T05:00:00Z,WIND,WIND,399.8851381311152,1781
2019-12-23T06:00:00Z,COAL,COAL,2889.80422284921,5183
2019-12-23T06:00:00Z,DUAL FUEL,DUAL FUEL,518.3874935319689,540
2019-12-23T06:00:00Z,GAS,COGENERATION,3983.6475049707624,5043
2019-12-23T06:00:00Z,GAS,COMBINED CYCLE,1276.138152258661,1748
2019-12-23T06:00:00Z,GAS,SIMPLE CYCLE,296.97586106383136,905
2019-12-23T06:00:00Z,HYDRO,HYDRO,141.00796382725238,894
2019-12-23T06:00:00Z,OTHER,BIOMASS,115.53258359670639,154
2019-12-23T06:00:00Z,OTHER,GAS COGEN,31.728800041410658,58
2019-12-23T06:00:00Z,OTHER,OIL/GAS,47.18504821353488,53
2019-12-23T06:00:00Z,OTHER,WOOD/REFUSE,88.48986729833814,158
2019-12-23T06:00:00Z,SOLAR,SOLAR,0,15
2019-12-23T06:00:00Z,WIND,WIND,367.24880046111844,1781
2019-12-23T07:00:00Z,COAL,COAL,3080.464408935441,5183
2019-12-23T07:00:00Z,DUAL FUEL,DUAL FUEL,521.7256601291233,540
2019-12-23T07:00:00Z,GAS,COGENERATION,3995.204374555217,5043
2019-12-23T07:00:00Z,GAS,COMBINED CYCLE,1262.1392261441547,1748
2019-12-23T07:00:00Z,GAS,SIMPLE CYCLE,205.14843473023836,905
2019-12-23T07:00:00Z,HYDRO,HYDRO,159.85398680009774,894
2019-12-23T07:00:00Z,OTHER,BIOMASS,115.62098355187311,154
2019-12-23T07:00:00Z,OTHER,GAS COGEN,31.880274055798846,58
2019-12-23T07:00:00Z,OTHER,OIL/GAS,47.292632274627685,53
2019-12-23T07:00:00Z,OTHER,WOOD/REFUSE,88.23878583378261,158
2019-12-23T07:00:00Z,SOLAR,SOLAR,0,15
2019-12-23T07:00:00Z,WIND,WIND,283.87458307769566,1781
2019-12-23T08:00:00Z,COAL,COAL,3102.4409082232582,5183
2019-12-23T08:00:00Z,DUAL FUEL,DUAL FUEL,520.3998641798231,540
2019-12-23T08:00:00Z,GAS,COGENERATION,3989.437199678686,5043
2019-12-23T08:00:00Z,GAS,COMBINED CYCLE,1257.790848151048,1748
2019-12-23T08:00:00Z,GAS,SIMPLE CYCLE,203.60966025034585,905
2019-12-23T08:00:00Z,HYDRO,HYDRO,107.69758765313361,894
2019-12-23T08:00:00Z,OTHER,BIOMASS,117.19582839859856,154
2019-12-23T08:00:00Z,OTHER,GAS COGEN,31.843830592367382,58
2019-12-23T08:00:00Z,OTHER,OIL/GAS,46.96311592737834,53
2019-12-23T08:00:00Z,OTHER,WOOD/REFUSE,88.48748480584887,158
2019-12-23T08:00:00Z,SOLAR,SOLAR,0,15
2019-12-23T08:00:00Z,WIND,WIND,226.65927607786324,1781
2019-12-23T09:00:00Z,COAL,COAL,3079.2333995313115,5183
2019-12-23T09:00:00Z,DUAL FUEL,DUAL FUEL,518.9722749159071,540
2019-12-23T09:00:00Z,GAS,COGENERATION,3945.4160740706657,5043
2019-12-23T09:00:00Z,GAS,COMBINED CYCLE,1245.473330792586,1748
2019-12-23T09:00:00Z,GAS,SIMPLE CYCLE,203.8429591723283,905
2019-12-23T09:00:00Z,HYDRO,HYDRO,82.97002692408032,894
2019-12-23T09:00:00Z,OTHER,BIOMASS,117.60204400963254,154
2019-12-23T09:00:00Z,OTHER,GAS COGEN,31.863384442859225,58
2019-12-23T09:00:00Z,OTHER,OIL/GAS,47.0136382844713,53
2019-12-23T09:00:00Z,OTHER,WOOD/REFUSE,88.4218758948644,158
2019-12-23T09:00:00Z,SOLAR,SOLAR,0,15
2019-12-23T09:00:00Z,WIND,WIND,274.1236309119728,1781
2019-12-23T10:00:00Z,COAL,COAL,3075.879783579972,5183
2019-12-23T10:00:00Z,DUAL FUEL,DUAL FUEL,519.1554428015816,540
2019-12-23T10:00:00Z,GAS,COGENERATION,3910.319949627982,5043
2019-12-23T10:00:00Z,GAS,COMBINED CYCLE,1210.585524563392,1748
2019-12-23T10:00:00Z,GAS,SIMPLE CYCLE,204.11951594034832,905
2019-12-23T10:00:00Z,HYDRO,HYDRO,143.4135957148009,894
2019-12-23T10:00:00Z,OTHER,BIOMASS,117.17534465206994,154
2019-12-23T10:00:00Z,OTHER,GAS COGEN,31.904788612259757,58
2019-12-23T10:00:00Z,OTHER,OIL/GAS,46.86000061035156,53
2019-12-23T10:00:00Z,OTHER,WOOD/REFUSE,89.49914163324569,158
2019-12-23T10:00:00Z,SOLAR,SOLAR,0,15
2019-12-23T10:00:00Z,WIND,WIND,208.9873679635425,1781
2019-12-23T11:00:00Z,COAL,COAL,3158.832915467421,5183
2019-12-23T11:00:00Z,DUAL FUEL,DUAL FUEL,517.1671501244439,540
2019-12-23T11:00:00Z,GAS,COGENERATION,3934.6893296237786,5043
2019-12-23T11:00:00Z,GAS,COMBINED CYCLE,1247.642686598036,1748
2019-12-23T11:00:00Z,GAS,SIMPLE CYCLE,203.59122666358948,905
2019-12-23T11:00:00Z,HYDRO,HYDRO,96.40670050375991,894
2019-12-23T11:00:00Z,OTHER,BIOMASS,116.0426114877065,154
2019-12-23T11:00:00Z,OTHER,GAS COGEN,31.828621971872117,58
2019-12-23T11:00:00Z,OTHER,OIL/GAS,47.13338850445218,53
2019-12-23T11:00:00Z,OTHER,WOOD/REFUSE,88.72743295934465,158
2019-12-23T11:00:00Z,SOLAR,SOLAR,0,15
2019-12-23T11:00:00Z,WIND,WIND,177.73268938079477,1781
2019-12-23T12:00:00Z,COAL,COAL,3243.944931292269,5183
2019-12-23T12:00:00Z,DUAL FUEL,DUAL FUEL,517.1125053914388,540
2019-12-23T12:00:00Z,GAS,COGENERATION,3973.059224758281,5043
2019-12-23T12:00:00Z,GAS,COMBINED CYCLE,1183.6601597936285,1748
2019-12-23T12:00:00Z,GAS,SIMPLE CYCLE,196.66492052670984,905
2019-12-23T12:00:00Z,HYDRO,HYDRO,114.77072556071812,894
2019-12-23T12:00:00Z,OTHER,BIOMASS,117.49959477053748,154
2019-12-23T12:00:00Z,OTHER,GAS COGEN,31.8165373939938,58
2019-12-23T12:00:00Z,OTHER,OIL/GAS,47.2972432729933,53
2019-12-23T12:00:00Z,OTHER,WOOD/REFUSE,88.6221245098114,158
2019-12-23T12:00:00Z,SOLAR,SOLAR,0,15
2019-12-23T12:00:00Z,WIND,WIND,168.8714537240482,1781
2019-12-23T13:00:00Z,COAL,COAL,3293.028457076417,5183
2019-12-23T13:00:00Z,DUAL FUEL,DUAL FUEL,517.1630898200142,540
2019-12-23T13:00:00Z,GAS,COGENERATION,3981.349112502469,5043
2019-12-23T13:00:00Z,GAS,COMBINED CYCLE,1283.6667317465942,1748
2019-12-23T13:00:00Z,GAS,SIMPLE CYCLE,308.87417656670016,905
2019-12-23T13:00:00Z,HYDRO,HYDRO,195.63090892447366,894
2019-12-23T13:00:00Z,OTHER,BIOMASS,116.76940054893494,154
2019-12-23T13:00:00Z,OTHER,GAS COGEN,31.834950263765123,58
2019-12-23T13:00:00Z,OTHER,OIL/GAS,46.844933399624296,53
2019-12-23T13:00:00Z,OTHER,WOOD/REFUSE,88.63554780801138,158
2019-12-23T13:00:00Z,SOLAR,SOLAR,0,15
2019-12-23T13:00:00Z,WIND,WIND,126.67677331834203,1781
2019-12-23T14:00:00Z,COAL,COAL,3374.6662220291296,5183
2019-12-23T14:00:00Z,DUAL FUEL,DUAL FUEL,515.8487019517687,540
2019-12-23T14:00:00Z,GAS,COGENERATION,3975.192283190489,5043
2019-12-23T14:00:00Z,GAS,COMBINED CYCLE,1455.3704460869897,1748
2019-12-23T14:00:00Z,GAS,SIMPLE CYCLE,263.26937109056445,905
2019-12-23T14:00:00Z,HYDRO,HYDRO,200.41178220914472,894
2019-12-23T14:00:00Z,OTHER,BIOMASS,115.87527291483349,154
2019-12-23T14:00:00Z,OTHER,GAS COGEN,31.755737748675877,58
2019-12-23T14:00:00Z,OTHER,OIL/GAS,45.37161001417372,53
2019-12-23T14:00:00Z,OTHER,WOOD/REFUSE,89.56294972419738,158
2019-12-23T14:00:00Z,SOLAR,SOLAR,0,15
2019-12-23T14:00:00Z,WIND,WIND,141.3219050263034,1781
2019-12-23T15:00:00Z,COAL,COAL,3518.5798775866297,5183
2019-12-23T15:00:00Z,DUAL FUEL,DUAL FUEL,520.5780700259738,540
2019-12-23T15:00:00Z,GAS,COGENERATION,3974.191765663889,5043
2019-12-23T15:00:00Z,GAS,COMBINED CYCLE,1526.853388203515,1748
2019-12-23T15:00:00Z,GAS,SIMPLE CYCLE,361.9299124732448,905
2019-12-23T15:00:00Z,HYDRO,HYDRO,221.95761814223397,894
2019-12-23T15:00:00Z,OTHER,BIOMASS,116.49329512543149,154
2019-12-23T15:00:00Z,OTHER,GAS COGEN,35.53266890631782,58
2019-12-23T15:00:00Z,OTHER,OIL/GAS,43.2987261666192,53
2019-12-23T15:00:00Z,OTHER,WOOD/REFUSE,93.5975690905253,158
2019-12-23T15:00:00Z,SOLAR,SOLAR,0,15
2019-12-23T15:00:00Z,WIND,WIND,102.26024854665002,1781
2019-12-23T16:00:00Z,COAL,COAL,3543.5159672755667,5183
2019-12-23T16:00:00Z,DUAL FUEL,DUAL FUEL,520.053770421346,540
2019-12-23T16:00:00Z,GAS,COGENERATION,3968.395532726844,5043
2019-12-23T16:00:00Z,GAS,COMBINED CYCLE,1531.341547668245,1748
2019-12-23T16:00:00Z,GAS,SIMPLE CYCLE,386.49136524698804,905
2019-12-23T16:00:00Z,HYDRO,HYDRO,187.07343623711003,894
2019-12-23T16:00:00Z,OTHER,BIOMASS,118.9190339506997,154
2019-12-23T16:00:00Z,OTHER,GAS COGEN,38.915110639996,58
2019-12-23T16:00:00Z,OTHER,OIL/GAS,42.911854091220434,53
2019-12-23T16:00:00Z,OTHER,WOOD/REFUSE,94.01825191391839,158
2019-12-23T16:00:00Z,SOLAR,SOLAR,0.14649999126791954,15
2019-12-23T16:00:00Z,WIND,WIND,84.58089870742626,1781
2019-12-23T17:00:00Z,COAL,COAL,3538.251748590602,5183
2019-12-23T17:00:00Z,DUAL FUEL,DUAL FUEL,522.8055283864339,540
2019-12-23T17:00:00Z,GAS,COGENERATION,3984.210729769336,5043
2019-12-23T17:00:00Z,GAS,COMBINED CYCLE,1465.8235484547085,1748
2019-12-23T17:00:00Z,GAS,SIMPLE CYCLE,410.95318132518065,905
2019-12-23T17:00:00Z,HYDRO,HYDRO,250.30331997811794,894
2019-12-23T17:00:00Z,OTHER,BIOMASS,122.85512923823462,154
2019-12-23T17:00:00Z,OTHER,GAS COGEN,44.16891581641303,58
2019-12-23T17:00:00Z,OTHER,OIL/GAS,42.3101107957628,53
2019-12-23T17:00:00Z,OTHER,WOOD/REFUSE,94.95593513276842,158
2019-12-23T17:00:00Z,SOLAR,SOLAR,0.6188333048754269,15
2019-12-23T17:00:00Z,WIND,WIND,64.51732971929842,1781
2019-12-23T18:00:00Z,COAL,COAL,3234.0779574049843,5183
2019-12-23T18:00:00Z,DUAL FUEL,DUAL FUEL,487.7921434953478,540
2019-12-23T18:00:00Z,GAS,COGENERATION,4050.360577048328,5043
2019-12-23T18:00:00Z,GAS,COMBINED CYCLE,1452.2134010071225,1748
2019-12-23T18:00:00Z,GAS,SIMPLE CYCLE,470.17146453605756,905
2019-12-23T18:00:00Z,HYDRO,HYDRO,200.59861955043343,894
2019-12-23T18:00:00Z,OTHER,BIOMASS,122.36620051489936,154
2019-12-23T18:00:00Z,OTHER,GAS COGEN,39.86054114129808,58
2019-12-23T18:00:00Z,OTHER,OIL/GAS,42.66502047856649,53
2019-12-23T18:00:00Z,OTHER,WOOD/REFUSE,92.52031152619256,158
2019-12-23T18:00:00Z,SOLAR,SOLAR,1.1108333012130525,15
2019-12-23T18:00:00Z,WIND,WIND,116.5759319607334,1781
2019-12-23T19:00:00Z,COAL,COAL,3156.847483392954,5183
2019-12-23T19:00:00Z,DUAL FUEL,DUAL FUEL,485.52684317694775,540
2019-12-23T19:00:00Z,GAS,COGENERATION,3966.2445539677146,5043
2019-12-23T19:00:00Z,GAS,COMBINED CYCLE,1499.272619623608,1748
2019-12-23T19:00:00Z,GAS,SIMPLE CYCLE,432.3870751431253,905
2019-12-23T19:00:00Z,HYDRO,HYDRO,190.93538592275647,894
2019-12-23T19:00:00Z,OTHER,BIOMASS,115.56783385806614,154
2019-12-23T19:00:00Z,OTHER,GAS COGEN,35.256464749972025,58
2019-12-23T19:00:00Z,OTHER,OIL/GAS,43.01292745166355,53
2019-12-23T19:00:00Z,OTHER,WOOD/REFUSE,89.03103069729275,158
2019-12-23T19:00:00Z,SOLAR,SOLAR,0.920833290318648,15
2019-12-23T19:00:00Z,WIND,WIND,99.09137166985207,1781
2019-12-23T20:00:00Z,COAL,COAL,3208.5099795247447,5183
2019-12-23T20:00:00Z,DUAL FUEL,DUAL FUEL,483.55114262898763,540
2019-12-23T20:00:00Z,GAS,COGENERATION,3942.162397047679,5043
2019-12-23T20:00:00Z,GAS,COMBINED CYCLE,1533.9837639681498,1748
2019-12-23T20:00:00Z,GAS,SIMPLE CYCLE,505.25849636495116,905
2019-12-23T20:00:00Z,HYDRO,HYDRO,207.14276350723372,894
2019-12-23T20:00:00Z,OTHER,BIOMASS,112.6944338309765,154
2019-12-23T20:00:00Z,OTHER,GAS COGEN,33.557455819977655,58
2019-12-23T20:00:00Z,OTHER,OIL/GAS,42.66415473937988,53
2019-12-23T20:00:00Z,OTHER,WOOD/REFUSE,88.80273245546553,158
2019-12-23T20:00:00Z,SOLAR,SOLAR,0.5493333005905151,15
2019-12-23T20:00:00Z,WIND,WIND,76.49032684970233,1781
2019-12-23T21:00:00Z,COAL,COAL,3078.5518888317215,5183
2019-12-23T21:00:00Z,DUAL FUEL,DUAL FUEL,487.33406760321725,540
2019-12-23T21:00:00Z,GAS,COGENERATION,4020.766859035227,5043
2019-12-23T21:00:00Z,GAS,COMBINED CYCLE,1544.7416808308496,1748
2019-12-23T21:00:00Z,GAS,SIMPLE CYCLE,519.3221319320136,905
2019-12-23T21:00:00Z,HYDRO,HYDRO,229.14169710526863,894
2019-12-23T21:00:00Z,OTHER,BIOMASS,115.90527923107148,154
2019-12-23T21:00:00Z,OTHER,GAS COGEN,43.44165505356259,58
2019-12-23T21:00:00Z,OTHER,OIL/GAS,42.46417204962837,53
2019-12-23T21:00:00Z,OTHER,WOOD/REFUSE,94.95939776102702,158
2019-12-23T21:00:00Z,SOLAR,SOLAR,0.9148332869675424,15
2019-12-23T21:00:00Z,WIND,WIND,80.1977990550465,1781
2019-12-23T22:00:00Z,COAL,COAL,3103.546127460003,5183
2019-12-23T22:00:00Z,DUAL FUEL,DUAL FUEL,484.99042931450737,540
2019-12-23T22:00:00Z,GAS,COGENERATION,4028.386123191648,5043
2019-12-23T22:00:00Z,GAS,COMBINED CYCLE,1454.8775371874704,1748
2019-12-23T22:00:00Z,GAS,SIMPLE CYCLE,519.1305945371588,905
2019-12-23T22:00:00Z,HYDRO,HYDRO,222.6863355535103,894
2019-12-23T22:00:00Z,OTHER,BIOMASS,114.80739527808295,154
2019-12-23T22:00:00Z,OTHER,GAS COGEN,44.80809093899197,58
2019-12-23T22:00:00Z,OTHER,OIL/GAS,45.94833255767822,53
2019-12-23T22:00:00Z,OTHER,WOOD/REFUSE,94.95321990542942,158
2019-12-23T22:00:00Z,SOLAR,SOLAR,0.3173333157764541,15
2019-12-23T22:00:00Z,WIND,WIND,19.092572228519455,1781
2019-12-23T23:00:00Z,COAL,COAL,2800.376341519488,5183
2019-12-23T23:00:00Z,DUAL FUEL,DUAL FUEL,507.3415444352892,540
2019-12-23T23:00:00Z,GAS,COGENERATION,3977.826554928157,5043
2019-12-23T23:00:00Z,GAS,COMBINED CYCLE,1526.1192354191676,1748
2019-12-23T23:00:00Z,GAS,SIMPLE CYCLE,495.6675844589207,905
2019-12-23T23:00:00Z,HYDRO,HYDRO,281.2562894866202,894
2019-12-23T23:00:00Z,OTHER,BIOMASS,117.58231747481558,154
2019-12-23T23:00:00Z,OTHER,GAS COGEN,38.181483297348024,58
2019-12-23T23:00:00Z,OTHER,OIL/GAS,46.494066157870826,53
2019-12-23T23:00:00Z,OTHER,WOOD/REFUSE,93.25536996099684,158
2019-12-23T23:00:00Z,SOLAR,SOLAR,0,15
2019-12-23T23:00:00Z,WIND,WIND,5.296005548222198,1781
2019-12-24T00:00:00Z,COAL,COAL,2802.162698606915,5183
2019-12-24T00:00:00Z,DUAL FUEL,DUAL FUEL,528.7959361606174,540
2019-12-24T00:00:00Z,GAS,COGENERATION,3975.3082284635634,5043
2019-12-24T00:00:00Z,GAS,COMBINED CYCLE,1534.2103134356605,1748
2019-12-24T00:00:00Z,GAS,SIMPLE CYCLE,562.7451470536656,905
2019-12-24T00:00:00Z,HYDRO,HYDRO,318.0166729027695,894
2019-12-24T00:00:00Z,OTHER,BIOMASS,124.66972898986604,154
2019-12-24T00:00:00Z,OTHER,GAS COGEN,44.95966706381904,58
2019-12-24T00:00:00Z,OTHER,OIL/GAS,47.704765470292834,53
2019-12-24T00:00:00Z,OTHER,WOOD/REFUSE,96.01951089382172,158
2019-12-24T00:00:00Z,SOLAR,SOLAR,0,15
2019-12-24T00:00:00Z,WIND,WIND,2.899200029095842,1781
2019-12-24T01:00:00Z,COAL,COAL,2785.4846009230614,5183
2019-12-24T01:00:00Z,DUAL FUEL,DUAL FUEL,518.6268178049723,540
2019-12-24T01:00:00Z,GAS,COGENERATION,3962.811505776114,5043
2019-12-24T01:00:00Z,GAS,COMBINED CYCLE,1538.5108921697404,1748
2019-12-24T01:00:00Z,GAS,SIMPLE CYCLE,549.1568541468514,905
2019-12-24T01:00:00Z,HYDRO,HYDRO,275.74356394363775,894
2019-12-24T01:00:00Z,OTHER,BIOMASS,121.72881247785357,154
2019-12-24T01:00:00Z,OTHER,GAS COGEN,40.8830448881785,58
2019-12-24T01:00:00Z,OTHER,OIL/GAS,47.42115510092841,53
2019-12-24T01:00:00Z,OTHER,WOOD/REFUSE,94.24131970776452,158
2019-12-24T01:00:00Z,SOLAR,SOLAR,0,15
2019-12-24T01:00:00Z,WIND,WIND,1.5293221951731377,1781
2019-12-24T02:00:00Z,COAL,COAL,2953.4052244104278,5183
2019-12-24T02:00:00Z,DUAL FUEL,DUAL FUEL,518.9242718675401,540
2019-12-24T02:00:00Z,GAS,COGENERATION,4035.3790607979563,5043
2019-12-24T02:00:00Z,GAS,COMBINED CYCLE,1517.684518553416,1748
2019-12-24T02:00:00Z,GAS,SIMPLE CYCLE,531.2688346330325,905
2019-12-24T02:00:00Z,HYDRO,HYDRO,274.08246777508,894
2019-12-24T02:00:00Z,OTHER,BIOMASS,119.49402302424113,154
2019-12-24T02:00:00Z,OTHER,GAS COGEN,35.199769478903875,58
2019-12-24T02:00:00Z,OTHER,OIL/GAS,47.71387111663818,53
2019-12-24T02:00:00Z,OTHER,WOOD/REFUSE,94.70530362553066,158
2019-12-24T02:00:00Z,SOLAR,SOLAR,0,15
2019-12-24T02:00:00Z,WIND,WIND,2.363388863487376,1781
2019-12-24T03:00:00Z,COAL,COAL,3073.8926324754293,5183
2019-12-24T03:00:00Z,DUAL FUEL,DUAL FUEL,521.2562489573161,540
2019-12-24T03:00:00Z,GAS,COGENERATION,4061.2973346096937,5043
2019-12-24T03:00:00Z,GAS,COMBINED CYCLE,1474.404352546268,1748
2019-12-24T03:00:00Z,GAS,SIMPLE CYCLE,590.7628590761291,905
2019-12-24T03:00:00Z,HYDRO,HYDRO,278.93223152014946,894
2019-12-24T03:00:00Z,OTHER,BIOMASS,119.3634623697069,154
2019-12-24T03:00:00Z,OTHER,GAS COGEN,33.51342797120412,58
2019-12-24T03:00:00Z,OTHER,OIL/GAS,47.65631988737318,53
2019-12-24T03:00:00Z,OTHER,WOOD/REFUSE,94.15660036934747,158
2019-12-24T03:00:00Z,SOLAR,SOLAR,0,15
2019-12-24T03:00:00Z,WIND,WIND,9.220383275118138,1781
2019-12-24T04:00:00Z,COAL,COAL,3152.770683500502,5183
2019-12-24T04:00:00Z,DUAL FUEL,DUAL FUEL,521.8312859344483,540
2019-12-24T04:00:00Z,GAS,COGENERATION,4065.3420499859917,5043
2019-12-24T04:00:00Z,GAS,COMBINED CYCLE,1491.6962303034463,1748
2019-12-24T04:00:00Z,GAS,SIMPLE CYCLE,455.5847023112244,905
2019-12-24T04:00:00Z,HYDRO,HYDRO,252.3751181242863,894
2019-12-24T04:00:00Z,OTHER,BIOMASS,126.0961796591017,154
2019-12-24T04:00:00Z,OTHER,GAS COGEN,41.42658458868663,58
2019-12-24T04:00:00Z,OTHER,OIL/GAS,47.640738595326745,53
2019-12-24T04:00:00Z,OTHER,WOOD/REFUSE,94.76437667051951,158
2019-12-24T04:00:00Z,SOLAR,SOLAR,0,15
2019-12-24T04:00:00Z,WIND,WIND,19.364294468785328,1781
2019-12-24T05:00:00Z,COAL,COAL,3137.294603788058,5183
2019-12-24T05:00:00Z,DUAL FUEL,DUAL FUEL,521.3271184878879,540
2019-12-24T05:00:00Z,GAS,COGENERATION,4066.29930015357,5043
2019-12-24T05:00:00Z,GAS,COMBINED CYCLE,1460.2420581637489,1748
2019-12-24T05:00:00Z,GAS,SIMPLE CYCLE,396.9082233068016,905
2019-12-24T05:00:00Z,HYDRO,HYDRO,193.68586773188576,894
2019-12-24T05:00:00Z,OTHER,BIOMASS,123.22543458938598,154
2019-12-24T05:00:00Z,OTHER,GAS COGEN,37.03174512386322,58
2019-12-24T05:00:00Z,OTHER,OIL/GAS,48.164582125345866,53
2019-12-24T05:00:00Z,OTHER,WOOD/REFUSE,93.16159228748745,158
2019-12-24T05:00:00Z,SOLAR,SOLAR,0,15
2019-12-24T05:00:00Z,WIND,WIND,53.52888355290724,1781
2019-12-24T06:00:00Z,COAL,COAL,3104.2616388744777,5183
2019-12-24T06:00:00Z,DUAL FUEL,DUAL FUEL,514.1502027935452,540
2019-12-24T06:00:00Z,GAS,COGENERATION,4057.736251460711,5043
2019-12-24T06:00:00Z,GAS,COMBINED CYCLE,1345.3894464017285,1748
2019-12-24T06:00:00Z,GAS,SIMPLE CYCLE,339.9661019656393,905
2019-12-24T06:00:00Z,HYDRO,HYDRO,136.70093365699051,894
2019-12-24T06:00:00Z,OTHER,BIOMASS,126.42819570329453,154
2019-12-24T06:00:00Z,OTHER,GAS COGEN,33.49091324223412,58
2019-12-24T06:00:00Z,OTHER,OIL/GAS,47.8623926141527,53
2019-12-24T06:00:00Z,OTHER,WOOD/REFUSE,91.06354171117147,158
2019-12-24T06:00:00Z,SOLAR,SOLAR,0,15
2019-12-24T06:00:00Z,WIND,WIND,105.8370328306324,1781
2019-12-24T07:00:00Z,COAL,COAL,3062.123765266206,5183
2019-12-24T07:00:00Z,DUAL FUEL,DUAL FUEL,506.26933587392165,540
2019-12-24T07:00:00Z,GAS,COGENERATION,4058.997277689063,5043
2019-12-24T07:00:00Z,GAS,COMBINED CYCLE,1183.8337226004733,1748
2019-12-24T07:00:00Z,GAS,SIMPLE CYCLE,340.12040489819316,905
2019-12-24T07:00:00Z,HYDRO,HYDRO,100.28465033421914,894
2019-12-24T07:00:00Z,OTHER,BIOMASS,122.86650083118013,154
2019-12-24T07:00:00Z,OTHER,GAS COGEN,31.987225124041238,58
2019-12-24T07:00:00Z,OTHER,OIL/GAS,48.150609497494166,53
2019-12-24T07:00:00Z,OTHER,WOOD/REFUSE,88.28136880927616,158
2019-12-24T07:00:00Z,SOLAR,SOLAR,0,15
2019-12-24T07:00:00Z,WIND,WIND,154.2587884484397,1781
2019-12-24T08:00:00Z,COAL,COAL,2985.5493800322215,5183
2019-12-24T08:00:00Z,DUAL FUEL,DUAL FUEL,504.89388994428845,540
2019-12-24T08:00:00Z,GAS,COGENERATION,4065.799283348587,5043
2019-12-24T08:00:00Z,GAS,COMBINED CYCLE,1164.0707002594736,1748
2019-12-24T08:00:00Z,GAS,SIMPLE CYCLE,249.87555345522034,905
2019-12-24T08:00:00Z,HYDRO,HYDRO,128.99830192274518,894
2019-12-24T08:00:00Z,OTHER,BIOMASS,120.60915700064766,154
2019-12-24T08:00:00Z,OTHER,GAS COGEN,31.981330864164565,58
2019-12-24T08:00:00Z,OTHER,OIL/GAS,47.53267706765069,53
2019-12-24T08:00:00Z,OTHER,WOOD/REFUSE,88.14506823062897,158
2019-12-24T08:00:00Z,SOLAR,SOLAR,0,15
2019-12-24T08:00:00Z,WIND,WIND,194.48739447474273,1781
2019-12-24T09:00:00Z,COAL,COAL,3051.2429460366566,5183
2019-12-24T09:00:00Z,DUAL FUEL,DUAL FUEL,502.766092575921,540
2019-12-24T09:00:00Z,GAS,COGENERATION,4058.8439820606177,5043
2019-12-24T09:00:00Z,GAS,COMBINED CYCLE,1195.4984604917634,1748
2019-12-24T09:00:00Z,GAS,SIMPLE CYCLE,262.21955767565305,905
2019-12-24T09:00:00Z,HYDRO,HYDRO,124.55707687020302,894
2019-12-24T09:00:00Z,OTHER,BIOMASS,118.24604601303736,154
2019-12-24T09:00:00Z,OTHER,GAS COGEN,31.962185098859997,58
2019-12-24T09:00:00Z,OTHER,OIL/GAS,47.62819849650065,53
2019-12-24T09:00:00Z,OTHER,WOOD/REFUSE,88.05153375837537,158
2019-12-24T09:00:00Z,SOLAR,SOLAR,0,15
2019-12-24T09:00:00Z,WIND,WIND,185.5742217333615,1781
2019-12-24T10:00:00Z,COAL,COAL,3098.2822041842674,5183
2019-12-24T10:00:00Z,DUAL FUEL,DUAL FUEL,496.7757954745823,540
2019-12-24T10:00:00Z,GAS,COGENERATION,4058.9720968413353,5043
2019-12-24T10:00:00Z,GAS,COMBINED CYCLE,1194.0396381689773,1748
2019-12-24T10:00:00Z,GAS,SIMPLE CYCLE,276.9883906780349,905
2019-12-24T10:00:00Z,HYDRO,HYDRO,81.59156803154283,894
2019-12-24T10:00:00Z,OTHER,BIOMASS,115.99451201915741,154
2019-12-24T10:00:00Z,OTHER,GAS COGEN,31.94143887201945,58
2019-12-24T10:00:00Z,OTHER,OIL/GAS,47.54357711791992,53
2019-12-24T10:00:00Z,OTHER,WOOD/REFUSE,86.99166053824955,158
2019-12-24T10:00:00Z,SOLAR,SOLAR,0,15
2019-12-24T10:00:00Z,WIND,WIND,201.1779696757843,1781
2019-12-24T11:00:00Z,COAL,COAL,3074.552894558377,5183
2019-12-24T11:00:00Z,DUAL FUEL,DUAL FUEL,495.3249684354994,540
2019-12-24T11:00:00Z,GAS,COGENERATION,4058.955429514514,5043
2019-12-24T11:00:00Z,GAS,COMBINED CYCLE,1250.726524037255,1748
2019-12-24T11:00:00Z,GAS,SIMPLE CYCLE,248.7424955145518,905
2019-12-24T11:00:00Z,HYDRO,HYDRO,96.73335173986025,894
2019-12-24T11:00:00Z,OTHER,BIOMASS,116.73241153081258,154
2019-12-24T11:00:00Z,OTHER,GAS COGEN,31.932314114570623,58
2019-12-24T11:00:00Z,OTHER,OIL/GAS,47.430600306193035,53
2019-12-24T11:00:00Z,OTHER,WOOD/REFUSE,86.17355971548292,158
2019-12-24T11:00:00Z,SOLAR,SOLAR,0,15
2019-12-24T11:00:00Z,WIND,WIND,195.90196913210883,1781
2019-12-24T12:00:00Z,COAL,COAL,3067.422681793504,5183
2019-12-24T12:00:00Z,DUAL FUEL,DUAL FUEL,494.23683580186633,540
2019-12-24T12:00:00Z,GAS,COGENERATION,4039.463809225162,5043
2019-12-24T12:00:00Z,GAS,COMBINED CYCLE,1298.9281181679833,1748
2019-12-24T12:00:00Z,GAS,SIMPLE CYCLE,248.28473562664456,905
2019-12-24T12:00:00Z,HYDRO,HYDRO,124.67161781840855,894
2019-12-24T12:00:00Z,OTHER,BIOMASS,122.51205076164669,154
2019-12-24T12:00:00Z,OTHER,GAS COGEN,31.82403378009796,58
2019-12-24T12:00:00Z,OTHER,OIL/GAS,47.65704335106744,53
2019-12-24T12:00:00Z,OTHER,WOOD/REFUSE,88.38934360980987,158
2019-12-24T12:00:00Z,SOLAR,SOLAR,0,15
2019-12-24T12:00:00Z,WIND,WIND,272.1206029262642,1781
2019-12-24T13:00:00Z,COAL,COAL,3071.323220590883,5183
2019-12-24T13:00:00Z,DUAL FUEL,DUAL FUEL,509.0623880386353,540
2019-12-24T13:00:00Z,GAS,COGENERATION,3984.749109066725,5043
2019-12-24T13:00:00Z,GAS,COMBINED CYCLE,1333.8950551186667,1748
2019-12-24T13:00:00Z,GAS,SIMPLE CYCLE,278.86682634562254,905
2019-12-24T13:00:00Z,HYDRO,HYDRO,152.21127187861336,894
2019-12-24T13:00:00Z,OTHER,BIOMASS,122.8873015361362,154
2019-12-24T13:00:00Z,OTHER,GAS COGEN,31.399184536933898,58
2019-12-24T13:00:00Z,OTHER,OIL/GAS,47.476765560574,53
2019-12-24T13:00:00Z,OTHER,WOOD/REFUSE,89.05785791662004,158
2019-12-24T13:00:00Z,SOLAR,SOLAR,0,15
2019-12-24T13:00:00Z,WIND,WIND,358.8271113120351,1781
2019-12-24T14:00:00Z,COAL,COAL,2904.400047684378,5183
2019-12-24T14:00:00Z,DUAL FUEL,DUAL FUEL,506.6696689944797,540
2019-12-24T14:00:00Z,GAS,COGENERATION,3986.69599721339,5043
2019-12-24T14:00:00Z,GAS,COMBINED CYCLE,1460.859675322771,1748
2019-12-24T14:00:00Z,GAS,SIMPLE CYCLE,394.2757393540939,905
2019-12-24T14:00:00Z,HYDRO,HYDRO,231.4333448622624,894
2019-12-24T14:00:00Z,OTHER,BIOMASS,125.55678890122307,154
2019-12-24T14:00:00Z,OTHER,GAS COGEN,31.556274514728127,58
2019-12-24T14:00:00Z,OTHER,OIL/GAS,47.332482668558754,53
2019-12-24T14:00:00Z,OTHER,WOOD/REFUSE,88.23138077894846,158
2019-12-24T14:00:00Z,SOLAR,SOLAR,0,15
2019-12-24T14:00:00Z,WIND,WIND,289.8254056405856,1781
2019-12-24T15:00:00Z,COAL,COAL,3104.1669396416346,5183
2019-12-24T15:00:00Z,DUAL FUEL,DUAL FUEL,512.3233259752062,540
2019-12-24T15:00:00Z,GAS,COGENERATION,3991.6362674110464,5043
2019-12-24T15:00:00Z,GAS,COMBINED CYCLE,1553.26361259328,1748
2019-12-24T15:00:00Z,GAS,SIMPLE CYCLE,427.4124172245463,905
2019-12-24T15:00:00Z,HYDRO,HYDRO,221.11702460050583,894
2019-12-24T15:00:00Z,OTHER,BIOMASS,126.01375564787124,154
2019-12-24T15:00:00Z,OTHER,GAS COGEN,38.28099049833086,58
2019-12-24T15:00:00Z,OTHER,OIL/GAS,47.994160921308726,53
2019-12-24T15:00:00Z,OTHER,WOOD/REFUSE,92.01725438806746,158
2019-12-24T15:00:00Z,SOLAR,SOLAR,0,15
2019-12-24T15:00:00Z,WIND,WIND,326.1527153500418,1781
2019-12-24T16:00:00Z,COAL,COAL,3150.2689969287976,5183
2019-12-24T16:00:00Z,DUAL FUEL,DUAL FUEL,511.8538570404052,540
2019-12-24T16:00:00Z,GAS,COGENERATION,3984.8127348126304,5043
2019-12-24T16:00:00Z,GAS,COMBINED CYCLE,1556.1393934758505,1748
2019-12-24T16:00:00Z,GAS,SIMPLE CYCLE,430.79821668833495,905
2019-12-24T16:00:00Z,HYDRO,HYDRO,231.9332101039092,894
2019-12-24T16:00:00Z,OTHER,BIOMASS,124.53276145829095,154
2019-12-24T16:00:00Z,OTHER,GAS COGEN,34.19404868602753,58
2019-12-24T16:00:00Z,OTHER,OIL/GAS,47.30999755859375,53
2019-12-24T16:00:00Z,OTHER,WOOD/REFUSE,86.84345823552873,158
2019-12-24T16:00:00Z,SOLAR,SOLAR,0.01849999889731407,15
2019-12-24T16:00:00Z,WIND,WIND,375.69232687112356,1781
2019-12-24T17:00:00Z,COAL,COAL,3181.3200993418695,5183
2019-12-24T17:00:00Z,DUAL FUEL,DUAL FUEL,522.7609314049614,540
2019-12-24T17:00:00Z,GAS,COGENERATION,3983.959417981969,5043
2019-12-24T17:00:00Z,GAS,COMBINED CYCLE,1571.4086695946587,1748
2019-12-24T17:00:00Z,GAS,SIMPLE CYCLE,455.23471180780064,905
2019-12-24T17:00:00Z,HYDRO,HYDRO,218.83111669202646,894
2019-12-24T17:00:00Z,OTHER,BIOMASS,126.41699998802608,154
2019-12-24T17:00:00Z,OTHER,GAS COGEN,35.000756159888375,58
2019-12-24T17:00:00Z,OTHER,OIL/GAS,47.68583759943644,53
2019-12-24T17:00:00Z,OTHER,WOOD/REFUSE,88.15766191323598,158
2019-12-24T17:00:00Z,SOLAR,SOLAR,0.34083331301808356,15
2019-12-24T17:00:00Z,WIND,WIND,337.8311153477927,1781
2019-12-24T18:00:00Z,COAL,COAL,2862.9816174266075,5183
2019-12-24T18:00:00Z,DUAL FUEL,DUAL FUEL,524.1698108079698,540
2019-12-24T18:00:00Z,GAS,COGENERATION,3949.203365541266,5043
2019-12-24T18:00:00Z,GAS,COMBINED CYCLE,1468.2121676603954,1748
2019-12-24T18:00:00Z,GAS,SIMPLE CYCLE,383.9516316072146,905
2019-12-24T18:00:00Z,HYDRO,HYDRO,247.49671434010068,894
2019-12-24T18:00:00Z,OTHER,BIOMASS,128.675450480779,154
2019-12-24T18:00:00Z,OTHER,GAS COGEN,40.31192244264814,58
2019-12-24T18:00:00Z,OTHER,OIL/GAS,47.49307054095798,53
2019-12-24T18:00:00Z,OTHER,WOOD/REFUSE,89.91447975476584,158
2019-12-24T18:00:00Z,SOLAR,SOLAR,0.731833293206162,15
2019-12-24T18:00:00Z,WIND,WIND,295.5974405432575,1781
2019-12-24T19:00:00Z,COAL,COAL,2743.7506606592074,5183
2019-12-24T19:00:00Z,DUAL FUEL,DUAL FUEL,523.1719815487332,540
2019-12-24T19:00:00Z,GAS,COGENERATION,3962.904216747714,5043
2019-12-24T19:00:00Z,GAS,COMBINED CYCLE,1524.1850290748807,1748
2019-12-24T19:00:00Z,GAS,SIMPLE CYCLE,382.7172367739677,905
2019-12-24T19:00:00Z,HYDRO,HYDRO,182.5144232602583,894
2019-12-24T19:00:00Z,OTHER,BIOMASS,122.94344472355313,154
2019-12-24T19:00:00Z,OTHER,GAS COGEN,32.48920861350165,58
2019-12-24T19:00:00Z,OTHER,OIL/GAS,46.83451032426622,53
2019-12-24T19:00:00Z,OTHER,WOOD/REFUSE,85.48888767560324,158
2019-12-24T19:00:00Z,SOLAR,SOLAR,0.8574444225099351,15
2019-12-24T19:00:00Z,WIND,WIND,401.5356574153403,1781
2019-12-24T20:00:00Z,COAL,COAL,2649.531211042934,5183
2019-12-24T20:00:00Z,DUAL FUEL,DUAL FUEL,522.790825483534,540
2019-12-24T20:00:00Z,GAS,COGENERATION,3964.994706343942,5043
2019-12-24T20:00:00Z,GAS,COMBINED CYCLE,1532.2175793658362,1748
2019-12-24T20:00:00Z,GAS,SIMPLE CYCLE,364.79259681976504,905
2019-12-24T20:00:00Z,HYDRO,HYDRO,189.50422391792137,894
2019-12-24T20:00:00Z,OTHER,BIOMASS,123.43727332644993,154
2019-12-24T20:00:00Z,OTHER,GAS COGEN,30.28661065419515,58
2019-12-24T20:00:00Z,OTHER,OIL/GAS,46.774709915584985,53
2019-12-24T20:00:00Z,OTHER,WOOD/REFUSE,85.58373703267839,158
2019-12-24T20:00:00Z,SOLAR,SOLAR,0.9219999969005584,15
2019-12-24T20:00:00Z,WIND,WIND,424.249065803753,1781
2019-12-24T21:00:00Z,COAL,COAL,2612.455903936757,5183
2019-12-24T21:00:00Z,DUAL FUEL,DUAL FUEL,502.23104100121384,540
2019-12-24T21:00:00Z,GAS,COGENERATION,3964.2973737087514,5043
2019-12-24T21:00:00Z,GAS,COMBINED CYCLE,1455.7105221356287,1748
2019-12-24T21:00:00Z,GAS,SIMPLE CYCLE,365.6313109164768,905
2019-12-24T21:00:00Z,HYDRO,HYDRO,190.1119334694743,894
2019-12-24T21:00:00Z,OTHER,BIOMASS,115.94128936767578,154
2019-12-24T21:00:00Z,OTHER,GAS COGEN,30.297701818148294,58
2019-12-24T21:00:00Z,OTHER,OIL/GAS,46.9028763961792,53
2019-12-24T21:00:00Z,OTHER,WOOD/REFUSE,86.64864958127339,158
2019-12-24T21:00:00Z,SOLAR,SOLAR,0.4472222235467699,15
2019-12-24T21:00:00Z,WIND,WIND,484.1727674050298,1781
2019-12-24T22:00:00Z,COAL,COAL,2695.8253605535297,5183
2019-12-24T22:00:00Z,DUAL FUEL,DUAL FUEL,465.76152795579696,540
2019-12-24T22:00:00Z,GAS,COGENERATION,3962.471844711569,5043
2019-12-24T22:00:00Z,GAS,COMBINED CYCLE,1443.4903043789334,1748
2019-12-24T22:00:00Z,GAS,SIMPLE CYCLE,401.42506192031834,905
2019-12-24T22:00:00Z,HYDRO,HYDRO,192.14717560266456,894
2019-12-24T22:00:00Z,OTHER,BIOMASS,115.3089119137658,154
2019-12-24T22:00:00Z,OTHER,GAS COGEN,28.489335894054836,58
2019-12-24T22:00:00Z,OTHER,OIL/GAS,46.44553818596734,53
2019-12-24T22:00:00Z,OTHER,WOOD/REFUSE,88.84849560578664,158
2019-12-24T22:00:00Z,SOLAR,SOLAR,0,15
2019-12-24T22:00:00Z,WIND,WIND,406.83498119001587,1781
2019-12-24T23:00:00Z,COAL,COAL,2774.5647564302553,5183
2019-12-24T23:00:00Z,DUAL FUEL,DUAL FUEL,349.39872060351905,540
2019-12-24T23:00:00Z,GAS,COGENERATION,3960.954003854361,5043
2019-12-24T23:00:00Z,GAS,COMBINED CYCLE,1513.9456105025608,1748
2019-12-24T23:00:00Z,GAS,SIMPLE CYCLE,440.80883896609146,905
2019-12-24T23:00:00Z,HYDRO,HYDRO,237.7004335946838,894
2019-12-24T23:00:00Z,OTHER,BIOMASS,118.56701743443807,154
2019-12-24T23:00:00Z,OTHER,GAS COGEN,28.564835489061146,58
2019-12-24T23:00:00Z,OTHER,OIL/GAS,46.48616549385918,53
2019-12-24T23:00:00Z,OTHER,WOOD/REFUSE,88.5908408413993,158
2019-12-24T23:00:00Z,SOLAR,SOLAR,0,15
2019-12-24T23:00:00Z,WIND,WIND,418.4591833040946,1781
2019-12-25T00:00:00Z,COAL,COAL,2916.299170984361,5183
2019-12-25T00:00:00Z,DUAL FUEL,DUAL FUEL,306.10932367112906,540
2019-12-25T00:00:00Z,GAS,COGENERATION,3953.4763050924407,5043
2019-12-25T00:00:00Z,GAS,COMBINED CYCLE,1452.149313454628,1748
2019-12-25T00:00:00Z,GAS,SIMPLE CYCLE,445.1844725128677,905
2019-12-25T00:00:00Z,HYDRO,HYDRO,191.62962586790323,894
2019-12-25T00:00:00Z,OTHER,BIOMASS,121.34886728339725,154
2019-12-25T00:00:00Z,OTHER,GAS COGEN,28.430886123445294,58
2019-12-25T00:00:00Z,OTHER,OIL/GAS,47.00255573272705,53
2019-12-25T00:00:00Z,OTHER,WOOD/REFUSE,88.65592210981582,158
2019-12-25T00:00:00Z,SOLAR,SOLAR,0,15
2019-12-25T00:00:00Z,WIND,WIND,452.6784745197826,1781
2019-12-25T01:00:00Z,COAL,COAL,2681.922970597744,5183
2019-12-25T01:00:00Z,DUAL FUEL,DUAL FUEL,297.63138533698185,540
2019-12-25T01:00:00Z,GAS,COGENERATION,3949.6121801875697,5043
2019-12-25T01:00:00Z,GAS,COMBINED CYCLE,1372.41893109666,1748
2019-12-25T01:00:00Z,GAS,SIMPLE CYCLE,421.9992994766765,905
2019-12-25T01:00:00Z,HYDRO,HYDRO,186.0989844461282,894
2019-12-25T01:00:00Z,OTHER,BIOMASS,122.53260579533047,154
2019-12-25T01:00:00Z,OTHER,GAS COGEN,28.720934516059028,58
2019-12-25T01:00:00Z,OTHER,OIL/GAS,45.91443238576253,53
2019-12-25T01:00:00Z,OTHER,WOOD/REFUSE,87.23321821689605,158
2019-12-25T01:00:00Z,SOLAR,SOLAR,0,15
2019-12-25T01:00:00Z,WIND,WIND,572.5239599722566,1781
2019-12-25T02:00:00Z,COAL,COAL,2697.954077855481,5183
2019-12-25T02:00:00Z,DUAL FUEL,DUAL FUEL,294.9958545939128,540
2019-12-25T02:00:00Z,GAS,COGENERATION,4016.949041442242,5043
2019-12-25T02:00:00Z,GAS,COMBINED CYCLE,1407.4854562950136,1748
2019-12-25T02:00:00Z,GAS,SIMPLE CYCLE,402.04687374383207,905
2019-12-25T02:00:00Z,HYDRO,HYDRO,235.3801498824027,894
2019-12-25T02:00:00Z,OTHER,BIOMASS,121.54764986356099,154
2019-12-25T02:00:00Z,OTHER,GAS COGEN,28.46180821100871,58
2019-12-25T02:00:00Z,OTHER,OIL/GAS,43.08497115241157,53
2019-12-25T02:00:00Z,OTHER,WOOD/REFUSE,85.93103151162465,158
2019-12-25T02:00:00Z,SOLAR,SOLAR,0,15
2019-12-25T02:00:00Z,WIND,WIND,743.4438404501974,1781
2019-12-25T03:00:00Z,COAL,COAL,2699.636737280157,5183
2019-12-25T03:00:00Z,DUAL FUEL,DUAL FUEL,296.1546794721815,540
2019-12-25T03:00:00Z,GAS,COGENERATION,4032.164901650879,5043
2019-12-25T03:00:00Z,GAS,COMBINED CYCLE,1380.410905652576,1748
2019-12-25T03:00:00Z,GAS,SIMPLE CYCLE,402.548178785642,905
2019-12-25T03:00:00Z,HYDRO,HYDRO,236.68180231943728,894
2019-12-25T03:00:00Z,OTHER,BIOMASS,122.09060586664411,154
2019-12-25T03:00:00Z,OTHER,GAS COGEN,28.566921008427936,58
2019-12-25T03:00:00Z,OTHER,OIL/GAS,42.78538852267795,53
2019-12-25T03:00:00Z,OTHER,WOOD/REFUSE,85.84780317412482,158
2019-12-25T03:00:00Z,SOLAR,SOLAR,0,15
2019-12-25T03:00:00Z,WIND,WIND,835.5383884983013,1781
2019-12-25T04:00:00Z,COAL,COAL,2689.6957385781075,5183
2019-12-25T04:00:00Z,DUAL FUEL,DUAL FUEL,295.37707072152034,540
2019-12-25T04:00:00Z,GAS,COGENERATION,4027.010366448495,5043
2019-12-25T04:00:00Z,GAS,COMBINED CYCLE,1382.5383781698015,1748
2019-12-25T04:00:00Z,GAS,SIMPLE CYCLE,385.30689955883554,905
2019-12-25T04:00:00Z,HYDRO,HYDRO,164.76580155895815,894
2019-12-25T04:00:00Z,OTHER,BIOMASS,120.25725017547607,154
2019-12-25T04:00:00Z,OTHER,GAS COGEN,28.510820706685383,58
2019-12-25T04:00:00Z,OTHER,OIL/GAS,42.67138206270006,53
2019-12-25T04:00:00Z,OTHER,WOOD/REFUSE,86.4311383289761,158
2019-12-25T04:00:00Z,SOLAR,SOLAR,0,15
2019-12-25T04:00:00Z,WIND,WIND,937.6424368347725,1781
2019-12-25T05:00:00Z,COAL,COAL,2637.471764087147,5183
2019-12-25T05:00:00Z,DUAL FUEL,DUAL FUEL,294.6677404446072,540
2019-12-25T05:00:00Z,GAS,COGENERATION,3998.8707288532787,5043
2019-12-25T05:00:00Z,GAS,COMBINED CYCLE,1349.3155125765006,1748
2019-12-25T05:00:00Z,GAS,SIMPLE CYCLE,336.6531018310123,905
2019-12-25T05:00:00Z,HYDRO,HYDRO,179.25126235359247,894
2019-12-25T05:00:00Z,OTHER,BIOMASS,118.80311711629231,154
2019-12-25T05:00:00Z,OTHER,GAS COGEN,28.56129397816128,58
2019-12-25T05:00:00Z,OTHER,OIL/GAS,42.72089322196113,53
2019-12-25T05:00:00Z,OTHER,WOOD/REFUSE,86.91831424766117,158
2019-12-25T05:00:00Z,SOLAR,SOLAR,0,15
2019-12-25T05:00:00Z,WIND,WIND,949.9144870824118,1781
2019-12-25T06:00:00Z,COAL,COAL,2729.4099861592717,5183
2019-12-25T06:00:00Z,DUAL FUEL,DUAL FUEL,296.3196939786275,540
2019-12-25T06:00:00Z,GAS,COGENERATION,4025.6008067452576,5043
2019-12-25T06:00:00Z,GAS,COMBINED CYCLE,1292.4237200294601,1748
2019-12-25T06:00:00Z,GAS,SIMPLE CYCLE,216.39366577317318,905
2019-12-25T06:00:00Z,HYDRO,HYDRO,170.90182937567434,894
2019-12-25T06:00:00Z,OTHER,BIOMASS,116.33779499053955,154
2019-12-25T06:00:00Z,OTHER,GAS COGEN,31.07591347164578,58
2019-12-25T06:00:00Z,OTHER,OIL/GAS,42.49735344992744,53
2019-12-25T06:00:00Z,OTHER,WOOD/REFUSE,86.78896027723948,158
2019-12-25T06:00:00Z,SOLAR,SOLAR,0,15
2019-12-25T06:00:00Z,WIND,WIND,800.5358572752277,1781
2019-12-25T07:00:00Z,COAL,COAL,2730.565183608002,5183
2019-12-25T07:00:00Z,DUAL FUEL,DUAL FUEL,295.09009302563135,540
2019-12-25T07:00:00Z,GAS,COGENERATION,4030.5055047984088,5043
2019-12-25T07:00:00Z,GAS,COMBINED CYCLE,1329.3934181258414,1748
2019-12-25T07:00:00Z,GAS,SIMPLE CYCLE,220.7241470339563,905
2019-12-25T07:00:00Z,HYDRO,HYDRO,123.31676692671246,894
2019-12-25T07:00:00Z,OTHER,BIOMASS,116.19881188233693,154
2019-12-25T07:00:00Z,OTHER,GAS COGEN,42.06263198216756,58
2019-12-25T07:00:00Z,OTHER,OIL/GAS,42.32394418928358,53
2019-12-25T07:00:00Z,OTHER,WOOD/REFUSE,86.0230874300003,158
2019-12-25T07:00:00Z,SOLAR,SOLAR,0,15
2019-12-25T07:00:00Z,WIND,WIND,658.1702216235466,1781
2019-12-25T08:00:00Z,COAL,COAL,2580.0394349659814,5183
2019-12-25T08:00:00Z,DUAL FUEL,DUAL FUEL,295.38147614161176,540
2019-12-25T08:00:00Z,GAS,COGENERATION,4036.0860894609823,5043
2019-12-25T08:00:00Z,GAS,COMBINED CYCLE,1315.0423369730843,1748
2019-12-25T08:00:00Z,GAS,SIMPLE CYCLE,235.04643910249075,905
2019-12-25T08:00:00Z,HYDRO,HYDRO,79.03010360214445,894
2019-12-25T08:00:00Z,OTHER,BIOMASS,114.79365059216818,154
2019-12-25T08:00:00Z,OTHER,GAS COGEN,44.70766677856446,58
2019-12-25T08:00:00Z,OTHER,OIL/GAS,42.87203867170546,53
2019-12-25T08:00:00Z,OTHER,WOOD/REFUSE,86.46469084209866,158
2019-12-25T08:00:00Z,SOLAR,SOLAR,0,15
2019-12-25T08:00:00Z,WIND,WIND,671.3876334384746,1781
2019-12-25T09:00:00Z,COAL,COAL,2518.2501723183523,5183
2019-12-25T09:00:00Z,DUAL FUEL,DUAL FUEL,295.1648955133226,540
2019-12-25T09:00:00Z,GAS,COGENERATION,4040.412232964966,5043
2019-12-25T09:00:00Z,GAS,COMBINED CYCLE,1334.5266441488266,1748
2019-12-25T09:00:00Z,GAS,SIMPLE CYCLE,231.9343516031901,905
2019-12-25T09:00:00Z,HYDRO,HYDRO,98.77950205392308,894
2019-12-25T09:00:00Z,OTHER,BIOMASS,115.78991200870938,154
2019-12-25T09:00:00Z,OTHER,GAS COGEN,44.800559232499864,58
2019-12-25T09:00:00Z,OTHER,OIL/GAS,42.60975005255805,53
2019-12-25T09:00:00Z,OTHER,WOOD/REFUSE,87.84571917004055,158
2019-12-25T09:00:00Z,SOLAR,SOLAR,0,15
2019-12-25T09:00:00Z,WIND,WIND,640.0992035884824,1781
2019-12-25T10:00:00Z,COAL,COAL,2504.3900576053725,5183
2019-12-25T10:00:00Z,DUAL FUEL,DUAL FUEL,295.3827080599467,540
2019-12-25T10:00:00Z,GAS,COGENERATION,4042.7464140346315,5043
2019-12-25T10:00:00Z,GAS,COMBINED CYCLE,1327.62953182088,1748
2019-12-25T10:00:00Z,GAS,SIMPLE CYCLE,185.83287492328222,905
2019-12-25T10:00:00Z,HYDRO,HYDRO,92.55106183595127,894
2019-12-25T10:00:00Z,OTHER,BIOMASS,114.74232293552822,154
2019-12-25T10:00:00Z,OTHER,GAS COGEN,44.823795933723446,58
2019-12-25T10:00:00Z,OTHER,OIL/GAS,42.8595433277554,53
2019-12-25T10:00:00Z,OTHER,WOOD/REFUSE,88.0306310002009,158
2019-12-25T10:00:00Z,SOLAR,SOLAR,0,15
2019-12-25T10:00:00Z,WIND,WIND,609.7317441652633,1781
2019-12-25T11:00:00Z,COAL,COAL,2517.2476885064443,5183
2019-12-25T11:00:00Z,DUAL FUEL,DUAL FUEL,295.79479658338755,540
2019-12-25T11:00:00Z,GAS,COGENERATION,4045.0162169992923,5043
2019-12-25T11:00:00Z,GAS,COMBINED CYCLE,1329.829243833754,1748
2019-12-25T11:00:00Z,GAS,SIMPLE CYCLE,183.4719601903028,905
2019-12-25T11:00:00Z,HYDRO,HYDRO,95.97506587505342,894
2019-12-25T11:00:00Z,OTHER,BIOMASS,113.94718447155422,154
2019-12-25T11:00:00Z,OTHER,GAS COGEN,44.90187937471602,58
2019-12-25T11:00:00Z,OTHER,OIL/GAS,42.9768224673801,53
2019-12-25T11:00:00Z,OTHER,WOOD/REFUSE,88.32097723642985,158
2019-12-25T11:00:00Z,SOLAR,SOLAR,0,15
2019-12-25T11:00:00Z,WIND,WIND,597.9291240581208,1781
2019-12-25T12:00:00Z,COAL,COAL,2568.154836423662,5183
2019-12-25T12:00:00Z,DUAL FUEL,DUAL FUEL,295.78915930006235,540
2019-12-25T12:00:00Z,GAS,COGENERATION,4046.2277697759205,5043
2019-12-25T12:00:00Z,GAS,COMBINED CYCLE,1334.153043188519,1748
2019-12-25T12:00:00Z,GAS,SIMPLE CYCLE,180.250237270991,905
2019-12-25T12:00:00Z,HYDRO,HYDRO,131.07521125886174,894
2019-12-25T12:00:00Z,OTHER,BIOMASS,115.9632445971171,154
2019-12-25T12:00:00Z,OTHER,GAS COGEN,44.789828604592216,58
2019-12-25T12:00:00Z,OTHER,OIL/GAS,42.84634392208523,53
2019-12-25T12:00:00Z,OTHER,WOOD/REFUSE,89.04569292174445,158
2019-12-25T12:00:00Z,SOLAR,SOLAR,0,15
2019-12-25T12:00:00Z,WIND,WIND,580.5935641916794,1781
2019-12-25T13:00:00Z,COAL,COAL,2750.2384450001186,5183
2019-12-25T13:00:00Z,DUAL FUEL,DUAL FUEL,297.7778169123332,540
2019-12-25T13:00:00Z,GAS,COGENERATION,4051.004947854678,5043
2019-12-25T13:00:00Z,GAS,COMBINED CYCLE,1343.4354224544102,1748
2019-12-25T13:00:00Z,GAS,SIMPLE CYCLE,181.96094990147486,905
2019-12-25T13:00:00Z,HYDRO,HYDRO,190.6711623710394,894
2019-12-25T13:00:00Z,OTHER,BIOMASS,115.98628436883291,154
2019-12-25T13:00:00Z,OTHER,GAS COGEN,44.61706035878923,58
2019-12-25T13:00:00Z,OTHER,OIL/GAS,43.269397744072805,53
2019-12-25T13:00:00Z,OTHER,WOOD/REFUSE,89.06793683475918,158
2019-12-25T13:00:00Z,SOLAR,SOLAR,0,15
2019-12-25T13:00:00Z,WIND,WIND,491.5577314097186,1781
2019-12-25T14:00:00Z,COAL,COAL,2904.598540429009,5183
2019-12-25T14:00:00Z,DUAL FUEL,DUAL FUEL,297.2176443142361,540
2019-12-25T14:00:00Z,GAS,COGENERATION,4053.029827672111,5043
2019-12-25T14:00:00Z,GAS,COMBINED CYCLE,1487.9480693734354,1748
2019-12-25T14:00:00Z,GAS,SIMPLE CYCLE,196.37411353475517,905
2019-12-25T14:00:00Z,HYDRO,HYDRO,273.5699148966869,894
2019-12-25T14:00:00Z,OTHER,BIOMASS,116.46776632255978,154
2019-12-25T14:00:00Z,OTHER,GAS COGEN,44.59772567854987,58
2019-12-25T14:00:00Z,OTHER,OIL/GAS,43.69052721235487,53
2019-12-25T14:00:00Z,OTHER,WOOD/REFUSE,88.96748390197754,158
2019-12-25T14:00:00Z,SOLAR,SOLAR,0,15
2019-12-25T14:00:00Z,WIND,WIND,357.48867952391714,1781
2019-12-25T15:00:00Z,COAL,COAL,3057.429363706377,5183
2019-12-25T15:00:00Z,DUAL FUEL,DUAL FUEL,308.0316879102919,540
2019-12-25T15:00:00Z,GAS,COGENERATION,4066.6165565750002,5043
2019-12-25T15:00:00Z,GAS,COMBINED CYCLE,1564.462454463111,1748
2019-12-25T15:00:00Z,GAS,SIMPLE CYCLE,246.41417677250175,905
2019-12-25T15:00:00Z,HYDRO,HYDRO,187.49168051812384,894
2019-12-25T15:00:00Z,OTHER,BIOMASS,120.09222260422177,154
2019-12-25T15:00:00Z,OTHER,GAS COGEN,44.60124650160472,58
2019-12-25T15:00:00Z,OTHER,OIL/GAS,43.18621518876817,53
2019-12-25T15:00:00Z,OTHER,WOOD/REFUSE,88.17387754387326,158
2019-12-25T15:00:00Z,SOLAR,SOLAR,0,15
2019-12-25T15:00:00Z,WIND,WIND,292.7628333763499,1781
2019-12-25T16:00:00Z,COAL,COAL,3070.9382062212626,5183
2019-12-25T16:00:00Z,DUAL FUEL,DUAL FUEL,291.9685636753506,540
2019-12-25T16:00:00Z,GAS,COGENERATION,4068.014176886214,5043
2019-12-25T16:00:00Z,GAS,COMBINED CYCLE,1583.3160351763831,1748
2019-12-25T16:00:00Z,GAS,SIMPLE CYCLE,339.0802515588204,905
2019-12-25T16:00:00Z,HYDRO,HYDRO,172.9255208341943,894
2019-12-25T16:00:00Z,OTHER,BIOMASS,121.95752846982744,154
2019-12-25T16:00:00Z,OTHER,GAS COGEN,44.686381672223405,58
2019-12-25T16:00:00Z,OTHER,OIL/GAS,43.035699144999185,53
2019-12-25T16:00:00Z,OTHER,WOOD/REFUSE,88.87364234288533,158
2019-12-25T16:00:00Z,SOLAR,SOLAR,0.09583332762122154,15
2019-12-25T16:00:00Z,WIND,WIND,258.49867154030335,1781
2019-12-25T17:00:00Z,COAL,COAL,3093.9690807999505,5183
2019-12-25T17:00:00Z,DUAL FUEL,DUAL FUEL,292.7099826388889,540
2019-12-25T17:00:00Z,GAS,COGENERATION,4061.808047449721,5043
2019-12-25T17:00:00Z,GAS,COMBINED CYCLE,1590.6281121031443,1748
2019-12-25T17:00:00Z,GAS,SIMPLE CYCLE,342.47237688024836,905
2019-12-25T17:00:00Z,HYDRO,HYDRO,205.52368040209015,894
2019-12-25T17:00:00Z,OTHER,BIOMASS,121.9280449740092,154
2019-12-25T17:00:00Z,OTHER,GAS COGEN,44.69223534690009,58
2019-12-25T17:00:00Z,OTHER,OIL/GAS,43.22950509601169,53
2019-12-25T17:00:00Z,OTHER,WOOD/REFUSE,88.3542987452613,158
2019-12-25T17:00:00Z,SOLAR,SOLAR,0.4781666381657124,15
2019-12-25T17:00:00Z,WIND,WIND,205.27346174277366,1781
2019-12-25T18:00:00Z,COAL,COAL,3260.4035950639513,5183
2019-12-25T18:00:00Z,DUAL FUEL,DUAL FUEL,315.68603865305585,540
2019-12-25T18:00:00Z,GAS,COGENERATION,4051.9992660357557,5043
2019-12-25T18:00:00Z,GAS,COMBINED CYCLE,1476.3309541278416,1748
2019-12-25T18:00:00Z,GAS,SIMPLE CYCLE,341.4710376363662,905
2019-12-25T18:00:00Z,HYDRO,HYDRO,212.0497355201675,894
2019-12-25T18:00:00Z,OTHER,BIOMASS,124.03482809490629,154
2019-12-25T18:00:00Z,OTHER,GAS COGEN,44.66398226102193,58
2019-12-25T18:00:00Z,OTHER,OIL/GAS,42.49518792470296,53
2019-12-25T18:00:00Z,OTHER,WOOD/REFUSE,89.58557769245571,158
2019-12-25T18:00:00Z,SOLAR,SOLAR,0.6533332996898227,15
2019-12-25T18:00:00Z,WIND,WIND,162.90506946525642,1781
2019-12-25T19:00:00Z,COAL,COAL,3291.896762061649,5183
2019-12-25T19:00:00Z,DUAL FUEL,DUAL FUEL,316.23418118370904,540
2019-12-25T19:00:00Z,GAS,COGENERATION,4043.414392898414,5043
2019-12-25T19:00:00Z,GAS,COMBINED CYCLE,1536.0077829911975,1748
2019-12-25T19:00:00Z,GAS,SIMPLE CYCLE,342.31569017165236,905
2019-12-25T19:00:00Z,HYDRO,HYDRO,151.45993169715007,894
2019-12-25T19:00:00Z,OTHER,BIOMASS,125.13816663000318,154
2019-12-25T19:00:00Z,OTHER,GAS COGEN,44.60081316788991,58
2019-12-25T19:00:00Z,OTHER,OIL/GAS,40.55156053543091,53
2019-12-25T19:00:00Z,OTHER,WOOD/REFUSE,87.22636346393162,158
2019-12-25T19:00:00Z,SOLAR,SOLAR,0.8999999761581421,15
2019-12-25T19:00:00Z,WIND,WIND,146.57996006284736,1781
2019-12-25T20:00:00Z,COAL,COAL,3169.634553366767,5183
2019-12-25T20:00:00Z,DUAL FUEL,DUAL FUEL,318.79264885372584,540
2019-12-25T20:00:00Z,GAS,COGENERATION,4037.3484194645616,5043
2019-12-25T20:00:00Z,GAS,COMBINED CYCLE,1553.0275251695846,1748
2019-12-25T20:00:00Z,GAS,SIMPLE CYCLE,347.47330553544896,905
2019-12-25T20:00:00Z,HYDRO,HYDRO,156.39128793574042,894
2019-12-25T20:00:00Z,OTHER,BIOMASS,124.90301045417786,154
2019-12-25T20:00:00Z,OTHER,GAS COGEN,44.45133972273932,58
2019-12-25T20:00:00Z,OTHER,OIL/GAS,40.68930985344781,53
2019-12-25T20:00:00Z,OTHER,WOOD/REFUSE,89.0191011873881,158
2019-12-25T20:00:00Z,SOLAR,SOLAR,0.8999999761581421,15
2019-12-25T20:00:00Z,WIND,WIND,165.00712828648588,1781
2019-12-25T21:00:00Z,COAL,COAL,3163.01154381858,5183
2019-12-25T21:00:00Z,DUAL FUEL,DUAL FUEL,318.82730988396537,540
2019-12-25T21:00:00Z,GAS,COGENERATION,4031.2402662976583,5043
2019-12-25T21:00:00Z,GAS,COMBINED CYCLE,1547.0925121275584,1748
2019-12-25T21:00:00Z,GAS,SIMPLE CYCLE,349.5513005267249,905
2019-12-25T21:00:00Z,HYDRO,HYDRO,147.27851070284842,894
2019-12-25T21:00:00Z,OTHER,BIOMASS,121.65087304433187,154
2019-12-25T21:00:00Z,OTHER,GAS COGEN,44.48766888830397,58
2019-12-25T21:00:00Z,OTHER,OIL/GAS,40.98271606869168,53
2019-12-25T21:00:00Z,OTHER,WOOD/REFUSE,89.25003900898827,158
2019-12-25T21:00:00Z,SOLAR,SOLAR,0.8999999761581421,15
2019-12-25T21:00:00Z,WIND,WIND,173.08240341196458,1781
2019-12-25T22:00:00Z,COAL,COAL,3161.229910070631,5183
2019-12-25T22:00:00Z,DUAL FUEL,DUAL FUEL,318.3621199247572,540
2019-12-25T22:00:00Z,GAS,COGENERATION,4034.7818402087687,5043
2019-12-25T22:00:00Z,GAS,COMBINED CYCLE,1555.5679835218853,1748
2019-12-25T22:00:00Z,GAS,SIMPLE CYCLE,352.80251627835963,905
2019-12-25T22:00:00Z,HYDRO,HYDRO,197.6368468613343,894
2019-12-25T22:00:00Z,OTHER,BIOMASS,118.57393949879541,154
2019-12-25T22:00:00Z,OTHER,GAS COGEN,44.715519037776524,58
2019-12-25T22:00:00Z,OTHER,OIL/GAS,40.96608801311917,53
2019-12-25T22:00:00Z,OTHER,WOOD/REFUSE,89.50387357764774,158
2019-12-25T22:00:00Z,SOLAR,SOLAR,0.30833331811759207,15
2019-12-25T22:00:00Z,WIND,WIND,167.66734626880537,1781
2019-12-25T23:00:00Z,COAL,COAL,3211.82141258849,5183
2019-12-25T23:00:00Z,DUAL FUEL,DUAL FUEL,320.23397708045115,540
2019-12-25T23:00:00Z,GAS,COGENERATION,4046.5603669725524,5043
2019-12-25T23:00:00Z,GAS,COMBINED CYCLE,1545.075118827621,1748
2019-12-25T23:00:00Z,GAS,SIMPLE CYCLE,423.45865723328455,905
2019-12-25T23:00:00Z,HYDRO,HYDRO,304.76029057875274,894
2019-12-25T23:00:00Z,OTHER,BIOMASS,120.76787274360656,154
2019-12-25T23:00:00Z,OTHER,GAS COGEN,44.68612299866146,58
2019-12-25T23:00:00Z,OTHER,OIL/GAS,41.57380470275879,53
2019-12-25T23:00:00Z,OTHER,WOOD/REFUSE,90.44229789892833,158
2019-12-25T23:00:00Z,SOLAR,SOLAR,0,15
2019-12-25T23:00:00Z,WIND,WIND,178.54560706916783,1781
2019-12-26T00:00:00Z,COAL,COAL,3401.475244450039,5183
2019-12-26T00:00:00Z,DUAL FUEL,DUAL FUEL,317.8912512969971,540
2019-12-26T00:00:00Z,GAS,COGENERATION,4044.1988137078947,5043
2019-12-26T00:00:00Z,GAS,COMBINED CYCLE,1431.2099600927036,1748
2019-12-26T00:00:00Z,GAS,SIMPLE CYCLE,450.65249953730245,905
2019-12-26T00:00:00Z,HYDRO,HYDRO,234.60756688714028,894
2019-12-26T00:00:00Z,OTHER,BIOMASS,122.8645896350013,154
2019-12-26T00:00:00Z,OTHER,GAS COGEN,44.63856867949168,58
2019-12-26T00:00:00Z,OTHER,OIL/GAS,41.6833220714993,53
2019-12-26T00:00:00Z,OTHER,WOOD/REFUSE,95.77606072001987,158
2019-12-26T00:00:00Z,SOLAR,SOLAR,0,15
2019-12-26T00:00:00Z,WIND,WIND,169.7233505145212,1781
2019-12-26T01:00:00Z,COAL,COAL,3252.9378878445095,5183
2019-12-26T01:00:00Z,DUAL FUEL,DUAL FUEL,293.32822234259714,540
2019-12-26T01:00:00Z,GAS,COGENERATION,4045.944261482292,5043
2019-12-26T01:00:00Z,GAS,COMBINED CYCLE,1402.1038985912005,1748
2019-12-26T01:00:00Z,GAS,SIMPLE CYCLE,407.8344377900826,905
2019-12-26T01:00:00Z,HYDRO,HYDRO,187.8730916239818,894
2019-12-26T01:00:00Z,OTHER,BIOMASS,118.95920186360678,154
2019-12-26T01:00:00Z,OTHER,GAS COGEN,44.56445083883074,58
2019-12-26T01:00:00Z,OTHER,OIL/GAS,41.26097663031684,53
2019-12-26T01:00:00Z,OTHER,WOOD/REFUSE,88.94393456988865,158
2019-12-26T01:00:00Z,SOLAR,SOLAR,0,15
2019-12-26T01:00:00Z,WIND,WIND,166.16096749469637,1781
2019-12-26T02:00:00Z,COAL,COAL,3158.6460368270345,5183
2019-12-26T02:00:00Z,DUAL FUEL,DUAL FUEL,290.55427551693384,540
2019-12-26T02:00:00Z,GAS,COGENERATION,4053.458254891005,5043
2019-12-26T02:00:00Z,GAS,COMBINED CYCLE,1517.9434317668279,1748
2019-12-26T02:00:00Z,GAS,SIMPLE CYCLE,313.0792065038946,905
2019-12-26T02:00:00Z,HYDRO,HYDRO,225.9959800826841,894
2019-12-26T02:00:00Z,OTHER,BIOMASS,118.04305620776282,154
2019-12-26T02:00:00Z,OTHER,GAS COGEN,44.70690745459663,58
2019-12-26T02:00:00Z,OTHER,OIL/GAS,41.57422658284505,53
2019-12-26T02:00:00Z,OTHER,WOOD/REFUSE,87.92959013038212,158
2019-12-26T02:00:00Z,SOLAR,SOLAR,0,15
2019-12-26T02:00:00Z,WIND,WIND,132.77424597010017,1781
2019-12-26T03:00:00Z,COAL,COAL,3137.913864824507,5183
2019-12-26T03:00:00Z,DUAL FUEL,DUAL FUEL,290.45252688513864,540
2019-12-26T03:00:00Z,GAS,COGENERATION,4062.033615790622,5043
2019-12-26T03:00:00Z,GAS,COMBINED CYCLE,1493.1376390784317,1748
2019-12-26T03:00:00Z,GAS,SIMPLE CYCLE,366.9488118251165,905
2019-12-26T03:00:00Z,HYDRO,HYDRO,266.06115667622953,894
2019-12-26T03:00:00Z,OTHER,BIOMASS,118.61406784216562,154
2019-12-26T03:00:00Z,OTHER,GAS COGEN,44.73541966756185,58
2019-12-26T03:00:00Z,OTHER,OIL/GAS,41.86678726196289,53
2019-12-26T03:00:00Z,OTHER,WOOD/REFUSE,88.62934530099233,158
2019-12-26T03:00:00Z,SOLAR,SOLAR,0,15
2019-12-26T03:00:00Z,WIND,WIND,215.52723369552857,1781
2019-12-26T04:00:00Z,COAL,COAL,3148.1140155262415,5183
2019-12-26T04:00:00Z,DUAL FUEL,DUAL FUEL,314.9423601595561,540
2019-12-26T04:00:00Z,GAS,COGENERATION,4057.744449152814,5043
2019-12-26T04:00:00Z,GAS,COMBINED CYCLE,1496.276710009045,1748
2019-12-26T04:00:00Z,GAS,SIMPLE CYCLE,358.8023178660207,905
2019-12-26T04:00:00Z,HYDRO,HYDRO,217.58581525294318,894
2019-12-26T04:00:00Z,OTHER,BIOMASS,120.01238993167877,154
2019-12-26T04:00:00Z,OTHER,GAS COGEN,44.726284342341955,58
2019-12-26T04:00:00Z,OTHER,OIL/GAS,41.73552085876465,53
2019-12-26T04:00:00Z,OTHER,WOOD/REFUSE,88.60474750306872,158
2019-12-26T04:00:00Z,SOLAR,SOLAR,0,15
2019-12-26T04:00:00Z,WIND,WIND,279.94076554064947,1781
2019-12-26T05:00:00Z,COAL,COAL,3256.5659353870815,5183
2019-12-26T05:00:00Z,DUAL FUEL,DUAL FUEL,317.9004195531209,540
2019-12-26T05:00:00Z,GAS,COGENERATION,4056.2213721969392,5043
2019-12-26T05:00:00Z,GAS,COMBINED CYCLE,1402.7919240901206,1748
2019-12-26T05:00:00Z,GAS,SIMPLE CYCLE,265.189348546399,905
2019-12-26T05:00:00Z,HYDRO,HYDRO,148.2764991043839,894
2019-12-26T05:00:00Z,OTHER,BIOMASS,121.25558403438991,154
2019-12-26T05:00:00Z,OTHER,GAS COGEN,44.65933999379476,58
2019-12-26T05:00:00Z,OTHER,OIL/GAS,41.718038656446666,53
2019-12-26T05:00:00Z,OTHER,WOOD/REFUSE,87.96910007794698,158
2019-12-26T05:00:00Z,SOLAR,SOLAR,0,15
2019-12-26T05:00:00Z,WIND,WIND,308.8410721048547,1781
2019-12-26T06:00:00Z,COAL,COAL,3113.3515049849616,5183
2019-12-26T06:00:00Z,DUAL FUEL,DUAL FUEL,317.5208244154188,540
2019-12-26T06:00:00Z,GAS,COGENERATION,4050.7553583894833,5043
2019-12-26T06:00:00Z,GAS,COMBINED CYCLE,1310.7958827825387,1748
2019-12-26T06:00:00Z,GAS,SIMPLE CYCLE,263.17134748882717,905
2019-12-26T06:00:00Z,HYDRO,HYDRO,124.61003106342422,894
2019-12-26T06:00:00Z,OTHER,BIOMASS,121.84186763127646,154
2019-12-26T06:00:00Z,OTHER,GAS COGEN,44.766432813538444,58
2019-12-26T06:00:00Z,OTHER,OIL/GAS,41.82429946687486,53
2019-12-26T06:00:00Z,OTHER,WOOD/REFUSE,88.65216462029352,158
2019-12-26T06:00:00Z,SOLAR,SOLAR,0,15
2019-12-26T06:00:00Z,WIND,WIND,376.50930494500534,1781
2019-12-26T07:00:00Z,COAL,COAL,2998.444656117757,5183
2019-12-26T07:00:00Z,DUAL FUEL,DUAL FUEL,293.59926768832736,540
2019-12-26T07:00:00Z,GAS,COGENERATION,4052.926082489441,5043
2019-12-26T07:00:00Z,GAS,COMBINED CYCLE,1300.6937231847974,1748
2019-12-26T07:00:00Z,GAS,SIMPLE CYCLE,237.3032368125518,905
2019-12-26T07:00:00Z,HYDRO,HYDRO,94.28319702949788,894
2019-12-26T07:00:00Z,OTHER,BIOMASS,123.26667343351576,154
2019-12-26T07:00:00Z,OTHER,GAS COGEN,34.55936894575755,58
2019-12-26T07:00:00Z,OTHER,OIL/GAS,41.83552697499593,53
2019-12-26T07:00:00Z,OTHER,WOOD/REFUSE,87.10197225305768,158
2019-12-26T07:00:00Z,SOLAR,SOLAR,0,15
2019-12-26T07:00:00Z,WIND,WIND,441.2142262758894,1781
2019-12-26T08:00:00Z,COAL,COAL,2859.2084299617345,5183
2019-12-26T08:00:00Z,DUAL FUEL,DUAL FUEL,293.05906494988335,540
2019-12-26T08:00:00Z,GAS,COGENERATION,4059.0746597913903,5043
2019-12-26T08:00:00Z,GAS,COMBINED CYCLE,1306.318498950667,1748
2019-12-26T08:00:00Z,GAS,SIMPLE CYCLE,200.0442702568902,905
2019-12-26T08:00:00Z,HYDRO,HYDRO,106.90647052556277,894
2019-12-26T08:00:00Z,OTHER,BIOMASS,119.43482372919718,154
2019-12-26T08:00:00Z,OTHER,GAS COGEN,31.74061207771301,58
2019-12-26T08:00:00Z,OTHER,OIL/GAS,41.84905483669705,53
2019-12-26T08:00:00Z,OTHER,WOOD/REFUSE,87.14088880962797,158
2019-12-26T08:00:00Z,SOLAR,SOLAR,0,15
2019-12-26T08:00:00Z,WIND,WIND,488.9416807582974,1781
2019-12-26T09:00:00Z,COAL,COAL,2774.689635329776,5183
2019-12-26T09:00:00Z,DUAL FUEL,DUAL FUEL,292.5283406427171,540
2019-12-26T09:00:00Z,GAS,COGENERATION,4061.923141797251,5043
2019-12-26T09:00:00Z,GAS,COMBINED CYCLE,1303.6695098643831,1748
2019-12-26T09:00:00Z,GAS,SIMPLE CYCLE,200.00908856921725,905
2019-12-26T09:00:00Z,HYDRO,HYDRO,108.93536086055968,894
2019-12-26T09:00:00Z,OTHER,BIOMASS,118.26890583674113,154
2019-12-26T09:00:00Z,OTHER,GAS COGEN,31.805949320263334,58
2019-12-26T09:00:00Z,OTHER,OIL/GAS,41.3454771317376,53
2019-12-26T09:00:00Z,OTHER,WOOD/REFUSE,88.7923334365421,158
2019-12-26T09:00:00Z,SOLAR,SOLAR,0,15
2019-12-26T09:00:00Z,WIND,WIND,525.88999316896,1781
2019-12-26T10:00:00Z,COAL,COAL,2751.3428818406,5183
2019-12-26T10:00:00Z,DUAL FUEL,DUAL FUEL,291.6372339587742,540
2019-12-26T10:00:00Z,GAS,COGENERATION,4061.3041076318423,5043
2019-12-26T10:00:00Z,GAS,COMBINED CYCLE,1324.7909496637847,1748
2019-12-26T10:00:00Z,GAS,SIMPLE CYCLE,200.66712928295135,905
2019-12-26T10:00:00Z,HYDRO,HYDRO,145.21209802622596,894
2019-12-26T10:00:00Z,OTHER,BIOMASS,115.78327332708571,154
2019-12-26T10:00:00Z,OTHER,GAS COGEN,31.634558297263247,58
2019-12-26T10:00:00Z,OTHER,OIL/GAS,41.60595455593533,53
2019-12-26T10:00:00Z,OTHER,WOOD/REFUSE,89.99413027657403,158
2019-12-26T10:00:00Z,SOLAR,SOLAR,0,15
2019-12-26T10:00:00Z,WIND,WIND,478.59612373749417,1781
2019-12-26T11:00:00Z,COAL,COAL,2736.6792907396953,5183
2019-12-26T11:00:00Z,DUAL FUEL,DUAL FUEL,292.49218038558956,540
2019-12-26T11:00:00Z,GAS,COGENERATION,4068.0483823708196,5043
2019-12-26T11:00:00Z,GAS,COMBINED CYCLE,1322.5488762468763,1748
2019-12-26T11:00:00Z,GAS,SIMPLE CYCLE,200.43101780970892,905
2019-12-26T11:00:00Z,HYDRO,HYDRO,91.49133642763726,894
2019-12-26T11:00:00Z,OTHER,BIOMASS,116.32094600730471,154
2019-12-26T11:00:00Z,OTHER,GAS COGEN,31.720911464691163,58
2019-12-26T11:00:00Z,OTHER,OIL/GAS,41.54977663464016,53
2019-12-26T11:00:00Z,OTHER,WOOD/REFUSE,88.58646349483067,158
2019-12-26T11:00:00Z,SOLAR,SOLAR,0,15
2019-12-26T11:00:00Z,WIND,WIND,577.8493637764453,1781
2019-12-26T12:00:00Z,COAL,COAL,2664.1202741008333,5183
2019-12-26T12:00:00Z,DUAL FUEL,DUAL FUEL,291.2530384529961,540
2019-12-26T12:00:00Z,GAS,COGENERATION,4078.554542507463,5043
2019-12-26T12:00:00Z,GAS,COMBINED CYCLE,1318.716647093031,1748
2019-12-26T12:00:00Z,GAS,SIMPLE CYCLE,200.29749919785394,905
2019-12-26T12:00:00Z,HYDRO,HYDRO,89.04580368267165,894
2019-12-26T12:00:00Z,OTHER,BIOMASS,115.53801767349243,154
2019-12-26T12:00:00Z,OTHER,GAS COGEN,31.684610548019407,58
2019-12-26T12:00:00Z,OTHER,OIL/GAS,41.381116004519995,53
2019-12-26T12:00:00Z,OTHER,WOOD/REFUSE,88.54569221867456,158
2019-12-26T12:00:00Z,SOLAR,SOLAR,0,15
2019-12-26T12:00:00Z,WIND,WIND,716.3302608182033,1781
2019-12-26T13:00:00Z,COAL,COAL,2661.4649381277295,5183
2019-12-26T13:00:00Z,DUAL FUEL,DUAL FUEL,298.41905747095745,540
2019-12-26T13:00:00Z,GAS,COGENERATION,4090.3479756922193,5043
2019-12-26T13:00:00Z,GAS,COMBINED CYCLE,1336.8846461375554,1748
2019-12-26T13:00:00Z,GAS,SIMPLE CYCLE,200.4152827559577,905
2019-12-26T13:00:00Z,HYDRO,HYDRO,91.57934705691206,894
2019-12-26T13:00:00Z,OTHER,BIOMASS,116.92858877393934,154
2019-12-26T13:00:00Z,OTHER,GAS COGEN,31.76061557451884,58
2019-12-26T13:00:00Z,OTHER,OIL/GAS,41.3251600074768,53
2019-12-26T13:00:00Z,OTHER,WOOD/REFUSE,88.85206803162892,158
2019-12-26T13:00:00Z,SOLAR,SOLAR,0,15
2019-12-26T13:00:00Z,WIND,WIND,752.045750523342,1781
2019-12-26T14:00:00Z,COAL,COAL,2611.318010821872,5183
2019-12-26T14:00:00Z,DUAL FUEL,DUAL FUEL,299.9720180235969,540
2019-12-26T14:00:00Z,GAS,COGENERATION,4058.7078700775573,5043
2019-12-26T14:00:00Z,GAS,COMBINED CYCLE,1387.1730278588004,1748
2019-12-26T14:00:00Z,GAS,SIMPLE CYCLE,199.84662880526648,905
2019-12-26T14:00:00Z,HYDRO,HYDRO,141.9484448996683,894
2019-12-26T14:00:00Z,OTHER,BIOMASS,114.11215696122912,154
2019-12-26T14:00:00Z,OTHER,GAS COGEN,31.75354354487525,58
2019-12-26T14:00:00Z,OTHER,OIL/GAS,41.152109637790254,53
2019-12-26T14:00:00Z,OTHER,WOOD/REFUSE,89.75122061941359,158
2019-12-26T14:00:00Z,SOLAR,SOLAR,0,15
2019-12-26T14:00:00Z,WIND,WIND,954.9139778408077,1781
2019-12-26T15:00:00Z,COAL,COAL,2620.081479256948,5183
2019-12-26T15:00:00Z,DUAL FUEL,DUAL FUEL,298.2539504263136,540
2019-12-26T15:00:00Z,GAS,COGENERATION,4065.455028127564,5043
2019-12-26T15:00:00Z,GAS,COMBINED CYCLE,1456.9522722919783,1748
2019-12-26T15:00:00Z,GAS,SIMPLE CYCLE,200.1339496284061,905
2019-12-26T15:00:00Z,HYDRO,HYDRO,181.34583934588565,894
2019-12-26T15:00:00Z,OTHER,BIOMASS,116.73907317797342,154
2019-12-26T15:00:00Z,OTHER,GAS COGEN,29.02841049618191,58
2019-12-26T15:00:00Z,OTHER,OIL/GAS,41.02230905108981,53
2019-12-26T15:00:00Z,OTHER,WOOD/REFUSE,89.3740383031633,158
2019-12-26T15:00:00Z,SOLAR,SOLAR,0,15
2019-12-26T15:00:00Z,WIND,WIND,971.2754036858347,1781
2019-12-26T16:00:00Z,COAL,COAL,2660.9889035585193,5183
2019-12-26T16:00:00Z,DUAL FUEL,DUAL FUEL,295.9587718624539,540
2019-12-26T16:00:00Z,GAS,COGENERATION,4062.4975399634077,5043
2019-12-26T16:00:00Z,GAS,COMBINED CYCLE,1466.901422279146,1748
2019-12-26T16:00:00Z,GAS,SIMPLE CYCLE,199.77788533157772,905
2019-12-26T16:00:00Z,HYDRO,HYDRO,142.31311890628604,894
2019-12-26T16:00:00Z,OTHER,BIOMASS,117.17059994591607,154
2019-12-26T16:00:00Z,OTHER,GAS COGEN,28.449366699854533,58
2019-12-26T16:00:00Z,OTHER,OIL/GAS,41.25296532313029,53
2019-12-26T16:00:00Z,OTHER,WOOD/REFUSE,87.74692225350273,158
2019-12-26T16:00:00Z,SOLAR,SOLAR,0.2563333180546761,15
2019-12-26T16:00:00Z,WIND,WIND,995.1017774264018,1781
2019-12-26T17:00:00Z,COAL,COAL,2658.0260358492533,5183
2019-12-26T17:00:00Z,DUAL FUEL,DUAL FUEL,292.781973607805,540
2019-12-26T17:00:00Z,GAS,COGENERATION,4044.7577147790457,5043
2019-12-26T17:00:00Z,GAS,COMBINED CYCLE,1465.9513232506645,1748
2019-12-26T17:00:00Z,GAS,SIMPLE CYCLE,198.7048076703813,905
2019-12-26T17:00:00Z,HYDRO,HYDRO,152.9074007376035,894
2019-12-26T17:00:00Z,OTHER,BIOMASS,115.56611738496356,154
2019-12-26T17:00:00Z,OTHER,GAS COGEN,28.24057125992245,58
2019-12-26T17:00:00Z,OTHER,OIL/GAS,41.12208185619778,53
2019-12-26T17:00:00Z,OTHER,WOOD/REFUSE,88.60003955735101,158
2019-12-26T17:00:00Z,SOLAR,SOLAR,1.011666622724798,15
2019-12-26T17:00:00Z,WIND,WIND,1019.4368656269709,1781
2019-12-26T18:00:00Z,COAL,COAL,2608.29536819458,5183
2019-12-26T18:00:00Z,DUAL FUEL,DUAL FUEL,293.4446750132243,540
2019-12-26T18:00:00Z,GAS,COGENERATION,4082.0807535457943,5043
2019-12-26T18:00:00Z,GAS,COMBINED CYCLE,1449.8093949280844,1748
2019-12-26T18:00:00Z,GAS,SIMPLE CYCLE,198.7834742752711,905
2019-12-26T18:00:00Z,HYDRO,HYDRO,135.8840746837192,894
2019-12-26T18:00:00Z,OTHER,BIOMASS,117.74371117909749,154
2019-12-26T18:00:00Z,OTHER,GAS COGEN,28.192055611080594,58
2019-12-26T18:00:00Z,OTHER,OIL/GAS,41.325526036156546,53
2019-12-26T18:00:00Z,OTHER,WOOD/REFUSE,89.19551200389863,158
2019-12-26T18:00:00Z,SOLAR,SOLAR,1.4454999870061875,15
2019-12-26T18:00:00Z,WIND,WIND,1043.590318262577,1781
2019-12-26T19:00:00Z,COAL,COAL,2604.525467469957,5183
2019-12-26T19:00:00Z,DUAL FUEL,DUAL FUEL,244.17838578754,540
2019-12-26T19:00:00Z,GAS,COGENERATION,4068.4312850494516,5043
2019-12-26T19:00:00Z,GAS,COMBINED CYCLE,1458.4440438450706,1748
2019-12-26T19:00:00Z,GAS,SIMPLE CYCLE,202.11462729069922,905
2019-12-26T19:00:00Z,HYDRO,HYDRO,180.11617522239683,894
2019-12-26T19:00:00Z,OTHER,BIOMASS,117.49293881416321,154
2019-12-26T19:00:00Z,OTHER,GAS COGEN,28.183249867227346,58
2019-12-26T19:00:00Z,OTHER,OIL/GAS,41.39798264609443,53
2019-12-26T19:00:00Z,OTHER,WOOD/REFUSE,88.92659863471985,158
2019-12-26T19:00:00Z,SOLAR,SOLAR,1.7929999534289045,15
2019-12-26T19:00:00Z,WIND,WIND,1006.5285334414906,1781
2019-12-26T20:00:00Z,COAL,COAL,2603.415660618676,5183
2019-12-26T20:00:00Z,DUAL FUEL,DUAL FUEL,243.48606004926893,540
2019-12-26T20:00:00Z,GAS,COGENERATION,4061.4000064176985,5043
2019-12-26T20:00:00Z,GAS,COMBINED CYCLE,1463.6108586332534,1748
2019-12-26T20:00:00Z,GAS,SIMPLE CYCLE,201.69373552216425,905
2019-12-26T20:00:00Z,HYDRO,HYDRO,151.18144180032942,894
2019-12-26T20:00:00Z,OTHER,BIOMASS,118.47494016223483,154
2019-12-26T20:00:00Z,OTHER,GAS COGEN,28.189080261654325,58
2019-12-26T20:00:00Z,OTHER,OIL/GAS,41.43783815171984,53
2019-12-26T20:00:00Z,OTHER,WOOD/REFUSE,89.40620593494839,158
2019-12-26T20:00:00Z,SOLAR,SOLAR,1.7999999523162842,15
2019-12-26T20:00:00Z,WIND,WIND,1031.7512437184653,1781
2019-12-26T21:00:00Z,COAL,COAL,2572.56225042767,5183
2019-12-26T21:00:00Z,DUAL FUEL,DUAL FUEL,242.91216112984552,540
2019-12-26T21:00:00Z,GAS,COGENERATION,4058.4227449021073,5043
2019-12-26T21:00:00Z,GAS,COMBINED CYCLE,1461.279794441859,1748
2019-12-26T21:00:00Z,GAS,SIMPLE CYCLE,200.73885029421913,905
2019-12-26T21:00:00Z,HYDRO,HYDRO,137.1797650965055,894
2019-12-26T21:00:00Z,OTHER,BIOMASS,117.890417582194,154
2019-12-26T21:00:00Z,OTHER,GAS COGEN,28.192311242421464,58
2019-12-26T21:00:00Z,OTHER,OIL/GAS,41.26947089089288,53
2019-12-26T21:00:00Z,OTHER,WOOD/REFUSE,87.9349624077479,158
2019-12-26T21:00:00Z,SOLAR,SOLAR,1.5563333022594452,15
2019-12-26T21:00:00Z,WIND,WIND,1049.8291893201404,1781
2019-12-26T22:00:00Z,COAL,COAL,2448.032135242886,5183
2019-12-26T22:00:00Z,DUAL FUEL,DUAL FUEL,241.4490433057149,540
2019-12-26T22:00:00Z,GAS,COGENERATION,4062.335079555644,5043
2019-12-26T22:00:00Z,GAS,COMBINED CYCLE,1467.422996939553,1748
2019-12-26T22:00:00Z,GAS,SIMPLE CYCLE,201.47664249049294,905
2019-12-26T22:00:00Z,HYDRO,HYDRO,160.94994957379996,894
2019-12-26T22:00:00Z,OTHER,BIOMASS,117.86168995857238,154
2019-12-26T22:00:00Z,OTHER,GAS COGEN,28.108454085456003,58
2019-12-26T22:00:00Z,OTHER,OIL/GAS,41.196266367170544,53
2019-12-26T22:00:00Z,OTHER,WOOD/REFUSE,83.75136826170815,158
2019-12-26T22:00:00Z,SOLAR,SOLAR,0.4996666423314148,15
2019-12-26T22:00:00Z,WIND,WIND,1143.105780558586,1781
2019-12-26T23:00:00Z,COAL,COAL,2420.2793256145055,5183
2019-12-26T23:00:00Z,DUAL FUEL,DUAL FUEL,243.13406882392036,540
2019-12-26T23:00:00Z,GAS,COGENERATION,4049.7742675623795,5043
2019-12-26T23:00:00Z,GAS,COMBINED CYCLE,1457.2226047272152,1748
2019-12-26T23:00:00Z,GAS,SIMPLE CYCLE,254.7468737518125,905
2019-12-26T23:00:00Z,HYDRO,HYDRO,249.68750402106178,894
2019-12-26T23:00:00Z,OTHER,BIOMASS,117.18417331907484,154
2019-12-26T23:00:00Z,OTHER,GAS COGEN,28.024046152962576,58
2019-12-26T23:00:00Z,OTHER,OIL/GAS,41.21658179177178,53
2019-12-26T23:00:00Z,OTHER,WOOD/REFUSE,79.73220668792725,158
2019-12-26T23:00:00Z,SOLAR,SOLAR,0,15
2019-12-26T23:00:00Z,WIND,WIND,1265.2562151654563,1781
2019-12-27T00:00:00Z,COAL,COAL,2576.962107393477,5183
2019-12-27T00:00:00Z,DUAL FUEL,DUAL FUEL,242.78355625364514,540
2019-12-27T00:00:00Z,GAS,COGENERATION,4071.6469133959877,5043
2019-12-27T00:00:00Z,GAS,COMBINED CYCLE,1493.6526269298129,1748
2019-12-27T00:00:00Z,GAS,SIMPLE CYCLE,256.84295520146685,905
2019-12-27T00:00:00Z,HYDRO,HYDRO,280.32667499227654,894
2019-12-27T00:00:00Z,OTHER,BIOMASS,118.0188845094045,154
2019-12-27T00:00:00Z,OTHER,GAS COGEN,28.033964485062494,58
2019-12-27T00:00:00Z,OTHER,OIL/GAS,41.90401543299357,53
2019-12-27T00:00:00Z,OTHER,WOOD/REFUSE,80.49254992114173,158
2019-12-27T00:00:00Z,SOLAR,SOLAR,0,15
2019-12-27T00:00:00Z,WIND,WIND,1348.6342200099098,1781
2019-12-27T01:00:00Z,COAL,COAL,2545.1894463941785,5183
2019-12-27T01:00:00Z,DUAL FUEL,DUAL FUEL,240.52203503714668,540
2019-12-27T01:00:00Z,GAS,COGENERATION,4070.1974170985486,5043
2019-12-27T01:00:00Z,GAS,COMBINED CYCLE,1482.2712361976835,1748
2019-12-27T01:00:00Z,GAS,SIMPLE CYCLE,261.4048959355884,905
2019-12-27T01:00:00Z,HYDRO,HYDRO,250.78521833596128,894
2019-12-27T01:00:00Z,OTHER,BIOMASS,115.94390105830298,154
2019-12-27T01:00:00Z,OTHER,GAS COGEN,28.052607911427817,58
2019-12-27T01:00:00Z,OTHER,OIL/GAS,41.73334285736084,53
2019-12-27T01:00:00Z,OTHER,WOOD/REFUSE,79.37809828519822,158
2019-12-27T01:00:00Z,SOLAR,SOLAR,0,15
2019-12-27T01:00:00Z,WIND,WIND,1355.5836021799512,1781
2019-12-27T02:00:00Z,COAL,COAL,2471.435850900014,5183
2019-12-27T02:00:00Z,DUAL FUEL,DUAL FUEL,239.99256898880003,540
2019-12-27T02:00:00Z,GAS,COGENERATION,4069.6704645419118,5043
2019-12-27T02:00:00Z,GAS,COMBINED CYCLE,1458.3556563303205,1748
2019-12-27T02:00:00Z,GAS,SIMPLE CYCLE,262.2216801484426,905
2019-12-27T02:00:00Z,HYDRO,HYDRO,242.10409047461218,894
2019-12-27T02:00:00Z,OTHER,BIOMASS,116.85237860626646,154
2019-12-27T02:00:00Z,OTHER,GAS COGEN,27.862273512416415,58
2019-12-27T02:00:00Z,OTHER,OIL/GAS,42.03506557040745,53
2019-12-27T02:00:00Z,OTHER,WOOD/REFUSE,79.19193607595231,158
2019-12-27T02:00:00Z,SOLAR,SOLAR,0,15
2019-12-27T02:00:00Z,WIND,WIND,1379.9436918756696,1781
2019-12-27T03:00:00Z,COAL,COAL,2457.242907142639,5183
2019-12-27T03:00:00Z,DUAL FUEL,DUAL FUEL,240.46328202989366,540
2019-12-27T03:00:00Z,GAS,COGENERATION,4072.7265175754496,5043
2019-12-27T03:00:00Z,GAS,COMBINED CYCLE,1461.9296348338657,1748
2019-12-27T03:00:00Z,GAS,SIMPLE CYCLE,203.70352982835638,905
2019-12-27T03:00:00Z,HYDRO,HYDRO,256.1579962590999,894
2019-12-27T03:00:00Z,OTHER,BIOMASS,115.65762830946181,154
2019-12-27T03:00:00Z,OTHER,GAS COGEN,27.82398126708137,58
2019-12-27T03:00:00Z,OTHER,OIL/GAS,41.48786694420709,53
2019-12-27T03:00:00Z,OTHER,WOOD/REFUSE,79.20168059137133,158
2019-12-27T03:00:00Z,SOLAR,SOLAR,0,15
2019-12-27T03:00:00Z,WIND,WIND,1400.9441664822896,1781
2019-12-27T04:00:00Z,COAL,COAL,2417.374566122691,5183
2019-12-27T04:00:00Z,DUAL FUEL,DUAL FUEL,242.86825611750285,540
2019-12-27T04:00:00Z,GAS,COGENERATION,4070.479275873502,5043
2019-12-27T04:00:00Z,GAS,COMBINED CYCLE,1424.7014349714916,1748
2019-12-27T04:00:00Z,GAS,SIMPLE CYCLE,199.4852806075414,905
2019-12-27T04:00:00Z,HYDRO,HYDRO,189.62263788921967,894
2019-12-27T04:00:00Z,OTHER,BIOMASS,115.38525608115725,154
2019-12-27T04:00:00Z,OTHER,GAS COGEN,27.916571219762165,58
2019-12-27T04:00:00Z,OTHER,OIL/GAS,41.79989239586724,53
2019-12-27T04:00:00Z,OTHER,WOOD/REFUSE,79.5700047214826,158
2019-12-27T04:00:00Z,SOLAR,SOLAR,0,15
2019-12-27T04:00:00Z,WIND,WIND,1406.5358026700549,1781
2019-12-27T05:00:00Z,COAL,COAL,2263.8991586875914,5183
2019-12-27T05:00:00Z,DUAL FUEL,DUAL FUEL,241.6556928867764,540
2019-12-27T05:00:00Z,GAS,COGENERATION,4052.8736913398902,5043
2019-12-27T05:00:00Z,GAS,COMBINED CYCLE,1399.9801953236263,1748
2019-12-27T05:00:00Z,GAS,SIMPLE CYCLE,198.72112255013653,905
2019-12-27T05:00:00Z,HYDRO,HYDRO,167.3638177878989,894
2019-12-27T05:00:00Z,OTHER,BIOMASS,116.33328453540801,154
2019-12-27T05:00:00Z,OTHER,GAS COGEN,27.741698856353757,58
2019-12-27T05:00:00Z,OTHER,OIL/GAS,41.977493091159396,53
2019-12-27T05:00:00Z,OTHER,WOOD/REFUSE,80.06183536688486,158
2019-12-27T05:00:00Z,SOLAR,SOLAR,0,15
2019-12-27T05:00:00Z,WIND,WIND,1372.229511024422,1781
2019-12-27T06:00:00Z,COAL,COAL,2243.361416174571,5183
2019-12-27T06:00:00Z,DUAL FUEL,DUAL FUEL,227.52756042480468,540
2019-12-27T06:00:00Z,GAS,COGENERATION,4020.8853075944053,5043
2019-12-27T06:00:00Z,GAS,COMBINED CYCLE,1266.0920659165913,1748
2019-12-27T06:00:00Z,GAS,SIMPLE CYCLE,199.07948411093815,905
2019-12-27T06:00:00Z,HYDRO,HYDRO,111.80555822173754,894
2019-12-27T06:00:00Z,OTHER,BIOMASS,113.34719516595206,154
2019-12-27T06:00:00Z,OTHER,GAS COGEN,30.48133288913303,58
2019-12-27T06:00:00Z,OTHER,OIL/GAS,42.1409366967943,53
2019-12-27T06:00:00Z,OTHER,WOOD/REFUSE,78.74071818351746,158
2019-12-27T06:00:00Z,SOLAR,SOLAR,0,15
2019-12-27T06:00:00Z,WIND,WIND,1328.8580569603707,1781
2019-12-27T07:00:00Z,COAL,COAL,2159.0678271547954,5183
2019-12-27T07:00:00Z,DUAL FUEL,DUAL FUEL,226.00419846428764,540
2019-12-27T07:00:00Z,GAS,COGENERATION,4060.6403852866097,5043
2019-12-27T07:00:00Z,GAS,COMBINED CYCLE,1225.9353580305312,1748
2019-12-27T07:00:00Z,GAS,SIMPLE CYCLE,124.0108731912242,905
2019-12-27T07:00:00Z,HYDRO,HYDRO,110.02985124145945,894
2019-12-27T07:00:00Z,OTHER,BIOMASS,115.03104537645976,154
2019-12-27T07:00:00Z,OTHER,GAS COGEN,31.446992621421813,58
2019-12-27T07:00:00Z,OTHER,OIL/GAS,41.74148886786567,53
2019-12-27T07:00:00Z,OTHER,WOOD/REFUSE,79.38818571938408,158
2019-12-27T07:00:00Z,SOLAR,SOLAR,0,15
2019-12-27T07:00:00Z,WIND,WIND,1336.4393923921054,1781
2019-12-27T08:00:00Z,COAL,COAL,2157.8660860082837,5183
2019-12-27T08:00:00Z,DUAL FUEL,DUAL FUEL,224.13784574296741,540
2019-12-27T08:00:00Z,GAS,COGENERATION,4068.9651112462416,5043
2019-12-27T08:00:00Z,GAS,COMBINED CYCLE,1241.0890833849378,1748
2019-12-27T08:00:00Z,GAS,SIMPLE CYCLE,116.44758026281991,905
2019-12-27T08:00:00Z,HYDRO,HYDRO,125.10638935060965,894
2019-12-27T08:00:00Z,OTHER,BIOMASS,117.85446727169885,154
2019-12-27T08:00:00Z,OTHER,GAS COGEN,31.571169144842358,58
2019-12-27T08:00:00Z,OTHER,OIL/GAS,41.57939884609646,53
2019-12-27T08:00:00Z,OTHER,WOOD/REFUSE,78.58684280316035,158
2019-12-27T08:00:00Z,SOLAR,SOLAR,0,15
2019-12-27T08:00:00Z,WIND,WIND,1376.8210689401626,1781
2019-12-27T09:00:00Z,COAL,COAL,2227.48269850413,5183
2019-12-27T09:00:00Z,DUAL FUEL,DUAL FUEL,223.56419127146404,540
2019-12-27T09:00:00Z,GAS,COGENERATION,4078.330478790601,5043
2019-12-27T09:00:00Z,GAS,COMBINED CYCLE,1234.352584069305,1748
2019-12-27T09:00:00Z,GAS,SIMPLE CYCLE,115.45176478650835,905
2019-12-27T09:00:00Z,HYDRO,HYDRO,106.53422821627723,894
2019-12-27T09:00:00Z,OTHER,BIOMASS,117.87646203147041,154
2019-12-27T09:00:00Z,OTHER,GAS COGEN,31.58736567285326,58
2019-12-27T09:00:00Z,OTHER,OIL/GAS,41.64579313702053,53
2019-12-27T09:00:00Z,OTHER,WOOD/REFUSE,79.05031977971394,158
2019-12-27T09:00:00Z,SOLAR,SOLAR,0,15
2019-12-27T09:00:00Z,WIND,WIND,1364.4217268125217,1781
2019-12-27T10:00:00Z,COAL,COAL,2186.8226078224184,5183
2019-12-27T10:00:00Z,DUAL FUEL,DUAL FUEL,225.57754525290594,540
2019-12-27T10:00:00Z,GAS,COGENERATION,4074.878712164561,5043
2019-12-27T10:00:00Z,GAS,COMBINED CYCLE,1347.4395218571026,1748
2019-12-27T10:00:00Z,GAS,SIMPLE CYCLE,117.46280828528934,905
2019-12-27T10:00:00Z,HYDRO,HYDRO,126.00722869462437,894
2019-12-27T10:00:00Z,OTHER,BIOMASS,118.4641280137168,154
2019-12-27T10:00:00Z,OTHER,GAS COGEN,31.606276907391017,58
2019-12-27T10:00:00Z,OTHER,OIL/GAS,41.490904608832466,53
2019-12-27T10:00:00Z,OTHER,WOOD/REFUSE,79.56176333692339,158
2019-12-27T10:00:00Z,SOLAR,SOLAR,0,15
2019-12-27T10:00:00Z,WIND,WIND,1329.1366082549096,1781
2019-12-27T11:00:00Z,COAL,COAL,2309.5759306822883,5183
2019-12-27T11:00:00Z,DUAL FUEL,DUAL FUEL,225.4204887602064,540
2019-12-27T11:00:00Z,GAS,COGENERATION,4068.168376198212,5043
2019-12-27T11:00:00Z,GAS,COMBINED CYCLE,1340.6112173279125,1748
2019-12-27T11:00:00Z,GAS,SIMPLE CYCLE,116.66576228141786,905
2019-12-27T11:00:00Z,HYDRO,HYDRO,83.9787376675672,894
2019-12-27T11:00:00Z,OTHER,BIOMASS,118.18338377157846,154
2019-12-27T11:00:00Z,OTHER,GAS COGEN,31.45682433658176,58
2019-12-27T11:00:00Z,OTHER,OIL/GAS,41.63331039640639,53
2019-12-27T11:00:00Z,OTHER,WOOD/REFUSE,79.03315357393689,158
2019-12-27T11:00:00Z,SOLAR,SOLAR,0,15
2019-12-27T11:00:00Z,WIND,WIND,1308.4063816919922,1781
2019-12-27T12:00:00Z,COAL,COAL,2325.4621642790903,5183
2019-12-27T12:00:00Z,DUAL FUEL,DUAL FUEL,224.50604541354713,540
2019-12-27T12:00:00Z,GAS,COGENERATION,4066.938200978173,5043
2019-12-27T12:00:00Z,GAS,COMBINED CYCLE,1353.0927800888485,1748
2019-12-27T12:00:00Z,GAS,SIMPLE CYCLE,116.21158578819698,905
2019-12-27T12:00:00Z,HYDRO,HYDRO,147.86310790980858,894
2019-12-27T12:00:00Z,OTHER,BIOMASS,117.4553784444597,154
2019-12-27T12:00:00Z,OTHER,GAS COGEN,31.245880131191676,58
2019-12-27T12:00:00Z,OTHER,OIL/GAS,41.92417647891575,53
2019-12-27T12:00:00Z,OTHER,WOOD/REFUSE,79.71390156878365,158
2019-12-27T12:00:00Z,SOLAR,SOLAR,0,15
2019-12-27T12:00:00Z,WIND,WIND,1336.7892737372717,1781
2019-12-27T13:00:00Z,COAL,COAL,2514.2001578246222,5183
2019-12-27T13:00:00Z,DUAL FUEL,DUAL FUEL,224.5691824552748,540
2019-12-27T13:00:00Z,GAS,COGENERATION,4053.6477700339424,5043
2019-12-27T13:00:00Z,GAS,COMBINED CYCLE,1396.3240901933777,1748
2019-12-27T13:00:00Z,GAS,SIMPLE CYCLE,115.480855115917,905
2019-12-27T13:00:00Z,HYDRO,HYDRO,125.97968198047744,894
2019-12-27T13:00:00Z,OTHER,BIOMASS,118.54557306236691,154
2019-12-27T13:00:00Z,OTHER,GAS COGEN,31.5048121770223,58
2019-12-27T13:00:00Z,OTHER,OIL/GAS,42.06504349390666,53
2019-12-27T13:00:00Z,OTHER,WOOD/REFUSE,78.91996765666538,158
2019-12-27T13:00:00Z,SOLAR,SOLAR,0,15
2019-12-27T13:00:00Z,WIND,WIND,1306.9666381933953,1781
2019-12-27T14:00:00Z,COAL,COAL,2725.4196405092875,5183
2019-12-27T14:00:00Z,DUAL FUEL,DUAL FUEL,224.82408783594767,540
2019-12-27T14:00:00Z,GAS,COGENERATION,4026.5223435509206,5043
2019-12-27T14:00:00Z,GAS,COMBINED CYCLE,1429.1844572472075,1748
2019-12-27T14:00:00Z,GAS,SIMPLE CYCLE,115.50900370015037,905
2019-12-27T14:00:00Z,HYDRO,HYDRO,242.46023322582244,894
2019-12-27T14:00:00Z,OTHER,BIOMASS,116.91782364845275,154
2019-12-27T14:00:00Z,OTHER,GAS COGEN,31.604648006227283,58
2019-12-27T14:00:00Z,OTHER,OIL/GAS,41.7855717171563,53
2019-12-27T14:00:00Z,OTHER,WOOD/REFUSE,79.05005498409271,158
2019-12-27T14:00:00Z,SOLAR,SOLAR,0,15
2019-12-27T14:00:00Z,WIND,WIND,1338.0993484748735,1781
2019-12-27T15:00:00Z,COAL,COAL,2746.8263977834913,5183
2019-12-27T15:00:00Z,DUAL FUEL,DUAL FUEL,223.32835681915284,540
2019-12-27T15:00:00Z,GAS,COGENERATION,4029.004464944005,5043
2019-12-27T15:00:00Z,GAS,COMBINED CYCLE,1382.6739469265938,1748
2019-12-27T15:00:00Z,GAS,SIMPLE CYCLE,115.57754312356313,905
2019-12-27T15:00:00Z,HYDRO,HYDRO,154.73227358387575,894
2019-12-27T15:00:00Z,OTHER,BIOMASS,115.29948424498241,154
2019-12-27T15:00:00Z,OTHER,GAS COGEN,29.43688328531053,58
2019-12-27T15:00:00Z,OTHER,OIL/GAS,41.85460412343343,53
2019-12-27T15:00:00Z,OTHER,WOOD/REFUSE,78.12630689356062,158
2019-12-27T15:00:00Z,SOLAR,SOLAR,0,15
2019-12-27T15:00:00Z,WIND,WIND,1415.9107635860973,1781
2019-12-27T16:00:00Z,COAL,COAL,2793.87184691747,5183
2019-12-27T16:00:00Z,DUAL FUEL,DUAL FUEL,226.48022385491265,540
2019-12-27T16:00:00Z,GAS,COGENERATION,4031.082935013771,5043
2019-12-27T16:00:00Z,GAS,COMBINED CYCLE,1407.569354525672,1748
2019-12-27T16:00:00Z,GAS,SIMPLE CYCLE,114.32808942953744,905
2019-12-27T16:00:00Z,HYDRO,HYDRO,191.70357346730927,894
2019-12-27T16:00:00Z,OTHER,BIOMASS,116.95367360168032,154
2019-12-27T16:00:00Z,OTHER,GAS COGEN,29.03545603646172,58
2019-12-27T16:00:00Z,OTHER,OIL/GAS,41.838488023546006,53
2019-12-27T16:00:00Z,OTHER,WOOD/REFUSE,77.11618911743163,158
2019-12-27T16:00:00Z,SOLAR,SOLAR,0.461999978919824,15
2019-12-27T16:00:00Z,WIND,WIND,1426.9890813218224,1781
2019-12-27T17:00:00Z,COAL,COAL,2830.2319693840873,5183
2019-12-27T17:00:00Z,DUAL FUEL,DUAL FUEL,225.9272252676222,540
2019-12-27T17:00:00Z,GAS,COGENERATION,4026.7080699816015,5043
2019-12-27T17:00:00Z,GAS,COMBINED CYCLE,1536.0522237099542,1748
2019-12-27T17:00:00Z,GAS,SIMPLE CYCLE,135.3316216304567,905
2019-12-27T17:00:00Z,HYDRO,HYDRO,185.80121855047014,894
2019-12-27T17:00:00Z,OTHER,BIOMASS,117.38838420920902,154
2019-12-27T17:00:00Z,OTHER,GAS COGEN,28.63711844232347,58
2019-12-27T17:00:00Z,OTHER,OIL/GAS,41.64654283311632,53
2019-12-27T17:00:00Z,OTHER,WOOD/REFUSE,78.23156111054949,158
2019-12-27T17:00:00Z,SOLAR,SOLAR,1.6459999580515756,15
2019-12-27T17:00:00Z,WIND,WIND,1369.152988070382,1781
2019-12-27T18:00:00Z,COAL,COAL,2799.7613661766054,5183
2019-12-27T18:00:00Z,DUAL FUEL,DUAL FUEL,222.99674529181587,540
2019-12-27T18:00:00Z,GAS,COGENERATION,4023.363673279153,5043
2019-12-27T18:00:00Z,GAS,COMBINED CYCLE,1566.7642397626241,1748
2019-12-27T18:00:00Z,GAS,SIMPLE CYCLE,143.36239655534428,905
2019-12-27T18:00:00Z,HYDRO,HYDRO,205.33472523961632,894
2019-12-27T18:00:00Z,OTHER,BIOMASS,114.1247675090366,154
2019-12-27T18:00:00Z,OTHER,GAS COGEN,28.062879848480225,58
2019-12-27T18:00:00Z,OTHER,OIL/GAS,42.08668222851223,53
2019-12-27T18:00:00Z,OTHER,WOOD/REFUSE,78.63357394986683,158
2019-12-27T18:00:00Z,SOLAR,SOLAR,2.8976665997505187,15
2019-12-27T18:00:00Z,WIND,WIND,1317.0402429845599,1781
2019-12-27T19:00:00Z,COAL,COAL,2890.8668270874023,5183
2019-12-27T19:00:00Z,DUAL FUEL,DUAL FUEL,207.47713204065957,540
2019-12-27T19:00:00Z,GAS,COGENERATION,4013.4056517934137,5043
2019-12-27T19:00:00Z,GAS,COMBINED CYCLE,1555.5344466378954,1748
2019-12-27T19:00:00Z,GAS,SIMPLE CYCLE,144.60679949919384,905
2019-12-27T19:00:00Z,HYDRO,HYDRO,176.2770659485128,894
2019-12-27T19:00:00Z,OTHER,BIOMASS,115.29449001683129,154
2019-12-27T19:00:00Z,OTHER,GAS COGEN,28.20905691782633,58
2019-12-27T19:00:00Z,OTHER,OIL/GAS,42.297610446082224,53
2019-12-27T19:00:00Z,OTHER,WOOD/REFUSE,77.17512059158749,158
2019-12-27T19:00:00Z,SOLAR,SOLAR,4.808833179473877,15
2019-12-27T19:00:00Z,WIND,WIND,1239.7832109104263,1781
2019-12-27T20:00:00Z,COAL,COAL,2785.266056090461,5183
2019-12-27T20:00:00Z,DUAL FUEL,DUAL FUEL,207.30001939773558,540
2019-12-27T20:00:00Z,GAS,COGENERATION,4015.841450676653,5043
2019-12-27T20:00:00Z,GAS,COMBINED CYCLE,1551.8555009100173,1748
2019-12-27T20:00:00Z,GAS,SIMPLE CYCLE,238.7209758408864,905
2019-12-27T20:00:00Z,HYDRO,HYDRO,178.9855347735352,894
2019-12-27T20:00:00Z,OTHER,BIOMASS,116.11096213393742,154
2019-12-27T20:00:00Z,OTHER,GAS COGEN,28.231258476045397,58
2019-12-27T20:00:00Z,OTHER,OIL/GAS,42.17051019032796,53
2019-12-27T20:00:00Z,OTHER,WOOD/REFUSE,76.32649766259723,158
2019-12-27T20:00:00Z,SOLAR,SOLAR,4.799333174493578,15
2019-12-27T20:00:00Z,WIND,WIND,1128.1701061322954,1781
2019-12-27T21:00:00Z,COAL,COAL,2824.0871088960434,5183
2019-12-27T21:00:00Z,DUAL FUEL,DUAL FUEL,207.3815697818332,540
2019-12-27T21:00:00Z,GAS,COGENERATION,4005.7531371106043,5043
2019-12-27T21:00:00Z,GAS,COMBINED CYCLE,1554.9340265920428,1748
2019-12-27T21:00:00Z,GAS,SIMPLE CYCLE,239.70591391921045,905
2019-12-27T21:00:00Z,HYDRO,HYDRO,181.69913818354408,894
2019-12-27T21:00:00Z,OTHER,BIOMASS,116.38085103935666,154
2019-12-27T21:00:00Z,OTHER,GAS COGEN,28.11864829911126,58
2019-12-27T21:00:00Z,OTHER,OIL/GAS,41.6969539197286,53
2019-12-27T21:00:00Z,OTHER,WOOD/REFUSE,77.73603378004499,158
2019-12-27T21:00:00Z,SOLAR,SOLAR,3.741166560517417,15
2019-12-27T21:00:00Z,WIND,WIND,1069.1650780820846,1781
2019-12-27T22:00:00Z,COAL,COAL,2867.0974896028306,5183
2019-12-27T22:00:00Z,DUAL FUEL,DUAL FUEL,205.0717246331109,540
2019-12-27T22:00:00Z,GAS,COGENERATION,4011.4085587015416,5043
2019-12-27T22:00:00Z,GAS,COMBINED CYCLE,1557.897364256117,1748
2019-12-27T22:00:00Z,GAS,SIMPLE CYCLE,241.7139670502891,905
2019-12-27T22:00:00Z,HYDRO,HYDRO,196.55777382591532,894
2019-12-27T22:00:00Z,OTHER,BIOMASS,114.97266737037235,154
2019-12-27T22:00:00Z,OTHER,GAS COGEN,28.481395172542996,58
2019-12-27T22:00:00Z,OTHER,OIL/GAS,41.60981537712945,53
2019-12-27T22:00:00Z,OTHER,WOOD/REFUSE,77.89089084095424,158
2019-12-27T22:00:00Z,SOLAR,SOLAR,1.4966666418479548,15
2019-12-27T22:00:00Z,WIND,WIND,1035.8190709892908,1781
2019-12-27T23:00:00Z,COAL,COAL,2972.0490319442747,5183
2019-12-27T23:00:00Z,DUAL FUEL,DUAL FUEL,194.18250988430452,540
2019-12-27T23:00:00Z,GAS,COGENERATION,4021.090786859923,5043
2019-12-27T23:00:00Z,GAS,COMBINED CYCLE,1559.7475433784061,1748
2019-12-27T23:00:00Z,GAS,SIMPLE CYCLE,299.43616180979546,905
2019-12-27T23:00:00Z,HYDRO,HYDRO,226.92921594028672,894
2019-12-27T23:00:00Z,OTHER,BIOMASS,117.46256266329024,154
2019-12-27T23:00:00Z,OTHER,GAS COGEN,30.048784563806322,58
2019-12-27T23:00:00Z,OTHER,OIL/GAS,41.513798809051515,53
2019-12-27T23:00:00Z,OTHER,WOOD/REFUSE,76.97109802669948,158
2019-12-27T23:00:00Z,SOLAR,SOLAR,0,15
2019-12-27T23:00:00Z,WIND,WIND,1079.0194908213616,1781
2019-12-28T00:00:00Z,COAL,COAL,3060.519603176117,5183
2019-12-28T00:00:00Z,DUAL FUEL,DUAL FUEL,191.92367035547892,540
2019-12-28T00:00:00Z,GAS,COGENERATION,4023.5226315289074,5043
2019-12-28T00:00:00Z,GAS,COMBINED CYCLE,1548.5080565081703,1748
2019-12-28T00:00:00Z,GAS,SIMPLE CYCLE,307.19382648838894,905
2019-12-28T00:00:00Z,HYDRO,HYDRO,231.05557387961284,894
2019-12-28T00:00:00Z,OTHER,BIOMASS,121.05755672348872,154
2019-12-28T00:00:00Z,OTHER,GAS COGEN,30.07032755057017,58
2019-12-28T00:00:00Z,OTHER,OIL/GAS,41.36567165798611,53
2019-12-28T00:00:00Z,OTHER,WOOD/REFUSE,78.81757569630942,158
2019-12-28T00:00:00Z,SOLAR,SOLAR,0,15
2019-12-28T00:00:00Z,WIND,WIND,1105.9180457774798,1781
2019-12-28T01:00:00Z,COAL,COAL,3034.8632837486266,5183
2019-12-28T01:00:00Z,DUAL FUEL,DUAL FUEL,193.2377807998657,540
2019-12-28T01:00:00Z,GAS,COGENERATION,4034.386556821399,5043
2019-12-28T01:00:00Z,GAS,COMBINED CYCLE,1562.4947750324673,1748
2019-12-28T01:00:00Z,GAS,SIMPLE CYCLE,304.94302356395457,905
2019-12-28T01:00:00Z,HYDRO,HYDRO,252.63480886879893,894
2019-12-28T01:00:00Z,OTHER,BIOMASS,120.05007319132487,154
2019-12-28T01:00:00Z,OTHER,GAS COGEN,30.051663325097827,58
2019-12-28T01:00:00Z,OTHER,OIL/GAS,41.55576541052924,53
2019-12-28T01:00:00Z,OTHER,WOOD/REFUSE,78.07295959128274,158
2019-12-28T01:00:00Z,SOLAR,SOLAR,0,15
2019-12-28T01:00:00Z,WIND,WIND,1046.2645253075493,1781
2019-12-28T02:00:00Z,COAL,COAL,3036.896619167328,5183
2019-12-28T02:00:00Z,DUAL FUEL,DUAL FUEL,194.3824678738912,540
2019-12-28T02:00:00Z,GAS,COGENERATION,4030.5320976037447,5043
2019-12-28T02:00:00Z,GAS,COMBINED CYCLE,1565.805372384389,1748
2019-12-28T02:00:00Z,GAS,SIMPLE CYCLE,247.14015797022316,905
2019-12-28T02:00:00Z,HYDRO,HYDRO,237.7717877952589,894
2019-12-28T02:00:00Z,OTHER,BIOMASS,116.52049571090274,154
2019-12-28T02:00:00Z,OTHER,GAS COGEN,30.3500332376692,58
2019-12-28T02:00:00Z,OTHER,OIL/GAS,41.50499387317234,53
2019-12-28T02:00:00Z,OTHER,WOOD/REFUSE,78.45531553639307,158
2019-12-28T02:00:00Z,SOLAR,SOLAR,0,15
2019-12-28T02:00:00Z,WIND,WIND,983.2242077615526,1781
2019-12-28T03:00:00Z,COAL,COAL,3006.4304876645406,5183
2019-12-28T03:00:00Z,DUAL FUEL,DUAL FUEL,194.43099537319608,540
2019-12-28T03:00:00Z,GAS,COGENERATION,4047.037338178423,5043
2019-12-28T03:00:00Z,GAS,COMBINED CYCLE,1548.7953477191925,1748
2019-12-28T03:00:00Z,GAS,SIMPLE CYCLE,244.8377191956838,905
2019-12-28T03:00:00Z,HYDRO,HYDRO,206.52015884300073,894
2019-12-28T03:00:00Z,OTHER,BIOMASS,119.85060060077244,154
2019-12-28T03:00:00Z,OTHER,GAS COGEN,28.56121746381124,58
2019-12-28T03:00:00Z,OTHER,OIL/GAS,40.79044400321113,53
2019-12-28T03:00:00Z,OTHER,WOOD/REFUSE,79.10098105748494,158
2019-12-28T03:00:00Z,SOLAR,SOLAR,0,15
2019-12-28T03:00:00Z,WIND,WIND,919.7049135830667,1781
2019-12-28T04:00:00Z,COAL,COAL,2911.405014860365,5183
2019-12-28T04:00:00Z,DUAL FUEL,DUAL FUEL,196.69110401577421,540
2019-12-28T04:00:00Z,GAS,COGENERATION,4059.2561965476143,5043
2019-12-28T04:00:00Z,GAS,COMBINED CYCLE,1531.3256183864012,1748
2019-12-28T04:00:00Z,GAS,SIMPLE CYCLE,225.72354032887355,905
2019-12-28T04:00:00Z,HYDRO,HYDRO,230.17958696868683,894
2019-12-28T04:00:00Z,OTHER,BIOMASS,119.59520086182488,154
2019-12-28T04:00:00Z,OTHER,GAS COGEN,28.29384642071194,58
2019-12-28T04:00:00Z,OTHER,OIL/GAS,41.875303711361354,53
2019-12-28T04:00:00Z,OTHER,WOOD/REFUSE,77.51793249077267,158
2019-12-28T04:00:00Z,SOLAR,SOLAR,0,15
2019-12-28T04:00:00Z,WIND,WIND,917.8260553195742,1781
2019-12-28T05:00:00Z,COAL,COAL,2903.3213644176058,5183
2019-12-28T05:00:00Z,DUAL FUEL,DUAL FUEL,196.4810233561198,540
2019-12-28T05:00:00Z,GAS,COGENERATION,4066.2805578713946,5043
2019-12-28T05:00:00Z,GAS,COMBINED CYCLE,1524.5265286636352,1748
2019-12-28T05:00:00Z,GAS,SIMPLE CYCLE,216.92179173380967,905
2019-12-28T05:00:00Z,HYDRO,HYDRO,201.6439690164725,894
2019-12-28T05:00:00Z,OTHER,BIOMASS,118.45636221885681,154
2019-12-28T05:00:00Z,OTHER,GAS COGEN,28.166726486417982,58
2019-12-28T05:00:00Z,OTHER,OIL/GAS,42.945970698462595,53
2019-12-28T05:00:00Z,OTHER,WOOD/REFUSE,78.1919469388326,158
2019-12-28T05:00:00Z,SOLAR,SOLAR,0,15
2019-12-28T05:00:00Z,WIND,WIND,749.6916609246201,1781
2019-12-28T06:00:00Z,COAL,COAL,3018.5268369928995,5183
2019-12-28T06:00:00Z,DUAL FUEL,DUAL FUEL,195.6117513677809,540
2019-12-28T06:00:00Z,GAS,COGENERATION,4063.641674263527,5043
2019-12-28T06:00:00Z,GAS,COMBINED CYCLE,1375.4763027954102,1748
2019-12-28T06:00:00Z,GAS,SIMPLE CYCLE,118.29105509079166,905
2019-12-28T06:00:00Z,HYDRO,HYDRO,127.42419540723165,894
2019-12-28T06:00:00Z,OTHER,BIOMASS,117.0055343723297,154
2019-12-28T06:00:00Z,OTHER,GAS COGEN,30.752393140792847,58
2019-12-28T06:00:00Z,OTHER,OIL/GAS,42.66869925181071,53
2019-12-28T06:00:00Z,OTHER,WOOD/REFUSE,76.59731515698962,158
2019-12-28T06:00:00Z,SOLAR,SOLAR,0,15
2019-12-28T06:00:00Z,WIND,WIND,702.2141540160444,1781
2019-12-28T07:00:00Z,COAL,COAL,2938.685101475186,5183
2019-12-28T07:00:00Z,DUAL FUEL,DUAL FUEL,185.07213824801974,540
2019-12-28T07:00:00Z,GAS,COGENERATION,4068.023994530572,5043
2019-12-28T07:00:00Z,GAS,COMBINED CYCLE,1307.839881995254,1748
2019-12-28T07:00:00Z,GAS,SIMPLE CYCLE,117.53733758303855,905
2019-12-28T07:00:00Z,HYDRO,HYDRO,87.06321491796109,894
2019-12-28T07:00:00Z,OTHER,BIOMASS,118.6184400092231,154
2019-12-28T07:00:00Z,OTHER,GAS COGEN,31.536541407903037,58
2019-12-28T07:00:00Z,OTHER,OIL/GAS,42.44299340565999,53
2019-12-28T07:00:00Z,OTHER,WOOD/REFUSE,76.74604924519856,158
2019-12-28T07:00:00Z,SOLAR,SOLAR,0,15
2019-12-28T07:00:00Z,WIND,WIND,640.8598336697949,1781
2019-12-28T08:00:00Z,COAL,COAL,2799.5771143510606,5183
2019-12-28T08:00:00Z,DUAL FUEL,DUAL FUEL,183.16423898061112,540
2019-12-28T08:00:00Z,GAS,COGENERATION,4076.789201901489,5043
2019-12-28T08:00:00Z,GAS,COMBINED CYCLE,1322.2757484812207,1748
2019-12-28T08:00:00Z,GAS,SIMPLE CYCLE,118.54839068147871,905
2019-12-28T08:00:00Z,HYDRO,HYDRO,104.65819365600746,894
2019-12-28T08:00:00Z,OTHER,BIOMASS,118.08453426573011,154
2019-12-28T08:00:00Z,OTHER,GAS COGEN,31.574047262403695,58
2019-12-28T08:00:00Z,OTHER,OIL/GAS,42.24235982259115,53
2019-12-28T08:00:00Z,OTHER,WOOD/REFUSE,78.70847070376078,158
2019-12-28T08:00:00Z,SOLAR,SOLAR,0,15
2019-12-28T08:00:00Z,WIND,WIND,594.2811299275028,1781
2019-12-28T09:00:00Z,COAL,COAL,2946.9136023542615,5183
2019-12-28T09:00:00Z,DUAL FUEL,DUAL FUEL,182.71579243130157,540
2019-12-28T09:00:00Z,GAS,COGENERATION,4085.6750191411707,5043
2019-12-28T09:00:00Z,GAS,COMBINED CYCLE,1305.554075071017,1748
2019-12-28T09:00:00Z,GAS,SIMPLE CYCLE,117.59546772013107,905
2019-12-28T09:00:00Z,HYDRO,HYDRO,90.88719040655428,894
2019-12-28T09:00:00Z,OTHER,BIOMASS,119.65306699699826,154
2019-12-28T09:00:00Z,OTHER,GAS COGEN,31.68225604163276,58
2019-12-28T09:00:00Z,OTHER,OIL/GAS,42.31048787011041,53
2019-12-28T09:00:00Z,OTHER,WOOD/REFUSE,80.00770150343577,158
2019-12-28T09:00:00Z,SOLAR,SOLAR,0,15
2019-12-28T09:00:00Z,WIND,WIND,467.04301122796204,1781
2019-12-28T10:00:00Z,COAL,COAL,2988.5783326382107,5183
2019-12-28T10:00:00Z,DUAL FUEL,DUAL FUEL,179.4720836851332,540
2019-12-28T10:00:00Z,GAS,COGENERATION,4097.183098466926,5043
2019-12-28T10:00:00Z,GAS,COMBINED CYCLE,1317.6081350305346,1748
2019-12-28T10:00:00Z,GAS,SIMPLE CYCLE,116.67348757267827,905
2019-12-28T10:00:00Z,HYDRO,HYDRO,97.70868351082007,894
2019-12-28T10:00:00Z,OTHER,BIOMASS,116.70171764214834,154
2019-12-28T10:00:00Z,OTHER,GAS COGEN,31.71573456605276,58
2019-12-28T10:00:00Z,OTHER,OIL/GAS,42.01474237230089,53
2019-12-28T10:00:00Z,OTHER,WOOD/REFUSE,78.93486200756496,158
2019-12-28T10:00:00Z,SOLAR,SOLAR,0,15
2019-12-28T10:00:00Z,WIND,WIND,419.72097390156654,1781
2019-12-28T11:00:00Z,COAL,COAL,3076.420330927107,5183
2019-12-28T11:00:00Z,DUAL FUEL,DUAL FUEL,181.39059409035576,540
2019-12-28T11:00:00Z,GAS,COGENERATION,4110.662470152378,5043
2019-12-28T11:00:00Z,GAS,COMBINED CYCLE,1319.7708298306995,1748
2019-12-28T11:00:00Z,GAS,SIMPLE CYCLE,118.5242042630911,905
2019-12-28T11:00:00Z,HYDRO,HYDRO,109.41806263483232,894
2019-12-28T11:00:00Z,OTHER,BIOMASS,115.76566792461607,154
2019-12-28T11:00:00Z,OTHER,GAS COGEN,31.710729485617748,58
2019-12-28T11:00:00Z,OTHER,OIL/GAS,42.319599079555935,53
2019-12-28T11:00:00Z,OTHER,WOOD/REFUSE,78.24414341290792,158
2019-12-28T11:00:00Z,SOLAR,SOLAR,0,15
2019-12-28T11:00:00Z,WIND,WIND,357.7405307700899,1781
2019-12-28T12:00:00Z,COAL,COAL,3232.361152803633,5183
2019-12-28T12:00:00Z,DUAL FUEL,DUAL FUEL,177.3486063978407,540
2019-12-28T12:00:00Z,GAS,COGENERATION,4119.7989230170515,5043
2019-12-28T12:00:00Z,GAS,COMBINED CYCLE,1321.6035671917598,1748
2019-12-28T12:00:00Z,GAS,SIMPLE CYCLE,107.77710420555537,905
2019-12-28T12:00:00Z,HYDRO,HYDRO,128.06982299221886,894
2019-12-28T12:00:00Z,OTHER,BIOMASS,119.43571153852675,154
2019-12-28T12:00:00Z,OTHER,GAS COGEN,31.718635793791876,58
2019-12-28T12:00:00Z,OTHER,OIL/GAS,42.43817001554701,53
2019-12-28T12:00:00Z,OTHER,WOOD/REFUSE,77.98410178661346,158
2019-12-28T12:00:00Z,SOLAR,SOLAR,0,15
2019-12-28T12:00:00Z,WIND,WIND,300.8249875613385,1781
2019-12-28T13:00:00Z,COAL,COAL,3208.3416460757785,5183
2019-12-28T13:00:00Z,DUAL FUEL,DUAL FUEL,202.05484113057452,540
2019-12-28T13:00:00Z,GAS,COGENERATION,4123.083843302595,5043
2019-12-28T13:00:00Z,GAS,COMBINED CYCLE,1297.6872301048702,1748
2019-12-28T13:00:00Z,GAS,SIMPLE CYCLE,294.9883921895425,905
2019-12-28T13:00:00Z,HYDRO,HYDRO,98.68775141020616,894
2019-12-28T13:00:00Z,OTHER,BIOMASS,119.15573415491316,154
2019-12-28T13:00:00Z,OTHER,GAS COGEN,31.757830135557384,58
2019-12-28T13:00:00Z,OTHER,OIL/GAS,42.266293330722384,53
2019-12-28T13:00:00Z,OTHER,WOOD/REFUSE,77.34798826217651,158
2019-12-28T13:00:00Z,SOLAR,SOLAR,0,15
2019-12-28T13:00:00Z,WIND,WIND,303.96019187291466,1781
2019-12-28T14:00:00Z,COAL,COAL,3129.9351949161955,5183
2019-12-28T14:00:00Z,DUAL FUEL,DUAL FUEL,184.45210103564793,540
2019-12-28T14:00:00Z,GAS,COGENERATION,4138.777744382753,5043
2019-12-28T14:00:00Z,GAS,COMBINED CYCLE,1391.1515567536487,1748
2019-12-28T14:00:00Z,GAS,SIMPLE CYCLE,225.19503172977105,905
2019-12-28T14:00:00Z,HYDRO,HYDRO,182.59687708228827,894
2019-12-28T14:00:00Z,OTHER,BIOMASS,120.61139525148604,154
2019-12-28T14:00:00Z,OTHER,GAS COGEN,31.871073927879333,58
2019-12-28T14:00:00Z,OTHER,OIL/GAS,42.20350413004557,53
2019-12-28T14:00:00Z,OTHER,WOOD/REFUSE,77.87558357662624,158
2019-12-28T14:00:00Z,SOLAR,SOLAR,0,15
2019-12-28T14:00:00Z,WIND,WIND,368.754375777675,1781
2019-12-28T15:00:00Z,COAL,COAL,3145.2076542896693,5183
2019-12-28T15:00:00Z,DUAL FUEL,DUAL FUEL,184.34092829174466,540
2019-12-28T15:00:00Z,GAS,COGENERATION,4134.133240540425,5043
2019-12-28T15:00:00Z,GAS,COMBINED CYCLE,1420.5724202280574,1748
2019-12-28T15:00:00Z,GAS,SIMPLE CYCLE,289.83232524189685,905
2019-12-28T15:00:00Z,HYDRO,HYDRO,174.37137200794285,894
2019-12-28T15:00:00Z,OTHER,BIOMASS,119.15385625150469,154
2019-12-28T15:00:00Z,OTHER,GAS COGEN,31.939773710038928,58
2019-12-28T15:00:00Z,OTHER,OIL/GAS,41.81891532474094,53
2019-12-28T15:00:00Z,OTHER,WOOD/REFUSE,78.161841829088,158
2019-12-28T15:00:00Z,SOLAR,SOLAR,0,15
2019-12-28T15:00:00Z,WIND,WIND,441.0148146615426,1781
2019-12-28T16:00:00Z,COAL,COAL,3036.652512058682,5183
2019-12-28T16:00:00Z,DUAL FUEL,DUAL FUEL,184.89754820717707,540
2019-12-28T16:00:00Z,GAS,COGENERATION,4130.817015581528,5043
2019-12-28T16:00:00Z,GAS,COMBINED CYCLE,1536.364446703063,1748
2019-12-28T16:00:00Z,GAS,SIMPLE CYCLE,335.0551186656621,905
2019-12-28T16:00:00Z,HYDRO,HYDRO,176.15429779804415,894
2019-12-28T16:00:00Z,OTHER,BIOMASS,122.02080036057366,154
2019-12-28T16:00:00Z,OTHER,GAS COGEN,31.92724361790551,58
2019-12-28T16:00:00Z,OTHER,OIL/GAS,41.57005460527208,53
2019-12-28T16:00:00Z,OTHER,WOOD/REFUSE,78.89612766716215,158
2019-12-28T16:00:00Z,SOLAR,SOLAR,1.1656666465434764,15
2019-12-28T16:00:00Z,WIND,WIND,464.02476106729773,1781
2019-12-28T17:00:00Z,COAL,COAL,3112.3641860665216,5183
2019-12-28T17:00:00Z,DUAL FUEL,DUAL FUEL,179.7050280570984,540
2019-12-28T17:00:00Z,GAS,COGENERATION,4140.856154471371,5043
2019-12-28T17:00:00Z,GAS,COMBINED CYCLE,1563.4133426528506,1748
2019-12-28T17:00:00Z,GAS,SIMPLE CYCLE,374.2254866729511,905
2019-12-28T17:00:00Z,HYDRO,HYDRO,183.6336333736446,894
2019-12-28T17:00:00Z,OTHER,BIOMASS,121.13301134586334,154
2019-12-28T17:00:00Z,OTHER,GAS COGEN,31.85434205585056,58
2019-12-28T17:00:00Z,OTHER,OIL/GAS,41.54262592315674,53
2019-12-28T17:00:00Z,OTHER,WOOD/REFUSE,78.61400603665247,158
2019-12-28T17:00:00Z,SOLAR,SOLAR,3.7583332228660584,15
2019-12-28T17:00:00Z,WIND,WIND,423.0211464086837,1781
2019-12-28T18:00:00Z,COAL,COAL,3134.8754515393575,5183
2019-12-28T18:00:00Z,DUAL FUEL,DUAL FUEL,179.87090776019625,540
2019-12-28T18:00:00Z,GAS,COGENERATION,4115.937871897486,5043
2019-12-28T18:00:00Z,GAS,COMBINED CYCLE,1558.3864371797772,1748
2019-12-28T18:00:00Z,GAS,SIMPLE CYCLE,393.74244003693263,905
2019-12-28T18:00:00Z,HYDRO,HYDRO,167.78839133607016,894
2019-12-28T18:00:00Z,OTHER,BIOMASS,121.49252273241679,154
2019-12-28T18:00:00Z,OTHER,GAS COGEN,31.791887186368307,58
2019-12-28T18:00:00Z,OTHER,OIL/GAS,40.15041661792331,53
2019-12-28T18:00:00Z,OTHER,WOOD/REFUSE,78.86491958856584,158
2019-12-28T18:00:00Z,SOLAR,SOLAR,4.787833166387346,15
2019-12-28T18:00:00Z,WIND,WIND,373.74309569597244,1781
2019-12-28T19:00:00Z,COAL,COAL,3118.669169336955,5183
2019-12-28T19:00:00Z,DUAL FUEL,DUAL FUEL,183.878746732076,540
2019-12-28T19:00:00Z,GAS,COGENERATION,4094.9836231215795,5043
2019-12-28T19:00:00Z,GAS,COMBINED CYCLE,1554.7090547890134,1748
2019-12-28T19:00:00Z,GAS,SIMPLE CYCLE,351.9536689899365,905
2019-12-28T19:00:00Z,HYDRO,HYDRO,165.5783425926831,894
2019-12-28T19:00:00Z,OTHER,BIOMASS,120.38591181543138,154
2019-12-28T19:00:00Z,OTHER,GAS COGEN,31.913660978741117,58
2019-12-28T19:00:00Z,OTHER,OIL/GAS,39.56125410503811,53
2019-12-28T19:00:00Z,OTHER,WOOD/REFUSE,79.17037700308694,158
2019-12-28T19:00:00Z,SOLAR,SOLAR,5.099999904632568,15
2019-12-28T19:00:00Z,WIND,WIND,449.9722372186846,1781
2019-12-28T20:00:00Z,COAL,COAL,3070.340706808302,5183
2019-12-28T20:00:00Z,DUAL FUEL,DUAL FUEL,185.16014698876276,540
2019-12-28T20:00:00Z,GAS,COGENERATION,4073.8254681624308,5043
2019-12-28T20:00:00Z,GAS,COMBINED CYCLE,1545.725060567856,1748
2019-12-28T20:00:00Z,GAS,SIMPLE CYCLE,333.9846615012487,905
2019-12-28T20:00:00Z,HYDRO,HYDRO,165.31176048484113,894
2019-12-28T20:00:00Z,OTHER,BIOMASS,117.24332869264815,154
2019-12-28T20:00:00Z,OTHER,GAS COGEN,31.77826579305861,58
2019-12-28T20:00:00Z,OTHER,OIL/GAS,39.49181011835734,53
2019-12-28T20:00:00Z,OTHER,WOOD/REFUSE,78.66865062024858,158
2019-12-28T20:00:00Z,SOLAR,SOLAR,4.934666502210829,15
2019-12-28T20:00:00Z,WIND,WIND,540.1649037200543,1781
2019-12-28T21:00:00Z,COAL,COAL,3009.7498977926043,5183
2019-12-28T21:00:00Z,DUAL FUEL,DUAL FUEL,185.69113345887925,540
2019-12-28T21:00:00Z,GAS,COGENERATION,4072.7349027470746,5043
2019-12-28T21:00:00Z,GAS,COMBINED CYCLE,1549.0889606391058,1748
2019-12-28T21:00:00Z,GAS,SIMPLE CYCLE,300.70469527085623,905
2019-12-28T21:00:00Z,HYDRO,HYDRO,209.16706767146786,894
2019-12-28T21:00:00Z,OTHER,BIOMASS,115.2244117673238,154
2019-12-28T21:00:00Z,OTHER,GAS COGEN,31.731741781764562,58
2019-12-28T21:00:00Z,OTHER,OIL/GAS,40.67633753034803,53
2019-12-28T21:00:00Z,OTHER,WOOD/REFUSE,78.73037611908383,158
2019-12-28T21:00:00Z,SOLAR,SOLAR,3.939166566928227,15
2019-12-28T21:00:00Z,WIND,WIND,543.1804735985315,1781
2019-12-28T22:00:00Z,COAL,COAL,3008.6719103580053,5183
2019-12-28T22:00:00Z,DUAL FUEL,DUAL FUEL,188.0516036881341,540
2019-12-28T22:00:00Z,GAS,COGENERATION,4081.447770316866,5043
2019-12-28T22:00:00Z,GAS,COMBINED CYCLE,1549.8107467503019,1748
2019-12-28T22:00:00Z,GAS,SIMPLE CYCLE,301.01023229599,905
2019-12-28T22:00:00Z,HYDRO,HYDRO,232.24565705153677,894
2019-12-28T22:00:00Z,OTHER,BIOMASS,115.32103984091017,154
2019-12-28T22:00:00Z,OTHER,GAS COGEN,31.620709585613675,58
2019-12-28T22:00:00Z,OTHER,OIL/GAS,41.23237164179484,53
2019-12-28T22:00:00Z,OTHER,WOOD/REFUSE,78.0854475426674,158
2019-12-28T22:00:00Z,SOLAR,SOLAR,1.3499999728633298,15
2019-12-28T22:00:00Z,WIND,WIND,636.7684599411157,1781
2019-12-28T23:00:00Z,COAL,COAL,3033.4292826419405,5183
2019-12-28T23:00:00Z,DUAL FUEL,DUAL FUEL,184.32169414096407,540
2019-12-28T23:00:00Z,GAS,COGENERATION,4092.704795020951,5043
2019-12-28T23:00:00Z,GAS,COMBINED CYCLE,1552.5715675046708,1748
2019-12-28T23:00:00Z,GAS,SIMPLE CYCLE,301.86524316019484,905
2019-12-28T23:00:00Z,HYDRO,HYDRO,236.02223562687635,894
2019-12-28T23:00:00Z,OTHER,BIOMASS,114.28857324812148,154
2019-12-28T23:00:00Z,OTHER,GAS COGEN,31.707205899556477,58
2019-12-28T23:00:00Z,OTHER,OIL/GAS,42.04691597620646,53
2019-12-28T23:00:00Z,OTHER,WOOD/REFUSE,78.57573881758583,158
2019-12-28T23:00:00Z,SOLAR,SOLAR,0,15
2019-12-28T23:00:00Z,WIND,WIND,860.0317089363933,1781
2019-12-29T00:00:00Z,COAL,COAL,3125.899158573151,5183
2019-12-29T00:00:00Z,DUAL FUEL,DUAL FUEL,182.39417789459227,540
2019-12-29T00:00:00Z,GAS,COGENERATION,4083.903245345222,5043
2019-12-29T00:00:00Z,GAS,COMBINED CYCLE,1556.9941081322563,1748
2019-12-29T00:00:00Z,GAS,SIMPLE CYCLE,340.43179196875957,905
2019-12-29T00:00:00Z,HYDRO,HYDRO,260.8207992005348,894
2019-12-29T00:00:00Z,OTHER,BIOMASS,113.90830673429701,154
2019-12-29T00:00:00Z,OTHER,GAS COGEN,31.71127940018972,58
2019-12-29T00:00:00Z,OTHER,OIL/GAS,42.97464953104655,53
2019-12-29T00:00:00Z,OTHER,WOOD/REFUSE,78.57029806640413,158
2019-12-29T00:00:00Z,SOLAR,SOLAR,0,15
2019-12-29T00:00:00Z,WIND,WIND,1010.3024957087305,1781
2019-12-29T01:00:00Z,COAL,COAL,3094.980816268921,5183
2019-12-29T01:00:00Z,DUAL FUEL,DUAL FUEL,185.78243093066746,540
2019-12-29T01:00:00Z,GAS,COGENERATION,4079.0661084296967,5043
2019-12-29T01:00:00Z,GAS,COMBINED CYCLE,1558.258588376575,1748
2019-12-29T01:00:00Z,GAS,SIMPLE CYCLE,314.62342985537316,905
2019-12-29T01:00:00Z,HYDRO,HYDRO,260.7295525825024,894
2019-12-29T01:00:00Z,OTHER,BIOMASS,115.80142363548279,154
2019-12-29T01:00:00Z,OTHER,GAS COGEN,31.478184722264608,58
2019-12-29T01:00:00Z,OTHER,OIL/GAS,43.89168756484985,53
2019-12-29T01:00:00Z,OTHER,WOOD/REFUSE,78.4876096341345,158
2019-12-29T01:00:00Z,SOLAR,SOLAR,0,15
2019-12-29T01:00:00Z,WIND,WIND,1040.0308512397773,1781
2019-12-29T02:00:00Z,COAL,COAL,2879.6321690093146,5183
2019-12-29T02:00:00Z,DUAL FUEL,DUAL FUEL,189.99860570059877,540
2019-12-29T02:00:00Z,GAS,COGENERATION,4088.2346636293664,5043
2019-12-29T02:00:00Z,GAS,COMBINED CYCLE,1554.894939069748,1748
2019-12-29T02:00:00Z,GAS,SIMPLE CYCLE,300.3807659988933,905
2019-12-29T02:00:00Z,HYDRO,HYDRO,253.81223629315696,894
2019-12-29T02:00:00Z,OTHER,BIOMASS,116.12026244004568,154
2019-12-29T02:00:00Z,OTHER,GAS COGEN,31.768438911437986,58
2019-12-29T02:00:00Z,OTHER,OIL/GAS,44.47599402745565,53
2019-12-29T02:00:00Z,OTHER,WOOD/REFUSE,78.46286408742269,158
2019-12-29T02:00:00Z,SOLAR,SOLAR,0,15
2019-12-29T02:00:00Z,WIND,WIND,1064.9027258636886,1781
2019-12-29T03:00:00Z,COAL,COAL,2698.326000175476,5183
2019-12-29T03:00:00Z,DUAL FUEL,DUAL FUEL,188.44305907355414,540
2019-12-29T03:00:00Z,GAS,COGENERATION,4082.139077173736,5043
2019-12-29T03:00:00Z,GAS,COMBINED CYCLE,1498.3414234366683,1748
2019-12-29T03:00:00Z,GAS,SIMPLE CYCLE,301.4407669705815,905
2019-12-29T03:00:00Z,HYDRO,HYDRO,287.9839126209418,894
2019-12-29T03:00:00Z,OTHER,BIOMASS,112.45432901647355,154
2019-12-29T03:00:00Z,OTHER,GAS COGEN,31.78654419210222,58
2019-12-29T03:00:00Z,OTHER,OIL/GAS,44.28056124793159,53
2019-12-29T03:00:00Z,OTHER,WOOD/REFUSE,78.3934474070867,158
2019-12-29T03:00:00Z,SOLAR,SOLAR,0,15
2019-12-29T03:00:00Z,WIND,WIND,1115.8050783239967,1781
2019-12-29T04:00:00Z,COAL,COAL,2697.084784389072,5183
2019-12-29T04:00:00Z,DUAL FUEL,DUAL FUEL,184.39930349349976,540
2019-12-29T04:00:00Z,GAS,COGENERATION,4071.4110656229655,5043
2019-12-29T04:00:00Z,GAS,COMBINED CYCLE,1424.984025235706,1748
2019-12-29T04:00:00Z,GAS,SIMPLE CYCLE,293.156520680719,905
2019-12-29T04:00:00Z,HYDRO,HYDRO,217.65996926075883,894
2019-12-29T04:00:00Z,OTHER,BIOMASS,110.92430607477826,154
2019-12-29T04:00:00Z,OTHER,GAS COGEN,31.881859991285534,58
2019-12-29T04:00:00Z,OTHER,OIL/GAS,44.15331643634372,53
2019-12-29T04:00:00Z,OTHER,WOOD/REFUSE,78.71379787656996,158
2019-12-29T04:00:00Z,SOLAR,SOLAR,0,15
2019-12-29T04:00:00Z,WIND,WIND,1169.31737633427,1781
2019-12-29T05:00:00Z,COAL,COAL,2662.0096306440564,5183
2019-12-29T05:00:00Z,DUAL FUEL,DUAL FUEL,178.85247079637315,540
2019-12-29T05:00:00Z,GAS,COGENERATION,4065.2222165395156,5043
2019-12-29T05:00:00Z,GAS,COMBINED CYCLE,1388.7548067331313,1748
2019-12-29T05:00:00Z,GAS,SIMPLE CYCLE,125.06207791030407,905
2019-12-29T05:00:00Z,HYDRO,HYDRO,227.8166381759776,894
2019-12-29T05:00:00Z,OTHER,BIOMASS,117.84869020515018,154
2019-12-29T05:00:00Z,OTHER,GAS COGEN,31.666245378388297,58
2019-12-29T05:00:00Z,OTHER,OIL/GAS,43.91401583989461,53
2019-12-29T05:00:00Z,OTHER,WOOD/REFUSE,78.01348197513155,158
2019-12-29T05:00:00Z,SOLAR,SOLAR,0,15
2019-12-29T05:00:00Z,WIND,WIND,1212.8057901050813,1781
2019-12-29T06:00:00Z,COAL,COAL,2609.070340813531,5183
2019-12-29T06:00:00Z,DUAL FUEL,DUAL FUEL,178.5711914592319,540
2019-12-29T06:00:00Z,GAS,COGENERATION,4053.9662826016215,5043
2019-12-29T06:00:00Z,GAS,COMBINED CYCLE,1325.9657590945562,1748
2019-12-29T06:00:00Z,GAS,SIMPLE CYCLE,114.86063874032762,905
2019-12-29T06:00:00Z,HYDRO,HYDRO,162.22519573012988,894
2019-12-29T06:00:00Z,OTHER,BIOMASS,115.88217248598734,154
2019-12-29T06:00:00Z,OTHER,GAS COGEN,31.691601558791266,58
2019-12-29T06:00:00Z,OTHER,OIL/GAS,43.84045943154229,53
2019-12-29T06:00:00Z,OTHER,WOOD/REFUSE,78.75126844935947,158
2019-12-29T06:00:00Z,SOLAR,SOLAR,0,15
2019-12-29T06:00:00Z,WIND,WIND,1220.535449363374,1781
2019-12-29T07:00:00Z,COAL,COAL,2503.7377845658198,5183
2019-12-29T07:00:00Z,DUAL FUEL,DUAL FUEL,177.99330923080447,540
2019-12-29T07:00:00Z,GAS,COGENERATION,4064.3924065216383,5043
2019-12-29T07:00:00Z,GAS,COMBINED CYCLE,1298.5654466639623,1748
2019-12-29T07:00:00Z,GAS,SIMPLE CYCLE,114.70757319662306,905
2019-12-29T07:00:00Z,HYDRO,HYDRO,94.36443398061726,894
2019-12-29T07:00:00Z,OTHER,BIOMASS,114.85808427174885,154
2019-12-29T07:00:00Z,OTHER,GAS COGEN,31.6186147652732,58
2019-12-29T07:00:00Z,OTHER,OIL/GAS,44.01267594867282,53
2019-12-29T07:00:00Z,OTHER,WOOD/REFUSE,75.53476647085614,158
2019-12-29T07:00:00Z,SOLAR,SOLAR,0,15
2019-12-29T07:00:00Z,WIND,WIND,1224.707714598576,1781
2019-12-29T08:00:00Z,COAL,COAL,2396.3552069303723,5183
2019-12-29T08:00:00Z,DUAL FUEL,DUAL FUEL,177.47176287121243,540
2019-12-29T08:00:00Z,GAS,COGENERATION,4056.463654079437,5043
2019-12-29T08:00:00Z,GAS,COMBINED CYCLE,1309.374896068573,1748
2019-12-29T08:00:00Z,GAS,SIMPLE CYCLE,114.79840685208639,905
2019-12-29T08:00:00Z,HYDRO,HYDRO,116.72796855282452,894
2019-12-29T08:00:00Z,OTHER,BIOMASS,116.25793401400249,154
2019-12-29T08:00:00Z,OTHER,GAS COGEN,31.63573573589325,58
2019-12-29T08:00:00Z,OTHER,OIL/GAS,44.67166092978584,53
2019-12-29T08:00:00Z,OTHER,WOOD/REFUSE,66.2440387916565,158
2019-12-29T08:00:00Z,SOLAR,SOLAR,0,15
2019-12-29T08:00:00Z,WIND,WIND,1148.0074027548897,1781
2019-12-29T09:00:00Z,COAL,COAL,2458.4936503834197,5183
2019-12-29T09:00:00Z,DUAL FUEL,DUAL FUEL,173.28736576716108,540
2019-12-29T09:00:00Z,GAS,COGENERATION,4042.492886493736,5043
2019-12-29T09:00:00Z,GAS,COMBINED CYCLE,1316.1091007132002,1748
2019-12-29T09:00:00Z,GAS,SIMPLE CYCLE,114.56764941215515,905
2019-12-29T09:00:00Z,HYDRO,HYDRO,128.45113369547659,894
2019-12-29T09:00:00Z,OTHER,BIOMASS,116.61792291376325,154
2019-12-29T09:00:00Z,OTHER,GAS COGEN,31.56608534177144,58
2019-12-29T09:00:00Z,OTHER,OIL/GAS,42.90381087621053,53
2019-12-29T09:00:00Z,OTHER,WOOD/REFUSE,67.79802206542756,158
2019-12-29T09:00:00Z,SOLAR,SOLAR,0,15
2019-12-29T09:00:00Z,WIND,WIND,1009.064302038418,1781
2019-12-29T10:00:00Z,COAL,COAL,2554.892624864578,5183
2019-12-29T10:00:00Z,DUAL FUEL,DUAL FUEL,184.22937705993652,540
2019-12-29T10:00:00Z,GAS,COGENERATION,4018.1255722916126,5043
2019-12-29T10:00:00Z,GAS,COMBINED CYCLE,1312.55695242193,1748
2019-12-29T10:00:00Z,GAS,SIMPLE CYCLE,114.78872633192273,905
2019-12-29T10:00:00Z,HYDRO,HYDRO,121.06491499274969,894
2019-12-29T10:00:00Z,OTHER,BIOMASS,116.05300126128726,154
2019-12-29T10:00:00Z,OTHER,GAS COGEN,31.64753873030345,58
2019-12-29T10:00:00Z,OTHER,OIL/GAS,41.77119916068183,53
2019-12-29T10:00:00Z,OTHER,WOOD/REFUSE,69.74461410416497,158
2019-12-29T10:00:00Z,SOLAR,SOLAR,0,15
2019-12-29T10:00:00Z,WIND,WIND,863.1689850363632,1781
2019-12-29T11:00:00Z,COAL,COAL,2628.2073379241097,5183
2019-12-29T11:00:00Z,DUAL FUEL,DUAL FUEL,183.67027926974825,540
2019-12-29T11:00:00Z,GAS,COGENERATION,4009.3072721000513,5043
2019-12-29T11:00:00Z,GAS,COMBINED CYCLE,1301.5082233344183,1748
2019-12-29T11:00:00Z,GAS,SIMPLE CYCLE,113.32785879903369,905
2019-12-29T11:00:00Z,HYDRO,HYDRO,90.45958402636978,894
2019-12-29T11:00:00Z,OTHER,BIOMASS,116.57528970506456,154
2019-12-29T11:00:00Z,OTHER,GAS COGEN,31.58941727744208,58
2019-12-29T11:00:00Z,OTHER,OIL/GAS,42.324871209462486,53
2019-12-29T11:00:00Z,OTHER,WOOD/REFUSE,69.91362262275484,158
2019-12-29T11:00:00Z,SOLAR,SOLAR,0,15
2019-12-29T11:00:00Z,WIND,WIND,822.4810791826083,1781
2019-12-29T12:00:00Z,COAL,COAL,2703.512948659261,5183
2019-12-29T12:00:00Z,DUAL FUEL,DUAL FUEL,182.534282851749,540
2019-12-29T12:00:00Z,GAS,COGENERATION,4011.757796716425,5043
2019-12-29T12:00:00Z,GAS,COMBINED CYCLE,1299.854121184349,1748
2019-12-29T12:00:00Z,GAS,SIMPLE CYCLE,111.73781078921424,905
2019-12-29T12:00:00Z,HYDRO,HYDRO,131.58718805404172,894
2019-12-29T12:00:00Z,OTHER,BIOMASS,115.81774526807996,154
2019-12-29T12:00:00Z,OTHER,GAS COGEN,31.671407910982765,58
2019-12-29T12:00:00Z,OTHER,OIL/GAS,42.41675477133857,53
2019-12-29T12:00:00Z,OTHER,WOOD/REFUSE,71.33975122160382,158
2019-12-29T12:00:00Z,SOLAR,SOLAR,0,15
2019-12-29T12:00:00Z,WIND,WIND,745.0305719357729,1781
2019-12-29T13:00:00Z,COAL,COAL,2796.9979751968385,5183
2019-12-29T13:00:00Z,DUAL FUEL,DUAL FUEL,181.71633217069837,540
2019-12-29T13:00:00Z,GAS,COGENERATION,4018.6424267029597,5043
2019-12-29T13:00:00Z,GAS,COMBINED CYCLE,1289.7312518292003,1748
2019-12-29T13:00:00Z,GAS,SIMPLE CYCLE,206.3876685531934,905
2019-12-29T13:00:00Z,HYDRO,HYDRO,139.34963824550312,894
2019-12-29T13:00:00Z,OTHER,BIOMASS,116.9290447303984,154
2019-12-29T13:00:00Z,OTHER,GAS COGEN,31.513100586997137,58
2019-12-29T13:00:00Z,OTHER,OIL/GAS,42.43391070895725,53
2019-12-29T13:00:00Z,OTHER,WOOD/REFUSE,70.34511231899262,158
2019-12-29T13:00:00Z,SOLAR,SOLAR,0,15
2019-12-29T13:00:00Z,WIND,WIND,697.2962232939899,1781
2019-12-29T14:00:00Z,COAL,COAL,2986.137779511346,5183
2019-12-29T14:00:00Z,DUAL FUEL,DUAL FUEL,179.3909117995368,540
2019-12-29T14:00:00Z,GAS,COGENERATION,4019.04777391341,5043
2019-12-29T14:00:00Z,GAS,COMBINED CYCLE,1358.8486843514443,1748
2019-12-29T14:00:00Z,GAS,SIMPLE CYCLE,221.64161736753255,905
2019-12-29T14:00:00Z,HYDRO,HYDRO,235.392544253601,894
2019-12-29T14:00:00Z,OTHER,BIOMASS,116.4502565071318,154
2019-12-29T14:00:00Z,OTHER,GAS COGEN,31.570284324222143,58
2019-12-29T14:00:00Z,OTHER,OIL/GAS,42.54973862542047,53
2019-12-29T14:00:00Z,OTHER,WOOD/REFUSE,70.96149450672996,158
2019-12-29T14:00:00Z,SOLAR,SOLAR,0,15
2019-12-29T14:00:00Z,WIND,WIND,532.4610919066105,1781
2019-12-29T15:00:00Z,COAL,COAL,3196.3498120922513,5183
2019-12-29T15:00:00Z,DUAL FUEL,DUAL FUEL,180.42498541302152,540
2019-12-29T15:00:00Z,GAS,COGENERATION,4016.357616387341,5043
2019-12-29T15:00:00Z,GAS,COMBINED CYCLE,1505.3518371592627,1748
2019-12-29T15:00:00Z,GAS,SIMPLE CYCLE,222.72735317952103,905
2019-12-29T15:00:00Z,HYDRO,HYDRO,204.27955426573754,894
2019-12-29T15:00:00Z,OTHER,BIOMASS,120.82277756081686,154
2019-12-29T15:00:00Z,OTHER,GAS COGEN,31.551195688777497,58
2019-12-29T15:00:00Z,OTHER,OIL/GAS,42.147560884687636,53
2019-12-29T15:00:00Z,OTHER,WOOD/REFUSE,70.34603101677365,158
2019-12-29T15:00:00Z,SOLAR,SOLAR,0.02999999821186065,15
2019-12-29T15:00:00Z,WIND,WIND,392.36365007378987,1781
2019-12-29T16:00:00Z,COAL,COAL,3223.511973160638,5183
2019-12-29T16:00:00Z,DUAL FUEL,DUAL FUEL,182.67841193305122,540
2019-12-29T16:00:00Z,GAS,COGENERATION,4015.4641567981243,5043
2019-12-29T16:00:00Z,GAS,COMBINED CYCLE,1528.1050314935048,1748
2019-12-29T16:00:00Z,GAS,SIMPLE CYCLE,299.2839888075656,905
2019-12-29T16:00:00Z,HYDRO,HYDRO,188.00852684544193,894
2019-12-29T16:00:00Z,OTHER,BIOMASS,125.48635052045186,154
2019-12-29T16:00:00Z,OTHER,GAS COGEN,31.63937633567386,58
2019-12-29T16:00:00Z,OTHER,OIL/GAS,42.783804439968534,53
2019-12-29T16:00:00Z,OTHER,WOOD/REFUSE,70.56289251963298,158
2019-12-29T16:00:00Z,SOLAR,SOLAR,0.2323333194851875,15
2019-12-29T16:00:00Z,WIND,WIND,352.0789105378671,1781
2019-12-29T17:00:00Z,COAL,COAL,3277.8302889675565,5183
2019-12-29T17:00:00Z,DUAL FUEL,DUAL FUEL,191.4150961494446,540
2019-12-29T17:00:00Z,GAS,COGENERATION,4013.622762828138,5043
2019-12-29T17:00:00Z,GAS,COMBINED CYCLE,1533.1148311932882,1748
2019-12-29T17:00:00Z,GAS,SIMPLE CYCLE,368.3623803394371,905
2019-12-29T17:00:00Z,HYDRO,HYDRO,194.95545532637172,894
2019-12-29T17:00:00Z,OTHER,BIOMASS,125.64182287163206,154
2019-12-29T17:00:00Z,OTHER,GAS COGEN,31.413474015129935,58
2019-12-29T17:00:00Z,OTHER,OIL/GAS,44.0699830479092,53
2019-12-29T17:00:00Z,OTHER,WOOD/REFUSE,73.59912656254238,158
2019-12-29T17:00:00Z,SOLAR,SOLAR,0.925166624950038,15
2019-12-29T17:00:00Z,WIND,WIND,286.7598259604805,1781
2019-12-29T18:00:00Z,COAL,COAL,3386.8241408856707,5183
2019-12-29T18:00:00Z,DUAL FUEL,DUAL FUEL,177.95079448488025,540
2019-12-29T18:00:00Z,GAS,COGENERATION,4008.542370934354,5043
2019-12-29T18:00:00Z,GAS,COMBINED CYCLE,1534.018759206136,1748
2019-12-29T18:00:00Z,GAS,SIMPLE CYCLE,374.74583141860035,905
2019-12-29T18:00:00Z,HYDRO,HYDRO,181.20657955772347,894
2019-12-29T18:00:00Z,OTHER,BIOMASS,125.31652770466275,154
2019-12-29T18:00:00Z,OTHER,GAS COGEN,31.476125149197046,58
2019-12-29T18:00:00Z,OTHER,OIL/GAS,44.28224404017131,53
2019-12-29T18:00:00Z,OTHER,WOOD/REFUSE,75.30470291746988,158
2019-12-29T18:00:00Z,SOLAR,SOLAR,1.2699999451637267,15
2019-12-29T18:00:00Z,WIND,WIND,245.4032431951662,1781
2019-12-29T19:00:00Z,COAL,COAL,3329.0644819492763,5183
2019-12-29T19:00:00Z,DUAL FUEL,DUAL FUEL,180.30549436145358,540
2019-12-29T19:00:00Z,GAS,COGENERATION,3990.4891528275275,5043
2019-12-29T19:00:00Z,GAS,COMBINED CYCLE,1536.2671706824833,1748
2019-12-29T19:00:00Z,GAS,SIMPLE CYCLE,439.57414569483865,905
2019-12-29T19:00:00Z,HYDRO,HYDRO,200.72011793759134,894
2019-12-29T19:00:00Z,OTHER,BIOMASS,125.64412794219123,154
2019-12-29T19:00:00Z,OTHER,GAS COGEN,31.504940888086956,58
2019-12-29T19:00:00Z,OTHER,OIL/GAS,43.97755444632636,53
2019-12-29T19:00:00Z,OTHER,WOOD/REFUSE,75.63189950916502,158
2019-12-29T19:00:00Z,SOLAR,SOLAR,1.818166651858224,15
2019-12-29T19:00:00Z,WIND,WIND,190.7720100027323,1781
2019-12-29T20:00:00Z,COAL,COAL,3289.5796245829265,5183
2019-12-29T20:00:00Z,DUAL FUEL,DUAL FUEL,183.74694496366712,540
2019-12-29T20:00:00Z,GAS,COGENERATION,3929.5984491374757,5043
2019-12-29T20:00:00Z,GAS,COMBINED CYCLE,1534.510839246114,1748
2019-12-29T20:00:00Z,GAS,SIMPLE CYCLE,471.87305210262537,905
2019-12-29T20:00:00Z,HYDRO,HYDRO,254.53634649660853,894
2019-12-29T20:00:00Z,OTHER,BIOMASS,126.99271646870507,154
2019-12-29T20:00:00Z,OTHER,GAS COGEN,31.57266997337341,58
2019-12-29T20:00:00Z,OTHER,OIL/GAS,44.37017722871568,53
2019-12-29T20:00:00Z,OTHER,WOOD/REFUSE,75.80963454882303,158
2019-12-29T20:00:00Z,SOLAR,SOLAR,1.6949999690055848,15
2019-12-29T20:00:00Z,WIND,WIND,126.68786817025807,1781
2019-12-29T21:00:00Z,COAL,COAL,3236.884435195923,5183
2019-12-29T21:00:00Z,DUAL FUEL,DUAL FUEL,274.8831487549676,540
2019-12-29T21:00:00Z,GAS,COGENERATION,3897.9039885734187,5043
2019-12-29T21:00:00Z,GAS,COMBINED CYCLE,1520.8273022503322,1748
2019-12-29T21:00:00Z,GAS,SIMPLE CYCLE,505.92558053281573,905
2019-12-29T21:00:00Z,HYDRO,HYDRO,241.6540858162774,894
2019-12-29T21:00:00Z,OTHER,BIOMASS,124.69220552444459,154
2019-12-29T21:00:00Z,OTHER,GAS COGEN,31.658207884364657,58
2019-12-29T21:00:00Z,OTHER,OIL/GAS,44.47346562915378,53
2019-12-29T21:00:00Z,OTHER,WOOD/REFUSE,76.0083344496621,158
2019-12-29T21:00:00Z,SOLAR,SOLAR,1.3876666506793764,15
2019-12-29T21:00:00Z,WIND,WIND,94.27666597644487,1781
2019-12-29T22:00:00Z,COAL,COAL,3209.8306236139933,5183
2019-12-29T22:00:00Z,DUAL FUEL,DUAL FUEL,325.9394202825758,540
2019-12-29T22:00:00Z,GAS,COGENERATION,3901.5606002312234,5043
2019-12-29T22:00:00Z,GAS,COMBINED CYCLE,1522.330821439955,1748
2019-12-29T22:00:00Z,GAS,SIMPLE CYCLE,510.7626570559873,905
2019-12-29T22:00:00Z,HYDRO,HYDRO,203.5411741513014,894
2019-12-29T22:00:00Z,OTHER,BIOMASS,125.62433350774977,154
2019-12-29T22:00:00Z,OTHER,GAS COGEN,31.569452736642624,58
2019-12-29T22:00:00Z,OTHER,OIL/GAS,43.97607081095378,53
2019-12-29T22:00:00Z,OTHER,WOOD/REFUSE,78.95839240392048,158
2019-12-29T22:00:00Z,SOLAR,SOLAR,0.6773333028952281,15
2019-12-29T22:00:00Z,WIND,WIND,98.41062841152979,1781
2019-12-29T23:00:00Z,COAL,COAL,3269.308341556125,5183
2019-12-29T23:00:00Z,DUAL FUEL,DUAL FUEL,423.0940098677741,540
2019-12-29T23:00:00Z,GAS,COGENERATION,3934.8664855917295,5043
2019-12-29T23:00:00Z,GAS,COMBINED CYCLE,1553.2958409690857,1748
2019-12-29T23:00:00Z,GAS,SIMPLE CYCLE,513.868759212494,905
2019-12-29T23:00:00Z,HYDRO,HYDRO,251.21618041906092,894
2019-12-29T23:00:00Z,OTHER,BIOMASS,137.79490095350477,154
2019-12-29T23:00:00Z,OTHER,GAS COGEN,31.82215792020162,58
2019-12-29T23:00:00Z,OTHER,OIL/GAS,44.09907729890612,53
2019-12-29T23:00:00Z,OTHER,WOOD/REFUSE,81.80610434214273,158
2019-12-29T23:00:00Z,SOLAR,SOLAR,0.00749999955296516,15
2019-12-29T23:00:00Z,WIND,WIND,64.06072739298145,1781
2019-12-30T00:00:00Z,COAL,COAL,3303.813654191759,5183
2019-12-30T00:00:00Z,DUAL FUEL,DUAL FUEL,351.47013060039944,540
2019-12-30T00:00:00Z,GAS,COGENERATION,4009.8788295488885,5043
2019-12-30T00:00:00Z,GAS,COMBINED CYCLE,1561.5429042455885,1748
2019-12-30T00:00:00Z,GAS,SIMPLE CYCLE,574.3381110358239,905
2019-12-30T00:00:00Z,HYDRO,HYDRO,294.7898903862635,894
2019-12-30T00:00:00Z,OTHER,BIOMASS,130.56804488393996,154
2019-12-30T00:00:00Z,OTHER,GAS COGEN,31.745440697140165,58
2019-12-30T00:00:00Z,OTHER,OIL/GAS,44.35156488418579,53
2019-12-30T00:00:00Z,OTHER,WOOD/REFUSE,79.2558822631836,158
2019-12-30T00:00:00Z,SOLAR,SOLAR,0,15
2019-12-30T00:00:00Z,WIND,WIND,51.076350137558244,1781
2019-12-30T01:00:00Z,COAL,COAL,3276.3424262195163,5183
2019-12-30T01:00:00Z,DUAL FUEL,DUAL FUEL,414.6854512172275,540
2019-12-30T01:00:00Z,GAS,COGENERATION,3996.9986653147803,5043
2019-12-30T01:00:00Z,GAS,COMBINED CYCLE,1564.8703561009302,1748
2019-12-30T01:00:00Z,GAS,SIMPLE CYCLE,579.6842969270547,905
2019-12-30T01:00:00Z,HYDRO,HYDRO,238.6432886563407,894
2019-12-30T01:00:00Z,OTHER,BIOMASS,137.13972848468356,154
2019-12-30T01:00:00Z,OTHER,GAS COGEN,31.700959221522012,58
2019-12-30T01:00:00Z,OTHER,OIL/GAS,44.50299825456408,53
2019-12-30T01:00:00Z,OTHER,WOOD/REFUSE,83.57807088745965,158
2019-12-30T01:00:00Z,SOLAR,SOLAR,0,15
2019-12-30T01:00:00Z,WIND,WIND,57.47754586646126,1781
2019-12-30T02:00:00Z,COAL,COAL,3486.3264954927236,5183
2019-12-30T02:00:00Z,DUAL FUEL,DUAL FUEL,281.7979623625014,540
2019-12-30T02:00:00Z,GAS,COGENERATION,4015.0342245199945,5043
2019-12-30T02:00:00Z,GAS,COMBINED CYCLE,1529.939344169299,1748
2019-12-30T02:00:00Z,GAS,SIMPLE CYCLE,517.7175609538953,905
2019-12-30T02:00:00Z,HYDRO,HYDRO,244.51133301158745,894
2019-12-30T02:00:00Z,OTHER,BIOMASS,129.0216455078125,154
2019-12-30T02:00:00Z,OTHER,GAS COGEN,31.53793811586168,58
2019-12-30T02:00:00Z,OTHER,OIL/GAS,43.934248510996504,53
2019-12-30T02:00:00Z,OTHER,WOOD/REFUSE,80.74805235385895,158
2019-12-30T02:00:00Z,SOLAR,SOLAR,0,15
2019-12-30T02:00:00Z,WIND,WIND,62.352335754098995,1781
2019-12-30T03:00:00Z,COAL,COAL,3597.297420609792,5183
2019-12-30T03:00:00Z,DUAL FUEL,DUAL FUEL,182.05989702860512,540
2019-12-30T03:00:00Z,GAS,COGENERATION,4040.7252813790906,5043
2019-12-30T03:00:00Z,GAS,COMBINED CYCLE,1489.4954762130976,1748
2019-12-30T03:00:00Z,GAS,SIMPLE CYCLE,446.87913806811804,905
2019-12-30T03:00:00Z,HYDRO,HYDRO,239.64351032223968,894
2019-12-30T03:00:00Z,OTHER,BIOMASS,124.5996223227183,154
2019-12-30T03:00:00Z,OTHER,GAS COGEN,31.961632518768308,58
2019-12-30T03:00:00Z,OTHER,OIL/GAS,43.98604889975654,53
2019-12-30T03:00:00Z,OTHER,WOOD/REFUSE,78.1813037109375,158
2019-12-30T03:00:00Z,SOLAR,SOLAR,0,15
2019-12-30T03:00:00Z,WIND,WIND,85.6064031205285,1781
2019-12-30T04:00:00Z,COAL,COAL,3539.9297599750093,5183
2019-12-30T04:00:00Z,DUAL FUEL,DUAL FUEL,186.4575403679742,540
2019-12-30T04:00:00Z,GAS,COGENERATION,4056.460029007726,5043
2019-12-30T04:00:00Z,GAS,COMBINED CYCLE,1519.8010560486052,1748
2019-12-30T04:00:00Z,GAS,SIMPLE CYCLE,436.23778151002193,905
2019-12-30T04:00:00Z,HYDRO,HYDRO,224.8045523139172,894
2019-12-30T04:00:00Z,OTHER,BIOMASS,125.64075675010682,154
2019-12-30T04:00:00Z,OTHER,GAS COGEN,31.928872618145412,58
2019-12-30T04:00:00Z,OTHER,OIL/GAS,44.00080470403036,53
2019-12-30T04:00:00Z,OTHER,WOOD/REFUSE,77.92581964943145,158
2019-12-30T04:00:00Z,SOLAR,SOLAR,0,15
2019-12-30T04:00:00Z,WIND,WIND,72.1499692326453,1781
2019-12-30T05:00:00Z,COAL,COAL,3396.715060604943,5183
2019-12-30T05:00:00Z,DUAL FUEL,DUAL FUEL,188.5126148308648,540
2019-12-30T05:00:00Z,GAS,COGENERATION,4071.700066669385,5043
2019-12-30T05:00:00Z,GAS,COMBINED CYCLE,1509.7802498218748,1748
2019-12-30T05:00:00Z,GAS,SIMPLE CYCLE,422.3518797255887,905
2019-12-30T05:00:00Z,HYDRO,HYDRO,159.16342731879817,894
2019-12-30T05:00:00Z,OTHER,BIOMASS,125.2324735069275,154
2019-12-30T05:00:00Z,OTHER,GAS COGEN,31.84141265604231,58
2019-12-30T05:00:00Z,OTHER,OIL/GAS,43.53202111562093,53
2019-12-30T05:00:00Z,OTHER,WOOD/REFUSE,77.52845027075874,158
2019-12-30T05:00:00Z,SOLAR,SOLAR,0,15
2019-12-30T05:00:00Z,WIND,WIND,70.80480194926263,1781
2019-12-30T06:00:00Z,COAL,COAL,3320.633702011108,5183
2019-12-30T06:00:00Z,DUAL FUEL,DUAL FUEL,189.57485754224987,540
2019-12-30T06:00:00Z,GAS,COGENERATION,4080.632066959275,5043
2019-12-30T06:00:00Z,GAS,COMBINED CYCLE,1439.1090020677777,1748
2019-12-30T06:00:00Z,GAS,SIMPLE CYCLE,295.40038495722746,905
2019-12-30T06:00:00Z,HYDRO,HYDRO,167.93458172336221,894
2019-12-30T06:00:00Z,OTHER,BIOMASS,121.90925613986121,154
2019-12-30T06:00:00Z,OTHER,GAS COGEN,31.855073148409524,58
2019-12-30T06:00:00Z,OTHER,OIL/GAS,43.419154499901666,53
2019-12-30T06:00:00Z,OTHER,WOOD/REFUSE,78.82344515509075,158
2019-12-30T06:00:00Z,SOLAR,SOLAR,0,15
2019-12-30T06:00:00Z,WIND,WIND,61.17243553777536,1781
2019-12-30T07:00:00Z,COAL,COAL,3419.767400864495,5183
2019-12-30T07:00:00Z,DUAL FUEL,DUAL FUEL,186.3583318816291,540
2019-12-30T07:00:00Z,GAS,COGENERATION,4083.7328621927895,5043
2019-12-30T07:00:00Z,GAS,COMBINED CYCLE,1358.9364543279012,1748
2019-12-30T07:00:00Z,GAS,SIMPLE CYCLE,127.9375019583106,905
2019-12-30T07:00:00Z,HYDRO,HYDRO,136.4088672564096,894
2019-12-30T07:00:00Z,OTHER,BIOMASS,120.41680649280548,154
2019-12-30T07:00:00Z,OTHER,GAS COGEN,31.560432705349392,58
2019-12-30T07:00:00Z,OTHER,OIL/GAS,43.611099088456896,53
2019-12-30T07:00:00Z,OTHER,WOOD/REFUSE,78.63231876267328,158
2019-12-30T07:00:00Z,SOLAR,SOLAR,0,15
2019-12-30T07:00:00Z,WIND,WIND,70.53735973116424,1781
2019-12-30T08:00:00Z,COAL,COAL,3375.1223829883997,5183
2019-12-30T08:00:00Z,DUAL FUEL,DUAL FUEL,190.90323916965062,540
2019-12-30T08:00:00Z,GAS,COGENERATION,4081.9984410187935,5043
2019-12-30T08:00:00Z,GAS,COMBINED CYCLE,1341.9743795341915,1748
2019-12-30T08:00:00Z,GAS,SIMPLE CYCLE,120.35854624377356,905
2019-12-30T08:00:00Z,HYDRO,HYDRO,113.53251447293493,894
2019-12-30T08:00:00Z,OTHER,BIOMASS,120.75523465103574,154
2019-12-30T08:00:00Z,OTHER,GAS COGEN,31.783195812967087,58
2019-12-30T08:00:00Z,OTHER,OIL/GAS,43.85578724755181,53
2019-12-30T08:00:00Z,OTHER,WOOD/REFUSE,79.09074664354324,158
2019-12-30T08:00:00Z,SOLAR,SOLAR,0,15
2019-12-30T08:00:00Z,WIND,WIND,85.40534345118536,1781
2019-12-30T09:00:00Z,COAL,COAL,3345.198606965807,5183
2019-12-30T09:00:00Z,DUAL FUEL,DUAL FUEL,188.81348419825235,540
2019-12-30T09:00:00Z,GAS,COGENERATION,4073.3011989066335,5043
2019-12-30T09:00:00Z,GAS,COMBINED CYCLE,1317.9912103772162,1748
2019-12-30T09:00:00Z,GAS,SIMPLE CYCLE,120.89230739752452,905
2019-12-30T09:00:00Z,HYDRO,HYDRO,89.01193201435937,894
2019-12-30T09:00:00Z,OTHER,BIOMASS,122.44438411924574,154
2019-12-30T09:00:00Z,OTHER,GAS COGEN,31.608070956336125,58
2019-12-30T09:00:00Z,OTHER,OIL/GAS,43.407237139807805,53
2019-12-30T09:00:00Z,OTHER,WOOD/REFUSE,78.7988397359848,158
2019-12-30T09:00:00Z,SOLAR,SOLAR,0,15
2019-12-30T09:00:00Z,WIND,WIND,106.4571993466301,1781
2019-12-30T10:00:00Z,COAL,COAL,3277.4029957707726,5183
2019-12-30T10:00:00Z,DUAL FUEL,DUAL FUEL,206.86152170817059,540
2019-12-30T10:00:00Z,GAS,COGENERATION,4073.475347641839,5043
2019-12-30T10:00:00Z,GAS,COMBINED CYCLE,1326.8174400175942,1748
2019-12-30T10:00:00Z,GAS,SIMPLE CYCLE,121.4218813847171,905
2019-12-30T10:00:00Z,HYDRO,HYDRO,86.64068840324879,894
2019-12-30T10:00:00Z,OTHER,BIOMASS,122.98656700293223,154
2019-12-30T10:00:00Z,OTHER,GAS COGEN,31.482011574639216,58
2019-12-30T10:00:00Z,OTHER,OIL/GAS,43.60544326570299,53
2019-12-30T10:00:00Z,OTHER,WOOD/REFUSE,78.6713711365064,158
2019-12-30T10:00:00Z,SOLAR,SOLAR,0,15
2019-12-30T10:00:00Z,WIND,WIND,112.94444065347314,1781
2019-12-30T11:00:00Z,COAL,COAL,3192.6360428025987,5183
2019-12-30T11:00:00Z,DUAL FUEL,DUAL FUEL,202.7735473293728,540
2019-12-30T11:00:00Z,GAS,COGENERATION,4072.786629530324,5043
2019-12-30T11:00:00Z,GAS,COMBINED CYCLE,1322.0612154115572,1748
2019-12-30T11:00:00Z,GAS,SIMPLE CYCLE,212.86881123625568,905
2019-12-30T11:00:00Z,HYDRO,HYDRO,80.1304515240093,894
2019-12-30T11:00:00Z,OTHER,BIOMASS,122.90404470814599,154
2019-12-30T11:00:00Z,OTHER,GAS COGEN,31.564071203337775,58
2019-12-30T11:00:00Z,OTHER,OIL/GAS,43.08441060596042,53
2019-12-30T11:00:00Z,OTHER,WOOD/REFUSE,79.21397423611747,158
2019-12-30T11:00:00Z,SOLAR,SOLAR,0,15
2019-12-30T11:00:00Z,WIND,WIND,190.75162960877023,1781
2019-12-30T12:00:00Z,COAL,COAL,3208.3358682547673,5183
2019-12-30T12:00:00Z,DUAL FUEL,DUAL FUEL,209.1800320095486,540
2019-12-30T12:00:00Z,GAS,COGENERATION,4067.2725160327223,5043
2019-12-30T12:00:00Z,GAS,COMBINED CYCLE,1314.3088650078244,1748
2019-12-30T12:00:00Z,GAS,SIMPLE CYCLE,295.4902114873793,905
2019-12-30T12:00:00Z,HYDRO,HYDRO,124.51816620654529,894
2019-12-30T12:00:00Z,OTHER,BIOMASS,126.73064517445034,154
2019-12-30T12:00:00Z,OTHER,GAS COGEN,31.456945344607036,58
2019-12-30T12:00:00Z,OTHER,OIL/GAS,43.573055828942195,53
2019-12-30T12:00:00Z,OTHER,WOOD/REFUSE,80.2913993827502,158
2019-12-30T12:00:00Z,SOLAR,SOLAR,0,15
2019-12-30T12:00:00Z,WIND,WIND,256.5804461017748,1781
2019-12-30T13:00:00Z,COAL,COAL,3298.662714335124,5183
2019-12-30T13:00:00Z,DUAL FUEL,DUAL FUEL,212.1755680847168,540
2019-12-30T13:00:00Z,GAS,COGENERATION,4078.7671175077226,5043
2019-12-30T13:00:00Z,GAS,COMBINED CYCLE,1255.151696361171,1748
2019-12-30T13:00:00Z,GAS,SIMPLE CYCLE,324.55618312984706,905
2019-12-30T13:00:00Z,HYDRO,HYDRO,167.8761576815446,894
2019-12-30T13:00:00Z,OTHER,BIOMASS,128.35371781614091,154
2019-12-30T13:00:00Z,OTHER,GAS COGEN,31.677124633789056,58
2019-12-30T13:00:00Z,OTHER,OIL/GAS,43.42007115681966,53
2019-12-30T13:00:00Z,OTHER,WOOD/REFUSE,79.5001946120792,158
2019-12-30T13:00:00Z,SOLAR,SOLAR,0,15
2019-12-30T13:00:00Z,WIND,WIND,323.2340788911614,1781
2019-12-30T14:00:00Z,COAL,COAL,3408.3032926983306,5183
2019-12-30T14:00:00Z,DUAL FUEL,DUAL FUEL,199.74967416763303,540
2019-12-30T14:00:00Z,GAS,COGENERATION,4085.2160753399794,5043
2019-12-30T14:00:00Z,GAS,COMBINED CYCLE,1373.324192974435,1748
2019-12-30T14:00:00Z,GAS,SIMPLE CYCLE,314.9324474668834,905
2019-12-30T14:00:00Z,HYDRO,HYDRO,219.46076995008522,894
2019-12-30T14:00:00Z,OTHER,BIOMASS,123.59900143941243,154
2019-12-30T14:00:00Z,OTHER,GAS COGEN,31.650310791068602,58
2019-12-30T14:00:00Z,OTHER,OIL/GAS,42.88094345516629,53
2019-12-30T14:00:00Z,OTHER,WOOD/REFUSE,79.36084600263172,158
2019-12-30T14:00:00Z,SOLAR,SOLAR,0,15
2019-12-30T14:00:00Z,WIND,WIND,411.6644957728187,1781
2019-12-30T15:00:00Z,COAL,COAL,3394.716757253011,5183
2019-12-30T15:00:00Z,DUAL FUEL,DUAL FUEL,200.83442285749646,540
2019-12-30T15:00:00Z,GAS,COGENERATION,4085.5747137460444,5043
2019-12-30T15:00:00Z,GAS,COMBINED CYCLE,1531.8036328485277,1748
2019-12-30T15:00:00Z,GAS,SIMPLE CYCLE,330.18533686584897,905
2019-12-30T15:00:00Z,HYDRO,HYDRO,169.05150501317448,894
2019-12-30T15:00:00Z,OTHER,BIOMASS,121.47354019853803,154
2019-12-30T15:00:00Z,OTHER,GAS COGEN,28.863948480818006,58
2019-12-30T15:00:00Z,OTHER,OIL/GAS,41.45381021075779,53
2019-12-30T15:00:00Z,OTHER,WOOD/REFUSE,81.83760083039601,158
2019-12-30T15:00:00Z,SOLAR,SOLAR,0,15
2019-12-30T15:00:00Z,WIND,WIND,625.7959601405925,1781
2019-12-30T16:00:00Z,COAL,COAL,3212.402339178721,5183
2019-12-30T16:00:00Z,DUAL FUEL,DUAL FUEL,191.77278970506455,540
2019-12-30T16:00:00Z,GAS,COGENERATION,4076.8311041250495,5043
2019-12-30T16:00:00Z,GAS,COMBINED CYCLE,1586.748273818228,1748
2019-12-30T16:00:00Z,GAS,SIMPLE CYCLE,234.05904028031563,905
2019-12-30T16:00:00Z,HYDRO,HYDRO,208.2581190999349,894
2019-12-30T16:00:00Z,OTHER,BIOMASS,119.9730399301317,154
2019-12-30T16:00:00Z,OTHER,GAS COGEN,27.102994419733683,58
2019-12-30T16:00:00Z,OTHER,OIL/GAS,41.35247657140096,53
2019-12-30T16:00:00Z,OTHER,WOOD/REFUSE,86.52733240233528,158
2019-12-30T16:00:00Z,SOLAR,SOLAR,1.2623333001799053,15
2019-12-30T16:00:00Z,WIND,WIND,866.6749737056097,1781
2019-12-30T17:00:00Z,COAL,COAL,3143.267201285892,5183
2019-12-30T17:00:00Z,DUAL FUEL,DUAL FUEL,186.5086590597365,540
2019-12-30T17:00:00Z,GAS,COGENERATION,4058.430760512087,5043
2019-12-30T17:00:00Z,GAS,COMBINED CYCLE,1578.2985444450378,1748
2019-12-30T17:00:00Z,GAS,SIMPLE CYCLE,256.21217121803096,905
2019-12-30T17:00:00Z,HYDRO,HYDRO,182.0950113007923,894
2019-12-30T17:00:00Z,OTHER,BIOMASS,120.51924065060085,154
2019-12-30T17:00:00Z,OTHER,GAS COGEN,25.00339321931203,58
2019-12-30T17:00:00Z,OTHER,OIL/GAS,41.62298193189833,53
2019-12-30T17:00:00Z,OTHER,WOOD/REFUSE,88.60179132726458,158
2019-12-30T17:00:00Z,SOLAR,SOLAR,3.676999892393748,15
2019-12-30T17:00:00Z,WIND,WIND,984.0519676245915,1781
2019-12-30T18:00:00Z,COAL,COAL,3037.1121998532612,5183
2019-12-30T18:00:00Z,DUAL FUEL,DUAL FUEL,187.70293783611723,540
2019-12-30T18:00:00Z,GAS,COGENERATION,4037.1083490261767,5043
2019-12-30T18:00:00Z,GAS,COMBINED CYCLE,1584.1730030642616,1748
2019-12-30T18:00:00Z,GAS,SIMPLE CYCLE,238.64566640228034,905
2019-12-30T18:00:00Z,HYDRO,HYDRO,227.63228002445564,894
2019-12-30T18:00:00Z,OTHER,BIOMASS,119.60178449577755,154
2019-12-30T18:00:00Z,OTHER,GAS COGEN,24.674962054888404,58
2019-12-30T18:00:00Z,OTHER,OIL/GAS,42.11493178897434,53
2019-12-30T18:00:00Z,OTHER,WOOD/REFUSE,89.17486106130812,158
2019-12-30T18:00:00Z,SOLAR,SOLAR,4.705333154201508,15
2019-12-30T18:00:00Z,WIND,WIND,1039.716829422315,1781
2019-12-30T19:00:00Z,COAL,COAL,3101.184553489685,5183
2019-12-30T19:00:00Z,DUAL FUEL,DUAL FUEL,188.40400426440766,540
2019-12-30T19:00:00Z,GAS,COGENERATION,4017.6577272309196,5043
2019-12-30T19:00:00Z,GAS,COMBINED CYCLE,1574.303069689009,1748
2019-12-30T19:00:00Z,GAS,SIMPLE CYCLE,238.1366076492601,905
2019-12-30T19:00:00Z,HYDRO,HYDRO,214.65685141498844,894
2019-12-30T19:00:00Z,OTHER,BIOMASS,120.54686265627544,154
2019-12-30T19:00:00Z,OTHER,GAS COGEN,29.088630340894063,58
2019-12-30T19:00:00Z,OTHER,OIL/GAS,42.08406617906358,53
2019-12-30T19:00:00Z,OTHER,WOOD/REFUSE,83.73302703195148,158
2019-12-30T19:00:00Z,SOLAR,SOLAR,5.099999904632568,15
2019-12-30T19:00:00Z,WIND,WIND,1042.758187556929,1781
2019-12-30T20:00:00Z,COAL,COAL,2990.0984035343595,5183
2019-12-30T20:00:00Z,DUAL FUEL,DUAL FUEL,197.3545308579339,540
2019-12-30T20:00:00Z,GAS,COGENERATION,4011.438480617205,5043
2019-12-30T20:00:00Z,GAS,COMBINED CYCLE,1555.132138223648,1748
2019-12-30T20:00:00Z,GAS,SIMPLE CYCLE,241.18194653928282,905
2019-12-30T20:00:00Z,HYDRO,HYDRO,187.94078021324344,894
2019-12-30T20:00:00Z,OTHER,BIOMASS,120.59859566635556,154
2019-12-30T20:00:00Z,OTHER,GAS COGEN,29.008352500067815,58
2019-12-30T20:00:00Z,OTHER,OIL/GAS,41.63802718692356,53
2019-12-30T20:00:00Z,OTHER,WOOD/REFUSE,79.22106479989158,158
2019-12-30T20:00:00Z,SOLAR,SOLAR,4.890166497230529,15
2019-12-30T20:00:00Z,WIND,WIND,1067.9233250957066,1781
2019-12-30T21:00:00Z,COAL,COAL,2805.82402662913,5183
2019-12-30T21:00:00Z,DUAL FUEL,DUAL FUEL,197.36920004314848,540
2019-12-30T21:00:00Z,GAS,COGENERATION,4010.5553210028015,5043
2019-12-30T21:00:00Z,GAS,COMBINED CYCLE,1552.7166465526157,1748
2019-12-30T21:00:00Z,GAS,SIMPLE CYCLE,242.1609836426046,905
2019-12-30T21:00:00Z,HYDRO,HYDRO,201.11931054254373,894
2019-12-30T21:00:00Z,OTHER,BIOMASS,120.43873432371352,154
2019-12-30T21:00:00Z,OTHER,GAS COGEN,29.240158802668258,58
2019-12-30T21:00:00Z,OTHER,OIL/GAS,41.499715614318845,53
2019-12-30T21:00:00Z,OTHER,WOOD/REFUSE,79.35610361496607,158
2019-12-30T21:00:00Z,SOLAR,SOLAR,3.867999899784724,15
2019-12-30T21:00:00Z,WIND,WIND,1181.9940317991045,1781
2019-12-30T22:00:00Z,COAL,COAL,2727.149849787818,5183
2019-12-30T22:00:00Z,DUAL FUEL,DUAL FUEL,210.27445910771686,540
2019-12-30T22:00:00Z,GAS,COGENERATION,4015.296272155974,5043
2019-12-30T22:00:00Z,GAS,COMBINED CYCLE,1558.3656322786544,1748
2019-12-30T22:00:00Z,GAS,SIMPLE CYCLE,240.4949016201496,905
2019-12-30T22:00:00Z,HYDRO,HYDRO,240.1637075713277,894
2019-12-30T22:00:00Z,OTHER,BIOMASS,118.17286204179128,154
2019-12-30T22:00:00Z,OTHER,GAS COGEN,29.205618449317086,58
2019-12-30T22:00:00Z,OTHER,OIL/GAS,41.45425459755791,53
2019-12-30T22:00:00Z,OTHER,WOOD/REFUSE,79.20401230971018,158
2019-12-30T22:00:00Z,SOLAR,SOLAR,1.420833303514454,15
2019-12-30T22:00:00Z,WIND,WIND,1305.2891212908426,1781
2019-12-30T23:00:00Z,COAL,COAL,2835.4729798931544,5183
2019-12-30T23:00:00Z,DUAL FUEL,DUAL FUEL,209.96375921673246,540
2019-12-30T23:00:00Z,GAS,COGENERATION,4009.575798256132,5043
2019-12-30T23:00:00Z,GAS,COMBINED CYCLE,1550.339099735154,1748
2019-12-30T23:00:00Z,GAS,SIMPLE CYCLE,295.30977099925275,905
2019-12-30T23:00:00Z,HYDRO,HYDRO,244.6793428778814,894
2019-12-30T23:00:00Z,OTHER,BIOMASS,111.20730648729537,154
2019-12-30T23:00:00Z,OTHER,GAS COGEN,29.827789873547026,58
2019-12-30T23:00:00Z,OTHER,OIL/GAS,41.45536001841227,53
2019-12-30T23:00:00Z,OTHER,WOOD/REFUSE,80.07385535928938,158
2019-12-30T23:00:00Z,SOLAR,SOLAR,0,15
2019-12-30T23:00:00Z,WIND,WIND,1383.4713860338927,1781
2019-12-31T00:00:00Z,COAL,COAL,2973.411483677758,5183
2019-12-31T00:00:00Z,DUAL FUEL,DUAL FUEL,190.72642830318875,540
2019-12-31T00:00:00Z,GAS,COGENERATION,4002.84165689071,5043
2019-12-31T00:00:00Z,GAS,COMBINED CYCLE,1558.4608261182573,1748
2019-12-31T00:00:00Z,GAS,SIMPLE CYCLE,302.3401441354222,905
2019-12-31T00:00:00Z,HYDRO,HYDRO,285.73965981807976,894
2019-12-31T00:00:00Z,OTHER,BIOMASS,113.3666566435496,154
2019-12-31T00:00:00Z,OTHER,GAS COGEN,29.87400327894423,58
2019-12-31T00:00:00Z,OTHER,OIL/GAS,41.84985923131307,53
2019-12-31T00:00:00Z,OTHER,WOOD/REFUSE,79.74946603218714,158
2019-12-31T00:00:00Z,SOLAR,SOLAR,0,15
2019-12-31T00:00:00Z,WIND,WIND,1401.4408145275381,1781
2019-12-31T01:00:00Z,COAL,COAL,2904.0465077315434,5183
2019-12-31T01:00:00Z,DUAL FUEL,DUAL FUEL,189.12924908743963,540
2019-12-31T01:00:00Z,GAS,COGENERATION,4002.0339501372973,5043
2019-12-31T01:00:00Z,GAS,COMBINED CYCLE,1538.8780403476292,1748
2019-12-31T01:00:00Z,GAS,SIMPLE CYCLE,301.6543831413984,905
2019-12-31T01:00:00Z,HYDRO,HYDRO,247.36172782932718,894
2019-12-31T01:00:00Z,OTHER,BIOMASS,109.25332858138614,154
2019-12-31T01:00:00Z,OTHER,GAS COGEN,29.956301550865174,58
2019-12-31T01:00:00Z,OTHER,OIL/GAS,42.14703178193834,53
2019-12-31T01:00:00Z,OTHER,WOOD/REFUSE,80.74594207472272,158
2019-12-31T01:00:00Z,SOLAR,SOLAR,0,15
2019-12-31T01:00:00Z,WIND,WIND,1362.6625892393456,1781
2019-12-31T02:00:00Z,COAL,COAL,2695.4403512742783,5183
2019-12-31T02:00:00Z,DUAL FUEL,DUAL FUEL,202.75823634677462,540
2019-12-31T02:00:00Z,GAS,COGENERATION,3977.3806814578506,5043
2019-12-31T02:00:00Z,GAS,COMBINED CYCLE,1544.0272213257683,1748
2019-12-31T02:00:00Z,GAS,SIMPLE CYCLE,302.22234253194597,905
2019-12-31T02:00:00Z,HYDRO,HYDRO,244.79171454280615,894
2019-12-31T02:00:00Z,OTHER,BIOMASS,107.7129119348526,154
2019-12-31T02:00:00Z,OTHER,GAS COGEN,29.88931143813663,58
2019-12-31T02:00:00Z,OTHER,OIL/GAS,42.15516079584757,53
2019-12-31T02:00:00Z,OTHER,WOOD/REFUSE,80.78618883238899,158
2019-12-31T02:00:00Z,SOLAR,SOLAR,0,15
2019-12-31T02:00:00Z,WIND,WIND,1359.2887831044527,1781
2019-12-31T03:00:00Z,COAL,COAL,2652.4155512724983,5183
2019-12-31T03:00:00Z,DUAL FUEL,DUAL FUEL,188.62665931277803,540
2019-12-31T03:00:00Z,GAS,COGENERATION,3967.7303123888705,5043
2019-12-31T03:00:00Z,GAS,COMBINED CYCLE,1485.6760634455416,1748
2019-12-31T03:00:00Z,GAS,SIMPLE CYCLE,242.7103232681089,905
2019-12-31T03:00:00Z,HYDRO,HYDRO,230.2753969113032,894
2019-12-31T03:00:00Z,OTHER,BIOMASS,115.49497940275404,154
2019-12-31T03:00:00Z,OTHER,GAS COGEN,29.970177157190108,58
2019-12-31T03:00:00Z,OTHER,OIL/GAS,42.089104387495254,53
2019-12-31T03:00:00Z,OTHER,WOOD/REFUSE,80.67756164603763,158
2019-12-31T03:00:00Z,SOLAR,SOLAR,0,15
2019-12-31T03:00:00Z,WIND,WIND,1348.698993396759,1781
2019-12-31T04:00:00Z,COAL,COAL,2471.0213605128392,5183
2019-12-31T04:00:00Z,DUAL FUEL,DUAL FUEL,185.2441958702935,540
2019-12-31T04:00:00Z,GAS,COGENERATION,3970.391531451146,5043
2019-12-31T04:00:00Z,GAS,COMBINED CYCLE,1488.5663640724288,1748
2019-12-31T04:00:00Z,GAS,SIMPLE CYCLE,119.19262815488709,905
2019-12-31T04:00:00Z,HYDRO,HYDRO,247.9205677595569,894
2019-12-31T04:00:00Z,OTHER,BIOMASS,119.0308902756373,154
2019-12-31T04:00:00Z,OTHER,GAS COGEN,30.06393416404724,58
2019-12-31T04:00:00Z,OTHER,OIL/GAS,42.59193827523126,53
2019-12-31T04:00:00Z,OTHER,WOOD/REFUSE,79.5467700568835,158
2019-12-31T04:00:00Z,SOLAR,SOLAR,0,15
2019-12-31T04:00:00Z,WIND,WIND,1439.8101835547552,1781
2019-12-31T05:00:00Z,COAL,COAL,2348.036937959459,5183
2019-12-31T05:00:00Z,DUAL FUEL,DUAL FUEL,185.14299813164604,540
2019-12-31T05:00:00Z,GAS,COGENERATION,3967.04765514387,5043
2019-12-31T05:00:00Z,GAS,COMBINED CYCLE,1470.8853505622017,1748
2019-12-31T05:00:00Z,GAS,SIMPLE CYCLE,113.99227054860857,905
2019-12-31T05:00:00Z,HYDRO,HYDRO,179.78761300052207,894
2019-12-31T05:00:00Z,OTHER,BIOMASS,115.30530347771115,154
2019-12-31T05:00:00Z,OTHER,GAS COGEN,30.13866776890225,58
2019-12-31T05:00:00Z,OTHER,OIL/GAS,41.93888632456461,53
2019-12-31T05:00:00Z,OTHER,WOOD/REFUSE,79.58662542740504,158
2019-12-31T05:00:00Z,SOLAR,SOLAR,0,15
2019-12-31T05:00:00Z,WIND,WIND,1386.8995064557923,1781
2019-12-31T06:00:00Z,COAL,COAL,2313.2723465834724,5183
2019-12-31T06:00:00Z,DUAL FUEL,DUAL FUEL,184.60967364841036,540
2019-12-31T06:00:00Z,GAS,COGENERATION,3961.2218187798394,5043
2019-12-31T06:00:00Z,GAS,COMBINED CYCLE,1336.8580200915865,1748
2019-12-31T06:00:00Z,GAS,SIMPLE CYCLE,113.8929092110528,905
2019-12-31T06:00:00Z,HYDRO,HYDRO,138.88644208990863,894
2019-12-31T06:00:00Z,OTHER,BIOMASS,114.28156770706177,154
2019-12-31T06:00:00Z,OTHER,GAS COGEN,32.32216456625197,58
2019-12-31T06:00:00Z,OTHER,OIL/GAS,42.01764301723904,53
2019-12-31T06:00:00Z,OTHER,WOOD/REFUSE,79.92035103109149,158
2019-12-31T06:00:00Z,SOLAR,SOLAR,0,15
2019-12-31T06:00:00Z,WIND,WIND,1276.4939008801514,1781
2019-12-31T07:00:00Z,COAL,COAL,2334.0649257214864,5183
2019-12-31T07:00:00Z,DUAL FUEL,DUAL FUEL,185.66653023189969,540
2019-12-31T07:00:00Z,GAS,COGENERATION,3958.3752464611002,5043
2019-12-31T07:00:00Z,GAS,COMBINED CYCLE,1303.2354456096227,1748
2019-12-31T07:00:00Z,GAS,SIMPLE CYCLE,113.3740439224243,905
2019-12-31T07:00:00Z,HYDRO,HYDRO,95.21176753078898,894
2019-12-31T07:00:00Z,OTHER,BIOMASS,115.21425696955787,154
2019-12-31T07:00:00Z,OTHER,GAS COGEN,32.82887882656521,58
2019-12-31T07:00:00Z,OTHER,OIL/GAS,42.06417580922445,53
2019-12-31T07:00:00Z,OTHER,WOOD/REFUSE,80.39530302021238,158
2019-12-31T07:00:00Z,SOLAR,SOLAR,0,15
2019-12-31T07:00:00Z,WIND,WIND,1210.4786045377784,1781
2019-12-31T08:00:00Z,COAL,COAL,2235.255784825219,5183
2019-12-31T08:00:00Z,DUAL FUEL,DUAL FUEL,185.29411668141682,540
2019-12-31T08:00:00Z,GAS,COGENERATION,3938.5772714960576,5043
2019-12-31T08:00:00Z,GAS,COMBINED CYCLE,1309.5411545493866,1748
2019-12-31T08:00:00Z,GAS,SIMPLE CYCLE,113.33259991963705,905
2019-12-31T08:00:00Z,HYDRO,HYDRO,111.23748568359349,894
2019-12-31T08:00:00Z,OTHER,BIOMASS,114.38182923687829,154
2019-12-31T08:00:00Z,OTHER,GAS COGEN,32.87055359628465,58
2019-12-31T08:00:00Z,OTHER,OIL/GAS,42.21345461739434,53
2019-12-31T08:00:00Z,OTHER,WOOD/REFUSE,78.8939415354199,158
2019-12-31T08:00:00Z,SOLAR,SOLAR,0,15
2019-12-31T08:00:00Z,WIND,WIND,1278.1342341598538,1781
2019-12-31T09:00:00Z,COAL,COAL,2126.678829330868,5183
2019-12-31T09:00:00Z,DUAL FUEL,DUAL FUEL,185.5611758295695,540
2019-12-31T09:00:00Z,GAS,COGENERATION,3923.3280374426313,5043
2019-12-31T09:00:00Z,GAS,COMBINED CYCLE,1308.15185625924,1748
2019-12-31T09:00:00Z,GAS,SIMPLE CYCLE,113.65214932660263,905
2019-12-31T09:00:00Z,HYDRO,HYDRO,96.81171271986432,894
2019-12-31T09:00:00Z,OTHER,BIOMASS,115.88046196195813,154
2019-12-31T09:00:00Z,OTHER,GAS COGEN,32.748049352433945,58
2019-12-31T09:00:00Z,OTHER,OIL/GAS,42.43713144302368,53
2019-12-31T09:00:00Z,OTHER,WOOD/REFUSE,78.94242835203806,158
2019-12-31T09:00:00Z,SOLAR,SOLAR,0,15
2019-12-31T09:00:00Z,WIND,WIND,1295.3316330141492,1781
2019-12-31T10:00:00Z,COAL,COAL,2126.6140922652353,5183
2019-12-31T10:00:00Z,DUAL FUEL,DUAL FUEL,185.9083933957418,540
2019-12-31T10:00:00Z,GAS,COGENERATION,3897.6772992866568,5043
2019-12-31T10:00:00Z,GAS,COMBINED CYCLE,1297.8375812466938,1748
2019-12-31T10:00:00Z,GAS,SIMPLE CYCLE,113.6001376522912,905
2019-12-31T10:00:00Z,HYDRO,HYDRO,82.67390503380034,894
2019-12-31T10:00:00Z,OTHER,BIOMASS,114.44437858528562,154
2019-12-31T10:00:00Z,OTHER,GAS COGEN,32.66774034182231,58
2019-12-31T10:00:00Z,OTHER,OIL/GAS,42.64334972805447,53
2019-12-31T10:00:00Z,OTHER,WOOD/REFUSE,79.84905720207426,158
2019-12-31T10:00:00Z,SOLAR,SOLAR,0,15
2019-12-31T10:00:00Z,WIND,WIND,1288.4993710507288,1781
2019-12-31T11:00:00Z,COAL,COAL,2127.9726890479196,5183
2019-12-31T11:00:00Z,DUAL FUEL,DUAL FUEL,187.40427047729492,540
2019-12-31T11:00:00Z,GAS,COGENERATION,3898.7663994393083,5043
2019-12-31T11:00:00Z,GAS,COMBINED CYCLE,1305.3982625754675,1748
2019-12-31T11:00:00Z,GAS,SIMPLE CYCLE,113.38853795369467,905
2019-12-31T11:00:00Z,HYDRO,HYDRO,95.88728401448991,894
2019-12-31T11:00:00Z,OTHER,BIOMASS,112.12998468028174,154
2019-12-31T11:00:00Z,OTHER,GAS COGEN,32.650623127619426,58
2019-12-31T11:00:00Z,OTHER,OIL/GAS,42.774347852071116,53
2019-12-31T11:00:00Z,OTHER,WOOD/REFUSE,80.75084341817433,158
2019-12-31T11:00:00Z,SOLAR,SOLAR,0,15
2019-12-31T11:00:00Z,WIND,WIND,1289.173736108144,1781
2019-12-31T12:00:00Z,COAL,COAL,2145.39921702279,5183
2019-12-31T12:00:00Z,DUAL FUEL,DUAL FUEL,186.91785247590806,540
2019-12-31T12:00:00Z,GAS,COGENERATION,3919.6860581032433,5043
2019-12-31T12:00:00Z,GAS,COMBINED CYCLE,1314.7096928559408,1748
2019-12-31T12:00:00Z,GAS,SIMPLE CYCLE,113.25481022834778,905
2019-12-31T12:00:00Z,HYDRO,HYDRO,155.91359109328855,894
2019-12-31T12:00:00Z,OTHER,BIOMASS,115.00090004762014,154
2019-12-31T12:00:00Z,OTHER,GAS COGEN,32.609891111585824,58
2019-12-31T12:00:00Z,OTHER,OIL/GAS,42.69677635616726,53
2019-12-31T12:00:00Z,OTHER,WOOD/REFUSE,80.12456642150879,158
2019-12-31T12:00:00Z,SOLAR,SOLAR,0,15
2019-12-31T12:00:00Z,WIND,WIND,1296.3931294969718,1781
2019-12-31T13:00:00Z,COAL,COAL,2374.4464275402493,5183
2019-12-31T13:00:00Z,DUAL FUEL,DUAL FUEL,186.2129388915168,540
2019-12-31T13:00:00Z,GAS,COGENERATION,3941.597368946738,5043
2019-12-31T13:00:00Z,GAS,COMBINED CYCLE,1359.6498161323866,1748
2019-12-31T13:00:00Z,GAS,SIMPLE CYCLE,112.55850026978386,905
2019-12-31T13:00:00Z,HYDRO,HYDRO,126.04096512688531,894
2019-12-31T13:00:00Z,OTHER,BIOMASS,114.24885117106967,154
2019-12-31T13:00:00Z,OTHER,GAS COGEN,32.63988058514065,58
2019-12-31T13:00:00Z,OTHER,OIL/GAS,41.21029325909085,53
2019-12-31T13:00:00Z,OTHER,WOOD/REFUSE,79.66715568065644,158
2019-12-31T13:00:00Z,SOLAR,SOLAR,0,15
2019-12-31T13:00:00Z,WIND,WIND,1325.7487806052632,1781
2019-12-31T14:00:00Z,COAL,COAL,2495.8526281971403,5183
2019-12-31T14:00:00Z,DUAL FUEL,DUAL FUEL,185.87814592149522,540
2019-12-31T14:00:00Z,GAS,COGENERATION,3938.11653162188,5043
2019-12-31T14:00:00Z,GAS,COMBINED CYCLE,1453.033824674752,1748
2019-12-31T14:00:00Z,GAS,SIMPLE CYCLE,112.6907141055001,905
2019-12-31T14:00:00Z,HYDRO,HYDRO,221.62152093090944,894
2019-12-31T14:00:00Z,OTHER,BIOMASS,113.77332294729021,154
2019-12-31T14:00:00Z,OTHER,GAS COGEN,32.634210907618204,58
2019-12-31T14:00:00Z,OTHER,OIL/GAS,43.73477082994249,53
2019-12-31T14:00:00Z,OTHER,WOOD/REFUSE,79.50349778811137,158
2019-12-31T14:00:00Z,SOLAR,SOLAR,0,15
2019-12-31T14:00:00Z,WIND,WIND,1307.7002493263615,1781
2019-12-31T15:00:00Z,COAL,COAL,2729.1637478404573,5183
2019-12-31T15:00:00Z,DUAL FUEL,DUAL FUEL,186.6420008426242,540
2019-12-31T15:00:00Z,GAS,COGENERATION,3937.2652931065027,5043
2019-12-31T15:00:00Z,GAS,COMBINED CYCLE,1527.9231995956104,1748
2019-12-31T15:00:00Z,GAS,SIMPLE CYCLE,112.40863336960474,905
2019-12-31T15:00:00Z,HYDRO,HYDRO,187.77088120139308,894
2019-12-31T15:00:00Z,OTHER,BIOMASS,113.72357345316145,154
2019-12-31T15:00:00Z,OTHER,GAS COGEN,30.770772491031224,58
2019-12-31T15:00:00Z,OTHER,OIL/GAS,40.64451560974121,53
2019-12-31T15:00:00Z,OTHER,WOOD/REFUSE,79.27459329975977,158
2019-12-31T15:00:00Z,SOLAR,SOLAR,0.02483333185315132,15
2019-12-31T15:00:00Z,WIND,WIND,1308.2481575449308,1781
2019-12-31T16:00:00Z,COAL,COAL,2748.9976673020255,5183
2019-12-31T16:00:00Z,DUAL FUEL,DUAL FUEL,187.30546533584595,540
2019-12-31T16:00:00Z,GAS,COGENERATION,3949.652172312207,5043
2019-12-31T16:00:00Z,GAS,COMBINED CYCLE,1554.537267976337,1748
2019-12-31T16:00:00Z,GAS,SIMPLE CYCLE,138.350415511926,905
2019-12-31T16:00:00Z,HYDRO,HYDRO,210.31116732445028,894
2019-12-31T16:00:00Z,OTHER,BIOMASS,109.80382310390473,154
2019-12-31T16:00:00Z,OTHER,GAS COGEN,30.10677015940348,58
2019-12-31T16:00:00Z,OTHER,OIL/GAS,38.398382386101616,53
2019-12-31T16:00:00Z,OTHER,WOOD/REFUSE,72.81979145050049,158
2019-12-31T16:00:00Z,SOLAR,SOLAR,0.4646666389703751,15
2019-12-31T16:00:00Z,WIND,WIND,1306.8573133491145,1781
2019-12-31T17:00:00Z,COAL,COAL,2803.4777926805286,5183
2019-12-31T17:00:00Z,DUAL FUEL,DUAL FUEL,187.09514942381116,540
2019-12-31T17:00:00Z,GAS,COGENERATION,3938.641720088323,5043
2019-12-31T17:00:00Z,GAS,COMBINED CYCLE,1538.6118488354152,1748
2019-12-31T17:00:00Z,GAS,SIMPLE CYCLE,143.404423505995,905
2019-12-31T17:00:00Z,HYDRO,HYDRO,176.28975089516905,894
2019-12-31T17:00:00Z,OTHER,BIOMASS,113.73779506100549,154
2019-12-31T17:00:00Z,OTHER,GAS COGEN,30.0746170340644,58
2019-12-31T17:00:00Z,OTHER,OIL/GAS,39.156698841518825,53
2019-12-31T17:00:00Z,OTHER,WOOD/REFUSE,68.7734051132202,158
2019-12-31T17:00:00Z,SOLAR,SOLAR,1.0093332934379575,15
2019-12-31T17:00:00Z,WIND,WIND,1341.235151405798,1781
2019-12-31T18:00:00Z,COAL,COAL,2820.8514810329016,5183
2019-12-31T18:00:00Z,DUAL FUEL,DUAL FUEL,187.1471289592319,540
2019-12-31T18:00:00Z,GAS,COGENERATION,3928.364528626336,5043
2019-12-31T18:00:00Z,GAS,COMBINED CYCLE,1546.250019654168,1748
2019-12-31T18:00:00Z,GAS,SIMPLE CYCLE,143.5824892478519,905
2019-12-31T18:00:00Z,HYDRO,HYDRO,201.89886627535023,894
2019-12-31T18:00:00Z,OTHER,BIOMASS,114.81521787431505,154
2019-12-31T18:00:00Z,OTHER,GAS COGEN,30.16585389773051,58
2019-12-31T18:00:00Z,OTHER,OIL/GAS,39.20975489086575,53
2019-12-31T18:00:00Z,OTHER,WOOD/REFUSE,74.81887273947397,158
2019-12-31T18:00:00Z,SOLAR,SOLAR,2.7144999424616496,15
2019-12-31T18:00:00Z,WIND,WIND,1301.6198272228241,1781
2019-12-31T19:00:00Z,COAL,COAL,2879.6648272811044,5183
2019-12-31T19:00:00Z,DUAL FUEL,DUAL FUEL,187.1184620051914,540
2019-12-31T19:00:00Z,GAS,COGENERATION,3917.826764348058,5043
2019-12-31T19:00:00Z,GAS,COMBINED CYCLE,1528.8876762051052,1748
2019-12-31T19:00:00Z,GAS,SIMPLE CYCLE,124.88585796299907,905
2019-12-31T19:00:00Z,HYDRO,HYDRO,162.23103838125866,894
2019-12-31T19:00:00Z,OTHER,BIOMASS,116.01279009819031,154
2019-12-31T19:00:00Z,OTHER,GAS COGEN,30.09630683951908,58
2019-12-31T19:00:00Z,OTHER,OIL/GAS,37.77501025305854,53
2019-12-31T19:00:00Z,OTHER,WOOD/REFUSE,77.91278546041913,158
2019-12-31T19:00:00Z,SOLAR,SOLAR,3.779333245820469,15
2019-12-31T19:00:00Z,WIND,WIND,1240.0403482903375,1781
2019-12-31T20:00:00Z,COAL,COAL,2830.4063078668382,5183
2019-12-31T20:00:00Z,DUAL FUEL,DUAL FUEL,187.78569814682007,540
2019-12-31T20:00:00Z,GAS,COGENERATION,3910.272080197773,5043
2019-12-31T20:00:00Z,GAS,COMBINED CYCLE,1528.4966935390896,1748
2019-12-31T20:00:00Z,GAS,SIMPLE CYCLE,122.69296652292212,905
2019-12-31T20:00:00Z,HYDRO,HYDRO,199.16178265018596,894
2019-12-31T20:00:00Z,OTHER,BIOMASS,115.93559575451745,154
2019-12-31T20:00:00Z,OTHER,GAS COGEN,30.004226778348283,58
2019-12-31T20:00:00Z,OTHER,OIL/GAS,35.33224402109782,53
2019-12-31T20:00:00Z,OTHER,WOOD/REFUSE,77.59608842425877,158
2019-12-31T20:00:00Z,SOLAR,SOLAR,1.991499972873264,15
2019-12-31T20:00:00Z,WIND,WIND,1216.8332860424782,1781
2019-12-31T21:00:00Z,COAL,COAL,2857.75519987954,5183
2019-12-31T21:00:00Z,DUAL FUEL,DUAL FUEL,187.67571158091226,540
2019-12-31T21:00:00Z,GAS,COGENERATION,3903.0747023003632,5043
2019-12-31T21:00:00Z,GAS,COMBINED CYCLE,1526.672505707211,1748
2019-12-31T21:00:00Z,GAS,SIMPLE CYCLE,102.65201280081438,905
2019-12-31T21:00:00Z,HYDRO,HYDRO,189.69614797112015,894
2019-12-31T21:00:00Z,OTHER,BIOMASS,117.09539479520586,154
2019-12-31T21:00:00Z,OTHER,GAS COGEN,29.781329613261754,58
2019-12-31T21:00:00Z,OTHER,OIL/GAS,37.13265429390801,53
2019-12-31T21:00:00Z,OTHER,WOOD/REFUSE,77.80810918410619,158
2019-12-31T21:00:00Z,SOLAR,SOLAR,1.5749999330441158,15
2019-12-31T21:00:00Z,WIND,WIND,1153.6107532227536,1781
2019-12-31T22:00:00Z,COAL,COAL,2853.596164018843,5183
2019-12-31T22:00:00Z,DUAL FUEL,DUAL FUEL,186.80353056165907,540
2019-12-31T22:00:00Z,GAS,COGENERATION,3902.864860712157,5043
2019-12-31T22:00:00Z,GAS,COMBINED CYCLE,1525.0036898930866,1748
2019-12-31T22:00:00Z,GAS,SIMPLE CYCLE,82.63479768594107,905
2019-12-31T22:00:00Z,HYDRO,HYDRO,216.66596214724913,894
2019-12-31T22:00:00Z,OTHER,BIOMASS,120.23298952102662,154
2019-12-31T22:00:00Z,OTHER,GAS COGEN,30.13763974401686,58
2019-12-31T22:00:00Z,OTHER,OIL/GAS,37.01930493248834,53
2019-12-31T22:00:00Z,OTHER,WOOD/REFUSE,77.57763090054193,158
2019-12-31T22:00:00Z,SOLAR,SOLAR,0.5513333056867122,15
2019-12-31T22:00:00Z,WIND,WIND,1182.5725839199954,1781
2019-12-31T23:00:00Z,COAL,COAL,2976.095982920329,5183
2019-12-31T23:00:00Z,DUAL FUEL,DUAL FUEL,186.03943624284534,540
2019-12-31T23:00:00Z,GAS,COGENERATION,3910.091294881834,5043
2019-12-31T23:00:00Z,GAS,COMBINED CYCLE,1532.222555712594,1748
2019-12-31T23:00:00Z,GAS,SIMPLE CYCLE,82.35827645256288,905
2019-12-31T23:00:00Z,HYDRO,HYDRO,257.32797306501203,894
2019-12-31T23:00:00Z,OTHER,BIOMASS,119.09811224089728,154
2019-12-31T23:00:00Z,OTHER,GAS COGEN,30.133063828150426,58
2019-12-31T23:00:00Z,OTHER,OIL/GAS,36.88094945695665,53
2019-12-31T23:00:00Z,OTHER,WOOD/REFUSE,77.11156305975385,158
2019-12-31T23:00:00Z,SOLAR,SOLAR,0,15
2019-12-31T23:00:00Z,WIND,WIND,1223.095057879024,1781
2020-01-01T00:00:00Z,COAL,COAL,3294.7787742148507,5183
2020-01-01T00:00:00Z,DUAL FUEL,DUAL FUEL,185.99941220813326,540
2020-01-01T00:00:00Z,GAS,COGENERATION,3903.479111619923,5043
2020-01-01T00:00:00Z,GAS,COMBINED CYCLE,1444.09968199518,1748
2020-01-01T00:00:00Z,GAS,SIMPLE CYCLE,80.68614436752266,905
2020-01-01T00:00:00Z,HYDRO,HYDRO,310.11025975965794,894
2020-01-01T00:00:00Z,OTHER,BIOMASS,118.15510623931885,154
2020-01-01T00:00:00Z,OTHER,GAS COGEN,30.296042522324456,58
2020-01-01T00:00:00Z,OTHER,OIL/GAS,37.02157687928941,53
2020-01-01T00:00:00Z,OTHER,WOOD/REFUSE,76.65097809314727,158
2020-01-01T00:00:00Z,SOLAR,SOLAR,0,15
2020-01-01T00:00:00Z,WIND,WIND,1110.0224814321432,1781
2020-01-01T01:00:00Z,COAL,COAL,3158.115678833856,5183
2020-01-01T01:00:00Z,DUAL FUEL,DUAL FUEL,186.87169296476577,540
2020-01-01T01:00:00Z,GAS,COGENERATION,3900.9690614128112,5043
2020-01-01T01:00:00Z,GAS,COMBINED CYCLE,1507.8038020504846,1748
2020-01-01T01:00:00Z,GAS,SIMPLE CYCLE,80.64199771275123,905
2020-01-01T01:00:00Z,HYDRO,HYDRO,220.6000661746661,894
2020-01-01T01:00:00Z,OTHER,BIOMASS,119.17133353922102,154
2020-01-01T01:00:00Z,OTHER,GAS COGEN,28.821549541685314,58
2020-01-01T01:00:00Z,OTHER,OIL/GAS,36.85696632597182,53
2020-01-01T01:00:00Z,OTHER,WOOD/REFUSE,76.58411171224382,158
2020-01-01T01:00:00Z,SOLAR,SOLAR,0,15
2020-01-01T01:00:00Z,WIND,WIND,1060.241713903033,1781
2020-01-01T02:00:00Z,COAL,COAL,2886.41494790607,5183
2020-01-01T02:00:00Z,DUAL FUEL,DUAL FUEL,186.40048289828832,540
2020-01-01T02:00:00Z,GAS,COGENERATION,3903.3983383617137,5043
2020-01-01T02:00:00Z,GAS,COMBINED CYCLE,1524.8097091960908,1748
2020-01-01T02:00:00Z,GAS,SIMPLE CYCLE,82.96285913033617,905
2020-01-01T02:00:00Z,HYDRO,HYDRO,208.59646327015423,894
2020-01-01T02:00:00Z,OTHER,BIOMASS,117.37866762214236,154
2020-01-01T02:00:00Z,OTHER,GAS COGEN,29.633424135843914,58
2020-01-01T02:00:00Z,OTHER,OIL/GAS,36.46031041463216,53
2020-01-01T02:00:00Z,OTHER,WOOD/REFUSE,77.12740254508125,158
2020-01-01T02:00:00Z,SOLAR,SOLAR,0,15
2020-01-01T02:00:00Z,WIND,WIND,1133.9972479263279,1781
2020-01-01T03:00:00Z,COAL,COAL,2670.1648264397513,5183
2020-01-01T03:00:00Z,DUAL FUEL,DUAL FUEL,185.4081235016717,540
2020-01-01T03:00:00Z,GAS,COGENERATION,3910.8636439263655,5043
2020-01-01T03:00:00Z,GAS,COMBINED CYCLE,1468.6512263029151,1748
2020-01-01T03:00:00Z,GAS,SIMPLE CYCLE,83.66382038381364,905
2020-01-01T03:00:00Z,HYDRO,HYDRO,217.58143622958,894
2020-01-01T03:00:00Z,OTHER,BIOMASS,117.8121387916141,154
2020-01-01T03:00:00Z,OTHER,GAS COGEN,30.118556977378,58
2020-01-01T03:00:00Z,OTHER,OIL/GAS,35.79946046829224,53
2020-01-01T03:00:00Z,OTHER,WOOD/REFUSE,77.64958305835724,158
2020-01-01T03:00:00Z,SOLAR,SOLAR,0,15
2020-01-01T03:00:00Z,WIND,WIND,1197.6889067481954,1781
2020-01-01T04:00:00Z,COAL,COAL,2641.1385714085895,5183
2020-01-01T04:00:00Z,DUAL FUEL,DUAL FUEL,186.8399501291911,540
2020-01-01T04:00:00Z,GAS,COGENERATION,3900.3077844419745,5043
2020-01-01T04:00:00Z,GAS,COMBINED CYCLE,1377.265608227518,1748
2020-01-01T04:00:00Z,GAS,SIMPLE CYCLE,75.91688001169099,905
2020-01-01T04:00:00Z,HYDRO,HYDRO,192.60580092397,894
2020-01-01T04:00:00Z,OTHER,BIOMASS,119.92801265822516,154
2020-01-01T04:00:00Z,OTHER,GAS COGEN,29.96860929489136,58
2020-01-01T04:00:00Z,OTHER,OIL/GAS,36.6677047390408,53
2020-01-01T04:00:00Z,OTHER,WOOD/REFUSE,77.2387254442109,158
2020-01-01T04:00:00Z,SOLAR,SOLAR,0,15
2020-01-01T04:00:00Z,WIND,WIND,1197.578915229059,1781
2020-01-01T05:00:00Z,COAL,COAL,2551.117225223117,5183
2020-01-01T05:00:00Z,DUAL FUEL,DUAL FUEL,186.6671488401625,540
2020-01-01T05:00:00Z,GAS,COGENERATION,3901.1339211822883,5043
2020-01-01T05:00:00Z,GAS,COMBINED CYCLE,1357.7139039794604,1748
2020-01-01T05:00:00Z,GAS,SIMPLE CYCLE,74.83202596028646,905
2020-01-01T05:00:00Z,HYDRO,HYDRO,192.42299018588332,894
2020-01-01T05:00:00Z,OTHER,BIOMASS,117.74470196353064,154
2020-01-01T05:00:00Z,OTHER,GAS COGEN,29.287838954925537,58
2020-01-01T05:00:00Z,OTHER,OIL/GAS,36.371366369459366,53
2020-01-01T05:00:00Z,OTHER,WOOD/REFUSE,78.52583292325338,158
2020-01-01T05:00:00Z,SOLAR,SOLAR,0,15
2020-01-01T05:00:00Z,WIND,WIND,1096.456576447487,1781
2020-01-01T06:00:00Z,COAL,COAL,2560.5835452355277,5183
2020-01-01T06:00:00Z,DUAL FUEL,DUAL FUEL,186.32051700168185,540
2020-01-01T06:00:00Z,GAS,COGENERATION,3900.314098957512,5043
2020-01-01T06:00:00Z,GAS,COMBINED CYCLE,1312.0709937969843,1748
2020-01-01T06:00:00Z,GAS,SIMPLE CYCLE,75.02874733924865,905
2020-01-01T06:00:00Z,HYDRO,HYDRO,172.3835794199672,894
2020-01-01T06:00:00Z,OTHER,BIOMASS,117.77156806257037,154
2020-01-01T06:00:00Z,OTHER,GAS COGEN,27.984934453964232,58
2020-01-01T06:00:00Z,OTHER,OIL/GAS,36.42742734273275,53
2020-01-01T06:00:00Z,OTHER,WOOD/REFUSE,80.79060163259507,158
2020-01-01T06:00:00Z,SOLAR,SOLAR,0,15
2020-01-01T06:00:00Z,WIND,WIND,1030.9627432625741,1781
