begin_datetime_utc,fuel_type,sub_fuel_type,net_generation_mw,max_capability_mw
2026-09-01T06:00:00Z,ENERGY STORAGE,ENERGY STORAGE,-5.493722226553493,270
2026-09-01T06:00:00Z,GAS,COGENERATION,4342.707618754573,6122
2026-09-01T06:00:00Z,GAS,COMBINED CYCLE,2690.2553158256082,3974
2026-09-01T06:00:00Z,GAS,GAS FIRED STEAM,813.5742111114661,3078
2026-09-01T06:00:00Z,GAS,SIMPLE CYCLE,76.19338810655806,1014
2026-09-01T06:00:00Z,HYDRO,HYDRO,137.49614872854616,896
2026-09-01T06:00:00Z,OTHER,BIOMASS,106.9771088912752,195
2026-09-01T06:00:00Z,OTHER,COMPOSITE,0,20
2026-09-01T06:00:00Z,OTHER,GAS,2.0999510288238525,10
2026-09-01T06:00:00Z,OTHER,GAS COGEN,41.66249044895172,58
2026-09-01T06:00:00Z,OTHER,OIL/GAS,0,53
2026-09-01T06:00:00Z,OTHER,WOOD/REFUSE,86.46483365959591,149
2026-09-01T06:00:00Z,SOLAR,SOLAR,0.3861111155814595,1892
2026-09-01T06:00:00Z,WIND,WIND,1295.7142123603157,5684
2026-09-01T07:00:00Z,ENERGY STORAGE,ENERGY STORAGE,-10.879666657282247,270
2026-09-01T07:00:00Z,GAS,COGENERATION,4249.651142604815,6122
2026-09-01T07:00:00Z,GAS,COMBINED CYCLE,2511.855008325312,3974
2026-09-01T07:00:00Z,GAS,GAS FIRED STEAM,748.7350977084371,3078
2026-09-01T07:00:00Z,GAS,SIMPLE CYCLE,72.27783244821761,1014
2026-09-01T07:00:00Z,HYDRO,HYDRO,133.37351437475948,896
2026-09-01T07:00:00Z,OTHER,BIOMASS,108.30672022395663,195
2026-09-01T07:00:00Z,OTHER,COMPOSITE,0,20
2026-09-01T07:00:00Z,OTHER,GAS,2.0999510288238525,10
2026-09-01T07:00:00Z,OTHER,GAS COGEN,41.68087120585971,58
2026-09-01T07:00:00Z,OTHER,OIL/GAS,0,53
2026-09-01T07:00:00Z,OTHER,WOOD/REFUSE,79.62183463891348,149
2026-09-01T07:00:00Z,SOLAR,SOLAR,0.5186111155814594,1892
2026-09-01T07:00:00Z,WIND,WIND,1506.6205887753267,5684
2026-09-01T08:00:00Z,ENERGY STORAGE,ENERGY STORAGE,-4.516611099176937,270
2026-09-01T08:00:00Z,GAS,COGENERATION,4199.156715094646,6122
2026-09-01T08:00:00Z,GAS,COMBINED CYCLE,2408.3982276593315,3974
2026-09-01T08:00:00Z,GAS,GAS FIRED STEAM,737.9090980201298,3078
2026-09-01T08:00:00Z,GAS,SIMPLE CYCLE,72.77299874146779,1014
2026-09-01T08:00:00Z,HYDRO,HYDRO,145.52835370024044,896
2026-09-01T08:00:00Z,OTHER,BIOMASS,109.59410951720344,195
2026-09-01T08:00:00Z,OTHER,COMPOSITE,0,20
2026-09-01T08:00:00Z,OTHER,GAS,2.0999510288238525,10
2026-09-01T08:00:00Z,OTHER,GAS COGEN,41.71596140967475,58
2026-09-01T08:00:00Z,OTHER,OIL/GAS,0,53
2026-09-01T08:00:00Z,OTHER,WOOD/REFUSE,75.87889594011835,149
2026-09-01T08:00:00Z,SOLAR,SOLAR,0.30000000447034836,1892
2026-09-01T08:00:00Z,WIND,WIND,1557.8762281080874,5684
2026-09-01T09:00:00Z,ENERGY STORAGE,ENERGY STORAGE,-0.5388888768355051,270
2026-09-01T09:00:00Z,GAS,COGENERATION,4127.692937270535,6122
2026-09-01T09:00:00Z,GAS,COMBINED CYCLE,2199.5598195605808,3974
2026-09-01T09:00:00Z,GAS,GAS FIRED STEAM,738.484375943078,3078
2026-09-01T09:00:00Z,GAS,SIMPLE CYCLE,72.26460974799262,1014
2026-09-01T09:00:00Z,HYDRO,HYDRO,141.35168420235317,896
2026-09-01T09:00:00Z,OTHER,BIOMASS,109.40510939651065,195
2026-09-01T09:00:00Z,OTHER,COMPOSITE,0,20
2026-09-01T09:00:00Z,OTHER,GAS,2.0094510072469713,10
2026-09-01T09:00:00Z,OTHER,GAS COGEN,41.688070117102725,58
2026-09-01T09:00:00Z,OTHER,OIL/GAS,0,53
2026-09-01T09:00:00Z,OTHER,WOOD/REFUSE,75.82375154693922,149
2026-09-01T09:00:00Z,SOLAR,SOLAR,0.30000000447034836,1892
2026-09-01T09:00:00Z,WIND,WIND,1757.171666610125,5684
2026-09-01T10:00:00Z,ENERGY STORAGE,ENERGY STORAGE,-0.06649999272078276,270
2026-09-01T10:00:00Z,GAS,COGENERATION,4111.9461366752785,6122
2026-09-01T10:00:00Z,GAS,COMBINED CYCLE,1993.2376782647768,3974
2026-09-01T10:00:00Z,GAS,GAS FIRED STEAM,737.731209526062,3078
2026-09-01T10:00:00Z,GAS,SIMPLE CYCLE,72.4599993525611,1014
2026-09-01T10:00:00Z,HYDRO,HYDRO,132.63431958867443,896
2026-09-01T10:00:00Z,OTHER,BIOMASS,107.3837760538525,195
2026-09-01T10:00:00Z,OTHER,COMPOSITE,0,20
2026-09-01T10:00:00Z,OTHER,GAS,1.9999510049819944,10
2026-09-01T10:00:00Z,OTHER,GAS COGEN,41.71800512949626,58
2026-09-01T10:00:00Z,OTHER,OIL/GAS,0,53
2026-09-01T10:00:00Z,OTHER,WOOD/REFUSE,75.45451092998188,149
2026-09-01T10:00:00Z,SOLAR,SOLAR,0.30000000447034836,1892
2026-09-01T10:00:00Z,WIND,WIND,2009.3981581353644,5684
2026-09-01T11:00:00Z,ENERGY STORAGE,ENERGY STORAGE,0.06844444546434615,270
2026-09-01T11:00:00Z,GAS,COGENERATION,4107.798842500978,6122
2026-09-01T11:00:00Z,GAS,COMBINED CYCLE,1887.0224956610468,3974
2026-09-01T11:00:00Z,GAS,GAS FIRED STEAM,738.7338200561205,3078
2026-09-01T11:00:00Z,GAS,SIMPLE CYCLE,73.438777112431,1014
2026-09-01T11:00:00Z,HYDRO,HYDRO,164.769695507288,896
2026-09-01T11:00:00Z,OTHER,BIOMASS,105.34783138963911,195
2026-09-01T11:00:00Z,OTHER,COMPOSITE,0,20
2026-09-01T11:00:00Z,OTHER,GAS,1.9999510049819944,10
2026-09-01T11:00:00Z,OTHER,GAS COGEN,41.867645299699575,58
2026-09-01T11:00:00Z,OTHER,OIL/GAS,0,53
2026-09-01T11:00:00Z,OTHER,WOOD/REFUSE,75.07094411677785,149
2026-09-01T11:00:00Z,SOLAR,SOLAR,0.30000000447034836,1892
2026-09-01T11:00:00Z,WIND,WIND,2212.554065685537,5684
2026-09-01T12:00:00Z,ENERGY STORAGE,ENERGY STORAGE,-0.20000000298023224,270
2026-09-01T12:00:00Z,GAS,COGENERATION,4143.0919754778015,6122
2026-09-01T12:00:00Z,GAS,COMBINED CYCLE,2071.761507496569,3974
2026-09-01T12:00:00Z,GAS,GAS FIRED STEAM,740.7328772947524,3078
2026-09-01T12:00:00Z,GAS,SIMPLE CYCLE,73.97261006593703,1014
2026-09-01T12:00:00Z,HYDRO,HYDRO,178.34974770241314,896
2026-09-01T12:00:00Z,OTHER,BIOMASS,109.17838651974995,195
2026-09-01T12:00:00Z,OTHER,COMPOSITE,0,20
2026-09-01T12:00:00Z,OTHER,GAS,1.9999510049819944,10
2026-09-01T12:00:00Z,OTHER,GAS COGEN,41.902950802909004,58
2026-09-01T12:00:00Z,OTHER,OIL/GAS,0,53
2026-09-01T12:00:00Z,OTHER,WOOD/REFUSE,75.27058593551317,149
2026-09-01T12:00:00Z,SOLAR,SOLAR,2.4973333369857738,1892
2026-09-01T12:00:00Z,WIND,WIND,2321.733174485548,5684
2026-09-01T13:00:00Z,ENERGY STORAGE,ENERGY STORAGE,-0.0696666677047809,270
2026-09-01T13:00:00Z,GAS,COGENERATION,4151.137118318876,6122
2026-09-01T13:00:00Z,GAS,COMBINED CYCLE,2293.7190868814787,3974
2026-09-01T13:00:00Z,GAS,GAS FIRED STEAM,739.1645984882779,3078
2026-09-01T13:00:00Z,GAS,SIMPLE CYCLE,85.17638745413886,1014
2026-09-01T13:00:00Z,HYDRO,HYDRO,251.49062758061618,896
2026-09-01T13:00:00Z,OTHER,BIOMASS,112.12060899628533,195
2026-09-01T13:00:00Z,OTHER,COMPOSITE,0,20
2026-09-01T13:00:00Z,OTHER,GAS,1.9999510049819944,10
2026-09-01T13:00:00Z,OTHER,GAS COGEN,41.96253442764282,58
2026-09-01T13:00:00Z,OTHER,OIL/GAS,0,53
2026-09-01T13:00:00Z,OTHER,WOOD/REFUSE,74.79478578805923,149
2026-09-01T13:00:00Z,SOLAR,SOLAR,191.28064644307727,1892
2026-09-01T13:00:00Z,WIND,WIND,2116.860506695215,5684
2026-09-01T14:00:00Z,ENERGY STORAGE,ENERGY STORAGE,0.10000000149011612,270
2026-09-01T14:00:00Z,GAS,COGENERATION,4055.7851293188996,6122
2026-09-01T14:00:00Z,GAS,COMBINED CYCLE,2433.7023132911654,3974
2026-09-01T14:00:00Z,GAS,GAS FIRED STEAM,739.7002082031303,3078
2026-09-01T14:00:00Z,GAS,SIMPLE CYCLE,81.43894329918757,1014
2026-09-01T14:00:00Z,HYDRO,HYDRO,194.37467011956707,896
2026-09-01T14:00:00Z,OTHER,BIOMASS,115.65549728022681,195
2026-09-01T14:00:00Z,OTHER,COMPOSITE,0,20
2026-09-01T14:00:00Z,OTHER,GAS,1.9999510049819944,10
2026-09-01T14:00:00Z,OTHER,GAS COGEN,42.07236917707655,58
2026-09-01T14:00:00Z,OTHER,OIL/GAS,0,53
2026-09-01T14:00:00Z,OTHER,WOOD/REFUSE,74.8016276453601,149
2026-09-01T14:00:00Z,SOLAR,SOLAR,741.8650561411845,1892
2026-09-01T14:00:00Z,WIND,WIND,1751.9517911477883,5684
2026-09-01T15:00:00Z,ENERGY STORAGE,ENERGY STORAGE,0.10311111264758639,270
2026-09-01T15:00:00Z,GAS,COGENERATION,4065.116403400898,6122
2026-09-01T15:00:00Z,GAS,COMBINED CYCLE,2570.464873421192,3974
2026-09-01T15:00:00Z,GAS,GAS FIRED STEAM,760.6669320350223,3078
2026-09-01T15:00:00Z,GAS,SIMPLE CYCLE,88.9086560461753,1014
2026-09-01T15:00:00Z,HYDRO,HYDRO,218.4093436725603,896
2026-09-01T15:00:00Z,OTHER,BIOMASS,115.91610823207431,195
2026-09-01T15:00:00Z,OTHER,COMPOSITE,0,20
2026-09-01T15:00:00Z,OTHER,GAS,1.9999510049819944,10
2026-09-01T15:00:00Z,OTHER,GAS COGEN,41.93299363242255,58
2026-09-01T15:00:00Z,OTHER,OIL/GAS,0,53
2026-09-01T15:00:00Z,OTHER,WOOD/REFUSE,74.05187513046795,149
2026-09-01T15:00:00Z,SOLAR,SOLAR,1254.8607182610365,1892
2026-09-01T15:00:00Z,WIND,WIND,1166.8769482722505,5684
2026-09-01T16:00:00Z,ENERGY STORAGE,ENERGY STORAGE,0.1002222237156497,270
2026-09-01T16:00:00Z,GAS,COGENERATION,4090.677909090519,6122
2026-09-01T16:00:00Z,GAS,COMBINED CYCLE,2778.6527713804776,3974
2026-09-01T16:00:00Z,GAS,GAS FIRED STEAM,838.5037648126814,3078
2026-09-01T16:00:00Z,GAS,SIMPLE CYCLE,84.68336240457164,1014
2026-09-01T16:00:00Z,HYDRO,HYDRO,160.121169053581,896
2026-09-01T16:00:00Z,OTHER,BIOMASS,110.98027525583903,195
2026-09-01T16:00:00Z,OTHER,COMPOSITE,0,20
2026-09-01T16:00:00Z,OTHER,GAS,1.9999510049819944,10
2026-09-01T16:00:00Z,OTHER,GAS COGEN,41.50691179222531,58
2026-09-01T16:00:00Z,OTHER,OIL/GAS,0,53
2026-09-01T16:00:00Z,OTHER,WOOD/REFUSE,72.40267307506667,149
2026-09-01T16:00:00Z,SOLAR,SOLAR,1469.9408553828134,1892
2026-09-01T16:00:00Z,WIND,WIND,857.8207440326073,5684
2026-09-01T17:00:00Z,ENERGY STORAGE,ENERGY STORAGE,0.03022222267256843,270
2026-09-01T17:00:00Z,GAS,COGENERATION,4047.557333976891,6122
2026-09-01T17:00:00Z,GAS,COMBINED CYCLE,2716.403356935978,3974
2026-09-01T17:00:00Z,GAS,GAS FIRED STEAM,835.4778763357798,3078
2026-09-01T17:00:00Z,GAS,SIMPLE CYCLE,82.71469850106372,1014
2026-09-01T17:00:00Z,HYDRO,HYDRO,163.92431177990304,896
2026-09-01T17:00:00Z,OTHER,BIOMASS,109.36433144781324,195
2026-09-01T17:00:00Z,OTHER,COMPOSITE,0,20
2026-09-01T17:00:00Z,OTHER,GAS,1.9999510049819944,10
2026-09-01T17:00:00Z,OTHER,GAS COGEN,41.13921847025553,58
2026-09-01T17:00:00Z,OTHER,OIL/GAS,0,53
2026-09-01T17:00:00Z,OTHER,WOOD/REFUSE,73.00068631887436,149
2026-09-01T17:00:00Z,SOLAR,SOLAR,1487.1834478107758,1892
2026-09-01T17:00:00Z,WIND,WIND,1023.7034519717924,5684
2026-09-01T18:00:00Z,ENERGY STORAGE,ENERGY STORAGE,0.0609999997417132,270
2026-09-01T18:00:00Z,GAS,COGENERATION,4048.517680099441,6122
2026-09-01T18:00:00Z,GAS,COMBINED CYCLE,2749.593530684312,3974
2026-09-01T18:00:00Z,GAS,GAS FIRED STEAM,841.5493207327526,3078
2026-09-01T18:00:00Z,GAS,SIMPLE CYCLE,86.37888710869683,1014
2026-09-01T18:00:00Z,HYDRO,HYDRO,222.42521612640883,896
2026-09-01T18:00:00Z,OTHER,BIOMASS,110.38377615292868,195
2026-09-01T18:00:00Z,OTHER,COMPOSITE,0,20
2026-09-01T18:00:00Z,OTHER,GAS,1.9999510049819944,10
2026-09-01T18:00:00Z,OTHER,GAS COGEN,41.07505433188544,58
2026-09-01T18:00:00Z,OTHER,OIL/GAS,0,53
2026-09-01T18:00:00Z,OTHER,WOOD/REFUSE,74.28753663725323,149
2026-09-01T18:00:00Z,SOLAR,SOLAR,1426.6567580048575,1892
2026-09-01T18:00:00Z,WIND,WIND,1200.6093321401004,5684
2026-09-01T19:00:00Z,ENERGY STORAGE,ENERGY STORAGE,0.10222222374545203,270
2026-09-01T19:00:00Z,GAS,COGENERATION,4021.4842016250554,6122
2026-09-01T19:00:00Z,GAS,COMBINED CYCLE,2866.8216544699667,3974
2026-09-01T19:00:00Z,GAS,GAS FIRED STEAM,839.1524319850074,3078
2026-09-01T19:00:00Z,GAS,SIMPLE CYCLE,85.34208924892876,1014
2026-09-01T19:00:00Z,HYDRO,HYDRO,202.57642494327493,896
2026-09-01T19:00:00Z,OTHER,BIOMASS,105.09794215361276,195
2026-09-01T19:00:00Z,OTHER,COMPOSITE,0,20
2026-09-01T19:00:00Z,OTHER,GAS,1.9999510049819944,10
2026-09-01T19:00:00Z,OTHER,GAS COGEN,39.527440350850426,58
2026-09-01T19:00:00Z,OTHER,OIL/GAS,0,53
2026-09-01T19:00:00Z,OTHER,WOOD/REFUSE,73.69084951665666,149
2026-09-01T19:00:00Z,SOLAR,SOLAR,1456.0583473115498,1892
2026-09-01T19:00:00Z,WIND,WIND,1202.928432334885,5684
2026-09-01T20:00:00Z,ENERGY STORAGE,ENERGY STORAGE,0.11377777922484608,270
2026-09-01T20:00:00Z,GAS,COGENERATION,4030.7651196272504,6122
2026-09-01T20:00:00Z,GAS,COMBINED CYCLE,2902.858574528959,3974
2026-09-01T20:00:00Z,GAS,GAS FIRED STEAM,881.5789873197343,3078
2026-09-01T20:00:00Z,GAS,SIMPLE CYCLE,85.208247228695285,1014
2026-09-01T20:00:00Z,HYDRO,HYDRO,195.84106780582005,896
2026-09-01T20:00:00Z,OTHER,BIOMASS,103.81133146233029,195
2026-09-01T20:00:00Z,OTHER,COMPOSITE,0,20
2026-09-01T20:00:00Z,OTHER,GAS,1.9999510049819944,10
2026-09-01T20:00:00Z,OTHER,GAS COGEN,39.85628785875109,58
2026-09-01T20:00:00Z,OTHER,OIL/GAS,0,53
2026-09-01T20:00:00Z,OTHER,WOOD/REFUSE,74.73780619025231,149
2026-09-01T20:00:00Z,SOLAR,SOLAR,1554.454573602908,1892
2026-09-01T20:00:00Z,WIND,WIND,1239.0668050476536,5684
2026-09-01T21:00:00Z,ENERGY STORAGE,ENERGY STORAGE,0.24894444490472478,270
2026-09-01T21:00:00Z,GAS,COGENERATION,4046.1391179826855,6122
2026-09-01T21:00:00Z,GAS,COMBINED CYCLE,2940.7771218572725,3974
2026-09-01T21:00:00Z,GAS,GAS FIRED STEAM,885.9847068214417,3078
2026-09-01T21:00:00Z,GAS,SIMPLE CYCLE,138.02497227450212,1014
2026-09-01T21:00:00Z,HYDRO,HYDRO,252.95544754452175,896
2026-09-01T21:00:00Z,OTHER,BIOMASS,108.8492198315594,195
2026-09-01T21:00:00Z,OTHER,COMPOSITE,0,20
2026-09-01T21:00:00Z,OTHER,GAS,1.9999510049819944,10
2026-09-01T21:00:00Z,OTHER,GAS COGEN,39.89736060672337,58
2026-09-01T21:00:00Z,OTHER,OIL/GAS,0,53
2026-09-01T21:00:00Z,OTHER,WOOD/REFUSE,80.70067678372067,149
2026-09-01T21:00:00Z,SOLAR,SOLAR,1510.3188488731782,1892
2026-09-01T21:00:00Z,WIND,WIND,1154.8643460666638,5684
2026-09-01T22:00:00Z,ENERGY STORAGE,ENERGY STORAGE,0.12183333486318587,270
2026-09-01T22:00:00Z,GAS,COGENERATION,4082.275023006797,6122
2026-09-01T22:00:00Z,GAS,COMBINED CYCLE,2947.550273350345,3974
2026-09-01T22:00:00Z,GAS,GAS FIRED STEAM,1036.4134837532044,3078
2026-09-01T22:00:00Z,GAS,SIMPLE CYCLE,189.8843498207132,1014
2026-09-01T22:00:00Z,HYDRO,HYDRO,233.48861996081968,896
2026-09-01T22:00:00Z,OTHER,BIOMASS,107.00877615869045,195
2026-09-01T22:00:00Z,OTHER,COMPOSITE,0,20
2026-09-01T22:00:00Z,OTHER,GAS,1.9999510049819944,10
2026-09-01T22:00:00Z,OTHER,GAS COGEN,39.79610330210792,58
2026-09-01T22:00:00Z,OTHER,OIL/GAS,0,53
2026-09-01T22:00:00Z,OTHER,WOOD/REFUSE,82.87984427253406,149
2026-09-01T22:00:00Z,SOLAR,SOLAR,1483.9745830492013,1892
2026-09-01T22:00:00Z,WIND,WIND,1141.9386143468694,5684
2026-09-01T23:00:00Z,ENERGY STORAGE,ENERGY STORAGE,0.2037222241858641,270
2026-09-01T23:00:00Z,GAS,COGENERATION,4109.320756120615,6122
2026-09-01T23:00:00Z,GAS,COMBINED CYCLE,2979.1926166213884,3974
2026-09-01T23:00:00Z,GAS,GAS FIRED STEAM,933.1886522992452,3078
2026-09-01T23:00:00Z,GAS,SIMPLE CYCLE,342.0984585995807,1014
2026-09-01T23:00:00Z,HYDRO,HYDRO,406.95307000796,896
2026-09-01T23:00:00Z,OTHER,BIOMASS,114.33190356375442,195
2026-09-01T23:00:00Z,OTHER,COMPOSITE,0,20
2026-09-01T23:00:00Z,OTHER,GAS,1.9999510049819944,10
2026-09-01T23:00:00Z,OTHER,GAS COGEN,39.755429684321086,58
2026-09-01T23:00:00Z,OTHER,OIL/GAS,0,53
2026-09-01T23:00:00Z,OTHER,WOOD/REFUSE,87.12469291806221,149
2026-09-01T23:00:00Z,SOLAR,SOLAR,1286.1791353405847,1892
2026-09-01T23:00:00Z,WIND,WIND,1129.087137609799,5684
2026-09-02T00:00:00Z,ENERGY STORAGE,ENERGY STORAGE,0.2181666683902343,270
2026-09-02T00:00:00Z,GAS,COGENERATION,4142.646738404764,6122
2026-09-02T00:00:00Z,GAS,COMBINED CYCLE,3057.878201394346,3974
2026-09-02T00:00:00Z,GAS,GAS FIRED STEAM,936.6009289868672,3078
2026-09-02T00:00:00Z,GAS,SIMPLE CYCLE,637.1272454886304,1014
2026-09-02T00:00:00Z,HYDRO,HYDRO,419.0954890511185,896
2026-09-02T00:00:00Z,OTHER,BIOMASS,135.6342481365469,195
2026-09-02T00:00:00Z,OTHER,COMPOSITE,11.390832853085463,20
2026-09-02T00:00:00Z,OTHER,GAS,1.9999510049819944,10
2026-09-02T00:00:00Z,OTHER,GAS COGEN,39.98135836919148,58
2026-09-02T00:00:00Z,OTHER,OIL/GAS,0,53
2026-09-02T00:00:00Z,OTHER,WOOD/REFUSE,94.95541499349807,149
2026-09-02T00:00:00Z,SOLAR,SOLAR,623.2073833438919,1892
2026-09-02T00:00:00Z,WIND,WIND,1068.3475775053187,5684
2026-09-02T01:00:00Z,ENERGY STORAGE,ENERGY STORAGE,5.924944467809465,270
2026-09-02T01:00:00Z,GAS,COGENERATION,4173.687637460232,6122
2026-09-02T01:00:00Z,GAS,COMBINED CYCLE,3086.82250569476,3974
2026-09-02T01:00:00Z,GAS,GAS FIRED STEAM,958.1602623939514,3078
2026-09-02T01:00:00Z,GAS,SIMPLE CYCLE,636.7135795172055,1014
2026-09-02T01:00:00Z,HYDRO,HYDRO,454.67425201113025,896
2026-09-02T01:00:00Z,OTHER,BIOMASS,136.56749821278785,195
2026-09-02T01:00:00Z,OTHER,COMPOSITE,11.81422179751926,20
2026-09-02T01:00:00Z,OTHER,GAS,1.9063398715522557,10
2026-09-02T01:00:00Z,OTHER,GAS COGEN,40.22718423684438,58
2026-09-02T01:00:00Z,OTHER,OIL/GAS,0,53
2026-09-02T01:00:00Z,OTHER,WOOD/REFUSE,95.90753940290874,149
2026-09-02T01:00:00Z,SOLAR,SOLAR,163.30394157923757,1892
2026-09-02T01:00:00Z,WIND,WIND,1166.8496373819642,5684
2026-09-02T02:00:00Z,ENERGY STORAGE,ENERGY STORAGE,-0.36833332215746245,270
2026-09-02T02:00:00Z,GAS,COGENERATION,4196.099466181928,6122
2026-09-02T02:00:00Z,GAS,COMBINED CYCLE,3055.9805288089647,3974
2026-09-02T02:00:00Z,GAS,GAS FIRED STEAM,867.9060985035367,3078
2026-09-02T02:00:00Z,GAS,SIMPLE CYCLE,549.1265924568971,1014
2026-09-02T02:00:00Z,HYDRO,HYDRO,327.49319611041085,896
2026-09-02T02:00:00Z,OTHER,BIOMASS,137.99655343717998,195
2026-09-02T02:00:00Z,OTHER,COMPOSITE,10,20
2026-09-02T02:00:00Z,OTHER,GAS,1.8999509811401367,10
2026-09-02T02:00:00Z,OTHER,GAS COGEN,40.3673446003596,58
2026-09-02T02:00:00Z,OTHER,OIL/GAS,0,53
2026-09-02T02:00:00Z,OTHER,WOOD/REFUSE,94.83330379141702,149
2026-09-02T02:00:00Z,SOLAR,SOLAR,12.064166301505432,1892
2026-09-02T02:00:00Z,WIND,WIND,1535.173565250271,5684
2026-09-02T03:00:00Z,ENERGY STORAGE,ENERGY STORAGE,-0.45499999592701595,270
2026-09-02T03:00:00Z,GAS,COGENERATION,4151.124882346259,6122
2026-09-02T03:00:00Z,GAS,COMBINED CYCLE,2964.3036511360274,3974
2026-09-02T03:00:00Z,GAS,GAS FIRED STEAM,763.508933353424,3078
2026-09-02T03:00:00Z,GAS,SIMPLE CYCLE,172.06215936821368,1014
2026-09-02T03:00:00Z,HYDRO,HYDRO,220.16634181055758,896
2026-09-02T03:00:00Z,OTHER,BIOMASS,119.57192589829366,195
2026-09-02T03:00:00Z,OTHER,COMPOSITE,1.3856666657659742,20
2026-09-02T03:00:00Z,OTHER,GAS,1.8999509811401367,10
2026-09-02T03:00:00Z,OTHER,GAS COGEN,40.320846808751426,58
2026-09-02T03:00:00Z,OTHER,OIL/GAS,0,53
2026-09-02T03:00:00Z,OTHER,WOOD/REFUSE,82.65098073919614,149
2026-09-02T03:00:00Z,SOLAR,SOLAR,0.10000000149011612,1892
2026-09-02T03:00:00Z,WIND,WIND,2301.7570012133897,5684
2026-09-02T04:00:00Z,ENERGY STORAGE,ENERGY STORAGE,-0.10000000149011612,270
2026-09-02T04:00:00Z,GAS,COGENERATION,4002.0835167568257,6122
2026-09-02T04:00:00Z,GAS,COMBINED CYCLE,2556.8499129875504,3974
2026-09-02T04:00:00Z,GAS,GAS FIRED STEAM,600.5551570913527,3078
2026-09-02T04:00:00Z,GAS,SIMPLE CYCLE,173.07072010835012,1014
2026-09-02T04:00:00Z,HYDRO,HYDRO,221.16782309843435,896
2026-09-02T04:00:00Z,OTHER,BIOMASS,110.14771989583969,195
2026-09-02T04:00:00Z,OTHER,COMPOSITE,0,20
2026-09-02T04:00:00Z,OTHER,GAS,1.8999509811401367,10
2026-09-02T04:00:00Z,OTHER,GAS COGEN,40.64912312719557,58
2026-09-02T04:00:00Z,OTHER,OIL/GAS,0,53
2026-09-02T04:00:00Z,OTHER,WOOD/REFUSE,79.3046726193693,149
2026-09-02T04:00:00Z,SOLAR,SOLAR,0.10000000149011612,1892
2026-09-02T04:00:00Z,WIND,WIND,2567.7268378083904,5684
2026-09-02T05:00:00Z,ENERGY STORAGE,ENERGY STORAGE,-2.4642777508414455,270
2026-09-02T05:00:00Z,GAS,COGENERATION,3995.8784672415254,6122
2026-09-02T05:00:00Z,GAS,COMBINED CYCLE,2201.6757894068296,3974
2026-09-02T05:00:00Z,GAS,GAS FIRED STEAM,540.3184356689453,3078
2026-09-02T05:00:00Z,GAS,SIMPLE CYCLE,70.00661029842166,1014
2026-09-02T05:00:00Z,HYDRO,HYDRO,151.2673405951096,896
2026-09-02T05:00:00Z,OTHER,BIOMASS,106.14549833244747,195
2026-09-02T05:00:00Z,OTHER,COMPOSITE,0,20
2026-09-02T05:00:00Z,OTHER,GAS,1.8999509811401367,10
2026-09-02T05:00:00Z,OTHER,GAS COGEN,41.15386864344279,58
2026-09-02T05:00:00Z,OTHER,OIL/GAS,0,53
2026-09-02T05:00:00Z,OTHER,WOOD/REFUSE,76.68977321545283,149
2026-09-02T05:00:00Z,SOLAR,SOLAR,0.10000000149011612,1892
2026-09-02T05:00:00Z,WIND,WIND,2811.2477411340797,5684
2026-09-02T06:00:00Z,ENERGY STORAGE,ENERGY STORAGE,-9.878166571292612,270
2026-09-02T06:00:00Z,GAS,COGENERATION,3990.568341397312,6122
2026-09-02T06:00:00Z,GAS,COMBINED CYCLE,1786.8379379814862,3974
2026-09-02T06:00:00Z,GAS,GAS FIRED STEAM,418.0874914911058,3078
2026-09-02T06:00:00Z,GAS,SIMPLE CYCLE,84.7280550639497,1014
2026-09-02T06:00:00Z,HYDRO,HYDRO,113.15262552133865,896
2026-09-02T06:00:00Z,OTHER,BIOMASS,110.65310894224379,195
2026-09-02T06:00:00Z,OTHER,COMPOSITE,0,20
2026-09-02T06:00:00Z,OTHER,GAS,1.8999509811401367,10
2026-09-02T06:00:00Z,OTHER,GAS COGEN,41.221009412341644,58
2026-09-02T06:00:00Z,OTHER,OIL/GAS,0,53
2026-09-02T06:00:00Z,OTHER,WOOD/REFUSE,73.93084025965796,149
2026-09-02T06:00:00Z,SOLAR,SOLAR,0.10000000149011612,1892
2026-09-02T06:00:00Z,WIND,WIND,3177.2088927071954,5684
2026-09-02T07:00:00Z,ENERGY STORAGE,ENERGY STORAGE,-9.36122213009331,270
2026-09-02T07:00:00Z,GAS,COGENERATION,4037.3649049233068,6122
2026-09-02T07:00:00Z,GAS,COMBINED CYCLE,2036.6763545865483,3974
2026-09-02T07:00:00Z,GAS,GAS FIRED STEAM,326.2279389667511,3078
2026-09-02T07:00:00Z,GAS,SIMPLE CYCLE,85.74761029561361,1014
2026-09-02T07:00:00Z,HYDRO,HYDRO,147.22389768693182,896
2026-09-02T07:00:00Z,OTHER,BIOMASS,109.85533111254374,195
2026-09-02T07:00:00Z,OTHER,COMPOSITE,0,20
2026-09-02T07:00:00Z,OTHER,GAS,1.8999509811401367,10
2026-09-02T07:00:00Z,OTHER,GAS COGEN,41.22601321326362,58
2026-09-02T07:00:00Z,OTHER,OIL/GAS,0,53
2026-09-02T07:00:00Z,OTHER,WOOD/REFUSE,73.83734297249053,149
2026-09-02T07:00:00Z,SOLAR,SOLAR,0.10000000149011612,1892
2026-09-02T07:00:00Z,WIND,WIND,3182.4221761922704,5684
2026-09-02T08:00:00Z,ENERGY STORAGE,ENERGY STORAGE,-6.676555493805144,270
2026-09-02T08:00:00Z,GAS,COGENERATION,4048.951542974247,6122
2026-09-02T08:00:00Z,GAS,COMBINED CYCLE,2228.724539764987,3974
2026-09-02T08:00:00Z,GAS,GAS FIRED STEAM,324.59810580968855,3078
2026-09-02T08:00:00Z,GAS,SIMPLE CYCLE,66.45999964872996,1014
2026-09-02T08:00:00Z,HYDRO,HYDRO,167.5152980767356,896
2026-09-02T08:00:00Z,OTHER,BIOMASS,108.3466085047192,195
2026-09-02T08:00:00Z,OTHER,COMPOSITE,0,20
2026-09-02T08:00:00Z,OTHER,GAS,1.8999509811401367,10
2026-09-02T08:00:00Z,OTHER,GAS COGEN,40.528204948637224,58
2026-09-02T08:00:00Z,OTHER,OIL/GAS,0,53
2026-09-02T08:00:00Z,OTHER,WOOD/REFUSE,74.5476848660575,149
2026-09-02T08:00:00Z,SOLAR,SOLAR,0.10000000149011612,1892
2026-09-02T08:00:00Z,WIND,WIND,2830.9550748876068,5684
2026-09-02T09:00:00Z,ENERGY STORAGE,ENERGY STORAGE,-2.899999976158142,270
2026-09-02T09:00:00Z,GAS,COGENERATION,4051.7426073506144,6122
2026-09-02T09:00:00Z,GAS,COMBINED CYCLE,2129.4671915109952,3974
2026-09-02T09:00:00Z,GAS,GAS FIRED STEAM,323.6713285239538,3078
2026-09-02T09:00:00Z,GAS,SIMPLE CYCLE,66.19666584279801,1014
2026-09-02T09:00:00Z,HYDRO,HYDRO,165.52145451294052,896
2026-09-02T09:00:00Z,OTHER,BIOMASS,110.2951645591524,195
2026-09-02T09:00:00Z,OTHER,COMPOSITE,0,20
2026-09-02T09:00:00Z,OTHER,GAS,1.8999509811401367,10
2026-09-02T09:00:00Z,OTHER,GAS COGEN,40.29038586616516,58
2026-09-02T09:00:00Z,OTHER,OIL/GAS,0,53
2026-09-02T09:00:00Z,OTHER,WOOD/REFUSE,74.75735029776891,149
2026-09-02T09:00:00Z,SOLAR,SOLAR,0.10000000149011612,1892
2026-09-02T09:00:00Z,WIND,WIND,2638.8363954194715,5684
2026-09-02T10:00:00Z,ENERGY STORAGE,ENERGY STORAGE,-1.3552222181525497,270
2026-09-02T10:00:00Z,GAS,COGENERATION,4061.1011813305486,6122
2026-09-02T10:00:00Z,GAS,COMBINED CYCLE,2118.0761583489843,3974
2026-09-02T10:00:00Z,GAS,GAS FIRED STEAM,323.756938457489,3078
2026-09-02T10:00:00Z,GAS,SIMPLE CYCLE,66.34077706283993,1014
2026-09-02T10:00:00Z,HYDRO,HYDRO,135.5719255477521,896
2026-09-02T10:00:00Z,OTHER,BIOMASS,112.86566435337066,195
2026-09-02T10:00:00Z,OTHER,COMPOSITE,0,20
2026-09-02T10:00:00Z,OTHER,GAS,1.8999509811401367,10
2026-09-02T10:00:00Z,OTHER,GAS COGEN,40.48553515964084,58
2026-09-02T10:00:00Z,OTHER,OIL/GAS,0,53
2026-09-02T10:00:00Z,OTHER,WOOD/REFUSE,74.78090730932023,149
2026-09-02T10:00:00Z,SOLAR,SOLAR,0.10000000149011612,1892
2026-09-02T10:00:00Z,WIND,WIND,2618.8317530580694,5684
2026-09-02T11:00:00Z,ENERGY STORAGE,ENERGY STORAGE,0,270
2026-09-02T11:00:00Z,GAS,COGENERATION,4072.1566727685267,6122
2026-09-02T11:00:00Z,GAS,COMBINED CYCLE,2308.948703160551,3974
2026-09-02T11:00:00Z,GAS,GAS FIRED STEAM,323.7943283526103,3078
2026-09-02T11:00:00Z,GAS,SIMPLE CYCLE,66.30173280278842,1014
2026-09-02T11:00:00Z,HYDRO,HYDRO,157.43867291874355,896
2026-09-02T11:00:00Z,OTHER,BIOMASS,113.92216458055708,195
2026-09-02T11:00:00Z,OTHER,COMPOSITE,0,20
2026-09-02T11:00:00Z,OTHER,GAS,1.8999509811401367,10
2026-09-02T11:00:00Z,OTHER,GAS COGEN,40.47727485603757,58
2026-09-02T11:00:00Z,OTHER,OIL/GAS,0,53
2026-09-02T11:00:00Z,OTHER,WOOD/REFUSE,74.12858377549384,149
2026-09-02T11:00:00Z,SOLAR,SOLAR,0.10000000149011612,1892
2026-09-02T11:00:00Z,WIND,WIND,2480.806054329359,5684
2026-09-02T12:00:00Z,ENERGY STORAGE,ENERGY STORAGE,0,270
2026-09-02T12:00:00Z,GAS,COGENERATION,4174.187171395222,6122
2026-09-02T12:00:00Z,GAS,COMBINED CYCLE,2794.689737463792,3974
2026-09-02T12:00:00Z,GAS,GAS FIRED STEAM,410.966437209977,3078
2026-09-02T12:00:00Z,GAS,SIMPLE CYCLE,66.51833203925027,1014
2026-09-02T12:00:00Z,HYDRO,HYDRO,174.12392816053497,896
2026-09-02T12:00:00Z,OTHER,BIOMASS,116.15483155515459,195
2026-09-02T12:00:00Z,OTHER,COMPOSITE,0,20
2026-09-02T12:00:00Z,OTHER,GAS,1.8999509811401367,10
2026-09-02T12:00:00Z,OTHER,GAS COGEN,40.56926067405277,58
2026-09-02T12:00:00Z,OTHER,OIL/GAS,0,53
2026-09-02T12:00:00Z,OTHER,WOOD/REFUSE,73.91279582632913,149
2026-09-02T12:00:00Z,SOLAR,SOLAR,4.215999956942267,1892
2026-09-02T12:00:00Z,WIND,WIND,2173.201013281867,5684
2026-09-02T13:00:00Z,ENERGY STORAGE,ENERGY STORAGE,0,270
2026-09-02T13:00:00Z,GAS,COGENERATION,4211.724096133908,6122
2026-09-02T13:00:00Z,GAS,COMBINED CYCLE,2961.9676964068412,3974
2026-09-02T13:00:00Z,GAS,GAS FIRED STEAM,590.8236002604167,3078
2026-09-02T13:00:00Z,GAS,SIMPLE CYCLE,96.24855312471588,1014
2026-09-02T13:00:00Z,HYDRO,HYDRO,155.54358364131716,896
2026-09-02T13:00:00Z,OTHER,BIOMASS,113.4204425266054,195
2026-09-02T13:00:00Z,OTHER,COMPOSITE,0,20
2026-09-02T13:00:00Z,OTHER,GAS,1.8999509811401367,10
2026-09-02T13:00:00Z,OTHER,GAS COGEN,40.45471922344632,58
2026-09-02T13:00:00Z,OTHER,OIL/GAS,0,53
2026-09-02T13:00:00Z,OTHER,WOOD/REFUSE,73.39076622737778,149
2026-09-02T13:00:00Z,SOLAR,SOLAR,174.12895937172902,1892
2026-09-02T13:00:00Z,WIND,WIND,1923.6095735230215,5684
2026-09-02T14:00:00Z,ENERGY STORAGE,ENERGY STORAGE,0,270
2026-09-02T14:00:00Z,GAS,COGENERATION,4184.302539521721,6122
2026-09-02T14:00:00Z,GAS,COMBINED CYCLE,2913.488371503684,3974
2026-09-02T14:00:00Z,GAS,GAS FIRED STEAM,806.5649851735433,3078
2026-09-02T14:00:00Z,GAS,SIMPLE CYCLE,191.1276118628846,1014
2026-09-02T14:00:00Z,HYDRO,HYDRO,275.0692224349247,896
2026-09-02T14:00:00Z,OTHER,BIOMASS,110.31260929849412,195
2026-09-02T14:00:00Z,OTHER,COMPOSITE,0,20
2026-09-02T14:00:00Z,OTHER,GAS,1.8999509811401367,10
2026-09-02T14:00:00Z,OTHER,GAS COGEN,40.54250445736779,58
2026-09-02T14:00:00Z,OTHER,OIL/GAS,0,53
2026-09-02T14:00:00Z,OTHER,WOOD/REFUSE,74.32066796845861,149
2026-09-02T14:00:00Z,SOLAR,SOLAR,468.62618029861403,1892
2026-09-02T14:00:00Z,WIND,WIND,1225.3102140925826,5684
2026-09-02T15:00:00Z,ENERGY STORAGE,ENERGY STORAGE,-12.886166691713862,270
2026-09-02T15:00:00Z,GAS,COGENERATION,4171.68028284404,6122
2026-09-02T15:00:00Z,GAS,COMBINED CYCLE,2900.7930528463257,3974
2026-09-02T15:00:00Z,GAS,GAS FIRED STEAM,1049.222375714514,3078
2026-09-02T15:00:00Z,GAS,SIMPLE CYCLE,296.92991343852543,1014
2026-09-02T15:00:00Z,HYDRO,HYDRO,387.780298744705,896
2026-09-02T15:00:00Z,OTHER,BIOMASS,119.74528741132882,195
2026-09-02T15:00:00Z,OTHER,COMPOSITE,0,20
2026-09-02T15:00:00Z,OTHER,GAS,1.8999509811401367,10
2026-09-02T15:00:00Z,OTHER,GAS COGEN,40.2960783041848,58
2026-09-02T15:00:00Z,OTHER,OIL/GAS,0,53
2026-09-02T15:00:00Z,OTHER,WOOD/REFUSE,90.0461843513118,149
2026-09-02T15:00:00Z,SOLAR,SOLAR,548.756349781851,1892
2026-09-02T15:00:00Z,WIND,WIND,721.4170203181646,5684
2026-09-02T16:00:00Z,ENERGY STORAGE,ENERGY STORAGE,-10.896666511462794,270
2026-09-02T16:00:00Z,GAS,COGENERATION,4151.441577642428,6122
2026-09-02T16:00:00Z,GAS,COMBINED CYCLE,2895.770932633347,3974
2026-09-02T16:00:00Z,GAS,GAS FIRED STEAM,1228.1270330736372,3078
2026-09-02T16:00:00Z,GAS,SIMPLE CYCLE,363.54495324434504,1014
2026-09-02T16:00:00Z,HYDRO,HYDRO,352.0845513681074,896
2026-09-02T16:00:00Z,OTHER,BIOMASS,127.12352085736062,195
2026-09-02T16:00:00Z,OTHER,COMPOSITE,0.07794444329208798,20
2026-09-02T16:00:00Z,OTHER,GAS,1.92328432003657,10
2026-09-02T16:00:00Z,OTHER,GAS COGEN,39.880469354523555,58
2026-09-02T16:00:00Z,OTHER,OIL/GAS,0,53
2026-09-02T16:00:00Z,OTHER,WOOD/REFUSE,90.89409904069372,149
2026-09-02T16:00:00Z,SOLAR,SOLAR,579.8513611681262,1892
2026-09-02T16:00:00Z,WIND,WIND,506.05208142883663,5684
2026-09-02T17:00:00Z,ENERGY STORAGE,ENERGY STORAGE,14.385388624005849,270
2026-09-02T17:00:00Z,GAS,COGENERATION,4117.104792217248,6122
2026-09-02T17:00:00Z,GAS,COMBINED CYCLE,2876.2235994680723,3974
2026-09-02T17:00:00Z,GAS,GAS FIRED STEAM,1315.9999251302083,3078
2026-09-02T17:00:00Z,GAS,SIMPLE CYCLE,354.2635332145956,1014
2026-09-02T17:00:00Z,HYDRO,HYDRO,313.9199068243967,896
2026-09-02T17:00:00Z,OTHER,BIOMASS,126.78549866252476,195
2026-09-02T17:00:00Z,OTHER,COMPOSITE,12.141610887315538,20
2026-09-02T17:00:00Z,OTHER,GAS,1.9999510049819944,10
2026-09-02T17:00:00Z,OTHER,GAS COGEN,39.81321187496185,58
2026-09-02T17:00:00Z,OTHER,OIL/GAS,0,53
2026-09-02T17:00:00Z,OTHER,WOOD/REFUSE,94.71100465801027,149
2026-09-02T17:00:00Z,SOLAR,SOLAR,606.769791519377,1892
2026-09-02T17:00:00Z,WIND,WIND,487.7581950724787,5684
2026-09-02T18:00:00Z,ENERGY STORAGE,ENERGY STORAGE,0,270
2026-09-02T18:00:00Z,GAS,COGENERATION,4080.368789174822,6122
2026-09-02T18:00:00Z,GAS,COMBINED CYCLE,2980.757467968464,3974
2026-09-02T18:00:00Z,GAS,GAS FIRED STEAM,1297.688035990397,3078
2026-09-02T18:00:00Z,GAS,SIMPLE CYCLE,310.9364772379398,1014
2026-09-02T18:00:00Z,HYDRO,HYDRO,401.7069380232692,896
2026-09-02T18:00:00Z,OTHER,BIOMASS,126.41360964112812,195
2026-09-02T18:00:00Z,OTHER,COMPOSITE,12.008444250954522,20
2026-09-02T18:00:00Z,OTHER,GAS,1.9999510049819944,10
2026-09-02T18:00:00Z,OTHER,GAS COGEN,39.54133117198944,58
2026-09-02T18:00:00Z,OTHER,OIL/GAS,0,53
2026-09-02T18:00:00Z,OTHER,WOOD/REFUSE,95.06703794731035,149
2026-09-02T18:00:00Z,SOLAR,SOLAR,636.0229983786742,1892
2026-09-02T18:00:00Z,WIND,WIND,542.413950221493,5684
2026-09-02T19:00:00Z,ENERGY STORAGE,ENERGY STORAGE,0,270
2026-09-02T19:00:00Z,GAS,COGENERATION,4039.4976421578726,6122
2026-09-02T19:00:00Z,GAS,COMBINED CYCLE,2958.2701608321404,3974
2026-09-02T19:00:00Z,GAS,GAS FIRED STEAM,1266.6298686938817,3078
2026-09-02T19:00:00Z,GAS,SIMPLE CYCLE,385.8511168838044,1014
2026-09-02T19:00:00Z,HYDRO,HYDRO,146.60255465365117,896
2026-09-02T19:00:00Z,OTHER,BIOMASS,126.637220392757,195
2026-09-02T19:00:00Z,OTHER,COMPOSITE,10,20
2026-09-02T19:00:00Z,OTHER,GAS,1.9999510049819944,10
2026-09-02T19:00:00Z,OTHER,GAS COGEN,39.474505329132086,58
2026-09-02T19:00:00Z,OTHER,OIL/GAS,0,53
2026-09-02T19:00:00Z,OTHER,WOOD/REFUSE,87.74869334989124,149
2026-09-02T19:00:00Z,SOLAR,SOLAR,690.4586393737793,1892
2026-09-02T19:00:00Z,WIND,WIND,765.8180884736694,5684
2026-09-02T20:00:00Z,ENERGY STORAGE,ENERGY STORAGE,0,270
2026-09-02T20:00:00Z,GAS,COGENERATION,4004.103734424578,6122
2026-09-02T20:00:00Z,GAS,COMBINED CYCLE,2940.6440090166197,3974
2026-09-02T20:00:00Z,GAS,GAS FIRED STEAM,956.0251532363892,3078
2026-09-02T20:00:00Z,GAS,SIMPLE CYCLE,260.93300518209736,1014
2026-09-02T20:00:00Z,HYDRO,HYDRO,198.10377621716924,896
2026-09-02T20:00:00Z,OTHER,BIOMASS,122.65675858315495,195
2026-09-02T20:00:00Z,OTHER,COMPOSITE,11.668388497564528,20
2026-09-02T20:00:00Z,OTHER,GAS,1.9999510049819944,10
2026-09-02T20:00:00Z,OTHER,GAS COGEN,39.53543003082275,58
2026-09-02T20:00:00Z,OTHER,OIL/GAS,0,53
2026-09-02T20:00:00Z,OTHER,WOOD/REFUSE,76.21544925252597,149
2026-09-02T20:00:00Z,SOLAR,SOLAR,962.549826196697,1892
2026-09-02T20:00:00Z,WIND,WIND,938.978953627232,5684
2026-09-02T21:00:00Z,ENERGY STORAGE,ENERGY STORAGE,0,270
2026-09-02T21:00:00Z,GAS,COGENERATION,3989.6197877442837,6122
2026-09-02T21:00:00Z,GAS,COMBINED CYCLE,2932.1565507531495,3974
2026-09-02T21:00:00Z,GAS,GAS FIRED STEAM,863.8865984302097,3078
2026-09-02T21:00:00Z,GAS,SIMPLE CYCLE,290.4710509100722,1014
2026-09-02T21:00:00Z,HYDRO,HYDRO,170.91235919409328,896
2026-09-02T21:00:00Z,OTHER,BIOMASS,112.3683867377705,195
2026-09-02T21:00:00Z,OTHER,COMPOSITE,11.671666140026517,20
2026-09-02T21:00:00Z,OTHER,GAS,1.9999510049819944,10
2026-09-02T21:00:00Z,OTHER,GAS COGEN,39.64344680786133,58
2026-09-02T21:00:00Z,OTHER,OIL/GAS,0,53
2026-09-02T21:00:00Z,OTHER,WOOD/REFUSE,75.01109891679552,149
2026-09-02T21:00:00Z,SOLAR,SOLAR,1113.1780783859558,1892
2026-09-02T21:00:00Z,WIND,WIND,943.6161048198657,5684
2026-09-02T22:00:00Z,ENERGY STORAGE,ENERGY STORAGE,0,270
2026-09-02T22:00:00Z,GAS,COGENERATION,3981.28230764091,6122
2026-09-02T22:00:00Z,GAS,COMBINED CYCLE,2956.097651758459,3974
2026-09-02T22:00:00Z,GAS,GAS FIRED STEAM,989.3611520470514,3078
2026-09-02T22:00:00Z,GAS,SIMPLE CYCLE,293.98319376971983,1014
2026-09-02T22:00:00Z,HYDRO,HYDRO,147.52580508366228,896
2026-09-02T22:00:00Z,OTHER,BIOMASS,111.60871994660961,195
2026-09-02T22:00:00Z,OTHER,COMPOSITE,11.769499535560607,20
2026-09-02T22:00:00Z,OTHER,GAS,1.9999510049819944,10
2026-09-02T22:00:00Z,OTHER,GAS COGEN,39.6879431327184,58
2026-09-02T22:00:00Z,OTHER,OIL/GAS,1.676466620961825,53
2026-09-02T22:00:00Z,OTHER,WOOD/REFUSE,75.26380801942612,149
2026-09-02T22:00:00Z,SOLAR,SOLAR,1116.5052541942232,1892
2026-09-02T22:00:00Z,WIND,WIND,1042.2326999907402,5684
2026-09-02T23:00:00Z,ENERGY STORAGE,ENERGY STORAGE,0,270
2026-09-02T23:00:00Z,GAS,COGENERATION,3931.4312308792605,6122
2026-09-02T23:00:00Z,GAS,COMBINED CYCLE,2997.704230873585,3974
2026-09-02T23:00:00Z,GAS,GAS FIRED STEAM,1079.7688173749711,3078
2026-09-02T23:00:00Z,GAS,SIMPLE CYCLE,308.39375769759215,1014
2026-09-02T23:00:00Z,HYDRO,HYDRO,241.65106357971828,896
2026-09-02T23:00:00Z,OTHER,BIOMASS,108.99088653034634,195
2026-09-02T23:00:00Z,OTHER,COMPOSITE,11.89949961821238,20
2026-09-02T23:00:00Z,OTHER,GAS,1.9999510049819944,10
2026-09-02T23:00:00Z,OTHER,GAS COGEN,39.53508130391439,58
2026-09-02T23:00:00Z,OTHER,OIL/GAS,17.26337734778722,53
2026-09-02T23:00:00Z,OTHER,WOOD/REFUSE,78.68722297694947,149
2026-09-02T23:00:00Z,SOLAR,SOLAR,734.1162444914711,1892
2026-09-02T23:00:00Z,WIND,WIND,1393.3767209069927,5684
2026-09-03T00:00:00Z,ENERGY STORAGE,ENERGY STORAGE,0,270
2026-09-03T00:00:00Z,GAS,COGENERATION,3935.1005541975633,6122
2026-09-03T00:00:00Z,GAS,COMBINED CYCLE,2933.0476923945216,3974
2026-09-03T00:00:00Z,GAS,GAS FIRED STEAM,888.6076528655158,3078
2026-09-03T00:00:00Z,GAS,SIMPLE CYCLE,266.03101339833603,1014
2026-09-03T00:00:00Z,HYDRO,HYDRO,184.13708175177376,896
2026-09-03T00:00:00Z,OTHER,BIOMASS,112.50283141560024,195
2026-09-03T00:00:00Z,OTHER,COMPOSITE,11.899999618530272,20
2026-09-03T00:00:00Z,OTHER,GAS,1.9999510049819944,10
2026-09-03T00:00:00Z,OTHER,GAS COGEN,40.0226934756173,58
2026-09-03T00:00:00Z,OTHER,OIL/GAS,23.151310528649223,53
2026-09-03T00:00:00Z,OTHER,WOOD/REFUSE,83.12338581283886,149
2026-09-03T00:00:00Z,SOLAR,SOLAR,372.1962080596098,1892
2026-09-03T00:00:00Z,WIND,WIND,2194.4595425745015,5684
2026-09-03T01:00:00Z,ENERGY STORAGE,ENERGY STORAGE,0,270
2026-09-03T01:00:00Z,GAS,COGENERATION,3984.5010523677533,6122
2026-09-03T01:00:00Z,GAS,COMBINED CYCLE,2891.441631128258,3974
2026-09-03T01:00:00Z,GAS,GAS FIRED STEAM,753.978821688758,3078
2026-09-03T01:00:00Z,GAS,SIMPLE CYCLE,237.07605292951067,1014
2026-09-03T01:00:00Z,HYDRO,HYDRO,222.81831791533364,896
2026-09-03T01:00:00Z,OTHER,BIOMASS,112.60149787478977,195
2026-09-03T01:00:00Z,OTHER,COMPOSITE,0.8796666400962406,20
2026-09-03T01:00:00Z,OTHER,GAS,1.9999510049819944,10
2026-09-03T01:00:00Z,OTHER,GAS COGEN,40.02828650103675,58
2026-09-03T01:00:00Z,OTHER,OIL/GAS,22.765416225857205,53
2026-09-03T01:00:00Z,OTHER,WOOD/REFUSE,80.09806929813492,149
2026-09-03T01:00:00Z,SOLAR,SOLAR,68.5599495249283,1892
2026-09-03T01:00:00Z,WIND,WIND,2629.522052191773,5684
2026-09-03T02:00:00Z,ENERGY STORAGE,ENERGY STORAGE,0,270
2026-09-03T02:00:00Z,GAS,COGENERATION,4053.7764307657876,6122
2026-09-03T02:00:00Z,GAS,COMBINED CYCLE,2915.076430270672,3974
2026-09-03T02:00:00Z,GAS,GAS FIRED STEAM,717.9959889390733,3078
2026-09-03T02:00:00Z,GAS,SIMPLE CYCLE,176.21049757828314,1014
2026-09-03T02:00:00Z,HYDRO,HYDRO,209.3576790245374,896
2026-09-03T02:00:00Z,OTHER,BIOMASS,113.6043869720565,195
2026-09-03T02:00:00Z,OTHER,COMPOSITE,0,20
2026-09-03T02:00:00Z,OTHER,GAS,1.9999510049819944,10
2026-09-03T02:00:00Z,OTHER,GAS COGEN,40.25708489259084,58
2026-09-03T02:00:00Z,OTHER,OIL/GAS,30.775460393693713,53
2026-09-03T02:00:00Z,OTHER,WOOD/REFUSE,79.08306057943238,149
2026-09-03T02:00:00Z,SOLAR,SOLAR,0.8578191572924455,1892
2026-09-03T02:00:00Z,WIND,WIND,2748.189484175783,5684
2026-09-03T03:00:00Z,ENERGY STORAGE,ENERGY STORAGE,0,270
2026-09-03T03:00:00Z,GAS,COGENERATION,3946.71848043104,6122
2026-09-03T03:00:00Z,GAS,COMBINED CYCLE,2575.3738574231998,3974
2026-09-03T03:00:00Z,GAS,GAS FIRED STEAM,544.3166578102112,3078
2026-09-03T03:00:00Z,GAS,SIMPLE CYCLE,72.57044371512201,1014
2026-09-03T03:00:00Z,HYDRO,HYDRO,154.5165958111816,896
2026-09-03T03:00:00Z,OTHER,BIOMASS,113.24194263193343,195
2026-09-03T03:00:00Z,OTHER,COMPOSITE,0,20
2026-09-03T03:00:00Z,OTHER,GAS,1.9999510049819944,10
2026-09-03T03:00:00Z,OTHER,GAS COGEN,39.81772447692023,58
2026-09-03T03:00:00Z,OTHER,OIL/GAS,34.15215467453003,53
2026-09-03T03:00:00Z,OTHER,WOOD/REFUSE,79.10037251671156,149
2026-09-03T03:00:00Z,SOLAR,SOLAR,0.6000000163912773,1892
2026-09-03T03:00:00Z,WIND,WIND,3419.806480388012,5684
2026-09-03T04:00:00Z,ENERGY STORAGE,ENERGY STORAGE,-1.3690555320017868,270
2026-09-03T04:00:00Z,GAS,COGENERATION,3933.035858672261,6122
2026-09-03T04:00:00Z,GAS,COMBINED CYCLE,2339.602464773125,3974
2026-09-03T04:00:00Z,GAS,GAS FIRED STEAM,419.4414364793565,3078
2026-09-03T04:00:00Z,GAS,SIMPLE CYCLE,75.35516586144765,1014
2026-09-03T04:00:00Z,HYDRO,HYDRO,229.58140483251876,896
2026-09-03T04:00:00Z,OTHER,BIOMASS,112.76733089976841,195
2026-09-03T04:00:00Z,OTHER,COMPOSITE,0,20
2026-09-03T04:00:00Z,OTHER,GAS,1.9999510049819944,10
2026-09-03T04:00:00Z,OTHER,GAS COGEN,39.75809772597419,58
2026-09-03T04:00:00Z,OTHER,OIL/GAS,36.23587135950724,53
2026-09-03T04:00:00Z,OTHER,WOOD/REFUSE,75.95692683286137,149
2026-09-03T04:00:00Z,SOLAR,SOLAR,0.6000000163912773,1892
2026-09-03T04:00:00Z,WIND,WIND,3374.818038427805,5684
2026-09-03T05:00:00Z,ENERGY STORAGE,ENERGY STORAGE,-1.9674444051749176,270
2026-09-03T05:00:00Z,GAS,COGENERATION,3963.872917736835,6122
2026-09-03T05:00:00Z,GAS,COMBINED CYCLE,2385.662243313127,3974
2026-09-03T05:00:00Z,GAS,GAS FIRED STEAM,359.544493054284,3078
2026-09-03T05:00:00Z,GAS,SIMPLE CYCLE,67.03088866763645,1014
2026-09-03T05:00:00Z,HYDRO,HYDRO,129.58443550189335,896
2026-09-03T05:00:00Z,OTHER,BIOMASS,114.03855369461907,195
2026-09-03T05:00:00Z,OTHER,COMPOSITE,0,20
2026-09-03T05:00:00Z,OTHER,GAS,1.9999510049819944,10
2026-09-03T05:00:00Z,OTHER,GAS COGEN,39.664870766533745,58
2026-09-03T05:00:00Z,OTHER,OIL/GAS,39.07823783662584,53
2026-09-03T05:00:00Z,OTHER,WOOD/REFUSE,75.27177229603132,149
2026-09-03T05:00:00Z,SOLAR,SOLAR,0.6000000163912773,1892
2026-09-03T05:00:00Z,WIND,WIND,3234.574882587509,5684
2026-09-03T06:00:00Z,ENERGY STORAGE,ENERGY STORAGE,-4.967833218326171,270
2026-09-03T06:00:00Z,GAS,COGENERATION,3949.8627846376767,6122
2026-09-03T06:00:00Z,GAS,COMBINED CYCLE,2084.6907040230435,3974
2026-09-03T06:00:00Z,GAS,GAS FIRED STEAM,324.9277167553372,3078
2026-09-03T06:00:00Z,GAS,SIMPLE CYCLE,66.89014397806591,1014
2026-09-03T06:00:00Z,HYDRO,HYDRO,121.18392646503118,896
2026-09-03T06:00:00Z,OTHER,BIOMASS,107.32422031667497,195
2026-09-03T06:00:00Z,OTHER,COMPOSITE,0,20
2026-09-03T06:00:00Z,OTHER,GAS,1.9999510049819944,10
2026-09-03T06:00:00Z,OTHER,GAS COGEN,40.08476548194885,58
2026-09-03T06:00:00Z,OTHER,OIL/GAS,40.64097785101997,53
2026-09-03T06:00:00Z,OTHER,WOOD/REFUSE,75.54143095480072,149
2026-09-03T06:00:00Z,SOLAR,SOLAR,0.6000000163912773,1892
2026-09-03T06:00:00Z,WIND,WIND,3400.4002029147414,5684
2026-09-03T07:00:00Z,ENERGY STORAGE,ENERGY STORAGE,-9.052555325254797,270
2026-09-03T07:00:00Z,GAS,COGENERATION,3960.3240236657857,6122
2026-09-03T07:00:00Z,GAS,COMBINED CYCLE,1916.70225568321,3974
2026-09-03T07:00:00Z,GAS,GAS FIRED STEAM,325.2157155545553,3078
2026-09-03T07:00:00Z,GAS,SIMPLE CYCLE,66.83183271990882,1014
2026-09-03T07:00:00Z,HYDRO,HYDRO,140.98130854593384,896
2026-09-03T07:00:00Z,OTHER,BIOMASS,106.21083100054,195
2026-09-03T07:00:00Z,OTHER,COMPOSITE,0,20
2026-09-03T07:00:00Z,OTHER,GAS,1.9999510049819944,10
2026-09-03T07:00:00Z,OTHER,GAS COGEN,40.082980547481114,58
2026-09-03T07:00:00Z,OTHER,OIL/GAS,42.06625487009684,53
2026-09-03T07:00:00Z,OTHER,WOOD/REFUSE,75.59075119270219,149
2026-09-03T07:00:00Z,SOLAR,SOLAR,0.6000000163912773,1892
2026-09-03T07:00:00Z,WIND,WIND,3434.969268099202,5684
2026-09-03T08:00:00Z,ENERGY STORAGE,ENERGY STORAGE,23.062888626770842,270
2026-09-03T08:00:00Z,GAS,COGENERATION,3936.806056959497,6122
2026-09-03T08:00:00Z,GAS,COMBINED CYCLE,1755.6385955050257,3974
2026-09-03T08:00:00Z,GAS,GAS FIRED STEAM,328.86232829279373,3078
2026-09-03T08:00:00Z,GAS,SIMPLE CYCLE,67.0197772804896,1014
2026-09-03T08:00:00Z,HYDRO,HYDRO,119.05135397222307,896
2026-09-03T08:00:00Z,OTHER,BIOMASS,106.79005379464891,195
2026-09-03T08:00:00Z,OTHER,COMPOSITE,0,20
2026-09-03T08:00:00Z,OTHER,GAS,1.968006552921401,10
2026-09-03T08:00:00Z,OTHER,GAS COGEN,40.087768771383494,58
2026-09-03T08:00:00Z,OTHER,OIL/GAS,42.93429929733277,53
2026-09-03T08:00:00Z,OTHER,WOOD/REFUSE,76.21458944916725,149
2026-09-03T08:00:00Z,SOLAR,SOLAR,0.6000000163912773,1892
2026-09-03T08:00:00Z,WIND,WIND,3468.2623171310706,5684
2026-09-03T09:00:00Z,ENERGY STORAGE,ENERGY STORAGE,21.069444537957512,270
2026-09-03T09:00:00Z,GAS,COGENERATION,3967.8696559935147,6122
2026-09-03T09:00:00Z,GAS,COMBINED CYCLE,1625.608138311439,3974
2026-09-03T09:00:00Z,GAS,GAS FIRED STEAM,327.88832719802855,3078
2026-09-03T09:00:00Z,GAS,SIMPLE CYCLE,67.0397218826082,1014
2026-09-03T09:00:00Z,HYDRO,HYDRO,153.90350907325745,896
2026-09-03T09:00:00Z,OTHER,BIOMASS,112.62733141634199,195
2026-09-03T09:00:00Z,OTHER,COMPOSITE,0,20
2026-09-03T09:00:00Z,OTHER,GAS,1.8999509811401367,10
2026-09-03T09:00:00Z,OTHER,GAS COGEN,40.08002330674066,58
2026-09-03T09:00:00Z,OTHER,OIL/GAS,44.11602681054009,53
2026-09-03T09:00:00Z,OTHER,WOOD/REFUSE,76.59613742298549,149
2026-09-03T09:00:00Z,SOLAR,SOLAR,0.6000000163912773,1892
2026-09-03T09:00:00Z,WIND,WIND,3428.2209735631654,5684
2026-09-03T10:00:00Z,ENERGY STORAGE,ENERGY STORAGE,0.20000000298023224,270
2026-09-03T10:00:00Z,GAS,COGENERATION,4031.769506673482,6122
2026-09-03T10:00:00Z,GAS,COMBINED CYCLE,2012.346806075043,3974
2026-09-03T10:00:00Z,GAS,GAS FIRED STEAM,327.9941606097751,3078
2026-09-03T10:00:00Z,GAS,SIMPLE CYCLE,66.9073887014389,1014
2026-09-03T10:00:00Z,HYDRO,HYDRO,162.20264442322983,896
2026-09-03T10:00:00Z,OTHER,BIOMASS,112.80349809646606,195
2026-09-03T10:00:00Z,OTHER,COMPOSITE,0,20
2026-09-03T10:00:00Z,OTHER,GAS,1.8999509811401367,10
2026-09-03T10:00:00Z,OTHER,GAS COGEN,40.28435188346439,58
2026-09-03T10:00:00Z,OTHER,OIL/GAS,44.600243123372394,53
2026-09-03T10:00:00Z,OTHER,WOOD/REFUSE,76.5105598367585,149
2026-09-03T10:00:00Z,SOLAR,SOLAR,0.6000000163912773,1892
2026-09-03T10:00:00Z,WIND,WIND,3063.4031767525025,5684
2026-09-03T11:00:00Z,ENERGY STORAGE,ENERGY STORAGE,0.20000000298023224,270
2026-09-03T11:00:00Z,GAS,COGENERATION,4051.222313605282,6122
2026-09-03T11:00:00Z,GAS,COMBINED CYCLE,2153.861934931808,3974
2026-09-03T11:00:00Z,GAS,GAS FIRED STEAM,327.9780490069919,3078
2026-09-03T11:00:00Z,GAS,SIMPLE CYCLE,67.2731655602985,1014
2026-09-03T11:00:00Z,HYDRO,HYDRO,181.58077334033118,896
2026-09-03T11:00:00Z,OTHER,BIOMASS,110.44244255224864,195
2026-09-03T11:00:00Z,OTHER,COMPOSITE,0,20
2026-09-03T11:00:00Z,OTHER,GAS,1.8999509811401367,10
2026-09-03T11:00:00Z,OTHER,GAS COGEN,40.259449316660564,58
2026-09-03T11:00:00Z,OTHER,OIL/GAS,44.95365944968329,53
2026-09-03T11:00:00Z,OTHER,WOOD/REFUSE,76.35898667997785,149
2026-09-03T11:00:00Z,SOLAR,SOLAR,0.6000000163912773,1892
2026-09-03T11:00:00Z,WIND,WIND,3095.6911150373685,5684
2026-09-03T12:00:00Z,ENERGY STORAGE,ENERGY STORAGE,0.20000000298023224,270
2026-09-03T12:00:00Z,GAS,COGENERATION,4196.922021399604,6122
2026-09-03T12:00:00Z,GAS,COMBINED CYCLE,2530.528894089593,3974
2026-09-03T12:00:00Z,GAS,GAS FIRED STEAM,458.55104751639897,3078
2026-09-03T12:00:00Z,GAS,SIMPLE CYCLE,65.93988753716151,1014
2026-09-03T12:00:00Z,HYDRO,HYDRO,156.69662447134652,896
2026-09-03T12:00:00Z,OTHER,BIOMASS,106.91333170678881,195
2026-09-03T12:00:00Z,OTHER,COMPOSITE,0,20
2026-09-03T12:00:00Z,OTHER,GAS,1.8999509811401367,10
2026-09-03T12:00:00Z,OTHER,GAS COGEN,40.15418273766836,58
2026-09-03T12:00:00Z,OTHER,OIL/GAS,45.16055368423462,53
2026-09-03T12:00:00Z,OTHER,WOOD/REFUSE,76.23356559859383,149
2026-09-03T12:00:00Z,SOLAR,SOLAR,1.0317777901556757,1892
2026-09-03T12:00:00Z,WIND,WIND,2879.956498247774,5684
2026-09-03T13:00:00Z,ENERGY STORAGE,ENERGY STORAGE,-3.086722267886831,270
2026-09-03T13:00:00Z,GAS,COGENERATION,4234.4461886778145,6122
2026-09-03T13:00:00Z,GAS,COMBINED CYCLE,2592.456422096888,3974
2026-09-03T13:00:00Z,GAS,GAS FIRED STEAM,486.36460242695273,3078
2026-09-03T13:00:00Z,GAS,SIMPLE CYCLE,65.31760974142287,1014
2026-09-03T13:00:00Z,HYDRO,HYDRO,160.54809453209242,896
2026-09-03T13:00:00Z,OTHER,BIOMASS,105.33805391258663,195
2026-09-03T13:00:00Z,OTHER,COMPOSITE,0,20
2026-09-03T13:00:00Z,OTHER,GAS,1.8999509811401367,10
2026-09-03T13:00:00Z,OTHER,GAS COGEN,40.539413951238,58
2026-09-03T13:00:00Z,OTHER,OIL/GAS,44.89988825056288,53
2026-09-03T13:00:00Z,OTHER,WOOD/REFUSE,76.3001946592331,149
2026-09-03T13:00:00Z,SOLAR,SOLAR,146.17527525120312,1892
2026-09-03T13:00:00Z,WIND,WIND,3030.747528818535,5684
2026-09-03T14:00:00Z,ENERGY STORAGE,ENERGY STORAGE,-3.200000047683716,270
2026-09-03T14:00:00Z,GAS,COGENERATION,4235.381386428541,6122
2026-09-03T14:00:00Z,GAS,COMBINED CYCLE,2614.9682947532337,3974
2026-09-03T14:00:00Z,GAS,GAS FIRED STEAM,441.00932410028247,3078
2026-09-03T14:00:00Z,GAS,SIMPLE CYCLE,67.00110939184825,1014
2026-09-03T14:00:00Z,HYDRO,HYDRO,171.6955668718285,896
2026-09-03T14:00:00Z,OTHER,BIOMASS,108.01544228818682,195
2026-09-03T14:00:00Z,OTHER,COMPOSITE,0,20
2026-09-03T14:00:00Z,OTHER,GAS,1.8999509811401367,10
2026-09-03T14:00:00Z,OTHER,GAS COGEN,40.48348439216613,58
2026-09-03T14:00:00Z,OTHER,OIL/GAS,44.85477107577854,53
2026-09-03T14:00:00Z,OTHER,WOOD/REFUSE,75.70434149954055,149
2026-09-03T14:00:00Z,SOLAR,SOLAR,441.9524524393181,1892
2026-09-03T14:00:00Z,WIND,WIND,2979.3618248690786,5684
2026-09-03T15:00:00Z,ENERGY STORAGE,ENERGY STORAGE,-3.200000047683716,270
2026-09-03T15:00:00Z,GAS,COGENERATION,4230.432441373401,6122
2026-09-03T15:00:00Z,GAS,COMBINED CYCLE,2622.619316971832,3974
2026-09-03T15:00:00Z,GAS,GAS FIRED STEAM,482.1027677991655,3078
2026-09-03T15:00:00Z,GAS,SIMPLE CYCLE,67.23805369218191,1014
2026-09-03T15:00:00Z,HYDRO,HYDRO,219.8956800868776,896
2026-09-03T15:00:00Z,OTHER,BIOMASS,106.84649825678932,195
2026-09-03T15:00:00Z,OTHER,COMPOSITE,0,20
2026-09-03T15:00:00Z,OTHER,GAS,1.5510621130466462,10
2026-09-03T15:00:00Z,OTHER,GAS COGEN,40.497164561483594,58
2026-09-03T15:00:00Z,OTHER,OIL/GAS,44.94797583897908,53
2026-09-03T15:00:00Z,OTHER,WOOD/REFUSE,75.1807421330611,149
2026-09-03T15:00:00Z,SOLAR,SOLAR,589.0923744820554,1892
2026-09-03T15:00:00Z,WIND,WIND,2831.0461827396352,5684
2026-09-03T16:00:00Z,ENERGY STORAGE,ENERGY STORAGE,-3.200000047683716,270
2026-09-03T16:00:00Z,GAS,COGENERATION,4270.920247233576,6122
2026-09-03T16:00:00Z,GAS,COMBINED CYCLE,2677.5611465001107,3974
2026-09-03T16:00:00Z,GAS,GAS FIRED STEAM,503.99588066630895,3078
2026-09-03T16:00:00Z,GAS,SIMPLE CYCLE,67.31444283963906,1014
2026-09-03T16:00:00Z,HYDRO,HYDRO,211.07895169840918,896
2026-09-03T16:00:00Z,OTHER,BIOMASS,109.26999775356717,195
2026-09-03T16:00:00Z,OTHER,COMPOSITE,0,20
2026-09-03T16:00:00Z,OTHER,GAS,1.0999510288238523,10
2026-09-03T16:00:00Z,OTHER,GAS COGEN,40.591735476387875,58
2026-09-03T16:00:00Z,OTHER,OIL/GAS,44.921665306091306,53
2026-09-03T16:00:00Z,OTHER,WOOD/REFUSE,75.29865414513482,149
2026-09-03T16:00:00Z,SOLAR,SOLAR,551.7910243500272,1892
2026-09-03T16:00:00Z,WIND,WIND,2776.967942869994,5684
2026-09-03T17:00:00Z,ENERGY STORAGE,ENERGY STORAGE,-3.200000047683716,270
2026-09-03T17:00:00Z,GAS,COGENERATION,4237.029104296631,6122
2026-09-03T17:00:00Z,GAS,COMBINED CYCLE,2689.898804639445,3974
2026-09-03T17:00:00Z,GAS,GAS FIRED STEAM,547.7018782541487,3078
2026-09-03T17:00:00Z,GAS,SIMPLE CYCLE,71.34238725397323,1014
2026-09-03T17:00:00Z,HYDRO,HYDRO,197.69086177468301,896
2026-09-03T17:00:00Z,OTHER,BIOMASS,109.18333161883884,195
2026-09-03T17:00:00Z,OTHER,COMPOSITE,0,20
2026-09-03T17:00:00Z,OTHER,GAS,1.0999510288238523,10
2026-09-03T17:00:00Z,OTHER,GAS COGEN,40.624551154242624,58
2026-09-03T17:00:00Z,OTHER,OIL/GAS,44.58603808508979,53
2026-09-03T17:00:00Z,OTHER,WOOD/REFUSE,75.041667517821,149
2026-09-03T17:00:00Z,SOLAR,SOLAR,667.0429502650765,1892
2026-09-03T17:00:00Z,WIND,WIND,2767.757357831883,5684
2026-09-03T18:00:00Z,ENERGY STORAGE,ENERGY STORAGE,-3.200000047683716,270
2026-09-03T18:00:00Z,GAS,COGENERATION,4192.89537893739,6122
2026-09-03T18:00:00Z,GAS,COMBINED CYCLE,2557.433646900124,3974
2026-09-03T18:00:00Z,GAS,GAS FIRED STEAM,438.89838134447734,3078
2026-09-03T18:00:00Z,GAS,SIMPLE CYCLE,72.29305378726787,1014
2026-09-03T18:00:00Z,HYDRO,HYDRO,172.27994476841556,896
2026-09-03T18:00:00Z,OTHER,BIOMASS,107.80766507996454,195
2026-09-03T18:00:00Z,OTHER,COMPOSITE,0,20
2026-09-03T18:00:00Z,OTHER,GAS,1.0999510288238523,10
2026-09-03T18:00:00Z,OTHER,GAS COGEN,40.47226964526706,58
2026-09-03T18:00:00Z,OTHER,OIL/GAS,44.400938226911755,53
2026-09-03T18:00:00Z,OTHER,WOOD/REFUSE,75.5242137143347,149
2026-09-03T18:00:00Z,SOLAR,SOLAR,1150.9607136078675,1892
2026-09-03T18:00:00Z,WIND,WIND,2673.3729403649313,5684
2026-09-03T19:00:00Z,ENERGY STORAGE,ENERGY STORAGE,-2.1841111384663314,270
2026-09-03T19:00:00Z,GAS,COGENERATION,4190.219117745559,6122
2026-09-03T19:00:00Z,GAS,COMBINED CYCLE,2543.2163366336295,3974
2026-09-03T19:00:00Z,GAS,GAS FIRED STEAM,439.9066019492679,3078
2026-09-03T19:00:00Z,GAS,SIMPLE CYCLE,85.70871994389428,1014
2026-09-03T19:00:00Z,HYDRO,HYDRO,192.3060416103734,896
2026-09-03T19:00:00Z,OTHER,BIOMASS,110.32816540082295,195
2026-09-03T19:00:00Z,OTHER,COMPOSITE,0,20
2026-09-03T19:00:00Z,OTHER,GAS,1.0999510288238523,10
2026-09-03T19:00:00Z,OTHER,GAS COGEN,40.40280513816409,58
2026-09-03T19:00:00Z,OTHER,OIL/GAS,44.810488058725994,53
2026-09-03T19:00:00Z,OTHER,WOOD/REFUSE,74.4128150856495,149
2026-09-03T19:00:00Z,SOLAR,SOLAR,1330.9161186881197,1892
2026-09-03T19:00:00Z,WIND,WIND,2579.7693884537202,5684
2026-09-03T20:00:00Z,ENERGY STORAGE,ENERGY STORAGE,-3.2016666478249762,270
2026-09-03T20:00:00Z,GAS,COGENERATION,4174.239575481813,6122
2026-09-03T20:00:00Z,GAS,COMBINED CYCLE,2483.1071098430953,3974
2026-09-03T20:00:00Z,GAS,GAS FIRED STEAM,440.3268790909979,3078
2026-09-03T20:00:00Z,GAS,SIMPLE CYCLE,92.28249743090736,1014
2026-09-03T20:00:00Z,HYDRO,HYDRO,187.60469695069725,896
2026-09-03T20:00:00Z,OTHER,BIOMASS,110.13788728290133,195
2026-09-03T20:00:00Z,OTHER,COMPOSITE,0,20
2026-09-03T20:00:00Z,OTHER,GAS,1.0999510288238523,10
2026-09-03T20:00:00Z,OTHER,GAS COGEN,40.3594145181444,58
2026-09-03T20:00:00Z,OTHER,OIL/GAS,44.6527821858724,53
2026-09-03T20:00:00Z,OTHER,WOOD/REFUSE,78.32308279421594,149
2026-09-03T20:00:00Z,SOLAR,SOLAR,1291.6305046798288,1892
2026-09-03T20:00:00Z,WIND,WIND,2701.6290455037274,5684
2026-09-03T21:00:00Z,ENERGY STORAGE,ENERGY STORAGE,-3.5933332403500873,270
2026-09-03T21:00:00Z,GAS,COGENERATION,4047.290510874192,6122
2026-09-03T21:00:00Z,GAS,COMBINED CYCLE,2443.5109939826857,3974
2026-09-03T21:00:00Z,GAS,GAS FIRED STEAM,345.23477212693956,3078
2026-09-03T21:00:00Z,GAS,SIMPLE CYCLE,99.51880286523038,1014
2026-09-03T21:00:00Z,HYDRO,HYDRO,149.96061288548842,896
2026-09-03T21:00:00Z,OTHER,BIOMASS,108.47627602683173,195
2026-09-03T21:00:00Z,OTHER,COMPOSITE,0,20
2026-09-03T21:00:00Z,OTHER,GAS,1.0999510288238523,10
2026-09-03T21:00:00Z,OTHER,GAS COGEN,40.18957216580709,58
2026-09-03T21:00:00Z,OTHER,OIL/GAS,45.27619849946764,53
2026-09-03T21:00:00Z,OTHER,WOOD/REFUSE,78.21973810871441,149
2026-09-03T21:00:00Z,SOLAR,SOLAR,1318.6998920238018,1892
2026-09-03T21:00:00Z,WIND,WIND,2969.710451802603,5684
2026-09-03T22:00:00Z,ENERGY STORAGE,ENERGY STORAGE,-3.5999999046325684,270
2026-09-03T22:00:00Z,GAS,COGENERATION,4038.3175979100997,6122
2026-09-03T22:00:00Z,GAS,COMBINED CYCLE,2293.037314497895,3974
2026-09-03T22:00:00Z,GAS,GAS FIRED STEAM,327.5845505862766,3078
2026-09-03T22:00:00Z,GAS,SIMPLE CYCLE,95.0760530920451,1014
2026-09-03T22:00:00Z,HYDRO,HYDRO,167.13978245461982,896
2026-09-03T22:00:00Z,OTHER,BIOMASS,110.91688683668772,195
2026-09-03T22:00:00Z,OTHER,COMPOSITE,0,20
2026-09-03T22:00:00Z,OTHER,GAS,1.0861176921923956,10
2026-09-03T22:00:00Z,OTHER,GAS COGEN,40.57081358220842,58
2026-09-03T22:00:00Z,OTHER,OIL/GAS,45.2953768518236,53
2026-09-03T22:00:00Z,OTHER,WOOD/REFUSE,76.78417150444454,149
2026-09-03T22:00:00Z,SOLAR,SOLAR,1398.6663313577242,1892
2026-09-03T22:00:00Z,WIND,WIND,3066.6923112653362,5684
2026-09-03T23:00:00Z,ENERGY STORAGE,ENERGY STORAGE,-3.5999999046325684,270
2026-09-03T23:00:00Z,GAS,COGENERATION,4038.100140960349,6122
2026-09-03T23:00:00Z,GAS,COMBINED CYCLE,2323.048796451622,3974
2026-09-03T23:00:00Z,GAS,GAS FIRED STEAM,328.12982786417007,3078
2026-09-03T23:00:00Z,GAS,SIMPLE CYCLE,97.57605368398957,1014
2026-09-03T23:00:00Z,HYDRO,HYDRO,218.7403283252981,896
2026-09-03T23:00:00Z,OTHER,BIOMASS,109.24444212966495,195
2026-09-03T23:00:00Z,OTHER,COMPOSITE,0,20
2026-09-03T23:00:00Z,OTHER,GAS,0.9999510049819946,10
2026-09-03T23:00:00Z,OTHER,GAS COGEN,40.270229137738546,58
2026-09-03T23:00:00Z,OTHER,OIL/GAS,45.37840482287937,53
2026-09-03T23:00:00Z,OTHER,WOOD/REFUSE,75.59635438071356,149
2026-09-03T23:00:00Z,SOLAR,SOLAR,1336.9509362517629,1892
2026-09-03T23:00:00Z,WIND,WIND,2890.9102602542316,5684
2026-09-04T00:00:00Z,ENERGY STORAGE,ENERGY STORAGE,-3.5999999046325684,270
2026-09-04T00:00:00Z,GAS,COGENERATION,4096.466290609439,6122
2026-09-04T00:00:00Z,GAS,COMBINED CYCLE,2618.3158911649384,3974
2026-09-04T00:00:00Z,GAS,GAS FIRED STEAM,343.3497158070405,3078
2026-09-04T00:00:00Z,GAS,SIMPLE CYCLE,98.0713312163949,1014
2026-09-04T00:00:00Z,HYDRO,HYDRO,258.8396043702298,896
2026-09-04T00:00:00Z,OTHER,BIOMASS,107.71683204491933,195
2026-09-04T00:00:00Z,OTHER,COMPOSITE,0,20
2026-09-04T00:00:00Z,OTHER,GAS,0.9999510049819946,10
2026-09-04T00:00:00Z,OTHER,GAS COGEN,40.573302383422856,58
2026-09-04T00:00:00Z,OTHER,OIL/GAS,45.04064950519138,53
2026-09-04T00:00:00Z,OTHER,WOOD/REFUSE,74.45089577688111,149
2026-09-04T00:00:00Z,SOLAR,SOLAR,809.0124062856535,1892
2026-09-04T00:00:00Z,WIND,WIND,2715.946027547336,5684
2026-09-04T01:00:00Z,ENERGY STORAGE,ENERGY STORAGE,-3.5999999046325684,270
2026-09-04T01:00:00Z,GAS,COGENERATION,4257.648776029746,6122
2026-09-04T01:00:00Z,GAS,COMBINED CYCLE,2898.8051192614766,3974
2026-09-04T01:00:00Z,GAS,GAS FIRED STEAM,722.415264626609,3078
2026-09-04T01:00:00Z,GAS,SIMPLE CYCLE,108.67416108808584,1014
2026-09-04T01:00:00Z,HYDRO,HYDRO,247.48593795180324,896
2026-09-04T01:00:00Z,OTHER,BIOMASS,108.90716461287604,195
2026-09-04T01:00:00Z,OTHER,COMPOSITE,0,20
2026-09-04T01:00:00Z,OTHER,GAS,0.9999510049819946,10
2026-09-04T01:00:00Z,OTHER,GAS COGEN,40.484624984529276,58
2026-09-04T01:00:00Z,OTHER,OIL/GAS,45.05184898164537,53
2026-09-04T01:00:00Z,OTHER,WOOD/REFUSE,74.26940301895142,149
2026-09-04T01:00:00Z,SOLAR,SOLAR,148.7825415277026,1892
2026-09-04T01:00:00Z,WIND,WIND,2366.542836291111,5684
2026-09-04T02:00:00Z,ENERGY STORAGE,ENERGY STORAGE,-3.5999999046325684,270
2026-09-04T02:00:00Z,GAS,COGENERATION,4311.510088601774,6122
2026-09-04T02:00:00Z,GAS,COMBINED CYCLE,2972.9603331748644,3974
2026-09-04T02:00:00Z,GAS,GAS FIRED STEAM,969.973037106196,3078
2026-09-04T02:00:00Z,GAS,SIMPLE CYCLE,303.6928020721881,1014
2026-09-04T02:00:00Z,HYDRO,HYDRO,262.53427234662905,896
2026-09-04T02:00:00Z,OTHER,BIOMASS,118.54144261320432,195
2026-09-04T02:00:00Z,OTHER,COMPOSITE,0,20
2026-09-04T02:00:00Z,OTHER,GAS,1.7716176251570384,10
2026-09-04T02:00:00Z,OTHER,GAS COGEN,40.54079057799445,58
2026-09-04T02:00:00Z,OTHER,OIL/GAS,45.148315732744,53
2026-09-04T02:00:00Z,OTHER,WOOD/REFUSE,92.53774492118094,149
2026-09-04T02:00:00Z,SOLAR,SOLAR,1.1667173910347952,1892
2026-09-04T02:00:00Z,WIND,WIND,1852.5361598272623,5684
2026-09-04T03:00:00Z,ENERGY STORAGE,ENERGY STORAGE,-3.5999999046325684,270
2026-09-04T03:00:00Z,GAS,COGENERATION,4332.651445756886,6122
2026-09-04T03:00:00Z,GAS,COMBINED CYCLE,2969.649773613347,3974
2026-09-04T03:00:00Z,GAS,GAS FIRED STEAM,971.2635376283858,3078
2026-09-04T03:00:00Z,GAS,SIMPLE CYCLE,356.9009234658877,1014
2026-09-04T03:00:00Z,HYDRO,HYDRO,226.61201191253133,896
2026-09-04T03:00:00Z,OTHER,BIOMASS,120.94522087256114,195
2026-09-04T03:00:00Z,OTHER,COMPOSITE,0,20
2026-09-04T03:00:00Z,OTHER,GAS,2.05845095594724,10
2026-09-04T03:00:00Z,OTHER,GAS COGEN,40.83415100309584,58
2026-09-04T03:00:00Z,OTHER,OIL/GAS,45.36177068074544,53
2026-09-04T03:00:00Z,OTHER,WOOD/REFUSE,97.64671179056168,149
2026-09-04T03:00:00Z,SOLAR,SOLAR,0.5385198588834869,1892
2026-09-04T03:00:00Z,WIND,WIND,1647.2935377919096,5684
2026-09-04T04:00:00Z,ENERGY STORAGE,ENERGY STORAGE,-2.7261110380871427,270
2026-09-04T04:00:00Z,GAS,COGENERATION,4314.428861647049,6122
2026-09-04T04:00:00Z,GAS,COMBINED CYCLE,2890.596286005179,3974
2026-09-04T04:00:00Z,GAS,GAS FIRED STEAM,924.5934231705136,3078
2026-09-04T04:00:00Z,GAS,SIMPLE CYCLE,213.0171943258908,1014
2026-09-04T04:00:00Z,HYDRO,HYDRO,173.17886188262867,896
2026-09-04T04:00:00Z,OTHER,BIOMASS,119.7858318654696,195
2026-09-04T04:00:00Z,OTHER,COMPOSITE,0,20
2026-09-04T04:00:00Z,OTHER,GAS,1.8999509811401367,10
2026-09-04T04:00:00Z,OTHER,GAS COGEN,40.56708324273427,58
2026-09-04T04:00:00Z,OTHER,OIL/GAS,45.440799187554255,53
2026-09-04T04:00:00Z,OTHER,WOOD/REFUSE,91.82792871634166,149
2026-09-04T04:00:00Z,SOLAR,SOLAR,0.10000000149011612,1892
2026-09-04T04:00:00Z,WIND,WIND,1768.9427518714137,5684
2026-09-04T05:00:00Z,ENERGY STORAGE,ENERGY STORAGE,-1.4189999623265532,270
2026-09-04T05:00:00Z,GAS,COGENERATION,4304.872843436267,6122
2026-09-04T05:00:00Z,GAS,COMBINED CYCLE,2856.439288617505,3974
2026-09-04T05:00:00Z,GAS,GAS FIRED STEAM,760.6728782537249,3078
2026-09-04T05:00:00Z,GAS,SIMPLE CYCLE,98.6387274492532,1014
2026-09-04T05:00:00Z,HYDRO,HYDRO,147.10295425401793,896
2026-09-04T05:00:00Z,OTHER,BIOMASS,110.50272079408168,195
2026-09-04T05:00:00Z,OTHER,COMPOSITE,0,20
2026-09-04T05:00:00Z,OTHER,GAS,1.8999509811401367,10
2026-09-04T05:00:00Z,OTHER,GAS COGEN,40.63259775744544,58
2026-09-04T05:00:00Z,OTHER,OIL/GAS,44.714193437364365,53
2026-09-04T05:00:00Z,OTHER,WOOD/REFUSE,81.84393619338671,149
2026-09-04T05:00:00Z,SOLAR,SOLAR,0.10000000149011612,1892
2026-09-04T05:00:00Z,WIND,WIND,1815.9998036129773,5684
2026-09-04T06:00:00Z,ENERGY STORAGE,ENERGY STORAGE,-1.6881666149861283,270
2026-09-04T06:00:00Z,GAS,COGENERATION,4353.475415116019,6122
2026-09-04T06:00:00Z,GAS,COMBINED CYCLE,2693.4494468135304,3974
2026-09-04T06:00:00Z,GAS,GAS FIRED STEAM,744.4406545801958,3078
2026-09-04T06:00:00Z,GAS,SIMPLE CYCLE,97.90527629004583,1014
2026-09-04T06:00:00Z,HYDRO,HYDRO,156.2586687960062,896
2026-09-04T06:00:00Z,OTHER,BIOMASS,106.47194295088451,195
2026-09-04T06:00:00Z,OTHER,COMPOSITE,0,20
2026-09-04T06:00:00Z,OTHER,GAS,1.8999509811401367,10
2026-09-04T06:00:00Z,OTHER,GAS COGEN,40.63105000495911,58
2026-09-04T06:00:00Z,OTHER,OIL/GAS,45.65561024136014,53
2026-09-04T06:00:00Z,OTHER,WOOD/REFUSE,78.21177044921451,149
2026-09-04T06:00:00Z,SOLAR,SOLAR,0.10000000149011612,1892
2026-09-04T06:00:00Z,WIND,WIND,1649.2548738581481,5684
2026-09-04T07:00:00Z,ENERGY STORAGE,ENERGY STORAGE,-9.299999713897705,270
2026-09-04T07:00:00Z,GAS,COGENERATION,4367.722573980887,6122
2026-09-04T07:00:00Z,GAS,COMBINED CYCLE,2692.475912606716,3974
2026-09-04T07:00:00Z,GAS,GAS FIRED STEAM,775.8638216118019,3078
2026-09-04T07:00:00Z,GAS,SIMPLE CYCLE,98.73138757069906,1014
2026-09-04T07:00:00Z,HYDRO,HYDRO,161.21825908554925,896
2026-09-04T07:00:00Z,OTHER,BIOMASS,107.436220430798,195
2026-09-04T07:00:00Z,OTHER,COMPOSITE,0,20
2026-09-04T07:00:00Z,OTHER,GAS,1.8999509811401367,10
2026-09-04T07:00:00Z,OTHER,GAS COGEN,40.6365705066257,58
2026-09-04T07:00:00Z,OTHER,OIL/GAS,44.35673216501872,53
2026-09-04T07:00:00Z,OTHER,WOOD/REFUSE,74.79318781640795,149
2026-09-04T07:00:00Z,SOLAR,SOLAR,0.10000000149011612,1892
2026-09-04T07:00:00Z,WIND,WIND,1325.4004175197747,5684
2026-09-04T08:00:00Z,ENERGY STORAGE,ENERGY STORAGE,-7.92849971378843,270
2026-09-04T08:00:00Z,GAS,COGENERATION,4372.831587528255,6122
2026-09-04T08:00:00Z,GAS,COMBINED CYCLE,2739.95332542181,3974
2026-09-04T08:00:00Z,GAS,GAS FIRED STEAM,1024.4122611342536,3078
2026-09-04T08:00:00Z,GAS,SIMPLE CYCLE,98.97960887061225,1014
2026-09-04T08:00:00Z,HYDRO,HYDRO,165.76638856358,896
2026-09-04T08:00:00Z,OTHER,BIOMASS,109.45299791018168,195
2026-09-04T08:00:00Z,OTHER,COMPOSITE,0,20
2026-09-04T08:00:00Z,OTHER,GAS,1.8999509811401367,10
2026-09-04T08:00:00Z,OTHER,GAS COGEN,40.73341297944387,58
2026-09-04T08:00:00Z,OTHER,OIL/GAS,45.01265473471747,53
2026-09-04T08:00:00Z,OTHER,WOOD/REFUSE,74.90535248570973,149
2026-09-04T08:00:00Z,SOLAR,SOLAR,0.10000000149011612,1892
2026-09-04T08:00:00Z,WIND,WIND,941.8084136189809,5684
2026-09-04T09:00:00Z,ENERGY STORAGE,ENERGY STORAGE,-1.4307777174810568,270
2026-09-04T09:00:00Z,GAS,COGENERATION,4379.292916125986,6122
2026-09-04T09:00:00Z,GAS,COMBINED CYCLE,2841.6900742983817,3974
2026-09-04T09:00:00Z,GAS,GAS FIRED STEAM,1183.008699854745,3078
2026-09-04T09:00:00Z,GAS,SIMPLE CYCLE,130.81660822795496,1014
2026-09-04T09:00:00Z,HYDRO,HYDRO,163.70578529079756,896
2026-09-04T09:00:00Z,OTHER,BIOMASS,108.40360913170709,195
2026-09-04T09:00:00Z,OTHER,COMPOSITE,0,20
2026-09-04T09:00:00Z,OTHER,GAS,1.8999509811401367,10
2026-09-04T09:00:00Z,OTHER,GAS COGEN,40.70117493841383,58
2026-09-04T09:00:00Z,OTHER,OIL/GAS,45.12177117029826,53
2026-09-04T09:00:00Z,OTHER,WOOD/REFUSE,77.04974164936277,149
2026-09-04T09:00:00Z,SOLAR,SOLAR,0.10000000149011612,1892
2026-09-04T09:00:00Z,WIND,WIND,634.7239433461096,5684
2026-09-04T10:00:00Z,ENERGY STORAGE,ENERGY STORAGE,-0.3999999761581421,270
2026-09-04T10:00:00Z,GAS,COGENERATION,4384.591264093717,6122
2026-09-04T10:00:00Z,GAS,COMBINED CYCLE,2897.337961218887,3974
2026-09-04T10:00:00Z,GAS,GAS FIRED STEAM,1182.7436492318577,3078
2026-09-04T10:00:00Z,GAS,SIMPLE CYCLE,153.378719060421,1014
2026-09-04T10:00:00Z,HYDRO,HYDRO,141.4584773830821,896
2026-09-04T10:00:00Z,OTHER,BIOMASS,108.95727624363369,195
2026-09-04T10:00:00Z,OTHER,COMPOSITE,0,20
2026-09-04T10:00:00Z,OTHER,GAS,1.8999509811401367,10
2026-09-04T10:00:00Z,OTHER,GAS COGEN,40.82273263189528,58
2026-09-04T10:00:00Z,OTHER,OIL/GAS,44.35437611050076,53
2026-09-04T10:00:00Z,OTHER,WOOD/REFUSE,84.39488514131969,149
2026-09-04T10:00:00Z,SOLAR,SOLAR,0.10000000149011612,1892
2026-09-04T10:00:00Z,WIND,WIND,597.1309110673683,5684
2026-09-04T11:00:00Z,ENERGY STORAGE,ENERGY STORAGE,-0.3999999761581421,270
2026-09-04T11:00:00Z,GAS,COGENERATION,4392.445136693716,6122
2026-09-04T11:00:00Z,GAS,COMBINED CYCLE,2836.089089124203,3974
2026-09-04T11:00:00Z,GAS,GAS FIRED STEAM,1173.2932030317518,3078
2026-09-04T11:00:00Z,GAS,SIMPLE CYCLE,153.3676409258942,1014
2026-09-04T11:00:00Z,HYDRO,HYDRO,115.54775340616702,896
2026-09-04T11:00:00Z,OTHER,BIOMASS,111.096498125924,195
2026-09-04T11:00:00Z,OTHER,COMPOSITE,0,20
2026-09-04T11:00:00Z,OTHER,GAS,1.9718398871686724,10
2026-09-04T11:00:00Z,OTHER,GAS COGEN,40.748277765909826,58
2026-09-04T11:00:00Z,OTHER,OIL/GAS,44.32883779737684,53
2026-09-04T11:00:00Z,OTHER,WOOD/REFUSE,82.94894487685627,149
2026-09-04T11:00:00Z,SOLAR,SOLAR,0.10000000149011612,1892
2026-09-04T11:00:00Z,WIND,WIND,767.0313415689891,5684
2026-09-04T12:00:00Z,ENERGY STORAGE,ENERGY STORAGE,-0.1337777697543303,270
2026-09-04T12:00:00Z,GAS,COGENERATION,4399.540849154128,6122
2026-09-04T12:00:00Z,GAS,COMBINED CYCLE,2921.6303503709373,3974
2026-09-04T12:00:00Z,GAS,GAS FIRED STEAM,1052.417929318746,3078
2026-09-04T12:00:00Z,GAS,SIMPLE CYCLE,94.83105343659719,1014
2026-09-04T12:00:00Z,HYDRO,HYDRO,137.03688802500565,896
2026-09-04T12:00:00Z,OTHER,BIOMASS,105.96533167468176,195
2026-09-04T12:00:00Z,OTHER,COMPOSITE,0,20
2026-09-04T12:00:00Z,OTHER,GAS,1.9999510049819944,10
2026-09-04T12:00:00Z,OTHER,GAS COGEN,40.87862944020166,58
2026-09-04T12:00:00Z,OTHER,OIL/GAS,43.77969305674235,53
2026-09-04T12:00:00Z,OTHER,WOOD/REFUSE,82.59526358895832,149
2026-09-04T12:00:00Z,SOLAR,SOLAR,0.9136111330489317,1892
2026-09-04T12:00:00Z,WIND,WIND,961.877102811022,5684
2026-09-04T13:00:00Z,ENERGY STORAGE,ENERGY STORAGE,0,270
2026-09-04T13:00:00Z,GAS,COGENERATION,4366.619677726163,6122
2026-09-04T13:00:00Z,GAS,COMBINED CYCLE,2941.1526737740305,3974
2026-09-04T13:00:00Z,GAS,GAS FIRED STEAM,824.9447088098526,3078
2026-09-04T13:00:00Z,GAS,SIMPLE CYCLE,188.75832986983988,1014
2026-09-04T13:00:00Z,HYDRO,HYDRO,180.76979329566163,896
2026-09-04T13:00:00Z,OTHER,BIOMASS,105.23438700464037,195
2026-09-04T13:00:00Z,OTHER,COMPOSITE,0,20
2026-09-04T13:00:00Z,OTHER,GAS,1.9999510049819944,10
2026-09-04T13:00:00Z,OTHER,GAS COGEN,40.754464463657804,58
2026-09-04T13:00:00Z,OTHER,OIL/GAS,43.692009942796496,53
2026-09-04T13:00:00Z,OTHER,WOOD/REFUSE,80.66804053730434,149
2026-09-04T13:00:00Z,SOLAR,SOLAR,77.05827669483092,1892
2026-09-04T13:00:00Z,WIND,WIND,896.4302105210804,5684
2026-09-04T14:00:00Z,ENERGY STORAGE,ENERGY STORAGE,0,270
2026-09-04T14:00:00Z,GAS,COGENERATION,4373.213271960814,6122
2026-09-04T14:00:00Z,GAS,COMBINED CYCLE,2970.281833946705,3974
2026-09-04T14:00:00Z,GAS,GAS FIRED STEAM,949.1652635802162,3078
2026-09-04T14:00:00Z,GAS,SIMPLE CYCLE,205.79716362396877,1014
2026-09-04T14:00:00Z,HYDRO,HYDRO,233.1160172473722,896
2026-09-04T14:00:00Z,OTHER,BIOMASS,107.71683081309001,195
2026-09-04T14:00:00Z,OTHER,COMPOSITE,9.942277610119849,20
2026-09-04T14:00:00Z,OTHER,GAS,1.2882843375205997,10
2026-09-04T14:00:00Z,OTHER,GAS COGEN,40.547504767841765,58
2026-09-04T14:00:00Z,OTHER,OIL/GAS,43.52550998687744,53
2026-09-04T14:00:00Z,OTHER,WOOD/REFUSE,80.16707823435465,149
2026-09-04T14:00:00Z,SOLAR,SOLAR,180.79111793994903,1892
2026-09-04T14:00:00Z,WIND,WIND,666.6701592528448,5684
2026-09-04T15:00:00Z,ENERGY STORAGE,ENERGY STORAGE,0,270
2026-09-04T15:00:00Z,GAS,COGENERATION,4361.885664904515,6122
2026-09-04T15:00:00Z,GAS,COMBINED CYCLE,2975.7267479067377,3974
2026-09-04T15:00:00Z,GAS,GAS FIRED STEAM,1192.5754287083944,3078
2026-09-04T15:00:00Z,GAS,SIMPLE CYCLE,256.22321684585677,1014
2026-09-04T15:00:00Z,HYDRO,HYDRO,164.34323639142843,896
2026-09-04T15:00:00Z,OTHER,BIOMASS,107.82188739352756,195
2026-09-04T15:00:00Z,OTHER,COMPOSITE,12.698833141856724,20
2026-09-04T15:00:00Z,OTHER,GAS,0.9999510049819946,10
2026-09-04T15:00:00Z,OTHER,GAS COGEN,40.65809880362617,58
2026-09-04T15:00:00Z,OTHER,OIL/GAS,42.893537801106774,53
2026-09-04T15:00:00Z,OTHER,WOOD/REFUSE,81.66473900768493,149
2026-09-04T15:00:00Z,SOLAR,SOLAR,263.20668197961317,1892
2026-09-04T15:00:00Z,WIND,WIND,633.4950379823355,5684
2026-09-04T16:00:00Z,ENERGY STORAGE,ENERGY STORAGE,0,270
2026-09-04T16:00:00Z,GAS,COGENERATION,4364.722697361045,6122
2026-09-04T16:00:00Z,GAS,COMBINED CYCLE,2982.822056541178,3974
2026-09-04T16:00:00Z,GAS,GAS FIRED STEAM,1219.4372020461824,3078
2026-09-04T16:00:00Z,GAS,SIMPLE CYCLE,316.1653624976178,1014
2026-09-04T16:00:00Z,HYDRO,HYDRO,260.97633395521177,896
2026-09-04T16:00:00Z,OTHER,BIOMASS,106.97499892605676,195
2026-09-04T16:00:00Z,OTHER,COMPOSITE,12.699999809265137,20
2026-09-04T16:00:00Z,OTHER,GAS,0.9999510049819946,10
2026-09-04T16:00:00Z,OTHER,GAS COGEN,40.78357725249396,58
2026-09-04T16:00:00Z,OTHER,OIL/GAS,43.33632158491346,53
2026-09-04T16:00:00Z,OTHER,WOOD/REFUSE,91.28607987562815,149
2026-09-04T16:00:00Z,SOLAR,SOLAR,468.469616400169,1892
2026-09-04T16:00:00Z,WIND,WIND,397.1359864445362,5684
2026-09-04T17:00:00Z,ENERGY STORAGE,ENERGY STORAGE,0,270
2026-09-04T17:00:00Z,GAS,COGENERATION,4334.297999201351,6122
2026-09-04T17:00:00Z,GAS,COMBINED CYCLE,2958.166326865355,3974
2026-09-04T17:00:00Z,GAS,GAS FIRED STEAM,1210.0706463347542,3078
2026-09-04T17:00:00Z,GAS,SIMPLE CYCLE,265.6979359853723,1014
2026-09-04T17:00:00Z,HYDRO,HYDRO,146.06138940453528,896
2026-09-04T17:00:00Z,OTHER,BIOMASS,107.94875932153728,195
2026-09-04T17:00:00Z,OTHER,COMPOSITE,12.699999809265137,20
2026-09-04T17:00:00Z,OTHER,GAS,0.9999510049819946,10
2026-09-04T17:00:00Z,OTHER,GAS COGEN,41.064262469079765,58
2026-09-04T17:00:00Z,OTHER,OIL/GAS,43.31228177388509,53
2026-09-04T17:00:00Z,OTHER,WOOD/REFUSE,85.68791432407168,149
2026-09-04T17:00:00Z,SOLAR,SOLAR,673.6240259815918,1892
2026-09-04T17:00:00Z,WIND,WIND,530.9131435976343,5684
2026-09-04T18:00:00Z,ENERGY STORAGE,ENERGY STORAGE,0,270
2026-09-04T18:00:00Z,GAS,COGENERATION,4329.905475720432,6122
2026-09-04T18:00:00Z,GAS,COMBINED CYCLE,2958.6076157307625,3974
2026-09-04T18:00:00Z,GAS,GAS FIRED STEAM,1058.349649904039,3078
2026-09-04T18:00:00Z,GAS,SIMPLE CYCLE,197.77700007372434,1014
2026-09-04T18:00:00Z,HYDRO,HYDRO,200.07200475916267,896
2026-09-04T18:00:00Z,OTHER,BIOMASS,107.63899838500554,195
2026-09-04T18:00:00Z,OTHER,COMPOSITE,0.4135555485884349,20
2026-09-04T18:00:00Z,OTHER,GAS,0.9999510049819946,10
2026-09-04T18:00:00Z,OTHER,GAS COGEN,41.04395878579882,58
2026-09-04T18:00:00Z,OTHER,OIL/GAS,43.56378251605564,53
2026-09-04T18:00:00Z,OTHER,WOOD/REFUSE,82.16062711225615,149
2026-09-04T18:00:00Z,SOLAR,SOLAR,925.9952084782223,1892
2026-09-04T18:00:00Z,WIND,WIND,646.4627202628263,5684
2026-09-04T19:00:00Z,ENERGY STORAGE,ENERGY STORAGE,0,270
2026-09-04T19:00:00Z,GAS,COGENERATION,4329.68538143264,6122
2026-09-04T19:00:00Z,GAS,COMBINED CYCLE,2944.6244226818612,3974
2026-09-04T19:00:00Z,GAS,GAS FIRED STEAM,970.6262648306953,3078
2026-09-04T19:00:00Z,GAS,SIMPLE CYCLE,188.8532186431355,1014
2026-09-04T19:00:00Z,HYDRO,HYDRO,146.08074088758892,896
2026-09-04T19:00:00Z,OTHER,BIOMASS,109.48710957898034,195
2026-09-04T19:00:00Z,OTHER,COMPOSITE,0,20
2026-09-04T19:00:00Z,OTHER,GAS,0.9999510049819946,10
2026-09-04T19:00:00Z,OTHER,GAS COGEN,41.10348315874735,58
2026-09-04T19:00:00Z,OTHER,OIL/GAS,43.79044348610772,53
2026-09-04T19:00:00Z,OTHER,WOOD/REFUSE,81.7799344880051,149
2026-09-04T19:00:00Z,SOLAR,SOLAR,912.7124740750922,1892
2026-09-04T19:00:00Z,WIND,WIND,849.4082114839554,5684
2026-09-04T20:00:00Z,ENERGY STORAGE,ENERGY STORAGE,0,270
2026-09-04T20:00:00Z,GAS,COGENERATION,4320.047040760517,6122
2026-09-04T20:00:00Z,GAS,COMBINED CYCLE,2921.3830358952946,3974
2026-09-04T20:00:00Z,GAS,GAS FIRED STEAM,755.0701521601942,3078
2026-09-04T20:00:00Z,GAS,SIMPLE CYCLE,191.18927495002745,1014
2026-09-04T20:00:00Z,HYDRO,HYDRO,143.3615466384093,896
2026-09-04T20:00:00Z,OTHER,BIOMASS,105.31822020636665,195
2026-09-04T20:00:00Z,OTHER,COMPOSITE,0,20
2026-09-04T20:00:00Z,OTHER,GAS,1.4591176715162066,10
2026-09-04T20:00:00Z,OTHER,GAS COGEN,41.41506488323211,58
2026-09-04T20:00:00Z,OTHER,OIL/GAS,44.02993787341648,53
2026-09-04T20:00:00Z,OTHER,WOOD/REFUSE,81.72848150134087,149
2026-09-04T20:00:00Z,SOLAR,SOLAR,1113.7812437305518,1892
2026-09-04T20:00:00Z,WIND,WIND,1019.5085403817022,5684
2026-09-04T21:00:00Z,ENERGY STORAGE,ENERGY STORAGE,0,270
2026-09-04T21:00:00Z,GAS,COGENERATION,4215.0285460640325,6122
2026-09-04T21:00:00Z,GAS,COMBINED CYCLE,2702.015194525454,3974
2026-09-04T21:00:00Z,GAS,GAS FIRED STEAM,519.1277693268987,3078
2026-09-04T21:00:00Z,GAS,SIMPLE CYCLE,191.74894134693676,1014
2026-09-04T21:00:00Z,HYDRO,HYDRO,146.97192201975318,896
2026-09-04T21:00:00Z,OTHER,BIOMASS,107.6921087802781,195
2026-09-04T21:00:00Z,OTHER,COMPOSITE,0,20
2026-09-04T21:00:00Z,OTHER,GAS,1.9999510049819944,10
2026-09-04T21:00:00Z,OTHER,GAS COGEN,41.410129957199096,58
2026-09-04T21:00:00Z,OTHER,OIL/GAS,44.17774911668565,53
2026-09-04T21:00:00Z,OTHER,WOOD/REFUSE,76.28642629994287,149
2026-09-04T21:00:00Z,SOLAR,SOLAR,1312.889416709443,1892
2026-09-04T21:00:00Z,WIND,WIND,1290.7399058432793,5684
2026-09-04T22:00:00Z,ENERGY STORAGE,ENERGY STORAGE,0,270
2026-09-04T22:00:00Z,GAS,COGENERATION,4180.576013564401,6122
2026-09-04T22:00:00Z,GAS,COMBINED CYCLE,2692.3325397875574,3974
2026-09-04T22:00:00Z,GAS,GAS FIRED STEAM,366.5266610336304,3078
2026-09-04T22:00:00Z,GAS,SIMPLE CYCLE,196.45716416067546,1014
2026-09-04T22:00:00Z,HYDRO,HYDRO,194.44186421732937,896
2026-09-04T22:00:00Z,OTHER,BIOMASS,106.99155287557178,195
2026-09-04T22:00:00Z,OTHER,COMPOSITE,0,20
2026-09-04T22:00:00Z,OTHER,GAS,1.9999510049819944,10
2026-09-04T22:00:00Z,OTHER,GAS COGEN,41.29252163039314,58
2026-09-04T22:00:00Z,OTHER,OIL/GAS,44.61914896647136,53
2026-09-04T22:00:00Z,OTHER,WOOD/REFUSE,74.33138200481733,149
2026-09-04T22:00:00Z,SOLAR,SOLAR,1396.6146445176005,1892
2026-09-04T22:00:00Z,WIND,WIND,1327.4841515952721,5684
2026-09-04T23:00:00Z,ENERGY STORAGE,ENERGY STORAGE,0,270
2026-09-04T23:00:00Z,GAS,COGENERATION,4305.705414788591,6122
2026-09-04T23:00:00Z,GAS,COMBINED CYCLE,2885.7256098712814,3974
2026-09-04T23:00:00Z,GAS,GAS FIRED STEAM,573.0318788115184,3078
2026-09-04T23:00:00Z,GAS,SIMPLE CYCLE,199.62944175455306,1014
2026-09-04T23:00:00Z,HYDRO,HYDRO,250.69485676215754,896
2026-09-04T23:00:00Z,OTHER,BIOMASS,104.73833111604054,195
2026-09-04T23:00:00Z,OTHER,COMPOSITE,0,20
2026-09-04T23:00:00Z,OTHER,GAS,1.9999510049819944,10
2026-09-04T23:00:00Z,OTHER,GAS COGEN,41.347500209808345,58
2026-09-04T23:00:00Z,OTHER,OIL/GAS,45.101366125742594,53
2026-09-04T23:00:00Z,OTHER,WOOD/REFUSE,75.05342367927233,149
2026-09-04T23:00:00Z,SOLAR,SOLAR,1239.4471421961819,1892
2026-09-04T23:00:00Z,WIND,WIND,998.6090523224241,5684
2026-09-05T00:00:00Z,ENERGY STORAGE,ENERGY STORAGE,0,270
2026-09-05T00:00:00Z,GAS,COGENERATION,4375.584224398136,6122
2026-09-05T00:00:00Z,GAS,COMBINED CYCLE,2990.7455349760585,3974
2026-09-05T00:00:00Z,GAS,GAS FIRED STEAM,877.7727102915446,3078
2026-09-05T00:00:00Z,GAS,SIMPLE CYCLE,227.88538507464858,1014
2026-09-05T00:00:00Z,HYDRO,HYDRO,252.84773228325776,896
2026-09-05T00:00:00Z,OTHER,BIOMASS,106.05316430144839,195
2026-09-05T00:00:00Z,OTHER,COMPOSITE,0,20
2026-09-05T00:00:00Z,OTHER,GAS,1.9999510049819944,10
2026-09-05T00:00:00Z,OTHER,GAS COGEN,41.371643320189584,58
2026-09-05T00:00:00Z,OTHER,OIL/GAS,44.94289367251926,53
2026-09-05T00:00:00Z,OTHER,WOOD/REFUSE,75.31735758887397,149
2026-09-05T00:00:00Z,SOLAR,SOLAR,579.6555756288767,1892
2026-09-05T00:00:00Z,WIND,WIND,919.569552345905,5684
2026-09-05T01:00:00Z,ENERGY STORAGE,ENERGY STORAGE,0,270
2026-09-05T01:00:00Z,GAS,COGENERATION,4396.763651901483,6122
2026-09-05T01:00:00Z,GAS,COMBINED CYCLE,2976.1125783488487,3974
2026-09-05T01:00:00Z,GAS,GAS FIRED STEAM,960.0857076697879,3078
2026-09-05T01:00:00Z,GAS,SIMPLE CYCLE,223.49010849846732,1014
2026-09-05T01:00:00Z,HYDRO,HYDRO,159.08397719462712,896
2026-09-05T01:00:00Z,OTHER,BIOMASS,106.73777531120513,195
2026-09-05T01:00:00Z,OTHER,COMPOSITE,0,20
2026-09-05T01:00:00Z,OTHER,GAS,1.9999510049819944,10
2026-09-05T01:00:00Z,OTHER,GAS COGEN,41.45013688405355,58
2026-09-05T01:00:00Z,OTHER,OIL/GAS,44.72170396592882,53
2026-09-05T01:00:00Z,OTHER,WOOD/REFUSE,80.01166877534655,149
2026-09-05T01:00:00Z,SOLAR,SOLAR,102.60644310509164,1892
2026-09-05T01:00:00Z,WIND,WIND,1246.1224554626808,5684
2026-09-05T02:00:00Z,ENERGY STORAGE,ENERGY STORAGE,0,270
2026-09-05T02:00:00Z,GAS,COGENERATION,4426.4171549431485,6122
2026-09-05T02:00:00Z,GAS,COMBINED CYCLE,2981.731263217131,3974
2026-09-05T02:00:00Z,GAS,GAS FIRED STEAM,647.6817683010631,3078
2026-09-05T02:00:00Z,GAS,SIMPLE CYCLE,227.1894396633572,1014
2026-09-05T02:00:00Z,HYDRO,HYDRO,175.35735098626878,896
2026-09-05T02:00:00Z,OTHER,BIOMASS,107.60805321984822,195
2026-09-05T02:00:00Z,OTHER,COMPOSITE,0,20
2026-09-05T02:00:00Z,OTHER,GAS,1.9999510049819944,10
2026-09-05T02:00:00Z,OTHER,GAS COGEN,41.62381586127811,58
2026-09-05T02:00:00Z,OTHER,OIL/GAS,45.232859444088405,53
2026-09-05T02:00:00Z,OTHER,WOOD/REFUSE,80.311360099713,149
2026-09-05T02:00:00Z,SOLAR,SOLAR,0.10211111263268523,1892
2026-09-05T02:00:00Z,WIND,WIND,1519.1663420281145,5684
2026-09-05T03:00:00Z,ENERGY STORAGE,ENERGY STORAGE,0,270
2026-09-05T03:00:00Z,GAS,COGENERATION,4386.517525873184,6122
2026-09-05T03:00:00Z,GAS,COMBINED CYCLE,2921.3417692073185,3974
2026-09-05T03:00:00Z,GAS,GAS FIRED STEAM,566.6728800688849,3078
2026-09-05T03:00:00Z,GAS,SIMPLE CYCLE,224.12677347620328,1014
2026-09-05T03:00:00Z,HYDRO,HYDRO,158.13372244291836,896
2026-09-05T03:00:00Z,OTHER,BIOMASS,108.1619983710183,195
2026-09-05T03:00:00Z,OTHER,COMPOSITE,0,20
2026-09-05T03:00:00Z,OTHER,GAS,1.9999510049819944,10
2026-09-05T03:00:00Z,OTHER,GAS COGEN,41.651680312686494,58
2026-09-05T03:00:00Z,OTHER,OIL/GAS,45.22146642049154,53
2026-09-05T03:00:00Z,OTHER,WOOD/REFUSE,82.09323875771629,149
2026-09-05T03:00:00Z,SOLAR,SOLAR,0.10000000149011612,1892
2026-09-05T03:00:00Z,WIND,WIND,1686.1744265349043,5684
2026-09-05T04:00:00Z,ENERGY STORAGE,ENERGY STORAGE,0,270
2026-09-05T04:00:00Z,GAS,COGENERATION,4320.506103897757,6122
2026-09-05T04:00:00Z,GAS,COMBINED CYCLE,2774.1675540481674,3974
2026-09-05T04:00:00Z,GAS,GAS FIRED STEAM,452.967046002282,3078
2026-09-05T04:00:00Z,GAS,SIMPLE CYCLE,137.52855212979847,1014
2026-09-05T04:00:00Z,HYDRO,HYDRO,249.80977489093112,896
2026-09-05T04:00:00Z,OTHER,BIOMASS,109.7811090432273,195
2026-09-05T04:00:00Z,OTHER,COMPOSITE,0,20
2026-09-05T04:00:00Z,OTHER,GAS,1.9999510049819944,10
2026-09-05T04:00:00Z,OTHER,GAS COGEN,41.511729343202376,58
2026-09-05T04:00:00Z,OTHER,OIL/GAS,45.69651060740153,53
2026-09-05T04:00:00Z,OTHER,WOOD/REFUSE,80.638655581739215,149
2026-09-05T04:00:00Z,SOLAR,SOLAR,0.10000000149011612,1892
2026-09-05T04:00:00Z,WIND,WIND,1793.4501232986565,5684
2026-09-05T05:00:00Z,ENERGY STORAGE,ENERGY STORAGE,0,270
2026-09-05T05:00:00Z,GAS,COGENERATION,4433.699019017749,6122
2026-09-05T05:00:00Z,GAS,COMBINED CYCLE,2889.544947921104,3974
2026-09-05T05:00:00Z,GAS,GAS FIRED STEAM,608.564602071974,3078
2026-09-05T05:00:00Z,GAS,SIMPLE CYCLE,85.03316575778855,1014
2026-09-05T05:00:00Z,HYDRO,HYDRO,159.13493807024426,896
2026-09-05T05:00:00Z,OTHER,BIOMASS,108.66583068794674,195
2026-09-05T05:00:00Z,OTHER,COMPOSITE,0,20
2026-09-05T05:00:00Z,OTHER,GAS,1.9999510049819944,10
2026-09-05T05:00:00Z,OTHER,GAS COGEN,41.56526670985752,58
2026-09-05T05:00:00Z,OTHER,OIL/GAS,46.08354842503866,53
2026-09-05T05:00:00Z,OTHER,WOOD/REFUSE,76.0913542315695,149
2026-09-05T05:00:00Z,SOLAR,SOLAR,0.10000000149011612,1892
2026-09-05T05:00:00Z,WIND,WIND,1418.9894800599086,5684
2026-09-05T06:00:00Z,ENERGY STORAGE,ENERGY STORAGE,-3.8094999269313283,270
2026-09-05T06:00:00Z,GAS,COGENERATION,4433.875573739343,6122
2026-09-05T06:00:00Z,GAS,COMBINED CYCLE,2701.7785125025116,3974
2026-09-05T06:00:00Z,GAS,GAS FIRED STEAM,585.7156030811203,3078
2026-09-05T06:00:00Z,GAS,SIMPLE CYCLE,71.54822150660885,1014
2026-09-05T06:00:00Z,HYDRO,HYDRO,157.89322527594038,896
2026-09-05T06:00:00Z,OTHER,BIOMASS,107.1646086745792,195
2026-09-05T06:00:00Z,OTHER,COMPOSITE,0,20
2026-09-05T06:00:00Z,OTHER,GAS,1.9999510049819944,10
2026-09-05T06:00:00Z,OTHER,GAS COGEN,41.583068395720595,58
2026-09-05T06:00:00Z,OTHER,OIL/GAS,46.07994824515448,53
2026-09-05T06:00:00Z,OTHER,WOOD/REFUSE,76.24517461856206,149
2026-09-05T06:00:00Z,SOLAR,SOLAR,0.10000000149011612,1892
2026-09-05T06:00:00Z,WIND,WIND,1473.7572424272862,5684
2026-09-05T07:00:00Z,ENERGY STORAGE,ENERGY STORAGE,-11.72416643536753,270
2026-09-05T07:00:00Z,GAS,COGENERATION,4421.031406003766,6122
2026-09-05T07:00:00Z,GAS,COMBINED CYCLE,2674.851108338833,3974
2026-09-05T07:00:00Z,GAS,GAS FIRED STEAM,560.3778249867757,3078
2026-09-05T07:00:00Z,GAS,SIMPLE CYCLE,71.33972191492717,1014
2026-09-05T07:00:00Z,HYDRO,HYDRO,144.66326442347633,896
2026-09-05T07:00:00Z,OTHER,BIOMASS,106.46160900010004,195
2026-09-05T07:00:00Z,OTHER,COMPOSITE,0,20
2026-09-05T07:00:00Z,OTHER,GAS,1.9999510049819944,10
2026-09-05T07:00:00Z,OTHER,GAS COGEN,41.6261982732349,58
2026-09-05T07:00:00Z,OTHER,OIL/GAS,46.182047850290935,53
2026-09-05T07:00:00Z,OTHER,WOOD/REFUSE,77.00124090883467,149
2026-09-05T07:00:00Z,SOLAR,SOLAR,0.10000000149011612,1892
2026-09-05T07:00:00Z,WIND,WIND,1448.8344048874742,5684
2026-09-05T08:00:00Z,ENERGY STORAGE,ENERGY STORAGE,-8.363555380242566,270
2026-09-05T08:00:00Z,GAS,COGENERATION,4405.999104784065,6122
2026-09-05T08:00:00Z,GAS,COMBINED CYCLE,2682.4207327278455,3974
2026-09-05T08:00:00Z,GAS,GAS FIRED STEAM,490.0808259667291,3078
2026-09-05T08:00:00Z,GAS,SIMPLE CYCLE,71.39549953248766,1014
2026-09-05T08:00:00Z,HYDRO,HYDRO,190.7908301003774,896
2026-09-05T08:00:00Z,OTHER,BIOMASS,104.60999749395582,195
2026-09-05T08:00:00Z,OTHER,COMPOSITE,0,20
2026-09-05T08:00:00Z,OTHER,GAS,1.9999510049819944,10
2026-09-05T08:00:00Z,OTHER,GAS COGEN,41.676843085289,58
2026-09-05T08:00:00Z,OTHER,OIL/GAS,46.25793722364637,53
2026-09-05T08:00:00Z,OTHER,WOOD/REFUSE,74.76482945230272,149
2026-09-05T08:00:00Z,SOLAR,SOLAR,0.10000000149011612,1892
2026-09-05T08:00:00Z,WIND,WIND,1332.852071613417,5684
2026-09-05T09:00:00Z,ENERGY STORAGE,ENERGY STORAGE,-0.3727777714530627,270
2026-09-05T09:00:00Z,GAS,COGENERATION,4440.844634982613,6122
2026-09-05T09:00:00Z,GAS,COMBINED CYCLE,2679.440225526227,3974
2026-09-05T09:00:00Z,GAS,GAS FIRED STEAM,575.3081012450325,3078
2026-09-05T09:00:00Z,GAS,SIMPLE CYCLE,71.2549437348048,1014
2026-09-05T09:00:00Z,HYDRO,HYDRO,155.68341957569123,896
2026-09-05T09:00:00Z,OTHER,BIOMASS,104.4983310148451,195
2026-09-05T09:00:00Z,OTHER,COMPOSITE,0,20
2026-09-05T09:00:00Z,OTHER,GAS,1.9999510049819944,10
2026-09-05T09:00:00Z,OTHER,GAS COGEN,41.53148987929026,58
2026-09-05T09:00:00Z,OTHER,OIL/GAS,46.57324927435981,53
2026-09-05T09:00:00Z,OTHER,WOOD/REFUSE,73.19912041319742,149
2026-09-05T09:00:00Z,SOLAR,SOLAR,0.10000000149011612,1892
2026-09-05T09:00:00Z,WIND,WIND,1189.792497231712,5684
2026-09-05T10:00:00Z,ENERGY STORAGE,ENERGY STORAGE,0,270
2026-09-05T10:00:00Z,GAS,COGENERATION,4477.741706339386,6122
2026-09-05T10:00:00Z,GAS,COMBINED CYCLE,2680.838583630191,3974
2026-09-05T10:00:00Z,GAS,GAS FIRED STEAM,587.7068789037069,3078
2026-09-05T10:00:00Z,GAS,SIMPLE CYCLE,71.55038841936324,1014
2026-09-05T10:00:00Z,HYDRO,HYDRO,183.43751930011643,896
2026-09-05T10:00:00Z,OTHER,BIOMASS,105.05783141560025,195
2026-09-05T10:00:00Z,OTHER,COMPOSITE,0,20
2026-09-05T10:00:00Z,OTHER,GAS,1.9999510049819944,10
2026-09-05T10:00:00Z,OTHER,GAS COGEN,41.43555025842455,58
2026-09-05T10:00:00Z,OTHER,OIL/GAS,46.368126191033255,53
2026-09-05T10:00:00Z,OTHER,WOOD/REFUSE,73.09684536271625,149
2026-09-05T10:00:00Z,SOLAR,SOLAR,0.10000000149011612,1892
2026-09-05T10:00:00Z,WIND,WIND,1119.064660226024,5684
2026-09-05T11:00:00Z,ENERGY STORAGE,ENERGY STORAGE,0,270
2026-09-05T11:00:00Z,GAS,COGENERATION,4487.925864394373,6122
2026-09-05T11:00:00Z,GAS,COMBINED CYCLE,2749.77513679213,3974
2026-09-05T11:00:00Z,GAS,GAS FIRED STEAM,647.7180464490255,3078
2026-09-05T11:00:00Z,GAS,SIMPLE CYCLE,71.24405489444733,1014
2026-09-05T11:00:00Z,HYDRO,HYDRO,137.72528834031687,896
2026-09-05T11:00:00Z,OTHER,BIOMASS,106.04983194139268,195
2026-09-05T11:00:00Z,OTHER,COMPOSITE,0,20
2026-09-05T11:00:00Z,OTHER,GAS,1.9999510049819944,10
2026-09-05T11:00:00Z,OTHER,GAS COGEN,41.4325621816847,58
2026-09-05T11:00:00Z,OTHER,OIL/GAS,46.51411584218343,53
2026-09-05T11:00:00Z,OTHER,WOOD/REFUSE,72.91700732390085,149
2026-09-05T11:00:00Z,SOLAR,SOLAR,0.10000000149011612,1892
2026-09-05T11:00:00Z,WIND,WIND,1050.369789342429,5684
2026-09-05T12:00:00Z,ENERGY STORAGE,ENERGY STORAGE,0,270
2026-09-05T12:00:00Z,GAS,COGENERATION,4539.591885759301,6122
2026-09-05T12:00:00Z,GAS,COMBINED CYCLE,2760.9277812981604,3974
2026-09-05T12:00:00Z,GAS,GAS FIRED STEAM,660.7412123192681,3078
2026-09-05T12:00:00Z,GAS,SIMPLE CYCLE,71.44288785510592,1014
2026-09-05T12:00:00Z,HYDRO,HYDRO,125.1600819876459,896
2026-09-05T12:00:00Z,OTHER,BIOMASS,104.44588745647006,195
2026-09-05T12:00:00Z,OTHER,COMPOSITE,0,20
2026-09-05T12:00:00Z,OTHER,GAS,1.934950989484787,10
2026-09-05T12:00:00Z,OTHER,GAS COGEN,41.40547862635718,58
2026-09-05T12:00:00Z,OTHER,OIL/GAS,46.466182486216226,53
2026-09-05T12:00:00Z,OTHER,WOOD/REFUSE,72.87574047989315,149
2026-09-05T12:00:00Z,SOLAR,SOLAR,0.1547777774102158,1892
2026-09-05T12:00:00Z,WIND,WIND,1146.1410152870665,5684
2026-09-05T13:00:00Z,ENERGY STORAGE,ENERGY STORAGE,0,270
2026-09-05T13:00:00Z,GAS,COGENERATION,4506.930526914696,6122
2026-09-05T13:00:00Z,GAS,COMBINED CYCLE,2748.40305256274,3974
2026-09-05T13:00:00Z,GAS,GAS FIRED STEAM,585.9990451008744,3078
2026-09-05T13:00:00Z,GAS,SIMPLE CYCLE,75.41349931663937,1014
2026-09-05T13:00:00Z,HYDRO,HYDRO,156.47735528078343,896
2026-09-05T13:00:00Z,OTHER,BIOMASS,104.09666512012483,195
2026-09-05T13:00:00Z,OTHER,COMPOSITE,0,20
2026-09-05T13:00:00Z,OTHER,GAS,1.8999509811401367,10
2026-09-05T13:00:00Z,OTHER,GAS COGEN,41.479407924016314,58
2026-09-05T13:00:00Z,OTHER,OIL/GAS,46.13219944424099,53
2026-09-05T13:00:00Z,OTHER,WOOD/REFUSE,72.89307872560289,149
2026-09-05T13:00:00Z,SOLAR,SOLAR,24.625584573000673,1892
2026-09-05T13:00:00Z,WIND,WIND,1253.3772050126063,5684
2026-09-05T14:00:00Z,ENERGY STORAGE,ENERGY STORAGE,0,270
2026-09-05T14:00:00Z,GAS,COGENERATION,4508.263104086452,6122
2026-09-05T14:00:00Z,GAS,COMBINED CYCLE,2875.154123561382,3974
2026-09-05T14:00:00Z,GAS,GAS FIRED STEAM,709.200210621092,3078
2026-09-05T14:00:00Z,GAS,SIMPLE CYCLE,78.36138811005486,1014
2026-09-05T14:00:00Z,HYDRO,HYDRO,206.0754741968049,896
2026-09-05T14:00:00Z,OTHER,BIOMASS,103.80633169121212,195
2026-09-05T14:00:00Z,OTHER,COMPOSITE,0,20
2026-09-05T14:00:00Z,OTHER,GAS,1.8999509811401367,10
2026-09-05T14:00:00Z,OTHER,GAS COGEN,41.58004242950015,58
2026-09-05T14:00:00Z,OTHER,OIL/GAS,45.971248688168,53
2026-09-05T14:00:00Z,OTHER,WOOD/REFUSE,72.45605685896345,149
2026-09-05T14:00:00Z,SOLAR,SOLAR,79.84116518057883,1892
2026-09-05T14:00:00Z,WIND,WIND,1056.6381769160844,5684
2026-09-05T15:00:00Z,ENERGY STORAGE,ENERGY STORAGE,0,270
2026-09-05T15:00:00Z,GAS,COGENERATION,4511.2857664322855,6122
2026-09-05T15:00:00Z,GAS,COMBINED CYCLE,2850.7577934675746,3974
2026-09-05T15:00:00Z,GAS,GAS FIRED STEAM,1037.7167605241139,3078
2026-09-05T15:00:00Z,GAS,SIMPLE CYCLE,80.46155488749345,1014
2026-09-05T15:00:00Z,HYDRO,HYDRO,237.8076706998878,896
2026-09-05T15:00:00Z,OTHER,BIOMASS,105.82066470887925,195
2026-09-05T15:00:00Z,OTHER,COMPOSITE,0,20
2026-09-05T15:00:00Z,OTHER,GAS,1.8999509811401367,10
2026-09-05T15:00:00Z,OTHER,GAS COGEN,41.43326449447208,58
2026-09-05T15:00:00Z,OTHER,OIL/GAS,46.09649368921916,53
2026-09-05T15:00:00Z,OTHER,WOOD/REFUSE,72.282662367026,149
2026-09-05T15:00:00Z,SOLAR,SOLAR,109.55670926329162,1892
2026-09-05T15:00:00Z,WIND,WIND,817.440188762972,5684
2026-09-05T16:00:00Z,ENERGY STORAGE,ENERGY STORAGE,-0.7044444325400724,270
2026-09-05T16:00:00Z,GAS,COGENERATION,4506.155380844275,6122
2026-09-05T16:00:00Z,GAS,COMBINED CYCLE,2906.6338169614473,3974
2026-09-05T16:00:00Z,GAS,GAS FIRED STEAM,1152.8324267821843,3078
2026-09-05T16:00:00Z,GAS,SIMPLE CYCLE,195.74480800547533,1014
2026-09-05T16:00:00Z,HYDRO,HYDRO,200.6710038573212,896
2026-09-05T16:00:00Z,OTHER,BIOMASS,107.31077578107515,195
2026-09-05T16:00:00Z,OTHER,COMPOSITE,0,20
2026-09-05T16:00:00Z,OTHER,GAS,1.8999509811401367,10
2026-09-05T16:00:00Z,OTHER,GAS COGEN,41.3749084382587,58
2026-09-05T16:00:00Z,OTHER,OIL/GAS,46.61291522132026,53
2026-09-05T16:00:00Z,OTHER,WOOD/REFUSE,72.34833739585348,149
2026-09-05T16:00:00Z,SOLAR,SOLAR,150.6402806288335,1892
2026-09-05T16:00:00Z,WIND,WIND,656.3845913434898,5684
2026-09-05T17:00:00Z,ENERGY STORAGE,ENERGY STORAGE,0,270
2026-09-05T17:00:00Z,GAS,COGENERATION,4487.558644685613,6122
2026-09-05T17:00:00Z,GAS,COMBINED CYCLE,2892.280059129099,3974
2026-09-05T17:00:00Z,GAS,GAS FIRED STEAM,1153.5834298610687,3078
2026-09-05T17:00:00Z,GAS,SIMPLE CYCLE,252.61415494235027,1014
2026-09-05T17:00:00Z,HYDRO,HYDRO,206.41750278049045,896
2026-09-05T17:00:00Z,OTHER,BIOMASS,106.41513752645916,195
2026-09-05T17:00:00Z,OTHER,COMPOSITE,0,20
2026-09-05T17:00:00Z,OTHER,GAS,1.8999509811401367,10
2026-09-05T17:00:00Z,OTHER,GAS COGEN,41.4870896715588,58
2026-09-05T17:00:00Z,OTHER,OIL/GAS,46.88871571222941,53
2026-09-05T17:00:00Z,OTHER,WOOD/REFUSE,77.89447348674139,149
2026-09-05T17:00:00Z,SOLAR,SOLAR,246.1675190684696,1892
2026-09-05T17:00:00Z,WIND,WIND,479.7977940114132,5684
2026-09-05T18:00:00Z,ENERGY STORAGE,ENERGY STORAGE,0,270
2026-09-05T18:00:00Z,GAS,COGENERATION,4455.6563567550975,6122
2026-09-05T18:00:00Z,GAS,COMBINED CYCLE,2879.419037016233,3974
2026-09-05T18:00:00Z,GAS,GAS FIRED STEAM,1153.5188676696353,3078
2026-09-05T18:00:00Z,GAS,SIMPLE CYCLE,242.83030266054803,1014
2026-09-05T18:00:00Z,HYDRO,HYDRO,196.03298006451791,896
2026-09-05T18:00:00Z,OTHER,BIOMASS,106.08498718023301,195
2026-09-05T18:00:00Z,OTHER,COMPOSITE,0,20
2026-09-05T18:00:00Z,OTHER,GAS,1.8999509811401367,10
2026-09-05T18:00:00Z,OTHER,GAS COGEN,41.426389950646296,58
2026-09-05T18:00:00Z,OTHER,OIL/GAS,46.79886001798842,53
2026-09-05T18:00:00Z,OTHER,WOOD/REFUSE,78.06349871026144,149
2026-09-05T18:00:00Z,SOLAR,SOLAR,429.96746059464084,1892
2026-09-05T18:00:00Z,WIND,WIND,404.8234629098326,5684
2026-09-05T19:00:00Z,ENERGY STORAGE,ENERGY STORAGE,0,270
2026-09-05T19:00:00Z,GAS,COGENERATION,4440.620230712493,6122
2026-09-05T19:00:00Z,GAS,COMBINED CYCLE,2984.129998998642,3974
2026-09-05T19:00:00Z,GAS,GAS FIRED STEAM,1078.212539273368,3078
2026-09-05T19:00:00Z,GAS,SIMPLE CYCLE,204.22143098337781,1014
2026-09-05T19:00:00Z,HYDRO,HYDRO,197.91570207860735,896
2026-09-05T19:00:00Z,OTHER,BIOMASS,104.61744833214415,195
2026-09-05T19:00:00Z,OTHER,COMPOSITE,0,20
2026-09-05T19:00:00Z,OTHER,GAS,1.8999509811401367,10
2026-09-05T19:00:00Z,OTHER,GAS COGEN,41.41152184910244,58
2026-09-05T19:00:00Z,OTHER,OIL/GAS,46.73833237330119,53
2026-09-05T19:00:00Z,OTHER,WOOD/REFUSE,77.08654077291489,149
2026-09-05T19:00:00Z,SOLAR,SOLAR,562.2036032707824,1892
2026-09-05T19:00:00Z,WIND,WIND,323.1426494335549,5684
2026-09-05T20:00:00Z,ENERGY STORAGE,ENERGY STORAGE,0,270
2026-09-05T20:00:00Z,GAS,COGENERATION,4424.467232680983,6122
2026-09-05T20:00:00Z,GAS,COMBINED CYCLE,3059.097547302776,3974
2026-09-05T20:00:00Z,GAS,GAS FIRED STEAM,1122.3174308257633,3078
2026-09-05T20:00:00Z,GAS,SIMPLE CYCLE,191.71510803487564,1014
2026-09-05T20:00:00Z,HYDRO,HYDRO,271.92929942223765,896
2026-09-05T20:00:00Z,OTHER,BIOMASS,104.74822011841668,195
2026-09-05T20:00:00Z,OTHER,COMPOSITE,0,20
2026-09-05T20:00:00Z,OTHER,GAS,1.9876732242769664,10
2026-09-05T20:00:00Z,OTHER,GAS COGEN,41.32956463389927,58
2026-09-05T20:00:00Z,OTHER,OIL/GAS,46.446648317972816,53
2026-09-05T20:00:00Z,OTHER,WOOD/REFUSE,69.31477177421252,149
2026-09-05T20:00:00Z,SOLAR,SOLAR,572.7241793752213,1892
2026-09-05T20:00:00Z,WIND,WIND,229.12238806281653,5684
2026-09-05T21:00:00Z,ENERGY STORAGE,ENERGY STORAGE,0,270
2026-09-05T21:00:00Z,GAS,COGENERATION,4407.233175425794,6122
2026-09-05T21:00:00Z,GAS,COMBINED CYCLE,3041.3730863253277,3974
2026-09-05T21:00:00Z,GAS,GAS FIRED STEAM,1152.8765365166134,3078
2026-09-05T21:00:00Z,GAS,SIMPLE CYCLE,244.08371770686574,1014
2026-09-05T21:00:00Z,HYDRO,HYDRO,205.85224138617517,896
2026-09-05T21:00:00Z,OTHER,BIOMASS,103.33494268311394,195
2026-09-05T21:00:00Z,OTHER,COMPOSITE,0,20
2026-09-05T21:00:00Z,OTHER,GAS,1.9999510049819944,10
2026-09-05T21:00:00Z,OTHER,GAS COGEN,41.097510778639055,58
2026-09-05T21:00:00Z,OTHER,OIL/GAS,46.43960457483927,53
2026-09-05T21:00:00Z,OTHER,WOOD/REFUSE,69.31641409715016,149
2026-09-05T21:00:00Z,SOLAR,SOLAR,635.1483646078242,1892
2026-09-05T21:00:00Z,WIND,WIND,235.07633529810857,5684
2026-09-05T22:00:00Z,ENERGY STORAGE,ENERGY STORAGE,0,270
2026-09-05T22:00:00Z,GAS,COGENERATION,4407.355221141842,6122
2026-09-05T22:00:00Z,GAS,COMBINED CYCLE,3151.1587100776037,3974
2026-09-05T22:00:00Z,GAS,GAS FIRED STEAM,1146.1832025898827,3078
2026-09-05T22:00:00Z,GAS,SIMPLE CYCLE,186.17277499583034,1014
2026-09-05T22:00:00Z,HYDRO,HYDRO,250.30899312113723,896
2026-09-05T22:00:00Z,OTHER,BIOMASS,102.84638698683845,195
2026-09-05T22:00:00Z,OTHER,COMPOSITE,0,20
2026-09-05T22:00:00Z,OTHER,GAS,1.9999510049819944,10
2026-09-05T22:00:00Z,OTHER,GAS COGEN,41.063502071168685,58
2026-09-05T22:00:00Z,OTHER,OIL/GAS,46.55946590423584,53
2026-09-05T22:00:00Z,OTHER,WOOD/REFUSE,70.33670379254553,149
2026-09-05T22:00:00Z,SOLAR,SOLAR,609.7200929124818,1892
2026-09-05T22:00:00Z,WIND,WIND,194.18579636715353,5684
2026-09-05T23:00:00Z,ENERGY STORAGE,ENERGY STORAGE,0,270
2026-09-05T23:00:00Z,GAS,COGENERATION,4409.441432309945,6122
2026-09-05T23:00:00Z,GAS,COMBINED CYCLE,3225.8550610054863,3974
2026-09-05T23:00:00Z,GAS,GAS FIRED STEAM,1017.0433157889048,3078
2026-09-05T23:00:00Z,GAS,SIMPLE CYCLE,183.82455327696272,1014
2026-09-05T23:00:00Z,HYDRO,HYDRO,186.1134359898832,896
2026-09-05T23:00:00Z,OTHER,BIOMASS,103.73449817286598,195
2026-09-05T23:00:00Z,OTHER,COMPOSITE,12.263833281414376,20
2026-09-05T23:00:00Z,OTHER,GAS,1.9999510049819944,10
2026-09-05T23:00:00Z,OTHER,GAS COGEN,41.11584422429403,58
2026-09-05T23:00:00Z,OTHER,OIL/GAS,46.428326538933646,53
2026-09-05T23:00:00Z,OTHER,WOOD/REFUSE,70.69112817883492,149
2026-09-05T23:00:00Z,SOLAR,SOLAR,602.3975696616619,1892
2026-09-05T23:00:00Z,WIND,WIND,261.70544361208874,5684
2026-09-06T00:00:00Z,ENERGY STORAGE,ENERGY STORAGE,0.00261111103826097,270
2026-09-06T00:00:00Z,GAS,COGENERATION,4421.031439729664,6122
2026-09-06T00:00:00Z,GAS,COMBINED CYCLE,3264.2025507063336,3974
2026-09-06T00:00:00Z,GAS,GAS FIRED STEAM,833.700821413464,3078
2026-09-06T00:00:00Z,GAS,SIMPLE CYCLE,229.70306278434063,1014
2026-09-06T00:00:00Z,HYDRO,HYDRO,226.9626713285595,896
2026-09-06T00:00:00Z,OTHER,BIOMASS,103.29649763849046,195
2026-09-06T00:00:00Z,OTHER,COMPOSITE,12.98933332655165,20
2026-09-06T00:00:00Z,OTHER,GAS,1.9999510049819944,10
2026-09-06T00:00:00Z,OTHER,GAS COGEN,41.227736145655314,58
2026-09-06T00:00:00Z,OTHER,OIL/GAS,46.93336585998535,53
2026-09-06T00:00:00Z,OTHER,WOOD/REFUSE,71.37418532980813,149
2026-09-06T00:00:00Z,SOLAR,SOLAR,452.12199282241363,1892
2026-09-06T00:00:00Z,WIND,WIND,262.5898341910955,5684
2026-09-06T01:00:00Z,ENERGY STORAGE,ENERGY STORAGE,0,270
2026-09-06T01:00:00Z,GAS,COGENERATION,4426.239893172582,6122
2026-09-06T01:00:00Z,GAS,COMBINED CYCLE,3266.206591340171,3974
2026-09-06T01:00:00Z,GAS,GAS FIRED STEAM,1116.222650086085,3078
2026-09-06T01:00:00Z,GAS,SIMPLE CYCLE,195.31844676444928,1014
2026-09-06T01:00:00Z,HYDRO,HYDRO,241.73320602099102,896
2026-09-06T01:00:00Z,OTHER,BIOMASS,102.80188678847419,195
2026-09-06T01:00:00Z,OTHER,COMPOSITE,12.976666665607029,20
2026-09-06T01:00:00Z,OTHER,GAS,1.9999510049819944,10
2026-09-06T01:00:00Z,OTHER,GAS COGEN,41.19952440155877,58
2026-09-06T01:00:00Z,OTHER,OIL/GAS,47.06545982572767,53
2026-09-06T01:00:00Z,OTHER,WOOD/REFUSE,71.88550112777287,149
2026-09-06T01:00:00Z,SOLAR,SOLAR,93.2822210053727,1892
2026-09-06T01:00:00Z,WIND,WIND,294.85919125756453,5684
2026-09-06T02:00:00Z,ENERGY STORAGE,ENERGY STORAGE,0,270
2026-09-06T02:00:00Z,GAS,COGENERATION,4452.227707630661,6122
2026-09-06T02:00:00Z,GAS,COMBINED CYCLE,3284.538185576863,3974
2026-09-06T02:00:00Z,GAS,GAS FIRED STEAM,1153.6061483078533,3078
2026-09-06T02:00:00Z,GAS,SIMPLE CYCLE,243.59552888578838,1014
2026-09-06T02:00:00Z,HYDRO,HYDRO,214.33867609116766,896
2026-09-06T02:00:00Z,OTHER,BIOMASS,103.83822032716539,195
2026-09-06T02:00:00Z,OTHER,COMPOSITE,1.5250555545753903,20
2026-09-06T02:00:00Z,OTHER,GAS,1.9999510049819944,10
2026-09-06T02:00:00Z,OTHER,GAS COGEN,41.36328966670566,58
2026-09-06T02:00:00Z,OTHER,OIL/GAS,46.467648900349936,53
2026-09-06T02:00:00Z,OTHER,WOOD/REFUSE,71.75901691198348,149
2026-09-06T02:00:00Z,SOLAR,SOLAR,0.5000000054968727,1892
2026-09-06T02:00:00Z,WIND,WIND,412.87178377592727,5684
2026-09-06T03:00:00Z,ENERGY STORAGE,ENERGY STORAGE,-0.7439999996787972,270
2026-09-06T03:00:00Z,GAS,COGENERATION,4462.2477898702355,6122
2026-09-06T03:00:00Z,GAS,COMBINED CYCLE,3254.695568294525,3974
2026-09-06T03:00:00Z,GAS,GAS FIRED STEAM,937.3422632482317,3078
2026-09-06T03:00:00Z,GAS,SIMPLE CYCLE,184.54778030097484,1014
2026-09-06T03:00:00Z,HYDRO,HYDRO,148.7140430115329,896
2026-09-06T03:00:00Z,OTHER,BIOMASS,104.29922040091621,195
2026-09-06T03:00:00Z,OTHER,COMPOSITE,0,20
2026-09-06T03:00:00Z,OTHER,GAS,1.9999510049819944,10
2026-09-06T03:00:00Z,OTHER,GAS COGEN,41.32034053060743,58
2026-09-06T03:00:00Z,OTHER,OIL/GAS,46.68668217341105,53
2026-09-06T03:00:00Z,OTHER,WOOD/REFUSE,71.66122194872962,149
2026-09-06T03:00:00Z,SOLAR,SOLAR,0.10000000149011612,1892
2026-09-06T03:00:00Z,WIND,WIND,674.6787189348663,5684
2026-09-06T04:00:00Z,ENERGY STORAGE,ENERGY STORAGE,0,270
2026-09-06T04:00:00Z,GAS,COGENERATION,4475.728832183547,6122
2026-09-06T04:00:00Z,GAS,COMBINED CYCLE,3274.5899163039526,3974
2026-09-06T04:00:00Z,GAS,GAS FIRED STEAM,870.0112644630008,3078
2026-09-06T04:00:00Z,GAS,SIMPLE CYCLE,88.86294305907356,1014
2026-09-06T04:00:00Z,HYDRO,HYDRO,175.99621971501244,896
2026-09-06T04:00:00Z,OTHER,BIOMASS,104.21149829917483,195
2026-09-06T04:00:00Z,OTHER,COMPOSITE,0,20
2026-09-06T04:00:00Z,OTHER,GAS,2.0982843617598217,10
2026-09-06T04:00:00Z,OTHER,GAS COGEN,41.29904629071554,58
2026-09-06T04:00:00Z,OTHER,OIL/GAS,47.447460119459365,53
2026-09-06T04:00:00Z,OTHER,WOOD/REFUSE,71.94871192190382,149
2026-09-06T04:00:00Z,SOLAR,SOLAR,0.10000000149011612,1892
2026-09-06T04:00:00Z,WIND,WIND,571.9910220680385,5684
2026-09-06T05:00:00Z,ENERGY STORAGE,ENERGY STORAGE,0,270
2026-09-06T05:00:00Z,GAS,COGENERATION,4451.372928975025,6122
2026-09-06T05:00:00Z,GAS,COMBINED CYCLE,3285.376250504388,3974
2026-09-06T05:00:00Z,GAS,GAS FIRED STEAM,1044.3590340391795,3078
2026-09-06T05:00:00Z,GAS,SIMPLE CYCLE,81.34798726664648,1014
2026-09-06T05:00:00Z,HYDRO,HYDRO,146.3036801430914,896
2026-09-06T05:00:00Z,OTHER,BIOMASS,103.07255333423615,195
2026-09-06T05:00:00Z,OTHER,COMPOSITE,0,20
2026-09-06T05:00:00Z,OTHER,GAS,2.0999510288238525,10
2026-09-06T05:00:00Z,OTHER,GAS COGEN,41.32157558123271,58
2026-09-06T05:00:00Z,OTHER,OIL/GAS,46.86779976526896,53
2026-09-06T05:00:00Z,OTHER,WOOD/REFUSE,72.02550961097081,149
2026-09-06T05:00:00Z,SOLAR,SOLAR,0.10000000149011612,1892
2026-09-06T05:00:00Z,WIND,WIND,426.2315209537621,5684
2026-09-06T06:00:00Z,ENERGY STORAGE,ENERGY STORAGE,-3.4431110668679077,270
2026-09-06T06:00:00Z,GAS,COGENERATION,4460.281330355008,6122
2026-09-06T06:00:00Z,GAS,COMBINED CYCLE,3237.915060224533,3974
2026-09-06T06:00:00Z,GAS,GAS FIRED STEAM,968.0978764184316,3078
2026-09-06T06:00:00Z,GAS,SIMPLE CYCLE,82.02794295522901,1014
2026-09-06T06:00:00Z,HYDRO,HYDRO,173.24821657591397,896
2026-09-06T06:00:00Z,OTHER,BIOMASS,103.75772014300028,195
2026-09-06T06:00:00Z,OTHER,COMPOSITE,0,20
2026-09-06T06:00:00Z,OTHER,GAS,2.0999510288238525,10
2026-09-06T06:00:00Z,OTHER,GAS COGEN,41.2239230940077,58
2026-09-06T06:00:00Z,OTHER,OIL/GAS,47.05825501124064,53
2026-09-06T06:00:00Z,OTHER,WOOD/REFUSE,72.34956084012984,149
2026-09-06T06:00:00Z,SOLAR,SOLAR,0.10000000149011612,1892
2026-09-06T06:00:00Z,WIND,WIND,309.62633917053125,5684
2026-09-06T07:00:00Z,ENERGY STORAGE,ENERGY STORAGE,-11.277333190143109,270
2026-09-06T07:00:00Z,GAS,COGENERATION,4473.677696173324,6122
2026-09-06T07:00:00Z,GAS,COMBINED CYCLE,3261.26245130327,3974
2026-09-06T07:00:00Z,GAS,GAS FIRED STEAM,973.0980968019696,3078
2026-09-06T07:00:00Z,GAS,SIMPLE CYCLE,82.03933150026533,1014
2026-09-06T07:00:00Z,HYDRO,HYDRO,144.5312247863081,896
2026-09-06T07:00:00Z,OTHER,BIOMASS,104.62888700485229,195
2026-09-06T07:00:00Z,OTHER,COMPOSITE,0,20
2026-09-06T07:00:00Z,OTHER,GAS,2.0999510288238525,10
2026-09-06T07:00:00Z,OTHER,GAS COGEN,41.115042993757456,58
2026-09-06T07:00:00Z,OTHER,OIL/GAS,46.70559317058987,53
2026-09-06T07:00:00Z,OTHER,WOOD/REFUSE,72.67435515244802,149
2026-09-06T07:00:00Z,SOLAR,SOLAR,0.6441666672627131,1892
2026-09-06T07:00:00Z,WIND,WIND,202.5635074771237,5684
2026-09-06T08:00:00Z,ENERGY STORAGE,ENERGY STORAGE,-8.723222078867257,270
2026-09-06T08:00:00Z,GAS,COGENERATION,4473.881856608788,6122
2026-09-06T08:00:00Z,GAS,COMBINED CYCLE,3268.9330937570994,3974
2026-09-06T08:00:00Z,GAS,GAS FIRED STEAM,1029.1555972088709,3078
2026-09-06T08:00:00Z,GAS,SIMPLE CYCLE,81.86599881278144,1014
2026-09-06T08:00:00Z,HYDRO,HYDRO,141.3273493639628,896
2026-09-06T08:00:00Z,OTHER,BIOMASS,104.24488618850708,195
2026-09-06T08:00:00Z,OTHER,COMPOSITE,0,20
2026-09-06T08:00:00Z,OTHER,GAS,2.0999510288238525,10
2026-09-06T08:00:00Z,OTHER,GAS COGEN,41.16666688601176,58
2026-09-06T08:00:00Z,OTHER,OIL/GAS,46.7014643436008,53
2026-09-06T08:00:00Z,OTHER,WOOD/REFUSE,72.55029437091615,149
2026-09-06T08:00:00Z,SOLAR,SOLAR,0.10000000149011612,1892
2026-09-06T08:00:00Z,WIND,WIND,81.38011095041617,5684
2026-09-06T09:00:00Z,ENERGY STORAGE,ENERGY STORAGE,-0.04483333275136018,270
2026-09-06T09:00:00Z,GAS,COGENERATION,4487.634322213862,6122
2026-09-06T09:00:00Z,GAS,COMBINED CYCLE,3263.7358281358083,3974
2026-09-06T09:00:00Z,GAS,GAS FIRED STEAM,1003.7797050274743,3078
2026-09-06T09:00:00Z,GAS,SIMPLE CYCLE,82.10144269943237,1014
2026-09-06T09:00:00Z,HYDRO,HYDRO,110.47923160135745,896
2026-09-06T09:00:00Z,OTHER,BIOMASS,105.52160886234708,195
2026-09-06T09:00:00Z,OTHER,COMPOSITE,0,20
2026-09-06T09:00:00Z,OTHER,GAS,2.0999510288238525,10
2026-09-06T09:00:00Z,OTHER,GAS COGEN,41.252532435523136,58
2026-09-06T09:00:00Z,OTHER,OIL/GAS,46.34487699932522,53
2026-09-06T09:00:00Z,OTHER,WOOD/REFUSE,72.34010302199258,149
2026-09-06T09:00:00Z,SOLAR,SOLAR,0.25322221467892325,1892
2026-09-06T09:00:00Z,WIND,WIND,101.58455937251449,5684
2026-09-06T10:00:00Z,ENERGY STORAGE,ENERGY STORAGE,0,270
2026-09-06T10:00:00Z,GAS,COGENERATION,4493.286434770028,6122
2026-09-06T10:00:00Z,GAS,COMBINED CYCLE,3248.4878783898885,3974
2026-09-06T10:00:00Z,GAS,GAS FIRED STEAM,912.1639305591583,3078
2026-09-06T10:00:00Z,GAS,SIMPLE CYCLE,82.19149829705556,1014
2026-09-06T10:00:00Z,HYDRO,HYDRO,106.34885350584985,896
2026-09-06T10:00:00Z,OTHER,BIOMASS,105.77249736785889,195
2026-09-06T10:00:00Z,OTHER,COMPOSITE,0,20
2026-09-06T10:00:00Z,OTHER,GAS,2.0999510288238525,10
2026-09-06T10:00:00Z,OTHER,GAS COGEN,41.26693034066094,58
2026-09-06T10:00:00Z,OTHER,OIL/GAS,46.41230507956611,53
2026-09-06T10:00:00Z,OTHER,WOOD/REFUSE,72.52350997977787,149
2026-09-06T10:00:00Z,SOLAR,SOLAR,0.5426110955410535,1892
2026-09-06T10:00:00Z,WIND,WIND,186.24593740517483,5684
2026-09-06T11:00:00Z,ENERGY STORAGE,ENERGY STORAGE,0,270
2026-09-06T11:00:00Z,GAS,COGENERATION,4423.6119289679,6122
2026-09-06T11:00:00Z,GAS,COMBINED CYCLE,3121.1443974643284,3974
2026-09-06T11:00:00Z,GAS,GAS FIRED STEAM,580.5034902710385,3078
2026-09-06T11:00:00Z,GAS,SIMPLE CYCLE,82.2095539908939,1014
2026-09-06T11:00:00Z,HYDRO,HYDRO,143.8634935250547,896
2026-09-06T11:00:00Z,OTHER,BIOMASS,105.84455356174045,195
2026-09-06T11:00:00Z,OTHER,COMPOSITE,0,20
2026-09-06T11:00:00Z,OTHER,GAS,2.0999510288238525,10
2026-09-06T11:00:00Z,OTHER,GAS COGEN,41.19469799889458,58
2026-09-06T11:00:00Z,OTHER,OIL/GAS,46.38277143054538,53
2026-09-06T11:00:00Z,OTHER,WOOD/REFUSE,72.80322096188863,149
2026-09-06T11:00:00Z,SOLAR,SOLAR,0.10000000149011612,1892
2026-09-06T11:00:00Z,WIND,WIND,696.2464900254168,5684
2026-09-06T12:00:00Z,ENERGY STORAGE,ENERGY STORAGE,-0.42433332620395553,270
2026-09-06T12:00:00Z,GAS,COGENERATION,4496.198119553593,6122
2026-09-06T12:00:00Z,GAS,COMBINED CYCLE,3245.162040353881,3974
2026-09-06T12:00:00Z,GAS,GAS FIRED STEAM,698.1868208196429,3078
2026-09-06T12:00:00Z,GAS,SIMPLE CYCLE,82.055276383294,1014
2026-09-06T12:00:00Z,HYDRO,HYDRO,140.5007735353046,896
2026-09-06T12:00:00Z,OTHER,BIOMASS,105.34305333296457,195
2026-09-06T12:00:00Z,OTHER,COMPOSITE,0,20
2026-09-06T12:00:00Z,OTHER,GAS,2.0999510288238525,10
2026-09-06T12:00:00Z,OTHER,GAS COGEN,41.050917264620466,58
2026-09-06T12:00:00Z,OTHER,OIL/GAS,45.94499963124593,53
2026-09-06T12:00:00Z,OTHER,WOOD/REFUSE,72.24782640059789,149
2026-09-06T12:00:00Z,SOLAR,SOLAR,0.10833333482344945,1892
2026-09-06T12:00:00Z,WIND,WIND,504.5344427452899,5684
2026-09-06T13:00:00Z,ENERGY STORAGE,ENERGY STORAGE,-0.2861666618784269,270
2026-09-06T13:00:00Z,GAS,COGENERATION,4479.354281535413,6122
2026-09-06T13:00:00Z,GAS,COMBINED CYCLE,3243.4306093825235,3974
2026-09-06T13:00:00Z,GAS,GAS FIRED STEAM,670.8767125458187,3078
2026-09-06T13:00:00Z,GAS,SIMPLE CYCLE,86.82627615557777,1014
2026-09-06T13:00:00Z,HYDRO,HYDRO,184.84564790235626,896
2026-09-06T13:00:00Z,OTHER,BIOMASS,109.9441083404753,195
2026-09-06T13:00:00Z,OTHER,COMPOSITE,0,20
2026-09-06T13:00:00Z,OTHER,GAS,2.0999510288238525,10
2026-09-06T13:00:00Z,OTHER,GAS COGEN,41.131719461017184,58
2026-09-06T13:00:00Z,OTHER,OIL/GAS,46.16744410832723,53
2026-09-06T13:00:00Z,OTHER,WOOD/REFUSE,72.08687702682282,149
2026-09-06T13:00:00Z,SOLAR,SOLAR,7.397611032376687,1892
2026-09-06T13:00:00Z,WIND,WIND,432.67027944780057,5684
2026-09-06T14:00:00Z,ENERGY STORAGE,ENERGY STORAGE,0,270
2026-09-06T14:00:00Z,GAS,COGENERATION,4474.571210873922,6122
2026-09-06T14:00:00Z,GAS,COMBINED CYCLE,3272.8244067610635,3974
2026-09-06T14:00:00Z,GAS,GAS FIRED STEAM,868.9603190920088,3078
2026-09-06T14:00:00Z,GAS,SIMPLE CYCLE,86.46288696289062,1014
2026-09-06T14:00:00Z,HYDRO,HYDRO,171.4291521448228,896
2026-09-06T14:00:00Z,OTHER,BIOMASS,105.76694240146213,195
2026-09-06T14:00:00Z,OTHER,COMPOSITE,0,20
2026-09-06T14:00:00Z,OTHER,GAS,2.0999510288238525,10
2026-09-06T14:00:00Z,OTHER,GAS COGEN,41.19311604499817,58
2026-09-06T14:00:00Z,OTHER,OIL/GAS,45.88424887975057,53
2026-09-06T14:00:00Z,OTHER,WOOD/REFUSE,71.14815723392698,149
2026-09-06T14:00:00Z,SOLAR,SOLAR,37.311661944207216,1892
2026-09-06T14:00:00Z,WIND,WIND,368.74931717409027,5684
2026-09-06T15:00:00Z,ENERGY STORAGE,ENERGY STORAGE,0,270
2026-09-06T15:00:00Z,GAS,COGENERATION,4444.880501353078,6122
2026-09-06T15:00:00Z,GAS,COMBINED CYCLE,3235.5394779973562,3974
2026-09-06T15:00:00Z,GAS,GAS FIRED STEAM,798.9607085047828,3078
2026-09-06T15:00:00Z,GAS,SIMPLE CYCLE,87.51033128526475,1014
2026-09-06T15:00:00Z,HYDRO,HYDRO,176.72390427867572,896
2026-09-06T15:00:00Z,OTHER,BIOMASS,99.68894299295214,195
2026-09-06T15:00:00Z,OTHER,COMPOSITE,0,20
2026-09-06T15:00:00Z,OTHER,GAS,2.0999510288238525,10
2026-09-06T15:00:00Z,OTHER,GAS COGEN,41.17989478800032,58
2026-09-06T15:00:00Z,OTHER,OIL/GAS,45.90566573460897,53
2026-09-06T15:00:00Z,OTHER,WOOD/REFUSE,71.529272305170707,149
2026-09-06T15:00:00Z,SOLAR,SOLAR,66.0177082498413,1892
2026-09-06T15:00:00Z,WIND,WIND,638.9266066653157,5684
2026-09-06T16:00:00Z,ENERGY STORAGE,ENERGY STORAGE,0,270
2026-09-06T16:00:00Z,GAS,COGENERATION,4414.418266839716,6122
2026-09-06T16:00:00Z,GAS,COMBINED CYCLE,3256.486060042911,3974
2026-09-06T16:00:00Z,GAS,GAS FIRED STEAM,892.1910975784725,3078
2026-09-06T16:00:00Z,GAS,SIMPLE CYCLE,89.87794256793129,1014
2026-09-06T16:00:00Z,HYDRO,HYDRO,232.97643692057167,896
2026-09-06T16:00:00Z,OTHER,BIOMASS,107.40583069960277,195
2026-09-06T16:00:00Z,OTHER,COMPOSITE,0,20
2026-09-06T16:00:00Z,OTHER,GAS,2.0999510288238525,10
2026-09-06T16:00:00Z,OTHER,GAS COGEN,40.83061270925734,58
2026-09-06T16:00:00Z,OTHER,OIL/GAS,45.71766058603922,53
2026-09-06T16:00:00Z,OTHER,WOOD/REFUSE,71.68827607088619,149
2026-09-06T16:00:00Z,SOLAR,SOLAR,185.06641123842863,1892
2026-09-06T16:00:00Z,WIND,WIND,493.0998601997561,5684
2026-09-06T17:00:00Z,ENERGY STORAGE,ENERGY STORAGE,0,270
2026-09-06T17:00:00Z,GAS,COGENERATION,4416.702698505719,6122
2026-09-06T17:00:00Z,GAS,COMBINED CYCLE,3275.022068453365,3974
2026-09-06T17:00:00Z,GAS,GAS FIRED STEAM,1151.316760708491,3078
2026-09-06T17:00:00Z,GAS,SIMPLE CYCLE,85.16954257912106,1014
2026-09-06T17:00:00Z,HYDRO,HYDRO,140.39217695244486,896
2026-09-06T17:00:00Z,OTHER,BIOMASS,109.4381640656789,195
2026-09-06T17:00:00Z,OTHER,COMPOSITE,0,20
2026-09-06T17:00:00Z,OTHER,GAS,2.0999510288238525,10
2026-09-06T17:00:00Z,OTHER,GAS COGEN,40.812845363616944,58
2026-09-06T17:00:00Z,OTHER,OIL/GAS,45.311198785569935,53
2026-09-06T17:00:00Z,OTHER,WOOD/REFUSE,71.84063482443491,149
2026-09-06T17:00:00Z,SOLAR,SOLAR,355.7775950175855,1892
2026-09-06T17:00:00Z,WIND,WIND,325.57597170681174,5684
2026-09-06T18:00:00Z,ENERGY STORAGE,ENERGY STORAGE,0,270
2026-09-06T18:00:00Z,GAS,COGENERATION,4396.966351130406,6122
2026-09-06T18:00:00Z,GAS,COMBINED CYCLE,3229.0726575692497,3974
2026-09-06T18:00:00Z,GAS,GAS FIRED STEAM,999.2860391542647,3078
2026-09-06T18:00:00Z,GAS,SIMPLE CYCLE,83.89987643400828,1014
2026-09-06T18:00:00Z,HYDRO,HYDRO,123.62432875676288,896
2026-09-06T18:00:00Z,OTHER,BIOMASS,109.80166425281101,195
2026-09-06T18:00:00Z,OTHER,COMPOSITE,0,20
2026-09-06T18:00:00Z,OTHER,GAS,2.0999510288238525,10
2026-09-06T18:00:00Z,OTHER,GAS COGEN,41.132805577384104,58
2026-09-06T18:00:00Z,OTHER,OIL/GAS,45.61275962405735,53
2026-09-06T18:00:00Z,OTHER,WOOD/REFUSE,70.97767537474633,149
2026-09-06T18:00:00Z,SOLAR,SOLAR,572.42204561563,1892
2026-09-06T18:00:00Z,WIND,WIND,398.38043509335984,5684
2026-09-06T19:00:00Z,ENERGY STORAGE,ENERGY STORAGE,0,270
2026-09-06T19:00:00Z,GAS,COGENERATION,4295.718556371795,6122
2026-09-06T19:00:00Z,GAS,COMBINED CYCLE,3171.9723009877735,3974
2026-09-06T19:00:00Z,GAS,GAS FIRED STEAM,609.1159919219547,3078
2026-09-06T19:00:00Z,GAS,SIMPLE CYCLE,87.5705541589525,1014
2026-09-06T19:00:00Z,HYDRO,HYDRO,171.133314131399,896
2026-09-06T19:00:00Z,OTHER,BIOMASS,113.14099732557932,195
2026-09-06T19:00:00Z,OTHER,COMPOSITE,0,20
2026-09-06T19:00:00Z,OTHER,GAS,2.0960621390077803,10
2026-09-06T19:00:00Z,OTHER,GAS COGEN,40.76240196122063,58
2026-09-06T19:00:00Z,OTHER,OIL/GAS,45.48587102254232,53
2026-09-06T19:00:00Z,OTHER,WOOD/REFUSE,71.0704660530885,149
2026-09-06T19:00:00Z,SOLAR,SOLAR,786.803733630379,1892
2026-09-06T19:00:00Z,WIND,WIND,683.4854102400483,5684
2026-09-06T20:00:00Z,ENERGY STORAGE,ENERGY STORAGE,-0.4791666647129589,270
2026-09-06T20:00:00Z,GAS,COGENERATION,4326.846476244927,6122
2026-09-06T20:00:00Z,GAS,COMBINED CYCLE,3237.8046534691916,3974
2026-09-06T20:00:00Z,GAS,GAS FIRED STEAM,731.4433218669892,3078
2026-09-06T20:00:00Z,GAS,SIMPLE CYCLE,90.77838741627004,1014
2026-09-06T20:00:00Z,HYDRO,HYDRO,229.5610813305444,896
2026-09-06T20:00:00Z,OTHER,BIOMASS,110.03449722554949,195
2026-09-06T20:00:00Z,OTHER,COMPOSITE,0,20
2026-09-06T20:00:00Z,OTHER,GAS,1.9999510049819944,10
2026-09-06T20:00:00Z,OTHER,GAS COGEN,40.539497938156124,58
2026-09-06T20:00:00Z,OTHER,OIL/GAS,45.43863825692071,53
2026-09-06T20:00:00Z,OTHER,WOOD/REFUSE,71.17936102019415,149
2026-09-06T20:00:00Z,SOLAR,SOLAR,583.1703594674998,1892
2026-09-06T20:00:00Z,WIND,WIND,604.277573764974,5684
2026-09-06T21:00:00Z,ENERGY STORAGE,ENERGY STORAGE,-0.14416666650109822,270
2026-09-06T21:00:00Z,GAS,COGENERATION,4348.981210201052,6122
2026-09-06T21:00:00Z,GAS,COMBINED CYCLE,3242.306831697358,3974
2026-09-06T21:00:00Z,GAS,GAS FIRED STEAM,861.3659860706329,3078
2026-09-06T21:00:00Z,GAS,SIMPLE CYCLE,86.83977611965602,1014
2026-09-06T21:00:00Z,HYDRO,HYDRO,164.70894363125166,896
2026-09-06T21:00:00Z,OTHER,BIOMASS,111.37527538776399,195
2026-09-06T21:00:00Z,OTHER,COMPOSITE,0,20
2026-09-06T21:00:00Z,OTHER,GAS,1.9999510049819944,10
2026-09-06T21:00:00Z,OTHER,GAS COGEN,40.476511481602984,58
2026-09-06T21:00:00Z,OTHER,OIL/GAS,45.79591541926066,53
2026-09-06T21:00:00Z,OTHER,WOOD/REFUSE,71.2311729853683,149
2026-09-06T21:00:00Z,SOLAR,SOLAR,600.9267894703812,1892
2026-09-06T21:00:00Z,WIND,WIND,467.617144231788,5684
2026-09-06T22:00:00Z,ENERGY STORAGE,ENERGY STORAGE,-0.36277777777777775,270
2026-09-06T22:00:00Z,GAS,COGENERATION,4343.067515869273,6122
2026-09-06T22:00:00Z,GAS,COMBINED CYCLE,3249.132737476561,3974
2026-09-06T22:00:00Z,GAS,GAS FIRED STEAM,1038.8069827153947,3078
2026-09-06T22:00:00Z,GAS,SIMPLE CYCLE,121.1350974700517,1014
2026-09-06T22:00:00Z,HYDRO,HYDRO,193.21851678577565,896
2026-09-06T22:00:00Z,OTHER,BIOMASS,112.13349756611717,195
2026-09-06T22:00:00Z,OTHER,COMPOSITE,0,20
2026-09-06T22:00:00Z,OTHER,GAS,1.9999510049819944,10
2026-09-06T22:00:00Z,OTHER,GAS COGEN,40.45663239743975,58
2026-09-06T22:00:00Z,OTHER,OIL/GAS,45.70996561686198,53
2026-09-06T22:00:00Z,OTHER,WOOD/REFUSE,70.10148775935173,149
2026-09-06T22:00:00Z,SOLAR,SOLAR,452.8696889363395,1892
2026-09-06T22:00:00Z,WIND,WIND,378.6460385883351,5684
2026-09-06T23:00:00Z,ENERGY STORAGE,ENERGY STORAGE,-0.5585555364025964,270
2026-09-06T23:00:00Z,GAS,COGENERATION,4348.311765126255,6122
2026-09-06T23:00:00Z,GAS,COMBINED CYCLE,3277.8576069694095,3974
2026-09-06T23:00:00Z,GAS,GAS FIRED STEAM,1146.000534596973,3078
2026-09-06T23:00:00Z,GAS,SIMPLE CYCLE,140.95116912691128,1014
2026-09-06T23:00:00Z,HYDRO,HYDRO,269.460251567877,896
2026-09-06T23:00:00Z,OTHER,BIOMASS,115.63345290919145,195
2026-09-06T23:00:00Z,OTHER,COMPOSITE,0,20
2026-09-06T23:00:00Z,OTHER,GAS,1.9999510049819944,10
2026-09-06T23:00:00Z,OTHER,GAS COGEN,40.47551421801249,58
2026-09-06T23:00:00Z,OTHER,OIL/GAS,45.662359716627336,53
2026-09-06T23:00:00Z,OTHER,WOOD/REFUSE,69.55719619803959,149
2026-09-06T23:00:00Z,SOLAR,SOLAR,242.06995344109006,1892
2026-09-06T23:00:00Z,WIND,WIND,361.0628622452004,5684
2026-09-07T00:00:00Z,ENERGY STORAGE,ENERGY STORAGE,0,270
2026-09-07T00:00:00Z,GAS,COGENERATION,4339.3235398578645,6122
2026-09-07T00:00:00Z,GAS,COMBINED CYCLE,3275.089702152941,3974
2026-09-07T00:00:00Z,GAS,GAS FIRED STEAM,1139.0857550695207,3078
2026-09-07T00:00:00Z,GAS,SIMPLE CYCLE,261.19181897345516,1014
2026-09-07T00:00:00Z,HYDRO,HYDRO,183.25078694726858,896
2026-09-07T00:00:00Z,OTHER,BIOMASS,112.71455907000436,195
2026-09-07T00:00:00Z,OTHER,COMPOSITE,0,20
2026-09-07T00:00:00Z,OTHER,GAS,1.9999510049819944,10
2026-09-07T00:00:00Z,OTHER,GAS COGEN,40.478853015369836,58
2026-09-07T00:00:00Z,OTHER,OIL/GAS,45.77332057952881,53
2026-09-07T00:00:00Z,OTHER,WOOD/REFUSE,71.69351493464576,149
2026-09-07T00:00:00Z,SOLAR,SOLAR,156.32220668659443,1892
2026-09-07T00:00:00Z,WIND,WIND,375.6492627254294,5684
2026-09-07T01:00:00Z,ENERGY STORAGE,ENERGY STORAGE,0,270
2026-09-07T01:00:00Z,GAS,COGENERATION,4356.074860060215,6122
2026-09-07T01:00:00Z,GAS,COMBINED CYCLE,3293.135097097291,3974
2026-09-07T01:00:00Z,GAS,GAS FIRED STEAM,1139.949257961909,3078
2026-09-07T01:00:00Z,GAS,SIMPLE CYCLE,245.92109070930215,1014
2026-09-07T01:00:00Z,HYDRO,HYDRO,244.34218738483057,896
2026-09-07T01:00:00Z,OTHER,BIOMASS,111.64122021092308,195
2026-09-07T01:00:00Z,OTHER,COMPOSITE,0,20
2026-09-07T01:00:00Z,OTHER,GAS,1.9999510049819944,10
2026-09-07T01:00:00Z,OTHER,GAS COGEN,40.66015028158824,58
2026-09-07T01:00:00Z,OTHER,OIL/GAS,45.95993227640787,53
2026-09-07T01:00:00Z,OTHER,WOOD/REFUSE,71.33837110042572,149
2026-09-07T01:00:00Z,SOLAR,SOLAR,33.600110682903065,1892
2026-09-07T01:00:00Z,WIND,WIND,385.9142327541527,5684
2026-09-07T02:00:00Z,ENERGY STORAGE,ENERGY STORAGE,0,270
2026-09-07T02:00:00Z,GAS,COGENERATION,4364.58351121876,6122
2026-09-07T02:00:00Z,GAS,COMBINED CYCLE,3303.9800098689398,3974
2026-09-07T02:00:00Z,GAS,GAS FIRED STEAM,1153.3183152061038,3078
2026-09-07T02:00:00Z,GAS,SIMPLE CYCLE,348.08096210193304,1014
2026-09-07T02:00:00Z,HYDRO,HYDRO,205.95041088620823,896
2026-09-07T02:00:00Z,OTHER,BIOMASS,114.2920532295439,195
2026-09-07T02:00:00Z,OTHER,COMPOSITE,0,20
2026-09-07T02:00:00Z,OTHER,GAS,1.9999510049819944,10
2026-09-07T02:00:00Z,OTHER,GAS COGEN,40.69061665111118,58
2026-09-07T02:00:00Z,OTHER,OIL/GAS,45.74133748796251,53
2026-09-07T02:00:00Z,OTHER,WOOD/REFUSE,70.79642282949554,149
2026-09-07T02:00:00Z,SOLAR,SOLAR,3.6516551990972625,1892
2026-09-07T02:00:00Z,WIND,WIND,371.1368865746177,5684
2026-09-07T03:00:00Z,ENERGY STORAGE,ENERGY STORAGE,0,270
2026-09-07T03:00:00Z,GAS,COGENERATION,4384.5913606867525,6122
2026-09-07T03:00:00Z,GAS,COMBINED CYCLE,3314.396572148005,3974
2026-09-07T03:00:00Z,GAS,GAS FIRED STEAM,1153.6237053224777,3078
2026-09-07T03:00:00Z,GAS,SIMPLE CYCLE,354.8680902645654,1014
2026-09-07T03:00:00Z,HYDRO,HYDRO,230.76446136381892,896
2026-09-07T03:00:00Z,OTHER,BIOMASS,109.69516472087966,195
2026-09-07T03:00:00Z,OTHER,COMPOSITE,0,20
2026-09-07T03:00:00Z,OTHER,GAS,1.9999510049819944,10
2026-09-07T03:00:00Z,OTHER,GAS COGEN,40.70713744322459,58
2026-09-07T03:00:00Z,OTHER,OIL/GAS,45.63519880930583,53
2026-09-07T03:00:00Z,OTHER,WOOD/REFUSE,70.42485158589152,149
2026-09-07T03:00:00Z,SOLAR,SOLAR,26.62789755942093,1892
2026-09-07T03:00:00Z,WIND,WIND,255.00676763541168,5684
2026-09-07T04:00:00Z,ENERGY STORAGE,ENERGY STORAGE,0,270
2026-09-07T04:00:00Z,GAS,COGENERATION,4386.845098205407,6122
2026-09-07T04:00:00Z,GAS,COMBINED CYCLE,3318.8969624969695,3974
2026-09-07T04:00:00Z,GAS,GAS FIRED STEAM,1152.4546534019046,3078
2026-09-07T04:00:00Z,GAS,SIMPLE CYCLE,227.41862007403537,1014
2026-09-07T04:00:00Z,HYDRO,HYDRO,270.25629587944184,896
2026-09-07T04:00:00Z,OTHER,BIOMASS,106.36722024520238,195
2026-09-07T04:00:00Z,OTHER,COMPOSITE,0,20
2026-09-07T04:00:00Z,OTHER,GAS,1.9999510049819944,10
2026-09-07T04:00:00Z,OTHER,GAS COGEN,40.92959355248345,58
2026-09-07T04:00:00Z,OTHER,OIL/GAS,46.07080995135837,53
2026-09-07T04:00:00Z,OTHER,WOOD/REFUSE,71.18098261237144,149
2026-09-07T04:00:00Z,SOLAR,SOLAR,11.143222057885595,1892
2026-09-07T04:00:00Z,WIND,WIND,175.79132273540316,5684
2026-09-07T05:00:00Z,ENERGY STORAGE,ENERGY STORAGE,0,270
2026-09-07T05:00:00Z,GAS,COGENERATION,4370.276474405064,6122
2026-09-07T05:00:00Z,GAS,COMBINED CYCLE,3311.906108139886,3974
2026-09-07T05:00:00Z,GAS,GAS FIRED STEAM,1174.7004271581438,3078
2026-09-07T05:00:00Z,GAS,SIMPLE CYCLE,246.61842985671427,1014
2026-09-07T05:00:00Z,HYDRO,HYDRO,162.45523708815375,896
2026-09-07T05:00:00Z,OTHER,BIOMASS,109.02772043314246,195
2026-09-07T05:00:00Z,OTHER,COMPOSITE,0,20
2026-09-07T05:00:00Z,OTHER,GAS,1.9999510049819944,10
2026-09-07T05:00:00Z,OTHER,GAS COGEN,40.87819344520569,58
2026-09-07T05:00:00Z,OTHER,OIL/GAS,46.39733275519477,53
2026-09-07T05:00:00Z,OTHER,WOOD/REFUSE,71.38934118774203,149
2026-09-07T05:00:00Z,SOLAR,SOLAR,11.991388619161315,1892
2026-09-07T05:00:00Z,WIND,WIND,135.76853933893557,5684
2026-09-07T06:00:00Z,ENERGY STORAGE,ENERGY STORAGE,-3.499777720852031,270
2026-09-07T06:00:00Z,GAS,COGENERATION,4358.0474592129385,6122
2026-09-07T06:00:00Z,GAS,COMBINED CYCLE,3310.9763868996833,3974
2026-09-07T06:00:00Z,GAS,GAS FIRED STEAM,1012.5141509130267,3078
2026-09-07T06:00:00Z,GAS,SIMPLE CYCLE,64.6191820941617,1014
2026-09-07T06:00:00Z,HYDRO,HYDRO,102.27701582875517,896
2026-09-07T06:00:00Z,OTHER,BIOMASS,108.53577607565457,195
2026-09-07T06:00:00Z,OTHER,COMPOSITE,0,20
2026-09-07T06:00:00Z,OTHER,GAS,1.9999510049819944,10
2026-09-07T06:00:00Z,OTHER,GAS COGEN,40.79952676879035,58
2026-09-07T06:00:00Z,OTHER,OIL/GAS,46.15698235405816,53
2026-09-07T06:00:00Z,OTHER,WOOD/REFUSE,71.58999810828102,149
2026-09-07T06:00:00Z,SOLAR,SOLAR,3.5999999567866325,1892
2026-09-07T06:00:00Z,WIND,WIND,327.34974436361756,5684
2026-09-07T07:00:00Z,ENERGY STORAGE,ENERGY STORAGE,-7.737833192745844,270
2026-09-07T07:00:00Z,GAS,COGENERATION,4358.776831611262,6122
2026-09-07T07:00:00Z,GAS,COMBINED CYCLE,3324.260994597011,3974
2026-09-07T07:00:00Z,GAS,GAS FIRED STEAM,809.3684318510691,3078
2026-09-07T07:00:00Z,GAS,SIMPLE CYCLE,43.34416545761956,1014
2026-09-07T07:00:00Z,HYDRO,HYDRO,141.04396059660448,896
2026-09-07T07:00:00Z,OTHER,BIOMASS,105.08060975604587,195
2026-09-07T07:00:00Z,OTHER,COMPOSITE,0,20
2026-09-07T07:00:00Z,OTHER,GAS,1.9999510049819944,10
2026-09-07T07:00:00Z,OTHER,GAS COGEN,40.82839746051364,58
2026-09-07T07:00:00Z,OTHER,OIL/GAS,46.78308742099338,53
2026-09-07T07:00:00Z,OTHER,WOOD/REFUSE,71.59619381096627,149
2026-09-07T07:00:00Z,SOLAR,SOLAR,3.5999999567866325,1892
2026-09-07T07:00:00Z,WIND,WIND,414.28870973914036,5684
2026-09-07T08:00:00Z,ENERGY STORAGE,ENERGY STORAGE,-7.1316109760767885,270
2026-09-07T08:00:00Z,GAS,COGENERATION,4366.535871399376,6122
2026-09-07T08:00:00Z,GAS,COMBINED CYCLE,3379.5301377516325,3974
2026-09-07T08:00:00Z,GAS,GAS FIRED STEAM,883.5359319316016,3078
2026-09-07T08:00:00Z,GAS,SIMPLE CYCLE,43.20933280097113,1014
2026-09-07T08:00:00Z,HYDRO,HYDRO,113.97912048353089,896
2026-09-07T08:00:00Z,OTHER,BIOMASS,105.43533116711511,195
2026-09-07T08:00:00Z,OTHER,COMPOSITE,0,20
2026-09-07T08:00:00Z,OTHER,GAS,1.9999510049819944,10
2026-09-07T08:00:00Z,OTHER,GAS COGEN,40.90680298699273,58
2026-09-07T08:00:00Z,OTHER,OIL/GAS,46.46757070541382,53
2026-09-07T08:00:00Z,OTHER,WOOD/REFUSE,71.94388632588915,149
2026-09-07T08:00:00Z,SOLAR,SOLAR,3.5999999567866325,1892
2026-09-07T08:00:00Z,WIND,WIND,283.4294870884675,5684
2026-09-07T09:00:00Z,ENERGY STORAGE,ENERGY STORAGE,1.9889444163772796,270
2026-09-07T09:00:00Z,GAS,COGENERATION,4363.866146844493,6122
2026-09-07T09:00:00Z,GAS,COMBINED CYCLE,3401.6704406105146,3974
2026-09-07T09:00:00Z,GAS,GAS FIRED STEAM,702.4402117909325,3078
2026-09-07T09:00:00Z,GAS,SIMPLE CYCLE,43.13727759467231,1014
2026-09-07T09:00:00Z,HYDRO,HYDRO,154.083197123458,896
2026-09-07T09:00:00Z,OTHER,BIOMASS,104.62855316744911,195
2026-09-07T09:00:00Z,OTHER,COMPOSITE,0,20
2026-09-07T09:00:00Z,OTHER,GAS,1.9999510049819944,10
2026-09-07T09:00:00Z,OTHER,GAS COGEN,40.97084765858121,58
2026-09-07T09:00:00Z,OTHER,OIL/GAS,46.53124324374729,53
2026-09-07T09:00:00Z,OTHER,WOOD/REFUSE,72.06321567853293,149
2026-09-07T09:00:00Z,SOLAR,SOLAR,3.5999999567866325,1892
2026-09-07T09:00:00Z,WIND,WIND,272.8924617339753,5684
2026-09-07T10:00:00Z,ENERGY STORAGE,ENERGY STORAGE,0.6340000139507982,270
2026-09-07T10:00:00Z,GAS,COGENERATION,4358.050418490701,6122
2026-09-07T10:00:00Z,GAS,COMBINED CYCLE,3393.9707884891827,3974
2026-09-07T10:00:00Z,GAS,GAS FIRED STEAM,735.4658196608225,3078
2026-09-07T10:00:00Z,GAS,SIMPLE CYCLE,43.19883314556546,1014
2026-09-07T10:00:00Z,HYDRO,HYDRO,124.14393745761778,896
2026-09-07T10:00:00Z,OTHER,BIOMASS,105.35219822714726,195
2026-09-07T10:00:00Z,OTHER,COMPOSITE,0,20
2026-09-07T10:00:00Z,OTHER,GAS,1.9999510049819944,10
2026-09-07T10:00:00Z,OTHER,GAS COGEN,40.94895243114895,58
2026-09-07T10:00:00Z,OTHER,OIL/GAS,46.83285461001926,53
2026-09-07T10:00:00Z,OTHER,WOOD/REFUSE,71.95016585800383,149
2026-09-07T10:00:00Z,SOLAR,SOLAR,3.5999999567866325,1892
2026-09-07T10:00:00Z,WIND,WIND,278.1537080888078,5684
2026-09-07T11:00:00Z,ENERGY STORAGE,ENERGY STORAGE,-0.4442222076488866,270
2026-09-07T11:00:00Z,GAS,COGENERATION,4367.061279758877,6122
2026-09-07T11:00:00Z,GAS,COMBINED CYCLE,3388.9154631818665,3974
2026-09-07T11:00:00Z,GAS,GAS FIRED STEAM,678.2367652289072,3078
2026-09-07T11:00:00Z,GAS,SIMPLE CYCLE,43.23849971135458,1014
2026-09-07T11:00:00Z,HYDRO,HYDRO,117.12512499827477,896
2026-09-07T11:00:00Z,OTHER,BIOMASS,105.52590371082228,195
2026-09-07T11:00:00Z,OTHER,COMPOSITE,0,20
2026-09-07T11:00:00Z,OTHER,GAS,1.9999510049819944,10
2026-09-07T11:00:00Z,OTHER,GAS COGEN,40.85437100622389,58
2026-09-07T11:00:00Z,OTHER,OIL/GAS,47.13798261642456,53
2026-09-07T11:00:00Z,OTHER,WOOD/REFUSE,72.00181278864542,149
2026-09-07T11:00:00Z,SOLAR,SOLAR,3.5999999567866325,1892
2026-09-07T11:00:00Z,WIND,WIND,438.76533440286084,5684
2026-09-07T12:00:00Z,ENERGY STORAGE,ENERGY STORAGE,0.04783334283365143,270
2026-09-07T12:00:00Z,GAS,COGENERATION,4373.445066234271,6122
2026-09-07T12:00:00Z,GAS,COMBINED CYCLE,3364.4949941714603,3974
2026-09-07T12:00:00Z,GAS,GAS FIRED STEAM,463.9072693962521,3078
2026-09-07T12:00:00Z,GAS,SIMPLE CYCLE,43.26466631147596,1014
2026-09-07T12:00:00Z,HYDRO,HYDRO,125.77445047469602,896
2026-09-07T12:00:00Z,OTHER,BIOMASS,103.31099785539838,195
2026-09-07T12:00:00Z,OTHER,COMPOSITE,0,20
2026-09-07T12:00:00Z,OTHER,GAS,1.9999510049819944,10
2026-09-07T12:00:00Z,OTHER,GAS COGEN,40.900461345778574,58
2026-09-07T12:00:00Z,OTHER,OIL/GAS,46.99981070200602,53
2026-09-07T12:00:00Z,OTHER,WOOD/REFUSE,72.04955569903056,149
2026-09-07T12:00:00Z,SOLAR,SOLAR,3.5999999567866325,1892
2026-09-07T12:00:00Z,WIND,WIND,753.8631797914372,5684
2026-09-07T13:00:00Z,ENERGY STORAGE,ENERGY STORAGE,-1.433833331697517,270
2026-09-07T13:00:00Z,GAS,COGENERATION,4212.340075433916,6122
2026-09-07T13:00:00Z,GAS,COMBINED CYCLE,3174.695862423049,3974
2026-09-07T13:00:00Z,GAS,GAS FIRED STEAM,393.40399210717936,3078
2026-09-07T13:00:00Z,GAS,SIMPLE CYCLE,43.34233301374647,1014
2026-09-07T13:00:00Z,HYDRO,HYDRO,123.88094771648447,896
2026-09-07T13:00:00Z,OTHER,BIOMASS,105.05172024832831,195
2026-09-07T13:00:00Z,OTHER,COMPOSITE,0,20
2026-09-07T13:00:00Z,OTHER,GAS,1.9999510049819944,10
2026-09-07T13:00:00Z,OTHER,GAS COGEN,40.937128104103934,58
2026-09-07T13:00:00Z,OTHER,OIL/GAS,47.052249312930634,53
2026-09-07T13:00:00Z,OTHER,WOOD/REFUSE,69.79792638540268,149
2026-09-07T13:00:00Z,SOLAR,SOLAR,10.998722042780784,1892
2026-09-07T13:00:00Z,WIND,WIND,1208.4623830584767,5684
2026-09-07T14:00:00Z,ENERGY STORAGE,ENERGY STORAGE,-1.5,270
2026-09-07T14:00:00Z,GAS,COGENERATION,4164.761675764455,6122
2026-09-07T14:00:00Z,GAS,COMBINED CYCLE,3169.3180694670145,3974
2026-09-07T14:00:00Z,GAS,GAS FIRED STEAM,355.1165494484371,3078
2026-09-07T14:00:00Z,GAS,SIMPLE CYCLE,43.31799994892545,1014
2026-09-07T14:00:00Z,HYDRO,HYDRO,219.7312492510014,896
2026-09-07T14:00:00Z,OTHER,BIOMASS,106.46344197114308,195
2026-09-07T14:00:00Z,OTHER,COMPOSITE,0,20
2026-09-07T14:00:00Z,OTHER,GAS,1.9999510049819944,10
2026-09-07T14:00:00Z,OTHER,GAS COGEN,41.12152430004544,58
2026-09-07T14:00:00Z,OTHER,OIL/GAS,46.61217134051853,53
2026-09-07T14:00:00Z,OTHER,WOOD/REFUSE,67.97454264905718,149
2026-09-07T14:00:00Z,SOLAR,SOLAR,72.14652455089407,1892
2026-09-07T14:00:00Z,WIND,WIND,1324.5021716218275,5684
2026-09-07T15:00:00Z,ENERGY STORAGE,ENERGY STORAGE,-1.5,270
2026-09-07T15:00:00Z,GAS,COGENERATION,4154.454767833418,6122
2026-09-07T15:00:00Z,GAS,COMBINED CYCLE,3208.1771818100083,3974
2026-09-07T15:00:00Z,GAS,GAS FIRED STEAM,400.2854936737485,3078
2026-09-07T15:00:00Z,GAS,SIMPLE CYCLE,43.199499702453615,1014
2026-09-07T15:00:00Z,HYDRO,HYDRO,205.6048769197199,896
2026-09-07T15:00:00Z,OTHER,BIOMASS,108.14222006267973,195
2026-09-07T15:00:00Z,OTHER,COMPOSITE,0,20
2026-09-07T15:00:00Z,OTHER,GAS,1.9999510049819944,10
2026-09-07T15:00:00Z,OTHER,GAS COGEN,40.962505172093714,58
2026-09-07T15:00:00Z,OTHER,OIL/GAS,47.213754172854955,53
2026-09-07T15:00:00Z,OTHER,WOOD/REFUSE,69.276213934554,149
2026-09-07T15:00:00Z,SOLAR,SOLAR,97.43598362697496,1892
2026-09-07T15:00:00Z,WIND,WIND,1422.5723658797144,5684
2026-09-07T16:00:00Z,ENERGY STORAGE,ENERGY STORAGE,-1.5,270
2026-09-07T16:00:00Z,GAS,COGENERATION,4226.2703336788545,6122
2026-09-07T16:00:00Z,GAS,COMBINED CYCLE,3275.301975874106,3974
2026-09-07T16:00:00Z,GAS,GAS FIRED STEAM,459.2182140848372,3078
2026-09-07T16:00:00Z,GAS,SIMPLE CYCLE,43.235666275024414,1014
2026-09-07T16:00:00Z,HYDRO,HYDRO,228.72852971262404,896
2026-09-07T16:00:00Z,OTHER,BIOMASS,110.01549804104698,195
2026-09-07T16:00:00Z,OTHER,COMPOSITE,0,20
2026-09-07T16:00:00Z,OTHER,GAS,1.9999510049819944,10
2026-09-07T16:00:00Z,OTHER,GAS COGEN,40.90706626097361,58
2026-09-07T16:00:00Z,OTHER,OIL/GAS,47.74479892518785,53
2026-09-07T16:00:00Z,OTHER,WOOD/REFUSE,70.46437686072454,149
2026-09-07T16:00:00Z,SOLAR,SOLAR,125.279387330268,1892
2026-09-07T16:00:00Z,WIND,WIND,1454.6323253516107,5684
2026-09-07T17:00:00Z,ENERGY STORAGE,ENERGY STORAGE,-1.007555553532309,270
2026-09-07T17:00:00Z,GAS,COGENERATION,4262.638761143419,6122
2026-09-07T17:00:00Z,GAS,COMBINED CYCLE,3265.9287026423876,3974
2026-09-07T17:00:00Z,GAS,GAS FIRED STEAM,667.8139877372319,3078
2026-09-07T17:00:00Z,GAS,SIMPLE CYCLE,43.330832750532366,1014
2026-09-07T17:00:00Z,HYDRO,HYDRO,133.3692328119278,896
2026-09-07T17:00:00Z,OTHER,BIOMASS,107.63910296652053,195
2026-09-07T17:00:00Z,OTHER,COMPOSITE,0,20
2026-09-07T17:00:00Z,OTHER,GAS,1.9999510049819944,10
2026-09-07T17:00:00Z,OTHER,GAS COGEN,40.610198363727996,58
2026-09-07T17:00:00Z,OTHER,OIL/GAS,47.5499270078871,53
2026-09-07T17:00:00Z,OTHER,WOOD/REFUSE,71.5617133389579,149
2026-09-07T17:00:00Z,SOLAR,SOLAR,168.34645100173023,1892
2026-09-07T17:00:00Z,WIND,WIND,1549.9593964781902,5684
2026-09-07T18:00:00Z,ENERGY STORAGE,ENERGY STORAGE,-0.09999999403953552,270
2026-09-07T18:00:00Z,GAS,COGENERATION,4206.420305218035,6122
2026-09-07T18:00:00Z,GAS,COMBINED CYCLE,3152.1321542016663,3974
2026-09-07T18:00:00Z,GAS,GAS FIRED STEAM,452.90137896749707,3078
2026-09-07T18:00:00Z,GAS,SIMPLE CYCLE,43.5413322628869,1014
2026-09-07T18:00:00Z,HYDRO,HYDRO,162.14995432694752,896
2026-09-07T18:00:00Z,OTHER,BIOMASS,105.27416463481056,195
2026-09-07T18:00:00Z,OTHER,COMPOSITE,0,20
2026-09-07T18:00:00Z,OTHER,GAS,1.9999510049819944,10
2026-09-07T18:00:00Z,OTHER,GAS COGEN,40.60620415051778,58
2026-09-07T18:00:00Z,OTHER,OIL/GAS,47.62036543528239,53
2026-09-07T18:00:00Z,OTHER,WOOD/REFUSE,69.3679344704416,149
2026-09-07T18:00:00Z,SOLAR,SOLAR,216.6998527337942,1892
2026-09-07T18:00:00Z,WIND,WIND,1908.639184526176,5684
2026-09-07T19:00:00Z,ENERGY STORAGE,ENERGY STORAGE,-0.09999999403953552,270
2026-09-07T19:00:00Z,GAS,COGENERATION,4094.934644584126,6122
2026-09-07T19:00:00Z,GAS,COMBINED CYCLE,2893.6447419468564,3974
2026-09-07T19:00:00Z,GAS,GAS FIRED STEAM,390.5314926391178,3078
2026-09-07T19:00:00Z,GAS,SIMPLE CYCLE,43.39966580708822,1014
2026-09-07T19:00:00Z,HYDRO,HYDRO,136.020409062571,896
2026-09-07T19:00:00Z,OTHER,BIOMASS,105.62749839782715,195
2026-09-07T19:00:00Z,OTHER,COMPOSITE,0,20
2026-09-07T19:00:00Z,OTHER,GAS,1.9999510049819944,10
2026-09-07T19:00:00Z,OTHER,GAS COGEN,40.3072493007448,58
2026-09-07T19:00:00Z,OTHER,OIL/GAS,47.833187919192845,53
2026-09-07T19:00:00Z,OTHER,WOOD/REFUSE,69.46479256709416,149
2026-09-07T19:00:00Z,SOLAR,SOLAR,216.91232483971035,1892
2026-09-07T19:00:00Z,WIND,WIND,2395.654406606559,5684
2026-09-07T20:00:00Z,ENERGY STORAGE,ENERGY STORAGE,-0.09999999403953552,270
2026-09-07T20:00:00Z,GAS,COGENERATION,4082.0342234157188,6122
2026-09-07T20:00:00Z,GAS,COMBINED CYCLE,2551.6545755616826,3974
2026-09-07T20:00:00Z,GAS,GAS FIRED STEAM,332.4971600161658,3078
2026-09-07T20:00:00Z,GAS,SIMPLE CYCLE,43.54883254316118,1014
2026-09-07T20:00:00Z,HYDRO,HYDRO,157.9577142481009,896
2026-09-07T20:00:00Z,OTHER,BIOMASS,104.96222068998549,195
2026-09-07T20:00:00Z,OTHER,COMPOSITE,0,20
2026-09-07T20:00:00Z,OTHER,GAS,1.9999510049819944,10
2026-09-07T20:00:00Z,OTHER,GAS COGEN,40.15604748725891,58
2026-09-07T20:00:00Z,OTHER,OIL/GAS,47.89589914957682,53
2026-09-07T20:00:00Z,OTHER,WOOD/REFUSE,68.25333516306347,149
2026-09-07T20:00:00Z,SOLAR,SOLAR,239.82244495772653,1892
2026-09-07T20:00:00Z,WIND,WIND,2773.1587041323464,5684
2026-09-07T21:00:00Z,ENERGY STORAGE,ENERGY STORAGE,-0.09999999403953552,270
2026-09-07T21:00:00Z,GAS,COGENERATION,4060.584890729189,6122
2026-09-07T21:00:00Z,GAS,COMBINED CYCLE,2376.655215004815,3974
2026-09-07T21:00:00Z,GAS,GAS FIRED STEAM,331.8967715146806,3078
2026-09-07T21:00:00Z,GAS,SIMPLE CYCLE,43.69733241505093,1014
2026-09-07T21:00:00Z,HYDRO,HYDRO,160.42344818088742,896
2026-09-07T21:00:00Z,OTHER,BIOMASS,105.73377610206603,195
2026-09-07T21:00:00Z,OTHER,COMPOSITE,0,20
2026-09-07T21:00:00Z,OTHER,GAS,1.9999510049819944,10
2026-09-07T21:00:00Z,OTHER,GAS COGEN,39.89492335213555,58
2026-09-07T21:00:00Z,OTHER,OIL/GAS,47.71226525200738,53
2026-09-07T21:00:00Z,OTHER,WOOD/REFUSE,60.23092789583736,149
2026-09-07T21:00:00Z,SOLAR,SOLAR,186.72019930713705,1892
2026-09-07T21:00:00Z,WIND,WIND,3220.5349114685423,5684
2026-09-07T22:00:00Z,ENERGY STORAGE,ENERGY STORAGE,-0.09999999403953552,270
2026-09-07T22:00:00Z,GAS,COGENERATION,4020.905916295846,6122
2026-09-07T22:00:00Z,GAS,COMBINED CYCLE,2350.3483386508624,3974
2026-09-07T22:00:00Z,GAS,GAS FIRED STEAM,333.6153277606434,3078
2026-09-07T22:00:00Z,GAS,SIMPLE CYCLE,43.519499033292135,1014
2026-09-07T22:00:00Z,HYDRO,HYDRO,177.8866087561349,896
2026-09-07T22:00:00Z,OTHER,BIOMASS,104.91672035323248,195
2026-09-07T22:00:00Z,OTHER,COMPOSITE,0,20
2026-09-07T22:00:00Z,OTHER,GAS,1.9999510049819944,10
2026-09-07T22:00:00Z,OTHER,GAS COGEN,39.71009538915422,58
2026-09-07T22:00:00Z,OTHER,OIL/GAS,47.8862309773763,53
2026-09-07T22:00:00Z,OTHER,WOOD/REFUSE,55.791003860102755,149
2026-09-07T22:00:00Z,SOLAR,SOLAR,143.8487346362074,1892
2026-09-07T22:00:00Z,WIND,WIND,3682.5562216696394,5684
2026-09-07T23:00:00Z,ENERGY STORAGE,ENERGY STORAGE,-0.07566666215658188,270
2026-09-07T23:00:00Z,GAS,COGENERATION,4028.4416601896287,6122
2026-09-07T23:00:00Z,GAS,COMBINED CYCLE,2331.0622200377784,3974
2026-09-07T23:00:00Z,GAS,GAS FIRED STEAM,335.10843802875945,3078
2026-09-07T23:00:00Z,GAS,SIMPLE CYCLE,43.06544350994958,1014
2026-09-07T23:00:00Z,HYDRO,HYDRO,200.13841920804646,896
2026-09-07T23:00:00Z,OTHER,BIOMASS,102.95166416115231,195
2026-09-07T23:00:00Z,OTHER,COMPOSITE,0,20
2026-09-07T23:00:00Z,OTHER,GAS,1.9999510049819944,10
2026-09-07T23:00:00Z,OTHER,GAS COGEN,39.68134320629967,58
2026-09-07T23:00:00Z,OTHER,OIL/GAS,46.88509355756972,53
2026-09-07T23:00:00Z,OTHER,WOOD/REFUSE,55.108304397927384,149
2026-09-07T23:00:00Z,SOLAR,SOLAR,79.68454782468991,1892
2026-09-07T23:00:00Z,WIND,WIND,3787.46418609889,5684
2026-09-08T00:00:00Z,ENERGY STORAGE,ENERGY STORAGE,0,270
2026-09-08T00:00:00Z,GAS,COGENERATION,4029.3140186205173,6122
2026-09-08T00:00:00Z,GAS,COMBINED CYCLE,2299.7710384734473,3974
2026-09-08T00:00:00Z,GAS,GAS FIRED STEAM,334.2722720538245,3078
2026-09-08T00:00:00Z,GAS,SIMPLE CYCLE,42.640832841661236,1014
2026-09-08T00:00:00Z,HYDRO,HYDRO,189.90479159519077,896
2026-09-08T00:00:00Z,OTHER,BIOMASS,102.80638673464458,195
2026-09-08T00:00:00Z,OTHER,COMPOSITE,0,20
2026-09-08T00:00:00Z,OTHER,GAS,1.9999510049819944,10
2026-09-08T00:00:00Z,OTHER,GAS COGEN,39.43784387376573,58
2026-09-08T00:00:00Z,OTHER,OIL/GAS,45.09241530736288,53
2026-09-08T00:00:00Z,OTHER,WOOD/REFUSE,54.863761967817936,149
2026-09-08T00:00:00Z,SOLAR,SOLAR,37.23813070018672,1892
2026-09-08T00:00:00Z,WIND,WIND,3790.5005088875027,5684
2026-09-08T01:00:00Z,ENERGY STORAGE,ENERGY STORAGE,0,270
2026-09-08T01:00:00Z,GAS,COGENERATION,4041.2986571721235,6122
2026-09-08T01:00:00Z,GAS,COMBINED CYCLE,2341.0449231057696,3974
2026-09-08T01:00:00Z,GAS,GAS FIRED STEAM,332.3879931757185,3078
2026-09-08T01:00:00Z,GAS,SIMPLE CYCLE,42.680332908630376,1014
2026-09-08T01:00:00Z,HYDRO,HYDRO,253.89242242342897,896
2026-09-08T01:00:00Z,OTHER,BIOMASS,102.21783174090916,195
2026-09-08T01:00:00Z,OTHER,COMPOSITE,0,20
2026-09-08T01:00:00Z,OTHER,GAS,1.9999510049819944,10
2026-09-08T01:00:00Z,OTHER,GAS COGEN,39.01627920044793,58
2026-09-08T01:00:00Z,OTHER,OIL/GAS,44.79919900894165,53
2026-09-08T01:00:00Z,OTHER,WOOD/REFUSE,55.25128022485309,149
2026-09-08T01:00:00Z,SOLAR,SOLAR,6.706875844676461,1892
2026-09-08T01:00:00Z,WIND,WIND,3651.969333822872,5684
2026-09-08T02:00:00Z,ENERGY STORAGE,ENERGY STORAGE,0,270
2026-09-08T02:00:00Z,GAS,COGENERATION,4066.2583851611616,6122
2026-09-08T02:00:00Z,GAS,COMBINED CYCLE,2287.5119519318478,3974
2026-09-08T02:00:00Z,GAS,GAS FIRED STEAM,332.4271601136526,3078
2026-09-08T02:00:00Z,GAS,SIMPLE CYCLE,42.654332888921104,1014
2026-09-08T02:00:00Z,HYDRO,HYDRO,221.8589219376776,896
2026-09-08T02:00:00Z,OTHER,BIOMASS,101.60894266340468,195
2026-09-08T02:00:00Z,OTHER,COMPOSITE,0,20
2026-09-08T02:00:00Z,OTHER,GAS,1.9999510049819944,10
2026-09-08T02:00:00Z,OTHER,GAS COGEN,40.298605770534934,58
2026-09-08T02:00:00Z,OTHER,OIL/GAS,43.862926709916856,53
2026-09-08T02:00:00Z,OTHER,WOOD/REFUSE,55.404454336431286,149
2026-09-08T02:00:00Z,SOLAR,SOLAR,4.351999942693445,1892
2026-09-08T02:00:00Z,WIND,WIND,3719.7523428151385,5684
2026-09-08T03:00:00Z,ENERGY STORAGE,ENERGY STORAGE,0,270
2026-09-08T03:00:00Z,GAS,COGENERATION,4048.8914118219745,6122
2026-09-08T03:00:00Z,GAS,COMBINED CYCLE,2075.5720632100106,3974
2026-09-08T03:00:00Z,GAS,GAS FIRED STEAM,332.44699393696254,3078
2026-09-08T03:00:00Z,GAS,SIMPLE CYCLE,42.67433296203613,1014
2026-09-08T03:00:00Z,HYDRO,HYDRO,208.1464803771178,896
2026-09-08T03:00:00Z,OTHER,BIOMASS,103.6477210908466,195
2026-09-08T03:00:00Z,OTHER,COMPOSITE,0,20
2026-09-08T03:00:00Z,OTHER,GAS,1.9999510049819944,10
2026-09-08T03:00:00Z,OTHER,GAS COGEN,40.00567417886522,58
2026-09-08T03:00:00Z,OTHER,OIL/GAS,42.46689387851291,53
2026-09-08T03:00:00Z,OTHER,WOOD/REFUSE,55.97776970916325,149
2026-09-08T03:00:00Z,SOLAR,SOLAR,3.7999999448657036,1892
2026-09-08T03:00:00Z,WIND,WIND,3688.664235512416,5684
2026-09-08T04:00:00Z,ENERGY STORAGE,ENERGY STORAGE,0,270
2026-09-08T04:00:00Z,GAS,COGENERATION,4029.0729871026674,6122
2026-09-08T04:00:00Z,GAS,COMBINED CYCLE,1944.2675261603463,3974
2026-09-08T04:00:00Z,GAS,GAS FIRED STEAM,332.37688324716356,3078
2026-09-08T04:00:00Z,GAS,SIMPLE CYCLE,42.66949956893921,1014
2026-09-08T04:00:00Z,HYDRO,HYDRO,217.54108563316368,896
2026-09-08T04:00:00Z,OTHER,BIOMASS,100.49488721953497,195
2026-09-08T04:00:00Z,OTHER,COMPOSITE,0,20
2026-09-08T04:00:00Z,OTHER,GAS,1.9999510049819944,10
2026-09-08T04:00:00Z,OTHER,GAS COGEN,40.03264630211724,58
2026-09-08T04:00:00Z,OTHER,OIL/GAS,40.27846619711982,53
2026-09-08T04:00:00Z,OTHER,WOOD/REFUSE,56.019630535443625,149
2026-09-08T04:00:00Z,SOLAR,SOLAR,3.7999999448657036,1892
2026-09-08T04:00:00Z,WIND,WIND,3551.2251623543602,5684
2026-09-08T05:00:00Z,ENERGY STORAGE,ENERGY STORAGE,0.3458888749447134,270
2026-09-08T05:00:00Z,GAS,COGENERATION,4030.578035234188,6122
2026-09-08T05:00:00Z,GAS,COMBINED CYCLE,1767.0106568781534,3974
2026-09-08T05:00:00Z,GAS,GAS FIRED STEAM,332.2797168678708,3078
2026-09-08T05:00:00Z,GAS,SIMPLE CYCLE,42.3459991953108,1014
2026-09-08T05:00:00Z,HYDRO,HYDRO,131.9425737362769,896
2026-09-08T05:00:00Z,OTHER,BIOMASS,97.44677629417843,195
2026-09-08T05:00:00Z,OTHER,COMPOSITE,0,20
2026-09-08T05:00:00Z,OTHER,GAS,1.9999510049819944,10
2026-09-08T05:00:00Z,OTHER,GAS COGEN,40.230579441918266,58
2026-09-08T05:00:00Z,OTHER,OIL/GAS,40.39149985631307,53
2026-09-08T05:00:00Z,OTHER,WOOD/REFUSE,55.41219004922443,149
2026-09-08T05:00:00Z,SOLAR,SOLAR,3.7999999448657036,1892
2026-09-08T05:00:00Z,WIND,WIND,3470.3833925300837,5684
2026-09-08T06:00:00Z,ENERGY STORAGE,ENERGY STORAGE,-2.813388836731513,270
2026-09-08T06:00:00Z,GAS,COGENERATION,4025.023088270558,6122
2026-09-08T06:00:00Z,GAS,COMBINED CYCLE,1625.5334686761432,3974
2026-09-08T06:00:00Z,GAS,GAS FIRED STEAM,332.5428271396955,3078
2026-09-08T06:00:00Z,GAS,SIMPLE CYCLE,42.250332532458835,1014
2026-09-08T06:00:00Z,HYDRO,HYDRO,128.50360509234997,896
2026-09-08T06:00:00Z,OTHER,BIOMASS,98.32233133951823,195
2026-09-08T06:00:00Z,OTHER,COMPOSITE,0,20
2026-09-08T06:00:00Z,OTHER,GAS,1.9999510049819944,10
2026-09-08T06:00:00Z,OTHER,GAS COGEN,40.84326073699527,58
2026-09-08T06:00:00Z,OTHER,OIL/GAS,41.12086544672648,53
2026-09-08T06:00:00Z,OTHER,WOOD/REFUSE,55.07774822182126,149
2026-09-08T06:00:00Z,SOLAR,SOLAR,3.7999999448657036,1892
2026-09-08T06:00:00Z,WIND,WIND,3392.8940200043717,5684
2026-09-08T07:00:00Z,ENERGY STORAGE,ENERGY STORAGE,-9.551888652609454,270
2026-09-08T07:00:00Z,GAS,COGENERATION,4019.1028800531226,6122
2026-09-08T07:00:00Z,GAS,COMBINED CYCLE,1597.5739634365507,3974
2026-09-08T07:00:00Z,GAS,GAS FIRED STEAM,332.53038289282057,3078
2026-09-08T07:00:00Z,GAS,SIMPLE CYCLE,42.326332636939156,1014
2026-09-08T07:00:00Z,HYDRO,HYDRO,155.9289945135762,896
2026-09-08T07:00:00Z,OTHER,BIOMASS,95.81744271384345,195
2026-09-08T07:00:00Z,OTHER,COMPOSITE,0,20
2026-09-08T07:00:00Z,OTHER,GAS,1.9999510049819944,10
2026-09-08T07:00:00Z,OTHER,GAS COGEN,40.89896456294589,58
2026-09-08T07:00:00Z,OTHER,OIL/GAS,40.6690988667806,53
2026-09-08T07:00:00Z,OTHER,WOOD/REFUSE,51.55880654023753,149
2026-09-08T07:00:00Z,SOLAR,SOLAR,3.7999999448657036,1892
2026-09-08T07:00:00Z,WIND,WIND,3197.5318675660424,5684
2026-09-08T08:00:00Z,ENERGY STORAGE,ENERGY STORAGE,-5.853610982944568,270
2026-09-08T08:00:00Z,GAS,COGENERATION,4021.891238927709,6122
2026-09-08T08:00:00Z,GAS,COMBINED CYCLE,1607.1053126684824,3974
2026-09-08T08:00:00Z,GAS,GAS FIRED STEAM,332.723938182195,3078
2026-09-08T08:00:00Z,GAS,SIMPLE CYCLE,42.361999361250135,1014
2026-09-08T08:00:00Z,HYDRO,HYDRO,175.91422932022147,896
2026-09-08T08:00:00Z,OTHER,BIOMASS,90.76816497908698,195
2026-09-08T08:00:00Z,OTHER,COMPOSITE,0,20
2026-09-08T08:00:00Z,OTHER,GAS,1.9999510049819944,10
2026-09-08T08:00:00Z,OTHER,GAS COGEN,40.760958796077304,58
2026-09-08T08:00:00Z,OTHER,OIL/GAS,40.96466062757704,53
2026-09-08T08:00:00Z,OTHER,WOOD/REFUSE,47.84474386639065,149
2026-09-08T08:00:00Z,SOLAR,SOLAR,3.262833285960886,1892
2026-09-08T08:00:00Z,WIND,WIND,3059.9986014924943,5684
2026-09-08T09:00:00Z,ENERGY STORAGE,ENERGY STORAGE,-1.448388846317927,270
2026-09-08T09:00:00Z,GAS,COGENERATION,4027.945082815356,6122
2026-09-08T09:00:00Z,GAS,COMBINED CYCLE,1593.5804673571056,3974
2026-09-08T09:00:00Z,GAS,GAS FIRED STEAM,332.6281604650286,3078
2026-09-08T09:00:00Z,GAS,SIMPLE CYCLE,42.286832353803845,1014
2026-09-08T09:00:00Z,HYDRO,HYDRO,110.88512082917822,896
2026-09-08T09:00:00Z,OTHER,BIOMASS,90.58177613364326,195
2026-09-08T09:00:00Z,OTHER,COMPOSITE,0,20
2026-09-08T09:00:00Z,OTHER,GAS,1.2374003505044513,10
2026-09-08T09:00:00Z,OTHER,GAS COGEN,40.63177304797703,58
2026-09-08T09:00:00Z,OTHER,OIL/GAS,40.6834719382392,53
2026-09-08T09:00:00Z,OTHER,WOOD/REFUSE,47.93559270646837,149
2026-09-08T09:00:00Z,SOLAR,SOLAR,0.4999999925494194,1892
2026-09-08T09:00:00Z,WIND,WIND,3123.3471271802155,5684
2026-09-08T10:00:00Z,ENERGY STORAGE,ENERGY STORAGE,0.5426111279759143,270
2026-09-08T10:00:00Z,GAS,COGENERATION,4037.553533849319,6122
2026-09-08T10:00:00Z,GAS,COMBINED CYCLE,1599.2540788650513,3974
2026-09-08T10:00:00Z,GAS,GAS FIRED STEAM,332.6167162842221,3078
2026-09-08T10:00:00Z,GAS,SIMPLE CYCLE,42.352499328189424,1014
2026-09-08T10:00:00Z,HYDRO,HYDRO,131.1012551348408,896
2026-09-08T10:00:00Z,OTHER,BIOMASS,91.04327673594157,195
2026-09-08T10:00:00Z,OTHER,COMPOSITE,0,20
2026-09-08T10:00:00Z,OTHER,GAS,1.9285621186097464,10
2026-09-08T10:00:00Z,OTHER,GAS COGEN,40.638517655266654,58
2026-09-08T10:00:00Z,OTHER,OIL/GAS,40.57818760553996,53
2026-09-08T10:00:00Z,OTHER,WOOD/REFUSE,48.299510913425024,149
2026-09-08T10:00:00Z,SOLAR,SOLAR,0.4999999925494194,1892
2026-09-08T10:00:00Z,WIND,WIND,3126.8924449202086,5684
2026-09-08T11:00:00Z,ENERGY STORAGE,ENERGY STORAGE,1.6321666572160192,270
2026-09-08T11:00:00Z,GAS,COGENERATION,4056.6232732776803,6122
2026-09-08T11:00:00Z,GAS,COMBINED CYCLE,1673.9063329558903,3974
2026-09-08T11:00:00Z,GAS,GAS FIRED STEAM,332.5965495755937,3078
2026-09-08T11:00:00Z,GAS,SIMPLE CYCLE,42.74783270306058,1014
2026-09-08T11:00:00Z,HYDRO,HYDRO,195.98777063382997,896
2026-09-08T11:00:00Z,OTHER,BIOMASS,92.52616569095187,195
2026-09-08T11:00:00Z,OTHER,COMPOSITE,0,20
2026-09-08T11:00:00Z,OTHER,GAS,1.9999510049819944,10
2026-09-08T11:00:00Z,OTHER,GAS COGEN,40.72993046866523,58
2026-09-08T11:00:00Z,OTHER,OIL/GAS,40.748243764241536,53
2026-09-08T11:00:00Z,OTHER,WOOD/REFUSE,48.81385683695475,149
2026-09-08T11:00:00Z,SOLAR,SOLAR,0.4999999925494194,1892
2026-09-08T11:00:00Z,WIND,WIND,3166.482311716129,5684
2026-09-08T12:00:00Z,ENERGY STORAGE,ENERGY STORAGE,1.3083888771964445,270
2026-09-08T12:00:00Z,GAS,COGENERATION,4109.218735293282,6122
2026-09-08T12:00:00Z,GAS,COMBINED CYCLE,2286.090921614435,3974
2026-09-08T12:00:00Z,GAS,GAS FIRED STEAM,332.56254942046274,3078
2026-09-08T12:00:00Z,GAS,SIMPLE CYCLE,42.69083282258775,1014
2026-09-08T12:00:00Z,HYDRO,HYDRO,204.05536243121657,896
2026-09-08T12:00:00Z,OTHER,BIOMASS,93.9621100086636,195
2026-09-08T12:00:00Z,OTHER,COMPOSITE,0,20
2026-09-08T12:00:00Z,OTHER,GAS,1.1999510049819946,10
2026-09-08T12:00:00Z,OTHER,GAS COGEN,40.748236802948846,58
2026-09-08T12:00:00Z,OTHER,OIL/GAS,40.901120830112035,53
2026-09-08T12:00:00Z,OTHER,WOOD/REFUSE,48.65565794626872,149
2026-09-08T12:00:00Z,SOLAR,SOLAR,0.4999999925494194,1892
2026-09-08T12:00:00Z,WIND,WIND,2804.3186097921266,5684
2026-09-08T13:00:00Z,ENERGY STORAGE,ENERGY STORAGE,-1.4563333335518838,270
2026-09-08T13:00:00Z,GAS,COGENERATION,4165.545383424097,6122
2026-09-08T13:00:00Z,GAS,COMBINED CYCLE,2830.7660560242334,3974
2026-09-08T13:00:00Z,GAS,GAS FIRED STEAM,348.58882704496386,3078
2026-09-08T13:00:00Z,GAS,SIMPLE CYCLE,42.06088829040527,1014
2026-09-08T13:00:00Z,HYDRO,HYDRO,165.6941137070126,896
2026-09-08T13:00:00Z,OTHER,BIOMASS,98.9948878622055,195
2026-09-08T13:00:00Z,OTHER,COMPOSITE,0,20
2026-09-08T13:00:00Z,OTHER,GAS,0.9999510049819946,10
2026-09-08T13:00:00Z,OTHER,GAS COGEN,40.84347653441959,58
2026-09-08T13:00:00Z,OTHER,OIL/GAS,41.14841588550144,53
2026-09-08T13:00:00Z,OTHER,WOOD/REFUSE,45.25130180782742,149
2026-09-08T13:00:00Z,SOLAR,SOLAR,58.44963591118653,1892
2026-09-08T13:00:00Z,WIND,WIND,2567.992194602771,5684
2026-09-08T14:00:00Z,ENERGY STORAGE,ENERGY STORAGE,-1.5,270
2026-09-08T14:00:00Z,GAS,COGENERATION,4154.2165063209,6122
2026-09-08T14:00:00Z,GAS,COMBINED CYCLE,2920.8417536830902,3974
2026-09-08T14:00:00Z,GAS,GAS FIRED STEAM,421.9367138915592,3078
2026-09-08T14:00:00Z,GAS,SIMPLE CYCLE,42.90055496192641,1014
2026-09-08T14:00:00Z,HYDRO,HYDRO,133.70367940305007,896
2026-09-08T14:00:00Z,OTHER,BIOMASS,95.99133214685651,195
2026-09-08T14:00:00Z,OTHER,COMPOSITE,0,20
2026-09-08T14:00:00Z,OTHER,GAS,0.9999510049819946,10
2026-09-08T14:00:00Z,OTHER,GAS COGEN,40.949003557629055,58
2026-09-08T14:00:00Z,OTHER,OIL/GAS,41.46520503573947,53
2026-09-08T14:00:00Z,OTHER,WOOD/REFUSE,43.74090763727824,149
2026-09-08T14:00:00Z,SOLAR,SOLAR,625.1775772674216,1892
2026-09-08T14:00:00Z,WIND,WIND,1948.8316419575613,5684
2026-09-08T15:00:00Z,ENERGY STORAGE,ENERGY STORAGE,-1.4036666436990102,270
2026-09-08T15:00:00Z,GAS,COGENERATION,4125.982068233093,6122
2026-09-08T15:00:00Z,GAS,COMBINED CYCLE,2849.1428100416397,3974
2026-09-08T15:00:00Z,GAS,GAS FIRED STEAM,368.1190485853619,3078
2026-09-08T15:00:00Z,GAS,SIMPLE CYCLE,44.56533287280136,1014
2026-09-08T15:00:00Z,HYDRO,HYDRO,157.20631482919057,896
2026-09-08T15:00:00Z,OTHER,BIOMASS,96.31127664460077,195
2026-09-08T15:00:00Z,OTHER,COMPOSITE,0,20
2026-09-08T15:00:00Z,OTHER,GAS,0.9216732085413404,10
2026-09-08T15:00:00Z,OTHER,GAS COGEN,40.613157868385315,58
2026-09-08T15:00:00Z,OTHER,OIL/GAS,41.2785377714369,53
2026-09-08T15:00:00Z,OTHER,WOOD/REFUSE,44.56622525321113,149
2026-09-08T15:00:00Z,SOLAR,SOLAR,1226.0969313251971,1892
2026-09-08T15:00:00Z,WIND,WIND,1412.2416616275575,5684
2026-09-08T16:00:00Z,ENERGY STORAGE,ENERGY STORAGE,-1.411944423450364,270
2026-09-08T16:00:00Z,GAS,COGENERATION,4191.868821752138,6122
2026-09-08T16:00:00Z,GAS,COMBINED CYCLE,2932.227657412423,3974
2026-09-08T16:00:00Z,GAS,GAS FIRED STEAM,436.1828790971968,3078
2026-09-08T16:00:00Z,GAS,SIMPLE CYCLE,44.98227733075619,1014
2026-09-08T16:00:00Z,HYDRO,HYDRO,158.82378446287578,896
2026-09-08T16:00:00Z,OTHER,BIOMASS,81.85149799346924,195
2026-09-08T16:00:00Z,OTHER,COMPOSITE,0,20
2026-09-08T16:00:00Z,OTHER,GAS,0.9282843212286632,10
2026-09-08T16:00:00Z,OTHER,GAS COGEN,40.37149444950952,58
2026-09-08T16:00:00Z,OTHER,OIL/GAS,35.49775522020128,53
2026-09-08T16:00:00Z,OTHER,WOOD/REFUSE,48.99489827473958,149
2026-09-08T16:00:00Z,SOLAR,SOLAR,1368.062715596358,1892
2026-09-08T16:00:00Z,WIND,WIND,1193.1833154086437,5684
2026-09-08T17:00:00Z,ENERGY STORAGE,ENERGY STORAGE,-1.5,270
2026-09-08T17:00:00Z,GAS,COGENERATION,4077.35051587277,6122
2026-09-08T17:00:00Z,GAS,COMBINED CYCLE,2886.215209554566,3974
2026-09-08T17:00:00Z,GAS,GAS FIRED STEAM,376.80143822246123,3078
2026-09-08T17:00:00Z,GAS,SIMPLE CYCLE,45.51305487520165,1014
2026-09-08T17:00:00Z,HYDRO,HYDRO,161.851087441047,896
2026-09-08T17:00:00Z,OTHER,BIOMASS,68.45011008474562,195
2026-09-08T17:00:00Z,OTHER,COMPOSITE,0,20
2026-09-08T17:00:00Z,OTHER,GAS,0.9999510049819946,10
2026-09-08T17:00:00Z,OTHER,GAS COGEN,40.27469707859888,58
2026-09-08T17:00:00Z,OTHER,OIL/GAS,35.02952680587769,53
2026-09-08T17:00:00Z,OTHER,WOOD/REFUSE,48.78306104871962,149
2026-09-08T17:00:00Z,SOLAR,SOLAR,1475.4478321616516,1892
2026-09-08T17:00:00Z,WIND,WIND,1360.8489077021843,5684
2026-09-08T18:00:00Z,ENERGY STORAGE,ENERGY STORAGE,-0.43933333315783074,270
2026-09-08T18:00:00Z,GAS,COGENERATION,4039.380907205343,6122
2026-09-08T18:00:00Z,GAS,COMBINED CYCLE,2953.013523234791,3974
2026-09-08T18:00:00Z,GAS,GAS FIRED STEAM,394.33149350378244,3078
2026-09-08T18:00:00Z,GAS,SIMPLE CYCLE,45.37799918618467,1014
2026-09-08T18:00:00Z,HYDRO,HYDRO,154.9221882266137,896
2026-09-08T18:00:00Z,OTHER,BIOMASS,62.01705450587802,195
2026-09-08T18:00:00Z,OTHER,COMPOSITE,0,20
2026-09-08T18:00:00Z,OTHER,GAS,0.9999510049819946,10
2026-09-08T18:00:00Z,OTHER,GAS COGEN,40.67413169754876,58
2026-09-08T18:00:00Z,OTHER,OIL/GAS,36.33879858652751,53
2026-09-08T18:00:00Z,OTHER,WOOD/REFUSE,47.97276655832926,149
2026-09-08T18:00:00Z,SOLAR,SOLAR,1323.6135127085447,1892
2026-09-08T18:00:00Z,WIND,WIND,1531.9545748921234,5684
2026-09-08T19:00:00Z,ENERGY STORAGE,ENERGY STORAGE,0,270
2026-09-08T19:00:00Z,GAS,COGENERATION,3974.3413795157276,6122
2026-09-08T19:00:00Z,GAS,COMBINED CYCLE,2990.7411589829126,3974
2026-09-08T19:00:00Z,GAS,GAS FIRED STEAM,441.234934858746,3078
2026-09-08T19:00:00Z,GAS,SIMPLE CYCLE,46.78477701071236,1014
2026-09-08T19:00:00Z,HYDRO,HYDRO,192.89406988256508,896
2026-09-08T19:00:00Z,OTHER,BIOMASS,64.68155421998766,195
2026-09-08T19:00:00Z,OTHER,COMPOSITE,0,20
2026-09-08T19:00:00Z,OTHER,GAS,0.9999510049819946,10
2026-09-08T19:00:00Z,OTHER,GAS COGEN,40.488664858076305,58
2026-09-08T19:00:00Z,OTHER,OIL/GAS,38.26596580505371,53
2026-09-08T19:00:00Z,OTHER,WOOD/REFUSE,49.41510588963826,149
2026-09-08T19:00:00Z,SOLAR,SOLAR,1190.8800424876313,1892
2026-09-08T19:00:00Z,WIND,WIND,1646.001132654614,5684
2026-09-08T20:00:00Z,ENERGY STORAGE,ENERGY STORAGE,0,270
2026-09-08T20:00:00Z,GAS,COGENERATION,3958.1192678154175,6122
2026-09-08T20:00:00Z,GAS,COMBINED CYCLE,3157.445907912784,3974
2026-09-08T20:00:00Z,GAS,GAS FIRED STEAM,467.77865688006085,3078
2026-09-08T20:00:00Z,GAS,SIMPLE CYCLE,46.48966601782375,1014
2026-09-08T20:00:00Z,HYDRO,HYDRO,190.74635128007995,896
2026-09-08T20:00:00Z,OTHER,BIOMASS,62.82272092554304,195
2026-09-08T20:00:00Z,OTHER,COMPOSITE,0,20
2026-09-08T20:00:00Z,OTHER,GAS,0.9999510049819946,10
2026-09-08T20:00:00Z,OTHER,GAS COGEN,39.99064683437348,58
2026-09-08T20:00:00Z,OTHER,OIL/GAS,39.546626743740504,53
2026-09-08T20:00:00Z,OTHER,WOOD/REFUSE,45.34804340998332,149
2026-09-08T20:00:00Z,SOLAR,SOLAR,1023.4153802071678,1892
2026-09-08T20:00:00Z,WIND,WIND,1632.7096767092578,5684
2026-09-08T21:00:00Z,ENERGY STORAGE,ENERGY STORAGE,0,270
2026-09-08T21:00:00Z,GAS,COGENERATION,3840.058734997246,6122
2026-09-08T21:00:00Z,GAS,COMBINED CYCLE,3021.2268299908105,3974
2026-09-08T21:00:00Z,GAS,GAS FIRED STEAM,412.9947130362193,3078
2026-09-08T21:00:00Z,GAS,SIMPLE CYCLE,47.15061006014546,1014
2026-09-08T21:00:00Z,HYDRO,HYDRO,165.97630814313888,896
2026-09-08T21:00:00Z,OTHER,BIOMASS,62.95499044524299,195
2026-09-08T21:00:00Z,OTHER,COMPOSITE,0,20
2026-09-08T21:00:00Z,OTHER,GAS,0.9999510049819946,10
2026-09-08T21:00:00Z,OTHER,GAS COGEN,39.717875672446354,58
2026-09-08T21:00:00Z,OTHER,OIL/GAS,39.39447154574924,53
2026-09-08T21:00:00Z,OTHER,WOOD/REFUSE,44.797726474338106,149
2026-09-08T21:00:00Z,SOLAR,SOLAR,1161.2614601634277,1892
2026-09-08T21:00:00Z,WIND,WIND,1938.8715137800284,5684
2026-09-08T22:00:00Z,ENERGY STORAGE,ENERGY STORAGE,0,270
2026-09-08T22:00:00Z,GAS,COGENERATION,3816.819993201494,6122
2026-09-08T22:00:00Z,GAS,COMBINED CYCLE,2958.9526844771704,3974
2026-09-08T22:00:00Z,GAS,GAS FIRED STEAM,332.207605454127,3078
2026-09-08T22:00:00Z,GAS,SIMPLE CYCLE,46.800776942405435,1014
2026-09-08T22:00:00Z,HYDRO,HYDRO,188.73665851689876,896
2026-09-08T22:00:00Z,OTHER,BIOMASS,58.442443050278555,195
2026-09-08T22:00:00Z,OTHER,COMPOSITE,0,20
2026-09-08T22:00:00Z,OTHER,GAS,0.9999510049819946,10
2026-09-08T22:00:00Z,OTHER,GAS COGEN,39.55241115464104,58
2026-09-08T22:00:00Z,OTHER,OIL/GAS,37.919232012430825,53
2026-09-08T22:00:00Z,OTHER,WOOD/REFUSE,46.48378799226549,149
2026-09-08T22:00:00Z,SOLAR,SOLAR,1240.992416946557,1892
2026-09-08T22:00:00Z,WIND,WIND,2035.7632553732064,5684
2026-09-08T23:00:00Z,ENERGY STORAGE,ENERGY STORAGE,0,270
2026-09-08T23:00:00Z,GAS,COGENERATION,3816.5790634033415,6122
2026-09-08T23:00:00Z,GAS,COMBINED CYCLE,2929.0017535776565,3974
2026-09-08T23:00:00Z,GAS,GAS FIRED STEAM,461.3466588963403,3078
2026-09-08T23:00:00Z,GAS,SIMPLE CYCLE,101.98122094810009,1014
2026-09-08T23:00:00Z,HYDRO,HYDRO,219.80949203474654,896
2026-09-08T23:00:00Z,OTHER,BIOMASS,52.25055447737376,195
2026-09-08T23:00:00Z,OTHER,COMPOSITE,0.11705555478731793,20
2026-09-08T23:00:00Z,OTHER,GAS,0.9999510049819946,10
2026-09-08T23:00:00Z,OTHER,GAS COGEN,39.56131604194641,58
2026-09-08T23:00:00Z,OTHER,OIL/GAS,38.11611537297567,53
2026-09-08T23:00:00Z,OTHER,WOOD/REFUSE,47.883184553782144,149
2026-09-08T23:00:00Z,SOLAR,SOLAR,1115.5013441124227,1892
2026-09-08T23:00:00Z,WIND,WIND,2029.284061162058,5684
2026-09-09T00:00:00Z,ENERGY STORAGE,ENERGY STORAGE,0,270
2026-09-09T00:00:00Z,GAS,COGENERATION,3843.19834895187,6122
2026-09-09T00:00:00Z,GAS,COMBINED CYCLE,2918.275706196361,3974
2026-09-09T00:00:00Z,GAS,GAS FIRED STEAM,547.7374900913238,3078
2026-09-09T00:00:00Z,GAS,SIMPLE CYCLE,111.52066430277293,1014
2026-09-09T00:00:00Z,HYDRO,HYDRO,289.0024486125675,896
2026-09-09T00:00:00Z,OTHER,BIOMASS,52.43438770400154,195
2026-09-09T00:00:00Z,OTHER,COMPOSITE,12.001777291827732,20
2026-09-09T00:00:00Z,OTHER,GAS,0.9999510049819946,10
2026-09-09T00:00:00Z,OTHER,GAS COGEN,39.641915100415545,58
2026-09-09T00:00:00Z,OTHER,OIL/GAS,34.587671250237356,53
2026-09-09T00:00:00Z,OTHER,WOOD/REFUSE,48.93891851849026,149
2026-09-09T00:00:00Z,SOLAR,SOLAR,637.8740053250723,1892
2026-09-09T00:00:00Z,WIND,WIND,2004.071149569489,5684
2026-09-09T01:00:00Z,ENERGY STORAGE,ENERGY STORAGE,0,270
2026-09-09T01:00:00Z,GAS,COGENERATION,4011.1081354547873,6122
2026-09-09T01:00:00Z,GAS,COMBINED CYCLE,3228.5258667447833,3974
2026-09-09T01:00:00Z,GAS,GAS FIRED STEAM,787.0324871836768,3078
2026-09-09T01:00:00Z,GAS,SIMPLE CYCLE,45.63866584950023,1014
2026-09-09T01:00:00Z,HYDRO,HYDRO,253.518996647199,896
2026-09-09T01:00:00Z,OTHER,BIOMASS,52.601332491238914,195
2026-09-09T01:00:00Z,OTHER,COMPOSITE,12.15183279408349,20
2026-09-09T01:00:00Z,OTHER,GAS,0.9999510049819946,10
2026-09-09T01:00:00Z,OTHER,GAS COGEN,39.63905728764004,58
2026-09-09T01:00:00Z,OTHER,OIL/GAS,35.428454856872555,53
2026-09-09T01:00:00Z,OTHER,WOOD/REFUSE,48.327708407508005,149
2026-09-09T01:00:00Z,SOLAR,SOLAR,91.42743985991098,1892
2026-09-09T01:00:00Z,WIND,WIND,1973.9434889957763,5684
2026-09-09T02:00:00Z,ENERGY STORAGE,ENERGY STORAGE,0,270
2026-09-09T02:00:00Z,GAS,COGENERATION,4054.547823383013,6122
2026-09-09T02:00:00Z,GAS,COMBINED CYCLE,3250.2120112133025,3974
2026-09-09T02:00:00Z,GAS,GAS FIRED STEAM,1130.2586472203998,3078
2026-09-09T02:00:00Z,GAS,SIMPLE CYCLE,95.96093092931642,1014
2026-09-09T02:00:00Z,HYDRO,HYDRO,190.40970440771844,896
2026-09-09T02:00:00Z,OTHER,BIOMASS,54.79744307041168,195
2026-09-09T02:00:00Z,OTHER,COMPOSITE,12.399999618530272,20
2026-09-09T02:00:00Z,OTHER,GAS,0.9999510049819946,10
2026-09-09T02:00:00Z,OTHER,GAS COGEN,40.567484599219426,58
2026-09-09T02:00:00Z,OTHER,OIL/GAS,35.54712725109524,53
2026-09-09T02:00:00Z,OTHER,WOOD/REFUSE,48.04034168667263,149
2026-09-09T02:00:00Z,SOLAR,SOLAR,3.7093842850791083,1892
2026-09-09T02:00:00Z,WIND,WIND,1887.6753835251016,5684
2026-09-09T03:00:00Z,ENERGY STORAGE,ENERGY STORAGE,0,270
2026-09-09T03:00:00Z,GAS,COGENERATION,4060.5340570929316,6122
2026-09-09T03:00:00Z,GAS,COMBINED CYCLE,3166.8818597571053,3974
2026-09-09T03:00:00Z,GAS,GAS FIRED STEAM,871.2803214104971,3078
2026-09-09T03:00:00Z,GAS,SIMPLE CYCLE,45.31643265485763,1014
2026-09-09T03:00:00Z,HYDRO,HYDRO,138.34037860605451,896
2026-09-09T03:00:00Z,OTHER,BIOMASS,55.79266587257385,195
2026-09-09T03:00:00Z,OTHER,COMPOSITE,0.2853333249357012,20
2026-09-09T03:00:00Z,OTHER,GAS,0.9999510049819946,10
2026-09-09T03:00:00Z,OTHER,GAS COGEN,40.49570428424411,58
2026-09-09T03:00:00Z,OTHER,OIL/GAS,35.0276434940762,53
2026-09-09T03:00:00Z,OTHER,WOOD/REFUSE,48.3919078318278,149
2026-09-09T03:00:00Z,SOLAR,SOLAR,1.3765456148319775,1892
2026-09-09T03:00:00Z,WIND,WIND,2256.5037292808834,5684
2026-09-09T04:00:00Z,ENERGY STORAGE,ENERGY STORAGE,0,270
2026-09-09T04:00:00Z,GAS,COGENERATION,4054.0448765476544,6122
2026-09-09T04:00:00Z,GAS,COMBINED CYCLE,2759.7812479771505,3974
2026-09-09T04:00:00Z,GAS,GAS FIRED STEAM,581.9144364431169,3078
2026-09-09T04:00:00Z,GAS,SIMPLE CYCLE,44.23666576094098,1014
2026-09-09T04:00:00Z,HYDRO,HYDRO,217.63359778255224,896
2026-09-09T04:00:00Z,OTHER,BIOMASS,55.42877692752414,195
2026-09-09T04:00:00Z,OTHER,COMPOSITE,0,20
2026-09-09T04:00:00Z,OTHER,GAS,0.9999510049819946,10
2026-09-09T04:00:00Z,OTHER,GAS COGEN,40.53914935059018,58
2026-09-09T04:00:00Z,OTHER,OIL/GAS,33.016327151192556,53
2026-09-09T04:00:00Z,OTHER,WOOD/REFUSE,48.75949101342096,149
2026-09-09T04:00:00Z,SOLAR,SOLAR,0.20000000298023224,1892
2026-09-09T04:00:00Z,WIND,WIND,2451.201383236423,5684
2026-09-09T05:00:00Z,ENERGY STORAGE,ENERGY STORAGE,1.1544999764528538,270
2026-09-09T05:00:00Z,GAS,COGENERATION,3962.268223802447,6122
2026-09-09T05:00:00Z,GAS,COMBINED CYCLE,2543.3585477309757,3974
2026-09-09T05:00:00Z,GAS,GAS FIRED STEAM,562.9509351719751,3078
2026-09-09T05:00:00Z,GAS,SIMPLE CYCLE,44.05383231825299,1014
2026-09-09T05:00:00Z,HYDRO,HYDRO,181.29431642986006,896
2026-09-09T05:00:00Z,OTHER,BIOMASS,54.5568326860004,195
2026-09-09T05:00:00Z,OTHER,COMPOSITE,0,20
2026-09-09T05:00:00Z,OTHER,GAS,0.9999510049819946,10
2026-09-09T05:00:00Z,OTHER,GAS COGEN,40.459764545228744,58
2026-09-09T05:00:00Z,OTHER,OIL/GAS,34.6254434076945,53
2026-09-09T05:00:00Z,OTHER,WOOD/REFUSE,48.26417960908678,149
2026-09-09T05:00:00Z,SOLAR,SOLAR,0.4076111110713747,1892
2026-09-09T05:00:00Z,WIND,WIND,2471.15514697459,5684
2026-09-09T06:00:00Z,ENERGY STORAGE,ENERGY STORAGE,-3.9737221775949,270
2026-09-09T06:00:00Z,GAS,COGENERATION,3954.9386032602524,6122
2026-09-09T06:00:00Z,GAS,COMBINED CYCLE,2587.043770520952,3974
2026-09-09T06:00:00Z,GAS,GAS FIRED STEAM,370.63082757578957,3078
2026-09-09T06:00:00Z,GAS,SIMPLE CYCLE,44.09483229027854,1014
2026-09-09T06:00:00Z,HYDRO,HYDRO,188.32621138946877,896
2026-09-09T06:00:00Z,OTHER,BIOMASS,55.04299943976932,195
2026-09-09T06:00:00Z,OTHER,COMPOSITE,0,20
2026-09-09T06:00:00Z,OTHER,GAS,0.9999510049819946,10
2026-09-09T06:00:00Z,OTHER,GAS COGEN,40.38467546039158,58
2026-09-09T06:00:00Z,OTHER,OIL/GAS,36.20124994913737,53
2026-09-09T06:00:00Z,OTHER,WOOD/REFUSE,48.74004865434435,149
2026-09-09T06:00:00Z,SOLAR,SOLAR,0.20000000298023224,1892
2026-09-09T06:00:00Z,WIND,WIND,2372.8075264363156,5684
2026-09-09T07:00:00Z,ENERGY STORAGE,ENERGY STORAGE,-12.132888756311601,270
2026-09-09T07:00:00Z,GAS,COGENERATION,3981.8006023238763,6122
2026-09-09T07:00:00Z,GAS,COMBINED CYCLE,2650.110942533811,3974
2026-09-09T07:00:00Z,GAS,GAS FIRED STEAM,283.4426623227861,3078
2026-09-09T07:00:00Z,GAS,SIMPLE CYCLE,44.23199923965666,1014
2026-09-09T07:00:00Z,HYDRO,HYDRO,192.8600171927611,896
2026-09-09T07:00:00Z,OTHER,BIOMASS,52.063332169320844,195
2026-09-09T07:00:00Z,OTHER,COMPOSITE,0,20
2026-09-09T07:00:00Z,OTHER,GAS,0.9999510049819946,10
2026-09-09T07:00:00Z,OTHER,GAS COGEN,40.72851412349277,58
2026-09-09T07:00:00Z,OTHER,OIL/GAS,35.11691550148858,53
2026-09-09T07:00:00Z,OTHER,WOOD/REFUSE,48.98868800905016,149
2026-09-09T07:00:00Z,SOLAR,SOLAR,0.20000000298023224,1892
2026-09-09T07:00:00Z,WIND,WIND,2319.368825094625,5684
2026-09-09T08:00:00Z,ENERGY STORAGE,ENERGY STORAGE,-6.634777715669738,270
2026-09-09T08:00:00Z,GAS,COGENERATION,3972.7976888314884,6122
2026-09-09T08:00:00Z,GAS,COMBINED CYCLE,2509.4157028839322,3974
2026-09-09T08:00:00Z,GAS,GAS FIRED STEAM,265.24799673610266,3078
2026-09-09T08:00:00Z,GAS,SIMPLE CYCLE,44.174332445197635,1014
2026-09-09T08:00:00Z,HYDRO,HYDRO,164.09991751909257,896
2026-09-09T08:00:00Z,OTHER,BIOMASS,51.654721088409424,195
2026-09-09T08:00:00Z,OTHER,COMPOSITE,0,20
2026-09-09T08:00:00Z,OTHER,GAS,0.9999510049819946,10
2026-09-09T08:00:00Z,OTHER,GAS COGEN,40.73837432119581,58
2026-09-09T08:00:00Z,OTHER,OIL/GAS,35.35658236609565,53
2026-09-09T08:00:00Z,OTHER,WOOD/REFUSE,49.394918364153966,149
2026-09-09T08:00:00Z,SOLAR,SOLAR,0.20000000298023224,1892
2026-09-09T08:00:00Z,WIND,WIND,2471.871281082324,5684
2026-09-09T09:00:00Z,ENERGY STORAGE,ENERGY STORAGE,-0.5202777776618799,270
2026-09-09T09:00:00Z,GAS,COGENERATION,3960.0079556984374,6122
2026-09-09T09:00:00Z,GAS,COMBINED CYCLE,2347.781311001778,3974
2026-09-09T09:00:00Z,GAS,GAS FIRED STEAM,265.2260503504011,3078
2026-09-09T09:00:00Z,GAS,SIMPLE CYCLE,43.61161025184724,1014
2026-09-09T09:00:00Z,HYDRO,HYDRO,159.4695487526887,896
2026-09-09T09:00:00Z,OTHER,BIOMASS,51.95827650917901,195
2026-09-09T09:00:00Z,OTHER,COMPOSITE,0,20
2026-09-09T09:00:00Z,OTHER,GAS,0.9999510049819946,10
2026-09-09T09:00:00Z,OTHER,GAS COGEN,40.66260080655415,58
2026-09-09T09:00:00Z,OTHER,OIL/GAS,34.56653798633152,53
2026-09-09T09:00:00Z,OTHER,WOOD/REFUSE,50.82878022783332,149
2026-09-09T09:00:00Z,SOLAR,SOLAR,0.20000000298023224,1892
2026-09-09T09:00:00Z,WIND,WIND,2606.391252285275,5684
2026-09-09T10:00:00Z,ENERGY STORAGE,ENERGY STORAGE,0,270
2026-09-09T10:00:00Z,GAS,COGENERATION,3967.8891916886964,6122
2026-09-09T10:00:00Z,GAS,COMBINED CYCLE,2305.166050456895,3974
2026-09-09T10:00:00Z,GAS,GAS FIRED STEAM,265.26843964285325,3078
2026-09-09T10:00:00Z,GAS,SIMPLE CYCLE,43.271832417382136,1014
2026-09-09T10:00:00Z,HYDRO,HYDRO,163.3043634655161,896
2026-09-09T10:00:00Z,OTHER,BIOMASS,51.46060977458953,195
2026-09-09T10:00:00Z,OTHER,COMPOSITE,0,20
2026-09-09T10:00:00Z,OTHER,GAS,0.9999510049819946,10
2026-09-09T10:00:00Z,OTHER,GAS COGEN,40.75564371479882,58
2026-09-09T10:00:00Z,OTHER,OIL/GAS,34.8742324786716,53
2026-09-09T10:00:00Z,OTHER,WOOD/REFUSE,51.37854655451245,149
2026-09-09T10:00:00Z,SOLAR,SOLAR,0.20000000298023224,1892
2026-09-09T10:00:00Z,WIND,WIND,2680.4367486082597,5684
2026-09-09T11:00:00Z,ENERGY STORAGE,ENERGY STORAGE,0,270
2026-09-09T11:00:00Z,GAS,COGENERATION,3995.5983721284074,6122
2026-09-09T11:00:00Z,GAS,COMBINED CYCLE,2584.9238932763205,3974
2026-09-09T11:00:00Z,GAS,GAS FIRED STEAM,278.7938297070397,3078
2026-09-09T11:00:00Z,GAS,SIMPLE CYCLE,43.45083269861009,1014
2026-09-09T11:00:00Z,HYDRO,HYDRO,187.4581797493001,896
2026-09-09T11:00:00Z,OTHER,BIOMASS,50.116110094388326,195
2026-09-09T11:00:00Z,OTHER,COMPOSITE,0,20
2026-09-09T11:00:00Z,OTHER,GAS,0.9999510049819946,10
2026-09-09T11:00:00Z,OTHER,GAS COGEN,40.627884346114264,58
2026-09-09T11:00:00Z,OTHER,OIL/GAS,34.98067628224691,53
2026-09-09T11:00:00Z,OTHER,WOOD/REFUSE,51.65984488871362,149
2026-09-09T11:00:00Z,SOLAR,SOLAR,0.20000000298023224,1892
2026-09-09T11:00:00Z,WIND,WIND,2517.0022716716758,5684
2026-09-09T12:00:00Z,ENERGY STORAGE,ENERGY STORAGE,0,270
2026-09-09T12:00:00Z,GAS,COGENERATION,4133.03725003057,6122
2026-09-09T12:00:00Z,GAS,COMBINED CYCLE,2807.795048863623,3974
2026-09-09T12:00:00Z,GAS,GAS FIRED STEAM,424.029826186498,3078
2026-09-09T12:00:00Z,GAS,SIMPLE CYCLE,43.33256036804782,1014
2026-09-09T12:00:00Z,HYDRO,HYDRO,164.40460329709782,896
2026-09-09T12:00:00Z,OTHER,BIOMASS,50.72033242808448,195
2026-09-09T12:00:00Z,OTHER,COMPOSITE,0,20
2026-09-09T12:00:00Z,OTHER,GAS,1.0446732378668255,10
2026-09-09T12:00:00Z,OTHER,GAS COGEN,40.80004672580296,58
2026-09-09T12:00:00Z,OTHER,OIL/GAS,34.81791570663452,53
2026-09-09T12:00:00Z,OTHER,WOOD/REFUSE,51.487998639610076,149
2026-09-09T12:00:00Z,SOLAR,SOLAR,0.20000000298023224,1892
2026-09-09T12:00:00Z,WIND,WIND,2389.468929037576,5684
2026-09-09T13:00:00Z,ENERGY STORAGE,ENERGY STORAGE,-1.207666612068812,270
2026-09-09T13:00:00Z,GAS,COGENERATION,4113.806470527723,6122
2026-09-09T13:00:00Z,GAS,COMBINED CYCLE,2755.7918114794625,3974
2026-09-09T13:00:00Z,GAS,GAS FIRED STEAM,448.22765814145407,3078
2026-09-09T13:00:00Z,GAS,SIMPLE CYCLE,46.40971806714932,1014
2026-09-09T13:00:00Z,HYDRO,HYDRO,138.45540501094527,896
2026-09-09T13:00:00Z,OTHER,BIOMASS,51.37866586996449,195
2026-09-09T13:00:00Z,OTHER,COMPOSITE,0,20
2026-09-09T13:00:00Z,OTHER,GAS,1.0999510288238523,10
2026-09-09T13:00:00Z,OTHER,GAS COGEN,40.896994524002075,58
2026-09-09T13:00:00Z,OTHER,OIL/GAS,35.105165576934816,53
2026-09-09T13:00:00Z,OTHER,WOOD/REFUSE,53.038406575388386,149
2026-09-09T13:00:00Z,SOLAR,SOLAR,134.92427603393793,1892
2026-09-09T13:00:00Z,WIND,WIND,2585.334794905757,5684
2026-09-09T14:00:00Z,ENERGY STORAGE,ENERGY STORAGE,-0.700833305997981,270
2026-09-09T14:00:00Z,GAS,COGENERATION,3924.0052210619715,6122
2026-09-09T14:00:00Z,GAS,COMBINED CYCLE,2674.9451781283483,3974
2026-09-09T14:00:00Z,GAS,GAS FIRED STEAM,311.51449289215935,3078
2026-09-09T14:00:00Z,GAS,SIMPLE CYCLE,43.347027117676205,1014
2026-09-09T14:00:00Z,HYDRO,HYDRO,139.04645999689896,896
2026-09-09T14:00:00Z,OTHER,BIOMASS,55.78199899501271,195
2026-09-09T14:00:00Z,OTHER,COMPOSITE,0,20
2026-09-09T14:00:00Z,OTHER,GAS,1.0999510288238523,10
2026-09-09T14:00:00Z,OTHER,GAS COGEN,40.63569669458602,58
2026-09-09T14:00:00Z,OTHER,OIL/GAS,35.284471327463784,53
2026-09-09T14:00:00Z,OTHER,WOOD/REFUSE,53.47294514563348,149
2026-09-09T14:00:00Z,SOLAR,SOLAR,755.199487505489,1892
2026-09-09T14:00:00Z,WIND,WIND,2406.3995944466565,5684
2026-09-09T15:00:00Z,ENERGY STORAGE,ENERGY STORAGE,0,270
2026-09-09T15:00:00Z,GAS,COGENERATION,3913.882164741357,6122
2026-09-09T15:00:00Z,GAS,COMBINED CYCLE,2665.8142537318336,3974
2026-09-09T15:00:00Z,GAS,GAS FIRED STEAM,306.0071343317297,3078
2026-09-09T15:00:00Z,GAS,SIMPLE CYCLE,46.50593784300818,1014
2026-09-09T15:00:00Z,HYDRO,HYDRO,144.43802903903855,896
2026-09-09T15:00:00Z,OTHER,BIOMASS,55.68998885552088,195
2026-09-09T15:00:00Z,OTHER,COMPOSITE,0,20
2026-09-09T15:00:00Z,OTHER,GAS,1.0304510122537611,10
2026-09-09T15:00:00Z,OTHER,GAS COGEN,40.10186607201894,58
2026-09-09T15:00:00Z,OTHER,OIL/GAS,37.89795505099826,53
2026-09-09T15:00:00Z,OTHER,WOOD/REFUSE,53.77161323626836,149
2026-09-09T15:00:00Z,SOLAR,SOLAR,1319.6418667556345,1892
2026-09-09T15:00:00Z,WIND,WIND,1905.7264532524305,5684
2026-09-09T16:00:00Z,ENERGY STORAGE,ENERGY STORAGE,0,270
2026-09-09T16:00:00Z,GAS,COGENERATION,3860.8183136257862,6122
2026-09-09T16:00:00Z,GAS,COMBINED CYCLE,2663.313675100009,3974
2026-09-09T16:00:00Z,GAS,GAS FIRED STEAM,265.35305124176875,3078
2026-09-09T16:00:00Z,GAS,SIMPLE CYCLE,52.67067430141899,1014
2026-09-09T16:00:00Z,HYDRO,HYDRO,172.39752124713527,896
2026-09-09T16:00:00Z,OTHER,BIOMASS,53.11905415534973,195
2026-09-09T16:00:00Z,OTHER,COMPOSITE,0,20
2026-09-09T16:00:00Z,OTHER,GAS,0.9999510049819946,10
2026-09-09T16:00:00Z,OTHER,GAS COGEN,39.87425242318047,58
2026-09-09T16:00:00Z,OTHER,OIL/GAS,38.28406573825412,53
2026-09-09T16:00:00Z,OTHER,WOOD/REFUSE,54.571470443142786,149
2026-09-09T16:00:00Z,SOLAR,SOLAR,1532.8735806833372,1892
2026-09-09T16:00:00Z,WIND,WIND,1853.3478448137434,5684
2026-09-09T17:00:00Z,ENERGY STORAGE,ENERGY STORAGE,0,270
2026-09-09T17:00:00Z,GAS,COGENERATION,3828.5151305751006,6122
2026-09-09T17:00:00Z,GAS,COMBINED CYCLE,2798.5804192002615,3974
2026-09-09T17:00:00Z,GAS,GAS FIRED STEAM,315.39427272902594,3078
2026-09-09T17:00:00Z,GAS,SIMPLE CYCLE,53.776658052007356,1014
2026-09-09T17:00:00Z,HYDRO,HYDRO,194.0956291657769,896
2026-09-09T17:00:00Z,OTHER,BIOMASS,52.77277612249057,195
2026-09-09T17:00:00Z,OTHER,COMPOSITE,0,20
2026-09-09T17:00:00Z,OTHER,GAS,1.1610712346103456,10
2026-09-09T17:00:00Z,OTHER,GAS COGEN,39.66077240626018,58
2026-09-09T17:00:00Z,OTHER,OIL/GAS,36.066882086859806,53
2026-09-09T17:00:00Z,OTHER,WOOD/REFUSE,54.22296277470059,149
2026-09-09T17:00:00Z,SOLAR,SOLAR,1554.86748111354,1892
2026-09-09T17:00:00Z,WIND,WIND,1791.0267680572097,5684
2026-09-09T18:00:00Z,ENERGY STORAGE,ENERGY STORAGE,0,270
2026-09-09T18:00:00Z,GAS,COGENERATION,3908.724938139386,6122
2026-09-09T18:00:00Z,GAS,COMBINED CYCLE,2929.2018921968674,3974
2026-09-09T18:00:00Z,GAS,GAS FIRED STEAM,428.0383245182037,3078
2026-09-09T18:00:00Z,GAS,SIMPLE CYCLE,51.711155933572186,1014
2026-09-09T18:00:00Z,HYDRO,HYDRO,172.56808197394014,896
2026-09-09T18:00:00Z,OTHER,BIOMASS,52.7834431344933,195
2026-09-09T18:00:00Z,OTHER,COMPOSITE,0,20
2026-09-09T18:00:00Z,OTHER,GAS,2,10
2026-09-09T18:00:00Z,OTHER,GAS COGEN,39.24228458510505,58
2026-09-09T18:00:00Z,OTHER,OIL/GAS,35.90347173902723,53
2026-09-09T18:00:00Z,OTHER,WOOD/REFUSE,54.03866449607743,149
2026-09-09T18:00:00Z,SOLAR,SOLAR,1488.476531281405,1892
2026-09-09T18:00:00Z,WIND,WIND,1601.6513548101732,5684
2026-09-09T19:00:00Z,ENERGY STORAGE,ENERGY STORAGE,0,270
2026-09-09T19:00:00Z,GAS,COGENERATION,3892.936132423613,6122
2026-09-09T19:00:00Z,GAS,COMBINED CYCLE,2923.8918337694804,3974
2026-09-09T19:00:00Z,GAS,GAS FIRED STEAM,386.42465857717724,3078
2026-09-09T19:00:00Z,GAS,SIMPLE CYCLE,46.3174622103903,1014
2026-09-09T19:00:00Z,HYDRO,HYDRO,153.67977615798515,896
2026-09-09T19:00:00Z,OTHER,BIOMASS,51.45099853356679,195
2026-09-09T19:00:00Z,OTHER,COMPOSITE,0,20
2026-09-09T19:00:00Z,OTHER,GAS,2,10
2026-09-09T19:00:00Z,OTHER,GAS COGEN,38.92886914465163,58
2026-09-09T19:00:00Z,OTHER,OIL/GAS,37.078710594177245,53
2026-09-09T19:00:00Z,OTHER,WOOD/REFUSE,53.720082903173235,149
2026-09-09T19:00:00Z,SOLAR,SOLAR,1372.8691962098248,1892
2026-09-09T19:00:00Z,WIND,WIND,1750.0546571391324,5684
2026-09-09T20:00:00Z,ENERGY STORAGE,ENERGY STORAGE,0,270
2026-09-09T20:00:00Z,GAS,COGENERATION,3845.6390010768837,6122
2026-09-09T20:00:00Z,GAS,COMBINED CYCLE,2809.7812151606877,3974
2026-09-09T20:00:00Z,GAS,GAS FIRED STEAM,377.99427012655474,3078
2026-09-09T20:00:00Z,GAS,SIMPLE CYCLE,46.12535099254714,1014
2026-09-09T20:00:00Z,HYDRO,HYDRO,128.9913204579221,896
2026-09-09T20:00:00Z,OTHER,BIOMASS,47.47754515939289,195
2026-09-09T20:00:00Z,OTHER,COMPOSITE,0,20
2026-09-09T20:00:00Z,OTHER,GAS,2,10
2026-09-09T20:00:00Z,OTHER,GAS COGEN,39.08272011597951,58
2026-09-09T20:00:00Z,OTHER,OIL/GAS,38.92313741895887,53
2026-09-09T20:00:00Z,OTHER,WOOD/REFUSE,55.01647530383534,149
2026-09-09T20:00:00Z,SOLAR,SOLAR,1378.6092235489687,1892
2026-09-09T20:00:00Z,WIND,WIND,2038.0583577417003,5684
2026-09-09T21:00:00Z,ENERGY STORAGE,ENERGY STORAGE,0,270
2026-09-09T21:00:00Z,GAS,COGENERATION,3733.974713582198,6122
2026-09-09T21:00:00Z,GAS,COMBINED CYCLE,2781.59410777092,3974
2026-09-09T21:00:00Z,GAS,GAS FIRED STEAM,475.1194934982724,3078
2026-09-09T21:00:00Z,GAS,SIMPLE CYCLE,132.95434965069094,1014
2026-09-09T21:00:00Z,HYDRO,HYDRO,160.96067745890883,896
2026-09-09T21:00:00Z,OTHER,BIOMASS,49.02822136991554,195
2026-09-09T21:00:00Z,OTHER,COMPOSITE,0,20
2026-09-09T21:00:00Z,OTHER,GAS,2,10
2026-09-09T21:00:00Z,OTHER,GAS COGEN,39.43071786403656,58
2026-09-09T21:00:00Z,OTHER,OIL/GAS,42.20640387005276,53
2026-09-09T21:00:00Z,OTHER,WOOD/REFUSE,55.9707256799274,149
2026-09-09T21:00:00Z,SOLAR,SOLAR,1371.2811995761924,1892
2026-09-09T21:00:00Z,WIND,WIND,2062.646887815512,5684
2026-09-09T22:00:00Z,ENERGY STORAGE,ENERGY STORAGE,0,270
2026-09-09T22:00:00Z,GAS,COGENERATION,3706.989463387794,6122
2026-09-09T22:00:00Z,GAS,COMBINED CYCLE,2853.873259110451,3974
2026-09-09T22:00:00Z,GAS,GAS FIRED STEAM,506.0688244088491,3078
2026-09-09T22:00:00Z,GAS,SIMPLE CYCLE,135.43798243939875,1014
2026-09-09T22:00:00Z,HYDRO,HYDRO,191.06441451721722,896
2026-09-09T22:00:00Z,OTHER,BIOMASS,50.71877675056457,195
2026-09-09T22:00:00Z,OTHER,COMPOSITE,0,20
2026-09-09T22:00:00Z,OTHER,GAS,2,10
2026-09-09T22:00:00Z,OTHER,GAS COGEN,39.61371451377869,58
2026-09-09T22:00:00Z,OTHER,OIL/GAS,43.784793531629774,53
2026-09-09T22:00:00Z,OTHER,WOOD/REFUSE,57.00477223687702,149
2026-09-09T22:00:00Z,SOLAR,SOLAR,1336.2977540095771,1892
2026-09-09T22:00:00Z,WIND,WIND,2092.208645545145,5684
2026-09-09T23:00:00Z,ENERGY STORAGE,ENERGY STORAGE,0,270
2026-09-09T23:00:00Z,GAS,COGENERATION,3848.9086270899907,6122
2026-09-09T23:00:00Z,GAS,COMBINED CYCLE,2967.254008351432,3974
2026-09-09T23:00:00Z,GAS,GAS FIRED STEAM,533.8601036633386,3078
2026-09-09T23:00:00Z,GAS,SIMPLE CYCLE,46.93032324665123,1014
2026-09-09T23:00:00Z,HYDRO,HYDRO,189.7872919102841,896
2026-09-09T23:00:00Z,OTHER,BIOMASS,50.00455531371965,195
2026-09-09T23:00:00Z,OTHER,COMPOSITE,0,20
2026-09-09T23:00:00Z,OTHER,GAS,2,10
2026-09-09T23:00:00Z,OTHER,GAS COGEN,39.91200648042891,58
2026-09-09T23:00:00Z,OTHER,OIL/GAS,44.94056556913588,53
2026-09-09T23:00:00Z,OTHER,WOOD/REFUSE,57.38799866331948,149
2026-09-09T23:00:00Z,SOLAR,SOLAR,1039.9043158068425,1892
2026-09-09T23:00:00Z,WIND,WIND,2273.4480787524913,5684
2026-09-10T00:00:00Z,ENERGY STORAGE,ENERGY STORAGE,0,270
2026-09-10T00:00:00Z,GAS,COGENERATION,3875.8473266168435,6122
2026-09-10T00:00:00Z,GAS,COMBINED CYCLE,3106.210591857698,3974
2026-09-10T00:00:00Z,GAS,GAS FIRED STEAM,711.3564310465919,3078
2026-09-10T00:00:00Z,GAS,SIMPLE CYCLE,96.37688940379354,1014
2026-09-10T00:00:00Z,HYDRO,HYDRO,248.82519481175476,896
2026-09-10T00:00:00Z,OTHER,BIOMASS,49.08683253308137,195
2026-09-10T00:00:00Z,OTHER,COMPOSITE,0,20
2026-09-10T00:00:00Z,OTHER,GAS,2,10
2026-09-10T00:00:00Z,OTHER,GAS COGEN,39.91553631888496,58
2026-09-10T00:00:00Z,OTHER,OIL/GAS,45.35271059248183,53
2026-09-10T00:00:00Z,OTHER,WOOD/REFUSE,60.157115095986256,149
2026-09-10T00:00:00Z,SOLAR,SOLAR,541.2847129581703,1892
2026-09-10T00:00:00Z,WIND,WIND,2278.655711130678,5684
2026-09-10T01:00:00Z,ENERGY STORAGE,ENERGY STORAGE,0,270
2026-09-10T01:00:00Z,GAS,COGENERATION,3846.0989031351937,6122
2026-09-10T01:00:00Z,GAS,COMBINED CYCLE,3080.4149438529544,3974
2026-09-10T01:00:00Z,GAS,GAS FIRED STEAM,685.9046568605635,3078
2026-09-10T01:00:00Z,GAS,SIMPLE CYCLE,57.7971158023013,1014
2026-09-10T01:00:00Z,HYDRO,HYDRO,199.069118213786,896
2026-09-10T01:00:00Z,OTHER,BIOMASS,50.770388258828056,195
2026-09-10T01:00:00Z,OTHER,COMPOSITE,0,20
2026-09-10T01:00:00Z,OTHER,GAS,1.5166666666666666,10
2026-09-10T01:00:00Z,OTHER,GAS COGEN,39.759876974423726,58
2026-09-10T01:00:00Z,OTHER,OIL/GAS,45.48776617050171,53
2026-09-10T01:00:00Z,OTHER,WOOD/REFUSE,65.10787827968598,149
2026-09-10T01:00:00Z,SOLAR,SOLAR,62.43705458309501,1892
2026-09-10T01:00:00Z,WIND,WIND,2765.7531533935294,5684
2026-09-10T02:00:00Z,ENERGY STORAGE,ENERGY STORAGE,0,270
2026-09-10T02:00:00Z,GAS,COGENERATION,3812.42480872545,6122
2026-09-10T02:00:00Z,GAS,COMBINED CYCLE,2893.480930134985,3974
2026-09-10T02:00:00Z,GAS,GAS FIRED STEAM,512.934436858495,3078
2026-09-10T02:00:00Z,GAS,SIMPLE CYCLE,43.236166383955215,1014
2026-09-10T02:00:00Z,HYDRO,HYDRO,162.07820459655588,896
2026-09-10T02:00:00Z,OTHER,BIOMASS,49.16883247481452,195
2026-09-10T02:00:00Z,OTHER,COMPOSITE,0,20
2026-09-10T02:00:00Z,OTHER,GAS,2,10
2026-09-10T02:00:00Z,OTHER,GAS COGEN,39.7736089319653,58
2026-09-10T02:00:00Z,OTHER,OIL/GAS,45.8400319480896,53
2026-09-10T02:00:00Z,OTHER,WOOD/REFUSE,65.58101432853275,149
2026-09-10T02:00:00Z,SOLAR,SOLAR,0.288277780910333,1892
2026-09-10T02:00:00Z,WIND,WIND,3450.1233258653847,5684
2026-09-10T03:00:00Z,ENERGY STORAGE,ENERGY STORAGE,0,270
2026-09-10T03:00:00Z,GAS,COGENERATION,3697.271460246775,6122
2026-09-10T03:00:00Z,GAS,COMBINED CYCLE,2258.282292516232,3974
2026-09-10T03:00:00Z,GAS,GAS FIRED STEAM,473.8461028258006,3078
2026-09-10T03:00:00Z,GAS,SIMPLE CYCLE,43.21383307245043,1014
2026-09-10T03:00:00Z,HYDRO,HYDRO,154.60076996836398,896
2026-09-10T03:00:00Z,OTHER,BIOMASS,48.754832365247935,195
2026-09-10T03:00:00Z,OTHER,COMPOSITE,0,20
2026-09-10T03:00:00Z,OTHER,GAS,2,10
2026-09-10T03:00:00Z,OTHER,GAS COGEN,40.072044025527106,58
2026-09-10T03:00:00Z,OTHER,OIL/GAS,46.29629322899712,53
2026-09-10T03:00:00Z,OTHER,WOOD/REFUSE,66.15623493764136,149
2026-09-10T03:00:00Z,SOLAR,SOLAR,0.20000000298023224,1892
2026-09-10T03:00:00Z,WIND,WIND,3976.6374456957315,5684
2026-09-10T04:00:00Z,ENERGY STORAGE,ENERGY STORAGE,-1.5771666249798404,270
2026-09-10T04:00:00Z,GAS,COGENERATION,3676.3274245495268,6122
2026-09-10T04:00:00Z,GAS,COMBINED CYCLE,1919.9727365809017,3974
2026-09-10T04:00:00Z,GAS,GAS FIRED STEAM,361.4397164969974,3078
2026-09-10T04:00:00Z,GAS,SIMPLE CYCLE,43.06833346472847,1014
2026-09-10T04:00:00Z,HYDRO,HYDRO,148.67813216879136,896
2026-09-10T04:00:00Z,OTHER,BIOMASS,48.96222107728322,195
2026-09-10T04:00:00Z,OTHER,COMPOSITE,0,20
2026-09-10T04:00:00Z,OTHER,GAS,2,10
2026-09-10T04:00:00Z,OTHER,GAS COGEN,40.04361152331035,58
2026-09-10T04:00:00Z,OTHER,OIL/GAS,46.535176870558,53
2026-09-10T04:00:00Z,OTHER,WOOD/REFUSE,69.92813739803103,149
2026-09-10T04:00:00Z,SOLAR,SOLAR,0.20000000298023224,1892
2026-09-10T04:00:00Z,WIND,WIND,4041.920799436437,5684
2026-09-10T05:00:00Z,ENERGY STORAGE,ENERGY STORAGE,-1.3652221869428953,270
2026-09-10T05:00:00Z,GAS,COGENERATION,3679.250381191108,6122
2026-09-10T05:00:00Z,GAS,COMBINED CYCLE,1736.173104891777,3974
2026-09-10T05:00:00Z,GAS,GAS FIRED STEAM,265.2229387635655,3078
2026-09-10T05:00:00Z,GAS,SIMPLE CYCLE,43.194999821980794,1014
2026-09-10T05:00:00Z,HYDRO,HYDRO,134.8357160126004,896
2026-09-10T05:00:00Z,OTHER,BIOMASS,48.480443708631725,195
2026-09-10T05:00:00Z,OTHER,COMPOSITE,0,20
2026-09-10T05:00:00Z,OTHER,GAS,2,10
2026-09-10T05:00:00Z,OTHER,GAS COGEN,40.12455470297071,58
2026-09-10T05:00:00Z,OTHER,OIL/GAS,46.01846543841892,53
2026-09-10T05:00:00Z,OTHER,WOOD/REFUSE,69.03542506191465,149
2026-09-10T05:00:00Z,SOLAR,SOLAR,0.20000000298023224,1892
2026-09-10T05:00:00Z,WIND,WIND,4015.4185968105,5684
2026-09-10T06:00:00Z,ENERGY STORAGE,ENERGY STORAGE,-5.876388784431749,270
2026-09-10T06:00:00Z,GAS,COGENERATION,3682.9394909817643,6122
2026-09-10T06:00:00Z,GAS,COMBINED CYCLE,1627.71335411893,3974
2026-09-10T06:00:00Z,GAS,GAS FIRED STEAM,273.1961061636607,3078
2026-09-10T06:00:00Z,GAS,SIMPLE CYCLE,42.98750034968059,1014
2026-09-10T06:00:00Z,HYDRO,HYDRO,80.0328627218306,896
2026-09-10T06:00:00Z,OTHER,BIOMASS,49.389832764731516,195
2026-09-10T06:00:00Z,OTHER,COMPOSITE,0,20
2026-09-10T06:00:00Z,OTHER,GAS,2,10
2026-09-10T06:00:00Z,OTHER,GAS COGEN,39.883775562710234,58
2026-09-10T06:00:00Z,OTHER,OIL/GAS,46.24063703960842,53
2026-09-10T06:00:00Z,OTHER,WOOD/REFUSE,68.05531671563784,149
2026-09-10T06:00:00Z,SOLAR,SOLAR,0.20000000298023224,1892
2026-09-10T06:00:00Z,WIND,WIND,3941.9259470375378,5684
2026-09-10T07:00:00Z,ENERGY STORAGE,ENERGY STORAGE,18.450054966244437,270
2026-09-10T07:00:00Z,GAS,COGENERATION,3695.178024396168,6122
2026-09-10T07:00:00Z,GAS,COMBINED CYCLE,1741.9747640895844,3974
2026-09-10T07:00:00Z,GAS,GAS FIRED STEAM,281.4772180377113,3078
2026-09-10T07:00:00Z,GAS,SIMPLE CYCLE,43.075333508385555,1014
2026-09-10T07:00:00Z,HYDRO,HYDRO,92.30694945164852,896
2026-09-10T07:00:00Z,OTHER,BIOMASS,49.35327746497261,195
2026-09-10T07:00:00Z,OTHER,COMPOSITE,0,20
2026-09-10T07:00:00Z,OTHER,GAS,2,10
2026-09-10T07:00:00Z,OTHER,GAS COGEN,39.678321182992725,58
2026-09-10T07:00:00Z,OTHER,OIL/GAS,45.7132762421502,53
2026-09-10T07:00:00Z,OTHER,WOOD/REFUSE,68.27145259035959,149
2026-09-10T07:00:00Z,SOLAR,SOLAR,0.20000000298023224,1892
2026-09-10T07:00:00Z,WIND,WIND,3595.906824156493,5684
2026-09-10T08:00:00Z,ENERGY STORAGE,ENERGY STORAGE,19.37149945815404,270
2026-09-10T08:00:00Z,GAS,COGENERATION,3699.1118509444264,6122
2026-09-10T08:00:00Z,GAS,COMBINED CYCLE,1634.0120426577992,3974
2026-09-10T08:00:00Z,GAS,GAS FIRED STEAM,271.5184954314762,3078
2026-09-10T08:00:00Z,GAS,SIMPLE CYCLE,43.0796667819553,1014
2026-09-10T08:00:00Z,HYDRO,HYDRO,78.40904603690737,896
2026-09-10T08:00:00Z,OTHER,BIOMASS,49.76305529170566,195
2026-09-10T08:00:00Z,OTHER,COMPOSITE,0,20
2026-09-10T08:00:00Z,OTHER,GAS,2,10
2026-09-10T08:00:00Z,OTHER,GAS COGEN,39.919425313737655,58
2026-09-10T08:00:00Z,OTHER,OIL/GAS,44.98522108078003,53
2026-09-10T08:00:00Z,OTHER,WOOD/REFUSE,68.02975524849361,149
2026-09-10T08:00:00Z,SOLAR,SOLAR,0.20000000298023224,1892
2026-09-10T08:00:00Z,WIND,WIND,3561.9358403538663,5684
2026-09-10T09:00:00Z,ENERGY STORAGE,ENERGY STORAGE,0.20000000298023224,270
2026-09-10T09:00:00Z,GAS,COGENERATION,3710.6283974803155,6122
2026-09-10T09:00:00Z,GAS,COMBINED CYCLE,1738.403091333972,3974
2026-09-10T09:00:00Z,GAS,GAS FIRED STEAM,295.2138282214271,3078
2026-09-10T09:00:00Z,GAS,SIMPLE CYCLE,43.24249970118205,1014
2026-09-10T09:00:00Z,HYDRO,HYDRO,115.93588747024536,896
2026-09-10T09:00:00Z,OTHER,BIOMASS,49.852999995019694,195
2026-09-10T09:00:00Z,OTHER,COMPOSITE,0,20
2026-09-10T09:00:00Z,OTHER,GAS,2,10
2026-09-10T09:00:00Z,OTHER,GAS COGEN,39.98169082111782,58
2026-09-10T09:00:00Z,OTHER,OIL/GAS,45.17017671373156,53
2026-09-10T09:00:00Z,OTHER,WOOD/REFUSE,67.7521669348081,149
2026-09-10T09:00:00Z,SOLAR,SOLAR,0.20000000298023224,1892
2026-09-10T09:00:00Z,WIND,WIND,3365.463268140099,5684
2026-09-10T10:00:00Z,ENERGY STORAGE,ENERGY STORAGE,0.20000000298023224,270
2026-09-10T10:00:00Z,GAS,COGENERATION,3726.217708496584,6122
2026-09-10T10:00:00Z,GAS,COMBINED CYCLE,1633.2347563960816,3974
2026-09-10T10:00:00Z,GAS,GAS FIRED STEAM,266.9593291335636,3078
2026-09-10T10:00:00Z,GAS,SIMPLE CYCLE,43.2629997338189,1014
2026-09-10T10:00:00Z,HYDRO,HYDRO,77.04732985058592,896
2026-09-10T10:00:00Z,OTHER,BIOMASS,49.95844423400031,195
2026-09-10T10:00:00Z,OTHER,COMPOSITE,0,20
2026-09-10T10:00:00Z,OTHER,GAS,2,10
2026-09-10T10:00:00Z,OTHER,GAS COGEN,40.43258986790975,58
2026-09-10T10:00:00Z,OTHER,OIL/GAS,45.81671555625068,53
2026-09-10T10:00:00Z,OTHER,WOOD/REFUSE,67.52851689418156,149
2026-09-10T10:00:00Z,SOLAR,SOLAR,0.20000000298023224,1892
2026-09-10T10:00:00Z,WIND,WIND,3599.9195234522226,5684
2026-09-10T11:00:00Z,ENERGY STORAGE,ENERGY STORAGE,0.20000000298023224,270
2026-09-10T11:00:00Z,GAS,COGENERATION,3744.508498007059,6122
2026-09-10T11:00:00Z,GAS,COMBINED CYCLE,1595.4153042350877,3974
2026-09-10T11:00:00Z,GAS,GAS FIRED STEAM,276.3894955560896,3078
2026-09-10T11:00:00Z,GAS,SIMPLE CYCLE,43.248333019680445,1014
2026-09-10T11:00:00Z,HYDRO,HYDRO,86.44659196184742,896
2026-09-10T11:00:00Z,OTHER,BIOMASS,48.75738805717892,195
2026-09-10T11:00:00Z,OTHER,COMPOSITE,0,20
2026-09-10T11:00:00Z,OTHER,GAS,2,10
2026-09-10T11:00:00Z,OTHER,GAS COGEN,40.90969043148888,58
2026-09-10T11:00:00Z,OTHER,OIL/GAS,45.97417629665799,53
2026-09-10T11:00:00Z,OTHER,WOOD/REFUSE,67.49230515903896,149
2026-09-10T11:00:00Z,SOLAR,SOLAR,0.20000000298023224,1892
2026-09-10T11:00:00Z,WIND,WIND,3767.5760436356068,5684
2026-09-10T12:00:00Z,ENERGY STORAGE,ENERGY STORAGE,-3.027777756071753,270
2026-09-10T12:00:00Z,GAS,COGENERATION,3746.2636867872875,6122
2026-09-10T12:00:00Z,GAS,COMBINED CYCLE,1912.8030716578164,3974
2026-09-10T12:00:00Z,GAS,GAS FIRED STEAM,282.85843980471293,3078
2026-09-10T12:00:00Z,GAS,SIMPLE CYCLE,43.42649944517348,1014
2026-09-10T12:00:00Z,HYDRO,HYDRO,110.10762433203558,896
2026-09-10T12:00:00Z,OTHER,BIOMASS,51.94111012829674,195
2026-09-10T12:00:00Z,OTHER,COMPOSITE,0,20
2026-09-10T12:00:00Z,OTHER,GAS,2,10
2026-09-10T12:00:00Z,OTHER,GAS COGEN,40.970207758479646,58
2026-09-10T12:00:00Z,OTHER,OIL/GAS,46.499054018656416,53
2026-09-10T12:00:00Z,OTHER,WOOD/REFUSE,67.12770555721389,149
2026-09-10T12:00:00Z,SOLAR,SOLAR,0.20000000298023224,1892
2026-09-10T12:00:00Z,WIND,WIND,3720.283650679754,5684
2026-09-10T13:00:00Z,ENERGY STORAGE,ENERGY STORAGE,-3.399999976158142,270
2026-09-10T13:00:00Z,GAS,COGENERATION,3802.6491547412343,6122
2026-09-10T13:00:00Z,GAS,COMBINED CYCLE,2418.0830935883523,3974
2026-09-10T13:00:00Z,GAS,GAS FIRED STEAM,272.95121799919343,3078
2026-09-10T13:00:00Z,GAS,SIMPLE CYCLE,43.24272210015191,1014
2026-09-10T13:00:00Z,HYDRO,HYDRO,173.42170702659422,896
2026-09-10T13:00:00Z,OTHER,BIOMASS,43.13422114650408,195
2026-09-10T13:00:00Z,OTHER,COMPOSITE,0,20
2026-09-10T13:00:00Z,OTHER,GAS,2,10
2026-09-10T13:00:00Z,OTHER,GAS COGEN,40.56106062147352,58
2026-09-10T13:00:00Z,OTHER,OIL/GAS,46.51269323137071,53
2026-09-10T13:00:00Z,OTHER,WOOD/REFUSE,66.12108960972893,149
2026-09-10T13:00:00Z,SOLAR,SOLAR,83.21911838263688,1892
2026-09-10T13:00:00Z,WIND,WIND,3329.096224089145,5684
2026-09-10T14:00:00Z,ENERGY STORAGE,ENERGY STORAGE,-3.399999976158142,270
2026-09-10T14:00:00Z,GAS,COGENERATION,3865.7852410851583,6122
2026-09-10T14:00:00Z,GAS,COMBINED CYCLE,2711.138442759514,3974
2026-09-10T14:00:00Z,GAS,GAS FIRED STEAM,340.0738282529513,3078
2026-09-10T14:00:00Z,GAS,SIMPLE CYCLE,45.35583329190811,1014
2026-09-10T14:00:00Z,HYDRO,HYDRO,179.74368814375666,896
2026-09-10T14:00:00Z,OTHER,BIOMASS,45.923221325212054,195
2026-09-10T14:00:00Z,OTHER,COMPOSITE,0,20
2026-09-10T14:00:00Z,OTHER,GAS,2,10
2026-09-10T14:00:00Z,OTHER,GAS COGEN,39.94858209080166,58
2026-09-10T14:00:00Z,OTHER,OIL/GAS,46.57855503506131,53
2026-09-10T14:00:00Z,OTHER,WOOD/REFUSE,65.72153622084194,149
2026-09-10T14:00:00Z,SOLAR,SOLAR,631.5639358366612,1892
2026-09-10T14:00:00Z,WIND,WIND,2500.0242200692123,5684
2026-09-10T15:00:00Z,ENERGY STORAGE,ENERGY STORAGE,-3.306611085890068,270
2026-09-10T15:00:00Z,GAS,COGENERATION,3891.6614087995554,6122
2026-09-10T15:00:00Z,GAS,COMBINED CYCLE,2798.203084078895,3974
2026-09-10T15:00:00Z,GAS,GAS FIRED STEAM,391.4336036154959,3078
2026-09-10T15:00:00Z,GAS,SIMPLE CYCLE,48.228332151456016,1014
2026-09-10T15:00:00Z,HYDRO,HYDRO,145.88381780170732,896
2026-09-10T15:00:00Z,OTHER,BIOMASS,51.14666557364993,195
2026-09-10T15:00:00Z,OTHER,COMPOSITE,0,20
2026-09-10T15:00:00Z,OTHER,GAS,2,10
2026-09-10T15:00:00Z,OTHER,GAS COGEN,39.60900601916843,58
2026-09-10T15:00:00Z,OTHER,OIL/GAS,46.40194919162327,53
2026-09-10T15:00:00Z,OTHER,WOOD/REFUSE,66.53486292454932,149
2026-09-10T15:00:00Z,SOLAR,SOLAR,1051.386161819233,1892
2026-09-10T15:00:00Z,WIND,WIND,2016.4207500813404,5684
2026-09-10T16:00:00Z,ENERGY STORAGE,ENERGY STORAGE,-3.19999997317791,270
2026-09-10T16:00:00Z,GAS,COGENERATION,3977.9111762018997,6122
2026-09-10T16:00:00Z,GAS,COMBINED CYCLE,2946.2070786759587,3974
2026-09-10T16:00:00Z,GAS,GAS FIRED STEAM,506.52904590302046,3078
2026-09-10T16:00:00Z,GAS,SIMPLE CYCLE,56.69588764972157,1014
2026-09-10T16:00:00Z,HYDRO,HYDRO,120.29965201781856,896
2026-09-10T16:00:00Z,OTHER,BIOMASS,54.22155415270064,195
2026-09-10T16:00:00Z,OTHER,COMPOSITE,0,20
2026-09-10T16:00:00Z,OTHER,GAS,2,10
2026-09-10T16:00:00Z,OTHER,GAS COGEN,39.81135242356194,58
2026-09-10T16:00:00Z,OTHER,OIL/GAS,46.59555493460761,53
2026-09-10T16:00:00Z,OTHER,WOOD/REFUSE,66.91516886989275,149
2026-09-10T16:00:00Z,SOLAR,SOLAR,1109.3162106320592,1892
2026-09-10T16:00:00Z,WIND,WIND,1678.6138269680696,5684
2026-09-10T17:00:00Z,ENERGY STORAGE,ENERGY STORAGE,3.379166582011514,270
2026-09-10T17:00:00Z,GAS,COGENERATION,3940.7244624573655,6122
2026-09-10T17:00:00Z,GAS,COMBINED CYCLE,2881.2231922631795,3974
2026-09-10T17:00:00Z,GAS,GAS FIRED STEAM,319.52093798955275,3078
2026-09-10T17:00:00Z,GAS,SIMPLE CYCLE,58.15016532046099,1014
2026-09-10T17:00:00Z,HYDRO,HYDRO,148.1902602266603,896
2026-09-10T17:00:00Z,OTHER,BIOMASS,57.18710995780097,195
2026-09-10T17:00:00Z,OTHER,COMPOSITE,0,20
2026-09-10T17:00:00Z,OTHER,GAS,2,10
2026-09-10T17:00:00Z,OTHER,GAS COGEN,39.64557569079929,58
2026-09-10T17:00:00Z,OTHER,OIL/GAS,47.0963376405504,53
2026-09-10T17:00:00Z,OTHER,WOOD/REFUSE,67.47158338612981,149
2026-09-10T17:00:00Z,SOLAR,SOLAR,1069.1423316731386,1892
2026-09-10T17:00:00Z,WIND,WIND,1882.183392181082,5684
2026-09-10T18:00:00Z,ENERGY STORAGE,ENERGY STORAGE,-4.32172214858234,270
2026-09-10T18:00:00Z,GAS,COGENERATION,3973.0257938110826,6122
2026-09-10T18:00:00Z,GAS,COMBINED CYCLE,2662.973872375488,3974
2026-09-10T18:00:00Z,GAS,GAS FIRED STEAM,229.4676625166999,3078
2026-09-10T18:00:00Z,GAS,SIMPLE CYCLE,129.43153356913064,1014
2026-09-10T18:00:00Z,HYDRO,HYDRO,161.01026891592477,896
2026-09-10T18:00:00Z,OTHER,BIOMASS,55.594276189274254,195
2026-09-10T18:00:00Z,OTHER,COMPOSITE,0,20
2026-09-10T18:00:00Z,OTHER,GAS,2,10
2026-09-10T18:00:00Z,OTHER,GAS COGEN,40.072775092654766,58
2026-09-10T18:00:00Z,OTHER,OIL/GAS,47.361937353346086,53
2026-09-10T18:00:00Z,OTHER,WOOD/REFUSE,69.68063529160287,149
2026-09-10T18:00:00Z,SOLAR,SOLAR,1025.6087956131664,1892
2026-09-10T18:00:00Z,WIND,WIND,2077.01969305382,5684
2026-09-10T19:00:00Z,ENERGY STORAGE,ENERGY STORAGE,-3.5978610152337285,270
2026-09-10T19:00:00Z,GAS,COGENERATION,3975.4037876439756,6122
2026-09-10T19:00:00Z,GAS,COMBINED CYCLE,2601.2295858926245,3974
2026-09-10T19:00:00Z,GAS,GAS FIRED STEAM,335.9848493862152,3078
2026-09-10T19:00:00Z,GAS,SIMPLE CYCLE,109.304207197792,1014
2026-09-10T19:00:00Z,HYDRO,HYDRO,279.68816273172695,896
2026-09-10T19:00:00Z,OTHER,BIOMASS,54.805679916805694,195
2026-09-10T19:00:00Z,OTHER,COMPOSITE,0,20
2026-09-10T19:00:00Z,OTHER,GAS,2,10
2026-09-10T19:00:00Z,OTHER,GAS COGEN,40.288803731600446,58
2026-09-10T19:00:00Z,OTHER,OIL/GAS,46.91438841078016,53
2026-09-10T19:00:00Z,OTHER,WOOD/REFUSE,71.3453476287259,149
2026-09-10T19:00:00Z,SOLAR,SOLAR,744.4311307129926,1892
2026-09-10T19:00:00Z,WIND,WIND,2290.0148617074765,5684
2026-09-10T20:00:00Z,ENERGY STORAGE,ENERGY STORAGE,-3.5999999046325684,270
2026-09-10T20:00:00Z,GAS,COGENERATION,3962.754756219652,6122
2026-09-10T20:00:00Z,GAS,COMBINED CYCLE,2586.829249575933,3974
2026-09-10T20:00:00Z,GAS,GAS FIRED STEAM,305.27738175286186,3078
2026-09-10T20:00:00Z,GAS,SIMPLE CYCLE,195.74126420797572,1014
2026-09-10T20:00:00Z,HYDRO,HYDRO,149.45112119833627,896
2026-09-10T20:00:00Z,OTHER,BIOMASS,51.957999082141455,195
2026-09-10T20:00:00Z,OTHER,COMPOSITE,0,20
2026-09-10T20:00:00Z,OTHER,GAS,2,10
2026-09-10T20:00:00Z,OTHER,GAS COGEN,40.72354866875543,58
2026-09-10T20:00:00Z,OTHER,OIL/GAS,46.37552709791395,53
2026-09-10T20:00:00Z,OTHER,WOOD/REFUSE,71.63627615186903,149
2026-09-10T20:00:00Z,SOLAR,SOLAR,657.3562923185941,1892
2026-09-10T20:00:00Z,WIND,WIND,2403.4827159215056,5684
2026-09-10T21:00:00Z,ENERGY STORAGE,ENERGY STORAGE,-3.5999999046325684,270
2026-09-10T21:00:00Z,GAS,COGENERATION,3876.660211354759,6122
2026-09-10T21:00:00Z,GAS,COMBINED CYCLE,2337.3500399335226,3974
2026-09-10T21:00:00Z,GAS,GAS FIRED STEAM,104.34077580769856,3078
2026-09-10T21:00:00Z,GAS,SIMPLE CYCLE,145.07766110229824,1014
2026-09-10T21:00:00Z,HYDRO,HYDRO,180.52105511228243,896
2026-09-10T21:00:00Z,OTHER,BIOMASS,55.542610036002266,195
2026-09-10T21:00:00Z,OTHER,COMPOSITE,0,20
2026-09-10T21:00:00Z,OTHER,GAS,2,10
2026-09-10T21:00:00Z,OTHER,GAS COGEN,40.80008951452043,58
2026-09-10T21:00:00Z,OTHER,OIL/GAS,44.88661603927612,53
2026-09-10T21:00:00Z,OTHER,WOOD/REFUSE,71.14928925646676,149
2026-09-10T21:00:00Z,SOLAR,SOLAR,584.7897694545322,1892
2026-09-10T21:00:00Z,WIND,WIND,2961.0546862946617,5684
2026-09-10T22:00:00Z,ENERGY STORAGE,ENERGY STORAGE,-3.5999999046325684,270
2026-09-10T22:00:00Z,GAS,COGENERATION,3817.4252089613015,6122
2026-09-10T22:00:00Z,GAS,COMBINED CYCLE,2214.6826056755913,3974
2026-09-10T22:00:00Z,GAS,GAS FIRED STEAM,96.50816532558864,3078
2026-09-10T22:00:00Z,GAS,SIMPLE CYCLE,141.36788359671831,1014
2026-09-10T22:00:00Z,HYDRO,HYDRO,202.21521421578194,896
2026-09-10T22:00:00Z,OTHER,BIOMASS,59.15311023606195,195
2026-09-10T22:00:00Z,OTHER,COMPOSITE,0,20
2026-09-10T22:00:00Z,OTHER,GAS,2,10
2026-09-10T22:00:00Z,OTHER,GAS COGEN,40.69038905991448,58
2026-09-10T22:00:00Z,OTHER,OIL/GAS,44.92858790503608,53
2026-09-10T22:00:00Z,OTHER,WOOD/REFUSE,71.58516162289514,149
2026-09-10T22:00:00Z,SOLAR,SOLAR,668.2013898186054,1892
2026-09-10T22:00:00Z,WIND,WIND,3140.115877858508,5684
2026-09-10T23:00:00Z,ENERGY STORAGE,ENERGY STORAGE,-3.5999999046325684,270
2026-09-10T23:00:00Z,GAS,COGENERATION,3921.0877459526064,6122
2026-09-10T23:00:00Z,GAS,COMBINED CYCLE,2475.203775455687,3974
2026-09-10T23:00:00Z,GAS,GAS FIRED STEAM,132.1181087207794,3078
2026-09-10T23:00:00Z,GAS,SIMPLE CYCLE,139.11654990785652,1014
2026-09-10T23:00:00Z,HYDRO,HYDRO,203.97757247131733,896
2026-09-10T23:00:00Z,OTHER,BIOMASS,59.189332542419436,195
2026-09-10T23:00:00Z,OTHER,COMPOSITE,0,20
2026-09-10T23:00:00Z,OTHER,GAS,2,10
2026-09-10T23:00:00Z,OTHER,GAS COGEN,40.7606406323115,58
2026-09-10T23:00:00Z,OTHER,OIL/GAS,46.06106614430745,53
2026-09-10T23:00:00Z,OTHER,WOOD/REFUSE,70.76841233915754,149
2026-09-10T23:00:00Z,SOLAR,SOLAR,447.1570503972802,1892
2026-09-10T23:00:00Z,WIND,WIND,2792.776282369337,5684
2026-09-11T00:00:00Z,ENERGY STORAGE,ENERGY STORAGE,-3.5999999046325684,270
2026-09-11T00:00:00Z,GAS,COGENERATION,3990.602206980387,6122
2026-09-11T00:00:00Z,GAS,COMBINED CYCLE,2532.1036496104134,3974
2026-09-11T00:00:00Z,GAS,GAS FIRED STEAM,305.0090494155884,3078
2026-09-11T00:00:00Z,GAS,SIMPLE CYCLE,139.53382979346645,1014
2026-09-11T00:00:00Z,HYDRO,HYDRO,201.76438316291404,896
2026-09-11T00:00:00Z,OTHER,BIOMASS,59.76749861346351,195
2026-09-11T00:00:00Z,OTHER,COMPOSITE,0,20
2026-09-11T00:00:00Z,OTHER,GAS,2,10
2026-09-11T00:00:00Z,OTHER,GAS COGEN,40.84631339550018,58
2026-09-11T00:00:00Z,OTHER,OIL/GAS,45.67337701585558,53
2026-09-11T00:00:00Z,OTHER,WOOD/REFUSE,72.20138221065203,149
2026-09-11T00:00:00Z,SOLAR,SOLAR,223.66062932568707,1892
2026-09-11T00:00:00Z,WIND,WIND,2549.725993479159,5684
2026-09-11T01:00:00Z,ENERGY STORAGE,ENERGY STORAGE,-3.5999999046325684,270
2026-09-11T01:00:00Z,GAS,COGENERATION,4011.392536124256,6122
2026-09-11T01:00:00Z,GAS,COMBINED CYCLE,2982.6796252891754,3974
2026-09-11T01:00:00Z,GAS,GAS FIRED STEAM,416.22943701850045,3078
2026-09-11T01:00:00Z,GAS,SIMPLE CYCLE,155.4999472727875,1014
2026-09-11T01:00:00Z,HYDRO,HYDRO,252.51383229864967,896
2026-09-11T01:00:00Z,OTHER,BIOMASS,59.95788750012716,195
2026-09-11T01:00:00Z,OTHER,COMPOSITE,11.207388710578282,20
2026-09-11T01:00:00Z,OTHER,GAS,2,10
2026-09-11T01:00:00Z,OTHER,GAS COGEN,41.18584188143412,58
2026-09-11T01:00:00Z,OTHER,OIL/GAS,45.092905072106255,53
2026-09-11T01:00:00Z,OTHER,WOOD/REFUSE,72.59178638299306,149
2026-09-11T01:00:00Z,SOLAR,SOLAR,58.57062148958859,1892
2026-09-11T01:00:00Z,WIND,WIND,2027.4112551443775,5684
2026-09-11T02:00:00Z,ENERGY STORAGE,ENERGY STORAGE,-3.254333247062233,270
2026-09-11T02:00:00Z,GAS,COGENERATION,4025.6691634782155,6122
2026-09-11T02:00:00Z,GAS,COMBINED CYCLE,3261.4358718800545,3974
2026-09-11T02:00:00Z,GAS,GAS FIRED STEAM,626.6468767801921,3078
2026-09-11T02:00:00Z,GAS,SIMPLE CYCLE,176.84852911992206,1014
2026-09-11T02:00:00Z,HYDRO,HYDRO,239.69624410318002,896
2026-09-11T02:00:00Z,OTHER,BIOMASS,59.47883191267649,195
2026-09-11T02:00:00Z,OTHER,COMPOSITE,12.90216628657447,20
2026-09-11T02:00:00Z,OTHER,GAS,2,10
2026-09-11T02:00:00Z,OTHER,GAS COGEN,41.176927677790324,58
2026-09-11T02:00:00Z,OTHER,OIL/GAS,45.2932103729248,53
2026-09-11T02:00:00Z,OTHER,WOOD/REFUSE,74.20338222662609,149
2026-09-11T02:00:00Z,SOLAR,SOLAR,24.399999238550663,1892
2026-09-11T02:00:00Z,WIND,WIND,1674.5152764310026,5684
2026-09-11T03:00:00Z,ENERGY STORAGE,ENERGY STORAGE,-1.4018332816494836,270
2026-09-11T03:00:00Z,GAS,COGENERATION,4038.009738857084,6122
2026-09-11T03:00:00Z,GAS,COMBINED CYCLE,3312.0847457186383,3974
2026-09-11T03:00:00Z,GAS,GAS FIRED STEAM,706.1432652537028,3078
2026-09-11T03:00:00Z,GAS,SIMPLE CYCLE,245.0077349278662,1014
2026-09-11T03:00:00Z,HYDRO,HYDRO,180.88252430167464,896
2026-09-11T03:00:00Z,OTHER,BIOMASS,66.69300438556407,195
2026-09-11T03:00:00Z,OTHER,COMPOSITE,12.89949962033166,20
2026-09-11T03:00:00Z,OTHER,GAS,2,10
2026-09-11T03:00:00Z,OTHER,GAS COGEN,41.10083460277981,58
2026-09-11T03:00:00Z,OTHER,OIL/GAS,45.60247705247667,53
2026-09-11T03:00:00Z,OTHER,WOOD/REFUSE,74.57132803943422,149
2026-09-11T03:00:00Z,SOLAR,SOLAR,25.756325063274968,1892
2026-09-11T03:00:00Z,WIND,WIND,1390.3843893996584,5684
2026-09-11T04:00:00Z,ENERGY STORAGE,ENERGY STORAGE,0,270
2026-09-11T04:00:00Z,GAS,COGENERATION,4032.3792734367316,6122
2026-09-11T04:00:00Z,GAS,COMBINED CYCLE,3227.445499765873,3974
2026-09-11T04:00:00Z,GAS,GAS FIRED STEAM,788.8878208584256,3078
2026-09-11T04:00:00Z,GAS,SIMPLE CYCLE,138.49444344609148,1014
2026-09-11T04:00:00Z,HYDRO,HYDRO,159.8896672492557,896
2026-09-11T04:00:00Z,OTHER,BIOMASS,66.1370933779743,195
2026-09-11T04:00:00Z,OTHER,COMPOSITE,0.11422221918900809,20
2026-09-11T04:00:00Z,OTHER,GAS,2,10
2026-09-11T04:00:00Z,OTHER,GAS COGEN,40.871026600731746,58
2026-09-11T04:00:00Z,OTHER,OIL/GAS,45.68229860941569,53
2026-09-11T04:00:00Z,OTHER,WOOD/REFUSE,74.40897250811258,149
2026-09-11T04:00:00Z,SOLAR,SOLAR,24.57500776390235,1892
2026-09-11T04:00:00Z,WIND,WIND,1302.113528293425,5684
2026-09-11T05:00:00Z,ENERGY STORAGE,ENERGY STORAGE,0,270
2026-09-11T05:00:00Z,GAS,COGENERATION,3991.5094360627068,6122
2026-09-11T05:00:00Z,GAS,COMBINED CYCLE,3155.494826774597,3974
2026-09-11T05:00:00Z,GAS,GAS FIRED STEAM,749.7036004935371,3078
2026-09-11T05:00:00Z,GAS,SIMPLE CYCLE,116.9396644200219,1014
2026-09-11T05:00:00Z,HYDRO,HYDRO,90.06428700450394,896
2026-09-11T05:00:00Z,OTHER,BIOMASS,62.64833216011524,195
2026-09-11T05:00:00Z,OTHER,COMPOSITE,0,20
2026-09-11T05:00:00Z,OTHER,GAS,2,10
2026-09-11T05:00:00Z,OTHER,GAS COGEN,41.27985255294376,58
2026-09-11T05:00:00Z,OTHER,OIL/GAS,45.52378275341458,53
2026-09-11T05:00:00Z,OTHER,WOOD/REFUSE,74.45644249412749,149
2026-09-11T05:00:00Z,SOLAR,SOLAR,24.399999238550663,1892
2026-09-11T05:00:00Z,WIND,WIND,1483.6468452048468,5684
2026-09-11T06:00:00Z,ENERGY STORAGE,ENERGY STORAGE,-4.230388868517346,270
2026-09-11T06:00:00Z,GAS,COGENERATION,3930.932275614606,6122
2026-09-11T06:00:00Z,GAS,COMBINED CYCLE,3122.5088289690016,3974
2026-09-11T06:00:00Z,GAS,GAS FIRED STEAM,479.2784904119704,3078
2026-09-11T06:00:00Z,GAS,SIMPLE CYCLE,44.679943532016544,1014
2026-09-11T06:00:00Z,HYDRO,HYDRO,172.6662061877797,896
2026-09-11T06:00:00Z,OTHER,BIOMASS,60.13094370947944,195
2026-09-11T06:00:00Z,OTHER,COMPOSITE,0,20
2026-09-11T06:00:00Z,OTHER,GAS,2,10
2026-09-11T06:00:00Z,OTHER,GAS COGEN,41.30232969284057,58
2026-09-11T06:00:00Z,OTHER,OIL/GAS,45.390338774787054,53
2026-09-11T06:00:00Z,OTHER,WOOD/REFUSE,68.01168223804898,149
2026-09-11T06:00:00Z,SOLAR,SOLAR,24.399999238550663,1892
2026-09-11T06:00:00Z,WIND,WIND,1704.9197171595526,5684
2026-09-11T07:00:00Z,ENERGY STORAGE,ENERGY STORAGE,-10.299999952316284,270
2026-09-11T07:00:00Z,GAS,COGENERATION,3861.8660011053084,6122
2026-09-11T07:00:00Z,GAS,COMBINED CYCLE,3087.6160615857443,3974
2026-09-11T07:00:00Z,GAS,GAS FIRED STEAM,444.0883798874749,3078
2026-09-11T07:00:00Z,GAS,SIMPLE CYCLE,43.05616608937582,1014
2026-09-11T07:00:00Z,HYDRO,HYDRO,175.12133860276805,896
2026-09-11T07:00:00Z,OTHER,BIOMASS,59.86872085359362,195
2026-09-11T07:00:00Z,OTHER,COMPOSITE,0,20
2026-09-11T07:00:00Z,OTHER,GAS,2,10
2026-09-11T07:00:00Z,OTHER,GAS COGEN,41.213183550304834,58
2026-09-11T07:00:00Z,OTHER,OIL/GAS,45.8467493057251,53
2026-09-11T07:00:00Z,OTHER,WOOD/REFUSE,68.55656867477629,149
2026-09-11T07:00:00Z,SOLAR,SOLAR,24.399999238550663,1892
2026-09-11T07:00:00Z,WIND,WIND,1778.1691533503433,5684
2026-09-11T08:00:00Z,ENERGY STORAGE,ENERGY STORAGE,-8.64338884204626,270
2026-09-11T08:00:00Z,GAS,COGENERATION,3867.057921001514,6122
2026-09-11T08:00:00Z,GAS,COMBINED CYCLE,3057.1585668706894,3974
2026-09-11T08:00:00Z,GAS,GAS FIRED STEAM,444.1406000476413,3078
2026-09-11T08:00:00Z,GAS,SIMPLE CYCLE,42.87599906497532,1014
2026-09-11T08:00:00Z,HYDRO,HYDRO,162.1302315564288,896
2026-09-11T08:00:00Z,OTHER,BIOMASS,59.25616573863559,195
2026-09-11T08:00:00Z,OTHER,COMPOSITE,0,20
2026-09-11T08:00:00Z,OTHER,GAS,2,10
2026-09-11T08:00:00Z,OTHER,GAS COGEN,41.18515428013272,58
2026-09-11T08:00:00Z,OTHER,OIL/GAS,45.85193223317464,53
2026-09-11T08:00:00Z,OTHER,WOOD/REFUSE,68.54072521236208,149
2026-09-11T08:00:00Z,SOLAR,SOLAR,24.399999238550663,1892
2026-09-11T08:00:00Z,WIND,WIND,1772.8052713319576,5684
2026-09-11T09:00:00Z,ENERGY STORAGE,ENERGY STORAGE,-4.399999976158142,270
2026-09-11T09:00:00Z,GAS,COGENERATION,3840.584149265687,6122
2026-09-11T09:00:00Z,GAS,COMBINED CYCLE,3090.464809768465,3974
2026-09-11T09:00:00Z,GAS,GAS FIRED STEAM,444.25388143963283,3078
2026-09-11T09:00:00Z,GAS,SIMPLE CYCLE,42.89716549873352,1014
2026-09-11T09:00:00Z,HYDRO,HYDRO,160.39680326514772,896
2026-09-11T09:00:00Z,OTHER,BIOMASS,58.54961012522379,195
2026-09-11T09:00:00Z,OTHER,COMPOSITE,0,20
2026-09-11T09:00:00Z,OTHER,GAS,2,10
2026-09-11T09:00:00Z,OTHER,GAS COGEN,41.12244745148553,58
2026-09-11T09:00:00Z,OTHER,OIL/GAS,45.83906574249268,53
2026-09-11T09:00:00Z,OTHER,WOOD/REFUSE,68.74357836405436,149
2026-09-11T09:00:00Z,SOLAR,SOLAR,24.399999238550663,1892
2026-09-11T09:00:00Z,WIND,WIND,1728.0779528717862,5684
2026-09-11T10:00:00Z,ENERGY STORAGE,ENERGY STORAGE,-2.0888888775308927,270
2026-09-11T10:00:00Z,GAS,COGENERATION,3843.8781880920465,6122
2026-09-11T10:00:00Z,GAS,COMBINED CYCLE,3014.506790619956,3974
2026-09-11T10:00:00Z,GAS,GAS FIRED STEAM,444.277047290802,3078
2026-09-11T10:00:00Z,GAS,SIMPLE CYCLE,42.99344390551249,1014
2026-09-11T10:00:00Z,HYDRO,HYDRO,153.07595281753277,896
2026-09-11T10:00:00Z,OTHER,BIOMASS,58.845276199446786,195
2026-09-11T10:00:00Z,OTHER,COMPOSITE,0,20
2026-09-11T10:00:00Z,OTHER,GAS,2,10
2026-09-11T10:00:00Z,OTHER,GAS COGEN,41.16496549341414,58
2026-09-11T10:00:00Z,OTHER,OIL/GAS,45.858421399858265,53
2026-09-11T10:00:00Z,OTHER,WOOD/REFUSE,68.92484687328339,149
2026-09-11T10:00:00Z,SOLAR,SOLAR,24.399999238550663,1892
2026-09-11T10:00:00Z,WIND,WIND,1784.4443930924765,5684
2026-09-11T11:00:00Z,ENERGY STORAGE,ENERGY STORAGE,0,270
2026-09-11T11:00:00Z,GAS,COGENERATION,3832.7623714254964,6122
2026-09-11T11:00:00Z,GAS,COMBINED CYCLE,3053.2449375163187,3974
2026-09-11T11:00:00Z,GAS,GAS FIRED STEAM,403.60715929667157,3078
2026-09-11T11:00:00Z,GAS,SIMPLE CYCLE,43.261665689680314,1014
2026-09-11T11:00:00Z,HYDRO,HYDRO,138.54992554048698,896
2026-09-11T11:00:00Z,OTHER,BIOMASS,59.963220784929064,195
2026-09-11T11:00:00Z,OTHER,COMPOSITE,0,20
2026-09-11T11:00:00Z,OTHER,GAS,2,10
2026-09-11T11:00:00Z,OTHER,GAS COGEN,41.15120083491007,58
2026-09-11T11:00:00Z,OTHER,OIL/GAS,45.818543175591365,53
2026-09-11T11:00:00Z,OTHER,WOOD/REFUSE,69.37006493700875,149
2026-09-11T11:00:00Z,SOLAR,SOLAR,24.399999238550663,1892
2026-09-11T11:00:00Z,WIND,WIND,1833.8828570400426,5684
2026-09-11T12:00:00Z,ENERGY STORAGE,ENERGY STORAGE,-0.9456666624546052,270
2026-09-11T12:00:00Z,GAS,COGENERATION,3972.358388383786,6122
2026-09-11T12:00:00Z,GAS,COMBINED CYCLE,3255.4593883890575,3974
2026-09-11T12:00:00Z,GAS,GAS FIRED STEAM,461.58637923982405,3078
2026-09-11T12:00:00Z,GAS,SIMPLE CYCLE,43.233998918533324,1014
2026-09-11T12:00:00Z,HYDRO,HYDRO,149.10717898170154,896
2026-09-11T12:00:00Z,OTHER,BIOMASS,58.50544308874342,195
2026-09-11T12:00:00Z,OTHER,COMPOSITE,0,20
2026-09-11T12:00:00Z,OTHER,GAS,2,10
2026-09-11T12:00:00Z,OTHER,GAS COGEN,41.30570835749308,58
2026-09-11T12:00:00Z,OTHER,OIL/GAS,45.74760499954223,53
2026-09-11T12:00:00Z,OTHER,WOOD/REFUSE,68.98123342752457,149
2026-09-11T12:00:00Z,SOLAR,SOLAR,24.399999238550663,1892
2026-09-11T12:00:00Z,WIND,WIND,1866.606378912959,5684
2026-09-11T13:00:00Z,ENERGY STORAGE,ENERGY STORAGE,-0.40577777756585015,270
2026-09-11T13:00:00Z,GAS,COGENERATION,4043.2768987438412,6122
2026-09-11T13:00:00Z,GAS,COMBINED CYCLE,3246.798552444776,3974
2026-09-11T13:00:00Z,GAS,GAS FIRED STEAM,454.7328248447842,3078
2026-09-11T13:00:00Z,GAS,SIMPLE CYCLE,42.85333274841308,1014
2026-09-11T13:00:00Z,HYDRO,HYDRO,215.25597986684906,896
2026-09-11T13:00:00Z,OTHER,BIOMASS,59.63055362171597,195
2026-09-11T13:00:00Z,OTHER,COMPOSITE,0,20
2026-09-11T13:00:00Z,OTHER,GAS,2,10
2026-09-11T13:00:00Z,OTHER,GAS COGEN,40.75742054992252,58
2026-09-11T13:00:00Z,OTHER,OIL/GAS,45.78135959625244,53
2026-09-11T13:00:00Z,OTHER,WOOD/REFUSE,68.10925462696288,149
2026-09-11T13:00:00Z,SOLAR,SOLAR,55.399498873137766,1892
2026-09-11T13:00:00Z,WIND,WIND,1963.3543423755302,5684
2026-09-11T14:00:00Z,ENERGY STORAGE,ENERGY STORAGE,0,270
2026-09-11T14:00:00Z,GAS,COGENERATION,4051.957020141284,6122
2026-09-11T14:00:00Z,GAS,COMBINED CYCLE,3288.0335536204443,3974
2026-09-11T14:00:00Z,GAS,GAS FIRED STEAM,525.8546004507277,3078
2026-09-11T14:00:00Z,GAS,SIMPLE CYCLE,42.83799937460158,1014
2026-09-11T14:00:00Z,HYDRO,HYDRO,247.35613738278548,896
2026-09-11T14:00:00Z,OTHER,BIOMASS,60.22333163897197,195
2026-09-11T14:00:00Z,OTHER,COMPOSITE,0,20
2026-09-11T14:00:00Z,OTHER,GAS,2,10
2026-09-11T14:00:00Z,OTHER,GAS COGEN,40.669416448805066,58
2026-09-11T14:00:00Z,OTHER,OIL/GAS,44.772232920328776,53
2026-09-11T14:00:00Z,OTHER,WOOD/REFUSE,67.25472106032902,149
2026-09-11T14:00:00Z,SOLAR,SOLAR,262.37533144849453,1892
2026-09-11T14:00:00Z,WIND,WIND,1726.6027142193666,5684
2026-09-11T15:00:00Z,ENERGY STORAGE,ENERGY STORAGE,0,270
2026-09-11T15:00:00Z,GAS,COGENERATION,4045.5385881296793,6122
2026-09-11T15:00:00Z,GAS,COMBINED CYCLE,3246.68891043822,3974
2026-09-11T15:00:00Z,GAS,GAS FIRED STEAM,448.41382582982385,3078
2026-09-11T15:00:00Z,GAS,SIMPLE CYCLE,42.91855523147517,1014
2026-09-11T15:00:00Z,HYDRO,HYDRO,213.2449299305015,896
2026-09-11T15:00:00Z,OTHER,BIOMASS,59.343499296506245,195
2026-09-11T15:00:00Z,OTHER,COMPOSITE,0,20
2026-09-11T15:00:00Z,OTHER,GAS,2,10
2026-09-11T15:00:00Z,OTHER,GAS COGEN,40.42137755499946,58
2026-09-11T15:00:00Z,OTHER,OIL/GAS,44.18105994330512,53
2026-09-11T15:00:00Z,OTHER,WOOD/REFUSE,67.29926282829709,149
2026-09-11T15:00:00Z,SOLAR,SOLAR,625.2524638024965,1892
2026-09-11T15:00:00Z,WIND,WIND,1643.5851668790024,5684
2026-09-11T16:00:00Z,ENERGY STORAGE,ENERGY STORAGE,0,270
2026-09-11T16:00:00Z,GAS,COGENERATION,3960.394222006533,6122
2026-09-11T16:00:00Z,GAS,COMBINED CYCLE,3220.4719932344224,3974
2026-09-11T16:00:00Z,GAS,GAS FIRED STEAM,383.55899468951753,3078
2026-09-11T16:00:00Z,GAS,SIMPLE CYCLE,144.34760915996299,1014
2026-09-11T16:00:00Z,HYDRO,HYDRO,119.8712900378969,896
2026-09-11T16:00:00Z,OTHER,BIOMASS,59.40999922063615,195
2026-09-11T16:00:00Z,OTHER,COMPOSITE,0,20
2026-09-11T16:00:00Z,OTHER,GAS,2,10
2026-09-11T16:00:00Z,OTHER,GAS COGEN,40.49966025246514,58
2026-09-11T16:00:00Z,OTHER,OIL/GAS,44.494365501403806,53
2026-09-11T16:00:00Z,OTHER,WOOD/REFUSE,68.59925422721439,149
2026-09-11T16:00:00Z,SOLAR,SOLAR,773.8786173318161,1892
2026-09-11T16:00:00Z,WIND,WIND,1715.8677010505978,5684
2026-09-11T17:00:00Z,ENERGY STORAGE,ENERGY STORAGE,0,270
2026-09-11T17:00:00Z,GAS,COGENERATION,3867.9611750764316,6122
2026-09-11T17:00:00Z,GAS,COMBINED CYCLE,3161.679731756846,3974
2026-09-11T17:00:00Z,GAS,GAS FIRED STEAM,414.6066596518623,3078
2026-09-11T17:00:00Z,GAS,SIMPLE CYCLE,52.146444286372926,1014
2026-09-11T17:00:00Z,HYDRO,HYDRO,138.95007330430877,896
2026-09-11T17:00:00Z,OTHER,BIOMASS,48.82438804308573,195
2026-09-11T17:00:00Z,OTHER,COMPOSITE,0,20
2026-09-11T17:00:00Z,OTHER,GAS,2,10
2026-09-11T17:00:00Z,OTHER,GAS COGEN,40.85043366750081,58
2026-09-11T17:00:00Z,OTHER,OIL/GAS,44.64236483256022,53
2026-09-11T17:00:00Z,OTHER,WOOD/REFUSE,68.0798060672813,149
2026-09-11T17:00:00Z,SOLAR,SOLAR,741.8901720814241,1892
2026-09-11T17:00:00Z,WIND,WIND,1870.492736419456,5684
2026-09-11T18:00:00Z,ENERGY STORAGE,ENERGY STORAGE,0,270
2026-09-11T18:00:00Z,GAS,COGENERATION,3841.8958082429567,6122
2026-09-11T18:00:00Z,GAS,COMBINED CYCLE,3053.5913055223887,3974
2026-09-11T18:00:00Z,GAS,GAS FIRED STEAM,371.0600492159526,3078
2026-09-11T18:00:00Z,GAS,SIMPLE CYCLE,49.94433339807722,1014
2026-09-11T18:00:00Z,HYDRO,HYDRO,136.23269884559843,896
2026-09-11T18:00:00Z,OTHER,BIOMASS,48.91377703570657,195
2026-09-11T18:00:00Z,OTHER,COMPOSITE,0,20
2026-09-11T18:00:00Z,OTHER,GAS,2,10
2026-09-11T18:00:00Z,OTHER,GAS COGEN,40.97196025742425,58
2026-09-11T18:00:00Z,OTHER,OIL/GAS,44.690382135179306,53
2026-09-11T18:00:00Z,OTHER,WOOD/REFUSE,68.0547282436159,149
2026-09-11T18:00:00Z,SOLAR,SOLAR,715.7820363876555,1892
2026-09-11T18:00:00Z,WIND,WIND,2050.54390786416,5684
2026-09-11T19:00:00Z,ENERGY STORAGE,ENERGY STORAGE,0,270
2026-09-11T19:00:00Z,GAS,COGENERATION,3786.856147639884,6122
2026-09-11T19:00:00Z,GAS,COMBINED CYCLE,2816.2801328606074,3974
2026-09-11T19:00:00Z,GAS,GAS FIRED STEAM,329.4772165213691,3078
2026-09-11T19:00:00Z,GAS,SIMPLE CYCLE,52.00894389429026,1014
2026-09-11T19:00:00Z,HYDRO,HYDRO,152.65130281271206,896
2026-09-11T19:00:00Z,OTHER,BIOMASS,54.935221208996246,195
2026-09-11T19:00:00Z,OTHER,COMPOSITE,0,20
2026-09-11T19:00:00Z,OTHER,GAS,2,10
2026-09-11T19:00:00Z,OTHER,GAS COGEN,40.914939124849106,58
2026-09-11T19:00:00Z,OTHER,OIL/GAS,44.75857102711995,53
2026-09-11T19:00:00Z,OTHER,WOOD/REFUSE,69.567776665952465,149
2026-09-11T19:00:00Z,SOLAR,SOLAR,834.1548955552777,1892
2026-09-11T19:00:00Z,WIND,WIND,2106.7251561804032,5684
2026-09-11T20:00:00Z,ENERGY STORAGE,ENERGY STORAGE,0,270
2026-09-11T20:00:00Z,GAS,COGENERATION,3750.4131643621126,6122
2026-09-11T20:00:00Z,GAS,COMBINED CYCLE,2757.7819745641286,3974
2026-09-11T20:00:00Z,GAS,GAS FIRED STEAM,329.46927302678426,3078
2026-09-11T20:00:00Z,GAS,SIMPLE CYCLE,50.25066584035754,1014
2026-09-11T20:00:00Z,HYDRO,HYDRO,163.6316726330916,896
2026-09-11T20:00:00Z,OTHER,BIOMASS,59.08649884753757,195
2026-09-11T20:00:00Z,OTHER,COMPOSITE,0,20
2026-09-11T20:00:00Z,OTHER,GAS,2,10
2026-09-11T20:00:00Z,OTHER,GAS COGEN,40.89473053508335,58
2026-09-11T20:00:00Z,OTHER,OIL/GAS,44.467548826005725,53
2026-09-11T20:00:00Z,OTHER,WOOD/REFUSE,69.0865395728747,149
2026-09-11T20:00:00Z,SOLAR,SOLAR,873.0136968841817,1892
2026-09-11T20:00:00Z,WIND,WIND,2034.1938114699226,5684
2026-09-11T21:00:00Z,ENERGY STORAGE,ENERGY STORAGE,0,270
2026-09-11T21:00:00Z,GAS,COGENERATION,3748.813507907258,6122
2026-09-11T21:00:00Z,GAS,COMBINED CYCLE,2719.0280714909236,3974
2026-09-11T21:00:00Z,GAS,GAS FIRED STEAM,329.577827489641,3078
2026-09-11T21:00:00Z,GAS,SIMPLE CYCLE,47.65349992959036,1014
2026-09-11T21:00:00Z,HYDRO,HYDRO,156.77002692616648,896
2026-09-11T21:00:00Z,OTHER,BIOMASS,58.774443386395774,195
2026-09-11T21:00:00Z,OTHER,COMPOSITE,0,20
2026-09-11T21:00:00Z,OTHER,GAS,2,10
2026-09-11T21:00:00Z,OTHER,GAS COGEN,41.304955668979225,58
2026-09-11T21:00:00Z,OTHER,OIL/GAS,44.386727515326605,53
2026-09-11T21:00:00Z,OTHER,WOOD/REFUSE,68.80234311130312,149
2026-09-11T21:00:00Z,SOLAR,SOLAR,1126.3075750920507,1892
2026-09-11T21:00:00Z,WIND,WIND,1839.8097763825042,5684
2026-09-11T22:00:00Z,ENERGY STORAGE,ENERGY STORAGE,0,270
2026-09-11T22:00:00Z,GAS,COGENERATION,3758.9398538079527,6122
2026-09-11T22:00:00Z,GAS,COMBINED CYCLE,2714.024036500189,3974
2026-09-11T22:00:00Z,GAS,GAS FIRED STEAM,328.6952715216743,3078
2026-09-11T22:00:00Z,GAS,SIMPLE CYCLE,47.97566577487522,1014
2026-09-11T22:00:00Z,HYDRO,HYDRO,192.1172832915518,896
2026-09-11T22:00:00Z,OTHER,BIOMASS,60.71566556241777,195
2026-09-11T22:00:00Z,OTHER,COMPOSITE,0,20
2026-09-11T22:00:00Z,OTHER,GAS,2,10
2026-09-11T22:00:00Z,OTHER,GAS COGEN,41.35335403548347,58
2026-09-11T22:00:00Z,OTHER,OIL/GAS,44.17749328189426,53
2026-09-11T22:00:00Z,OTHER,WOOD/REFUSE,69.13408859795994,149
2026-09-11T22:00:00Z,SOLAR,SOLAR,1079.1120545859137,1892
2026-09-11T22:00:00Z,WIND,WIND,1940.9756127641765,5684
2026-09-11T23:00:00Z,ENERGY STORAGE,ENERGY STORAGE,0,270
2026-09-11T23:00:00Z,GAS,COGENERATION,3776.130864869224,6122
2026-09-11T23:00:00Z,GAS,COMBINED CYCLE,2907.318075291316,3974
2026-09-11T23:00:00Z,GAS,GAS FIRED STEAM,344.82382703145345,3078
2026-09-11T23:00:00Z,GAS,SIMPLE CYCLE,47.809499454498294,1014
2026-09-11T23:00:00Z,HYDRO,HYDRO,164.19760908436444,896
2026-09-11T23:00:00Z,OTHER,BIOMASS,60.83888764858246,195
2026-09-11T23:00:00Z,OTHER,COMPOSITE,0,20
2026-09-11T23:00:00Z,OTHER,GAS,2,10
2026-09-11T23:00:00Z,OTHER,GAS COGEN,41.0616219859653,58
2026-09-11T23:00:00Z,OTHER,OIL/GAS,42.84034989674886,53
2026-09-11T23:00:00Z,OTHER,WOOD/REFUSE,68.53424314406183,149
2026-09-11T23:00:00Z,SOLAR,SOLAR,703.2417560266455,1892
2026-09-11T23:00:00Z,WIND,WIND,2113.9781975356077,5684
2026-09-12T00:00:00Z,ENERGY STORAGE,ENERGY STORAGE,0,270
2026-09-12T00:00:00Z,GAS,COGENERATION,3834.473651175499,6122
2026-09-12T00:00:00Z,GAS,COMBINED CYCLE,3015.386999463505,3974
2026-09-12T00:00:00Z,GAS,GAS FIRED STEAM,371.6809939829509,3078
2026-09-12T00:00:00Z,GAS,SIMPLE CYCLE,142.1767763608694,1014
2026-09-12T00:00:00Z,HYDRO,HYDRO,217.74192191208402,896
2026-09-12T00:00:00Z,OTHER,BIOMASS,59.988943522771194,195
2026-09-12T00:00:00Z,OTHER,COMPOSITE,0,20
2026-09-12T00:00:00Z,OTHER,GAS,2,10
2026-09-12T00:00:00Z,OTHER,GAS COGEN,41.55137820667691,58
2026-09-12T00:00:00Z,OTHER,OIL/GAS,42.83424898995293,53
2026-09-12T00:00:00Z,OTHER,WOOD/REFUSE,69.04778884755241,149
2026-09-12T00:00:00Z,SOLAR,SOLAR,373.4450281038549,1892
2026-09-12T00:00:00Z,WIND,WIND,2019.7133175636911,5684
2026-09-12T01:00:00Z,ENERGY STORAGE,ENERGY STORAGE,0,270
2026-09-12T01:00:00Z,GAS,COGENERATION,3964.38867593103,6122
2026-09-12T01:00:00Z,GAS,COMBINED CYCLE,3203.060947693189,3974
2026-09-12T01:00:00Z,GAS,GAS FIRED STEAM,824.5517083083258,3078
2026-09-12T01:00:00Z,GAS,SIMPLE CYCLE,165.11638458242018,1014
2026-09-12T01:00:00Z,HYDRO,HYDRO,200.61807093044123,896
2026-09-12T01:00:00Z,OTHER,BIOMASS,60.80760973188612,195
2026-09-12T01:00:00Z,OTHER,COMPOSITE,0,20
2026-09-12T01:00:00Z,OTHER,GAS,2,10
2026-09-12T01:00:00Z,OTHER,GAS COGEN,41.891311722861396,58
2026-09-12T01:00:00Z,OTHER,OIL/GAS,43.21319316440158,53
2026-09-12T01:00:00Z,OTHER,WOOD/REFUSE,73.69402363843388,149
2026-09-12T01:00:00Z,SOLAR,SOLAR,65.65933229239036,1892
2026-09-12T01:00:00Z,WIND,WIND,1434.3951804887752,5684
2026-09-12T02:00:00Z,ENERGY STORAGE,ENERGY STORAGE,0,270
2026-09-12T02:00:00Z,GAS,COGENERATION,3970.1070234534477,6122
2026-09-12T02:00:00Z,GAS,COMBINED CYCLE,3245.294282330142,3974
2026-09-12T02:00:00Z,GAS,GAS FIRED STEAM,1147.466148196194,3078
2026-09-12T02:00:00Z,GAS,SIMPLE CYCLE,146.08133166631063,1014
2026-09-12T02:00:00Z,HYDRO,HYDRO,158.2765707852443,896
2026-09-12T02:00:00Z,OTHER,BIOMASS,62.37083205964831,195
2026-09-12T02:00:00Z,OTHER,COMPOSITE,12.879499971336788,20
2026-09-12T02:00:00Z,OTHER,GAS,2,10
2026-09-12T02:00:00Z,OTHER,GAS COGEN,41.7429396782981,58
2026-09-12T02:00:00Z,OTHER,OIL/GAS,42.90821560965644,53
2026-09-12T02:00:00Z,OTHER,WOOD/REFUSE,74.4138306354152,149
2026-09-12T02:00:00Z,SOLAR,SOLAR,0.10000000149011612,1892
2026-09-12T02:00:00Z,WIND,WIND,1260.8690086726347,5684
2026-09-12T03:00:00Z,ENERGY STORAGE,ENERGY STORAGE,0,270
2026-09-12T03:00:00Z,GAS,COGENERATION,4016.7314740639263,6122
2026-09-12T03:00:00Z,GAS,COMBINED CYCLE,3216.7587039261393,3974
2026-09-12T03:00:00Z,GAS,GAS FIRED STEAM,1042.144201731152,3078
2026-09-12T03:00:00Z,GAS,SIMPLE CYCLE,146.25916656917997,1014
2026-09-12T03:00:00Z,HYDRO,HYDRO,146.56425170865322,896
2026-09-12T03:00:00Z,OTHER,BIOMASS,59.82022138648563,195
2026-09-12T03:00:00Z,OTHER,COMPOSITE,13.476388512187532,20
2026-09-12T03:00:00Z,OTHER,GAS,2,10
2026-09-12T03:00:00Z,OTHER,GAS COGEN,42.214740350511335,58
2026-09-12T03:00:00Z,OTHER,OIL/GAS,43.001566829681394,53
2026-09-12T03:00:00Z,OTHER,WOOD/REFUSE,74.29211475266351,149
2026-09-12T03:00:00Z,SOLAR,SOLAR,0.10000000149011612,1892
2026-09-12T03:00:00Z,WIND,WIND,1226.3027578008341,5684
2026-09-12T04:00:00Z,ENERGY STORAGE,ENERGY STORAGE,0,270
2026-09-12T04:00:00Z,GAS,COGENERATION,4026.991659561528,6122
2026-09-12T04:00:00Z,GAS,COMBINED CYCLE,3261.545135922962,3974
2026-09-12T04:00:00Z,GAS,GAS FIRED STEAM,962.9133706172307,3078
2026-09-12T04:00:00Z,GAS,SIMPLE CYCLE,146.67149908065795,1014
2026-09-12T04:00:00Z,HYDRO,HYDRO,195.59300672297678,896
2026-09-12T04:00:00Z,OTHER,BIOMASS,62.809387702412074,195
2026-09-12T04:00:00Z,OTHER,COMPOSITE,0.21494443813959757,20
2026-09-12T04:00:00Z,OTHER,GAS,2,10
2026-09-12T04:00:00Z,OTHER,GAS COGEN,42.30897843784756,58
2026-09-12T04:00:00Z,OTHER,OIL/GAS,43.40409327189128,53
2026-09-12T04:00:00Z,OTHER,WOOD/REFUSE,74.93549113326603,149
2026-09-12T04:00:00Z,SOLAR,SOLAR,0.10000000149011612,1892
2026-09-12T04:00:00Z,WIND,WIND,974.752974931635,5684
2026-09-12T05:00:00Z,ENERGY STORAGE,ENERGY STORAGE,0,270
2026-09-12T05:00:00Z,GAS,COGENERATION,4005.4348878912133,6122
2026-09-12T05:00:00Z,GAS,COMBINED CYCLE,3210.1914129477077,3974
2026-09-12T05:00:00Z,GAS,GAS FIRED STEAM,933.5100359715356,3078
2026-09-12T05:00:00Z,GAS,SIMPLE CYCLE,50.74922181023492,1014
2026-09-12T05:00:00Z,HYDRO,HYDRO,116.71579335716035,896
2026-09-12T05:00:00Z,OTHER,BIOMASS,62.75816571447585,195
2026-09-12T05:00:00Z,OTHER,COMPOSITE,0,20
2026-09-12T05:00:00Z,OTHER,GAS,2,10
2026-09-12T05:00:00Z,OTHER,GAS COGEN,42.22609102514055,58
2026-09-12T05:00:00Z,OTHER,OIL/GAS,42.98865425321791,53
2026-09-12T05:00:00Z,OTHER,WOOD/REFUSE,75.37802693367004,149
2026-09-12T05:00:00Z,SOLAR,SOLAR,0.10000000149011612,1892
2026-09-12T05:00:00Z,WIND,WIND,958.0087707656456,5684
2026-09-12T06:00:00Z,ENERGY STORAGE,ENERGY STORAGE,-4.0784443990058366,270
2026-09-12T06:00:00Z,GAS,COGENERATION,4024.4931175010734,6122
2026-09-12T06:00:00Z,GAS,COMBINED CYCLE,3296.7291337768233,3974
2026-09-12T06:00:00Z,GAS,GAS FIRED STEAM,687.0860999210676,3078
2026-09-12T06:00:00Z,GAS,SIMPLE CYCLE,47.331666223737926,1014
2026-09-12T06:00:00Z,HYDRO,HYDRO,156.4134542000625,896
2026-09-12T06:00:00Z,OTHER,BIOMASS,62.61561019897461,195
2026-09-12T06:00:00Z,OTHER,COMPOSITE,0,20
2026-09-12T06:00:00Z,OTHER,GAS,1.9953333322207136,10
2026-09-12T06:00:00Z,OTHER,GAS COGEN,42.202409453921845,58
2026-09-12T06:00:00Z,OTHER,OIL/GAS,43.24566558625963,53
2026-09-12T06:00:00Z,OTHER,WOOD/REFUSE,74.36498571183947,149
2026-09-12T06:00:00Z,SOLAR,SOLAR,0.10000000149011612,1892
2026-09-12T06:00:00Z,WIND,WIND,817.9813100187894,5684
2026-09-12T07:00:00Z,ENERGY STORAGE,ENERGY STORAGE,-12.537110974225733,270
2026-09-12T07:00:00Z,GAS,COGENERATION,4033.9684813585545,6122
2026-09-12T07:00:00Z,GAS,COMBINED CYCLE,3301.181023133331,3974
2026-09-12T07:00:00Z,GAS,GAS FIRED STEAM,690.2953788608976,3078
2026-09-12T07:00:00Z,GAS,SIMPLE CYCLE,47.58416654586792,1014
2026-09-12T07:00:00Z,HYDRO,HYDRO,131.54243764946858,896
2026-09-12T07:00:00Z,OTHER,BIOMASS,64.6159434832467,195
2026-09-12T07:00:00Z,OTHER,COMPOSITE,0,20
2026-09-12T07:00:00Z,OTHER,GAS,1.899999976158142,10
2026-09-12T07:00:00Z,OTHER,GAS COGEN,42.30701705614726,58
2026-09-12T07:00:00Z,OTHER,OIL/GAS,42.95359337700738,53
2026-09-12T07:00:00Z,OTHER,WOOD/REFUSE,75.16307490825653,149
2026-09-12T07:00:00Z,SOLAR,SOLAR,0.10000000149011612,1892
2026-09-12T07:00:00Z,WIND,WIND,662.5871230018139,5684
2026-09-12T08:00:00Z,ENERGY STORAGE,ENERGY STORAGE,-6.419333240737518,270
2026-09-12T08:00:00Z,GAS,COGENERATION,4035.5476162319715,6122
2026-09-12T08:00:00Z,GAS,COMBINED CYCLE,3295.318937452634,3974
2026-09-12T08:00:00Z,GAS,GAS FIRED STEAM,828.3107639927334,3078
2026-09-12T08:00:00Z,GAS,SIMPLE CYCLE,47.6863331773546,1014
2026-09-12T08:00:00Z,HYDRO,HYDRO,116.76218549377388,896
2026-09-12T08:00:00Z,OTHER,BIOMASS,63.51305458439721,195
2026-09-12T08:00:00Z,OTHER,COMPOSITE,0,20
2026-09-12T08:00:00Z,OTHER,GAS,1.899999976158142,10
2026-09-12T08:00:00Z,OTHER,GAS COGEN,42.39250856982337,58
2026-09-12T08:00:00Z,OTHER,OIL/GAS,42.91232674916585,53
2026-09-12T08:00:00Z,OTHER,WOOD/REFUSE,75.18954595645269,149
2026-09-12T08:00:00Z,SOLAR,SOLAR,0.10000000149011612,1892
2026-09-12T08:00:00Z,WIND,WIND,423.32291406215063,5684
2026-09-12T09:00:00Z,ENERGY STORAGE,ENERGY STORAGE,0,270
2026-09-12T09:00:00Z,GAS,COGENERATION,4041.1021110081674,6122
2026-09-12T09:00:00Z,GAS,COMBINED CYCLE,3317.2883416848713,3974
2026-09-12T09:00:00Z,GAS,GAS FIRED STEAM,850.4823736732536,3078
2026-09-12T09:00:00Z,GAS,SIMPLE CYCLE,47.67833316697015,1014
2026-09-12T09:00:00Z,HYDRO,HYDRO,123.00549400428932,896
2026-09-12T09:00:00Z,OTHER,BIOMASS,62.742165742980106,195
2026-09-12T09:00:00Z,OTHER,COMPOSITE,0,20
2026-09-12T09:00:00Z,OTHER,GAS,1.899999976158142,10
2026-09-12T09:00:00Z,OTHER,GAS COGEN,42.2016619459788,58
2026-09-12T09:00:00Z,OTHER,OIL/GAS,43.72019917805989,53
2026-09-12T09:00:00Z,OTHER,WOOD/REFUSE,74.87194226927227,149
2026-09-12T09:00:00Z,SOLAR,SOLAR,0.10000000149011612,1892
2026-09-12T09:00:00Z,WIND,WIND,373.90451148151936,5684
2026-09-12T10:00:00Z,ENERGY STORAGE,ENERGY STORAGE,0,270
2026-09-12T10:00:00Z,GAS,COGENERATION,4047.1192242666084,6122
2026-09-12T10:00:00Z,GAS,COMBINED CYCLE,3342.406484313806,3974
2026-09-12T10:00:00Z,GAS,GAS FIRED STEAM,849.727319215801,3078
2026-09-12T10:00:00Z,GAS,SIMPLE CYCLE,47.75699966430664,1014
2026-09-12T10:00:00Z,HYDRO,HYDRO,129.218644094136,896
2026-09-12T10:00:00Z,OTHER,BIOMASS,62.26816588083903,195
2026-09-12T10:00:00Z,OTHER,COMPOSITE,0,20
2026-09-12T10:00:00Z,OTHER,GAS,1.899999976158142,10
2026-09-12T10:00:00Z,OTHER,GAS COGEN,42.128289890819126,58
2026-09-12T10:00:00Z,OTHER,OIL/GAS,43.89289805094401,53
2026-09-12T10:00:00Z,OTHER,WOOD/REFUSE,75.29379832903544,149
2026-09-12T10:00:00Z,SOLAR,SOLAR,0.10000000149011612,1892
2026-09-12T10:00:00Z,WIND,WIND,366.984543459163,5684
2026-09-12T11:00:00Z,ENERGY STORAGE,ENERGY STORAGE,0,270
2026-09-12T11:00:00Z,GAS,COGENERATION,4049.9021973175472,6122
2026-09-12T11:00:00Z,GAS,COMBINED CYCLE,3330.3770445026294,3974
2026-09-12T11:00:00Z,GAS,GAS FIRED STEAM,973.5754844272137,3078
2026-09-12T11:00:00Z,GAS,SIMPLE CYCLE,47.76199965159098,1014
2026-09-12T11:00:00Z,HYDRO,HYDRO,128.11156203536524,896
2026-09-12T11:00:00Z,OTHER,BIOMASS,62.62927689022488,195
2026-09-12T11:00:00Z,OTHER,COMPOSITE,0,20
2026-09-12T11:00:00Z,OTHER,GAS,1.899999976158142,10
2026-09-12T11:00:00Z,OTHER,GAS COGEN,33.798096062474784,58
2026-09-12T11:00:00Z,OTHER,OIL/GAS,43.28725966559516,53
2026-09-12T11:00:00Z,OTHER,WOOD/REFUSE,75.19589970297284,149
2026-09-12T11:00:00Z,SOLAR,SOLAR,0.10000000149011612,1892
2026-09-12T11:00:00Z,WIND,WIND,351.3200028173667,5684
2026-09-12T12:00:00Z,ENERGY STORAGE,ENERGY STORAGE,0,270
2026-09-12T12:00:00Z,GAS,COGENERATION,4055.1689357717833,6122
2026-09-12T12:00:00Z,GAS,COMBINED CYCLE,3390.207985620764,3974
2026-09-12T12:00:00Z,GAS,GAS FIRED STEAM,1068.0885364161597,3078
2026-09-12T12:00:00Z,GAS,SIMPLE CYCLE,47.822332786983914,1014
2026-09-12T12:00:00Z,HYDRO,HYDRO,98.02871513716049,896
2026-09-12T12:00:00Z,OTHER,BIOMASS,62.63377688301934,195
2026-09-12T12:00:00Z,OTHER,COMPOSITE,0,20
2026-09-12T12:00:00Z,OTHER,GAS,1.899999976158142,10
2026-09-12T12:00:00Z,OTHER,GAS COGEN,34.96443957116869,58
2026-09-12T12:00:00Z,OTHER,OIL/GAS,42.389849196539984,53
2026-09-12T12:00:00Z,OTHER,WOOD/REFUSE,75.12967722521888,149
2026-09-12T12:00:00Z,SOLAR,SOLAR,0.10166666822301015,1892
2026-09-12T12:00:00Z,WIND,WIND,376.0170823512806,5684
2026-09-12T13:00:00Z,ENERGY STORAGE,ENERGY STORAGE,0,270
2026-09-12T13:00:00Z,GAS,COGENERATION,4045.935607301924,6122
2026-09-12T13:00:00Z,GAS,COMBINED CYCLE,3369.62405145314,3974
2026-09-12T13:00:00Z,GAS,GAS FIRED STEAM,1121.5947017648484,3078
2026-09-12T13:00:00Z,GAS,SIMPLE CYCLE,47.63349990844726,1014
2026-09-12T13:00:00Z,HYDRO,HYDRO,137.90743877887726,896
2026-09-12T13:00:00Z,OTHER,BIOMASS,62.95438793182373,195
2026-09-12T13:00:00Z,OTHER,COMPOSITE,0,20
2026-09-12T13:00:00Z,OTHER,GAS,1.899999976158142,10
2026-09-12T13:00:00Z,OTHER,GAS COGEN,34.9618390973409,58
2026-09-12T13:00:00Z,OTHER,OIL/GAS,42.67533824496799,53
2026-09-12T13:00:00Z,OTHER,WOOD/REFUSE,73.01093247784509,149
2026-09-12T13:00:00Z,SOLAR,SOLAR,36.375435905920135,1892
2026-09-12T13:00:00Z,WIND,WIND,327.7537164273692,5684
2026-09-12T14:00:00Z,ENERGY STORAGE,ENERGY STORAGE,0,270
2026-09-12T14:00:00Z,GAS,COGENERATION,4005.637025116285,6122
2026-09-12T14:00:00Z,GAS,COMBINED CYCLE,3361.3562095101674,3974
2026-09-12T14:00:00Z,GAS,GAS FIRED STEAM,1154.928593205346,3078
2026-09-12T14:00:00Z,GAS,SIMPLE CYCLE,87.59183121201065,1014
2026-09-12T14:00:00Z,HYDRO,HYDRO,136.41067058887748,896
2026-09-12T14:00:00Z,OTHER,BIOMASS,62.22972099728055,195
2026-09-12T14:00:00Z,OTHER,COMPOSITE,0,20
2026-09-12T14:00:00Z,OTHER,GAS,1.9959999990463255,10
2026-09-12T14:00:00Z,OTHER,GAS COGEN,34.68814436700609,58
2026-09-12T14:00:00Z,OTHER,OIL/GAS,42.61346558676826,53
2026-09-12T14:00:00Z,OTHER,WOOD/REFUSE,74.08771103885438,149
2026-09-12T14:00:00Z,SOLAR,SOLAR,219.59224184877343,1892
2026-09-12T14:00:00Z,WIND,WIND,200.6608569853339,5684
2026-09-12T15:00:00Z,ENERGY STORAGE,ENERGY STORAGE,0,270
2026-09-12T15:00:00Z,GAS,COGENERATION,3998.828694509665,6122
2026-09-12T15:00:00Z,GAS,COMBINED CYCLE,3375.5787117258706,3974
2026-09-12T15:00:00Z,GAS,GAS FIRED STEAM,1155.751700188054,3078
2026-09-12T15:00:00Z,GAS,SIMPLE CYCLE,114.93884790983465,1014
2026-09-12T15:00:00Z,HYDRO,HYDRO,127.2675816160606,896
2026-09-12T15:00:00Z,OTHER,BIOMASS,53.60783242914411,195
2026-09-12T15:00:00Z,OTHER,COMPOSITE,0,20
2026-09-12T15:00:00Z,OTHER,GAS,2,10
2026-09-12T15:00:00Z,OTHER,GAS COGEN,34.9031874428855,58
2026-09-12T15:00:00Z,OTHER,OIL/GAS,42.49941593170166,53
2026-09-12T15:00:00Z,OTHER,WOOD/REFUSE,76.266472700172,149
2026-09-12T15:00:00Z,SOLAR,SOLAR,426.73949951255486,1892
2026-09-12T15:00:00Z,WIND,WIND,170.81493172114094,5684
2026-09-12T16:00:00Z,ENERGY STORAGE,ENERGY STORAGE,0,270
2026-09-12T16:00:00Z,GAS,COGENERATION,3992.4178049604097,6122
2026-09-12T16:00:00Z,GAS,COMBINED CYCLE,3343.7383985678357,3974
2026-09-12T16:00:00Z,GAS,GAS FIRED STEAM,1023.4208699025048,3078
2026-09-12T16:00:00Z,GAS,SIMPLE CYCLE,47.69483315573798,1014
2026-09-12T16:00:00Z,HYDRO,HYDRO,139.46718979027537,896
2026-09-12T16:00:00Z,OTHER,BIOMASS,49.793665863672885,195
2026-09-12T16:00:00Z,OTHER,COMPOSITE,0,20
2026-09-12T16:00:00Z,OTHER,GAS,2,10
2026-09-12T16:00:00Z,OTHER,GAS COGEN,34.47304339090983,58
2026-09-12T16:00:00Z,OTHER,OIL/GAS,43.05197730594211,53
2026-09-12T16:00:00Z,OTHER,WOOD/REFUSE,74.76647920767466,149
2026-09-12T16:00:00Z,SOLAR,SOLAR,707.1464623866478,1892
2026-09-12T16:00:00Z,WIND,WIND,229.84992220996983,5684
2026-09-12T17:00:00Z,ENERGY STORAGE,ENERGY STORAGE,0,270
2026-09-12T17:00:00Z,GAS,COGENERATION,3989.7140615706976,6122
2026-09-12T17:00:00Z,GAS,COMBINED CYCLE,3364.0463525205187,3974
2026-09-12T17:00:00Z,GAS,GAS FIRED STEAM,970.0757625579834,3078
2026-09-12T17:00:00Z,GAS,SIMPLE CYCLE,47.73766638014052,1014
2026-09-12T17:00:00Z,HYDRO,HYDRO,168.12152824024358,896
2026-09-12T17:00:00Z,OTHER,BIOMASS,52.82327693104744,195
2026-09-12T17:00:00Z,OTHER,COMPOSITE,0,20
2026-09-12T17:00:00Z,OTHER,GAS,2,10
2026-09-12T17:00:00Z,OTHER,GAS COGEN,34.086424083709716,58
2026-09-12T17:00:00Z,OTHER,OIL/GAS,43.44543190214369,53
2026-09-12T17:00:00Z,OTHER,WOOD/REFUSE,75.21205302079518,149
2026-09-12T17:00:00Z,SOLAR,SOLAR,718.9185404578183,1892
2026-09-12T17:00:00Z,WIND,WIND,248.9651450104225,5684
2026-09-12T18:00:00Z,ENERGY STORAGE,ENERGY STORAGE,0,270
2026-09-12T18:00:00Z,GAS,COGENERATION,3977.4110127329827,6122
2026-09-12T18:00:00Z,GAS,COMBINED CYCLE,3340.0478821415372,3974
2026-09-12T18:00:00Z,GAS,GAS FIRED STEAM,1136.012259674072,3078
2026-09-12T18:00:00Z,GAS,SIMPLE CYCLE,47.57033323711819,1014
2026-09-12T18:00:00Z,HYDRO,HYDRO,116.79005877504747,896
2026-09-12T18:00:00Z,OTHER,BIOMASS,59.31999871148004,195
2026-09-12T18:00:00Z,OTHER,COMPOSITE,0,20
2026-09-12T18:00:00Z,OTHER,GAS,2,10
2026-09-12T18:00:00Z,OTHER,GAS COGEN,33.93658904393514,58
2026-09-12T18:00:00Z,OTHER,OIL/GAS,43.56303173700969,53
2026-09-12T18:00:00Z,OTHER,WOOD/REFUSE,74.76045439746645,149
2026-09-12T18:00:00Z,SOLAR,SOLAR,760.5392140160667,1892
2026-09-12T18:00:00Z,WIND,WIND,229.30023990952307,5684
2026-09-12T19:00:00Z,ENERGY STORAGE,ENERGY STORAGE,0,270
2026-09-12T19:00:00Z,GAS,COGENERATION,3975.062813421885,6122
2026-09-12T19:00:00Z,GAS,COMBINED CYCLE,3353.312458735042,3974
2026-09-12T19:00:00Z,GAS,GAS FIRED STEAM,1002.7392032750448,3078
2026-09-12T19:00:00Z,GAS,SIMPLE CYCLE,47.76116626315647,1014
2026-09-12T19:00:00Z,HYDRO,HYDRO,174.031147652732,896
2026-09-12T19:00:00Z,OTHER,BIOMASS,60.169276791678534,195
2026-09-12T19:00:00Z,OTHER,COMPOSITE,0,20
2026-09-12T19:00:00Z,OTHER,GAS,2,10
2026-09-12T19:00:00Z,OTHER,GAS COGEN,38.62228050841226,58
2026-09-12T19:00:00Z,OTHER,OIL/GAS,42.728598817189535,53
2026-09-12T19:00:00Z,OTHER,WOOD/REFUSE,74.81084413554935,149
2026-09-12T19:00:00Z,SOLAR,SOLAR,755.0505792597268,1892
2026-09-12T19:00:00Z,WIND,WIND,261.20671267511943,5684
2026-09-12T20:00:00Z,ENERGY STORAGE,ENERGY STORAGE,0,270
2026-09-12T20:00:00Z,GAS,COGENERATION,3963.465131794612,6122
2026-09-12T20:00:00Z,GAS,COMBINED CYCLE,3289.995739734438,3974
2026-09-12T20:00:00Z,GAS,GAS FIRED STEAM,744.63399099297,3078
2026-09-12T20:00:00Z,GAS,SIMPLE CYCLE,47.60066655688816,1014
2026-09-12T20:00:00Z,HYDRO,HYDRO,119.25121716201306,896
2026-09-12T20:00:00Z,OTHER,BIOMASS,61.14449888070425,195
2026-09-12T20:00:00Z,OTHER,COMPOSITE,0,20
2026-09-12T20:00:00Z,OTHER,GAS,2,10
2026-09-12T20:00:00Z,OTHER,GAS COGEN,40.58460578600565,58
2026-09-12T20:00:00Z,OTHER,OIL/GAS,43.66918823454115,53
2026-09-12T20:00:00Z,OTHER,WOOD/REFUSE,74.44878594107098,149
2026-09-12T20:00:00Z,SOLAR,SOLAR,906.3484408283234,1892
2026-09-12T20:00:00Z,WIND,WIND,281.26753930804216,5684
2026-09-12T21:00:00Z,ENERGY STORAGE,ENERGY STORAGE,0,270
2026-09-12T21:00:00Z,GAS,COGENERATION,3962.7292611984412,6122
2026-09-12T21:00:00Z,GAS,COMBINED CYCLE,3258.1448317273457,3974
2026-09-12T21:00:00Z,GAS,GAS FIRED STEAM,614.9069364631176,3078
2026-09-12T21:00:00Z,GAS,SIMPLE CYCLE,47.71099978129069,1014
2026-09-12T21:00:00Z,HYDRO,HYDRO,182.20846424566375,896
2026-09-12T21:00:00Z,OTHER,BIOMASS,60.75160978635152,195
2026-09-12T21:00:00Z,OTHER,COMPOSITE,0,20
2026-09-12T21:00:00Z,OTHER,GAS,2,10
2026-09-12T21:00:00Z,OTHER,GAS COGEN,40.49060164557563,58
2026-09-12T21:00:00Z,OTHER,OIL/GAS,43.61126575469971,53
2026-09-12T21:00:00Z,OTHER,WOOD/REFUSE,74.58672633012137,149
2026-09-12T21:00:00Z,SOLAR,SOLAR,908.7457119642032,1892
2026-09-12T21:00:00Z,WIND,WIND,293.2701073870394,5684
2026-09-12T22:00:00Z,ENERGY STORAGE,ENERGY STORAGE,0,270
2026-09-12T22:00:00Z,GAS,COGENERATION,3978.5429215425916,6122
2026-09-12T22:00:00Z,GAS,COMBINED CYCLE,3203.009112626182,3974
2026-09-12T22:00:00Z,GAS,GAS FIRED STEAM,754.2617120107016,3078
2026-09-12T22:00:00Z,GAS,SIMPLE CYCLE,141.10766575866276,1014
2026-09-12T22:00:00Z,HYDRO,HYDRO,198.4587702759107,896
2026-09-12T22:00:00Z,OTHER,BIOMASS,59.398998947408465,195
2026-09-12T22:00:00Z,OTHER,COMPOSITE,0,20
2026-09-12T22:00:00Z,OTHER,GAS,2,10
2026-09-12T22:00:00Z,OTHER,GAS COGEN,40.4703592660692,58
2026-09-12T22:00:00Z,OTHER,OIL/GAS,43.35193770514594,53
2026-09-12T22:00:00Z,OTHER,WOOD/REFUSE,74.73179486089283,149
2026-09-12T22:00:00Z,SOLAR,SOLAR,750.9696877657705,1892
2026-09-12T22:00:00Z,WIND,WIND,257.3079265098522,5684
2026-09-12T23:00:00Z,ENERGY STORAGE,ENERGY STORAGE,0,270
2026-09-12T23:00:00Z,GAS,COGENERATION,3982.5005817360347,6122
2026-09-12T23:00:00Z,GAS,COMBINED CYCLE,3252.6554043393667,3974
2026-09-12T23:00:00Z,GAS,GAS FIRED STEAM,781.577432948351,3078
2026-09-12T23:00:00Z,GAS,SIMPLE CYCLE,144.9659418068992,1014
2026-09-12T23:00:00Z,HYDRO,HYDRO,154.97155930949583,896
2026-09-12T23:00:00Z,OTHER,BIOMASS,57.79244329346551,195
2026-09-12T23:00:00Z,OTHER,COMPOSITE,12.542888749109377,20
2026-09-12T23:00:00Z,OTHER,GAS,2,10
2026-09-12T23:00:00Z,OTHER,GAS COGEN,40.526138614018755,58
2026-09-12T23:00:00Z,OTHER,OIL/GAS,43.148032677968345,53
2026-09-12T23:00:00Z,OTHER,WOOD/REFUSE,74.53929674254523,149
2026-09-12T23:00:00Z,SOLAR,SOLAR,783.2247416156531,1892
2026-09-12T23:00:00Z,WIND,WIND,198.28670845080995,5684
2026-09-13T00:00:00Z,ENERGY STORAGE,ENERGY STORAGE,0,270
2026-09-13T00:00:00Z,GAS,COGENERATION,3984.7802784461446,6122
2026-09-13T00:00:00Z,GAS,COMBINED CYCLE,3200.67795823733,3974
2026-09-13T00:00:00Z,GAS,GAS FIRED STEAM,1019.3477061759102,3078
2026-09-13T00:00:00Z,GAS,SIMPLE CYCLE,134.8257745716307,1014
2026-09-13T00:00:00Z,HYDRO,HYDRO,215.92373358280295,896
2026-09-13T00:00:00Z,OTHER,BIOMASS,59.60466562350591,195
2026-09-13T00:00:00Z,OTHER,COMPOSITE,12.849722018241884,20
2026-09-13T00:00:00Z,OTHER,GAS,2,10
2026-09-13T00:00:00Z,OTHER,GAS COGEN,40.93863824950324,58
2026-09-13T00:00:00Z,OTHER,OIL/GAS,43.387348658243816,53
2026-09-13T00:00:00Z,OTHER,WOOD/REFUSE,74.28301615410382,149
2026-09-13T00:00:00Z,SOLAR,SOLAR,545.2808009879788,1892
2026-09-13T00:00:00Z,WIND,WIND,142.19397216143707,5684
2026-09-13T01:00:00Z,ENERGY STORAGE,ENERGY STORAGE,0,270
2026-09-13T01:00:00Z,GAS,COGENERATION,3989.3151482568846,6122
2026-09-13T01:00:00Z,GAS,COMBINED CYCLE,3265.1555395783316,3974
2026-09-13T01:00:00Z,GAS,GAS FIRED STEAM,1313.5645921476682,3078
2026-09-13T01:00:00Z,GAS,SIMPLE CYCLE,216.1807236244281,1014
2026-09-13T01:00:00Z,HYDRO,HYDRO,180.95170382936794,896
2026-09-13T01:00:00Z,OTHER,BIOMASS,58.3433324485355,195
2026-09-13T01:00:00Z,OTHER,COMPOSITE,12.921111057599386,20
2026-09-13T01:00:00Z,OTHER,GAS,2,10
2026-09-13T01:00:00Z,OTHER,GAS COGEN,41.0726805029975,58
2026-09-13T01:00:00Z,OTHER,OIL/GAS,43.38696500566271,53
2026-09-13T01:00:00Z,OTHER,WOOD/REFUSE,78.11112527767817,149
2026-09-13T01:00:00Z,SOLAR,SOLAR,65.13362717003872,1892
2026-09-13T01:00:00Z,WIND,WIND,146.6618001834924,5684
2026-09-13T02:00:00Z,ENERGY STORAGE,ENERGY STORAGE,0,270
2026-09-13T02:00:00Z,GAS,COGENERATION,4013.574202452766,6122
2026-09-13T02:00:00Z,GAS,COMBINED CYCLE,3243.2317533747355,3974
2026-09-13T02:00:00Z,GAS,GAS FIRED STEAM,1316.1049797524347,3078
2026-09-13T02:00:00Z,GAS,SIMPLE CYCLE,272.9778273281289,1014
2026-09-13T02:00:00Z,HYDRO,HYDRO,152.39398783293035,896
2026-09-13T02:00:00Z,OTHER,BIOMASS,60.39833235303561,195
2026-09-13T02:00:00Z,OTHER,COMPOSITE,13,20
2026-09-13T02:00:00Z,OTHER,GAS,2,10
2026-09-13T02:00:00Z,OTHER,GAS COGEN,41.40842895931668,58
2026-09-13T02:00:00Z,OTHER,OIL/GAS,42.708960172865126,53
2026-09-13T02:00:00Z,OTHER,WOOD/REFUSE,80.88412672572665,149
2026-09-13T02:00:00Z,SOLAR,SOLAR,20.11943244294988,1892
2026-09-13T02:00:00Z,WIND,WIND,290.52648536252894,5684
2026-09-13T03:00:00Z,ENERGY STORAGE,ENERGY STORAGE,0,270
2026-09-13T03:00:00Z,GAS,COGENERATION,4032.8231432836587,6122
2026-09-13T03:00:00Z,GAS,COMBINED CYCLE,3215.8539728241494,3974
2026-09-13T03:00:00Z,GAS,GAS FIRED STEAM,1201.7413707876206,3078
2026-09-13T03:00:00Z,GAS,SIMPLE CYCLE,177.615573326134,1014
2026-09-13T03:00:00Z,HYDRO,HYDRO,139.471306801637,896
2026-09-13T03:00:00Z,OTHER,BIOMASS,62.420498311784534,195
2026-09-13T03:00:00Z,OTHER,COMPOSITE,12.867555691930985,20
2026-09-13T03:00:00Z,OTHER,GAS,2,10
2026-09-13T03:00:00Z,OTHER,GAS COGEN,41.447531401316326,58
2026-09-13T03:00:00Z,OTHER,OIL/GAS,43.18699880599976,53
2026-09-13T03:00:00Z,OTHER,WOOD/REFUSE,74.46625632166862,149
2026-09-13T03:00:00Z,SOLAR,SOLAR,1.8449316903286506,1892
2026-09-13T03:00:00Z,WIND,WIND,476.627265832747,5684
2026-09-13T04:00:00Z,ENERGY STORAGE,ENERGY STORAGE,0,270
2026-09-13T04:00:00Z,GAS,COGENERATION,4036.19961224397,6122
2026-09-13T04:00:00Z,GAS,COMBINED CYCLE,3327.0413942027094,3974
2026-09-13T04:00:00Z,GAS,GAS FIRED STEAM,1023.3697064929538,3078
2026-09-13T04:00:00Z,GAS,SIMPLE CYCLE,145.79639108240605,1014
2026-09-13T04:00:00Z,HYDRO,HYDRO,124.17231819335785,896
2026-09-13T04:00:00Z,OTHER,BIOMASS,62.98816506968605,195
2026-09-13T04:00:00Z,OTHER,COMPOSITE,0.15172222177187605,20
2026-09-13T04:00:00Z,OTHER,GAS,2,10
2026-09-13T04:00:00Z,OTHER,GAS COGEN,41.60151349915398,58
2026-09-13T04:00:00Z,OTHER,OIL/GAS,42.9371212111579,53
2026-09-13T04:00:00Z,OTHER,WOOD/REFUSE,74.55594935999976,149
2026-09-13T04:00:00Z,SOLAR,SOLAR,1.5577777220143212,1892
2026-09-13T04:00:00Z,WIND,WIND,502.5881540584813,5684
2026-09-13T05:00:00Z,ENERGY STORAGE,ENERGY STORAGE,0,270
2026-09-13T05:00:00Z,GAS,COGENERATION,4037.800779942274,6122
2026-09-13T05:00:00Z,GAS,COMBINED CYCLE,3323.5267796447542,3974
2026-09-13T05:00:00Z,GAS,GAS FIRED STEAM,978.3368735702832,3078
2026-09-13T05:00:00Z,GAS,SIMPLE CYCLE,49.08716507607036,1014
2026-09-13T05:00:00Z,HYDRO,HYDRO,118.11211698654625,896
2026-09-13T05:00:00Z,OTHER,BIOMASS,60.90383159147368,195
2026-09-13T05:00:00Z,OTHER,COMPOSITE,0,20
2026-09-13T05:00:00Z,OTHER,GAS,2,10
2026-09-13T05:00:00Z,OTHER,GAS COGEN,41.70453792360094,58
2026-09-13T05:00:00Z,OTHER,OIL/GAS,42.99368238872952,53
2026-09-13T05:00:00Z,OTHER,WOOD/REFUSE,76.26587683439256,149
2026-09-13T05:00:00Z,SOLAR,SOLAR,0.33472221285104753,1892
2026-09-13T05:00:00Z,WIND,WIND,578.6599914868466,5684
2026-09-13T06:00:00Z,ENERGY STORAGE,ENERGY STORAGE,-2.4654999764925902,270
2026-09-13T06:00:00Z,GAS,COGENERATION,4053.538847976128,6122
2026-09-13T06:00:00Z,GAS,COMBINED CYCLE,3301.6046179442933,3974
2026-09-13T06:00:00Z,GAS,GAS FIRED STEAM,836.8743187472555,3078
2026-09-13T06:00:00Z,GAS,SIMPLE CYCLE,46.22899878131019,1014
2026-09-13T06:00:00Z,HYDRO,HYDRO,109.7217141893506,896
2026-09-13T06:00:00Z,OTHER,BIOMASS,59.74455444839266,195
2026-09-13T06:00:00Z,OTHER,COMPOSITE,0,20
2026-09-13T06:00:00Z,OTHER,GAS,2,10
2026-09-13T06:00:00Z,OTHER,GAS COGEN,42.07433854526944,58
2026-09-13T06:00:00Z,OTHER,OIL/GAS,43.03046024746365,53
2026-09-13T06:00:00Z,OTHER,WOOD/REFUSE,75.91393708454237,149
2026-09-13T06:00:00Z,SOLAR,SOLAR,0.10000000149011612,1892
2026-09-13T06:00:00Z,WIND,WIND,600.9181765237327,5684
2026-09-13T07:00:00Z,ENERGY STORAGE,ENERGY STORAGE,-12.99999988079071,270
2026-09-13T07:00:00Z,GAS,COGENERATION,4053.433431169457,6122
2026-09-13T07:00:00Z,GAS,COMBINED CYCLE,3259.5174001696373,3974
2026-09-13T07:00:00Z,GAS,GAS FIRED STEAM,732.8771000586615,3078
2026-09-13T07:00:00Z,GAS,SIMPLE CYCLE,46.219832134776645,1014
2026-09-13T07:00:00Z,HYDRO,HYDRO,98.31807787734601,896
2026-09-13T07:00:00Z,OTHER,BIOMASS,59.571887407832676,195
2026-09-13T07:00:00Z,OTHER,COMPOSITE,0,20
2026-09-13T07:00:00Z,OTHER,GAS,2,10
2026-09-13T07:00:00Z,OTHER,GAS COGEN,41.94297881232367,58
2026-09-13T07:00:00Z,OTHER,OIL/GAS,43.11516501320733,53
2026-09-13T07:00:00Z,OTHER,WOOD/REFUSE,76.44181929932701,149
2026-09-13T07:00:00Z,SOLAR,SOLAR,0.10000000149011612,1892
2026-09-13T07:00:00Z,WIND,WIND,682.3177638229479,5684
2026-09-13T08:00:00Z,ENERGY STORAGE,ENERGY STORAGE,-8.163333243048854,270
2026-09-13T08:00:00Z,GAS,COGENERATION,4016.965229590469,6122
2026-09-13T08:00:00Z,GAS,COMBINED CYCLE,3098.712631843355,3974
2026-09-13T08:00:00Z,GAS,GAS FIRED STEAM,604.4086582974594,3078
2026-09-13T08:00:00Z,GAS,SIMPLE CYCLE,45.519054918289186,1014
2026-09-13T08:00:00Z,HYDRO,HYDRO,90.56097462995184,896
2026-09-13T08:00:00Z,OTHER,BIOMASS,59.85444311141968,195
2026-09-13T08:00:00Z,OTHER,COMPOSITE,0,20
2026-09-13T08:00:00Z,OTHER,GAS,2,10
2026-09-13T08:00:00Z,OTHER,GAS COGEN,41.98213215827943,58
2026-09-13T08:00:00Z,OTHER,OIL/GAS,43.42332699033949,53
2026-09-13T08:00:00Z,OTHER,WOOD/REFUSE,75.59967158503002,149
2026-09-13T08:00:00Z,SOLAR,SOLAR,0.10000000149011612,1892
2026-09-13T08:00:00Z,WIND,WIND,902.9006235544218,5684
2026-09-13T09:00:00Z,ENERGY STORAGE,ENERGY STORAGE,-0.3441666540503502,270
2026-09-13T09:00:00Z,GAS,COGENERATION,3871.369543652799,6122
2026-09-13T09:00:00Z,GAS,COMBINED CYCLE,3029.1160537979335,3974
2026-09-13T09:00:00Z,GAS,GAS FIRED STEAM,570.8446580694781,3078
2026-09-13T09:00:00Z,GAS,SIMPLE CYCLE,45.56266568130917,1014
2026-09-13T09:00:00Z,HYDRO,HYDRO,117.19339837845828,896
2026-09-13T09:00:00Z,OTHER,BIOMASS,59.583109797636666,195
2026-09-13T09:00:00Z,OTHER,COMPOSITE,0,20
2026-09-13T09:00:00Z,OTHER,GAS,2,10
2026-09-13T09:00:00Z,OTHER,GAS COGEN,41.907865535948005,58
2026-09-13T09:00:00Z,OTHER,OIL/GAS,43.02545474582248,53
2026-09-13T09:00:00Z,OTHER,WOOD/REFUSE,76.04737672487894,149
2026-09-13T09:00:00Z,SOLAR,SOLAR,0.10000000149011612,1892
2026-09-13T09:00:00Z,WIND,WIND,1080.9201959628529,5684
2026-09-13T10:00:00Z,ENERGY STORAGE,ENERGY STORAGE,0,270
2026-09-13T10:00:00Z,GAS,COGENERATION,3908.9909579832024,6122
2026-09-13T10:00:00Z,GAS,COMBINED CYCLE,3020.5848228616182,3974
2026-09-13T10:00:00Z,GAS,GAS FIRED STEAM,570.7558256684409,3078
2026-09-13T10:00:00Z,GAS,SIMPLE CYCLE,45.77199858665466,1014
2026-09-13T10:00:00Z,HYDRO,HYDRO,101.59251605338521,896
2026-09-13T10:00:00Z,OTHER,BIOMASS,60.27366505040063,195
2026-09-13T10:00:00Z,OTHER,COMPOSITE,0,20
2026-09-13T10:00:00Z,OTHER,GAS,2,10
2026-09-13T10:00:00Z,OTHER,GAS COGEN,41.04874766137865,58
2026-09-13T10:00:00Z,OTHER,OIL/GAS,43.02957693523831,53
2026-09-13T10:00:00Z,OTHER,WOOD/REFUSE,74.94428427126672,149
2026-09-13T10:00:00Z,SOLAR,SOLAR,0.10000000149011612,1892
2026-09-13T10:00:00Z,WIND,WIND,1091.0918284391364,5684
2026-09-13T11:00:00Z,ENERGY STORAGE,ENERGY STORAGE,0,270
2026-09-13T11:00:00Z,GAS,COGENERATION,3885.7901151680944,6122
2026-09-13T11:00:00Z,GAS,COMBINED CYCLE,2997.4518986283406,3974
2026-09-13T11:00:00Z,GAS,GAS FIRED STEAM,566.058878960212,3078
2026-09-13T11:00:00Z,GAS,SIMPLE CYCLE,45.64733225080702,1014
2026-09-13T11:00:00Z,HYDRO,HYDRO,91.67822319409913,896
2026-09-13T11:00:00Z,OTHER,BIOMASS,59.70560945166482,195
2026-09-13T11:00:00Z,OTHER,COMPOSITE,0,20
2026-09-13T11:00:00Z,OTHER,GAS,2,10
2026-09-13T11:00:00Z,OTHER,GAS COGEN,40.64791716893514,58
2026-09-13T11:00:00Z,OTHER,OIL/GAS,43.15298782772488,53
2026-09-13T11:00:00Z,OTHER,WOOD/REFUSE,73.66028599103291,149
2026-09-13T11:00:00Z,SOLAR,SOLAR,0.10000000149011612,1892
2026-09-13T11:00:00Z,WIND,WIND,1294.208444594269,5684
2026-09-13T12:00:00Z,ENERGY STORAGE,ENERGY STORAGE,0,270
2026-09-13T12:00:00Z,GAS,COGENERATION,3815.6556055702104,6122
2026-09-13T12:00:00Z,GAS,COMBINED CYCLE,2836.0440768467056,3974
2026-09-13T12:00:00Z,GAS,GAS FIRED STEAM,415.5200468448798,3078
2026-09-13T12:00:00Z,GAS,SIMPLE CYCLE,45.81833187315199,1014
2026-09-13T12:00:00Z,HYDRO,HYDRO,103.24444834926062,896
2026-09-13T12:00:00Z,OTHER,BIOMASS,59.387943234973484,195
2026-09-13T12:00:00Z,OTHER,COMPOSITE,0,20
2026-09-13T12:00:00Z,OTHER,GAS,2,10
2026-09-13T12:00:00Z,OTHER,GAS COGEN,40.58264143625895,58
2026-09-13T12:00:00Z,OTHER,OIL/GAS,42.943476380242245,53
2026-09-13T12:00:00Z,OTHER,WOOD/REFUSE,67.42225793507365,149
2026-09-13T12:00:00Z,SOLAR,SOLAR,0.10000000149011612,1892
2026-09-13T12:00:00Z,WIND,WIND,1711.9017714173388,5684
2026-09-13T13:00:00Z,ENERGY STORAGE,ENERGY STORAGE,0,270
2026-09-13T13:00:00Z,GAS,COGENERATION,3739.4491204712126,6122
2026-09-13T13:00:00Z,GAS,COMBINED CYCLE,2400.030578256183,3974
2026-09-13T13:00:00Z,GAS,GAS FIRED STEAM,331.5699943766329,3078
2026-09-13T13:00:00Z,GAS,SIMPLE CYCLE,45.906664995617334,1014
2026-09-13T13:00:00Z,HYDRO,HYDRO,128.59554930387273,896
2026-09-13T13:00:00Z,OTHER,BIOMASS,58.518165683216516,195
2026-09-13T13:00:00Z,OTHER,COMPOSITE,0,20
2026-09-13T13:00:00Z,OTHER,GAS,2,10
2026-09-13T13:00:00Z,OTHER,GAS COGEN,40.49629092216492,58
2026-09-13T13:00:00Z,OTHER,OIL/GAS,42.82514952553643,53
2026-09-13T13:00:00Z,OTHER,WOOD/REFUSE,67.12446663538616,149
2026-09-13T13:00:00Z,SOLAR,SOLAR,82.64671045442836,1892
2026-09-13T13:00:00Z,WIND,WIND,2113.8777688279706,5684
2026-09-13T14:00:00Z,ENERGY STORAGE,ENERGY STORAGE,0,270
2026-09-13T14:00:00Z,GAS,COGENERATION,3706.741586418417,6122
2026-09-13T14:00:00Z,GAS,COMBINED CYCLE,2282.071166782909,3974
2026-09-13T14:00:00Z,GAS,GAS FIRED STEAM,330.53960546917386,3078
2026-09-13T14:00:00Z,GAS,SIMPLE CYCLE,45.66166560173035,1014
2026-09-13T14:00:00Z,HYDRO,HYDRO,154.53989040884707,896
2026-09-13T14:00:00Z,OTHER,BIOMASS,59.616220710542464,195
2026-09-13T14:00:00Z,OTHER,COMPOSITE,0,20
2026-09-13T14:00:00Z,OTHER,GAS,2,10
2026-09-13T14:00:00Z,OTHER,GAS COGEN,40.60546933280097,58
2026-09-13T14:00:00Z,OTHER,OIL/GAS,42.5983716668023,53
2026-09-13T14:00:00Z,OTHER,WOOD/REFUSE,67.23925928605928,149
2026-09-13T14:00:00Z,SOLAR,SOLAR,592.9177686578532,1892
2026-09-13T14:00:00Z,WIND,WIND,1869.5190338602579,5684
2026-09-13T15:00:00Z,ENERGY STORAGE,ENERGY STORAGE,0,270
2026-09-13T15:00:00Z,GAS,COGENERATION,3683.168014172183,6122
2026-09-13T15:00:00Z,GAS,COMBINED CYCLE,2290.847129655679,3974
2026-09-13T15:00:00Z,GAS,GAS FIRED STEAM,330.4498274262746,3078
2026-09-13T15:00:00Z,GAS,SIMPLE CYCLE,45.68327671368917,1014
2026-09-13T15:00:00Z,HYDRO,HYDRO,190.15821231226127,896
2026-09-13T15:00:00Z,OTHER,BIOMASS,58.30583181646135,195
2026-09-13T15:00:00Z,OTHER,COMPOSITE,0,20
2026-09-13T15:00:00Z,OTHER,GAS,2,10
2026-09-13T15:00:00Z,OTHER,GAS COGEN,40.06312667316861,58
2026-09-13T15:00:00Z,OTHER,OIL/GAS,42.17149928410848,53
2026-09-13T15:00:00Z,OTHER,WOOD/REFUSE,67.9021441927221,149
2026-09-13T15:00:00Z,SOLAR,SOLAR,1206.1000805942217,1892
2026-09-13T15:00:00Z,WIND,WIND,1379.833356750293,5684
2026-09-13T16:00:00Z,ENERGY STORAGE,ENERGY STORAGE,-0.6391111102534665,270
2026-09-13T16:00:00Z,GAS,COGENERATION,3646.654659192562,6122
2026-09-13T16:00:00Z,GAS,COMBINED CYCLE,2212.0903463840486,3974
2026-09-13T16:00:00Z,GAS,GAS FIRED STEAM,330.71132704509625,3078
2026-09-13T16:00:00Z,GAS,SIMPLE CYCLE,45.78449895858765,1014
2026-09-13T16:00:00Z,HYDRO,HYDRO,136.96539737410015,896
2026-09-13T16:00:00Z,OTHER,BIOMASS,57.713499461544885,195
2026-09-13T16:00:00Z,OTHER,COMPOSITE,0,20
2026-09-13T16:00:00Z,OTHER,GAS,2,10
2026-09-13T16:00:00Z,OTHER,GAS COGEN,39.75527707947625,58
2026-09-13T16:00:00Z,OTHER,OIL/GAS,42.60039818445841,53
2026-09-13T16:00:00Z,OTHER,WOOD/REFUSE,67.70845209678014,149
2026-09-13T16:00:00Z,SOLAR,SOLAR,1466.8843585342831,1892
2026-09-13T16:00:00Z,WIND,WIND,1332.0427972357886,5684
2026-09-13T17:00:00Z,ENERGY STORAGE,ENERGY STORAGE,-0.24055555555555555,270
2026-09-13T17:00:00Z,GAS,COGENERATION,3617.734049637715,6122
2026-09-13T17:00:00Z,GAS,COMBINED CYCLE,2253.4372574631375,3974
2026-09-13T17:00:00Z,GAS,GAS FIRED STEAM,330.65227148864,3078
2026-09-13T17:00:00Z,GAS,SIMPLE CYCLE,45.549666216108534,1014
2026-09-13T17:00:00Z,HYDRO,HYDRO,223.54079132590027,896
2026-09-13T17:00:00Z,OTHER,BIOMASS,57.80555459578832,195
2026-09-13T17:00:00Z,OTHER,COMPOSITE,0,20
2026-09-13T17:00:00Z,OTHER,GAS,2,10
2026-09-13T17:00:00Z,OTHER,GAS COGEN,39.37548757606083,58
2026-09-13T17:00:00Z,OTHER,OIL/GAS,43.16537172953288,53
2026-09-13T17:00:00Z,OTHER,WOOD/REFUSE,67.48348457839754,149
2026-09-13T17:00:00Z,SOLAR,SOLAR,1424.7317181637884,1892
2026-09-13T17:00:00Z,WIND,WIND,1244.4492689140639,5684
2026-09-13T18:00:00Z,ENERGY STORAGE,ENERGY STORAGE,-0.20816666066646575,270
2026-09-13T18:00:00Z,GAS,COGENERATION,3544.140734612147,6122
2026-09-13T18:00:00Z,GAS,COMBINED CYCLE,2551.1776194432045,3974
2026-09-13T18:00:00Z,GAS,GAS FIRED STEAM,330.31982656055027,3078
2026-09-13T18:00:00Z,GAS,SIMPLE CYCLE,45.69233252631293,1014
2026-09-13T18:00:00Z,HYDRO,HYDRO,218.64673970676128,896
2026-09-13T18:00:00Z,OTHER,BIOMASS,56.26788748025894,195
2026-09-13T18:00:00Z,OTHER,COMPOSITE,0,20
2026-09-13T18:00:00Z,OTHER,GAS,2,10
2026-09-13T18:00:00Z,OTHER,GAS COGEN,39.00441870265537,58
2026-09-13T18:00:00Z,OTHER,OIL/GAS,44.56996012369792,53
2026-09-13T18:00:00Z,OTHER,WOOD/REFUSE,67.57458734869958,149
2026-09-13T18:00:00Z,SOLAR,SOLAR,1147.3961037128502,1892
2026-09-13T18:00:00Z,WIND,WIND,1333.3413353230226,5684
2026-09-13T19:00:00Z,ENERGY STORAGE,ENERGY STORAGE,-0.08149999784098731,270
2026-09-13T19:00:00Z,GAS,COGENERATION,3555.556583667066,6122
2026-09-13T19:00:00Z,GAS,COMBINED CYCLE,2912.6049187397957,3974
2026-09-13T19:00:00Z,GAS,GAS FIRED STEAM,399.72521454837585,3078
2026-09-13T19:00:00Z,GAS,SIMPLE CYCLE,45.561666074328954,1014
2026-09-13T19:00:00Z,HYDRO,HYDRO,187.70284441802238,896
2026-09-13T19:00:00Z,OTHER,BIOMASS,55.1717209066285,195
2026-09-13T19:00:00Z,OTHER,COMPOSITE,0,20
2026-09-13T19:00:00Z,OTHER,GAS,2,10
2026-09-13T19:00:00Z,OTHER,GAS COGEN,38.70908701313867,58
2026-09-13T19:00:00Z,OTHER,OIL/GAS,44.78702633963691,53
2026-09-13T19:00:00Z,OTHER,WOOD/REFUSE,66.29493861079216,149
2026-09-13T19:00:00Z,SOLAR,SOLAR,809.835890568826,1892
2026-09-13T19:00:00Z,WIND,WIND,1383.1635106918877,5684
2026-09-13T20:00:00Z,ENERGY STORAGE,ENERGY STORAGE,0,270
2026-09-13T20:00:00Z,GAS,COGENERATION,3542.6998324664432,6122
2026-09-13T20:00:00Z,GAS,COMBINED CYCLE,3054.1368011728923,3974
2026-09-13T20:00:00Z,GAS,GAS FIRED STEAM,440.02554734283024,3078
2026-09-13T20:00:00Z,GAS,SIMPLE CYCLE,45.576999421119694,1014
2026-09-13T20:00:00Z,HYDRO,HYDRO,200.31155090398258,896
2026-09-13T20:00:00Z,OTHER,BIOMASS,56.94194315936831,195
2026-09-13T20:00:00Z,OTHER,COMPOSITE,0,20
2026-09-13T20:00:00Z,OTHER,GAS,2,10
2026-09-13T20:00:00Z,OTHER,GAS COGEN,38.53001626332601,58
2026-09-13T20:00:00Z,OTHER,OIL/GAS,44.92419872707791,53
2026-09-13T20:00:00Z,OTHER,WOOD/REFUSE,67.04255060248904,149
2026-09-13T20:00:00Z,SOLAR,SOLAR,684.7407565991415,1892
2026-09-13T20:00:00Z,WIND,WIND,1303.8702882441878,5684
2026-09-13T21:00:00Z,ENERGY STORAGE,ENERGY STORAGE,0,270
2026-09-13T21:00:00Z,GAS,COGENERATION,3527.017681744099,6122
2026-09-13T21:00:00Z,GAS,COMBINED CYCLE,3045.6772158169747,3974
2026-09-13T21:00:00Z,GAS,GAS FIRED STEAM,534.8102122841941,3078
2026-09-13T21:00:00Z,GAS,SIMPLE CYCLE,45.62999934249454,1014
2026-09-13T21:00:00Z,HYDRO,HYDRO,178.54660280909803,896
2026-09-13T21:00:00Z,OTHER,BIOMASS,57.27283207496007,195
2026-09-13T21:00:00Z,OTHER,COMPOSITE,0,20
2026-09-13T21:00:00Z,OTHER,GAS,2,10
2026-09-13T21:00:00Z,OTHER,GAS COGEN,38.69517262352838,58
2026-09-13T21:00:00Z,OTHER,OIL/GAS,45.056604338751896,53
2026-09-13T21:00:00Z,OTHER,WOOD/REFUSE,67.9955857389503,149
2026-09-13T21:00:00Z,SOLAR,SOLAR,557.5040256299078,1892
2026-09-13T21:00:00Z,WIND,WIND,1363.5538503205446,5684
2026-09-13T22:00:00Z,ENERGY STORAGE,ENERGY STORAGE,0,270
2026-09-13T22:00:00Z,GAS,COGENERATION,3544.2919107740454,6122
2026-09-13T22:00:00Z,GAS,COMBINED CYCLE,3299.8035378660097,3974
2026-09-13T22:00:00Z,GAS,GAS FIRED STEAM,937.2641510526339,3078
2026-09-13T22:00:00Z,GAS,SIMPLE CYCLE,45.689165867699515,1014
2026-09-13T22:00:00Z,HYDRO,HYDRO,204.696551429828,896
2026-09-13T22:00:00Z,OTHER,BIOMASS,56.15177645126978,195
2026-09-13T22:00:00Z,OTHER,COMPOSITE,0,20
2026-09-13T22:00:00Z,OTHER,GAS,2,10
2026-09-13T22:00:00Z,OTHER,GAS COGEN,38.84747032695346,58
2026-09-13T22:00:00Z,OTHER,OIL/GAS,45.05574839909871,53
2026-09-13T22:00:00Z,OTHER,WOOD/REFUSE,70.09117987341351,149
2026-09-13T22:00:00Z,SOLAR,SOLAR,362.44124380260706,1892
2026-09-13T22:00:00Z,WIND,WIND,1098.4163292805601,5684
2026-09-13T23:00:00Z,ENERGY STORAGE,ENERGY STORAGE,0,270
2026-09-13T23:00:00Z,GAS,COGENERATION,3565.1552342893015,6122
2026-09-13T23:00:00Z,GAS,COMBINED CYCLE,3378.0975343929395,3974
2026-09-13T23:00:00Z,GAS,GAS FIRED STEAM,1162.6170416694217,3078
2026-09-13T23:00:00Z,GAS,SIMPLE CYCLE,98.97571436696582,1014
2026-09-13T23:00:00Z,HYDRO,HYDRO,185.61883035510778,896
2026-09-13T23:00:00Z,OTHER,BIOMASS,55.52433233658473,195
2026-09-13T23:00:00Z,OTHER,COMPOSITE,0,20
2026-09-13T23:00:00Z,OTHER,GAS,2,10
2026-09-13T23:00:00Z,OTHER,GAS COGEN,38.3636462826199,58
2026-09-13T23:00:00Z,OTHER,OIL/GAS,44.808149274190264,53
2026-09-13T23:00:00Z,OTHER,WOOD/REFUSE,75.76939418289396,149
2026-09-13T23:00:00Z,SOLAR,SOLAR,333.8192219275567,1892
2026-09-13T23:00:00Z,WIND,WIND,960.4888430688075,5684
2026-09-14T00:00:00Z,ENERGY STORAGE,ENERGY STORAGE,0,270
2026-09-14T00:00:00Z,GAS,COGENERATION,3642.059437482754,6122
2026-09-14T00:00:00Z,GAS,COMBINED CYCLE,3395.2007924720974,3974
2026-09-14T00:00:00Z,GAS,GAS FIRED STEAM,1163.6632023912007,3078
2026-09-14T00:00:00Z,GAS,SIMPLE CYCLE,184.30250078044003,1014
2026-09-14T00:00:00Z,HYDRO,HYDRO,182.19180860600537,896
2026-09-14T00:00:00Z,OTHER,BIOMASS,61.790499260955386,195
2026-09-14T00:00:00Z,OTHER,COMPOSITE,0,20
2026-09-14T00:00:00Z,OTHER,GAS,2,10
2026-09-14T00:00:00Z,OTHER,GAS COGEN,39.08268695725335,58
2026-09-14T00:00:00Z,OTHER,OIL/GAS,44.82033198038737,53
2026-09-14T00:00:00Z,OTHER,WOOD/REFUSE,76.12348651329677,149
2026-09-14T00:00:00Z,SOLAR,SOLAR,269.9032181516704,1892
2026-09-14T00:00:00Z,WIND,WIND,779.3193503064414,5684
2026-09-14T01:00:00Z,ENERGY STORAGE,ENERGY STORAGE,0,270
2026-09-14T01:00:00Z,GAS,COGENERATION,3677.007164837122,6122
2026-09-14T01:00:00Z,GAS,COMBINED CYCLE,3387.472106930415,3974
2026-09-14T01:00:00Z,GAS,GAS FIRED STEAM,1163.295868988037,3078
2026-09-14T01:00:00Z,GAS,SIMPLE CYCLE,177.64867008866534,1014
2026-09-14T01:00:00Z,HYDRO,HYDRO,189.88464311303363,896
2026-09-14T01:00:00Z,OTHER,BIOMASS,62.6017774134212,195
2026-09-14T01:00:00Z,OTHER,COMPOSITE,0,20
2026-09-14T01:00:00Z,OTHER,GAS,2,10
2026-09-14T01:00:00Z,OTHER,GAS COGEN,39.18082212554084,58
2026-09-14T01:00:00Z,OTHER,OIL/GAS,45.28180496639675,53
2026-09-14T01:00:00Z,OTHER,WOOD/REFUSE,76.47018985827764,149
2026-09-14T01:00:00Z,SOLAR,SOLAR,24.064316199935146,1892
2026-09-14T01:00:00Z,WIND,WIND,975.064745189117,5684
2026-09-14T02:00:00Z,ENERGY STORAGE,ENERGY STORAGE,0,270
2026-09-14T02:00:00Z,GAS,COGENERATION,3706.6844358580643,6122
2026-09-14T02:00:00Z,GAS,COMBINED CYCLE,3358.489652772082,3974
2026-09-14T02:00:00Z,GAS,GAS FIRED STEAM,1064.9181484391954,3078
2026-09-14T02:00:00Z,GAS,SIMPLE CYCLE,88.80065963098158,1014
2026-09-14T02:00:00Z,HYDRO,HYDRO,135.28140843709312,896
2026-09-14T02:00:00Z,OTHER,BIOMASS,62.164721241792044,195
2026-09-14T02:00:00Z,OTHER,COMPOSITE,0,20
2026-09-14T02:00:00Z,OTHER,GAS,2,10
2026-09-14T02:00:00Z,OTHER,GAS COGEN,39.436415888468424,58
2026-09-14T02:00:00Z,OTHER,OIL/GAS,44.50208312564426,53
2026-09-14T02:00:00Z,OTHER,WOOD/REFUSE,74.05642891009649,149
2026-09-14T02:00:00Z,SOLAR,SOLAR,0.9284999958011839,1892
2026-09-14T02:00:00Z,WIND,WIND,1352.941528210756,5684
2026-09-14T03:00:00Z,ENERGY STORAGE,ENERGY STORAGE,0,270
2026-09-14T03:00:00Z,GAS,COGENERATION,3691.3842455759313,6122
2026-09-14T03:00:00Z,GAS,COMBINED CYCLE,3235.0008594560622,3974
2026-09-14T03:00:00Z,GAS,GAS FIRED STEAM,720.0893760935464,3078
2026-09-14T03:00:00Z,GAS,SIMPLE CYCLE,45.713332855635215,1014
2026-09-14T03:00:00Z,HYDRO,HYDRO,185.91327289236918,896
2026-09-14T03:00:00Z,OTHER,BIOMASS,58.79077706231011,195
2026-09-14T03:00:00Z,OTHER,COMPOSITE,0,20
2026-09-14T03:00:00Z,OTHER,GAS,2,10
2026-09-14T03:00:00Z,OTHER,GAS COGEN,39.49275258276197,58
2026-09-14T03:00:00Z,OTHER,OIL/GAS,44.52799256854587,53
2026-09-14T03:00:00Z,OTHER,WOOD/REFUSE,73.8090533624755,149
2026-09-14T03:00:00Z,SOLAR,SOLAR,0.10000000149011612,1892
2026-09-14T03:00:00Z,WIND,WIND,1618.9594217156703,5684
2026-09-14T04:00:00Z,ENERGY STORAGE,ENERGY STORAGE,0,270
2026-09-14T04:00:00Z,GAS,COGENERATION,3590.5998668924967,6122
2026-09-14T04:00:00Z,GAS,COMBINED CYCLE,2997.4924442580013,3974
2026-09-14T04:00:00Z,GAS,GAS FIRED STEAM,566.5825459565057,3078
2026-09-14T04:00:00Z,GAS,SIMPLE CYCLE,45.37949998855591,1014
2026-09-14T04:00:00Z,HYDRO,HYDRO,112.66995587140322,896
2026-09-14T04:00:00Z,OTHER,BIOMASS,59.305999063650766,195
2026-09-14T04:00:00Z,OTHER,COMPOSITE,0,20
2026-09-14T04:00:00Z,OTHER,GAS,2,10
2026-09-14T04:00:00Z,OTHER,GAS COGEN,39.48481499724918,58
2026-09-14T04:00:00Z,OTHER,OIL/GAS,44.73134891298082,53
2026-09-14T04:00:00Z,OTHER,WOOD/REFUSE,73.58660107400682,149
2026-09-14T04:00:00Z,SOLAR,SOLAR,0.10000000149011612,1892
2026-09-14T04:00:00Z,WIND,WIND,1856.8264478825033,5684
2026-09-14T05:00:00Z,ENERGY STORAGE,ENERGY STORAGE,0,270
2026-09-14T05:00:00Z,GAS,COGENERATION,3553.2308981985516,6122
2026-09-14T05:00:00Z,GAS,COMBINED CYCLE,2672.5064177325035,3974
2026-09-14T05:00:00Z,GAS,GAS FIRED STEAM,427.58326945198905,3078
2026-09-14T05:00:00Z,GAS,SIMPLE CYCLE,45.407833104663425,1014
2026-09-14T05:00:00Z,HYDRO,HYDRO,119.11838735944696,896
2026-09-14T05:00:00Z,OTHER,BIOMASS,58.91544321086671,195
2026-09-14T05:00:00Z,OTHER,COMPOSITE,0,20
2026-09-14T05:00:00Z,OTHER,GAS,2,10
2026-09-14T05:00:00Z,OTHER,GAS COGEN,39.3990166621738,58
2026-09-14T05:00:00Z,OTHER,OIL/GAS,45.05053763283624,53
2026-09-14T05:00:00Z,OTHER,WOOD/REFUSE,73.43003246863684,149
2026-09-14T05:00:00Z,SOLAR,SOLAR,0.10000000149011612,1892
2026-09-14T05:00:00Z,WIND,WIND,2226.116191705581,5684
2026-09-14T06:00:00Z,ENERGY STORAGE,ENERGY STORAGE,-9.758110928866598,270
2026-09-14T06:00:00Z,GAS,COGENERATION,3569.6167969820235,6122
2026-09-14T06:00:00Z,GAS,COMBINED CYCLE,2704.4695764247576,3974
2026-09-14T06:00:00Z,GAS,GAS FIRED STEAM,339.500883524153,3078
2026-09-14T06:00:00Z,GAS,SIMPLE CYCLE,45.55766589270698,1014
2026-09-14T06:00:00Z,HYDRO,HYDRO,105.76550997212529,896
2026-09-14T06:00:00Z,OTHER,BIOMASS,60.1886099881596,195
2026-09-14T06:00:00Z,OTHER,COMPOSITE,0,20
2026-09-14T06:00:00Z,OTHER,GAS,2,10
2026-09-14T06:00:00Z,OTHER,GAS COGEN,39.420762599309285,58
2026-09-14T06:00:00Z,OTHER,OIL/GAS,44.627143707275394,53
2026-09-14T06:00:00Z,OTHER,WOOD/REFUSE,77.04618488788604,149
2026-09-14T06:00:00Z,SOLAR,SOLAR,0.10000000149011612,1892
2026-09-14T06:00:00Z,WIND,WIND,2207.6023650463753,5684
2026-09-14T07:00:00Z,ENERGY STORAGE,ENERGY STORAGE,-10.018388659573263,270
2026-09-14T07:00:00Z,GAS,COGENERATION,3579.1388550968964,6122
2026-09-14T07:00:00Z,GAS,COMBINED CYCLE,2832.105135272609,3974
2026-09-14T07:00:00Z,GAS,GAS FIRED STEAM,402.923214378357,3078
2026-09-14T07:00:00Z,GAS,SIMPLE CYCLE,45.59583276218838,1014
2026-09-14T07:00:00Z,HYDRO,HYDRO,110.65811867925856,896
2026-09-14T07:00:00Z,OTHER,BIOMASS,59.700721387333346,195
2026-09-14T07:00:00Z,OTHER,COMPOSITE,0,20
2026-09-14T07:00:00Z,OTHER,GAS,2,10
2026-09-14T07:00:00Z,OTHER,GAS COGEN,39.639385701815286,58
2026-09-14T07:00:00Z,OTHER,OIL/GAS,44.44161526997884,53
2026-09-14T07:00:00Z,OTHER,WOOD/REFUSE,78.57061846574148,149
2026-09-14T07:00:00Z,SOLAR,SOLAR,0.10000000149011612,1892
2026-09-14T07:00:00Z,WIND,WIND,1946.9790199569115,5684
2026-09-14T08:00:00Z,ENERGY STORAGE,ENERGY STORAGE,-3.521055457000103,270
2026-09-14T08:00:00Z,GAS,COGENERATION,3573.6536494059033,6122
2026-09-14T08:00:00Z,GAS,COMBINED CYCLE,2705.5153320121767,3974
2026-09-14T08:00:00Z,GAS,GAS FIRED STEAM,384.2655484686958,3078
2026-09-14T08:00:00Z,GAS,SIMPLE CYCLE,45.53849955558777,1014
2026-09-14T08:00:00Z,HYDRO,HYDRO,95.90357879264486,896
2026-09-14T08:00:00Z,OTHER,BIOMASS,60.20233210457695,195
2026-09-14T08:00:00Z,OTHER,COMPOSITE,0,20
2026-09-14T08:00:00Z,OTHER,GAS,2,10
2026-09-14T08:00:00Z,OTHER,GAS COGEN,39.71117658933004,58
2026-09-14T08:00:00Z,OTHER,OIL/GAS,44.8752543173896,53
2026-09-14T08:00:00Z,OTHER,WOOD/REFUSE,78.53823209232753,149
2026-09-14T08:00:00Z,SOLAR,SOLAR,0.10000000149011612,1892
2026-09-14T08:00:00Z,WIND,WIND,2094.094139074489,5684
2026-09-14T09:00:00Z,ENERGY STORAGE,ENERGY STORAGE,0,270
2026-09-14T09:00:00Z,GAS,COGENERATION,3570.9160371707544,6122
2026-09-14T09:00:00Z,GAS,COMBINED CYCLE,2522.3980906399092,3974
2026-09-14T09:00:00Z,GAS,GAS FIRED STEAM,342.35465997483993,3078
2026-09-14T09:00:00Z,GAS,SIMPLE CYCLE,45.63816599739923,1014
2026-09-14T09:00:00Z,HYDRO,HYDRO,97.11528610871898,896
2026-09-14T09:00:00Z,OTHER,BIOMASS,61.56344324032465,195
2026-09-14T09:00:00Z,OTHER,COMPOSITE,0,20
2026-09-14T09:00:00Z,OTHER,GAS,2,10
2026-09-14T09:00:00Z,OTHER,GAS COGEN,39.68211956342061,58
2026-09-14T09:00:00Z,OTHER,OIL/GAS,44.38149354086982,53
2026-09-14T09:00:00Z,OTHER,WOOD/REFUSE,77.98098117854859,149
2026-09-14T09:00:00Z,SOLAR,SOLAR,0.10000000149011612,1892
2026-09-14T09:00:00Z,WIND,WIND,2398.4343486555913,5684
2026-09-14T10:00:00Z,ENERGY STORAGE,ENERGY STORAGE,0,270
2026-09-14T10:00:00Z,GAS,COGENERATION,3579.3510933898556,6122
2026-09-14T10:00:00Z,GAS,COMBINED CYCLE,2613.10985543357,3974
2026-09-14T10:00:00Z,GAS,GAS FIRED STEAM,344.833494413164,3078
2026-09-14T10:00:00Z,GAS,SIMPLE CYCLE,45.41216628763411,1014
2026-09-14T10:00:00Z,HYDRO,HYDRO,119.56850101788838,896
2026-09-14T10:00:00Z,OTHER,BIOMASS,59.56394351906247,195
2026-09-14T10:00:00Z,OTHER,COMPOSITE,0,20
2026-09-14T10:00:00Z,OTHER,GAS,2,10
2026-09-14T10:00:00Z,OTHER,GAS COGEN,39.69088525984022,58
2026-09-14T10:00:00Z,OTHER,OIL/GAS,44.55613772710164,53
2026-09-14T10:00:00Z,OTHER,WOOD/REFUSE,78.50079373810027,149
2026-09-14T10:00:00Z,SOLAR,SOLAR,0.10000000149011612,1892
2026-09-14T10:00:00Z,WIND,WIND,2252.6752577389448,5684
2026-09-14T11:00:00Z,ENERGY STORAGE,ENERGY STORAGE,0,270
2026-09-14T11:00:00Z,GAS,COGENERATION,3595.940670599143,6122
2026-09-14T11:00:00Z,GAS,COMBINED CYCLE,2722.981916957431,3974
2026-09-14T11:00:00Z,GAS,GAS FIRED STEAM,348.3790493159824,3078
2026-09-14T11:00:00Z,GAS,SIMPLE CYCLE,45.68499921162923,1014
2026-09-14T11:00:00Z,HYDRO,HYDRO,117.44450096613832,896
2026-09-14T11:00:00Z,OTHER,BIOMASS,59.716443468464746,195
2026-09-14T11:00:00Z,OTHER,COMPOSITE,0,20
2026-09-14T11:00:00Z,OTHER,GAS,2,10
2026-09-14T11:00:00Z,OTHER,GAS COGEN,39.8643691195382,58
2026-09-14T11:00:00Z,OTHER,OIL/GAS,44.33480979283651,53
2026-09-14T11:00:00Z,OTHER,WOOD/REFUSE,78.49596517801284,149
2026-09-14T11:00:00Z,SOLAR,SOLAR,0.10000000149011612,1892
2026-09-14T11:00:00Z,WIND,WIND,2253.307889475272,5684
2026-09-14T12:00:00Z,ENERGY STORAGE,ENERGY STORAGE,0,270
2026-09-14T12:00:00Z,GAS,COGENERATION,3607.3244078421594,6122
2026-09-14T12:00:00Z,GAS,COMBINED CYCLE,2831.292604678737,3974
2026-09-14T12:00:00Z,GAS,GAS FIRED STEAM,451.3569354142083,3078
2026-09-14T12:00:00Z,GAS,SIMPLE CYCLE,45.73816574308607,1014
2026-09-14T12:00:00Z,HYDRO,HYDRO,128.01397346307834,896
2026-09-14T12:00:00Z,OTHER,BIOMASS,59.844221089680985,195
2026-09-14T12:00:00Z,OTHER,COMPOSITE,0,20
2026-09-14T12:00:00Z,OTHER,GAS,2,10
2026-09-14T12:00:00Z,OTHER,GAS COGEN,40.00021035194397,58
2026-09-14T12:00:00Z,OTHER,OIL/GAS,44.011994126637774,53
2026-09-14T12:00:00Z,OTHER,WOOD/REFUSE,78.67810574478573,149
2026-09-14T12:00:00Z,SOLAR,SOLAR,0.10000000149011612,1892
2026-09-14T12:00:00Z,WIND,WIND,2448.906742568364,5684
2026-09-14T13:00:00Z,ENERGY STORAGE,ENERGY STORAGE,0,270
2026-09-14T13:00:00Z,GAS,COGENERATION,3610.8114030509523,6122
2026-09-14T13:00:00Z,GAS,COMBINED CYCLE,2813.8245418084994,3974
2026-09-14T13:00:00Z,GAS,GAS FIRED STEAM,446.5628247642517,3078
2026-09-14T13:00:00Z,GAS,SIMPLE CYCLE,45.7809989118576,1014
2026-09-14T13:00:00Z,HYDRO,HYDRO,102.36077448308467,896
2026-09-14T13:00:00Z,OTHER,BIOMASS,60.13255466381709,195
2026-09-14T13:00:00Z,OTHER,COMPOSITE,0,20
2026-09-14T13:00:00Z,OTHER,GAS,2,10
2026-09-14T13:00:00Z,OTHER,GAS COGEN,41.57432645373875,58
2026-09-14T13:00:00Z,OTHER,OIL/GAS,44.17543291727702,53
2026-09-14T13:00:00Z,OTHER,WOOD/REFUSE,78.8564336485333,149
2026-09-14T13:00:00Z,SOLAR,SOLAR,17.258587868743472,1892
2026-09-14T13:00:00Z,WIND,WIND,2706.860711846091,5684
2026-09-14T14:00:00Z,ENERGY STORAGE,ENERGY STORAGE,0,270
2026-09-14T14:00:00Z,GAS,COGENERATION,3576.7838931253223,6122
2026-09-14T14:00:00Z,GAS,COMBINED CYCLE,2706.348425269127,3974
2026-09-14T14:00:00Z,GAS,GAS FIRED STEAM,368.56532940122815,3078
2026-09-14T14:00:00Z,GAS,SIMPLE CYCLE,45.311499836709764,1014
2026-09-14T14:00:00Z,HYDRO,HYDRO,126.13688502826625,896
2026-09-14T14:00:00Z,OTHER,BIOMASS,59.110498943328864,195
2026-09-14T14:00:00Z,OTHER,COMPOSITE,0,20
2026-09-14T14:00:00Z,OTHER,GAS,2,10
2026-09-14T14:00:00Z,OTHER,GAS COGEN,41.95486567603217,58
2026-09-14T14:00:00Z,OTHER,OIL/GAS,44.06518785264757,53
2026-09-14T14:00:00Z,OTHER,WOOD/REFUSE,78.59494120041529,149
2026-09-14T14:00:00Z,SOLAR,SOLAR,273.85201918641724,1892
2026-09-14T14:00:00Z,WIND,WIND,2827.802528950431,5684
2026-09-14T15:00:00Z,ENERGY STORAGE,ENERGY STORAGE,0,270
2026-09-14T15:00:00Z,GAS,COGENERATION,3597.2113276413415,6122
2026-09-14T15:00:00Z,GAS,COMBINED CYCLE,2760.4257944448786,3974
2026-09-14T15:00:00Z,GAS,GAS FIRED STEAM,387.38321578131786,3078
2026-09-14T15:00:00Z,GAS,SIMPLE CYCLE,45.39133299827576,1014
2026-09-14T15:00:00Z,HYDRO,HYDRO,193.15407997066777,896
2026-09-14T15:00:00Z,OTHER,BIOMASS,57.84310985512204,195
2026-09-14T15:00:00Z,OTHER,COMPOSITE,0,20
2026-09-14T15:00:00Z,OTHER,GAS,2,10
2026-09-14T15:00:00Z,OTHER,GAS COGEN,41.812713674969146,58
2026-09-14T15:00:00Z,OTHER,OIL/GAS,44.39681547376845,53
2026-09-14T15:00:00Z,OTHER,WOOD/REFUSE,78.94075771040386,149
2026-09-14T15:00:00Z,SOLAR,SOLAR,365.73265043730123,1892
2026-09-14T15:00:00Z,WIND,WIND,2795.63639476736,5684
2026-09-14T16:00:00Z,ENERGY STORAGE,ENERGY STORAGE,0,270
2026-09-14T16:00:00Z,GAS,COGENERATION,3596.87357512633,6122
2026-09-14T16:00:00Z,GAS,COMBINED CYCLE,2812.5542854237556,3974
2026-09-14T16:00:00Z,GAS,GAS FIRED STEAM,434.7252150448163,3078
2026-09-14T16:00:00Z,GAS,SIMPLE CYCLE,46.89649943667981,1014
2026-09-14T16:00:00Z,HYDRO,HYDRO,131.19062031216092,896
2026-09-14T16:00:00Z,OTHER,BIOMASS,57.16133197519514,195
2026-09-14T16:00:00Z,OTHER,COMPOSITE,0,20
2026-09-14T16:00:00Z,OTHER,GAS,2,10
2026-09-14T16:00:00Z,OTHER,GAS COGEN,41.39384738657209,58
2026-09-14T16:00:00Z,OTHER,OIL/GAS,44.40808210372925,53
2026-09-14T16:00:00Z,OTHER,WOOD/REFUSE,78.93761099868351,149
2026-09-14T16:00:00Z,SOLAR,SOLAR,360.69595149488913,1892
2026-09-14T16:00:00Z,WIND,WIND,2868.117201890068,5684
2026-09-14T17:00:00Z,ENERGY STORAGE,ENERGY STORAGE,0,270
2026-09-14T17:00:00Z,GAS,COGENERATION,3561.148294129769,6122
2026-09-14T17:00:00Z,GAS,COMBINED CYCLE,2575.3937929990557,3974
2026-09-14T17:00:00Z,GAS,GAS FIRED STEAM,333.8314391475254,3078
2026-09-14T17:00:00Z,GAS,SIMPLE CYCLE,47.77266647444831,1014
2026-09-14T17:00:00Z,HYDRO,HYDRO,119.93748595370187,896
2026-09-14T17:00:00Z,OTHER,BIOMASS,57.09199877738953,195
2026-09-14T17:00:00Z,OTHER,COMPOSITE,0,20
2026-09-14T17:00:00Z,OTHER,GAS,2,10
2026-09-14T17:00:00Z,OTHER,GAS COGEN,41.38335058636136,58
2026-09-14T17:00:00Z,OTHER,OIL/GAS,44.29771643320719,53
2026-09-14T17:00:00Z,OTHER,WOOD/REFUSE,78.41114687601726,149
2026-09-14T17:00:00Z,SOLAR,SOLAR,457.12765285951394,1892
2026-09-14T17:00:00Z,WIND,WIND,3170.269120342955,5684
2026-09-14T18:00:00Z,ENERGY STORAGE,ENERGY STORAGE,0,270
2026-09-14T18:00:00Z,GAS,COGENERATION,3529.9681500837537,6122
2026-09-14T18:00:00Z,GAS,COMBINED CYCLE,2214.723650592433,3974
2026-09-14T18:00:00Z,GAS,GAS FIRED STEAM,331.16232667499116,3078
2026-09-14T18:00:00Z,GAS,SIMPLE CYCLE,47.9426659350925,1014
2026-09-14T18:00:00Z,HYDRO,HYDRO,126.9620877973073,896
2026-09-14T18:00:00Z,OTHER,BIOMASS,45.74183222505781,195
2026-09-14T18:00:00Z,OTHER,COMPOSITE,0,20
2026-09-14T18:00:00Z,OTHER,GAS,2,10
2026-09-14T18:00:00Z,OTHER,GAS COGEN,41.7725518544515,58
2026-09-14T18:00:00Z,OTHER,OIL/GAS,44.3205482673645,53
2026-09-14T18:00:00Z,OTHER,WOOD/REFUSE,78.38276894225015,149
2026-09-14T18:00:00Z,SOLAR,SOLAR,662.5693463978172,1892
2026-09-14T18:00:00Z,WIND,WIND,3413.956656822587,5684
2026-09-14T19:00:00Z,ENERGY STORAGE,ENERGY STORAGE,0,270
2026-09-14T19:00:00Z,GAS,COGENERATION,3549.294942706691,6122
2026-09-14T19:00:00Z,GAS,COMBINED CYCLE,2221.9088666025796,3974
2026-09-14T19:00:00Z,GAS,GAS FIRED STEAM,331.4767154227363,3078
2026-09-14T19:00:00Z,GAS,SIMPLE CYCLE,47.88833290206061,1014
2026-09-14T19:00:00Z,HYDRO,HYDRO,149.88464684241347,896
2026-09-14T19:00:00Z,OTHER,BIOMASS,34.00422159102228,195
2026-09-14T19:00:00Z,OTHER,COMPOSITE,0,20
2026-09-14T19:00:00Z,OTHER,GAS,2,10
2026-09-14T19:00:00Z,OTHER,GAS COGEN,42.06311843342251,58
2026-09-14T19:00:00Z,OTHER,OIL/GAS,44.280999437967935,53
2026-09-14T19:00:00Z,OTHER,WOOD/REFUSE,74.02493840032155,149
2026-09-14T19:00:00Z,SOLAR,SOLAR,667.6932449477083,1892
2026-09-14T19:00:00Z,WIND,WIND,3518.3522708348682,5684
2026-09-14T20:00:00Z,ENERGY STORAGE,ENERGY STORAGE,0,270
2026-09-14T20:00:00Z,GAS,COGENERATION,3544.371794761552,6122
2026-09-14T20:00:00Z,GAS,COMBINED CYCLE,2204.0150551459524,3974
2026-09-14T20:00:00Z,GAS,GAS FIRED STEAM,331.4247165340847,3078
2026-09-14T20:00:00Z,GAS,SIMPLE CYCLE,47.8943328666687,1014
2026-09-14T20:00:00Z,HYDRO,HYDRO,176.70779751347172,896
2026-09-14T20:00:00Z,OTHER,BIOMASS,34.43577716430028,195
2026-09-14T20:00:00Z,OTHER,COMPOSITE,0,20
2026-09-14T20:00:00Z,OTHER,GAS,2,10
2026-09-14T20:00:00Z,OTHER,GAS COGEN,40.71547873179118,58
2026-09-14T20:00:00Z,OTHER,OIL/GAS,43.27623801549276,53
2026-09-14T20:00:00Z,OTHER,WOOD/REFUSE,71.20798970924484,149
2026-09-14T20:00:00Z,SOLAR,SOLAR,664.6945509484079,1892
2026-09-14T20:00:00Z,WIND,WIND,3413.7768814829697,5684
2026-09-14T21:00:00Z,ENERGY STORAGE,ENERGY STORAGE,0,270
2026-09-14T21:00:00Z,GAS,COGENERATION,3552.062511064079,6122
2026-09-14T21:00:00Z,GAS,COMBINED CYCLE,2205.3713054437108,3974
2026-09-14T21:00:00Z,GAS,GAS FIRED STEAM,331.29560527801516,3078
2026-09-14T21:00:00Z,GAS,SIMPLE CYCLE,48.05199915250142,1014
2026-09-14T21:00:00Z,HYDRO,HYDRO,179.94766941063935,896
2026-09-14T21:00:00Z,OTHER,BIOMASS,32.90005480302705,195
2026-09-14T21:00:00Z,OTHER,COMPOSITE,0,20
2026-09-14T21:00:00Z,OTHER,GAS,2,10
2026-09-14T21:00:00Z,OTHER,GAS COGEN,39.10669282277425,58
2026-09-14T21:00:00Z,OTHER,OIL/GAS,41.62899864408705,53
2026-09-14T21:00:00Z,OTHER,WOOD/REFUSE,74.10829403744803,149
2026-09-14T21:00:00Z,SOLAR,SOLAR,768.2044508875409,1892
2026-09-14T21:00:00Z,WIND,WIND,3397.9558051650597,5684
2026-09-14T22:00:00Z,ENERGY STORAGE,ENERGY STORAGE,0,270
2026-09-14T22:00:00Z,GAS,COGENERATION,3534.672117122809,6122
2026-09-14T22:00:00Z,GAS,COMBINED CYCLE,2209.7934788653583,3974
2026-09-14T22:00:00Z,GAS,GAS FIRED STEAM,331.2406057463752,3078
2026-09-14T22:00:00Z,GAS,SIMPLE CYCLE,47.3971655642324,1014
2026-09-14T22:00:00Z,HYDRO,HYDRO,186.1014249630769,896
2026-09-14T22:00:00Z,OTHER,BIOMASS,33.27316580580341,195
2026-09-14T22:00:00Z,OTHER,COMPOSITE,0,20
2026-09-14T22:00:00Z,OTHER,GAS,2,10
2026-09-14T22:00:00Z,OTHER,GAS COGEN,39.2658690823449,58
2026-09-14T22:00:00Z,OTHER,OIL/GAS,39.61059888839722,53
2026-09-14T22:00:00Z,OTHER,WOOD/REFUSE,74.71793562730153,149
2026-09-14T22:00:00Z,SOLAR,SOLAR,814.8979893419975,1892
2026-09-14T22:00:00Z,WIND,WIND,3493.2786177901135,5684
2026-09-14T23:00:00Z,ENERGY STORAGE,ENERGY STORAGE,0,270
2026-09-14T23:00:00Z,GAS,COGENERATION,3537.3973259512586,6122
2026-09-14T23:00:00Z,GAS,COMBINED CYCLE,2241.983926390012,3974
2026-09-14T23:00:00Z,GAS,GAS FIRED STEAM,335.2578274432818,3078
2026-09-14T23:00:00Z,GAS,SIMPLE CYCLE,46.859888364672656,1014
2026-09-14T23:00:00Z,HYDRO,HYDRO,214.68922345869242,896
2026-09-14T23:00:00Z,OTHER,BIOMASS,35.88749915745523,195
2026-09-14T23:00:00Z,OTHER,COMPOSITE,0,20
2026-09-14T23:00:00Z,OTHER,GAS,2,10
2026-09-14T23:00:00Z,OTHER,GAS COGEN,39.39841382980347,58
2026-09-14T23:00:00Z,OTHER,OIL/GAS,40.04396635055542,53
2026-09-14T23:00:00Z,OTHER,WOOD/REFUSE,75.23522059308158,149
2026-09-14T23:00:00Z,SOLAR,SOLAR,876.2260631006625,1892
2026-09-14T23:00:00Z,WIND,WIND,3384.0268905262233,5684
2026-09-15T00:00:00Z,ENERGY STORAGE,ENERGY STORAGE,0,270
2026-09-15T00:00:00Z,GAS,COGENERATION,3592.2732718364396,6122
2026-09-15T00:00:00Z,GAS,COMBINED CYCLE,2638.852743516233,3974
2026-09-15T00:00:00Z,GAS,GAS FIRED STEAM,357.74993806322414,3078
2026-09-15T00:00:00Z,GAS,SIMPLE CYCLE,46.09188751412763,1014
2026-09-15T00:00:00Z,HYDRO,HYDRO,265.81756229743365,896
2026-09-15T00:00:00Z,OTHER,BIOMASS,38.49866600063112,195
2026-09-15T00:00:00Z,OTHER,COMPOSITE,0,20
2026-09-15T00:00:00Z,OTHER,GAS,2,10
2026-09-15T00:00:00Z,OTHER,GAS COGEN,39.04249876234266,58
2026-09-15T00:00:00Z,OTHER,OIL/GAS,39.39966572443644,53
2026-09-15T00:00:00Z,OTHER,WOOD/REFUSE,76.78298457913928,149
2026-09-15T00:00:00Z,SOLAR,SOLAR,495.1404465297858,1892
2026-09-15T00:00:00Z,WIND,WIND,3044.5253100390814,5684
2026-09-15T01:00:00Z,ENERGY STORAGE,ENERGY STORAGE,0,270
2026-09-15T01:00:00Z,GAS,COGENERATION,3691.231979182561,6122
2026-09-15T01:00:00Z,GAS,COMBINED CYCLE,3214.5951939752367,3974
2026-09-15T01:00:00Z,GAS,GAS FIRED STEAM,512.5918227942785,3078
2026-09-15T01:00:00Z,GAS,SIMPLE CYCLE,45.93166513529089,1014
2026-09-15T01:00:00Z,HYDRO,HYDRO,221.25260637303194,896
2026-09-15T01:00:00Z,OTHER,BIOMASS,37.97366570631663,195
2026-09-15T01:00:00Z,OTHER,COMPOSITE,0,20
2026-09-15T01:00:00Z,OTHER,GAS,2,10
2026-09-15T01:00:00Z,OTHER,GAS COGEN,40.82161521699693,58
2026-09-15T01:00:00Z,OTHER,OIL/GAS,39.84029950459798,53
2026-09-15T01:00:00Z,OTHER,WOOD/REFUSE,75.38119595421685,149
2026-09-15T01:00:00Z,SOLAR,SOLAR,37.2254879536935,1892
2026-09-15T01:00:00Z,WIND,WIND,2551.7651273134516,5684
2026-09-15T02:00:00Z,ENERGY STORAGE,ENERGY STORAGE,0,270
2026-09-15T02:00:00Z,GAS,COGENERATION,3705.4588488674167,6122
2026-09-15T02:00:00Z,GAS,COMBINED CYCLE,3308.4112515860133,3974
2026-09-15T02:00:00Z,GAS,GAS FIRED STEAM,927.2825394678116,3078
2026-09-15T02:00:00Z,GAS,SIMPLE CYCLE,141.02527566684617,1014
2026-09-15T02:00:00Z,HYDRO,HYDRO,201.06526964141264,896
2026-09-15T02:00:00Z,OTHER,BIOMASS,37.41927706877391,195
2026-09-15T02:00:00Z,OTHER,COMPOSITE,0,20
2026-09-15T02:00:00Z,OTHER,GAS,2,10
2026-09-15T02:00:00Z,OTHER,GAS COGEN,41.21165082454681,58
2026-09-15T02:00:00Z,OTHER,OIL/GAS,40.15943232218424,53
2026-09-15T02:00:00Z,OTHER,WOOD/REFUSE,75.22799450000127,149
2026-09-15T02:00:00Z,SOLAR,SOLAR,0.10000000149011612,1892
2026-09-15T02:00:00Z,WIND,WIND,1912.7464850890885,5684
2026-09-15T03:00:00Z,ENERGY STORAGE,ENERGY STORAGE,0,270
2026-09-15T03:00:00Z,GAS,COGENERATION,3710.4038101352585,6122
2026-09-15T03:00:00Z,GAS,COMBINED CYCLE,3299.3017106580733,3974
2026-09-15T03:00:00Z,GAS,GAS FIRED STEAM,1008.7802080387539,3078
2026-09-15T03:00:00Z,GAS,SIMPLE CYCLE,145.40155283060338,1014
2026-09-15T03:00:00Z,HYDRO,HYDRO,132.28494610071184,896
2026-09-15T03:00:00Z,OTHER,BIOMASS,37.47055502308739,195
2026-09-15T03:00:00Z,OTHER,COMPOSITE,0,20
2026-09-15T03:00:00Z,OTHER,GAS,2,10
2026-09-15T03:00:00Z,OTHER,GAS COGEN,41.7635518307156,58
2026-09-15T03:00:00Z,OTHER,OIL/GAS,39.74254872004191,53
2026-09-15T03:00:00Z,OTHER,WOOD/REFUSE,75.26686876985761,149
2026-09-15T03:00:00Z,SOLAR,SOLAR,0.10000000149011612,1892
2026-09-15T03:00:00Z,WIND,WIND,1683.9841646380764,5684
2026-09-15T04:00:00Z,ENERGY STORAGE,ENERGY STORAGE,0,270
2026-09-15T04:00:00Z,GAS,COGENERATION,3718.4120394301417,6122
2026-09-15T04:00:00Z,GAS,COMBINED CYCLE,3184.53573488209,3974
2026-09-15T04:00:00Z,GAS,GAS FIRED STEAM,978.5590396742026,3078
2026-09-15T04:00:00Z,GAS,SIMPLE CYCLE,145.20605255424977,1014
2026-09-15T04:00:00Z,HYDRO,HYDRO,187.3687557873461,896
2026-09-15T04:00:00Z,OTHER,BIOMASS,37.23894388622708,195
2026-09-15T04:00:00Z,OTHER,COMPOSITE,0,20
2026-09-15T04:00:00Z,OTHER,GAS,2,10
2026-09-15T04:00:00Z,OTHER,GAS COGEN,42.123725749121775,58
2026-09-15T04:00:00Z,OTHER,OIL/GAS,40.449921432071264,53
2026-09-15T04:00:00Z,OTHER,WOOD/REFUSE,74.87625609556834,149
2026-09-15T04:00:00Z,SOLAR,SOLAR,0.10000000149011612,1892
2026-09-15T04:00:00Z,WIND,WIND,1425.6900934198086,5684
2026-09-15T05:00:00Z,ENERGY STORAGE,ENERGY STORAGE,0,270
2026-09-15T05:00:00Z,GAS,COGENERATION,3703.1810154602263,6122
2026-09-15T05:00:00Z,GAS,COMBINED CYCLE,3170.0068697019833,3974
2026-09-15T05:00:00Z,GAS,GAS FIRED STEAM,1103.6062038503753,3078
2026-09-15T05:00:00Z,GAS,SIMPLE CYCLE,170.25263016397753,1014
2026-09-15T05:00:00Z,HYDRO,HYDRO,226.09022152187094,896
2026-09-15T05:00:00Z,OTHER,BIOMASS,42.661387806998356,195
2026-09-15T05:00:00Z,OTHER,COMPOSITE,0.9005555238657528,20
2026-09-15T05:00:00Z,OTHER,GAS,2,10
2026-09-15T05:00:00Z,OTHER,GAS COGEN,42.345403646892976,58
2026-09-15T05:00:00Z,OTHER,OIL/GAS,40.215749730004205,53
2026-09-15T05:00:00Z,OTHER,WOOD/REFUSE,88.14432454744976,149
2026-09-15T05:00:00Z,SOLAR,SOLAR,0.10000000149011612,1892
2026-09-15T05:00:00Z,WIND,WIND,948.4978265809144,5684
2026-09-15T06:00:00Z,ENERGY STORAGE,ENERGY STORAGE,-0.4959999864300092,270
2026-09-15T06:00:00Z,GAS,COGENERATION,3733.057679883374,6122
2026-09-15T06:00:00Z,GAS,COMBINED CYCLE,3313.792904519505,3974
2026-09-15T06:00:00Z,GAS,GAS FIRED STEAM,1202.24236887402,3078
2026-09-15T06:00:00Z,GAS,SIMPLE CYCLE,179.58414966916044,1014
2026-09-15T06:00:00Z,HYDRO,HYDRO,134.13355144760675,896
2026-09-15T06:00:00Z,OTHER,BIOMASS,43.12027669522497,195
2026-09-15T06:00:00Z,OTHER,COMPOSITE,9.900332952075534,20
2026-09-15T06:00:00Z,OTHER,GAS,2,10
2026-09-15T06:00:00Z,OTHER,GAS COGEN,42.76434060732524,58
2026-09-15T06:00:00Z,OTHER,OIL/GAS,40.30354876624213,53
2026-09-15T06:00:00Z,OTHER,WOOD/REFUSE,93.08357332759434,149
2026-09-15T06:00:00Z,SOLAR,SOLAR,0.10000000149011612,1892
2026-09-15T06:00:00Z,WIND,WIND,571.9634757517609,5684
2026-09-15T07:00:00Z,ENERGY STORAGE,ENERGY STORAGE,-12.144721913304593,270
2026-09-15T07:00:00Z,GAS,COGENERATION,3744.097516415914,6122
2026-09-15T07:00:00Z,GAS,COMBINED CYCLE,3310.525258634885,3974
2026-09-15T07:00:00Z,GAS,GAS FIRED STEAM,1205.4428736490675,3078
2026-09-15T07:00:00Z,GAS,SIMPLE CYCLE,172.9964321548078,1014
2026-09-15T07:00:00Z,HYDRO,HYDRO,92.96770001881653,896
2026-09-15T07:00:00Z,OTHER,BIOMASS,43.144721100860174,195
2026-09-15T07:00:00Z,OTHER,COMPOSITE,9.899999618530272,20
2026-09-15T07:00:00Z,OTHER,GAS,2,10
2026-09-15T07:00:00Z,OTHER,GAS COGEN,42.845361055798,58
2026-09-15T07:00:00Z,OTHER,OIL/GAS,39.70959976196289,53
2026-09-15T07:00:00Z,OTHER,WOOD/REFUSE,89.0067131280899,149
2026-09-15T07:00:00Z,SOLAR,SOLAR,0.10000000149011612,1892
2026-09-15T07:00:00Z,WIND,WIND,472.38999661193543,5684
2026-09-15T08:00:00Z,ENERGY STORAGE,ENERGY STORAGE,-9.306555308720304,270
2026-09-15T08:00:00Z,GAS,COGENERATION,3778.533489018281,6122
2026-09-15T08:00:00Z,GAS,COMBINED CYCLE,3274.455564745797,3974
2026-09-15T08:00:00Z,GAS,GAS FIRED STEAM,1210.6407059669496,3078
2026-09-15T08:00:00Z,GAS,SIMPLE CYCLE,126.43067830555968,1014
2026-09-15T08:00:00Z,HYDRO,HYDRO,140.5257683025466,896
2026-09-15T08:00:00Z,OTHER,BIOMASS,43.26944344335133,195
2026-09-15T08:00:00Z,OTHER,COMPOSITE,9.899999618530272,20
2026-09-15T08:00:00Z,OTHER,GAS,2,10
2026-09-15T08:00:00Z,OTHER,GAS COGEN,42.86128819465637,58
2026-09-15T08:00:00Z,OTHER,OIL/GAS,40.36606555938721,53
2026-09-15T08:00:00Z,OTHER,WOOD/REFUSE,86.95675617165035,149
2026-09-15T08:00:00Z,SOLAR,SOLAR,0.10000000149011612,1892
2026-09-15T08:00:00Z,WIND,WIND,395.54311430329665,5684
2026-09-15T09:00:00Z,ENERGY STORAGE,ENERGY STORAGE,-4.410277661283811,270
2026-09-15T09:00:00Z,GAS,COGENERATION,3823.8723469144106,6122
2026-09-15T09:00:00Z,GAS,COMBINED CYCLE,3254.3424134917723,3974
2026-09-15T09:00:00Z,GAS,GAS FIRED STEAM,1189.5136959033543,3078
2026-09-15T09:00:00Z,GAS,SIMPLE CYCLE,121.36015487511952,1014
2026-09-15T09:00:00Z,HYDRO,HYDRO,154.8636041617228,896
2026-09-15T09:00:00Z,OTHER,BIOMASS,42.484887566301566,195
2026-09-15T09:00:00Z,OTHER,COMPOSITE,9.899999618530272,20
2026-09-15T09:00:00Z,OTHER,GAS,2,10
2026-09-15T09:00:00Z,OTHER,GAS COGEN,43.10027505397797,58
2026-09-15T09:00:00Z,OTHER,OIL/GAS,40.18773319244385,53
2026-09-15T09:00:00Z,OTHER,WOOD/REFUSE,87.52629943741692,149
2026-09-15T09:00:00Z,SOLAR,SOLAR,0.10000000149011612,1892
2026-09-15T09:00:00Z,WIND,WIND,322.11761461533195,5684
2026-09-15T10:00:00Z,ENERGY STORAGE,ENERGY STORAGE,0,270
2026-09-15T10:00:00Z,GAS,COGENERATION,3953.4159002419315,6122
2026-09-15T10:00:00Z,GAS,COMBINED CYCLE,3242.4008789518143,3974
2026-09-15T10:00:00Z,GAS,GAS FIRED STEAM,1162.6048679055107,3078
2026-09-15T10:00:00Z,GAS,SIMPLE CYCLE,121.3638215051757,1014
2026-09-15T10:00:00Z,HYDRO,HYDRO,124.15105529249541,896
2026-09-15T10:00:00Z,OTHER,BIOMASS,44.20599844051732,195
2026-09-15T10:00:00Z,OTHER,COMPOSITE,9.899999618530272,20
2026-09-15T10:00:00Z,OTHER,GAS,2,10
2026-09-15T10:00:00Z,OTHER,GAS COGEN,43.132716128031404,58
2026-09-15T10:00:00Z,OTHER,OIL/GAS,40.092466773986814,53
2026-09-15T10:00:00Z,OTHER,WOOD/REFUSE,89.76964376237657,149
2026-09-15T10:00:00Z,SOLAR,SOLAR,0.10000000149011612,1892
2026-09-15T10:00:00Z,WIND,WIND,314.360392225513,5684
2026-09-15T11:00:00Z,ENERGY STORAGE,ENERGY STORAGE,-0.09799999740388658,270
2026-09-15T11:00:00Z,GAS,COGENERATION,3998.2567821214266,6122
2026-09-15T11:00:00Z,GAS,COMBINED CYCLE,3264.421807487806,3974
2026-09-15T11:00:00Z,GAS,GAS FIRED STEAM,1065.9568160446486,3078
2026-09-15T11:00:00Z,GAS,SIMPLE CYCLE,112.93460036724807,1014
2026-09-15T11:00:00Z,HYDRO,HYDRO,144.12131034048068,896
2026-09-15T11:00:00Z,OTHER,BIOMASS,45.33160970416334,195
2026-09-15T11:00:00Z,OTHER,COMPOSITE,9.899999618530272,20
2026-09-15T11:00:00Z,OTHER,GAS,2,10
2026-09-15T11:00:00Z,OTHER,GAS COGEN,43.14875542216831,58
2026-09-15T11:00:00Z,OTHER,OIL/GAS,40.68846063825819,53
2026-09-15T11:00:00Z,OTHER,WOOD/REFUSE,91.75867621421814,149
2026-09-15T11:00:00Z,SOLAR,SOLAR,0.10000000149011612,1892
2026-09-15T11:00:00Z,WIND,WIND,392.265000558065,5684
2026-09-15T12:00:00Z,ENERGY STORAGE,ENERGY STORAGE,-1.43277775393592,270
2026-09-15T12:00:00Z,GAS,COGENERATION,3980.121515733401,6122
2026-09-15T12:00:00Z,GAS,COMBINED CYCLE,3320.079502014584,3974
2026-09-15T12:00:00Z,GAS,GAS FIRED STEAM,1191.8165930861896,3078
2026-09-15T12:00:00Z,GAS,SIMPLE CYCLE,200.52084745218357,1014
2026-09-15T12:00:00Z,HYDRO,HYDRO,281.32125310465693,896
2026-09-15T12:00:00Z,OTHER,BIOMASS,44.66677687005864,195
2026-09-15T12:00:00Z,OTHER,COMPOSITE,13.485666246944003,20
2026-09-15T12:00:00Z,OTHER,GAS,2,10
2026-09-15T12:00:00Z,OTHER,GAS COGEN,43.31730567773183,58
2026-09-15T12:00:00Z,OTHER,OIL/GAS,41.47437756008572,53
2026-09-15T12:00:00Z,OTHER,WOOD/REFUSE,95.48491192340852,149
2026-09-15T12:00:00Z,SOLAR,SOLAR,0.10000000149011612,1892
2026-09-15T12:00:00Z,WIND,WIND,343.8940967019647,5684
2026-09-15T13:00:00Z,ENERGY STORAGE,ENERGY STORAGE,-0.4654999876684613,270
2026-09-15T13:00:00Z,GAS,COGENERATION,3981.4211273905967,6122
2026-09-15T13:00:00Z,GAS,COMBINED CYCLE,3303.124795904689,3974
2026-09-15T13:00:00Z,GAS,GAS FIRED STEAM,1217.7187021573384,3078
2026-09-15T13:00:00Z,GAS,SIMPLE CYCLE,311.803064065112,1014
2026-09-15T13:00:00Z,HYDRO,HYDRO,215.1868595102926,896
2026-09-15T13:00:00Z,OTHER,BIOMASS,45.22988771329323,195
2026-09-15T13:00:00Z,OTHER,COMPOSITE,13.670166139072842,20
2026-09-15T13:00:00Z,OTHER,GAS,1.203333332935969,10
2026-09-15T13:00:00Z,OTHER,GAS COGEN,43.48971166504754,58
2026-09-15T13:00:00Z,OTHER,OIL/GAS,41.55050511466132,53
2026-09-15T13:00:00Z,OTHER,WOOD/REFUSE,93.29411545753479,149
2026-09-15T13:00:00Z,SOLAR,SOLAR,22.984444245563612,1892
2026-09-15T13:00:00Z,WIND,WIND,259.11466968430415,5684
2026-09-15T14:00:00Z,ENERGY STORAGE,ENERGY STORAGE,0,270
2026-09-15T14:00:00Z,GAS,COGENERATION,3969.1505687239437,6122
2026-09-15T14:00:00Z,GAS,COMBINED CYCLE,3325.2776206519866,3974
2026-09-15T14:00:00Z,GAS,GAS FIRED STEAM,1317.0955931568146,3078
2026-09-15T14:00:00Z,GAS,SIMPLE CYCLE,300.3386439216137,1014
2026-09-15T14:00:00Z,HYDRO,HYDRO,174.35525199782518,896
2026-09-15T14:00:00Z,OTHER,BIOMASS,44.81405439164904,195
2026-09-15T14:00:00Z,OTHER,COMPOSITE,13.59999942779541,20
2026-09-15T14:00:00Z,OTHER,GAS,0.6708333357175191,10
2026-09-15T14:00:00Z,OTHER,GAS COGEN,43.567557618882915,58
2026-09-15T14:00:00Z,OTHER,OIL/GAS,41.327282594045,53
2026-09-15T14:00:00Z,OTHER,WOOD/REFUSE,92.12169831964704,149
2026-09-15T14:00:00Z,SOLAR,SOLAR,91.56359762389627,1892
2026-09-15T14:00:00Z,WIND,WIND,139.15712907480284,5684
2026-09-15T15:00:00Z,ENERGY STORAGE,ENERGY STORAGE,0,270
2026-09-15T15:00:00Z,GAS,COGENERATION,3960.078366706371,6122
2026-09-15T15:00:00Z,GAS,COMBINED CYCLE,3301.250642694897,3974
2026-09-15T15:00:00Z,GAS,GAS FIRED STEAM,1314.6361464193133,3078
2026-09-15T15:00:00Z,GAS,SIMPLE CYCLE,311.7585018865764,1014
2026-09-15T15:00:00Z,HYDRO,HYDRO,116.55599107517136,896
2026-09-15T15:00:00Z,OTHER,BIOMASS,42.8297766286797,195
2026-09-15T15:00:00Z,OTHER,COMPOSITE,13.45516646279229,20
2026-09-15T15:00:00Z,OTHER,GAS,1.6206666594743728,10
2026-09-15T15:00:00Z,OTHER,GAS COGEN,43.23771572536892,58
2026-09-15T15:00:00Z,OTHER,OIL/GAS,41.14174898147583,53
2026-09-15T15:00:00Z,OTHER,WOOD/REFUSE,92.40314491642846,149
2026-09-15T15:00:00Z,SOLAR,SOLAR,157.44021002875434,1892
2026-09-15T15:00:00Z,WIND,WIND,81.74351104025212,5684
2026-09-15T16:00:00Z,ENERGY STORAGE,ENERGY STORAGE,0,270
2026-09-15T16:00:00Z,GAS,COGENERATION,3954.513622821437,6122
2026-09-15T16:00:00Z,GAS,COMBINED CYCLE,3311.432452196015,3974
2026-09-15T16:00:00Z,GAS,GAS FIRED STEAM,1339.4622041585712,3078
2026-09-15T16:00:00Z,GAS,SIMPLE CYCLE,324.923746557898,1014
2026-09-15T16:00:00Z,HYDRO,HYDRO,219.1951321950058,896
2026-09-15T16:00:00Z,OTHER,BIOMASS,43.16354381147358,195
2026-09-15T16:00:00Z,OTHER,COMPOSITE,13.300000190734863,20
2026-09-15T16:00:00Z,OTHER,GAS,1.899999976158142,10
2026-09-15T16:00:00Z,OTHER,GAS COGEN,42.916363693343264,58
2026-09-15T16:00:00Z,OTHER,OIL/GAS,40.896510399712454,53
2026-09-15T16:00:00Z,OTHER,WOOD/REFUSE,93.0156827990214,149
2026-09-15T16:00:00Z,SOLAR,SOLAR,252.6940977987316,1892
2026-09-15T16:00:00Z,WIND,WIND,55.26036538360847,5684
2026-09-15T17:00:00Z,ENERGY STORAGE,ENERGY STORAGE,0.3111110960443815,270
2026-09-15T17:00:00Z,GAS,COGENERATION,3926.8856427678797,6122
2026-09-15T17:00:00Z,GAS,COMBINED CYCLE,3273.793522529072,3974
2026-09-15T17:00:00Z,GAS,GAS FIRED STEAM,1305.3310333686404,3078
2026-09-15T17:00:00Z,GAS,SIMPLE CYCLE,316.3614795388778,1014
2026-09-15T17:00:00Z,HYDRO,HYDRO,122.99846888573633,896
2026-09-15T17:00:00Z,OTHER,BIOMASS,45.48133221364684,195
2026-09-15T17:00:00Z,OTHER,COMPOSITE,13.032833354208204,20
2026-09-15T17:00:00Z,OTHER,GAS,1.899999976158142,10
2026-09-15T17:00:00Z,OTHER,GAS COGEN,42.5461673869027,58
2026-09-15T17:00:00Z,OTHER,OIL/GAS,40.91943248112997,53
2026-09-15T17:00:00Z,OTHER,WOOD/REFUSE,93.38288890838622,149
2026-09-15T17:00:00Z,SOLAR,SOLAR,394.707177681509,1892
2026-09-15T17:00:00Z,WIND,WIND,103.79577975725134,5684
2026-09-15T18:00:00Z,ENERGY STORAGE,ENERGY STORAGE,12.96066622874803,270
2026-09-15T18:00:00Z,GAS,COGENERATION,3923.60984956993,6122
2026-09-15T18:00:00Z,GAS,COMBINED CYCLE,2947.1076148170896,3974
2026-09-15T18:00:00Z,GAS,GAS FIRED STEAM,1339.145755317476,3078
2026-09-15T18:00:00Z,GAS,SIMPLE CYCLE,362.9910360626214,1014
2026-09-15T18:00:00Z,HYDRO,HYDRO,344.7656449175709,896
2026-09-15T18:00:00Z,OTHER,BIOMASS,46.39999860233731,195
2026-09-15T18:00:00Z,OTHER,COMPOSITE,10.146943883895874,20
2026-09-15T18:00:00Z,OTHER,GAS,1.899999976158142,10
2026-09-15T18:00:00Z,OTHER,GAS COGEN,42.25743922233582,58
2026-09-15T18:00:00Z,OTHER,OIL/GAS,40.78238220850626,53
2026-09-15T18:00:00Z,OTHER,WOOD/REFUSE,99.87438727855682,149
2026-09-15T18:00:00Z,SOLAR,SOLAR,387.8687762230635,1892
2026-09-15T18:00:00Z,WIND,WIND,152.1477035338059,5684
2026-09-15T19:00:00Z,ENERGY STORAGE,ENERGY STORAGE,-8.2616109953324,270
2026-09-15T19:00:00Z,GAS,COGENERATION,3962.7425515451696,6122
2026-09-15T19:00:00Z,GAS,COMBINED CYCLE,2961.748041638268,3974
2026-09-15T19:00:00Z,GAS,GAS FIRED STEAM,1346.3857594596016,3078
2026-09-15T19:00:00Z,GAS,SIMPLE CYCLE,474.6824327092038,1014
2026-09-15T19:00:00Z,HYDRO,HYDRO,286.22610618386,896
2026-09-15T19:00:00Z,OTHER,BIOMASS,46.531832243204114,195
2026-09-15T19:00:00Z,OTHER,COMPOSITE,10.097332767910428,20
2026-09-15T19:00:00Z,OTHER,GAS,1.899999976158142,10
2026-09-15T19:00:00Z,OTHER,GAS COGEN,42.06419210010104,58
2026-09-15T19:00:00Z,OTHER,OIL/GAS,40.613065507676865,53
2026-09-15T19:00:00Z,OTHER,WOOD/REFUSE,104.12969132794272,149
2026-09-15T19:00:00Z,SOLAR,SOLAR,383.5398306787014,1892
2026-09-15T19:00:00Z,WIND,WIND,216.14616876354233,5684
2026-09-15T20:00:00Z,ENERGY STORAGE,ENERGY STORAGE,-7.221999901400672,270
2026-09-15T20:00:00Z,GAS,COGENERATION,3988.226285896964,6122
2026-09-15T20:00:00Z,GAS,COMBINED CYCLE,2927.3312224404017,3974
2026-09-15T20:00:00Z,GAS,GAS FIRED STEAM,1346.3679236560397,3078
2026-09-15T20:00:00Z,GAS,SIMPLE CYCLE,423.7386789638466,1014
2026-09-15T20:00:00Z,HYDRO,HYDRO,237.75378664917417,896
2026-09-15T20:00:00Z,OTHER,BIOMASS,45.31777662737502,195
2026-09-15T20:00:00Z,OTHER,COMPOSITE,12.793944334454007,20
2026-09-15T20:00:00Z,OTHER,GAS,1.899999976158142,10
2026-09-15T20:00:00Z,OTHER,GAS COGEN,41.82302319632636,58
2026-09-15T20:00:00Z,OTHER,OIL/GAS,40.775282531314424,53
2026-09-15T20:00:00Z,OTHER,WOOD/REFUSE,103.15242015096877,149
2026-09-15T20:00:00Z,SOLAR,SOLAR,361.1473018234306,1892
2026-09-15T20:00:00Z,WIND,WIND,289.0978234217875,5684
2026-09-15T21:00:00Z,ENERGY STORAGE,ENERGY STORAGE,-4.823555475009813,270
2026-09-15T21:00:00Z,GAS,COGENERATION,3983.473544933796,6122
2026-09-15T21:00:00Z,GAS,COMBINED CYCLE,2663.376470775604,3974
2026-09-15T21:00:00Z,GAS,GAS FIRED STEAM,1278.7499786874982,3078
2026-09-15T21:00:00Z,GAS,SIMPLE CYCLE,493.5850534625186,1014
2026-09-15T21:00:00Z,HYDRO,HYDRO,187.75631919893954,896
2026-09-15T21:00:00Z,OTHER,BIOMASS,45.081243289510404,195
2026-09-15T21:00:00Z,OTHER,COMPOSITE,12.699999809265137,20
2026-09-15T21:00:00Z,OTHER,GAS,1.899999976158142,10
2026-09-15T21:00:00Z,OTHER,GAS COGEN,41.74576088057624,58
2026-09-15T21:00:00Z,OTHER,OIL/GAS,40.716626470353866,53
2026-09-15T21:00:00Z,OTHER,WOOD/REFUSE,92.99002414385477,149
2026-09-15T21:00:00Z,SOLAR,SOLAR,333.9273269343542,1892
2026-09-15T21:00:00Z,WIND,WIND,333.2076761078503,5684
2026-09-15T22:00:00Z,ENERGY STORAGE,ENERGY STORAGE,-0.2684999839961529,270
2026-09-15T22:00:00Z,GAS,COGENERATION,3924.995997141202,6122
2026-09-15T22:00:00Z,GAS,COMBINED CYCLE,2625.3592294306227,3974
2026-09-15T22:00:00Z,GAS,GAS FIRED STEAM,1344.2488677957324,3078
2026-09-15T22:00:00Z,GAS,SIMPLE CYCLE,540.943318902577,1014
2026-09-15T22:00:00Z,HYDRO,HYDRO,243.4617543011076,896
2026-09-15T22:00:00Z,OTHER,BIOMASS,48.57385465871957,195
2026-09-15T22:00:00Z,OTHER,COMPOSITE,12.699999809265137,20
2026-09-15T22:00:00Z,OTHER,GAS,1.899999976158142,10
2026-09-15T22:00:00Z,OTHER,GAS COGEN,41.656243674490185,58
2026-09-15T22:00:00Z,OTHER,OIL/GAS,40.68074859407213,53
2026-09-15T22:00:00Z,OTHER,WOOD/REFUSE,100.11619015428755,149
2026-09-15T22:00:00Z,SOLAR,SOLAR,279.4946736193697,1892
2026-09-15T22:00:00Z,WIND,WIND,377.95318225595685,5684
2026-09-15T23:00:00Z,ENERGY STORAGE,ENERGY STORAGE,-0.09999999403953552,270
2026-09-15T23:00:00Z,GAS,COGENERATION,3934.7008718101183,6122
2026-09-15T23:00:00Z,GAS,COMBINED CYCLE,2636.2062735138998,3974
2026-09-15T23:00:00Z,GAS,GAS FIRED STEAM,1344.3558688492244,3078
2026-09-15T23:00:00Z,GAS,SIMPLE CYCLE,558.5351060088476,1014
2026-09-15T23:00:00Z,HYDRO,HYDRO,220.89081600296,896
2026-09-15T23:00:00Z,OTHER,BIOMASS,48.22405480189456,195
2026-09-15T23:00:00Z,OTHER,COMPOSITE,12.699999809265137,20
2026-09-15T23:00:00Z,OTHER,GAS,1.899999976158142,10
2026-09-15T23:00:00Z,OTHER,GAS COGEN,41.571439005533854,58
2026-09-15T23:00:00Z,OTHER,OIL/GAS,40.43643911149767,53
2026-09-15T23:00:00Z,OTHER,WOOD/REFUSE,101.71438136100768,149
2026-09-15T23:00:00Z,SOLAR,SOLAR,189.2524103027458,1892
2026-09-15T23:00:00Z,WIND,WIND,484.31048248495904,5684
2026-09-16T00:00:00Z,ENERGY STORAGE,ENERGY STORAGE,-0.09999999403953552,270
2026-09-16T00:00:00Z,GAS,COGENERATION,3953.962324081262,6122
2026-09-16T00:00:00Z,GAS,COMBINED CYCLE,2545.2260125149623,3974
2026-09-16T00:00:00Z,GAS,GAS FIRED STEAM,1325.8809813827938,3078
2026-09-16T00:00:00Z,GAS,SIMPLE CYCLE,528.9313699566987,1014
2026-09-16T00:00:00Z,HYDRO,HYDRO,195.90116146722602,896
2026-09-16T00:00:00Z,OTHER,BIOMASS,47.10266550161772,195
2026-09-16T00:00:00Z,OTHER,COMPOSITE,12.699999809265137,20
2026-09-16T00:00:00Z,OTHER,GAS,1.899999976158142,10
2026-09-16T00:00:00Z,OTHER,GAS COGEN,41.62027242819468,58
2026-09-16T00:00:00Z,OTHER,OIL/GAS,40.06849438773261,53
2026-09-16T00:00:00Z,OTHER,WOOD/REFUSE,98.5685181591246,149
2026-09-16T00:00:00Z,SOLAR,SOLAR,115.22602440976434,1892
2026-09-16T00:00:00Z,WIND,WIND,633.1643373041393,5684
2026-09-16T01:00:00Z,ENERGY STORAGE,ENERGY STORAGE,-0.09999999403953552,270
2026-09-16T01:00:00Z,GAS,COGENERATION,4008.3437378880712,6122
2026-09-16T01:00:00Z,GAS,COMBINED CYCLE,2525.206283588939,3974
2026-09-16T01:00:00Z,GAS,GAS FIRED STEAM,1327.8560324584114,3078
2026-09-16T01:00:00Z,GAS,SIMPLE CYCLE,499.35416453785365,1014
2026-09-16T01:00:00Z,HYDRO,HYDRO,260.13980156262716,896
2026-09-16T01:00:00Z,OTHER,BIOMASS,44.1399044545326,195
2026-09-16T01:00:00Z,OTHER,COMPOSITE,12.850166571405198,20
2026-09-16T01:00:00Z,OTHER,GAS,1.899999976158142,10
2026-09-16T01:00:00Z,OTHER,GAS COGEN,41.78744043562148,58
2026-09-16T01:00:00Z,OTHER,OIL/GAS,39.958282741970486,53
2026-09-16T01:00:00Z,OTHER,WOOD/REFUSE,93.43694250742594,149
2026-09-16T01:00:00Z,SOLAR,SOLAR,18.14585746097068,1892
2026-09-16T01:00:00Z,WIND,WIND,712.288204927908,5684
2026-09-16T02:00:00Z,ENERGY STORAGE,ENERGY STORAGE,-4.4444441795349e-4,270
2026-09-16T02:00:00Z,GAS,COGENERATION,4018.7631126557453,6122
2026-09-16T02:00:00Z,GAS,COMBINED CYCLE,2642.920523428453,3974
2026-09-16T02:00:00Z,GAS,GAS FIRED STEAM,1344.1545940854814,3078
2026-09-16T02:00:00Z,GAS,SIMPLE CYCLE,520.5045882791612,1014
2026-09-16T02:00:00Z,HYDRO,HYDRO,310.3438853534063,896
2026-09-16T02:00:00Z,OTHER,BIOMASS,46.22794883237944,195
2026-09-16T02:00:00Z,OTHER,COMPOSITE,13.04200002670288,20
2026-09-16T02:00:00Z,OTHER,GAS,1.899999976158142,10
2026-09-16T02:00:00Z,OTHER,GAS COGEN,41.91776404963599,58
2026-09-16T02:00:00Z,OTHER,OIL/GAS,39.5223930337694,53
2026-09-16T02:00:00Z,OTHER,WOOD/REFUSE,101.8720798693763,149
2026-09-16T02:00:00Z,SOLAR,SOLAR,34.858776480820445,1892
2026-09-16T02:00:00Z,WIND,WIND,705.8856982793369,5684
2026-09-16T03:00:00Z,ENERGY STORAGE,ENERGY STORAGE,0,270
2026-09-16T03:00:00Z,GAS,COGENERATION,4024.559769155714,6122
2026-09-16T03:00:00Z,GAS,COMBINED CYCLE,2840.150095740954,3974
2026-09-16T03:00:00Z,GAS,GAS FIRED STEAM,1269.6274256504905,3078
2026-09-16T03:00:00Z,GAS,SIMPLE CYCLE,444.65971458009545,1014
2026-09-16T03:00:00Z,HYDRO,HYDRO,199.41389448702336,896
2026-09-16T03:00:00Z,OTHER,BIOMASS,46.28893792592817,195
2026-09-16T03:00:00Z,OTHER,COMPOSITE,13.300000190734863,20
2026-09-16T03:00:00Z,OTHER,GAS,1.899999976158142,10
2026-09-16T03:00:00Z,OTHER,GAS COGEN,41.56248996098836,58
2026-09-16T03:00:00Z,OTHER,OIL/GAS,39.18367191314697,53
2026-09-16T03:00:00Z,OTHER,WOOD/REFUSE,94.74019762145149,149
2026-09-16T03:00:00Z,SOLAR,SOLAR,5.506357031050656,1892
2026-09-16T03:00:00Z,WIND,WIND,816.8245499636936,5684
2026-09-16T04:00:00Z,ENERGY STORAGE,ENERGY STORAGE,0,270
2026-09-16T04:00:00Z,GAS,COGENERATION,4034.127543047004,6122
2026-09-16T04:00:00Z,GAS,COMBINED CYCLE,2918.6393360990946,3974
2026-09-16T04:00:00Z,GAS,GAS FIRED STEAM,1034.7230429606968,3078
2026-09-16T04:00:00Z,GAS,SIMPLE CYCLE,345.0417070218838,1014
2026-09-16T04:00:00Z,HYDRO,HYDRO,184.49086852326988,896
2026-09-16T04:00:00Z,OTHER,BIOMASS,44.466443228721616,195
2026-09-16T04:00:00Z,OTHER,COMPOSITE,0.4258888877762689,20
2026-09-16T04:00:00Z,OTHER,GAS,1.899999976158142,10
2026-09-16T04:00:00Z,OTHER,GAS COGEN,41.4508092880249,58
2026-09-16T04:00:00Z,OTHER,OIL/GAS,38.75282120174832,53
2026-09-16T04:00:00Z,OTHER,WOOD/REFUSE,92.95768495983548,149
2026-09-16T04:00:00Z,SOLAR,SOLAR,0.20000000298023224,1892
2026-09-16T04:00:00Z,WIND,WIND,869.280886174341,5684
2026-09-16T05:00:00Z,ENERGY STORAGE,ENERGY STORAGE,0,270
2026-09-16T05:00:00Z,GAS,COGENERATION,4024.671551963621,6122
2026-09-16T05:00:00Z,GAS,COMBINED CYCLE,2940.037710767322,3974
2026-09-16T05:00:00Z,GAS,GAS FIRED STEAM,995.6895401117537,3078
2026-09-16T05:00:00Z,GAS,SIMPLE CYCLE,332.2349954957722,1014
2026-09-16T05:00:00Z,HYDRO,HYDRO,168.30742605997457,896
2026-09-16T05:00:00Z,OTHER,BIOMASS,43.841165582305855,195
2026-09-16T05:00:00Z,OTHER,COMPOSITE,0,20
2026-09-16T05:00:00Z,OTHER,GAS,1.899999976158142,10
2026-09-16T05:00:00Z,OTHER,GAS COGEN,41.378576369815406,58
2026-09-16T05:00:00Z,OTHER,OIL/GAS,39.25310942755805,53
2026-09-16T05:00:00Z,OTHER,WOOD/REFUSE,90.69849704636468,149
2026-09-16T05:00:00Z,SOLAR,SOLAR,0.20000000298023224,1892
2026-09-16T05:00:00Z,WIND,WIND,767.9705095487046,5684
2026-09-16T06:00:00Z,ENERGY STORAGE,ENERGY STORAGE,-3.5092777254349654,270
2026-09-16T06:00:00Z,GAS,COGENERATION,4035.896423823701,6122
2026-09-16T06:00:00Z,GAS,COMBINED CYCLE,2937.8499048603903,3974
2026-09-16T06:00:00Z,GAS,GAS FIRED STEAM,920.7801537142859,3078
2026-09-16T06:00:00Z,GAS,SIMPLE CYCLE,317.30327139144146,1014
2026-09-16T06:00:00Z,HYDRO,HYDRO,143.2776080761022,896
2026-09-16T06:00:00Z,OTHER,BIOMASS,42.98660996725162,195
2026-09-16T06:00:00Z,OTHER,COMPOSITE,0,20
2026-09-16T06:00:00Z,OTHER,GAS,1.899999976158142,10
2026-09-16T06:00:00Z,OTHER,GAS COGEN,41.16371534453498,58
2026-09-16T06:00:00Z,OTHER,OIL/GAS,39.74191018422445,53
2026-09-16T06:00:00Z,OTHER,WOOD/REFUSE,89.55789627869925,149
2026-09-16T06:00:00Z,SOLAR,SOLAR,0.20000000298023224,1892
2026-09-16T06:00:00Z,WIND,WIND,841.05990326215,5684
2026-09-16T07:00:00Z,ENERGY STORAGE,ENERGY STORAGE,-7.956333198911614,270
2026-09-16T07:00:00Z,GAS,COGENERATION,4035.7438281755976,6122
2026-09-16T07:00:00Z,GAS,COMBINED CYCLE,2936.011535616981,3974
2026-09-16T07:00:00Z,GAS,GAS FIRED STEAM,806.7234307511648,3078
2026-09-16T07:00:00Z,GAS,SIMPLE CYCLE,316.36172946857084,1014
2026-09-16T07:00:00Z,HYDRO,HYDRO,125.50126315501002,896
2026-09-16T07:00:00Z,OTHER,BIOMASS,40.64666583806276,195
2026-09-16T07:00:00Z,OTHER,COMPOSITE,0,20
2026-09-16T07:00:00Z,OTHER,GAS,1.9705555064810647,10
2026-09-16T07:00:00Z,OTHER,GAS COGEN,41.407181894514295,58
2026-09-16T07:00:00Z,OTHER,OIL/GAS,38.53387101915147,53
2026-09-16T07:00:00Z,OTHER,WOOD/REFUSE,88.39215156184304,149
2026-09-16T07:00:00Z,SOLAR,SOLAR,0.20000000298023224,1892
2026-09-16T07:00:00Z,WIND,WIND,921.0791352750362,5684
2026-09-16T08:00:00Z,ENERGY STORAGE,ENERGY STORAGE,-2.9543332724769913,270
2026-09-16T08:00:00Z,GAS,COGENERATION,4017.114530813959,6122
2026-09-16T08:00:00Z,GAS,COMBINED CYCLE,2828.008814100954,3974
2026-09-16T08:00:00Z,GAS,GAS FIRED STEAM,763.8839894824557,3078
2026-09-16T08:00:00Z,GAS,SIMPLE CYCLE,267.1357772698667,1014
2026-09-16T08:00:00Z,HYDRO,HYDRO,131.7760643849108,896
2026-09-16T08:00:00Z,OTHER,BIOMASS,41.96488798621628,195
2026-09-16T08:00:00Z,OTHER,COMPOSITE,0,20
2026-09-16T08:00:00Z,OTHER,GAS,2.0999999046325684,10
2026-09-16T08:00:00Z,OTHER,GAS COGEN,41.50394093619453,58
2026-09-16T08:00:00Z,OTHER,OIL/GAS,39.3392379146152,53
2026-09-16T08:00:00Z,OTHER,WOOD/REFUSE,80.08962327427334,149
2026-09-16T08:00:00Z,SOLAR,SOLAR,0.20000000298023224,1892
2026-09-16T08:00:00Z,WIND,WIND,975.4580647174187,5684
2026-09-16T09:00:00Z,ENERGY STORAGE,ENERGY STORAGE,-0.29999998211860657,270
2026-09-16T09:00:00Z,GAS,COGENERATION,4036.147209753328,6122
2026-09-16T09:00:00Z,GAS,COMBINED CYCLE,2937.6830426126057,3974
2026-09-16T09:00:00Z,GAS,GAS FIRED STEAM,763.4889899847243,3078
2026-09-16T09:00:00Z,GAS,SIMPLE CYCLE,291.53332782463895,1014
2026-09-16T09:00:00Z,HYDRO,HYDRO,107.59824435955949,896
2026-09-16T09:00:00Z,OTHER,BIOMASS,40.50177696653538,195
2026-09-16T09:00:00Z,OTHER,COMPOSITE,0,20
2026-09-16T09:00:00Z,OTHER,GAS,2.0999999046325684,10
2026-09-16T09:00:00Z,OTHER,GAS COGEN,41.56491607983907,58
2026-09-16T09:00:00Z,OTHER,OIL/GAS,40.3438600815667,53
2026-09-16T09:00:00Z,OTHER,WOOD/REFUSE,74.99215506447686,149
2026-09-16T09:00:00Z,SOLAR,SOLAR,0.20000000298023224,1892
2026-09-16T09:00:00Z,WIND,WIND,839.4287788134317,5684
2026-09-16T10:00:00Z,ENERGY STORAGE,ENERGY STORAGE,-0.29999998211860657,270
2026-09-16T10:00:00Z,GAS,COGENERATION,4011.671458197567,6122
2026-09-16T10:00:00Z,GAS,COMBINED CYCLE,3106.122114473449,3974
2026-09-16T10:00:00Z,GAS,GAS FIRED STEAM,763.8712117449443,3078
2026-09-16T10:00:00Z,GAS,SIMPLE CYCLE,256.56105044358304,1014
2026-09-16T10:00:00Z,HYDRO,HYDRO,80.91623480416834,896
2026-09-16T10:00:00Z,OTHER,BIOMASS,34.866499197085695,195
2026-09-16T10:00:00Z,OTHER,COMPOSITE,0,20
2026-09-16T10:00:00Z,OTHER,GAS,2.0999999046325684,10
2026-09-16T10:00:00Z,OTHER,GAS COGEN,41.50606686380174,58
2026-09-16T10:00:00Z,OTHER,OIL/GAS,41.436192949083114,53
2026-09-16T10:00:00Z,OTHER,WOOD/REFUSE,66.63472445064122,149
2026-09-16T10:00:00Z,SOLAR,SOLAR,0.20000000298023224,1892
2026-09-16T10:00:00Z,WIND,WIND,821.8949446274754,5684
2026-09-16T11:00:00Z,ENERGY STORAGE,ENERGY STORAGE,-0.29999998211860657,270
2026-09-16T11:00:00Z,GAS,COGENERATION,4019.558404896789,6122
2026-09-16T11:00:00Z,GAS,COMBINED CYCLE,3251.763231250975,3974
2026-09-16T11:00:00Z,GAS,GAS FIRED STEAM,843.2749292416044,3078
2026-09-16T11:00:00Z,GAS,SIMPLE CYCLE,292.031218080918,1014
2026-09-16T11:00:00Z,HYDRO,HYDRO,124.62166948997313,896
2026-09-16T11:00:00Z,OTHER,BIOMASS,33.06161071154806,195
2026-09-16T11:00:00Z,OTHER,COMPOSITE,0,20
2026-09-16T11:00:00Z,OTHER,GAS,2.0999999046325684,10
2026-09-16T11:00:00Z,OTHER,GAS COGEN,41.54459683206346,58
2026-09-16T11:00:00Z,OTHER,OIL/GAS,41.74287077373928,53
2026-09-16T11:00:00Z,OTHER,WOOD/REFUSE,68.44694627973769,149
2026-09-16T11:00:00Z,SOLAR,SOLAR,0.20000000298023224,1892
2026-09-16T11:00:00Z,WIND,WIND,685.9983876793418,5684
2026-09-16T12:00:00Z,ENERGY STORAGE,ENERGY STORAGE,-0.29999998211860657,270
2026-09-16T12:00:00Z,GAS,COGENERATION,4025.2222006548773,6122
2026-09-16T12:00:00Z,GAS,COMBINED CYCLE,3308.5600700203577,3974
2026-09-16T12:00:00Z,GAS,GAS FIRED STEAM,993.7521540429857,3078
2026-09-16T12:00:00Z,GAS,SIMPLE CYCLE,306.55299608581595,1014
2026-09-16T12:00:00Z,HYDRO,HYDRO,134.74683859555256,896
2026-09-16T12:00:00Z,OTHER,BIOMASS,28.603555084500048,195
2026-09-16T12:00:00Z,OTHER,COMPOSITE,0,20
2026-09-16T12:00:00Z,OTHER,GAS,2.0999999046325684,10
2026-09-16T12:00:00Z,OTHER,GAS COGEN,39.842397926118636,58
2026-09-16T12:00:00Z,OTHER,OIL/GAS,42.50937112384372,53
2026-09-16T12:00:00Z,OTHER,WOOD/REFUSE,69.44591823418935,149
2026-09-16T12:00:00Z,SOLAR,SOLAR,0.20000000298023224,1892
2026-09-16T12:00:00Z,WIND,WIND,716.1726030084822,5684
2026-09-16T13:00:00Z,ENERGY STORAGE,ENERGY STORAGE,-0.29999998211860657,270
2026-09-16T13:00:00Z,GAS,COGENERATION,4028.4207383264434,6122
2026-09-16T13:00:00Z,GAS,COMBINED CYCLE,3298.351812505722,3974
2026-09-16T13:00:00Z,GAS,GAS FIRED STEAM,1292.934370136261,3078
2026-09-16T13:00:00Z,GAS,SIMPLE CYCLE,330.76237219673067,1014
2026-09-16T13:00:00Z,HYDRO,HYDRO,157.39059657341903,896
2026-09-16T13:00:00Z,OTHER,BIOMASS,28.617110708422132,195
2026-09-16T13:00:00Z,OTHER,COMPOSITE,0,20
2026-09-16T13:00:00Z,OTHER,GAS,2.0999999046325684,10
2026-09-16T13:00:00Z,OTHER,GAS COGEN,34.25394468413459,58
2026-09-16T13:00:00Z,OTHER,OIL/GAS,43.08216540018717,53
2026-09-16T13:00:00Z,OTHER,WOOD/REFUSE,72.76713552421994,149
2026-09-16T13:00:00Z,SOLAR,SOLAR,33.85416031317578,1892
2026-09-16T13:00:00Z,WIND,WIND,707.6726000115441,5684
2026-09-16T14:00:00Z,ENERGY STORAGE,ENERGY STORAGE,-0.29999998211860657,270
2026-09-16T14:00:00Z,GAS,COGENERATION,4026.785443196032,6122
2026-09-16T14:00:00Z,GAS,COMBINED CYCLE,3234.3891517538495,3974
2026-09-16T14:00:00Z,GAS,GAS FIRED STEAM,1047.9189275728331,3078
2026-09-16T14:00:00Z,GAS,SIMPLE CYCLE,402.87978156660995,1014
2026-09-16T14:00:00Z,HYDRO,HYDRO,116.20224325547616,896
2026-09-16T14:00:00Z,OTHER,BIOMASS,36.17272186441554,195
2026-09-16T14:00:00Z,OTHER,COMPOSITE,0,20
2026-09-16T14:00:00Z,OTHER,GAS,2.0999999046325684,10
2026-09-16T14:00:00Z,OTHER,GAS COGEN,29.588101116816205,58
2026-09-16T14:00:00Z,OTHER,OIL/GAS,43.12536538653904,53
2026-09-16T14:00:00Z,OTHER,WOOD/REFUSE,73.46715412510765,149
2026-09-16T14:00:00Z,SOLAR,SOLAR,437.2222371988785,1892
2026-09-16T14:00:00Z,WIND,WIND,519.6958782154073,5684
2026-09-16T15:00:00Z,ENERGY STORAGE,ENERGY STORAGE,-0.05316666349768638,270
2026-09-16T15:00:00Z,GAS,COGENERATION,4028.847287114196,6122
2026-09-16T15:00:00Z,GAS,COMBINED CYCLE,3171.1843319310083,3974
2026-09-16T15:00:00Z,GAS,GAS FIRED STEAM,750.9166004138523,3078
2026-09-16T15:00:00Z,GAS,SIMPLE CYCLE,336.7220834197352,1014
2026-09-16T15:00:00Z,HYDRO,HYDRO,123.66112837740116,896
2026-09-16T15:00:00Z,OTHER,BIOMASS,37.9881103259325,195
2026-09-16T15:00:00Z,OTHER,COMPOSITE,0,20
2026-09-16T15:00:00Z,OTHER,GAS,2.02622215323978,10
2026-09-16T15:00:00Z,OTHER,GAS COGEN,26.684418329662748,58
2026-09-16T15:00:00Z,OTHER,OIL/GAS,43.50847173902723,53
2026-09-16T15:00:00Z,OTHER,WOOD/REFUSE,69.26222801155515,149
2026-09-16T15:00:00Z,SOLAR,SOLAR,1035.727551554723,1892
2026-09-16T15:00:00Z,WIND,WIND,354.0539330044306,5684
2026-09-16T16:00:00Z,ENERGY STORAGE,ENERGY STORAGE,0,270
2026-09-16T16:00:00Z,GAS,COGENERATION,4013.012351463768,6122
2026-09-16T16:00:00Z,GAS,COMBINED CYCLE,3088.7360151518715,3974
2026-09-16T16:00:00Z,GAS,GAS FIRED STEAM,731.8137108866373,3078
2026-09-16T16:00:00Z,GAS,SIMPLE CYCLE,313.20974936279987,1014
2026-09-16T16:00:00Z,HYDRO,HYDRO,107.87678689337439,896
2026-09-16T16:00:00Z,OTHER,BIOMASS,37.68883296678464,195
2026-09-16T16:00:00Z,OTHER,COMPOSITE,0,20
2026-09-16T16:00:00Z,OTHER,GAS,1.899999976158142,10
2026-09-16T16:00:00Z,OTHER,GAS COGEN,25.538362358940972,58
2026-09-16T16:00:00Z,OTHER,OIL/GAS,45.41494369294908,53
2026-09-16T16:00:00Z,OTHER,WOOD/REFUSE,67.24076781007979,149
2026-09-16T16:00:00Z,SOLAR,SOLAR,1312.790857937071,1892
2026-09-16T16:00:00Z,WIND,WIND,277.14958831682384,5684
2026-09-16T17:00:00Z,ENERGY STORAGE,ENERGY STORAGE,0,270
2026-09-16T17:00:00Z,GAS,COGENERATION,3989.400869227383,6122
2026-09-16T17:00:00Z,GAS,COMBINED CYCLE,3054.12583067894,3974
2026-09-16T17:00:00Z,GAS,GAS FIRED STEAM,732.1547108883328,3078
2026-09-16T17:00:00Z,GAS,SIMPLE CYCLE,290.9294506280952,1014
2026-09-16T17:00:00Z,HYDRO,HYDRO,181.58329443753593,896
2026-09-16T17:00:00Z,OTHER,BIOMASS,32.793721730940874,195
2026-09-16T17:00:00Z,OTHER,COMPOSITE,0,20
2026-09-16T17:00:00Z,OTHER,GAS,1.899999976158142,10
2026-09-16T17:00:00Z,OTHER,GAS COGEN,25.776110836664834,58
2026-09-16T17:00:00Z,OTHER,OIL/GAS,45.82659304512872,53
2026-09-16T17:00:00Z,OTHER,WOOD/REFUSE,64.52983631134033,149
2026-09-16T17:00:00Z,SOLAR,SOLAR,1415.400828588605,1892
2026-09-16T17:00:00Z,WIND,WIND,243.5058527086965,5684
2026-09-16T18:00:00Z,ENERGY STORAGE,ENERGY STORAGE,0,270
2026-09-16T18:00:00Z,GAS,COGENERATION,3986.108208758169,6122
2026-09-16T18:00:00Z,GAS,COMBINED CYCLE,3123.0166086467107,3974
2026-09-16T18:00:00Z,GAS,GAS FIRED STEAM,761.3324326006571,3078
2026-09-16T18:00:00Z,GAS,SIMPLE CYCLE,235.5640066400667,1014
2026-09-16T18:00:00Z,HYDRO,HYDRO,146.13740317238702,896
2026-09-16T18:00:00Z,OTHER,BIOMASS,32.41483259101709,195
2026-09-16T18:00:00Z,OTHER,COMPOSITE,0,20
2026-09-16T18:00:00Z,OTHER,GAS,1.899999976158142,10
2026-09-16T18:00:00Z,OTHER,GAS COGEN,25.50314614984724,58
2026-09-16T18:00:00Z,OTHER,OIL/GAS,46.91921542697482,53
2026-09-16T18:00:00Z,OTHER,WOOD/REFUSE,67.86659593529171,149
2026-09-16T18:00:00Z,SOLAR,SOLAR,1438.9409303669797,1892
2026-09-16T18:00:00Z,WIND,WIND,235.14374211199168,5684
2026-09-16T19:00:00Z,ENERGY STORAGE,ENERGY STORAGE,0,270
2026-09-16T19:00:00Z,GAS,COGENERATION,3954.4538435155814,6122
2026-09-16T19:00:00Z,GAS,COMBINED CYCLE,3108.908305629624,3974
2026-09-16T19:00:00Z,GAS,GAS FIRED STEAM,731.9556554137336,3078
2026-09-16T19:00:00Z,GAS,SIMPLE CYCLE,275.063505558206,1014
2026-09-16T19:00:00Z,HYDRO,HYDRO,180.69311911437248,896
2026-09-16T19:00:00Z,OTHER,BIOMASS,34.081499334275726,195
2026-09-16T19:00:00Z,OTHER,COMPOSITE,0,20
2026-09-16T19:00:00Z,OTHER,GAS,1.899999976158142,10
2026-09-16T19:00:00Z,OTHER,GAS COGEN,25.41477005852593,58
2026-09-16T19:00:00Z,OTHER,OIL/GAS,46.4577106306288,53
2026-09-16T19:00:00Z,OTHER,WOOD/REFUSE,69.38585629198286,149
2026-09-16T19:00:00Z,SOLAR,SOLAR,1528.1999369411005,1892
2026-09-16T19:00:00Z,WIND,WIND,221.45540188961974,5684
2026-09-16T20:00:00Z,ENERGY STORAGE,ENERGY STORAGE,0,270
2026-09-16T20:00:00Z,GAS,COGENERATION,3927.5611675173704,6122
2026-09-16T20:00:00Z,GAS,COMBINED CYCLE,3051.5021498992705,3974
2026-09-16T20:00:00Z,GAS,GAS FIRED STEAM,732.4447115792168,3078
2026-09-16T20:00:00Z,GAS,SIMPLE CYCLE,220.03761799459656,1014
2026-09-16T20:00:00Z,HYDRO,HYDRO,138.6561734392908,896
2026-09-16T20:00:00Z,OTHER,BIOMASS,34.14233264704545,195
2026-09-16T20:00:00Z,OTHER,COMPOSITE,0,20
2026-09-16T20:00:00Z,OTHER,GAS,1.899999976158142,10
2026-09-16T20:00:00Z,OTHER,GAS COGEN,25.281345314449737,58
2026-09-16T20:00:00Z,OTHER,OIL/GAS,46.76629849116007,53
2026-09-16T20:00:00Z,OTHER,WOOD/REFUSE,64.97923346731399,149
2026-09-16T20:00:00Z,SOLAR,SOLAR,1623.0847167522377,1892
2026-09-16T20:00:00Z,WIND,WIND,297.4342566955628,5684
2026-09-16T21:00:00Z,ENERGY STORAGE,ENERGY STORAGE,0,270
2026-09-16T21:00:00Z,GAS,COGENERATION,3928.551118006044,6122
2026-09-16T21:00:00Z,GAS,COMBINED CYCLE,3026.4656118419434,3974
2026-09-16T21:00:00Z,GAS,GAS FIRED STEAM,732.1602114189996,3078
2026-09-16T21:00:00Z,GAS,SIMPLE CYCLE,190.20834082338544,1014
2026-09-16T21:00:00Z,HYDRO,HYDRO,124.42903381041354,896
2026-09-16T21:00:00Z,OTHER,BIOMASS,35.883610560927124,195
2026-09-16T21:00:00Z,OTHER,COMPOSITE,0,20
2026-09-16T21:00:00Z,OTHER,GAS,1.899999976158142,10
2026-09-16T21:00:00Z,OTHER,GAS COGEN,25.849906627866957,58
2026-09-16T21:00:00Z,OTHER,OIL/GAS,46.851648871103926,53
2026-09-16T21:00:00Z,OTHER,WOOD/REFUSE,62.43479206985897,149
2026-09-16T21:00:00Z,SOLAR,SOLAR,1656.7416128153272,1892
2026-09-16T21:00:00Z,WIND,WIND,389.30947287666714,5684
2026-09-16T22:00:00Z,ENERGY STORAGE,ENERGY STORAGE,0,270
2026-09-16T22:00:00Z,GAS,COGENERATION,3909.0217728739312,6122
2026-09-16T22:00:00Z,GAS,COMBINED CYCLE,3022.8236731578245,3974
2026-09-16T22:00:00Z,GAS,GAS FIRED STEAM,732.9707138888041,3078
2026-09-16T22:00:00Z,GAS,SIMPLE CYCLE,190.48784101989534,1014
2026-09-16T22:00:00Z,HYDRO,HYDRO,140.08736888613964,896
2026-09-16T22:00:00Z,OTHER,BIOMASS,35.2418884705835,195
2026-09-16T22:00:00Z,OTHER,COMPOSITE,0,20
2026-09-16T22:00:00Z,OTHER,GAS,1.899999976158142,10
2026-09-16T22:00:00Z,OTHER,GAS COGEN,26.660771782133313,58
2026-09-16T22:00:00Z,OTHER,OIL/GAS,47.251465746561685,53
2026-09-16T22:00:00Z,OTHER,WOOD/REFUSE,61.87052930514018,149
2026-09-16T22:00:00Z,SOLAR,SOLAR,1611.7459172093868,1892
2026-09-16T22:00:00Z,WIND,WIND,514.8105817450169,5684
2026-09-16T23:00:00Z,ENERGY STORAGE,ENERGY STORAGE,0,270
2026-09-16T23:00:00Z,GAS,COGENERATION,3932.8203820926615,6122
2026-09-16T23:00:00Z,GAS,COMBINED CYCLE,3075.053118066258,3974
2026-09-16T23:00:00Z,GAS,GAS FIRED STEAM,733.5323247676425,3078
2026-09-16T23:00:00Z,GAS,SIMPLE CYCLE,279.48211034629077,1014
2026-09-16T23:00:00Z,HYDRO,HYDRO,228.49680980953906,896
2026-09-16T23:00:00Z,OTHER,BIOMASS,33.297166303329995,195
2026-09-16T23:00:00Z,OTHER,COMPOSITE,0,20
2026-09-16T23:00:00Z,OTHER,GAS,1.899999976158142,10
2026-09-16T23:00:00Z,OTHER,GAS COGEN,27.633241057925755,58
2026-09-16T23:00:00Z,OTHER,OIL/GAS,47.5975373755561,53
2026-09-16T23:00:00Z,OTHER,WOOD/REFUSE,61.46496733983358,149
2026-09-16T23:00:00Z,SOLAR,SOLAR,1377.5484295311405,1892
2026-09-16T23:00:00Z,WIND,WIND,577.0849778877281,5684
2026-09-17T00:00:00Z,ENERGY STORAGE,ENERGY STORAGE,0,270
2026-09-17T00:00:00Z,GAS,COGENERATION,3982.893305449221,6122
2026-09-17T00:00:00Z,GAS,COMBINED CYCLE,3255.5703967073227,3974
2026-09-17T00:00:00Z,GAS,GAS FIRED STEAM,965.9688753297594,3078
2026-09-17T00:00:00Z,GAS,SIMPLE CYCLE,333.30649666363996,1014
2026-09-17T00:00:00Z,HYDRO,HYDRO,273.6745879433387,896
2026-09-17T00:00:00Z,OTHER,BIOMASS,35.497888353665665,195
2026-09-17T00:00:00Z,OTHER,COMPOSITE,0,20
2026-09-17T00:00:00Z,OTHER,GAS,1.899999976158142,10
2026-09-17T00:00:00Z,OTHER,GAS COGEN,27.05516794734531,58
2026-09-17T00:00:00Z,OTHER,OIL/GAS,47.353189142015246,53
2026-09-17T00:00:00Z,OTHER,WOOD/REFUSE,63.655593659083046,149
2026-09-17T00:00:00Z,SOLAR,SOLAR,617.4864542026156,1892
2026-09-17T00:00:00Z,WIND,WIND,732.4651981062815,5684
2026-09-17T01:00:00Z,ENERGY STORAGE,ENERGY STORAGE,0,270
2026-09-17T01:00:00Z,GAS,COGENERATION,4031.785117304458,6122
2026-09-17T01:00:00Z,GAS,COMBINED CYCLE,3123.124189137353,3974
2026-09-17T01:00:00Z,GAS,GAS FIRED STEAM,1268.1963157018026,3078
2026-09-17T01:00:00Z,GAS,SIMPLE CYCLE,342.6894902194871,1014
2026-09-17T01:00:00Z,HYDRO,HYDRO,184.3495702086389,896
2026-09-17T01:00:00Z,OTHER,BIOMASS,41.38072149107854,195
2026-09-17T01:00:00Z,OTHER,COMPOSITE,0,20
2026-09-17T01:00:00Z,OTHER,GAS,1.899999976158142,10
2026-09-17T01:00:00Z,OTHER,GAS COGEN,29.24039827770657,58
2026-09-17T01:00:00Z,OTHER,OIL/GAS,46.971216284434,53
2026-09-17T01:00:00Z,OTHER,WOOD/REFUSE,67.18172335306804,149
2026-09-17T01:00:00Z,SOLAR,SOLAR,70.69388762139198,1892
2026-09-17T01:00:00Z,WIND,WIND,1111.1562326615303,5684
2026-09-17T02:00:00Z,ENERGY STORAGE,ENERGY STORAGE,0,270
2026-09-17T02:00:00Z,GAS,COGENERATION,4044.000289339754,6122
2026-09-17T02:00:00Z,GAS,COMBINED CYCLE,3157.3856824239097,3974
2026-09-17T02:00:00Z,GAS,GAS FIRED STEAM,1006.8514842478435,3078
2026-09-17T02:00:00Z,GAS,SIMPLE CYCLE,239.62955748610614,1014
2026-09-17T02:00:00Z,HYDRO,HYDRO,131.53839450428885,896
2026-09-17T02:00:00Z,OTHER,BIOMASS,37.245332927637634,195
2026-09-17T02:00:00Z,OTHER,COMPOSITE,0,20
2026-09-17T02:00:00Z,OTHER,GAS,1.899999976158142,10
2026-09-17T02:00:00Z,OTHER,GAS COGEN,27.88299187342326,58
2026-09-17T02:00:00Z,OTHER,OIL/GAS,46.127859376271566,53
2026-09-17T02:00:00Z,OTHER,WOOD/REFUSE,64.88085038079156,149
2026-09-17T02:00:00Z,SOLAR,SOLAR,5.68344437374009,1892
2026-09-17T02:00:00Z,WIND,WIND,1677.4564995340631,5684
2026-09-17T03:00:00Z,ENERGY STORAGE,ENERGY STORAGE,0,270
2026-09-17T03:00:00Z,GAS,COGENERATION,3878.749827742179,6122
2026-09-17T03:00:00Z,GAS,COMBINED CYCLE,2955.3406155570347,3974
2026-09-17T03:00:00Z,GAS,GAS FIRED STEAM,609.6243233680725,3078
2026-09-17T03:00:00Z,GAS,SIMPLE CYCLE,142.29449804498088,1014
2026-09-17T03:00:00Z,HYDRO,HYDRO,113.17394581642415,896
2026-09-17T03:00:00Z,OTHER,BIOMASS,35.258888279779086,195
2026-09-17T03:00:00Z,OTHER,COMPOSITE,0,20
2026-09-17T03:00:00Z,OTHER,GAS,1.899999976158142,10
2026-09-17T03:00:00Z,OTHER,GAS COGEN,28.15369241873423,58
2026-09-17T03:00:00Z,OTHER,OIL/GAS,46.279276315901015,53
2026-09-17T03:00:00Z,OTHER,WOOD/REFUSE,62.51197828875648,149
2026-09-17T03:00:00Z,SOLAR,SOLAR,0.30000000447034836,1892
2026-09-17T03:00:00Z,WIND,WIND,2395.1176332951172,5684
2026-09-17T04:00:00Z,ENERGY STORAGE,ENERGY STORAGE,0,270
2026-09-17T04:00:00Z,GAS,COGENERATION,3821.7260838077464,6122
2026-09-17T04:00:00Z,GAS,COMBINED CYCLE,2406.5971874311235,3974
2026-09-17T04:00:00Z,GAS,GAS FIRED STEAM,455.27215867572363,3078
2026-09-17T04:00:00Z,GAS,SIMPLE CYCLE,142.36210897392695,1014
2026-09-17T04:00:00Z,HYDRO,HYDRO,126.90763663469917,896
2026-09-17T04:00:00Z,OTHER,BIOMASS,36.33349970762929,195
2026-09-17T04:00:00Z,OTHER,COMPOSITE,0,20
2026-09-17T04:00:00Z,OTHER,GAS,1.899999976158142,10
2026-09-17T04:00:00Z,OTHER,GAS COGEN,28.43858495288425,58
2026-09-17T04:00:00Z,OTHER,OIL/GAS,45.95268789079454,53
2026-09-17T04:00:00Z,OTHER,WOOD/REFUSE,64.45549164719051,149
2026-09-17T04:00:00Z,SOLAR,SOLAR,0.30000000447034836,1892
2026-09-17T04:00:00Z,WIND,WIND,3000.1015159409285,5684
2026-09-17T05:00:00Z,ENERGY STORAGE,ENERGY STORAGE,0,270
2026-09-17T05:00:00Z,GAS,COGENERATION,3824.430582956738,6122
2026-09-17T05:00:00Z,GAS,COMBINED CYCLE,2019.6796719190809,3974
2026-09-17T05:00:00Z,GAS,GAS FIRED STEAM,451.71171383539837,3078
2026-09-17T05:00:00Z,GAS,SIMPLE CYCLE,44.75772135972977,1014
2026-09-17T05:00:00Z,HYDRO,HYDRO,156.63269253922834,896
2026-09-17T05:00:00Z,OTHER,BIOMASS,35.972610563089454,195
2026-09-17T05:00:00Z,OTHER,COMPOSITE,0,20
2026-09-17T05:00:00Z,OTHER,GAS,1.899999976158142,10
2026-09-17T05:00:00Z,OTHER,GAS COGEN,28.660241004096136,58
2026-09-17T05:00:00Z,OTHER,OIL/GAS,45.95626586702135,53
2026-09-17T05:00:00Z,OTHER,WOOD/REFUSE,68.91026575459374,149
2026-09-17T05:00:00Z,SOLAR,SOLAR,0.30000000447034836,1892
2026-09-17T05:00:00Z,WIND,WIND,3276.1871551255554,5684
2026-09-17T06:00:00Z,ENERGY STORAGE,ENERGY STORAGE,-3.4344443695081606,270
2026-09-17T06:00:00Z,GAS,COGENERATION,3860.5335942690904,6122
2026-09-17T06:00:00Z,GAS,COMBINED CYCLE,2022.8417091703413,3974
2026-09-17T06:00:00Z,GAS,GAS FIRED STEAM,451.8661595492893,3078
2026-09-17T06:00:00Z,GAS,SIMPLE CYCLE,42.11016590330336,1014
2026-09-17T06:00:00Z,HYDRO,HYDRO,114.4116036625372,896
2026-09-17T06:00:00Z,OTHER,BIOMASS,35.32133256844349,195
2026-09-17T06:00:00Z,OTHER,COMPOSITE,0,20
2026-09-17T06:00:00Z,OTHER,GAS,1.899999976158142,10
2026-09-17T06:00:00Z,OTHER,GAS COGEN,29.036447531382244,58
2026-09-17T06:00:00Z,OTHER,OIL/GAS,46.15317652172512,53
2026-09-17T06:00:00Z,OTHER,WOOD/REFUSE,70.0865381998486,149
2026-09-17T06:00:00Z,SOLAR,SOLAR,0.30000000447034836,1892
2026-09-17T06:00:00Z,WIND,WIND,3241.8657855364927,5684
2026-09-17T07:00:00Z,ENERGY STORAGE,ENERGY STORAGE,-10.739888654963838,270
2026-09-17T07:00:00Z,GAS,COGENERATION,3854.754496812423,6122
2026-09-17T07:00:00Z,GAS,COMBINED CYCLE,1663.5124206855728,3974
2026-09-17T07:00:00Z,GAS,GAS FIRED STEAM,452.00232560687596,3078
2026-09-17T07:00:00Z,GAS,SIMPLE CYCLE,42.1198324224684,1014
2026-09-17T07:00:00Z,HYDRO,HYDRO,112.24877143383027,896
2026-09-17T07:00:00Z,OTHER,BIOMASS,35.362887992080715,195
2026-09-17T07:00:00Z,OTHER,COMPOSITE,0,20
2026-09-17T07:00:00Z,OTHER,GAS,1.9696666594346364,10
2026-09-17T07:00:00Z,OTHER,GAS COGEN,29.738818349838258,58
2026-09-17T07:00:00Z,OTHER,OIL/GAS,45.71623769124349,53
2026-09-17T07:00:00Z,OTHER,WOOD/REFUSE,71.02685711595747,149
2026-09-17T07:00:00Z,SOLAR,SOLAR,0.30000000447034836,1892
2026-09-17T07:00:00Z,WIND,WIND,3385.734744712644,5684
2026-09-17T08:00:00Z,ENERGY STORAGE,ENERGY STORAGE,-8.238777610411248,270
2026-09-17T08:00:00Z,GAS,COGENERATION,3855.1740373411444,6122
2026-09-17T08:00:00Z,GAS,COMBINED CYCLE,1693.982218476203,3974
2026-09-17T08:00:00Z,GAS,GAS FIRED STEAM,452.31576912773977,3078
2026-09-17T08:00:00Z,GAS,SIMPLE CYCLE,42.254166166517464,1014
2026-09-17T08:00:00Z,HYDRO,HYDRO,167.23614237003855,896
2026-09-17T08:00:00Z,OTHER,BIOMASS,35.83188818603754,195
2026-09-17T08:00:00Z,OTHER,COMPOSITE,0,20
2026-09-17T08:00:00Z,OTHER,GAS,2,10
2026-09-17T08:00:00Z,OTHER,GAS COGEN,30.03653989897834,58
2026-09-17T08:00:00Z,OTHER,OIL/GAS,45.48873811297946,53
2026-09-17T08:00:00Z,OTHER,WOOD/REFUSE,68.31780098491245,149
2026-09-17T08:00:00Z,SOLAR,SOLAR,0.30000000447034836,1892
2026-09-17T08:00:00Z,WIND,WIND,3304.983862439891,5684
2026-09-17T09:00:00Z,ENERGY STORAGE,ENERGY STORAGE,0,270
2026-09-17T09:00:00Z,GAS,COGENERATION,3856.082213660611,6122
2026-09-17T09:00:00Z,GAS,COMBINED CYCLE,1906.1322700179946,3974
2026-09-17T09:00:00Z,GAS,GAS FIRED STEAM,452.7491600502862,3078
2026-09-17T09:00:00Z,GAS,SIMPLE CYCLE,42.05516599708133,1014
2026-09-17T09:00:00Z,HYDRO,HYDRO,184.67873436848322,896
2026-09-17T09:00:00Z,OTHER,BIOMASS,36.24827667370439,195
2026-09-17T09:00:00Z,OTHER,COMPOSITE,0,20
2026-09-17T09:00:00Z,OTHER,GAS,2,10
2026-09-17T09:00:00Z,OTHER,GAS COGEN,30.040682752927147,58
2026-09-17T09:00:00Z,OTHER,OIL/GAS,45.005759970347086,53
2026-09-17T09:00:00Z,OTHER,WOOD/REFUSE,72.33509739345975,149
2026-09-17T09:00:00Z,SOLAR,SOLAR,0.30000000447034836,1892
2026-09-17T09:00:00Z,WIND,WIND,2934.3076602008773,5684
2026-09-17T10:00:00Z,ENERGY STORAGE,ENERGY STORAGE,0,270
2026-09-17T10:00:00Z,GAS,COGENERATION,3888.3140855020947,6122
2026-09-17T10:00:00Z,GAS,COMBINED CYCLE,2192.4055746849376,3974
2026-09-17T10:00:00Z,GAS,GAS FIRED STEAM,452.94943626615736,3078
2026-09-17T10:00:00Z,GAS,SIMPLE CYCLE,42.1773327228758,1014
2026-09-17T10:00:00Z,HYDRO,HYDRO,193.35006405841975,896
2026-09-17T10:00:00Z,OTHER,BIOMASS,38.76511010040839,195
2026-09-17T10:00:00Z,OTHER,COMPOSITE,0,20
2026-09-17T10:00:00Z,OTHER,GAS,2,10
2026-09-17T10:00:00Z,OTHER,GAS COGEN,29.903081455230716,58
2026-09-17T10:00:00Z,OTHER,OIL/GAS,42.854165929158526,53
2026-09-17T10:00:00Z,OTHER,WOOD/REFUSE,69.36703339735666,149
2026-09-17T10:00:00Z,SOLAR,SOLAR,0.30000000447034836,1892
2026-09-17T10:00:00Z,WIND,WIND,2627.7193294221825,5684
2026-09-17T11:00:00Z,ENERGY STORAGE,ENERGY STORAGE,0,270
2026-09-17T11:00:00Z,GAS,COGENERATION,3959.01714940442,6122
2026-09-17T11:00:00Z,GAS,COMBINED CYCLE,2481.1050103818047,3974
2026-09-17T11:00:00Z,GAS,GAS FIRED STEAM,469.3496573384603,3078
2026-09-17T11:00:00Z,GAS,SIMPLE CYCLE,42.30216620551215,1014
2026-09-17T11:00:00Z,HYDRO,HYDRO,192.0574764338467,896
2026-09-17T11:00:00Z,OTHER,BIOMASS,39.89288790563742,195
2026-09-17T11:00:00Z,OTHER,COMPOSITE,0,20
2026-09-17T11:00:00Z,OTHER,GAS,2,10
2026-09-17T11:00:00Z,OTHER,GAS COGEN,29.928378665712145,58
2026-09-17T11:00:00Z,OTHER,OIL/GAS,41.07508236355252,53
2026-09-17T11:00:00Z,OTHER,WOOD/REFUSE,71.0457434129715,149
2026-09-17T11:00:00Z,SOLAR,SOLAR,0.30000000447034836,1892
2026-09-17T11:00:00Z,WIND,WIND,2456.776167491343,5684
2026-09-17T12:00:00Z,ENERGY STORAGE,ENERGY STORAGE,0,270
2026-09-17T12:00:00Z,GAS,COGENERATION,4087.3044372826153,6122
2026-09-17T12:00:00Z,GAS,COMBINED CYCLE,2597.1164390391773,3974
2026-09-17T12:00:00Z,GAS,GAS FIRED STEAM,655.9198215887282,3078
2026-09-17T12:00:00Z,GAS,SIMPLE CYCLE,42.28683262189229,1014
2026-09-17T12:00:00Z,HYDRO,HYDRO,142.35742009970878,896
2026-09-17T12:00:00Z,OTHER,BIOMASS,39.18455453419023,195
2026-09-17T12:00:00Z,OTHER,COMPOSITE,0,20
2026-09-17T12:00:00Z,OTHER,GAS,2,10
2026-09-17T12:00:00Z,OTHER,GAS COGEN,29.940480587747363,58
2026-09-17T12:00:00Z,OTHER,OIL/GAS,39.8405990770128,53
2026-09-17T12:00:00Z,OTHER,WOOD/REFUSE,72.00580001354217,149
2026-09-17T12:00:00Z,SOLAR,SOLAR,0.30000000447034836,1892
2026-09-17T12:00:00Z,WIND,WIND,2276.9947385186783,5684
2026-09-17T13:00:00Z,ENERGY STORAGE,ENERGY STORAGE,0,270
2026-09-17T13:00:00Z,GAS,COGENERATION,4065.474499663512,6122
2026-09-17T13:00:00Z,GAS,COMBINED CYCLE,2875.7527513429854,3974
2026-09-17T13:00:00Z,GAS,GAS FIRED STEAM,712.160267745124,3078
2026-09-17T13:00:00Z,GAS,SIMPLE CYCLE,42.01372152699364,1014
2026-09-17T13:00:00Z,HYDRO,HYDRO,132.2101059330172,896
2026-09-17T13:00:00Z,OTHER,BIOMASS,39.02566578090191,195
2026-09-17T13:00:00Z,OTHER,COMPOSITE,0,20
2026-09-17T13:00:00Z,OTHER,GAS,2,10
2026-09-17T13:00:00Z,OTHER,GAS COGEN,15.476174031363593,58
2026-09-17T13:00:00Z,OTHER,OIL/GAS,40.12929338243273,53
2026-09-17T13:00:00Z,OTHER,WOOD/REFUSE,71.85096528371176,149
2026-09-17T13:00:00Z,SOLAR,SOLAR,83.76880876069681,1892
2026-09-17T13:00:00Z,WIND,WIND,2104.578730972343,5684
2026-09-17T14:00:00Z,ENERGY STORAGE,ENERGY STORAGE,0,270
2026-09-17T14:00:00Z,GAS,COGENERATION,3936.278035472764,6122
2026-09-17T14:00:00Z,GAS,COMBINED CYCLE,2853.985173611906,3974
2026-09-17T14:00:00Z,GAS,GAS FIRED STEAM,667.268599978553,3078
2026-09-17T14:00:00Z,GAS,SIMPLE CYCLE,28.83133301138878,1014
2026-09-17T14:00:00Z,HYDRO,HYDRO,110.36710187240607,896
2026-09-17T14:00:00Z,OTHER,BIOMASS,39.4223322597146,195
2026-09-17T14:00:00Z,OTHER,COMPOSITE,0,20
2026-09-17T14:00:00Z,OTHER,GAS,2,10
2026-09-17T14:00:00Z,OTHER,GAS COGEN,13.585833070013258,58
2026-09-17T14:00:00Z,OTHER,OIL/GAS,38.966987999810115,53
2026-09-17T14:00:00Z,OTHER,WOOD/REFUSE,72.59734773370954,149
2026-09-17T14:00:00Z,SOLAR,SOLAR,700.7788424059087,1892
2026-09-17T14:00:00Z,WIND,WIND,1741.4861131051928,5684
2026-09-17T15:00:00Z,ENERGY STORAGE,ENERGY STORAGE,0,270
2026-09-17T15:00:00Z,GAS,COGENERATION,3836.154054668082,6122
2026-09-17T15:00:00Z,GAS,COMBINED CYCLE,2595.5876880139776,3974
2026-09-17T15:00:00Z,GAS,GAS FIRED STEAM,661.8788797272576,3078
2026-09-17T15:00:00Z,GAS,SIMPLE CYCLE,33.31172174228562,1014
2026-09-17T15:00:00Z,HYDRO,HYDRO,168.71162414564026,896
2026-09-17T15:00:00Z,OTHER,BIOMASS,38.68449879964192,195
2026-09-17T15:00:00Z,OTHER,COMPOSITE,0,20
2026-09-17T15:00:00Z,OTHER,GAS,2,10
2026-09-17T15:00:00Z,OTHER,GAS COGEN,12.826666453679405,58
2026-09-17T15:00:00Z,OTHER,OIL/GAS,37.04394899156358,53
2026-09-17T15:00:00Z,OTHER,WOOD/REFUSE,73.7671425125334,149
2026-09-17T15:00:00Z,SOLAR,SOLAR,1427.9572449182635,1892
2026-09-17T15:00:00Z,WIND,WIND,1135.4021564119062,5684
2026-09-17T16:00:00Z,ENERGY STORAGE,ENERGY STORAGE,0,270
2026-09-17T16:00:00Z,GAS,COGENERATION,3868.534880824619,6122
2026-09-17T16:00:00Z,GAS,COMBINED CYCLE,2827.435772013664,3974
2026-09-17T16:00:00Z,GAS,GAS FIRED STEAM,661.6307114855449,3078
2026-09-17T16:00:00Z,GAS,SIMPLE CYCLE,38.26255498812431,1014
2026-09-17T16:00:00Z,HYDRO,HYDRO,173.34397236524356,896
2026-09-17T16:00:00Z,OTHER,BIOMASS,37.84894391801622,195
2026-09-17T16:00:00Z,OTHER,COMPOSITE,0,20
2026-09-17T16:00:00Z,OTHER,GAS,2,10
2026-09-17T16:00:00Z,OTHER,GAS COGEN,12.676333445443047,58
2026-09-17T16:00:00Z,OTHER,OIL/GAS,33.7628327454461,53
2026-09-17T16:00:00Z,OTHER,WOOD/REFUSE,76.75086131413778,149
2026-09-17T16:00:00Z,SOLAR,SOLAR,1615.3065951630804,1892
2026-09-17T16:00:00Z,WIND,WIND,778.4952948517104,5684
2026-09-17T17:00:00Z,ENERGY STORAGE,ENERGY STORAGE,0,270
2026-09-17T17:00:00Z,GAS,COGENERATION,3956.7271182074815,6122
2026-09-17T17:00:00Z,GAS,COMBINED CYCLE,2948.5564703480404,3974
2026-09-17T17:00:00Z,GAS,GAS FIRED STEAM,666.8704897244771,3078
2026-09-17T17:00:00Z,GAS,SIMPLE CYCLE,32.060055466137,1014
2026-09-17T17:00:00Z,HYDRO,HYDRO,200.16711341906753,896
2026-09-17T17:00:00Z,OTHER,BIOMASS,37.7612775851455,195
2026-09-17T17:00:00Z,OTHER,COMPOSITE,0,20
2026-09-17T17:00:00Z,OTHER,GAS,2,10
2026-09-17T17:00:00Z,OTHER,GAS COGEN,12.462666642930772,58
2026-09-17T17:00:00Z,OTHER,OIL/GAS,33.05863249460856,53
2026-09-17T17:00:00Z,OTHER,WOOD/REFUSE,79.30808987405564,149
2026-09-17T17:00:00Z,SOLAR,SOLAR,1660.6919371099273,1892
2026-09-17T17:00:00Z,WIND,WIND,613.2241558497027,5684
2026-09-17T18:00:00Z,ENERGY STORAGE,ENERGY STORAGE,-0.1711111136277517,270
2026-09-17T18:00:00Z,GAS,COGENERATION,3991.994353956249,6122
2026-09-17T18:00:00Z,GAS,COMBINED CYCLE,2983.3524617724947,3974
2026-09-17T18:00:00Z,GAS,GAS FIRED STEAM,723.0486532995436,3078
2026-09-17T18:00:00Z,GAS,SIMPLE CYCLE,33.43511065043923,1014
2026-09-17T18:00:00Z,HYDRO,HYDRO,236.14380879624022,896
2026-09-17T18:00:00Z,OTHER,BIOMASS,35.814554684592615,195
2026-09-17T18:00:00Z,OTHER,COMPOSITE,0,20
2026-09-17T18:00:00Z,OTHER,GAS,2,10
2026-09-17T18:00:00Z,OTHER,GAS COGEN,12.037166372405158,58
2026-09-17T18:00:00Z,OTHER,OIL/GAS,32.49918259302775,53
2026-09-17T18:00:00Z,OTHER,WOOD/REFUSE,80.25656125598483,149
2026-09-17T18:00:00Z,SOLAR,SOLAR,1620.9799816910427,1892
2026-09-17T18:00:00Z,WIND,WIND,501.3053053345697,5684
2026-09-17T19:00:00Z,ENERGY STORAGE,ENERGY STORAGE,-0.4000000059604645,270
2026-09-17T19:00:00Z,GAS,COGENERATION,3962.9838698454696,6122
2026-09-17T19:00:00Z,GAS,COMBINED CYCLE,3124.819453307258,3974
2026-09-17T19:00:00Z,GAS,GAS FIRED STEAM,905.2323756196764,3078
2026-09-17T19:00:00Z,GAS,SIMPLE CYCLE,45.74472566018502,1014
2026-09-17T19:00:00Z,HYDRO,HYDRO,212.93167644023896,896
2026-09-17T19:00:00Z,OTHER,BIOMASS,36.020498812562884,195
2026-09-17T19:00:00Z,OTHER,COMPOSITE,0,20
2026-09-17T19:00:00Z,OTHER,GAS,2,10
2026-09-17T19:00:00Z,OTHER,GAS COGEN,11.606499709553187,58
2026-09-17T19:00:00Z,OTHER,OIL/GAS,33.37777102788289,53
2026-09-17T19:00:00Z,OTHER,WOOD/REFUSE,82.45333192719353,149
2026-09-17T19:00:00Z,SOLAR,SOLAR,1591.9818635499478,1892
2026-09-17T19:00:00Z,WIND,WIND,309.41236428977714,5684
2026-09-17T20:00:00Z,ENERGY STORAGE,ENERGY STORAGE,-0.4000000059604645,270
2026-09-17T20:00:00Z,GAS,COGENERATION,3943.22119829456,6122
2026-09-17T20:00:00Z,GAS,COMBINED CYCLE,3233.2589597188103,3974
2026-09-17T20:00:00Z,GAS,GAS FIRED STEAM,1005.3513774108886,3078
2026-09-17T20:00:00Z,GAS,SIMPLE CYCLE,32.30670925206608,1014
2026-09-17T20:00:00Z,HYDRO,HYDRO,141.561357879291,896
2026-09-17T20:00:00Z,OTHER,BIOMASS,31.439832546197707,195
2026-09-17T20:00:00Z,OTHER,COMPOSITE,0,20
2026-09-17T20:00:00Z,OTHER,GAS,2,10
2026-09-17T20:00:00Z,OTHER,GAS COGEN,11.401499932607017,58
2026-09-17T20:00:00Z,OTHER,OIL/GAS,33.07873803456624,53
2026-09-17T20:00:00Z,OTHER,WOOD/REFUSE,82.74127173635695,149
2026-09-17T20:00:00Z,SOLAR,SOLAR,1630.477147909701,1892
2026-09-17T20:00:00Z,WIND,WIND,176.97907826015518,5684
2026-09-17T21:00:00Z,ENERGY STORAGE,ENERGY STORAGE,-37.6852770280838,270
2026-09-17T21:00:00Z,GAS,COGENERATION,3925.214357729091,6122
2026-09-17T21:00:00Z,GAS,COMBINED CYCLE,3241.3633068619833,3974
2026-09-17T21:00:00Z,GAS,GAS FIRED STEAM,974.6472881995306,3078
2026-09-17T21:00:00Z,GAS,SIMPLE CYCLE,167.8244103916031,1014
2026-09-17T21:00:00Z,HYDRO,HYDRO,181.4139631601837,896
2026-09-17T21:00:00Z,OTHER,BIOMASS,34.86911059783564,195
2026-09-17T21:00:00Z,OTHER,COMPOSITE,0,20
2026-09-17T21:00:00Z,OTHER,GAS,2,10
2026-09-17T21:00:00Z,OTHER,GAS COGEN,11.305833509233263,58
2026-09-17T21:00:00Z,OTHER,OIL/GAS,32.90801003350152,53
2026-09-17T21:00:00Z,OTHER,WOOD/REFUSE,85.10362203439077,149
2026-09-17T21:00:00Z,SOLAR,SOLAR,1639.7071041973431,1892
2026-09-17T21:00:00Z,WIND,WIND,102.6553530778115,5684
2026-09-17T22:00:00Z,ENERGY STORAGE,ENERGY STORAGE,-79.94072038830983,270
2026-09-17T22:00:00Z,GAS,COGENERATION,3914.5352281305527,6122
2026-09-17T22:00:00Z,GAS,COMBINED CYCLE,3256.4197390927206,3974
2026-09-17T22:00:00Z,GAS,GAS FIRED STEAM,1056.5855944993762,3078
2026-09-17T22:00:00Z,GAS,SIMPLE CYCLE,323.165829487294,1014
2026-09-17T22:00:00Z,HYDRO,HYDRO,208.2681107208795,896
2026-09-17T22:00:00Z,OTHER,BIOMASS,35.298332368002995,195
2026-09-17T22:00:00Z,OTHER,COMPOSITE,0,20
2026-09-17T22:00:00Z,OTHER,GAS,2,10
2026-09-17T22:00:00Z,OTHER,GAS COGEN,11.318166811201309,58
2026-09-17T22:00:00Z,OTHER,OIL/GAS,32.913861204783124,53
2026-09-17T22:00:00Z,OTHER,WOOD/REFUSE,88.23928041405148,149
2026-09-17T22:00:00Z,SOLAR,SOLAR,1537.7794855354891,1892
2026-09-17T22:00:00Z,WIND,WIND,56.8626245410492,5684
2026-09-17T23:00:00Z,ENERGY STORAGE,ENERGY STORAGE,-38.350721508314216,270
2026-09-17T23:00:00Z,GAS,COGENERATION,3929.1216934747827,6122
2026-09-17T23:00:00Z,GAS,COMBINED CYCLE,3046.936901643276,3974
2026-09-17T23:00:00Z,GAS,GAS FIRED STEAM,1150.864763437907,3078
2026-09-17T23:00:00Z,GAS,SIMPLE CYCLE,399.52583310651283,1014
2026-09-17T23:00:00Z,HYDRO,HYDRO,254.80008915709126,896
2026-09-17T23:00:00Z,OTHER,BIOMASS,36.43427689330446,195
2026-09-17T23:00:00Z,OTHER,COMPOSITE,11.24844443221887,20
2026-09-17T23:00:00Z,OTHER,GAS,2,10
2026-09-17T23:00:00Z,OTHER,GAS COGEN,11.34083342022366,58
2026-09-17T23:00:00Z,OTHER,OIL/GAS,33.118204826778836,53
2026-09-17T23:00:00Z,OTHER,WOOD/REFUSE,94.9463029220369,149
2026-09-17T23:00:00Z,SOLAR,SOLAR,1294.8716143156091,1892
2026-09-17T23:00:00Z,WIND,WIND,37.05035079444034,5684
2026-09-18T00:00:00Z,ENERGY STORAGE,ENERGY STORAGE,0,270
2026-09-18T00:00:00Z,GAS,COGENERATION,3944.6755760071014,6122
2026-09-18T00:00:00Z,GAS,COMBINED CYCLE,3014.6891508987214,3974
2026-09-18T00:00:00Z,GAS,GAS FIRED STEAM,1200.8832632658216,3078
2026-09-18T00:00:00Z,GAS,SIMPLE CYCLE,540.6815631181664,1014
2026-09-18T00:00:00Z,HYDRO,HYDRO,397.52218057249985,896
2026-09-18T00:00:00Z,OTHER,BIOMASS,38.85227686095569,195
2026-09-18T00:00:00Z,OTHER,COMPOSITE,12.299833523962231,20
2026-09-18T00:00:00Z,OTHER,GAS,2,10
2026-09-18T00:00:00Z,OTHER,GAS COGEN,11.374333335028757,58
2026-09-18T00:00:00Z,OTHER,OIL/GAS,33.073010268741186,53
2026-09-18T00:00:00Z,OTHER,WOOD/REFUSE,99.18568073908489,149
2026-09-18T00:00:00Z,SOLAR,SOLAR,561.4205917222466,1892
2026-09-18T00:00:00Z,WIND,WIND,48.272240827302966,5684
2026-09-18T01:00:00Z,ENERGY STORAGE,ENERGY STORAGE,0,270
2026-09-18T01:00:00Z,GAS,COGENERATION,3986.86312373307,6122
2026-09-18T01:00:00Z,GAS,COMBINED CYCLE,3106.7228531254664,3974
2026-09-18T01:00:00Z,GAS,GAS FIRED STEAM,1216.333426399231,3078
2026-09-18T01:00:00Z,GAS,SIMPLE CYCLE,596.1490913357668,1014
2026-09-18T01:00:00Z,HYDRO,HYDRO,373.84110757003225,896
2026-09-18T01:00:00Z,OTHER,BIOMASS,39.196387712756795,195
2026-09-18T01:00:00Z,OTHER,COMPOSITE,12.368666682773169,20
2026-09-18T01:00:00Z,OTHER,GAS,2,10
2026-09-18T01:00:00Z,OTHER,GAS COGEN,11.59999942779541,58
2026-09-18T01:00:00Z,OTHER,OIL/GAS,32.677104229397244,53
2026-09-18T01:00:00Z,OTHER,WOOD/REFUSE,108.42421210024094,149
2026-09-18T01:00:00Z,SOLAR,SOLAR,81.58944284310357,1892
2026-09-18T01:00:00Z,WIND,WIND,102.8742434681952,5684
2026-09-18T02:00:00Z,ENERGY STORAGE,ENERGY STORAGE,0,270
2026-09-18T02:00:00Z,GAS,COGENERATION,4018.543313802216,6122
2026-09-18T02:00:00Z,GAS,COMBINED CYCLE,3053.5707571204503,3974
2026-09-18T02:00:00Z,GAS,GAS FIRED STEAM,1217.4975960678523,3078
2026-09-18T02:00:00Z,GAS,SIMPLE CYCLE,605.5026829984453,1014
2026-09-18T02:00:00Z,HYDRO,HYDRO,443.71662115959657,896
2026-09-18T02:00:00Z,OTHER,BIOMASS,47.98272098839283,195
2026-09-18T02:00:00Z,OTHER,COMPOSITE,12.59999942779541,20
2026-09-18T02:00:00Z,OTHER,GAS,2,10
2026-09-18T02:00:00Z,OTHER,GAS COGEN,11.59999942779541,58
2026-09-18T02:00:00Z,OTHER,OIL/GAS,32.68927155388726,53
2026-09-18T02:00:00Z,OTHER,WOOD/REFUSE,108.62764116075303,149
2026-09-18T02:00:00Z,SOLAR,SOLAR,14.511833009421826,1892
2026-09-18T02:00:00Z,WIND,WIND,124.49804131098918,5684
2026-09-18T03:00:00Z,ENERGY STORAGE,ENERGY STORAGE,0,270
2026-09-18T03:00:00Z,GAS,COGENERATION,4017.2458782084123,6122
2026-09-18T03:00:00Z,GAS,COMBINED CYCLE,2956.030028075642,3974
2026-09-18T03:00:00Z,GAS,GAS FIRED STEAM,1217.4099270248414,3078
2026-09-18T03:00:00Z,GAS,SIMPLE CYCLE,605.507144250075,1014
2026-09-18T03:00:00Z,HYDRO,HYDRO,320.1481772519151,896
2026-09-18T03:00:00Z,OTHER,BIOMASS,49.04516518639194,195
2026-09-18T03:00:00Z,OTHER,COMPOSITE,12.719166170226202,20
2026-09-18T03:00:00Z,OTHER,GAS,2,10
2026-09-18T03:00:00Z,OTHER,GAS COGEN,11.631666114595202,58
2026-09-18T03:00:00Z,OTHER,OIL/GAS,32.66961613761054,53
2026-09-18T03:00:00Z,OTHER,WOOD/REFUSE,101.56112293508318,149
2026-09-18T03:00:00Z,SOLAR,SOLAR,1.132166651421123,1892
2026-09-18T03:00:00Z,WIND,WIND,164.20260708982747,5684
2026-09-18T04:00:00Z,ENERGY STORAGE,ENERGY STORAGE,0,270
2026-09-18T04:00:00Z,GAS,COGENERATION,4014.678146091567,6122
2026-09-18T04:00:00Z,GAS,COMBINED CYCLE,3222.141400270462,3974
2026-09-18T04:00:00Z,GAS,GAS FIRED STEAM,1186.5593741808998,3078
2026-09-18T04:00:00Z,GAS,SIMPLE CYCLE,470.65709528373344,1014
2026-09-18T04:00:00Z,HYDRO,HYDRO,288.5487748128838,896
2026-09-18T04:00:00Z,OTHER,BIOMASS,50.50138783034351,195
2026-09-18T04:00:00Z,OTHER,COMPOSITE,12.899999618530272,20
2026-09-18T04:00:00Z,OTHER,GAS,2,10
2026-09-18T04:00:00Z,OTHER,GAS COGEN,11.59999942779541,58
2026-09-18T04:00:00Z,OTHER,OIL/GAS,33.027615793016224,53
2026-09-18T04:00:00Z,OTHER,WOOD/REFUSE,97.29716777483623,149
2026-09-18T04:00:00Z,SOLAR,SOLAR,0.7521111208531592,1892
2026-09-18T04:00:00Z,WIND,WIND,89.45411224903332,5684
2026-09-18T05:00:00Z,ENERGY STORAGE,ENERGY STORAGE,0,270
2026-09-18T05:00:00Z,GAS,COGENERATION,4027.9355115943486,6122
2026-09-18T05:00:00Z,GAS,COMBINED CYCLE,3357.735668858952,3974
2026-09-18T05:00:00Z,GAS,GAS FIRED STEAM,1184.14593079461,3078
2026-09-18T05:00:00Z,GAS,SIMPLE CYCLE,449.72750569058786,1014
2026-09-18T05:00:00Z,HYDRO,HYDRO,185.12962725371122,896
2026-09-18T05:00:00Z,OTHER,BIOMASS,53.54388745771514,195
2026-09-18T05:00:00Z,OTHER,COMPOSITE,12.980999670028687,20
2026-09-18T05:00:00Z,OTHER,GAS,2,10
2026-09-18T05:00:00Z,OTHER,GAS COGEN,11.59999942779541,58
2026-09-18T05:00:00Z,OTHER,OIL/GAS,32.64121573978,53
2026-09-18T05:00:00Z,OTHER,WOOD/REFUSE,96.38418157683478,149
2026-09-18T05:00:00Z,SOLAR,SOLAR,0.45027778300974103,1892
2026-09-18T05:00:00Z,WIND,WIND,42.05049046513935,5684
2026-09-18T06:00:00Z,ENERGY STORAGE,ENERGY STORAGE,0,270
2026-09-18T06:00:00Z,GAS,COGENERATION,4030.468501013385,6122
2026-09-18T06:00:00Z,GAS,COMBINED CYCLE,3363.2255790403156,3974
2026-09-18T06:00:00Z,GAS,GAS FIRED STEAM,1213.5884238518609,3078
2026-09-18T06:00:00Z,GAS,SIMPLE CYCLE,284.903130979538,1014
2026-09-18T06:00:00Z,HYDRO,HYDRO,168.64875329428247,896
2026-09-18T06:00:00Z,OTHER,BIOMASS,55.111387299166786,195
2026-09-18T06:00:00Z,OTHER,COMPOSITE,13.199999809265137,20
2026-09-18T06:00:00Z,OTHER,GAS,2,10
2026-09-18T06:00:00Z,OTHER,GAS COGEN,11.59999942779541,58
2026-09-18T06:00:00Z,OTHER,OIL/GAS,33.161443095737035,53
2026-09-18T06:00:00Z,OTHER,WOOD/REFUSE,94.61122284412383,149
2026-09-18T06:00:00Z,SOLAR,SOLAR,0.30000000447034836,1892
2026-09-18T06:00:00Z,WIND,WIND,28.600588696449996,5684
2026-09-18T07:00:00Z,ENERGY STORAGE,ENERGY STORAGE,0,270
2026-09-18T07:00:00Z,GAS,COGENERATION,4042.606462247769,6122
2026-09-18T07:00:00Z,GAS,COMBINED CYCLE,3363.345844315953,3974
2026-09-18T07:00:00Z,GAS,GAS FIRED STEAM,1217.0734812079536,3078
2026-09-18T07:00:00Z,GAS,SIMPLE CYCLE,225.96007356113859,1014
2026-09-18T07:00:00Z,HYDRO,HYDRO,140.2851865995427,896
2026-09-18T07:00:00Z,OTHER,BIOMASS,50.019776606758434,195
2026-09-18T07:00:00Z,OTHER,COMPOSITE,9.937610734833612,20
2026-09-18T07:00:00Z,OTHER,GAS,2,10
2026-09-18T07:00:00Z,OTHER,GAS COGEN,11.59999942779541,58
2026-09-18T07:00:00Z,OTHER,OIL/GAS,35.5761823993259,53
2026-09-18T07:00:00Z,OTHER,WOOD/REFUSE,95.27356487751007,149
2026-09-18T07:00:00Z,SOLAR,SOLAR,0.30000000447034836,1892
2026-09-18T07:00:00Z,WIND,WIND,31.489955728227894,5684
2026-09-18T08:00:00Z,ENERGY STORAGE,ENERGY STORAGE,-7.823110959380864,270
2026-09-18T08:00:00Z,GAS,COGENERATION,4068.0585506282914,6122
2026-09-18T08:00:00Z,GAS,COMBINED CYCLE,3334.824622548951,3974
2026-09-18T08:00:00Z,GAS,GAS FIRED STEAM,1197.461700990465,3078
2026-09-18T08:00:00Z,GAS,SIMPLE CYCLE,190.92964114228883,1014
2026-09-18T08:00:00Z,HYDRO,HYDRO,141.7441408946117,896
2026-09-18T08:00:00Z,OTHER,BIOMASS,48.23611019319958,195
2026-09-18T08:00:00Z,OTHER,COMPOSITE,9.899999618530272,20
2026-09-18T08:00:00Z,OTHER,GAS,2,10
2026-09-18T08:00:00Z,OTHER,GAS COGEN,11.698832823965285,58
2026-09-18T08:00:00Z,OTHER,OIL/GAS,39.348632367451984,53
2026-09-18T08:00:00Z,OTHER,WOOD/REFUSE,89.65474699020386,149
2026-09-18T08:00:00Z,SOLAR,SOLAR,0.30000000447034836,1892
2026-09-18T08:00:00Z,WIND,WIND,43.79632819862002,5684
2026-09-18T09:00:00Z,ENERGY STORAGE,ENERGY STORAGE,-9.741722043918239,270
2026-09-18T09:00:00Z,GAS,COGENERATION,4076.0847931930753,6122
2026-09-18T09:00:00Z,GAS,COMBINED CYCLE,3322.7451093663108,3974
2026-09-18T09:00:00Z,GAS,GAS FIRED STEAM,1182.5613145870634,3078
2026-09-18T09:00:00Z,GAS,SIMPLE CYCLE,138.6517337259319,1014
2026-09-18T09:00:00Z,HYDRO,HYDRO,118.17361333780819,896
2026-09-18T09:00:00Z,OTHER,BIOMASS,45.89561081416077,195
2026-09-18T09:00:00Z,OTHER,COMPOSITE,9.907555170589022,20
2026-09-18T09:00:00Z,OTHER,GAS,2,10
2026-09-18T09:00:00Z,OTHER,GAS COGEN,11.88833294444614,58
2026-09-18T09:00:00Z,OTHER,OIL/GAS,41.42474295934041,53
2026-09-18T09:00:00Z,OTHER,WOOD/REFUSE,87.80779885715909,149
2026-09-18T09:00:00Z,SOLAR,SOLAR,0.30000000447034836,1892
2026-09-18T09:00:00Z,WIND,WIND,76.2916121378541,5684
2026-09-18T10:00:00Z,ENERGY STORAGE,ENERGY STORAGE,-8.40566655314631,270
2026-09-18T10:00:00Z,GAS,COGENERATION,4085.860663512283,6122
2026-09-18T10:00:00Z,GAS,COMBINED CYCLE,3326.3466956403518,3974
2026-09-18T10:00:00Z,GAS,GAS FIRED STEAM,1191.673426030477,3078
2026-09-18T10:00:00Z,GAS,SIMPLE CYCLE,134.5559021862348,1014
2026-09-18T10:00:00Z,HYDRO,HYDRO,123.78802528724903,896
2026-09-18T10:00:00Z,OTHER,BIOMASS,48.74444335844782,195
2026-09-18T10:00:00Z,OTHER,COMPOSITE,0.981888846622573,20
2026-09-18T10:00:00Z,OTHER,GAS,2,10
2026-09-18T10:00:00Z,OTHER,GAS COGEN,11.764832865926955,58
2026-09-18T10:00:00Z,OTHER,OIL/GAS,41.763538661532934,53
2026-09-18T10:00:00Z,OTHER,WOOD/REFUSE,89.0139046743181,149
2026-09-18T10:00:00Z,SOLAR,SOLAR,0.30000000447034836,1892
2026-09-18T10:00:00Z,WIND,WIND,111.05715950571,5684
2026-09-18T11:00:00Z,ENERGY STORAGE,ENERGY STORAGE,-1.1517222038822041,270
2026-09-18T11:00:00Z,GAS,COGENERATION,4094.738427919017,6122
2026-09-18T11:00:00Z,GAS,COMBINED CYCLE,3325.3729039377636,3974
2026-09-18T11:00:00Z,GAS,GAS FIRED STEAM,1216.7287580871582,3078
2026-09-18T11:00:00Z,GAS,SIMPLE CYCLE,164.78907877090904,1014
2026-09-18T11:00:00Z,HYDRO,HYDRO,176.1670486717754,896
2026-09-18T11:00:00Z,OTHER,BIOMASS,51.9662210368779,195
2026-09-18T11:00:00Z,OTHER,COMPOSITE,0,20
2026-09-18T11:00:00Z,OTHER,GAS,2,10
2026-09-18T11:00:00Z,OTHER,GAS COGEN,11.656832797262403,58
2026-09-18T11:00:00Z,OTHER,OIL/GAS,41.20757641050551,53
2026-09-18T11:00:00Z,OTHER,WOOD/REFUSE,92.90010250462427,149
2026-09-18T11:00:00Z,SOLAR,SOLAR,0.30000000447034836,1892
2026-09-18T11:00:00Z,WIND,WIND,128.87125865518632,5684
2026-09-18T12:00:00Z,ENERGY STORAGE,ENERGY STORAGE,-0.3999999910593033,270
2026-09-18T12:00:00Z,GAS,COGENERATION,4102.971005740431,6122
2026-09-18T12:00:00Z,GAS,COMBINED CYCLE,3401.9902178054385,3974
2026-09-18T12:00:00Z,GAS,GAS FIRED STEAM,1217.1630900149876,3078
2026-09-18T12:00:00Z,GAS,SIMPLE CYCLE,238.8613622224331,1014
2026-09-18T12:00:00Z,HYDRO,HYDRO,257.8124287999173,896
2026-09-18T12:00:00Z,OTHER,BIOMASS,56.52983230405383,195
2026-09-18T12:00:00Z,OTHER,COMPOSITE,7.147888617018858,20
2026-09-18T12:00:00Z,OTHER,GAS,2,10
2026-09-18T12:00:00Z,OTHER,GAS COGEN,11.825332904391818,58
2026-09-18T12:00:00Z,OTHER,OIL/GAS,41.07453247494168,53
2026-09-18T12:00:00Z,OTHER,WOOD/REFUSE,100.34008132669662,149
2026-09-18T12:00:00Z,SOLAR,SOLAR,0.30000000447034836,1892
2026-09-18T12:00:00Z,WIND,WIND,152.2923793804894,5684
2026-09-18T13:00:00Z,ENERGY STORAGE,ENERGY STORAGE,-0.3999999910593033,270
2026-09-18T13:00:00Z,GAS,COGENERATION,4107.141218920019,6122
2026-09-18T13:00:00Z,GAS,COMBINED CYCLE,3375.9876311095554,3974
2026-09-18T13:00:00Z,GAS,GAS FIRED STEAM,1216.155088467068,3078
2026-09-18T13:00:00Z,GAS,SIMPLE CYCLE,323.1576706099841,1014
2026-09-18T13:00:00Z,HYDRO,HYDRO,167.54456451891198,896
2026-09-18T13:00:00Z,OTHER,BIOMASS,58.37733224037621,195
2026-09-18T13:00:00Z,OTHER,COMPOSITE,9.899999618530272,20
2026-09-18T13:00:00Z,OTHER,GAS,2,10
2026-09-18T13:00:00Z,OTHER,GAS COGEN,11.941166311370004,58
2026-09-18T13:00:00Z,OTHER,OIL/GAS,41.67948756111993,53
2026-09-18T13:00:00Z,OTHER,WOOD/REFUSE,95.78465636518266,149
2026-09-18T13:00:00Z,SOLAR,SOLAR,75.17616450472424,1892
2026-09-18T13:00:00Z,WIND,WIND,185.64818682613887,5684
2026-09-18T14:00:00Z,ENERGY STORAGE,ENERGY STORAGE,-0.3999999910593033,270
2026-09-18T14:00:00Z,GAS,COGENERATION,4035.290874203311,6122
2026-09-18T14:00:00Z,GAS,COMBINED CYCLE,3323.4102696361806,3974
2026-09-18T14:00:00Z,GAS,GAS FIRED STEAM,1049.8544273206924,3078
2026-09-18T14:00:00Z,GAS,SIMPLE CYCLE,222.8670605897862,1014
2026-09-18T14:00:00Z,HYDRO,HYDRO,153.1508365170161,896
2026-09-18T14:00:00Z,OTHER,BIOMASS,57.23188769118653,195
2026-09-18T14:00:00Z,OTHER,COMPOSITE,7.909777475926611,20
2026-09-18T14:00:00Z,OTHER,GAS,2,10
2026-09-18T14:00:00Z,OTHER,GAS COGEN,12.024499727884928,58
2026-09-18T14:00:00Z,OTHER,OIL/GAS,42.1027542813619,53
2026-09-18T14:00:00Z,OTHER,WOOD/REFUSE,89.58960751692454,149
2026-09-18T14:00:00Z,SOLAR,SOLAR,659.4240905329088,1892
2026-09-18T14:00:00Z,WIND,WIND,187.82317182987723,5684
2026-09-18T15:00:00Z,ENERGY STORAGE,ENERGY STORAGE,-0.3999999910593033,270
2026-09-18T15:00:00Z,GAS,COGENERATION,3997.825271477832,6122
2026-09-18T15:00:00Z,GAS,COMBINED CYCLE,3214.35991017739,3974
2026-09-18T15:00:00Z,GAS,GAS FIRED STEAM,777.1746004592048,3078
2026-09-18T15:00:00Z,GAS,SIMPLE CYCLE,59.17413285834922,1014
2026-09-18T15:00:00Z,HYDRO,HYDRO,172.44019789094727,896
2026-09-18T15:00:00Z,OTHER,BIOMASS,47.092665620678,195
2026-09-18T15:00:00Z,OTHER,COMPOSITE,0,20
2026-09-18T15:00:00Z,OTHER,GAS,2,10
2026-09-18T15:00:00Z,OTHER,GAS COGEN,9.635666530927022,58
2026-09-18T15:00:00Z,OTHER,OIL/GAS,42.75078799777561,53
2026-09-18T15:00:00Z,OTHER,WOOD/REFUSE,86.83546891848246,149
2026-09-18T15:00:00Z,SOLAR,SOLAR,1393.0017846440276,1892
2026-09-18T15:00:00Z,WIND,WIND,81.67180407127779,5684
2026-09-18T16:00:00Z,ENERGY STORAGE,ENERGY STORAGE,-0.02599999477465946,270
2026-09-18T16:00:00Z,GAS,COGENERATION,3969.3709200642506,6122
2026-09-18T16:00:00Z,GAS,COMBINED CYCLE,3193.6939765898387,3974
2026-09-18T16:00:00Z,GAS,GAS FIRED STEAM,802.7145982890659,3078
2026-09-18T16:00:00Z,GAS,SIMPLE CYCLE,58.27016533046547,1014
2026-09-18T16:00:00Z,HYDRO,HYDRO,192.4026991154088,896
2026-09-18T16:00:00Z,OTHER,BIOMASS,42.41077673147122,195
2026-09-18T16:00:00Z,OTHER,COMPOSITE,0,20
2026-09-18T16:00:00Z,OTHER,GAS,2,10
2026-09-18T16:00:00Z,OTHER,GAS COGEN,10.897333268059624,58
2026-09-18T16:00:00Z,OTHER,OIL/GAS,42.42127692752414,53
2026-09-18T16:00:00Z,OTHER,WOOD/REFUSE,88.86876942793529,149
2026-09-18T16:00:00Z,SOLAR,SOLAR,1608.7496303859684,1892
2026-09-18T16:00:00Z,WIND,WIND,25.908257932335967,5684
2026-09-18T17:00:00Z,ENERGY STORAGE,ENERGY STORAGE,0.20000000298023224,270
2026-09-18T17:00:00Z,GAS,COGENERATION,3946.0626112356454,6122
2026-09-18T17:00:00Z,GAS,COMBINED CYCLE,3162.413319861359,3974
2026-09-18T17:00:00Z,GAS,GAS FIRED STEAM,811.6844661288792,3078
2026-09-18T17:00:00Z,GAS,SIMPLE CYCLE,58.014165724913276,1014
2026-09-18T17:00:00Z,HYDRO,HYDRO,204.8032281247278,896
2026-09-18T17:00:00Z,OTHER,BIOMASS,44.71216614779499,195
2026-09-18T17:00:00Z,OTHER,COMPOSITE,0,20
2026-09-18T17:00:00Z,OTHER,GAS,2,10
2026-09-18T17:00:00Z,OTHER,GAS COGEN,9.317499687936571,58
2026-09-18T17:00:00Z,OTHER,OIL/GAS,44.209538277520075,53
2026-09-18T17:00:00Z,OTHER,WOOD/REFUSE,87.93308125072056,149
2026-09-18T17:00:00Z,SOLAR,SOLAR,1632.0864146689573,1892
2026-09-18T17:00:00Z,WIND,WIND,45.566499320135144,5684
2026-09-18T18:00:00Z,ENERGY STORAGE,ENERGY STORAGE,0.20000000298023224,270
2026-09-18T18:00:00Z,GAS,COGENERATION,3960.2687876568402,6122
2026-09-18T18:00:00Z,GAS,COMBINED CYCLE,3129.5926345239745,3974
2026-09-18T18:00:00Z,GAS,GAS FIRED STEAM,912.471930999756,3078
2026-09-18T18:00:00Z,GAS,SIMPLE CYCLE,58.30016605549388,1014
2026-09-18T18:00:00Z,HYDRO,HYDRO,200.71671918150452,896
2026-09-18T18:00:00Z,OTHER,BIOMASS,44.796388314896156,195
2026-09-18T18:00:00Z,OTHER,COMPOSITE,0,20
2026-09-18T18:00:00Z,OTHER,GAS,2,10
2026-09-18T18:00:00Z,OTHER,GAS COGEN,11.297555327415466,58
2026-09-18T18:00:00Z,OTHER,OIL/GAS,44.31837187872993,53
2026-09-18T18:00:00Z,OTHER,WOOD/REFUSE,87.76256088892619,149
2026-09-18T18:00:00Z,SOLAR,SOLAR,1581.0711873088942,1892
2026-09-18T18:00:00Z,WIND,WIND,71.11909515645148,5684
2026-09-18T19:00:00Z,ENERGY STORAGE,ENERGY STORAGE,0.20000000298023224,270
2026-09-18T19:00:00Z,GAS,COGENERATION,3963.765805339813,6122
2026-09-18T19:00:00Z,GAS,COMBINED CYCLE,3127.0867211373647,3974
2026-09-18T19:00:00Z,GAS,GAS FIRED STEAM,911.9680805163914,3078
2026-09-18T19:00:00Z,GAS,SIMPLE CYCLE,55.54655462695493,1014
2026-09-18T19:00:00Z,HYDRO,HYDRO,224.0990970761577,896
2026-09-18T19:00:00Z,OTHER,BIOMASS,44.27316601190302,195
2026-09-18T19:00:00Z,OTHER,COMPOSITE,0,20
2026-09-18T19:00:00Z,OTHER,GAS,2,10
2026-09-18T19:00:00Z,OTHER,GAS COGEN,12,58
2026-09-18T19:00:00Z,OTHER,OIL/GAS,44.505460510253904,53
2026-09-18T19:00:00Z,OTHER,WOOD/REFUSE,88.04617263582017,149
2026-09-18T19:00:00Z,SOLAR,SOLAR,1569.4604982299275,1892
2026-09-18T19:00:00Z,WIND,WIND,148.75128555088406,5684
2026-09-18T20:00:00Z,ENERGY STORAGE,ENERGY STORAGE,0.3720555462770992,270
2026-09-18T20:00:00Z,GAS,COGENERATION,3944.6140151406657,6122
2026-09-18T20:00:00Z,GAS,COMBINED CYCLE,3070.4986748957635,3974
2026-09-18T20:00:00Z,GAS,GAS FIRED STEAM,926.2876297336154,3078
2026-09-18T20:00:00Z,GAS,SIMPLE CYCLE,54.93649938212501,1014
2026-09-18T20:00:00Z,HYDRO,HYDRO,219.85706456545327,896
2026-09-18T20:00:00Z,OTHER,BIOMASS,42.49399957843953,195
2026-09-18T20:00:00Z,OTHER,COMPOSITE,0,20
2026-09-18T20:00:00Z,OTHER,GAS,2,10
2026-09-18T20:00:00Z,OTHER,GAS COGEN,11.80566654311286,58
2026-09-18T20:00:00Z,OTHER,OIL/GAS,44.4649650616116,53
2026-09-18T20:00:00Z,OTHER,WOOD/REFUSE,87.5907756837209,149
2026-09-18T20:00:00Z,SOLAR,SOLAR,1602.9858798355526,1892
2026-09-18T20:00:00Z,WIND,WIND,218.1329591747539,5684
2026-09-18T21:00:00Z,ENERGY STORAGE,ENERGY STORAGE,0.20000000298023224,270
2026-09-18T21:00:00Z,GAS,COGENERATION,3923.271832302809,6122
2026-09-18T21:00:00Z,GAS,COMBINED CYCLE,3050.577088956303,3974
2026-09-18T21:00:00Z,GAS,GAS FIRED STEAM,1012.7748712793987,3078
2026-09-18T21:00:00Z,GAS,SIMPLE CYCLE,53.91755517310567,1014
2026-09-18T21:00:00Z,HYDRO,HYDRO,182.50371159844929,896
2026-09-18T21:00:00Z,OTHER,BIOMASS,42.33399932566616,195
2026-09-18T21:00:00Z,OTHER,COMPOSITE,0,20
2026-09-18T21:00:00Z,OTHER,GAS,2,10
2026-09-18T21:00:00Z,OTHER,GAS COGEN,11.699999809265137,58
2026-09-18T21:00:00Z,OTHER,OIL/GAS,44.425237062242296,53
2026-09-18T21:00:00Z,OTHER,WOOD/REFUSE,86.4561122666465,149
2026-09-18T21:00:00Z,SOLAR,SOLAR,1621.322292159266,1892
2026-09-18T21:00:00Z,WIND,WIND,202.22745736787303,5684
2026-09-18T22:00:00Z,ENERGY STORAGE,ENERGY STORAGE,0.20000000298023224,270
2026-09-18T22:00:00Z,GAS,COGENERATION,3907.3826536226275,6122
2026-09-18T22:00:00Z,GAS,COMBINED CYCLE,3023.6283823108674,3974
2026-09-18T22:00:00Z,GAS,GAS FIRED STEAM,988.8362985102335,3078
2026-09-18T22:00:00Z,GAS,SIMPLE CYCLE,207.44810914066105,1014
2026-09-18T22:00:00Z,HYDRO,HYDRO,175.42488859825664,896
2026-09-18T22:00:00Z,OTHER,BIOMASS,44.167666333516436,195
2026-09-18T22:00:00Z,OTHER,COMPOSITE,0,20
2026-09-18T22:00:00Z,OTHER,GAS,2,10
2026-09-18T22:00:00Z,OTHER,GAS COGEN,11.699166475401984,58
2026-09-18T22:00:00Z,OTHER,OIL/GAS,44.29493256674873,53
2026-09-18T22:00:00Z,OTHER,WOOD/REFUSE,85.44271427048578,149
2026-09-18T22:00:00Z,SOLAR,SOLAR,1553.8081810110145,1892
2026-09-18T22:00:00Z,WIND,WIND,214.6655115028719,5684
2026-09-18T23:00:00Z,ENERGY STORAGE,ENERGY STORAGE,0.19416666955997547,270
2026-09-18T23:00:00Z,GAS,COGENERATION,3914.1747083614932,6122
2026-09-18T23:00:00Z,GAS,COMBINED CYCLE,3116.0997439856,3974
2026-09-18T23:00:00Z,GAS,GAS FIRED STEAM,1008.6258253351848,3078
2026-09-18T23:00:00Z,GAS,SIMPLE CYCLE,354.590649226788,1014
2026-09-18T23:00:00Z,HYDRO,HYDRO,243.914527192331,896
2026-09-18T23:00:00Z,OTHER,BIOMASS,45.357887962195605,195
2026-09-18T23:00:00Z,OTHER,COMPOSITE,0.05922222057978312,20
2026-09-18T23:00:00Z,OTHER,GAS,2,10
2026-09-18T23:00:00Z,OTHER,GAS COGEN,11.699999809265137,58
2026-09-18T23:00:00Z,OTHER,OIL/GAS,44.326943255530466,53
2026-09-18T23:00:00Z,OTHER,WOOD/REFUSE,84.29608166959551,149
2026-09-18T23:00:00Z,SOLAR,SOLAR,1231.9750460466744,1892
2026-09-18T23:00:00Z,WIND,WIND,191.00345892883422,5684
2026-09-19T00:00:00Z,ENERGY STORAGE,ENERGY STORAGE,0,270
2026-09-19T00:00:00Z,GAS,COGENERATION,3954.5182538811364,6122
2026-09-19T00:00:00Z,GAS,COMBINED CYCLE,2936.0479217033917,3974
2026-09-19T00:00:00Z,GAS,GAS FIRED STEAM,1197.5689238315158,3078
2026-09-19T00:00:00Z,GAS,SIMPLE CYCLE,457.51749639040895,1014
2026-09-19T00:00:00Z,HYDRO,HYDRO,416.1879885810117,896
2026-09-19T00:00:00Z,OTHER,BIOMASS,50.910165870289006,195
2026-09-19T00:00:00Z,OTHER,COMPOSITE,12.097888638708326,20
2026-09-19T00:00:00Z,OTHER,GAS,2,10
2026-09-19T00:00:00Z,OTHER,GAS COGEN,11.795666536755032,58
2026-09-19T00:00:00Z,OTHER,OIL/GAS,44.57796099344889,53
2026-09-19T00:00:00Z,OTHER,WOOD/REFUSE,89.03650782479181,149
2026-09-19T00:00:00Z,SOLAR,SOLAR,498.59097805175514,1892
2026-09-19T00:00:00Z,WIND,WIND,263.97985818564064,5684
2026-09-19T01:00:00Z,ENERGY STORAGE,ENERGY STORAGE,0,270
2026-09-19T01:00:00Z,GAS,COGENERATION,3985.4903378494582,6122
2026-09-19T01:00:00Z,GAS,COMBINED CYCLE,2894.648154736095,3974
2026-09-19T01:00:00Z,GAS,GAS FIRED STEAM,1216.0491109890409,3078
2026-09-19T01:00:00Z,GAS,SIMPLE CYCLE,522.1114851681723,1014
2026-09-19T01:00:00Z,HYDRO,HYDRO,317.27059596227275,896
2026-09-19T01:00:00Z,OTHER,BIOMASS,50.9372768412696,195
2026-09-19T01:00:00Z,OTHER,COMPOSITE,12.33349989414215,20
2026-09-19T01:00:00Z,OTHER,GAS,2,10
2026-09-19T01:00:00Z,OTHER,GAS COGEN,12,58
2026-09-19T01:00:00Z,OTHER,OIL/GAS,44.04508248435126,53
2026-09-19T01:00:00Z,OTHER,WOOD/REFUSE,90.0532728237576,149
2026-09-19T01:00:00Z,SOLAR,SOLAR,39.141999332474334,1892
2026-09-19T01:00:00Z,WIND,WIND,395.96121164941127,5684
2026-09-19T02:00:00Z,ENERGY STORAGE,ENERGY STORAGE,13.552055309733582,270
2026-09-19T02:00:00Z,GAS,COGENERATION,4013.4822856774595,6122
2026-09-19T02:00:00Z,GAS,COMBINED CYCLE,2885.4786455451117,3974
2026-09-19T02:00:00Z,GAS,GAS FIRED STEAM,1216.1551244947646,3078
2026-09-19T02:00:00Z,GAS,SIMPLE CYCLE,535.6418338309394,1014
2026-09-19T02:00:00Z,HYDRO,HYDRO,330.13470317929983,896
2026-09-19T02:00:00Z,OTHER,BIOMASS,52.23116567035516,195
2026-09-19T02:00:00Z,OTHER,COMPOSITE,12.5,20
2026-09-19T02:00:00Z,OTHER,GAS,2,10
2026-09-19T02:00:00Z,OTHER,GAS COGEN,12.280666760338676,58
2026-09-19T02:00:00Z,OTHER,OIL/GAS,43.28489456388685,53
2026-09-19T02:00:00Z,OTHER,WOOD/REFUSE,85.88573072698381,149
2026-09-19T02:00:00Z,SOLAR,SOLAR,48.342499585615265,1892
2026-09-19T02:00:00Z,WIND,WIND,586.7304195339894,5684
2026-09-19T03:00:00Z,ENERGY STORAGE,ENERGY STORAGE,0,270
2026-09-19T03:00:00Z,GAS,COGENERATION,4024.9343298252425,6122
2026-09-19T03:00:00Z,GAS,COMBINED CYCLE,3082.9037225023903,3974
2026-09-19T03:00:00Z,GAS,GAS FIRED STEAM,1143.864006406996,3078
2026-09-19T03:00:00Z,GAS,SIMPLE CYCLE,277.5145533855756,1014
2026-09-19T03:00:00Z,HYDRO,HYDRO,164.35943072431616,896
2026-09-19T03:00:00Z,OTHER,BIOMASS,53.956998680929345,195
2026-09-19T03:00:00Z,OTHER,COMPOSITE,12.774055728912352,20
2026-09-19T03:00:00Z,OTHER,GAS,2,10
2026-09-19T03:00:00Z,OTHER,GAS COGEN,12.485999717712405,58
2026-09-19T03:00:00Z,OTHER,OIL/GAS,43.48503776550293,53
2026-09-19T03:00:00Z,OTHER,WOOD/REFUSE,77.12204407427046,149
2026-09-19T03:00:00Z,SOLAR,SOLAR,3.5437222147981324,1892
2026-09-19T03:00:00Z,WIND,WIND,888.4085772253408,5684
2026-09-19T04:00:00Z,ENERGY STORAGE,ENERGY STORAGE,0,270
2026-09-19T04:00:00Z,GAS,COGENERATION,4038.719673534036,6122
2026-09-19T04:00:00Z,GAS,COMBINED CYCLE,3064.7353304333155,3974
2026-09-19T04:00:00Z,GAS,GAS FIRED STEAM,894.6622643195258,3078
2026-09-19T04:00:00Z,GAS,SIMPLE CYCLE,61.40329744189978,1014
2026-09-19T04:00:00Z,HYDRO,HYDRO,197.64343910601403,896
2026-09-19T04:00:00Z,OTHER,BIOMASS,50.25422098835309,195
2026-09-19T04:00:00Z,OTHER,COMPOSITE,0.05911110983954536,20
2026-09-19T04:00:00Z,OTHER,GAS,2,10
2026-09-19T04:00:00Z,OTHER,GAS COGEN,12.59999942779541,58
2026-09-19T04:00:00Z,OTHER,OIL/GAS,44.11848225063748,53
2026-09-19T04:00:00Z,OTHER,WOOD/REFUSE,67.52454887655047,149
2026-09-19T04:00:00Z,SOLAR,SOLAR,0.30000000447034836,1892
2026-09-19T04:00:00Z,WIND,WIND,1113.8079623956978,5684
2026-09-19T05:00:00Z,ENERGY STORAGE,ENERGY STORAGE,0,270
2026-09-19T05:00:00Z,GAS,COGENERATION,4052.937566195064,6122
2026-09-19T05:00:00Z,GAS,COMBINED CYCLE,3074.145770245923,3974
2026-09-19T05:00:00Z,GAS,GAS FIRED STEAM,767.0425080532498,3078
2026-09-19T05:00:00Z,GAS,SIMPLE CYCLE,46.98927791784207,1014
2026-09-19T05:00:00Z,HYDRO,HYDRO,167.02333290208546,896
2026-09-19T05:00:00Z,OTHER,BIOMASS,44.99316566387812,195
2026-09-19T05:00:00Z,OTHER,COMPOSITE,0,20
2026-09-19T05:00:00Z,OTHER,GAS,2,10
2026-09-19T05:00:00Z,OTHER,GAS COGEN,12.59999942779541,58
2026-09-19T05:00:00Z,OTHER,OIL/GAS,43.667704584333634,53
2026-09-19T05:00:00Z,OTHER,WOOD/REFUSE,64.51226693047418,149
2026-09-19T05:00:00Z,SOLAR,SOLAR,0.30000000447034836,1892
2026-09-19T05:00:00Z,WIND,WIND,1125.677911159628,5684
2026-09-19T06:00:00Z,ENERGY STORAGE,ENERGY STORAGE,-3.484222161968549,270
2026-09-19T06:00:00Z,GAS,COGENERATION,4069.4869902752503,6122
2026-09-19T06:00:00Z,GAS,COMBINED CYCLE,2964.7852030913036,3974
2026-09-19T06:00:00Z,GAS,GAS FIRED STEAM,644.3330300165547,3078
2026-09-19T06:00:00Z,GAS,SIMPLE CYCLE,47.1343330611123,1014
2026-09-19T06:00:00Z,HYDRO,HYDRO,129.8933307961623,896
2026-09-19T06:00:00Z,OTHER,BIOMASS,43.766443467835586,195
2026-09-19T06:00:00Z,OTHER,COMPOSITE,0,20
2026-09-19T06:00:00Z,OTHER,GAS,2.065277715524038,10
2026-09-19T06:00:00Z,OTHER,GAS COGEN,12.59999942779541,58
2026-09-19T06:00:00Z,OTHER,OIL/GAS,43.676665503184,53
2026-09-19T06:00:00Z,OTHER,WOOD/REFUSE,64.14529293484158,149
2026-09-19T06:00:00Z,SOLAR,SOLAR,0.30000000447034836,1892
2026-09-19T06:00:00Z,WIND,WIND,1140.660308281978,5684
2026-09-19T07:00:00Z,ENERGY STORAGE,ENERGY STORAGE,-12.098166470444864,270
2026-09-19T07:00:00Z,GAS,COGENERATION,4078.4544984993668,6122
2026-09-19T07:00:00Z,GAS,COMBINED CYCLE,2909.829600146876,3974
2026-09-19T07:00:00Z,GAS,GAS FIRED STEAM,558.358364433315,3078
2026-09-19T07:00:00Z,GAS,SIMPLE CYCLE,44.257888680232895,1014
2026-09-19T07:00:00Z,HYDRO,HYDRO,123.24332335544958,896
2026-09-19T07:00:00Z,OTHER,BIOMASS,42.91999918692642,195
2026-09-19T07:00:00Z,OTHER,COMPOSITE,0,20
2026-09-19T07:00:00Z,OTHER,GAS,2.0999999046325684,10
2026-09-19T07:00:00Z,OTHER,GAS COGEN,12.59999942779541,58
2026-09-19T07:00:00Z,OTHER,OIL/GAS,44.2972995906406,53
2026-09-19T07:00:00Z,OTHER,WOOD/REFUSE,64.63182870282067,149
2026-09-19T07:00:00Z,SOLAR,SOLAR,0.30000000447034836,1892
2026-09-19T07:00:00Z,WIND,WIND,1168.324139834866,5684
2026-09-19T08:00:00Z,ENERGY STORAGE,ENERGY STORAGE,-7.127055475380685,270
2026-09-19T08:00:00Z,GAS,COGENERATION,4045.7734006933374,6122
2026-09-19T08:00:00Z,GAS,COMBINED CYCLE,2968.3367657115728,3974
2026-09-19T08:00:00Z,GAS,GAS FIRED STEAM,457.3500470688608,3078
2026-09-19T08:00:00Z,GAS,SIMPLE CYCLE,44.191999671724105,1014
2026-09-19T08:00:00Z,HYDRO,HYDRO,183.35806614061198,896
2026-09-19T08:00:00Z,OTHER,BIOMASS,42.46222143345409,195
2026-09-19T08:00:00Z,OTHER,COMPOSITE,0,20
2026-09-19T08:00:00Z,OTHER,GAS,2.0999999046325684,10
2026-09-19T08:00:00Z,OTHER,GAS COGEN,12.59999942779541,58
2026-09-19T08:00:00Z,OTHER,OIL/GAS,43.99588731341892,53
2026-09-19T08:00:00Z,OTHER,WOOD/REFUSE,66.48851071039836,149
2026-09-19T08:00:00Z,SOLAR,SOLAR,0.30000000447034836,1892
2026-09-19T08:00:00Z,WIND,WIND,1075.8259679334776,5684
2026-09-19T09:00:00Z,ENERGY STORAGE,ENERGY STORAGE,0,270
2026-09-19T09:00:00Z,GAS,COGENERATION,4099.106971888344,6122
2026-09-19T09:00:00Z,GAS,COMBINED CYCLE,2962.259802277221,3974
2026-09-19T09:00:00Z,GAS,GAS FIRED STEAM,518.3951032159064,3078
2026-09-19T09:00:00Z,GAS,SIMPLE CYCLE,44.38799986521403,1014
2026-09-19T09:00:00Z,HYDRO,HYDRO,159.0117891830206,896
2026-09-19T09:00:00Z,OTHER,BIOMASS,43.433554315467674,195
2026-09-19T09:00:00Z,OTHER,COMPOSITE,0,20
2026-09-19T09:00:00Z,OTHER,GAS,2.0999999046325684,10
2026-09-19T09:00:00Z,OTHER,GAS COGEN,12.62466611014472,58
2026-09-19T09:00:00Z,OTHER,OIL/GAS,43.8072773276435,53
2026-09-19T09:00:00Z,OTHER,WOOD/REFUSE,68.19946357621087,149
2026-09-19T09:00:00Z,SOLAR,SOLAR,0.30000000447034836,1892
2026-09-19T09:00:00Z,WIND,WIND,1000.6181119875858,5684
2026-09-19T10:00:00Z,ENERGY STORAGE,ENERGY STORAGE,0,270
2026-09-19T10:00:00Z,GAS,COGENERATION,4111.619916467666,6122
2026-09-19T10:00:00Z,GAS,COMBINED CYCLE,3006.926490787135,3974
2026-09-19T10:00:00Z,GAS,GAS FIRED STEAM,543.9246500131819,3078
2026-09-19T10:00:00Z,GAS,SIMPLE CYCLE,44.55499954223633,1014
2026-09-19T10:00:00Z,HYDRO,HYDRO,119.04605940055517,896
2026-09-19T10:00:00Z,OTHER,BIOMASS,43.9183875361085,195
2026-09-19T10:00:00Z,OTHER,COMPOSITE,0,20
2026-09-19T10:00:00Z,OTHER,GAS,2.0999999046325684,10
2026-09-19T10:00:00Z,OTHER,GAS COGEN,12.753832858933343,58
2026-09-19T10:00:00Z,OTHER,OIL/GAS,44.344671109517414,53
2026-09-19T10:00:00Z,OTHER,WOOD/REFUSE,69.31133815871344,149
2026-09-19T10:00:00Z,SOLAR,SOLAR,0.30000000447034836,1892
2026-09-19T10:00:00Z,WIND,WIND,1011.9432472811847,5684
2026-09-19T11:00:00Z,ENERGY STORAGE,ENERGY STORAGE,0,270
2026-09-19T11:00:00Z,GAS,COGENERATION,4116.618311769565,6122
2026-09-19T11:00:00Z,GAS,COMBINED CYCLE,3124.0770852788287,3974
2026-09-19T11:00:00Z,GAS,GAS FIRED STEAM,572.1651061432891,3078
2026-09-19T11:00:00Z,GAS,SIMPLE CYCLE,44.511332986619735,1014
2026-09-19T11:00:00Z,HYDRO,HYDRO,120.35784437855085,896
2026-09-19T11:00:00Z,OTHER,BIOMASS,43.629109505249396,195
2026-09-19T11:00:00Z,OTHER,COMPOSITE,0,20
2026-09-19T11:00:00Z,OTHER,GAS,2.0999999046325684,10
2026-09-19T11:00:00Z,OTHER,GAS COGEN,12.910666291978623,58
2026-09-19T11:00:00Z,OTHER,OIL/GAS,44.49077645195855,53
2026-09-19T11:00:00Z,OTHER,WOOD/REFUSE,71.19707269880507,149
2026-09-19T11:00:00Z,SOLAR,SOLAR,0.30000000447034836,1892
2026-09-19T11:00:00Z,WIND,WIND,927.3536596853949,5684
2026-09-19T12:00:00Z,ENERGY STORAGE,ENERGY STORAGE,0,270
2026-09-19T12:00:00Z,GAS,COGENERATION,4117.006878599458,6122
2026-09-19T12:00:00Z,GAS,COMBINED CYCLE,3173.9277156681487,3974
2026-09-19T12:00:00Z,GAS,GAS FIRED STEAM,639.2615189484756,3078
2026-09-19T12:00:00Z,GAS,SIMPLE CYCLE,44.54416615274218,1014
2026-09-19T12:00:00Z,HYDRO,HYDRO,119.17505005160967,896
2026-09-19T12:00:00Z,OTHER,BIOMASS,43.578998553487985,195
2026-09-19T12:00:00Z,OTHER,COMPOSITE,0,20
2026-09-19T12:00:00Z,OTHER,GAS,2.0999999046325684,10
2026-09-19T12:00:00Z,OTHER,GAS COGEN,13.188833135498896,58
2026-09-19T12:00:00Z,OTHER,OIL/GAS,44.34375493579441,53
2026-09-19T12:00:00Z,OTHER,WOOD/REFUSE,71.33822214444479,149
2026-09-19T12:00:00Z,SOLAR,SOLAR,0.30000000447034836,1892
2026-09-19T12:00:00Z,WIND,WIND,980.8298532795492,5684
2026-09-19T13:00:00Z,ENERGY STORAGE,ENERGY STORAGE,0,270
2026-09-19T13:00:00Z,GAS,COGENERATION,4116.709547749625,6122
2026-09-19T13:00:00Z,GAS,COMBINED CYCLE,3164.1503631777236,3974
2026-09-19T13:00:00Z,GAS,GAS FIRED STEAM,647.4624973334206,3078
2026-09-19T13:00:00Z,GAS,SIMPLE CYCLE,44.38199972364637,1014
2026-09-19T13:00:00Z,HYDRO,HYDRO,154.78115406036378,896
2026-09-19T13:00:00Z,OTHER,BIOMASS,42.58055469360617,195
2026-09-19T13:00:00Z,OTHER,COMPOSITE,0,20
2026-09-19T13:00:00Z,OTHER,GAS,2.0999999046325684,10
2026-09-19T13:00:00Z,OTHER,GAS COGEN,13.0969997437795,58
2026-09-19T13:00:00Z,OTHER,OIL/GAS,44.59879890653822,53
2026-09-19T13:00:00Z,OTHER,WOOD/REFUSE,73.20145152197944,149
2026-09-19T13:00:00Z,SOLAR,SOLAR,65.6900544071777,1892
2026-09-19T13:00:00Z,WIND,WIND,993.5574318773175,5684
2026-09-19T14:00:00Z,ENERGY STORAGE,ENERGY STORAGE,0,270
2026-09-19T14:00:00Z,GAS,COGENERATION,4081.9051174722777,6122
2026-09-19T14:00:00Z,GAS,COMBINED CYCLE,3061.0914918353824,3974
2026-09-19T14:00:00Z,GAS,GAS FIRED STEAM,562.2923961901665,3078
2026-09-19T14:00:00Z,GAS,SIMPLE CYCLE,44.09966625425551,1014
2026-09-19T14:00:00Z,HYDRO,HYDRO,118.57160293522807,896
2026-09-19T14:00:00Z,OTHER,BIOMASS,42.43722120222118,195
2026-09-19T14:00:00Z,OTHER,COMPOSITE,0,20
2026-09-19T14:00:00Z,OTHER,GAS,2.034222189585368,10
2026-09-19T14:00:00Z,OTHER,GAS COGEN,13.115499755541483,58
2026-09-19T14:00:00Z,OTHER,OIL/GAS,44.285116049448646,53
2026-09-19T14:00:00Z,OTHER,WOOD/REFUSE,78.29775300555758,149
2026-09-19T14:00:00Z,SOLAR,SOLAR,575.7406315060125,1892
2026-09-19T14:00:00Z,WIND,WIND,891.4473755088862,5684
2026-09-19T15:00:00Z,ENERGY STORAGE,ENERGY STORAGE,0,270
2026-09-19T15:00:00Z,GAS,COGENERATION,3872.399213381608,6122
2026-09-19T15:00:00Z,GAS,COMBINED CYCLE,2857.3571093665228,3974
2026-09-19T15:00:00Z,GAS,GAS FIRED STEAM,379.65296317074035,3078
2026-09-19T15:00:00Z,GAS,SIMPLE CYCLE,44.09549942864312,1014
2026-09-19T15:00:00Z,HYDRO,HYDRO,203.13529810365702,896
2026-09-19T15:00:00Z,OTHER,BIOMASS,43.63983213159773,195
2026-09-19T15:00:00Z,OTHER,COMPOSITE,0,20
2026-09-19T15:00:00Z,OTHER,GAS,2,10
2026-09-19T15:00:00Z,OTHER,GAS COGEN,13.00266635047065,58
2026-09-19T15:00:00Z,OTHER,OIL/GAS,44.07890448676216,53
2026-09-19T15:00:00Z,OTHER,WOOD/REFUSE,78.24707522498237,149
2026-09-19T15:00:00Z,SOLAR,SOLAR,1362.0269007768234,1892
2026-09-19T15:00:00Z,WIND,WIND,606.7567649881004,5684
2026-09-19T16:00:00Z,ENERGY STORAGE,ENERGY STORAGE,0,270
2026-09-19T16:00:00Z,GAS,COGENERATION,3996.9402752935225,6122
2026-09-19T16:00:00Z,GAS,COMBINED CYCLE,2940.4873883710966,3974
2026-09-19T16:00:00Z,GAS,GAS FIRED STEAM,415.8451785694229,3078
2026-09-19T16:00:00Z,GAS,SIMPLE CYCLE,44.25533303154839,1014
2026-09-19T16:00:00Z,HYDRO,HYDRO,196.42659466730223,896
2026-09-19T16:00:00Z,OTHER,BIOMASS,42.61372157706155,195
2026-09-19T16:00:00Z,OTHER,COMPOSITE,0,20
2026-09-19T16:00:00Z,OTHER,GAS,2,10
2026-09-19T16:00:00Z,OTHER,GAS COGEN,12.844666250016957,58
2026-09-19T16:00:00Z,OTHER,OIL/GAS,43.99736628002591,53
2026-09-19T16:00:00Z,OTHER,WOOD/REFUSE,77.58031765355004,149
2026-09-19T16:00:00Z,SOLAR,SOLAR,1616.9969940135213,1892
2026-09-19T16:00:00Z,WIND,WIND,363.6998394864922,5684
2026-09-19T17:00:00Z,ENERGY STORAGE,ENERGY STORAGE,0,270
2026-09-19T17:00:00Z,GAS,COGENERATION,3841.8417189032502,6122
2026-09-19T17:00:00Z,GAS,COMBINED CYCLE,2907.580684083551,3974
2026-09-19T17:00:00Z,GAS,GAS FIRED STEAM,399.6509808736377,3078
2026-09-19T17:00:00Z,GAS,SIMPLE CYCLE,44.28983298619588,1014
2026-09-19T17:00:00Z,HYDRO,HYDRO,152.40690771844652,896
2026-09-19T17:00:00Z,OTHER,BIOMASS,44.8268879390094,195
2026-09-19T17:00:00Z,OTHER,COMPOSITE,0,20
2026-09-19T17:00:00Z,OTHER,GAS,2,10
2026-09-19T17:00:00Z,OTHER,GAS COGEN,12.468333095974392,58
2026-09-19T17:00:00Z,OTHER,OIL/GAS,44.410603754255504,53
2026-09-19T17:00:00Z,OTHER,WOOD/REFUSE,79.28354865762923,149
2026-09-19T17:00:00Z,SOLAR,SOLAR,1653.1341984245512,1892
2026-09-19T17:00:00Z,WIND,WIND,720.9924928397768,5684
2026-09-19T18:00:00Z,ENERGY STORAGE,ENERGY STORAGE,0,270
2026-09-19T18:00:00Z,GAS,COGENERATION,3733.168138785892,6122
2026-09-19T18:00:00Z,GAS,COMBINED CYCLE,2717.539545753797,3974
2026-09-19T18:00:00Z,GAS,GAS FIRED STEAM,355.3747921514511,3078
2026-09-19T18:00:00Z,GAS,SIMPLE CYCLE,44.22766617245144,1014
2026-09-19T18:00:00Z,HYDRO,HYDRO,138.06948719412088,896
2026-09-19T18:00:00Z,OTHER,BIOMASS,44.56013766904672,195
2026-09-19T18:00:00Z,OTHER,COMPOSITE,0,20
2026-09-19T18:00:00Z,OTHER,GAS,2,10
2026-09-19T18:00:00Z,OTHER,GAS COGEN,12.096833394898308,58
2026-09-19T18:00:00Z,OTHER,OIL/GAS,44.633393421173096,53
2026-09-19T18:00:00Z,OTHER,WOOD/REFUSE,79.3429833926095,149
2026-09-19T18:00:00Z,SOLAR,SOLAR,1605.022957986229,1892
2026-09-19T18:00:00Z,WIND,WIND,1224.1065658010998,5684
2026-09-19T19:00:00Z,ENERGY STORAGE,ENERGY STORAGE,0,270
2026-09-19T19:00:00Z,GAS,COGENERATION,3657.6414800756506,6122
2026-09-19T19:00:00Z,GAS,COMBINED CYCLE,2411.3915663333732,3974
2026-09-19T19:00:00Z,GAS,GAS FIRED STEAM,355.81767456518276,3078
2026-09-19T19:00:00Z,GAS,SIMPLE CYCLE,43.58144395510355,1014
2026-09-19T19:00:00Z,HYDRO,HYDRO,167.62627287149428,896
2026-09-19T19:00:00Z,OTHER,BIOMASS,46.27183219591777,195
2026-09-19T19:00:00Z,OTHER,COMPOSITE,0,20
2026-09-19T19:00:00Z,OTHER,GAS,2,10
2026-09-19T19:00:00Z,OTHER,GAS COGEN,11.813999881744383,58
2026-09-19T19:00:00Z,OTHER,OIL/GAS,43.698860314687096,53
2026-09-19T19:00:00Z,OTHER,WOOD/REFUSE,80.7041267575158,149
2026-09-19T19:00:00Z,SOLAR,SOLAR,1568.0775249494448,1892
2026-09-19T19:00:00Z,WIND,WIND,1675.8080492648235,5684
2026-09-19T20:00:00Z,ENERGY STORAGE,ENERGY STORAGE,0,270
2026-09-19T20:00:00Z,GAS,COGENERATION,3620.6860729938085,6122
2026-09-19T20:00:00Z,GAS,COMBINED CYCLE,2473.8009568379985,3974
2026-09-19T20:00:00Z,GAS,GAS FIRED STEAM,354.5429030270047,3078
2026-09-19T20:00:00Z,GAS,SIMPLE CYCLE,42.558832887543566,1014
2026-09-19T20:00:00Z,HYDRO,HYDRO,171.00641948759556,896
2026-09-19T20:00:00Z,OTHER,BIOMASS,48.556666152874634,195
2026-09-19T20:00:00Z,OTHER,COMPOSITE,0,20
2026-09-19T20:00:00Z,OTHER,GAS,2,10
2026-09-19T20:00:00Z,OTHER,GAS COGEN,11.560666387346055,58
2026-09-19T20:00:00Z,OTHER,OIL/GAS,42.92360520044963,53
2026-09-19T20:00:00Z,OTHER,WOOD/REFUSE,80.2358565817939,149
2026-09-19T20:00:00Z,SOLAR,SOLAR,1590.8741821096671,1892
2026-09-19T20:00:00Z,WIND,WIND,1798.4463049551018,5684
2026-09-19T21:00:00Z,ENERGY STORAGE,ENERGY STORAGE,-2.5214999399582543,270
2026-09-19T21:00:00Z,GAS,COGENERATION,3599.413311283986,6122
2026-09-19T21:00:00Z,GAS,COMBINED CYCLE,2535.6557317427796,3974
2026-09-19T21:00:00Z,GAS,GAS FIRED STEAM,354.45837280882733,3078
2026-09-19T21:00:00Z,GAS,SIMPLE CYCLE,42.285999627643164,1014
2026-09-19T21:00:00Z,HYDRO,HYDRO,175.21012551744778,896
2026-09-19T21:00:00Z,OTHER,BIOMASS,46.53999917793605,195
2026-09-19T21:00:00Z,OTHER,COMPOSITE,0,20
2026-09-19T21:00:00Z,OTHER,GAS,2,10
2026-09-19T21:00:00Z,OTHER,GAS COGEN,11.399999618530272,58
2026-09-19T21:00:00Z,OTHER,OIL/GAS,42.89511027018229,53
2026-09-19T21:00:00Z,OTHER,WOOD/REFUSE,79.64963601324293,149
2026-09-19T21:00:00Z,SOLAR,SOLAR,1607.528534583085,1892
2026-09-19T21:00:00Z,WIND,WIND,1907.8716962829067,5684
2026-09-19T22:00:00Z,ENERGY STORAGE,ENERGY STORAGE,0,270
2026-09-19T22:00:00Z,GAS,COGENERATION,3627.0290515813563,6122
2026-09-19T22:00:00Z,GAS,COMBINED CYCLE,2628.935163626671,3974
2026-09-19T22:00:00Z,GAS,GAS FIRED STEAM,354.2765154242515,3078
2026-09-19T22:00:00Z,GAS,SIMPLE CYCLE,42.263666470845536,1014
2026-09-19T22:00:00Z,HYDRO,HYDRO,181.38744115531443,896
2026-09-19T22:00:00Z,OTHER,BIOMASS,44.85999969409571,195
2026-09-19T22:00:00Z,OTHER,COMPOSITE,0,20
2026-09-19T22:00:00Z,OTHER,GAS,1.9247222042746015,10
2026-09-19T22:00:00Z,OTHER,GAS COGEN,11.391166279580858,58
2026-09-19T22:00:00Z,OTHER,OIL/GAS,44.16250468148125,53
2026-09-19T22:00:00Z,OTHER,WOOD/REFUSE,79.82727209356096,149
2026-09-19T22:00:00Z,SOLAR,SOLAR,1524.3029264822271,1892
2026-09-19T22:00:00Z,WIND,WIND,1942.4449712404112,5684
2026-09-19T23:00:00Z,ENERGY STORAGE,ENERGY STORAGE,0,270
2026-09-19T23:00:00Z,GAS,COGENERATION,3675.1548765852717,6122
2026-09-19T23:00:00Z,GAS,COMBINED CYCLE,2861.6487765985066,3974
2026-09-19T23:00:00Z,GAS,GAS FIRED STEAM,365.68785779608623,3078
2026-09-19T23:00:00Z,GAS,SIMPLE CYCLE,42.38133302052816,1014
2026-09-19T23:00:00Z,HYDRO,HYDRO,215.0604140860422,896
2026-09-19T23:00:00Z,OTHER,BIOMASS,45.84838823931084,195
2026-09-19T23:00:00Z,OTHER,COMPOSITE,0,20
2026-09-19T23:00:00Z,OTHER,GAS,1.899999976158142,10
2026-09-19T23:00:00Z,OTHER,GAS COGEN,11.399999618530272,58
2026-09-19T23:00:00Z,OTHER,OIL/GAS,44.184976247151695,53
2026-09-19T23:00:00Z,OTHER,WOOD/REFUSE,80.97928307003446,149
2026-09-19T23:00:00Z,SOLAR,SOLAR,1165.4177776942486,1892
2026-09-19T23:00:00Z,WIND,WIND,2002.0415916054033,5684
2026-09-20T00:00:00Z,ENERGY STORAGE,ENERGY STORAGE,0,270
2026-09-20T00:00:00Z,GAS,COGENERATION,3851.660964933104,6122
2026-09-20T00:00:00Z,GAS,COMBINED CYCLE,2998.2623585918213,3974
2026-09-20T00:00:00Z,GAS,GAS FIRED STEAM,422.6143863756127,3078
2026-09-20T00:00:00Z,GAS,SIMPLE CYCLE,42.67466615358989,1014
2026-09-20T00:00:00Z,HYDRO,HYDRO,255.84544720858338,896
2026-09-20T00:00:00Z,OTHER,BIOMASS,45.56494325611327,195
2026-09-20T00:00:00Z,OTHER,COMPOSITE,0,20
2026-09-20T00:00:00Z,OTHER,GAS,1.899999976158142,10
2026-09-20T00:00:00Z,OTHER,GAS COGEN,11.672333125008477,58
2026-09-20T00:00:00Z,OTHER,OIL/GAS,45.14197116216024,53
2026-09-20T00:00:00Z,OTHER,WOOD/REFUSE,81.47576594882541,149
2026-09-20T00:00:00Z,SOLAR,SOLAR,457.17080567747354,1892
2026-09-20T00:00:00Z,WIND,WIND,2131.2408484288967,5684
2026-09-20T01:00:00Z,ENERGY STORAGE,ENERGY STORAGE,0,270
2026-09-20T01:00:00Z,GAS,COGENERATION,3808.4265522637634,6122
2026-09-20T01:00:00Z,GAS,COMBINED CYCLE,2887.1709995347924,3974
2026-09-20T01:00:00Z,GAS,GAS FIRED STEAM,417.3617790679137,3078
2026-09-20T01:00:00Z,GAS,SIMPLE CYCLE,42.43616675217946,1014
2026-09-20T01:00:00Z,HYDRO,HYDRO,151.65837960961792,896
2026-09-20T01:00:00Z,OTHER,BIOMASS,39.600110353247985,195
2026-09-20T01:00:00Z,OTHER,COMPOSITE,0,20
2026-09-20T01:00:00Z,OTHER,GAS,1.899999976158142,10
2026-09-20T01:00:00Z,OTHER,GAS COGEN,11.792833201620311,58
2026-09-20T01:00:00Z,OTHER,OIL/GAS,45.276699437035454,53
2026-09-20T01:00:00Z,OTHER,WOOD/REFUSE,81.3046220890681,149
2026-09-20T01:00:00Z,SOLAR,SOLAR,17.828999660118587,1892
2026-09-20T01:00:00Z,WIND,WIND,2787.5839422233153,5684
2026-09-20T02:00:00Z,ENERGY STORAGE,ENERGY STORAGE,0,270
2026-09-20T02:00:00Z,GAS,COGENERATION,3684.7847569561004,6122
2026-09-20T02:00:00Z,GAS,COMBINED CYCLE,2373.647027945386,3974
2026-09-20T02:00:00Z,GAS,GAS FIRED STEAM,354.58530414740244,3078
2026-09-20T02:00:00Z,GAS,SIMPLE CYCLE,42.66849991798401,1014
2026-09-20T02:00:00Z,HYDRO,HYDRO,135.9530755568213,896
2026-09-20T02:00:00Z,OTHER,BIOMASS,37.301999316480426,195
2026-09-20T02:00:00Z,OTHER,COMPOSITE,0,20
2026-09-20T02:00:00Z,OTHER,GAS,1.899999976158142,10
2026-09-20T02:00:00Z,OTHER,GAS COGEN,12,58
2026-09-20T02:00:00Z,OTHER,OIL/GAS,45.66159830517239,53
2026-09-20T02:00:00Z,OTHER,WOOD/REFUSE,80.6974764251709,149
2026-09-20T02:00:00Z,SOLAR,SOLAR,0.30000000447034836,1892
2026-09-20T02:00:00Z,WIND,WIND,3639.2234627577163,5684
2026-09-20T03:00:00Z,ENERGY STORAGE,ENERGY STORAGE,-1.700888826582167,270
2026-09-20T03:00:00Z,GAS,COGENERATION,3689.0275974093543,6122
2026-09-20T03:00:00Z,GAS,COMBINED CYCLE,2132.8846318724422,3974
2026-09-20T03:00:00Z,GAS,GAS FIRED STEAM,354.7498974311352,3078
2026-09-20T03:00:00Z,GAS,SIMPLE CYCLE,42.82099957625071,1014
2026-09-20T03:00:00Z,HYDRO,HYDRO,175.09470293616255,896
2026-09-20T03:00:00Z,OTHER,BIOMASS,35.29866616997454,195
2026-09-20T03:00:00Z,OTHER,COMPOSITE,0,20
2026-09-20T03:00:00Z,OTHER,GAS,1.899999976158142,10
2026-09-20T03:00:00Z,OTHER,GAS COGEN,12,58
2026-09-20T03:00:00Z,OTHER,OIL/GAS,45.83732682757907,53
2026-09-20T03:00:00Z,OTHER,WOOD/REFUSE,81.44363682058123,149
2026-09-20T03:00:00Z,SOLAR,SOLAR,0.30000000447034836,1892
2026-09-20T03:00:00Z,WIND,WIND,3811.306259172244,5684
2026-09-20T04:00:00Z,ENERGY STORAGE,ENERGY STORAGE,-0.7886666377385457,270
2026-09-20T04:00:00Z,GAS,COGENERATION,3692.146721521086,6122
2026-09-20T04:00:00Z,GAS,COMBINED CYCLE,1894.4309288631546,3974
2026-09-20T04:00:00Z,GAS,GAS FIRED STEAM,354.8954305806425,3078
2026-09-20T04:00:00Z,GAS,SIMPLE CYCLE,42.9128328620063,1014
2026-09-20T04:00:00Z,HYDRO,HYDRO,192.0730131578528,896
2026-09-20T04:00:00Z,OTHER,BIOMASS,33.26027743152446,195
2026-09-20T04:00:00Z,OTHER,COMPOSITE,0,20
2026-09-20T04:00:00Z,OTHER,GAS,1.899999976158142,10
2026-09-20T04:00:00Z,OTHER,GAS COGEN,12.00316666867998,58
2026-09-20T04:00:00Z,OTHER,OIL/GAS,46.074504884084064,53
2026-09-20T04:00:00Z,OTHER,WOOD/REFUSE,82.32203093263837,149
2026-09-20T04:00:00Z,SOLAR,SOLAR,0.30000000447034836,1892
2026-09-20T04:00:00Z,WIND,WIND,3732.6957923375567,5684
2026-09-20T05:00:00Z,ENERGY STORAGE,ENERGY STORAGE,0,270
2026-09-20T05:00:00Z,GAS,COGENERATION,3676.1150871606665,6122
2026-09-20T05:00:00Z,GAS,COMBINED CYCLE,1706.4315323898527,3974
2026-09-20T05:00:00Z,GAS,GAS FIRED STEAM,480.74346772962144,3078
2026-09-20T05:00:00Z,GAS,SIMPLE CYCLE,42.58266677220662,1014
2026-09-20T05:00:00Z,HYDRO,HYDRO,150.1354789398776,896
2026-09-20T05:00:00Z,OTHER,BIOMASS,35.6552773794863,195
2026-09-20T05:00:00Z,OTHER,COMPOSITE,0,20
2026-09-20T05:00:00Z,OTHER,GAS,1.899999976158142,10
2026-09-20T05:00:00Z,OTHER,GAS COGEN,12.241666820314196,58
2026-09-20T05:00:00Z,OTHER,OIL/GAS,45.76048866060045,53
2026-09-20T05:00:00Z,OTHER,WOOD/REFUSE,82.18565325525071,149
2026-09-20T05:00:00Z,SOLAR,SOLAR,0.30000000447034836,1892
2026-09-20T05:00:00Z,WIND,WIND,3617.8323073829874,5684
2026-09-20T06:00:00Z,ENERGY STORAGE,ENERGY STORAGE,-2.9759443996349972,270
2026-09-20T06:00:00Z,GAS,COGENERATION,3654.844184795353,6122
2026-09-20T06:00:00Z,GAS,COMBINED CYCLE,1549.0309663310315,3974
2026-09-20T06:00:00Z,GAS,GAS FIRED STEAM,632.5764928272035,3078
2026-09-20T06:00:00Z,GAS,SIMPLE CYCLE,42.67383320543501,1014
2026-09-20T06:00:00Z,HYDRO,HYDRO,124.8733468790849,896
2026-09-20T06:00:00Z,OTHER,BIOMASS,41.27905483409763,195
2026-09-20T06:00:00Z,OTHER,COMPOSITE,0,20
2026-09-20T06:00:00Z,OTHER,GAS,1.899999976158142,10
2026-09-20T06:00:00Z,OTHER,GAS COGEN,12.340333421495226,58
2026-09-20T06:00:00Z,OTHER,OIL/GAS,46.03776057985094,53
2026-09-20T06:00:00Z,OTHER,WOOD/REFUSE,82.34140588919321,149
2026-09-20T06:00:00Z,SOLAR,SOLAR,0.899335863325331,1892
2026-09-20T06:00:00Z,WIND,WIND,3521.7111192214657,5684
2026-09-20T07:00:00Z,ENERGY STORAGE,ENERGY STORAGE,18.212222330768903,270
2026-09-20T07:00:00Z,GAS,COGENERATION,3664.020432325204,6122
2026-09-20T07:00:00Z,GAS,COMBINED CYCLE,1548.0192953552141,3974
2026-09-20T07:00:00Z,GAS,GAS FIRED STEAM,524.7031781960859,3078
2026-09-20T07:00:00Z,GAS,SIMPLE CYCLE,42.65883326318529,1014
2026-09-20T07:00:00Z,HYDRO,HYDRO,96.6206492653158,896
2026-09-20T07:00:00Z,OTHER,BIOMASS,42.12977713543508,195
2026-09-20T07:00:00Z,OTHER,COMPOSITE,0,20
2026-09-20T07:00:00Z,OTHER,GAS,1.899999976158142,10
2026-09-20T07:00:00Z,OTHER,GAS COGEN,12.595832771725124,58
2026-09-20T07:00:00Z,OTHER,OIL/GAS,46.16084886550903,53
2026-09-20T07:00:00Z,OTHER,WOOD/REFUSE,82.61084786256154,149
2026-09-20T07:00:00Z,SOLAR,SOLAR,0.7622986418339941,1892
2026-09-20T07:00:00Z,WIND,WIND,3490.5040734392073,5684
2026-09-20T08:00:00Z,ENERGY STORAGE,ENERGY STORAGE,17.44649989398817,270
2026-09-20T08:00:00Z,GAS,COGENERATION,3664.242967011531,6122
2026-09-20T08:00:00Z,GAS,COMBINED CYCLE,1568.0010081516373,3974
2026-09-20T08:00:00Z,GAS,GAS FIRED STEAM,365.0840519969993,3078
2026-09-20T08:00:00Z,GAS,SIMPLE CYCLE,42.65016660266453,1014
2026-09-20T08:00:00Z,HYDRO,HYDRO,133.34372800389926,896
2026-09-20T08:00:00Z,OTHER,BIOMASS,36.52783267681797,195
2026-09-20T08:00:00Z,OTHER,COMPOSITE,0,20
2026-09-20T08:00:00Z,OTHER,GAS,1.899999976158142,10
2026-09-20T08:00:00Z,OTHER,GAS COGEN,12.77033286942376,58
2026-09-20T08:00:00Z,OTHER,OIL/GAS,45.98624806086222,53
2026-09-20T08:00:00Z,OTHER,WOOD/REFUSE,83.01080529583825,149
2026-09-20T08:00:00Z,SOLAR,SOLAR,0.30000000447034836,1892
2026-09-20T08:00:00Z,WIND,WIND,3472.2952555490533,5684
2026-09-20T09:00:00Z,ENERGY STORAGE,ENERGY STORAGE,0.20000000298023224,270
2026-09-20T09:00:00Z,GAS,COGENERATION,3635.862427155508,6122
2026-09-20T09:00:00Z,GAS,COMBINED CYCLE,1689.331885676384,3974
2026-09-20T09:00:00Z,GAS,GAS FIRED STEAM,355.8290366274781,3078
2026-09-20T09:00:00Z,GAS,SIMPLE CYCLE,42.79177692943149,1014
2026-09-20T09:00:00Z,HYDRO,HYDRO,151.4345131278038,896
2026-09-20T09:00:00Z,OTHER,BIOMASS,35.49916626714998,195
2026-09-20T09:00:00Z,OTHER,COMPOSITE,0,20
2026-09-20T09:00:00Z,OTHER,GAS,1.899999976158142,10
2026-09-20T09:00:00Z,OTHER,GAS COGEN,12.767332867516412,58
2026-09-20T09:00:00Z,OTHER,OIL/GAS,46.355020927853055,53
2026-09-20T09:00:00Z,OTHER,WOOD/REFUSE,82.90649548424614,149
2026-09-20T09:00:00Z,SOLAR,SOLAR,0.30000000447034836,1892
2026-09-20T09:00:00Z,WIND,WIND,3355.388994493054,5684
2026-09-20T10:00:00Z,ENERGY STORAGE,ENERGY STORAGE,0.20000000298023224,270
2026-09-20T10:00:00Z,GAS,COGENERATION,3641.3820540261268,6122
2026-09-20T10:00:00Z,GAS,COMBINED CYCLE,1903.046613368458,3974
2026-09-20T10:00:00Z,GAS,GAS FIRED STEAM,355.2740807976988,3078
2026-09-20T10:00:00Z,GAS,SIMPLE CYCLE,42.738499238226154,1014
2026-09-20T10:00:00Z,HYDRO,HYDRO,147.7180816992124,896
2026-09-20T10:00:00Z,OTHER,BIOMASS,35.8171660469638,195
2026-09-20T10:00:00Z,OTHER,COMPOSITE,0,20
2026-09-20T10:00:00Z,OTHER,GAS,1.899999976158142,10
2026-09-20T10:00:00Z,OTHER,GAS COGEN,12.899999618530272,58
2026-09-20T10:00:00Z,OTHER,OIL/GAS,46.4974600982666,53
2026-09-20T10:00:00Z,OTHER,WOOD/REFUSE,82.59981579674616,149
2026-09-20T10:00:00Z,SOLAR,SOLAR,0.30000000447034836,1892
2026-09-20T10:00:00Z,WIND,WIND,3115.8040313877495,5684
2026-09-20T11:00:00Z,ENERGY STORAGE,ENERGY STORAGE,0.20000000298023224,270
2026-09-20T11:00:00Z,GAS,COGENERATION,3661.676691111724,6122
2026-09-20T11:00:00Z,GAS,COMBINED CYCLE,2040.690109599299,3974
2026-09-20T11:00:00Z,GAS,GAS FIRED STEAM,355.11961430099274,3078
2026-09-20T11:00:00Z,GAS,SIMPLE CYCLE,42.70866605440776,1014
2026-09-20T11:00:00Z,HYDRO,HYDRO,153.23305249055227,896
2026-09-20T11:00:00Z,OTHER,BIOMASS,36.270499233173,195
2026-09-20T11:00:00Z,OTHER,COMPOSITE,0,20
2026-09-20T11:00:00Z,OTHER,GAS,1.899999976158142,10
2026-09-20T11:00:00Z,OTHER,GAS COGEN,12.751666190889146,58
2026-09-20T11:00:00Z,OTHER,OIL/GAS,46.26311517291599,53
2026-09-20T11:00:00Z,OTHER,WOOD/REFUSE,82.49071017424266,149
2026-09-20T11:00:00Z,SOLAR,SOLAR,0.30000000447034836,1892
2026-09-20T11:00:00Z,WIND,WIND,3000.880388418916,5684
2026-09-20T12:00:00Z,ENERGY STORAGE,ENERGY STORAGE,-3.2438888418012195,270
2026-09-20T12:00:00Z,GAS,COGENERATION,3671.677205475569,6122
2026-09-20T12:00:00Z,GAS,COMBINED CYCLE,2141.8495505538253,3974
2026-09-20T12:00:00Z,GAS,GAS FIRED STEAM,356.6474806315369,3078
2026-09-20T12:00:00Z,GAS,SIMPLE CYCLE,42.84549910174476,1014
2026-09-20T12:00:00Z,HYDRO,HYDRO,147.17150415910615,896
2026-09-20T12:00:00Z,OTHER,BIOMASS,35.86344381123781,195
2026-09-20T12:00:00Z,OTHER,COMPOSITE,0,20
2026-09-20T12:00:00Z,OTHER,GAS,1.899999976158142,10
2026-09-20T12:00:00Z,OTHER,GAS COGEN,12.575832822587754,58
2026-09-20T12:00:00Z,OTHER,OIL/GAS,46.49716572655572,53
2026-09-20T12:00:00Z,OTHER,WOOD/REFUSE,82.59674027442932,149
2026-09-20T12:00:00Z,SOLAR,SOLAR,0.30000000447034836,1892
2026-09-20T12:00:00Z,WIND,WIND,3002.027466814162,5684
2026-09-20T13:00:00Z,ENERGY STORAGE,ENERGY STORAGE,-3.299999952316284,270
2026-09-20T13:00:00Z,GAS,COGENERATION,3695.8677089505727,6122
2026-09-20T13:00:00Z,GAS,COMBINED CYCLE,2149.8630709438853,3974
2026-09-20T13:00:00Z,GAS,GAS FIRED STEAM,358.87505447705587,3078
2026-09-20T13:00:00Z,GAS,SIMPLE CYCLE,42.83016570303175,1014
2026-09-20T13:00:00Z,HYDRO,HYDRO,148.22512468735377,896
2026-09-20T13:00:00Z,OTHER,BIOMASS,36.34844405038489,195
2026-09-20T13:00:00Z,OTHER,COMPOSITE,0,20
2026-09-20T13:00:00Z,OTHER,GAS,1.899999976158142,10
2026-09-20T13:00:00Z,OTHER,GAS COGEN,12.285333514743382,58
2026-09-20T13:00:00Z,OTHER,OIL/GAS,46.48387668821547,53
2026-09-20T13:00:00Z,OTHER,WOOD/REFUSE,82.28454573260413,149
2026-09-20T13:00:00Z,SOLAR,SOLAR,60.52277665976021,1892
2026-09-20T13:00:00Z,WIND,WIND,2982.153695394049,5684
2026-09-20T14:00:00Z,ENERGY STORAGE,ENERGY STORAGE,-3.299999952316284,270
2026-09-20T14:00:00Z,GAS,COGENERATION,3696.910939449734,6122
2026-09-20T14:00:00Z,GAS,COMBINED CYCLE,1912.2161567774083,3974
2026-09-20T14:00:00Z,GAS,GAS FIRED STEAM,359.04115518199075,3078
2026-09-20T14:00:00Z,GAS,SIMPLE CYCLE,42.53249935203129,1014
2026-09-20T14:00:00Z,HYDRO,HYDRO,120.98118872900804,896
2026-09-20T14:00:00Z,OTHER,BIOMASS,36.09605450928211,195
2026-09-20T14:00:00Z,OTHER,COMPOSITE,0,20
2026-09-20T14:00:00Z,OTHER,GAS,1.899999976158142,10
2026-09-20T14:00:00Z,OTHER,GAS COGEN,12.300000190734863,58
2026-09-20T14:00:00Z,OTHER,OIL/GAS,46.563549253675674,53
2026-09-20T14:00:00Z,OTHER,WOOD/REFUSE,82.42443292882707,149
2026-09-20T14:00:00Z,SOLAR,SOLAR,660.690575319512,1892
2026-09-20T14:00:00Z,WIND,WIND,2807.400578550531,5684
2026-09-20T15:00:00Z,ENERGY STORAGE,ENERGY STORAGE,-15.451332893967628,270
2026-09-20T15:00:00Z,GAS,COGENERATION,3680.0020289625063,6122
2026-09-20T15:00:00Z,GAS,COMBINED CYCLE,1864.192662361463,3974
2026-09-20T15:00:00Z,GAS,GAS FIRED STEAM,358.617128477229,3078
2026-09-20T15:00:00Z,GAS,SIMPLE CYCLE,42.77483247280121,1014
2026-09-20T15:00:00Z,HYDRO,HYDRO,213.03777989288173,896
2026-09-20T15:00:00Z,OTHER,BIOMASS,35.262666220565634,195
2026-09-20T15:00:00Z,OTHER,COMPOSITE,0,20
2026-09-20T15:00:00Z,OTHER,GAS,1.899999976158142,10
2026-09-20T15:00:00Z,OTHER,GAS COGEN,12.10066673066881,58
2026-09-20T15:00:00Z,OTHER,OIL/GAS,42.59855421490139,53
2026-09-20T15:00:00Z,OTHER,WOOD/REFUSE,81.93828260792627,149
2026-09-20T15:00:00Z,SOLAR,SOLAR,1396.6791297286088,1892
2026-09-20T15:00:00Z,WIND,WIND,2170.7926138671237,5684
2026-09-20T16:00:00Z,ENERGY STORAGE,ENERGY STORAGE,-3.299999952316284,270
2026-09-20T16:00:00Z,GAS,COGENERATION,3615.9903923749926,6122
2026-09-20T16:00:00Z,GAS,COMBINED CYCLE,2123.32763898068,3974
2026-09-20T16:00:00Z,GAS,GAS FIRED STEAM,358.7619196991126,3078
2026-09-20T16:00:00Z,GAS,SIMPLE CYCLE,42.583666003545126,1014
2026-09-20T16:00:00Z,HYDRO,HYDRO,192.8640444056193,896
2026-09-20T16:00:00Z,OTHER,BIOMASS,34.62316599013077,195
2026-09-20T16:00:00Z,OTHER,COMPOSITE,0,20
2026-09-20T16:00:00Z,OTHER,GAS,1.899999976158142,10
2026-09-20T16:00:00Z,OTHER,GAS COGEN,12,58
2026-09-20T16:00:00Z,OTHER,OIL/GAS,40.34232125176324,53
2026-09-20T16:00:00Z,OTHER,WOOD/REFUSE,83.99113051997291,149
2026-09-20T16:00:00Z,SOLAR,SOLAR,1607.3702979930242,1892
2026-09-20T16:00:00Z,WIND,WIND,1808.3689648546194,5684
2026-09-20T17:00:00Z,ENERGY STORAGE,ENERGY STORAGE,-3.299999952316284,270
2026-09-20T17:00:00Z,GAS,COGENERATION,3587.503710664511,6122
2026-09-20T17:00:00Z,GAS,COMBINED CYCLE,2427.0347500533526,3974
2026-09-20T17:00:00Z,GAS,GAS FIRED STEAM,358.7882423725393,3078
2026-09-20T17:00:00Z,GAS,SIMPLE CYCLE,42.47033255841997,1014
2026-09-20T17:00:00Z,HYDRO,HYDRO,249.41480030635995,896
2026-09-20T17:00:00Z,OTHER,BIOMASS,34.37699933681223,195
2026-09-20T17:00:00Z,OTHER,COMPOSITE,0,20
2026-09-20T17:00:00Z,OTHER,GAS,1.899999976158142,10
2026-09-20T17:00:00Z,OTHER,GAS COGEN,11.942666630215117,58
2026-09-20T17:00:00Z,OTHER,OIL/GAS,42.5442709965176,53
2026-09-20T17:00:00Z,OTHER,WOOD/REFUSE,84.81028430514866,149
2026-09-20T17:00:00Z,SOLAR,SOLAR,1624.9479459264544,1892
2026-09-20T17:00:00Z,WIND,WIND,1620.1934041597983,5684
2026-09-20T18:00:00Z,ENERGY STORAGE,ENERGY STORAGE,-3.356555487645997,270
2026-09-20T18:00:00Z,GAS,COGENERATION,3654.7948097432986,6122
2026-09-20T18:00:00Z,GAS,COMBINED CYCLE,2796.2232160109943,3974
2026-09-20T18:00:00Z,GAS,GAS FIRED STEAM,358.72935082541574,3078
2026-09-20T18:00:00Z,GAS,SIMPLE CYCLE,42.55149891588423,1014
2026-09-20T18:00:00Z,HYDRO,HYDRO,227.9078431625333,896
2026-09-20T18:00:00Z,OTHER,BIOMASS,33.36388833291001,195
2026-09-20T18:00:00Z,OTHER,COMPOSITE,0,20
2026-09-20T18:00:00Z,OTHER,GAS,1.899999976158142,10
2026-09-20T18:00:00Z,OTHER,GAS COGEN,11.699999809265137,58
2026-09-20T18:00:00Z,OTHER,OIL/GAS,44.04829353120592,53
2026-09-20T18:00:00Z,OTHER,WOOD/REFUSE,85.65895346482594,149
2026-09-20T18:00:00Z,SOLAR,SOLAR,1571.1429171554248,1892
2026-09-20T18:00:00Z,WIND,WIND,1412.221262397733,5684
2026-09-20T19:00:00Z,ENERGY STORAGE,ENERGY STORAGE,-3.4999998807907104,270
2026-09-20T19:00:00Z,GAS,COGENERATION,3680.7411158226596,6122
2026-09-20T19:00:00Z,GAS,COMBINED CYCLE,2873.599680567715,3974
2026-09-20T19:00:00Z,GAS,GAS FIRED STEAM,359.0526510609521,3078
2026-09-20T19:00:00Z,GAS,SIMPLE CYCLE,42.786332771844336,1014
2026-09-20T19:00:00Z,HYDRO,HYDRO,209.24922530101406,896
2026-09-20T19:00:00Z,OTHER,BIOMASS,34.442388337850566,195
2026-09-20T19:00:00Z,OTHER,COMPOSITE,0,20
2026-09-20T19:00:00Z,OTHER,GAS,1.899999976158142,10
2026-09-20T19:00:00Z,OTHER,GAS COGEN,11.469166329171925,58
2026-09-20T19:00:00Z,OTHER,OIL/GAS,44.47306576834784,53
2026-09-20T19:00:00Z,OTHER,WOOD/REFUSE,84.96996264616648,149
2026-09-20T19:00:00Z,SOLAR,SOLAR,1544.2535116892225,1892
2026-09-20T19:00:00Z,WIND,WIND,1273.7847853459914,5684
2026-09-20T20:00:00Z,ENERGY STORAGE,ENERGY STORAGE,-3.4999998807907104,270
2026-09-20T20:00:00Z,GAS,COGENERATION,3677.757931767172,6122
2026-09-20T20:00:00Z,GAS,COMBINED CYCLE,2923.6514965009687,3974
2026-09-20T20:00:00Z,GAS,GAS FIRED STEAM,382.54978352824844,3078
2026-09-20T20:00:00Z,GAS,SIMPLE CYCLE,42.67261012183295,1014
2026-09-20T20:00:00Z,HYDRO,HYDRO,272.4351540211836,896
2026-09-20T20:00:00Z,OTHER,BIOMASS,37.535221768269935,195
2026-09-20T20:00:00Z,OTHER,COMPOSITE,0,20
2026-09-20T20:00:00Z,OTHER,GAS,1.899999976158142,10
2026-09-20T20:00:00Z,OTHER,GAS COGEN,11.399999618530272,58
2026-09-20T20:00:00Z,OTHER,OIL/GAS,44.809693272908525,53
2026-09-20T20:00:00Z,OTHER,WOOD/REFUSE,85.93147651248508,149
2026-09-20T20:00:00Z,SOLAR,SOLAR,1564.852402868271,1892
2026-09-20T20:00:00Z,WIND,WIND,1151.910220581707,5684
2026-09-20T21:00:00Z,ENERGY STORAGE,ENERGY STORAGE,-3.4999998807907104,270
2026-09-20T21:00:00Z,GAS,COGENERATION,3704.4450516555044,6122
2026-09-20T21:00:00Z,GAS,COMBINED CYCLE,3039.4611288177966,3974
2026-09-20T21:00:00Z,GAS,GAS FIRED STEAM,494.6792033382257,3078
2026-09-20T21:00:00Z,GAS,SIMPLE CYCLE,42.537832539876305,1014
2026-09-20T21:00:00Z,HYDRO,HYDRO,264.7617126235697,896
2026-09-20T21:00:00Z,OTHER,BIOMASS,41.64516631581718,195
2026-09-20T21:00:00Z,OTHER,COMPOSITE,0,20
2026-09-20T21:00:00Z,OTHER,GAS,1.899999976158142,10
2026-09-20T21:00:00Z,OTHER,GAS COGEN,11.136332784228856,58
2026-09-20T21:00:00Z,OTHER,OIL/GAS,45.11972620010376,53
2026-09-20T21:00:00Z,OTHER,WOOD/REFUSE,85.43951501899295,149
2026-09-20T21:00:00Z,SOLAR,SOLAR,1582.1620304066605,1892
2026-09-20T21:00:00Z,WIND,WIND,980.2442599340155,5684
2026-09-20T22:00:00Z,ENERGY STORAGE,ENERGY STORAGE,-3.4999998807907104,270
2026-09-20T22:00:00Z,GAS,COGENERATION,3700.155612008307,6122
2026-09-20T22:00:00Z,GAS,COMBINED CYCLE,3197.052923651801,3974
2026-09-20T22:00:00Z,GAS,GAS FIRED STEAM,685.856866560777,3078
2026-09-20T22:00:00Z,GAS,SIMPLE CYCLE,48.98894324209955,1014
2026-09-20T22:00:00Z,HYDRO,HYDRO,259.1690886471669,896
2026-09-20T22:00:00Z,OTHER,BIOMASS,42.65377724197176,195
2026-09-20T22:00:00Z,OTHER,COMPOSITE,0,20
2026-09-20T22:00:00Z,OTHER,GAS,1.899999976158142,10
2026-09-20T22:00:00Z,OTHER,GAS COGEN,11.09999942779541,58
2026-09-20T22:00:00Z,OTHER,OIL/GAS,45.158938342200386,53
2026-09-20T22:00:00Z,OTHER,WOOD/REFUSE,84.87147998491922,149
2026-09-20T22:00:00Z,SOLAR,SOLAR,1537.8242684680224,1892
2026-09-20T22:00:00Z,WIND,WIND,905.512381261227,5684
2026-09-20T23:00:00Z,ENERGY STORAGE,ENERGY STORAGE,6.034833283176026,270
2026-09-20T23:00:00Z,GAS,COGENERATION,3704.251972979837,6122
2026-09-20T23:00:00Z,GAS,COMBINED CYCLE,3299.775127070745,3974
2026-09-20T23:00:00Z,GAS,GAS FIRED STEAM,996.9900891294744,3078
2026-09-20T23:00:00Z,GAS,SIMPLE CYCLE,157.0674249045054,1014
2026-09-20T23:00:00Z,HYDRO,HYDRO,206.52301781278516,896
2026-09-20T23:00:00Z,OTHER,BIOMASS,43.85194405489498,195
2026-09-20T23:00:00Z,OTHER,COMPOSITE,0,20
2026-09-20T23:00:00Z,OTHER,GAS,1.899999976158142,10
2026-09-20T23:00:00Z,OTHER,GAS COGEN,11.102666096157495,58
2026-09-20T23:00:00Z,OTHER,OIL/GAS,45.24410447438558,53
2026-09-20T23:00:00Z,OTHER,WOOD/REFUSE,87.67440531836615,149
2026-09-20T23:00:00Z,SOLAR,SOLAR,1203.6707641119096,1892
2026-09-20T23:00:00Z,WIND,WIND,928.8883935987784,5684
2026-09-21T00:00:00Z,ENERGY STORAGE,ENERGY STORAGE,36.5709986670812,270
2026-09-21T00:00:00Z,GAS,COGENERATION,3724.009718243281,6122
2026-09-21T00:00:00Z,GAS,COMBINED CYCLE,3306.957274080912,3974
2026-09-21T00:00:00Z,GAS,GAS FIRED STEAM,1191.8299860776795,3078
2026-09-21T00:00:00Z,GAS,SIMPLE CYCLE,292.0079583402144,1014
2026-09-21T00:00:00Z,HYDRO,HYDRO,222.24467347323895,896
2026-09-21T00:00:00Z,OTHER,BIOMASS,44.06716608565714,195
2026-09-21T00:00:00Z,OTHER,COMPOSITE,11.670111083288988,20
2026-09-21T00:00:00Z,OTHER,GAS,1.899999976158142,10
2026-09-21T00:00:00Z,OTHER,GAS COGEN,11.399999618530272,58
2026-09-21T00:00:00Z,OTHER,OIL/GAS,45.55994275834826,53
2026-09-21T00:00:00Z,OTHER,WOOD/REFUSE,96.01161237451765,149
2026-09-21T00:00:00Z,SOLAR,SOLAR,435.47193878952,1892
2026-09-21T00:00:00Z,WIND,WIND,1213.444672145591,5684
2026-09-21T01:00:00Z,ENERGY STORAGE,ENERGY STORAGE,9.596888570719296,270
2026-09-21T01:00:00Z,GAS,COGENERATION,3762.9274993777276,6122
2026-09-21T01:00:00Z,GAS,COMBINED CYCLE,3274.3216452450224,3974
2026-09-21T01:00:00Z,GAS,GAS FIRED STEAM,1101.863807141516,3078
2026-09-21T01:00:00Z,GAS,SIMPLE CYCLE,233.4362101087678,1014
2026-09-21T01:00:00Z,HYDRO,HYDRO,164.3963853476445,896
2026-09-21T01:00:00Z,OTHER,BIOMASS,46.35866548039847,195
2026-09-21T01:00:00Z,OTHER,COMPOSITE,11.962333288192749,20
2026-09-21T01:00:00Z,OTHER,GAS,1.899999976158142,10
2026-09-21T01:00:00Z,OTHER,GAS COGEN,11.52049969514211,58
2026-09-21T01:00:00Z,OTHER,OIL/GAS,45.07143794377645,53
2026-09-21T01:00:00Z,OTHER,WOOD/REFUSE,90.24842569563124,149
2026-09-21T01:00:00Z,SOLAR,SOLAR,18.983888552635907,1892
2026-09-21T01:00:00Z,WIND,WIND,1818.3978645465522,5684
2026-09-21T02:00:00Z,ENERGY STORAGE,ENERGY STORAGE,-2.7042221157418362,270
2026-09-21T02:00:00Z,GAS,COGENERATION,3780.584429819584,6122
2026-09-21T02:00:00Z,GAS,COMBINED CYCLE,3234.255087921619,3974
2026-09-21T02:00:00Z,GAS,GAS FIRED STEAM,818.5284212161436,3078
2026-09-21T02:00:00Z,GAS,SIMPLE CYCLE,74.7830756995413,1014
2026-09-21T02:00:00Z,HYDRO,HYDRO,182.57307247848973,896
2026-09-21T02:00:00Z,OTHER,BIOMASS,53.243276474840115,195
2026-09-21T02:00:00Z,OTHER,COMPOSITE,0.6578888540797764,20
2026-09-21T02:00:00Z,OTHER,GAS,1.899999976158142,10
2026-09-21T02:00:00Z,OTHER,GAS COGEN,11.699999809265137,58
2026-09-21T02:00:00Z,OTHER,OIL/GAS,45.17770978503757,53
2026-09-21T02:00:00Z,OTHER,WOOD/REFUSE,87.49291067229376,149
2026-09-21T02:00:00Z,SOLAR,SOLAR,0.3660555550787184,1892
2026-09-21T02:00:00Z,WIND,WIND,2354.3733466990293,5684
2026-09-21T03:00:00Z,ENERGY STORAGE,ENERGY STORAGE,-0.8649443968302675,270
2026-09-21T03:00:00Z,GAS,COGENERATION,3768.3367145432367,6122
2026-09-21T03:00:00Z,GAS,COMBINED CYCLE,3079.932681121561,3974
2026-09-21T03:00:00Z,GAS,GAS FIRED STEAM,574.2908714028199,3078
2026-09-21T03:00:00Z,GAS,SIMPLE CYCLE,69.85877650048998,1014
2026-09-21T03:00:00Z,HYDRO,HYDRO,136.34638354561395,896
2026-09-21T03:00:00Z,OTHER,BIOMASS,44.820832467426854,195
2026-09-21T03:00:00Z,OTHER,COMPOSITE,0,20
2026-09-21T03:00:00Z,OTHER,GAS,1.899999976158142,10
2026-09-21T03:00:00Z,OTHER,GAS COGEN,11.953999970753989,58
2026-09-21T03:00:00Z,OTHER,OIL/GAS,45.35430478837755,53
2026-09-21T03:00:00Z,OTHER,WOOD/REFUSE,87.83999240557353,149
2026-09-21T03:00:00Z,SOLAR,SOLAR,0.10000000149011612,1892
2026-09-21T03:00:00Z,WIND,WIND,2643.150864084363,5684
2026-09-21T04:00:00Z,ENERGY STORAGE,ENERGY STORAGE,0.20000000298023224,270
2026-09-21T04:00:00Z,GAS,COGENERATION,3666.9522028765414,6122
2026-09-21T04:00:00Z,GAS,COMBINED CYCLE,2772.8179783092605,3974
2026-09-21T04:00:00Z,GAS,GAS FIRED STEAM,389.6478268946542,3078
2026-09-21T04:00:00Z,GAS,SIMPLE CYCLE,69.45788821644254,1014
2026-09-21T04:00:00Z,HYDRO,HYDRO,171.37018845017585,896
2026-09-21T04:00:00Z,OTHER,BIOMASS,47.05405472526948,195
2026-09-21T04:00:00Z,OTHER,COMPOSITE,0,20
2026-09-21T04:00:00Z,OTHER,GAS,1.899999976158142,10
2026-09-21T04:00:00Z,OTHER,GAS COGEN,12,58
2026-09-21T04:00:00Z,OTHER,OIL/GAS,44.83787621815999,53
2026-09-21T04:00:00Z,OTHER,WOOD/REFUSE,88.46883607652451,149
2026-09-21T04:00:00Z,SOLAR,SOLAR,0.10000000149011612,1892
2026-09-21T04:00:00Z,WIND,WIND,2951.4169942829344,5684
2026-09-21T05:00:00Z,ENERGY STORAGE,ENERGY STORAGE,0.20000000298023224,270
2026-09-21T05:00:00Z,GAS,COGENERATION,3665.5523401761056,6122
2026-09-21T05:00:00Z,GAS,COMBINED CYCLE,2594.514121047656,3974
2026-09-21T05:00:00Z,GAS,GAS FIRED STEAM,404.7926580655575,3078
2026-09-21T05:00:00Z,GAS,SIMPLE CYCLE,43.10666641089651,1014
2026-09-21T05:00:00Z,HYDRO,HYDRO,158.54893642544747,896
2026-09-21T05:00:00Z,OTHER,BIOMASS,47.940665612849926,195
2026-09-21T05:00:00Z,OTHER,COMPOSITE,0,20
2026-09-21T05:00:00Z,OTHER,GAS,1.899999976158142,10
2026-09-21T05:00:00Z,OTHER,GAS COGEN,12.004333336088392,58
2026-09-21T05:00:00Z,OTHER,OIL/GAS,44.601059142218695,53
2026-09-21T05:00:00Z,OTHER,WOOD/REFUSE,88.36760632356008,149
2026-09-21T05:00:00Z,SOLAR,SOLAR,0.10000000149011612,1892
2026-09-21T05:00:00Z,WIND,WIND,2999.162004404002,5684
2026-09-21T06:00:00Z,ENERGY STORAGE,ENERGY STORAGE,-7.187277588422099,270
2026-09-21T06:00:00Z,GAS,COGENERATION,3737.8880517069497,6122
2026-09-21T06:00:00Z,GAS,COMBINED CYCLE,2451.2040115589566,3974
2026-09-21T06:00:00Z,GAS,GAS FIRED STEAM,360.6705974740452,3078
2026-09-21T06:00:00Z,GAS,SIMPLE CYCLE,42.81966631412506,1014
2026-09-21T06:00:00Z,HYDRO,HYDRO,132.6249193464054,896
2026-09-21T06:00:00Z,OTHER,BIOMASS,48.941665600190554,195
2026-09-21T06:00:00Z,OTHER,COMPOSITE,0,20
2026-09-21T06:00:00Z,OTHER,GAS,1.9902222198910184,10
2026-09-21T06:00:00Z,OTHER,GAS COGEN,12,58
2026-09-21T06:00:00Z,OTHER,OIL/GAS,43.3944102689955,53
2026-09-21T06:00:00Z,OTHER,WOOD/REFUSE,88.08357677406735,149
2026-09-21T06:00:00Z,SOLAR,SOLAR,0.7126536960734261,1892
2026-09-21T06:00:00Z,WIND,WIND,2911.8736217651763,5684
2026-09-21T07:00:00Z,ENERGY STORAGE,ENERGY STORAGE,-49.314831653535364,270
2026-09-21T07:00:00Z,GAS,COGENERATION,3701.0695517970457,6122
2026-09-21T07:00:00Z,GAS,COMBINED CYCLE,2315.1095775393646,3974
2026-09-21T07:00:00Z,GAS,GAS FIRED STEAM,360.32471900277665,3078
2026-09-21T07:00:00Z,GAS,SIMPLE CYCLE,42.77866657786899,1014
2026-09-21T07:00:00Z,HYDRO,HYDRO,156.9231359506978,896
2026-09-21T07:00:00Z,OTHER,BIOMASS,49.13377683470646,195
2026-09-21T07:00:00Z,OTHER,COMPOSITE,0,20
2026-09-21T07:00:00Z,OTHER,GAS,2,10
2026-09-21T07:00:00Z,OTHER,GAS COGEN,12,58
2026-09-21T07:00:00Z,OTHER,OIL/GAS,42.98157189899021,53
2026-09-21T07:00:00Z,OTHER,WOOD/REFUSE,88.31621872266135,149
2026-09-21T07:00:00Z,SOLAR,SOLAR,0.6207479178905487,1892
2026-09-21T07:00:00Z,WIND,WIND,2881.693604116175,5684
2026-09-21T08:00:00Z,ENERGY STORAGE,ENERGY STORAGE,-31.429332285324733,270
2026-09-21T08:00:00Z,GAS,COGENERATION,3761.5695780172614,6122
2026-09-21T08:00:00Z,GAS,COMBINED CYCLE,2379.6928927154013,3974
2026-09-21T08:00:00Z,GAS,GAS FIRED STEAM,358.9329115263621,3078
2026-09-21T08:00:00Z,GAS,SIMPLE CYCLE,42.626832971572874,1014
2026-09-21T08:00:00Z,HYDRO,HYDRO,135.18564121385415,896
2026-09-21T08:00:00Z,OTHER,BIOMASS,50.519943731162286,195
2026-09-21T08:00:00Z,OTHER,COMPOSITE,0,20
2026-09-21T08:00:00Z,OTHER,GAS,2,10
2026-09-21T08:00:00Z,OTHER,GAS COGEN,12,58
2026-09-21T08:00:00Z,OTHER,OIL/GAS,43.34921060138279,53
2026-09-21T08:00:00Z,OTHER,WOOD/REFUSE,87.81396134747399,149
2026-09-21T08:00:00Z,SOLAR,SOLAR,0.10000000149011612,1892
2026-09-21T08:00:00Z,WIND,WIND,2687.828246141722,5684
2026-09-21T09:00:00Z,ENERGY STORAGE,ENERGY STORAGE,-0.0014444444245762201,270
2026-09-21T09:00:00Z,GAS,COGENERATION,3781.65907767574,6122
2026-09-21T09:00:00Z,GAS,COMBINED CYCLE,2477.3860887156593,3974
2026-09-21T09:00:00Z,GAS,GAS FIRED STEAM,358.72000325017507,3078
2026-09-21T09:00:00Z,GAS,SIMPLE CYCLE,42.596499439345465,1014
2026-09-21T09:00:00Z,HYDRO,HYDRO,133.33796148743895,896
2026-09-21T09:00:00Z,OTHER,BIOMASS,50.37327705154816,195
2026-09-21T09:00:00Z,OTHER,COMPOSITE,0,20
2026-09-21T09:00:00Z,OTHER,GAS,2,10
2026-09-21T09:00:00Z,OTHER,GAS COGEN,12,58
2026-09-21T09:00:00Z,OTHER,OIL/GAS,43.53685964372423,53
2026-09-21T09:00:00Z,OTHER,WOOD/REFUSE,87.1205227306154,149
2026-09-21T09:00:00Z,SOLAR,SOLAR,0.10000000149011612,1892
2026-09-21T09:00:00Z,WIND,WIND,2511.6445936642754,5684
2026-09-21T10:00:00Z,ENERGY STORAGE,ENERGY STORAGE,0,270
2026-09-21T10:00:00Z,GAS,COGENERATION,3795.9206389202013,6122
2026-09-21T10:00:00Z,GAS,COMBINED CYCLE,2542.0495558518833,3974
2026-09-21T10:00:00Z,GAS,GAS FIRED STEAM,360.0392069331805,3078
2026-09-21T10:00:00Z,GAS,SIMPLE CYCLE,42.76783340189192,1014
2026-09-21T10:00:00Z,HYDRO,HYDRO,141.93490204213393,896
2026-09-21T10:00:00Z,OTHER,BIOMASS,51.213887772129645,195
2026-09-21T10:00:00Z,OTHER,COMPOSITE,0,20
2026-09-21T10:00:00Z,OTHER,GAS,2,10
2026-09-21T10:00:00Z,OTHER,GAS COGEN,11.90983327600691,58
2026-09-21T10:00:00Z,OTHER,OIL/GAS,43.79901637395223,53
2026-09-21T10:00:00Z,OTHER,WOOD/REFUSE,88.14178877088757,149
2026-09-21T10:00:00Z,SOLAR,SOLAR,0.10000000149011612,1892
2026-09-21T10:00:00Z,WIND,WIND,2432.7853478482034,5684
2026-09-21T11:00:00Z,ENERGY STORAGE,ENERGY STORAGE,0,270
2026-09-21T11:00:00Z,GAS,COGENERATION,3817.7670504846838,6122
2026-09-21T11:00:00Z,GAS,COMBINED CYCLE,2695.016163764662,3974
2026-09-21T11:00:00Z,GAS,GAS FIRED STEAM,410.97571130262486,3078
2026-09-21T11:00:00Z,GAS,SIMPLE CYCLE,42.72399982452393,1014
2026-09-21T11:00:00Z,HYDRO,HYDRO,153.06656539559364,896
2026-09-21T11:00:00Z,OTHER,BIOMASS,48.65016573240359,195
2026-09-21T11:00:00Z,OTHER,COMPOSITE,0,20
2026-09-21T11:00:00Z,OTHER,GAS,2,10
2026-09-21T11:00:00Z,OTHER,GAS COGEN,11.819499885241193,58
2026-09-21T11:00:00Z,OTHER,OIL/GAS,44.457548694610594,53
2026-09-21T11:00:00Z,OTHER,WOOD/REFUSE,88.16492926067777,149
2026-09-21T11:00:00Z,SOLAR,SOLAR,0.10000000149011612,1892
2026-09-21T11:00:00Z,WIND,WIND,2402.4048327958917,5684
2026-09-21T12:00:00Z,ENERGY STORAGE,ENERGY STORAGE,0,270
2026-09-21T12:00:00Z,GAS,COGENERATION,3921.781534316672,6122
2026-09-21T12:00:00Z,GAS,COMBINED CYCLE,2961.981911209292,3974
2026-09-21T12:00:00Z,GAS,GAS FIRED STEAM,475.9431189042992,3078
2026-09-21T12:00:00Z,GAS,SIMPLE CYCLE,42.763499857584634,1014
2026-09-21T12:00:00Z,HYDRO,HYDRO,160.99549949513542,896
2026-09-21T12:00:00Z,OTHER,BIOMASS,50.18299924075603,195
2026-09-21T12:00:00Z,OTHER,COMPOSITE,0,20
2026-09-21T12:00:00Z,OTHER,GAS,2,10
2026-09-21T12:00:00Z,OTHER,GAS COGEN,11.950499968528748,58
2026-09-21T12:00:00Z,OTHER,OIL/GAS,44.38639972898695,53
2026-09-21T12:00:00Z,OTHER,WOOD/REFUSE,88.5252358092202,149
2026-09-21T12:00:00Z,SOLAR,SOLAR,0.10000000149011612,1892
2026-09-21T12:00:00Z,WIND,WIND,2405.5269518466666,5684
2026-09-21T13:00:00Z,ENERGY STORAGE,ENERGY STORAGE,0,270
2026-09-21T13:00:00Z,GAS,COGENERATION,4001.929337355031,6122
2026-09-21T13:00:00Z,GAS,COMBINED CYCLE,3089.9743264676463,3974
2026-09-21T13:00:00Z,GAS,GAS FIRED STEAM,471.0171956592136,3078
2026-09-21T13:00:00Z,GAS,SIMPLE CYCLE,42.70183305104574,1014
2026-09-21T13:00:00Z,HYDRO,HYDRO,127.64873381084865,896
2026-09-21T13:00:00Z,OTHER,BIOMASS,51.47566593047645,195
2026-09-21T13:00:00Z,OTHER,COMPOSITE,0,20
2026-09-21T13:00:00Z,OTHER,GAS,2,10
2026-09-21T13:00:00Z,OTHER,GAS COGEN,11.770499854087827,58
2026-09-21T13:00:00Z,OTHER,OIL/GAS,44.44661019643148,53
2026-09-21T13:00:00Z,OTHER,WOOD/REFUSE,88.43717368443808,149
2026-09-21T13:00:00Z,SOLAR,SOLAR,56.52214508098861,1892
2026-09-21T13:00:00Z,WIND,WIND,2474.5859122406446,5684
2026-09-21T14:00:00Z,ENERGY STORAGE,ENERGY STORAGE,0,270
2026-09-21T14:00:00Z,GAS,COGENERATION,3931.1224347427155,6122
2026-09-21T14:00:00Z,GAS,COMBINED CYCLE,2958.5374470579623,3974
2026-09-21T14:00:00Z,GAS,GAS FIRED STEAM,407.89104373203384,3078
2026-09-21T14:00:00Z,GAS,SIMPLE CYCLE,42.27066644827525,1014
2026-09-21T14:00:00Z,HYDRO,HYDRO,131.43713215182225,896
2026-09-21T14:00:00Z,OTHER,BIOMASS,51.33027665504151,195
2026-09-21T14:00:00Z,OTHER,COMPOSITE,0,20
2026-09-21T14:00:00Z,OTHER,GAS,1.9097777562671236,10
2026-09-21T14:00:00Z,OTHER,GAS COGEN,11.742166502740648,58
2026-09-21T14:00:00Z,OTHER,OIL/GAS,44.73970506456163,53
2026-09-21T14:00:00Z,OTHER,WOOD/REFUSE,86.91910244094001,149
2026-09-21T14:00:00Z,SOLAR,SOLAR,622.1681203886369,1892
2026-09-21T14:00:00Z,WIND,WIND,2252.0076575207213,5684
2026-09-21T15:00:00Z,ENERGY STORAGE,ENERGY STORAGE,0,270
2026-09-21T15:00:00Z,GAS,COGENERATION,3770.994143288235,6122
2026-09-21T15:00:00Z,GAS,COMBINED CYCLE,2711.127642058929,3974
2026-09-21T15:00:00Z,GAS,GAS FIRED STEAM,407.97852916744023,3078
2026-09-21T15:00:00Z,GAS,SIMPLE CYCLE,42.61761068397098,1014
2026-09-21T15:00:00Z,HYDRO,HYDRO,135.93432172225582,896
2026-09-21T15:00:00Z,OTHER,BIOMASS,53.47044362821513,195
2026-09-21T15:00:00Z,OTHER,COMPOSITE,0,20
2026-09-21T15:00:00Z,OTHER,GAS,2.0107221704390312,10
2026-09-21T15:00:00Z,OTHER,GAS COGEN,11.649194059901768,58
2026-09-21T15:00:00Z,OTHER,OIL/GAS,45.16572624630398,53
2026-09-21T15:00:00Z,OTHER,WOOD/REFUSE,88.00943187183803,149
2026-09-21T15:00:00Z,SOLAR,SOLAR,1355.8539053079485,1892
2026-09-21T15:00:00Z,WIND,WIND,2025.6479651145141,5684
2026-09-21T16:00:00Z,ENERGY STORAGE,ENERGY STORAGE,0,270
2026-09-21T16:00:00Z,GAS,COGENERATION,3721.2439121132425,6122
2026-09-21T16:00:00Z,GAS,COMBINED CYCLE,2664.549218264818,3974
2026-09-21T16:00:00Z,GAS,GAS FIRED STEAM,365.41039304892223,3078
2026-09-21T16:00:00Z,GAS,SIMPLE CYCLE,42.31666611671448,1014
2026-09-21T16:00:00Z,HYDRO,HYDRO,128.89167132814725,896
2026-09-21T16:00:00Z,OTHER,BIOMASS,55.38411011934281,195
2026-09-21T16:00:00Z,OTHER,COMPOSITE,0,20
2026-09-21T16:00:00Z,OTHER,GAS,2.0999999046325684,10
2026-09-21T16:00:00Z,OTHER,GAS COGEN,11.59999942779541,58
2026-09-21T16:00:00Z,OTHER,OIL/GAS,45.05984905030992,53
2026-09-21T16:00:00Z,OTHER,WOOD/REFUSE,88.33390877670712,149
2026-09-21T16:00:00Z,SOLAR,SOLAR,1560.221003203094,1892
2026-09-21T16:00:00Z,WIND,WIND,1891.5452500765357,5684
2026-09-21T17:00:00Z,ENERGY STORAGE,ENERGY STORAGE,0,270
2026-09-21T17:00:00Z,GAS,COGENERATION,3603.881475814316,6122
2026-09-21T17:00:00Z,GAS,COMBINED CYCLE,2726.232629660633,3974
2026-09-21T17:00:00Z,GAS,GAS FIRED STEAM,359.1939865381188,3078
2026-09-21T17:00:00Z,GAS,SIMPLE CYCLE,42.50983301851484,1014
2026-09-21T17:00:00Z,HYDRO,HYDRO,174.0448537169728,896
2026-09-21T17:00:00Z,OTHER,BIOMASS,55.161221375399165,195
2026-09-21T17:00:00Z,OTHER,COMPOSITE,0,20
2026-09-21T17:00:00Z,OTHER,GAS,2.0999999046325684,10
2026-09-21T17:00:00Z,OTHER,GAS COGEN,11.618499439557391,58
2026-09-21T17:00:00Z,OTHER,OIL/GAS,45.2877885055542,53
2026-09-21T17:00:00Z,OTHER,WOOD/REFUSE,89.28098244984945,149
2026-09-21T17:00:00Z,SOLAR,SOLAR,1568.4109794868364,1892
2026-09-21T17:00:00Z,WIND,WIND,2046.7717409272575,5684
2026-09-21T18:00:00Z,ENERGY STORAGE,ENERGY STORAGE,0,270
2026-09-21T18:00:00Z,GAS,COGENERATION,3558.1636068407693,6122
2026-09-21T18:00:00Z,GAS,COMBINED CYCLE,2600.666508096324,3974
2026-09-21T18:00:00Z,GAS,GAS FIRED STEAM,360.1637429551283,3078
2026-09-21T18:00:00Z,GAS,SIMPLE CYCLE,42.48199965053135,1014
2026-09-21T18:00:00Z,HYDRO,HYDRO,141.59607336782747,896
2026-09-21T18:00:00Z,OTHER,BIOMASS,54.87011041498846,195
2026-09-21T18:00:00Z,OTHER,COMPOSITE,0,20
2026-09-21T18:00:00Z,OTHER,GAS,2.0999999046325684,10
2026-09-21T18:00:00Z,OTHER,GAS COGEN,11.783166210916308,58
2026-09-21T18:00:00Z,OTHER,OIL/GAS,44.96685949749417,53
2026-09-21T18:00:00Z,OTHER,WOOD/REFUSE,89.39838022814857,149
2026-09-21T18:00:00Z,SOLAR,SOLAR,1524.7059391049545,1892
2026-09-21T18:00:00Z,WIND,WIND,2436.1568474782343,5684
2026-09-21T19:00:00Z,ENERGY STORAGE,ENERGY STORAGE,0,270
2026-09-21T19:00:00Z,GAS,COGENERATION,3534.7325129318237,6122
2026-09-21T19:00:00Z,GAS,COMBINED CYCLE,2524.9651148664952,3974
2026-09-21T19:00:00Z,GAS,GAS FIRED STEAM,359.28869781189496,3078
2026-09-21T19:00:00Z,GAS,SIMPLE CYCLE,42.66116643799676,1014
2026-09-21T19:00:00Z,HYDRO,HYDRO,186.50375874466366,896
2026-09-21T19:00:00Z,OTHER,BIOMASS,54.25877738787069,195
2026-09-21T19:00:00Z,OTHER,COMPOSITE,0,20
2026-09-21T19:00:00Z,OTHER,GAS,2.0999999046325684,10
2026-09-21T19:00:00Z,OTHER,GAS COGEN,11.653666128582424,58
2026-09-21T19:00:00Z,OTHER,OIL/GAS,41.734809176127115,53
2026-09-21T19:00:00Z,OTHER,WOOD/REFUSE,88.4804675632053,149
2026-09-21T19:00:00Z,SOLAR,SOLAR,1510.0928645087613,1892
2026-09-21T19:00:00Z,WIND,WIND,2733.515690577163,5684
2026-09-21T20:00:00Z,ENERGY STORAGE,ENERGY STORAGE,0,270
2026-09-21T20:00:00Z,GAS,COGENERATION,3480.1736425401104,6122
2026-09-21T20:00:00Z,GAS,COMBINED CYCLE,2668.955564423667,3974
2026-09-21T20:00:00Z,GAS,GAS FIRED STEAM,359.6639603406853,3078
2026-09-21T20:00:00Z,GAS,SIMPLE CYCLE,42.75116656992171,1014
2026-09-21T20:00:00Z,HYDRO,HYDRO,191.72389335844252,896
2026-09-21T20:00:00Z,OTHER,BIOMASS,51.23338796069225,195
2026-09-21T20:00:00Z,OTHER,COMPOSITE,0,20
2026-09-21T20:00:00Z,OTHER,GAS,2.0999999046325684,10
2026-09-21T20:00:00Z,OTHER,GAS COGEN,11.59999942779541,58
2026-09-21T20:00:00Z,OTHER,OIL/GAS,39.54139306386312,53
2026-09-21T20:00:00Z,OTHER,WOOD/REFUSE,88.47507671886021,149
2026-09-21T20:00:00Z,SOLAR,SOLAR,1535.6118603385157,1892
2026-09-21T20:00:00Z,WIND,WIND,2743.6767180537513,5684
2026-09-21T21:00:00Z,ENERGY STORAGE,ENERGY STORAGE,0,270
2026-09-21T21:00:00Z,GAS,COGENERATION,3449.462297916015,6122
2026-09-21T21:00:00Z,GAS,COMBINED CYCLE,2644.6156567194726,3974
2026-09-21T21:00:00Z,GAS,GAS FIRED STEAM,359.17435825824737,3078
2026-09-21T21:00:00Z,GAS,SIMPLE CYCLE,42.69933313846588,1014
2026-09-21T21:00:00Z,HYDRO,HYDRO,195.8063779157731,896
2026-09-21T21:00:00Z,OTHER,BIOMASS,50.01922118670411,195
2026-09-21T21:00:00Z,OTHER,COMPOSITE,0,20
2026-09-21T21:00:00Z,OTHER,GAS,2.0999999046325684,10
2026-09-21T21:00:00Z,OTHER,GAS COGEN,11.5648328505622,58
2026-09-21T21:00:00Z,OTHER,OIL/GAS,39.71577109230889,53
2026-09-21T21:00:00Z,OTHER,WOOD/REFUSE,88.37299445470174,149
2026-09-21T21:00:00Z,SOLAR,SOLAR,1529.9144329988626,1892
2026-09-21T21:00:00Z,WIND,WIND,2747.0168226321375,5684
2026-09-21T22:00:00Z,ENERGY STORAGE,ENERGY STORAGE,0,270
2026-09-21T22:00:00Z,GAS,COGENERATION,3470.472808831003,6122
2026-09-21T22:00:00Z,GAS,COMBINED CYCLE,2878.0831461211046,3974
2026-09-21T22:00:00Z,GAS,GAS FIRED STEAM,359.19030418515206,3078
2026-09-21T22:00:00Z,GAS,SIMPLE CYCLE,42.54761032528347,1014
2026-09-21T22:00:00Z,HYDRO,HYDRO,248.42100437356365,896
2026-09-21T22:00:00Z,OTHER,BIOMASS,45.902443689902626,195
2026-09-21T22:00:00Z,OTHER,COMPOSITE,0,20
2026-09-21T22:00:00Z,OTHER,GAS,2.0999999046325684,10
2026-09-21T22:00:00Z,OTHER,GAS COGEN,11.313000157674152,58
2026-09-21T22:00:00Z,OTHER,OIL/GAS,39.59809367921617,53
2026-09-21T22:00:00Z,OTHER,WOOD/REFUSE,88.07755137443543,149
2026-09-21T22:00:00Z,SOLAR,SOLAR,1464.0423447377152,1892
2026-09-21T22:00:00Z,WIND,WIND,2728.082996986053,5684
2026-09-21T23:00:00Z,ENERGY STORAGE,ENERGY STORAGE,0,270
2026-09-21T23:00:00Z,GAS,COGENERATION,3529.96794729756,6122
2026-09-21T23:00:00Z,GAS,COMBINED CYCLE,2970.9988883760243,3974
2026-09-21T23:00:00Z,GAS,GAS FIRED STEAM,379.31086171401876,3078
2026-09-21T23:00:00Z,GAS,SIMPLE CYCLE,42.781499289688135,1014
2026-09-21T23:00:00Z,HYDRO,HYDRO,251.96543700691726,896
2026-09-21T23:00:00Z,OTHER,BIOMASS,44.05727719402975,195
2026-09-21T23:00:00Z,OTHER,COMPOSITE,0,20
2026-09-21T23:00:00Z,OTHER,GAS,2.0066666046778363,10
2026-09-21T23:00:00Z,OTHER,GAS COGEN,11.368500016530357,58
2026-09-21T23:00:00Z,OTHER,OIL/GAS,39.744704757266575,53
2026-09-21T23:00:00Z,OTHER,WOOD/REFUSE,88.34931253168318,149
2026-09-21T23:00:00Z,SOLAR,SOLAR,1175.9381776476569,1892
2026-09-21T23:00:00Z,WIND,WIND,2694.6854426582654,5684
2026-09-22T00:00:00Z,ENERGY STORAGE,ENERGY STORAGE,0,270
2026-09-22T00:00:00Z,GAS,COGENERATION,3706.3353579146333,6122
2026-09-22T00:00:00Z,GAS,COMBINED CYCLE,3255.865497277048,3974
2026-09-22T00:00:00Z,GAS,GAS FIRED STEAM,676.3970615784327,3078
2026-09-22T00:00:00Z,GAS,SIMPLE CYCLE,44.20333250171608,1014
2026-09-22T00:00:00Z,HYDRO,HYDRO,215.55471497706242,896
2026-09-22T00:00:00Z,OTHER,BIOMASS,43.663554938866035,195
2026-09-22T00:00:00Z,OTHER,COMPOSITE,0,20
2026-09-22T00:00:00Z,OTHER,GAS,1.899999976158142,10
2026-09-22T00:00:00Z,OTHER,GAS COGEN,11.59999942779541,58
2026-09-22T00:00:00Z,OTHER,OIL/GAS,38.57551102108425,53
2026-09-22T00:00:00Z,OTHER,WOOD/REFUSE,89.15253688759273,149
2026-09-22T00:00:00Z,SOLAR,SOLAR,439.14847129510923,1892
2026-09-22T00:00:00Z,WIND,WIND,2623.0970969799823,5684
2026-09-22T01:00:00Z,ENERGY STORAGE,ENERGY STORAGE,0,270
2026-09-22T01:00:00Z,GAS,COGENERATION,3647.9911593630577,6122
2026-09-22T01:00:00Z,GAS,COMBINED CYCLE,3092.9511853954527,3974
2026-09-22T01:00:00Z,GAS,GAS FIRED STEAM,482.24812226163016,3078
2026-09-22T01:00:00Z,GAS,SIMPLE CYCLE,42.317832444508866,1014
2026-09-22T01:00:00Z,HYDRO,HYDRO,124.33034993343054,896
2026-09-22T01:00:00Z,OTHER,BIOMASS,45.09349932895766,195
2026-09-22T01:00:00Z,OTHER,COMPOSITE,0,20
2026-09-22T01:00:00Z,OTHER,GAS,1.899999976158142,10
2026-09-22T01:00:00Z,OTHER,GAS COGEN,11.59999942779541,58
2026-09-22T01:00:00Z,OTHER,OIL/GAS,38.196265896691216,53
2026-09-22T01:00:00Z,OTHER,WOOD/REFUSE,88.74335160626306,149
2026-09-22T01:00:00Z,SOLAR,SOLAR,15.09938860050506,1892
2026-09-22T01:00:00Z,WIND,WIND,3378.3988999865783,5684
2026-09-22T02:00:00Z,ENERGY STORAGE,ENERGY STORAGE,0,270
2026-09-22T02:00:00Z,GAS,COGENERATION,3558.740780981779,6122
2026-09-22T02:00:00Z,GAS,COMBINED CYCLE,2753.3727757083047,3974
2026-09-22T02:00:00Z,GAS,GAS FIRED STEAM,360.5725594351027,3078
2026-09-22T02:00:00Z,GAS,SIMPLE CYCLE,42.66933288733165,1014
2026-09-22T02:00:00Z,HYDRO,HYDRO,166.98705585691664,896
2026-09-22T02:00:00Z,OTHER,BIOMASS,44.23111031772362,195
2026-09-22T02:00:00Z,OTHER,COMPOSITE,0,20
2026-09-22T02:00:00Z,OTHER,GAS,1.899999976158142,10
2026-09-22T02:00:00Z,OTHER,GAS COGEN,11.59999942779541,58
2026-09-22T02:00:00Z,OTHER,OIL/GAS,36.98694370693631,53
2026-09-22T02:00:00Z,OTHER,WOOD/REFUSE,88.84378989961412,149
2026-09-22T02:00:00Z,SOLAR,SOLAR,0.43688888718684515,1892
2026-09-22T02:00:00Z,WIND,WIND,3854.6496195473937,5684
2026-09-22T03:00:00Z,ENERGY STORAGE,ENERGY STORAGE,0,270
2026-09-22T03:00:00Z,GAS,COGENERATION,3613.517028271887,6122
2026-09-22T03:00:00Z,GAS,COMBINED CYCLE,2419.790065830681,3974
2026-09-22T03:00:00Z,GAS,GAS FIRED STEAM,359.1574677304427,3078
2026-09-22T03:00:00Z,GAS,SIMPLE CYCLE,42.688499311871,1014
2026-09-22T03:00:00Z,HYDRO,HYDRO,201.84487145682175,896
2026-09-22T03:00:00Z,OTHER,BIOMASS,44.30322166434593,195
2026-09-22T03:00:00Z,OTHER,COMPOSITE,0,20
2026-09-22T03:00:00Z,OTHER,GAS,1.899999976158142,10
2026-09-22T03:00:00Z,OTHER,GAS COGEN,11.847499585151672,58
2026-09-22T03:00:00Z,OTHER,OIL/GAS,38.52066086875068,53
2026-09-22T03:00:00Z,OTHER,WOOD/REFUSE,85.50600842581855,149
2026-09-22T03:00:00Z,SOLAR,SOLAR,0.30000000447034836,1892
2026-09-22T03:00:00Z,WIND,WIND,3955.9280844886766,5684
2026-09-22T04:00:00Z,ENERGY STORAGE,ENERGY STORAGE,0,270
2026-09-22T04:00:00Z,GAS,COGENERATION,3613.996037518117,6122
2026-09-22T04:00:00Z,GAS,COMBINED CYCLE,2203.955993990898,3974
2026-09-22T04:00:00Z,GAS,GAS FIRED STEAM,358.21990268071494,3078
2026-09-22T04:00:00Z,GAS,SIMPLE CYCLE,42.652832487954036,1014
2026-09-22T04:00:00Z,HYDRO,HYDRO,195.98564516009557,896
2026-09-22T04:00:00Z,OTHER,BIOMASS,43.7109996562865,195
2026-09-22T04:00:00Z,OTHER,COMPOSITE,0,20
2026-09-22T04:00:00Z,OTHER,GAS,1.899999976158142,10
2026-09-22T04:00:00Z,OTHER,GAS COGEN,12.109666418499415,58
2026-09-22T04:00:00Z,OTHER,OIL/GAS,38.28149382273356,53
2026-09-22T04:00:00Z,OTHER,WOOD/REFUSE,85.1210739681456,149
2026-09-22T04:00:00Z,SOLAR,SOLAR,0.30000000447034836,1892
2026-09-22T04:00:00Z,WIND,WIND,3898.1874042147565,5684
2026-09-22T05:00:00Z,ENERGY STORAGE,ENERGY STORAGE,0,270
2026-09-22T05:00:00Z,GAS,COGENERATION,3621.282734822631,6122
2026-09-22T05:00:00Z,GAS,COMBINED CYCLE,2126.9143501027424,3974
2026-09-22T05:00:00Z,GAS,GAS FIRED STEAM,359.4052942075994,3078
2026-09-22T05:00:00Z,GAS,SIMPLE CYCLE,42.60049917115106,1014
2026-09-22T05:00:00Z,HYDRO,HYDRO,181.62102151056132,896
2026-09-22T05:00:00Z,OTHER,BIOMASS,43.56022190282742,195
2026-09-22T05:00:00Z,OTHER,COMPOSITE,0,20
2026-09-22T05:00:00Z,OTHER,GAS,1.899999976158142,10
2026-09-22T05:00:00Z,OTHER,GAS COGEN,12.199999809265137,58
2026-09-22T05:00:00Z,OTHER,OIL/GAS,38.19486621432834,53
2026-09-22T05:00:00Z,OTHER,WOOD/REFUSE,84.23994519021775,149
2026-09-22T05:00:00Z,SOLAR,SOLAR,0.30000000447034836,1892
2026-09-22T05:00:00Z,WIND,WIND,3758.6100549783805,5684
2026-09-22T06:00:00Z,ENERGY STORAGE,ENERGY STORAGE,-3.7187221112185056,270
2026-09-22T06:00:00Z,GAS,COGENERATION,3619.532557863262,6122
2026-09-22T06:00:00Z,GAS,COMBINED CYCLE,2223.9107238470183,3974
2026-09-22T06:00:00Z,GAS,GAS FIRED STEAM,360.5350975635316,3078
2026-09-22T06:00:00Z,GAS,SIMPLE CYCLE,42.52516584502326,1014
2026-09-22T06:00:00Z,HYDRO,HYDRO,175.06783775568007,896
2026-09-22T06:00:00Z,OTHER,BIOMASS,41.97699970977174,195
2026-09-22T06:00:00Z,OTHER,COMPOSITE,0,20
2026-09-22T06:00:00Z,OTHER,GAS,1.899999976158142,10
2026-09-22T06:00:00Z,OTHER,GAS COGEN,12.453666637208729,58
2026-09-22T06:00:00Z,OTHER,OIL/GAS,38.45568187925551,53
2026-09-22T06:00:00Z,OTHER,WOOD/REFUSE,81.8469599278768,149
2026-09-22T06:00:00Z,SOLAR,SOLAR,0.8788363496131367,1892
2026-09-22T06:00:00Z,WIND,WIND,3515.4418520742656,5684
2026-09-22T07:00:00Z,ENERGY STORAGE,ENERGY STORAGE,-11.59733298657669,270
2026-09-22T07:00:00Z,GAS,COGENERATION,3646.5033633572525,6122
2026-09-22T07:00:00Z,GAS,COMBINED CYCLE,2387.481602856318,3974
2026-09-22T07:00:00Z,GAS,GAS FIRED STEAM,360.7149633979797,3078
2026-09-22T07:00:00Z,GAS,SIMPLE CYCLE,42.531666094462075,1014
2026-09-22T07:00:00Z,HYDRO,HYDRO,138.7670197069645,896
2026-09-22T07:00:00Z,OTHER,BIOMASS,43.34872166077296,195
2026-09-22T07:00:00Z,OTHER,COMPOSITE,0,20
2026-09-22T07:00:00Z,OTHER,GAS,1.948111098739836,10
2026-09-22T07:00:00Z,OTHER,GAS COGEN,12.544000027974446,58
2026-09-22T07:00:00Z,OTHER,OIL/GAS,38.573270916408966,53
2026-09-22T07:00:00Z,OTHER,WOOD/REFUSE,82.3447520658705,149
2026-09-22T07:00:00Z,SOLAR,SOLAR,0.7970597160855929,1892
2026-09-22T07:00:00Z,WIND,WIND,3210.6871309365333,5684
2026-09-22T08:00:00Z,ENERGY STORAGE,ENERGY STORAGE,-5.773222042355273,270
2026-09-22T08:00:00Z,GAS,COGENERATION,3667.8920712106756,6122
2026-09-22T08:00:00Z,GAS,COMBINED CYCLE,2366.7022884845733,3974
2026-09-22T08:00:00Z,GAS,GAS FIRED STEAM,360.04079261925483,3078
2026-09-22T08:00:00Z,GAS,SIMPLE CYCLE,42.49199936760797,1014
2026-09-22T08:00:00Z,HYDRO,HYDRO,99.95633369465669,896
2026-09-22T08:00:00Z,OTHER,BIOMASS,42.3027218181226,195
2026-09-22T08:00:00Z,OTHER,COMPOSITE,0,20
2026-09-22T08:00:00Z,OTHER,GAS,2,10
2026-09-22T08:00:00Z,OTHER,GAS COGEN,12.50716667122311,58
2026-09-22T08:00:00Z,OTHER,OIL/GAS,38.59147079467773,53
2026-09-22T08:00:00Z,OTHER,WOOD/REFUSE,83.5556023645401,149
2026-09-22T08:00:00Z,SOLAR,SOLAR,0.30000000447034836,1892
2026-09-22T08:00:00Z,WIND,WIND,3172.604552519537,5684
2026-09-22T09:00:00Z,ENERGY STORAGE,ENERGY STORAGE,0,270
2026-09-22T09:00:00Z,GAS,COGENERATION,3685.5058827337953,6122
2026-09-22T09:00:00Z,GAS,COMBINED CYCLE,2313.1649237255256,3974
2026-09-22T09:00:00Z,GAS,GAS FIRED STEAM,359.969910541243,3078
2026-09-22T09:00:00Z,GAS,SIMPLE CYCLE,42.74244429058499,1014
2026-09-22T09:00:00Z,HYDRO,HYDRO,156.98902607109812,896
2026-09-22T09:00:00Z,OTHER,BIOMASS,42.420777238176925,195
2026-09-22T09:00:00Z,OTHER,COMPOSITE,0,20
2026-09-22T09:00:00Z,OTHER,GAS,2,10
2026-09-22T09:00:00Z,OTHER,GAS COGEN,12.287333198123507,58
2026-09-22T09:00:00Z,OTHER,OIL/GAS,38.4729768647088,53
2026-09-22T09:00:00Z,OTHER,WOOD/REFUSE,83.6951316526201,149
2026-09-22T09:00:00Z,SOLAR,SOLAR,0.30000000447034836,1892
2026-09-22T09:00:00Z,WIND,WIND,3110.9441715620624,5684
2026-09-22T10:00:00Z,ENERGY STORAGE,ENERGY STORAGE,0,270
2026-09-22T10:00:00Z,GAS,COGENERATION,3691.0080389294358,6122
2026-09-22T10:00:00Z,GAS,COMBINED CYCLE,2309.6823340394762,3974
2026-09-22T10:00:00Z,GAS,GAS FIRED STEAM,360.21895042684343,3078
2026-09-22T10:00:00Z,GAS,SIMPLE CYCLE,42.85533373726739,1014
2026-09-22T10:00:00Z,HYDRO,HYDRO,110.54959359396662,896
2026-09-22T10:00:00Z,OTHER,BIOMASS,40.72288828849793,195
2026-09-22T10:00:00Z,OTHER,COMPOSITE,0,20
2026-09-22T10:00:00Z,OTHER,GAS,2,10
2026-09-22T10:00:00Z,OTHER,GAS COGEN,12.199999809265137,58
2026-09-22T10:00:00Z,OTHER,OIL/GAS,38.462159938812256,53
2026-09-22T10:00:00Z,OTHER,WOOD/REFUSE,83.76041389783222,149
2026-09-22T10:00:00Z,SOLAR,SOLAR,0.30000000447034836,1892
2026-09-22T10:00:00Z,WIND,WIND,3100.2686001331276,5684
2026-09-22T11:00:00Z,ENERGY STORAGE,ENERGY STORAGE,0,270
2026-09-22T11:00:00Z,GAS,COGENERATION,3697.0528064658906,6122
2026-09-22T11:00:00Z,GAS,COMBINED CYCLE,2453.54655698008,3974
2026-09-22T11:00:00Z,GAS,GAS FIRED STEAM,375.76404683642915,3078
2026-09-22T11:00:00Z,GAS,SIMPLE CYCLE,42.797833283212455,1014
2026-09-22T11:00:00Z,HYDRO,HYDRO,172.76316457834508,896
2026-09-22T11:00:00Z,OTHER,BIOMASS,40.76399921556314,195
2026-09-22T11:00:00Z,OTHER,COMPOSITE,0,20
2026-09-22T11:00:00Z,OTHER,GAS,2,10
2026-09-22T11:00:00Z,OTHER,GAS COGEN,12.199999809265137,58
2026-09-22T11:00:00Z,OTHER,OIL/GAS,38.02306614557902,53
2026-09-22T11:00:00Z,OTHER,WOOD/REFUSE,83.80475657092201,149
2026-09-22T11:00:00Z,SOLAR,SOLAR,0.30000000447034836,1892
2026-09-22T11:00:00Z,WIND,WIND,2989.159620627132,5684
2026-09-22T12:00:00Z,ENERGY STORAGE,ENERGY STORAGE,0,270
2026-09-22T12:00:00Z,GAS,COGENERATION,3695.8599791497654,6122
2026-09-22T12:00:00Z,GAS,COMBINED CYCLE,2424.5087533790534,3974
2026-09-22T12:00:00Z,GAS,GAS FIRED STEAM,486.1209617378977,3078
2026-09-22T12:00:00Z,GAS,SIMPLE CYCLE,42.7560000954734,1014
2026-09-22T12:00:00Z,HYDRO,HYDRO,196.36880399690733,896
2026-09-22T12:00:00Z,OTHER,BIOMASS,37.70644397798512,195
2026-09-22T12:00:00Z,OTHER,COMPOSITE,0,20
2026-09-22T12:00:00Z,OTHER,GAS,2,10
2026-09-22T12:00:00Z,OTHER,GAS COGEN,12.199999809265137,58
2026-09-22T12:00:00Z,OTHER,OIL/GAS,38.03142122268677,53
2026-09-22T12:00:00Z,OTHER,WOOD/REFUSE,84.5265856107076,149
2026-09-22T12:00:00Z,SOLAR,SOLAR,0.30000000447034836,1892
2026-09-22T12:00:00Z,WIND,WIND,2855.568315977007,5684
2026-09-22T13:00:00Z,ENERGY STORAGE,ENERGY STORAGE,0,270
2026-09-22T13:00:00Z,GAS,COGENERATION,3676.7526876547604,6122
2026-09-22T13:00:00Z,GAS,COMBINED CYCLE,2553.7954154539107,3974
2026-09-22T13:00:00Z,GAS,GAS FIRED STEAM,688.7369620373514,3078
2026-09-22T13:00:00Z,GAS,SIMPLE CYCLE,42.720499954223634,1014
2026-09-22T13:00:00Z,HYDRO,HYDRO,195.37404912498263,896
2026-09-22T13:00:00Z,OTHER,BIOMASS,37.24077714724673,195
2026-09-22T13:00:00Z,OTHER,COMPOSITE,0,20
2026-09-22T13:00:00Z,OTHER,GAS,2,10
2026-09-22T13:00:00Z,OTHER,GAS COGEN,12.173833125962153,58
2026-09-22T13:00:00Z,OTHER,OIL/GAS,38.105532576243085,53
2026-09-22T13:00:00Z,OTHER,WOOD/REFUSE,87.20485419962141,149
2026-09-22T13:00:00Z,SOLAR,SOLAR,63.54838807237645,1892
2026-09-22T13:00:00Z,WIND,WIND,2631.773712970147,5684
2026-09-22T14:00:00Z,ENERGY STORAGE,ENERGY STORAGE,0,270
2026-09-22T14:00:00Z,GAS,COGENERATION,3658.241155882809,6122
2026-09-22T14:00:00Z,GAS,COMBINED CYCLE,2464.1498287704258,3974
2026-09-22T14:00:00Z,GAS,GAS FIRED STEAM,827.385374626451,3078
2026-09-22T14:00:00Z,GAS,SIMPLE CYCLE,43.273944254981146,1014
2026-09-22T14:00:00Z,HYDRO,HYDRO,151.9978448985186,896
2026-09-22T14:00:00Z,OTHER,BIOMASS,38.7338880915112,195
2026-09-22T14:00:00Z,OTHER,COMPOSITE,0,20
2026-09-22T14:00:00Z,OTHER,GAS,2,10
2026-09-22T14:00:00Z,OTHER,GAS COGEN,11.873666268454658,58
2026-09-22T14:00:00Z,OTHER,OIL/GAS,38.890860839419894,53
2026-09-22T14:00:00Z,OTHER,WOOD/REFUSE,86.31807217386034,149
2026-09-22T14:00:00Z,SOLAR,SOLAR,579.2704086264968,1892
2026-09-22T14:00:00Z,WIND,WIND,2154.831025548383,5684
2026-09-22T15:00:00Z,ENERGY STORAGE,ENERGY STORAGE,0,270
2026-09-22T15:00:00Z,GAS,COGENERATION,3645.299548235933,6122
2026-09-22T15:00:00Z,GAS,COMBINED CYCLE,2575.732762321896,3974
2026-09-22T15:00:00Z,GAS,GAS FIRED STEAM,826.9485935915841,3078
2026-09-22T15:00:00Z,GAS,SIMPLE CYCLE,43.184499649471704,1014
2026-09-22T15:00:00Z,HYDRO,HYDRO,176.29544018222228,896
2026-09-22T15:00:00Z,OTHER,BIOMASS,39.78405463202132,195
2026-09-22T15:00:00Z,OTHER,COMPOSITE,0,20
2026-09-22T15:00:00Z,OTHER,GAS,2.056666612625122,10
2026-09-22T15:00:00Z,OTHER,GAS COGEN,11.827832905981277,58
2026-09-22T15:00:00Z,OTHER,OIL/GAS,40.92278862423367,53
2026-09-22T15:00:00Z,OTHER,WOOD/REFUSE,85.0949249400033,149
2026-09-22T15:00:00Z,SOLAR,SOLAR,1182.2914756323396,1892
2026-09-22T15:00:00Z,WIND,WIND,1439.080722447758,5684
2026-09-22T16:00:00Z,ENERGY STORAGE,ENERGY STORAGE,0,270
2026-09-22T16:00:00Z,GAS,COGENERATION,3631.3509123080967,6122
2026-09-22T16:00:00Z,GAS,COMBINED CYCLE,2600.6882551166746,3974
2026-09-22T16:00:00Z,GAS,GAS FIRED STEAM,825.8667069670889,3078
2026-09-22T16:00:00Z,GAS,SIMPLE CYCLE,43.34733304553562,1014
2026-09-22T16:00:00Z,HYDRO,HYDRO,149.6325450314416,896
2026-09-22T16:00:00Z,OTHER,BIOMASS,42.786832714676855,195
2026-09-22T16:00:00Z,OTHER,COMPOSITE,0,20
2026-09-22T16:00:00Z,OTHER,GAS,2.0999999046325684,10
2026-09-22T16:00:00Z,OTHER,GAS COGEN,11.59999942779541,58
2026-09-22T16:00:00Z,OTHER,OIL/GAS,42.1220440949334,53
2026-09-22T16:00:00Z,OTHER,WOOD/REFUSE,85.22728924857246,149
2026-09-22T16:00:00Z,SOLAR,SOLAR,1371.3437373295426,1892
2026-09-22T16:00:00Z,WIND,WIND,1356.7263234100408,5684
2026-09-22T17:00:00Z,ENERGY STORAGE,ENERGY STORAGE,0,270
2026-09-22T17:00:00Z,GAS,COGENERATION,3605.3792423170144,6122
2026-09-22T17:00:00Z,GAS,COMBINED CYCLE,2561.891745904287,3974
2026-09-22T17:00:00Z,GAS,GAS FIRED STEAM,824.3532577766313,3078
2026-09-22T17:00:00Z,GAS,SIMPLE CYCLE,43.59749981880188,1014
2026-09-22T17:00:00Z,HYDRO,HYDRO,202.76961211577887,896
2026-09-22T17:00:00Z,OTHER,BIOMASS,43.94166578935253,195
2026-09-22T17:00:00Z,OTHER,COMPOSITE,0,20
2026-09-22T17:00:00Z,OTHER,GAS,2.0999999046325684,10
2026-09-22T17:00:00Z,OTHER,GAS COGEN,11.59999942779541,58
2026-09-22T17:00:00Z,OTHER,OIL/GAS,44.76270419226752,53
2026-09-22T17:00:00Z,OTHER,WOOD/REFUSE,84.73827698442672,149
2026-09-22T17:00:00Z,SOLAR,SOLAR,1330.6291454750465,1892
2026-09-22T17:00:00Z,WIND,WIND,1426.239349649652,5684
2026-09-22T18:00:00Z,ENERGY STORAGE,ENERGY STORAGE,0,270
2026-09-22T18:00:00Z,GAS,COGENERATION,3545.886068221331,6122
2026-09-22T18:00:00Z,GAS,COMBINED CYCLE,2670.029460290273,3974
2026-09-22T18:00:00Z,GAS,GAS FIRED STEAM,824.1303985917568,3078
2026-09-22T18:00:00Z,GAS,SIMPLE CYCLE,43.61799984402127,1014
2026-09-22T18:00:00Z,HYDRO,HYDRO,193.05217934673033,896
2026-09-22T18:00:00Z,OTHER,BIOMASS,43.84933227082094,195
2026-09-22T18:00:00Z,OTHER,COMPOSITE,0,20
2026-09-22T18:00:00Z,OTHER,GAS,2.0999999046325684,10
2026-09-22T18:00:00Z,OTHER,GAS COGEN,11.73249951203664,58
2026-09-22T18:00:00Z,OTHER,OIL/GAS,45.36341533448961,53
2026-09-22T18:00:00Z,OTHER,WOOD/REFUSE,84.41284764501783,149
2026-09-22T18:00:00Z,SOLAR,SOLAR,1308.8375858223108,1892
2026-09-22T18:00:00Z,WIND,WIND,1337.6517326857315,5684
2026-09-22T19:00:00Z,ENERGY STORAGE,ENERGY STORAGE,0,270
2026-09-22T19:00:00Z,GAS,COGENERATION,3504.825129249758,6122
2026-09-22T19:00:00Z,GAS,COMBINED CYCLE,2755.9372056351767,3974
2026-09-22T19:00:00Z,GAS,GAS FIRED STEAM,823.9011724882656,3078
2026-09-22T19:00:00Z,GAS,SIMPLE CYCLE,43.73283309991161,1014
2026-09-22T19:00:00Z,HYDRO,HYDRO,225.1047610788213,896
2026-09-22T19:00:00Z,OTHER,BIOMASS,44.5530547415879,195
2026-09-22T19:00:00Z,OTHER,COMPOSITE,0,20
2026-09-22T19:00:00Z,OTHER,GAS,2.0999999046325684,10
2026-09-22T19:00:00Z,OTHER,GAS COGEN,11.899999618530272,58
2026-09-22T19:00:00Z,OTHER,OIL/GAS,46.81758765538534,53
2026-09-22T19:00:00Z,OTHER,WOOD/REFUSE,84.08128675884672,149
2026-09-22T19:00:00Z,SOLAR,SOLAR,1300.7553531423541,1892
2026-09-22T19:00:00Z,WIND,WIND,1349.9043643263644,5684
2026-09-22T20:00:00Z,ENERGY STORAGE,ENERGY STORAGE,0,270
2026-09-22T20:00:00Z,GAS,COGENERATION,3506.5463496632046,6122
2026-09-22T20:00:00Z,GAS,COMBINED CYCLE,2910.2253632126913,3974
2026-09-22T20:00:00Z,GAS,GAS FIRED STEAM,823.7327830179532,3078
2026-09-22T20:00:00Z,GAS,SIMPLE CYCLE,53.57783319734865,1014
2026-09-22T20:00:00Z,HYDRO,HYDRO,202.02847872085042,896
2026-09-22T20:00:00Z,OTHER,BIOMASS,44.16338795946704,195
2026-09-22T20:00:00Z,OTHER,COMPOSITE,0,20
2026-09-22T20:00:00Z,OTHER,GAS,2.0999999046325684,10
2026-09-22T20:00:00Z,OTHER,GAS COGEN,11.847832918696934,58
2026-09-22T20:00:00Z,OTHER,OIL/GAS,46.86448240492079,53
2026-09-22T20:00:00Z,OTHER,WOOD/REFUSE,84.37490924570295,149
2026-09-22T20:00:00Z,SOLAR,SOLAR,1236.3179133513238,1892
2026-09-22T20:00:00Z,WIND,WIND,1322.3961452353703,5684
2026-09-22T21:00:00Z,ENERGY STORAGE,ENERGY STORAGE,0,270
2026-09-22T21:00:00Z,GAS,COGENERATION,3517.7064473205805,6122
2026-09-22T21:00:00Z,GAS,COMBINED CYCLE,2972.142922826873,3974
2026-09-22T21:00:00Z,GAS,GAS FIRED STEAM,849.7451003581948,3078
2026-09-22T21:00:00Z,GAS,SIMPLE CYCLE,56.90538861331013,1014
2026-09-22T21:00:00Z,HYDRO,HYDRO,251.63780628614958,896
2026-09-22T21:00:00Z,OTHER,BIOMASS,44.650499181581864,195
2026-09-22T21:00:00Z,OTHER,COMPOSITE,0,20
2026-09-22T21:00:00Z,OTHER,GAS,2.0999999046325684,10
2026-09-22T21:00:00Z,OTHER,GAS COGEN,11.88166627354092,58
2026-09-22T21:00:00Z,OTHER,OIL/GAS,46.258226810031466,53
2026-09-22T21:00:00Z,OTHER,WOOD/REFUSE,84.6284807226393,149
2026-09-22T21:00:00Z,SOLAR,SOLAR,1109.5531339701017,1892
2026-09-22T21:00:00Z,WIND,WIND,1335.531647564806,5684
2026-09-22T22:00:00Z,ENERGY STORAGE,ENERGY STORAGE,0,270
2026-09-22T22:00:00Z,GAS,COGENERATION,3625.183906062047,6122
2026-09-22T22:00:00Z,GAS,COMBINED CYCLE,3276.255165781975,3974
2026-09-22T22:00:00Z,GAS,GAS FIRED STEAM,922.5823521701495,3078
2026-09-22T22:00:00Z,GAS,SIMPLE CYCLE,56.80899970902337,1014
2026-09-22T22:00:00Z,HYDRO,HYDRO,250.42566754423083,896
2026-09-22T22:00:00Z,OTHER,BIOMASS,49.759332342578304,195
2026-09-22T22:00:00Z,OTHER,COMPOSITE,0,20
2026-09-22T22:00:00Z,OTHER,GAS,2.0999999046325684,10
2026-09-22T22:00:00Z,OTHER,GAS COGEN,11.885666276084052,58
2026-09-22T22:00:00Z,OTHER,OIL/GAS,46.248264965481226,53
2026-09-22T22:00:00Z,OTHER,WOOD/REFUSE,83.85132714589437,149
2026-09-22T22:00:00Z,SOLAR,SOLAR,908.4323097474045,1892
2026-09-22T22:00:00Z,WIND,WIND,1194.5834197024628,5684
2026-09-22T23:00:00Z,ENERGY STORAGE,ENERGY STORAGE,0,270
2026-09-22T23:00:00Z,GAS,COGENERATION,3658.816024976836,6122
2026-09-22T23:00:00Z,GAS,COMBINED CYCLE,3351.8572542296515,3974
2026-09-22T23:00:00Z,GAS,GAS FIRED STEAM,1057.517941274643,3078
2026-09-22T23:00:00Z,GAS,SIMPLE CYCLE,83.03419071619709,1014
2026-09-22T23:00:00Z,HYDRO,HYDRO,229.91897046022945,896
2026-09-22T23:00:00Z,OTHER,BIOMASS,46.85433258632819,195
2026-09-22T23:00:00Z,OTHER,COMPOSITE,0.05405555427074432,20
2026-09-22T23:00:00Z,OTHER,GAS,1.9727777279085583,10
2026-09-22T23:00:00Z,OTHER,GAS COGEN,11.899999618530272,58
2026-09-22T23:00:00Z,OTHER,OIL/GAS,45.78018258624606,53
2026-09-22T23:00:00Z,OTHER,WOOD/REFUSE,90.96345489554936,149
2026-09-22T23:00:00Z,SOLAR,SOLAR,690.2892834782931,1892
2026-09-22T23:00:00Z,WIND,WIND,1089.9134420843382,5684
2026-09-23T00:00:00Z,ENERGY STORAGE,ENERGY STORAGE,14.32311160456803,270
2026-09-23T00:00:00Z,GAS,COGENERATION,3692.6707912502025,6122
2026-09-23T00:00:00Z,GAS,COMBINED CYCLE,3329.7263408231734,3974
2026-09-23T00:00:00Z,GAS,GAS FIRED STEAM,1248.4684346209633,3078
2026-09-23T00:00:00Z,GAS,SIMPLE CYCLE,179.45057675417925,1014
2026-09-23T00:00:00Z,HYDRO,HYDRO,260.5588744246132,896
2026-09-23T00:00:00Z,OTHER,BIOMASS,45.65277665896548,195
2026-09-23T00:00:00Z,OTHER,COMPOSITE,12.229444029861028,20
2026-09-23T00:00:00Z,OTHER,GAS,1.899999976158142,10
2026-09-23T00:00:00Z,OTHER,GAS COGEN,11.928999636967976,58
2026-09-23T00:00:00Z,OTHER,OIL/GAS,45.37034975687663,53
2026-09-23T00:00:00Z,OTHER,WOOD/REFUSE,97.33539807849459,149
2026-09-23T00:00:00Z,SOLAR,SOLAR,258.5401803027176,1892
2026-09-23T00:00:00Z,WIND,WIND,929.2743258204559,5684
2026-09-23T01:00:00Z,ENERGY STORAGE,ENERGY STORAGE,39.897556970384386,270
2026-09-23T01:00:00Z,GAS,COGENERATION,3726.340944017304,6122
2026-09-23T01:00:00Z,GAS,COMBINED CYCLE,3373.7406437073814,3974
2026-09-23T01:00:00Z,GAS,GAS FIRED STEAM,1258.8413819111718,3078
2026-09-23T01:00:00Z,GAS,SIMPLE CYCLE,228.19133819133043,1014
2026-09-23T01:00:00Z,HYDRO,HYDRO,330.8946497250928,896
2026-09-23T01:00:00Z,OTHER,BIOMASS,44.97383274853229,195
2026-09-23T01:00:00Z,OTHER,COMPOSITE,12.679499796231587,20
2026-09-23T01:00:00Z,OTHER,GAS,1.899999976158142,10
2026-09-23T01:00:00Z,OTHER,GAS COGEN,12.233499830563863,58
2026-09-23T01:00:00Z,OTHER,OIL/GAS,45.178804088168675,53
2026-09-23T01:00:00Z,OTHER,WOOD/REFUSE,100.54926628165775,149
2026-09-23T01:00:00Z,SOLAR,SOLAR,30.935277163063486,1892
2026-09-23T01:00:00Z,WIND,WIND,850.7676081464026,5684
2026-09-23T02:00:00Z,ENERGY STORAGE,ENERGY STORAGE,40,270
2026-09-23T02:00:00Z,GAS,COGENERATION,3757.111700776683,6122
2026-09-23T02:00:00Z,GAS,COMBINED CYCLE,3391.3972097264395,3974
2026-09-23T02:00:00Z,GAS,GAS FIRED STEAM,1258.755670179791,3078
2026-09-23T02:00:00Z,GAS,SIMPLE CYCLE,241.52995422230828,1014
2026-09-23T02:00:00Z,HYDRO,HYDRO,333.9063851074378,896
2026-09-23T02:00:00Z,OTHER,BIOMASS,45.69161040653785,195
2026-09-23T02:00:00Z,OTHER,COMPOSITE,12.820666552649604,20
2026-09-23T02:00:00Z,OTHER,GAS,2.1166666944821677,10
2026-09-23T02:00:00Z,OTHER,GAS COGEN,12.491999994913735,58
2026-09-23T02:00:00Z,OTHER,OIL/GAS,45.22403771294488,53
2026-09-23T02:00:00Z,OTHER,WOOD/REFUSE,101.86540414280363,149
2026-09-23T02:00:00Z,SOLAR,SOLAR,48.72983205136325,1892
2026-09-23T02:00:00Z,WIND,WIND,827.0652684232261,5684
2026-09-23T03:00:00Z,ENERGY STORAGE,ENERGY STORAGE,9.853166653116544,270
2026-09-23T03:00:00Z,GAS,COGENERATION,3786.200542921225,6122
2026-09-23T03:00:00Z,GAS,COMBINED CYCLE,3335.8637009742524,3974
2026-09-23T03:00:00Z,GAS,GAS FIRED STEAM,1216.9136055310566,3078
2026-09-23T03:00:00Z,GAS,SIMPLE CYCLE,164.95776125812282,1014
2026-09-23T03:00:00Z,HYDRO,HYDRO,236.6534296753009,896
2026-09-23T03:00:00Z,OTHER,BIOMASS,43.00644362009234,195
2026-09-23T03:00:00Z,OTHER,COMPOSITE,2.4736109863387212,20
2026-09-23T03:00:00Z,OTHER,GAS,1.899999976158142,10
2026-09-23T03:00:00Z,OTHER,GAS COGEN,12.5,58
2026-09-23T03:00:00Z,OTHER,OIL/GAS,44.529871476491294,53
2026-09-23T03:00:00Z,OTHER,WOOD/REFUSE,97.97282072173225,149
2026-09-23T03:00:00Z,SOLAR,SOLAR,12.467222141209575,1892
2026-09-23T03:00:00Z,WIND,WIND,907.3565938871105,5684
2026-09-23T04:00:00Z,ENERGY STORAGE,ENERGY STORAGE,0,270
2026-09-23T04:00:00Z,GAS,COGENERATION,3807.5732068136667,6122
2026-09-23T04:00:00Z,GAS,COMBINED CYCLE,3402.9205716609954,3974
2026-09-23T04:00:00Z,GAS,GAS FIRED STEAM,891.963747642835,3078
2026-09-23T04:00:00Z,GAS,SIMPLE CYCLE,129.8081829173325,1014
2026-09-23T04:00:00Z,HYDRO,HYDRO,220.18989863158927,896
2026-09-23T04:00:00Z,OTHER,BIOMASS,42.62211030973329,195
2026-09-23T04:00:00Z,OTHER,COMPOSITE,0,20
2026-09-23T04:00:00Z,OTHER,GAS,1.899999976158142,10
2026-09-23T04:00:00Z,OTHER,GAS COGEN,12.59416672653622,58
2026-09-23T04:00:00Z,OTHER,OIL/GAS,45.0831995900472,53
2026-09-23T04:00:00Z,OTHER,WOOD/REFUSE,92.21882442209457,149
2026-09-23T04:00:00Z,SOLAR,SOLAR,0.8014390211304029,1892
2026-09-23T04:00:00Z,WIND,WIND,881.5783197403989,5684
2026-09-23T05:00:00Z,ENERGY STORAGE,ENERGY STORAGE,0,270
2026-09-23T05:00:00Z,GAS,COGENERATION,3824.208331120279,6122
2026-09-23T05:00:00Z,GAS,COMBINED CYCLE,3363.204269902706,3974
2026-09-23T05:00:00Z,GAS,GAS FIRED STEAM,980.2082823015584,3078
2026-09-23T05:00:00Z,GAS,SIMPLE CYCLE,103.15183248990111,1014
2026-09-23T05:00:00Z,HYDRO,HYDRO,169.60501700248983,896
2026-09-23T05:00:00Z,OTHER,BIOMASS,44.66355481038491,195
2026-09-23T05:00:00Z,OTHER,COMPOSITE,0,20
2026-09-23T05:00:00Z,OTHER,GAS,1.899999976158142,10
2026-09-23T05:00:00Z,OTHER,GAS COGEN,12.807833504147,58
2026-09-23T05:00:00Z,OTHER,OIL/GAS,45.246265464358856,53
2026-09-23T05:00:00Z,OTHER,WOOD/REFUSE,88.0564432975981,149
2026-09-23T05:00:00Z,SOLAR,SOLAR,0.8000000044703484,1892
2026-09-23T05:00:00Z,WIND,WIND,804.2978361191849,5684
2026-09-23T06:00:00Z,ENERGY STORAGE,ENERGY STORAGE,-4.085222152388758,270
2026-09-23T06:00:00Z,GAS,COGENERATION,3778.54109574053,6122
2026-09-23T06:00:00Z,GAS,COMBINED CYCLE,3282.0565994179246,3974
2026-09-23T06:00:00Z,GAS,GAS FIRED STEAM,842.3984810525842,3078
2026-09-23T06:00:00Z,GAS,SIMPLE CYCLE,57.10599861558941,1014
2026-09-23T06:00:00Z,HYDRO,HYDRO,165.16725137144329,896
2026-09-23T06:00:00Z,OTHER,BIOMASS,46.15249947114124,195
2026-09-23T06:00:00Z,OTHER,COMPOSITE,0,20
2026-09-23T06:00:00Z,OTHER,GAS,1.899999976158142,10
2026-09-23T06:00:00Z,OTHER,GAS COGEN,12.730166760020786,58
2026-09-23T06:00:00Z,OTHER,OIL/GAS,44.87522133721246,53
2026-09-23T06:00:00Z,OTHER,WOOD/REFUSE,84.90811688847012,149
2026-09-23T06:00:00Z,SOLAR,SOLAR,1.384665780266126,1892
2026-09-23T06:00:00Z,WIND,WIND,912.0651003429127,5684
2026-09-23T07:00:00Z,ENERGY STORAGE,ENERGY STORAGE,-67.48805518627167,270
2026-09-23T07:00:00Z,GAS,COGENERATION,3783.9236531856322,6122
2026-09-23T07:00:00Z,GAS,COMBINED CYCLE,3311.475770030419,3974
2026-09-23T07:00:00Z,GAS,GAS FIRED STEAM,849.4195256490177,3078
2026-09-23T07:00:00Z,GAS,SIMPLE CYCLE,103.45977626280653,1014
2026-09-23T07:00:00Z,HYDRO,HYDRO,172.85962102209527,896
2026-09-23T07:00:00Z,OTHER,BIOMASS,45.1689436429739,195
2026-09-23T07:00:00Z,OTHER,COMPOSITE,0,20
2026-09-23T07:00:00Z,OTHER,GAS,1.899999976158142,10
2026-09-23T07:00:00Z,OTHER,GAS COGEN,12.541000100241767,58
2026-09-23T07:00:00Z,OTHER,OIL/GAS,44.83142669041951,53
2026-09-23T07:00:00Z,OTHER,WOOD/REFUSE,85.65752039101389,149
2026-09-23T07:00:00Z,SOLAR,SOLAR,1.2808245788349046,1892
2026-09-23T07:00:00Z,WIND,WIND,872.2772751448055,5684
2026-09-23T08:00:00Z,ENERGY STORAGE,ENERGY STORAGE,-64.83189103770587,270
2026-09-23T08:00:00Z,GAS,COGENERATION,3801.0863889866405,6122
2026-09-23T08:00:00Z,GAS,COMBINED CYCLE,3372.1428700090783,3974
2026-09-23T08:00:00Z,GAS,GAS FIRED STEAM,915.1521590412988,3078
2026-09-23T08:00:00Z,GAS,SIMPLE CYCLE,115.7929427447915,1014
2026-09-23T08:00:00Z,HYDRO,HYDRO,144.56808192531267,896
2026-09-23T08:00:00Z,OTHER,BIOMASS,48.49261002517409,195
2026-09-23T08:00:00Z,OTHER,COMPOSITE,0,20
2026-09-23T08:00:00Z,OTHER,GAS,1.899999976158142,10
2026-09-23T08:00:00Z,OTHER,GAS COGEN,9.587333082093132,58
2026-09-23T08:00:00Z,OTHER,OIL/GAS,44.734325921800405,53
2026-09-23T08:00:00Z,OTHER,WOOD/REFUSE,84.75051094677714,149
2026-09-23T08:00:00Z,SOLAR,SOLAR,0.8000000044703484,1892
2026-09-23T08:00:00Z,WIND,WIND,720.2286733091871,5684
2026-09-23T09:00:00Z,ENERGY STORAGE,ENERGY STORAGE,-0.10000000149011612,270
2026-09-23T09:00:00Z,GAS,COGENERATION,3808.169304600292,6122
2026-09-23T09:00:00Z,GAS,COMBINED CYCLE,3389.6510724311406,3974
2026-09-23T09:00:00Z,GAS,GAS FIRED STEAM,833.6669652206368,3078
2026-09-23T09:00:00Z,GAS,SIMPLE CYCLE,86.42977677394947,1014
2026-09-23T09:00:00Z,HYDRO,HYDRO,170.71419414334827,896
2026-09-23T09:00:00Z,OTHER,BIOMASS,52.111276948385765,195
2026-09-23T09:00:00Z,OTHER,COMPOSITE,0,20
2026-09-23T09:00:00Z,OTHER,GAS,1.899999976158142,10
2026-09-23T09:00:00Z,OTHER,GAS COGEN,12.03683341662089,58
2026-09-23T09:00:00Z,OTHER,OIL/GAS,45.205315104590525,53
2026-09-23T09:00:00Z,OTHER,WOOD/REFUSE,84.61361434353722,149
2026-09-23T09:00:00Z,SOLAR,SOLAR,0.8000000044703484,1892
2026-09-23T09:00:00Z,WIND,WIND,648.9271774831166,5684
2026-09-23T10:00:00Z,ENERGY STORAGE,ENERGY STORAGE,-0.10000000149011612,270
2026-09-23T10:00:00Z,GAS,COGENERATION,3814.6315796309045,6122
2026-09-23T10:00:00Z,GAS,COMBINED CYCLE,3385.6261183084384,3974
2026-09-23T10:00:00Z,GAS,GAS FIRED STEAM,969.6332909472784,3078
2026-09-23T10:00:00Z,GAS,SIMPLE CYCLE,111.1672762117452,1014
2026-09-23T10:00:00Z,HYDRO,HYDRO,133.85112868573933,896
2026-09-23T10:00:00Z,OTHER,BIOMASS,54.33083206004566,195
2026-09-23T10:00:00Z,OTHER,COMPOSITE,0,20
2026-09-23T10:00:00Z,OTHER,GAS,1.9474999874830248,10
2026-09-23T10:00:00Z,OTHER,GAS COGEN,13.021332961188422,58
2026-09-23T10:00:00Z,OTHER,OIL/GAS,44.88054226345486,53
2026-09-23T10:00:00Z,OTHER,WOOD/REFUSE,85.6699658882618,149
2026-09-23T10:00:00Z,SOLAR,SOLAR,0.8000000044703484,1892
2026-09-23T10:00:00Z,WIND,WIND,620.9327124353664,5684
2026-09-23T11:00:00Z,ENERGY STORAGE,ENERGY STORAGE,-0.10000000149011612,270
2026-09-23T11:00:00Z,GAS,COGENERATION,3822.958069299062,6122
2026-09-23T11:00:00Z,GAS,COMBINED CYCLE,3384.5796612393856,3974
2026-09-23T11:00:00Z,GAS,GAS FIRED STEAM,1123.3265726868312,3078
2026-09-23T11:00:00Z,GAS,SIMPLE CYCLE,151.74981409418086,1014
2026-09-23T11:00:00Z,HYDRO,HYDRO,120.96581369466251,896
2026-09-23T11:00:00Z,OTHER,BIOMASS,58.97099812795718,195
2026-09-23T11:00:00Z,OTHER,COMPOSITE,0,20
2026-09-23T11:00:00Z,OTHER,GAS,2,10
2026-09-23T11:00:00Z,OTHER,GAS COGEN,13.09999942779541,58
2026-09-23T11:00:00Z,OTHER,OIL/GAS,44.95010437435574,53
2026-09-23T11:00:00Z,OTHER,WOOD/REFUSE,87.11870429502592,149
2026-09-23T11:00:00Z,SOLAR,SOLAR,0.9343888946043121,1892
2026-09-23T11:00:00Z,WIND,WIND,633.7036856334739,5684
2026-09-23T12:00:00Z,ENERGY STORAGE,ENERGY STORAGE,6.099166431754,270
2026-09-23T12:00:00Z,GAS,COGENERATION,3833.5617608772386,6122
2026-09-23T12:00:00Z,GAS,COMBINED CYCLE,3408.893114503622,3974
2026-09-23T12:00:00Z,GAS,GAS FIRED STEAM,1178.9276894685959,3078
2026-09-23T12:00:00Z,GAS,SIMPLE CYCLE,205.47177266652386,1014
2026-09-23T12:00:00Z,HYDRO,HYDRO,211.0235581416554,896
2026-09-23T12:00:00Z,OTHER,BIOMASS,57.741998963157336,195
2026-09-23T12:00:00Z,OTHER,COMPOSITE,5.70355523476998,20
2026-09-23T12:00:00Z,OTHER,GAS,2,10
2026-09-23T12:00:00Z,OTHER,GAS COGEN,12.897333097987705,58
2026-09-23T12:00:00Z,OTHER,OIL/GAS,45.06406515545315,53
2026-09-23T12:00:00Z,OTHER,WOOD/REFUSE,92.17897722668118,149
2026-09-23T12:00:00Z,SOLAR,SOLAR,1.2675555642777019,1892
2026-09-23T12:00:00Z,WIND,WIND,764.6818027052118,5684
2026-09-23T13:00:00Z,ENERGY STORAGE,ENERGY STORAGE,9.899999618530272,270
2026-09-23T13:00:00Z,GAS,COGENERATION,3833.04227730751,6122
2026-09-23T13:00:00Z,GAS,COMBINED CYCLE,3388.88545094,3974
2026-09-23T13:00:00Z,GAS,GAS FIRED STEAM,1196.744931161271,3078
2026-09-23T13:00:00Z,GAS,SIMPLE CYCLE,177.9462929584086,1014
2026-09-23T13:00:00Z,HYDRO,HYDRO,224.120812942187,896
2026-09-23T13:00:00Z,OTHER,BIOMASS,65.86260944889652,195
2026-09-23T13:00:00Z,OTHER,COMPOSITE,10.003777320649888,20
2026-09-23T13:00:00Z,OTHER,GAS,2,10
2026-09-23T13:00:00Z,OTHER,GAS COGEN,12.5,58
2026-09-23T13:00:00Z,OTHER,OIL/GAS,44.8867881181505,53
2026-09-23T13:00:00Z,OTHER,WOOD/REFUSE,92.63506380809677,149
2026-09-23T13:00:00Z,SOLAR,SOLAR,45.66472156626069,1892
2026-09-23T13:00:00Z,WIND,WIND,961.0634451537165,5684
2026-09-23T14:00:00Z,ENERGY STORAGE,ENERGY STORAGE,0.6831666415681442,270
2026-09-23T14:00:00Z,GAS,COGENERATION,3820.1487059254114,6122
2026-09-23T14:00:00Z,GAS,COMBINED CYCLE,3351.3106726633177,3974
2026-09-23T14:00:00Z,GAS,GAS FIRED STEAM,981.7813435354498,3078
2026-09-23T14:00:00Z,GAS,SIMPLE CYCLE,84.30321739910791,1014
2026-09-23T14:00:00Z,HYDRO,HYDRO,108.7773539749119,896
2026-09-23T14:00:00Z,OTHER,BIOMASS,65.89933167232407,195
2026-09-23T14:00:00Z,OTHER,COMPOSITE,2.5330554597907597,20
2026-09-23T14:00:00Z,OTHER,GAS,1.1750000218550365,10
2026-09-23T14:00:00Z,OTHER,GAS COGEN,12.250666508144803,58
2026-09-23T14:00:00Z,OTHER,OIL/GAS,44.46828836652968,53
2026-09-23T14:00:00Z,OTHER,WOOD/REFUSE,86.36766611350907,149
2026-09-23T14:00:00Z,SOLAR,SOLAR,469.7970297137068,1892
2026-09-23T14:00:00Z,WIND,WIND,1203.7423580140785,5684
2026-09-23T15:00:00Z,ENERGY STORAGE,ENERGY STORAGE,0,270
2026-09-23T15:00:00Z,GAS,COGENERATION,3804.7645612508722,6122
2026-09-23T15:00:00Z,GAS,COMBINED CYCLE,3339.9414326949914,3974
2026-09-23T15:00:00Z,GAS,GAS FIRED STEAM,736.6350293420421,3078
2026-09-23T15:00:00Z,GAS,SIMPLE CYCLE,46.99982613441017,1014
2026-09-23T15:00:00Z,HYDRO,HYDRO,154.0038764319155,896
2026-09-23T15:00:00Z,OTHER,BIOMASS,64.36566484471162,195
2026-09-23T15:00:00Z,OTHER,COMPOSITE,0,20
2026-09-23T15:00:00Z,OTHER,GAS,1.100000023841858,10
2026-09-23T15:00:00Z,OTHER,GAS COGEN,11.995166345702277,58
2026-09-23T15:00:00Z,OTHER,OIL/GAS,44.235277534061005,53
2026-09-23T15:00:00Z,OTHER,WOOD/REFUSE,84.3658329486847,149
2026-09-23T15:00:00Z,SOLAR,SOLAR,1181.6309512046143,1892
2026-09-23T15:00:00Z,WIND,WIND,1087.6960828759272,5684
2026-09-23T16:00:00Z,ENERGY STORAGE,ENERGY STORAGE,0,270
2026-09-23T16:00:00Z,GAS,COGENERATION,3781.3507649801836,6122
2026-09-23T16:00:00Z,GAS,COMBINED CYCLE,3349.895453919702,3974
2026-09-23T16:00:00Z,GAS,GAS FIRED STEAM,832.0427199567689,3078
2026-09-23T16:00:00Z,GAS,SIMPLE CYCLE,47.735331255081626,1014
2026-09-23T16:00:00Z,HYDRO,HYDRO,171.3584636912081,896
2026-09-23T16:00:00Z,OTHER,BIOMASS,61.58972112860945,195
2026-09-23T16:00:00Z,OTHER,COMPOSITE,0,20
2026-09-23T16:00:00Z,OTHER,GAS,1.100000023841858,10
2026-09-23T16:00:00Z,OTHER,GAS COGEN,11.730999511082969,58
2026-09-23T16:00:00Z,OTHER,OIL/GAS,44.74058782153659,53
2026-09-23T16:00:00Z,OTHER,WOOD/REFUSE,84.45300729314486,149
2026-09-23T16:00:00Z,SOLAR,SOLAR,1307.3009255340694,1892
2026-09-23T16:00:00Z,WIND,WIND,995.3259737384899,5684
2026-09-23T17:00:00Z,ENERGY STORAGE,ENERGY STORAGE,0,270
2026-09-23T17:00:00Z,GAS,COGENERATION,3753.133276157909,6122
2026-09-23T17:00:00Z,GAS,COMBINED CYCLE,3328.7231041904292,3974
2026-09-23T17:00:00Z,GAS,GAS FIRED STEAM,896.0458994203144,3078
2026-09-23T17:00:00Z,GAS,SIMPLE CYCLE,47.50333139366574,1014
2026-09-23T17:00:00Z,HYDRO,HYDRO,197.7152959001064,896
2026-09-23T17:00:00Z,OTHER,BIOMASS,60.90605496797297,195
2026-09-23T17:00:00Z,OTHER,COMPOSITE,0,20
2026-09-23T17:00:00Z,OTHER,GAS,1.100000023841858,10
2026-09-23T17:00:00Z,OTHER,GAS COGEN,11.460166450076631,58
2026-09-23T17:00:00Z,OTHER,OIL/GAS,44.9828816095988,53
2026-09-23T17:00:00Z,OTHER,WOOD/REFUSE,86.28121075034142,149
2026-09-23T17:00:00Z,SOLAR,SOLAR,1127.719047296312,1892
2026-09-23T17:00:00Z,WIND,WIND,1130.1371122207906,5684
2026-09-23T18:00:00Z,ENERGY STORAGE,ENERGY STORAGE,0,270
2026-09-23T18:00:00Z,GAS,COGENERATION,3730.61166855375,6122
2026-09-23T18:00:00Z,GAS,COMBINED CYCLE,3291.1233934288553,3974
2026-09-23T18:00:00Z,GAS,GAS FIRED STEAM,896.1795361513562,3078
2026-09-23T18:00:00Z,GAS,SIMPLE CYCLE,46.82416605949402,1014
2026-09-23T18:00:00Z,HYDRO,HYDRO,210.67176338255405,896
2026-09-23T18:00:00Z,OTHER,BIOMASS,62.235609226160584,195
2026-09-23T18:00:00Z,OTHER,COMPOSITE,0,20
2026-09-23T18:00:00Z,OTHER,GAS,1.100000023841858,10
2026-09-23T18:00:00Z,OTHER,GAS COGEN,11.24833345943027,58
2026-09-23T18:00:00Z,OTHER,OIL/GAS,44.92318173302544,53
2026-09-23T18:00:00Z,OTHER,WOOD/REFUSE,84.78879713084962,149
2026-09-23T18:00:00Z,SOLAR,SOLAR,1087.0518200322654,1892
2026-09-23T18:00:00Z,WIND,WIND,1172.341607754715,5684
2026-09-23T19:00:00Z,ENERGY STORAGE,ENERGY STORAGE,0,270
2026-09-23T19:00:00Z,GAS,COGENERATION,3707.180497680505,6122
2026-09-23T19:00:00Z,GAS,COMBINED CYCLE,3236.570054662228,3974
2026-09-23T19:00:00Z,GAS,GAS FIRED STEAM,777.6334062621328,3078
2026-09-23T19:00:00Z,GAS,SIMPLE CYCLE,44.909998841285706,1014
2026-09-23T19:00:00Z,HYDRO,HYDRO,199.60742999900546,896
2026-09-23T19:00:00Z,OTHER,BIOMASS,64.5010535403755,195
2026-09-23T19:00:00Z,OTHER,COMPOSITE,0,20
2026-09-23T19:00:00Z,OTHER,GAS,1.1319444633192486,10
2026-09-23T19:00:00Z,OTHER,GAS COGEN,11.21550013701121,58
2026-09-23T19:00:00Z,OTHER,OIL/GAS,45.33682651943631,53
2026-09-23T19:00:00Z,OTHER,WOOD/REFUSE,84.46171979798211,149
2026-09-23T19:00:00Z,SOLAR,SOLAR,1138.757100518644,1892
2026-09-23T19:00:00Z,WIND,WIND,1294.7341641002065,5684
2026-09-23T20:00:00Z,ENERGY STORAGE,ENERGY STORAGE,0,270
2026-09-23T20:00:00Z,GAS,COGENERATION,3687.2264131461247,6122
2026-09-23T20:00:00Z,GAS,COMBINED CYCLE,3212.915881252421,3974
2026-09-23T20:00:00Z,GAS,GAS FIRED STEAM,604.624676589436,3078
2026-09-23T20:00:00Z,GAS,SIMPLE CYCLE,43.05599947664472,1014
2026-09-23T20:00:00Z,HYDRO,HYDRO,170.9785027308431,896
2026-09-23T20:00:00Z,OTHER,BIOMASS,60.337165909392965,195
2026-09-23T20:00:00Z,OTHER,COMPOSITE,0,20
2026-09-23T20:00:00Z,OTHER,GAS,2.0424999137719473,10
2026-09-23T20:00:00Z,OTHER,GAS COGEN,11.043333360883924,58
2026-09-23T20:00:00Z,OTHER,OIL/GAS,45.760810894436304,53
2026-09-23T20:00:00Z,OTHER,WOOD/REFUSE,84.94107177946303,149
2026-09-23T20:00:00Z,SOLAR,SOLAR,1259.970384685596,1892
2026-09-23T20:00:00Z,WIND,WIND,1503.3374815266332,5684
2026-09-23T21:00:00Z,ENERGY STORAGE,ENERGY STORAGE,0,270
2026-09-23T21:00:00Z,GAS,COGENERATION,3671.0500076744293,6122
2026-09-23T21:00:00Z,GAS,COMBINED CYCLE,3192.1608562592664,3974
2026-09-23T21:00:00Z,GAS,GAS FIRED STEAM,635.568826289177,3078
2026-09-23T21:00:00Z,GAS,SIMPLE CYCLE,43.20744398416744,1014
2026-09-23T21:00:00Z,HYDRO,HYDRO,208.06208484159578,896
2026-09-23T21:00:00Z,OTHER,BIOMASS,60.20455432196458,195
2026-09-23T21:00:00Z,OTHER,COMPOSITE,0,20
2026-09-23T21:00:00Z,OTHER,GAS,2.0999999046325684,10
2026-09-23T21:00:00Z,OTHER,GAS COGEN,11,58
2026-09-23T21:00:00Z,OTHER,OIL/GAS,45.80862718794081,53
2026-09-23T21:00:00Z,OTHER,WOOD/REFUSE,84.86367217408285,149
2026-09-23T21:00:00Z,SOLAR,SOLAR,1302.2415227292147,1892
2026-09-23T21:00:00Z,WIND,WIND,1543.2371971633036,5684
2026-09-23T22:00:00Z,ENERGY STORAGE,ENERGY STORAGE,0,270
2026-09-23T22:00:00Z,GAS,COGENERATION,3658.065458094809,6122
2026-09-23T22:00:00Z,GAS,COMBINED CYCLE,3298.7412115716934,3974
2026-09-23T22:00:00Z,GAS,GAS FIRED STEAM,765.2177270939616,3078
2026-09-23T22:00:00Z,GAS,SIMPLE CYCLE,43.73955536259545,1014
2026-09-23T22:00:00Z,HYDRO,HYDRO,221.1627752274606,896
2026-09-23T22:00:00Z,OTHER,BIOMASS,61.75844342410564,195
2026-09-23T22:00:00Z,OTHER,COMPOSITE,0,20
2026-09-23T22:00:00Z,OTHER,GAS,2.0999999046325684,10
2026-09-23T22:00:00Z,OTHER,GAS COGEN,10.994166662957934,58
2026-09-23T22:00:00Z,OTHER,OIL/GAS,45.60727678087022,53
2026-09-23T22:00:00Z,OTHER,WOOD/REFUSE,85.35745266278585,149
2026-09-23T22:00:00Z,SOLAR,SOLAR,1108.964671614021,1892
2026-09-23T22:00:00Z,WIND,WIND,1501.1926399104464,5684
2026-09-23T23:00:00Z,ENERGY STORAGE,ENERGY STORAGE,0,270
2026-09-23T23:00:00Z,GAS,COGENERATION,3686.3861039830576,6122
2026-09-23T23:00:00Z,GAS,COMBINED CYCLE,3289.481943775945,3974
2026-09-23T23:00:00Z,GAS,GAS FIRED STEAM,1117.4315099986393,3078
2026-09-23T23:00:00Z,GAS,SIMPLE CYCLE,162.1694621115095,1014
2026-09-23T23:00:00Z,HYDRO,HYDRO,298.0539234452115,896
2026-09-23T23:00:00Z,OTHER,BIOMASS,63.04977660165893,195
2026-09-23T23:00:00Z,OTHER,COMPOSITE,0,20
2026-09-23T23:00:00Z,OTHER,GAS,2.0999999046325684,10
2026-09-23T23:00:00Z,OTHER,GAS COGEN,11,58
2026-09-23T23:00:00Z,OTHER,OIL/GAS,45.8534438112047,53
2026-09-23T23:00:00Z,OTHER,WOOD/REFUSE,93.480305893951,149
2026-09-23T23:00:00Z,SOLAR,SOLAR,481.03597804880803,1892
2026-09-23T23:00:00Z,WIND,WIND,1338.284934555412,5684
2026-09-24T00:00:00Z,ENERGY STORAGE,ENERGY STORAGE,36.382831934094426,270
2026-09-24T00:00:00Z,GAS,COGENERATION,3698.74052495824,6122
2026-09-24T00:00:00Z,GAS,COMBINED CYCLE,3286.8973826887873,3974
2026-09-24T00:00:00Z,GAS,GAS FIRED STEAM,1194.983197586404,3078
2026-09-24T00:00:00Z,GAS,SIMPLE CYCLE,241.92302817727128,1014
2026-09-24T00:00:00Z,HYDRO,HYDRO,238.75960231950714,896
2026-09-24T00:00:00Z,OTHER,BIOMASS,64.10477643516327,195
2026-09-24T00:00:00Z,OTHER,COMPOSITE,8.847221689290471,20
2026-09-24T00:00:00Z,OTHER,GAS,2.0999999046325684,10
2026-09-24T00:00:00Z,OTHER,GAS COGEN,10.991999994913735,58
2026-09-24T00:00:00Z,OTHER,OIL/GAS,45.329055336846245,53
2026-09-24T00:00:00Z,OTHER,WOOD/REFUSE,95.30818002674314,149
2026-09-24T00:00:00Z,SOLAR,SOLAR,196.004693605519,1892
2026-09-24T00:00:00Z,WIND,WIND,1309.9889516861572,5684
2026-09-24T01:00:00Z,ENERGY STORAGE,ENERGY STORAGE,73.39405782620112,270
2026-09-24T01:00:00Z,GAS,COGENERATION,3720.8188748428556,6122
2026-09-24T01:00:00Z,GAS,COMBINED CYCLE,3287.371868400044,3974
2026-09-24T01:00:00Z,GAS,GAS FIRED STEAM,1195.3881834899055,3078
2026-09-24T01:00:00Z,GAS,SIMPLE CYCLE,247.7244237701595,1014
2026-09-24T01:00:00Z,HYDRO,HYDRO,226.4098038714379,896
2026-09-24T01:00:00Z,OTHER,BIOMASS,61.207759443389044,195
2026-09-24T01:00:00Z,OTHER,COMPOSITE,11.877999642690025,20
2026-09-24T01:00:00Z,OTHER,GAS,2.0999999046325684,10
2026-09-24T01:00:00Z,OTHER,GAS COGEN,11.149833428594802,58
2026-09-24T01:00:00Z,OTHER,OIL/GAS,45.27311073727078,53
2026-09-24T01:00:00Z,OTHER,WOOD/REFUSE,97.21515612734687,149
2026-09-24T01:00:00Z,SOLAR,SOLAR,61.27422093338437,1892
2026-09-24T01:00:00Z,WIND,WIND,1186.4104871076386,5684
2026-09-24T02:00:00Z,ENERGY STORAGE,ENERGY STORAGE,24.67377719450328,270
2026-09-24T02:00:00Z,GAS,COGENERATION,3735.1921488536727,6122
2026-09-24T02:00:00Z,GAS,COMBINED CYCLE,3290.6500799757905,3974
2026-09-24T02:00:00Z,GAS,GAS FIRED STEAM,1194.907753903336,3078
2026-09-24T02:00:00Z,GAS,SIMPLE CYCLE,257.35021506322755,1014
2026-09-24T02:00:00Z,HYDRO,HYDRO,328.8304554130965,896
2026-09-24T02:00:00Z,OTHER,BIOMASS,64.01440951698356,195
2026-09-24T02:00:00Z,OTHER,COMPOSITE,12.750944471889072,20
2026-09-24T02:00:00Z,OTHER,GAS,2.0999999046325684,10
2026-09-24T02:00:00Z,OTHER,GAS COGEN,11.300000190734863,58
2026-09-24T02:00:00Z,OTHER,OIL/GAS,45.33437152226766,53
2026-09-24T02:00:00Z,OTHER,WOOD/REFUSE,97.85833147022458,149
2026-09-24T02:00:00Z,SOLAR,SOLAR,37.37777732796139,1892
2026-09-24T02:00:00Z,WIND,WIND,1197.295322015153,5684
2026-09-24T03:00:00Z,ENERGY STORAGE,ENERGY STORAGE,-0.09999999403953552,270
2026-09-24T03:00:00Z,GAS,COGENERATION,3731.4981437563897,6122
2026-09-24T03:00:00Z,GAS,COMBINED CYCLE,3227.4507015068,3974
2026-09-24T03:00:00Z,GAS,GAS FIRED STEAM,1078.2371261453627,3078
2026-09-24T03:00:00Z,GAS,SIMPLE CYCLE,108.97216253283952,1014
2026-09-24T03:00:00Z,HYDRO,HYDRO,169.4249757737087,896
2026-09-24T03:00:00Z,OTHER,BIOMASS,64.51477623747454,195
2026-09-24T03:00:00Z,OTHER,COMPOSITE,4.458110880321927,20
2026-09-24T03:00:00Z,OTHER,GAS,2.077777703603109,10
2026-09-24T03:00:00Z,OTHER,GAS COGEN,11.341166752709285,58
2026-09-24T03:00:00Z,OTHER,OIL/GAS,45.09542644076877,53
2026-09-24T03:00:00Z,OTHER,WOOD/REFUSE,90.34975288099713,149
2026-09-24T03:00:00Z,SOLAR,SOLAR,0.20000000298023224,1892
2026-09-24T03:00:00Z,WIND,WIND,1563.961146182186,5684
2026-09-24T04:00:00Z,ENERGY STORAGE,ENERGY STORAGE,-0.09999999403953552,270
2026-09-24T04:00:00Z,GAS,COGENERATION,3732.1671817600063,6122
2026-09-24T04:00:00Z,GAS,COMBINED CYCLE,3266.977047108942,3974
2026-09-24T04:00:00Z,GAS,GAS FIRED STEAM,758.8434177823862,3078
2026-09-24T04:00:00Z,GAS,SIMPLE CYCLE,49.76283244106505,1014
2026-09-24T04:00:00Z,HYDRO,HYDRO,172.98812753293248,896
2026-09-24T04:00:00Z,OTHER,BIOMASS,60.81930979139275,195
2026-09-24T04:00:00Z,OTHER,COMPOSITE,0,20
2026-09-24T04:00:00Z,OTHER,GAS,2,10
2026-09-24T04:00:00Z,OTHER,GAS COGEN,11.730999609099491,58
2026-09-24T04:00:00Z,OTHER,OIL/GAS,44.828827379014754,53
2026-09-24T04:00:00Z,OTHER,WOOD/REFUSE,86.58600498808754,149
2026-09-24T04:00:00Z,SOLAR,SOLAR,0.20000000298023224,1892
2026-09-24T04:00:00Z,WIND,WIND,1688.105755732639,5684
2026-09-24T05:00:00Z,ENERGY STORAGE,ENERGY STORAGE,-0.09999999403953552,270
2026-09-24T05:00:00Z,GAS,COGENERATION,3750.910134997103,6122
2026-09-24T05:00:00Z,GAS,COMBINED CYCLE,3344.9695946367583,3974
2026-09-24T05:00:00Z,GAS,GAS FIRED STEAM,735.4490770073731,3078
2026-09-24T05:00:00Z,GAS,SIMPLE CYCLE,58.80105485835009,1014
2026-09-24T05:00:00Z,HYDRO,HYDRO,130.8415945730607,896
2026-09-24T05:00:00Z,OTHER,BIOMASS,54.62911021331946,195
2026-09-24T05:00:00Z,OTHER,COMPOSITE,0,20
2026-09-24T05:00:00Z,OTHER,GAS,2,10
2026-09-24T05:00:00Z,OTHER,GAS COGEN,12.237166499561734,58
2026-09-24T05:00:00Z,OTHER,OIL/GAS,44.371277474297415,53
2026-09-24T05:00:00Z,OTHER,WOOD/REFUSE,86.37568202548556,149
2026-09-24T05:00:00Z,SOLAR,SOLAR,0.20000000298023224,1892
2026-09-24T05:00:00Z,WIND,WIND,1377.335444417447,5684
2026-09-24T06:00:00Z,ENERGY STORAGE,ENERGY STORAGE,-29.809331821766165,270
2026-09-24T06:00:00Z,GAS,COGENERATION,3769.9282902767923,6122
2026-09-24T06:00:00Z,GAS,COMBINED CYCLE,3212.324872727394,3974
2026-09-24T06:00:00Z,GAS,GAS FIRED STEAM,758.1864902538723,3078
2026-09-24T06:00:00Z,GAS,SIMPLE CYCLE,70.47238763368792,1014
2026-09-24T06:00:00Z,HYDRO,HYDRO,141.17150462114148,896
2026-09-24T06:00:00Z,OTHER,BIOMASS,53.36361002014743,195
2026-09-24T06:00:00Z,OTHER,COMPOSITE,0,20
2026-09-24T06:00:00Z,OTHER,GAS,2,10
2026-09-24T06:00:00Z,OTHER,GAS COGEN,12.804333438343471,58
2026-09-24T06:00:00Z,OTHER,OIL/GAS,44.75480378680759,53
2026-09-24T06:00:00Z,OTHER,WOOD/REFUSE,86.3243783934911,149
2026-09-24T06:00:00Z,SOLAR,SOLAR,0.7654976346757677,1892
2026-09-24T06:00:00Z,WIND,WIND,1255.2008321210121,5684
2026-09-24T07:00:00Z,ENERGY STORAGE,ENERGY STORAGE,-52.49999761581421,270
2026-09-24T07:00:00Z,GAS,COGENERATION,3782.8536561814944,6122
2026-09-24T07:00:00Z,GAS,COMBINED CYCLE,3156.294782876571,3974
2026-09-24T07:00:00Z,GAS,GAS FIRED STEAM,727.7894279918406,3078
2026-09-24T07:00:00Z,GAS,SIMPLE CYCLE,61.17655482156409,1014
2026-09-24T07:00:00Z,HYDRO,HYDRO,105.86542227692074,896
2026-09-24T07:00:00Z,OTHER,BIOMASS,54.40555453346836,195
2026-09-24T07:00:00Z,OTHER,COMPOSITE,0,20
2026-09-24T07:00:00Z,OTHER,GAS,2,10
2026-09-24T07:00:00Z,OTHER,GAS COGEN,13.125666110780504,58
2026-09-24T07:00:00Z,OTHER,OIL/GAS,44.87324292924669,53
2026-09-24T07:00:00Z,OTHER,WOOD/REFUSE,86.72254891395569,149
2026-09-24T07:00:00Z,SOLAR,SOLAR,0.924925263358487,1892
2026-09-24T07:00:00Z,WIND,WIND,1297.2148301118282,5684
2026-09-24T08:00:00Z,ENERGY STORAGE,ENERGY STORAGE,-47.10249764959018,270
2026-09-24T08:00:00Z,GAS,COGENERATION,3794.554122523864,6122
2026-09-24T08:00:00Z,GAS,COMBINED CYCLE,3152.8633526398075,3974
2026-09-24T08:00:00Z,GAS,GAS FIRED STEAM,779.508894961675,3078
2026-09-24T08:00:00Z,GAS,SIMPLE CYCLE,69.63938778238165,1014
2026-09-24T08:00:00Z,HYDRO,HYDRO,181.6707514082061,896
2026-09-24T08:00:00Z,OTHER,BIOMASS,54.91455476754241,195
2026-09-24T08:00:00Z,OTHER,COMPOSITE,0,20
2026-09-24T08:00:00Z,OTHER,GAS,2,10
2026-09-24T08:00:00Z,OTHER,GAS COGEN,13.328332906299169,58
2026-09-24T08:00:00Z,OTHER,OIL/GAS,44.53384369744195,53
2026-09-24T08:00:00Z,OTHER,WOOD/REFUSE,86.36218200842539,149
2026-09-24T08:00:00Z,SOLAR,SOLAR,0.9454085167249043,1892
2026-09-24T08:00:00Z,WIND,WIND,1056.6493723233375,5684
2026-09-24T09:00:00Z,ENERGY STORAGE,ENERGY STORAGE,-39.39999771118164,270
2026-09-24T09:00:00Z,GAS,COGENERATION,3804.0442846251194,6122
2026-09-24T09:00:00Z,GAS,COMBINED CYCLE,3242.2344182883367,3974
2026-09-24T09:00:00Z,GAS,GAS FIRED STEAM,938.7297530889512,3078
2026-09-24T09:00:00Z,GAS,SIMPLE CYCLE,103.9904990058144,1014
2026-09-24T09:00:00Z,HYDRO,HYDRO,142.35305423835914,896
2026-09-24T09:00:00Z,OTHER,BIOMASS,54.95238804413213,195
2026-09-24T09:00:00Z,OTHER,COMPOSITE,0,20
2026-09-24T09:00:00Z,OTHER,GAS,2,10
2026-09-24T09:00:00Z,OTHER,GAS COGEN,13.496555454466078,58
2026-09-24T09:00:00Z,OTHER,OIL/GAS,44.80786567264133,53
2026-09-24T09:00:00Z,OTHER,WOOD/REFUSE,86.23119546890258,149
2026-09-24T09:00:00Z,SOLAR,SOLAR,0.20894348627991147,1892
2026-09-24T09:00:00Z,WIND,WIND,799.0792832811674,5684
2026-09-24T10:00:00Z,ENERGY STORAGE,ENERGY STORAGE,-38.11372003800339,270
2026-09-24T10:00:00Z,GAS,COGENERATION,3815.807359224558,6122
2026-09-24T10:00:00Z,GAS,COMBINED CYCLE,3305.149646420479,3974
2026-09-24T10:00:00Z,GAS,GAS FIRED STEAM,1102.108944979244,3078
2026-09-24T10:00:00Z,GAS,SIMPLE CYCLE,104.18461079604096,1014
2026-09-24T10:00:00Z,HYDRO,HYDRO,139.74833207157752,896
2026-09-24T10:00:00Z,OTHER,BIOMASS,60.891387825210884,195
2026-09-24T10:00:00Z,OTHER,COMPOSITE,0,20
2026-09-24T10:00:00Z,OTHER,GAS,2,10
2026-09-24T10:00:00Z,OTHER,GAS COGEN,13.634666752285428,58
2026-09-24T10:00:00Z,OTHER,OIL/GAS,44.77258272171021,53
2026-09-24T10:00:00Z,OTHER,WOOD/REFUSE,86.40171149359809,149
2026-09-24T10:00:00Z,SOLAR,SOLAR,0.20000000298023224,1892
2026-09-24T10:00:00Z,WIND,WIND,650.4047595750665,5684
2026-09-24T11:00:00Z,ENERGY STORAGE,ENERGY STORAGE,48.04211019386848,270
2026-09-24T11:00:00Z,GAS,COGENERATION,3838.5474128996,6122
2026-09-24T11:00:00Z,GAS,COMBINED CYCLE,3368.9388939383293,3974
2026-09-24T11:00:00Z,GAS,GAS FIRED STEAM,1178.3448510869343,3078
2026-09-24T11:00:00Z,GAS,SIMPLE CYCLE,175.11221190779574,1014
2026-09-24T11:00:00Z,HYDRO,HYDRO,176.97961504207717,896
2026-09-24T11:00:00Z,OTHER,BIOMASS,65.27776013981965,195
2026-09-24T11:00:00Z,OTHER,COMPOSITE,0.2208333276046647,20
2026-09-24T11:00:00Z,OTHER,GAS,1.9777222169107864,10
2026-09-24T11:00:00Z,OTHER,GAS COGEN,13.800000190734863,58
2026-09-24T11:00:00Z,OTHER,OIL/GAS,44.565232024722626,53
2026-09-24T11:00:00Z,OTHER,WOOD/REFUSE,93.50624558501774,149
2026-09-24T11:00:00Z,SOLAR,SOLAR,0.20000000298023224,1892
2026-09-24T11:00:00Z,WIND,WIND,468.36580509237115,5684
2026-09-24T12:00:00Z,ENERGY STORAGE,ENERGY STORAGE,80.22533308241103,270
2026-09-24T12:00:00Z,GAS,COGENERATION,3852.6044406612714,6122
2026-09-24T12:00:00Z,GAS,COMBINED CYCLE,3402.5089556569524,3974
2026-09-24T12:00:00Z,GAS,GAS FIRED STEAM,1194.4458582056893,3078
2026-09-24T12:00:00Z,GAS,SIMPLE CYCLE,219.7421229393118,1014
2026-09-24T12:00:00Z,HYDRO,HYDRO,325.26443838622833,896
2026-09-24T12:00:00Z,OTHER,BIOMASS,72.55622122652001,195
2026-09-24T12:00:00Z,OTHER,COMPOSITE,13.426833227475484,20
2026-09-24T12:00:00Z,OTHER,GAS,1.899999976158142,10
2026-09-24T12:00:00Z,OTHER,GAS COGEN,13.779500177701314,58
2026-09-24T12:00:00Z,OTHER,OIL/GAS,44.34238255182902,53
2026-09-24T12:00:00Z,OTHER,WOOD/REFUSE,97.22093298885558,149
2026-09-24T12:00:00Z,SOLAR,SOLAR,0.20000000298023224,1892
2026-09-24T12:00:00Z,WIND,WIND,354.49192131017645,5684
2026-09-24T13:00:00Z,ENERGY STORAGE,ENERGY STORAGE,37.62411173019144,270
2026-09-24T13:00:00Z,GAS,COGENERATION,3861.818767294884,6122
2026-09-24T13:00:00Z,GAS,COMBINED CYCLE,3400.438550772402,3974
2026-09-24T13:00:00Z,GAS,GAS FIRED STEAM,1241.66337615331,3078
2026-09-24T13:00:00Z,GAS,SIMPLE CYCLE,229.33938526100582,1014
2026-09-24T13:00:00Z,HYDRO,HYDRO,313.170975253582,896
2026-09-24T13:00:00Z,OTHER,BIOMASS,77.20672095318635,195
2026-09-24T13:00:00Z,OTHER,COMPOSITE,13.454110872480603,20
2026-09-24T13:00:00Z,OTHER,GAS,1.899999976158142,10
2026-09-24T13:00:00Z,OTHER,GAS COGEN,13.741666820314196,58
2026-09-24T13:00:00Z,OTHER,OIL/GAS,44.76044949637519,53
2026-09-24T13:00:00Z,OTHER,WOOD/REFUSE,97.4493537343873,149
2026-09-24T13:00:00Z,SOLAR,SOLAR,37.82005502625472,1892
2026-09-24T13:00:00Z,WIND,WIND,498.19238072690035,5684
2026-09-24T14:00:00Z,ENERGY STORAGE,ENERGY STORAGE,0,270
2026-09-24T14:00:00Z,GAS,COGENERATION,3851.3879190495277,6122
2026-09-24T14:00:00Z,GAS,COMBINED CYCLE,3412.4382491838933,3974
2026-09-24T14:00:00Z,GAS,GAS FIRED STEAM,1243.5445661470626,3078
2026-09-24T14:00:00Z,GAS,SIMPLE CYCLE,219.1785268056103,1014
2026-09-24T14:00:00Z,HYDRO,HYDRO,171.34991312652,896
2026-09-24T14:00:00Z,OTHER,BIOMASS,72.00283239834839,195
2026-09-24T14:00:00Z,OTHER,COMPOSITE,9.91744406329261,20
2026-09-24T14:00:00Z,OTHER,GAS,1.899999976158142,10
2026-09-24T14:00:00Z,OTHER,GAS COGEN,13.86683335410224,58
2026-09-24T14:00:00Z,OTHER,OIL/GAS,44.6419934908549,53
2026-09-24T14:00:00Z,OTHER,WOOD/REFUSE,95.59038396888309,149
2026-09-24T14:00:00Z,SOLAR,SOLAR,466.9066365016831,1892
2026-09-24T14:00:00Z,WIND,WIND,377.17375662242375,5684
2026-09-24T15:00:00Z,ENERGY STORAGE,ENERGY STORAGE,0,270
2026-09-24T15:00:00Z,GAS,COGENERATION,3820.6888890661135,6122
2026-09-24T15:00:00Z,GAS,COMBINED CYCLE,3406.196315679683,3974
2026-09-24T15:00:00Z,GAS,GAS FIRED STEAM,1232.6573624981775,3078
2026-09-24T15:00:00Z,GAS,SIMPLE CYCLE,169.76272439296875,1014
2026-09-24T15:00:00Z,HYDRO,HYDRO,149.96202514357037,896
2026-09-24T15:00:00Z,OTHER,BIOMASS,70.46438818209701,195
2026-09-24T15:00:00Z,OTHER,COMPOSITE,9.899999618530272,20
2026-09-24T15:00:00Z,OTHER,GAS,1.899999976158142,10
2026-09-24T15:00:00Z,OTHER,GAS COGEN,13.40233327123854,58
2026-09-24T15:00:00Z,OTHER,OIL/GAS,44.53624341752794,53
2026-09-24T15:00:00Z,OTHER,WOOD/REFUSE,91.63182163503434,149
2026-09-24T15:00:00Z,SOLAR,SOLAR,924.9980313455727,1892
2026-09-24T15:00:00Z,WIND,WIND,109.42019455118725,5684
2026-09-24T16:00:00Z,ENERGY STORAGE,ENERGY STORAGE,-5.726999797423681,270
2026-09-24T16:00:00Z,GAS,COGENERATION,3793.316600495577,6122
2026-09-24T16:00:00Z,GAS,COMBINED CYCLE,3392.642998660935,3974
2026-09-24T16:00:00Z,GAS,GAS FIRED STEAM,1193.449496070014,3078
2026-09-24T16:00:00Z,GAS,SIMPLE CYCLE,127.1364341048979,1014
2026-09-24T16:00:00Z,HYDRO,HYDRO,145.5058776328133,896
2026-09-24T16:00:00Z,OTHER,BIOMASS,68.54549274186294,195
2026-09-24T16:00:00Z,OTHER,COMPOSITE,4.822444260716439,20
2026-09-24T16:00:00Z,OTHER,GAS,1.899999976158142,10
2026-09-24T16:00:00Z,OTHER,GAS COGEN,13.447666633394029,58
2026-09-24T16:00:00Z,OTHER,OIL/GAS,44.89268216027154,53
2026-09-24T16:00:00Z,OTHER,WOOD/REFUSE,89.716433795823,149
2026-09-24T16:00:00Z,SOLAR,SOLAR,1240.1424627560045,1892
2026-09-24T16:00:00Z,WIND,WIND,43.204735709271496,5684
2026-09-24T17:00:00Z,ENERGY STORAGE,ENERGY STORAGE,-23.28788800742891,270
2026-09-24T17:00:00Z,GAS,COGENERATION,3753.1350910035108,6122
2026-09-24T17:00:00Z,GAS,COMBINED CYCLE,3290.3481258613533,3974
2026-09-24T17:00:00Z,GAS,GAS FIRED STEAM,1201.575706342856,3078
2026-09-24T17:00:00Z,GAS,SIMPLE CYCLE,126.19774234778352,1014
2026-09-24T17:00:00Z,HYDRO,HYDRO,155.48046054850022,896
2026-09-24T17:00:00Z,OTHER,BIOMASS,63.575332159797355,195
2026-09-24T17:00:00Z,OTHER,COMPOSITE,0,20
2026-09-24T17:00:00Z,OTHER,GAS,1.899999976158142,10
2026-09-24T17:00:00Z,OTHER,GAS COGEN,13.487499992052712,58
2026-09-24T17:00:00Z,OTHER,OIL/GAS,44.98324360741509,53
2026-09-24T17:00:00Z,OTHER,WOOD/REFUSE,90.49365461654133,149
2026-09-24T17:00:00Z,SOLAR,SOLAR,1395.7571586026747,1892
2026-09-24T17:00:00Z,WIND,WIND,45.79487753528274,5684
2026-09-24T18:00:00Z,ENERGY STORAGE,ENERGY STORAGE,-58.59683259950744,270
2026-09-24T18:00:00Z,GAS,COGENERATION,3723.6388505654863,6122
2026-09-24T18:00:00Z,GAS,COMBINED CYCLE,3266.4901664943163,3974
2026-09-24T18:00:00Z,GAS,GAS FIRED STEAM,1206.699172845814,3078
2026-09-24T18:00:00Z,GAS,SIMPLE CYCLE,154.16179926481925,1014
2026-09-24T18:00:00Z,HYDRO,HYDRO,179.6001860365437,896
2026-09-24T18:00:00Z,OTHER,BIOMASS,62.19210943583813,195
2026-09-24T18:00:00Z,OTHER,COMPOSITE,0,20
2026-09-24T18:00:00Z,OTHER,GAS,1.899999976158142,10
2026-09-24T18:00:00Z,OTHER,GAS COGEN,13.223499824206034,58
2026-09-24T18:00:00Z,OTHER,OIL/GAS,45.00070984522502,53
2026-09-24T18:00:00Z,OTHER,WOOD/REFUSE,95.19790587239795,149
2026-09-24T18:00:00Z,SOLAR,SOLAR,1364.4219083142943,1892
2026-09-24T18:00:00Z,WIND,WIND,68.97819297690359,5684
2026-09-24T19:00:00Z,ENERGY STORAGE,ENERGY STORAGE,-21.85816606969469,270
2026-09-24T19:00:00Z,GAS,COGENERATION,3715.7769342136385,6122
2026-09-24T19:00:00Z,GAS,COMBINED CYCLE,3263.5445188768704,3974
2026-09-24T19:00:00Z,GAS,GAS FIRED STEAM,1206.4181509757043,3078
2026-09-24T19:00:00Z,GAS,SIMPLE CYCLE,209.55763905129498,1014
2026-09-24T19:00:00Z,HYDRO,HYDRO,188.1358317701684,896
2026-09-24T19:00:00Z,OTHER,BIOMASS,62.24216503108541,195
2026-09-24T19:00:00Z,OTHER,COMPOSITE,0,20
2026-09-24T19:00:00Z,OTHER,GAS,1.9541666557391484,10
2026-09-24T19:00:00Z,OTHER,GAS COGEN,12.942666312323675,58
2026-09-24T19:00:00Z,OTHER,OIL/GAS,44.96309860653347,53
2026-09-24T19:00:00Z,OTHER,WOOD/REFUSE,95.9371158475346,149
2026-09-24T19:00:00Z,SOLAR,SOLAR,1378.3739114540153,1892
2026-09-24T19:00:00Z,WIND,WIND,81.30904000399013,5684
2026-09-24T20:00:00Z,ENERGY STORAGE,ENERGY STORAGE,-0.20000000298023224,270
2026-09-24T20:00:00Z,GAS,COGENERATION,3718.8635630316203,6122
2026-09-24T20:00:00Z,GAS,COMBINED CYCLE,3252.8887714111806,3974
2026-09-24T20:00:00Z,GAS,GAS FIRED STEAM,1206.5542066186003,3078
2026-09-24T20:00:00Z,GAS,SIMPLE CYCLE,253.3271086080207,1014
2026-09-24T20:00:00Z,HYDRO,HYDRO,144.87004999425676,896
2026-09-24T20:00:00Z,OTHER,BIOMASS,69.64668714228603,195
2026-09-24T20:00:00Z,OTHER,COMPOSITE,0,20
2026-09-24T20:00:00Z,OTHER,GAS,1.899999976158142,10
2026-09-24T20:00:00Z,OTHER,GAS COGEN,12.899999618530272,58
2026-09-24T20:00:00Z,OTHER,OIL/GAS,45.12249444537692,53
2026-09-24T20:00:00Z,OTHER,WOOD/REFUSE,96.15098165565067,149
2026-09-24T20:00:00Z,SOLAR,SOLAR,1367.1950659179024,1892
2026-09-24T20:00:00Z,WIND,WIND,102.38487061138369,5684
2026-09-24T21:00:00Z,ENERGY STORAGE,ENERGY STORAGE,-33.957943349671034,270
2026-09-24T21:00:00Z,GAS,COGENERATION,3720.673856048584,6122
2026-09-24T21:00:00Z,GAS,COMBINED CYCLE,3336.6194654001133,3974
2026-09-24T21:00:00Z,GAS,GAS FIRED STEAM,1151.2056702217792,3078
2026-09-24T21:00:00Z,GAS,SIMPLE CYCLE,149.82916578678208,1014
2026-09-24T21:00:00Z,HYDRO,HYDRO,176.49672027607758,896
2026-09-24T21:00:00Z,OTHER,BIOMASS,69.81233217313886,195
2026-09-24T21:00:00Z,OTHER,COMPOSITE,0,20
2026-09-24T21:00:00Z,OTHER,GAS,1.899999976158142,10
2026-09-24T21:00:00Z,OTHER,GAS COGEN,12.899999618530272,58
2026-09-24T21:00:00Z,OTHER,OIL/GAS,44.95528845469157,53
2026-09-24T21:00:00Z,OTHER,WOOD/REFUSE,89.57596054673195,149
2026-09-24T21:00:00Z,SOLAR,SOLAR,1392.1226999619935,1892
2026-09-24T21:00:00Z,WIND,WIND,177.6696271000637,5684
2026-09-24T22:00:00Z,ENERGY STORAGE,ENERGY STORAGE,-17.49827718304263,270
2026-09-24T22:00:00Z,GAS,COGENERATION,3722.2401130092144,6122
2026-09-24T22:00:00Z,GAS,COMBINED CYCLE,3379.061252686315,3974
2026-09-24T22:00:00Z,GAS,GAS FIRED STEAM,1199.9975613339743,3078
2026-09-24T22:00:00Z,GAS,SIMPLE CYCLE,240.11545264039603,1014
2026-09-24T22:00:00Z,HYDRO,HYDRO,199.49409727338286,896
2026-09-24T22:00:00Z,OTHER,BIOMASS,65.81344272600279,195
2026-09-24T22:00:00Z,OTHER,COMPOSITE,0,20
2026-09-24T22:00:00Z,OTHER,GAS,1.899999976158142,10
2026-09-24T22:00:00Z,OTHER,GAS COGEN,12.870166266229418,58
2026-09-24T22:00:00Z,OTHER,OIL/GAS,45.47851658715142,53
2026-09-24T22:00:00Z,OTHER,WOOD/REFUSE,90.53737632950147,149
2026-09-24T22:00:00Z,SOLAR,SOLAR,1251.810134469635,1892
2026-09-24T22:00:00Z,WIND,WIND,296.4660850569813,5684
2026-09-24T23:00:00Z,ENERGY STORAGE,ENERGY STORAGE,0,270
2026-09-24T23:00:00Z,GAS,COGENERATION,3727.7023736268943,6122
2026-09-24T23:00:00Z,GAS,COMBINED CYCLE,3375.5716371541553,3974
2026-09-24T23:00:00Z,GAS,GAS FIRED STEAM,1225.273837893274,3078
2026-09-24T23:00:00Z,GAS,SIMPLE CYCLE,373.5990527067023,1014
2026-09-24T23:00:00Z,HYDRO,HYDRO,264.5438295687735,896
2026-09-24T23:00:00Z,OTHER,BIOMASS,68.97361002006464,195
2026-09-24T23:00:00Z,OTHER,COMPOSITE,11.760110911031564,20
2026-09-24T23:00:00Z,OTHER,GAS,1.899999976158142,10
2026-09-24T23:00:00Z,OTHER,GAS COGEN,12.8186662334866,58
2026-09-24T23:00:00Z,OTHER,OIL/GAS,45.94202703264025,53
2026-09-24T23:00:00Z,OTHER,WOOD/REFUSE,90.60487133502961,149
2026-09-24T23:00:00Z,SOLAR,SOLAR,926.5790786859393,1892
2026-09-24T23:00:00Z,WIND,WIND,387.32620079223483,5684
2026-09-25T00:00:00Z,ENERGY STORAGE,ENERGY STORAGE,76.97161246940493,270
2026-09-25T00:00:00Z,GAS,COGENERATION,3761.070843882561,6122
2026-09-25T00:00:00Z,GAS,COMBINED CYCLE,3382.7890451690887,3974
2026-09-25T00:00:00Z,GAS,GAS FIRED STEAM,1204.7560448753834,3078
2026-09-25T00:00:00Z,GAS,SIMPLE CYCLE,438.8189394695229,1014
2026-09-25T00:00:00Z,HYDRO,HYDRO,303.02925933162373,896
2026-09-25T00:00:00Z,OTHER,BIOMASS,74.00588764515187,195
2026-09-25T00:00:00Z,OTHER,COMPOSITE,12.934888891643949,20
2026-09-25T00:00:00Z,OTHER,GAS,1.899999976158142,10
2026-09-25T00:00:00Z,OTHER,GAS COGEN,12.899999618530272,58
2026-09-25T00:00:00Z,OTHER,OIL/GAS,45.46442182752821,53
2026-09-25T00:00:00Z,OTHER,WOOD/REFUSE,95.18957100325161,149
2026-09-25T00:00:00Z,SOLAR,SOLAR,304.77388502254666,1892
2026-09-25T00:00:00Z,WIND,WIND,676.281673418896,5684
2026-09-25T01:00:00Z,ENERGY STORAGE,ENERGY STORAGE,63.15938996848133,270
2026-09-25T01:00:00Z,GAS,COGENERATION,3801.2153121774727,6122
2026-09-25T01:00:00Z,GAS,COMBINED CYCLE,3377.0528834591973,3974
2026-09-25T01:00:00Z,GAS,GAS FIRED STEAM,1107.4538524481986,3078
2026-09-25T01:00:00Z,GAS,SIMPLE CYCLE,407.1664900851581,1014
2026-09-25T01:00:00Z,HYDRO,HYDRO,337.10739966538216,896
2026-09-25T01:00:00Z,OTHER,BIOMASS,77.73872115640177,195
2026-09-25T01:00:00Z,OTHER,COMPOSITE,12.864277787208556,20
2026-09-25T01:00:00Z,OTHER,GAS,1.899999976158142,10
2026-09-25T01:00:00Z,OTHER,GAS COGEN,12.899999618530272,58
2026-09-25T01:00:00Z,OTHER,OIL/GAS,44.641665863460965,53
2026-09-25T01:00:00Z,OTHER,WOOD/REFUSE,95.39556141985787,149
2026-09-25T01:00:00Z,SOLAR,SOLAR,16.45105537015117,1892
2026-09-25T01:00:00Z,WIND,WIND,1158.5939470872033,5684
2026-09-25T02:00:00Z,ENERGY STORAGE,ENERGY STORAGE,0.20000001788139343,270
2026-09-25T02:00:00Z,GAS,COGENERATION,3799.454496493472,6122
2026-09-25T02:00:00Z,GAS,COMBINED CYCLE,3314.928957286543,3974
2026-09-25T02:00:00Z,GAS,GAS FIRED STEAM,908.5501167058944,3078
2026-09-25T02:00:00Z,GAS,SIMPLE CYCLE,162.95715238127443,1014
2026-09-25T02:00:00Z,HYDRO,HYDRO,172.00551213013628,896
2026-09-25T02:00:00Z,OTHER,BIOMASS,73.99002122773065,195
2026-09-25T02:00:00Z,OTHER,COMPOSITE,10,20
2026-09-25T02:00:00Z,OTHER,GAS,1.899999976158142,10
2026-09-25T02:00:00Z,OTHER,GAS COGEN,12.899999618530272,58
2026-09-25T02:00:00Z,OTHER,OIL/GAS,44.26914330588447,53
2026-09-25T02:00:00Z,OTHER,WOOD/REFUSE,88.87200103958448,149
2026-09-25T02:00:00Z,SOLAR,SOLAR,0.20000000298023224,1892
2026-09-25T02:00:00Z,WIND,WIND,1959.903018130329,5684
2026-09-25T03:00:00Z,ENERGY STORAGE,ENERGY STORAGE,-1.906111057533158,270
2026-09-25T03:00:00Z,GAS,COGENERATION,3803.0604263148043,6122
2026-09-25T03:00:00Z,GAS,COMBINED CYCLE,3194.919414793915,3974
2026-09-25T03:00:00Z,GAS,GAS FIRED STEAM,518.9051248849763,3078
2026-09-25T03:00:00Z,GAS,SIMPLE CYCLE,47.56072155751288,1014
2026-09-25T03:00:00Z,HYDRO,HYDRO,165.02819267027908,896
2026-09-25T03:00:00Z,OTHER,BIOMASS,67.10912646404572,195
2026-09-25T03:00:00Z,OTHER,COMPOSITE,0.7971111101574367,20
2026-09-25T03:00:00Z,OTHER,GAS,1.9663888808753756,10
2026-09-25T03:00:00Z,OTHER,GAS COGEN,12.922166299290128,58
2026-09-25T03:00:00Z,OTHER,OIL/GAS,44.75677092658149,53
2026-09-25T03:00:00Z,OTHER,WOOD/REFUSE,85.31598999632729,149
2026-09-25T03:00:00Z,SOLAR,SOLAR,0.20000000298023224,1892
2026-09-25T03:00:00Z,WIND,WIND,2419.5084261232696,5684
2026-09-25T04:00:00Z,ENERGY STORAGE,ENERGY STORAGE,-32.661609861850735,270
2026-09-25T04:00:00Z,GAS,COGENERATION,3714.0418371142946,6122
2026-09-25T04:00:00Z,GAS,COMBINED CYCLE,2874.4085078522894,3974
2026-09-25T04:00:00Z,GAS,GAS FIRED STEAM,453.40803266975615,3078
2026-09-25T04:00:00Z,GAS,SIMPLE CYCLE,46.209665790945294,1014
2026-09-25T04:00:00Z,HYDRO,HYDRO,157.31063316504162,896
2026-09-25T04:00:00Z,OTHER,BIOMASS,67.6788314688868,195
2026-09-25T04:00:00Z,OTHER,COMPOSITE,0,20
2026-09-25T04:00:00Z,OTHER,GAS,2,10
2026-09-25T04:00:00Z,OTHER,GAS COGEN,13.160166450606452,58
2026-09-25T04:00:00Z,OTHER,OIL/GAS,44.52621027628581,53
2026-09-25T04:00:00Z,OTHER,WOOD/REFUSE,85.48579860475328,149
2026-09-25T04:00:00Z,SOLAR,SOLAR,0.20000000298023224,1892
2026-09-25T04:00:00Z,WIND,WIND,2591.9042586689898,5684
2026-09-25T05:00:00Z,ENERGY STORAGE,ENERGY STORAGE,-39.599998474121094,270
2026-09-25T05:00:00Z,GAS,COGENERATION,3672.5411730456353,6122
2026-09-25T05:00:00Z,GAS,COMBINED CYCLE,2800.76223310656,3974
2026-09-25T05:00:00Z,GAS,GAS FIRED STEAM,438.1969421572156,3078
2026-09-25T05:00:00Z,GAS,SIMPLE CYCLE,45.91950001100699,1014
2026-09-25T05:00:00Z,HYDRO,HYDRO,143.33009588678678,896
2026-09-25T05:00:00Z,OTHER,BIOMASS,67.3846647398836,195
2026-09-25T05:00:00Z,OTHER,COMPOSITE,0,20
2026-09-25T05:00:00Z,OTHER,GAS,2,10
2026-09-25T05:00:00Z,OTHER,GAS COGEN,12.975833000077142,58
2026-09-25T05:00:00Z,OTHER,OIL/GAS,44.3326107067532,53
2026-09-25T05:00:00Z,OTHER,WOOD/REFUSE,82.56919553028212,149
2026-09-25T05:00:00Z,SOLAR,SOLAR,0.20000000298023224,1892
2026-09-25T05:00:00Z,WIND,WIND,2524.2034128791593,5684
2026-09-25T06:00:00Z,ENERGY STORAGE,ENERGY STORAGE,-45.11866497683856,270
2026-09-25T06:00:00Z,GAS,COGENERATION,3810.500388975806,6122
2026-09-25T06:00:00Z,GAS,COMBINED CYCLE,2891.9001413014203,3974
2026-09-25T06:00:00Z,GAS,GAS FIRED STEAM,355.7998969627751,3078
2026-09-25T06:00:00Z,GAS,SIMPLE CYCLE,45.99416645122899,1014
2026-09-25T06:00:00Z,HYDRO,HYDRO,135.16102352973488,896
2026-09-25T06:00:00Z,OTHER,BIOMASS,67.74488734657565,195
2026-09-25T06:00:00Z,OTHER,COMPOSITE,0,20
2026-09-25T06:00:00Z,OTHER,GAS,2,10
2026-09-25T06:00:00Z,OTHER,GAS COGEN,12.816332898669772,58
2026-09-25T06:00:00Z,OTHER,OIL/GAS,44.39552083757189,53
2026-09-25T06:00:00Z,OTHER,WOOD/REFUSE,81.79192985812823,149
2026-09-25T06:00:00Z,SOLAR,SOLAR,0.20000000298023224,1892
2026-09-25T06:00:00Z,WIND,WIND,2536.0672190589707,5684
2026-09-25T07:00:00Z,ENERGY STORAGE,ENERGY STORAGE,-21.981277040806084,270
2026-09-25T07:00:00Z,GAS,COGENERATION,3857.5303463325235,6122
2026-09-25T07:00:00Z,GAS,COMBINED CYCLE,3086.0584723026222,3974
2026-09-25T07:00:00Z,GAS,GAS FIRED STEAM,410.7617641515202,3078
2026-09-25T07:00:00Z,GAS,SIMPLE CYCLE,46.0644994328585,1014
2026-09-25T07:00:00Z,HYDRO,HYDRO,140.19350189646084,896
2026-09-25T07:00:00Z,OTHER,BIOMASS,67.14638773853581,195
2026-09-25T07:00:00Z,OTHER,COMPOSITE,0,20
2026-09-25T07:00:00Z,OTHER,GAS,2,10
2026-09-25T07:00:00Z,OTHER,GAS COGEN,12.59999942779541,58
2026-09-25T07:00:00Z,OTHER,OIL/GAS,43.95697696261936,53
2026-09-25T07:00:00Z,OTHER,WOOD/REFUSE,82.72243431237008,149
2026-09-25T07:00:00Z,SOLAR,SOLAR,0.20000000298023224,1892
2026-09-25T07:00:00Z,WIND,WIND,2347.393924402628,5684
2026-09-25T08:00:00Z,ENERGY STORAGE,ENERGY STORAGE,-6.22755537894037,270
2026-09-25T08:00:00Z,GAS,COGENERATION,3863.2357868254185,6122
2026-09-25T08:00:00Z,GAS,COMBINED CYCLE,3126.1801414777174,3974
2026-09-25T08:00:00Z,GAS,GAS FIRED STEAM,454.8124366080761,3078
2026-09-25T08:00:00Z,GAS,SIMPLE CYCLE,45.91533240689172,1014
2026-09-25T08:00:00Z,HYDRO,HYDRO,134.35402840223577,896
2026-09-25T08:00:00Z,OTHER,BIOMASS,67.42744316370951,195
2026-09-25T08:00:00Z,OTHER,COMPOSITE,0,20
2026-09-25T08:00:00Z,OTHER,GAS,2,10
2026-09-25T08:00:00Z,OTHER,GAS COGEN,12.59999942779541,58
2026-09-25T08:00:00Z,OTHER,OIL/GAS,44.11236589855618,53
2026-09-25T08:00:00Z,OTHER,WOOD/REFUSE,80.87909369601144,149
2026-09-25T08:00:00Z,SOLAR,SOLAR,0.20000000298023224,1892
2026-09-25T08:00:00Z,WIND,WIND,2196.532971552428,5684
2026-09-25T09:00:00Z,ENERGY STORAGE,ENERGY STORAGE,-0.6504444091187583,270
2026-09-25T09:00:00Z,GAS,COGENERATION,3853.879985348847,6122
2026-09-25T09:00:00Z,GAS,COMBINED CYCLE,3093.826427870724,3974
2026-09-25T09:00:00Z,GAS,GAS FIRED STEAM,451.25548418654336,3078
2026-09-25T09:00:00Z,GAS,SIMPLE CYCLE,46.177610000719625,1014
2026-09-25T09:00:00Z,HYDRO,HYDRO,93.3664789779981,896
2026-09-25T09:00:00Z,OTHER,BIOMASS,68.39566546052694,195
2026-09-25T09:00:00Z,OTHER,COMPOSITE,0,20
2026-09-25T09:00:00Z,OTHER,GAS,2,10
2026-09-25T09:00:00Z,OTHER,GAS COGEN,12.510166322920057,58
2026-09-25T09:00:00Z,OTHER,OIL/GAS,43.7416716448466,53
2026-09-25T09:00:00Z,OTHER,WOOD/REFUSE,79.6660365260972,149
2026-09-25T09:00:00Z,SOLAR,SOLAR,0.20000000298023224,1892
2026-09-25T09:00:00Z,WIND,WIND,2139.433161599934,5684
2026-09-25T10:00:00Z,ENERGY STORAGE,ENERGY STORAGE,-0.4999999701976776,270
2026-09-25T10:00:00Z,GAS,COGENERATION,3856.381611130635,6122
2026-09-25T10:00:00Z,GAS,COMBINED CYCLE,3060.3585719060898,3974
2026-09-25T10:00:00Z,GAS,GAS FIRED STEAM,453.31418670349655,3078
2026-09-25T10:00:00Z,GAS,SIMPLE CYCLE,46.12227727856901,1014
2026-09-25T10:00:00Z,HYDRO,HYDRO,121.5938576033877,896
2026-09-25T10:00:00Z,OTHER,BIOMASS,68.2858873519467,195
2026-09-25T10:00:00Z,OTHER,COMPOSITE,0,20
2026-09-25T10:00:00Z,OTHER,GAS,2,10
2026-09-25T10:00:00Z,OTHER,GAS COGEN,12.300000190734863,58
2026-09-25T10:00:00Z,OTHER,OIL/GAS,44.11155494901869,53
2026-09-25T10:00:00Z,OTHER,WOOD/REFUSE,78.42020485387907,149
2026-09-25T10:00:00Z,SOLAR,SOLAR,0.20000000298023224,1892
2026-09-25T10:00:00Z,WIND,WIND,2032.4528633037871,5684
2026-09-25T11:00:00Z,ENERGY STORAGE,ENERGY STORAGE,-0.4999999701976776,270
2026-09-25T11:00:00Z,GAS,COGENERATION,3850.44087591913,6122
2026-09-25T11:00:00Z,GAS,COMBINED CYCLE,3139.1755345953834,3974
2026-09-25T11:00:00Z,GAS,GAS FIRED STEAM,488.05144102282,3078
2026-09-25T11:00:00Z,GAS,SIMPLE CYCLE,46.28549963123269,1014
2026-09-25T11:00:00Z,HYDRO,HYDRO,109.5481881241666,896
2026-09-25T11:00:00Z,OTHER,BIOMASS,67.5985543328358,195
2026-09-25T11:00:00Z,OTHER,COMPOSITE,0,20
2026-09-25T11:00:00Z,OTHER,GAS,2,10
2026-09-25T11:00:00Z,OTHER,GAS COGEN,12.204500130017598,58
2026-09-25T11:00:00Z,OTHER,OIL/GAS,43.6715206167433,53
2026-09-25T11:00:00Z,OTHER,WOOD/REFUSE,81.16853895690706,149
2026-09-25T11:00:00Z,SOLAR,SOLAR,0.20000000298023224,1892
2026-09-25T11:00:00Z,WIND,WIND,2072.762667451029,5684
2026-09-25T12:00:00Z,ENERGY STORAGE,ENERGY STORAGE,-0.4999999701976776,270
2026-09-25T12:00:00Z,GAS,COGENERATION,3847.752390070889,6122
2026-09-25T12:00:00Z,GAS,COMBINED CYCLE,3121.852840934727,3974
2026-09-25T12:00:00Z,GAS,GAS FIRED STEAM,475.61656488458317,3078
2026-09-25T12:00:00Z,GAS,SIMPLE CYCLE,46.387332749565445,1014
2026-09-25T12:00:00Z,HYDRO,HYDRO,110.62349695881208,896
2026-09-25T12:00:00Z,OTHER,BIOMASS,68.23222015822927,195
2026-09-25T12:00:00Z,OTHER,COMPOSITE,0,20
2026-09-25T12:00:00Z,OTHER,GAS,2,10
2026-09-25T12:00:00Z,OTHER,GAS COGEN,12.016333343717786,58
2026-09-25T12:00:00Z,OTHER,OIL/GAS,43.7937931950887,53
2026-09-25T12:00:00Z,OTHER,WOOD/REFUSE,79.79440501067373,149
2026-09-25T12:00:00Z,SOLAR,SOLAR,0.20000000298023224,1892
2026-09-25T12:00:00Z,WIND,WIND,2303.190258782179,5684
2026-09-25T13:00:00Z,ENERGY STORAGE,ENERGY STORAGE,-0.04327777519408197,270
2026-09-25T13:00:00Z,GAS,COGENERATION,3850.010757738219,6122
2026-09-25T13:00:00Z,GAS,COMBINED CYCLE,2908.5791614880827,3974
2026-09-25T13:00:00Z,GAS,GAS FIRED STEAM,458.447340256638,3078
2026-09-25T13:00:00Z,GAS,SIMPLE CYCLE,46.260166337423854,1014
2026-09-25T13:00:00Z,HYDRO,HYDRO,146.4123374260134,896
2026-09-25T13:00:00Z,OTHER,BIOMASS,67.42244322473805,195
2026-09-25T13:00:00Z,OTHER,COMPOSITE,0,20
2026-09-25T13:00:00Z,OTHER,GAS,2,10
2026-09-25T13:00:00Z,OTHER,GAS COGEN,11.838333230548434,58
2026-09-25T13:00:00Z,OTHER,OIL/GAS,43.5609044986301,53
2026-09-25T13:00:00Z,OTHER,WOOD/REFUSE,71.21033467306032,149
2026-09-25T13:00:00Z,SOLAR,SOLAR,20.204333039567704,1892
2026-09-25T13:00:00Z,WIND,WIND,2717.1470264149625,5684
2026-09-25T14:00:00Z,ENERGY STORAGE,ENERGY STORAGE,-1.470444377793206,270
2026-09-25T14:00:00Z,GAS,COGENERATION,3790.218777407805,6122
2026-09-25T14:00:00Z,GAS,COMBINED CYCLE,2869.064630373054,3974
2026-09-25T14:00:00Z,GAS,GAS FIRED STEAM,508.2198484838009,3078
2026-09-25T14:00:00Z,GAS,SIMPLE CYCLE,45.73822060507205,1014
2026-09-25T14:00:00Z,HYDRO,HYDRO,149.8257812858787,896
2026-09-25T14:00:00Z,OTHER,BIOMASS,68.594887610210307,195
2026-09-25T14:00:00Z,OTHER,COMPOSITE,0,20
2026-09-25T14:00:00Z,OTHER,GAS,2,10
2026-09-25T14:00:00Z,OTHER,GAS COGEN,11.698833141856724,58
2026-09-25T14:00:00Z,OTHER,OIL/GAS,43.21878796895345,53
2026-09-25T14:00:00Z,OTHER,WOOD/REFUSE,65.35648123317294,149
2026-09-25T14:00:00Z,SOLAR,SOLAR,209.35844091011418,1892
2026-09-25T14:00:00Z,WIND,WIND,2783.974126656254,5684
2026-09-25T15:00:00Z,ENERGY STORAGE,ENERGY STORAGE,-5.965388548639085,270
2026-09-25T15:00:00Z,GAS,COGENERATION,3832.460475198428,6122
2026-09-25T15:00:00Z,GAS,COMBINED CYCLE,3142.2155951760874,3974
2026-09-25T15:00:00Z,GAS,GAS FIRED STEAM,610.4853327029281,3078
2026-09-25T15:00:00Z,GAS,SIMPLE CYCLE,47.61738720196817,1014
2026-09-25T15:00:00Z,HYDRO,HYDRO,179.158469387624,896
2026-09-25T15:00:00Z,OTHER,BIOMASS,68.8713323108024,195
2026-09-25T15:00:00Z,OTHER,COMPOSITE,0,20
2026-09-25T15:00:00Z,OTHER,GAS,2,10
2026-09-25T15:00:00Z,OTHER,GAS COGEN,11.536666372087266,58
2026-09-25T15:00:00Z,OTHER,OIL/GAS,42.99797665278117,53
2026-09-25T15:00:00Z,OTHER,WOOD/REFUSE,63.183382151126864,149
2026-09-25T15:00:00Z,SOLAR,SOLAR,451.1775977946445,1892
2026-09-25T15:00:00Z,WIND,WIND,2470.687900922315,5684
2026-09-25T16:00:00Z,ENERGY STORAGE,ENERGY STORAGE,0,270
2026-09-25T16:00:00Z,GAS,COGENERATION,3818.251781282557,6122
2026-09-25T16:00:00Z,GAS,COMBINED CYCLE,3147.1081281965307,3974
2026-09-25T16:00:00Z,GAS,GAS FIRED STEAM,680.990879904959,3078
2026-09-25T16:00:00Z,GAS,SIMPLE CYCLE,47.78033314320776,1014
2026-09-25T16:00:00Z,HYDRO,HYDRO,149.33504655838013,896
2026-09-25T16:00:00Z,OTHER,BIOMASS,69.41233121034172,195
2026-09-25T16:00:00Z,OTHER,COMPOSITE,0,20
2026-09-25T16:00:00Z,OTHER,GAS,2,10
2026-09-25T16:00:00Z,OTHER,GAS COGEN,11.640333104663425,58
2026-09-25T16:00:00Z,OTHER,OIL/GAS,43.622555298275415,53
2026-09-25T16:00:00Z,OTHER,WOOD/REFUSE,62.97194567309486,149
2026-09-25T16:00:00Z,SOLAR,SOLAR,736.5002363803651,1892
2026-09-25T16:00:00Z,WIND,WIND,2353.3801447881633,5684
2026-09-25T17:00:00Z,ENERGY STORAGE,ENERGY STORAGE,0,270
2026-09-25T17:00:00Z,GAS,COGENERATION,3798.549988108807,6122
2026-09-25T17:00:00Z,GAS,COMBINED CYCLE,3121.618804367251,3974
2026-09-25T17:00:00Z,GAS,GAS FIRED STEAM,627.5925385737419,3078
2026-09-25T17:00:00Z,GAS,SIMPLE CYCLE,46.0961103694472,1014
2026-09-25T17:00:00Z,HYDRO,HYDRO,131.3709797375732,896
2026-09-25T17:00:00Z,OTHER,BIOMASS,68.85588768515322,195
2026-09-25T17:00:00Z,OTHER,COMPOSITE,0,20
2026-09-25T17:00:00Z,OTHER,GAS,2,10
2026-09-25T17:00:00Z,OTHER,GAS COGEN,11.664666453467476,58
2026-09-25T17:00:00Z,OTHER,OIL/GAS,43.93615372551812,53
2026-09-25T17:00:00Z,OTHER,WOOD/REFUSE,63.63975287331475,149
2026-09-25T17:00:00Z,SOLAR,SOLAR,986.999518097043,1892
2026-09-25T17:00:00Z,WIND,WIND,2425.480767847076,5684
2026-09-25T18:00:00Z,ENERGY STORAGE,ENERGY STORAGE,0,270
2026-09-25T18:00:00Z,GAS,COGENERATION,3776.7771706997023,6122
2026-09-25T18:00:00Z,GAS,COMBINED CYCLE,2963.4313481489817,3974
2026-09-25T18:00:00Z,GAS,GAS FIRED STEAM,576.4013936690488,3078
2026-09-25T18:00:00Z,GAS,SIMPLE CYCLE,46.01049958440993,1014
2026-09-25T18:00:00Z,HYDRO,HYDRO,151.35878500271176,896
2026-09-25T18:00:00Z,OTHER,BIOMASS,68.62549892836147,195
2026-09-25T18:00:00Z,OTHER,COMPOSITE,0,20
2026-09-25T18:00:00Z,OTHER,GAS,2,10
2026-09-25T18:00:00Z,OTHER,GAS COGEN,11.699999809265137,58
2026-09-25T18:00:00Z,OTHER,OIL/GAS,43.952210676405166,53
2026-09-25T18:00:00Z,OTHER,WOOD/REFUSE,63.56302147905031,149
2026-09-25T18:00:00Z,SOLAR,SOLAR,954.575669913888,1892
2026-09-25T18:00:00Z,WIND,WIND,2701.6817721173247,5684
2026-09-25T19:00:00Z,ENERGY STORAGE,ENERGY STORAGE,-8.560499895943536,270
2026-09-25T19:00:00Z,GAS,COGENERATION,3650.668219942914,6122
2026-09-25T19:00:00Z,GAS,COMBINED CYCLE,2795.450180141131,3974
2026-09-25T19:00:00Z,GAS,GAS FIRED STEAM,501.03159289386537,3078
2026-09-25T19:00:00Z,GAS,SIMPLE CYCLE,46.06166612466176,1014
2026-09-25T19:00:00Z,HYDRO,HYDRO,126.73657604310247,896
2026-09-25T19:00:00Z,OTHER,BIOMASS,68.72411016353303,195
2026-09-25T19:00:00Z,OTHER,COMPOSITE,0,20
2026-09-25T19:00:00Z,OTHER,GAS,2.07444437344869,10
2026-09-25T19:00:00Z,OTHER,GAS COGEN,11.699999809265137,58
2026-09-25T19:00:00Z,OTHER,OIL/GAS,43.221748445298935,53
2026-09-25T19:00:00Z,OTHER,WOOD/REFUSE,63.66103739923901,149
2026-09-25T19:00:00Z,SOLAR,SOLAR,943.3046156243814,1892
2026-09-25T19:00:00Z,WIND,WIND,3144.4210733852865,5684
2026-09-25T20:00:00Z,ENERGY STORAGE,ENERGY STORAGE,-19.69999885559082,270
2026-09-25T20:00:00Z,GAS,COGENERATION,3514.5155542396174,6122
2026-09-25T20:00:00Z,GAS,COMBINED CYCLE,2728.1528532087805,3974
2026-09-25T20:00:00Z,GAS,GAS FIRED STEAM,332.6853768167231,3078
2026-09-25T20:00:00Z,GAS,SIMPLE CYCLE,74.98062830146816,1014
2026-09-25T20:00:00Z,HYDRO,HYDRO,153.42351153463954,896
2026-09-25T20:00:00Z,OTHER,BIOMASS,66.60744299055801,195
2026-09-25T20:00:00Z,OTHER,COMPOSITE,0,20
2026-09-25T20:00:00Z,OTHER,GAS,2.0999999046325684,10
2026-09-25T20:00:00Z,OTHER,GAS COGEN,11.699999809265137,58
2026-09-25T20:00:00Z,OTHER,OIL/GAS,44.21174374050564,53
2026-09-25T20:00:00Z,OTHER,WOOD/REFUSE,62.295662972397274,149
2026-09-25T20:00:00Z,SOLAR,SOLAR,925.3425677846539,1892
2026-09-25T20:00:00Z,WIND,WIND,3533.079755853812,5684
2026-09-25T21:00:00Z,ENERGY STORAGE,ENERGY STORAGE,-17.846221192942725,270
2026-09-25T21:00:00Z,GAS,COGENERATION,3514.626048650079,6122
2026-09-25T21:00:00Z,GAS,COMBINED CYCLE,2602.057558385531,3974
2026-09-25T21:00:00Z,GAS,GAS FIRED STEAM,238.1309127834108,3078
2026-09-25T21:00:00Z,GAS,SIMPLE CYCLE,112.8346759478251,1014
2026-09-25T21:00:00Z,HYDRO,HYDRO,172.2133808251553,896
2026-09-25T21:00:00Z,OTHER,BIOMASS,64.40905453059409,195
2026-09-25T21:00:00Z,OTHER,COMPOSITE,0,20
2026-09-25T21:00:00Z,OTHER,GAS,2.0999999046325684,10
2026-09-25T21:00:00Z,OTHER,GAS COGEN,11.655333114200168,58
2026-09-25T21:00:00Z,OTHER,OIL/GAS,44.01833779864841,53
2026-09-25T21:00:00Z,OTHER,WOOD/REFUSE,58.384487834241654,149
2026-09-25T21:00:00Z,SOLAR,SOLAR,885.364804306825,1892
2026-09-25T21:00:00Z,WIND,WIND,3827.9983979686103,5684
2026-09-25T22:00:00Z,ENERGY STORAGE,ENERGY STORAGE,0,270
2026-09-25T22:00:00Z,GAS,COGENERATION,3528.7503292851316,6122
2026-09-25T22:00:00Z,GAS,COMBINED CYCLE,2706.5483262170687,3974
2026-09-25T22:00:00Z,GAS,GAS FIRED STEAM,274.1351017445988,3078
2026-09-25T22:00:00Z,GAS,SIMPLE CYCLE,111.3803871846199,1014
2026-09-25T22:00:00Z,HYDRO,HYDRO,261.6320115896149,896
2026-09-25T22:00:00Z,OTHER,BIOMASS,65.92499857884314,195
2026-09-25T22:00:00Z,OTHER,COMPOSITE,0,20
2026-09-25T22:00:00Z,OTHER,GAS,2.0999999046325684,10
2026-09-25T22:00:00Z,OTHER,GAS COGEN,11.493166344430712,58
2026-09-25T22:00:00Z,OTHER,OIL/GAS,43.92709946526421,53
2026-09-25T22:00:00Z,OTHER,WOOD/REFUSE,58.58343122349845,149
2026-09-25T22:00:00Z,SOLAR,SOLAR,604.7175341932972,1892
2026-09-25T22:00:00Z,WIND,WIND,3925.586667989095,5684
2026-09-25T23:00:00Z,ENERGY STORAGE,ENERGY STORAGE,0,270
2026-09-25T23:00:00Z,GAS,COGENERATION,3556.0392150963676,6122
2026-09-25T23:00:00Z,GAS,COMBINED CYCLE,2736.6290598322284,3974
2026-09-25T23:00:00Z,GAS,GAS FIRED STEAM,274.8971318504545,3078
2026-09-25T23:00:00Z,GAS,SIMPLE CYCLE,109.00860920151075,1014
2026-09-25T23:00:00Z,HYDRO,HYDRO,238.0622344111734,896
2026-09-25T23:00:00Z,OTHER,BIOMASS,65.7883316909439,195
2026-09-25T23:00:00Z,OTHER,COMPOSITE,0,20
2026-09-25T23:00:00Z,OTHER,GAS,2.0999999046325684,10
2026-09-25T23:00:00Z,OTHER,GAS COGEN,11.399999618530272,58
2026-09-25T23:00:00Z,OTHER,OIL/GAS,43.48162072075738,53
2026-09-25T23:00:00Z,OTHER,WOOD/REFUSE,58.59085217926238,149
2026-09-25T23:00:00Z,SOLAR,SOLAR,257.6082675335308,1892
2026-09-25T23:00:00Z,WIND,WIND,3926.496797371225,5684
2026-09-26T00:00:00Z,ENERGY STORAGE,ENERGY STORAGE,0,270
2026-09-26T00:00:00Z,GAS,COGENERATION,3567.0801157968576,6122
2026-09-26T00:00:00Z,GAS,COMBINED CYCLE,2723.4503152785037,3974
2026-09-26T00:00:00Z,GAS,GAS FIRED STEAM,233.865279876656,3078
2026-09-26T00:00:00Z,GAS,SIMPLE CYCLE,111.35205247773065,1014
2026-09-26T00:00:00Z,HYDRO,HYDRO,199.08403319287632,896
2026-09-26T00:00:00Z,OTHER,BIOMASS,66.51605375831326,195
2026-09-26T00:00:00Z,OTHER,COMPOSITE,0,20
2026-09-26T00:00:00Z,OTHER,GAS,2.0999999046325684,10
2026-09-26T00:00:00Z,OTHER,GAS COGEN,11.407666290071276,58
2026-09-26T00:00:00Z,OTHER,OIL/GAS,43.68312194612291,53
2026-09-26T00:00:00Z,OTHER,WOOD/REFUSE,60.82455231746038,149
2026-09-26T00:00:00Z,SOLAR,SOLAR,65.70016538879109,1892
2026-09-26T00:00:00Z,WIND,WIND,4147.273842025068,5684
2026-09-26T01:00:00Z,ENERGY STORAGE,ENERGY STORAGE,0,270
2026-09-26T01:00:00Z,GAS,COGENERATION,3577.6627976453306,6122
2026-09-26T01:00:00Z,GAS,COMBINED CYCLE,2671.882120137877,3974
2026-09-26T01:00:00Z,GAS,GAS FIRED STEAM,233.0982359299395,3078
2026-09-26T01:00:00Z,GAS,SIMPLE CYCLE,110.59105393303764,1014
2026-09-26T01:00:00Z,HYDRO,HYDRO,191.86346180942323,896
2026-09-26T01:00:00Z,OTHER,BIOMASS,65.82038723170757,195
2026-09-26T01:00:00Z,OTHER,COMPOSITE,0,20
2026-09-26T01:00:00Z,OTHER,GAS,2.0999999046325684,10
2026-09-26T01:00:00Z,OTHER,GAS COGEN,11.435332974327936,58
2026-09-26T01:00:00Z,OTHER,OIL/GAS,43.46492625554403,53
2026-09-26T01:00:00Z,OTHER,WOOD/REFUSE,62.830020595126676,149
2026-09-26T01:00:00Z,SOLAR,SOLAR,9.600499842874704,1892
2026-09-26T01:00:00Z,WIND,WIND,4203.75224322425,5684
2026-09-26T02:00:00Z,ENERGY STORAGE,ENERGY STORAGE,0,270
2026-09-26T02:00:00Z,GAS,COGENERATION,3592.4413089123036,6122
2026-09-26T02:00:00Z,GAS,COMBINED CYCLE,2716.71564226932,3974
2026-09-26T02:00:00Z,GAS,GAS FIRED STEAM,270.88357156038285,3078
2026-09-26T02:00:00Z,GAS,SIMPLE CYCLE,110.74927619457245,1014
2026-09-26T02:00:00Z,HYDRO,HYDRO,218.15908617966704,896
2026-09-26T02:00:00Z,OTHER,BIOMASS,66.65216487871275,195
2026-09-26T02:00:00Z,OTHER,COMPOSITE,0,20
2026-09-26T02:00:00Z,OTHER,GAS,2.0999999046325684,10
2026-09-26T02:00:00Z,OTHER,GAS COGEN,11.637333102756076,58
2026-09-26T02:00:00Z,OTHER,OIL/GAS,43.25965460671319,53
2026-09-26T02:00:00Z,OTHER,WOOD/REFUSE,62.02513669676251,149
2026-09-26T02:00:00Z,SOLAR,SOLAR,0,1892
2026-09-26T02:00:00Z,WIND,WIND,4066.2295469201276,5684
2026-09-26T03:00:00Z,ENERGY STORAGE,ENERGY STORAGE,0,270
2026-09-26T03:00:00Z,GAS,COGENERATION,3605.890681707594,6122
2026-09-26T03:00:00Z,GAS,COMBINED CYCLE,2757.9021165380213,3974
2026-09-26T03:00:00Z,GAS,GAS FIRED STEAM,394.44157589819696,3078
2026-09-26T03:00:00Z,GAS,SIMPLE CYCLE,52.25777696655856,1014
2026-09-26T03:00:00Z,HYDRO,HYDRO,191.0645950045354,896
2026-09-26T03:00:00Z,OTHER,BIOMASS,64.81166506846746,195
2026-09-26T03:00:00Z,OTHER,COMPOSITE,0,20
2026-09-26T03:00:00Z,OTHER,GAS,2.0255555311838784,10
2026-09-26T03:00:00Z,OTHER,GAS COGEN,11.691666470633614,58
2026-09-26T03:00:00Z,OTHER,OIL/GAS,43.9006654993693,53
2026-09-26T03:00:00Z,OTHER,WOOD/REFUSE,67.24988353795476,149
2026-09-26T03:00:00Z,SOLAR,SOLAR,0,1892
2026-09-26T03:00:00Z,WIND,WIND,3917.706461239275,5684
2026-09-26T04:00:00Z,ENERGY STORAGE,ENERGY STORAGE,0,270
2026-09-26T04:00:00Z,GAS,COGENERATION,3610.431424439483,6122
2026-09-26T04:00:00Z,GAS,COMBINED CYCLE,2765.0724408760334,3974
2026-09-26T04:00:00Z,GAS,GAS FIRED STEAM,250.57620201786364,3078
2026-09-26T04:00:00Z,GAS,SIMPLE CYCLE,46.16311077594757,1014
2026-09-26T04:00:00Z,HYDRO,HYDRO,207.58924692981773,896
2026-09-26T04:00:00Z,OTHER,BIOMASS,61.741887399024435,195
2026-09-26T04:00:00Z,OTHER,COMPOSITE,0,20
2026-09-26T04:00:00Z,OTHER,GAS,2,10
2026-09-26T04:00:00Z,OTHER,GAS COGEN,11.699999809265137,58
2026-09-26T04:00:00Z,OTHER,OIL/GAS,43.89208848529392,53
2026-09-26T04:00:00Z,OTHER,WOOD/REFUSE,65.6173645362589,149
2026-09-26T04:00:00Z,SOLAR,SOLAR,0,1892
2026-09-26T04:00:00Z,WIND,WIND,3771.414317298449,5684
2026-09-26T05:00:00Z,ENERGY STORAGE,ENERGY STORAGE,0,270
2026-09-26T05:00:00Z,GAS,COGENERATION,3582.530606047312,6122
2026-09-26T05:00:00Z,GAS,COMBINED CYCLE,2507.2180747262637,3974
2026-09-26T05:00:00Z,GAS,GAS FIRED STEAM,233.17143345223533,3078
2026-09-26T05:00:00Z,GAS,SIMPLE CYCLE,46.213500322765775,1014
2026-09-26T05:00:00Z,HYDRO,HYDRO,163.60218211273352,896
2026-09-26T05:00:00Z,OTHER,BIOMASS,63.13799832761288,195
2026-09-26T05:00:00Z,OTHER,COMPOSITE,0,20
2026-09-26T05:00:00Z,OTHER,GAS,2,10
2026-09-26T05:00:00Z,OTHER,GAS COGEN,11.709666482077704,58
2026-09-26T05:00:00Z,OTHER,OIL/GAS,43.94100937737359,53
2026-09-26T05:00:00Z,OTHER,WOOD/REFUSE,67.33968287295765,149
2026-09-26T05:00:00Z,SOLAR,SOLAR,0,1892
2026-09-26T05:00:00Z,WIND,WIND,3854.42822542376,5684
2026-09-26T06:00:00Z,ENERGY STORAGE,ENERGY STORAGE,-3.957944407214721,270
2026-09-26T06:00:00Z,GAS,COGENERATION,3573.6221466024717,6122
2026-09-26T06:00:00Z,GAS,COMBINED CYCLE,2259.7665309969584,3974
2026-09-26T06:00:00Z,GAS,GAS FIRED STEAM,233.63263060304854,3078
2026-09-26T06:00:00Z,GAS,SIMPLE CYCLE,46.34716633902656,1014
2026-09-26T06:00:00Z,HYDRO,HYDRO,157.6009146990296,896
2026-09-26T06:00:00Z,OTHER,BIOMASS,61.91083212080929,195
2026-09-26T06:00:00Z,OTHER,COMPOSITE,0,20
2026-09-26T06:00:00Z,OTHER,GAS,2,10
2026-09-26T06:00:00Z,OTHER,GAS COGEN,11.861777402559916,58
2026-09-26T06:00:00Z,OTHER,OIL/GAS,43.50275971306695,53
2026-09-26T06:00:00Z,OTHER,WOOD/REFUSE,72.80949777881304,149
2026-09-26T06:00:00Z,SOLAR,SOLAR,0,1892
2026-09-26T06:00:00Z,WIND,WIND,3844.1640887333288,5684
2026-09-26T07:00:00Z,ENERGY STORAGE,ENERGY STORAGE,-12.639555436389314,270
2026-09-26T07:00:00Z,GAS,COGENERATION,3581.7610685760446,6122
2026-09-26T07:00:00Z,GAS,COMBINED CYCLE,1902.582025394837,3974
2026-09-26T07:00:00Z,GAS,GAS FIRED STEAM,234.28666057679388,3078
2026-09-26T07:00:00Z,GAS,SIMPLE CYCLE,46.36155524306827,1014
2026-09-26T07:00:00Z,HYDRO,HYDRO,128.61867294185691,896
2026-09-26T07:00:00Z,OTHER,BIOMASS,64.23599850022131,195
2026-09-26T07:00:00Z,OTHER,COMPOSITE,0,20
2026-09-26T07:00:00Z,OTHER,GAS,2,10
2026-09-26T07:00:00Z,OTHER,GAS COGEN,11.899999618530272,58
2026-09-26T07:00:00Z,OTHER,OIL/GAS,44.476332380506726,53
2026-09-26T07:00:00Z,OTHER,WOOD/REFUSE,74.40669865171115,149
2026-09-26T07:00:00Z,SOLAR,SOLAR,0,1892
2026-09-26T07:00:00Z,WIND,WIND,4063.44768197207,5684
2026-09-26T08:00:00Z,ENERGY STORAGE,ENERGY STORAGE,-8.245166564273337,270
2026-09-26T08:00:00Z,GAS,COGENERATION,3567.3486710186135,6122
2026-09-26T08:00:00Z,GAS,COMBINED CYCLE,1789.9225745866033,3974
2026-09-26T08:00:00Z,GAS,GAS FIRED STEAM,234.12437328974406,3078
2026-09-26T08:00:00Z,GAS,SIMPLE CYCLE,46.05166703859965,1014
2026-09-26T08:00:00Z,HYDRO,HYDRO,117.6505516020457,896
2026-09-26T08:00:00Z,OTHER,BIOMASS,62.43583186272118,195
2026-09-26T08:00:00Z,OTHER,COMPOSITE,0,20
2026-09-26T08:00:00Z,OTHER,GAS,2,10
2026-09-26T08:00:00Z,OTHER,GAS COGEN,11.899999618530272,58
2026-09-26T08:00:00Z,OTHER,OIL/GAS,44.14904350704617,53
2026-09-26T08:00:00Z,OTHER,WOOD/REFUSE,74.78610884838633,149
2026-09-26T08:00:00Z,SOLAR,SOLAR,0,1892
2026-09-26T08:00:00Z,WIND,WIND,4075.41258030653,5684
2026-09-26T09:00:00Z,ENERGY STORAGE,ENERGY STORAGE,-2.706555549601714,270
2026-09-26T09:00:00Z,GAS,COGENERATION,3589.042169502709,6122
2026-09-26T09:00:00Z,GAS,COMBINED CYCLE,1818.197257166836,3974
2026-09-26T09:00:00Z,GAS,GAS FIRED STEAM,232.80085032224656,3078
2026-09-26T09:00:00Z,GAS,SIMPLE CYCLE,46.33699975914425,1014
2026-09-26T09:00:00Z,HYDRO,HYDRO,176.92187736954955,896
2026-09-26T09:00:00Z,OTHER,BIOMASS,66.3349430671831,195
2026-09-26T09:00:00Z,OTHER,COMPOSITE,0,20
2026-09-26T09:00:00Z,OTHER,GAS,2,10
2026-09-26T09:00:00Z,OTHER,GAS COGEN,11.899999618530272,58
2026-09-26T09:00:00Z,OTHER,OIL/GAS,44.27855472564697,53
2026-09-26T09:00:00Z,OTHER,WOOD/REFUSE,77.30639952116542,149
2026-09-26T09:00:00Z,SOLAR,SOLAR,0,1892
2026-09-26T09:00:00Z,WIND,WIND,3921.0894673951466,5684
2026-09-26T10:00:00Z,ENERGY STORAGE,ENERGY STORAGE,-0.09999999403953552,270
2026-09-26T10:00:00Z,GAS,COGENERATION,3629.624861881468,6122
2026-09-26T10:00:00Z,GAS,COMBINED CYCLE,2350.309374041955,3974
2026-09-26T10:00:00Z,GAS,GAS FIRED STEAM,228.88188794242012,3078
2026-09-26T10:00:00Z,GAS,SIMPLE CYCLE,46.5264988067415,1014
2026-09-26T10:00:00Z,HYDRO,HYDRO,183.5424738820477,896
2026-09-26T10:00:00Z,OTHER,BIOMASS,66.01222127490574,195
2026-09-26T10:00:00Z,OTHER,COMPOSITE,0,20
2026-09-26T10:00:00Z,OTHER,GAS,2,10
2026-09-26T10:00:00Z,OTHER,GAS COGEN,11.899999618530272,58
2026-09-26T10:00:00Z,OTHER,OIL/GAS,44.470498936971026,53
2026-09-26T10:00:00Z,OTHER,WOOD/REFUSE,78.24509627196524,149
2026-09-26T10:00:00Z,SOLAR,SOLAR,0,1892
2026-09-26T10:00:00Z,WIND,WIND,3344.850120664438,5684
2026-09-26T11:00:00Z,ENERGY STORAGE,ENERGY STORAGE,-0.09999999403953552,270
2026-09-26T11:00:00Z,GAS,COGENERATION,3685.857036497593,6122
2026-09-26T11:00:00Z,GAS,COMBINED CYCLE,2761.0119189380275,3974
2026-09-26T11:00:00Z,GAS,GAS FIRED STEAM,229.52396631585228,3078
2026-09-26T11:00:00Z,GAS,SIMPLE CYCLE,40.27927745968103,1014
2026-09-26T11:00:00Z,HYDRO,HYDRO,163.76381408585442,896
2026-09-26T11:00:00Z,OTHER,BIOMASS,67.10649860569173,195
2026-09-26T11:00:00Z,OTHER,COMPOSITE,0,20
2026-09-26T11:00:00Z,OTHER,GAS,2,10
2026-09-26T11:00:00Z,OTHER,GAS COGEN,11.908166290389168,58
2026-09-26T11:00:00Z,OTHER,OIL/GAS,44.22523788028293,53
2026-09-26T11:00:00Z,OTHER,WOOD/REFUSE,78.18140922877524,149
2026-09-26T11:00:00Z,SOLAR,SOLAR,0,1892
2026-09-26T11:00:00Z,WIND,WIND,2984.716770908435,5684
2026-09-26T12:00:00Z,ENERGY STORAGE,ENERGY STORAGE,-0.09999999403953552,270
2026-09-26T12:00:00Z,GAS,COGENERATION,3864.2925109773214,6122
2026-09-26T12:00:00Z,GAS,COMBINED CYCLE,2921.140647926198,3974
2026-09-26T12:00:00Z,GAS,GAS FIRED STEAM,275.58127211809165,3078
2026-09-26T12:00:00Z,GAS,SIMPLE CYCLE,57.91127654393514,1014
2026-09-26T12:00:00Z,HYDRO,HYDRO,165.8171780463722,896
2026-09-26T12:00:00Z,OTHER,BIOMASS,67.67283174721732,195
2026-09-26T12:00:00Z,OTHER,COMPOSITE,0,20
2026-09-26T12:00:00Z,OTHER,GAS,2,10
2026-09-26T12:00:00Z,OTHER,GAS COGEN,11.899999618530272,58
2026-09-26T12:00:00Z,OTHER,OIL/GAS,44.23771632724338,53
2026-09-26T12:00:00Z,OTHER,WOOD/REFUSE,78.37594574544164,149
2026-09-26T12:00:00Z,SOLAR,SOLAR,0,1892
2026-09-26T12:00:00Z,WIND,WIND,2742.22959441834,5684
2026-09-26T13:00:00Z,ENERGY STORAGE,ENERGY STORAGE,-0.09999999403953552,270
2026-09-26T13:00:00Z,GAS,COGENERATION,3822.4780997885596,6122
2026-09-26T13:00:00Z,GAS,COMBINED CYCLE,2861.513835699161,3974
2026-09-26T13:00:00Z,GAS,GAS FIRED STEAM,300.19847669230563,3078
2026-09-26T13:00:00Z,GAS,SIMPLE CYCLE,57.73166535748376,1014
2026-09-26T13:00:00Z,HYDRO,HYDRO,165.71691041529178,896
2026-09-26T13:00:00Z,OTHER,BIOMASS,67.97288745606939,195
2026-09-26T13:00:00Z,OTHER,COMPOSITE,0,20
2026-09-26T13:00:00Z,OTHER,GAS,2,10
2026-09-26T13:00:00Z,OTHER,GAS COGEN,11.899999618530272,58
2026-09-26T13:00:00Z,OTHER,OIL/GAS,44.23849295086331,53
2026-09-26T13:00:00Z,OTHER,WOOD/REFUSE,78.4358891541428,149
2026-09-26T13:00:00Z,SOLAR,SOLAR,25.3682217726277,1892
2026-09-26T13:00:00Z,WIND,WIND,2598.712893855986,5684
2026-09-26T14:00:00Z,ENERGY STORAGE,ENERGY STORAGE,-0.09999999403953552,270
2026-09-26T14:00:00Z,GAS,COGENERATION,3731.138317493068,6122
2026-09-26T14:00:00Z,GAS,COMBINED CYCLE,2763.4116353775394,3974
2026-09-26T14:00:00Z,GAS,GAS FIRED STEAM,251.24194117519593,3078
2026-09-26T14:00:00Z,GAS,SIMPLE CYCLE,57.78777712398106,1014
2026-09-26T14:00:00Z,HYDRO,HYDRO,124.74563569611972,896
2026-09-26T14:00:00Z,OTHER,BIOMASS,68.13060966610908,195
2026-09-26T14:00:00Z,OTHER,COMPOSITE,0,20
2026-09-26T14:00:00Z,OTHER,GAS,2,10
2026-09-26T14:00:00Z,OTHER,GAS COGEN,11.899999618530272,58
2026-09-26T14:00:00Z,OTHER,OIL/GAS,44.05231569502089,53
2026-09-26T14:00:00Z,OTHER,WOOD/REFUSE,77.42968907025126,149
2026-09-26T14:00:00Z,SOLAR,SOLAR,435.4067810631626,1892
2026-09-26T14:00:00Z,WIND,WIND,2676.714384920895,5684
2026-09-26T15:00:00Z,ENERGY STORAGE,ENERGY STORAGE,-0.09999999403953552,270
2026-09-26T15:00:00Z,GAS,COGENERATION,3694.868506407208,6122
2026-09-26T15:00:00Z,GAS,COMBINED CYCLE,2579.7707924094466,3974
2026-09-26T15:00:00Z,GAS,GAS FIRED STEAM,229.36630836645762,3078
2026-09-26T15:00:00Z,GAS,SIMPLE CYCLE,57.64544359472063,1014
2026-09-26T15:00:00Z,HYDRO,HYDRO,146.0082180917263,896
2026-09-26T15:00:00Z,OTHER,BIOMASS,67.84188768317301,195
2026-09-26T15:00:00Z,OTHER,COMPOSITE,0,20
2026-09-26T15:00:00Z,OTHER,GAS,2,10
2026-09-26T15:00:00Z,OTHER,GAS COGEN,11.899999618530272,58
2026-09-26T15:00:00Z,OTHER,OIL/GAS,44.375193227132165,53
2026-09-26T15:00:00Z,OTHER,WOOD/REFUSE,72.7953558813201,149
2026-09-26T15:00:00Z,SOLAR,SOLAR,1038.056277500656,1892
2026-09-26T15:00:00Z,WIND,WIND,2753.398565907855,5684
2026-09-26T16:00:00Z,ENERGY STORAGE,ENERGY STORAGE,-0.06766666263341904,270
2026-09-26T16:00:00Z,GAS,COGENERATION,3685.4506070152256,6122
2026-09-26T16:00:00Z,GAS,COMBINED CYCLE,2472.863844148848,3974
2026-09-26T16:00:00Z,GAS,GAS FIRED STEAM,229.31095120429993,3078
2026-09-26T16:00:00Z,GAS,SIMPLE CYCLE,57.797721425162415,1014
2026-09-26T16:00:00Z,HYDRO,HYDRO,198.10075399451787,896
2026-09-26T16:00:00Z,OTHER,BIOMASS,68.86333183983962,195
2026-09-26T16:00:00Z,OTHER,COMPOSITE,0,20
2026-09-26T16:00:00Z,OTHER,GAS,2,10
2026-09-26T16:00:00Z,OTHER,GAS COGEN,11.956499654452006,58
2026-09-26T16:00:00Z,OTHER,OIL/GAS,44.43163744608561,53
2026-09-26T16:00:00Z,OTHER,WOOD/REFUSE,75.90321245829264,149
2026-09-26T16:00:00Z,SOLAR,SOLAR,1184.4069086329473,1892
2026-09-26T16:00:00Z,WIND,WIND,2845.0200724291803,5684
2026-09-26T17:00:00Z,ENERGY STORAGE,ENERGY STORAGE,0,270
2026-09-26T17:00:00Z,GAS,COGENERATION,3701.288227517075,6122
2026-09-26T17:00:00Z,GAS,COMBINED CYCLE,2626.036554712057,3974
2026-09-26T17:00:00Z,GAS,GAS FIRED STEAM,228.859295407931,3078
2026-09-26T17:00:00Z,GAS,SIMPLE CYCLE,57.724221740828625,1014
2026-09-26T17:00:00Z,HYDRO,HYDRO,170.56275643818907,896
2026-09-26T17:00:00Z,OTHER,BIOMASS,68.68327648997307,195
2026-09-26T17:00:00Z,OTHER,COMPOSITE,0,20
2026-09-26T17:00:00Z,OTHER,GAS,2,10
2026-09-26T17:00:00Z,OTHER,GAS COGEN,11.928499636650086,58
2026-09-26T17:00:00Z,OTHER,OIL/GAS,44.8785432349311,53
2026-09-26T17:00:00Z,OTHER,WOOD/REFUSE,77.92421720451779,149
2026-09-26T17:00:00Z,SOLAR,SOLAR,1154.8505012406906,1892
2026-09-26T17:00:00Z,WIND,WIND,2823.278695606796,5684
2026-09-26T18:00:00Z,ENERGY STORAGE,ENERGY STORAGE,0,270
2026-09-26T18:00:00Z,GAS,COGENERATION,3684.1576928043364,6122
2026-09-26T18:00:00Z,GAS,COMBINED CYCLE,2617.3618546410403,3974
2026-09-26T18:00:00Z,GAS,GAS FIRED STEAM,228.83984158118565,3078
2026-09-26T18:00:00Z,GAS,SIMPLE CYCLE,46.7114438756307,1014
2026-09-26T18:00:00Z,HYDRO,HYDRO,208.5858001707163,896
2026-09-26T18:00:00Z,OTHER,BIOMASS,68.77244275056653,195
2026-09-26T18:00:00Z,OTHER,COMPOSITE,0,20
2026-09-26T18:00:00Z,OTHER,GAS,2,10
2026-09-26T18:00:00Z,OTHER,GAS COGEN,11.932999639511108,58
2026-09-26T18:00:00Z,OTHER,OIL/GAS,44.516087972852915,53
2026-09-26T18:00:00Z,OTHER,WOOD/REFUSE,77.97477383057276,149
2026-09-26T18:00:00Z,SOLAR,SOLAR,1118.6589760455158,1892
2026-09-26T18:00:00Z,WIND,WIND,2836.2929969794923,5684
2026-09-26T19:00:00Z,ENERGY STORAGE,ENERGY STORAGE,0,270
2026-09-26T19:00:00Z,GAS,COGENERATION,3667.5944726400908,6122
2026-09-26T19:00:00Z,GAS,COMBINED CYCLE,2604.8615705781513,3974
2026-09-26T19:00:00Z,GAS,GAS FIRED STEAM,228.88022366576723,3078
2026-09-26T19:00:00Z,GAS,SIMPLE CYCLE,44.5953327539232,1014
2026-09-26T19:00:00Z,HYDRO,HYDRO,185.3362110013432,896
2026-09-26T19:00:00Z,OTHER,BIOMASS,66.56477634396818,195
2026-09-26T19:00:00Z,OTHER,COMPOSITE,0,20
2026-09-26T19:00:00Z,OTHER,GAS,2,10
2026-09-26T19:00:00Z,OTHER,GAS COGEN,11.94366631295946,58
2026-09-26T19:00:00Z,OTHER,OIL/GAS,44.82592651579115,53
2026-09-26T19:00:00Z,OTHER,WOOD/REFUSE,77.30677293592028,149
2026-09-26T19:00:00Z,SOLAR,SOLAR,841.2790719379319,1892
2026-09-26T19:00:00Z,WIND,WIND,3111.9610216774295,5684
2026-09-26T20:00:00Z,ENERGY STORAGE,ENERGY STORAGE,4.9999997019767e-4,270
2026-09-26T20:00:00Z,GAS,COGENERATION,3660.7466946217746,6122
2026-09-26T20:00:00Z,GAS,COMBINED CYCLE,2520.913968276183,3974
2026-09-26T20:00:00Z,GAS,GAS FIRED STEAM,230.70306233551767,3078
2026-09-26T20:00:00Z,GAS,SIMPLE CYCLE,44.43055484135946,1014
2026-09-26T20:00:00Z,HYDRO,HYDRO,169.889821272956,896
2026-09-26T20:00:00Z,OTHER,BIOMASS,68.2715541264746,195
2026-09-26T20:00:00Z,OTHER,COMPOSITE,0,20
2026-09-26T20:00:00Z,OTHER,GAS,2,10
2026-09-26T20:00:00Z,OTHER,GAS COGEN,12.085166402922736,58
2026-09-26T20:00:00Z,OTHER,OIL/GAS,44.84177647696601,53
2026-09-26T20:00:00Z,OTHER,WOOD/REFUSE,77.3101596918371,149
2026-09-26T20:00:00Z,SOLAR,SOLAR,621.3735260999202,1892
2026-09-26T20:00:00Z,WIND,WIND,3334.5416012135147,5684
2026-09-26T21:00:00Z,ENERGY STORAGE,ENERGY STORAGE,0,270
2026-09-26T21:00:00Z,GAS,COGENERATION,3650.5411337913406,6122
2026-09-26T21:00:00Z,GAS,COMBINED CYCLE,2085.810997607443,3974
2026-09-26T21:00:00Z,GAS,GAS FIRED STEAM,248.35363637341393,3078
2026-09-26T21:00:00Z,GAS,SIMPLE CYCLE,44.573388064040074,1014
2026-09-26T21:00:00Z,HYDRO,HYDRO,178.54181365019744,896
2026-09-26T21:00:00Z,OTHER,BIOMASS,67.35955386605528,195
2026-09-26T21:00:00Z,OTHER,COMPOSITE,0,20
2026-09-26T21:00:00Z,OTHER,GAS,2,10
2026-09-26T21:00:00Z,OTHER,GAS COGEN,11.970666330125598,58
2026-09-26T21:00:00Z,OTHER,OIL/GAS,44.99798810111152,53
2026-09-26T21:00:00Z,OTHER,WOOD/REFUSE,78.0696594719092,149
2026-09-26T21:00:00Z,SOLAR,SOLAR,654.6871520605351,1892
2026-09-26T21:00:00Z,WIND,WIND,3761.3455956643156,5684
2026-09-26T22:00:00Z,ENERGY STORAGE,ENERGY STORAGE,0,270
2026-09-26T22:00:00Z,GAS,COGENERATION,3625.985866733061,6122
2026-09-26T22:00:00Z,GAS,COMBINED CYCLE,1911.0775774500105,3974
2026-09-26T22:00:00Z,GAS,GAS FIRED STEAM,317.5094268459744,3078
2026-09-26T22:00:00Z,GAS,SIMPLE CYCLE,53.22999897648891,1014
2026-09-26T22:00:00Z,HYDRO,HYDRO,240.70973972586296,896
2026-09-26T22:00:00Z,OTHER,BIOMASS,66.76316479783918,195
2026-09-26T22:00:00Z,OTHER,COMPOSITE,0,20
2026-09-26T22:00:00Z,OTHER,GAS,2,10
2026-09-26T22:00:00Z,OTHER,GAS COGEN,11.913332960340712,58
2026-09-26T22:00:00Z,OTHER,OIL/GAS,44.77763778474595,53
2026-09-26T22:00:00Z,OTHER,WOOD/REFUSE,78.42809806704521,149
2026-09-26T22:00:00Z,SOLAR,SOLAR,427.5579119776686,1892
2026-09-26T22:00:00Z,WIND,WIND,3986.4288510751726,5684
2026-09-26T23:00:00Z,ENERGY STORAGE,ENERGY STORAGE,0.3853888910760482,270
2026-09-26T23:00:00Z,GAS,COGENERATION,3634.580656490061,6122
2026-09-26T23:00:00Z,GAS,COMBINED CYCLE,1949.2241153856119,3974
2026-09-26T23:00:00Z,GAS,GAS FIRED STEAM,333.27684744517006,3078
2026-09-26T23:00:00Z,GAS,SIMPLE CYCLE,57.10605506791009,1014
2026-09-26T23:00:00Z,HYDRO,HYDRO,272.206412985656,896
2026-09-26T23:00:00Z,OTHER,BIOMASS,66.68238765582443,195
2026-09-26T23:00:00Z,OTHER,COMPOSITE,0,20
2026-09-26T23:00:00Z,OTHER,GAS,2,10
2026-09-26T23:00:00Z,OTHER,GAS COGEN,11.921166298654343,58
2026-09-26T23:00:00Z,OTHER,OIL/GAS,42.210698471069335,53
2026-09-26T23:00:00Z,OTHER,WOOD/REFUSE,79.66368849303987,149
2026-09-26T23:00:00Z,SOLAR,SOLAR,237.2112441478173,1892
2026-09-26T23:00:00Z,WIND,WIND,3839.105293284257,5684
2026-09-27T00:00:00Z,ENERGY STORAGE,ENERGY STORAGE,0.6000000089406967,270
2026-09-27T00:00:00Z,GAS,COGENERATION,3677.0804895917577,6122
2026-09-27T00:00:00Z,GAS,COMBINED CYCLE,2498.152412418392,3974
2026-09-27T00:00:00Z,GAS,GAS FIRED STEAM,332.9928361490038,3078
2026-09-27T00:00:00Z,GAS,SIMPLE CYCLE,54.97655487378438,1014
2026-09-27T00:00:00Z,HYDRO,HYDRO,229.117523003204,896
2026-09-27T00:00:00Z,OTHER,BIOMASS,64.85361001142198,195
2026-09-27T00:00:00Z,OTHER,COMPOSITE,0,20
2026-09-27T00:00:00Z,OTHER,GAS,2,10
2026-09-27T00:00:00Z,OTHER,GAS COGEN,11.92649963537852,58
2026-09-27T00:00:00Z,OTHER,OIL/GAS,37.928832827674015,53
2026-09-27T00:00:00Z,OTHER,WOOD/REFUSE,79.94572638087803,149
2026-09-27T00:00:00Z,SOLAR,SOLAR,63.939586343905994,1892
2026-09-27T00:00:00Z,WIND,WIND,3224.130201547659,5684
2026-09-27T01:00:00Z,ENERGY STORAGE,ENERGY STORAGE,0.6000000089406967,270
2026-09-27T01:00:00Z,GAS,COGENERATION,3810.3191462606856,6122
2026-09-27T01:00:00Z,GAS,COMBINED CYCLE,3057.9289316397244,3974
2026-09-27T01:00:00Z,GAS,GAS FIRED STEAM,457.0659121810066,3078
2026-09-27T01:00:00Z,GAS,SIMPLE CYCLE,56.56105449207955,1014
2026-09-27T01:00:00Z,HYDRO,HYDRO,219.00123377615378,896
2026-09-27T01:00:00Z,OTHER,BIOMASS,67.039443228162,195
2026-09-27T01:00:00Z,OTHER,COMPOSITE,0,20
2026-09-27T01:00:00Z,OTHER,GAS,2,10
2026-09-27T01:00:00Z,OTHER,GAS COGEN,11.919332964155409,58
2026-09-27T01:00:00Z,OTHER,OIL/GAS,38.1076882341173,53
2026-09-27T01:00:00Z,OTHER,WOOD/REFUSE,79.35393451425765,149
2026-09-27T01:00:00Z,SOLAR,SOLAR,1.0019444321054551,1892
2026-09-27T01:00:00Z,WIND,WIND,2416.9744518360826,5684
2026-09-27T02:00:00Z,ENERGY STORAGE,ENERGY STORAGE,0.6000000089406967,270
2026-09-27T02:00:00Z,GAS,COGENERATION,3918.319037455453,6122
2026-09-27T02:00:00Z,GAS,COMBINED CYCLE,3200.9358619021045,3974
2026-09-27T02:00:00Z,GAS,GAS FIRED STEAM,540.2922733561198,3078
2026-09-27T02:00:00Z,GAS,SIMPLE CYCLE,65.01438763009178,1014
2026-09-27T02:00:00Z,HYDRO,HYDRO,172.28445818324883,896
2026-09-27T02:00:00Z,OTHER,BIOMASS,70.59760973246561,195
2026-09-27T02:00:00Z,OTHER,COMPOSITE,0,20
2026-09-27T02:00:00Z,OTHER,GAS,2,10
2026-09-27T02:00:00Z,OTHER,GAS COGEN,12.103166414366829,58
2026-09-27T02:00:00Z,OTHER,OIL/GAS,37.79934334225125,53
2026-09-27T02:00:00Z,OTHER,WOOD/REFUSE,78.89224665482838,149
2026-09-27T02:00:00Z,SOLAR,SOLAR,0,1892
2026-09-27T02:00:00Z,WIND,WIND,2251.0197818721335,5684
2026-09-27T03:00:00Z,ENERGY STORAGE,ENERGY STORAGE,0.6000000089406967,270
2026-09-27T03:00:00Z,GAS,COGENERATION,3929.4740461368033,6122
2026-09-27T03:00:00Z,GAS,COMBINED CYCLE,3247.108461776177,3974
2026-09-27T03:00:00Z,GAS,GAS FIRED STEAM,741.8032782914903,3078
2026-09-27T03:00:00Z,GAS,SIMPLE CYCLE,91.75328701711364,1014
2026-09-27T03:00:00Z,HYDRO,HYDRO,236.29264557553662,896
2026-09-27T03:00:00Z,OTHER,BIOMASS,69.11011024768153,195
2026-09-27T03:00:00Z,OTHER,COMPOSITE,0,20
2026-09-27T03:00:00Z,OTHER,GAS,2,10
2026-09-27T03:00:00Z,OTHER,GAS COGEN,12.112833087179396,58
2026-09-27T03:00:00Z,OTHER,OIL/GAS,37.357377226087785,53
2026-09-27T03:00:00Z,OTHER,WOOD/REFUSE,81.449223279953,149
2026-09-27T03:00:00Z,SOLAR,SOLAR,0.0375,1892
2026-09-27T03:00:00Z,WIND,WIND,1767.1005824144102,5684
2026-09-27T04:00:00Z,ENERGY STORAGE,ENERGY STORAGE,0.6000000089406967,270
2026-09-27T04:00:00Z,GAS,COGENERATION,3933.5984686060083,6122
2026-09-27T04:00:00Z,GAS,COMBINED CYCLE,3287.248888749679,3974
2026-09-27T04:00:00Z,GAS,GAS FIRED STEAM,876.0613399929471,3078
2026-09-27T04:00:00Z,GAS,SIMPLE CYCLE,112.07312007056342,1014
2026-09-27T04:00:00Z,HYDRO,HYDRO,171.91285821526415,896
2026-09-27T04:00:00Z,OTHER,BIOMASS,69.08188806868262,195
2026-09-27T04:00:00Z,OTHER,COMPOSITE,0,20
2026-09-27T04:00:00Z,OTHER,GAS,2,10
2026-09-27T04:00:00Z,OTHER,GAS COGEN,12.184499799410505,58
2026-09-27T04:00:00Z,OTHER,OIL/GAS,36.052154744466144,53
2026-09-27T04:00:00Z,OTHER,WOOD/REFUSE,83.36799951606326,149
2026-09-27T04:00:00Z,SOLAR,SOLAR,0.1109999934501118,1892
2026-09-27T04:00:00Z,WIND,WIND,1496.2050581412266,5684
2026-09-27T05:00:00Z,ENERGY STORAGE,ENERGY STORAGE,0.6000000089406967,270
2026-09-27T05:00:00Z,GAS,COGENERATION,3934.9878077411654,6122
2026-09-27T05:00:00Z,GAS,COMBINED CYCLE,3229.0772394241226,3974
2026-09-27T05:00:00Z,GAS,GAS FIRED STEAM,817.4815442445544,3078
2026-09-27T05:00:00Z,GAS,SIMPLE CYCLE,67.44594334231483,1014
2026-09-27T05:00:00Z,HYDRO,HYDRO,131.42687516126367,896
2026-09-27T05:00:00Z,OTHER,BIOMASS,67.25066562838025,195
2026-09-27T05:00:00Z,OTHER,COMPOSITE,0,20
2026-09-27T05:00:00Z,OTHER,GAS,2,10
2026-09-27T05:00:00Z,OTHER,GAS COGEN,12.1768331278695,58
2026-09-27T05:00:00Z,OTHER,OIL/GAS,35.44774405585395,53
2026-09-27T05:00:00Z,OTHER,WOOD/REFUSE,83.85605479558309,149
2026-09-27T05:00:00Z,SOLAR,SOLAR,0.10266666885879304,1892
2026-09-27T05:00:00Z,WIND,WIND,1551.198491085122,5684
2026-09-27T06:00:00Z,ENERGY STORAGE,ENERGY STORAGE,-3.507999942344096,270
2026-09-27T06:00:00Z,GAS,COGENERATION,3925.1237791172666,6122
2026-09-27T06:00:00Z,GAS,COMBINED CYCLE,3126.863997618887,3974
2026-09-27T06:00:00Z,GAS,GAS FIRED STEAM,612.3638059340583,3078
2026-09-27T06:00:00Z,GAS,SIMPLE CYCLE,67.52144306288825,1014
2026-09-27T06:00:00Z,HYDRO,HYDRO,152.79881596713432,896
2026-09-27T06:00:00Z,OTHER,BIOMASS,68.71816505286428,195
2026-09-27T06:00:00Z,OTHER,COMPOSITE,0,20
2026-09-27T06:00:00Z,OTHER,GAS,2,10
2026-09-27T06:00:00Z,OTHER,GAS COGEN,12.199999809265137,58
2026-09-27T06:00:00Z,OTHER,OIL/GAS,35.63281062020196,53
2026-09-27T06:00:00Z,OTHER,WOOD/REFUSE,83.39493579996956,149
2026-09-27T06:00:00Z,SOLAR,SOLAR,0,1892
2026-09-27T06:00:00Z,WIND,WIND,1593.193362611673,5684
2026-09-27T07:00:00Z,ENERGY STORAGE,ENERGY STORAGE,-12.799999833106995,270
2026-09-27T07:00:00Z,GAS,COGENERATION,3860.095334352652,6122
2026-09-27T07:00:00Z,GAS,COMBINED CYCLE,3104.0748223735227,3974
2026-09-27T07:00:00Z,GAS,GAS FIRED STEAM,639.0697759034898,3078
2026-09-27T07:00:00Z,GAS,SIMPLE CYCLE,67.42445510705312,1014
2026-09-27T07:00:00Z,HYDRO,HYDRO,156.3357755300734,896
2026-09-27T07:00:00Z,OTHER,BIOMASS,67.67972081869841,195
2026-09-27T07:00:00Z,OTHER,COMPOSITE,0,20
2026-09-27T07:00:00Z,OTHER,GAS,2,10
2026-09-27T07:00:00Z,OTHER,GAS COGEN,12.18349979877472,58
2026-09-27T07:00:00Z,OTHER,OIL/GAS,35.00957672966851,53
2026-09-27T07:00:00Z,OTHER,WOOD/REFUSE,83.84055715534423,149
2026-09-27T07:00:00Z,SOLAR,SOLAR,0,1892
2026-09-27T07:00:00Z,WIND,WIND,1422.7481139766426,5684
2026-09-27T08:00:00Z,ENERGY STORAGE,ENERGY STORAGE,-9.385388768215973,270
2026-09-27T08:00:00Z,GAS,COGENERATION,3854.8911339873075,6122
2026-09-27T08:00:00Z,GAS,COMBINED CYCLE,3062.039738438262,3974
2026-09-27T08:00:00Z,GAS,GAS FIRED STEAM,752.7762599605985,3078
2026-09-27T08:00:00Z,GAS,SIMPLE CYCLE,67.51044388877021,1014
2026-09-27T08:00:00Z,HYDRO,HYDRO,132.18634575804074,896
2026-09-27T08:00:00Z,OTHER,BIOMASS,67.67760937573182,195
2026-09-27T08:00:00Z,OTHER,COMPOSITE,0,20
2026-09-27T08:00:00Z,OTHER,GAS,2,10
2026-09-27T08:00:00Z,OTHER,GAS COGEN,12.170333123736912,58
2026-09-27T08:00:00Z,OTHER,OIL/GAS,32.40202684190538,53
2026-09-27T08:00:00Z,OTHER,WOOD/REFUSE,83.85804338693619,149
2026-09-27T08:00:00Z,SOLAR,SOLAR,0,1892
2026-09-27T08:00:00Z,WIND,WIND,1331.2026248124987,5684
2026-09-27T09:00:00Z,ENERGY STORAGE,ENERGY STORAGE,-0.766999988787704,270
2026-09-27T09:00:00Z,GAS,COGENERATION,3850.803877798981,6122
2026-09-27T09:00:00Z,GAS,COMBINED CYCLE,3052.102378022141,3974
2026-09-27T09:00:00Z,GAS,GAS FIRED STEAM,756.6001051584878,3078
2026-09-27T09:00:00Z,GAS,SIMPLE CYCLE,67.55055498494042,1014
2026-09-27T09:00:00Z,HYDRO,HYDRO,154.15322922004594,896
2026-09-27T09:00:00Z,OTHER,BIOMASS,68.80138751818075,195
2026-09-27T09:00:00Z,OTHER,COMPOSITE,0,20
2026-09-27T09:00:00Z,OTHER,GAS,2,10
2026-09-27T09:00:00Z,OTHER,GAS COGEN,12.19083313677046,58
2026-09-27T09:00:00Z,OTHER,OIL/GAS,33.28619284947713,53
2026-09-27T09:00:00Z,OTHER,WOOD/REFUSE,84.17616393937006,149
2026-09-27T09:00:00Z,SOLAR,SOLAR,0.14094444748428134,1892
2026-09-27T09:00:00Z,WIND,WIND,1274.504638294296,5684
2026-09-27T10:00:00Z,ENERGY STORAGE,ENERGY STORAGE,0,270
2026-09-27T10:00:00Z,GAS,COGENERATION,3858.049555033843,6122
2026-09-27T10:00:00Z,GAS,COMBINED CYCLE,3093.1561558527414,3974
2026-09-27T10:00:00Z,GAS,GAS FIRED STEAM,854.8616383107503,3078
2026-09-27T10:00:00Z,GAS,SIMPLE CYCLE,67.51544372982448,1014
2026-09-27T10:00:00Z,HYDRO,HYDRO,156.53518160624637,896
2026-09-27T10:00:00Z,OTHER,BIOMASS,68.52777635612422,195
2026-09-27T10:00:00Z,OTHER,COMPOSITE,0,20
2026-09-27T10:00:00Z,OTHER,GAS,2,10
2026-09-27T10:00:00Z,OTHER,GAS COGEN,12.199999809265137,58
2026-09-27T10:00:00Z,OTHER,OIL/GAS,32.80808271620009,53
2026-09-27T10:00:00Z,OTHER,WOOD/REFUSE,83.94905263053046,149
2026-09-27T10:00:00Z,SOLAR,SOLAR,0,1892
2026-09-27T10:00:00Z,WIND,WIND,1127.240405849003,5684
2026-09-27T11:00:00Z,ENERGY STORAGE,ENERGY STORAGE,0,270
2026-09-27T11:00:00Z,GAS,COGENERATION,3889.9024858787325,6122
2026-09-27T11:00:00Z,GAS,COMBINED CYCLE,3090.630627876785,3974
2026-09-27T11:00:00Z,GAS,GAS FIRED STEAM,965.2445790100098,3078
2026-09-27T11:00:00Z,GAS,SIMPLE CYCLE,67.41899891111586,1014
2026-09-27T11:00:00Z,HYDRO,HYDRO,134.07682898932032,896
2026-09-27T11:00:00Z,OTHER,BIOMASS,66.68227671523888,195
2026-09-27T11:00:00Z,OTHER,COMPOSITE,0,20
2026-09-27T11:00:00Z,OTHER,GAS,2,10
2026-09-27T11:00:00Z,OTHER,GAS COGEN,12.199999809265137,58
2026-09-27T11:00:00Z,OTHER,OIL/GAS,32.64503179656135,53
2026-09-27T11:00:00Z,OTHER,WOOD/REFUSE,84.15607325898276,149
2026-09-27T11:00:00Z,SOLAR,SOLAR,0.8498888718419605,1892
2026-09-27T11:00:00Z,WIND,WIND,1057.5645929576829,5684
2026-09-27T12:00:00Z,ENERGY STORAGE,ENERGY STORAGE,0,270
2026-09-27T12:00:00Z,GAS,COGENERATION,3944.7618347001076,6122
2026-09-27T12:00:00Z,GAS,COMBINED CYCLE,3160.433965081374,3974
2026-09-27T12:00:00Z,GAS,GAS FIRED STEAM,1044.3932226223415,3078
2026-09-27T12:00:00Z,GAS,SIMPLE CYCLE,77.66616589787934,1014
2026-09-27T12:00:00Z,HYDRO,HYDRO,167.8760905512174,896
2026-09-27T12:00:00Z,OTHER,BIOMASS,68.3112766267856,195
2026-09-27T12:00:00Z,OTHER,COMPOSITE,0,20
2026-09-27T12:00:00Z,OTHER,GAS,2,10
2026-09-27T12:00:00Z,OTHER,GAS COGEN,12.199999809265137,58
2026-09-27T12:00:00Z,OTHER,OIL/GAS,32.273260296715634,53
2026-09-27T12:00:00Z,OTHER,WOOD/REFUSE,84.07494908836154,149
2026-09-27T12:00:00Z,SOLAR,SOLAR,37.37194402611918,1892
2026-09-27T12:00:00Z,WIND,WIND,928.479567469673,5684
2026-09-27T13:00:00Z,ENERGY STORAGE,ENERGY STORAGE,0,270
2026-09-27T13:00:00Z,GAS,COGENERATION,3956.3855463650493,6122
2026-09-27T13:00:00Z,GAS,COMBINED CYCLE,3105.0874216234683,3974
2026-09-27T13:00:00Z,GAS,GAS FIRED STEAM,939.5057881503635,3078
2026-09-27T13:00:00Z,GAS,SIMPLE CYCLE,89.75265493737326,1014
2026-09-27T13:00:00Z,HYDRO,HYDRO,113.5664704061879,896
2026-09-27T13:00:00Z,OTHER,BIOMASS,70.86505403512054,195
2026-09-27T13:00:00Z,OTHER,COMPOSITE,0,20
2026-09-27T13:00:00Z,OTHER,GAS,2,10
2026-09-27T13:00:00Z,OTHER,GAS COGEN,12.199999809265137,58
2026-09-27T13:00:00Z,OTHER,OIL/GAS,32.65282707320319,53
2026-09-27T13:00:00Z,OTHER,WOOD/REFUSE,83.40328091303508,149
2026-09-27T13:00:00Z,SOLAR,SOLAR,70.1319991373188,1892
2026-09-27T13:00:00Z,WIND,WIND,1141.2344198363812,5684
2026-09-27T14:00:00Z,ENERGY STORAGE,ENERGY STORAGE,0,270
2026-09-27T14:00:00Z,GAS,COGENERATION,3876.48948662387,6122
2026-09-27T14:00:00Z,GAS,COMBINED CYCLE,2880.866572629611,3974
2026-09-27T14:00:00Z,GAS,GAS FIRED STEAM,657.7796889071994,3078
2026-09-27T14:00:00Z,GAS,SIMPLE CYCLE,67.54399917178684,1014
2026-09-27T14:00:00Z,HYDRO,HYDRO,107.7976628170742,896
2026-09-27T14:00:00Z,OTHER,BIOMASS,69.93355394990908,195
2026-09-27T14:00:00Z,OTHER,COMPOSITE,0,20
2026-09-27T14:00:00Z,OTHER,GAS,2,10
2026-09-27T14:00:00Z,OTHER,GAS COGEN,12.199999809265137,58
2026-09-27T14:00:00Z,OTHER,OIL/GAS,31.509026930067275,53
2026-09-27T14:00:00Z,OTHER,WOOD/REFUSE,79.4310876874129,149
2026-09-27T14:00:00Z,SOLAR,SOLAR,497.8826547835271,1892
2026-09-27T14:00:00Z,WIND,WIND,1370.713302117942,5684
2026-09-27T15:00:00Z,ENERGY STORAGE,ENERGY STORAGE,0,270
2026-09-27T15:00:00Z,GAS,COGENERATION,3732.96945927302,6122
2026-09-27T15:00:00Z,GAS,COMBINED CYCLE,2766.196668898397,3974
2026-09-27T15:00:00Z,GAS,GAS FIRED STEAM,360.03460432688394,3078
2026-09-27T15:00:00Z,GAS,SIMPLE CYCLE,67.52305497699314,1014
2026-09-27T15:00:00Z,HYDRO,HYDRO,167.63462526732022,896
2026-09-27T15:00:00Z,OTHER,BIOMASS,68.829998260455,195
2026-09-27T15:00:00Z,OTHER,COMPOSITE,0,20
2026-09-27T15:00:00Z,OTHER,GAS,2,10
2026-09-27T15:00:00Z,OTHER,GAS COGEN,12.199999809265137,58
2026-09-27T15:00:00Z,OTHER,OIL/GAS,32.94714891327752,53
2026-09-27T15:00:00Z,OTHER,WOOD/REFUSE,79.22989427659246,149
2026-09-27T15:00:00Z,SOLAR,SOLAR,1325.1887686506245,1892
2026-09-27T15:00:00Z,WIND,WIND,1121.8838560798433,5684
2026-09-27T16:00:00Z,ENERGY STORAGE,ENERGY STORAGE,0,270
2026-09-27T16:00:00Z,GAS,COGENERATION,3694.219157641265,6122
2026-09-27T16:00:00Z,GAS,COMBINED CYCLE,2748.1064814563592,3974
2026-09-27T16:00:00Z,GAS,GAS FIRED STEAM,332.27138679080537,3078
2026-09-27T16:00:00Z,GAS,SIMPLE CYCLE,67.47049928506215,1014
2026-09-27T16:00:00Z,HYDRO,HYDRO,161.01561522603035,896
2026-09-27T16:00:00Z,OTHER,BIOMASS,67.65027618452906,195
2026-09-27T16:00:00Z,OTHER,COMPOSITE,0,20
2026-09-27T16:00:00Z,OTHER,GAS,2,10
2026-09-27T16:00:00Z,OTHER,GAS COGEN,12.0444997104009,58
2026-09-27T16:00:00Z,OTHER,OIL/GAS,33.65808857811822,53
2026-09-27T16:00:00Z,OTHER,WOOD/REFUSE,78.8103778802024,149
2026-09-27T16:00:00Z,SOLAR,SOLAR,1618.6315209987429,1892
2026-09-27T16:00:00Z,WIND,WIND,931.8328799169676,5684
2026-09-27T17:00:00Z,ENERGY STORAGE,ENERGY STORAGE,0,270
2026-09-27T17:00:00Z,GAS,COGENERATION,3672.173594172001,6122
2026-09-27T17:00:00Z,GAS,COMBINED CYCLE,2762.2905950551562,3974
2026-09-27T17:00:00Z,GAS,GAS FIRED STEAM,332.27695848464964,3078
2026-09-27T17:00:00Z,GAS,SIMPLE CYCLE,58.61416617098782,1014
2026-09-27T17:00:00Z,HYDRO,HYDRO,185.50532349606354,896
2026-09-27T17:00:00Z,OTHER,BIOMASS,69.09638760109743,195
2026-09-27T17:00:00Z,OTHER,COMPOSITE,0,20
2026-09-27T17:00:00Z,OTHER,GAS,2,10
2026-09-27T17:00:00Z,OTHER,GAS COGEN,11.962666325039336,58
2026-09-27T17:00:00Z,OTHER,OIL/GAS,34.39114426930745,53
2026-09-27T17:00:00Z,OTHER,WOOD/REFUSE,78.79526534530852,149
2026-09-27T17:00:00Z,SOLAR,SOLAR,1635.227747391065,1892
2026-09-27T17:00:00Z,WIND,WIND,1047.595393521024,5684
2026-09-27T18:00:00Z,ENERGY STORAGE,ENERGY STORAGE,0,270
2026-09-27T18:00:00Z,GAS,COGENERATION,3648.984444263776,6122
2026-09-27T18:00:00Z,GAS,COMBINED CYCLE,2715.143819996516,3974
2026-09-27T18:00:00Z,GAS,GAS FIRED STEAM,332.68011787414554,3078
2026-09-27T18:00:00Z,GAS,SIMPLE CYCLE,57.79733247756958,1014
2026-09-27T18:00:00Z,HYDRO,HYDRO,173.12296547666193,896
2026-09-27T18:00:00Z,OTHER,BIOMASS,67.57844295119246,195
2026-09-27T18:00:00Z,OTHER,COMPOSITE,0,20
2026-09-27T18:00:00Z,OTHER,GAS,2,10
2026-09-27T18:00:00Z,OTHER,GAS COGEN,11.682999480565387,58
2026-09-27T18:00:00Z,OTHER,OIL/GAS,34.097738107045494,53
2026-09-27T18:00:00Z,OTHER,WOOD/REFUSE,79.94625808967484,149
2026-09-27T18:00:00Z,SOLAR,SOLAR,1540.2929542338848,1892
2026-09-27T18:00:00Z,WIND,WIND,1301.6317873121136,5684
2026-09-27T19:00:00Z,ENERGY STORAGE,ENERGY STORAGE,0,270
2026-09-27T19:00:00Z,GAS,COGENERATION,3603.045810086462,6122
2026-09-27T19:00:00Z,GAS,COMBINED CYCLE,2579.705178577238,3974
2026-09-27T19:00:00Z,GAS,GAS FIRED STEAM,332.58485675387914,3078
2026-09-27T19:00:00Z,GAS,SIMPLE CYCLE,57.849110491010876,1014
2026-09-27T19:00:00Z,HYDRO,HYDRO,177.74703174405627,896
2026-09-27T19:00:00Z,OTHER,BIOMASS,66.6084981140991,195
2026-09-27T19:00:00Z,OTHER,COMPOSITE,0,20
2026-09-27T19:00:00Z,OTHER,GAS,2,10
2026-09-27T19:00:00Z,OTHER,GAS COGEN,11.59999942779541,58
2026-09-27T19:00:00Z,OTHER,OIL/GAS,34.511387776268855,53
2026-09-27T19:00:00Z,OTHER,WOOD/REFUSE,80.09383231639862,149
2026-09-27T19:00:00Z,SOLAR,SOLAR,1559.3835216687785,1892
2026-09-27T19:00:00Z,WIND,WIND,1420.9628717981775,5684
2026-09-27T20:00:00Z,ENERGY STORAGE,ENERGY STORAGE,0,270
2026-09-27T20:00:00Z,GAS,COGENERATION,3586.97660465161,6122
2026-09-27T20:00:00Z,GAS,COMBINED CYCLE,2563.067000903818,3974
2026-09-27T20:00:00Z,GAS,GAS FIRED STEAM,332.5700017547607,3078
2026-09-27T20:00:00Z,GAS,SIMPLE CYCLE,57.83488858752781,1014
2026-09-27T20:00:00Z,HYDRO,HYDRO,165.47924967923097,896
2026-09-27T20:00:00Z,OTHER,BIOMASS,67.117498371866,195
2026-09-27T20:00:00Z,OTHER,COMPOSITE,0,20
2026-09-27T20:00:00Z,OTHER,GAS,2,10
2026-09-27T20:00:00Z,OTHER,GAS COGEN,11.611832768652176,58
2026-09-27T20:00:00Z,OTHER,OIL/GAS,34.747315635681154,53
2026-09-27T20:00:00Z,OTHER,WOOD/REFUSE,80.42720622274611,149
2026-09-27T20:00:00Z,SOLAR,SOLAR,1499.7397390454346,1892
2026-09-27T20:00:00Z,WIND,WIND,1481.6655539777544,5684
2026-09-27T21:00:00Z,ENERGY STORAGE,ENERGY STORAGE,0,270
2026-09-27T21:00:00Z,GAS,COGENERATION,3602.7221474787925,6122
2026-09-27T21:00:00Z,GAS,COMBINED CYCLE,2491.977731236484,3974
2026-09-27T21:00:00Z,GAS,GAS FIRED STEAM,332.5609921095106,3078
2026-09-27T21:00:00Z,GAS,SIMPLE CYCLE,57.187444053755875,1014
2026-09-27T21:00:00Z,HYDRO,HYDRO,225.31952905774116,896
2026-09-27T21:00:00Z,OTHER,BIOMASS,67.9886097166439,195
2026-09-27T21:00:00Z,OTHER,COMPOSITE,0,20
2026-09-27T21:00:00Z,OTHER,GAS,2,10
2026-09-27T21:00:00Z,OTHER,GAS COGEN,11.805832891994053,58
2026-09-27T21:00:00Z,OTHER,OIL/GAS,35.86956603368123,53
2026-09-27T21:00:00Z,OTHER,WOOD/REFUSE,79.71143853637908,149
2026-09-27T21:00:00Z,SOLAR,SOLAR,1494.113565268053,1892
2026-09-27T21:00:00Z,WIND,WIND,1421.513197369319,5684
2026-09-27T22:00:00Z,ENERGY STORAGE,ENERGY STORAGE,0,270
2026-09-27T22:00:00Z,GAS,COGENERATION,3621.367944731712,6122
2026-09-27T22:00:00Z,GAS,COMBINED CYCLE,2803.9973815421267,3974
2026-09-27T22:00:00Z,GAS,GAS FIRED STEAM,340.8516461986965,3078
2026-09-27T22:00:00Z,GAS,SIMPLE CYCLE,55.55055461353726,1014
2026-09-27T22:00:00Z,HYDRO,HYDRO,250.92931668781574,896
2026-09-27T22:00:00Z,OTHER,BIOMASS,67.078664337943,195
2026-09-27T22:00:00Z,OTHER,COMPOSITE,0,20
2026-09-27T22:00:00Z,OTHER,GAS,2,10
2026-09-27T22:00:00Z,OTHER,GAS COGEN,11.649332792494032,58
2026-09-27T22:00:00Z,OTHER,OIL/GAS,39.55439877616035,53
2026-09-27T22:00:00Z,OTHER,WOOD/REFUSE,79.63566170679198,149
2026-09-27T22:00:00Z,SOLAR,SOLAR,1313.285759136445,1892
2026-09-27T22:00:00Z,WIND,WIND,1297.0024451746915,5684
2026-09-27T23:00:00Z,ENERGY STORAGE,ENERGY STORAGE,0,270
2026-09-27T23:00:00Z,GAS,COGENERATION,3818.2472461826933,6122
2026-09-27T23:00:00Z,GAS,COMBINED CYCLE,3120.780048216449,3974
2026-09-27T23:00:00Z,GAS,GAS FIRED STEAM,621.984875969357,3078
2026-09-27T23:00:00Z,GAS,SIMPLE CYCLE,59.14638800938924,1014
2026-09-27T23:00:00Z,HYDRO,HYDRO,269.6077714485592,896
2026-09-27T23:00:00Z,OTHER,BIOMASS,67.86844233911899,195
2026-09-27T23:00:00Z,OTHER,COMPOSITE,0,20
2026-09-27T23:00:00Z,OTHER,GAS,2,10
2026-09-27T23:00:00Z,OTHER,GAS COGEN,11.629832780096264,58
2026-09-27T23:00:00Z,OTHER,OIL/GAS,40.63604316923353,53
2026-09-27T23:00:00Z,OTHER,WOOD/REFUSE,81.97086550394694,149
2026-09-27T23:00:00Z,SOLAR,SOLAR,888.475976970262,1892
2026-09-27T23:00:00Z,WIND,WIND,1146.3670578088363,5684
2026-09-28T00:00:00Z,ENERGY STORAGE,ENERGY STORAGE,0,270
2026-09-28T00:00:00Z,GAS,COGENERATION,3867.8794974287352,6122
2026-09-28T00:00:00Z,GAS,COMBINED CYCLE,3275.982368531757,3974
2026-09-28T00:00:00Z,GAS,GAS FIRED STEAM,1126.6357762654623,3078
2026-09-28T00:00:00Z,GAS,SIMPLE CYCLE,113.00272297455206,1014
2026-09-28T00:00:00Z,HYDRO,HYDRO,275.3519737632242,896
2026-09-28T00:00:00Z,OTHER,BIOMASS,65.77116437981526,195
2026-09-28T00:00:00Z,OTHER,COMPOSITE,12.077055365029308,20
2026-09-28T00:00:00Z,OTHER,GAS,2,10
2026-09-28T00:00:00Z,OTHER,GAS COGEN,11.66633280330234,58
2026-09-28T00:00:00Z,OTHER,OIL/GAS,40.23286140229967,53
2026-09-28T00:00:00Z,OTHER,WOOD/REFUSE,84.56773921781117,149
2026-09-28T00:00:00Z,SOLAR,SOLAR,211.73775515779852,1892
2026-09-28T00:00:00Z,WIND,WIND,987.3641289423489,5684
2026-09-28T01:00:00Z,ENERGY STORAGE,ENERGY STORAGE,6.424111034141647,270
2026-09-28T01:00:00Z,GAS,COGENERATION,3890.4162547916835,6122
2026-09-28T01:00:00Z,GAS,COMBINED CYCLE,3291.7988516108194,3974
2026-09-28T01:00:00Z,GAS,GAS FIRED STEAM,1213.2545292663574,3078
2026-09-28T01:00:00Z,GAS,SIMPLE CYCLE,234.90232108781734,1014
2026-09-28T01:00:00Z,HYDRO,HYDRO,213.42473475429745,896
2026-09-28T01:00:00Z,OTHER,BIOMASS,69.68866516944436,195
2026-09-28T01:00:00Z,OTHER,COMPOSITE,12.919333221647474,20
2026-09-28T01:00:00Z,OTHER,GAS,2,10
2026-09-28T01:00:00Z,OTHER,GAS COGEN,11.872999601364135,58
2026-09-28T01:00:00Z,OTHER,OIL/GAS,40.278442768520776,53
2026-09-28T01:00:00Z,OTHER,WOOD/REFUSE,92.02894994152916,149
2026-09-28T01:00:00Z,SOLAR,SOLAR,5.191555418757101,1892
2026-09-28T01:00:00Z,WIND,WIND,1011.6920553419864,5684
2026-09-28T02:00:00Z,ENERGY STORAGE,ENERGY STORAGE,25.992165850467153,270
2026-09-28T02:00:00Z,GAS,COGENERATION,3907.4576115512846,6122
2026-09-28T02:00:00Z,GAS,COMBINED CYCLE,3276.3106562229,3974
2026-09-28T02:00:00Z,GAS,GAS FIRED STEAM,1185.5547711351182,3078
2026-09-28T02:00:00Z,GAS,SIMPLE CYCLE,232.02599770509536,1014
2026-09-28T02:00:00Z,HYDRO,HYDRO,152.124273352921,896
2026-09-28T02:00:00Z,OTHER,BIOMASS,70.55466500436266,195
2026-09-28T02:00:00Z,OTHER,COMPOSITE,13.096666102939182,20
2026-09-28T02:00:00Z,OTHER,GAS,2,10
2026-09-28T02:00:00Z,OTHER,GAS COGEN,11.899999618530272,58
2026-09-28T02:00:00Z,OTHER,OIL/GAS,40.0779044342041,53
2026-09-28T02:00:00Z,OTHER,WOOD/REFUSE,91.43430071327423,149
2026-09-28T02:00:00Z,SOLAR,SOLAR,2.518277650045024,1892
2026-09-28T02:00:00Z,WIND,WIND,1201.6855416287813,5684
2026-09-28T03:00:00Z,ENERGY STORAGE,ENERGY STORAGE,0,270
2026-09-28T03:00:00Z,GAS,COGENERATION,3924.0619664571022,6122
2026-09-28T03:00:00Z,GAS,COMBINED CYCLE,3225.324569684532,3974
2026-09-28T03:00:00Z,GAS,GAS FIRED STEAM,852.0537094540066,3078
2026-09-28T03:00:00Z,GAS,SIMPLE CYCLE,103.40559800081783,1014
2026-09-28T03:00:00Z,HYDRO,HYDRO,134.4631473663118,896
2026-09-28T03:00:00Z,OTHER,BIOMASS,67.44449893294109,195
2026-09-28T03:00:00Z,OTHER,COMPOSITE,0.7002777666515774,20
2026-09-28T03:00:00Z,OTHER,GAS,2,10
2026-09-28T03:00:00Z,OTHER,GAS COGEN,12.036166371769376,58
2026-09-28T03:00:00Z,OTHER,OIL/GAS,38.117383533053925,53
2026-09-28T03:00:00Z,OTHER,WOOD/REFUSE,86.87098248455258,149
2026-09-28T03:00:00Z,SOLAR,SOLAR,0.30000000447034836,1892
2026-09-28T03:00:00Z,WIND,WIND,1578.9497983650863,5684
2026-09-28T04:00:00Z,ENERGY STORAGE,ENERGY STORAGE,0,270
2026-09-28T04:00:00Z,GAS,COGENERATION,3936.4343626009754,6122
2026-09-28T04:00:00Z,GAS,COMBINED CYCLE,2971.4714245788255,3974
2026-09-28T04:00:00Z,GAS,GAS FIRED STEAM,699.0202422438728,3078
2026-09-28T04:00:00Z,GAS,SIMPLE CYCLE,59.353666114674674,1014
2026-09-28T04:00:00Z,HYDRO,HYDRO,137.7558108244671,896
2026-09-28T04:00:00Z,OTHER,BIOMASS,68.61710960846808,195
2026-09-28T04:00:00Z,OTHER,COMPOSITE,0,20
2026-09-28T04:00:00Z,OTHER,GAS,2,10
2026-09-28T04:00:00Z,OTHER,GAS COGEN,11.917999629974366,58
2026-09-28T04:00:00Z,OTHER,OIL/GAS,37.56342181099786,53
2026-09-28T04:00:00Z,OTHER,WOOD/REFUSE,85.76637331141366,149
2026-09-28T04:00:00Z,SOLAR,SOLAR,0.30000000447034836,1892
2026-09-28T04:00:00Z,WIND,WIND,1788.8560135814712,5684
2026-09-28T05:00:00Z,ENERGY STORAGE,ENERGY STORAGE,0,270
2026-09-28T05:00:00Z,GAS,COGENERATION,3928.4116281837887,6122
2026-09-28T05:00:00Z,GAS,COMBINED CYCLE,2899.9005257116423,3974
2026-09-28T05:00:00Z,GAS,GAS FIRED STEAM,492.781519056956,3078
2026-09-28T05:00:00Z,GAS,SIMPLE CYCLE,58.86538821114434,1014
2026-09-28T05:00:00Z,HYDRO,HYDRO,115.91602251066102,896
2026-09-28T05:00:00Z,OTHER,BIOMASS,69.03772067823344,195
2026-09-28T05:00:00Z,OTHER,COMPOSITE,0,20
2026-09-28T05:00:00Z,OTHER,GAS,2,10
2026-09-28T05:00:00Z,OTHER,GAS COGEN,11.979499669075013,58
2026-09-28T05:00:00Z,OTHER,OIL/GAS,37.208993403116864,53
2026-09-28T05:00:00Z,OTHER,WOOD/REFUSE,84.50100288920932,149
2026-09-28T05:00:00Z,SOLAR,SOLAR,0.30000000447034836,1892
2026-09-28T05:00:00Z,WIND,WIND,1882.8947063346664,5684
2026-09-28T06:00:00Z,ENERGY STORAGE,ENERGY STORAGE,-34.01372093492084,270
2026-09-28T06:00:00Z,GAS,COGENERATION,3986.6385682850414,6122
2026-09-28T06:00:00Z,GAS,COMBINED CYCLE,2874.2735455644133,3974
2026-09-28T06:00:00Z,GAS,GAS FIRED STEAM,427.98331525802615,3078
2026-09-28T06:00:00Z,GAS,SIMPLE CYCLE,55.146388590070934,1014
2026-09-28T06:00:00Z,HYDRO,HYDRO,174.75902705715762,896
2026-09-28T06:00:00Z,OTHER,BIOMASS,69.00172066968348,195
2026-09-28T06:00:00Z,OTHER,COMPOSITE,0,20
2026-09-28T06:00:00Z,OTHER,GAS,2,10
2026-09-28T06:00:00Z,OTHER,GAS COGEN,11.80183288945092,58
2026-09-28T06:00:00Z,OTHER,OIL/GAS,35.91991091410319,53
2026-09-28T06:00:00Z,OTHER,WOOD/REFUSE,84.861122180091,149
2026-09-28T06:00:00Z,SOLAR,SOLAR,0.9325005723039309,1892
2026-09-28T06:00:00Z,WIND,WIND,1704.9532638467517,5684
2026-09-28T07:00:00Z,ENERGY STORAGE,ENERGY STORAGE,-5.978666426009602,270
2026-09-28T07:00:00Z,GAS,COGENERATION,3995.19390973462,6122
2026-09-28T07:00:00Z,GAS,COMBINED CYCLE,2896.1361834394934,3974
2026-09-28T07:00:00Z,GAS,GAS FIRED STEAM,589.1193095737033,3078
2026-09-28T07:00:00Z,GAS,SIMPLE CYCLE,55.03916603936089,1014
2026-09-28T07:00:00Z,HYDRO,HYDRO,165.3931777993838,896
2026-09-28T07:00:00Z,OTHER,BIOMASS,68.60988733210498,195
2026-09-28T07:00:00Z,OTHER,COMPOSITE,0,20
2026-09-28T07:00:00Z,OTHER,GAS,2,10
2026-09-28T07:00:00Z,OTHER,GAS COGEN,11.954666319953072,58
2026-09-28T07:00:00Z,OTHER,OIL/GAS,35.89498234219021,53
2026-09-28T07:00:00Z,OTHER,WOOD/REFUSE,84.80431445333693,149
2026-09-28T07:00:00Z,SOLAR,SOLAR,0.7369504640499751,1892
2026-09-28T07:00:00Z,WIND,WIND,1417.5195099717544,5684
2026-09-28T08:00:00Z,ENERGY STORAGE,ENERGY STORAGE,-3.9374444192813502,270
2026-09-28T08:00:00Z,GAS,COGENERATION,3997.9286426313056,6122
2026-09-28T08:00:00Z,GAS,COMBINED CYCLE,2930.456894276672,3974
2026-09-28T08:00:00Z,GAS,GAS FIRED STEAM,688.923292312622,3078
2026-09-28T08:00:00Z,GAS,SIMPLE CYCLE,54.909610447353785,1014
2026-09-28T08:00:00Z,HYDRO,HYDRO,163.22309261110095,896
2026-09-28T08:00:00Z,OTHER,BIOMASS,69.15933189873894,195
2026-09-28T08:00:00Z,OTHER,COMPOSITE,0,20
2026-09-28T08:00:00Z,OTHER,GAS,2,10
2026-09-28T08:00:00Z,OTHER,GAS COGEN,11.924832967652216,58
2026-09-28T08:00:00Z,OTHER,OIL/GAS,37.254538069831,53
2026-09-28T08:00:00Z,OTHER,WOOD/REFUSE,84.75478056006962,149
2026-09-28T08:00:00Z,SOLAR,SOLAR,0.30000000447034836,1892
2026-09-28T08:00:00Z,WIND,WIND,1250.5249757743213,5684
2026-09-28T09:00:00Z,ENERGY STORAGE,ENERGY STORAGE,-11.699999928474426,270
2026-09-28T09:00:00Z,GAS,COGENERATION,4014.7046747179825,6122
2026-09-28T09:00:00Z,GAS,COMBINED CYCLE,3028.2002500116823,3974
2026-09-28T09:00:00Z,GAS,GAS FIRED STEAM,753.8777397155761,3078
2026-09-28T09:00:00Z,GAS,SIMPLE CYCLE,55.05161055882772,1014
2026-09-28T09:00:00Z,HYDRO,HYDRO,143.0439882200294,896
2026-09-28T09:00:00Z,OTHER,BIOMASS,68.40916547472278,195
2026-09-28T09:00:00Z,OTHER,COMPOSITE,0,20
2026-09-28T09:00:00Z,OTHER,GAS,2,10
2026-09-28T09:00:00Z,OTHER,GAS COGEN,12.024666364457872,58
2026-09-28T09:00:00Z,OTHER,OIL/GAS,39.281176781124536,53
2026-09-28T09:00:00Z,OTHER,WOOD/REFUSE,83.68062411175835,149
2026-09-28T09:00:00Z,SOLAR,SOLAR,0.30000000447034836,1892
2026-09-28T09:00:00Z,WIND,WIND,1128.8868801896108,5684
2026-09-28T10:00:00Z,ENERGY STORAGE,ENERGY STORAGE,-9.372999968181054,270
2026-09-28T10:00:00Z,GAS,COGENERATION,4024.033980620702,6122
2026-09-28T10:00:00Z,GAS,COMBINED CYCLE,3044.9654832383,3974
2026-09-28T10:00:00Z,GAS,GAS FIRED STEAM,873.092269007365,3078
2026-09-28T10:00:00Z,GAS,SIMPLE CYCLE,71.7872770526674,1014
2026-09-28T10:00:00Z,HYDRO,HYDRO,178.19664863177474,896
2026-09-28T10:00:00Z,OTHER,BIOMASS,67.35094294822879,195
2026-09-28T10:00:00Z,OTHER,COMPOSITE,0,20
2026-09-28T10:00:00Z,OTHER,GAS,2,10
2026-09-28T10:00:00Z,OTHER,GAS COGEN,12.09999974568685,58
2026-09-28T10:00:00Z,OTHER,OIL/GAS,40.6498158815172,53
2026-09-28T10:00:00Z,OTHER,WOOD/REFUSE,82.47142420397864,149
2026-09-28T10:00:00Z,SOLAR,SOLAR,0.30000000447034836,1892
2026-09-28T10:00:00Z,WIND,WIND,999.7456724228214,5684
2026-09-28T11:00:00Z,ENERGY STORAGE,ENERGY STORAGE,-1.7785555466843976,270
2026-09-28T11:00:00Z,GAS,COGENERATION,4038.660853102207,6122
2026-09-28T11:00:00Z,GAS,COMBINED CYCLE,3047.801592524979,3974
2026-09-28T11:00:00Z,GAS,GAS FIRED STEAM,1031.44783557468,3078
2026-09-28T11:00:00Z,GAS,SIMPLE CYCLE,139.7442419308093,1014
2026-09-28T11:00:00Z,HYDRO,HYDRO,176.80158511890306,896
2026-09-28T11:00:00Z,OTHER,BIOMASS,73.38016490628323,195
2026-09-28T11:00:00Z,OTHER,COMPOSITE,0.5115000069306956,20
2026-09-28T11:00:00Z,OTHER,GAS,2,10
2026-09-28T11:00:00Z,OTHER,GAS COGEN,12.1281664302614,58
2026-09-28T11:00:00Z,OTHER,OIL/GAS,40.66970424228244,53
2026-09-28T11:00:00Z,OTHER,WOOD/REFUSE,89.33807788319058,149
2026-09-28T11:00:00Z,SOLAR,SOLAR,0.30000000447034836,1892
2026-09-28T11:00:00Z,WIND,WIND,939.9936207269628,5684
2026-09-28T12:00:00Z,ENERGY STORAGE,ENERGY STORAGE,58.86305325425334,270
2026-09-28T12:00:00Z,GAS,COGENERATION,4045.7447926720647,6122
2026-09-28T12:00:00Z,GAS,COMBINED CYCLE,3011.417715790934,3974
2026-09-28T12:00:00Z,GAS,GAS FIRED STEAM,1148.7160338168674,3078
2026-09-28T12:00:00Z,GAS,SIMPLE CYCLE,267.6006827426619,1014
2026-09-28T12:00:00Z,HYDRO,HYDRO,201.9978081773387,896
2026-09-28T12:00:00Z,OTHER,BIOMASS,75.11144262981084,195
2026-09-28T12:00:00Z,OTHER,COMPOSITE,13.204444233841366,20
2026-09-28T12:00:00Z,OTHER,GAS,2,10
2026-09-28T12:00:00Z,OTHER,GAS COGEN,12.199999809265137,58
2026-09-28T12:00:00Z,OTHER,OIL/GAS,42.4343821504381,53
2026-09-28T12:00:00Z,OTHER,WOOD/REFUSE,93.96000059790082,149
2026-09-28T12:00:00Z,SOLAR,SOLAR,22.648166408009,1892
2026-09-28T12:00:00Z,WIND,WIND,914.6058922066705,5684
2026-09-28T13:00:00Z,ENERGY STORAGE,ENERGY STORAGE,78.70166366553968,270
2026-09-28T13:00:00Z,GAS,COGENERATION,4053.3962875141037,6122
2026-09-28T13:00:00Z,GAS,COMBINED CYCLE,3046.3594268924658,3974
2026-09-28T13:00:00Z,GAS,GAS FIRED STEAM,1204.3641458129885,3078
2026-09-28T13:00:00Z,GAS,SIMPLE CYCLE,298.04836524718337,1014
2026-09-28T13:00:00Z,HYDRO,HYDRO,233.04697196496858,896
2026-09-28T13:00:00Z,OTHER,BIOMASS,74.30949876858129,195
2026-09-28T13:00:00Z,OTHER,COMPOSITE,13.068832836680942,20
2026-09-28T13:00:00Z,OTHER,GAS,2,10
2026-09-28T13:00:00Z,OTHER,GAS COGEN,12.180999797185262,58
2026-09-28T13:00:00Z,OTHER,OIL/GAS,44.57850979275174,53
2026-09-28T13:00:00Z,OTHER,WOOD/REFUSE,92.78139538606008,149
2026-09-28T13:00:00Z,SOLAR,SOLAR,72.04566556288964,1892
2026-09-28T13:00:00Z,WIND,WIND,958.686680527288,5684
2026-09-28T14:00:00Z,ENERGY STORAGE,ENERGY STORAGE,0.7575555530190468,270
2026-09-28T14:00:00Z,GAS,COGENERATION,4024.8892937509218,6122
2026-09-28T14:00:00Z,GAS,COMBINED CYCLE,3036.665332915783,3974
2026-09-28T14:00:00Z,GAS,GAS FIRED STEAM,937.1923052300348,3078
2026-09-28T14:00:00Z,GAS,SIMPLE CYCLE,277.28320625033643,1014
2026-09-28T14:00:00Z,HYDRO,HYDRO,151.77715826029578,896
2026-09-28T14:00:00Z,OTHER,BIOMASS,73.33766490987605,195
2026-09-28T14:00:00Z,OTHER,COMPOSITE,8.507944118380546,20
2026-09-28T14:00:00Z,OTHER,GAS,2,10
2026-09-28T14:00:00Z,OTHER,GAS COGEN,12.181666464275784,58
2026-09-28T14:00:00Z,OTHER,OIL/GAS,44.430187488132056,53
2026-09-28T14:00:00Z,OTHER,WOOD/REFUSE,87.00770660214954,149
2026-09-28T14:00:00Z,SOLAR,SOLAR,569.9028074662511,1892
2026-09-28T14:00:00Z,WIND,WIND,1095.430222465727,5684
2026-09-28T15:00:00Z,ENERGY STORAGE,ENERGY STORAGE,-0.09999999403953552,270
2026-09-28T15:00:00Z,GAS,COGENERATION,4036.584449039168,6122
2026-09-28T15:00:00Z,GAS,COMBINED CYCLE,2971.7854927670955,3974
2026-09-28T15:00:00Z,GAS,GAS FIRED STEAM,805.8656422424317,3078
2026-09-28T15:00:00Z,GAS,SIMPLE CYCLE,125.2294902046894,1014
2026-09-28T15:00:00Z,HYDRO,HYDRO,182.27113856544096,896
2026-09-28T15:00:00Z,OTHER,BIOMASS,71.72255379178458,195
2026-09-28T15:00:00Z,OTHER,COMPOSITE,0,20
2026-09-28T15:00:00Z,OTHER,GAS,2,10
2026-09-28T15:00:00Z,OTHER,GAS COGEN,12.044722142219545,58
2026-09-28T15:00:00Z,OTHER,OIL/GAS,44.54944938871595,53
2026-09-28T15:00:00Z,OTHER,WOOD/REFUSE,87.78509552796682,149
2026-09-28T15:00:00Z,SOLAR,SOLAR,1336.0354639706304,1892
2026-09-28T15:00:00Z,WIND,WIND,803.0451908409058,5684
2026-09-28T16:00:00Z,ENERGY STORAGE,ENERGY STORAGE,-0.1126111053261492,270
2026-09-28T16:00:00Z,GAS,COGENERATION,3943.8516703845394,6122
2026-09-28T16:00:00Z,GAS,COMBINED CYCLE,2950.018527660767,3974
2026-09-28T16:00:00Z,GAS,GAS FIRED STEAM,746.1352230411105,3078
2026-09-28T16:00:00Z,GAS,SIMPLE CYCLE,121.8419414450311,1014
2026-09-28T16:00:00Z,HYDRO,HYDRO,149.8176417133543,896
2026-09-28T16:00:00Z,OTHER,BIOMASS,66.81805358764198,195
2026-09-28T16:00:00Z,OTHER,COMPOSITE,0,20
2026-09-28T16:00:00Z,OTHER,GAS,2,10
2026-09-28T16:00:00Z,OTHER,GAS COGEN,12.000833333863152,58
2026-09-28T16:00:00Z,OTHER,OIL/GAS,44.621388036939834,53
2026-09-28T16:00:00Z,OTHER,WOOD/REFUSE,88.71200500329336,149
2026-09-28T16:00:00Z,SOLAR,SOLAR,1590.4322259304258,1892
2026-09-28T16:00:00Z,WIND,WIND,751.0043140830348,5684
2026-09-28T17:00:00Z,ENERGY STORAGE,ENERGY STORAGE,-0.29999999701976776,270
2026-09-28T17:00:00Z,GAS,COGENERATION,3893.1203847707643,6122
2026-09-28T17:00:00Z,GAS,COMBINED CYCLE,2952.298993585805,3974
2026-09-28T17:00:00Z,GAS,GAS FIRED STEAM,704.8676555328899,3078
2026-09-28T17:00:00Z,GAS,SIMPLE CYCLE,124.43409620237018,1014
2026-09-28T17:00:00Z,HYDRO,HYDRO,191.06537093566524,896
2026-09-28T17:00:00Z,OTHER,BIOMASS,67.624665078438,195
2026-09-28T17:00:00Z,OTHER,COMPOSITE,0,20
2026-09-28T17:00:00Z,OTHER,GAS,2,10
2026-09-28T17:00:00Z,OTHER,GAS COGEN,11.65966645028856,58
2026-09-28T17:00:00Z,OTHER,OIL/GAS,44.8510319964091,53
2026-09-28T17:00:00Z,OTHER,WOOD/REFUSE,89.09835564772288,149
2026-09-28T17:00:00Z,SOLAR,SOLAR,1494.154135214554,1892
2026-09-28T17:00:00Z,WIND,WIND,998.8125342497809,5684
2026-09-28T18:00:00Z,ENERGY STORAGE,ENERGY STORAGE,-0.2791111093759537,270
2026-09-28T18:00:00Z,GAS,COGENERATION,3857.9381698208385,6122
2026-09-28T18:00:00Z,GAS,COMBINED CYCLE,2914.7824075827334,3974
2026-09-28T18:00:00Z,GAS,GAS FIRED STEAM,554.4407240666284,3078
2026-09-28T18:00:00Z,GAS,SIMPLE CYCLE,115.74694186217255,1014
2026-09-28T18:00:00Z,HYDRO,HYDRO,174.0174566751884,896
2026-09-28T18:00:00Z,OTHER,BIOMASS,66.66605365986625,195
2026-09-28T18:00:00Z,OTHER,COMPOSITE,0,20
2026-09-28T18:00:00Z,OTHER,GAS,2,10
2026-09-28T18:00:00Z,OTHER,GAS COGEN,11.435499641100565,58
2026-09-28T18:00:00Z,OTHER,OIL/GAS,45.12380491044786,53
2026-09-28T18:00:00Z,OTHER,WOOD/REFUSE,81.00420880873997,149
2026-09-28T18:00:00Z,SOLAR,SOLAR,1440.3676953697866,1892
2026-09-28T18:00:00Z,WIND,WIND,1181.8250321142955,5684
2026-09-28T19:00:00Z,ENERGY STORAGE,ENERGY STORAGE,-0.20000000298023224,270
2026-09-28T19:00:00Z,GAS,COGENERATION,3825.4921463756923,6122
2026-09-28T19:00:00Z,GAS,COMBINED CYCLE,2937.8729644290606,3974
2026-09-28T19:00:00Z,GAS,GAS FIRED STEAM,587.6802521016863,3078
2026-09-28T19:00:00Z,GAS,SIMPLE CYCLE,113.12771923336719,1014
2026-09-28T19:00:00Z,HYDRO,HYDRO,156.09464943859314,896
2026-09-28T19:00:00Z,OTHER,BIOMASS,67.1066654551526,195
2026-09-28T19:00:00Z,OTHER,COMPOSITE,0,20
2026-09-28T19:00:00Z,OTHER,GAS,2,10
2026-09-28T19:00:00Z,OTHER,GAS COGEN,11.416666295793322,58
2026-09-28T19:00:00Z,OTHER,OIL/GAS,45.28001065360175,53
2026-09-28T19:00:00Z,OTHER,WOOD/REFUSE,80.40010519795948,149
2026-09-28T19:00:00Z,SOLAR,SOLAR,1388.0582903638813,1892
2026-09-28T19:00:00Z,WIND,WIND,1348.3836071796136,5684
2026-09-28T20:00:00Z,ENERGY STORAGE,ENERGY STORAGE,-0.20000000298023224,270
2026-09-28T20:00:00Z,GAS,COGENERATION,3803.499541708893,6122
2026-09-28T20:00:00Z,GAS,COMBINED CYCLE,2860.829206896623,3974
2026-09-28T20:00:00Z,GAS,GAS FIRED STEAM,479.6196731705136,3078
2026-09-28T20:00:00Z,GAS,SIMPLE CYCLE,111.2252204066515,1014
2026-09-28T20:00:00Z,HYDRO,HYDRO,218.79313603096537,896
2026-09-28T20:00:00Z,OTHER,BIOMASS,67.19710968183146,195
2026-09-28T20:00:00Z,OTHER,COMPOSITE,0,20
2026-09-28T20:00:00Z,OTHER,GAS,2,10
2026-09-28T20:00:00Z,OTHER,GAS COGEN,11.247499521573385,58
2026-09-28T20:00:00Z,OTHER,OIL/GAS,45.158710920545786,53
2026-09-28T20:00:00Z,OTHER,WOOD/REFUSE,85.77803598801295,149
2026-09-28T20:00:00Z,SOLAR,SOLAR,1460.8029380845196,1892
2026-09-28T20:00:00Z,WIND,WIND,1552.9020613824825,5684
2026-09-28T21:00:00Z,ENERGY STORAGE,ENERGY STORAGE,-0.20000000298023224,270
2026-09-28T21:00:00Z,GAS,COGENERATION,3791.987462662326,6122
2026-09-28T21:00:00Z,GAS,COMBINED CYCLE,2891.5073938364453,3974
2026-09-28T21:00:00Z,GAS,GAS FIRED STEAM,463.99098510636225,3078
2026-09-28T21:00:00Z,GAS,SIMPLE CYCLE,110.62805401583513,1014
2026-09-28T21:00:00Z,HYDRO,HYDRO,184.7754998624987,896
2026-09-28T21:00:00Z,OTHER,BIOMASS,64.80233194642597,195
2026-09-28T21:00:00Z,OTHER,COMPOSITE,0,20
2026-09-28T21:00:00Z,OTHER,GAS,2,10
2026-09-28T21:00:00Z,OTHER,GAS COGEN,11.152666127946642,58
2026-09-28T21:00:00Z,OTHER,OIL/GAS,45.23742143419054,53
2026-09-28T21:00:00Z,OTHER,WOOD/REFUSE,85.79191433111826,149
2026-09-28T21:00:00Z,SOLAR,SOLAR,1491.5551055399908,1892
2026-09-28T21:00:00Z,WIND,WIND,1627.6861122634468,5684
2026-09-28T22:00:00Z,ENERGY STORAGE,ENERGY STORAGE,-0.20000000298023224,270
2026-09-28T22:00:00Z,GAS,COGENERATION,3754.8148383210764,6122
2026-09-28T22:00:00Z,GAS,COMBINED CYCLE,2811.1573118911847,3974
2026-09-28T22:00:00Z,GAS,GAS FIRED STEAM,384.7773770025041,3078
2026-09-28T22:00:00Z,GAS,SIMPLE CYCLE,110.7579425809284,1014
2026-09-28T22:00:00Z,HYDRO,HYDRO,162.64490884116952,896
2026-09-28T22:00:00Z,OTHER,BIOMASS,65.4285542033116,195
2026-09-28T22:00:00Z,OTHER,COMPOSITE,0,20
2026-09-28T22:00:00Z,OTHER,GAS,2,10
2026-09-28T22:00:00Z,OTHER,GAS COGEN,11.118832773102657,58
2026-09-28T22:00:00Z,OTHER,OIL/GAS,45.382276083628334,53
2026-09-28T22:00:00Z,OTHER,WOOD/REFUSE,85.67836517731348,149
2026-09-28T22:00:00Z,SOLAR,SOLAR,1452.4438393222624,1892
2026-09-28T22:00:00Z,WIND,WIND,1981.2937824254814,5684
2026-09-28T23:00:00Z,ENERGY STORAGE,ENERGY STORAGE,-0.16350000243633986,270
2026-09-28T23:00:00Z,GAS,COGENERATION,3780.825984070367,6122
2026-09-28T23:00:00Z,GAS,COMBINED CYCLE,2882.923876614703,3974
2026-09-28T23:00:00Z,GAS,GAS FIRED STEAM,475.94984169748096,3078
2026-09-28T23:00:00Z,GAS,SIMPLE CYCLE,111.85044296258026,1014
2026-09-28T23:00:00Z,HYDRO,HYDRO,253.82680629584524,896
2026-09-28T23:00:00Z,OTHER,BIOMASS,64.68994311134021,195
2026-09-28T23:00:00Z,OTHER,COMPOSITE,0,20
2026-09-28T23:00:00Z,OTHER,GAS,2,10
2026-09-28T23:00:00Z,OTHER,GAS COGEN,11.269166202015349,58
2026-09-28T23:00:00Z,OTHER,OIL/GAS,45.65336537467109,53
2026-09-28T23:00:00Z,OTHER,WOOD/REFUSE,86.13988643858168,149
2026-09-28T23:00:00Z,SOLAR,SOLAR,1006.436776280072,1892
2026-09-28T23:00:00Z,WIND,WIND,2243.295076773713,5684
2026-09-29T00:00:00Z,ENERGY STORAGE,ENERGY STORAGE,7.299222104648749,270
2026-09-29T00:00:00Z,GAS,COGENERATION,3814.8884777882363,6122
2026-09-29T00:00:00Z,GAS,COMBINED CYCLE,2927.878447711733,3974
2026-09-29T00:00:00Z,GAS,GAS FIRED STEAM,933.9052014721765,3078
2026-09-29T00:00:00Z,GAS,SIMPLE CYCLE,201.8491925000358,1014
2026-09-29T00:00:00Z,HYDRO,HYDRO,278.0938796367082,896
2026-09-29T00:00:00Z,OTHER,BIOMASS,65.77088743282688,195
2026-09-29T00:00:00Z,OTHER,COMPOSITE,0,20
2026-09-29T00:00:00Z,OTHER,GAS,2.0483332872390747,10
2026-09-29T00:00:00Z,OTHER,GAS COGEN,11.521666362550524,58
2026-09-29T00:00:00Z,OTHER,OIL/GAS,45.31707137001885,53
2026-09-29T00:00:00Z,OTHER,WOOD/REFUSE,89.02869210773045,149
2026-09-29T00:00:00Z,SOLAR,SOLAR,215.92330138038844,1892
2026-09-29T00:00:00Z,WIND,WIND,2329.6291234411756,5684
2026-09-29T01:00:00Z,ENERGY STORAGE,ENERGY STORAGE,0.10000000149011612,270
2026-09-29T01:00:00Z,GAS,COGENERATION,3830.7103285951084,6122
2026-09-29T01:00:00Z,GAS,COMBINED CYCLE,2891.7336555549837,3974
2026-09-29T01:00:00Z,GAS,GAS FIRED STEAM,830.5202007293701,3078
2026-09-29T01:00:00Z,GAS,SIMPLE CYCLE,144.98785065096286,1014
2026-09-29T01:00:00Z,HYDRO,HYDRO,146.23024664867256,896
2026-09-29T01:00:00Z,OTHER,BIOMASS,71.23833155398567,195
2026-09-29T01:00:00Z,OTHER,COMPOSITE,0,20
2026-09-29T01:00:00Z,OTHER,GAS,2.0999999046325684,10
2026-09-29T01:00:00Z,OTHER,GAS COGEN,11.699999809265137,58
2026-09-29T01:00:00Z,OTHER,OIL/GAS,45.35888829337226,53
2026-09-29T01:00:00Z,OTHER,WOOD/REFUSE,87.51526571008894,149
2026-09-29T01:00:00Z,SOLAR,SOLAR,0.9496666714549065,1892
2026-09-29T01:00:00Z,WIND,WIND,2808.228052730138,5684
2026-09-29T02:00:00Z,ENERGY STORAGE,ENERGY STORAGE,0.10000000149011612,270
2026-09-29T02:00:00Z,GAS,COGENERATION,3787.061725165579,6122
2026-09-29T02:00:00Z,GAS,COMBINED CYCLE,2852.370777738889,3974
2026-09-29T02:00:00Z,GAS,GAS FIRED STEAM,435.7851073445214,3078
2026-09-29T02:00:00Z,GAS,SIMPLE CYCLE,112.21392359601126,1014
2026-09-29T02:00:00Z,HYDRO,HYDRO,147.85565028522578,896
2026-09-29T02:00:00Z,OTHER,BIOMASS,65.4781099977096,195
2026-09-29T02:00:00Z,OTHER,COMPOSITE,0,20
2026-09-29T02:00:00Z,OTHER,GAS,2.0999999046325684,10
2026-09-29T02:00:00Z,OTHER,GAS COGEN,11.742499836285909,58
2026-09-29T02:00:00Z,OTHER,OIL/GAS,45.28024877124363,53
2026-09-29T02:00:00Z,OTHER,WOOD/REFUSE,83.73041803995768,149
2026-09-29T02:00:00Z,SOLAR,SOLAR,0.30000000447034836,1892
2026-09-29T02:00:00Z,WIND,WIND,3357.9546714593635,5684
2026-09-29T03:00:00Z,ENERGY STORAGE,ENERGY STORAGE,0.10000000149011612,270
2026-09-29T03:00:00Z,GAS,COGENERATION,3675.707423164447,6122
2026-09-29T03:00:00Z,GAS,COMBINED CYCLE,2569.4442393555905,3974
2026-09-29T03:00:00Z,GAS,GAS FIRED STEAM,330.4327580398983,3078
2026-09-29T03:00:00Z,GAS,SIMPLE CYCLE,110.39538707097371,1014
2026-09-29T03:00:00Z,HYDRO,HYDRO,155.3373851541761,896
2026-09-29T03:00:00Z,OTHER,BIOMASS,66.72533170138796,195
2026-09-29T03:00:00Z,OTHER,COMPOSITE,0,20
2026-09-29T03:00:00Z,OTHER,GAS,2.0999999046325684,10
2026-09-29T03:00:00Z,OTHER,GAS COGEN,11.70133314344618,58
2026-09-29T03:00:00Z,OTHER,OIL/GAS,44.754803869459366,53
2026-09-29T03:00:00Z,OTHER,WOOD/REFUSE,83.94802241033979,149
2026-09-29T03:00:00Z,SOLAR,SOLAR,0.30000000447034836,1892
2026-09-29T03:00:00Z,WIND,WIND,3683.2763288912342,5684
2026-09-29T04:00:00Z,ENERGY STORAGE,ENERGY STORAGE,-2.6226110727008844,270
2026-09-29T04:00:00Z,GAS,COGENERATION,3681.948327807784,6122
2026-09-29T04:00:00Z,GAS,COMBINED CYCLE,2277.153776794937,3974
2026-09-29T04:00:00Z,GAS,GAS FIRED STEAM,330.3889924187131,3078
2026-09-29T04:00:00Z,GAS,SIMPLE CYCLE,110.30549890200297,1014
2026-09-29T04:00:00Z,HYDRO,HYDRO,170.72211154392198,896
2026-09-29T04:00:00Z,OTHER,BIOMASS,66.69338693494598,195
2026-09-29T04:00:00Z,OTHER,COMPOSITE,0,20
2026-09-29T04:00:00Z,OTHER,GAS,2.0999999046325684,10
2026-09-29T04:00:00Z,OTHER,GAS COGEN,11.787166531350875,58
2026-09-29T04:00:00Z,OTHER,OIL/GAS,45.00318792766995,53
2026-09-29T04:00:00Z,OTHER,WOOD/REFUSE,83.90257258454959,149
2026-09-29T04:00:00Z,SOLAR,SOLAR,0.30000000447034836,1892
2026-09-29T04:00:00Z,WIND,WIND,3716.8156581047842,5684
2026-09-29T05:00:00Z,ENERGY STORAGE,ENERGY STORAGE,-21.98872157121698,270
2026-09-29T05:00:00Z,GAS,COGENERATION,3676.8753552060657,6122
2026-09-29T05:00:00Z,GAS,COMBINED CYCLE,2275.3973583508864,3974
2026-09-29T05:00:00Z,GAS,GAS FIRED STEAM,275.4616656853093,3078
2026-09-29T05:00:00Z,GAS,SIMPLE CYCLE,110.30372012032403,1014
2026-09-29T05:00:00Z,HYDRO,HYDRO,145.359616990553,896
2026-09-29T05:00:00Z,OTHER,BIOMASS,68.02349801778793,195
2026-09-29T05:00:00Z,OTHER,COMPOSITE,0,20
2026-09-29T05:00:00Z,OTHER,GAS,2.0999999046325684,10
2026-09-29T05:00:00Z,OTHER,GAS COGEN,11.928333287768892,58
2026-09-29T05:00:00Z,OTHER,OIL/GAS,45.12233210881551,53
2026-09-29T05:00:00Z,OTHER,WOOD/REFUSE,83.84065369606019,149
2026-09-29T05:00:00Z,SOLAR,SOLAR,0.30000000447034836,1892
2026-09-29T05:00:00Z,WIND,WIND,3779.213302708268,5684
2026-09-29T06:00:00Z,ENERGY STORAGE,ENERGY STORAGE,-79.41039020187326,270
2026-09-29T06:00:00Z,GAS,COGENERATION,3665.5244448367753,6122
2026-09-29T06:00:00Z,GAS,COMBINED CYCLE,2071.656474019289,3974
2026-09-29T06:00:00Z,GAS,GAS FIRED STEAM,266.68438962194654,3078
2026-09-29T06:00:00Z,GAS,SIMPLE CYCLE,110.28449797206454,1014
2026-09-29T06:00:00Z,HYDRO,HYDRO,132.854774064521,896
2026-09-29T06:00:00Z,OTHER,BIOMASS,68.29266460928652,195
2026-09-29T06:00:00Z,OTHER,COMPOSITE,0,20
2026-09-29T06:00:00Z,OTHER,GAS,2.0999999046325684,10
2026-09-29T06:00:00Z,OTHER,GAS COGEN,11.75405542479621,58
2026-09-29T06:00:00Z,OTHER,OIL/GAS,45.47227165857951,53
2026-09-29T06:00:00Z,OTHER,WOOD/REFUSE,84.22318845258818,149
2026-09-29T06:00:00Z,SOLAR,SOLAR,0.9360409179329872,1892
2026-09-29T06:00:00Z,WIND,WIND,3882.9392044554816,5684
2026-09-29T07:00:00Z,ENERGY STORAGE,ENERGY STORAGE,-53.13011227150758,270
2026-09-29T07:00:00Z,GAS,COGENERATION,3671.267227840953,6122
2026-09-29T07:00:00Z,GAS,COMBINED CYCLE,1927.0510715990597,3974
2026-09-29T07:00:00Z,GAS,GAS FIRED STEAM,266.45231652047903,3078
2026-09-29T07:00:00Z,GAS,SIMPLE CYCLE,110.29733139461942,1014
2026-09-29T07:00:00Z,HYDRO,HYDRO,140.19501657863458,896
2026-09-29T07:00:00Z,OTHER,BIOMASS,69.07477578288979,195
2026-09-29T07:00:00Z,OTHER,COMPOSITE,0,20
2026-09-29T07:00:00Z,OTHER,GAS,2.0999999046325684,10
2026-09-29T07:00:00Z,OTHER,GAS COGEN,11.849333392779032,58
2026-09-29T07:00:00Z,OTHER,OIL/GAS,44.99549903869629,53
2026-09-29T07:00:00Z,OTHER,WOOD/REFUSE,84.11548933757676,149
2026-09-29T07:00:00Z,SOLAR,SOLAR,0.6532699419061343,1892
2026-09-29T07:00:00Z,WIND,WIND,3865.3161809841463,5684
2026-09-29T08:00:00Z,ENERGY STORAGE,ENERGY STORAGE,-1.0269444902655154,270
2026-09-29T08:00:00Z,GAS,COGENERATION,3675.5633791287078,6122
2026-09-29T08:00:00Z,GAS,COMBINED CYCLE,1971.0460026571486,3974
2026-09-29T08:00:00Z,GAS,GAS FIRED STEAM,266.5618866634369,3078
2026-09-29T08:00:00Z,GAS,SIMPLE CYCLE,110.547942349116,1014
2026-09-29T08:00:00Z,HYDRO,HYDRO,159.8514901076423,896
2026-09-29T08:00:00Z,OTHER,BIOMASS,68.54888711594873,195
2026-09-29T08:00:00Z,OTHER,COMPOSITE,0,20
2026-09-29T08:00:00Z,OTHER,GAS,2.0999999046325684,10
2026-09-29T08:00:00Z,OTHER,GAS COGEN,11.675000111262005,58
2026-09-29T08:00:00Z,OTHER,OIL/GAS,43.58541058858235,53
2026-09-29T08:00:00Z,OTHER,WOOD/REFUSE,84.73950786683295,149
2026-09-29T08:00:00Z,SOLAR,SOLAR,0.30000000447034836,1892
2026-09-29T08:00:00Z,WIND,WIND,3681.3320720945467,5684
2026-09-29T09:00:00Z,ENERGY STORAGE,ENERGY STORAGE,-2.5540554882834354,270
2026-09-29T09:00:00Z,GAS,COGENERATION,3679.0822164914343,6122
2026-09-29T09:00:00Z,GAS,COMBINED CYCLE,2073.1643045865167,3974
2026-09-29T09:00:00Z,GAS,GAS FIRED STEAM,266.46988510873587,3078
2026-09-29T09:00:00Z,GAS,SIMPLE CYCLE,110.44166465017531,1014
2026-09-29T09:00:00Z,HYDRO,HYDRO,134.33897748278247,896
2026-09-29T09:00:00Z,OTHER,BIOMASS,66.67077593907715,195
2026-09-29T09:00:00Z,OTHER,COMPOSITE,0,20
2026-09-29T09:00:00Z,OTHER,GAS,2.0999999046325684,10
2026-09-29T09:00:00Z,OTHER,GAS COGEN,11.947166483137345,58
2026-09-29T09:00:00Z,OTHER,OIL/GAS,42.3036659389072,53
2026-09-29T09:00:00Z,OTHER,WOOD/REFUSE,84.30791492342948,149
2026-09-29T09:00:00Z,SOLAR,SOLAR,0.30000000447034836,1892
2026-09-29T09:00:00Z,WIND,WIND,3525.422547514505,5684
2026-09-29T10:00:00Z,ENERGY STORAGE,ENERGY STORAGE,-0.4999999701976776,270
2026-09-29T10:00:00Z,GAS,COGENERATION,3659.0690492187605,6122
2026-09-29T10:00:00Z,GAS,COMBINED CYCLE,1866.796964246134,3974
2026-09-29T10:00:00Z,GAS,GAS FIRED STEAM,266.66520155906676,3078
2026-09-29T10:00:00Z,GAS,SIMPLE CYCLE,110.55933195326064,1014
2026-09-29T10:00:00Z,HYDRO,HYDRO,124.00891159882148,896
2026-09-29T10:00:00Z,OTHER,BIOMASS,67.4332761860225,195
2026-09-29T10:00:00Z,OTHER,COMPOSITE,0,20
2026-09-29T10:00:00Z,OTHER,GAS,2.0999999046325684,10
2026-09-29T10:00:00Z,OTHER,GAS COGEN,11.945999819437665,58
2026-09-29T10:00:00Z,OTHER,OIL/GAS,42.268486957550046,53
2026-09-29T10:00:00Z,OTHER,WOOD/REFUSE,85.00272980478074,149
2026-09-29T10:00:00Z,SOLAR,SOLAR,0.30000000447034836,1892
2026-09-29T10:00:00Z,WIND,WIND,3823.3796433877283,5684
2026-09-29T11:00:00Z,ENERGY STORAGE,ENERGY STORAGE,-0.9259999588794179,270
2026-09-29T11:00:00Z,GAS,COGENERATION,3683.315928008689,6122
2026-09-29T11:00:00Z,GAS,COMBINED CYCLE,2070.522910673486,3974
2026-09-29T11:00:00Z,GAS,GAS FIRED STEAM,266.53990187644956,3078
2026-09-29T11:00:00Z,GAS,SIMPLE CYCLE,110.58572104771932,1014
2026-09-29T11:00:00Z,HYDRO,HYDRO,152.76952070527608,896
2026-09-29T11:00:00Z,OTHER,BIOMASS,65.94955362785194,195
2026-09-29T11:00:00Z,OTHER,COMPOSITE,0,20
2026-09-29T11:00:00Z,OTHER,GAS,2.0999999046325684,10
2026-09-29T11:00:00Z,OTHER,GAS COGEN,11.85716671201918,58
2026-09-29T11:00:00Z,OTHER,OIL/GAS,42.309982227749295,53
2026-09-29T11:00:00Z,OTHER,WOOD/REFUSE,85.08349347803328,149
2026-09-29T11:00:00Z,SOLAR,SOLAR,0.30000000447034836,1892
2026-09-29T11:00:00Z,WIND,WIND,3790.8881620476645,5684
2026-09-29T12:00:00Z,ENERGY STORAGE,ENERGY STORAGE,-2.299999922513962,270
2026-09-29T12:00:00Z,GAS,COGENERATION,3714.1385804947217,6122
2026-09-29T12:00:00Z,GAS,COMBINED CYCLE,2449.4752822825644,3974
2026-09-29T12:00:00Z,GAS,GAS FIRED STEAM,266.44345143530103,3078
2026-09-29T12:00:00Z,GAS,SIMPLE CYCLE,110.7569429842631,1014
2026-09-29T12:00:00Z,HYDRO,HYDRO,164.8813913836082,896
2026-09-29T12:00:00Z,OTHER,BIOMASS,65.81827576686938,195
2026-09-29T12:00:00Z,OTHER,COMPOSITE,0,20
2026-09-29T12:00:00Z,OTHER,GAS,2.0999999046325684,10
2026-09-29T12:00:00Z,OTHER,GAS COGEN,11.76750017007192,58
2026-09-29T12:00:00Z,OTHER,OIL/GAS,42.251543045043945,53
2026-09-29T12:00:00Z,OTHER,WOOD/REFUSE,85.2212423980236,149
2026-09-29T12:00:00Z,SOLAR,SOLAR,0.30000000447034836,1892
2026-09-29T12:00:00Z,WIND,WIND,3815.2945483746216,5684
2026-09-29T13:00:00Z,ENERGY STORAGE,ENERGY STORAGE,-2.299999922513962,270
2026-09-29T13:00:00Z,GAS,COGENERATION,3778.608866242038,6122
2026-09-29T13:00:00Z,GAS,COMBINED CYCLE,2623.223788163397,3974
2026-09-29T13:00:00Z,GAS,GAS FIRED STEAM,280.76282270537484,3078
2026-09-29T13:00:00Z,GAS,SIMPLE CYCLE,110.65622055371603,1014
2026-09-29T13:00:00Z,HYDRO,HYDRO,211.835596195062,896
2026-09-29T13:00:00Z,OTHER,BIOMASS,66.80177611357637,195
2026-09-29T13:00:00Z,OTHER,COMPOSITE,0,20
2026-09-29T13:00:00Z,OTHER,GAS,2.0999999046325684,10
2026-09-29T13:00:00Z,OTHER,GAS COGEN,11.813610718515184,58
2026-09-29T13:00:00Z,OTHER,OIL/GAS,41.98649356842041,53
2026-09-29T13:00:00Z,OTHER,WOOD/REFUSE,81.42168895721436,149
2026-09-29T13:00:00Z,SOLAR,SOLAR,5.280055504192909,1892
2026-09-29T13:00:00Z,WIND,WIND,3906.2172855945428,5684
2026-09-29T14:00:00Z,ENERGY STORAGE,ENERGY STORAGE,-2.299999922513962,270
2026-09-29T14:00:00Z,GAS,COGENERATION,3809.635341805882,6122
2026-09-29T14:00:00Z,GAS,COMBINED CYCLE,2608.7466098611885,3974
2026-09-29T14:00:00Z,GAS,GAS FIRED STEAM,283.6592284331057,3078
2026-09-29T14:00:00Z,GAS,SIMPLE CYCLE,143.30994222920802,1014
2026-09-29T14:00:00Z,HYDRO,HYDRO,142.1943589527574,896
2026-09-29T14:00:00Z,OTHER,BIOMASS,65.73910923999217,195
2026-09-29T14:00:00Z,OTHER,COMPOSITE,0,20
2026-09-29T14:00:00Z,OTHER,GAS,2.0999999046325684,10
2026-09-29T14:00:00Z,OTHER,GAS COGEN,11.787999547322592,58
2026-09-29T14:00:00Z,OTHER,OIL/GAS,41.658504753112794,53
2026-09-29T14:00:00Z,OTHER,WOOD/REFUSE,78.20381232327885,149
2026-09-29T14:00:00Z,SOLAR,SOLAR,94.91843984392368,1892
2026-09-29T14:00:00Z,WIND,WIND,3921.695230109137,5684
2026-09-29T15:00:00Z,ENERGY STORAGE,ENERGY STORAGE,-2.299999922513962,270
2026-09-29T15:00:00Z,GAS,COGENERATION,3855.3645583919683,6122
2026-09-29T15:00:00Z,GAS,COMBINED CYCLE,2660.6240121379165,3974
2026-09-29T15:00:00Z,GAS,GAS FIRED STEAM,307.49549190945095,3078
2026-09-29T15:00:00Z,GAS,SIMPLE CYCLE,154.93466432677374,1014
2026-09-29T15:00:00Z,HYDRO,HYDRO,218.36523335284656,896
2026-09-29T15:00:00Z,OTHER,BIOMASS,64.56894271620446,195
2026-09-29T15:00:00Z,OTHER,COMPOSITE,0,20
2026-09-29T15:00:00Z,OTHER,GAS,2.0999999046325684,10
2026-09-29T15:00:00Z,OTHER,GAS COGEN,11.63349947558509,58
2026-09-29T15:00:00Z,OTHER,OIL/GAS,41.69764931148953,53
2026-09-29T15:00:00Z,OTHER,WOOD/REFUSE,77.21973211831516,149
2026-09-29T15:00:00Z,SOLAR,SOLAR,251.56994324078164,1892
2026-09-29T15:00:00Z,WIND,WIND,3598.003961227205,5684
2026-09-29T16:00:00Z,ENERGY STORAGE,ENERGY STORAGE,-2.296166589409113,270
2026-09-29T16:00:00Z,GAS,COGENERATION,3893.205375136203,6122
2026-09-29T16:00:00Z,GAS,COMBINED CYCLE,2765.9745727317863,3974
2026-09-29T16:00:00Z,GAS,GAS FIRED STEAM,377.5720468182034,3078
2026-09-29T16:00:00Z,GAS,SIMPLE CYCLE,154.5327190589905,1014
2026-09-29T16:00:00Z,HYDRO,HYDRO,169.2439296664132,896
2026-09-29T16:00:00Z,OTHER,BIOMASS,67.03516437975897,195
2026-09-29T16:00:00Z,OTHER,COMPOSITE,0,20
2026-09-29T16:00:00Z,OTHER,GAS,2.0353332996368407,10
2026-09-29T16:00:00Z,OTHER,GAS COGEN,11.578499539163378,58
2026-09-29T16:00:00Z,OTHER,OIL/GAS,41.92498765097724,53
2026-09-29T16:00:00Z,OTHER,WOOD/REFUSE,76.69821698798074,149
2026-09-29T16:00:00Z,SOLAR,SOLAR,490.897329597705,1892
2026-09-29T16:00:00Z,WIND,WIND,3126.295054088384,5684
2026-09-29T17:00:00Z,ENERGY STORAGE,ENERGY STORAGE,-1.7999999523162842,270
2026-09-29T17:00:00Z,GAS,COGENERATION,3903.7385950597127,6122
2026-09-29T17:00:00Z,GAS,COMBINED CYCLE,2744.8838422033523,3974
2026-09-29T17:00:00Z,GAS,GAS FIRED STEAM,388.06478034973145,3078
2026-09-29T17:00:00Z,GAS,SIMPLE CYCLE,154.17466454717848,1014
2026-09-29T17:00:00Z,HYDRO,HYDRO,135.07147871187163,896
2026-09-29T17:00:00Z,OTHER,BIOMASS,64.67577625612418,195
2026-09-29T17:00:00Z,OTHER,COMPOSITE,0,20
2026-09-29T17:00:00Z,OTHER,GAS,2,10
2026-09-29T17:00:00Z,OTHER,GAS COGEN,11.34950012948778,58
2026-09-29T17:00:00Z,OTHER,OIL/GAS,41.98276027467516,53
2026-09-29T17:00:00Z,OTHER,WOOD/REFUSE,75.90311457859146,149
2026-09-29T17:00:00Z,SOLAR,SOLAR,669.4601721254653,1892
2026-09-29T17:00:00Z,WIND,WIND,3052.2239048603838,5684
2026-09-29T18:00:00Z,ENERGY STORAGE,ENERGY STORAGE,-1.7999999523162842,270
2026-09-29T18:00:00Z,GAS,COGENERATION,3825.172841357125,6122
2026-09-29T18:00:00Z,GAS,COMBINED CYCLE,2607.5471127928627,3974
2026-09-29T18:00:00Z,GAS,GAS FIRED STEAM,305.8436102803548,3078
2026-09-29T18:00:00Z,GAS,SIMPLE CYCLE,154.05427478896246,1014
2026-09-29T18:00:00Z,HYDRO,HYDRO,163.87532908633352,896
2026-09-29T18:00:00Z,OTHER,BIOMASS,66.36499828870099,195
2026-09-29T18:00:00Z,OTHER,COMPOSITE,0,20
2026-09-29T18:00:00Z,OTHER,GAS,2,10
2026-09-29T18:00:00Z,OTHER,GAS COGEN,11.300000190734863,58
2026-09-29T18:00:00Z,OTHER,OIL/GAS,41.80798190858629,53
2026-09-29T18:00:00Z,OTHER,WOOD/REFUSE,76.09966949224471,149
2026-09-29T18:00:00Z,SOLAR,SOLAR,801.6788384608759,1892
2026-09-29T18:00:00Z,WIND,WIND,3224.4955685008235,5684
2026-09-29T19:00:00Z,ENERGY STORAGE,ENERGY STORAGE,-1.7764443911446466,270
2026-09-29T19:00:00Z,GAS,COGENERATION,3704.9728123187356,6122
2026-09-29T19:00:00Z,GAS,COMBINED CYCLE,2450.5930809949505,3974
2026-09-29T19:00:00Z,GAS,GAS FIRED STEAM,267.56924632602266,3078
2026-09-29T19:00:00Z,GAS,SIMPLE CYCLE,154.65260864787632,1014
2026-09-29T19:00:00Z,HYDRO,HYDRO,180.93877095745668,896
2026-09-29T19:00:00Z,OTHER,BIOMASS,70.28010967940092,195
2026-09-29T19:00:00Z,OTHER,COMPOSITE,0,20
2026-09-29T19:00:00Z,OTHER,GAS,2,10
2026-09-29T19:00:00Z,OTHER,GAS COGEN,11.29500018755595,58
2026-09-29T19:00:00Z,OTHER,OIL/GAS,41.89762169731988,53
2026-09-29T19:00:00Z,OTHER,WOOD/REFUSE,75.99040394849249,149
2026-09-29T19:00:00Z,SOLAR,SOLAR,860.5046679222584,1892
2026-09-29T19:00:00Z,WIND,WIND,3461.6205304135215,5684
2026-09-29T20:00:00Z,ENERGY STORAGE,ENERGY STORAGE,-1.6999999284744265,270
2026-09-29T20:00:00Z,GAS,COGENERATION,3712.363064493537,6122
2026-09-29T20:00:00Z,GAS,COMBINED CYCLE,2251.5333070276843,3974
2026-09-29T20:00:00Z,GAS,GAS FIRED STEAM,267.4649807400174,3078
2026-09-29T20:00:00Z,GAS,SIMPLE CYCLE,154.98983110004002,1014
2026-09-29T20:00:00Z,HYDRO,HYDRO,162.17299812515577,896
2026-09-29T20:00:00Z,OTHER,BIOMASS,70.63294272407889,195
2026-09-29T20:00:00Z,OTHER,COMPOSITE,0,20
2026-09-29T20:00:00Z,OTHER,GAS,2,10
2026-09-29T20:00:00Z,OTHER,GAS COGEN,11.22194442537096,58
2026-09-29T20:00:00Z,OTHER,OIL/GAS,42.75423228369819,53
2026-09-29T20:00:00Z,OTHER,WOOD/REFUSE,77.04845840361384,149
2026-09-29T20:00:00Z,SOLAR,SOLAR,1033.3851754889886,1892
2026-09-29T20:00:00Z,WIND,WIND,3599.7212228722706,5684
2026-09-29T21:00:00Z,ENERGY STORAGE,ENERGY STORAGE,-1.6999999284744265,270
2026-09-29T21:00:00Z,GAS,COGENERATION,3728.5469409020743,6122
2026-09-29T21:00:00Z,GAS,COMBINED CYCLE,2116.768604973687,3974
2026-09-29T21:00:00Z,GAS,GAS FIRED STEAM,266.4788427792655,3078
2026-09-29T21:00:00Z,GAS,SIMPLE CYCLE,162.87246918828123,1014
2026-09-29T21:00:00Z,HYDRO,HYDRO,200.11482313540247,896
2026-09-29T21:00:00Z,OTHER,BIOMASS,72.97555415239599,195
2026-09-29T21:00:00Z,OTHER,COMPOSITE,0,20
2026-09-29T21:00:00Z,OTHER,GAS,2,10
2026-09-29T21:00:00Z,OTHER,GAS COGEN,11.186944167349074,58
2026-09-29T21:00:00Z,OTHER,OIL/GAS,42.184938445621064,53
2026-09-29T21:00:00Z,OTHER,WOOD/REFUSE,77.42375320076943,149
2026-09-29T21:00:00Z,SOLAR,SOLAR,921.4701507898171,1892
2026-09-29T21:00:00Z,WIND,WIND,3744.262385468483,5684
2026-09-29T22:00:00Z,ENERGY STORAGE,ENERGY STORAGE,-1.6999999284744265,270
2026-09-29T22:00:00Z,GAS,COGENERATION,3775.973460258378,6122
2026-09-29T22:00:00Z,GAS,COMBINED CYCLE,2364.1529634078342,3974
2026-09-29T22:00:00Z,GAS,GAS FIRED STEAM,264.6475432978736,3078
2026-09-29T22:00:00Z,GAS,SIMPLE CYCLE,158.0087750976036,1014
2026-09-29T22:00:00Z,HYDRO,HYDRO,187.46072565696306,896
2026-09-29T22:00:00Z,OTHER,BIOMASS,75.18166535533138,195
2026-09-29T22:00:00Z,OTHER,COMPOSITE,0,20
2026-09-29T22:00:00Z,OTHER,GAS,2,10
2026-09-29T22:00:00Z,OTHER,GAS COGEN,12.164666453467476,58
2026-09-29T22:00:00Z,OTHER,OIL/GAS,42.25559314515856,53
2026-09-29T22:00:00Z,OTHER,WOOD/REFUSE,78.09420744154188,149
2026-09-29T22:00:00Z,SOLAR,SOLAR,907.0878592895467,1892
2026-09-29T22:00:00Z,WIND,WIND,3557.0897000091272,5684
2026-09-29T23:00:00Z,ENERGY STORAGE,ENERGY STORAGE,-1.6999999284744265,270
2026-09-29T23:00:00Z,GAS,COGENERATION,3814.9134863914383,6122
2026-09-29T23:00:00Z,GAS,COMBINED CYCLE,2412.327338985337,3974
2026-09-29T23:00:00Z,GAS,GAS FIRED STEAM,268.52925703790453,3078
2026-09-29T23:00:00Z,GAS,SIMPLE CYCLE,157.77055302443603,1014
2026-09-29T23:00:00Z,HYDRO,HYDRO,238.3853622575932,896
2026-09-29T23:00:00Z,OTHER,BIOMASS,74.037332002504,195
2026-09-29T23:00:00Z,OTHER,COMPOSITE,0,20
2026-09-29T23:00:00Z,OTHER,GAS,2,10
2026-09-29T23:00:00Z,OTHER,GAS COGEN,12.199999809265137,58
2026-09-29T23:00:00Z,OTHER,OIL/GAS,41.76158267762926,53
2026-09-29T23:00:00Z,OTHER,WOOD/REFUSE,77.55342699739668,149
2026-09-29T23:00:00Z,SOLAR,SOLAR,829.518270439191,1892
2026-09-29T23:00:00Z,WIND,WIND,3244.814722282125,5684
2026-09-30T00:00:00Z,ENERGY STORAGE,ENERGY STORAGE,-1.6999999284744265,270
2026-09-30T00:00:00Z,GAS,COGENERATION,3940.310658249855,6122
2026-09-30T00:00:00Z,GAS,COMBINED CYCLE,2724.213249694109,3974
2026-09-30T00:00:00Z,GAS,GAS FIRED STEAM,330.003961971071,3078
2026-09-30T00:00:00Z,GAS,SIMPLE CYCLE,167.22038535171086,1014
2026-09-30T00:00:00Z,HYDRO,HYDRO,240.52214220382274,896
2026-09-30T00:00:00Z,OTHER,BIOMASS,76.68122031225099,195
2026-09-30T00:00:00Z,OTHER,COMPOSITE,0,20
2026-09-30T00:00:00Z,OTHER,GAS,2,10
2026-09-30T00:00:00Z,OTHER,GAS COGEN,12.407833274735344,58
2026-09-30T00:00:00Z,OTHER,OIL/GAS,41.95285394668579,53
2026-09-30T00:00:00Z,OTHER,WOOD/REFUSE,77.55819819278187,149
2026-09-30T00:00:00Z,SOLAR,SOLAR,177.27014833951577,1892
2026-09-30T00:00:00Z,WIND,WIND,2939.158190893763,5684
2026-09-30T01:00:00Z,ENERGY STORAGE,ENERGY STORAGE,-0.7424444124433729,270
2026-09-30T01:00:00Z,GAS,COGENERATION,3932.8923520512053,6122
2026-09-30T01:00:00Z,GAS,COMBINED CYCLE,2946.8835260921055,3974
2026-09-30T01:00:00Z,GAS,GAS FIRED STEAM,485.92589673890006,3078
2026-09-30T01:00:00Z,GAS,SIMPLE CYCLE,158.5160519960357,1014
2026-09-30T01:00:00Z,HYDRO,HYDRO,244.11551690313553,896
2026-09-30T01:00:00Z,OTHER,BIOMASS,79.58266472452216,195
2026-09-30T01:00:00Z,OTHER,COMPOSITE,0,20
2026-09-30T01:00:00Z,OTHER,GAS,2,10
2026-09-30T01:00:00Z,OTHER,GAS COGEN,12.66366677072313,58
2026-09-30T01:00:00Z,OTHER,OIL/GAS,41.98658296797011,53
2026-09-30T01:00:00Z,OTHER,WOOD/REFUSE,82.24350631448958,149
2026-09-30T01:00:00Z,SOLAR,SOLAR,0.7172222229631411,1892
2026-09-30T01:00:00Z,WIND,WIND,2752.845021287501,5684
2026-09-30T02:00:00Z,ENERGY STORAGE,ENERGY STORAGE,-0.09999999403953552,270
2026-09-30T02:00:00Z,GAS,COGENERATION,3945.5689588226214,6122
2026-09-30T02:00:00Z,GAS,COMBINED CYCLE,2990.0861624262066,3974
2026-09-30T02:00:00Z,GAS,GAS FIRED STEAM,627.905361731847,3078
2026-09-30T02:00:00Z,GAS,SIMPLE CYCLE,137.11194170885616,1014
2026-09-30T02:00:00Z,HYDRO,HYDRO,170.1184238339464,896
2026-09-30T02:00:00Z,OTHER,BIOMASS,79.73677547805839,195
2026-09-30T02:00:00Z,OTHER,COMPOSITE,0,20
2026-09-30T02:00:00Z,OTHER,GAS,2,10
2026-09-30T02:00:00Z,OTHER,GAS COGEN,12.940833043522304,58
2026-09-30T02:00:00Z,OTHER,OIL/GAS,42.10233704884847,53
2026-09-30T02:00:00Z,OTHER,WOOD/REFUSE,84.62548369129499,149
2026-09-30T02:00:00Z,SOLAR,SOLAR,0.10000000149011612,1892
2026-09-30T02:00:00Z,WIND,WIND,2589.0535721174215,5684
2026-09-30T03:00:00Z,ENERGY STORAGE,ENERGY STORAGE,-0.09949999406933785,270
2026-09-30T03:00:00Z,GAS,COGENERATION,3973.043182557821,6122
2026-09-30T03:00:00Z,GAS,COMBINED CYCLE,2959.1776914563443,3974
2026-09-30T03:00:00Z,GAS,GAS FIRED STEAM,521.2782953527238,3078
2026-09-30T03:00:00Z,GAS,SIMPLE CYCLE,110.40188608593411,1014
2026-09-30T03:00:00Z,HYDRO,HYDRO,243.98142992887233,896
2026-09-30T03:00:00Z,OTHER,BIOMASS,80.0587205246422,195
2026-09-30T03:00:00Z,OTHER,COMPOSITE,0,20
2026-09-30T03:00:00Z,OTHER,GAS,2,10
2026-09-30T03:00:00Z,OTHER,GAS COGEN,13.199999809265137,58
2026-09-30T03:00:00Z,OTHER,OIL/GAS,42.42074420928955,53
2026-09-30T03:00:00Z,OTHER,WOOD/REFUSE,82.1856485789352,149
2026-09-30T03:00:00Z,SOLAR,SOLAR,0.10000000149011612,1892
2026-09-30T03:00:00Z,WIND,WIND,2412.6704138523587,5684
2026-09-30T04:00:00Z,ENERGY STORAGE,ENERGY STORAGE,-0.09999999403953552,270
2026-09-30T04:00:00Z,GAS,COGENERATION,4010.9908883579574,6122
2026-09-30T04:00:00Z,GAS,COMBINED CYCLE,2917.9412718256312,3974
2026-09-30T04:00:00Z,GAS,GAS FIRED STEAM,575.956442232132,3078
2026-09-30T04:00:00Z,GAS,SIMPLE CYCLE,144.58449760840998,1014
2026-09-30T04:00:00Z,HYDRO,HYDRO,193.84345751975144,896
2026-09-30T04:00:00Z,OTHER,BIOMASS,80.81455326509145,195
2026-09-30T04:00:00Z,OTHER,COMPOSITE,0,20
2026-09-30T04:00:00Z,OTHER,GAS,2,10
2026-09-30T04:00:00Z,OTHER,GAS COGEN,13.212999817530314,58
2026-09-30T04:00:00Z,OTHER,OIL/GAS,42.21658727222019,53
2026-09-30T04:00:00Z,OTHER,WOOD/REFUSE,82.15978156341447,149
2026-09-30T04:00:00Z,SOLAR,SOLAR,0.10000000149011612,1892
2026-09-30T04:00:00Z,WIND,WIND,2060.0059734071874,5684
2026-09-30T05:00:00Z,ENERGY STORAGE,ENERGY STORAGE,-0.09999999403953552,270
2026-09-30T05:00:00Z,GAS,COGENERATION,4043.7601807320116,6122
2026-09-30T05:00:00Z,GAS,COMBINED CYCLE,2931.5185361656877,3974
2026-09-30T05:00:00Z,GAS,GAS FIRED STEAM,586.3529047107696,3078
2026-09-30T05:00:00Z,GAS,SIMPLE CYCLE,111.7473862557941,1014
2026-09-30T05:00:00Z,HYDRO,HYDRO,133.95077348709106,896
2026-09-30T05:00:00Z,OTHER,BIOMASS,80.41583103787568,195
2026-09-30T05:00:00Z,OTHER,COMPOSITE,0,20
2026-09-30T05:00:00Z,OTHER,GAS,2,10
2026-09-30T05:00:00Z,OTHER,GAS COGEN,13.289333199395074,58
2026-09-30T05:00:00Z,OTHER,OIL/GAS,42.3372320259942,53
2026-09-30T05:00:00Z,OTHER,WOOD/REFUSE,81.45213299512862,149
2026-09-30T05:00:00Z,SOLAR,SOLAR,0.10000000149011612,1892
2026-09-30T05:00:00Z,WIND,WIND,1888.5705878264912,5684
2026-09-30T06:00:00Z,ENERGY STORAGE,ENERGY STORAGE,-2.6833332737618023,270
2026-09-30T06:00:00Z,GAS,COGENERATION,4129.393922502465,6122
2026-09-30T06:00:00Z,GAS,COMBINED CYCLE,2829.9037125649716,3974
2026-09-30T06:00:00Z,GAS,GAS FIRED STEAM,680.0112539725833,3078
2026-09-30T06:00:00Z,GAS,SIMPLE CYCLE,111.36249786141845,1014
2026-09-30T06:00:00Z,HYDRO,HYDRO,160.98184985533356,896
2026-09-30T06:00:00Z,OTHER,BIOMASS,81.3324980490572,195
2026-09-30T06:00:00Z,OTHER,COMPOSITE,0,20
2026-09-30T06:00:00Z,OTHER,GAS,2,10
2026-09-30T06:00:00Z,OTHER,GAS COGEN,13.455999972025554,58
2026-09-30T06:00:00Z,OTHER,OIL/GAS,42.14194949044121,53
2026-09-30T06:00:00Z,OTHER,WOOD/REFUSE,80.36928149223327,149
2026-09-30T06:00:00Z,SOLAR,SOLAR,0.7402283667193519,1892
2026-09-30T06:00:00Z,WIND,WIND,1634.9374732779959,5684
2026-09-30T07:00:00Z,ENERGY STORAGE,ENERGY STORAGE,-11.984110855791304,270
2026-09-30T07:00:00Z,GAS,COGENERATION,4147.422708691756,6122
2026-09-30T07:00:00Z,GAS,COMBINED CYCLE,2834.596178128587,3974
2026-09-30T07:00:00Z,GAS,GAS FIRED STEAM,734.8990725813971,3078
2026-09-30T07:00:00Z,GAS,SIMPLE CYCLE,112.76927552935149,1014
2026-09-30T07:00:00Z,HYDRO,HYDRO,171.69216874453755,896
2026-09-30T07:00:00Z,OTHER,BIOMASS,82.49005373267664,195
2026-09-30T07:00:00Z,OTHER,COMPOSITE,0,20
2026-09-30T07:00:00Z,OTHER,GAS,2,10
2026-09-30T07:00:00Z,OTHER,GAS COGEN,13.46149997552236,58
2026-09-30T07:00:00Z,OTHER,OIL/GAS,42.20877670076158,53
2026-09-30T07:00:00Z,OTHER,WOOD/REFUSE,80.46005273646779,149
2026-09-30T07:00:00Z,SOLAR,SOLAR,0.5735281521247493,1892
2026-09-30T07:00:00Z,WIND,WIND,1340.1888903140236,5684
2026-09-30T08:00:00Z,ENERGY STORAGE,ENERGY STORAGE,-6.440222072866227,270
2026-09-30T08:00:00Z,GAS,COGENERATION,4146.496082527373,6122
2026-09-30T08:00:00Z,GAS,COMBINED CYCLE,2842.708749690188,3974
2026-09-30T08:00:00Z,GAS,GAS FIRED STEAM,968.1359598085616,3078
2026-09-30T08:00:00Z,GAS,SIMPLE CYCLE,124.71416377239757,1014
2026-09-30T08:00:00Z,HYDRO,HYDRO,165.429944027,896
2026-09-30T08:00:00Z,OTHER,BIOMASS,84.50738739260369,195
2026-09-30T08:00:00Z,OTHER,COMPOSITE,0,20
2026-09-30T08:00:00Z,OTHER,GAS,2,10
2026-09-30T08:00:00Z,OTHER,GAS COGEN,13.508166671858891,58
2026-09-30T08:00:00Z,OTHER,OIL/GAS,42.13538310156928,53
2026-09-30T08:00:00Z,OTHER,WOOD/REFUSE,80.72922070741653,149
2026-09-30T08:00:00Z,SOLAR,SOLAR,0.10000000149011612,1892
2026-09-30T08:00:00Z,WIND,WIND,1057.3342477059612,5684
2026-09-30T09:00:00Z,ENERGY STORAGE,ENERGY STORAGE,0,270
2026-09-30T09:00:00Z,GAS,COGENERATION,4152.255671313868,6122
2026-09-30T09:00:00Z,GAS,COMBINED CYCLE,2824.282393385834,3974
2026-09-30T09:00:00Z,GAS,GAS FIRED STEAM,935.4106656530168,3078
2026-09-30T09:00:00Z,GAS,SIMPLE CYCLE,113.4488315329618,1014
2026-09-30T09:00:00Z,HYDRO,HYDRO,152.47957251760695,896
2026-09-30T09:00:00Z,OTHER,BIOMASS,91.06894269095527,195
2026-09-30T09:00:00Z,OTHER,COMPOSITE,0,20
2026-09-30T09:00:00Z,OTHER,GAS,2,10
2026-09-30T09:00:00Z,OTHER,GAS COGEN,13.516166676945156,58
2026-09-30T09:00:00Z,OTHER,OIL/GAS,42.24593259387546,53
2026-09-30T09:00:00Z,OTHER,WOOD/REFUSE,82.12300994369718,149
2026-09-30T09:00:00Z,SOLAR,SOLAR,0.10000000149011612,1892
2026-09-30T09:00:00Z,WIND,WIND,1035.429959999174,5684
2026-09-30T10:00:00Z,ENERGY STORAGE,ENERGY STORAGE,0,270
2026-09-30T10:00:00Z,GAS,COGENERATION,4159.442188302676,6122
2026-09-30T10:00:00Z,GAS,COMBINED CYCLE,2870.8299438191784,3974
2026-09-30T10:00:00Z,GAS,GAS FIRED STEAM,1140.6655453120338,3078
2026-09-30T10:00:00Z,GAS,SIMPLE CYCLE,144.72600999654995,1014
2026-09-30T10:00:00Z,HYDRO,HYDRO,159.68780949407153,896
2026-09-30T10:00:00Z,OTHER,BIOMASS,90.60166501553522,195
2026-09-30T10:00:00Z,OTHER,COMPOSITE,0,20
2026-09-30T10:00:00Z,OTHER,GAS,2,10
2026-09-30T10:00:00Z,OTHER,GAS COGEN,13.349388791720072,58
2026-09-30T10:00:00Z,OTHER,OIL/GAS,42.557959914737275,53
2026-09-30T10:00:00Z,OTHER,WOOD/REFUSE,85.92767829603619,149
2026-09-30T10:00:00Z,SOLAR,SOLAR,0.12972222371233832,1892
2026-09-30T10:00:00Z,WIND,WIND,883.8325875973494,5684
2026-09-30T11:00:00Z,ENERGY STORAGE,ENERGY STORAGE,0,270
2026-09-30T11:00:00Z,GAS,COGENERATION,4166.8007575451,6122
2026-09-30T11:00:00Z,GAS,COMBINED CYCLE,2839.481657353375,3974
2026-09-30T11:00:00Z,GAS,GAS FIRED STEAM,1028.1980816025205,3078
2026-09-30T11:00:00Z,GAS,SIMPLE CYCLE,133.03270273624608,1014
2026-09-30T11:00:00Z,HYDRO,HYDRO,135.5731597963969,896
2026-09-30T11:00:00Z,OTHER,BIOMASS,86.749442695015,195
2026-09-30T11:00:00Z,OTHER,COMPOSITE,0,20
2026-09-30T11:00:00Z,OTHER,GAS,2,10
2026-09-30T11:00:00Z,OTHER,GAS COGEN,13.06516639020708,58
2026-09-30T11:00:00Z,OTHER,OIL/GAS,41.93283198038737,53
2026-09-30T11:00:00Z,OTHER,WOOD/REFUSE,88.9244120396508,149
2026-09-30T11:00:00Z,SOLAR,SOLAR,0.10000000149011612,1892
2026-09-30T11:00:00Z,WIND,WIND,1188.5819597514221,5684
2026-09-30T12:00:00Z,ENERGY STORAGE,ENERGY STORAGE,0,270
2026-09-30T12:00:00Z,GAS,COGENERATION,4177.368810889456,6122
2026-09-30T12:00:00Z,GAS,COMBINED CYCLE,2864.733123862346,3974
2026-09-30T12:00:00Z,GAS,GAS FIRED STEAM,883.6264927556779,3078
2026-09-30T12:00:00Z,GAS,SIMPLE CYCLE,110.60666487481859,1014
2026-09-30T12:00:00Z,HYDRO,HYDRO,129.46165760046907,896
2026-09-30T12:00:00Z,OTHER,BIOMASS,82.12588672583301,195
2026-09-30T12:00:00Z,OTHER,COMPOSITE,12.99444418254826,20
2026-09-30T12:00:00Z,OTHER,GAS,2,10
2026-09-30T12:00:00Z,OTHER,GAS COGEN,12.88149960676829,58
2026-09-30T12:00:00Z,OTHER,OIL/GAS,41.99950460222033,53
2026-09-30T12:00:00Z,OTHER,WOOD/REFUSE,91.70467708905538,149
2026-09-30T12:00:00Z,SOLAR,SOLAR,0.13805555704567168,1892
2026-09-30T12:00:00Z,WIND,WIND,1517.5908108982196,5684
2026-09-30T13:00:00Z,ENERGY STORAGE,ENERGY STORAGE,0,270
2026-09-30T13:00:00Z,GAS,COGENERATION,4179.210813418495,6122
2026-09-30T13:00:00Z,GAS,COMBINED CYCLE,2937.902019134495,3974
2026-09-30T13:00:00Z,GAS,GAS FIRED STEAM,802.2689051956601,3078
2026-09-30T13:00:00Z,GAS,SIMPLE CYCLE,110.3753869152069,1014
2026-09-30T13:00:00Z,HYDRO,HYDRO,152.50615207294624,896
2026-09-30T13:00:00Z,OTHER,BIOMASS,81.59533171711696,195
2026-09-30T13:00:00Z,OTHER,COMPOSITE,13.398110733032226,20
2026-09-30T13:00:00Z,OTHER,GAS,2,10
2026-09-30T13:00:00Z,OTHER,GAS COGEN,12.684832815064324,58
2026-09-30T13:00:00Z,OTHER,OIL/GAS,42.80251015133328,53
2026-09-30T13:00:00Z,OTHER,WOOD/REFUSE,92.31180967913734,149
2026-09-30T13:00:00Z,SOLAR,SOLAR,8.057333228405978,1892
2026-09-30T13:00:00Z,WIND,WIND,1899.7177674445634,5684
2026-09-30T14:00:00Z,ENERGY STORAGE,ENERGY STORAGE,0,270
2026-09-30T14:00:00Z,GAS,COGENERATION,4184.7469621544415,6122
2026-09-30T14:00:00Z,GAS,COMBINED CYCLE,2994.9289580206078,3974
2026-09-30T14:00:00Z,GAS,GAS FIRED STEAM,769.7920554743873,3078
2026-09-30T14:00:00Z,GAS,SIMPLE CYCLE,110.75883113331264,1014
2026-09-30T14:00:00Z,HYDRO,HYDRO,191.28935684899488,896
2026-09-30T14:00:00Z,OTHER,BIOMASS,83.529165155126,195
2026-09-30T14:00:00Z,OTHER,COMPOSITE,0.40588887910048166,20
2026-09-30T14:00:00Z,OTHER,GAS,2,10
2026-09-30T14:00:00Z,OTHER,GAS COGEN,12.589166122012667,58
2026-09-30T14:00:00Z,OTHER,OIL/GAS,42.32002192179362,53
2026-09-30T14:00:00Z,OTHER,WOOD/REFUSE,91.87115500291189,149
2026-09-30T14:00:00Z,SOLAR,SOLAR,174.9286897513643,1892
2026-09-30T14:00:00Z,WIND,WIND,1846.9245417955767,5684
2026-09-30T15:00:00Z,ENERGY STORAGE,ENERGY STORAGE,0,270
2026-09-30T15:00:00Z,GAS,COGENERATION,4176.702370667458,6122
2026-09-30T15:00:00Z,GAS,COMBINED CYCLE,3021.5594420814514,3974
2026-09-30T15:00:00Z,GAS,GAS FIRED STEAM,849.5354897191789,3078
2026-09-30T15:00:00Z,GAS,SIMPLE CYCLE,110.78299894418981,1014
2026-09-30T15:00:00Z,HYDRO,HYDRO,152.62154752016068,896
2026-09-30T15:00:00Z,OTHER,BIOMASS,84.91888691991568,195
2026-09-30T15:00:00Z,OTHER,COMPOSITE,0,20
2026-09-30T15:00:00Z,OTHER,GAS,2,10
2026-09-30T15:00:00Z,OTHER,GAS COGEN,12.394666443400912,58
2026-09-30T15:00:00Z,OTHER,OIL/GAS,42.468842847612166,53
2026-09-30T15:00:00Z,OTHER,WOOD/REFUSE,91.62833833376565,149
2026-09-30T15:00:00Z,SOLAR,SOLAR,646.910075684852,1892
2026-09-30T15:00:00Z,WIND,WIND,1373.4600765228272,5684
2026-09-30T16:00:00Z,ENERGY STORAGE,ENERGY STORAGE,0,270
2026-09-30T16:00:00Z,GAS,COGENERATION,4125.39960655517,6122
2026-09-30T16:00:00Z,GAS,COMBINED CYCLE,2946.4670855981776,3974
2026-09-30T16:00:00Z,GAS,GAS FIRED STEAM,694.4149741988712,3078
2026-09-30T16:00:00Z,GAS,SIMPLE CYCLE,110.84660964356529,1014
2026-09-30T16:00:00Z,HYDRO,HYDRO,143.0870763760143,896
2026-09-30T16:00:00Z,OTHER,BIOMASS,82.89466468178564,195
2026-09-30T16:00:00Z,OTHER,COMPOSITE,0,20
2026-09-30T16:00:00Z,OTHER,GAS,2,10
2026-09-30T16:00:00Z,OTHER,GAS COGEN,12.35333292219374,58
2026-09-30T16:00:00Z,OTHER,OIL/GAS,39.72044353061252,53
2026-09-30T16:00:00Z,OTHER,WOOD/REFUSE,91.54654198328653,149
2026-09-30T16:00:00Z,SOLAR,SOLAR,1157.3884215692678,1892
2026-09-30T16:00:00Z,WIND,WIND,1344.8357095438987,5684
2026-09-30T17:00:00Z,ENERGY STORAGE,ENERGY STORAGE,0,270
2026-09-30T17:00:00Z,GAS,COGENERATION,4027.639299067259,6122
2026-09-30T17:00:00Z,GAS,COMBINED CYCLE,2671.591233701176,3974
2026-09-30T17:00:00Z,GAS,GAS FIRED STEAM,538.3008848222097,3078
2026-09-30T17:00:00Z,GAS,SIMPLE CYCLE,110.82371984481811,1014
2026-09-30T17:00:00Z,HYDRO,HYDRO,149.49167759656905,896
2026-09-30T17:00:00Z,OTHER,BIOMASS,85.36366473587023,195
2026-09-30T17:00:00Z,OTHER,COMPOSITE,0,20
2026-09-30T17:00:00Z,OTHER,GAS,2,10
2026-09-30T17:00:00Z,OTHER,GAS COGEN,12.321832902166578,58
2026-09-30T17:00:00Z,OTHER,OIL/GAS,34.7844267823961,53
2026-09-30T17:00:00Z,OTHER,WOOD/REFUSE,91.04754685613844,149
2026-09-30T17:00:00Z,SOLAR,SOLAR,1512.8853619204626,1892
2026-09-30T17:00:00Z,WIND,WIND,1548.3480738821295,5684
2026-09-30T18:00:00Z,ENERGY STORAGE,ENERGY STORAGE,0,270
2026-09-30T18:00:00Z,GAS,COGENERATION,4074.9517929713593,6122
2026-09-30T18:00:00Z,GAS,COMBINED CYCLE,2709.5478218661415,3974
2026-09-30T18:00:00Z,GAS,GAS FIRED STEAM,539.6942139805687,3078
2026-09-30T18:00:00Z,GAS,SIMPLE CYCLE,110.48737589543065,1014
2026-09-30T18:00:00Z,HYDRO,HYDRO,211.87553215096395,896
2026-09-30T18:00:00Z,OTHER,BIOMASS,84.46316451138921,195
2026-09-30T18:00:00Z,OTHER,COMPOSITE,0,20
2026-09-30T18:00:00Z,OTHER,GAS,2,10
2026-09-30T18:00:00Z,OTHER,GAS COGEN,12.299332887861464,58
2026-09-30T18:00:00Z,OTHER,OIL/GAS,34.23489273071289,53
2026-09-30T18:00:00Z,OTHER,WOOD/REFUSE,88.63905089325375,149
2026-09-30T18:00:00Z,SOLAR,SOLAR,1406.9549481662114,1892
2026-09-30T18:00:00Z,WIND,WIND,1531.5396707571713,5684
2026-09-30T19:00:00Z,ENERGY STORAGE,ENERGY STORAGE,-1.6666665673255e-4,270
2026-09-30T19:00:00Z,GAS,COGENERATION,4196.274929714269,6122
2026-09-30T19:00:00Z,GAS,COMBINED CYCLE,2824.035531563494,3974
2026-09-30T19:00:00Z,GAS,GAS FIRED STEAM,567.7739731714461,3078
2026-09-30T19:00:00Z,GAS,SIMPLE CYCLE,111.1163316377004,1014
2026-09-30T19:00:00Z,HYDRO,HYDRO,218.47594704416062,896
2026-09-30T19:00:00Z,OTHER,BIOMASS,87.57788692052165,195
2026-09-30T19:00:00Z,OTHER,COMPOSITE,0,20
2026-09-30T19:00:00Z,OTHER,GAS,2,10
2026-09-30T19:00:00Z,OTHER,GAS COGEN,12.44416631327735,58
2026-09-30T19:00:00Z,OTHER,OIL/GAS,37.16891517427233,53
2026-09-30T19:00:00Z,OTHER,WOOD/REFUSE,84.92438825395371,149
2026-09-30T19:00:00Z,SOLAR,SOLAR,1325.9625825680628,1892
2026-09-30T19:00:00Z,WIND,WIND,1550.1889352925618,5684
2026-09-30T20:00:00Z,ENERGY STORAGE,ENERGY STORAGE,0,270
2026-09-30T20:00:00Z,GAS,COGENERATION,4202.249990331332,6122
2026-09-30T20:00:00Z,GAS,COMBINED CYCLE,2809.2494545849163,3974
2026-09-30T20:00:00Z,GAS,GAS FIRED STEAM,576.2952319325341,3078
2026-09-30T20:00:00Z,GAS,SIMPLE CYCLE,112.50921937045123,1014
2026-09-30T20:00:00Z,HYDRO,HYDRO,180.6359636213796,896
2026-09-30T20:00:00Z,OTHER,BIOMASS,85.29177596946558,195
2026-09-30T20:00:00Z,OTHER,COMPOSITE,0,20
2026-09-30T20:00:00Z,OTHER,GAS,2,10
2026-09-30T20:00:00Z,OTHER,GAS COGEN,12.636999769210815,58
2026-09-30T20:00:00Z,OTHER,OIL/GAS,38.68659942838881,53
2026-09-30T20:00:00Z,OTHER,WOOD/REFUSE,83.91864362663692,149
2026-09-30T20:00:00Z,SOLAR,SOLAR,1454.5662186399766,1892
2026-09-30T20:00:00Z,WIND,WIND,1573.785782562718,5684
2026-09-30T21:00:00Z,ENERGY STORAGE,ENERGY STORAGE,0,270
2026-09-30T21:00:00Z,GAS,COGENERATION,4039.3712485607466,6122
2026-09-30T21:00:00Z,GAS,COMBINED CYCLE,2679.3859176610576,3974
2026-09-30T21:00:00Z,GAS,GAS FIRED STEAM,537.9947187985315,3078
2026-09-30T21:00:00Z,GAS,SIMPLE CYCLE,110.68644166522556,1014
2026-09-30T21:00:00Z,HYDRO,HYDRO,191.72059150841503,896
2026-09-30T21:00:00Z,OTHER,BIOMASS,87.59860862923993,195
2026-09-30T21:00:00Z,OTHER,COMPOSITE,0,20
2026-09-30T21:00:00Z,OTHER,GAS,2,10
2026-09-30T21:00:00Z,OTHER,GAS COGEN,12.616999756495158,58
2026-09-30T21:00:00Z,OTHER,OIL/GAS,39.53929353925917,53
2026-09-30T21:00:00Z,OTHER,WOOD/REFUSE,83.80936576472388,149
2026-09-30T21:00:00Z,SOLAR,SOLAR,1479.3512755503918,1892
2026-09-30T21:00:00Z,WIND,WIND,1649.6126375228705,5684
2026-09-30T22:00:00Z,ENERGY STORAGE,ENERGY STORAGE,0,270
2026-09-30T22:00:00Z,GAS,COGENERATION,4078.556965550714,6122
2026-09-30T22:00:00Z,GAS,COMBINED CYCLE,2802.710967497693,3974
2026-09-30T22:00:00Z,GAS,GAS FIRED STEAM,538.0701529471079,3078
2026-09-30T22:00:00Z,GAS,SIMPLE CYCLE,110.58888599773248,1014
2026-09-30T22:00:00Z,HYDRO,HYDRO,197.64694809169404,896
2026-09-30T22:00:00Z,OTHER,BIOMASS,84.44660921255748,195
2026-09-30T22:00:00Z,OTHER,COMPOSITE,0,20
2026-09-30T22:00:00Z,OTHER,GAS,2,10
2026-09-30T22:00:00Z,OTHER,GAS COGEN,12.41249962647756,58
2026-09-30T22:00:00Z,OTHER,OIL/GAS,40.07219327714708,53
2026-09-30T22:00:00Z,OTHER,WOOD/REFUSE,82.96744136280483,149
2026-09-30T22:00:00Z,SOLAR,SOLAR,1391.0209857762854,1892
2026-09-30T22:00:00Z,WIND,WIND,1614.0891231269059,5684
2026-09-30T23:00:00Z,ENERGY STORAGE,ENERGY STORAGE,0,270
2026-09-30T23:00:00Z,GAS,COGENERATION,4134.16554319236,6122
2026-09-30T23:00:00Z,GAS,COMBINED CYCLE,2743.315506612195,3974
2026-09-30T23:00:00Z,GAS,GAS FIRED STEAM,587.234106215371,3078
2026-09-30T23:00:00Z,GAS,SIMPLE CYCLE,276.0753272775147,1014
2026-09-30T23:00:00Z,HYDRO,HYDRO,274.1774110180802,896
2026-09-30T23:00:00Z,OTHER,BIOMASS,88.5525535919269,195
2026-09-30T23:00:00Z,OTHER,COMPOSITE,0,20
2026-09-30T23:00:00Z,OTHER,GAS,2.0155555407206216,10
2026-09-30T23:00:00Z,OTHER,GAS COGEN,12.465832954512702,58
2026-09-30T23:00:00Z,OTHER,OIL/GAS,40.86340490765042,53
2026-09-30T23:00:00Z,OTHER,WOOD/REFUSE,84.73278338750204,149
2026-09-30T23:00:00Z,SOLAR,SOLAR,958.736947434975,1892
2026-09-30T23:00:00Z,WIND,WIND,1429.4472842213595,5684
2026-10-01T00:00:00Z,ENERGY STORAGE,ENERGY STORAGE,0,270
2026-10-01T00:00:00Z,GAS,COGENERATION,4271.657190590964,6122
2026-10-01T00:00:00Z,GAS,COMBINED CYCLE,3023.830236506462,3974
2026-10-01T00:00:00Z,GAS,GAS FIRED STEAM,1072.9355198107826,3078
2026-10-01T00:00:00Z,GAS,SIMPLE CYCLE,331.44514502896203,1014
2026-10-01T00:00:00Z,HYDRO,HYDRO,298.22279250956245,896
2026-10-01T00:00:00Z,OTHER,BIOMASS,88.94638687049348,195
2026-10-01T00:00:00Z,OTHER,COMPOSITE,0.03794444332520167,20
2026-10-01T00:00:00Z,OTHER,GAS,2.0999999046325684,10
2026-10-01T00:00:00Z,OTHER,GAS COGEN,12.660499466260276,58
2026-10-01T00:00:00Z,OTHER,OIL/GAS,40.82577709197998,53
2026-10-01T00:00:00Z,OTHER,WOOD/REFUSE,90.99609226438734,149
2026-10-01T00:00:00Z,SOLAR,SOLAR,203.057677546752,1892
2026-10-01T00:00:00Z,WIND,WIND,1134.7426297973138,5684
2026-10-01T01:00:00Z,ENERGY STORAGE,ENERGY STORAGE,42.034110310077665,270
2026-10-01T01:00:00Z,GAS,COGENERATION,4294.481254835923,6122
2026-10-01T01:00:00Z,GAS,COMBINED CYCLE,3031.631321889427,3974
2026-10-01T01:00:00Z,GAS,GAS FIRED STEAM,1201.5007107914819,3078
2026-10-01T01:00:00Z,GAS,SIMPLE CYCLE,444.4529695840842,1014
2026-10-01T01:00:00Z,HYDRO,HYDRO,379.1063239427408,896
2026-10-01T01:00:00Z,OTHER,BIOMASS,89.95655344810751,195
2026-10-01T01:00:00Z,OTHER,COMPOSITE,13.18222199704912,20
2026-10-01T01:00:00Z,OTHER,GAS,2.0999999046325684,10
2026-10-01T01:00:00Z,OTHER,GAS COGEN,13.12099975903829,58
2026-10-01T01:00:00Z,OTHER,OIL/GAS,41.23860525131226,53
2026-10-01T01:00:00Z,OTHER,WOOD/REFUSE,97.84669883039263,149
2026-10-01T01:00:00Z,SOLAR,SOLAR,0.3804444445669651,1892
2026-10-01T01:00:00Z,WIND,WIND,867.8091432935496,5684
2026-10-01T02:00:00Z,ENERGY STORAGE,ENERGY STORAGE,80.23316649542915,270
2026-10-01T02:00:00Z,GAS,COGENERATION,4318.021346945233,6122
2026-10-01T02:00:00Z,GAS,COMBINED CYCLE,3000.0274968781737,3974
2026-10-01T02:00:00Z,GAS,GAS FIRED STEAM,1201.2580289027426,3078
2026-10-01T02:00:00Z,GAS,SIMPLE CYCLE,473.4119153910213,1014
2026-10-01T02:00:00Z,HYDRO,HYDRO,364.51504248923726,896
2026-10-01T02:00:00Z,OTHER,BIOMASS,93.44533056416445,195
2026-10-01T02:00:00Z,OTHER,COMPOSITE,13.306666357252332,20
2026-10-01T02:00:00Z,OTHER,GAS,2.0999999046325684,10
2026-10-01T02:00:00Z,OTHER,GAS COGEN,13.051999715169272,58
2026-10-01T02:00:00Z,OTHER,OIL/GAS,41.51932110256619,53
2026-10-01T02:00:00Z,OTHER,WOOD/REFUSE,98.70866582923466,149
2026-10-01T02:00:00Z,SOLAR,SOLAR,35.00905428542031,1892
2026-10-01T02:00:00Z,WIND,WIND,637.5100261377419,5684
2026-10-01T03:00:00Z,ENERGY STORAGE,ENERGY STORAGE,39.06300045304828,270
2026-10-01T03:00:00Z,GAS,COGENERATION,4348.285930761761,6122
2026-10-01T03:00:00Z,GAS,COMBINED CYCLE,2970.4394224090706,3974
2026-10-01T03:00:00Z,GAS,GAS FIRED STEAM,1157.1817517058055,3078
2026-10-01T03:00:00Z,GAS,SIMPLE CYCLE,468.7288156965044,1014
2026-10-01T03:00:00Z,HYDRO,HYDRO,368.99316007470094,896
2026-10-01T03:00:00Z,OTHER,BIOMASS,92.53355319291353,195
2026-10-01T03:00:00Z,OTHER,COMPOSITE,13.399999618530272,20
2026-10-01T03:00:00Z,OTHER,GAS,2.0999999046325684,10
2026-10-01T03:00:00Z,OTHER,GAS COGEN,12.984166338708665,58
2026-10-01T03:00:00Z,OTHER,OIL/GAS,41.74746010250515,53
2026-10-01T03:00:00Z,OTHER,WOOD/REFUSE,98.02314570162031,149
2026-10-01T03:00:00Z,SOLAR,SOLAR,0.10000000149011612,1892
2026-10-01T03:00:00Z,WIND,WIND,512.0780914798545,5684
2026-10-01T04:00:00Z,ENERGY STORAGE,ENERGY STORAGE,0.20000004768371585,270
2026-10-01T04:00:00Z,GAS,COGENERATION,4354.961022332906,6122
2026-10-01T04:00:00Z,GAS,COMBINED CYCLE,3081.9313390146363,3974
2026-10-01T04:00:00Z,GAS,GAS FIRED STEAM,1202.9693188614317,3078
2026-10-01T04:00:00Z,GAS,SIMPLE CYCLE,326.22843642883834,1014
2026-10-01T04:00:00Z,HYDRO,HYDRO,301.59579389733574,896
2026-10-01T04:00:00Z,OTHER,BIOMASS,90.31316397685143,195
2026-10-01T04:00:00Z,OTHER,COMPOSITE,13.394166281488207,20
2026-10-01T04:00:00Z,OTHER,GAS,2.0999999046325684,10
2026-10-01T04:00:00Z,OTHER,GAS COGEN,12.92999963760376,58
2026-10-01T04:00:00Z,OTHER,OIL/GAS,43.39595381630792,53
2026-10-01T04:00:00Z,OTHER,WOOD/REFUSE,98.62135111278958,149
2026-10-01T04:00:00Z,SOLAR,SOLAR,0.5790555570522944,1892
2026-10-01T04:00:00Z,WIND,WIND,370.5513050234194,5684
2026-10-01T05:00:00Z,ENERGY STORAGE,ENERGY STORAGE,0.20000004768371585,270
2026-10-01T05:00:00Z,GAS,COGENERATION,4382.529451709059,6122
2026-10-01T05:00:00Z,GAS,COMBINED CYCLE,3116.3814138743614,3974
2026-10-01T05:00:00Z,GAS,GAS FIRED STEAM,1194.4816315682729,3078
2026-10-01T05:00:00Z,GAS,SIMPLE CYCLE,272.3539184035195,1014
2026-10-01T05:00:00Z,HYDRO,HYDRO,262.9184058351649,896
2026-10-01T05:00:00Z,OTHER,BIOMASS,93.82716442128022,195
2026-10-01T05:00:00Z,OTHER,COMPOSITE,13.368944064246284,20
2026-10-01T05:00:00Z,OTHER,GAS,2.0999999046325684,10
2026-10-01T05:00:00Z,OTHER,GAS COGEN,12.791832883093091,58
2026-10-01T05:00:00Z,OTHER,OIL/GAS,43.50691509882609,53
2026-10-01T05:00:00Z,OTHER,WOOD/REFUSE,98.2499778286616,149
2026-10-01T05:00:00Z,SOLAR,SOLAR,0.4881110929780536,1892
2026-10-01T05:00:00Z,WIND,WIND,312.873877338349,5684
