begin_datetime_utc,fuel_type,sub_fuel_type,net_generation_mw,max_capability_mw
2026-08-01T06:00:00Z,ENERGY STORAGE,ENERGY STORAGE,-3.93911105202304,270
2026-08-01T06:00:00Z,GAS,COGENERATION,4291.387765167025,6122
2026-08-01T06:00:00Z,GAS,COMBINED CYCLE,2976.1766404787368,3974
2026-08-01T06:00:00Z,GAS,GAS FIRED STEAM,780.4414881028069,3078
2026-08-01T06:00:00Z,GAS,SIMPLE CYCLE,64.35916452488965,1014
2026-08-01T06:00:00Z,HYDRO,HYDRO,317.47048404435316,896
2026-08-01T06:00:00Z,OTHER,BIOMASS,112.13010914537642,195
2026-08-01T06:00:00Z,OTHER,COMPOSITE,0,20
2026-08-01T06:00:00Z,OTHER,GAS,2.0999510288238525,10
2026-08-01T06:00:00Z,OTHER,GAS COGEN,33.14299656973945,58
2026-08-01T06:00:00Z,OTHER,OIL/GAS,42.7787380027771,53
2026-08-01T06:00:00Z,OTHER,WOOD/REFUSE,77.99430011325413,149
2026-08-01T06:00:00Z,SOLAR,SOLAR,0.30000000447034836,1870
2026-08-01T06:00:00Z,WIND,WIND,1275.930223277323,5684
2026-08-01T07:00:00Z,ENERGY STORAGE,ENERGY STORAGE,-12.699999809265137,270
2026-08-01T07:00:00Z,GAS,COGENERATION,4226.275946579774,6122
2026-08-01T07:00:00Z,GAS,COMBINED CYCLE,2820.4306698095797,3974
2026-08-01T07:00:00Z,GAS,GAS FIRED STEAM,628.993544775645,3078
2026-08-01T07:00:00Z,GAS,SIMPLE CYCLE,60.75010964499579,1014
2026-08-01T07:00:00Z,HYDRO,HYDRO,302.12853520863587,896
2026-08-01T07:00:00Z,OTHER,BIOMASS,112.05372036563026,195
2026-08-01T07:00:00Z,OTHER,COMPOSITE,0,20
2026-08-01T07:00:00Z,OTHER,GAS,2.0999510288238525,10
2026-08-01T07:00:00Z,OTHER,GAS COGEN,33.02703486654494,58
2026-08-01T07:00:00Z,OTHER,OIL/GAS,41.79886627621121,53
2026-08-01T07:00:00Z,OTHER,WOOD/REFUSE,73.93144329918755,149
2026-08-01T07:00:00Z,SOLAR,SOLAR,0.30000000447034836,1870
2026-08-01T07:00:00Z,WIND,WIND,1410.163186608615,5684
2026-08-01T08:00:00Z,ENERGY STORAGE,ENERGY STORAGE,-6.890999856417377,270
2026-08-01T08:00:00Z,GAS,COGENERATION,4202.645993371275,6122
2026-08-01T08:00:00Z,GAS,COMBINED CYCLE,2790.9466565284465,3974
2026-08-01T08:00:00Z,GAS,GAS FIRED STEAM,522.0526582611932,3078
2026-08-01T08:00:00Z,GAS,SIMPLE CYCLE,60.8504427380032,1014
2026-08-01T08:00:00Z,HYDRO,HYDRO,314.85540516177815,896
2026-08-01T08:00:00Z,OTHER,BIOMASS,112.36366414335039,195
2026-08-01T08:00:00Z,OTHER,COMPOSITE,0,20
2026-08-01T08:00:00Z,OTHER,GAS,2.0999510288238525,10
2026-08-01T08:00:00Z,OTHER,GAS COGEN,33.027962061564125,58
2026-08-01T08:00:00Z,OTHER,OIL/GAS,39.7839323870341,53
2026-08-01T08:00:00Z,OTHER,WOOD/REFUSE,72.82098498874241,149
2026-08-01T08:00:00Z,SOLAR,SOLAR,0.30000000447034836,1870
2026-08-01T08:00:00Z,WIND,WIND,1670.5857683650984,5684
2026-08-01T09:00:00Z,ENERGY STORAGE,ENERGY STORAGE,0,270
2026-08-01T09:00:00Z,GAS,COGENERATION,4166.096747983826,6122
2026-08-01T09:00:00Z,GAS,COMBINED CYCLE,2611.732680743668,3974
2026-08-01T09:00:00Z,GAS,GAS FIRED STEAM,467.4014366722107,3078
2026-08-01T09:00:00Z,GAS,SIMPLE CYCLE,60.50466462029351,1014
2026-08-01T09:00:00Z,HYDRO,HYDRO,280.015193111168,896
2026-08-01T09:00:00Z,OTHER,BIOMASS,110.55071958912744,195
2026-08-01T09:00:00Z,OTHER,COMPOSITE,0,20
2026-08-01T09:00:00Z,OTHER,GAS,2.0999510288238525,10
2026-08-01T09:00:00Z,OTHER,GAS COGEN,33.0927157804701,58
2026-08-01T09:00:00Z,OTHER,OIL/GAS,39.035643634796145,53
2026-08-01T09:00:00Z,OTHER,WOOD/REFUSE,72.75653094821506,149
2026-08-01T09:00:00Z,SOLAR,SOLAR,0.30000000447034836,1870
2026-08-01T09:00:00Z,WIND,WIND,1944.6450433187188,5684
2026-08-01T10:00:00Z,ENERGY STORAGE,ENERGY STORAGE,0,270
2026-08-01T10:00:00Z,GAS,COGENERATION,4161.717456129922,6122
2026-08-01T10:00:00Z,GAS,COMBINED CYCLE,2392.5009390012424,3974
2026-08-01T10:00:00Z,GAS,GAS FIRED STEAM,467.38204901589285,3078
2026-08-01T10:00:00Z,GAS,SIMPLE CYCLE,60.94122036192152,1014
2026-08-01T10:00:00Z,HYDRO,HYDRO,318.8572367119458,896
2026-08-01T10:00:00Z,OTHER,BIOMASS,110.1558869934082,195
2026-08-01T10:00:00Z,OTHER,COMPOSITE,0,20
2026-08-01T10:00:00Z,OTHER,GAS,2.0999510288238525,10
2026-08-01T10:00:00Z,OTHER,GAS COGEN,33.01452422512902,58
2026-08-01T10:00:00Z,OTHER,OIL/GAS,40.412965541415744,53
2026-08-01T10:00:00Z,OTHER,WOOD/REFUSE,73.60892908308242,149
2026-08-01T10:00:00Z,SOLAR,SOLAR,0.30000000447034836,1870
2026-08-01T10:00:00Z,WIND,WIND,2114.4830987118307,5684
2026-08-01T11:00:00Z,ENERGY STORAGE,ENERGY STORAGE,0,270
2026-08-01T11:00:00Z,GAS,COGENERATION,4155.562144320541,6122
2026-08-01T11:00:00Z,GAS,COMBINED CYCLE,2291.690210976998,3974
2026-08-01T11:00:00Z,GAS,GAS FIRED STEAM,466.90338109731675,3078
2026-08-01T11:00:00Z,GAS,SIMPLE CYCLE,60.70360915925768,1014
2026-08-01T11:00:00Z,HYDRO,HYDRO,278.16551098932825,896
2026-08-01T11:00:00Z,OTHER,BIOMASS,110.503497783343,195
2026-08-01T11:00:00Z,OTHER,COMPOSITE,0,20
2026-08-01T11:00:00Z,OTHER,GAS,2.0499510169029236,10
2026-08-01T11:00:00Z,OTHER,GAS COGEN,32.992414676878184,58
2026-08-01T11:00:00Z,OTHER,OIL/GAS,39.619471869998506,53
2026-08-01T11:00:00Z,OTHER,WOOD/REFUSE,73.43817513359917,149
2026-08-01T11:00:00Z,SOLAR,SOLAR,0.2368888924188084,1870
2026-08-01T11:00:00Z,WIND,WIND,2210.0210570515196,5684
2026-08-01T12:00:00Z,ENERGY STORAGE,ENERGY STORAGE,0,270
2026-08-01T12:00:00Z,GAS,COGENERATION,4164.9857965519695,6122
2026-08-01T12:00:00Z,GAS,COMBINED CYCLE,2286.3343671251664,3974
2026-08-01T12:00:00Z,GAS,GAS FIRED STEAM,467.0024926291572,3078
2026-08-01T12:00:00Z,GAS,SIMPLE CYCLE,60.544498411814374,1014
2026-08-01T12:00:00Z,HYDRO,HYDRO,280.40602106208604,896
2026-08-01T12:00:00Z,OTHER,BIOMASS,108.93727591991424,195
2026-08-01T12:00:00Z,OTHER,COMPOSITE,0,20
2026-08-01T12:00:00Z,OTHER,GAS,1.9999510049819944,10
2026-08-01T12:00:00Z,OTHER,GAS COGEN,32.95757619116041,58
2026-08-01T12:00:00Z,OTHER,OIL/GAS,39.76244913736979,53
2026-08-01T12:00:00Z,OTHER,WOOD/REFUSE,71.78457012176514,149
2026-08-01T12:00:00Z,SOLAR,SOLAR,62.03177679591708,1870
2026-08-01T12:00:00Z,WIND,WIND,2429.873004262348,5684
2026-08-01T13:00:00Z,ENERGY STORAGE,ENERGY STORAGE,0,270
2026-08-01T13:00:00Z,GAS,COGENERATION,4135.954510366122,6122
2026-08-01T13:00:00Z,GAS,COMBINED CYCLE,2203.80254568047,3974
2026-08-01T13:00:00Z,GAS,GAS FIRED STEAM,466.6113255691529,3078
2026-08-01T13:00:00Z,GAS,SIMPLE CYCLE,60.48988747702705,1014
2026-08-01T13:00:00Z,HYDRO,HYDRO,343.7875060103337,896
2026-08-01T13:00:00Z,OTHER,BIOMASS,109.69783135202195,195
2026-08-01T13:00:00Z,OTHER,COMPOSITE,0,20
2026-08-01T13:00:00Z,OTHER,GAS,1.9999510049819944,10
2026-08-01T13:00:00Z,OTHER,GAS COGEN,32.934317973454796,58
2026-08-01T13:00:00Z,OTHER,OIL/GAS,40.10377682791816,53
2026-08-01T13:00:00Z,OTHER,WOOD/REFUSE,74.86933923509386,149
2026-08-01T13:00:00Z,SOLAR,SOLAR,382.0900219221744,1870
2026-08-01T13:00:00Z,WIND,WIND,2350.525585550906,5684
2026-08-01T14:00:00Z,ENERGY STORAGE,ENERGY STORAGE,0,270
2026-08-01T14:00:00Z,GAS,COGENERATION,4116.344292640421,6122
2026-08-01T14:00:00Z,GAS,COMBINED CYCLE,2292.6954406342243,3974
2026-08-01T14:00:00Z,GAS,GAS FIRED STEAM,466.7065475167168,3078
2026-08-01T14:00:00Z,GAS,SIMPLE CYCLE,60.95416480170356,1014
2026-08-01T14:00:00Z,HYDRO,HYDRO,337.2899834778574,896
2026-08-01T14:00:00Z,OTHER,BIOMASS,110.0101646341218,195
2026-08-01T14:00:00Z,OTHER,COMPOSITE,0,20
2026-08-01T14:00:00Z,OTHER,GAS,1.9999510049819944,10
2026-08-01T14:00:00Z,OTHER,GAS COGEN,32.982716681162515,58
2026-08-01T14:00:00Z,OTHER,OIL/GAS,39.69548177295261,53
2026-08-01T14:00:00Z,OTHER,WOOD/REFUSE,75.16306229909262,149
2026-08-01T14:00:00Z,SOLAR,SOLAR,932.63081718468,1870
2026-08-01T14:00:00Z,WIND,WIND,1960.3019411885655,5684
2026-08-01T15:00:00Z,ENERGY STORAGE,ENERGY STORAGE,0,270
2026-08-01T15:00:00Z,GAS,COGENERATION,4129.675683936013,6122
2026-08-01T15:00:00Z,GAS,COMBINED CYCLE,2602.680889582766,3974
2026-08-01T15:00:00Z,GAS,GAS FIRED STEAM,466.73499252319334,3078
2026-08-01T15:00:00Z,GAS,SIMPLE CYCLE,60.99210949791802,1014
2026-08-01T15:00:00Z,HYDRO,HYDRO,349.40918120788206,896
2026-08-01T15:00:00Z,OTHER,BIOMASS,110.56483065499201,195
2026-08-01T15:00:00Z,OTHER,COMPOSITE,0,20
2026-08-01T15:00:00Z,OTHER,GAS,1.9999510049819944,10
2026-08-01T15:00:00Z,OTHER,GAS COGEN,33.07048465940687,58
2026-08-01T15:00:00Z,OTHER,OIL/GAS,40.30221553166707,53
2026-08-01T15:00:00Z,OTHER,WOOD/REFUSE,75.38263654496934,149
2026-08-01T15:00:00Z,SOLAR,SOLAR,1336.1173302083546,1870
2026-08-01T15:00:00Z,WIND,WIND,1410.896749182244,5684
2026-08-01T16:00:00Z,ENERGY STORAGE,ENERGY STORAGE,0,270
2026-08-01T16:00:00Z,GAS,COGENERATION,4089.5307757847177,6122
2026-08-01T16:00:00Z,GAS,COMBINED CYCLE,2430.59818602403,3974
2026-08-01T16:00:00Z,GAS,GAS FIRED STEAM,466.73454883999295,3078
2026-08-01T16:00:00Z,GAS,SIMPLE CYCLE,61.556943182879024,1014
2026-08-01T16:00:00Z,HYDRO,HYDRO,344.46720792180963,896
2026-08-01T16:00:00Z,OTHER,BIOMASS,107.07438703536987,195
2026-08-01T16:00:00Z,OTHER,COMPOSITE,0,20
2026-08-01T16:00:00Z,OTHER,GAS,1.9999510049819944,10
2026-08-01T16:00:00Z,OTHER,GAS COGEN,33.22214810053508,58
2026-08-01T16:00:00Z,OTHER,OIL/GAS,37.96463275273641,53
2026-08-01T16:00:00Z,OTHER,WOOD/REFUSE,75.11897724151612,149
2026-08-01T16:00:00Z,SOLAR,SOLAR,1523.77585402045,1870
2026-08-01T16:00:00Z,WIND,WIND,1634.5056015447858,5684
2026-08-01T17:00:00Z,ENERGY STORAGE,ENERGY STORAGE,0,270
2026-08-01T17:00:00Z,GAS,COGENERATION,4064.1626967045995,6122
2026-08-01T17:00:00Z,GAS,COMBINED CYCLE,2357.6367415070536,3974
2026-08-01T17:00:00Z,GAS,GAS FIRED STEAM,467.1472701093886,3078
2026-08-01T17:00:00Z,GAS,SIMPLE CYCLE,63.086276501814524,1014
2026-08-01T17:00:00Z,HYDRO,HYDRO,321.24033701383405,896
2026-08-01T17:00:00Z,OTHER,BIOMASS,106.55499777767393,195
2026-08-01T17:00:00Z,OTHER,COMPOSITE,0,20
2026-08-01T17:00:00Z,OTHER,GAS,1.9999510049819944,10
2026-08-01T17:00:00Z,OTHER,GAS COGEN,33.26511820051405,58
2026-08-01T17:00:00Z,OTHER,OIL/GAS,34.04564966837565,53
2026-08-01T17:00:00Z,OTHER,WOOD/REFUSE,75.34948704613579,149
2026-08-01T17:00:00Z,SOLAR,SOLAR,1636.0030784813564,1870
2026-08-01T17:00:00Z,WIND,WIND,1927.5459911118448,5684
2026-08-01T18:00:00Z,ENERGY STORAGE,ENERGY STORAGE,0,270
2026-08-01T18:00:00Z,GAS,COGENERATION,4030.0853936982817,6122
2026-08-01T18:00:00Z,GAS,COMBINED CYCLE,2336.541564087338,3974
2026-08-01T18:00:00Z,GAS,GAS FIRED STEAM,466.9036598714193,3078
2026-08-01T18:00:00Z,GAS,SIMPLE CYCLE,70.86572080188327,1014
2026-08-01T18:00:00Z,HYDRO,HYDRO,327.521474043164,896
2026-08-01T18:00:00Z,OTHER,BIOMASS,110.53077570597331,195
2026-08-01T18:00:00Z,OTHER,COMPOSITE,0,20
2026-08-01T18:00:00Z,OTHER,GAS,1.9999510049819944,10
2026-08-01T18:00:00Z,OTHER,GAS COGEN,33.403801404105295,58
2026-08-01T18:00:00Z,OTHER,OIL/GAS,34.18494411468506,53
2026-08-01T18:00:00Z,OTHER,WOOD/REFUSE,75.74422690073649,149
2026-08-01T18:00:00Z,SOLAR,SOLAR,1663.6261219236255,1870
2026-08-01T18:00:00Z,WIND,WIND,2259.663399217518,5684
2026-08-01T19:00:00Z,ENERGY STORAGE,ENERGY STORAGE,0,270
2026-08-01T19:00:00Z,GAS,COGENERATION,3979.864554226266,6122
2026-08-01T19:00:00Z,GAS,COMBINED CYCLE,2192.814143344296,3974
2026-08-01T19:00:00Z,GAS,GAS FIRED STEAM,466.618882844713,3078
2026-08-01T19:00:00Z,GAS,SIMPLE CYCLE,121.675498972204,1014
2026-08-01T19:00:00Z,HYDRO,HYDRO,312.1080980044603,896
2026-08-01T19:00:00Z,OTHER,BIOMASS,111.42910865518782,195
2026-08-01T19:00:00Z,OTHER,COMPOSITE,0,20
2026-08-01T19:00:00Z,OTHER,GAS,1.9999510049819944,10
2026-08-01T19:00:00Z,OTHER,GAS COGEN,33.25775484085083,58
2026-08-01T19:00:00Z,OTHER,OIL/GAS,36.40383268356323,53
2026-08-01T19:00:00Z,OTHER,WOOD/REFUSE,74.9457836956448,149
2026-08-01T19:00:00Z,SOLAR,SOLAR,1676.0453281520472,1870
2026-08-01T19:00:00Z,WIND,WIND,2609.6900115984845,5684
2026-08-01T20:00:00Z,ENERGY STORAGE,ENERGY STORAGE,0,270
2026-08-01T20:00:00Z,GAS,COGENERATION,3965.109607349899,6122
2026-08-01T20:00:00Z,GAS,COMBINED CYCLE,2296.497360629373,3974
2026-08-01T20:00:00Z,GAS,GAS FIRED STEAM,466.91454801347516,3078
2026-08-01T20:00:00Z,GAS,SIMPLE CYCLE,128.62666501210796,1014
2026-08-01T20:00:00Z,HYDRO,HYDRO,317.79335828310917,896
2026-08-01T20:00:00Z,OTHER,BIOMASS,110.1372201649348,195
2026-08-01T20:00:00Z,OTHER,COMPOSITE,0,20
2026-08-01T20:00:00Z,OTHER,GAS,1.9999510049819944,10
2026-08-01T20:00:00Z,OTHER,GAS COGEN,33.166369326114655,58
2026-08-01T20:00:00Z,OTHER,OIL/GAS,37.84318322499593,53
2026-08-01T20:00:00Z,OTHER,WOOD/REFUSE,71.4130460357666,149
2026-08-01T20:00:00Z,SOLAR,SOLAR,1676.4734893401464,1870
2026-08-01T20:00:00Z,WIND,WIND,2943.12021408538,5684
2026-08-01T21:00:00Z,ENERGY STORAGE,ENERGY STORAGE,0.0011666665971278999,270
2026-08-01T21:00:00Z,GAS,COGENERATION,3927.7441301900813,6122
2026-08-01T21:00:00Z,GAS,COMBINED CYCLE,2254.6480740830634,3974
2026-08-01T21:00:00Z,GAS,GAS FIRED STEAM,466.3315477625529,3078
2026-08-01T21:00:00Z,GAS,SIMPLE CYCLE,127.566332215733,1014
2026-08-01T21:00:00Z,HYDRO,HYDRO,335.29478576494586,896
2026-08-01T21:00:00Z,OTHER,BIOMASS,109.08349842760298,195
2026-08-01T21:00:00Z,OTHER,COMPOSITE,0,20
2026-08-01T21:00:00Z,OTHER,GAS,1.9999510049819944,10
2026-08-01T21:00:00Z,OTHER,GAS COGEN,33.140276204215155,58
2026-08-01T21:00:00Z,OTHER,OIL/GAS,38.64744934082032,53
2026-08-01T21:00:00Z,OTHER,WOOD/REFUSE,70.98366904788547,149
2026-08-01T21:00:00Z,SOLAR,SOLAR,1640.8577440260847,1870
2026-08-01T21:00:00Z,WIND,WIND,3176.92035796437,5684
2026-08-01T22:00:00Z,ENERGY STORAGE,ENERGY STORAGE,0,270
2026-08-01T22:00:00Z,GAS,COGENERATION,3905.078401960929,6122
2026-08-01T22:00:00Z,GAS,COMBINED CYCLE,2293.703867468304,3974
2026-08-01T22:00:00Z,GAS,GAS FIRED STEAM,466.742049208747,3078
2026-08-01T22:00:00Z,GAS,SIMPLE CYCLE,127.79238764180077,1014
2026-08-01T22:00:00Z,HYDRO,HYDRO,333.1830910975072,896
2026-08-01T22:00:00Z,OTHER,BIOMASS,108.75283122195138,195
2026-08-01T22:00:00Z,OTHER,COMPOSITE,0,20
2026-08-01T22:00:00Z,OTHER,GAS,1.9999510049819944,10
2026-08-01T22:00:00Z,OTHER,GAS COGEN,33.06776408725314,58
2026-08-01T22:00:00Z,OTHER,OIL/GAS,38.806443765428334,53
2026-08-01T22:00:00Z,OTHER,WOOD/REFUSE,71.47420125749376,149
2026-08-01T22:00:00Z,SOLAR,SOLAR,1520.2725630241964,1870
2026-08-01T22:00:00Z,WIND,WIND,3491.315593363245,5684
2026-08-01T23:00:00Z,ENERGY STORAGE,ENERGY STORAGE,0,270
2026-08-01T23:00:00Z,GAS,COGENERATION,3885.6647651044527,6122
2026-08-01T23:00:00Z,GAS,COMBINED CYCLE,2395.594732824034,3974
2026-08-01T23:00:00Z,GAS,GAS FIRED STEAM,466.68243787553575,3078
2026-08-01T23:00:00Z,GAS,SIMPLE CYCLE,127.83833226097954,1014
2026-08-01T23:00:00Z,HYDRO,HYDRO,347.1586864954895,896
2026-08-01T23:00:00Z,OTHER,BIOMASS,107.43405365546545,195
2026-08-01T23:00:00Z,OTHER,COMPOSITE,0,20
2026-08-01T23:00:00Z,OTHER,GAS,1.9999510049819944,10
2026-08-01T23:00:00Z,OTHER,GAS COGEN,33.175077480740015,58
2026-08-01T23:00:00Z,OTHER,OIL/GAS,39.280732555389406,53
2026-08-01T23:00:00Z,OTHER,WOOD/REFUSE,71.33548018561468,149
2026-08-01T23:00:00Z,SOLAR,SOLAR,1352.1457019088832,1870
2026-08-01T23:00:00Z,WIND,WIND,3724.3637990233633,5684
2026-08-02T00:00:00Z,ENERGY STORAGE,ENERGY STORAGE,0,270
2026-08-02T00:00:00Z,GAS,COGENERATION,3965.0717105960844,6122
2026-08-02T00:00:00Z,GAS,COMBINED CYCLE,2757.4618807452252,3974
2026-08-02T00:00:00Z,GAS,GAS FIRED STEAM,511.07115904490155,3078
2026-08-02T00:00:00Z,GAS,SIMPLE CYCLE,128.04260999149747,1014
2026-08-02T00:00:00Z,HYDRO,HYDRO,383.2315720484157,896
2026-08-02T00:00:00Z,OTHER,BIOMASS,108.20033180236817,195
2026-08-02T00:00:00Z,OTHER,COMPOSITE,0,20
2026-08-02T00:00:00Z,OTHER,GAS,1.9999510049819944,10
2026-08-02T00:00:00Z,OTHER,GAS COGEN,33.18235110388862,58
2026-08-02T00:00:00Z,OTHER,OIL/GAS,39.05298294067383,53
2026-08-02T00:00:00Z,OTHER,WOOD/REFUSE,71.43433185153538,149
2026-08-02T00:00:00Z,SOLAR,SOLAR,1067.9770541405017,1870
2026-08-02T00:00:00Z,WIND,WIND,3684.0241472058824,5684
2026-08-02T01:00:00Z,ENERGY STORAGE,ENERGY STORAGE,0,270
2026-08-02T01:00:00Z,GAS,COGENERATION,3956.5245617222786,6122
2026-08-02T01:00:00Z,GAS,COMBINED CYCLE,2755.752983562946,3974
2026-08-02T01:00:00Z,GAS,GAS FIRED STEAM,510.13321434021,3078
2026-08-02T01:00:00Z,GAS,SIMPLE CYCLE,127.91799921671549,1014
2026-08-02T01:00:00Z,HYDRO,HYDRO,398.3463881461819,896
2026-08-02T01:00:00Z,OTHER,BIOMASS,106.14905362685522,195
2026-08-02T01:00:00Z,OTHER,COMPOSITE,0,20
2026-08-02T01:00:00Z,OTHER,GAS,1.9999510049819944,10
2026-08-02T01:00:00Z,OTHER,GAS COGEN,33.09137532975939,58
2026-08-02T01:00:00Z,OTHER,OIL/GAS,40.83724880218506,53
2026-08-02T01:00:00Z,OTHER,WOOD/REFUSE,71.35717539893257,149
2026-08-02T01:00:00Z,SOLAR,SOLAR,544.1324365547465,1870
2026-08-02T01:00:00Z,WIND,WIND,3682.7141586470602,5684
2026-08-02T02:00:00Z,ENERGY STORAGE,ENERGY STORAGE,0,270
2026-08-02T02:00:00Z,GAS,COGENERATION,4036.9274396321507,6122
2026-08-02T02:00:00Z,GAS,COMBINED CYCLE,2795.328313588301,3974
2026-08-02T02:00:00Z,GAS,GAS FIRED STEAM,575.4879901970758,3078
2026-08-02T02:00:00Z,GAS,SIMPLE CYCLE,74.29672134127881,1014
2026-08-02T02:00:00Z,HYDRO,HYDRO,360.33376030168597,896
2026-08-02T02:00:00Z,OTHER,BIOMASS,106.139054034551,195
2026-08-02T02:00:00Z,OTHER,COMPOSITE,0,20
2026-08-02T02:00:00Z,OTHER,GAS,1.9999510049819944,10
2026-08-02T02:00:00Z,OTHER,GAS COGEN,33.18604384316338,58
2026-08-02T02:00:00Z,OTHER,OIL/GAS,41.50363301595052,53
2026-08-02T02:00:00Z,OTHER,WOOD/REFUSE,70.65923284742567,149
2026-08-02T02:00:00Z,SOLAR,SOLAR,106.4089050203065,1870
2026-08-02T02:00:00Z,WIND,WIND,3800.9655416374735,5684
2026-08-02T03:00:00Z,ENERGY STORAGE,ENERGY STORAGE,0,270
2026-08-02T03:00:00Z,GAS,COGENERATION,4011.5341375263533,6122
2026-08-02T03:00:00Z,GAS,COMBINED CYCLE,2695.9647914822895,3974
2026-08-02T03:00:00Z,GAS,GAS FIRED STEAM,516.3143264389039,3078
2026-08-02T03:00:00Z,GAS,SIMPLE CYCLE,70.32222070217132,1014
2026-08-02T03:00:00Z,HYDRO,HYDRO,331.36357845099434,896
2026-08-02T03:00:00Z,OTHER,BIOMASS,111.14794254382451,195
2026-08-02T03:00:00Z,OTHER,COMPOSITE,0,20
2026-08-02T03:00:00Z,OTHER,GAS,1.9999510049819944,10
2026-08-02T03:00:00Z,OTHER,GAS COGEN,33.08637373977237,58
2026-08-02T03:00:00Z,OTHER,OIL/GAS,42.56339407602946,53
2026-08-02T03:00:00Z,OTHER,WOOD/REFUSE,70.67022524939642,149
2026-08-02T03:00:00Z,SOLAR,SOLAR,0.23422222429679498,1870
2026-08-02T03:00:00Z,WIND,WIND,4001.364201826122,5684
2026-08-02T04:00:00Z,ENERGY STORAGE,ENERGY STORAGE,0,270
2026-08-02T04:00:00Z,GAS,COGENERATION,4088.1983708696894,6122
2026-08-02T04:00:00Z,GAS,COMBINED CYCLE,2378.4270225898426,3974
2026-08-02T04:00:00Z,GAS,GAS FIRED STEAM,509.43021419101296,3078
2026-08-02T04:00:00Z,GAS,SIMPLE CYCLE,71.3322210597992,1014
2026-08-02T04:00:00Z,HYDRO,HYDRO,304.6410020338413,896
2026-08-02T04:00:00Z,OTHER,BIOMASS,106.92027566115061,195
2026-08-02T04:00:00Z,OTHER,COMPOSITE,0,20
2026-08-02T04:00:00Z,OTHER,GAS,1.9999510049819944,10
2026-08-02T04:00:00Z,OTHER,GAS COGEN,33.12434643321567,58
2026-08-02T04:00:00Z,OTHER,OIL/GAS,42.27868811501397,53
2026-08-02T04:00:00Z,OTHER,WOOD/REFUSE,70.88651043362087,149
2026-08-02T04:00:00Z,SOLAR,SOLAR,0.10000000149011612,1870
2026-08-02T04:00:00Z,WIND,WIND,3957.7834046301577,5684
2026-08-02T05:00:00Z,ENERGY STORAGE,ENERGY STORAGE,-0.7281666662626797,270
2026-08-02T05:00:00Z,GAS,COGENERATION,4037.4792083509765,6122
2026-08-02T05:00:00Z,GAS,COMBINED CYCLE,1545.4839691164757,3974
2026-08-02T05:00:00Z,GAS,GAS FIRED STEAM,600.2567688751221,3078
2026-08-02T05:00:00Z,GAS,SIMPLE CYCLE,65.90383238282469,1014
2026-08-02T05:00:00Z,HYDRO,HYDRO,289.60948988176057,896
2026-08-02T05:00:00Z,OTHER,BIOMASS,104.61671994845072,195
2026-08-02T05:00:00Z,OTHER,COMPOSITE,0,20
2026-08-02T05:00:00Z,OTHER,GAS,1.9999510049819944,10
2026-08-02T05:00:00Z,OTHER,GAS COGEN,33.12442111757066,58
2026-08-02T05:00:00Z,OTHER,OIL/GAS,42.66057635201348,53
2026-08-02T05:00:00Z,OTHER,WOOD/REFUSE,71.17466362423367,149
2026-08-02T05:00:00Z,SOLAR,SOLAR,0.10000000149011612,1870
2026-08-02T05:00:00Z,WIND,WIND,3793.5515583196034,5684
2026-08-02T06:00:00Z,ENERGY STORAGE,ENERGY STORAGE,-4.259666568016012,270
2026-08-02T06:00:00Z,GAS,COGENERATION,4039.858798709843,6122
2026-08-02T06:00:00Z,GAS,COMBINED CYCLE,1477.1270824946298,3974
2026-08-02T06:00:00Z,GAS,GAS FIRED STEAM,738.4962102805243,3078
2026-08-02T06:00:00Z,GAS,SIMPLE CYCLE,86.17516497506035,1014
2026-08-02T06:00:00Z,HYDRO,HYDRO,303.49221140959196,896
2026-08-02T06:00:00Z,OTHER,BIOMASS,105.64427554660374,195
2026-08-02T06:00:00Z,OTHER,COMPOSITE,0,20
2026-08-02T06:00:00Z,OTHER,GAS,1.9999510049819944,10
2026-08-02T06:00:00Z,OTHER,GAS COGEN,33.050901913113066,58
2026-08-02T06:00:00Z,OTHER,OIL/GAS,42.75488230175442,53
2026-08-02T06:00:00Z,OTHER,WOOD/REFUSE,71.3717280790541,149
2026-08-02T06:00:00Z,SOLAR,SOLAR,0.10000000149011612,1870
2026-08-02T06:00:00Z,WIND,WIND,3486.874408389578,5684
2026-08-02T07:00:00Z,ENERGY STORAGE,ENERGY STORAGE,-10.181777497248516,270
2026-08-02T07:00:00Z,GAS,COGENERATION,4049.722638422648,6122
2026-08-02T07:00:00Z,GAS,COMBINED CYCLE,1477.1296781256465,3974
2026-08-02T07:00:00Z,GAS,GAS FIRED STEAM,580.3418799209595,3078
2026-08-02T07:00:00Z,GAS,SIMPLE CYCLE,61.626776678164795,1014
2026-08-02T07:00:00Z,HYDRO,HYDRO,308.20490158165495,896
2026-08-02T07:00:00Z,OTHER,BIOMASS,106.45338683711158,195
2026-08-02T07:00:00Z,OTHER,COMPOSITE,0,20
2026-08-02T07:00:00Z,OTHER,GAS,1.9999510049819944,10
2026-08-02T07:00:00Z,OTHER,GAS COGEN,32.97171302371555,58
2026-08-02T07:00:00Z,OTHER,OIL/GAS,42.82459884431627,53
2026-08-02T07:00:00Z,OTHER,WOOD/REFUSE,71.89666493733723,149
2026-08-02T07:00:00Z,SOLAR,SOLAR,0.10000000149011612,1870
2026-08-02T07:00:00Z,WIND,WIND,3430.64755915309,5684
2026-08-02T08:00:00Z,ENERGY STORAGE,ENERGY STORAGE,11.352444136432478,270
2026-08-02T08:00:00Z,GAS,COGENERATION,4068.2428991636966,6122
2026-08-02T08:00:00Z,GAS,COMBINED CYCLE,1477.1902433378166,3974
2026-08-02T08:00:00Z,GAS,GAS FIRED STEAM,468.4112707180447,3078
2026-08-02T08:00:00Z,GAS,SIMPLE CYCLE,61.34066468344794,1014
2026-08-02T08:00:00Z,HYDRO,HYDRO,304.6806560534901,896
2026-08-02T08:00:00Z,OTHER,BIOMASS,105.76460950533549,195
2026-08-02T08:00:00Z,OTHER,COMPOSITE,0,20
2026-08-02T08:00:00Z,OTHER,GAS,1.9999510049819944,10
2026-08-02T08:00:00Z,OTHER,GAS COGEN,33.0166973982917,58
2026-08-02T08:00:00Z,OTHER,OIL/GAS,42.560727490319145,53
2026-08-02T08:00:00Z,OTHER,WOOD/REFUSE,71.23029646555582,149
2026-08-02T08:00:00Z,SOLAR,SOLAR,0.10000000149011612,1870
2026-08-02T08:00:00Z,WIND,WIND,3678.9604421395893,5684
2026-08-02T09:00:00Z,ENERGY STORAGE,ENERGY STORAGE,9.583888636579116,270
2026-08-02T09:00:00Z,GAS,COGENERATION,4076.3666032648084,6122
2026-08-02T09:00:00Z,GAS,COMBINED CYCLE,1478.559562264151,3974
2026-08-02T09:00:00Z,GAS,GAS FIRED STEAM,468.38843723720976,3078
2026-08-02T09:00:00Z,GAS,SIMPLE CYCLE,61.09727661980523,1014
2026-08-02T09:00:00Z,HYDRO,HYDRO,287.39955904192396,896
2026-08-02T09:00:00Z,OTHER,BIOMASS,104.45977625820372,195
2026-08-02T09:00:00Z,OTHER,COMPOSITE,0,20
2026-08-02T09:00:00Z,OTHER,GAS,1.9999510049819944,10
2026-08-02T09:00:00Z,OTHER,GAS COGEN,32.99998696221246,58
2026-08-02T09:00:00Z,OTHER,OIL/GAS,42.13251517613729,53
2026-08-02T09:00:00Z,OTHER,WOOD/REFUSE,71.16294543796116,149
2026-08-02T09:00:00Z,SOLAR,SOLAR,0.10000000149011612,1870
2026-08-02T09:00:00Z,WIND,WIND,3421.279489197466,5684
2026-08-02T10:00:00Z,ENERGY STORAGE,ENERGY STORAGE,0.10000000894069672,270
2026-08-02T10:00:00Z,GAS,COGENERATION,4080.6044277014335,6122
2026-08-02T10:00:00Z,GAS,COMBINED CYCLE,1489.7157800594964,3974
2026-08-02T10:00:00Z,GAS,GAS FIRED STEAM,468.5961012268066,3078
2026-08-02T10:00:00Z,GAS,SIMPLE CYCLE,60.61360899448395,1014
2026-08-02T10:00:00Z,HYDRO,HYDRO,332.4545789695448,896
2026-08-02T10:00:00Z,OTHER,BIOMASS,104.44294304953681,195
2026-08-02T10:00:00Z,OTHER,COMPOSITE,0,20
2026-08-02T10:00:00Z,OTHER,GAS,1.9999510049819944,10
2026-08-02T10:00:00Z,OTHER,GAS COGEN,33.055738023651976,58
2026-08-02T10:00:00Z,OTHER,OIL/GAS,42.01089906904433,53
2026-08-02T10:00:00Z,OTHER,WOOD/REFUSE,71.42312416500515,149
2026-08-02T10:00:00Z,SOLAR,SOLAR,0.10000000149011612,1870
2026-08-02T10:00:00Z,WIND,WIND,3329.290780178242,5684
2026-08-02T11:00:00Z,ENERGY STORAGE,ENERGY STORAGE,0.10000000894069672,270
2026-08-02T11:00:00Z,GAS,COGENERATION,4124.302096480132,6122
2026-08-02T11:00:00Z,GAS,COMBINED CYCLE,1982.3748118752903,3974
2026-08-02T11:00:00Z,GAS,GAS FIRED STEAM,468.789714817471,3078
2026-08-02T11:00:00Z,GAS,SIMPLE CYCLE,57.65610955927107,1014
2026-08-02T11:00:00Z,HYDRO,HYDRO,336.96533504055606,896
2026-08-02T11:00:00Z,OTHER,BIOMASS,104.26710877127118,195
2026-08-02T11:00:00Z,OTHER,COMPOSITE,0,20
2026-08-02T11:00:00Z,OTHER,GAS,1.9999510049819944,10
2026-08-02T11:00:00Z,OTHER,GAS COGEN,33.06401364935769,58
2026-08-02T11:00:00Z,OTHER,OIL/GAS,41.68999878141615,53
2026-08-02T11:00:00Z,OTHER,WOOD/REFUSE,71.17879543728299,149
2026-08-02T11:00:00Z,SOLAR,SOLAR,0.10000000149011612,1870
2026-08-02T11:00:00Z,WIND,WIND,2872.2762490251994,5684
2026-08-02T12:00:00Z,ENERGY STORAGE,ENERGY STORAGE,0.10000000894069672,270
2026-08-02T12:00:00Z,GAS,COGENERATION,4165.908185644945,6122
2026-08-02T12:00:00Z,GAS,COMBINED CYCLE,2143.106249726878,3974
2026-08-02T12:00:00Z,GAS,GAS FIRED STEAM,468.8122157669068,3078
2026-08-02T12:00:00Z,GAS,SIMPLE CYCLE,59.514888341691766,1014
2026-08-02T12:00:00Z,HYDRO,HYDRO,325.28581464412315,896
2026-08-02T12:00:00Z,OTHER,BIOMASS,108.09372029039595,195
2026-08-02T12:00:00Z,OTHER,COMPOSITE,0,20
2026-08-02T12:00:00Z,OTHER,GAS,1.9999510049819944,10
2026-08-02T12:00:00Z,OTHER,GAS COGEN,33.08858932998445,58
2026-08-02T12:00:00Z,OTHER,OIL/GAS,41.34779859966702,53
2026-08-02T12:00:00Z,OTHER,WOOD/REFUSE,70.69121242523194,149
2026-08-02T12:00:00Z,SOLAR,SOLAR,35.15633279947771,1870
2026-08-02T12:00:00Z,WIND,WIND,2675.2815056644213,5684
2026-08-02T13:00:00Z,ENERGY STORAGE,ENERGY STORAGE,-1.521388903889391,270
2026-08-02T13:00:00Z,GAS,COGENERATION,4313.990030211077,6122
2026-08-02T13:00:00Z,GAS,COMBINED CYCLE,2317.6025027230053,3974
2026-08-02T13:00:00Z,GAS,GAS FIRED STEAM,630.6880423863729,3078
2026-08-02T13:00:00Z,GAS,SIMPLE CYCLE,61.255443471272784,1014
2026-08-02T13:00:00Z,HYDRO,HYDRO,324.80015128241644,896
2026-08-02T13:00:00Z,OTHER,BIOMASS,108.2982202662362,195
2026-08-02T13:00:00Z,OTHER,COMPOSITE,0,20
2026-08-02T13:00:00Z,OTHER,GAS,1.9999510049819944,10
2026-08-02T13:00:00Z,OTHER,GAS COGEN,32.600608399179244,58
2026-08-02T13:00:00Z,OTHER,OIL/GAS,41.250166015625,53
2026-08-02T13:00:00Z,OTHER,WOOD/REFUSE,70.823615904914,149
2026-08-02T13:00:00Z,SOLAR,SOLAR,241.520807492406,1870
2026-08-02T13:00:00Z,WIND,WIND,2057.5017680844335,5684
2026-08-02T14:00:00Z,ENERGY STORAGE,ENERGY STORAGE,-1.6798333524167537,270
2026-08-02T14:00:00Z,GAS,COGENERATION,4312.065783465969,6122
2026-08-02T14:00:00Z,GAS,COMBINED CYCLE,2327.5086648437714,3974
2026-08-02T14:00:00Z,GAS,GAS FIRED STEAM,577.4720447370742,3078
2026-08-02T14:00:00Z,GAS,SIMPLE CYCLE,57.800776275528804,1014
2026-08-02T14:00:00Z,HYDRO,HYDRO,378.2386579715543,896
2026-08-02T14:00:00Z,OTHER,BIOMASS,106.82655365731982,195
2026-08-02T14:00:00Z,OTHER,COMPOSITE,0,20
2026-08-02T14:00:00Z,OTHER,GAS,1.9999510049819944,10
2026-08-02T14:00:00Z,OTHER,GAS COGEN,32.74492604891459,58
2026-08-02T14:00:00Z,OTHER,OIL/GAS,40.88135420057509,53
2026-08-02T14:00:00Z,OTHER,WOOD/REFUSE,70.40975988176135,149
2026-08-02T14:00:00Z,SOLAR,SOLAR,664.215311807543,1870
2026-08-02T14:00:00Z,WIND,WIND,1764.276254641364,5684
2026-08-02T15:00:00Z,ENERGY STORAGE,ENERGY STORAGE,-1.600000023841858,270
2026-08-02T15:00:00Z,GAS,COGENERATION,4169.850301628775,6122
2026-08-02T15:00:00Z,GAS,COMBINED CYCLE,2131.7813993793065,3974
2026-08-02T15:00:00Z,GAS,GAS FIRED STEAM,510.7972695880467,3078
2026-08-02T15:00:00Z,GAS,SIMPLE CYCLE,60.03983200020261,1014
2026-08-02T15:00:00Z,HYDRO,HYDRO,329.0797370623383,896
2026-08-02T15:00:00Z,OTHER,BIOMASS,108.12910864724054,195
2026-08-02T15:00:00Z,OTHER,COMPOSITE,0,20
2026-08-02T15:00:00Z,OTHER,GAS,1.9999510049819944,10
2026-08-02T15:00:00Z,OTHER,GAS COGEN,32.531343918906316,58
2026-08-02T15:00:00Z,OTHER,OIL/GAS,40.525115655263264,53
2026-08-02T15:00:00Z,OTHER,WOOD/REFUSE,70.72816553751628,149
2026-08-02T15:00:00Z,SOLAR,SOLAR,1075.310435863071,1870
2026-08-02T15:00:00Z,WIND,WIND,1622.4734822297924,5684
2026-08-02T16:00:00Z,ENERGY STORAGE,ENERGY STORAGE,-1.600000023841858,270
2026-08-02T16:00:00Z,GAS,COGENERATION,4105.702738830712,6122
2026-08-02T16:00:00Z,GAS,COMBINED CYCLE,1736.63853034695,3974
2026-08-02T16:00:00Z,GAS,GAS FIRED STEAM,468.7835488510132,3078
2026-08-02T16:00:00Z,GAS,SIMPLE CYCLE,59.912943013509114,1014
2026-08-02T16:00:00Z,HYDRO,HYDRO,289.7902396430572,896
2026-08-02T16:00:00Z,OTHER,BIOMASS,107.29794244819217,195
2026-08-02T16:00:00Z,OTHER,COMPOSITE,0,20
2026-08-02T16:00:00Z,OTHER,GAS,1.9999510049819944,10
2026-08-02T16:00:00Z,OTHER,GAS COGEN,32.66562539100647,58
2026-08-02T16:00:00Z,OTHER,OIL/GAS,40.2867151260376,53
2026-08-02T16:00:00Z,OTHER,WOOD/REFUSE,70.46019911872015,149
2026-08-02T16:00:00Z,SOLAR,SOLAR,1386.193056501415,1870
2026-08-02T16:00:00Z,WIND,WIND,2033.5114190773418,5684
2026-08-02T17:00:00Z,ENERGY STORAGE,ENERGY STORAGE,-1.600000023841858,270
2026-08-02T17:00:00Z,GAS,COGENERATION,4108.272912119494,6122
2026-08-02T17:00:00Z,GAS,COMBINED CYCLE,1497.6275628899202,3974
2026-08-02T17:00:00Z,GAS,GAS FIRED STEAM,468.3429941219754,3078
2026-08-02T17:00:00Z,GAS,SIMPLE CYCLE,60.02299952612983,1014
2026-08-02T17:00:00Z,HYDRO,HYDRO,345.4526820378668,896
2026-08-02T17:00:00Z,OTHER,BIOMASS,111.5673868587282,195
2026-08-02T17:00:00Z,OTHER,COMPOSITE,0,20
2026-08-02T17:00:00Z,OTHER,GAS,1.9999510049819944,10
2026-08-02T17:00:00Z,OTHER,GAS COGEN,32.633696201112535,58
2026-08-02T17:00:00Z,OTHER,OIL/GAS,40.09636542638143,53
2026-08-02T17:00:00Z,OTHER,WOOD/REFUSE,70.05661588456896,149
2026-08-02T17:00:00Z,SOLAR,SOLAR,1569.715057499806,1870
2026-08-02T17:00:00Z,WIND,WIND,2202.3169084712035,5684
2026-08-02T18:00:00Z,ENERGY STORAGE,ENERGY STORAGE,-1.600000023841858,270
2026-08-02T18:00:00Z,GAS,COGENERATION,4120.693389192422,6122
2026-08-02T18:00:00Z,GAS,COMBINED CYCLE,1567.3894496080611,3974
2026-08-02T18:00:00Z,GAS,GAS FIRED STEAM,468.32710347493486,3078
2026-08-02T18:00:00Z,GAS,SIMPLE CYCLE,59.851443275875525,1014
2026-08-02T18:00:00Z,HYDRO,HYDRO,301.79244105517864,896
2026-08-02T18:00:00Z,OTHER,BIOMASS,107.44044232898288,195
2026-08-02T18:00:00Z,OTHER,COMPOSITE,0,20
2026-08-02T18:00:00Z,OTHER,GAS,1.9999510049819944,10
2026-08-02T18:00:00Z,OTHER,GAS COGEN,32.93403957578871,58
2026-08-02T18:00:00Z,OTHER,OIL/GAS,40.13821687062581,53
2026-08-02T18:00:00Z,OTHER,WOOD/REFUSE,69.87258488972982,149
2026-08-02T18:00:00Z,SOLAR,SOLAR,1615.1214099758533,1870
2026-08-02T18:00:00Z,WIND,WIND,2273.0508850852316,5684
2026-08-02T19:00:00Z,ENERGY STORAGE,ENERGY STORAGE,-1.600000023841858,270
2026-08-02T19:00:00Z,GAS,COGENERATION,4135.789858283202,6122
2026-08-02T19:00:00Z,GAS,COMBINED CYCLE,1784.457776986228,3974
2026-08-02T19:00:00Z,GAS,GAS FIRED STEAM,468.37010373433435,3078
2026-08-02T19:00:00Z,GAS,SIMPLE CYCLE,65.13672130982081,1014
2026-08-02T19:00:00Z,HYDRO,HYDRO,342.5562521619267,896
2026-08-02T19:00:00Z,OTHER,BIOMASS,108.5449425819185,195
2026-08-02T19:00:00Z,OTHER,COMPOSITE,0,20
2026-08-02T19:00:00Z,OTHER,GAS,1.9999510049819944,10
2026-08-02T19:00:00Z,OTHER,GAS COGEN,32.99730113983155,58
2026-08-02T19:00:00Z,OTHER,OIL/GAS,39.8004154586792,53
2026-08-02T19:00:00Z,OTHER,WOOD/REFUSE,70.55743145412869,149
2026-08-02T19:00:00Z,SOLAR,SOLAR,1531.805700785584,1870
2026-08-02T19:00:00Z,WIND,WIND,2492.113060466051,5684
2026-08-02T20:00:00Z,ENERGY STORAGE,ENERGY STORAGE,-1.600000023841858,270
2026-08-02T20:00:00Z,GAS,COGENERATION,4124.607849363221,6122
2026-08-02T20:00:00Z,GAS,COMBINED CYCLE,1879.6757475931115,3974
2026-08-02T20:00:00Z,GAS,GAS FIRED STEAM,468.598992445204,3078
2026-08-02T20:00:00Z,GAS,SIMPLE CYCLE,66.32544429355198,1014
2026-08-02T20:00:00Z,HYDRO,HYDRO,337.1989680341217,896
2026-08-02T20:00:00Z,OTHER,BIOMASS,111.9041090906991,195
2026-08-02T20:00:00Z,OTHER,COMPOSITE,0,20
2026-08-02T20:00:00Z,OTHER,GAS,1.9999510049819944,10
2026-08-02T20:00:00Z,OTHER,GAS COGEN,33.09540125634935,58
2026-08-02T20:00:00Z,OTHER,OIL/GAS,39.849833181169295,53
2026-08-02T20:00:00Z,OTHER,WOOD/REFUSE,70.11117756313747,149
2026-08-02T20:00:00Z,SOLAR,SOLAR,1347.5065240754352,1870
2026-08-02T20:00:00Z,WIND,WIND,2643.551974463256,5684
2026-08-02T21:00:00Z,ENERGY STORAGE,ENERGY STORAGE,-1.689777716000875,270
2026-08-02T21:00:00Z,GAS,COGENERATION,4117.682814708815,6122
2026-08-02T21:00:00Z,GAS,COMBINED CYCLE,1869.8033419014348,3974
2026-08-02T21:00:00Z,GAS,GAS FIRED STEAM,468.69204761505125,3078
2026-08-02T21:00:00Z,GAS,SIMPLE CYCLE,65.63699969212215,1014
2026-08-02T21:00:00Z,HYDRO,HYDRO,371.48400112496483,896
2026-08-02T21:00:00Z,OTHER,BIOMASS,111.6413868464364,195
2026-08-02T21:00:00Z,OTHER,COMPOSITE,0,20
2026-08-02T21:00:00Z,OTHER,GAS,1.9999510049819944,10
2026-08-02T21:00:00Z,OTHER,GAS COGEN,33.07182742966546,58
2026-08-02T21:00:00Z,OTHER,OIL/GAS,39.76154902776082,53
2026-08-02T21:00:00Z,OTHER,WOOD/REFUSE,70.38519607967801,149
2026-08-02T21:00:00Z,SOLAR,SOLAR,1331.2723842367861,1870
2026-08-02T21:00:00Z,WIND,WIND,2680.5983568892875,5684
2026-08-02T22:00:00Z,ENERGY STORAGE,ENERGY STORAGE,-1.6999999284744265,270
2026-08-02T22:00:00Z,GAS,COGENERATION,4117.517255733808,6122
2026-08-02T22:00:00Z,GAS,COMBINED CYCLE,1863.1479133265548,3974
2026-08-02T22:00:00Z,GAS,GAS FIRED STEAM,468.86760348002116,3078
2026-08-02T22:00:00Z,GAS,SIMPLE CYCLE,61.045999727249146,1014
2026-08-02T22:00:00Z,HYDRO,HYDRO,368.93622846722604,896
2026-08-02T22:00:00Z,OTHER,BIOMASS,111.03927534209357,195
2026-08-02T22:00:00Z,OTHER,COMPOSITE,0,20
2026-08-02T22:00:00Z,OTHER,GAS,1.9999510049819944,10
2026-08-02T22:00:00Z,OTHER,GAS COGEN,33.173433689541284,58
2026-08-02T22:00:00Z,OTHER,OIL/GAS,39.62551532745361,53
2026-08-02T22:00:00Z,OTHER,WOOD/REFUSE,70.07298275841607,149
2026-08-02T22:00:00Z,SOLAR,SOLAR,1223.5665203613373,1870
2026-08-02T22:00:00Z,WIND,WIND,2842.5614790076515,5684
2026-08-02T23:00:00Z,ENERGY STORAGE,ENERGY STORAGE,-1.6999999284744265,270
2026-08-02T23:00:00Z,GAS,COGENERATION,4123.947916140556,6122
2026-08-02T23:00:00Z,GAS,COMBINED CYCLE,1965.2926002640195,3974
2026-08-02T23:00:00Z,GAS,GAS FIRED STEAM,468.8537716293335,3078
2026-08-02T23:00:00Z,GAS,SIMPLE CYCLE,61.11561087078518,1014
2026-08-02T23:00:00Z,HYDRO,HYDRO,348.67364570140836,896
2026-08-02T23:00:00Z,OTHER,BIOMASS,107.49383121967315,195
2026-08-02T23:00:00Z,OTHER,COMPOSITE,0,20
2026-08-02T23:00:00Z,OTHER,GAS,1.9999510049819944,10
2026-08-02T23:00:00Z,OTHER,GAS COGEN,33.19752781444126,58
2026-08-02T23:00:00Z,OTHER,OIL/GAS,40.527809884813095,53
2026-08-02T23:00:00Z,OTHER,WOOD/REFUSE,68.80074191623264,149
2026-08-02T23:00:00Z,SOLAR,SOLAR,906.3953184483614,1870
2026-08-02T23:00:00Z,WIND,WIND,3142.997014506368,5684
2026-08-03T00:00:00Z,ENERGY STORAGE,ENERGY STORAGE,-1.6999999284744265,270
2026-08-03T00:00:00Z,GAS,COGENERATION,4143.898538492984,6122
2026-08-03T00:00:00Z,GAS,COMBINED CYCLE,1882.726036090056,3974
2026-08-03T00:00:00Z,GAS,GAS FIRED STEAM,468.74710436926944,3078
2026-08-03T00:00:00Z,GAS,SIMPLE CYCLE,60.95461088180542,1014
2026-08-03T00:00:00Z,HYDRO,HYDRO,354.72292229447925,896
2026-08-03T00:00:00Z,OTHER,BIOMASS,108.99627606709798,195
2026-08-03T00:00:00Z,OTHER,COMPOSITE,0,20
2026-08-03T00:00:00Z,OTHER,GAS,1.9999510049819944,10
2026-08-03T00:00:00Z,OTHER,GAS COGEN,33.15385104709202,58
2026-08-03T00:00:00Z,OTHER,OIL/GAS,41.332437693278,53
2026-08-03T00:00:00Z,OTHER,WOOD/REFUSE,70.44513520558675,149
2026-08-03T00:00:00Z,SOLAR,SOLAR,684.5777599959572,1870
2026-08-03T00:00:00Z,WIND,WIND,3415.7522059862977,5684
2026-08-03T01:00:00Z,ENERGY STORAGE,ENERGY STORAGE,-1.6999999284744265,270
2026-08-03T01:00:00Z,GAS,COGENERATION,4156.387496538162,6122
2026-08-03T01:00:00Z,GAS,COMBINED CYCLE,1759.1798056944212,3974
2026-08-03T01:00:00Z,GAS,GAS FIRED STEAM,468.4022156778971,3078
2026-08-03T01:00:00Z,GAS,SIMPLE CYCLE,61.12833275689019,1014
2026-08-03T01:00:00Z,HYDRO,HYDRO,377.859696179231,896
2026-08-03T01:00:00Z,OTHER,BIOMASS,108.33677630265554,195
2026-08-03T01:00:00Z,OTHER,COMPOSITE,0,20
2026-08-03T01:00:00Z,OTHER,GAS,1.9999510049819944,10
2026-08-03T01:00:00Z,OTHER,GAS COGEN,33.14981156481637,58
2026-08-03T01:00:00Z,OTHER,OIL/GAS,41.50623182296753,53
2026-08-03T01:00:00Z,OTHER,WOOD/REFUSE,70.21061368306478,149
2026-08-03T01:00:00Z,SOLAR,SOLAR,415.40160853907463,1870
2026-08-03T01:00:00Z,WIND,WIND,3551.9469914724427,5684
2026-08-03T02:00:00Z,ENERGY STORAGE,ENERGY STORAGE,-1.6999999284744265,270
2026-08-03T02:00:00Z,GAS,COGENERATION,4158.735029681524,6122
2026-08-03T02:00:00Z,GAS,COMBINED CYCLE,1813.0833229797418,3974
2026-08-03T02:00:00Z,GAS,GAS FIRED STEAM,468.59143725077314,3078
2026-08-03T02:00:00Z,GAS,SIMPLE CYCLE,60.843388373057046,1014
2026-08-03T02:00:00Z,HYDRO,HYDRO,370.01792408721315,896
2026-08-03T02:00:00Z,OTHER,BIOMASS,110.18916497707367,195
2026-08-03T02:00:00Z,OTHER,COMPOSITE,0,20
2026-08-03T02:00:00Z,OTHER,GAS,1.9999510049819944,10
2026-08-03T02:00:00Z,OTHER,GAS COGEN,33.16503537045584,58
2026-08-03T02:00:00Z,OTHER,OIL/GAS,41.940832970937095,53
2026-08-03T02:00:00Z,OTHER,WOOD/REFUSE,70.30982156965467,149
2026-08-03T02:00:00Z,SOLAR,SOLAR,87.55151754445086,1870
2026-08-03T02:00:00Z,WIND,WIND,3702.8856456869676,5684
2026-08-03T03:00:00Z,ENERGY STORAGE,ENERGY STORAGE,-2.1981666023532553,270
2026-08-03T03:00:00Z,GAS,COGENERATION,4194.323815745513,6122
2026-08-03T03:00:00Z,GAS,COMBINED CYCLE,2037.0278727911577,3974
2026-08-03T03:00:00Z,GAS,GAS FIRED STEAM,468.6629931131999,3078
2026-08-03T03:00:00Z,GAS,SIMPLE CYCLE,60.983665438758,1014
2026-08-03T03:00:00Z,HYDRO,HYDRO,334.76928098499775,896
2026-08-03T03:00:00Z,OTHER,BIOMASS,111.11583164109123,195
2026-08-03T03:00:00Z,OTHER,COMPOSITE,0,20
2026-08-03T03:00:00Z,OTHER,GAS,1.9999510049819944,10
2026-08-03T03:00:00Z,OTHER,GAS COGEN,33.1122294415368,58
2026-08-03T03:00:00Z,OTHER,OIL/GAS,42.31080972459581,53
2026-08-03T03:00:00Z,OTHER,WOOD/REFUSE,70.36898593478733,149
2026-08-03T03:00:00Z,SOLAR,SOLAR,1.2803775384815204,1870
2026-08-03T03:00:00Z,WIND,WIND,3637.2297879069383,5684
2026-08-03T04:00:00Z,ENERGY STORAGE,ENERGY STORAGE,-2.357833319132527,270
2026-08-03T04:00:00Z,GAS,COGENERATION,4195.149700517919,6122
2026-08-03T04:00:00Z,GAS,COMBINED CYCLE,1700.724285088645,3974
2026-08-03T04:00:00Z,GAS,GAS FIRED STEAM,468.78277051289876,3078
2026-08-03T04:00:00Z,GAS,SIMPLE CYCLE,61.17988839043511,1014
2026-08-03T04:00:00Z,HYDRO,HYDRO,302.5849434555322,896
2026-08-03T04:00:00Z,OTHER,BIOMASS,110.48883117516836,195
2026-08-03T04:00:00Z,OTHER,COMPOSITE,0,20
2026-08-03T04:00:00Z,OTHER,GAS,1.9999510049819944,10
2026-08-03T04:00:00Z,OTHER,GAS COGEN,33.123469252056545,58
2026-08-03T04:00:00Z,OTHER,OIL/GAS,42.65507676442464,53
2026-08-03T04:00:00Z,OTHER,WOOD/REFUSE,70.3584934870402,149
2026-08-03T04:00:00Z,SOLAR,SOLAR,0.3094097383817037,1870
2026-08-03T04:00:00Z,WIND,WIND,4030.800816122658,5684
2026-08-03T05:00:00Z,ENERGY STORAGE,ENERGY STORAGE,-0.20000000298023224,270
2026-08-03T05:00:00Z,GAS,COGENERATION,4197.499135396745,6122
2026-08-03T05:00:00Z,GAS,COMBINED CYCLE,1489.3119487089582,3974
2026-08-03T05:00:00Z,GAS,GAS FIRED STEAM,468.8910485755073,3078
2026-08-03T05:00:00Z,GAS,SIMPLE CYCLE,61.069277393552994,1014
2026-08-03T05:00:00Z,HYDRO,HYDRO,316.0409938495523,896
2026-08-03T05:00:00Z,OTHER,BIOMASS,109.46022007253436,195
2026-08-03T05:00:00Z,OTHER,COMPOSITE,0,20
2026-08-03T05:00:00Z,OTHER,GAS,1.9999510049819944,10
2026-08-03T05:00:00Z,OTHER,GAS COGEN,33.11039782365163,58
2026-08-03T05:00:00Z,OTHER,OIL/GAS,42.95964882108901,53
2026-08-03T05:00:00Z,OTHER,WOOD/REFUSE,70.5469550704956,149
2026-08-03T05:00:00Z,SOLAR,SOLAR,0.20000000298023224,1870
2026-08-03T05:00:00Z,WIND,WIND,3468.6247742779224,5684
2026-08-03T06:00:00Z,ENERGY STORAGE,ENERGY STORAGE,-0.20000000298023224,270
2026-08-03T06:00:00Z,GAS,COGENERATION,4211.922724849913,6122
2026-08-03T06:00:00Z,GAS,COMBINED CYCLE,1498.2733151634534,3974
2026-08-03T06:00:00Z,GAS,GAS FIRED STEAM,468.8048246722751,3078
2026-08-03T06:00:00Z,GAS,SIMPLE CYCLE,61.117610725826694,1014
2026-08-03T06:00:00Z,HYDRO,HYDRO,332.0503130090237,896
2026-08-03T06:00:00Z,OTHER,BIOMASS,108.66399695714314,195
2026-08-03T06:00:00Z,OTHER,COMPOSITE,0,20
2026-08-03T06:00:00Z,OTHER,GAS,1.9999510049819944,10
2026-08-03T06:00:00Z,OTHER,GAS COGEN,33.13286863724391,58
2026-08-03T06:00:00Z,OTHER,OIL/GAS,42.63188179016113,53
2026-08-03T06:00:00Z,OTHER,WOOD/REFUSE,70.35092404259576,149
2026-08-03T06:00:00Z,SOLAR,SOLAR,0.20000000298023224,1870
2026-08-03T06:00:00Z,WIND,WIND,3143.979624487625,5684
2026-08-03T07:00:00Z,ENERGY STORAGE,ENERGY STORAGE,-2.351388846710324,270
2026-08-03T07:00:00Z,GAS,COGENERATION,4232.765967399279,6122
2026-08-03T07:00:00Z,GAS,COMBINED CYCLE,1882.0250353360177,3974
2026-08-03T07:00:00Z,GAS,GAS FIRED STEAM,469.0363816197713,3078
2026-08-03T07:00:00Z,GAS,SIMPLE CYCLE,61.04033248901368,1014
2026-08-03T07:00:00Z,HYDRO,HYDRO,304.82457454919813,896
2026-08-03T07:00:00Z,OTHER,BIOMASS,109.47416368060642,195
2026-08-03T07:00:00Z,OTHER,COMPOSITE,0,20
2026-08-03T07:00:00Z,OTHER,GAS,1.9999510049819944,10
2026-08-03T07:00:00Z,OTHER,GAS COGEN,33.2940827205446,58
2026-08-03T07:00:00Z,OTHER,OIL/GAS,42.79474434746636,53
2026-08-03T07:00:00Z,OTHER,WOOD/REFUSE,69.81944438934326,149
2026-08-03T07:00:00Z,SOLAR,SOLAR,0.20000000298023224,1870
2026-08-03T07:00:00Z,WIND,WIND,2906.497047372539,5684
2026-08-03T08:00:00Z,ENERGY STORAGE,ENERGY STORAGE,4.082333678238921,270
2026-08-03T08:00:00Z,GAS,COGENERATION,4246.212290236155,6122
2026-08-03T08:00:00Z,GAS,COMBINED CYCLE,1984.4212703691587,3974
2026-08-03T08:00:00Z,GAS,GAS FIRED STEAM,469.02038145277237,3078
2026-08-03T08:00:00Z,GAS,SIMPLE CYCLE,60.943554899427625,1014
2026-08-03T08:00:00Z,HYDRO,HYDRO,321.9518945928415,896
2026-08-03T08:00:00Z,OTHER,BIOMASS,106.34727490531074,195
2026-08-03T08:00:00Z,OTHER,COMPOSITE,0,20
2026-08-03T08:00:00Z,OTHER,GAS,1.9999510049819944,10
2026-08-03T08:00:00Z,OTHER,GAS COGEN,33.05630414618386,58
2026-08-03T08:00:00Z,OTHER,OIL/GAS,43.404798889160155,53
2026-08-03T08:00:00Z,OTHER,WOOD/REFUSE,60.46515543619792,149
2026-08-03T08:00:00Z,SOLAR,SOLAR,0.20000000298023224,1870
2026-08-03T08:00:00Z,WIND,WIND,2661.567052653796,5684
2026-08-03T09:00:00Z,ENERGY STORAGE,ENERGY STORAGE,4.16138916869958,270
2026-08-03T09:00:00Z,GAS,COGENERATION,4272.667102914122,6122
2026-08-03T09:00:00Z,GAS,COMBINED CYCLE,2220.496718724039,3974
2026-08-03T09:00:00Z,GAS,GAS FIRED STEAM,469.18071548461916,3078
2026-08-03T09:00:00Z,GAS,SIMPLE CYCLE,60.99299939049615,1014
2026-08-03T09:00:00Z,HYDRO,HYDRO,301.235241967837,896
2026-08-03T09:00:00Z,OTHER,BIOMASS,108.70644177277882,195
2026-08-03T09:00:00Z,OTHER,COMPOSITE,0,20
2026-08-03T09:00:00Z,OTHER,GAS,1.9999510049819944,10
2026-08-03T09:00:00Z,OTHER,GAS COGEN,32.99101271947225,58
2026-08-03T09:00:00Z,OTHER,OIL/GAS,43.46532661014133,53
2026-08-03T09:00:00Z,OTHER,WOOD/REFUSE,57.370353571573894,149
2026-08-03T09:00:00Z,SOLAR,SOLAR,0.20000000298023224,1870
2026-08-03T09:00:00Z,WIND,WIND,2408.482571046096,5684
2026-08-03T10:00:00Z,ENERGY STORAGE,ENERGY STORAGE,-0.5999999791383743,270
2026-08-03T10:00:00Z,GAS,COGENERATION,4298.734245777328,6122
2026-08-03T10:00:00Z,GAS,COMBINED CYCLE,2370.5802643681895,3974
2026-08-03T10:00:00Z,GAS,GAS FIRED STEAM,469.2379928716024,3078
2026-08-03T10:00:00Z,GAS,SIMPLE CYCLE,61.24072153303358,1014
2026-08-03T10:00:00Z,HYDRO,HYDRO,299.2292519428995,896
2026-08-03T10:00:00Z,OTHER,BIOMASS,105.02966415511237,195
2026-08-03T10:00:00Z,OTHER,COMPOSITE,0,20
2026-08-03T10:00:00Z,OTHER,GAS,1.9999510049819944,10
2026-08-03T10:00:00Z,OTHER,GAS COGEN,33.14488362285826,58
2026-08-03T10:00:00Z,OTHER,OIL/GAS,43.48512636184692,53
2026-08-03T10:00:00Z,OTHER,WOOD/REFUSE,54.490559912787546,149
2026-08-03T10:00:00Z,SOLAR,SOLAR,0.20000000298023224,1870
2026-08-03T10:00:00Z,WIND,WIND,2213.113594385518,5684
2026-08-03T11:00:00Z,ENERGY STORAGE,ENERGY STORAGE,-0.5999999791383743,270
2026-08-03T11:00:00Z,GAS,COGENERATION,4296.08627192729,6122
2026-08-03T11:00:00Z,GAS,COMBINED CYCLE,2238.240441761812,3974
2026-08-03T11:00:00Z,GAS,GAS FIRED STEAM,469.2978255674574,3078
2026-08-03T11:00:00Z,GAS,SIMPLE CYCLE,56.66605477174123,1014
2026-08-03T11:00:00Z,HYDRO,HYDRO,269.20994130505454,896
2026-08-03T11:00:00Z,OTHER,BIOMASS,105.72038636366526,195
2026-08-03T11:00:00Z,OTHER,COMPOSITE,0,20
2026-08-03T11:00:00Z,OTHER,GAS,1.9999510049819944,10
2026-08-03T11:00:00Z,OTHER,GAS COGEN,32.96539104514652,58
2026-08-03T11:00:00Z,OTHER,OIL/GAS,43.53318218866984,53
2026-08-03T11:00:00Z,OTHER,WOOD/REFUSE,52.63260421541002,149
2026-08-03T11:00:00Z,SOLAR,SOLAR,0.20000000298023224,1870
2026-08-03T11:00:00Z,WIND,WIND,2260.8331959026264,5684
2026-08-03T12:00:00Z,ENERGY STORAGE,ENERGY STORAGE,-0.5999999791383743,270
2026-08-03T12:00:00Z,GAS,COGENERATION,4283.781132638454,6122
2026-08-03T12:00:00Z,GAS,COMBINED CYCLE,1967.969214047326,3974
2026-08-03T12:00:00Z,GAS,GAS FIRED STEAM,469.46349191877573,3078
2026-08-03T12:00:00Z,GAS,SIMPLE CYCLE,55.538221758736505,1014
2026-08-03T12:00:00Z,HYDRO,HYDRO,338.0591510151492,896
2026-08-03T12:00:00Z,OTHER,BIOMASS,108.59199757311079,195
2026-08-03T12:00:00Z,OTHER,COMPOSITE,0,20
2026-08-03T12:00:00Z,OTHER,GAS,1.9999510049819944,10
2026-08-03T12:00:00Z,OTHER,GAS COGEN,32.787448681725394,58
2026-08-03T12:00:00Z,OTHER,OIL/GAS,42.757537568410235,53
2026-08-03T12:00:00Z,OTHER,WOOD/REFUSE,51.37378016153971,149
2026-08-03T12:00:00Z,SOLAR,SOLAR,11.712610924417774,1870
2026-08-03T12:00:00Z,WIND,WIND,2449.851179012416,5684
2026-08-03T13:00:00Z,ENERGY STORAGE,ENERGY STORAGE,-1.6832221747438112,270
2026-08-03T13:00:00Z,GAS,COGENERATION,4309.344317427476,6122
2026-08-03T13:00:00Z,GAS,COMBINED CYCLE,2479.2938278440633,3974
2026-08-03T13:00:00Z,GAS,GAS FIRED STEAM,472.426381111145,3078
2026-08-03T13:00:00Z,GAS,SIMPLE CYCLE,62.10827646884653,1014
2026-08-03T13:00:00Z,HYDRO,HYDRO,358.45954497413504,896
2026-08-03T13:00:00Z,OTHER,BIOMASS,106.03444186687469,195
2026-08-03T13:00:00Z,OTHER,COMPOSITE,0,20
2026-08-03T13:00:00Z,OTHER,GAS,1.9999510049819944,10
2026-08-03T13:00:00Z,OTHER,GAS COGEN,32.77726556777954,58
2026-08-03T13:00:00Z,OTHER,OIL/GAS,43.36796048058404,53
2026-08-03T13:00:00Z,OTHER,WOOD/REFUSE,50.85977756288317,149
2026-08-03T13:00:00Z,SOLAR,SOLAR,132.3278071030064,1870
2026-08-03T13:00:00Z,WIND,WIND,2052.460669003783,5684
2026-08-03T14:00:00Z,ENERGY STORAGE,ENERGY STORAGE,-1.7999999523162842,270
2026-08-03T14:00:00Z,GAS,COGENERATION,4413.442112735907,6122
2026-08-03T14:00:00Z,GAS,COMBINED CYCLE,2594.7725865803823,3974
2026-08-03T14:00:00Z,GAS,GAS FIRED STEAM,568.5248783535427,3078
2026-08-03T14:00:00Z,GAS,SIMPLE CYCLE,67.90238763584031,1014
2026-08-03T14:00:00Z,HYDRO,HYDRO,317.5002051534918,896
2026-08-03T14:00:00Z,OTHER,BIOMASS,111.14416364298927,195
2026-08-03T14:00:00Z,OTHER,COMPOSITE,0,20
2026-08-03T14:00:00Z,OTHER,GAS,1.9999510049819944,10
2026-08-03T14:00:00Z,OTHER,GAS COGEN,32.76656048138936,58
2026-08-03T14:00:00Z,OTHER,OIL/GAS,42.59779871622721,53
2026-08-03T14:00:00Z,OTHER,WOOD/REFUSE,52.13674853006999,149
2026-08-03T14:00:00Z,SOLAR,SOLAR,440.4967453470992,1870
2026-08-03T14:00:00Z,WIND,WIND,1876.8288539003995,5684
2026-08-03T15:00:00Z,ENERGY STORAGE,ENERGY STORAGE,-1.7999999523162842,270
2026-08-03T15:00:00Z,GAS,COGENERATION,4323.479586350918,6122
2026-08-03T15:00:00Z,GAS,COMBINED CYCLE,2597.6297138052514,3974
2026-08-03T15:00:00Z,GAS,GAS FIRED STEAM,561.8124920442369,3078
2026-08-03T15:00:00Z,GAS,SIMPLE CYCLE,68.0086653942532,1014
2026-08-03T15:00:00Z,HYDRO,HYDRO,313.2970666235023,896
2026-08-03T15:00:00Z,OTHER,BIOMASS,109.25255252043407,195
2026-08-03T15:00:00Z,OTHER,COMPOSITE,0,20
2026-08-03T15:00:00Z,OTHER,GAS,1.9999510049819944,10
2026-08-03T15:00:00Z,OTHER,GAS COGEN,32.72566131220923,58
2026-08-03T15:00:00Z,OTHER,OIL/GAS,42.93739933649699,53
2026-08-03T15:00:00Z,OTHER,WOOD/REFUSE,52.516933290693494,149
2026-08-03T15:00:00Z,SOLAR,SOLAR,802.0693988551034,1870
2026-08-03T15:00:00Z,WIND,WIND,1844.6802848639588,5684
2026-08-03T16:00:00Z,ENERGY STORAGE,ENERGY STORAGE,-1.7999999523162842,270
2026-08-03T16:00:00Z,GAS,COGENERATION,4249.530345403419,6122
2026-08-03T16:00:00Z,GAS,COMBINED CYCLE,2416.216284981039,3974
2026-08-03T16:00:00Z,GAS,GAS FIRED STEAM,485.12154691908097,3078
2026-08-03T16:00:00Z,GAS,SIMPLE CYCLE,64.278776512146,1014
2026-08-03T16:00:00Z,HYDRO,HYDRO,298.19529938810405,896
2026-08-03T16:00:00Z,OTHER,BIOMASS,108.9869417418374,195
2026-08-03T16:00:00Z,OTHER,COMPOSITE,0,20
2026-08-03T16:00:00Z,OTHER,GAS,1.9999510049819944,10
2026-08-03T16:00:00Z,OTHER,GAS COGEN,32.80831285211776,58
2026-08-03T16:00:00Z,OTHER,OIL/GAS,42.506065436469186,53
2026-08-03T16:00:00Z,OTHER,WOOD/REFUSE,52.54560853746202,149
2026-08-03T16:00:00Z,SOLAR,SOLAR,1082.734886648125,1870
2026-08-03T16:00:00Z,WIND,WIND,2099.447471605498,5684
2026-08-03T17:00:00Z,ENERGY STORAGE,ENERGY STORAGE,-1.7999999523162842,270
2026-08-03T17:00:00Z,GAS,COGENERATION,4182.218278881179,6122
2026-08-03T17:00:00Z,GAS,COMBINED CYCLE,2009.2894015863205,3974
2026-08-03T17:00:00Z,GAS,GAS FIRED STEAM,468.6524362648858,3078
2026-08-03T17:00:00Z,GAS,SIMPLE CYCLE,66.76277671178181,1014
2026-08-03T17:00:00Z,HYDRO,HYDRO,343.7231417706443,896
2026-08-03T17:00:00Z,OTHER,BIOMASS,106.92022045294445,195
2026-08-03T17:00:00Z,OTHER,COMPOSITE,0,20
2026-08-03T17:00:00Z,OTHER,GAS,1.9880065557029512,10
2026-08-03T17:00:00Z,OTHER,GAS COGEN,32.832321122487386,58
2026-08-03T17:00:00Z,OTHER,OIL/GAS,42.61323869917128,53
2026-08-03T17:00:00Z,OTHER,WOOD/REFUSE,52.745402086046006,149
2026-08-03T17:00:00Z,SOLAR,SOLAR,1198.9308641999628,1870
2026-08-03T17:00:00Z,WIND,WIND,2569.475668177282,5684
2026-08-03T18:00:00Z,ENERGY STORAGE,ENERGY STORAGE,-1.7999999523162842,270
2026-08-03T18:00:00Z,GAS,COGENERATION,4177.8217612020835,6122
2026-08-03T18:00:00Z,GAS,COMBINED CYCLE,2163.8095118595493,3974
2026-08-03T18:00:00Z,GAS,GAS FIRED STEAM,468.5845488527086,3078
2026-08-03T18:00:00Z,GAS,SIMPLE CYCLE,65.781776476966,1014
2026-08-03T18:00:00Z,HYDRO,HYDRO,343.01288047358395,896
2026-08-03T18:00:00Z,OTHER,BIOMASS,105.82605379104615,195
2026-08-03T18:00:00Z,OTHER,COMPOSITE,0,20
2026-08-03T18:00:00Z,OTHER,GAS,1.8999509811401367,10
2026-08-03T18:00:00Z,OTHER,GAS COGEN,32.807759222984316,58
2026-08-03T18:00:00Z,OTHER,OIL/GAS,42.70946078618368,53
2026-08-03T18:00:00Z,OTHER,WOOD/REFUSE,52.05053188112047,149
2026-08-03T18:00:00Z,SOLAR,SOLAR,1306.359286595318,1870
2026-08-03T18:00:00Z,WIND,WIND,2390.6589018426835,5684
2026-08-03T19:00:00Z,ENERGY STORAGE,ENERGY STORAGE,-1.715055510153373,270
2026-08-03T19:00:00Z,GAS,COGENERATION,4180.988960006833,6122
2026-08-03T19:00:00Z,GAS,COMBINED CYCLE,2297.261868501504,3974
2026-08-03T19:00:00Z,GAS,GAS FIRED STEAM,468.4506598239475,3078
2026-08-03T19:00:00Z,GAS,SIMPLE CYCLE,66.84833229965633,1014
2026-08-03T19:00:00Z,HYDRO,HYDRO,346.9339557358953,896
2026-08-03T19:00:00Z,OTHER,BIOMASS,105.42522030512492,195
2026-08-03T19:00:00Z,OTHER,COMPOSITE,0,20
2026-08-03T19:00:00Z,OTHER,GAS,1.8999509811401367,10
2026-08-03T19:00:00Z,OTHER,GAS COGEN,32.70543851640489,58
2026-08-03T19:00:00Z,OTHER,OIL/GAS,42.0870090675354,53
2026-08-03T19:00:00Z,OTHER,WOOD/REFUSE,51.97579155815972,149
2026-08-03T19:00:00Z,SOLAR,SOLAR,1248.1253491483794,1870
2026-08-03T19:00:00Z,WIND,WIND,2315.346377748135,5684
2026-08-03T20:00:00Z,ENERGY STORAGE,ENERGY STORAGE,-1.7999999523162842,270
2026-08-03T20:00:00Z,GAS,COGENERATION,4200.4475601339345,6122
2026-08-03T20:00:00Z,GAS,COMBINED CYCLE,2389.408668378724,3974
2026-08-03T20:00:00Z,GAS,GAS FIRED STEAM,468.4522150633071,3078
2026-08-03T20:00:00Z,GAS,SIMPLE CYCLE,66.19988778167301,1014
2026-08-03T20:00:00Z,HYDRO,HYDRO,333.46326208922596,896
2026-08-03T20:00:00Z,OTHER,BIOMASS,108.29272022247314,195
2026-08-03T20:00:00Z,OTHER,COMPOSITE,0,20
2026-08-03T20:00:00Z,OTHER,GAS,1.8999509811401367,10
2026-08-03T20:00:00Z,OTHER,GAS COGEN,32.67338498195012,58
2026-08-03T20:00:00Z,OTHER,OIL/GAS,42.817448770735,53
2026-08-03T20:00:00Z,OTHER,WOOD/REFUSE,51.15567742029826,149
2026-08-03T20:00:00Z,SOLAR,SOLAR,1294.4208877140945,1870
2026-08-03T20:00:00Z,WIND,WIND,2222.8554637007746,5684
2026-08-03T21:00:00Z,ENERGY STORAGE,ENERGY STORAGE,-1.7999999523162842,270
2026-08-03T21:00:00Z,GAS,COGENERATION,4187.432261358632,6122
2026-08-03T21:00:00Z,GAS,COMBINED CYCLE,2513.976924642987,3974
2026-08-03T21:00:00Z,GAS,GAS FIRED STEAM,468.51971589830185,3078
2026-08-03T21:00:00Z,GAS,SIMPLE CYCLE,66.16216564920214,1014
2026-08-03T21:00:00Z,HYDRO,HYDRO,344.6170415524642,896
2026-08-03T21:00:00Z,OTHER,BIOMASS,106.48977612760332,195
2026-08-03T21:00:00Z,OTHER,COMPOSITE,0,20
2026-08-03T21:00:00Z,OTHER,GAS,1.8999509811401367,10
2026-08-03T21:00:00Z,OTHER,GAS COGEN,32.59541511376699,58
2026-08-03T21:00:00Z,OTHER,OIL/GAS,42.46313219918145,53
2026-08-03T21:00:00Z,OTHER,WOOD/REFUSE,50.8795745171441,149
2026-08-03T21:00:00Z,SOLAR,SOLAR,1362.3504191533061,1870
2026-08-03T21:00:00Z,WIND,WIND,2199.760247516334,5684
2026-08-03T22:00:00Z,ENERGY STORAGE,ENERGY STORAGE,-1.7999999523162842,270
2026-08-03T22:00:00Z,GAS,COGENERATION,4129.820573828751,6122
2026-08-03T22:00:00Z,GAS,COMBINED CYCLE,2304.4777346086503,3974
2026-08-03T22:00:00Z,GAS,GAS FIRED STEAM,594.41915728675,3078
2026-08-03T22:00:00Z,GAS,SIMPLE CYCLE,68.05994317531585,1014
2026-08-03T22:00:00Z,HYDRO,HYDRO,349.35872809237907,896
2026-08-03T22:00:00Z,OTHER,BIOMASS,107.21272035227882,195
2026-08-03T22:00:00Z,OTHER,COMPOSITE,0,20
2026-08-03T22:00:00Z,OTHER,GAS,1.8999509811401367,10
2026-08-03T22:00:00Z,OTHER,GAS COGEN,32.85039106157091,58
2026-08-03T22:00:00Z,OTHER,OIL/GAS,42.48304845809937,53
2026-08-03T22:00:00Z,OTHER,WOOD/REFUSE,50.750121385786265,149
2026-08-03T22:00:00Z,SOLAR,SOLAR,1415.0600409646497,1870
2026-08-03T22:00:00Z,WIND,WIND,2225.4408557476063,5684
2026-08-03T23:00:00Z,ENERGY STORAGE,ENERGY STORAGE,-1.7999999523162842,270
2026-08-03T23:00:00Z,GAS,COGENERATION,4160.224752743509,6122
2026-08-03T23:00:00Z,GAS,COMBINED CYCLE,2388.485383555492,3974
2026-08-03T23:00:00Z,GAS,GAS FIRED STEAM,682.4438794171809,3078
2026-08-03T23:00:00Z,GAS,SIMPLE CYCLE,68.35866553962231,1014
2026-08-03T23:00:00Z,HYDRO,HYDRO,360.69589921275775,896
2026-08-03T23:00:00Z,OTHER,BIOMASS,105.47072024371889,195
2026-08-03T23:00:00Z,OTHER,COMPOSITE,0,20
2026-08-03T23:00:00Z,OTHER,GAS,1.8999509811401367,10
2026-08-03T23:00:00Z,OTHER,GAS COGEN,32.899145396550495,58
2026-08-03T23:00:00Z,OTHER,OIL/GAS,42.20794411765205,53
2026-08-03T23:00:00Z,OTHER,WOOD/REFUSE,49.716613428327776,149
2026-08-03T23:00:00Z,SOLAR,SOLAR,1342.4048557072547,1870
2026-08-03T23:00:00Z,WIND,WIND,2229.88652169115,5684
2026-08-04T00:00:00Z,ENERGY STORAGE,ENERGY STORAGE,-1.7999999523162842,270
2026-08-04T00:00:00Z,GAS,COGENERATION,4167.946614733802,6122
2026-08-04T00:00:00Z,GAS,COMBINED CYCLE,2504.0614280723203,3974
2026-08-04T00:00:00Z,GAS,GAS FIRED STEAM,736.4277652761672,3078
2026-08-04T00:00:00Z,GAS,SIMPLE CYCLE,64.02838770124647,1014
2026-08-04T00:00:00Z,HYDRO,HYDRO,412.62455468075973,896
2026-08-04T00:00:00Z,OTHER,BIOMASS,104.57194210502837,195
2026-08-04T00:00:00Z,OTHER,COMPOSITE,0,20
2026-08-04T00:00:00Z,OTHER,GAS,1.8999509811401367,10
2026-08-04T00:00:00Z,OTHER,GAS COGEN,32.99234018219842,58
2026-08-04T00:00:00Z,OTHER,OIL/GAS,42.23411557091607,53
2026-08-04T00:00:00Z,OTHER,WOOD/REFUSE,50.8864201842414,149
2026-08-04T00:00:00Z,SOLAR,SOLAR,1181.2992204255859,1870
2026-08-04T00:00:00Z,WIND,WIND,1957.9270960517558,5684
2026-08-04T01:00:00Z,ENERGY STORAGE,ENERGY STORAGE,-1.7989999523758888,270
2026-08-04T01:00:00Z,GAS,COGENERATION,4340.92092369318,6122
2026-08-04T01:00:00Z,GAS,COMBINED CYCLE,3234.7564327277078,3974
2026-08-04T01:00:00Z,GAS,GAS FIRED STEAM,927.0953759320577,3078
2026-08-04T01:00:00Z,GAS,SIMPLE CYCLE,105.30229284549753,1014
2026-08-04T01:00:00Z,HYDRO,HYDRO,439.87430151237385,896
2026-08-04T01:00:00Z,OTHER,BIOMASS,109.94944208304086,195
2026-08-04T01:00:00Z,OTHER,COMPOSITE,12.01044445892175,20
2026-08-04T01:00:00Z,OTHER,GAS,1.924617653687795,10
2026-08-04T01:00:00Z,OTHER,GAS COGEN,33.03210260285272,58
2026-08-04T01:00:00Z,OTHER,OIL/GAS,42.35446629418267,53
2026-08-04T01:00:00Z,OTHER,WOOD/REFUSE,52.44380702760485,149
2026-08-04T01:00:00Z,SOLAR,SOLAR,728.070656056669,1870
2026-08-04T01:00:00Z,WIND,WIND,1282.5405363452765,5684
2026-08-04T02:00:00Z,ENERGY STORAGE,ENERGY STORAGE,-1.7999999523162842,270
2026-08-04T02:00:00Z,GAS,COGENERATION,4441.392422673703,6122
2026-08-04T02:00:00Z,GAS,COMBINED CYCLE,3374.3886023965147,3974
2026-08-04T02:00:00Z,GAS,GAS FIRED STEAM,1311.3324256981743,3078
2026-08-04T02:00:00Z,GAS,SIMPLE CYCLE,407.4375639368428,1014
2026-08-04T02:00:00Z,HYDRO,HYDRO,517.1360206013255,896
2026-08-04T02:00:00Z,OTHER,BIOMASS,118.54605342626571,195
2026-08-04T02:00:00Z,OTHER,COMPOSITE,12.400666285620796,20
2026-08-04T02:00:00Z,OTHER,GAS,1.9999510049819944,10
2026-08-04T02:00:00Z,OTHER,GAS COGEN,34.29106696870592,58
2026-08-04T02:00:00Z,OTHER,OIL/GAS,41.73512102127075,53
2026-08-04T02:00:00Z,OTHER,WOOD/REFUSE,55.40846095403035,149
2026-08-04T02:00:00Z,SOLAR,SOLAR,182.75593498575606,1870
2026-08-04T02:00:00Z,WIND,WIND,643.242652842212,5684
2026-08-04T03:00:00Z,ENERGY STORAGE,ENERGY STORAGE,-1.798333285715845,270
2026-08-04T03:00:00Z,GAS,COGENERATION,4453.93340474791,6122
2026-08-04T03:00:00Z,GAS,COMBINED CYCLE,3387.7368677714135,3974
2026-08-04T03:00:00Z,GAS,GAS FIRED STEAM,1312.2309286816915,3078
2026-08-04T03:00:00Z,GAS,SIMPLE CYCLE,427.8593500836028,1014
2026-08-04T03:00:00Z,HYDRO,HYDRO,518.0266679737302,896
2026-08-04T03:00:00Z,OTHER,BIOMASS,124.61299709584978,195
2026-08-04T03:00:00Z,OTHER,COMPOSITE,12.605333082411024,20
2026-08-04T03:00:00Z,OTHER,GAS,1.9999510049819944,10
2026-08-04T03:00:00Z,OTHER,GAS COGEN,34.369726892577276,58
2026-08-04T03:00:00Z,OTHER,OIL/GAS,41.947888437906904,53
2026-08-04T03:00:00Z,OTHER,WOOD/REFUSE,67.42333168241713,149
2026-08-04T03:00:00Z,SOLAR,SOLAR,43.20067381916775,1870
2026-08-04T03:00:00Z,WIND,WIND,317.00898315787316,5684
2026-08-04T04:00:00Z,ENERGY STORAGE,ENERGY STORAGE,-1.7999999523162842,270
2026-08-04T04:00:00Z,GAS,COGENERATION,4488.892804179722,6122
2026-08-04T04:00:00Z,GAS,COMBINED CYCLE,3393.4936960225637,3974
2026-08-04T04:00:00Z,GAS,GAS FIRED STEAM,1312.4137591934204,3078
2026-08-04T04:00:00Z,GAS,SIMPLE CYCLE,516.8650404147638,1014
2026-08-04T04:00:00Z,HYDRO,HYDRO,442.12829345340526,896
2026-08-04T04:00:00Z,OTHER,BIOMASS,125.76227506902482,195
2026-08-04T04:00:00Z,OTHER,COMPOSITE,10.176555540826586,20
2026-08-04T04:00:00Z,OTHER,GAS,1.9999510049819944,10
2026-08-04T04:00:00Z,OTHER,GAS COGEN,36.130531330108646,58
2026-08-04T04:00:00Z,OTHER,OIL/GAS,42.096065485212534,53
2026-08-04T04:00:00Z,OTHER,WOOD/REFUSE,78.88527059766982,149
2026-08-04T04:00:00Z,SOLAR,SOLAR,0.6260555463863744,1870
2026-08-04T04:00:00Z,WIND,WIND,150.27682117611997,5684
2026-08-04T05:00:00Z,ENERGY STORAGE,ENERGY STORAGE,-1.4565555187563102,270
2026-08-04T05:00:00Z,GAS,COGENERATION,4479.9566094194515,6122
2026-08-04T05:00:00Z,GAS,COMBINED CYCLE,3392.875593268209,3974
2026-08-04T05:00:00Z,GAS,GAS FIRED STEAM,1312.15859407213,3078
2026-08-04T05:00:00Z,GAS,SIMPLE CYCLE,196.2782054418905,1014
2026-08-04T05:00:00Z,HYDRO,HYDRO,340.40553204142384,896
2026-08-04T05:00:00Z,OTHER,BIOMASS,119.30727461616199,195
2026-08-04T05:00:00Z,OTHER,COMPOSITE,1.7830555546283722,20
2026-08-04T05:00:00Z,OTHER,GAS,1.9999510049819944,10
2026-08-04T05:00:00Z,OTHER,GAS COGEN,32.907041234970094,58
2026-08-04T05:00:00Z,OTHER,OIL/GAS,42.159566224416096,53
2026-08-04T05:00:00Z,OTHER,WOOD/REFUSE,83.10904407925076,149
2026-08-04T05:00:00Z,SOLAR,SOLAR,0.10000000149011612,1870
2026-08-04T05:00:00Z,WIND,WIND,94.8913074652354,5684
2026-08-04T06:00:00Z,ENERGY STORAGE,ENERGY STORAGE,-4.6606109947048955,270
2026-08-04T06:00:00Z,GAS,COGENERATION,4505.8941352921065,6122
2026-08-04T06:00:00Z,GAS,COMBINED CYCLE,3322.704724586805,3974
2026-08-04T06:00:00Z,GAS,GAS FIRED STEAM,1279.690703631507,3078
2026-08-04T06:00:00Z,GAS,SIMPLE CYCLE,122.0452753468189,1014
2026-08-04T06:00:00Z,HYDRO,HYDRO,358.32270632253756,896
2026-08-04T06:00:00Z,OTHER,BIOMASS,114.00971946345435,195
2026-08-04T06:00:00Z,OTHER,COMPOSITE,0,20
2026-08-04T06:00:00Z,OTHER,GAS,1.9999510049819944,10
2026-08-04T06:00:00Z,OTHER,GAS COGEN,32.586575904952156,58
2026-08-04T06:00:00Z,OTHER,OIL/GAS,41.77178211424086,53
2026-08-04T06:00:00Z,OTHER,WOOD/REFUSE,82.91574062347412,149
2026-08-04T06:00:00Z,SOLAR,SOLAR,0.10000000149011612,1870
2026-08-04T06:00:00Z,WIND,WIND,71.6838894092871,5684
2026-08-04T07:00:00Z,ENERGY STORAGE,ENERGY STORAGE,-9.979110844863786,270
2026-08-04T07:00:00Z,GAS,COGENERATION,4518.720292480257,6122
2026-08-04T07:00:00Z,GAS,COMBINED CYCLE,3260.5220508493317,3974
2026-08-04T07:00:00Z,GAS,GAS FIRED STEAM,1315.2538116370306,3078
2026-08-04T07:00:00Z,GAS,SIMPLE CYCLE,147.99555360863607,1014
2026-08-04T07:00:00Z,HYDRO,HYDRO,331.6262623031934,896
2026-08-04T07:00:00Z,OTHER,BIOMASS,112.50338634649913,195
2026-08-04T07:00:00Z,OTHER,COMPOSITE,0,20
2026-08-04T07:00:00Z,OTHER,GAS,1.9999510049819944,10
2026-08-04T07:00:00Z,OTHER,GAS COGEN,32.883335614204405,58
2026-08-04T07:00:00Z,OTHER,OIL/GAS,41.94360432306925,53
2026-08-04T07:00:00Z,OTHER,WOOD/REFUSE,83.02832675933838,149
2026-08-04T07:00:00Z,SOLAR,SOLAR,0.10000000149011612,1870
2026-08-04T07:00:00Z,WIND,WIND,158.59745189737944,5684
2026-08-04T08:00:00Z,ENERGY STORAGE,ENERGY STORAGE,-5.390777618288994,270
2026-08-04T08:00:00Z,GAS,COGENERATION,4532.03843120363,6122
2026-08-04T08:00:00Z,GAS,COMBINED CYCLE,3210.8990999009875,3974
2026-08-04T08:00:00Z,GAS,GAS FIRED STEAM,1249.11437069575,3078
2026-08-04T08:00:00Z,GAS,SIMPLE CYCLE,102.05555418226454,1014
2026-08-04T08:00:00Z,HYDRO,HYDRO,305.1571525900894,896
2026-08-04T08:00:00Z,OTHER,BIOMASS,111.3206644264857,195
2026-08-04T08:00:00Z,OTHER,COMPOSITE,0,20
2026-08-04T08:00:00Z,OTHER,GAS,1.9999510049819944,10
2026-08-04T08:00:00Z,OTHER,GAS COGEN,33.27070445537567,58
2026-08-04T08:00:00Z,OTHER,OIL/GAS,41.63054892222087,53
2026-08-04T08:00:00Z,OTHER,WOOD/REFUSE,80.5043698586358,149
2026-08-04T08:00:00Z,SOLAR,SOLAR,0.10000000149011612,1870
2026-08-04T08:00:00Z,WIND,WIND,253.09208698280156,5684
2026-08-04T09:00:00Z,ENERGY STORAGE,ENERGY STORAGE,-0.20000004768371585,270
2026-08-04T09:00:00Z,GAS,COGENERATION,4545.964169896443,6122
2026-08-04T09:00:00Z,GAS,COMBINED CYCLE,3207.0675085090265,3974
2026-08-04T09:00:00Z,GAS,GAS FIRED STEAM,1082.9221519978842,3078
2026-08-04T09:00:00Z,GAS,SIMPLE CYCLE,83.51010972738266,1014
2026-08-04T09:00:00Z,HYDRO,HYDRO,309.50085717598597,896
2026-08-04T09:00:00Z,OTHER,BIOMASS,111.18199734740787,195
2026-08-04T09:00:00Z,OTHER,COMPOSITE,0,20
2026-08-04T09:00:00Z,OTHER,GAS,2.0252287887864644,10
2026-08-04T09:00:00Z,OTHER,GAS COGEN,33.21812969525655,58
2026-08-04T09:00:00Z,OTHER,OIL/GAS,41.3842653465271,53
2026-08-04T09:00:00Z,OTHER,WOOD/REFUSE,75.58572147369385,149
2026-08-04T09:00:00Z,SOLAR,SOLAR,0.10000000149011612,1870
2026-08-04T09:00:00Z,WIND,WIND,387.44528675292514,5684
2026-08-04T10:00:00Z,ENERGY STORAGE,ENERGY STORAGE,-0.20000004768371585,270
2026-08-04T10:00:00Z,GAS,COGENERATION,4539.6354547170795,6122
2026-08-04T10:00:00Z,GAS,COMBINED CYCLE,3034.429825278256,3974
2026-08-04T10:00:00Z,GAS,GAS FIRED STEAM,851.0203202968173,3078
2026-08-04T10:00:00Z,GAS,SIMPLE CYCLE,74.47033225801256,1014
2026-08-04T10:00:00Z,HYDRO,HYDRO,326.7830390352673,896
2026-08-04T10:00:00Z,OTHER,BIOMASS,108.79438584539625,195
2026-08-04T10:00:00Z,OTHER,COMPOSITE,0,20
2026-08-04T10:00:00Z,OTHER,GAS,2.0999510288238525,10
2026-08-04T10:00:00Z,OTHER,GAS COGEN,33.090961476167045,58
2026-08-04T10:00:00Z,OTHER,OIL/GAS,41.36538231531779,53
2026-08-04T10:00:00Z,OTHER,WOOD/REFUSE,75.61914166768392,149
2026-08-04T10:00:00Z,SOLAR,SOLAR,0.10000000149011612,1870
2026-08-04T10:00:00Z,WIND,WIND,607.1146063831035,5684
2026-08-04T11:00:00Z,ENERGY STORAGE,ENERGY STORAGE,-0.20000004768371585,270
2026-08-04T11:00:00Z,GAS,COGENERATION,4525.036358669533,6122
2026-08-04T11:00:00Z,GAS,COMBINED CYCLE,2988.170617175698,3974
2026-08-04T11:00:00Z,GAS,GAS FIRED STEAM,779.0377118725246,3078
2026-08-04T11:00:00Z,GAS,SIMPLE CYCLE,74.57961029609045,1014
2026-08-04T11:00:00Z,HYDRO,HYDRO,331.4401729117499,896
2026-08-04T11:00:00Z,OTHER,BIOMASS,109.15477541234759,195
2026-08-04T11:00:00Z,OTHER,COMPOSITE,0,20
2026-08-04T11:00:00Z,OTHER,GAS,2.0999510288238525,10
2026-08-04T11:00:00Z,OTHER,GAS COGEN,33.01225870556301,58
2026-08-04T11:00:00Z,OTHER,OIL/GAS,40.90129878997803,53
2026-08-04T11:00:00Z,OTHER,WOOD/REFUSE,76.60524870978462,149
2026-08-04T11:00:00Z,SOLAR,SOLAR,0.10000000149011612,1870
2026-08-04T11:00:00Z,WIND,WIND,836.2856964209344,5684
2026-08-04T12:00:00Z,ENERGY STORAGE,ENERGY STORAGE,-0.5690000379085541,270
2026-08-04T12:00:00Z,GAS,COGENERATION,4555.79408970356,6122
2026-08-04T12:00:00Z,GAS,COMBINED CYCLE,3087.612111867004,3974
2026-08-04T12:00:00Z,GAS,GAS FIRED STEAM,798.5494876670838,3078
2026-08-04T12:00:00Z,GAS,SIMPLE CYCLE,61.93027739637428,1014
2026-08-04T12:00:00Z,HYDRO,HYDRO,346.4810105727613,896
2026-08-04T12:00:00Z,OTHER,BIOMASS,108.3687752087911,195
2026-08-04T12:00:00Z,OTHER,COMPOSITE,0,20
2026-08-04T12:00:00Z,OTHER,GAS,2.0999510288238525,10
2026-08-04T12:00:00Z,OTHER,GAS COGEN,32.98764046669007,58
2026-08-04T12:00:00Z,OTHER,OIL/GAS,40.59946559270223,53
2026-08-04T12:00:00Z,OTHER,WOOD/REFUSE,76.6170096927219,149
2026-08-04T12:00:00Z,SOLAR,SOLAR,70.25310980639938,1870
2026-08-04T12:00:00Z,WIND,WIND,858.5952943687182,5684
2026-08-04T13:00:00Z,ENERGY STORAGE,ENERGY STORAGE,-0.9680000273386637,270
2026-08-04T13:00:00Z,GAS,COGENERATION,4521.147276758353,6122
2026-08-04T13:00:00Z,GAS,COMBINED CYCLE,3126.065687016911,3974
2026-08-04T13:00:00Z,GAS,GAS FIRED STEAM,946.585320286221,3078
2026-08-04T13:00:00Z,GAS,SIMPLE CYCLE,62.07644371138679,1014
2026-08-04T13:00:00Z,HYDRO,HYDRO,287.3757293336921,896
2026-08-04T13:00:00Z,OTHER,BIOMASS,107.91255343861052,195
2026-08-04T13:00:00Z,OTHER,COMPOSITE,0,20
2026-08-04T13:00:00Z,OTHER,GAS,2.0999510288238525,10
2026-08-04T13:00:00Z,OTHER,GAS COGEN,32.84610623783535,58
2026-08-04T13:00:00Z,OTHER,OIL/GAS,40.060448722839354,53
2026-08-04T13:00:00Z,OTHER,WOOD/REFUSE,76.7409051047431,149
2026-08-04T13:00:00Z,SOLAR,SOLAR,543.8870680898924,1870
2026-08-04T13:00:00Z,WIND,WIND,863.9835625099184,5684
2026-08-04T14:00:00Z,ENERGY STORAGE,ENERGY STORAGE,-0.20000004768371585,270
2026-08-04T14:00:00Z,GAS,COGENERATION,4329.193362925119,6122
2026-08-04T14:00:00Z,GAS,COMBINED CYCLE,3093.088625113964,3974
2026-08-04T14:00:00Z,GAS,GAS FIRED STEAM,780.4528205256993,3078
2026-08-04T14:00:00Z,GAS,SIMPLE CYCLE,67.95027674357095,1014
2026-08-04T14:00:00Z,HYDRO,HYDRO,351.3827942046854,896
2026-08-04T14:00:00Z,OTHER,BIOMASS,108.85216465367212,195
2026-08-04T14:00:00Z,OTHER,COMPOSITE,0,20
2026-08-04T14:00:00Z,OTHER,GAS,2.0999510288238525,10
2026-08-04T14:00:00Z,OTHER,GAS COGEN,34.691863890224035,58
2026-08-04T14:00:00Z,OTHER,OIL/GAS,39.99628285725912,53
2026-08-04T14:00:00Z,OTHER,WOOD/REFUSE,77.58390958997938,149
2026-08-04T14:00:00Z,SOLAR,SOLAR,1142.632855439931,1870
2026-08-04T14:00:00Z,WIND,WIND,560.5646962576277,5684
2026-08-04T15:00:00Z,ENERGY STORAGE,ENERGY STORAGE,3.1895553840531243,270
2026-08-04T15:00:00Z,GAS,COGENERATION,4385.314083546598,6122
2026-08-04T15:00:00Z,GAS,COMBINED CYCLE,3180.600297663477,3974
2026-08-04T15:00:00Z,GAS,GAS FIRED STEAM,898.2112623384264,3078
2026-08-04T15:00:00Z,GAS,SIMPLE CYCLE,66.60605462604099,1014
2026-08-04T15:00:00Z,HYDRO,HYDRO,299.7502183024088,896
2026-08-04T15:00:00Z,OTHER,BIOMASS,107.38527566591898,195
2026-08-04T15:00:00Z,OTHER,COMPOSITE,0,20
2026-08-04T15:00:00Z,OTHER,GAS,2.0999510288238525,10
2026-08-04T15:00:00Z,OTHER,GAS COGEN,35.26408638212416,58
2026-08-04T15:00:00Z,OTHER,OIL/GAS,39.991871229807536,53
2026-08-04T15:00:00Z,OTHER,WOOD/REFUSE,77.71992756737603,149
2026-08-04T15:00:00Z,SOLAR,SOLAR,1399.8881991613905,1870
2026-08-04T15:00:00Z,WIND,WIND,343.13591659203587,5684
2026-08-04T16:00:00Z,ENERGY STORAGE,ENERGY STORAGE,4.973333128194014,270
2026-08-04T16:00:00Z,GAS,COGENERATION,4352.200082362493,6122
2026-08-04T16:00:00Z,GAS,COMBINED CYCLE,3145.673130873309,3974
2026-08-04T16:00:00Z,GAS,GAS FIRED STEAM,815.3097655550639,3078
2026-08-04T16:00:00Z,GAS,SIMPLE CYCLE,65.20944370736679,1014
2026-08-04T16:00:00Z,HYDRO,HYDRO,264.0565953107675,896
2026-08-04T16:00:00Z,OTHER,BIOMASS,108.12994233343336,195
2026-08-04T16:00:00Z,OTHER,COMPOSITE,0,20
2026-08-04T16:00:00Z,OTHER,GAS,2.0999510288238525,10
2026-08-04T16:00:00Z,OTHER,GAS COGEN,34.82274758444892,58
2026-08-04T16:00:00Z,OTHER,OIL/GAS,40.21066604614258,53
2026-08-04T16:00:00Z,OTHER,WOOD/REFUSE,76.18837382846408,149
2026-08-04T16:00:00Z,SOLAR,SOLAR,1611.9556132882171,1870
2026-08-04T16:00:00Z,WIND,WIND,481.65181315761475,5684
2026-08-04T17:00:00Z,ENERGY STORAGE,ENERGY STORAGE,5.100000001490116,270
2026-08-04T17:00:00Z,GAS,COGENERATION,4273.8566070703,6122
2026-08-04T17:00:00Z,GAS,COMBINED CYCLE,3113.3874203946857,3974
2026-08-04T17:00:00Z,GAS,GAS FIRED STEAM,779.2179305182563,3078
2026-08-04T17:00:00Z,GAS,SIMPLE CYCLE,69.35144304275514,1014
2026-08-04T17:00:00Z,HYDRO,HYDRO,303.19441534721193,896
2026-08-04T17:00:00Z,OTHER,BIOMASS,109.5069981596205,195
2026-08-04T17:00:00Z,OTHER,COMPOSITE,0,20
2026-08-04T17:00:00Z,OTHER,GAS,2.071784355441729,10
2026-08-04T17:00:00Z,OTHER,GAS COGEN,34.294556523958846,58
2026-08-04T17:00:00Z,OTHER,OIL/GAS,40.504615819719106,53
2026-08-04T17:00:00Z,OTHER,WOOD/REFUSE,76.87455300649007,149
2026-08-04T17:00:00Z,SOLAR,SOLAR,1704.696846465005,1870
2026-08-04T17:00:00Z,WIND,WIND,606.0197003944921,5684
2026-08-04T18:00:00Z,ENERGY STORAGE,ENERGY STORAGE,5.165055480963654,270
2026-08-04T18:00:00Z,GAS,COGENERATION,4261.923954021666,6122
2026-08-04T18:00:00Z,GAS,COMBINED CYCLE,3110.8482058488,3974
2026-08-04T18:00:00Z,GAS,GAS FIRED STEAM,779.4742652405633,3078
2026-08-04T18:00:00Z,GAS,SIMPLE CYCLE,70.6197216627333,1014
2026-08-04T18:00:00Z,HYDRO,HYDRO,306.1992317950063,896
2026-08-04T18:00:00Z,OTHER,BIOMASS,105.81649855083889,195
2026-08-04T18:00:00Z,OTHER,COMPOSITE,0,20
2026-08-04T18:00:00Z,OTHER,GAS,1.9999510049819944,10
2026-08-04T18:00:00Z,OTHER,GAS COGEN,33.63007591777377,58
2026-08-04T18:00:00Z,OTHER,OIL/GAS,40.34244923909505,53
2026-08-04T18:00:00Z,OTHER,WOOD/REFUSE,77.99460400899251,149
2026-08-04T18:00:00Z,SOLAR,SOLAR,1702.1445669157638,1870
2026-08-04T18:00:00Z,WIND,WIND,748.7567417511882,5684
2026-08-04T19:00:00Z,ENERGY STORAGE,ENERGY STORAGE,5.193999905619356,270
2026-08-04T19:00:00Z,GAS,COGENERATION,4254.65675338957,6122
2026-08-04T19:00:00Z,GAS,COMBINED CYCLE,3109.6101873379284,3974
2026-08-04T19:00:00Z,GAS,GAS FIRED STEAM,779.1978204811944,3078
2026-08-04T19:00:00Z,GAS,SIMPLE CYCLE,79.05555453121661,1014
2026-08-04T19:00:00Z,HYDRO,HYDRO,313.8343241060442,896
2026-08-04T19:00:00Z,OTHER,BIOMASS,105.03894272221459,195
2026-08-04T19:00:00Z,OTHER,COMPOSITE,0,20
2026-08-04T19:00:00Z,OTHER,GAS,1.9999510049819944,10
2026-08-04T19:00:00Z,OTHER,GAS COGEN,34.113419456481935,58
2026-08-04T19:00:00Z,OTHER,OIL/GAS,40.410843980577255,53
2026-08-04T19:00:00Z,OTHER,WOOD/REFUSE,76.06795557657878,149
2026-08-04T19:00:00Z,SOLAR,SOLAR,1667.227337523765,1870
2026-08-04T19:00:00Z,WIND,WIND,864.8189809275915,5684
2026-08-04T20:00:00Z,ENERGY STORAGE,ENERGY STORAGE,4.933055456777414,270
2026-08-04T20:00:00Z,GAS,COGENERATION,4165.377557448348,6122
2026-08-04T20:00:00Z,GAS,COMBINED CYCLE,3140.0025160482196,3974
2026-08-04T20:00:00Z,GAS,GAS FIRED STEAM,804.5263221910265,3078
2026-08-04T20:00:00Z,GAS,SIMPLE CYCLE,172.54094235204988,1014
2026-08-04T20:00:00Z,HYDRO,HYDRO,356.95672208666804,896
2026-08-04T20:00:00Z,OTHER,BIOMASS,104.593721192148,195
2026-08-04T20:00:00Z,OTHER,COMPOSITE,0,20
2026-08-04T20:00:00Z,OTHER,GAS,1.9999510049819944,10
2026-08-04T20:00:00Z,OTHER,GAS COGEN,34.41951985889011,58
2026-08-04T20:00:00Z,OTHER,OIL/GAS,40.49879950205485,53
2026-08-04T20:00:00Z,OTHER,WOOD/REFUSE,74.54069878896077,149
2026-08-04T20:00:00Z,SOLAR,SOLAR,1625.1228781487546,1870
2026-08-04T20:00:00Z,WIND,WIND,921.355066299008,5684
2026-08-04T21:00:00Z,ENERGY STORAGE,ENERGY STORAGE,0.3505555576665534,270
2026-08-04T21:00:00Z,GAS,COGENERATION,4198.350230607324,6122
2026-08-04T21:00:00Z,GAS,COMBINED CYCLE,3141.5552796618144,3974
2026-08-04T21:00:00Z,GAS,GAS FIRED STEAM,806.5352103296916,3078
2026-08-04T21:00:00Z,GAS,SIMPLE CYCLE,168.27641544183095,1014
2026-08-04T21:00:00Z,HYDRO,HYDRO,379.74937022864816,896
2026-08-04T21:00:00Z,OTHER,BIOMASS,102.99083189937804,195
2026-08-04T21:00:00Z,OTHER,COMPOSITE,0,20
2026-08-04T21:00:00Z,OTHER,GAS,1.9999510049819944,10
2026-08-04T21:00:00Z,OTHER,GAS COGEN,35.09842669539981,58
2026-08-04T21:00:00Z,OTHER,OIL/GAS,39.82246003256904,53
2026-08-04T21:00:00Z,OTHER,WOOD/REFUSE,73.88995012071398,149
2026-08-04T21:00:00Z,SOLAR,SOLAR,1606.2771332463292,1870
2026-08-04T21:00:00Z,WIND,WIND,940.8623090193172,5684
2026-08-04T22:00:00Z,ENERGY STORAGE,ENERGY STORAGE,0,270
2026-08-04T22:00:00Z,GAS,COGENERATION,4229.695693423881,6122
2026-08-04T22:00:00Z,GAS,COMBINED CYCLE,3267.7500262143876,3974
2026-08-04T22:00:00Z,GAS,GAS FIRED STEAM,806.552710624271,3078
2026-08-04T22:00:00Z,GAS,SIMPLE CYCLE,160.83016438744136,1014
2026-08-04T22:00:00Z,HYDRO,HYDRO,343.3902316529221,896
2026-08-04T22:00:00Z,OTHER,BIOMASS,103.1851093504164,195
2026-08-04T22:00:00Z,OTHER,COMPOSITE,0,20
2026-08-04T22:00:00Z,OTHER,GAS,1.9999510049819944,10
2026-08-04T22:00:00Z,OTHER,GAS COGEN,35.12268165217506,58
2026-08-04T22:00:00Z,OTHER,OIL/GAS,40.041965605417886,53
2026-08-04T22:00:00Z,OTHER,WOOD/REFUSE,73.51243521372477,149
2026-08-04T22:00:00Z,SOLAR,SOLAR,1552.4828939662873,1870
2026-08-04T22:00:00Z,WIND,WIND,985.4167116387686,5684
2026-08-04T23:00:00Z,ENERGY STORAGE,ENERGY STORAGE,0,270
2026-08-04T23:00:00Z,GAS,COGENERATION,4274.779852296644,6122
2026-08-04T23:00:00Z,GAS,COMBINED CYCLE,3307.2437724139954,3974
2026-08-04T23:00:00Z,GAS,GAS FIRED STEAM,837.3142644352383,3078
2026-08-04T23:00:00Z,GAS,SIMPLE CYCLE,155.013053080274,1014
2026-08-04T23:00:00Z,HYDRO,HYDRO,374.16707204143205,896
2026-08-04T23:00:00Z,OTHER,BIOMASS,103.66099812401666,195
2026-08-04T23:00:00Z,OTHER,COMPOSITE,0,20
2026-08-04T23:00:00Z,OTHER,GAS,1.9999510049819944,10
2026-08-04T23:00:00Z,OTHER,GAS COGEN,35.97426089975569,58
2026-08-04T23:00:00Z,OTHER,OIL/GAS,40.138359521230065,53
2026-08-04T23:00:00Z,OTHER,WOOD/REFUSE,75.43386215633817,149
2026-08-04T23:00:00Z,SOLAR,SOLAR,1465.2811831310723,1870
2026-08-04T23:00:00Z,WIND,WIND,943.9485068794505,5684
2026-08-05T00:00:00Z,ENERGY STORAGE,ENERGY STORAGE,0,270
2026-08-05T00:00:00Z,GAS,COGENERATION,4330.914327539868,6122
2026-08-05T00:00:00Z,GAS,COMBINED CYCLE,3371.7224917411804,3974
2026-08-05T00:00:00Z,GAS,GAS FIRED STEAM,880.0844853931003,3078
2026-08-05T00:00:00Z,GAS,SIMPLE CYCLE,158.53983081817628,1014
2026-08-05T00:00:00Z,HYDRO,HYDRO,366.64881312368647,896
2026-08-05T00:00:00Z,OTHER,BIOMASS,107.27005370352003,195
2026-08-05T00:00:00Z,OTHER,COMPOSITE,0,20
2026-08-05T00:00:00Z,OTHER,GAS,1.9999510049819944,10
2026-08-05T00:00:00Z,OTHER,GAS COGEN,35.76968030558692,58
2026-08-05T00:00:00Z,OTHER,OIL/GAS,40.147198600769045,53
2026-08-05T00:00:00Z,OTHER,WOOD/REFUSE,75.86847546895345,149
2026-08-05T00:00:00Z,SOLAR,SOLAR,1247.6426712404689,1870
2026-08-05T00:00:00Z,WIND,WIND,866.1027218365834,5684
2026-08-05T01:00:00Z,ENERGY STORAGE,ENERGY STORAGE,0,270
2026-08-05T01:00:00Z,GAS,COGENERATION,4370.115987652142,6122
2026-08-05T01:00:00Z,GAS,COMBINED CYCLE,3397.353795569738,3974
2026-08-05T01:00:00Z,GAS,GAS FIRED STEAM,1112.841261590322,3078
2026-08-05T01:00:00Z,GAS,SIMPLE CYCLE,186.88677518791624,1014
2026-08-05T01:00:00Z,HYDRO,HYDRO,431.12845052666137,896
2026-08-05T01:00:00Z,OTHER,BIOMASS,104.83155371930864,195
2026-08-05T01:00:00Z,OTHER,COMPOSITE,11.04788861417108,20
2026-08-05T01:00:00Z,OTHER,GAS,1.9999510049819944,10
2026-08-05T01:00:00Z,OTHER,GAS COGEN,35.9080843644672,58
2026-08-05T01:00:00Z,OTHER,OIL/GAS,40.57493200937907,53
2026-08-05T01:00:00Z,OTHER,WOOD/REFUSE,77.20593217637804,149
2026-08-05T01:00:00Z,SOLAR,SOLAR,623.6655472657085,1870
2026-08-05T01:00:00Z,WIND,WIND,741.2883198833962,5684
2026-08-05T02:00:00Z,ENERGY STORAGE,ENERGY STORAGE,0,270
2026-08-05T02:00:00Z,GAS,COGENERATION,4394.398577559524,6122
2026-08-05T02:00:00Z,GAS,COMBINED CYCLE,3380.4910467878976,3974
2026-08-05T02:00:00Z,GAS,GAS FIRED STEAM,1391.7864251963297,3078
2026-08-05T02:00:00Z,GAS,SIMPLE CYCLE,327.45737372444734,1014
2026-08-05T02:00:00Z,HYDRO,HYDRO,452.7928816534413,896
2026-08-05T02:00:00Z,OTHER,BIOMASS,104.50310955709882,195
2026-08-05T02:00:00Z,OTHER,COMPOSITE,12.507055264049106,20
2026-08-05T02:00:00Z,OTHER,GAS,1.9999510049819944,10
2026-08-05T02:00:00Z,OTHER,GAS COGEN,36.00353036032782,58
2026-08-05T02:00:00Z,OTHER,OIL/GAS,40.62930956522624,53
2026-08-05T02:00:00Z,OTHER,WOOD/REFUSE,77.25621376461453,149
2026-08-05T02:00:00Z,SOLAR,SOLAR,160.60164872131827,1870
2026-08-05T02:00:00Z,WIND,WIND,721.045081738544,5684
2026-08-05T03:00:00Z,ENERGY STORAGE,ENERGY STORAGE,0,270
2026-08-05T03:00:00Z,GAS,COGENERATION,4405.910760650369,6122
2026-08-05T03:00:00Z,GAS,COMBINED CYCLE,3435.031284994549,3974
2026-08-05T03:00:00Z,GAS,GAS FIRED STEAM,1391.359869740804,3078
2026-08-05T03:00:00Z,GAS,SIMPLE CYCLE,346.6067968069182,1014
2026-08-05T03:00:00Z,HYDRO,HYDRO,382.16306150979466,896
2026-08-05T03:00:00Z,OTHER,BIOMASS,109.50960910055373,195
2026-08-05T03:00:00Z,OTHER,COMPOSITE,12.69733314090305,20
2026-08-05T03:00:00Z,OTHER,GAS,1.9999510049819944,10
2026-08-05T03:00:00Z,OTHER,GAS COGEN,35.974547950956556,58
2026-08-05T03:00:00Z,OTHER,OIL/GAS,40.99451597001818,53
2026-08-05T03:00:00Z,OTHER,WOOD/REFUSE,77.62580796559652,149
2026-08-05T03:00:00Z,SOLAR,SOLAR,43.785177637177206,1870
2026-08-05T03:00:00Z,WIND,WIND,815.708538364561,5684
2026-08-05T04:00:00Z,ENERGY STORAGE,ENERGY STORAGE,0,270
2026-08-05T04:00:00Z,GAS,COGENERATION,4426.321275890404,6122
2026-08-05T04:00:00Z,GAS,COMBINED CYCLE,3430.969634075165,3974
2026-08-05T04:00:00Z,GAS,GAS FIRED STEAM,1289.827310655382,3078
2026-08-05T04:00:00Z,GAS,SIMPLE CYCLE,197.77615284659382,1014
2026-08-05T04:00:00Z,HYDRO,HYDRO,369.38509294026426,896
2026-08-05T04:00:00Z,OTHER,BIOMASS,105.98638706909286,195
2026-08-05T04:00:00Z,OTHER,COMPOSITE,2.839222220049964,20
2026-08-05T04:00:00Z,OTHER,GAS,1.9999510049819944,10
2026-08-05T04:00:00Z,OTHER,GAS COGEN,35.90673564804925,58
2026-08-05T04:00:00Z,OTHER,OIL/GAS,41.644476068284774,53
2026-08-05T04:00:00Z,OTHER,WOOD/REFUSE,78.76927909851074,149
2026-08-05T04:00:00Z,SOLAR,SOLAR,0.6000000014901161,1870
2026-08-05T04:00:00Z,WIND,WIND,934.3558137831175,5684
2026-08-05T05:00:00Z,ENERGY STORAGE,ENERGY STORAGE,0,270
2026-08-05T05:00:00Z,GAS,COGENERATION,4405.881150575744,6122
2026-08-05T05:00:00Z,GAS,COMBINED CYCLE,3340.6206512384947,3974
2026-08-05T05:00:00Z,GAS,GAS FIRED STEAM,1043.3775358963012,3078
2026-08-05T05:00:00Z,GAS,SIMPLE CYCLE,76.13465467161602,1014
2026-08-05T05:00:00Z,HYDRO,HYDRO,300.34372623650563,896
2026-08-05T05:00:00Z,OTHER,BIOMASS,108.55866559558444,195
2026-08-05T05:00:00Z,OTHER,COMPOSITE,0,20
2026-08-05T05:00:00Z,OTHER,GAS,1.9999510049819944,10
2026-08-05T05:00:00Z,OTHER,GAS COGEN,35.834372737672595,58
2026-08-05T05:00:00Z,OTHER,OIL/GAS,42.1822657500373,53
2026-08-05T05:00:00Z,OTHER,WOOD/REFUSE,77.09569338056777,149
2026-08-05T05:00:00Z,SOLAR,SOLAR,0.4266666681567828,1870
2026-08-05T05:00:00Z,WIND,WIND,1160.0685447569979,5684
2026-08-05T06:00:00Z,ENERGY STORAGE,ENERGY STORAGE,-3.9286110439731012,270
2026-08-05T06:00:00Z,GAS,COGENERATION,4289.895749165482,6122
2026-08-05T06:00:00Z,GAS,COMBINED CYCLE,2902.7180250400966,3974
2026-08-05T06:00:00Z,GAS,GAS FIRED STEAM,652.6511555311415,3078
2026-08-05T06:00:00Z,GAS,SIMPLE CYCLE,60.422777150472,1014
2026-08-05T06:00:00Z,HYDRO,HYDRO,221.7377001646989,896
2026-08-05T06:00:00Z,OTHER,BIOMASS,110.74277612527212,195
2026-08-05T06:00:00Z,OTHER,COMPOSITE,0,20
2026-08-05T06:00:00Z,OTHER,GAS,1.9999510049819944,10
2026-08-05T06:00:00Z,OTHER,GAS COGEN,35.87831266085307,58
2026-08-05T06:00:00Z,OTHER,OIL/GAS,41.95852678934733,53
2026-08-05T06:00:00Z,OTHER,WOOD/REFUSE,77.01493203057183,149
2026-08-05T06:00:00Z,SOLAR,SOLAR,0.10000000149011612,1870
2026-08-05T06:00:00Z,WIND,WIND,1980.1325292059696,5684
2026-08-05T07:00:00Z,ENERGY STORAGE,ENERGY STORAGE,-11.681833134575022,270
2026-08-05T07:00:00Z,GAS,COGENERATION,4258.8462554245525,6122
2026-08-05T07:00:00Z,GAS,COMBINED CYCLE,2484.352056409518,3974
2026-08-05T07:00:00Z,GAS,GAS FIRED STEAM,551.2501567162408,3078
2026-08-05T07:00:00Z,GAS,SIMPLE CYCLE,60.670277357631264,1014
2026-08-05T07:00:00Z,HYDRO,HYDRO,226.54015766951773,896
2026-08-05T07:00:00Z,OTHER,BIOMASS,111.76044247892168,195
2026-08-05T07:00:00Z,OTHER,COMPOSITE,0,20
2026-08-05T07:00:00Z,OTHER,GAS,1.9999510049819944,10
2026-08-05T07:00:00Z,OTHER,GAS COGEN,35.63530034277174,58
2026-08-05T07:00:00Z,OTHER,OIL/GAS,42.00163200378418,53
2026-08-05T07:00:00Z,OTHER,WOOD/REFUSE,77.12733935462104,149
2026-08-05T07:00:00Z,SOLAR,SOLAR,0.10000000149011612,1870
2026-08-05T07:00:00Z,WIND,WIND,2238.7803580274185,5684
2026-08-05T08:00:00Z,ENERGY STORAGE,ENERGY STORAGE,-4.9001665830943315,270
2026-08-05T08:00:00Z,GAS,COGENERATION,4245.387800646093,6122
2026-08-05T08:00:00Z,GAS,COMBINED CYCLE,2031.7248222528563,3974
2026-08-05T08:00:00Z,GAS,GAS FIRED STEAM,542.1145479795669,3078
2026-08-05T08:00:00Z,GAS,SIMPLE CYCLE,60.709611157311336,1014
2026-08-05T08:00:00Z,HYDRO,HYDRO,185.471108965079,896
2026-08-05T08:00:00Z,OTHER,BIOMASS,110.95022002855937,195
2026-08-05T08:00:00Z,OTHER,COMPOSITE,0,20
2026-08-05T08:00:00Z,OTHER,GAS,1.9999510049819944,10
2026-08-05T08:00:00Z,OTHER,GAS COGEN,35.65432354927063,58
2026-08-05T08:00:00Z,OTHER,OIL/GAS,42.45981060875787,53
2026-08-05T08:00:00Z,OTHER,WOOD/REFUSE,78.12783640967476,149
2026-08-05T08:00:00Z,SOLAR,SOLAR,0.10000000149011612,1870
2026-08-05T08:00:00Z,WIND,WIND,2568.6739792398653,5684
2026-08-05T09:00:00Z,ENERGY STORAGE,ENERGY STORAGE,0,270
2026-08-05T09:00:00Z,GAS,COGENERATION,4242.796757185989,6122
2026-08-05T09:00:00Z,GAS,COMBINED CYCLE,1862.2891813556353,3974
2026-08-05T09:00:00Z,GAS,GAS FIRED STEAM,540.9540450180901,3078
2026-08-05T09:00:00Z,GAS,SIMPLE CYCLE,60.81172240363227,1014
2026-08-05T09:00:00Z,HYDRO,HYDRO,179.87851402017805,896
2026-08-05T09:00:00Z,OTHER,BIOMASS,109.02716498030556,195
2026-08-05T09:00:00Z,OTHER,COMPOSITE,0,20
2026-08-05T09:00:00Z,OTHER,GAS,1.9999510049819944,10
2026-08-05T09:00:00Z,OTHER,GAS COGEN,35.64842241472668,58
2026-08-05T09:00:00Z,OTHER,OIL/GAS,42.1170386589898,53
2026-08-05T09:00:00Z,OTHER,WOOD/REFUSE,77.37407783508301,149
2026-08-05T09:00:00Z,SOLAR,SOLAR,0.10000000149011612,1870
2026-08-05T09:00:00Z,WIND,WIND,2699.238326449858,5684
2026-08-05T10:00:00Z,ENERGY STORAGE,ENERGY STORAGE,0,270
2026-08-05T10:00:00Z,GAS,COGENERATION,4251.16110333807,6122
2026-08-05T10:00:00Z,GAS,COMBINED CYCLE,2022.325335712168,3974
2026-08-05T10:00:00Z,GAS,GAS FIRED STEAM,552.1405477142334,3078
2026-08-05T10:00:00Z,GAS,SIMPLE CYCLE,60.68999904208714,1014
2026-08-05T10:00:00Z,HYDRO,HYDRO,224.20651134636665,896
2026-08-05T10:00:00Z,OTHER,BIOMASS,102.87699824704065,195
2026-08-05T10:00:00Z,OTHER,COMPOSITE,0,20
2026-08-05T10:00:00Z,OTHER,GAS,1.9999510049819944,10
2026-08-05T10:00:00Z,OTHER,GAS COGEN,35.6963584751553,58
2026-08-05T10:00:00Z,OTHER,OIL/GAS,42.29025543636746,53
2026-08-05T10:00:00Z,OTHER,WOOD/REFUSE,75.53063142564562,149
2026-08-05T10:00:00Z,SOLAR,SOLAR,0.10000000149011612,1870
2026-08-05T10:00:00Z,WIND,WIND,2324.8467526353857,5684
2026-08-05T11:00:00Z,ENERGY STORAGE,ENERGY STORAGE,0,270
2026-08-05T11:00:00Z,GAS,COGENERATION,4342.2203738028475,6122
2026-08-05T11:00:00Z,GAS,COMBINED CYCLE,2787.5242552860577,3974
2026-08-05T11:00:00Z,GAS,GAS FIRED STEAM,659.8781576283773,3078
2026-08-05T11:00:00Z,GAS,SIMPLE CYCLE,60.67922231462267,1014
2026-08-05T11:00:00Z,HYDRO,HYDRO,208.30698324577676,896
2026-08-05T11:00:00Z,OTHER,BIOMASS,98.9364985162682,195
2026-08-05T11:00:00Z,OTHER,COMPOSITE,0,20
2026-08-05T11:00:00Z,OTHER,GAS,1.9999510049819944,10
2026-08-05T11:00:00Z,OTHER,GAS COGEN,35.7493624581231,58
2026-08-05T11:00:00Z,OTHER,OIL/GAS,42.647743926578094,53
2026-08-05T11:00:00Z,OTHER,WOOD/REFUSE,76.52654991149902,149
2026-08-05T11:00:00Z,SOLAR,SOLAR,0.10083333485656314,1870
2026-08-05T11:00:00Z,WIND,WIND,1712.2587153349236,5684
2026-08-05T12:00:00Z,ENERGY STORAGE,ENERGY STORAGE,0,270
2026-08-05T12:00:00Z,GAS,COGENERATION,4297.823557062149,6122
2026-08-05T12:00:00Z,GAS,COMBINED CYCLE,2775.054793858793,3974
2026-08-05T12:00:00Z,GAS,GAS FIRED STEAM,647.9506527052986,3078
2026-08-05T12:00:00Z,GAS,SIMPLE CYCLE,60.46883314185673,1014
2026-08-05T12:00:00Z,HYDRO,HYDRO,196.08847727141446,896
2026-08-05T12:00:00Z,OTHER,BIOMASS,96.03694320466784,195
2026-08-05T12:00:00Z,OTHER,COMPOSITE,0,20
2026-08-05T12:00:00Z,OTHER,GAS,1.9999510049819944,10
2026-08-05T12:00:00Z,OTHER,GAS COGEN,35.79352619806926,58
2026-08-05T12:00:00Z,OTHER,OIL/GAS,41.875265738169354,53
2026-08-05T12:00:00Z,OTHER,WOOD/REFUSE,75.9446137661404,149
2026-08-05T12:00:00Z,SOLAR,SOLAR,60.53277685611198,1870
2026-08-05T12:00:00Z,WIND,WIND,1769.6708139237678,5684
2026-08-05T13:00:00Z,ENERGY STORAGE,ENERGY STORAGE,0,270
2026-08-05T13:00:00Z,GAS,COGENERATION,4395.4573470028245,6122
2026-08-05T13:00:00Z,GAS,COMBINED CYCLE,2914.017155096266,3974
2026-08-05T13:00:00Z,GAS,GAS FIRED STEAM,661.7864334699842,3078
2026-08-05T13:00:00Z,GAS,SIMPLE CYCLE,69.88816572560205,1014
2026-08-05T13:00:00Z,HYDRO,HYDRO,315.26914117084607,896
2026-08-05T13:00:00Z,OTHER,BIOMASS,98.77344302819834,195
2026-08-05T13:00:00Z,OTHER,COMPOSITE,0,20
2026-08-05T13:00:00Z,OTHER,GAS,1.9999510049819944,10
2026-08-05T13:00:00Z,OTHER,GAS COGEN,35.84436664793226,58
2026-08-05T13:00:00Z,OTHER,OIL/GAS,42.55883275349935,53
2026-08-05T13:00:00Z,OTHER,WOOD/REFUSE,75.63381087409125,149
2026-08-05T13:00:00Z,SOLAR,SOLAR,426.68344995995363,1870
2026-08-05T13:00:00Z,WIND,WIND,1438.6729354835963,5684
2026-08-05T14:00:00Z,ENERGY STORAGE,ENERGY STORAGE,0,270
2026-08-05T14:00:00Z,GAS,COGENERATION,4429.180719954437,6122
2026-08-05T14:00:00Z,GAS,COMBINED CYCLE,3051.098159203,3974
2026-08-05T14:00:00Z,GAS,GAS FIRED STEAM,660.6634318139818,3078
2026-08-05T14:00:00Z,GAS,SIMPLE CYCLE,70.32294296688504,1014
2026-08-05T14:00:00Z,HYDRO,HYDRO,264.95328654408456,896
2026-08-05T14:00:00Z,OTHER,BIOMASS,99.87422040171094,195
2026-08-05T14:00:00Z,OTHER,COMPOSITE,0,20
2026-08-05T14:00:00Z,OTHER,GAS,1.9999510049819944,10
2026-08-05T14:00:00Z,OTHER,GAS COGEN,35.83451940642463,58
2026-08-05T14:00:00Z,OTHER,OIL/GAS,42.705282580057776,53
2026-08-05T14:00:00Z,OTHER,WOOD/REFUSE,75.21157140519884,149
2026-08-05T14:00:00Z,SOLAR,SOLAR,1001.0608067539004,1870
2026-08-05T14:00:00Z,WIND,WIND,982.8522602302498,5684
2026-08-05T15:00:00Z,ENERGY STORAGE,ENERGY STORAGE,0,270
2026-08-05T15:00:00Z,GAS,COGENERATION,4401.028434015116,6122
2026-08-05T15:00:00Z,GAS,COMBINED CYCLE,2984.0267016564476,3974
2026-08-05T15:00:00Z,GAS,GAS FIRED STEAM,660.240653629303,3078
2026-08-05T15:00:00Z,GAS,SIMPLE CYCLE,69.81677670372858,1014
2026-08-05T15:00:00Z,HYDRO,HYDRO,245.2278803969754,896
2026-08-05T15:00:00Z,OTHER,BIOMASS,100.91138717399703,195
2026-08-05T15:00:00Z,OTHER,COMPOSITE,0,20
2026-08-05T15:00:00Z,OTHER,GAS,1.9999510049819944,10
2026-08-05T15:00:00Z,OTHER,GAS COGEN,35.64913614590962,58
2026-08-05T15:00:00Z,OTHER,OIL/GAS,42.818927148183185,53
2026-08-05T15:00:00Z,OTHER,WOOD/REFUSE,73.7606358718872,149
2026-08-05T15:00:00Z,SOLAR,SOLAR,1378.4289461649457,1870
2026-08-05T15:00:00Z,WIND,WIND,844.4926875673069,5684
2026-08-05T16:00:00Z,ENERGY STORAGE,ENERGY STORAGE,0,270
2026-08-05T16:00:00Z,GAS,COGENERATION,4388.216384545366,6122
2026-08-05T16:00:00Z,GAS,COMBINED CYCLE,3041.5676603743764,3974
2026-08-05T16:00:00Z,GAS,GAS FIRED STEAM,679.3628784645929,3078
2026-08-05T16:00:00Z,GAS,SIMPLE CYCLE,73.07922190604938,1014
2026-08-05T16:00:00Z,HYDRO,HYDRO,263.3130603782336,896
2026-08-05T16:00:00Z,OTHER,BIOMASS,99.81799859391319,195
2026-08-05T16:00:00Z,OTHER,COMPOSITE,0,20
2026-08-05T16:00:00Z,OTHER,GAS,1.9999510049819944,10
2026-08-05T16:00:00Z,OTHER,GAS COGEN,35.7414920923445,58
2026-08-05T16:00:00Z,OTHER,OIL/GAS,42.3848210949368,53
2026-08-05T16:00:00Z,OTHER,WOOD/REFUSE,74.42600342644586,149
2026-08-05T16:00:00Z,SOLAR,SOLAR,1570.6278999408748,1870
2026-08-05T16:00:00Z,WIND,WIND,753.6860812359594,5684
2026-08-05T17:00:00Z,ENERGY STORAGE,ENERGY STORAGE,0,270
2026-08-05T17:00:00Z,GAS,COGENERATION,4368.813756505383,6122
2026-08-05T17:00:00Z,GAS,COMBINED CYCLE,3199.9363166806434,3974
2026-08-05T17:00:00Z,GAS,GAS FIRED STEAM,941.5869282955593,3078
2026-08-05T17:00:00Z,GAS,SIMPLE CYCLE,85.35405421218938,1014
2026-08-05T17:00:00Z,HYDRO,HYDRO,297.83881527410614,896
2026-08-05T17:00:00Z,OTHER,BIOMASS,99.36855410642094,195
2026-08-05T17:00:00Z,OTHER,COMPOSITE,0,20
2026-08-05T17:00:00Z,OTHER,GAS,1.9999510049819944,10
2026-08-05T17:00:00Z,OTHER,GAS COGEN,35.73293300787608,58
2026-08-05T17:00:00Z,OTHER,OIL/GAS,42.12976599163479,53
2026-08-05T17:00:00Z,OTHER,WOOD/REFUSE,76.35092964596218,149
2026-08-05T17:00:00Z,SOLAR,SOLAR,1673.4516413715398,1870
2026-08-05T17:00:00Z,WIND,WIND,725.0980502777298,5684
2026-08-05T18:00:00Z,ENERGY STORAGE,ENERGY STORAGE,0,270
2026-08-05T18:00:00Z,GAS,COGENERATION,4297.723686781459,6122
2026-08-05T18:00:00Z,GAS,COMBINED CYCLE,3208.742866917451,3974
2026-08-05T18:00:00Z,GAS,GAS FIRED STEAM,975.5351485549079,3078
2026-08-05T18:00:00Z,GAS,SIMPLE CYCLE,82.1753321449293,1014
2026-08-05T18:00:00Z,HYDRO,HYDRO,267.57719722064,896
2026-08-05T18:00:00Z,OTHER,BIOMASS,100.47455386638642,195
2026-08-05T18:00:00Z,OTHER,COMPOSITE,0,20
2026-08-05T18:00:00Z,OTHER,GAS,1.9999510049819944,10
2026-08-05T18:00:00Z,OTHER,GAS COGEN,35.73888638390435,58
2026-08-05T18:00:00Z,OTHER,OIL/GAS,42.9561042298211,53
2026-08-05T18:00:00Z,OTHER,WOOD/REFUSE,76.26141889360215,149
2026-08-05T18:00:00Z,SOLAR,SOLAR,1657.5514305625525,1870
2026-08-05T18:00:00Z,WIND,WIND,822.4699396452143,5684
2026-08-05T19:00:00Z,ENERGY STORAGE,ENERGY STORAGE,0.0022222221228811,270
2026-08-05T19:00:00Z,GAS,COGENERATION,4239.497421490087,6122
2026-08-05T19:00:00Z,GAS,COMBINED CYCLE,3236.7545109144844,3974
2026-08-05T19:00:00Z,GAS,GAS FIRED STEAM,961.3393732833863,3078
2026-08-05T19:00:00Z,GAS,SIMPLE CYCLE,84.145609253247585,1014
2026-08-05T19:00:00Z,HYDRO,HYDRO,385.1365048789316,896
2026-08-05T19:00:00Z,OTHER,BIOMASS,99.96055376092593,195
2026-08-05T19:00:00Z,OTHER,COMPOSITE,0,20
2026-08-05T19:00:00Z,OTHER,GAS,1.9999510049819944,10
2026-08-05T19:00:00Z,OTHER,GAS COGEN,35.84851220766703,58
2026-08-05T19:00:00Z,OTHER,OIL/GAS,42.41715987947252,53
2026-08-05T19:00:00Z,OTHER,WOOD/REFUSE,76.53383045620389,149
2026-08-05T19:00:00Z,SOLAR,SOLAR,1565.6087256459396,1870
2026-08-05T19:00:00Z,WIND,WIND,940.1450359330078,5684
2026-08-05T20:00:00Z,ENERGY STORAGE,ENERGY STORAGE,0,270
2026-08-05T20:00:00Z,GAS,COGENERATION,4223.436288662751,6122
2026-08-05T20:00:00Z,GAS,COMBINED CYCLE,3252.306058089468,3974
2026-08-05T20:00:00Z,GAS,GAS FIRED STEAM,1049.0295377688938,3078
2026-08-05T20:00:00Z,GAS,SIMPLE CYCLE,84.4666655479206,1014
2026-08-05T20:00:00Z,HYDRO,HYDRO,307.67121849205756,896
2026-08-05T20:00:00Z,OTHER,BIOMASS,97.42566525737445,195
2026-08-05T20:00:00Z,OTHER,COMPOSITE,0,20
2026-08-05T20:00:00Z,OTHER,GAS,1.9999510049819944,10
2026-08-05T20:00:00Z,OTHER,GAS COGEN,35.61012527041965,58
2026-08-05T20:00:00Z,OTHER,OIL/GAS,42.5033154741923,53
2026-08-05T20:00:00Z,OTHER,WOOD/REFUSE,74.30828415340848,149
2026-08-05T20:00:00Z,SOLAR,SOLAR,1523.9873845814996,1870
2026-08-05T20:00:00Z,WIND,WIND,1058.426214644412,5684
2026-08-05T21:00:00Z,ENERGY STORAGE,ENERGY STORAGE,0,270
2026-08-05T21:00:00Z,GAS,COGENERATION,4268.71590738482,6122
2026-08-05T21:00:00Z,GAS,COMBINED CYCLE,3327.4567789239354,3974
2026-08-05T21:00:00Z,GAS,GAS FIRED STEAM,1054.3219820912677,3078
2026-08-05T21:00:00Z,GAS,SIMPLE CYCLE,93.64627646120472,1014
2026-08-05T21:00:00Z,HYDRO,HYDRO,281.76524204368394,896
2026-08-05T21:00:00Z,OTHER,BIOMASS,96.29105403794182,195
2026-08-05T21:00:00Z,OTHER,COMPOSITE,0,20
2026-08-05T21:00:00Z,OTHER,GAS,1.9999510049819944,10
2026-08-05T21:00:00Z,OTHER,GAS COGEN,35.73948307355245,58
2026-08-05T21:00:00Z,OTHER,OIL/GAS,42.45464320288764,53
2026-08-05T21:00:00Z,OTHER,WOOD/REFUSE,76.85020041147868,149
2026-08-05T21:00:00Z,SOLAR,SOLAR,1431.1207014348772,1870
2026-08-05T21:00:00Z,WIND,WIND,1130.682522766114,5684
2026-08-05T22:00:00Z,ENERGY STORAGE,ENERGY STORAGE,0,270
2026-08-05T22:00:00Z,GAS,COGENERATION,4287.968530094889,6122
2026-08-05T22:00:00Z,GAS,COMBINED CYCLE,3370.6024019535384,3974
2026-08-05T22:00:00Z,GAS,GAS FIRED STEAM,999.7394834476047,3078
2026-08-05T22:00:00Z,GAS,SIMPLE CYCLE,102.2376646230287,1014
2026-08-05T22:00:00Z,HYDRO,HYDRO,307.8934854857127,896
2026-08-05T22:00:00Z,OTHER,BIOMASS,96.76916569391886,195
2026-08-05T22:00:00Z,OTHER,COMPOSITE,0,20
2026-08-05T22:00:00Z,OTHER,GAS,1.9999510049819944,10
2026-08-05T22:00:00Z,OTHER,GAS COGEN,35.669113999207816,58
2026-08-05T22:00:00Z,OTHER,OIL/GAS,43.0073057047526,53
2026-08-05T22:00:00Z,OTHER,WOOD/REFUSE,76.98907806396484,149
2026-08-05T22:00:00Z,SOLAR,SOLAR,1331.167588058909,1870
2026-08-05T22:00:00Z,WIND,WIND,1172.2656745953775,5684
2026-08-05T23:00:00Z,ENERGY STORAGE,ENERGY STORAGE,0,270
2026-08-05T23:00:00Z,GAS,COGENERATION,4344.467840507428,6122
2026-08-05T23:00:00Z,GAS,COMBINED CYCLE,3395.3948207537333,3974
2026-08-05T23:00:00Z,GAS,GAS FIRED STEAM,1219.8126484213935,3078
2026-08-05T23:00:00Z,GAS,SIMPLE CYCLE,215.46784048553968,1014
2026-08-05T23:00:00Z,HYDRO,HYDRO,367.25409021404056,896
2026-08-05T23:00:00Z,OTHER,BIOMASS,98.43844333251317,195
2026-08-05T23:00:00Z,OTHER,COMPOSITE,0.04188888781600528,20
2026-08-05T23:00:00Z,OTHER,GAS,1.9999510049819944,10
2026-08-05T23:00:00Z,OTHER,GAS COGEN,35.76040866851807,58
2026-08-05T23:00:00Z,OTHER,OIL/GAS,42.92372751235962,53
2026-08-05T23:00:00Z,OTHER,WOOD/REFUSE,76.20028197818333,149
2026-08-05T23:00:00Z,SOLAR,SOLAR,990.5249587701096,1870
2026-08-05T23:00:00Z,WIND,WIND,1025.3534087136263,5684
2026-08-06T00:00:00Z,ENERGY STORAGE,ENERGY STORAGE,0,270
2026-08-06T00:00:00Z,GAS,COGENERATION,4378.411996267637,6122
2026-08-06T00:00:00Z,GAS,COMBINED CYCLE,3327.449361214373,3974
2026-08-06T00:00:00Z,GAS,GAS FIRED STEAM,1034.1603185335796,3078
2026-08-06T00:00:00Z,GAS,SIMPLE CYCLE,193.83256357487704,1014
2026-08-06T00:00:00Z,HYDRO,HYDRO,287.96056647494436,896
2026-08-06T00:00:00Z,OTHER,BIOMASS,98.71055413855447,195
2026-08-06T00:00:00Z,OTHER,COMPOSITE,12.219722277323404,20
2026-08-06T00:00:00Z,OTHER,GAS,1.9999510049819944,10
2026-08-06T00:00:00Z,OTHER,GAS COGEN,35.84276796764797,58
2026-08-06T00:00:00Z,OTHER,OIL/GAS,43.202948820326064,53
2026-08-06T00:00:00Z,OTHER,WOOD/REFUSE,73.61633855607775,149
2026-08-06T00:00:00Z,SOLAR,SOLAR,936.9513835501671,1870
2026-08-06T00:00:00Z,WIND,WIND,886.2058644961111,5684
2026-08-06T01:00:00Z,ENERGY STORAGE,ENERGY STORAGE,0,270
2026-08-06T01:00:00Z,GAS,COGENERATION,4409.9456284719045,6122
2026-08-06T01:00:00Z,GAS,COMBINED CYCLE,3403.2374791351954,3974
2026-08-06T01:00:00Z,GAS,GAS FIRED STEAM,1170.504093814426,3078
2026-08-06T01:00:00Z,GAS,SIMPLE CYCLE,212.5696800600489,1014
2026-08-06T01:00:00Z,HYDRO,HYDRO,393.9629835603303,896
2026-08-06T01:00:00Z,OTHER,BIOMASS,97.1352766582701,195
2026-08-06T01:00:00Z,OTHER,COMPOSITE,12.333277623388502,20
2026-08-06T01:00:00Z,OTHER,GAS,1.9999510049819944,10
2026-08-06T01:00:00Z,OTHER,GAS COGEN,35.69561771922641,58
2026-08-06T01:00:00Z,OTHER,OIL/GAS,45.67731571833293,53
2026-08-06T01:00:00Z,OTHER,WOOD/REFUSE,75.08297893948026,149
2026-08-06T01:00:00Z,SOLAR,SOLAR,534.566966450082,1870
2026-08-06T01:00:00Z,WIND,WIND,673.9436144959222,5684
2026-08-06T02:00:00Z,ENERGY STORAGE,ENERGY STORAGE,0,270
2026-08-06T02:00:00Z,GAS,COGENERATION,4451.314252005683,6122
2026-08-06T02:00:00Z,GAS,COMBINED CYCLE,3442.948947054015,3974
2026-08-06T02:00:00Z,GAS,GAS FIRED STEAM,1402.5068687438966,3078
2026-08-06T02:00:00Z,GAS,SIMPLE CYCLE,349.20220813065356,1014
2026-08-06T02:00:00Z,HYDRO,HYDRO,384.3494898151027,896
2026-08-06T02:00:00Z,OTHER,BIOMASS,101.36916496780184,195
2026-08-06T02:00:00Z,OTHER,COMPOSITE,12.33188889503479,20
2026-08-06T02:00:00Z,OTHER,GAS,1.9999510049819944,10
2026-08-06T02:00:00Z,OTHER,GAS COGEN,35.81307683944702,58
2026-08-06T02:00:00Z,OTHER,OIL/GAS,45.01032079908583,53
2026-08-06T02:00:00Z,OTHER,WOOD/REFUSE,77.05819105784099,149
2026-08-06T02:00:00Z,SOLAR,SOLAR,145.48741921072204,1870
2026-08-06T02:00:00Z,WIND,WIND,523.7580590931864,5684
2026-08-06T03:00:00Z,ENERGY STORAGE,ENERGY STORAGE,0,270
2026-08-06T03:00:00Z,GAS,COGENERATION,4477.573066516982,6122
2026-08-06T03:00:00Z,GAS,COMBINED CYCLE,3470.5959624939496,3974
2026-08-06T03:00:00Z,GAS,GAS FIRED STEAM,1402.2704256354439,3078
2026-08-06T03:00:00Z,GAS,SIMPLE CYCLE,472.69322128729686,1014
2026-08-06T03:00:00Z,HYDRO,HYDRO,466.92717670831416,896
2026-08-06T03:00:00Z,OTHER,BIOMASS,103.44505406644609,195
2026-08-06T03:00:00Z,OTHER,COMPOSITE,12.343055183092751,20
2026-08-06T03:00:00Z,OTHER,GAS,1.9999510049819944,10
2026-08-06T03:00:00Z,OTHER,GAS COGEN,35.81639652887981,58
2026-08-06T03:00:00Z,OTHER,OIL/GAS,44.8664932929145,53
2026-08-06T03:00:00Z,OTHER,WOOD/REFUSE,81.03065837012397,149
2026-08-06T03:00:00Z,SOLAR,SOLAR,45.9300900093466,1870
2026-08-06T03:00:00Z,WIND,WIND,616.649684828644,5684
2026-08-06T04:00:00Z,ENERGY STORAGE,ENERGY STORAGE,0,270
2026-08-06T04:00:00Z,GAS,COGENERATION,4479.986191768646,6122
2026-08-06T04:00:00Z,GAS,COMBINED CYCLE,3427.2922973039417,3974
2026-08-06T04:00:00Z,GAS,GAS FIRED STEAM,1376.3339816538492,3078
2026-08-06T04:00:00Z,GAS,SIMPLE CYCLE,435.28248128818143,1014
2026-08-06T04:00:00Z,HYDRO,HYDRO,330.07928407830497,896
2026-08-06T04:00:00Z,OTHER,BIOMASS,103.07855424033272,195
2026-08-06T04:00:00Z,OTHER,COMPOSITE,10.09999942779541,20
2026-08-06T04:00:00Z,OTHER,GAS,1.9999510049819944,10
2026-08-06T04:00:00Z,OTHER,GAS COGEN,35.542014523612124,58
2026-08-06T04:00:00Z,OTHER,OIL/GAS,44.6697547255622,53
2026-08-06T04:00:00Z,OTHER,WOOD/REFUSE,80.78974523332384,149
2026-08-06T04:00:00Z,SOLAR,SOLAR,4.9678887428343295,1870
2026-08-06T04:00:00Z,WIND,WIND,955.0773872628932,5684
2026-08-06T05:00:00Z,ENERGY STORAGE,ENERGY STORAGE,0,270
2026-08-06T05:00:00Z,GAS,COGENERATION,4459.753571615484,6122
2026-08-06T05:00:00Z,GAS,COMBINED CYCLE,3155.1897392339174,3974
2026-08-06T05:00:00Z,GAS,GAS FIRED STEAM,979.3099285422431,3078
2026-08-06T05:00:00Z,GAS,SIMPLE CYCLE,80.78108291140033,1014
2026-08-06T05:00:00Z,HYDRO,HYDRO,178.2108917483853,896
2026-08-06T05:00:00Z,OTHER,BIOMASS,109.67783163335588,195
2026-08-06T05:00:00Z,OTHER,COMPOSITE,2.256722096204758,20
2026-08-06T05:00:00Z,OTHER,GAS,1.9999510049819944,10
2026-08-06T05:00:00Z,OTHER,GAS COGEN,35.37410855531692,58
2026-08-06T05:00:00Z,OTHER,OIL/GAS,42.89436538908217,53
2026-08-06T05:00:00Z,OTHER,WOOD/REFUSE,74.51010373433431,149
2026-08-06T05:00:00Z,SOLAR,SOLAR,0.20000000298023224,1870
2026-08-06T05:00:00Z,WIND,WIND,1392.9004315356951,5684
2026-08-06T06:00:00Z,ENERGY STORAGE,ENERGY STORAGE,0,270
2026-08-06T06:00:00Z,GAS,COGENERATION,4387.862821575536,6122
2026-08-06T06:00:00Z,GAS,COMBINED CYCLE,2963.9991003635196,3974
2026-08-06T06:00:00Z,GAS,GAS FIRED STEAM,677.1268228371938,3078
2026-08-06T06:00:00Z,GAS,SIMPLE CYCLE,61.43988794962566,1014
2026-08-06T06:00:00Z,HYDRO,HYDRO,185.82343380952875,896
2026-08-06T06:00:00Z,OTHER,BIOMASS,114.40866442521413,195
2026-08-06T06:00:00Z,OTHER,COMPOSITE,0,20
2026-08-06T06:00:00Z,OTHER,GAS,1.9999510049819944,10
2026-08-06T06:00:00Z,OTHER,GAS COGEN,35.60351976235708,58
2026-08-06T06:00:00Z,OTHER,OIL/GAS,42.18053865432739,53
2026-08-06T06:00:00Z,OTHER,WOOD/REFUSE,72.63006335788303,149
2026-08-06T06:00:00Z,SOLAR,SOLAR,0.20000000298023224,1870
2026-08-06T06:00:00Z,WIND,WIND,1632.145618823121,5684
2026-08-06T07:00:00Z,ENERGY STORAGE,ENERGY STORAGE,-7.0387220878236825,270
2026-08-06T07:00:00Z,GAS,COGENERATION,4359.052910033332,6122
2026-08-06T07:00:00Z,GAS,COMBINED CYCLE,2751.0312713678677,3974
2026-08-06T07:00:00Z,GAS,GAS FIRED STEAM,515.0952691819933,3078
2026-08-06T07:00:00Z,GAS,SIMPLE CYCLE,61.42149936358134,1014
2026-08-06T07:00:00Z,HYDRO,HYDRO,182.74494776063494,896
2026-08-06T07:00:00Z,OTHER,BIOMASS,112.80349762121836,195
2026-08-06T07:00:00Z,OTHER,COMPOSITE,0,20
2026-08-06T07:00:00Z,OTHER,GAS,1.9999510049819944,10
2026-08-06T07:00:00Z,OTHER,GAS COGEN,35.4709036037657,58
2026-08-06T07:00:00Z,OTHER,OIL/GAS,42.22558779822455,53
2026-08-06T07:00:00Z,OTHER,WOOD/REFUSE,71.56902998182508,149
2026-08-06T07:00:00Z,SOLAR,SOLAR,0.20000000298023224,1870
2026-08-06T07:00:00Z,WIND,WIND,1855.2850459160986,5684
2026-08-06T08:00:00Z,ENERGY STORAGE,ENERGY STORAGE,-10.699944239565069,270
2026-08-06T08:00:00Z,GAS,COGENERATION,4369.325022124184,6122
2026-08-06T08:00:00Z,GAS,COMBINED CYCLE,2594.3279618493716,3974
2026-08-06T08:00:00Z,GAS,GAS FIRED STEAM,473.5212700017293,3078
2026-08-06T08:00:00Z,GAS,SIMPLE CYCLE,61.304054185019595,1014
2026-08-06T08:00:00Z,HYDRO,HYDRO,169.41560216585796,896
2026-08-06T08:00:00Z,OTHER,BIOMASS,111.26788602723016,195
2026-08-06T08:00:00Z,OTHER,COMPOSITE,0,20
2026-08-06T08:00:00Z,OTHER,GAS,1.9999510049819944,10
2026-08-06T08:00:00Z,OTHER,GAS COGEN,35.41751195854611,58
2026-08-06T08:00:00Z,OTHER,OIL/GAS,42.81496018939548,53
2026-08-06T08:00:00Z,OTHER,WOOD/REFUSE,68.95608115302191,149
2026-08-06T08:00:00Z,SOLAR,SOLAR,0.20000000298023224,1870
2026-08-06T08:00:00Z,WIND,WIND,1968.0793383966843,5684
2026-08-06T09:00:00Z,ENERGY STORAGE,ENERGY STORAGE,-2.1712777298606105,270
2026-08-06T09:00:00Z,GAS,COGENERATION,4339.119058560001,6122
2026-08-06T09:00:00Z,GAS,COMBINED CYCLE,2241.963879011207,3974
2026-08-06T09:00:00Z,GAS,GAS FIRED STEAM,473.91499281141495,3078
2026-08-06T09:00:00Z,GAS,SIMPLE CYCLE,61.577498746448086,1014
2026-08-06T09:00:00Z,HYDRO,HYDRO,172.02626706401506,896
2026-08-06T09:00:00Z,OTHER,BIOMASS,107.45199743959638,195
2026-08-06T09:00:00Z,OTHER,COMPOSITE,0,20
2026-08-06T09:00:00Z,OTHER,GAS,2.0669510209560396,10
2026-08-06T09:00:00Z,OTHER,GAS COGEN,35.35715316083696,58
2026-08-06T09:00:00Z,OTHER,OIL/GAS,42.516977055867514,53
2026-08-06T09:00:00Z,OTHER,WOOD/REFUSE,66.4103616396586,149
2026-08-06T09:00:00Z,SOLAR,SOLAR,0.20000000298023224,1870
2026-08-06T09:00:00Z,WIND,WIND,2309.789091445696,5684
2026-08-06T10:00:00Z,ENERGY STORAGE,ENERGY STORAGE,0,270
2026-08-06T10:00:00Z,GAS,COGENERATION,4307.416711237762,6122
2026-08-06T10:00:00Z,GAS,COMBINED CYCLE,1898.2391879140005,3974
2026-08-06T10:00:00Z,GAS,GAS FIRED STEAM,474.6709921391805,3078
2026-08-06T10:00:00Z,GAS,SIMPLE CYCLE,61.425110639996,1014
2026-08-06T10:00:00Z,HYDRO,HYDRO,172.26026281655663,896
2026-08-06T10:00:00Z,OTHER,BIOMASS,109.55916410287222,195
2026-08-06T10:00:00Z,OTHER,COMPOSITE,0,20
2026-08-06T10:00:00Z,OTHER,GAS,2.0999510288238525,10
2026-08-06T10:00:00Z,OTHER,GAS COGEN,35.374057905409074,58
2026-08-06T10:00:00Z,OTHER,OIL/GAS,42.77482714547051,53
2026-08-06T10:00:00Z,OTHER,WOOD/REFUSE,64.02791651831733,149
2026-08-06T10:00:00Z,SOLAR,SOLAR,0.20000000298023224,1870
2026-08-06T10:00:00Z,WIND,WIND,2694.390412108215,5684
2026-08-06T11:00:00Z,ENERGY STORAGE,ENERGY STORAGE,0,270
2026-08-06T11:00:00Z,GAS,COGENERATION,4306.065268868208,6122
2026-08-06T11:00:00Z,GAS,COMBINED CYCLE,1763.6695078863038,3974
2026-08-06T11:00:00Z,GAS,GAS FIRED STEAM,476.8778821182251,3078
2026-08-06T11:00:00Z,GAS,SIMPLE CYCLE,61.868722138934665,1014
2026-08-06T11:00:00Z,HYDRO,HYDRO,186.6972908972866,896
2026-08-06T11:00:00Z,OTHER,BIOMASS,109.42294200049506,195
2026-08-06T11:00:00Z,OTHER,COMPOSITE,0,20
2026-08-06T11:00:00Z,OTHER,GAS,2.0999510288238525,10
2026-08-06T11:00:00Z,OTHER,GAS COGEN,35.394834163453844,58
2026-08-06T11:00:00Z,OTHER,OIL/GAS,42.71570002237956,53
2026-08-06T11:00:00Z,OTHER,WOOD/REFUSE,65.7235719511244,149
2026-08-06T11:00:00Z,SOLAR,SOLAR,0.20000000298023224,1870
2026-08-06T11:00:00Z,WIND,WIND,2969.0648007768973,5684
2026-08-06T12:00:00Z,ENERGY STORAGE,ENERGY STORAGE,0,270
2026-08-06T12:00:00Z,GAS,COGENERATION,4302.6282561251855,6122
2026-08-06T12:00:00Z,GAS,COMBINED CYCLE,1678.7237592702443,3974
2026-08-06T12:00:00Z,GAS,GAS FIRED STEAM,478.2104913414849,3078
2026-08-06T12:00:00Z,GAS,SIMPLE CYCLE,61.599110199610394,1014
2026-08-06T12:00:00Z,HYDRO,HYDRO,198.34431376684043,896
2026-08-06T12:00:00Z,OTHER,BIOMASS,108.69638628217909,195
2026-08-06T12:00:00Z,OTHER,COMPOSITE,0,20
2026-08-06T12:00:00Z,OTHER,GAS,2.0999510288238525,10
2026-08-06T12:00:00Z,OTHER,GAS COGEN,35.195164897706775,58
2026-08-06T12:00:00Z,OTHER,OIL/GAS,42.69946023305257,53
2026-08-06T12:00:00Z,OTHER,WOOD/REFUSE,64.74373253716362,149
2026-08-06T12:00:00Z,SOLAR,SOLAR,43.46349935236076,1870
2026-08-06T12:00:00Z,WIND,WIND,3268.209026922368,5684
2026-08-06T13:00:00Z,ENERGY STORAGE,ENERGY STORAGE,0,270
2026-08-06T13:00:00Z,GAS,COGENERATION,4291.439189750618,6122
2026-08-06T13:00:00Z,GAS,COMBINED CYCLE,1639.837572382026,3974
2026-08-06T13:00:00Z,GAS,GAS FIRED STEAM,473.657990943061,3078
2026-08-06T13:00:00Z,GAS,SIMPLE CYCLE,64.75416565789116,1014
2026-08-06T13:00:00Z,HYDRO,HYDRO,205.63835208411018,896
2026-08-06T13:00:00Z,OTHER,BIOMASS,108.02049788528018,195
2026-08-06T13:00:00Z,OTHER,COMPOSITE,0,20
2026-08-06T13:00:00Z,OTHER,GAS,2.0999510288238525,10
2026-08-06T13:00:00Z,OTHER,GAS COGEN,34.51441493590673,58
2026-08-06T13:00:00Z,OTHER,OIL/GAS,43.43624843597412,53
2026-08-06T13:00:00Z,OTHER,WOOD/REFUSE,60.00662350124783,149
2026-08-06T13:00:00Z,SOLAR,SOLAR,371.63240079558557,1870
2026-08-06T13:00:00Z,WIND,WIND,3561.9364110927036,5684
2026-08-06T14:00:00Z,ENERGY STORAGE,ENERGY STORAGE,0,270
2026-08-06T14:00:00Z,GAS,COGENERATION,4283.482263240019,6122
2026-08-06T14:00:00Z,GAS,COMBINED CYCLE,1740.3956616266569,3974
2026-08-06T14:00:00Z,GAS,GAS FIRED STEAM,476.43060331132676,3078
2026-08-06T14:00:00Z,GAS,SIMPLE CYCLE,64.60722150378757,1014
2026-08-06T14:00:00Z,HYDRO,HYDRO,214.01338190196287,896
2026-08-06T14:00:00Z,OTHER,BIOMASS,106.38438685099284,195
2026-08-06T14:00:00Z,OTHER,COMPOSITE,0,20
2026-08-06T14:00:00Z,OTHER,GAS,2.0566176851590474,10
2026-08-06T14:00:00Z,OTHER,GAS COGEN,34.29082470602459,58
2026-08-06T14:00:00Z,OTHER,OIL/GAS,43.21396611531576,53
2026-08-06T14:00:00Z,OTHER,WOOD/REFUSE,57.05654769685533,149
2026-08-06T14:00:00Z,SOLAR,SOLAR,579.7043186890251,1870
2026-08-06T14:00:00Z,WIND,WIND,3480.442528257279,5684
2026-08-06T15:00:00Z,ENERGY STORAGE,ENERGY STORAGE,0,270
2026-08-06T15:00:00Z,GAS,COGENERATION,4277.535787498421,6122
2026-08-06T15:00:00Z,GAS,COMBINED CYCLE,1691.502744167116,3974
2026-08-06T15:00:00Z,GAS,GAS FIRED STEAM,472.920103064643,3078
2026-08-06T15:00:00Z,GAS,SIMPLE CYCLE,68.30922165261374,1014
2026-08-06T15:00:00Z,HYDRO,HYDRO,242.3363632542557,896
2026-08-06T15:00:00Z,OTHER,BIOMASS,105.36238690959082,195
2026-08-06T15:00:00Z,OTHER,COMPOSITE,0,20
2026-08-06T15:00:00Z,OTHER,GAS,1.8999509811401367,10
2026-08-06T15:00:00Z,OTHER,GAS COGEN,34.778762138949496,58
2026-08-06T15:00:00Z,OTHER,OIL/GAS,42.90157064225939,53
2026-08-06T15:00:00Z,OTHER,WOOD/REFUSE,57.64813361485799,149
2026-08-06T15:00:00Z,SOLAR,SOLAR,1077.6457559111384,1870
2026-08-06T15:00:00Z,WIND,WIND,3116.080353726182,5684
2026-08-06T16:00:00Z,ENERGY STORAGE,ENERGY STORAGE,0,270
2026-08-06T16:00:00Z,GAS,COGENERATION,4266.432123368449,6122
2026-08-06T16:00:00Z,GAS,COMBINED CYCLE,2208.3084556645817,3974
2026-08-06T16:00:00Z,GAS,GAS FIRED STEAM,473.9021036487156,3078
2026-08-06T16:00:00Z,GAS,SIMPLE CYCLE,78.40359570802914,1014
2026-08-06T16:00:00Z,HYDRO,HYDRO,222.67567158111268,896
2026-08-06T16:00:00Z,OTHER,BIOMASS,108.71044217480554,195
2026-08-06T16:00:00Z,OTHER,COMPOSITE,0,20
2026-08-06T16:00:00Z,OTHER,GAS,1.8999509811401367,10
2026-08-06T16:00:00Z,OTHER,GAS COGEN,33.386750381787614,58
2026-08-06T16:00:00Z,OTHER,OIL/GAS,42.279299659729006,53
2026-08-06T16:00:00Z,OTHER,WOOD/REFUSE,57.183616426255966,149
2026-08-06T16:00:00Z,SOLAR,SOLAR,1286.2845772342548,1870
2026-08-06T16:00:00Z,WIND,WIND,2621.284057385723,5684
2026-08-06T17:00:00Z,ENERGY STORAGE,ENERGY STORAGE,0,270
2026-08-06T17:00:00Z,GAS,COGENERATION,4288.999571452406,6122
2026-08-06T17:00:00Z,GAS,COMBINED CYCLE,2657.716485418214,3974
2026-08-06T17:00:00Z,GAS,GAS FIRED STEAM,472.9147132152981,3078
2026-08-06T17:00:00Z,GAS,SIMPLE CYCLE,75.72668538791852,1014
2026-08-06T17:00:00Z,HYDRO,HYDRO,265.49058585361473,896
2026-08-06T17:00:00Z,OTHER,BIOMASS,107.68077567365434,195
2026-08-06T17:00:00Z,OTHER,COMPOSITE,0,20
2026-08-06T17:00:00Z,OTHER,GAS,1.9613398846652772,10
2026-08-06T17:00:00Z,OTHER,GAS COGEN,32.612029503716364,58
2026-08-06T17:00:00Z,OTHER,OIL/GAS,41.782500165303546,53
2026-08-06T17:00:00Z,OTHER,WOOD/REFUSE,57.48359938515557,149
2026-08-06T17:00:00Z,SOLAR,SOLAR,1485.1046452458038,1870
2026-08-06T17:00:00Z,WIND,WIND,2012.7803464708643,5684
2026-08-06T18:00:00Z,ENERGY STORAGE,ENERGY STORAGE,0,270
2026-08-06T18:00:00Z,GAS,COGENERATION,4277.602901941008,6122
2026-08-06T18:00:00Z,GAS,COMBINED CYCLE,2899.8135195355944,3974
2026-08-06T18:00:00Z,GAS,GAS FIRED STEAM,529.8233247884115,3078
2026-08-06T18:00:00Z,GAS,SIMPLE CYCLE,75.46205447620815,1014
2026-08-06T18:00:00Z,HYDRO,HYDRO,235.88975756936605,896
2026-08-06T18:00:00Z,OTHER,BIOMASS,109.54899711238014,195
2026-08-06T18:00:00Z,OTHER,COMPOSITE,0,20
2026-08-06T18:00:00Z,OTHER,GAS,1.9999510049819944,10
2026-08-06T18:00:00Z,OTHER,GAS COGEN,31.963822344674004,58
2026-08-06T18:00:00Z,OTHER,OIL/GAS,41.04978316624959,53
2026-08-06T18:00:00Z,OTHER,WOOD/REFUSE,56.7023417769538,149
2026-08-06T18:00:00Z,SOLAR,SOLAR,1647.9172549382845,1870
2026-08-06T18:00:00Z,WIND,WIND,1606.782295097957,5684
2026-08-06T19:00:00Z,ENERGY STORAGE,ENERGY STORAGE,0,270
2026-08-06T19:00:00Z,GAS,COGENERATION,4304.365889753501,6122
2026-08-06T19:00:00Z,GAS,COMBINED CYCLE,2975.5096025215253,3974
2026-08-06T19:00:00Z,GAS,GAS FIRED STEAM,667.2537127134535,3078
2026-08-06T19:00:00Z,GAS,SIMPLE CYCLE,80.52094363742404,1014
2026-08-06T19:00:00Z,HYDRO,HYDRO,282.1813510300053,896
2026-08-06T19:00:00Z,OTHER,BIOMASS,103.77033080524869,195
2026-08-06T19:00:00Z,OTHER,COMPOSITE,0,20
2026-08-06T19:00:00Z,OTHER,GAS,1.9999510049819944,10
2026-08-06T19:00:00Z,OTHER,GAS COGEN,31.852684111065333,58
2026-08-06T19:00:00Z,OTHER,OIL/GAS,40.134342952304415,53
2026-08-06T19:00:00Z,OTHER,WOOD/REFUSE,57.616634930504695,149
2026-08-06T19:00:00Z,SOLAR,SOLAR,1641.6308451322384,1870
2026-08-06T19:00:00Z,WIND,WIND,1419.1779004434372,5684
2026-08-06T20:00:00Z,ENERGY STORAGE,ENERGY STORAGE,0,270
2026-08-06T20:00:00Z,GAS,COGENERATION,4373.086373844411,6122
2026-08-06T20:00:00Z,GAS,COMBINED CYCLE,3085.458411667612,3974
2026-08-06T20:00:00Z,GAS,GAS FIRED STEAM,737.2190467919244,3078
2026-08-06T20:00:00Z,GAS,SIMPLE CYCLE,71.59294269038571,1014
2026-08-06T20:00:00Z,HYDRO,HYDRO,257.6899169788096,896
2026-08-06T20:00:00Z,OTHER,BIOMASS,107.22438616699642,195
2026-08-06T20:00:00Z,OTHER,COMPOSITE,0,20
2026-08-06T20:00:00Z,OTHER,GAS,1.9999510049819944,10
2026-08-06T20:00:00Z,OTHER,GAS COGEN,31.957704911761812,58
2026-08-06T20:00:00Z,OTHER,OIL/GAS,37.82209972381592,53
2026-08-06T20:00:00Z,OTHER,WOOD/REFUSE,57.26108331680298,149
2026-08-06T20:00:00Z,SOLAR,SOLAR,1571.3088948880963,1870
2026-08-06T20:00:00Z,WIND,WIND,1246.2140110918383,5684
2026-08-06T21:00:00Z,ENERGY STORAGE,ENERGY STORAGE,0,270
2026-08-06T21:00:00Z,GAS,COGENERATION,4240.5169879878895,6122
2026-08-06T21:00:00Z,GAS,COMBINED CYCLE,3009.1163500420253,3974
2026-08-06T21:00:00Z,GAS,GAS FIRED STEAM,650.074767680698,3078
2026-08-06T21:00:00Z,GAS,SIMPLE CYCLE,67.43005391544766,1014
2026-08-06T21:00:00Z,HYDRO,HYDRO,253.87727176747387,896
2026-08-06T21:00:00Z,OTHER,BIOMASS,110.30094226837159,195
2026-08-06T21:00:00Z,OTHER,COMPOSITE,0,20
2026-08-06T21:00:00Z,OTHER,GAS,1.9999510049819944,10
2026-08-06T21:00:00Z,OTHER,GAS COGEN,31.957854098214042,58
2026-08-06T21:00:00Z,OTHER,OIL/GAS,37.71761576970418,53
2026-08-06T21:00:00Z,OTHER,WOOD/REFUSE,55.218136092291935,149
2026-08-06T21:00:00Z,SOLAR,SOLAR,1541.5875704140465,1870
2026-08-06T21:00:00Z,WIND,WIND,1144.3030983823455,5684
2026-08-06T22:00:00Z,ENERGY STORAGE,ENERGY STORAGE,0,270
2026-08-06T22:00:00Z,GAS,COGENERATION,4279.136146529185,6122
2026-08-06T22:00:00Z,GAS,COMBINED CYCLE,3048.449246427218,3974
2026-08-06T22:00:00Z,GAS,GAS FIRED STEAM,662.0295450380114,3078
2026-08-06T22:00:00Z,GAS,SIMPLE CYCLE,68.34177707900604,1014
2026-08-06T22:00:00Z,HYDRO,HYDRO,270.1006085137195,896
2026-08-06T22:00:00Z,OTHER,BIOMASS,108.8642197948032,195
2026-08-06T22:00:00Z,OTHER,COMPOSITE,0,20
2026-08-06T22:00:00Z,OTHER,GAS,1.9999510049819944,10
2026-08-06T22:00:00Z,OTHER,GAS COGEN,31.975978546142578,58
2026-08-06T22:00:00Z,OTHER,OIL/GAS,37.646682777404784,53
2026-08-06T22:00:00Z,OTHER,WOOD/REFUSE,56.399639172024195,149
2026-08-06T22:00:00Z,SOLAR,SOLAR,1507.235936190155,1870
2026-08-06T22:00:00Z,WIND,WIND,1068.0642990952979,5684
2026-08-06T23:00:00Z,ENERGY STORAGE,ENERGY STORAGE,-0.09966666815181573,270
2026-08-06T23:00:00Z,GAS,COGENERATION,4317.57881238593,6122
2026-08-06T23:00:00Z,GAS,COMBINED CYCLE,3103.0788233685494,3974
2026-08-06T23:00:00Z,GAS,GAS FIRED STEAM,749.6602116309272,3078
2026-08-06T23:00:00Z,GAS,SIMPLE CYCLE,70.38588765674167,1014
2026-08-06T23:00:00Z,HYDRO,HYDRO,304.2777170831627,896
2026-08-06T23:00:00Z,OTHER,BIOMASS,110.3437194331487,195
2026-08-06T23:00:00Z,OTHER,COMPOSITE,0,20
2026-08-06T23:00:00Z,OTHER,GAS,1.9999510049819944,10
2026-08-06T23:00:00Z,OTHER,GAS COGEN,31.983106492360434,58
2026-08-06T23:00:00Z,OTHER,OIL/GAS,38.209860456254745,53
2026-08-06T23:00:00Z,OTHER,WOOD/REFUSE,57.30274819268121,149
2026-08-06T23:00:00Z,SOLAR,SOLAR,1273.298477318436,1870
2026-08-06T23:00:00Z,WIND,WIND,939.0826701328324,5684
2026-08-07T00:00:00Z,ENERGY STORAGE,ENERGY STORAGE,-0.10000000149011612,270
2026-08-07T00:00:00Z,GAS,COGENERATION,4405.663394442664,6122
2026-08-07T00:00:00Z,GAS,COMBINED CYCLE,3251.523730075094,3974
2026-08-07T00:00:00Z,GAS,GAS FIRED STEAM,882.7317099761963,3078
2026-08-07T00:00:00Z,GAS,SIMPLE CYCLE,76.01177655643887,1014
2026-08-07T00:00:00Z,HYDRO,HYDRO,361.11619816870325,896
2026-08-07T00:00:00Z,OTHER,BIOMASS,109.92255332522922,195
2026-08-07T00:00:00Z,OTHER,COMPOSITE,0,20
2026-08-07T00:00:00Z,OTHER,GAS,1.9999510049819944,10
2026-08-07T00:00:00Z,OTHER,GAS COGEN,31.124935417175294,58
2026-08-07T00:00:00Z,OTHER,OIL/GAS,37.778371257781984,53
2026-08-07T00:00:00Z,OTHER,WOOD/REFUSE,59.27653463363647,149
2026-08-07T00:00:00Z,SOLAR,SOLAR,984.2062588942713,1870
2026-08-07T00:00:00Z,WIND,WIND,755.7364763190515,5684
2026-08-07T01:00:00Z,ENERGY STORAGE,ENERGY STORAGE,-0.10000000149011612,270
2026-08-07T01:00:00Z,GAS,COGENERATION,4454.087931026088,6122
2026-08-07T01:00:00Z,GAS,COMBINED CYCLE,3385.5713284630247,3974
2026-08-07T01:00:00Z,GAS,GAS FIRED STEAM,1249.3370926157634,3078
2026-08-07T01:00:00Z,GAS,SIMPLE CYCLE,344.49753953566153,1014
2026-08-07T01:00:00Z,HYDRO,HYDRO,466.1168490246932,896
2026-08-07T01:00:00Z,OTHER,BIOMASS,109.84699791193009,195
2026-08-07T01:00:00Z,OTHER,COMPOSITE,0,20
2026-08-07T01:00:00Z,OTHER,GAS,1.9330065445767508,10
2026-08-07T01:00:00Z,OTHER,GAS COGEN,32.34626373502943,58
2026-08-07T01:00:00Z,OTHER,OIL/GAS,38.46187109417386,53
2026-08-07T01:00:00Z,OTHER,WOOD/REFUSE,59.794437917073566,149
2026-08-07T01:00:00Z,SOLAR,SOLAR,498.7744054886368,1870
2026-08-07T01:00:00Z,WIND,WIND,550.4041124148129,5684
2026-08-07T02:00:00Z,ENERGY STORAGE,ENERGY STORAGE,3.2343333614286447,270
2026-08-07T02:00:00Z,GAS,COGENERATION,4488.061659945845,6122
2026-08-07T02:00:00Z,GAS,COMBINED CYCLE,3420.710923974249,3974
2026-08-07T02:00:00Z,GAS,GAS FIRED STEAM,1271.4619827270508,3078
2026-08-07T02:00:00Z,GAS,SIMPLE CYCLE,514.5166050249669,1014
2026-08-07T02:00:00Z,HYDRO,HYDRO,461.4531645810604,896
2026-08-07T02:00:00Z,OTHER,BIOMASS,118.02283084299829,195
2026-08-07T02:00:00Z,OTHER,COMPOSITE,12.643000167806944,20
2026-08-07T02:00:00Z,OTHER,GAS,1.8999509811401367,10
2026-08-07T02:00:00Z,OTHER,GAS COGEN,34.77321718004015,58
2026-08-07T02:00:00Z,OTHER,OIL/GAS,38.673644354078505,53
2026-08-07T02:00:00Z,OTHER,WOOD/REFUSE,55.67810459560818,149
2026-08-07T02:00:00Z,SOLAR,SOLAR,123.331879005904,1870
2026-08-07T02:00:00Z,WIND,WIND,430.8906425768178,5684
2026-08-07T03:00:00Z,ENERGY STORAGE,ENERGY STORAGE,6.076055613503688,270
2026-08-07T03:00:00Z,GAS,COGENERATION,4544.835205709669,6122
2026-08-07T03:00:00Z,GAS,COMBINED CYCLE,3432.266805258857,3974
2026-08-07T03:00:00Z,GAS,GAS FIRED STEAM,1271.9280937194824,3078
2026-08-07T03:00:00Z,GAS,SIMPLE CYCLE,611.2558006947902,1014
2026-08-07T03:00:00Z,HYDRO,HYDRO,429.8192271073659,896
2026-08-07T03:00:00Z,OTHER,BIOMASS,135.41022032605278,195
2026-08-07T03:00:00Z,OTHER,COMPOSITE,0.26105554779370627,20
2026-08-07T03:00:00Z,OTHER,GAS,1.8999509811401367,10
2026-08-07T03:00:00Z,OTHER,GAS COGEN,37.86150571637683,58
2026-08-07T03:00:00Z,OTHER,OIL/GAS,38.547276435428195,53
2026-08-07T03:00:00Z,OTHER,WOOD/REFUSE,56.287746045854355,149
2026-08-07T03:00:00Z,SOLAR,SOLAR,20.029534146678117,1870
2026-08-07T03:00:00Z,WIND,WIND,360.433646105917,5684
2026-08-07T04:00:00Z,ENERGY STORAGE,ENERGY STORAGE,0.10000000149011612,270
2026-08-07T04:00:00Z,GAS,COGENERATION,4546.609937136438,6122
2026-08-07T04:00:00Z,GAS,COMBINED CYCLE,3466.8062758284145,3974
2026-08-07T04:00:00Z,GAS,GAS FIRED STEAM,1267.9440935601128,3078
2026-08-07T04:00:00Z,GAS,SIMPLE CYCLE,524.1129668576187,1014
2026-08-07T04:00:00Z,HYDRO,HYDRO,464.9812647190359,896
2026-08-07T04:00:00Z,OTHER,BIOMASS,135.46238616353935,195
2026-08-07T04:00:00Z,OTHER,COMPOSITE,0,20
2026-08-07T04:00:00Z,OTHER,GAS,1.8999509811401367,10
2026-08-07T04:00:00Z,OTHER,GAS COGEN,36.58349021275838,58
2026-08-07T04:00:00Z,OTHER,OIL/GAS,38.8819600698683,53
2026-08-07T04:00:00Z,OTHER,WOOD/REFUSE,62.17658293830024,149
2026-08-07T04:00:00Z,SOLAR,SOLAR,0.9547222228513823,1870
2026-08-07T04:00:00Z,WIND,WIND,312.708054791424,5684
2026-08-07T05:00:00Z,ENERGY STORAGE,ENERGY STORAGE,0.10000000149011612,270
2026-08-07T05:00:00Z,GAS,COGENERATION,4483.892792145676,6122
2026-08-07T05:00:00Z,GAS,COMBINED CYCLE,3339.9038691918054,3974
2026-08-07T05:00:00Z,GAS,GAS FIRED STEAM,1221.4217048645019,3078
2026-08-07T05:00:00Z,GAS,SIMPLE CYCLE,188.97628775435604,1014
2026-08-07T05:00:00Z,HYDRO,HYDRO,236.7413093472686,896
2026-08-07T05:00:00Z,OTHER,BIOMASS,117.91671911749575,195
2026-08-07T05:00:00Z,OTHER,COMPOSITE,0,20
2026-08-07T05:00:00Z,OTHER,GAS,1.8999509811401367,10
2026-08-07T05:00:00Z,OTHER,GAS COGEN,31.79291940477159,58
2026-08-07T05:00:00Z,OTHER,OIL/GAS,39.253832270304365,53
2026-08-07T05:00:00Z,OTHER,WOOD/REFUSE,63.00995762083266,149
2026-08-07T05:00:00Z,SOLAR,SOLAR,0.4063888933592372,1870
2026-08-07T05:00:00Z,WIND,WIND,370.97411670251023,5684
2026-08-07T06:00:00Z,ENERGY STORAGE,ENERGY STORAGE,-1.8079443955131702,270
2026-08-07T06:00:00Z,GAS,COGENERATION,4476.285333798726,6122
2026-08-07T06:00:00Z,GAS,COMBINED CYCLE,3139.8213754742674,3974
2026-08-07T06:00:00Z,GAS,GAS FIRED STEAM,1201.1619806077745,3078
2026-08-07T06:00:00Z,GAS,SIMPLE CYCLE,140.9362752511435,1014
2026-08-07T06:00:00Z,HYDRO,HYDRO,171.866120923741,896
2026-08-07T06:00:00Z,OTHER,BIOMASS,111.803663965861,195
2026-08-07T06:00:00Z,OTHER,COMPOSITE,0,20
2026-08-07T06:00:00Z,OTHER,GAS,1.8999509811401367,10
2026-08-07T06:00:00Z,OTHER,GAS COGEN,31.584260790083142,58
2026-08-07T06:00:00Z,OTHER,OIL/GAS,39.13559913423326,53
2026-08-07T06:00:00Z,OTHER,WOOD/REFUSE,63.79030623541938,149
2026-08-07T06:00:00Z,SOLAR,SOLAR,0.30000000447034836,1870
2026-08-07T06:00:00Z,WIND,WIND,602.3919124632826,5684
2026-08-07T07:00:00Z,ENERGY STORAGE,ENERGY STORAGE,-8.859666457672914,270
2026-08-07T07:00:00Z,GAS,COGENERATION,4469.434827406141,6122
2026-08-07T07:00:00Z,GAS,COMBINED CYCLE,2983.605108404557,3974
2026-08-07T07:00:00Z,GAS,GAS FIRED STEAM,1045.8911496565077,3078
2026-08-07T07:00:00Z,GAS,SIMPLE CYCLE,85.02672112822533,1014
2026-08-07T07:00:00Z,HYDRO,HYDRO,159.94429646195636,896
2026-08-07T07:00:00Z,OTHER,BIOMASS,107.77205317974091,195
2026-08-07T07:00:00Z,OTHER,COMPOSITE,0,20
2026-08-07T07:00:00Z,OTHER,GAS,1.8999509811401367,10
2026-08-07T07:00:00Z,OTHER,GAS COGEN,31.575718911488853,58
2026-08-07T07:00:00Z,OTHER,OIL/GAS,38.8696270137363,53
2026-08-07T07:00:00Z,OTHER,WOOD/REFUSE,64.08512460920545,149
2026-08-07T07:00:00Z,SOLAR,SOLAR,0.30000000447034836,1870
2026-08-07T07:00:00Z,WIND,WIND,725.1080970613307,5684
2026-08-07T08:00:00Z,ENERGY STORAGE,ENERGY STORAGE,-9.690222005802724,270
2026-08-07T08:00:00Z,GAS,COGENERATION,4478.47896603081,6122
2026-08-07T08:00:00Z,GAS,COMBINED CYCLE,2847.9454191912546,3974
2026-08-07T08:00:00Z,GAS,GAS FIRED STEAM,942.1178205574882,3078
2026-08-07T08:00:00Z,GAS,SIMPLE CYCLE,86.12722071753608,1014
2026-08-07T08:00:00Z,HYDRO,HYDRO,206.41654112696648,896
2026-08-07T08:00:00Z,OTHER,BIOMASS,110.41944190237257,195
2026-08-07T08:00:00Z,OTHER,COMPOSITE,0,20
2026-08-07T08:00:00Z,OTHER,GAS,1.8999509811401367,10
2026-08-07T08:00:00Z,OTHER,GAS COGEN,31.49097245640225,58
2026-08-07T08:00:00Z,OTHER,OIL/GAS,39.42985977172851,53
2026-08-07T08:00:00Z,OTHER,WOOD/REFUSE,64.04449633492364,149
2026-08-07T08:00:00Z,SOLAR,SOLAR,0.30000000447034836,1870
2026-08-07T08:00:00Z,WIND,WIND,745.0176117027013,5684
2026-08-07T09:00:00Z,ENERGY STORAGE,ENERGY STORAGE,-6.089999858323071,270
2026-08-07T09:00:00Z,GAS,COGENERATION,4485.887164609962,6122
2026-08-07T09:00:00Z,GAS,COMBINED CYCLE,2908.764215189086,3974
2026-08-07T09:00:00Z,GAS,GAS FIRED STEAM,978.4426532024808,3078
2026-08-07T09:00:00Z,GAS,SIMPLE CYCLE,89.26798749499851,1014
2026-08-07T09:00:00Z,HYDRO,HYDRO,232.69275364577769,896
2026-08-07T09:00:00Z,OTHER,BIOMASS,108.8922195593516,195
2026-08-07T09:00:00Z,OTHER,COMPOSITE,0,20
2026-08-07T09:00:00Z,OTHER,GAS,2.0605065749751197,10
2026-08-07T09:00:00Z,OTHER,GAS COGEN,31.528198176489937,58
2026-08-07T09:00:00Z,OTHER,OIL/GAS,39.22586566925049,53
2026-08-07T09:00:00Z,OTHER,WOOD/REFUSE,64.10498924891154,149
2026-08-07T09:00:00Z,SOLAR,SOLAR,0.30000000447034836,1870
2026-08-07T09:00:00Z,WIND,WIND,574.2992261580791,5684
2026-08-07T10:00:00Z,ENERGY STORAGE,ENERGY STORAGE,-2.7386110389232634,270
2026-08-07T10:00:00Z,GAS,COGENERATION,4490.2844150601495,6122
2026-08-07T10:00:00Z,GAS,COMBINED CYCLE,3048.8318967461587,3974
2026-08-07T10:00:00Z,GAS,GAS FIRED STEAM,1159.1264831966823,3078
2026-08-07T10:00:00Z,GAS,SIMPLE CYCLE,100.29210909313626,1014
2026-08-07T10:00:00Z,HYDRO,HYDRO,226.2080102007919,896
2026-08-07T10:00:00Z,OTHER,BIOMASS,108.02171991666158,195
2026-08-07T10:00:00Z,OTHER,COMPOSITE,0,20
2026-08-07T10:00:00Z,OTHER,GAS,2.0999510288238525,10
2026-08-07T10:00:00Z,OTHER,GAS COGEN,31.484183752271864,58
2026-08-07T10:00:00Z,OTHER,OIL/GAS,39.46054844114516,53
2026-08-07T10:00:00Z,OTHER,WOOD/REFUSE,68.16282192866008,149
2026-08-07T10:00:00Z,SOLAR,SOLAR,0.30000000447034836,1870
2026-08-07T10:00:00Z,WIND,WIND,364.7673202232437,5684
2026-08-07T11:00:00Z,ENERGY STORAGE,ENERGY STORAGE,-1.7163888435396883,270
2026-08-07T11:00:00Z,GAS,COGENERATION,4485.343095079363,6122
2026-08-07T11:00:00Z,GAS,COMBINED CYCLE,3110.448713751634,3974
2026-08-07T11:00:00Z,GAS,GAS FIRED STEAM,1199.7570943874784,3078
2026-08-07T11:00:00Z,GAS,SIMPLE CYCLE,101.48905305703481,1014
2026-08-07T11:00:00Z,HYDRO,HYDRO,210.05748872343864,896
2026-08-07T11:00:00Z,OTHER,BIOMASS,107.903331123458,195
2026-08-07T11:00:00Z,OTHER,COMPOSITE,0,20
2026-08-07T11:00:00Z,OTHER,GAS,2.0999510288238525,10
2026-08-07T11:00:00Z,OTHER,GAS COGEN,31.42769778331121,58
2026-08-07T11:00:00Z,OTHER,OIL/GAS,39.29946517520481,53
2026-08-07T11:00:00Z,OTHER,WOOD/REFUSE,69.001726866828065,149
2026-08-07T11:00:00Z,SOLAR,SOLAR,0.30000000447034836,1870
2026-08-07T11:00:00Z,WIND,WIND,361.62511156595417,5684
2026-08-07T12:00:00Z,ENERGY STORAGE,ENERGY STORAGE,0,270
2026-08-07T12:00:00Z,GAS,COGENERATION,4485.65587897963,6122
2026-08-07T12:00:00Z,GAS,COMBINED CYCLE,3111.8038489495384,3974
2026-08-07T12:00:00Z,GAS,GAS FIRED STEAM,1183.2577038404677,3078
2026-08-07T12:00:00Z,GAS,SIMPLE CYCLE,97.12777498669095,1014
2026-08-07T12:00:00Z,HYDRO,HYDRO,196.3823820948932,896
2026-08-07T12:00:00Z,OTHER,BIOMASS,109.09499763064915,195
2026-08-07T12:00:00Z,OTHER,COMPOSITE,0,20
2026-08-07T12:00:00Z,OTHER,GAS,2.0999510288238525,10
2026-08-07T12:00:00Z,OTHER,GAS COGEN,31.293282502492268,58
2026-08-07T12:00:00Z,OTHER,OIL/GAS,39.11703747007582,53
2026-08-07T12:00:00Z,OTHER,WOOD/REFUSE,68.5661604944865,149
2026-08-07T12:00:00Z,SOLAR,SOLAR,41.297999326036205,1870
2026-08-07T12:00:00Z,WIND,WIND,497.09981795893776,5684
2026-08-07T13:00:00Z,ENERGY STORAGE,ENERGY STORAGE,0,270
2026-08-07T13:00:00Z,GAS,COGENERATION,4474.479520448579,6122
2026-08-07T13:00:00Z,GAS,COMBINED CYCLE,3232.188000424703,3974
2026-08-07T13:00:00Z,GAS,GAS FIRED STEAM,1080.4308719465466,3078
2026-08-07T13:00:00Z,GAS,SIMPLE CYCLE,86.51433101839488,1014
2026-08-07T13:00:00Z,HYDRO,HYDRO,220.1874117671781,896
2026-08-07T13:00:00Z,OTHER,BIOMASS,108.6094973066118,195
2026-08-07T13:00:00Z,OTHER,COMPOSITE,0,20
2026-08-07T13:00:00Z,OTHER,GAS,2.0999510288238525,10
2026-08-07T13:00:00Z,OTHER,GAS COGEN,31.29981010860867,58
2026-08-07T13:00:00Z,OTHER,OIL/GAS,38.58696043014526,53
2026-08-07T13:00:00Z,OTHER,WOOD/REFUSE,67.67947915395101,149
2026-08-07T13:00:00Z,SOLAR,SOLAR,362.2976409135262,1870
2026-08-07T13:00:00Z,WIND,WIND,495.9903924308055,5684
2026-08-07T14:00:00Z,ENERGY STORAGE,ENERGY STORAGE,0,270
2026-08-07T14:00:00Z,GAS,COGENERATION,4453.495723307662,6122
2026-08-07T14:00:00Z,GAS,COMBINED CYCLE,3217.218322351906,3974
2026-08-07T14:00:00Z,GAS,GAS FIRED STEAM,912.3479296281603,3078
2026-08-07T14:00:00Z,GAS,SIMPLE CYCLE,75.55688723491298,1014
2026-08-07T14:00:00Z,HYDRO,HYDRO,223.77697420628533,896
2026-08-07T14:00:00Z,OTHER,BIOMASS,111.73583072874281,195
2026-08-07T14:00:00Z,OTHER,COMPOSITE,0,20
2026-08-07T14:00:00Z,OTHER,GAS,2.0999510288238525,10
2026-08-07T14:00:00Z,OTHER,GAS COGEN,31.379409389495848,58
2026-08-07T14:00:00Z,OTHER,OIL/GAS,37.79005960676405,53
2026-08-07T14:00:00Z,OTHER,WOOD/REFUSE,68.56124943627252,149
2026-08-07T14:00:00Z,SOLAR,SOLAR,868.1181746953561,1870
2026-08-07T14:00:00Z,WIND,WIND,302.1606139538313,5684
2026-08-07T15:00:00Z,ENERGY STORAGE,ENERGY STORAGE,0,270
2026-08-07T15:00:00Z,GAS,COGENERATION,4423.597328703138,6122
2026-08-07T15:00:00Z,GAS,COMBINED CYCLE,3201.1082339094746,3974
2026-08-07T15:00:00Z,GAS,GAS FIRED STEAM,896.1368200302124,3078
2026-08-07T15:00:00Z,GAS,SIMPLE CYCLE,81.5372761993938,1014
2026-08-07T15:00:00Z,HYDRO,HYDRO,249.34357655617927,896
2026-08-07T15:00:00Z,OTHER,BIOMASS,111.57960949632856,195
2026-08-07T15:00:00Z,OTHER,COMPOSITE,0,20
2026-08-07T15:00:00Z,OTHER,GAS,2.0999510288238525,10
2026-08-07T15:00:00Z,OTHER,GAS COGEN,31.786114152007634,58
2026-08-07T15:00:00Z,OTHER,OIL/GAS,37.93858732011583,53
2026-08-07T15:00:00Z,OTHER,WOOD/REFUSE,72.74474298265245,149
2026-08-07T15:00:00Z,SOLAR,SOLAR,1151.0264573130344,1870
2026-08-07T15:00:00Z,WIND,WIND,167.1714353631023,5684
2026-08-07T16:00:00Z,ENERGY STORAGE,ENERGY STORAGE,0,270
2026-08-07T16:00:00Z,GAS,COGENERATION,4387.83619911876,6122
2026-08-07T16:00:00Z,GAS,COMBINED CYCLE,3184.197970699072,3974
2026-08-07T16:00:00Z,GAS,GAS FIRED STEAM,848.961433330112,3078
2026-08-07T16:00:00Z,GAS,SIMPLE CYCLE,85.92399870236714,1014
2026-08-07T16:00:00Z,HYDRO,HYDRO,238.52666990001995,896
2026-08-07T16:00:00Z,OTHER,BIOMASS,112.28955349604288,195
2026-08-07T16:00:00Z,OTHER,COMPOSITE,0,20
2026-08-07T16:00:00Z,OTHER,GAS,2.0999510288238525,10
2026-08-07T16:00:00Z,OTHER,GAS COGEN,32.02615409215291,58
2026-08-07T16:00:00Z,OTHER,OIL/GAS,38.23119822184245,53
2026-08-07T16:00:00Z,OTHER,WOOD/REFUSE,74.71509400685628,149
2026-08-07T16:00:00Z,SOLAR,SOLAR,1276.3231974750756,1870
2026-08-07T16:00:00Z,WIND,WIND,141.59836157576493,5684
2026-08-07T17:00:00Z,ENERGY STORAGE,ENERGY STORAGE,0,270
2026-08-07T17:00:00Z,GAS,COGENERATION,4349.292356578244,6122
2026-08-07T17:00:00Z,GAS,COMBINED CYCLE,3146.4431017993556,3974
2026-08-07T17:00:00Z,GAS,GAS FIRED STEAM,756.730766444736,3078
2026-08-07T17:00:00Z,GAS,SIMPLE CYCLE,87.11060906569163,1014
2026-08-07T17:00:00Z,HYDRO,HYDRO,197.81881452983453,896
2026-08-07T17:00:00Z,OTHER,BIOMASS,111.15633156458537,195
2026-08-07T17:00:00Z,OTHER,COMPOSITE,0,20
2026-08-07T17:00:00Z,OTHER,GAS,1.9259509873390197,10
2026-08-07T17:00:00Z,OTHER,GAS COGEN,32.06666285673777,58
2026-08-07T17:00:00Z,OTHER,OIL/GAS,38.16379405551486,53
2026-08-07T17:00:00Z,OTHER,WOOD/REFUSE,73.60988557603625,149
2026-08-07T17:00:00Z,SOLAR,SOLAR,1463.542260199123,1870
2026-08-07T17:00:00Z,WIND,WIND,189.46147667857508,5684
2026-08-07T18:00:00Z,ENERGY STORAGE,ENERGY STORAGE,0,270
2026-08-07T18:00:00Z,GAS,COGENERATION,4272.661553946071,6122
2026-08-07T18:00:00Z,GAS,COMBINED CYCLE,3047.7568218031192,3974
2026-08-07T18:00:00Z,GAS,GAS FIRED STEAM,716.159600622389,3078
2026-08-07T18:00:00Z,GAS,SIMPLE CYCLE,91.18516433662839,1014
2026-08-07T18:00:00Z,HYDRO,HYDRO,274.79694834404523,896
2026-08-07T18:00:00Z,OTHER,BIOMASS,108.26560978518592,195
2026-08-07T18:00:00Z,OTHER,COMPOSITE,0,20
2026-08-07T18:00:00Z,OTHER,GAS,1.8999509811401367,10
2026-08-07T18:00:00Z,OTHER,GAS COGEN,32.232794755299885,58
2026-08-07T18:00:00Z,OTHER,OIL/GAS,38.462170386844214,53
2026-08-07T18:00:00Z,OTHER,WOOD/REFUSE,73.79621152242025,149
2026-08-07T18:00:00Z,SOLAR,SOLAR,1574.3979350486068,1870
2026-08-07T18:00:00Z,WIND,WIND,212.0340057917767,5684
2026-08-07T19:00:00Z,ENERGY STORAGE,ENERGY STORAGE,0,270
2026-08-07T19:00:00Z,GAS,COGENERATION,4309.450979371336,6122
2026-08-07T19:00:00Z,GAS,COMBINED CYCLE,3122.3377390735677,3974
2026-08-07T19:00:00Z,GAS,GAS FIRED STEAM,742.5512102169462,3078
2026-08-07T19:00:00Z,GAS,SIMPLE CYCLE,92.60827571233114,1014
2026-08-07T19:00:00Z,HYDRO,HYDRO,269.41100476253365,896
2026-08-07T19:00:00Z,OTHER,BIOMASS,102.50472105926937,195
2026-08-07T19:00:00Z,OTHER,COMPOSITE,0,20
2026-08-07T19:00:00Z,OTHER,GAS,1.8999509811401367,10
2026-08-07T19:00:00Z,OTHER,GAS COGEN,31.99016350481245,58
2026-08-07T19:00:00Z,OTHER,OIL/GAS,38.44457691404555,53
2026-08-07T19:00:00Z,OTHER,WOOD/REFUSE,73.93672746446397,149
2026-08-07T19:00:00Z,SOLAR,SOLAR,1556.7329063349466,1870
2026-08-07T19:00:00Z,WIND,WIND,162.56828747100715,5684
2026-08-07T20:00:00Z,ENERGY STORAGE,ENERGY STORAGE,0,270
2026-08-07T20:00:00Z,GAS,COGENERATION,4309.763436513609,6122
2026-08-07T20:00:00Z,GAS,COMBINED CYCLE,3193.3826416243446,3974
2026-08-07T20:00:00Z,GAS,GAS FIRED STEAM,808.1182078806559,3078
2026-08-07T20:00:00Z,GAS,SIMPLE CYCLE,191.2610522922708,1014
2026-08-07T20:00:00Z,HYDRO,HYDRO,266.72179072116813,896
2026-08-07T20:00:00Z,OTHER,BIOMASS,105.74044276767307,195
2026-08-07T20:00:00Z,OTHER,COMPOSITE,0,20
2026-08-07T20:00:00Z,OTHER,GAS,1.8999509811401367,10
2026-08-07T20:00:00Z,OTHER,GAS COGEN,32.09758941756354,58
2026-08-07T20:00:00Z,OTHER,OIL/GAS,38.33290381537543,53
2026-08-07T20:00:00Z,OTHER,WOOD/REFUSE,73.42473957909478,149
2026-08-07T20:00:00Z,SOLAR,SOLAR,1479.7849365276097,1870
2026-08-07T20:00:00Z,WIND,WIND,139.2115695396066,5684
2026-08-07T21:00:00Z,ENERGY STORAGE,ENERGY STORAGE,0,270
2026-08-07T21:00:00Z,GAS,COGENERATION,4297.789819387727,6122
2026-08-07T21:00:00Z,GAS,COMBINED CYCLE,3246.076529529525,3974
2026-08-07T21:00:00Z,GAS,GAS FIRED STEAM,1041.3639306259156,3078
2026-08-07T21:00:00Z,GAS,SIMPLE CYCLE,212.07794048746428,1014
2026-08-07T21:00:00Z,HYDRO,HYDRO,283.87859356528355,896
2026-08-07T21:00:00Z,OTHER,BIOMASS,106.15180402975943,195
2026-08-07T21:00:00Z,OTHER,COMPOSITE,0,20
2026-08-07T21:00:00Z,OTHER,GAS,1.8999509811401367,10
2026-08-07T21:00:00Z,OTHER,GAS COGEN,32.15268533812629,58
2026-08-07T21:00:00Z,OTHER,OIL/GAS,38.35109829160902,53
2026-08-07T21:00:00Z,OTHER,WOOD/REFUSE,74.64932247161865,149
2026-08-07T21:00:00Z,SOLAR,SOLAR,1272.423965928687,1870
2026-08-07T21:00:00Z,WIND,WIND,133.1844007917328,5684
2026-08-07T22:00:00Z,ENERGY STORAGE,ENERGY STORAGE,0,270
2026-08-07T22:00:00Z,GAS,COGENERATION,4293.458922344976,6122
2026-08-07T22:00:00Z,GAS,COMBINED CYCLE,3254.082387980223,3974
2026-08-07T22:00:00Z,GAS,GAS FIRED STEAM,980.386653573778,3078
2026-08-07T22:00:00Z,GAS,SIMPLE CYCLE,296.3747725632456,1014
2026-08-07T22:00:00Z,HYDRO,HYDRO,261.6241674443086,896
2026-08-07T22:00:00Z,OTHER,BIOMASS,98.42977063510152,195
2026-08-07T22:00:00Z,OTHER,COMPOSITE,0,20
2026-08-07T22:00:00Z,OTHER,GAS,1.8999509811401367,10
2026-08-07T22:00:00Z,OTHER,GAS COGEN,32.06373785707686,58
2026-08-07T22:00:00Z,OTHER,OIL/GAS,38.3685087691413,53
2026-08-07T22:00:00Z,OTHER,WOOD/REFUSE,75.71103889465331,149
2026-08-07T22:00:00Z,SOLAR,SOLAR,1338.7268129936854,1870
2026-08-07T22:00:00Z,WIND,WIND,125.38483917954895,5684
2026-08-07T23:00:00Z,ENERGY STORAGE,ENERGY STORAGE,0,270
2026-08-07T23:00:00Z,GAS,COGENERATION,4306.563967367941,6122
2026-08-07T23:00:00Z,GAS,COMBINED CYCLE,3309.7832248057257,3974
2026-08-07T23:00:00Z,GAS,GAS FIRED STEAM,1188.1359808095297,3078
2026-08-07T23:00:00Z,GAS,SIMPLE CYCLE,360.4561504632235,1014
2026-08-07T23:00:00Z,HYDRO,HYDRO,354.73745634886956,896
2026-08-07T23:00:00Z,OTHER,BIOMASS,97.54038752873738,195
2026-08-07T23:00:00Z,OTHER,COMPOSITE,0,20
2026-08-07T23:00:00Z,OTHER,GAS,1.8999509811401367,10
2026-08-07T23:00:00Z,OTHER,GAS COGEN,32.19193128903707,58
2026-08-07T23:00:00Z,OTHER,OIL/GAS,38.879209997389054,53
2026-08-07T23:00:00Z,OTHER,WOOD/REFUSE,77.66763741387261,149
2026-08-07T23:00:00Z,SOLAR,SOLAR,1104.266514576541,1870
2026-08-07T23:00:00Z,WIND,WIND,117.86894395902753,5684
2026-08-08T00:00:00Z,ENERGY STORAGE,ENERGY STORAGE,2.3492778043945632,270
2026-08-08T00:00:00Z,GAS,COGENERATION,4329.836915726132,6122
2026-08-08T00:00:00Z,GAS,COMBINED CYCLE,3354.4726006831065,3974
2026-08-08T00:00:00Z,GAS,GAS FIRED STEAM,1249.1182038879394,3078
2026-08-08T00:00:00Z,GAS,SIMPLE CYCLE,462.01183479087223,1014
2026-08-08T00:00:00Z,HYDRO,HYDRO,544.2602803553972,896
2026-08-08T00:00:00Z,OTHER,BIOMASS,102.21910940329234,195
2026-08-08T00:00:00Z,OTHER,COMPOSITE,0,20
2026-08-08T00:00:00Z,OTHER,GAS,1.9030065374241936,10
2026-08-08T00:00:00Z,OTHER,GAS COGEN,32.09210899723901,58
2026-08-08T00:00:00Z,OTHER,OIL/GAS,38.51523206922743,53
2026-08-08T00:00:00Z,OTHER,WOOD/REFUSE,84.48814183976916,149
2026-08-08T00:00:00Z,SOLAR,SOLAR,723.4617684752411,1870
2026-08-08T00:00:00Z,WIND,WIND,134.6959986480905,5684
2026-08-08T01:00:00Z,ENERGY STORAGE,ENERGY STORAGE,-1.274166678438584,270
2026-08-08T01:00:00Z,GAS,COGENERATION,4386.376930598418,6122
2026-08-08T01:00:00Z,GAS,COMBINED CYCLE,3338.884815682305,3974
2026-08-08T01:00:00Z,GAS,GAS FIRED STEAM,1267.847036980523,3078
2026-08-08T01:00:00Z,GAS,SIMPLE CYCLE,511.2003957255681,1014
2026-08-08T01:00:00Z,HYDRO,HYDRO,504.02669268078273,896
2026-08-08T01:00:00Z,OTHER,BIOMASS,106.1259592448506,195
2026-08-08T01:00:00Z,OTHER,COMPOSITE,11.108888496524758,20
2026-08-08T01:00:00Z,OTHER,GAS,1.9999510049819944,10
2026-08-08T01:00:00Z,OTHER,GAS COGEN,31.90154707113902,58
2026-08-08T01:00:00Z,OTHER,OIL/GAS,38.41622728135851,53
2026-08-08T01:00:00Z,OTHER,WOOD/REFUSE,86.07560381147597,149
2026-08-08T01:00:00Z,SOLAR,SOLAR,345.23503909043137,1870
2026-08-08T01:00:00Z,WIND,WIND,224.07886231442706,5684
2026-08-08T02:00:00Z,ENERGY STORAGE,ENERGY STORAGE,-1.300000011920929,270
2026-08-08T02:00:00Z,GAS,COGENERATION,4397.366602994071,6122
2026-08-08T02:00:00Z,GAS,COMBINED CYCLE,3332.948113971816,3974
2026-08-08T02:00:00Z,GAS,GAS FIRED STEAM,1274.179094458686,3078
2026-08-08T02:00:00Z,GAS,SIMPLE CYCLE,530.6047407582071,1014
2026-08-08T02:00:00Z,HYDRO,HYDRO,509.1159761121538,896
2026-08-08T02:00:00Z,OTHER,BIOMASS,107.69733214855194,195
2026-08-08T02:00:00Z,OTHER,COMPOSITE,0.46911109824975333,20
2026-08-08T02:00:00Z,OTHER,GAS,1.9999510049819944,10
2026-08-08T02:00:00Z,OTHER,GAS COGEN,32.32525889714559,58
2026-08-08T02:00:00Z,OTHER,OIL/GAS,38.685049086676706,53
2026-08-08T02:00:00Z,OTHER,WOOD/REFUSE,85.53539815266927,149
2026-08-08T02:00:00Z,SOLAR,SOLAR,88.88516522700588,1870
2026-08-08T02:00:00Z,WIND,WIND,423.4638892724075,5684
2026-08-08T03:00:00Z,ENERGY STORAGE,ENERGY STORAGE,-0.30466667857435015,270
2026-08-08T03:00:00Z,GAS,COGENERATION,4415.890380952093,6122
2026-08-08T03:00:00Z,GAS,COMBINED CYCLE,3354.12653517882,3974
2026-08-08T03:00:00Z,GAS,GAS FIRED STEAM,1274.6124268595377,3078
2026-08-08T03:00:00Z,GAS,SIMPLE CYCLE,531.3190362321006,1014
2026-08-08T03:00:00Z,HYDRO,HYDRO,470.47698637863004,896
2026-08-08T03:00:00Z,OTHER,BIOMASS,110.72166572703256,195
2026-08-08T03:00:00Z,OTHER,COMPOSITE,0,20
2026-08-08T03:00:00Z,OTHER,GAS,1.9999510049819944,10
2026-08-08T03:00:00Z,OTHER,GAS COGEN,32.399507353570726,58
2026-08-08T03:00:00Z,OTHER,OIL/GAS,38.61821539560954,53
2026-08-08T03:00:00Z,OTHER,WOOD/REFUSE,86.05169245402018,149
2026-08-08T03:00:00Z,SOLAR,SOLAR,0.6011111079321967,1870
2026-08-08T03:00:00Z,WIND,WIND,485.2204901884496,5684
2026-08-08T04:00:00Z,ENERGY STORAGE,ENERGY STORAGE,0.19999998807907104,270
2026-08-08T04:00:00Z,GAS,COGENERATION,4405.5301160862045,6122
2026-08-08T04:00:00Z,GAS,COMBINED CYCLE,3264.3409436031184,3974
2026-08-08T04:00:00Z,GAS,GAS FIRED STEAM,1243.4553715176053,3078
2026-08-08T04:00:00Z,GAS,SIMPLE CYCLE,407.29281191546056,1014
2026-08-08T04:00:00Z,HYDRO,HYDRO,363.2621233893434,896
2026-08-08T04:00:00Z,OTHER,BIOMASS,109.78072082360585,195
2026-08-08T04:00:00Z,OTHER,COMPOSITE,0,20
2026-08-08T04:00:00Z,OTHER,GAS,1.9999510049819944,10
2026-08-08T04:00:00Z,OTHER,GAS COGEN,32.70333631303575,58
2026-08-08T04:00:00Z,OTHER,OIL/GAS,39.107771439022486,53
2026-08-08T04:00:00Z,OTHER,WOOD/REFUSE,84.66319140964085,149
2026-08-08T04:00:00Z,SOLAR,SOLAR,0.30000000447034836,1870
2026-08-08T04:00:00Z,WIND,WIND,728.8599314401381,5684
2026-08-08T05:00:00Z,ENERGY STORAGE,ENERGY STORAGE,0.19999998807907104,270
2026-08-08T05:00:00Z,GAS,COGENERATION,4382.750532774263,6122
2026-08-08T05:00:00Z,GAS,COMBINED CYCLE,3117.5707995243206,3974
2026-08-08T05:00:00Z,GAS,GAS FIRED STEAM,1214.4989815097385,3078
2026-08-08T05:00:00Z,GAS,SIMPLE CYCLE,140.1116399487646,1014
2026-08-08T05:00:00Z,HYDRO,HYDRO,186.39474486223526,896
2026-08-08T05:00:00Z,OTHER,BIOMASS,100.46283205442958,195
2026-08-08T05:00:00Z,OTHER,COMPOSITE,0,20
2026-08-08T05:00:00Z,OTHER,GAS,1.9999510049819944,10
2026-08-08T05:00:00Z,OTHER,GAS COGEN,32.55297826449076,58
2026-08-08T05:00:00Z,OTHER,OIL/GAS,39.06503264745077,53
2026-08-08T05:00:00Z,OTHER,WOOD/REFUSE,79.42569046020508,149
2026-08-08T05:00:00Z,SOLAR,SOLAR,0.30000000447034836,1870
2026-08-08T05:00:00Z,WIND,WIND,1109.1478051990973,5684
2026-08-08T06:00:00Z,ENERGY STORAGE,ENERGY STORAGE,-3.81377770991789,270
2026-08-08T06:00:00Z,GAS,COGENERATION,4397.839549727373,6122
2026-08-08T06:00:00Z,GAS,COMBINED CYCLE,3030.0571371645397,3974
2026-08-08T06:00:00Z,GAS,GAS FIRED STEAM,1017.8948728095161,3078
2026-08-08T06:00:00Z,GAS,SIMPLE CYCLE,72.17421998871697,1014
2026-08-08T06:00:00Z,HYDRO,HYDRO,168.65541118803952,896
2026-08-08T06:00:00Z,OTHER,BIOMASS,89.75233225623766,195
2026-08-08T06:00:00Z,OTHER,COMPOSITE,0,20
2026-08-08T06:00:00Z,OTHER,GAS,1.9999510049819944,10
2026-08-08T06:00:00Z,OTHER,GAS COGEN,32.26624957084656,58
2026-08-08T06:00:00Z,OTHER,OIL/GAS,39.30526063495212,53
2026-08-08T06:00:00Z,OTHER,WOOD/REFUSE,77.87518812815348,149
2026-08-08T06:00:00Z,SOLAR,SOLAR,0.30000000447034836,1870
2026-08-08T06:00:00Z,WIND,WIND,1208.6876389881058,5684
2026-08-08T07:00:00Z,ENERGY STORAGE,ENERGY STORAGE,-11.927444213231405,270
2026-08-08T07:00:00Z,GAS,COGENERATION,4393.87170085907,6122
2026-08-08T07:00:00Z,GAS,COMBINED CYCLE,2958.483377893236,3974
2026-08-08T07:00:00Z,GAS,GAS FIRED STEAM,777.9058205413819,3078
2026-08-08T07:00:00Z,GAS,SIMPLE CYCLE,66.86027594460381,1014
2026-08-08T07:00:00Z,HYDRO,HYDRO,153.6894496548176,896
2026-08-08T07:00:00Z,OTHER,BIOMASS,92.11038781060113,195
2026-08-08T07:00:00Z,OTHER,COMPOSITE,0,20
2026-08-08T07:00:00Z,OTHER,GAS,1.9999510049819944,10
2026-08-08T07:00:00Z,OTHER,GAS COGEN,32.17913239796956,58
2026-08-08T07:00:00Z,OTHER,OIL/GAS,38.77464935938517,53
2026-08-08T07:00:00Z,OTHER,WOOD/REFUSE,77.92869803958469,149
2026-08-08T07:00:00Z,SOLAR,SOLAR,0.30000000447034836,1870
2026-08-08T07:00:00Z,WIND,WIND,1304.406115485616,5684
2026-08-08T08:00:00Z,ENERGY STORAGE,ENERGY STORAGE,-7.271944287849797,270
2026-08-08T08:00:00Z,GAS,COGENERATION,4233.458772222996,6122
2026-08-08T08:00:00Z,GAS,COMBINED CYCLE,2718.9226136473812,3974
2026-08-08T08:00:00Z,GAS,GAS FIRED STEAM,680.7556012641058,3078
2026-08-08T08:00:00Z,GAS,SIMPLE CYCLE,63.862553361256914,1014
2026-08-08T08:00:00Z,HYDRO,HYDRO,158.16578075726827,896
2026-08-08T08:00:00Z,OTHER,BIOMASS,99.91566531817118,195
2026-08-08T08:00:00Z,OTHER,COMPOSITE,0,20
2026-08-08T08:00:00Z,OTHER,GAS,1.9999510049819944,10
2026-08-08T08:00:00Z,OTHER,GAS COGEN,32.018089844385784,58
2026-08-08T08:00:00Z,OTHER,OIL/GAS,38.56232698440552,53
2026-08-08T08:00:00Z,OTHER,WOOD/REFUSE,77.83288887871636,149
2026-08-08T08:00:00Z,SOLAR,SOLAR,0.30000000447034836,1870
2026-08-08T08:00:00Z,WIND,WIND,1511.6629532806162,5684
2026-08-08T09:00:00Z,ENERGY STORAGE,ENERGY STORAGE,-0.511722211688757,270
2026-08-08T09:00:00Z,GAS,COGENERATION,4226.284169828892,6122
2026-08-08T09:00:00Z,GAS,COMBINED CYCLE,2482.4731076992884,3974
2026-08-08T09:00:00Z,GAS,GAS FIRED STEAM,675.8699334759183,3078
2026-08-08T09:00:00Z,GAS,SIMPLE CYCLE,65.49838707605997,1014
2026-08-08T09:00:00Z,HYDRO,HYDRO,156.1838694008357,896
2026-08-08T09:00:00Z,OTHER,BIOMASS,95.60944323380788,195
2026-08-08T09:00:00Z,OTHER,COMPOSITE,0,20
2026-08-08T09:00:00Z,OTHER,GAS,1.9999510049819944,10
2026-08-08T09:00:00Z,OTHER,GAS COGEN,32.09179550700718,58
2026-08-08T09:00:00Z,OTHER,OIL/GAS,38.817149541642934,53
2026-08-08T09:00:00Z,OTHER,WOOD/REFUSE,78.00154581281873,149
2026-08-08T09:00:00Z,SOLAR,SOLAR,0.30000000447034836,1870
2026-08-08T09:00:00Z,WIND,WIND,1594.4716880377796,5684
2026-08-08T10:00:00Z,ENERGY STORAGE,ENERGY STORAGE,0,270
2026-08-08T10:00:00Z,GAS,COGENERATION,4239.564035677645,6122
2026-08-08T10:00:00Z,GAS,COMBINED CYCLE,2506.1929485405817,3974
2026-08-08T10:00:00Z,GAS,GAS FIRED STEAM,676.1003790664673,3078
2026-08-08T10:00:00Z,GAS,SIMPLE CYCLE,64.8507756974962,1014
2026-08-08T10:00:00Z,HYDRO,HYDRO,160.0148348648184,896
2026-08-08T10:00:00Z,OTHER,BIOMASS,93.93355412006377,195
2026-08-08T10:00:00Z,OTHER,COMPOSITE,0,20
2026-08-08T10:00:00Z,OTHER,GAS,1.9999510049819944,10
2026-08-08T10:00:00Z,OTHER,GAS COGEN,32.02219281302558,58
2026-08-08T10:00:00Z,OTHER,OIL/GAS,38.67102714114719,53
2026-08-08T10:00:00Z,OTHER,WOOD/REFUSE,76.32515686882867,149
2026-08-08T10:00:00Z,SOLAR,SOLAR,0.30000000447034836,1870
2026-08-08T10:00:00Z,WIND,WIND,1676.9086455527072,5684
2026-08-08T11:00:00Z,ENERGY STORAGE,ENERGY STORAGE,-0.714611093931728,270
2026-08-08T11:00:00Z,GAS,COGENERATION,4225.393928929568,6122
2026-08-08T11:00:00Z,GAS,COMBINED CYCLE,2441.4042233077685,3974
2026-08-08T11:00:00Z,GAS,GAS FIRED STEAM,676.2257120513916,3078
2026-08-08T11:00:00Z,GAS,SIMPLE CYCLE,67.06577560636732,1014
2026-08-08T11:00:00Z,HYDRO,HYDRO,183.89864396413168,896
2026-08-08T11:00:00Z,OTHER,BIOMASS,93.89905433442857,195
2026-08-08T11:00:00Z,OTHER,COMPOSITE,0,20
2026-08-08T11:00:00Z,OTHER,GAS,1.9999510049819944,10
2026-08-08T11:00:00Z,OTHER,GAS COGEN,31.817450859281752,58
2026-08-08T11:00:00Z,OTHER,OIL/GAS,38.929515857696536,53
2026-08-08T11:00:00Z,OTHER,WOOD/REFUSE,73.89107127719456,149
2026-08-08T11:00:00Z,SOLAR,SOLAR,0.30000000447034836,1870
2026-08-08T11:00:00Z,WIND,WIND,1649.457541381369,5684
2026-08-08T12:00:00Z,ENERGY STORAGE,ENERGY STORAGE,0,270
2026-08-08T12:00:00Z,GAS,COGENERATION,4259.235955687099,6122
2026-08-08T12:00:00Z,GAS,COMBINED CYCLE,2632.335499337514,3974
2026-08-08T12:00:00Z,GAS,GAS FIRED STEAM,676.1362657165528,3078
2026-08-08T12:00:00Z,GAS,SIMPLE CYCLE,67.89494282828437,1014
2026-08-08T12:00:00Z,HYDRO,HYDRO,184.6464734194014,896
2026-08-08T12:00:00Z,OTHER,BIOMASS,91.79366565174527,195
2026-08-08T12:00:00Z,OTHER,COMPOSITE,0,20
2026-08-08T12:00:00Z,OTHER,GAS,1.9999510049819944,10
2026-08-08T12:00:00Z,OTHER,GAS COGEN,31.880812338458163,58
2026-08-08T12:00:00Z,OTHER,OIL/GAS,38.73943296644423,53
2026-08-08T12:00:00Z,OTHER,WOOD/REFUSE,73.45325616200765,149
2026-08-08T12:00:00Z,SOLAR,SOLAR,24.500333086649576,1870
2026-08-08T12:00:00Z,WIND,WIND,1381.41389788044,5684
2026-08-08T13:00:00Z,ENERGY STORAGE,ENERGY STORAGE,0,270
2026-08-08T13:00:00Z,GAS,COGENERATION,4299.836542279721,6122
2026-08-08T13:00:00Z,GAS,COMBINED CYCLE,2878.46013806502,3974
2026-08-08T13:00:00Z,GAS,GAS FIRED STEAM,697.6075995254517,3078
2026-08-08T13:00:00Z,GAS,SIMPLE CYCLE,84.56033128082751,1014
2026-08-08T13:00:00Z,HYDRO,HYDRO,243.14925357818603,896
2026-08-08T13:00:00Z,OTHER,BIOMASS,94.40510986963908,195
2026-08-08T13:00:00Z,OTHER,COMPOSITE,0,20
2026-08-08T13:00:00Z,OTHER,GAS,1.9999510049819944,10
2026-08-08T13:00:00Z,OTHER,GAS COGEN,31.92425736453798,58
2026-08-08T13:00:00Z,OTHER,OIL/GAS,38.65370431264242,53
2026-08-08T13:00:00Z,OTHER,WOOD/REFUSE,73.52262646993002,149
2026-08-08T13:00:00Z,SOLAR,SOLAR,232.28303050271754,1870
2026-08-08T13:00:00Z,WIND,WIND,1005.011781410103,5684
2026-08-08T14:00:00Z,ENERGY STORAGE,ENERGY STORAGE,0,270
2026-08-08T14:00:00Z,GAS,COGENERATION,4412.525564045111,6122
2026-08-08T14:00:00Z,GAS,COMBINED CYCLE,3058.9172143091096,3974
2026-08-08T14:00:00Z,GAS,GAS FIRED STEAM,749.0455440775553,3078
2026-08-08T14:00:00Z,GAS,SIMPLE CYCLE,77.63366489595838,1014
2026-08-08T14:00:00Z,HYDRO,HYDRO,222.70837327902515,896
2026-08-08T14:00:00Z,OTHER,BIOMASS,94.44255404843224,195
2026-08-08T14:00:00Z,OTHER,COMPOSITE,0,20
2026-08-08T14:00:00Z,OTHER,GAS,1.9999510049819944,10
2026-08-08T14:00:00Z,OTHER,GAS COGEN,31.845144481923846,58
2026-08-08T14:00:00Z,OTHER,OIL/GAS,38.44884338166979,53
2026-08-08T14:00:00Z,OTHER,WOOD/REFUSE,75.44969752841526,149
2026-08-08T14:00:00Z,SOLAR,SOLAR,573.7032773127821,1870
2026-08-08T14:00:00Z,WIND,WIND,575.3729603212947,5684
2026-08-08T15:00:00Z,ENERGY STORAGE,ENERGY STORAGE,0,270
2026-08-08T15:00:00Z,GAS,COGENERATION,4389.478158887227,6122
2026-08-08T15:00:00Z,GAS,COMBINED CYCLE,3031.0613039063082,3974
2026-08-08T15:00:00Z,GAS,GAS FIRED STEAM,719.5140451727973,3078
2026-08-08T15:00:00Z,GAS,SIMPLE CYCLE,91.32722153716617,1014
2026-08-08T15:00:00Z,HYDRO,HYDRO,235.12185642581846,896
2026-08-08T15:00:00Z,OTHER,BIOMASS,91.99305403709411,195
2026-08-08T15:00:00Z,OTHER,COMPOSITE,0,20
2026-08-08T15:00:00Z,OTHER,GAS,1.9999510049819944,10
2026-08-08T15:00:00Z,OTHER,GAS COGEN,31.8428150039249,58
2026-08-08T15:00:00Z,OTHER,OIL/GAS,38.10096633911133,53
2026-08-08T15:00:00Z,OTHER,WOOD/REFUSE,77.12530804104276,149
2026-08-08T15:00:00Z,SOLAR,SOLAR,956.6265868813131,1870
2026-08-08T15:00:00Z,WIND,WIND,289.4158576403848,5684
2026-08-08T16:00:00Z,ENERGY STORAGE,ENERGY STORAGE,0,270
2026-08-08T16:00:00Z,GAS,COGENERATION,4361.705864264302,6122
2026-08-08T16:00:00Z,GAS,COMBINED CYCLE,3042.245394854413,3974
2026-08-08T16:00:00Z,GAS,GAS FIRED STEAM,719.9601553259955,3078
2026-08-08T16:00:00Z,GAS,SIMPLE CYCLE,107.68455425898235,1014
2026-08-08T16:00:00Z,HYDRO,HYDRO,240.08324903567632,896
2026-08-08T16:00:00Z,OTHER,BIOMASS,92.48849861277475,195
2026-08-08T16:00:00Z,OTHER,COMPOSITE,0,20
2026-08-08T16:00:00Z,OTHER,GAS,1.9930065588818655,10
2026-08-08T16:00:00Z,OTHER,GAS COGEN,31.809580443700156,58
2026-08-08T16:00:00Z,OTHER,OIL/GAS,38.19673757765028,53
2026-08-08T16:00:00Z,OTHER,WOOD/REFUSE,77.01782514784071,149
2026-08-08T16:00:00Z,SOLAR,SOLAR,1195.6786715028684,1870
2026-08-08T16:00:00Z,WIND,WIND,181.28270920154122,5684
2026-08-08T17:00:00Z,ENERGY STORAGE,ENERGY STORAGE,0,270
2026-08-08T17:00:00Z,GAS,COGENERATION,4335.694658740758,6122
2026-08-08T17:00:00Z,GAS,COMBINED CYCLE,3014.62890543739,3974
2026-08-08T17:00:00Z,GAS,GAS FIRED STEAM,717.928764444987,3078
2026-08-08T17:00:00Z,GAS,SIMPLE CYCLE,101.54955405460464,1014
2026-08-08T17:00:00Z,HYDRO,HYDRO,251.0251540482044,896
2026-08-08T17:00:00Z,OTHER,BIOMASS,97.72977649158902,195
2026-08-08T17:00:00Z,OTHER,COMPOSITE,0,20
2026-08-08T17:00:00Z,OTHER,GAS,1.8999509811401367,10
2026-08-08T17:00:00Z,OTHER,GAS COGEN,31.944011169009737,58
2026-08-08T17:00:00Z,OTHER,OIL/GAS,38.11519895341661,53
2026-08-08T17:00:00Z,OTHER,WOOD/REFUSE,76.46471155802409,149
2026-08-08T17:00:00Z,SOLAR,SOLAR,1351.9006666469575,1870
2026-08-08T17:00:00Z,WIND,WIND,109.67407098898043,5684
2026-08-08T18:00:00Z,ENERGY STORAGE,ENERGY STORAGE,0,270
2026-08-08T18:00:00Z,GAS,COGENERATION,4315.639755935205,6122
2026-08-08T18:00:00Z,GAS,COMBINED CYCLE,3022.526487564776,3974
2026-08-08T18:00:00Z,GAS,GAS FIRED STEAM,710.4362662760416,3078
2026-08-08T18:00:00Z,GAS,SIMPLE CYCLE,98.05738716456625,1014
2026-08-08T18:00:00Z,HYDRO,HYDRO,236.39067866709496,896
2026-08-08T18:00:00Z,OTHER,BIOMASS,104.07138774315516,195
2026-08-08T18:00:00Z,OTHER,COMPOSITE,0,20
2026-08-08T18:00:00Z,OTHER,GAS,1.8999509811401367,10
2026-08-08T18:00:00Z,OTHER,GAS COGEN,32.31272592332628,58
2026-08-08T18:00:00Z,OTHER,OIL/GAS,38.87021561304728,53
2026-08-08T18:00:00Z,OTHER,WOOD/REFUSE,75.88333570692274,149
2026-08-08T18:00:00Z,SOLAR,SOLAR,1443.2128625915448,1870
2026-08-08T18:00:00Z,WIND,WIND,80.52083784113742,5684
2026-08-08T19:00:00Z,ENERGY STORAGE,ENERGY STORAGE,0,270
2026-08-08T19:00:00Z,GAS,COGENERATION,4320.101276061535,6122
2026-08-08T19:00:00Z,GAS,COMBINED CYCLE,2996.4523292852773,3974
2026-08-08T19:00:00Z,GAS,GAS FIRED STEAM,710.6031004545423,3078
2026-08-08T19:00:00Z,GAS,SIMPLE CYCLE,126.88744188062019,1014
2026-08-08T19:00:00Z,HYDRO,HYDRO,246.2778746343321,896
2026-08-08T19:00:00Z,OTHER,BIOMASS,104.21172104120254,195
2026-08-08T19:00:00Z,OTHER,COMPOSITE,0,20
2026-08-08T19:00:00Z,OTHER,GAS,1.8999509811401367,10
2026-08-08T19:00:00Z,OTHER,GAS COGEN,32.2678077978558,58
2026-08-08T19:00:00Z,OTHER,OIL/GAS,39.50834849251641,53
2026-08-08T19:00:00Z,OTHER,WOOD/REFUSE,76.93268424140082,149
2026-08-08T19:00:00Z,SOLAR,SOLAR,1509.8239846229553,1870
2026-08-08T19:00:00Z,WIND,WIND,90.65513658809165,5684
2026-08-08T20:00:00Z,ENERGY STORAGE,ENERGY STORAGE,0,270
2026-08-08T20:00:00Z,GAS,COGENERATION,4312.415794343683,6122
2026-08-08T20:00:00Z,GAS,COMBINED CYCLE,3145.5882063364984,3974
2026-08-08T20:00:00Z,GAS,GAS FIRED STEAM,724.4108209737142,3078
2026-08-08T20:00:00Z,GAS,SIMPLE CYCLE,124.2024969481263,1014
2026-08-08T20:00:00Z,HYDRO,HYDRO,254.0857431361576,896
2026-08-08T20:00:00Z,OTHER,BIOMASS,105.83683182769352,195
2026-08-08T20:00:00Z,OTHER,COMPOSITE,0,20
2026-08-08T20:00:00Z,OTHER,GAS,1.8999509811401367,10
2026-08-08T20:00:00Z,OTHER,GAS COGEN,32.312937545776364,58
2026-08-08T20:00:00Z,OTHER,OIL/GAS,39.65711579428779,53
2026-08-08T20:00:00Z,OTHER,WOOD/REFUSE,77.92097280290392,149
2026-08-08T20:00:00Z,SOLAR,SOLAR,1458.6701874734297,1870
2026-08-08T20:00:00Z,WIND,WIND,124.9223779682484,5684
2026-08-08T21:00:00Z,ENERGY STORAGE,ENERGY STORAGE,0,270
2026-08-08T21:00:00Z,GAS,COGENERATION,4302.138591331376,6122
2026-08-08T21:00:00Z,GAS,COMBINED CYCLE,3257.178531137175,3974
2026-08-08T21:00:00Z,GAS,GAS FIRED STEAM,838.1305985175238,3078
2026-08-08T21:00:00Z,GAS,SIMPLE CYCLE,140.37813594887655,1014
2026-08-08T21:00:00Z,HYDRO,HYDRO,307.8689091381679,896
2026-08-08T21:00:00Z,OTHER,BIOMASS,105.13627662658692,195
2026-08-08T21:00:00Z,OTHER,COMPOSITE,0,20
2026-08-08T21:00:00Z,OTHER,GAS,1.8999509811401367,10
2026-08-08T21:00:00Z,OTHER,GAS COGEN,32.11881138483683,58
2026-08-08T21:00:00Z,OTHER,OIL/GAS,41.931999357011584,53
2026-08-08T21:00:00Z,OTHER,WOOD/REFUSE,77.20914134555393,149
2026-08-08T21:00:00Z,SOLAR,SOLAR,1307.8564820337297,1870
2026-08-08T21:00:00Z,WIND,WIND,121.32283076969699,5684
2026-08-08T22:00:00Z,ENERGY STORAGE,ENERGY STORAGE,0,270
2026-08-08T22:00:00Z,GAS,COGENERATION,4307.8886047736805,6122
2026-08-08T22:00:00Z,GAS,COMBINED CYCLE,3312.3086182700263,3974
2026-08-08T22:00:00Z,GAS,GAS FIRED STEAM,1165.8312590535481,3078
2026-08-08T22:00:00Z,GAS,SIMPLE CYCLE,292.9542848460542,1014
2026-08-08T22:00:00Z,HYDRO,HYDRO,314.37375397067933,896
2026-08-08T22:00:00Z,OTHER,BIOMASS,107.87483176575766,195
2026-08-08T22:00:00Z,OTHER,COMPOSITE,0,20
2026-08-08T22:00:00Z,OTHER,GAS,1.8999509811401367,10
2026-08-08T22:00:00Z,OTHER,GAS COGEN,32.23540141476525,58
2026-08-08T22:00:00Z,OTHER,OIL/GAS,43.89644327799479,53
2026-08-08T22:00:00Z,OTHER,WOOD/REFUSE,74.5293323220147,149
2026-08-08T22:00:00Z,SOLAR,SOLAR,911.2633256848322,1870
2026-08-08T22:00:00Z,WIND,WIND,104.47608590549065,5684
2026-08-08T23:00:00Z,ENERGY STORAGE,ENERGY STORAGE,0,270
2026-08-08T23:00:00Z,GAS,COGENERATION,4302.861432577636,6122
2026-08-08T23:00:00Z,GAS,COMBINED CYCLE,3313.4762884639367,3974
2026-08-08T23:00:00Z,GAS,GAS FIRED STEAM,1241.4523688761394,3078
2026-08-08T23:00:00Z,GAS,SIMPLE CYCLE,381.9913657140732,1014
2026-08-08T23:00:00Z,HYDRO,HYDRO,267.16533441331654,896
2026-08-08T23:00:00Z,OTHER,BIOMASS,111.9277208187845,195
2026-08-08T23:00:00Z,OTHER,COMPOSITE,0,20
2026-08-08T23:00:00Z,OTHER,GAS,1.8999509811401367,10
2026-08-08T23:00:00Z,OTHER,GAS COGEN,32.48303051259782,58
2026-08-08T23:00:00Z,OTHER,OIL/GAS,43.962848313649495,53
2026-08-08T23:00:00Z,OTHER,WOOD/REFUSE,75.20444268544514,149
2026-08-08T23:00:00Z,SOLAR,SOLAR,708.1707036713924,1870
2026-08-08T23:00:00Z,WIND,WIND,155.02362917611995,5684
2026-08-09T00:00:00Z,ENERGY STORAGE,ENERGY STORAGE,0.10444444465968343,270
2026-08-09T00:00:00Z,GAS,COGENERATION,4308.77880185869,6122
2026-08-09T00:00:00Z,GAS,COMBINED CYCLE,3328.605795393255,3974
2026-08-09T00:00:00Z,GAS,GAS FIRED STEAM,1241.4037610032824,3078
2026-08-09T00:00:00Z,GAS,SIMPLE CYCLE,401.0620337289572,1014
2026-08-09T00:00:00Z,HYDRO,HYDRO,387.23090470452274,896
2026-08-09T00:00:00Z,OTHER,BIOMASS,112.2284425772561,195
2026-08-09T00:00:00Z,OTHER,COMPOSITE,9.4444447093539e-4,20
2026-08-09T00:00:00Z,OTHER,GAS,1.9139509844779967,10
2026-08-09T00:00:00Z,OTHER,GAS COGEN,32.49557705508338,58
2026-08-09T00:00:00Z,OTHER,OIL/GAS,43.48412099626329,53
2026-08-09T00:00:00Z,OTHER,WOOD/REFUSE,75.29905982547336,149
2026-08-09T00:00:00Z,SOLAR,SOLAR,405.16580881640317,1870
2026-08-09T00:00:00Z,WIND,WIND,177.44302475168473,5684
2026-08-09T01:00:00Z,ENERGY STORAGE,ENERGY STORAGE,0.5577777800791793,270
2026-08-09T01:00:00Z,GAS,COGENERATION,4306.21070371151,6122
2026-08-09T01:00:00Z,GAS,COMBINED CYCLE,3305.050649768247,3974
2026-08-09T01:00:00Z,GAS,GAS FIRED STEAM,1241.4425939263238,3078
2026-08-09T01:00:00Z,GAS,SIMPLE CYCLE,411.46191588878634,1014
2026-08-09T01:00:00Z,HYDRO,HYDRO,357.9499794638985,896
2026-08-09T01:00:00Z,OTHER,BIOMASS,112.20894250763787,195
2026-08-09T01:00:00Z,OTHER,COMPOSITE,12.293388764593336,20
2026-08-09T01:00:00Z,OTHER,GAS,2.0999510288238525,10
2026-08-09T01:00:00Z,OTHER,GAS COGEN,32.576104443868005,58
2026-08-09T01:00:00Z,OTHER,OIL/GAS,43.70735965092977,53
2026-08-09T01:00:00Z,OTHER,WOOD/REFUSE,80.51148853725857,149
2026-08-09T01:00:00Z,SOLAR,SOLAR,170.48685843345191,1870
2026-08-09T01:00:00Z,WIND,WIND,249.0592643233182,5684
2026-08-09T02:00:00Z,ENERGY STORAGE,ENERGY STORAGE,0.09999999403953552,270
2026-08-09T02:00:00Z,GAS,COGENERATION,4307.455093384584,6122
2026-08-09T02:00:00Z,GAS,COMBINED CYCLE,3290.6133277473186,3974
2026-08-09T02:00:00Z,GAS,GAS FIRED STEAM,1104.9759820556642,3078
2026-08-09T02:00:00Z,GAS,SIMPLE CYCLE,229.21177927120695,1014
2026-08-09T02:00:00Z,HYDRO,HYDRO,217.95456705679496,896
2026-08-09T02:00:00Z,OTHER,BIOMASS,112.12227557599545,195
2026-08-09T02:00:00Z,OTHER,COMPOSITE,0.15322221835454303,20
2026-08-09T02:00:00Z,OTHER,GAS,2.0999510288238525,10
2026-08-09T02:00:00Z,OTHER,GAS COGEN,32.57330685191684,58
2026-08-09T02:00:00Z,OTHER,OIL/GAS,43.56722692065769,53
2026-08-09T02:00:00Z,OTHER,WOOD/REFUSE,78.11148095448812,149
2026-08-09T02:00:00Z,SOLAR,SOLAR,29.068307007000676,1870
2026-08-09T02:00:00Z,WIND,WIND,482.07769850288,5684
2026-08-09T03:00:00Z,ENERGY STORAGE,ENERGY STORAGE,0.09999999403953552,270
2026-08-09T03:00:00Z,GAS,COGENERATION,4331.070977056556,6122
2026-08-09T03:00:00Z,GAS,COMBINED CYCLE,3299.701682314873,3974
2026-08-09T03:00:00Z,GAS,GAS FIRED STEAM,1141.4434822506375,3078
2026-08-09T03:00:00Z,GAS,SIMPLE CYCLE,240.56436272852955,1014
2026-08-09T03:00:00Z,HYDRO,HYDRO,243.99071271949344,896
2026-08-09T03:00:00Z,OTHER,BIOMASS,107.2114983549383,195
2026-08-09T03:00:00Z,OTHER,COMPOSITE,0,20
2026-08-09T03:00:00Z,OTHER,GAS,2.0999510288238525,10
2026-08-09T03:00:00Z,OTHER,GAS COGEN,32.50325664202372,58
2026-08-09T03:00:00Z,OTHER,OIL/GAS,43.50967679553562,53
2026-08-09T03:00:00Z,OTHER,WOOD/REFUSE,79.27025310940212,149
2026-08-09T03:00:00Z,SOLAR,SOLAR,0.30069838470882837,1870
2026-08-09T03:00:00Z,WIND,WIND,680.1531397281752,5684
2026-08-09T04:00:00Z,ENERGY STORAGE,ENERGY STORAGE,0.09999999403953552,270
2026-08-09T04:00:00Z,GAS,COGENERATION,4315.233150661256,6122
2026-08-09T04:00:00Z,GAS,COMBINED CYCLE,3053.5791718422042,3974
2026-08-09T04:00:00Z,GAS,GAS FIRED STEAM,882.7516523912218,3078
2026-08-09T04:00:00Z,GAS,SIMPLE CYCLE,184.2450526927246,1014
2026-08-09T04:00:00Z,HYDRO,HYDRO,195.7084068369948,896
2026-08-09T04:00:00Z,OTHER,BIOMASS,108.84583076371086,195
2026-08-09T04:00:00Z,OTHER,COMPOSITE,0,20
2026-08-09T04:00:00Z,OTHER,GAS,2.0999510288238525,10
2026-08-09T04:00:00Z,OTHER,GAS COGEN,32.58192325698005,58
2026-08-09T04:00:00Z,OTHER,OIL/GAS,43.16573237948948,53
2026-08-09T04:00:00Z,OTHER,WOOD/REFUSE,77.63689954545762,149
2026-08-09T04:00:00Z,SOLAR,SOLAR,0.20000000298023224,1870
2026-08-09T04:00:00Z,WIND,WIND,1136.813945530802,5684
2026-08-09T05:00:00Z,ENERGY STORAGE,ENERGY STORAGE,0.09999999403953552,270
2026-08-09T05:00:00Z,GAS,COGENERATION,4365.498103499148,6122
2026-08-09T05:00:00Z,GAS,COMBINED CYCLE,3172.833181358311,3974
2026-08-09T05:00:00Z,GAS,GAS FIRED STEAM,880.8296534432305,3078
2026-08-09T05:00:00Z,GAS,SIMPLE CYCLE,112.14442009874101,1014
2026-08-09T05:00:00Z,HYDRO,HYDRO,208.333021191491,896
2026-08-09T05:00:00Z,OTHER,BIOMASS,113.01683101640808,195
2026-08-09T05:00:00Z,OTHER,COMPOSITE,0,20
2026-08-09T05:00:00Z,OTHER,GAS,2.0999510288238525,10
2026-08-09T05:00:00Z,OTHER,GAS COGEN,32.5664808622996,58
2026-08-09T05:00:00Z,OTHER,OIL/GAS,43.41613245222304,53
2026-08-09T05:00:00Z,OTHER,WOOD/REFUSE,77.22480061425104,149
2026-08-09T05:00:00Z,SOLAR,SOLAR,0.20000000298023224,1870
2026-08-09T05:00:00Z,WIND,WIND,1050.9842164443517,5684
2026-08-09T06:00:00Z,ENERGY STORAGE,ENERGY STORAGE,-10.21227754185597,270
2026-08-09T06:00:00Z,GAS,COGENERATION,4326.451442341672,6122
2026-08-09T06:00:00Z,GAS,COMBINED CYCLE,2945.290681825876,3974
2026-08-09T06:00:00Z,GAS,GAS FIRED STEAM,798.7657657580905,3078
2026-08-09T06:00:00Z,GAS,SIMPLE CYCLE,67.67238775995042,1014
2026-08-09T06:00:00Z,HYDRO,HYDRO,173.05332641225723,896
2026-08-09T06:00:00Z,OTHER,BIOMASS,115.2884977194998,195
2026-08-09T06:00:00Z,OTHER,COMPOSITE,0,20
2026-08-09T06:00:00Z,OTHER,GAS,2.0999510288238525,10
2026-08-09T06:00:00Z,OTHER,GAS COGEN,32.551523317760896,58
2026-08-09T06:00:00Z,OTHER,OIL/GAS,43.8030874994066,53
2026-08-09T06:00:00Z,OTHER,WOOD/REFUSE,77.61701887342664,149
2026-08-09T06:00:00Z,SOLAR,SOLAR,0.20000000298023224,1870
2026-08-09T06:00:00Z,WIND,WIND,1396.8261681067158,5684
2026-08-09T07:00:00Z,ENERGY STORAGE,ENERGY STORAGE,-7.363944269576006,270
2026-08-09T07:00:00Z,GAS,COGENERATION,4217.600557968882,6122
2026-08-09T07:00:00Z,GAS,COMBINED CYCLE,2492.7866312928995,3974
2026-08-09T07:00:00Z,GAS,GAS FIRED STEAM,681.0154891883003,3078
2026-08-09T07:00:00Z,GAS,SIMPLE CYCLE,65.49183195008172,1014
2026-08-09T07:00:00Z,HYDRO,HYDRO,167.09243700489404,896
2026-08-09T07:00:00Z,OTHER,BIOMASS,114.61777544127571,195
2026-08-09T07:00:00Z,OTHER,COMPOSITE,0,20
2026-08-09T07:00:00Z,OTHER,GAS,2.0999510288238525,10
2026-08-09T07:00:00Z,OTHER,GAS COGEN,32.57319505797492,58
2026-08-09T07:00:00Z,OTHER,OIL/GAS,43.436904201507566,53
2026-08-09T07:00:00Z,OTHER,WOOD/REFUSE,73.37385256873237,149
2026-08-09T07:00:00Z,SOLAR,SOLAR,0.20000000298023224,1870
2026-08-09T07:00:00Z,WIND,WIND,1718.6977977898964,5684
2026-08-09T08:00:00Z,ENERGY STORAGE,ENERGY STORAGE,-0.5376111111376021,270
2026-08-09T08:00:00Z,GAS,COGENERATION,4192.010070221954,6122
2026-08-09T08:00:00Z,GAS,COMBINED CYCLE,2171.048347072469,3974
2026-08-09T08:00:00Z,GAS,GAS FIRED STEAM,675.727043808831,3078
2026-08-09T08:00:00Z,GAS,SIMPLE CYCLE,65.50388829549152,1014
2026-08-09T08:00:00Z,HYDRO,HYDRO,172.5401583168573,896
2026-08-09T08:00:00Z,OTHER,BIOMASS,113.12394208378262,195
2026-08-09T08:00:00Z,OTHER,COMPOSITE,0,20
2026-08-09T08:00:00Z,OTHER,GAS,2.0999510288238525,10
2026-08-09T08:00:00Z,OTHER,GAS COGEN,32.50998101949692,58
2026-08-09T08:00:00Z,OTHER,OIL/GAS,43.7606263393826,53
2026-08-09T08:00:00Z,OTHER,WOOD/REFUSE,74.32184899224175,149
2026-08-09T08:00:00Z,SOLAR,SOLAR,0.20000000298023224,1870
2026-08-09T08:00:00Z,WIND,WIND,2030.432963631476,5684
2026-08-09T09:00:00Z,ENERGY STORAGE,ENERGY STORAGE,0,270
2026-08-09T09:00:00Z,GAS,COGENERATION,4221.1769172925415,6122
2026-08-09T09:00:00Z,GAS,COMBINED CYCLE,2385.281948678361,3974
2026-08-09T09:00:00Z,GAS,GAS FIRED STEAM,675.9507091988457,3078
2026-08-09T09:00:00Z,GAS,SIMPLE CYCLE,67.41316578971015,1014
2026-08-09T09:00:00Z,HYDRO,HYDRO,188.26434980647431,896
2026-08-09T09:00:00Z,OTHER,BIOMASS,109.53933123853471,195
2026-08-09T09:00:00Z,OTHER,COMPOSITE,0,20
2026-08-09T09:00:00Z,OTHER,GAS,2.0999510288238525,10
2026-08-09T09:00:00Z,OTHER,GAS COGEN,32.48110003365411,58
2026-08-09T09:00:00Z,OTHER,OIL/GAS,43.207431634267174,53
2026-08-09T09:00:00Z,OTHER,WOOD/REFUSE,74.56310536702473,149
2026-08-09T09:00:00Z,SOLAR,SOLAR,0.20000000298023224,1870
2026-08-09T09:00:00Z,WIND,WIND,1679.5372050590274,5684
2026-08-09T10:00:00Z,ENERGY STORAGE,ENERGY STORAGE,0,270
2026-08-09T10:00:00Z,GAS,COGENERATION,4266.72436642415,6122
2026-08-09T10:00:00Z,GAS,COMBINED CYCLE,2824.2997071115174,3974
2026-08-09T10:00:00Z,GAS,GAS FIRED STEAM,710.8578778203329,3078
2026-08-09T10:00:00Z,GAS,SIMPLE CYCLE,69.49183265686035,1014
2026-08-09T10:00:00Z,HYDRO,HYDRO,194.35952312820487,896
2026-08-09T10:00:00Z,OTHER,BIOMASS,110.58255355834962,195
2026-08-09T10:00:00Z,OTHER,COMPOSITE,0,20
2026-08-09T10:00:00Z,OTHER,GAS,2.0999510288238525,10
2026-08-09T10:00:00Z,OTHER,GAS COGEN,32.60675710545646,58
2026-08-09T10:00:00Z,OTHER,OIL/GAS,43.83167104721069,53
2026-08-09T10:00:00Z,OTHER,WOOD/REFUSE,73.94261377546522,149
2026-08-09T10:00:00Z,SOLAR,SOLAR,0.20000000298023224,1870
2026-08-09T10:00:00Z,WIND,WIND,1209.378410456851,5684
2026-08-09T11:00:00Z,ENERGY STORAGE,ENERGY STORAGE,13.506055548704332,270
2026-08-09T11:00:00Z,GAS,COGENERATION,4420.828119778898,6122
2026-08-09T11:00:00Z,GAS,COMBINED CYCLE,3002.618851429224,3974
2026-08-09T11:00:00Z,GAS,GAS FIRED STEAM,853.8239874225193,3078
2026-08-09T11:00:00Z,GAS,SIMPLE CYCLE,72.33844349119398,1014
2026-08-09T11:00:00Z,HYDRO,HYDRO,186.7969623393317,896
2026-08-09T11:00:00Z,OTHER,BIOMASS,109.97744273927476,195
2026-08-09T11:00:00Z,OTHER,COMPOSITE,0,20
2026-08-09T11:00:00Z,OTHER,GAS,2.0999510288238525,10
2026-08-09T11:00:00Z,OTHER,GAS COGEN,32.51309604750739,58
2026-08-09T11:00:00Z,OTHER,OIL/GAS,43.390099692874486,53
2026-08-09T11:00:00Z,OTHER,WOOD/REFUSE,74.88995963202582,149
2026-08-09T11:00:00Z,SOLAR,SOLAR,0.20000000298023224,1870
2026-08-09T11:00:00Z,WIND,WIND,877.4852417083664,5684
2026-08-09T12:00:00Z,ENERGY STORAGE,ENERGY STORAGE,9.822999993926947,270
2026-08-09T12:00:00Z,GAS,COGENERATION,4425.994239005778,6122
2026-08-09T12:00:00Z,GAS,COMBINED CYCLE,3069.7245743472045,3974
2026-08-09T12:00:00Z,GAS,GAS FIRED STEAM,986.4973188781738,3078
2026-08-09T12:00:00Z,GAS,SIMPLE CYCLE,68.2323876619339,1014
2026-08-09T12:00:00Z,HYDRO,HYDRO,188.82601232700878,896
2026-08-09T12:00:00Z,OTHER,BIOMASS,109.93927580886417,195
2026-08-09T12:00:00Z,OTHER,COMPOSITE,0,20
2026-08-09T12:00:00Z,OTHER,GAS,2.0999510288238525,10
2026-08-09T12:00:00Z,OTHER,GAS COGEN,32.49080163266924,58
2026-08-09T12:00:00Z,OTHER,OIL/GAS,43.04178227742513,53
2026-08-09T12:00:00Z,OTHER,WOOD/REFUSE,75.03288679334852,149
2026-08-09T12:00:00Z,SOLAR,SOLAR,15.621555287626883,1870
2026-08-09T12:00:00Z,WIND,WIND,570.1276794338847,5684
2026-08-09T13:00:00Z,ENERGY STORAGE,ENERGY STORAGE,0,270
2026-08-09T13:00:00Z,GAS,COGENERATION,4402.3244544172285,6122
2026-08-09T13:00:00Z,GAS,COMBINED CYCLE,3057.929932642248,3974
2026-08-09T13:00:00Z,GAS,GAS FIRED STEAM,961.2360414674547,3078
2026-08-09T13:00:00Z,GAS,SIMPLE CYCLE,67.05588797781203,1014
2026-08-09T13:00:00Z,HYDRO,HYDRO,188.96858268996078,896
2026-08-09T13:00:00Z,OTHER,BIOMASS,107.73138649251726,195
2026-08-09T13:00:00Z,OTHER,COMPOSITE,0,20
2026-08-09T13:00:00Z,OTHER,GAS,2.0999510288238525,10
2026-08-09T13:00:00Z,OTHER,GAS COGEN,32.40328624910778,58
2026-08-09T13:00:00Z,OTHER,OIL/GAS,43.49177703009711,53
2026-08-09T13:00:00Z,OTHER,WOOD/REFUSE,74.06874955495199,149
2026-08-09T13:00:00Z,SOLAR,SOLAR,169.42293127293388,1870
2026-08-09T13:00:00Z,WIND,WIND,448.70450093345926,5684
2026-08-09T14:00:00Z,ENERGY STORAGE,ENERGY STORAGE,0,270
2026-08-09T14:00:00Z,GAS,COGENERATION,4387.102281910843,6122
2026-08-09T14:00:00Z,GAS,COMBINED CYCLE,3007.938483618895,3974
2026-08-09T14:00:00Z,GAS,GAS FIRED STEAM,809.0919872199164,3078
2026-08-09T14:00:00Z,GAS,SIMPLE CYCLE,70.90138840787941,1014
2026-08-09T14:00:00Z,HYDRO,HYDRO,184.93561891766058,896
2026-08-09T14:00:00Z,OTHER,BIOMASS,109.2566090520223,195
2026-08-09T14:00:00Z,OTHER,COMPOSITE,0,20
2026-08-09T14:00:00Z,OTHER,GAS,2.0999510288238525,10
2026-08-09T14:00:00Z,OTHER,GAS COGEN,32.46314409547382,58
2026-08-09T14:00:00Z,OTHER,OIL/GAS,43.373782024383544,53
2026-08-09T14:00:00Z,OTHER,WOOD/REFUSE,74.36072502983941,149
2026-08-09T14:00:00Z,SOLAR,SOLAR,678.1087002854049,1870
2026-08-09T14:00:00Z,WIND,WIND,247.19352975202932,5684
2026-08-09T15:00:00Z,ENERGY STORAGE,ENERGY STORAGE,0,270
2026-08-09T15:00:00Z,GAS,COGENERATION,4352.296482814683,6122
2026-08-09T15:00:00Z,GAS,COMBINED CYCLE,2902.1620980804496,3974
2026-08-09T15:00:00Z,GAS,GAS FIRED STEAM,717.6216015752157,3078
2026-08-09T15:00:00Z,GAS,SIMPLE CYCLE,76.68188777605693,1014
2026-08-09T15:00:00Z,HYDRO,HYDRO,219.62407960441377,896
2026-08-09T15:00:00Z,OTHER,BIOMASS,111.19166359821955,195
2026-08-09T15:00:00Z,OTHER,COMPOSITE,0,20
2026-08-09T15:00:00Z,OTHER,GAS,2.0999510288238525,10
2026-08-09T15:00:00Z,OTHER,GAS COGEN,32.54899469905429,58
2026-08-09T15:00:00Z,OTHER,OIL/GAS,42.14599882973565,53
2026-08-09T15:00:00Z,OTHER,WOOD/REFUSE,74.05653866661919,149
2026-08-09T15:00:00Z,SOLAR,SOLAR,1149.7484194792974,1870
2026-08-09T15:00:00Z,WIND,WIND,160.07075781248096,5684
2026-08-09T16:00:00Z,ENERGY STORAGE,ENERGY STORAGE,-1.5252221581670973,270
2026-08-09T16:00:00Z,GAS,COGENERATION,4330.64420642164,6122
2026-08-09T16:00:00Z,GAS,COMBINED CYCLE,2944.6034347629547,3974
2026-08-09T16:00:00Z,GAS,GAS FIRED STEAM,720.7896565119426,3078
2026-08-09T16:00:00Z,GAS,SIMPLE CYCLE,77.1102765750885,1014
2026-08-09T16:00:00Z,HYDRO,HYDRO,215.84762264572913,896
2026-08-09T16:00:00Z,OTHER,BIOMASS,112.91210925446616,195
2026-08-09T16:00:00Z,OTHER,COMPOSITE,0,20
2026-08-09T16:00:00Z,OTHER,GAS,2.080506579743491,10
2026-08-09T16:00:00Z,OTHER,GAS COGEN,32.52903126186794,58
2026-08-09T16:00:00Z,OTHER,OIL/GAS,38.20683218002319,53
2026-08-09T16:00:00Z,OTHER,WOOD/REFUSE,74.56423474205864,149
2026-08-09T16:00:00Z,SOLAR,SOLAR,1450.479635001156,1870
2026-08-09T16:00:00Z,WIND,WIND,82.21660422487392,5684
2026-08-09T17:00:00Z,ENERGY STORAGE,ENERGY STORAGE,-1.6999999284744265,270
2026-08-09T17:00:00Z,GAS,COGENERATION,4303.3177193578085,6122
2026-08-09T17:00:00Z,GAS,COMBINED CYCLE,3003.024585415257,3974
2026-08-09T17:00:00Z,GAS,GAS FIRED STEAM,797.5786547809176,3078
2026-08-09T17:00:00Z,GAS,SIMPLE CYCLE,82.6887763373057,1014
2026-08-09T17:00:00Z,HYDRO,HYDRO,257.5954737536278,896
2026-08-09T17:00:00Z,OTHER,BIOMASS,112.81088659710355,195
2026-08-09T17:00:00Z,OTHER,COMPOSITE,0,20
2026-08-09T17:00:00Z,OTHER,GAS,1.9999510049819944,10
2026-08-09T17:00:00Z,OTHER,GAS COGEN,32.51776657104492,58
2026-08-09T17:00:00Z,OTHER,OIL/GAS,38.53421579996745,53
2026-08-09T17:00:00Z,OTHER,WOOD/REFUSE,74.79414640214708,149
2026-08-09T17:00:00Z,SOLAR,SOLAR,1605.4983746198814,1870
2026-08-09T17:00:00Z,WIND,WIND,77.16042120363564,5684
2026-08-09T18:00:00Z,ENERGY STORAGE,ENERGY STORAGE,-1.6999999284744265,270
2026-08-09T18:00:00Z,GAS,COGENERATION,4281.21126001305,6122
2026-08-09T18:00:00Z,GAS,COMBINED CYCLE,3150.6204842212464,3974
2026-08-09T18:00:00Z,GAS,GAS FIRED STEAM,890.1609310277303,3078
2026-08-09T18:00:00Z,GAS,SIMPLE CYCLE,82.23960966534085,1014
2026-08-09T18:00:00Z,HYDRO,HYDRO,240.44664859302344,896
2026-08-09T18:00:00Z,OTHER,BIOMASS,109.23138669994142,195
2026-08-09T18:00:00Z,OTHER,COMPOSITE,0,20
2026-08-09T18:00:00Z,OTHER,GAS,1.9999510049819944,10
2026-08-09T18:00:00Z,OTHER,GAS COGEN,32.52042176617516,58
2026-08-09T18:00:00Z,OTHER,OIL/GAS,40.04687653435601,53
2026-08-09T18:00:00Z,OTHER,WOOD/REFUSE,74.96337576124404,149
2026-08-09T18:00:00Z,SOLAR,SOLAR,1644.2429506643614,1870
2026-08-09T18:00:00Z,WIND,WIND,89.31527253132934,5684
2026-08-09T19:00:00Z,ENERGY STORAGE,ENERGY STORAGE,-1.6999999284744265,270
2026-08-09T19:00:00Z,GAS,COGENERATION,4262.061610380941,6122
2026-08-09T19:00:00Z,GAS,COMBINED CYCLE,3250.798411831856,3974
2026-08-09T19:00:00Z,GAS,GAS FIRED STEAM,961.028039864434,3078
2026-08-09T19:00:00Z,GAS,SIMPLE CYCLE,82.20444298638238,1014
2026-08-09T19:00:00Z,HYDRO,HYDRO,241.6907421601812,896
2026-08-09T19:00:00Z,OTHER,BIOMASS,109.58672028329637,195
2026-08-09T19:00:00Z,OTHER,COMPOSITE,0,20
2026-08-09T19:00:00Z,OTHER,GAS,1.9999510049819944,10
2026-08-09T19:00:00Z,OTHER,GAS COGEN,32.520526822408044,58
2026-08-09T19:00:00Z,OTHER,OIL/GAS,41.217693371242945,53
2026-08-09T19:00:00Z,OTHER,WOOD/REFUSE,75.33674149831135,149
2026-08-09T19:00:00Z,SOLAR,SOLAR,1608.9792630818156,1870
2026-08-09T19:00:00Z,WIND,WIND,76.23676797914422,5684
2026-08-09T20:00:00Z,ENERGY STORAGE,ENERGY STORAGE,-1.6999999284744265,270
2026-08-09T20:00:00Z,GAS,COGENERATION,4248.71158888287,6122
2026-08-09T20:00:00Z,GAS,COMBINED CYCLE,3283.4301399971378,3974
2026-08-09T20:00:00Z,GAS,GAS FIRED STEAM,1030.8616518614026,3078
2026-08-09T20:00:00Z,GAS,SIMPLE CYCLE,83.06188815275829,1014
2026-08-09T20:00:00Z,HYDRO,HYDRO,247.65235056360564,896
2026-08-09T20:00:00Z,OTHER,BIOMASS,104.87949842558967,195
2026-08-09T20:00:00Z,OTHER,COMPOSITE,0,20
2026-08-09T20:00:00Z,OTHER,GAS,1.9999510049819944,10
2026-08-09T20:00:00Z,OTHER,GAS COGEN,32.530321878327264,58
2026-08-09T20:00:00Z,OTHER,OIL/GAS,41.76441596561008,53
2026-08-09T20:00:00Z,OTHER,WOOD/REFUSE,75.39355432298449,149
2026-08-09T20:00:00Z,SOLAR,SOLAR,1561.6330685750643,1870
2026-08-09T20:00:00Z,WIND,WIND,74.33817538902991,5684
2026-08-09T21:00:00Z,ENERGY STORAGE,ENERGY STORAGE,-1.6999999284744265,270
2026-08-09T21:00:00Z,GAS,COGENERATION,4236.5875205281045,6122
2026-08-09T21:00:00Z,GAS,COMBINED CYCLE,3267.8958636269303,3974
2026-08-09T21:00:00Z,GAS,GAS FIRED STEAM,1004.9788197750515,3078
2026-08-09T21:00:00Z,GAS,SIMPLE CYCLE,78.09749902945426,1014
2026-08-09T21:00:00Z,HYDRO,HYDRO,216.98368031203748,896
2026-08-09T21:00:00Z,OTHER,BIOMASS,108.17205375035603,195
2026-08-09T21:00:00Z,OTHER,COMPOSITE,0,20
2026-08-09T21:00:00Z,OTHER,GAS,1.9999510049819944,10
2026-08-09T21:00:00Z,OTHER,GAS COGEN,32.57784336513943,58
2026-08-09T21:00:00Z,OTHER,OIL/GAS,42.39631560007731,53
2026-08-09T21:00:00Z,OTHER,WOOD/REFUSE,74.46157635582819,149
2026-08-09T21:00:00Z,SOLAR,SOLAR,1537.3100344626275,1870
2026-08-09T21:00:00Z,WIND,WIND,84.59537647409985,5684
2026-08-09T22:00:00Z,ENERGY STORAGE,ENERGY STORAGE,-1.6999999284744265,270
2026-08-09T22:00:00Z,GAS,COGENERATION,4239.159178214073,6122
2026-08-09T22:00:00Z,GAS,COMBINED CYCLE,3319.862800302373,3974
2026-08-09T22:00:00Z,GAS,GAS FIRED STEAM,1206.625923292372,3078
2026-08-09T22:00:00Z,GAS,SIMPLE CYCLE,153.23307487547396,1014
2026-08-09T22:00:00Z,HYDRO,HYDRO,349.1001524555683,896
2026-08-09T22:00:00Z,OTHER,BIOMASS,109.03205362002055,195
2026-08-09T22:00:00Z,OTHER,COMPOSITE,0,20
2026-08-09T22:00:00Z,OTHER,GAS,1.9999510049819944,10
2026-08-09T22:00:00Z,OTHER,GAS COGEN,32.52823423968421,58
2026-08-09T22:00:00Z,OTHER,OIL/GAS,42.484921595255535,53
2026-08-09T22:00:00Z,OTHER,WOOD/REFUSE,76.1370152621799,149
2026-08-09T22:00:00Z,SOLAR,SOLAR,1342.5590602995953,1870
2026-08-09T22:00:00Z,WIND,WIND,122.65069265678939,5684
2026-08-09T23:00:00Z,ENERGY STORAGE,ENERGY STORAGE,-1.6999999284744265,270
2026-08-09T23:00:00Z,GAS,COGENERATION,4231.4366734817295,6122
2026-08-09T23:00:00Z,GAS,COMBINED CYCLE,3326.7840198857257,3974
2026-08-09T23:00:00Z,GAS,GAS FIRED STEAM,1252.2697027926974,3078
2026-08-09T23:00:00Z,GAS,SIMPLE CYCLE,301.6767682615916,1014
2026-08-09T23:00:00Z,HYDRO,HYDRO,383.41491648978655,896
2026-08-09T23:00:00Z,OTHER,BIOMASS,113.48499750402239,195
2026-08-09T23:00:00Z,OTHER,COMPOSITE,0,20
2026-08-09T23:00:00Z,OTHER,GAS,1.9999510049819944,10
2026-08-09T23:00:00Z,OTHER,GAS COGEN,32.591815955373974,58
2026-08-09T23:00:00Z,OTHER,OIL/GAS,42.24987119462755,53
2026-08-09T23:00:00Z,OTHER,WOOD/REFUSE,77.21442451900906,149
2026-08-09T23:00:00Z,SOLAR,SOLAR,1065.6279295355744,1870
2026-08-09T23:00:00Z,WIND,WIND,179.2115609487146,5684
2026-08-10T00:00:00Z,ENERGY STORAGE,ENERGY STORAGE,-1.78955550538169,270
2026-08-10T00:00:00Z,GAS,COGENERATION,4253.090665858057,6122
2026-08-10T00:00:00Z,GAS,COMBINED CYCLE,3317.3657785369287,3974
2026-08-10T00:00:00Z,GAS,GAS FIRED STEAM,1252.204372812907,3078
2026-08-10T00:00:00Z,GAS,SIMPLE CYCLE,293.90565736740825,1014
2026-08-10T00:00:00Z,HYDRO,HYDRO,453.2750388677501,896
2026-08-10T00:00:00Z,OTHER,BIOMASS,114.26055304540529,195
2026-08-10T00:00:00Z,OTHER,COMPOSITE,0.33088887257708444,20
2026-08-10T00:00:00Z,OTHER,GAS,1.9999510049819944,10
2026-08-10T00:00:00Z,OTHER,GAS COGEN,32.62429661750794,58
2026-08-10T00:00:00Z,OTHER,OIL/GAS,43.47808226267497,53
2026-08-10T00:00:00Z,OTHER,WOOD/REFUSE,82.571999007331,149
2026-08-10T00:00:00Z,SOLAR,SOLAR,672.3558489864403,1870
2026-08-10T00:00:00Z,WIND,WIND,212.39469657552326,5684
2026-08-10T01:00:00Z,ENERGY STORAGE,ENERGY STORAGE,-1.7999999523162842,270
2026-08-10T01:00:00Z,GAS,COGENERATION,4264.562160639763,6122
2026-08-10T01:00:00Z,GAS,COMBINED CYCLE,3306.0083445839086,3974
2026-08-10T01:00:00Z,GAS,GAS FIRED STEAM,1274.7490331861707,3078
2026-08-10T01:00:00Z,GAS,SIMPLE CYCLE,301.62216180458665,1014
2026-08-10T01:00:00Z,HYDRO,HYDRO,372.9021460211277,896
2026-08-10T01:00:00Z,OTHER,BIOMASS,112.54533123943541,195
2026-08-10T01:00:00Z,OTHER,COMPOSITE,12.415111097229852,20
2026-08-10T01:00:00Z,OTHER,GAS,1.9999510049819944,10
2026-08-10T01:00:00Z,OTHER,GAS COGEN,32.6266467221578,58
2026-08-10T01:00:00Z,OTHER,OIL/GAS,43.0896042781406,53
2026-08-10T01:00:00Z,OTHER,WOOD/REFUSE,83.1095039621989,149
2026-08-10T01:00:00Z,SOLAR,SOLAR,259.07784703082507,1870
2026-08-10T01:00:00Z,WIND,WIND,274.82457662016157,5684
2026-08-10T02:00:00Z,ENERGY STORAGE,ENERGY STORAGE,-1.7999999523162842,270
2026-08-10T02:00:00Z,GAS,COGENERATION,4302.447294457754,6122
2026-08-10T02:00:00Z,GAS,COMBINED CYCLE,3314.1619710787136,3974
2026-08-10T02:00:00Z,GAS,GAS FIRED STEAM,1277.2332589382595,3078
2026-08-10T02:00:00Z,GAS,SIMPLE CYCLE,394.46623307492996,1014
2026-08-10T02:00:00Z,HYDRO,HYDRO,393.8149798436463,896
2026-08-10T02:00:00Z,OTHER,BIOMASS,122.64225851681498,195
2026-08-10T02:00:00Z,OTHER,COMPOSITE,0.5130000038941701,20
2026-08-10T02:00:00Z,OTHER,GAS,1.9999510049819944,10
2026-08-10T02:00:00Z,OTHER,GAS COGEN,32.62810124291314,58
2026-08-10T02:00:00Z,OTHER,OIL/GAS,42.90624339633518,53
2026-08-10T02:00:00Z,OTHER,WOOD/REFUSE,85.79122443728977,149
2026-08-10T02:00:00Z,SOLAR,SOLAR,53.47476523611281,1870
2026-08-10T02:00:00Z,WIND,WIND,443.6337188223211,5684
2026-08-10T03:00:00Z,ENERGY STORAGE,ENERGY STORAGE,-1.199777746167448,270
2026-08-10T03:00:00Z,GAS,COGENERATION,4291.6820827542415,6122
2026-08-10T03:00:00Z,GAS,COMBINED CYCLE,3322.785992711915,3974
2026-08-10T03:00:00Z,GAS,GAS FIRED STEAM,1270.5567012871636,3078
2026-08-10T03:00:00Z,GAS,SIMPLE CYCLE,316.1114309872107,1014
2026-08-10T03:00:00Z,HYDRO,HYDRO,317.5373716451062,896
2026-08-10T03:00:00Z,OTHER,BIOMASS,122.07671951823765,195
2026-08-10T03:00:00Z,OTHER,COMPOSITE,0,20
2026-08-10T03:00:00Z,OTHER,GAS,1.9999510049819944,10
2026-08-10T03:00:00Z,OTHER,GAS COGEN,32.59512772772047,58
2026-08-10T03:00:00Z,OTHER,OIL/GAS,41.04126578013102,53
2026-08-10T03:00:00Z,OTHER,WOOD/REFUSE,85.78457870059543,149
2026-08-10T03:00:00Z,SOLAR,SOLAR,0.36725261792540553,1870
2026-08-10T03:00:00Z,WIND,WIND,679.9514277112526,5684
2026-08-10T04:00:00Z,ENERGY STORAGE,ENERGY STORAGE,0,270
2026-08-10T04:00:00Z,GAS,COGENERATION,4309.396312638919,6122
2026-08-10T04:00:00Z,GAS,COMBINED CYCLE,3280.15418730855,3974
2026-08-10T04:00:00Z,GAS,GAS FIRED STEAM,1108.3937580490112,3078
2026-08-10T04:00:00Z,GAS,SIMPLE CYCLE,139.42692746039893,1014
2026-08-10T04:00:00Z,HYDRO,HYDRO,239.1170328911808,896
2026-08-10T04:00:00Z,OTHER,BIOMASS,120.60543105264505,195
2026-08-10T04:00:00Z,OTHER,COMPOSITE,0,20
2026-08-10T04:00:00Z,OTHER,GAS,1.9999510049819944,10
2026-08-10T04:00:00Z,OTHER,GAS COGEN,32.63597174114651,58
2026-08-10T04:00:00Z,OTHER,OIL/GAS,40.9972094239129,53
2026-08-10T04:00:00Z,OTHER,WOOD/REFUSE,83.7881126276652,149
2026-08-10T04:00:00Z,SOLAR,SOLAR,0.20000000298023224,1870
2026-08-10T04:00:00Z,WIND,WIND,939.2007606785744,5684
2026-08-10T05:00:00Z,ENERGY STORAGE,ENERGY STORAGE,0,270
2026-08-10T05:00:00Z,GAS,COGENERATION,4337.608463023504,6122
2026-08-10T05:00:00Z,GAS,COMBINED CYCLE,3229.6547843027115,3974
2026-08-10T05:00:00Z,GAS,GAS FIRED STEAM,1048.9688756434123,3078
2026-08-10T05:00:00Z,GAS,SIMPLE CYCLE,94.83861062823071,1014
2026-08-10T05:00:00Z,HYDRO,HYDRO,209.16795260098246,896
2026-08-10T05:00:00Z,OTHER,BIOMASS,115.22121970693271,195
2026-08-10T05:00:00Z,OTHER,COMPOSITE,0,20
2026-08-10T05:00:00Z,OTHER,GAS,1.9999510049819944,10
2026-08-10T05:00:00Z,OTHER,GAS COGEN,32.61482234319051,58
2026-08-10T05:00:00Z,OTHER,OIL/GAS,41.09333814832899,53
2026-08-10T05:00:00Z,OTHER,WOOD/REFUSE,84.35144174787733,149
2026-08-10T05:00:00Z,SOLAR,SOLAR,0.20000000298023224,1870
2026-08-10T05:00:00Z,WIND,WIND,1051.062170095485,5684
2026-08-10T06:00:00Z,ENERGY STORAGE,ENERGY STORAGE,-5.264055376417107,270
2026-08-10T06:00:00Z,GAS,COGENERATION,4332.113360065619,6122
2026-08-10T06:00:00Z,GAS,COMBINED CYCLE,3076.715117319822,3974
2026-08-10T06:00:00Z,GAS,GAS FIRED STEAM,928.4631521224976,3078
2026-08-10T06:00:00Z,GAS,SIMPLE CYCLE,73.01072196048167,1014
2026-08-10T06:00:00Z,HYDRO,HYDRO,205.57548214248484,896
2026-08-10T06:00:00Z,OTHER,BIOMASS,111.93788724157545,195
2026-08-10T06:00:00Z,OTHER,COMPOSITE,0,20
2026-08-10T06:00:00Z,OTHER,GAS,1.9999510049819944,10
2026-08-10T06:00:00Z,OTHER,GAS COGEN,32.49665451685588,58
2026-08-10T06:00:00Z,OTHER,OIL/GAS,41.580726290808784,53
2026-08-10T06:00:00Z,OTHER,WOOD/REFUSE,78.6727592976888,149
2026-08-10T06:00:00Z,SOLAR,SOLAR,0.20000000298023224,1870
2026-08-10T06:00:00Z,WIND,WIND,1039.4535443169457,5684
2026-08-10T07:00:00Z,ENERGY STORAGE,ENERGY STORAGE,-8.947166350343162,270
2026-08-10T07:00:00Z,GAS,COGENERATION,4371.630215739409,6122
2026-08-10T07:00:00Z,GAS,COMBINED CYCLE,3011.831540537675,3974
2026-08-10T07:00:00Z,GAS,GAS FIRED STEAM,913.269819899665,3078
2026-08-10T07:00:00Z,GAS,SIMPLE CYCLE,69.64116478919982,1014
2026-08-10T07:00:00Z,HYDRO,HYDRO,170.94763386838966,896
2026-08-10T07:00:00Z,OTHER,BIOMASS,114.1574981488122,195
2026-08-10T07:00:00Z,OTHER,COMPOSITE,0,20
2026-08-10T07:00:00Z,OTHER,GAS,1.9999510049819944,10
2026-08-10T07:00:00Z,OTHER,GAS COGEN,32.497681881586715,58
2026-08-10T07:00:00Z,OTHER,OIL/GAS,43.07066568162706,53
2026-08-10T07:00:00Z,OTHER,WOOD/REFUSE,76.01152939266629,149
2026-08-10T07:00:00Z,SOLAR,SOLAR,0.20000000298023224,1870
2026-08-10T07:00:00Z,WIND,WIND,1015.0661788034025,5684
2026-08-10T08:00:00Z,ENERGY STORAGE,ENERGY STORAGE,-3.230944325907363,270
2026-08-10T08:00:00Z,GAS,COGENERATION,4283.835826266872,6122
2026-08-10T08:00:00Z,GAS,COMBINED CYCLE,2865.0111112307177,3974
2026-08-10T08:00:00Z,GAS,GAS FIRED STEAM,711.9133206558228,3078
2026-08-10T08:00:00Z,GAS,SIMPLE CYCLE,69.62605459637112,1014
2026-08-10T08:00:00Z,HYDRO,HYDRO,192.63045932622418,896
2026-08-10T08:00:00Z,OTHER,BIOMASS,115.39621245225271,195
2026-08-10T08:00:00Z,OTHER,COMPOSITE,0,20
2026-08-10T08:00:00Z,OTHER,GAS,1.9999510049819944,10
2026-08-10T08:00:00Z,OTHER,GAS COGEN,32.53998767164018,58
2026-08-10T08:00:00Z,OTHER,OIL/GAS,43.309682534535725,53
2026-08-10T08:00:00Z,OTHER,WOOD/REFUSE,76.23907754686144,149
2026-08-10T08:00:00Z,SOLAR,SOLAR,0.20000000298023224,1870
2026-08-10T08:00:00Z,WIND,WIND,1360.6673718490533,5684
2026-08-10T09:00:00Z,ENERGY STORAGE,ENERGY STORAGE,0,270
2026-08-10T09:00:00Z,GAS,COGENERATION,4231.736790656513,6122
2026-08-10T09:00:00Z,GAS,COMBINED CYCLE,2855.8008943275613,3974
2026-08-10T09:00:00Z,GAS,GAS FIRED STEAM,709.1742676798502,3078
2026-08-10T09:00:00Z,GAS,SIMPLE CYCLE,69.49472191280789,1014
2026-08-10T09:00:00Z,HYDRO,HYDRO,181.41217831308643,896
2026-08-10T09:00:00Z,OTHER,BIOMASS,113.55678812185924,195
2026-08-10T09:00:00Z,OTHER,COMPOSITE,0,20
2026-08-10T09:00:00Z,OTHER,GAS,1.9999510049819944,10
2026-08-10T09:00:00Z,OTHER,GAS COGEN,32.52623125288221,58
2026-08-10T09:00:00Z,OTHER,OIL/GAS,42.847149753570555,53
2026-08-10T09:00:00Z,OTHER,WOOD/REFUSE,76.04971907721625,149
2026-08-10T09:00:00Z,SOLAR,SOLAR,0.20000000298023224,1870
2026-08-10T09:00:00Z,WIND,WIND,1384.8587516859918,5684
2026-08-10T10:00:00Z,ENERGY STORAGE,ENERGY STORAGE,0,270
2026-08-10T10:00:00Z,GAS,COGENERATION,4339.745872315764,6122
2026-08-10T10:00:00Z,GAS,COMBINED CYCLE,2870.7261707860894,3974
2026-08-10T10:00:00Z,GAS,GAS FIRED STEAM,721.295877655877,3078
2026-08-10T10:00:00Z,GAS,SIMPLE CYCLE,69.93894391059875,1014
2026-08-10T10:00:00Z,HYDRO,HYDRO,185.64369227909378,896
2026-08-10T10:00:00Z,OTHER,BIOMASS,113.12512890444862,195
2026-08-10T10:00:00Z,OTHER,COMPOSITE,0,20
2026-08-10T10:00:00Z,OTHER,GAS,1.9999510049819944,10
2026-08-10T10:00:00Z,OTHER,GAS COGEN,32.50981883049011,58
2026-08-10T10:00:00Z,OTHER,OIL/GAS,43.017343061235216,53
2026-08-10T10:00:00Z,OTHER,WOOD/REFUSE,75.84264148712158,149
2026-08-10T10:00:00Z,SOLAR,SOLAR,0.20000000298023224,1870
2026-08-10T10:00:00Z,WIND,WIND,1282.5694148384655,5684
2026-08-10T11:00:00Z,ENERGY STORAGE,ENERGY STORAGE,0,270
2026-08-10T11:00:00Z,GAS,COGENERATION,4394.777943180535,6122
2026-08-10T11:00:00Z,GAS,COMBINED CYCLE,2991.6749533474444,3974
2026-08-10T11:00:00Z,GAS,GAS FIRED STEAM,726.2120455975004,3078
2026-08-10T11:00:00Z,GAS,SIMPLE CYCLE,69.50394437366062,1014
2026-08-10T11:00:00Z,HYDRO,HYDRO,186.46687814028726,896
2026-08-10T11:00:00Z,OTHER,BIOMASS,114.54218431472778,195
2026-08-10T11:00:00Z,OTHER,COMPOSITE,0,20
2026-08-10T11:00:00Z,OTHER,GAS,1.9999510049819944,10
2026-08-10T11:00:00Z,OTHER,GAS COGEN,32.464424291186866,58
2026-08-10T11:00:00Z,OTHER,OIL/GAS,42.39977602005005,53
2026-08-10T11:00:00Z,OTHER,WOOD/REFUSE,75.89617402818467,149
2026-08-10T11:00:00Z,SOLAR,SOLAR,0.20000000298023224,1870
2026-08-10T11:00:00Z,WIND,WIND,1299.6778482994603,5684
2026-08-10T12:00:00Z,ENERGY STORAGE,ENERGY STORAGE,0,270
2026-08-10T12:00:00Z,GAS,COGENERATION,4328.574248364237,6122
2026-08-10T12:00:00Z,GAS,COMBINED CYCLE,2897.800689658589,3974
2026-08-10T12:00:00Z,GAS,GAS FIRED STEAM,728.2219904327392,3078
2026-08-10T12:00:00Z,GAS,SIMPLE CYCLE,73.11016618622673,1014
2026-08-10T12:00:00Z,HYDRO,HYDRO,206.80581362153092,896
2026-08-10T12:00:00Z,OTHER,BIOMASS,113.78557331403097,195
2026-08-10T12:00:00Z,OTHER,COMPOSITE,0,20
2026-08-10T12:00:00Z,OTHER,GAS,1.9999510049819944,10
2026-08-10T12:00:00Z,OTHER,GAS COGEN,32.48568544599745,58
2026-08-10T12:00:00Z,OTHER,OIL/GAS,42.48153200785319,53
2026-08-10T12:00:00Z,OTHER,WOOD/REFUSE,75.71764132605658,149
2026-08-10T12:00:00Z,SOLAR,SOLAR,4.870666580448548,1870
2026-08-10T12:00:00Z,WIND,WIND,1431.6409573532103,5684
2026-08-10T13:00:00Z,ENERGY STORAGE,ENERGY STORAGE,0,270
2026-08-10T13:00:00Z,GAS,COGENERATION,4358.800431213114,6122
2026-08-10T13:00:00Z,GAS,COMBINED CYCLE,3018.046137858497,3974
2026-08-10T13:00:00Z,GAS,GAS FIRED STEAM,750.1280452897813,3078
2026-08-10T13:00:00Z,GAS,SIMPLE CYCLE,72.32060932488905,1014
2026-08-10T13:00:00Z,HYDRO,HYDRO,281.9533224396573,896
2026-08-10T13:00:00Z,OTHER,BIOMASS,110.37419331444634,195
2026-08-10T13:00:00Z,OTHER,COMPOSITE,0,20
2026-08-10T13:00:00Z,OTHER,GAS,1.9999510049819944,10
2026-08-10T13:00:00Z,OTHER,GAS COGEN,32.53633951187133,58
2026-08-10T13:00:00Z,OTHER,OIL/GAS,42.03400415420532,53
2026-08-10T13:00:00Z,OTHER,WOOD/REFUSE,76.09448801252577,149
2026-08-10T13:00:00Z,SOLAR,SOLAR,125.15184395265662,1870
2026-08-10T13:00:00Z,WIND,WIND,1269.5521194737942,5684
2026-08-10T14:00:00Z,ENERGY STORAGE,ENERGY STORAGE,0,270
2026-08-10T14:00:00Z,GAS,COGENERATION,4334.79675603297,6122
2026-08-10T14:00:00Z,GAS,COMBINED CYCLE,3094.4559660641353,3974
2026-08-10T14:00:00Z,GAS,GAS FIRED STEAM,940.5424298095703,3078
2026-08-10T14:00:00Z,GAS,SIMPLE CYCLE,86.92010888256961,1014
2026-08-10T14:00:00Z,HYDRO,HYDRO,256.09900020905667,896
2026-08-10T14:00:00Z,OTHER,BIOMASS,110.20627596590253,195
2026-08-10T14:00:00Z,OTHER,COMPOSITE,0,20
2026-08-10T14:00:00Z,OTHER,GAS,1.9999510049819944,10
2026-08-10T14:00:00Z,OTHER,GAS COGEN,32.5902013736301,58
2026-08-10T14:00:00Z,OTHER,OIL/GAS,42.513965888553194,53
2026-08-10T14:00:00Z,OTHER,WOOD/REFUSE,76.02091340806749,149
2026-08-10T14:00:00Z,SOLAR,SOLAR,418.00613970137306,1870
2026-08-10T14:00:00Z,WIND,WIND,895.8880599426685,5684
2026-08-10T15:00:00Z,ENERGY STORAGE,ENERGY STORAGE,0,270
2026-08-10T15:00:00Z,GAS,COGENERATION,4329.439070702129,6122
2026-08-10T15:00:00Z,GAS,COMBINED CYCLE,3151.3736797889073,3974
2026-08-10T15:00:00Z,GAS,GAS FIRED STEAM,899.9892092259724,3078
2026-08-10T15:00:00Z,GAS,SIMPLE CYCLE,90.773887330691025,1014
2026-08-10T15:00:00Z,HYDRO,HYDRO,244.6078100853579,896
2026-08-10T15:00:00Z,OTHER,BIOMASS,107.84927589522468,195
2026-08-10T15:00:00Z,OTHER,COMPOSITE,0,20
2026-08-10T15:00:00Z,OTHER,GAS,1.9999510049819944,10
2026-08-10T15:00:00Z,OTHER,GAS COGEN,31.675408260557383,58
2026-08-10T15:00:00Z,OTHER,OIL/GAS,42.30933251274956,53
2026-08-10T15:00:00Z,OTHER,WOOD/REFUSE,75.16068812052409,149
2026-08-10T15:00:00Z,SOLAR,SOLAR,880.8485193335017,1870
2026-08-10T15:00:00Z,WIND,WIND,563.0407886701615,5684
2026-08-10T16:00:00Z,ENERGY STORAGE,ENERGY STORAGE,0,270
2026-08-10T16:00:00Z,GAS,COGENERATION,4301.236766316824,6122
2026-08-10T16:00:00Z,GAS,COMBINED CYCLE,3232.0251673628222,3974
2026-08-10T16:00:00Z,GAS,GAS FIRED STEAM,922.0526520453559,3078
2026-08-10T16:00:00Z,GAS,SIMPLE CYCLE,92.3923311026891,1014
2026-08-10T16:00:00Z,HYDRO,HYDRO,256.8903971333802,896
2026-08-10T16:00:00Z,OTHER,BIOMASS,106.59977579540677,195
2026-08-10T16:00:00Z,OTHER,COMPOSITE,0,20
2026-08-10T16:00:00Z,OTHER,GAS,1.9999510049819944,10
2026-08-10T16:00:00Z,OTHER,GAS COGEN,31.469662852817113,58
2026-08-10T16:00:00Z,OTHER,OIL/GAS,42.31195981767443,53
2026-08-10T16:00:00Z,OTHER,WOOD/REFUSE,76.96349419063992,149
2026-08-10T16:00:00Z,SOLAR,SOLAR,1188.9475061182347,1870
2026-08-10T16:00:00Z,WIND,WIND,410.6026468783493,5684
2026-08-10T17:00:00Z,ENERGY STORAGE,ENERGY STORAGE,0,270
2026-08-10T17:00:00Z,GAS,COGENERATION,4272.203501097759,6122
2026-08-10T17:00:00Z,GAS,COMBINED CYCLE,3246.5985143048233,3974
2026-08-10T17:00:00Z,GAS,GAS FIRED STEAM,976.4906541962094,3078
2026-08-10T17:00:00Z,GAS,SIMPLE CYCLE,94.51872039530012,1014
2026-08-10T17:00:00Z,HYDRO,HYDRO,275.6011929523945,896
2026-08-10T17:00:00Z,OTHER,BIOMASS,106.51394210762449,195
2026-08-10T17:00:00Z,OTHER,COMPOSITE,0,20
2026-08-10T17:00:00Z,OTHER,GAS,1.9999510049819944,10
2026-08-10T17:00:00Z,OTHER,GAS COGEN,31.693068358103435,58
2026-08-10T17:00:00Z,OTHER,OIL/GAS,42.55825471878052,53
2026-08-10T17:00:00Z,OTHER,WOOD/REFUSE,79.6354958513048,149
2026-08-10T17:00:00Z,SOLAR,SOLAR,1271.560289987425,1870
2026-08-10T17:00:00Z,WIND,WIND,480.57303606915804,5684
2026-08-10T18:00:00Z,ENERGY STORAGE,ENERGY STORAGE,0,270
2026-08-10T18:00:00Z,GAS,COGENERATION,4277.614613327185,6122
2026-08-10T18:00:00Z,GAS,COMBINED CYCLE,3293.4037156855397,3974
2026-08-10T18:00:00Z,GAS,GAS FIRED STEAM,1119.7379265149434,3078
2026-08-10T18:00:00Z,GAS,SIMPLE CYCLE,100.57544260078006,1014
2026-08-10T18:00:00Z,HYDRO,HYDRO,270.19300303286974,896
2026-08-10T18:00:00Z,OTHER,BIOMASS,105.40033167521159,195
2026-08-10T18:00:00Z,OTHER,COMPOSITE,0,20
2026-08-10T18:00:00Z,OTHER,GAS,1.9999510049819944,10
2026-08-10T18:00:00Z,OTHER,GAS COGEN,31.530061219003468,58
2026-08-10T18:00:00Z,OTHER,OIL/GAS,42.08692660649618,53
2026-08-10T18:00:00Z,OTHER,WOOD/REFUSE,81.39611879136827,149
2026-08-10T18:00:00Z,SOLAR,SOLAR,1351.8668342831068,1870
2026-08-10T18:00:00Z,WIND,WIND,456.25072536491683,5684
2026-08-10T19:00:00Z,ENERGY STORAGE,ENERGY STORAGE,0,270
2026-08-10T19:00:00Z,GAS,COGENERATION,4266.7493245564565,6122
2026-08-10T19:00:00Z,GAS,COMBINED CYCLE,3326.5553618970184,3974
2026-08-10T19:00:00Z,GAS,GAS FIRED STEAM,1130.1940394126045,3078
2026-08-10T19:00:00Z,GAS,SIMPLE CYCLE,104.93299815071954,1014
2026-08-10T19:00:00Z,HYDRO,HYDRO,279.1315647330549,896
2026-08-10T19:00:00Z,OTHER,BIOMASS,105.67827622890472,195
2026-08-10T19:00:00Z,OTHER,COMPOSITE,0,20
2026-08-10T19:00:00Z,OTHER,GAS,2.1307843695084254,10
2026-08-10T19:00:00Z,OTHER,GAS COGEN,31.554027619361882,58
2026-08-10T19:00:00Z,OTHER,OIL/GAS,41.43036617279053,53
2026-08-10T19:00:00Z,OTHER,WOOD/REFUSE,82.0928126780192,149
2026-08-10T19:00:00Z,SOLAR,SOLAR,1362.828383060876,1870
2026-08-10T19:00:00Z,WIND,WIND,452.89904805656937,5684
2026-08-10T20:00:00Z,ENERGY STORAGE,ENERGY STORAGE,0,270
2026-08-10T20:00:00Z,GAS,COGENERATION,4250.608936255243,6122
2026-08-10T20:00:00Z,GAS,COMBINED CYCLE,3362.4234405748048,3974
2026-08-10T20:00:00Z,GAS,GAS FIRED STEAM,1222.0957602698272,3078
2026-08-10T20:00:00Z,GAS,SIMPLE CYCLE,107.22071994569566,1014
2026-08-10T20:00:00Z,HYDRO,HYDRO,302.3459903385904,896
2026-08-10T20:00:00Z,OTHER,BIOMASS,107.2014978175693,195
2026-08-10T20:00:00Z,OTHER,COMPOSITE,0,20
2026-08-10T20:00:00Z,OTHER,GAS,2.122451024254163,10
2026-08-10T20:00:00Z,OTHER,GAS COGEN,31.59236429055532,58
2026-08-10T20:00:00Z,OTHER,OIL/GAS,42.7107164700826,53
2026-08-10T20:00:00Z,OTHER,WOOD/REFUSE,82.16524899376763,149
2026-08-10T20:00:00Z,SOLAR,SOLAR,1364.5767765771018,1870
2026-08-10T20:00:00Z,WIND,WIND,454.61296993703894,5684
2026-08-10T21:00:00Z,ENERGY STORAGE,ENERGY STORAGE,0,270
2026-08-10T21:00:00Z,GAS,COGENERATION,4242.187660212517,6122
2026-08-10T21:00:00Z,GAS,COMBINED CYCLE,3399.169996231662,3974
2026-08-10T21:00:00Z,GAS,GAS FIRED STEAM,1312.6675880177816,3078
2026-08-10T21:00:00Z,GAS,SIMPLE CYCLE,147.76385242746937,1014
2026-08-10T21:00:00Z,HYDRO,HYDRO,351.974726813717,896
2026-08-10T21:00:00Z,OTHER,BIOMASS,106.69660949336158,195
2026-08-10T21:00:00Z,OTHER,COMPOSITE,0,20
2026-08-10T21:00:00Z,OTHER,GAS,1.9999510049819944,10
2026-08-10T21:00:00Z,OTHER,GAS COGEN,31.448027395142446,58
2026-08-10T21:00:00Z,OTHER,OIL/GAS,42.64737744649251,53
2026-08-10T21:00:00Z,OTHER,WOOD/REFUSE,82.22466414557563,149
2026-08-10T21:00:00Z,SOLAR,SOLAR,1218.6324722679788,1870
2026-08-10T21:00:00Z,WIND,WIND,415.9323461240944,5684
2026-08-10T22:00:00Z,ENERGY STORAGE,ENERGY STORAGE,1.0695555338263512,270
2026-08-10T22:00:00Z,GAS,COGENERATION,4246.537058498594,6122
2026-08-10T22:00:00Z,GAS,COMBINED CYCLE,3336.8476444138423,3974
2026-08-10T22:00:00Z,GAS,GAS FIRED STEAM,1371.6900332397884,3078
2026-08-10T22:00:00Z,GAS,SIMPLE CYCLE,306.76214224366674,1014
2026-08-10T22:00:00Z,HYDRO,HYDRO,401.0713855097029,896
2026-08-10T22:00:00Z,OTHER,BIOMASS,105.72988679965337,195
2026-08-10T22:00:00Z,OTHER,COMPOSITE,0,20
2026-08-10T22:00:00Z,OTHER,GAS,1.6355065597428216,10
2026-08-10T22:00:00Z,OTHER,GAS COGEN,31.41028382778168,58
2026-08-10T22:00:00Z,OTHER,OIL/GAS,42.590649592081704,53
2026-08-10T22:00:00Z,OTHER,WOOD/REFUSE,85.30632872263591,149
2026-08-10T22:00:00Z,SOLAR,SOLAR,1008.9931426207555,1870
2026-08-10T22:00:00Z,WIND,WIND,315.90499554189955,5684
2026-08-10T23:00:00Z,ENERGY STORAGE,ENERGY STORAGE,10.526166543749472,270
2026-08-10T23:00:00Z,GAS,COGENERATION,4283.562504239745,6122
2026-08-10T23:00:00Z,GAS,COMBINED CYCLE,3167.116965661049,3974
2026-08-10T23:00:00Z,GAS,GAS FIRED STEAM,1462.3847021749284,3078
2026-08-10T23:00:00Z,GAS,SIMPLE CYCLE,396.5690731252068,1014
2026-08-10T23:00:00Z,HYDRO,HYDRO,451.9671587291608,896
2026-08-10T23:00:00Z,OTHER,BIOMASS,112.88933050539758,195
2026-08-10T23:00:00Z,OTHER,COMPOSITE,0,20
2026-08-10T23:00:00Z,OTHER,GAS,1.57106211649047,10
2026-08-10T23:00:00Z,OTHER,GAS COGEN,31.603441689809163,58
2026-08-10T23:00:00Z,OTHER,OIL/GAS,41.45461530685425,53
2026-08-10T23:00:00Z,OTHER,WOOD/REFUSE,90.3432780541314,149
2026-08-10T23:00:00Z,SOLAR,SOLAR,752.9747796637979,1870
2026-08-10T23:00:00Z,WIND,WIND,363.12350191572887,5684
2026-08-11T00:00:00Z,ENERGY STORAGE,ENERGY STORAGE,-6.299999892711639,270
2026-08-11T00:00:00Z,GAS,COGENERATION,4275.50693263087,6122
2026-08-11T00:00:00Z,GAS,COMBINED CYCLE,3193.934883119265,3974
2026-08-11T00:00:00Z,GAS,GAS FIRED STEAM,1440.66481227941,3078
2026-08-11T00:00:00Z,GAS,SIMPLE CYCLE,460.10237486809496,1014
2026-08-11T00:00:00Z,HYDRO,HYDRO,341.59871976556053,896
2026-08-11T00:00:00Z,OTHER,BIOMASS,119.06712015517884,195
2026-08-11T00:00:00Z,OTHER,COMPOSITE,0,20
2026-08-11T00:00:00Z,OTHER,GAS,1.9999510049819944,10
2026-08-11T00:00:00Z,OTHER,GAS COGEN,31.13953176445431,58
2026-08-11T00:00:00Z,OTHER,OIL/GAS,40.28454882939656,53
2026-08-11T00:00:00Z,OTHER,WOOD/REFUSE,88.26956999037,149
2026-08-11T00:00:00Z,SOLAR,SOLAR,375.21830044971574,1870
2026-08-11T00:00:00Z,WIND,WIND,593.7869127414375,5684
2026-08-11T01:00:00Z,ENERGY STORAGE,ENERGY STORAGE,-1.663555526998308,270
2026-08-11T01:00:00Z,GAS,COGENERATION,4269.167136134572,6122
2026-08-11T01:00:00Z,GAS,COMBINED CYCLE,3269.6420983703933,3974
2026-08-11T01:00:00Z,GAS,GAS FIRED STEAM,1191.772318473392,3078
2026-08-11T01:00:00Z,GAS,SIMPLE CYCLE,282.30963004507123,1014
2026-08-11T01:00:00Z,HYDRO,HYDRO,280.8816118676795,896
2026-08-11T01:00:00Z,OTHER,BIOMASS,113.41686942358811,195
2026-08-11T01:00:00Z,OTHER,COMPOSITE,12.016777474549082,20
2026-08-11T01:00:00Z,OTHER,GAS,1.9999510049819944,10
2026-08-11T01:00:00Z,OTHER,GAS COGEN,31.523857251273263,58
2026-08-11T01:00:00Z,OTHER,OIL/GAS,42.20378218332927,53
2026-08-11T01:00:00Z,OTHER,WOOD/REFUSE,81.94768330468072,149
2026-08-11T01:00:00Z,SOLAR,SOLAR,135.16721534760876,1870
2026-08-11T01:00:00Z,WIND,WIND,902.1652390558789,5684
2026-08-11T02:00:00Z,ENERGY STORAGE,ENERGY STORAGE,0,270
2026-08-11T02:00:00Z,GAS,COGENERATION,4244.006637908088,6122
2026-08-11T02:00:00Z,GAS,COMBINED CYCLE,3241.8159182482295,3974
2026-08-11T02:00:00Z,GAS,GAS FIRED STEAM,870.6094319661458,3078
2026-08-11T02:00:00Z,GAS,SIMPLE CYCLE,218.5547731157144,1014
2026-08-11T02:00:00Z,HYDRO,HYDRO,292.3612000833617,896
2026-08-11T02:00:00Z,OTHER,BIOMASS,109.47699748343891,195
2026-08-11T02:00:00Z,OTHER,COMPOSITE,0.6235555436876085,20
2026-08-11T02:00:00Z,OTHER,GAS,1.9999510049819944,10
2026-08-11T02:00:00Z,OTHER,GAS COGEN,31.70285542170207,58
2026-08-11T02:00:00Z,OTHER,OIL/GAS,41.73159830305311,53
2026-08-11T02:00:00Z,OTHER,WOOD/REFUSE,81.54381693522136,149
2026-08-11T02:00:00Z,SOLAR,SOLAR,12.886066054498984,1870
2026-08-11T02:00:00Z,WIND,WIND,1392.7272116402557,5684
2026-08-11T03:00:00Z,ENERGY STORAGE,ENERGY STORAGE,0,270
2026-08-11T03:00:00Z,GAS,COGENERATION,4261.262815415064,6122
2026-08-11T03:00:00Z,GAS,COMBINED CYCLE,3179.135544084443,3974
2026-08-11T03:00:00Z,GAS,GAS FIRED STEAM,800.8705428949993,3078
2026-08-11T03:00:00Z,GAS,SIMPLE CYCLE,185.77933022684522,1014
2026-08-11T03:00:00Z,HYDRO,HYDRO,298.88204786032435,896
2026-08-11T03:00:00Z,OTHER,BIOMASS,106.33583089722528,195
2026-08-11T03:00:00Z,OTHER,COMPOSITE,0,20
2026-08-11T03:00:00Z,OTHER,GAS,1.9999510049819944,10
2026-08-11T03:00:00Z,OTHER,GAS COGEN,31.820917110443116,58
2026-08-11T03:00:00Z,OTHER,OIL/GAS,41.921932771470814,53
2026-08-11T03:00:00Z,OTHER,WOOD/REFUSE,81.14149282667373,149
2026-08-11T03:00:00Z,SOLAR,SOLAR,0.20000000298023224,1870
2026-08-11T03:00:00Z,WIND,WIND,1538.8235841720468,5684
2026-08-11T04:00:00Z,ENERGY STORAGE,ENERGY STORAGE,0,270
2026-08-11T04:00:00Z,GAS,COGENERATION,4291.104730247127,6122
2026-08-11T04:00:00Z,GAS,COMBINED CYCLE,3224.7317121741507,3974
2026-08-11T04:00:00Z,GAS,GAS FIRED STEAM,877.1978206189473,3078
2026-08-11T04:00:00Z,GAS,SIMPLE CYCLE,181.82533038987054,1014
2026-08-11T04:00:00Z,HYDRO,HYDRO,233.312212789009,896
2026-08-11T04:00:00Z,OTHER,BIOMASS,107.02883138126798,195
2026-08-11T04:00:00Z,OTHER,COMPOSITE,0,20
2026-08-11T04:00:00Z,OTHER,GAS,1.9999510049819944,10
2026-08-11T04:00:00Z,OTHER,GAS COGEN,32.220016401078965,58
2026-08-11T04:00:00Z,OTHER,OIL/GAS,42.127498874664305,53
2026-08-11T04:00:00Z,OTHER,WOOD/REFUSE,81.53445188297167,149
2026-08-11T04:00:00Z,SOLAR,SOLAR,0.20000000298023224,1870
2026-08-11T04:00:00Z,WIND,WIND,1425.6576197167237,5684
2026-08-11T05:00:00Z,ENERGY STORAGE,ENERGY STORAGE,0,270
2026-08-11T05:00:00Z,GAS,COGENERATION,4226.265047602654,6122
2026-08-11T05:00:00Z,GAS,COMBINED CYCLE,2969.5028478654226,3974
2026-08-11T05:00:00Z,GAS,GAS FIRED STEAM,787.9145447031657,3078
2026-08-11T05:00:00Z,GAS,SIMPLE CYCLE,73.72327701755695,1014
2026-08-11T05:00:00Z,HYDRO,HYDRO,224.45408644452692,896
2026-08-11T05:00:00Z,OTHER,BIOMASS,108.30727557871077,195
2026-08-11T05:00:00Z,OTHER,COMPOSITE,0,20
2026-08-11T05:00:00Z,OTHER,GAS,1.9999510049819944,10
2026-08-11T05:00:00Z,OTHER,GAS COGEN,33.587276918093366,58
2026-08-11T05:00:00Z,OTHER,OIL/GAS,41.901749256981745,53
2026-08-11T05:00:00Z,OTHER,WOOD/REFUSE,81.50432869791985,149
2026-08-11T05:00:00Z,SOLAR,SOLAR,0.20000000298023224,1870
2026-08-11T05:00:00Z,WIND,WIND,1458.725391345471,5684
2026-08-11T06:00:00Z,ENERGY STORAGE,ENERGY STORAGE,-3.8517777290360797,270
2026-08-11T06:00:00Z,GAS,COGENERATION,4266.455316428343,6122
2026-08-11T06:00:00Z,GAS,COMBINED CYCLE,2938.4904261753295,3974
2026-08-11T06:00:00Z,GAS,GAS FIRED STEAM,799.8862644386292,3078
2026-08-11T06:00:00Z,GAS,SIMPLE CYCLE,65.10660979800754,1014
2026-08-11T06:00:00Z,HYDRO,HYDRO,236.3285009128683,896
2026-08-11T06:00:00Z,OTHER,BIOMASS,107.73405339558919,195
2026-08-11T06:00:00Z,OTHER,COMPOSITE,0,20
2026-08-11T06:00:00Z,OTHER,GAS,1.9999510049819944,10
2026-08-11T06:00:00Z,OTHER,GAS COGEN,31.824221439361573,58
2026-08-11T06:00:00Z,OTHER,OIL/GAS,41.80656564076742,53
2026-08-11T06:00:00Z,OTHER,WOOD/REFUSE,81.58664476315181,149
2026-08-11T06:00:00Z,SOLAR,SOLAR,0.20000000298023224,1892
2026-08-11T06:00:00Z,WIND,WIND,1238.6965433579849,5684
2026-08-11T07:00:00Z,ENERGY STORAGE,ENERGY STORAGE,-11.387277605881293,270
2026-08-11T07:00:00Z,GAS,COGENERATION,4323.0004789638515,6122
2026-08-11T07:00:00Z,GAS,COMBINED CYCLE,3007.4868321161803,3974
2026-08-11T07:00:00Z,GAS,GAS FIRED STEAM,835.2626551585728,3078
2026-08-11T07:00:00Z,GAS,SIMPLE CYCLE,65.23927585813735,1014
2026-08-11T07:00:00Z,HYDRO,HYDRO,222.22112747298348,896
2026-08-11T07:00:00Z,OTHER,BIOMASS,110.26888702286614,195
2026-08-11T07:00:00Z,OTHER,COMPOSITE,0,20
2026-08-11T07:00:00Z,OTHER,GAS,1.9563398834731844,10
2026-08-11T07:00:00Z,OTHER,GAS COGEN,32.33331327014499,58
2026-08-11T07:00:00Z,OTHER,OIL/GAS,42.025148690541585,53
2026-08-11T07:00:00Z,OTHER,WOOD/REFUSE,81.51990741769472,149
2026-08-11T07:00:00Z,SOLAR,SOLAR,0.20000000298023224,1892
2026-08-11T07:00:00Z,WIND,WIND,1188.5027546665776,5684
2026-08-11T08:00:00Z,ENERGY STORAGE,ENERGY STORAGE,-8.94738875966933,270
2026-08-11T08:00:00Z,GAS,COGENERATION,4272.689643170039,6122
2026-08-11T08:00:00Z,GAS,COMBINED CYCLE,2984.781813048257,3974
2026-08-11T08:00:00Z,GAS,GAS FIRED STEAM,799.6217096604241,3078
2026-08-11T08:00:00Z,GAS,SIMPLE CYCLE,65.315776509179,1014
2026-08-11T08:00:00Z,HYDRO,HYDRO,233.1849517809517,896
2026-08-11T08:00:00Z,OTHER,BIOMASS,106.295942029953,195
2026-08-11T08:00:00Z,OTHER,COMPOSITE,0,20
2026-08-11T08:00:00Z,OTHER,GAS,1.8999509811401367,10
2026-08-11T08:00:00Z,OTHER,GAS COGEN,31.955944723553127,58
2026-08-11T08:00:00Z,OTHER,OIL/GAS,42.20283271789551,53
2026-08-11T08:00:00Z,OTHER,WOOD/REFUSE,77.00796274529563,149
2026-08-11T08:00:00Z,SOLAR,SOLAR,0.20000000298023224,1892
2026-08-11T08:00:00Z,WIND,WIND,1225.6193417499753,5684
2026-08-11T09:00:00Z,ENERGY STORAGE,ENERGY STORAGE,-2.7034999741365513,270
2026-08-11T09:00:00Z,GAS,COGENERATION,4303.987649232547,6122
2026-08-11T09:00:00Z,GAS,COMBINED CYCLE,2942.2539836404057,3974
2026-08-11T09:00:00Z,GAS,GAS FIRED STEAM,799.6607668028937,3078
2026-08-11T09:00:00Z,GAS,SIMPLE CYCLE,65.00316561169095,1014
2026-08-11T09:00:00Z,HYDRO,HYDRO,217.7234798101584,896
2026-08-11T09:00:00Z,OTHER,BIOMASS,108.52144239902496,195
2026-08-11T09:00:00Z,OTHER,COMPOSITE,0,20
2026-08-11T09:00:00Z,OTHER,GAS,1.8999509811401367,10
2026-08-11T09:00:00Z,OTHER,GAS COGEN,33.26116189956665,58
2026-08-11T09:00:00Z,OTHER,OIL/GAS,42.32312147140503,53
2026-08-11T09:00:00Z,OTHER,WOOD/REFUSE,77.13619620574845,149
2026-08-11T09:00:00Z,SOLAR,SOLAR,0.20000000298023224,1892
2026-08-11T09:00:00Z,WIND,WIND,1130.1669279351831,5684
2026-08-11T10:00:00Z,ENERGY STORAGE,ENERGY STORAGE,0,270
2026-08-11T10:00:00Z,GAS,COGENERATION,4307.729661810465,6122
2026-08-11T10:00:00Z,GAS,COMBINED CYCLE,3086.4161333094703,3974
2026-08-11T10:00:00Z,GAS,GAS FIRED STEAM,802.6881542799208,3078
2026-08-11T10:00:00Z,GAS,SIMPLE CYCLE,65.5949428645273,1014
2026-08-11T10:00:00Z,HYDRO,HYDRO,250.3029101383024,896
2026-08-11T10:00:00Z,OTHER,BIOMASS,109.16755369981131,195
2026-08-11T10:00:00Z,OTHER,COMPOSITE,0,20
2026-08-11T10:00:00Z,OTHER,GAS,1.8999509811401367,10
2026-08-11T10:00:00Z,OTHER,GAS COGEN,31.699130953682793,58
2026-08-11T10:00:00Z,OTHER,OIL/GAS,42.53404917822944,53
2026-08-11T10:00:00Z,OTHER,WOOD/REFUSE,70.46632258945041,149
2026-08-11T10:00:00Z,SOLAR,SOLAR,0.20000000298023224,1892
2026-08-11T10:00:00Z,WIND,WIND,977.9301218464971,5684
2026-08-11T11:00:00Z,ENERGY STORAGE,ENERGY STORAGE,0,270
2026-08-11T11:00:00Z,GAS,COGENERATION,4404.310241220063,6122
2026-08-11T11:00:00Z,GAS,COMBINED CYCLE,3330.242615582148,3974
2026-08-11T11:00:00Z,GAS,GAS FIRED STEAM,1044.8315938949586,3078
2026-08-11T11:00:00Z,GAS,SIMPLE CYCLE,80.61021980388297,1014
2026-08-11T11:00:00Z,HYDRO,HYDRO,250.10439897894858,896
2026-08-11T11:00:00Z,OTHER,BIOMASS,107.40933127297295,195
2026-08-11T11:00:00Z,OTHER,COMPOSITE,0,20
2026-08-11T11:00:00Z,OTHER,GAS,1.8999509811401367,10
2026-08-11T11:00:00Z,OTHER,GAS COGEN,31.094341836505468,58
2026-08-11T11:00:00Z,OTHER,OIL/GAS,43.007583382924395,53
2026-08-11T11:00:00Z,OTHER,WOOD/REFUSE,70.24579852792951,149
2026-08-11T11:00:00Z,SOLAR,SOLAR,0.20000000298023224,1892
2026-08-11T11:00:00Z,WIND,WIND,462.5436628931057,5684
2026-08-11T12:00:00Z,ENERGY STORAGE,ENERGY STORAGE,0,270
2026-08-11T12:00:00Z,GAS,COGENERATION,4411.9528732175295,6122
2026-08-11T12:00:00Z,GAS,COMBINED CYCLE,3365.3907460093496,3974
2026-08-11T12:00:00Z,GAS,GAS FIRED STEAM,1208.867815712823,3078
2026-08-11T12:00:00Z,GAS,SIMPLE CYCLE,81.77238599353366,1014
2026-08-11T12:00:00Z,HYDRO,HYDRO,232.39367699874774,896
2026-08-11T12:00:00Z,OTHER,BIOMASS,111.26238636334736,195
2026-08-11T12:00:00Z,OTHER,COMPOSITE,0,20
2026-08-11T12:00:00Z,OTHER,GAS,1.8999509811401367,10
2026-08-11T12:00:00Z,OTHER,GAS COGEN,31.040554483201767,58
2026-08-11T12:00:00Z,OTHER,OIL/GAS,42.47523805194431,53
2026-08-11T12:00:00Z,OTHER,WOOD/REFUSE,70.38207502272394,149
2026-08-11T12:00:00Z,SOLAR,SOLAR,12.389777596361107,1892
2026-08-11T12:00:00Z,WIND,WIND,304.5444498963116,5684
2026-08-11T13:00:00Z,ENERGY STORAGE,ENERGY STORAGE,0,270
2026-08-11T13:00:00Z,GAS,COGENERATION,4407.212711207337,6122
2026-08-11T13:00:00Z,GAS,COMBINED CYCLE,3423.379344996876,3974
2026-08-11T13:00:00Z,GAS,GAS FIRED STEAM,1205.5675935024685,3078
2026-08-11T13:00:00Z,GAS,SIMPLE CYCLE,80.93772091759575,1014
2026-08-11T13:00:00Z,HYDRO,HYDRO,285.37149000088374,896
2026-08-11T13:00:00Z,OTHER,BIOMASS,112.74672047615051,195
2026-08-11T13:00:00Z,OTHER,COMPOSITE,0,20
2026-08-11T13:00:00Z,OTHER,GAS,1.8999509811401367,10
2026-08-11T13:00:00Z,OTHER,GAS COGEN,31.159169998168945,58
2026-08-11T13:00:00Z,OTHER,OIL/GAS,43.07657192442152,53
2026-08-11T13:00:00Z,OTHER,WOOD/REFUSE,70.10287952317132,149
2026-08-11T13:00:00Z,SOLAR,SOLAR,117.90653560693893,1892
2026-08-11T13:00:00Z,WIND,WIND,250.65933946762647,5684
2026-08-11T14:00:00Z,ENERGY STORAGE,ENERGY STORAGE,0,270
2026-08-11T14:00:00Z,GAS,COGENERATION,4392.798623188337,6122
2026-08-11T14:00:00Z,GAS,COMBINED CYCLE,3425.586041797532,3974
2026-08-11T14:00:00Z,GAS,GAS FIRED STEAM,1382.3779225328233,3078
2026-08-11T14:00:00Z,GAS,SIMPLE CYCLE,94.96299865119987,1014
2026-08-11T14:00:00Z,HYDRO,HYDRO,250.8159568511943,896
2026-08-11T14:00:00Z,OTHER,BIOMASS,107.73016508579254,195
2026-08-11T14:00:00Z,OTHER,COMPOSITE,0,20
2026-08-11T14:00:00Z,OTHER,GAS,1.8999509811401367,10
2026-08-11T14:00:00Z,OTHER,GAS COGEN,31.044502238432568,58
2026-08-11T14:00:00Z,OTHER,OIL/GAS,42.15496563381619,53
2026-08-11T14:00:00Z,OTHER,WOOD/REFUSE,70.47927464538151,149
2026-08-11T14:00:00Z,SOLAR,SOLAR,262.05874922497406,1892
2026-08-11T14:00:00Z,WIND,WIND,191.70750614616193,5684
2026-08-11T15:00:00Z,ENERGY STORAGE,ENERGY STORAGE,0,270
2026-08-11T15:00:00Z,GAS,COGENERATION,4354.878295794329,6122
2026-08-11T15:00:00Z,GAS,COMBINED CYCLE,3439.959701286422,3974
2026-08-11T15:00:00Z,GAS,GAS FIRED STEAM,1404.4932555728487,3078
2026-08-11T15:00:00Z,GAS,SIMPLE CYCLE,100.12538623332978,1014
2026-08-11T15:00:00Z,HYDRO,HYDRO,258.87924659221534,896
2026-08-11T15:00:00Z,OTHER,BIOMASS,105.8849980269538,195
2026-08-11T15:00:00Z,OTHER,COMPOSITE,0,20
2026-08-11T15:00:00Z,OTHER,GAS,0.5876985329389572,10
2026-08-11T15:00:00Z,OTHER,GAS COGEN,31.378980847464668,58
2026-08-11T15:00:00Z,OTHER,OIL/GAS,42.402976758744984,53
2026-08-11T15:00:00Z,OTHER,WOOD/REFUSE,69.66478498207198,149
2026-08-11T15:00:00Z,SOLAR,SOLAR,437.6336350706551,1892
2026-08-11T15:00:00Z,WIND,WIND,104.04823079628248,5684
2026-08-11T16:00:00Z,ENERGY STORAGE,ENERGY STORAGE,0,270
2026-08-11T16:00:00Z,GAS,COGENERATION,4312.423769339919,6122
2026-08-11T16:00:00Z,GAS,COMBINED CYCLE,3426.330228793886,3974
2026-08-11T16:00:00Z,GAS,GAS FIRED STEAM,1456.2639788648817,3078
2026-08-11T16:00:00Z,GAS,SIMPLE CYCLE,129.35983159629833,1014
2026-08-11T16:00:00Z,HYDRO,HYDRO,229.2565374561151,896
2026-08-11T16:00:00Z,OTHER,BIOMASS,106.1621362566948,195
2026-08-11T16:00:00Z,OTHER,COMPOSITE,0,20
2026-08-11T16:00:00Z,OTHER,GAS,0.8999509811401367,10
2026-08-11T16:00:00Z,OTHER,GAS COGEN,31.364026557074652,58
2026-08-11T16:00:00Z,OTHER,OIL/GAS,42.93642741309272,53
2026-08-11T16:00:00Z,OTHER,WOOD/REFUSE,68.98738109694587,149
2026-08-11T16:00:00Z,SOLAR,SOLAR,617.8662115111616,1892
2026-08-11T16:00:00Z,WIND,WIND,87.1790161974728,5684
2026-08-11T17:00:00Z,ENERGY STORAGE,ENERGY STORAGE,0,270
2026-08-11T17:00:00Z,GAS,COGENERATION,4284.448613933325,6122
2026-08-11T17:00:00Z,GAS,COMBINED CYCLE,3368.5378816933103,3974
2026-08-11T17:00:00Z,GAS,GAS FIRED STEAM,1374.6975346289742,3078
2026-08-11T17:00:00Z,GAS,SIMPLE CYCLE,123.0256085311042,1014
2026-08-11T17:00:00Z,HYDRO,HYDRO,265.3981736271249,896
2026-08-11T17:00:00Z,OTHER,BIOMASS,109.29010897212558,195
2026-08-11T17:00:00Z,OTHER,COMPOSITE,0,20
2026-08-11T17:00:00Z,OTHER,GAS,0.8999509811401367,10
2026-08-11T17:00:00Z,OTHER,GAS COGEN,31.328964222802057,58
2026-08-11T17:00:00Z,OTHER,OIL/GAS,43.35399301317003,53
2026-08-11T17:00:00Z,OTHER,WOOD/REFUSE,71.24832763592401,149
2026-08-11T17:00:00Z,SOLAR,SOLAR,800.9114983364609,1892
2026-08-11T17:00:00Z,WIND,WIND,74.54647715069768,5684
2026-08-11T18:00:00Z,ENERGY STORAGE,ENERGY STORAGE,0,270
2026-08-11T18:00:00Z,GAS,COGENERATION,4273.835946362416,6122
2026-08-11T18:00:00Z,GAS,COMBINED CYCLE,3389.9633068376115,3974
2026-08-11T18:00:00Z,GAS,GAS FIRED STEAM,1351.0832008361817,3078
2026-08-11T18:00:00Z,GAS,SIMPLE CYCLE,124.44860898256303,1014
2026-08-11T18:00:00Z,HYDRO,HYDRO,263.625582894567,896
2026-08-11T18:00:00Z,OTHER,BIOMASS,111.33816475921208,195
2026-08-11T18:00:00Z,OTHER,COMPOSITE,0,20
2026-08-11T18:00:00Z,OTHER,GAS,0.8999509811401367,10
2026-08-11T18:00:00Z,OTHER,GAS COGEN,31.306733011669586,58
2026-08-11T18:00:00Z,OTHER,OIL/GAS,43.394876643286814,53
2026-08-11T18:00:00Z,OTHER,WOOD/REFUSE,71.68262005382114,149
2026-08-11T18:00:00Z,SOLAR,SOLAR,969.1380910346575,1892
2026-08-11T18:00:00Z,WIND,WIND,72.73431082993746,5684
2026-08-11T19:00:00Z,ENERGY STORAGE,ENERGY STORAGE,0,270
2026-08-11T19:00:00Z,GAS,COGENERATION,4255.566007378565,6122
2026-08-11T19:00:00Z,GAS,COMBINED CYCLE,3365.818826928669,3974
2026-08-11T19:00:00Z,GAS,GAS FIRED STEAM,1168.5423158751594,3078
2026-08-11T19:00:00Z,GAS,SIMPLE CYCLE,121.54372026999792,1014
2026-08-11T19:00:00Z,HYDRO,HYDRO,261.5817522375451,896
2026-08-11T19:00:00Z,OTHER,BIOMASS,113.91688664886688,195
2026-08-11T19:00:00Z,OTHER,COMPOSITE,0,20
2026-08-11T19:00:00Z,OTHER,GAS,0.8999509811401367,10
2026-08-11T19:00:00Z,OTHER,GAS COGEN,31.116351515452067,58
2026-08-11T19:00:00Z,OTHER,OIL/GAS,43.45627078798082,53
2026-08-11T19:00:00Z,OTHER,WOOD/REFUSE,72.24890399985844,149
2026-08-11T19:00:00Z,SOLAR,SOLAR,1255.478805238737,1892
2026-08-11T19:00:00Z,WIND,WIND,71.3383083773156,5684
2026-08-11T20:00:00Z,ENERGY STORAGE,ENERGY STORAGE,0,270
2026-08-11T20:00:00Z,GAS,COGENERATION,4217.622731860743,6122
2026-08-11T20:00:00Z,GAS,COMBINED CYCLE,3304.84584678385,3974
2026-08-11T20:00:00Z,GAS,GAS FIRED STEAM,1062.9094838311937,3078
2026-08-11T20:00:00Z,GAS,SIMPLE CYCLE,122.14055333031548,1014
2026-08-11T20:00:00Z,HYDRO,HYDRO,267.2166697203782,896
2026-08-11T20:00:00Z,OTHER,BIOMASS,115.32488675912222,195
2026-08-11T20:00:00Z,OTHER,COMPOSITE,0,20
2026-08-11T20:00:00Z,OTHER,GAS,0.8999509811401367,10
2026-08-11T20:00:00Z,OTHER,GAS COGEN,31.313633529875013,58
2026-08-11T20:00:00Z,OTHER,OIL/GAS,40.76766061358982,53
2026-08-11T20:00:00Z,OTHER,WOOD/REFUSE,72.28041668666734,149
2026-08-11T20:00:00Z,SOLAR,SOLAR,1311.5306971919206,1892
2026-08-11T20:00:00Z,WIND,WIND,149.43443784008423,5684
2026-08-11T21:00:00Z,ENERGY STORAGE,ENERGY STORAGE,0,270
2026-08-11T21:00:00Z,GAS,COGENERATION,4212.983809054427,6122
2026-08-11T21:00:00Z,GAS,COMBINED CYCLE,3285.7212200482686,3974
2026-08-11T21:00:00Z,GAS,GAS FIRED STEAM,1063.2219858000012,3078
2026-08-11T21:00:00Z,GAS,SIMPLE CYCLE,122.51866426361931,1014
2026-08-11T21:00:00Z,HYDRO,HYDRO,269.96355341547064,896
2026-08-11T21:00:00Z,OTHER,BIOMASS,112.11555340607961,195
2026-08-11T21:00:00Z,OTHER,COMPOSITE,0,20
2026-08-11T21:00:00Z,OTHER,GAS,0.8999509811401367,10
2026-08-11T21:00:00Z,OTHER,GAS COGEN,31.267567716174657,58
2026-08-11T21:00:00Z,OTHER,OIL/GAS,39.23002706951565,53
2026-08-11T21:00:00Z,OTHER,WOOD/REFUSE,72.989827056196,149
2026-08-11T21:00:00Z,SOLAR,SOLAR,1183.73070133143,1892
2026-08-11T21:00:00Z,WIND,WIND,234.9842937916269,5684
2026-08-11T22:00:00Z,ENERGY STORAGE,ENERGY STORAGE,0,270
2026-08-11T22:00:00Z,GAS,COGENERATION,4196.838516622384,6122
2026-08-11T22:00:00Z,GAS,COMBINED CYCLE,3213.035809222857,3974
2026-08-11T22:00:00Z,GAS,GAS FIRED STEAM,1032.6298181936477,3078
2026-08-11T22:00:00Z,GAS,SIMPLE CYCLE,287.0901045097245,1014
2026-08-11T22:00:00Z,HYDRO,HYDRO,321.5769151907994,896
2026-08-11T22:00:00Z,OTHER,BIOMASS,107.5419422366884,195
2026-08-11T22:00:00Z,OTHER,COMPOSITE,0,20
2026-08-11T22:00:00Z,OTHER,GAS,0.8999509811401367,10
2026-08-11T22:00:00Z,OTHER,GAS COGEN,26.60257655037774,58
2026-08-11T22:00:00Z,OTHER,OIL/GAS,39.528171147240535,53
2026-08-11T22:00:00Z,OTHER,WOOD/REFUSE,73.13902433739769,149
2026-08-11T22:00:00Z,SOLAR,SOLAR,920.2914417175452,1892
2026-08-11T22:00:00Z,WIND,WIND,369.42082511875367,5684
2026-08-11T23:00:00Z,ENERGY STORAGE,ENERGY STORAGE,0,270
2026-08-11T23:00:00Z,GAS,COGENERATION,4315.318049589528,6122
2026-08-11T23:00:00Z,GAS,COMBINED CYCLE,3151.3163945817946,3974
2026-08-11T23:00:00Z,GAS,GAS FIRED STEAM,1337.0158688820732,3078
2026-08-11T23:00:00Z,GAS,SIMPLE CYCLE,424.5016609561609,1014
2026-08-11T23:00:00Z,HYDRO,HYDRO,397.6537427762482,896
2026-08-11T23:00:00Z,OTHER,BIOMASS,113.82477514876261,195
2026-08-11T23:00:00Z,OTHER,COMPOSITE,12.321166434619162,20
2026-08-11T23:00:00Z,OTHER,GAS,0.9599509954452514,10
2026-08-11T23:00:00Z,OTHER,GAS COGEN,25.27029042985704,58
2026-08-11T23:00:00Z,OTHER,OIL/GAS,39.72551549911499,53
2026-08-11T23:00:00Z,OTHER,WOOD/REFUSE,77.35962735335032,149
2026-08-11T23:00:00Z,SOLAR,SOLAR,447.5088266607457,1892
2026-08-11T23:00:00Z,WIND,WIND,541.6229151588927,5684
2026-08-12T00:00:00Z,ENERGY STORAGE,ENERGY STORAGE,0,270
2026-08-12T00:00:00Z,GAS,COGENERATION,4259.755913653638,6122
2026-08-12T00:00:00Z,GAS,COMBINED CYCLE,3035.1104759701093,3974
2026-08-12T00:00:00Z,GAS,GAS FIRED STEAM,1247.8718703481886,3078
2026-08-12T00:00:00Z,GAS,SIMPLE CYCLE,390.8761993248181,1014
2026-08-12T00:00:00Z,HYDRO,HYDRO,287.9274879899373,896
2026-08-12T00:00:00Z,OTHER,BIOMASS,117.94799745102723,195
2026-08-12T00:00:00Z,OTHER,COMPOSITE,0.1902777709563573,20
2026-08-12T00:00:00Z,OTHER,GAS,0.9999510049819946,10
2026-08-12T00:00:00Z,OTHER,GAS COGEN,25.565560871760052,58
2026-08-12T00:00:00Z,OTHER,OIL/GAS,39.379655032687715,53
2026-08-12T00:00:00Z,OTHER,WOOD/REFUSE,75.95423680027326,149
2026-08-12T00:00:00Z,SOLAR,SOLAR,328.23924521914785,1892
2026-08-12T00:00:00Z,WIND,WIND,999.262010381702,5684
2026-08-12T01:00:00Z,ENERGY STORAGE,ENERGY STORAGE,0,270
2026-08-12T01:00:00Z,GAS,COGENERATION,4148.180797145366,6122
2026-08-12T01:00:00Z,GAS,COMBINED CYCLE,2998.5588060326045,3974
2026-08-12T01:00:00Z,GAS,GAS FIRED STEAM,999.299873430464,3078
2026-08-12T01:00:00Z,GAS,SIMPLE CYCLE,285.6509004060096,1014
2026-08-12T01:00:00Z,HYDRO,HYDRO,296.85173523426056,896
2026-08-12T01:00:00Z,OTHER,BIOMASS,110.28568424383799,195
2026-08-12T01:00:00Z,OTHER,COMPOSITE,0,20
2026-08-12T01:00:00Z,OTHER,GAS,0.9999510049819946,10
2026-08-12T01:00:00Z,OTHER,GAS COGEN,25.448213575151232,58
2026-08-12T01:00:00Z,OTHER,OIL/GAS,39.999448962741425,53
2026-08-12T01:00:00Z,OTHER,WOOD/REFUSE,74.42630605419477,149
2026-08-12T01:00:00Z,SOLAR,SOLAR,183.5560566244647,1892
2026-08-12T01:00:00Z,WIND,WIND,1357.4454177784505,5684
2026-08-12T02:00:00Z,ENERGY STORAGE,ENERGY STORAGE,0,270
2026-08-12T02:00:00Z,GAS,COGENERATION,4214.302521691057,6122
2026-08-12T02:00:00Z,GAS,COMBINED CYCLE,3189.6416004096136,3974
2026-08-12T02:00:00Z,GAS,GAS FIRED STEAM,1050.2494296455384,3078
2026-08-12T02:00:00Z,GAS,SIMPLE CYCLE,293.70599692079753,1014
2026-08-12T02:00:00Z,HYDRO,HYDRO,320.9851183546583,896
2026-08-12T02:00:00Z,OTHER,BIOMASS,108.84438643084633,195
2026-08-12T02:00:00Z,OTHER,COMPOSITE,0,20
2026-08-12T02:00:00Z,OTHER,GAS,0.9999510049819946,10
2026-08-12T02:00:00Z,OTHER,GAS COGEN,25.09699258380466,58
2026-08-12T02:00:00Z,OTHER,OIL/GAS,39.67419954723782,53
2026-08-12T02:00:00Z,OTHER,WOOD/REFUSE,75.73987037420274,149
2026-08-12T02:00:00Z,SOLAR,SOLAR,11.96063601050526,1892
2026-08-12T02:00:00Z,WIND,WIND,1083.4449417274734,5684
2026-08-12T03:00:00Z,ENERGY STORAGE,ENERGY STORAGE,0,270
2026-08-12T03:00:00Z,GAS,COGENERATION,4299.285757056077,6122
2026-08-12T03:00:00Z,GAS,COMBINED CYCLE,3319.8217725769678,3974
2026-08-12T03:00:00Z,GAS,GAS FIRED STEAM,1166.9968707995945,3078
2026-08-12T03:00:00Z,GAS,SIMPLE CYCLE,181.1160535297129,1014
2026-08-12T03:00:00Z,HYDRO,HYDRO,284.31819899208017,896
2026-08-12T03:00:00Z,OTHER,BIOMASS,107.53316440688239,195
2026-08-12T03:00:00Z,OTHER,COMPOSITE,0,20
2026-08-12T03:00:00Z,OTHER,GAS,0.9999510049819946,10
2026-08-12T03:00:00Z,OTHER,GAS COGEN,25.128213205337524,58
2026-08-12T03:00:00Z,OTHER,OIL/GAS,39.24719950993856,53
2026-08-12T03:00:00Z,OTHER,WOOD/REFUSE,78.35415834493108,149
2026-08-12T03:00:00Z,SOLAR,SOLAR,0.9041181653738022,1892
2026-08-12T03:00:00Z,WIND,WIND,1032.5164429198412,5684
2026-08-12T04:00:00Z,ENERGY STORAGE,ENERGY STORAGE,0,270
2026-08-12T04:00:00Z,GAS,COGENERATION,4304.133467679819,6122
2026-08-12T04:00:00Z,GAS,COMBINED CYCLE,3291.7349416204793,3974
2026-08-12T04:00:00Z,GAS,GAS FIRED STEAM,1100.9992625872294,3078
2026-08-12T04:00:00Z,GAS,SIMPLE CYCLE,67.13205460987157,1014
2026-08-12T04:00:00Z,HYDRO,HYDRO,281.9826950964828,896
2026-08-12T04:00:00Z,OTHER,BIOMASS,109.61060912926992,195
2026-08-12T04:00:00Z,OTHER,COMPOSITE,0,20
2026-08-12T04:00:00Z,OTHER,GAS,0.9999510049819946,10
2026-08-12T04:00:00Z,OTHER,GAS COGEN,25.246231818728976,58
2026-08-12T04:00:00Z,OTHER,OIL/GAS,39.57252163357205,53
2026-08-12T04:00:00Z,OTHER,WOOD/REFUSE,81.46276662601365,149
2026-08-12T04:00:00Z,SOLAR,SOLAR,0.930249981118573,1892
2026-08-12T04:00:00Z,WIND,WIND,1048.9249560328656,5684
2026-08-12T05:00:00Z,ENERGY STORAGE,ENERGY STORAGE,0,270
2026-08-12T05:00:00Z,GAS,COGENERATION,4364.994697316488,6122
2026-08-12T05:00:00Z,GAS,COMBINED CYCLE,3153.9652639108235,3974
2026-08-12T05:00:00Z,GAS,GAS FIRED STEAM,1116.733484694163,3078
2026-08-12T05:00:00Z,GAS,SIMPLE CYCLE,63.813388270801966,1014
2026-08-12T05:00:00Z,HYDRO,HYDRO,245.2219755582677,896
2026-08-12T05:00:00Z,OTHER,BIOMASS,107.82660930580563,195
2026-08-12T05:00:00Z,OTHER,COMPOSITE,0,20
2026-08-12T05:00:00Z,OTHER,GAS,0.9999510049819946,10
2026-08-12T05:00:00Z,OTHER,GAS COGEN,25.846097309324477,58
2026-08-12T05:00:00Z,OTHER,OIL/GAS,40.29056034723918,53
2026-08-12T05:00:00Z,OTHER,WOOD/REFUSE,83.21099320994483,149
2026-08-12T05:00:00Z,SOLAR,SOLAR,0.40054187834262844,1892
2026-08-12T05:00:00Z,WIND,WIND,961.8643028220202,5684
2026-08-12T06:00:00Z,ENERGY STORAGE,ENERGY STORAGE,-3.8016666093799802,270
2026-08-12T06:00:00Z,GAS,COGENERATION,4413.757235317893,6122
2026-08-12T06:00:00Z,GAS,COMBINED CYCLE,3003.944116751618,3974
2026-08-12T06:00:00Z,GAS,GAS FIRED STEAM,973.4424841223822,3078
2026-08-12T06:00:00Z,GAS,SIMPLE CYCLE,67.46061032295226,1014
2026-08-12T06:00:00Z,HYDRO,HYDRO,246.15598079289,896
2026-08-12T06:00:00Z,OTHER,BIOMASS,106.49583188586764,195
2026-08-12T06:00:00Z,OTHER,COMPOSITE,0,20
2026-08-12T06:00:00Z,OTHER,GAS,0.9999510049819946,10
2026-08-12T06:00:00Z,OTHER,GAS COGEN,27.397907710605196,58
2026-08-12T06:00:00Z,OTHER,OIL/GAS,39.85318827735053,53
2026-08-12T06:00:00Z,OTHER,WOOD/REFUSE,82.93013501061334,149
2026-08-12T06:00:00Z,SOLAR,SOLAR,0.20000000298023224,1892
2026-08-12T06:00:00Z,WIND,WIND,919.373850083612,5684
2026-08-12T07:00:00Z,ENERGY STORAGE,ENERGY STORAGE,-10.84922203535835,270
2026-08-12T07:00:00Z,GAS,COGENERATION,4435.528355278704,6122
2026-08-12T07:00:00Z,GAS,COMBINED CYCLE,3000.837874505785,3974
2026-08-12T07:00:00Z,GAS,GAS FIRED STEAM,1057.5242597368028,3078
2026-08-12T07:00:00Z,GAS,SIMPLE CYCLE,67.36722109688652,1014
2026-08-12T07:00:00Z,HYDRO,HYDRO,240.29467714627583,896
2026-08-12T07:00:00Z,OTHER,BIOMASS,106.32166461838617,195
2026-08-12T07:00:00Z,OTHER,COMPOSITE,0,20
2026-08-12T07:00:00Z,OTHER,GAS,0.9999510049819946,10
2026-08-12T07:00:00Z,OTHER,GAS COGEN,26.87693231370714,58
2026-08-12T07:00:00Z,OTHER,OIL/GAS,39.6730045276218,53
2026-08-12T07:00:00Z,OTHER,WOOD/REFUSE,83.69952793425983,149
2026-08-12T07:00:00Z,SOLAR,SOLAR,0.20000000298023224,1892
2026-08-12T07:00:00Z,WIND,WIND,659.515533590412,5684
2026-08-12T08:00:00Z,ENERGY STORAGE,ENERGY STORAGE,-5.579722127504647,270
2026-08-12T08:00:00Z,GAS,COGENERATION,4436.108720627891,6122
2026-08-12T08:00:00Z,GAS,COMBINED CYCLE,2972.873213947879,3974
2026-08-12T08:00:00Z,GAS,GAS FIRED STEAM,1019.455430386861,3078
2026-08-12T08:00:00Z,GAS,SIMPLE CYCLE,68.18849886152479,1014
2026-08-12T08:00:00Z,HYDRO,HYDRO,248.80263011044926,896
2026-08-12T08:00:00Z,OTHER,BIOMASS,106.27299773216248,195
2026-08-12T08:00:00Z,OTHER,COMPOSITE,0,20
2026-08-12T08:00:00Z,OTHER,GAS,0.9999510049819946,10
2026-08-12T08:00:00Z,OTHER,GAS COGEN,25.295729303359984,58
2026-08-12T08:00:00Z,OTHER,OIL/GAS,40.04084864086575,53
2026-08-12T08:00:00Z,OTHER,WOOD/REFUSE,80.11231880929735,149
2026-08-12T08:00:00Z,SOLAR,SOLAR,0.20000000298023224,1892
2026-08-12T08:00:00Z,WIND,WIND,607.1586397117749,5684
2026-08-12T09:00:00Z,ENERGY STORAGE,ENERGY STORAGE,0,270
2026-08-12T09:00:00Z,GAS,COGENERATION,4452.867303825749,6122
2026-08-12T09:00:00Z,GAS,COMBINED CYCLE,2986.7221415898534,3974
2026-08-12T09:00:00Z,GAS,GAS FIRED STEAM,1201.4154796261257,3078
2026-08-12T09:00:00Z,GAS,SIMPLE CYCLE,67.75333251847161,1014
2026-08-12T09:00:00Z,HYDRO,HYDRO,242.67700849983427,896
2026-08-12T09:00:00Z,OTHER,BIOMASS,107.31383185810515,195
2026-08-12T09:00:00Z,OTHER,COMPOSITE,0,20
2026-08-12T09:00:00Z,OTHER,GAS,0.9999510049819946,10
2026-08-12T09:00:00Z,OTHER,GAS COGEN,25.365220357047185,58
2026-08-12T09:00:00Z,OTHER,OIL/GAS,40.25832125133938,53
2026-08-12T09:00:00Z,OTHER,WOOD/REFUSE,80.01571782959832,149
2026-08-12T09:00:00Z,SOLAR,SOLAR,0.20000000298023224,1892
2026-08-12T09:00:00Z,WIND,WIND,343.31925707837775,5684
2026-08-12T10:00:00Z,ENERGY STORAGE,ENERGY STORAGE,0,270
2026-08-12T10:00:00Z,GAS,COGENERATION,4435.750323407054,6122
2026-08-12T10:00:00Z,GAS,COMBINED CYCLE,3079.455497461425,3974
2026-08-12T10:00:00Z,GAS,GAS FIRED STEAM,918.8909844419691,3078
2026-08-12T10:00:00Z,GAS,SIMPLE CYCLE,67.43688750796848,1014
2026-08-12T10:00:00Z,HYDRO,HYDRO,243.58434242316417,896
2026-08-12T10:00:00Z,OTHER,BIOMASS,105.19033215522765,195
2026-08-12T10:00:00Z,OTHER,COMPOSITE,0,20
2026-08-12T10:00:00Z,OTHER,GAS,0.9999510049819946,10
2026-08-12T10:00:00Z,OTHER,GAS COGEN,25.091397427452936,58
2026-08-12T10:00:00Z,OTHER,OIL/GAS,40.20232164382934,53
2026-08-12T10:00:00Z,OTHER,WOOD/REFUSE,79.21682552059492,149
2026-08-12T10:00:00Z,SOLAR,SOLAR,0.20000000298023224,1892
2026-08-12T10:00:00Z,WIND,WIND,530.7793476173986,5684
2026-08-12T11:00:00Z,ENERGY STORAGE,ENERGY STORAGE,0,270
2026-08-12T11:00:00Z,GAS,COGENERATION,4456.451167937782,6122
2026-08-12T11:00:00Z,GAS,COMBINED CYCLE,3151.2071296374,3974
2026-08-12T11:00:00Z,GAS,GAS FIRED STEAM,900.4992084969414,3078
2026-08-12T11:00:00Z,GAS,SIMPLE CYCLE,70.51349880960251,1014
2026-08-12T11:00:00Z,HYDRO,HYDRO,251.13633588671684,896
2026-08-12T11:00:00Z,OTHER,BIOMASS,104.76677647431691,195
2026-08-12T11:00:00Z,OTHER,COMPOSITE,0,20
2026-08-12T11:00:00Z,OTHER,GAS,0.9999510049819946,10
2026-08-12T11:00:00Z,OTHER,GAS COGEN,25.223478382958305,58
2026-08-12T11:00:00Z,OTHER,OIL/GAS,40.394798855251736,53
2026-08-12T11:00:00Z,OTHER,WOOD/REFUSE,76.57573740733994,149
2026-08-12T11:00:00Z,SOLAR,SOLAR,0.20000000298023224,1892
2026-08-12T11:00:00Z,WIND,WIND,544.0563542657552,5684
2026-08-12T12:00:00Z,ENERGY STORAGE,ENERGY STORAGE,0,270
2026-08-12T12:00:00Z,GAS,COGENERATION,4454.148947032558,6122
2026-08-12T12:00:00Z,GAS,COMBINED CYCLE,3172.0646183662943,3974
2026-08-12T12:00:00Z,GAS,GAS FIRED STEAM,1068.706869078742,3078
2026-08-12T12:00:00Z,GAS,SIMPLE CYCLE,70.68361002286275,1014
2026-08-12T12:00:00Z,HYDRO,HYDRO,244.36819008744425,896
2026-08-12T12:00:00Z,OTHER,BIOMASS,105.32272064156003,195
2026-08-12T12:00:00Z,OTHER,COMPOSITE,0,20
2026-08-12T12:00:00Z,OTHER,GAS,0.9999510049819946,10
2026-08-12T12:00:00Z,OTHER,GAS COGEN,25.04063170644972,58
2026-08-12T12:00:00Z,OTHER,OIL/GAS,40.13874342176649,53
2026-08-12T12:00:00Z,OTHER,WOOD/REFUSE,78.29564058820407,149
2026-08-12T12:00:00Z,SOLAR,SOLAR,1.9183332915935252,1892
2026-08-12T12:00:00Z,WIND,WIND,576.6447440104104,5684
2026-08-12T13:00:00Z,ENERGY STORAGE,ENERGY STORAGE,0,270
2026-08-12T13:00:00Z,GAS,COGENERATION,4454.911704852846,6122
2026-08-12T13:00:00Z,GAS,COMBINED CYCLE,3319.9997582181295,3974
2026-08-12T13:00:00Z,GAS,GAS FIRED STEAM,930.7999299791124,3078
2026-08-12T13:00:00Z,GAS,SIMPLE CYCLE,82.42222117629316,1014
2026-08-12T13:00:00Z,HYDRO,HYDRO,304.4791411268711,896
2026-08-12T13:00:00Z,OTHER,BIOMASS,102.92077640692392,195
2026-08-12T13:00:00Z,OTHER,COMPOSITE,0,20
2026-08-12T13:00:00Z,OTHER,GAS,0.9999510049819946,10
2026-08-12T13:00:00Z,OTHER,GAS COGEN,25.235899384816488,58
2026-08-12T13:00:00Z,OTHER,OIL/GAS,41.031766476101346,53
2026-08-12T13:00:00Z,OTHER,WOOD/REFUSE,76.79604345917703,149
2026-08-12T13:00:00Z,SOLAR,SOLAR,30.735905671260422,1892
2026-08-12T13:00:00Z,WIND,WIND,570.6303458360666,5684
2026-08-12T14:00:00Z,ENERGY STORAGE,ENERGY STORAGE,0,270
2026-08-12T14:00:00Z,GAS,COGENERATION,4472.999740393427,6122
2026-08-12T14:00:00Z,GAS,COMBINED CYCLE,3378.2558878938357,3974
2026-08-12T14:00:00Z,GAS,GAS FIRED STEAM,1215.656369773017,3078
2026-08-12T14:00:00Z,GAS,SIMPLE CYCLE,85.06727688921822,1014
2026-08-12T14:00:00Z,HYDRO,HYDRO,253.00605251123508,896
2026-08-12T14:00:00Z,OTHER,BIOMASS,104.33938753022088,195
2026-08-12T14:00:00Z,OTHER,COMPOSITE,0,20
2026-08-12T14:00:00Z,OTHER,GAS,0.6949659484624863,10
2026-08-12T14:00:00Z,OTHER,GAS COGEN,25.353955497741698,58
2026-08-12T14:00:00Z,OTHER,OIL/GAS,41.92722172207303,53
2026-08-12T14:00:00Z,OTHER,WOOD/REFUSE,76.77463462736873,149
2026-08-12T14:00:00Z,SOLAR,SOLAR,100.68193477424482,1892
2026-08-12T14:00:00Z,WIND,WIND,404.6364582850246,5684
2026-08-12T15:00:00Z,ENERGY STORAGE,ENERGY STORAGE,0.00149999989403618,270
2026-08-12T15:00:00Z,GAS,COGENERATION,4454.591137920485,6122
2026-08-12T15:00:00Z,GAS,COMBINED CYCLE,3387.613163482878,3974
2026-08-12T15:00:00Z,GAS,GAS FIRED STEAM,1302.440589811537,3078
2026-08-12T15:00:00Z,GAS,SIMPLE CYCLE,87.59272132025825,1014
2026-08-12T15:00:00Z,HYDRO,HYDRO,245.8916576356358,896
2026-08-12T15:00:00Z,OTHER,BIOMASS,105.36094227790832,195
2026-08-12T15:00:00Z,OTHER,COMPOSITE,0,20
2026-08-12T15:00:00Z,OTHER,GAS,0,10
2026-08-12T15:00:00Z,OTHER,GAS COGEN,25.278123783535428,58
2026-08-12T15:00:00Z,OTHER,OIL/GAS,42.11253222147624,53
2026-08-12T15:00:00Z,OTHER,WOOD/REFUSE,75.83601175016827,149
2026-08-12T15:00:00Z,SOLAR,SOLAR,182.49799982229868,1892
2026-08-12T15:00:00Z,WIND,WIND,361.14891651633917,5684
2026-08-12T16:00:00Z,ENERGY STORAGE,ENERGY STORAGE,47.72561100019349,270
2026-08-12T16:00:00Z,GAS,COGENERATION,4448.965574207041,6122
2026-08-12T16:00:00Z,GAS,COMBINED CYCLE,3390.1422895463306,3974
2026-08-12T16:00:00Z,GAS,GAS FIRED STEAM,1473.6810884179008,3078
2026-08-12T16:00:00Z,GAS,SIMPLE CYCLE,103.20146472707805,1014
2026-08-12T16:00:00Z,HYDRO,HYDRO,279.91791624353993,896
2026-08-12T16:00:00Z,OTHER,BIOMASS,103.6206090672811,195
2026-08-12T16:00:00Z,OTHER,COMPOSITE,0,20
2026-08-12T16:00:00Z,OTHER,GAS,0,10
2026-08-12T16:00:00Z,OTHER,GAS COGEN,25.04954663806491,58
2026-08-12T16:00:00Z,OTHER,OIL/GAS,42.59903909047445,53
2026-08-12T16:00:00Z,OTHER,WOOD/REFUSE,78.0884497596158,149
2026-08-12T16:00:00Z,SOLAR,SOLAR,252.86720452646415,1892
2026-08-12T16:00:00Z,WIND,WIND,280.34802125269135,5684
2026-08-12T17:00:00Z,ENERGY STORAGE,ENERGY STORAGE,0.20000004768371585,270
2026-08-12T17:00:00Z,GAS,COGENERATION,4469.123436484867,6122
2026-08-12T17:00:00Z,GAS,COMBINED CYCLE,3378.253739256329,3974
2026-08-12T17:00:00Z,GAS,GAS FIRED STEAM,1606.4370326402452,3078
2026-08-12T17:00:00Z,GAS,SIMPLE CYCLE,227.9427866758158,1014
2026-08-12T17:00:00Z,HYDRO,HYDRO,248.85859692494074,896
2026-08-12T17:00:00Z,OTHER,BIOMASS,104.79199781099956,195
2026-08-12T17:00:00Z,OTHER,COMPOSITE,0,20
2026-08-12T17:00:00Z,OTHER,GAS,0,10
2026-08-12T17:00:00Z,OTHER,GAS COGEN,28.708611298435265,58
2026-08-12T17:00:00Z,OTHER,OIL/GAS,42.34414894104004,53
2026-08-12T17:00:00Z,OTHER,WOOD/REFUSE,80.37790271348423,149
2026-08-12T17:00:00Z,SOLAR,SOLAR,358.00241801728805,1892
2026-08-12T17:00:00Z,WIND,WIND,217.02362229261132,5684
2026-08-12T18:00:00Z,ENERGY STORAGE,ENERGY STORAGE,33.37477693797814,270
2026-08-12T18:00:00Z,GAS,COGENERATION,4457.403205339909,6122
2026-08-12T18:00:00Z,GAS,COMBINED CYCLE,2988.525166443454,3974
2026-08-12T18:00:00Z,GAS,GAS FIRED STEAM,1608.3124890645345,3078
2026-08-12T18:00:00Z,GAS,SIMPLE CYCLE,322.4260012192693,1014
2026-08-12T18:00:00Z,HYDRO,HYDRO,373.53641714692117,896
2026-08-12T18:00:00Z,OTHER,BIOMASS,115.18675874367356,195
2026-08-12T18:00:00Z,OTHER,COMPOSITE,0,20
2026-08-12T18:00:00Z,OTHER,GAS,0.10982590039571126,10
2026-08-12T18:00:00Z,OTHER,GAS COGEN,32.29279620170593,58
2026-08-12T18:00:00Z,OTHER,OIL/GAS,42.374926838345,53
2026-08-12T18:00:00Z,OTHER,WOOD/REFUSE,73.34833609422049,149
2026-08-12T18:00:00Z,SOLAR,SOLAR,416.46341835861404,1892
2026-08-12T18:00:00Z,WIND,WIND,211.87729655106864,5684
2026-08-12T19:00:00Z,ENERGY STORAGE,ENERGY STORAGE,-42.22622104263968,270
2026-08-12T19:00:00Z,GAS,COGENERATION,4464.915006218486,6122
2026-08-12T19:00:00Z,GAS,COMBINED CYCLE,2947.57334475408,3974
2026-08-12T19:00:00Z,GAS,GAS FIRED STEAM,1633.9731989203558,3078
2026-08-12T19:00:00Z,GAS,SIMPLE CYCLE,412.35935177034804,1014
2026-08-12T19:00:00Z,HYDRO,HYDRO,348.4387026244071,896
2026-08-12T19:00:00Z,OTHER,BIOMASS,119.48571934448348,195
2026-08-12T19:00:00Z,OTHER,COMPOSITE,0,20
2026-08-12T19:00:00Z,OTHER,GAS,0.9739509778552584,10
2026-08-12T19:00:00Z,OTHER,GAS COGEN,32.66917169888814,58
2026-08-12T19:00:00Z,OTHER,OIL/GAS,42.24297675662571,53
2026-08-12T19:00:00Z,OTHER,WOOD/REFUSE,67.48402952631315,149
2026-08-12T19:00:00Z,SOLAR,SOLAR,465.45154389126435,1892
2026-08-12T19:00:00Z,WIND,WIND,222.2928422004895,5684
2026-08-12T20:00:00Z,ENERGY STORAGE,ENERGY STORAGE,-11.430777668423122,270
2026-08-12T20:00:00Z,GAS,COGENERATION,4463.686497089068,6122
2026-08-12T20:00:00Z,GAS,COMBINED CYCLE,2947.9018565951455,3974
2026-08-12T20:00:00Z,GAS,GAS FIRED STEAM,1633.9546988423667,3078
2026-08-12T20:00:00Z,GAS,SIMPLE CYCLE,419.6121471197986,1014
2026-08-12T20:00:00Z,HYDRO,HYDRO,340.25158544240725,896
2026-08-12T20:00:00Z,OTHER,BIOMASS,110.94688130981393,195
2026-08-12T20:00:00Z,OTHER,COMPOSITE,0,20
2026-08-12T20:00:00Z,OTHER,GAS,2.090451026558876,10
2026-08-12T20:00:00Z,OTHER,GAS COGEN,30.535160217814976,58
2026-08-12T20:00:00Z,OTHER,OIL/GAS,42.6127273856269,53
2026-08-12T20:00:00Z,OTHER,WOOD/REFUSE,66.22937236309052,149
2026-08-12T20:00:00Z,SOLAR,SOLAR,433.9180094706681,1892
2026-08-12T20:00:00Z,WIND,WIND,207.0632572301974,5684
2026-08-12T21:00:00Z,ENERGY STORAGE,ENERGY STORAGE,-9.712888791875706,270
2026-08-12T21:00:00Z,GAS,COGENERATION,4439.123757516543,6122
2026-08-12T21:00:00Z,GAS,COMBINED CYCLE,2968.0427876085705,3974
2026-08-12T21:00:00Z,GAS,GAS FIRED STEAM,1437.1010905032688,3078
2026-08-12T21:00:00Z,GAS,SIMPLE CYCLE,271.91440321240157,1014
2026-08-12T21:00:00Z,HYDRO,HYDRO,248.16239705080787,896
2026-08-12T21:00:00Z,OTHER,BIOMASS,110.09455364545187,195
2026-08-12T21:00:00Z,OTHER,COMPOSITE,0,20
2026-08-12T21:00:00Z,OTHER,GAS,2.0999510288238525,10
2026-08-12T21:00:00Z,OTHER,GAS COGEN,29.351003344588808,58
2026-08-12T21:00:00Z,OTHER,OIL/GAS,42.75732216729058,53
2026-08-12T21:00:00Z,OTHER,WOOD/REFUSE,59.95154775963889,149
2026-08-12T21:00:00Z,SOLAR,SOLAR,526.8582368281318,1892
2026-08-12T21:00:00Z,WIND,WIND,218.60416653218368,5684
2026-08-12T22:00:00Z,ENERGY STORAGE,ENERGY STORAGE,-7.031888809249633,270
2026-08-12T22:00:00Z,GAS,COGENERATION,4461.162479695479,6122
2026-08-12T22:00:00Z,GAS,COMBINED CYCLE,2930.693264322645,3974
2026-08-12T22:00:00Z,GAS,GAS FIRED STEAM,1415.3246995120578,3078
2026-08-12T22:00:00Z,GAS,SIMPLE CYCLE,295.0171786902514,1014
2026-08-12T22:00:00Z,HYDRO,HYDRO,203.66928365331557,896
2026-08-12T22:00:00Z,OTHER,BIOMASS,113.65149778299862,195
2026-08-12T22:00:00Z,OTHER,COMPOSITE,0,20
2026-08-12T22:00:00Z,OTHER,GAS,2.0999510288238525,10
2026-08-12T22:00:00Z,OTHER,GAS COGEN,30.924388295544517,58
2026-08-12T22:00:00Z,OTHER,OIL/GAS,42.63295997195774,53
2026-08-12T22:00:00Z,OTHER,WOOD/REFUSE,59.00105340056949,149
2026-08-12T22:00:00Z,SOLAR,SOLAR,503.52393723540837,1892
2026-08-12T22:00:00Z,WIND,WIND,309.1955922059218,5684
2026-08-12T23:00:00Z,ENERGY STORAGE,ENERGY STORAGE,-1.8484444190768732,270
2026-08-12T23:00:00Z,GAS,COGENERATION,4443.758078353935,6122
2026-08-12T23:00:00Z,GAS,COMBINED CYCLE,2947.4042036541305,3974
2026-08-12T23:00:00Z,GAS,GAS FIRED STEAM,1413.3113135443793,3078
2026-08-12T23:00:00Z,GAS,SIMPLE CYCLE,324.0691290169789,1014
2026-08-12T23:00:00Z,HYDRO,HYDRO,250.9247347945637,896
2026-08-12T23:00:00Z,OTHER,BIOMASS,111.78605302386813,195
2026-08-12T23:00:00Z,OTHER,COMPOSITE,12.267277548876072,20
2026-08-12T23:00:00Z,OTHER,GAS,2.0999510288238525,10
2026-08-12T23:00:00Z,OTHER,GAS COGEN,30.59589850001865,58
2026-08-12T23:00:00Z,OTHER,OIL/GAS,42.58349905649821,53
2026-08-12T23:00:00Z,OTHER,WOOD/REFUSE,58.56247477584415,149
2026-08-12T23:00:00Z,SOLAR,SOLAR,502.0551255962418,1892
2026-08-12T23:00:00Z,WIND,WIND,273.29146781339415,5684
2026-08-13T00:00:00Z,ENERGY STORAGE,ENERGY STORAGE,-0.19999998062849045,270
2026-08-13T00:00:00Z,GAS,COGENERATION,4420.8550090607005,6122
2026-08-13T00:00:00Z,GAS,COMBINED CYCLE,2939.8309563890098,3974
2026-08-13T00:00:00Z,GAS,GAS FIRED STEAM,1195.7007012197707,3078
2026-08-13T00:00:00Z,GAS,SIMPLE CYCLE,272.2508272683289,1014
2026-08-13T00:00:00Z,HYDRO,HYDRO,265.73099093440504,896
2026-08-13T00:00:00Z,OTHER,BIOMASS,110.29288711594211,195
2026-08-13T00:00:00Z,OTHER,COMPOSITE,0.12122222105662028,20
2026-08-13T00:00:00Z,OTHER,GAS,2.0999510288238525,10
2026-08-13T00:00:00Z,OTHER,GAS COGEN,31.249887303246393,58
2026-08-13T00:00:00Z,OTHER,OIL/GAS,42.38521626578437,53
2026-08-13T00:00:00Z,OTHER,WOOD/REFUSE,58.43301303068797,149
2026-08-13T00:00:00Z,SOLAR,SOLAR,521.8311391893029,1892
2026-08-13T00:00:00Z,WIND,WIND,232.72721341282545,5684
2026-08-13T01:00:00Z,ENERGY STORAGE,ENERGY STORAGE,-0.3238333157698313,270
2026-08-13T01:00:00Z,GAS,COGENERATION,4415.963211746216,6122
2026-08-13T01:00:00Z,GAS,COMBINED CYCLE,2909.7261923670767,3974
2026-08-13T01:00:00Z,GAS,GAS FIRED STEAM,1171.8808715428247,3078
2026-08-13T01:00:00Z,GAS,SIMPLE CYCLE,225.24189965386358,1014
2026-08-13T01:00:00Z,HYDRO,HYDRO,289.1403493302398,896
2026-08-13T01:00:00Z,OTHER,BIOMASS,109.3492758597268,195
2026-08-13T01:00:00Z,OTHER,COMPOSITE,0,20
2026-08-13T01:00:00Z,OTHER,GAS,2.0999510288238525,10
2026-08-13T01:00:00Z,OTHER,GAS COGEN,31.386332169638735,58
2026-08-13T01:00:00Z,OTHER,OIL/GAS,42.82993332121107,53
2026-08-13T01:00:00Z,OTHER,WOOD/REFUSE,57.76605608065923,149
2026-08-13T01:00:00Z,SOLAR,SOLAR,253.54330433286728,1892
2026-08-13T01:00:00Z,WIND,WIND,266.57145260640317,5684
2026-08-13T02:00:00Z,ENERGY STORAGE,ENERGY STORAGE,-0.3999999836087227,270
2026-08-13T02:00:00Z,GAS,COGENERATION,4458.481617392964,6122
2026-08-13T02:00:00Z,GAS,COMBINED CYCLE,2931.4328491573865,3974
2026-08-13T02:00:00Z,GAS,GAS FIRED STEAM,1253.1333126767477,3078
2026-08-13T02:00:00Z,GAS,SIMPLE CYCLE,257.8097035369277,1014
2026-08-13T02:00:00Z,HYDRO,HYDRO,311.62479617103935,896
2026-08-13T02:00:00Z,OTHER,BIOMASS,107.17249865108066,195
2026-08-13T02:00:00Z,OTHER,COMPOSITE,0,20
2026-08-13T02:00:00Z,OTHER,GAS,2.0999510288238525,10
2026-08-13T02:00:00Z,OTHER,GAS COGEN,31.33026945220099,58
2026-08-13T02:00:00Z,OTHER,OIL/GAS,42.74379435645209,53
2026-08-13T02:00:00Z,OTHER,WOOD/REFUSE,58.05423866007063,149
2026-08-13T02:00:00Z,SOLAR,SOLAR,35.08750366219216,1892
2026-08-13T02:00:00Z,WIND,WIND,313.04147832472705,5684
2026-08-13T03:00:00Z,ENERGY STORAGE,ENERGY STORAGE,-0.3999999836087227,270
2026-08-13T03:00:00Z,GAS,COGENERATION,4482.944740084277,6122
2026-08-13T03:00:00Z,GAS,COMBINED CYCLE,2958.168656247192,3974
2026-08-13T03:00:00Z,GAS,GAS FIRED STEAM,1277.435645728641,3078
2026-08-13T03:00:00Z,GAS,SIMPLE CYCLE,398.2743236469767,1014
2026-08-13T03:00:00Z,HYDRO,HYDRO,268.84252358776,896
2026-08-13T03:00:00Z,OTHER,BIOMASS,113.68322049538294,195
2026-08-13T03:00:00Z,OTHER,COMPOSITE,0,20
2026-08-13T03:00:00Z,OTHER,GAS,2.0999510288238525,10
2026-08-13T03:00:00Z,OTHER,GAS COGEN,31.08770733065075,58
2026-08-13T03:00:00Z,OTHER,OIL/GAS,42.73387184778849,53
2026-08-13T03:00:00Z,OTHER,WOOD/REFUSE,59.778475965393916,149
2026-08-13T03:00:00Z,SOLAR,SOLAR,31.200874149070845,1892
2026-08-13T03:00:00Z,WIND,WIND,206.1067907427334,5684
2026-08-13T04:00:00Z,ENERGY STORAGE,ENERGY STORAGE,-0.3999999836087227,270
2026-08-13T04:00:00Z,GAS,COGENERATION,4490.084079909854,6122
2026-08-13T04:00:00Z,GAS,COMBINED CYCLE,2985.2845951565105,3974
2026-08-13T04:00:00Z,GAS,GAS FIRED STEAM,1272.7629811371696,3078
2026-08-13T04:00:00Z,GAS,SIMPLE CYCLE,412.40197390890785,1014
2026-08-13T04:00:00Z,HYDRO,HYDRO,371.3150058532341,896
2026-08-13T04:00:00Z,OTHER,BIOMASS,123.83972032361561,195
2026-08-13T04:00:00Z,OTHER,COMPOSITE,0,20
2026-08-13T04:00:00Z,OTHER,GAS,2.0999510288238525,10
2026-08-13T04:00:00Z,OTHER,GAS COGEN,34.1927599951956,58
2026-08-13T04:00:00Z,OTHER,OIL/GAS,42.958415228525794,53
2026-08-13T04:00:00Z,OTHER,WOOD/REFUSE,61.06214420662986,149
2026-08-13T04:00:00Z,SOLAR,SOLAR,24.86616764336824,1892
2026-08-13T04:00:00Z,WIND,WIND,215.3914420674907,5684
2026-08-13T05:00:00Z,ENERGY STORAGE,ENERGY STORAGE,-0.11066666033532885,270
2026-08-13T05:00:00Z,GAS,COGENERATION,4504.237025317086,6122
2026-08-13T05:00:00Z,GAS,COMBINED CYCLE,2978.7475015446876,3974
2026-08-13T05:00:00Z,GAS,GAS FIRED STEAM,1223.084149125417,3078
2026-08-13T05:00:00Z,GAS,SIMPLE CYCLE,336.08021597633757,1014
2026-08-13T05:00:00Z,HYDRO,HYDRO,310.4241461969746,896
2026-08-13T05:00:00Z,OTHER,BIOMASS,123.01171985732185,195
2026-08-13T05:00:00Z,OTHER,COMPOSITE,0,20
2026-08-13T05:00:00Z,OTHER,GAS,2.0999510288238525,10
2026-08-13T05:00:00Z,OTHER,GAS COGEN,32.91728912830353,58
2026-08-13T05:00:00Z,OTHER,OIL/GAS,42.85779915703667,53
2026-08-13T05:00:00Z,OTHER,WOOD/REFUSE,63.32985366211997,149
2026-08-13T05:00:00Z,SOLAR,SOLAR,1.6304444249471028,1892
2026-08-13T05:00:00Z,WIND,WIND,156.17609931396115,5684
2026-08-13T06:00:00Z,ENERGY STORAGE,ENERGY STORAGE,-7.53077770843688,270
2026-08-13T06:00:00Z,GAS,COGENERATION,4518.532852105035,6122
2026-08-13T06:00:00Z,GAS,COMBINED CYCLE,2970.947600613965,3974
2026-08-13T06:00:00Z,GAS,GAS FIRED STEAM,1183.7280363737214,3078
2026-08-13T06:00:00Z,GAS,SIMPLE CYCLE,304.7470856360263,1014
2026-08-13T06:00:00Z,HYDRO,HYDRO,207.69982965649828,896
2026-08-13T06:00:00Z,OTHER,BIOMASS,121.65621960984336,195
2026-08-13T06:00:00Z,OTHER,COMPOSITE,0,20
2026-08-13T06:00:00Z,OTHER,GAS,2.0999510288238525,10
2026-08-13T06:00:00Z,OTHER,GAS COGEN,31.928776433467863,58
2026-08-13T06:00:00Z,OTHER,OIL/GAS,42.841120902167425,53
2026-08-13T06:00:00Z,OTHER,WOOD/REFUSE,62.34388862689336,149
2026-08-13T06:00:00Z,SOLAR,SOLAR,0.4000000059604645,1892
2026-08-13T06:00:00Z,WIND,WIND,113.48126160758237,5684
2026-08-13T07:00:00Z,ENERGY STORAGE,ENERGY STORAGE,-6.247666607813702,270
2026-08-13T07:00:00Z,GAS,COGENERATION,4528.839482994609,6122
2026-08-13T07:00:00Z,GAS,COMBINED CYCLE,2916.6093444159296,3974
2026-08-13T07:00:00Z,GAS,GAS FIRED STEAM,1179.959426252577,3078
2026-08-13T07:00:00Z,GAS,SIMPLE CYCLE,215.01199936219388,1014
2026-08-13T07:00:00Z,HYDRO,HYDRO,247.77652472615242,896
2026-08-13T07:00:00Z,OTHER,BIOMASS,114.90249759886,195
2026-08-13T07:00:00Z,OTHER,COMPOSITE,0,20
2026-08-13T07:00:00Z,OTHER,GAS,2.0999510288238525,10
2026-08-13T07:00:00Z,OTHER,GAS COGEN,31.9084188524882,58
2026-08-13T07:00:00Z,OTHER,OIL/GAS,43.249910303751626,53
2026-08-13T07:00:00Z,OTHER,WOOD/REFUSE,64.51515214920045,149
2026-08-13T07:00:00Z,SOLAR,SOLAR,0.4000000059604645,1892
2026-08-13T07:00:00Z,WIND,WIND,119.38195350882494,5684
2026-08-13T08:00:00Z,ENERGY STORAGE,ENERGY STORAGE,11.106221880151166,270
2026-08-13T08:00:00Z,GAS,COGENERATION,4518.584409449365,6122
2026-08-13T08:00:00Z,GAS,COMBINED CYCLE,2895.1466071535483,3974
2026-08-13T08:00:00Z,GAS,GAS FIRED STEAM,1179.8449263000489,3078
2026-08-13T08:00:00Z,GAS,SIMPLE CYCLE,177.9308565682504,1014
2026-08-13T08:00:00Z,HYDRO,HYDRO,174.28575708020065,896
2026-08-13T08:00:00Z,OTHER,BIOMASS,113.12444323837757,195
2026-08-13T08:00:00Z,OTHER,COMPOSITE,0,20
2026-08-13T08:00:00Z,OTHER,GAS,2.0999510288238525,10
2026-08-13T08:00:00Z,OTHER,GAS COGEN,31.887717010709974,58
2026-08-13T08:00:00Z,OTHER,OIL/GAS,43.34123228708903,53
2026-08-13T08:00:00Z,OTHER,WOOD/REFUSE,66.47494447257785,149
2026-08-13T08:00:00Z,SOLAR,SOLAR,0.4000000059604645,1892
2026-08-13T08:00:00Z,WIND,WIND,181.20683660021672,5684
2026-08-13T09:00:00Z,ENERGY STORAGE,ENERGY STORAGE,10.680999713953998,270
2026-08-13T09:00:00Z,GAS,COGENERATION,4504.529763014052,6122
2026-08-13T09:00:00Z,GAS,COMBINED CYCLE,2896.6907690093253,3974
2026-08-13T09:00:00Z,GAS,GAS FIRED STEAM,1144.9319263034397,3078
2026-08-13T09:00:00Z,GAS,SIMPLE CYCLE,107.95810984677739,1014
2026-08-13T09:00:00Z,HYDRO,HYDRO,184.68015120608112,896
2026-08-13T09:00:00Z,OTHER,BIOMASS,112.12117024355464,195
2026-08-13T09:00:00Z,OTHER,COMPOSITE,0,20
2026-08-13T09:00:00Z,OTHER,GAS,2.0999510288238525,10
2026-08-13T09:00:00Z,OTHER,GAS COGEN,31.74442774878608,58
2026-08-13T09:00:00Z,OTHER,OIL/GAS,43.48564389546712,53
2026-08-13T09:00:00Z,OTHER,WOOD/REFUSE,65.96203732834923,149
2026-08-13T09:00:00Z,SOLAR,SOLAR,0.4000000059604645,1892
2026-08-13T09:00:00Z,WIND,WIND,215.02130997274486,5684
2026-08-13T10:00:00Z,ENERGY STORAGE,ENERGY STORAGE,0,270
2026-08-13T10:00:00Z,GAS,COGENERATION,4505.468466487726,6122
2026-08-13T10:00:00Z,GAS,COMBINED CYCLE,2893.764042429394,3974
2026-08-13T10:00:00Z,GAS,GAS FIRED STEAM,1144.3229272969565,3078
2026-08-13T10:00:00Z,GAS,SIMPLE CYCLE,103.47033104681306,1014
2026-08-13T10:00:00Z,HYDRO,HYDRO,169.73153347485595,896
2026-08-13T10:00:00Z,OTHER,BIOMASS,109.19316450383928,195
2026-08-13T10:00:00Z,OTHER,COMPOSITE,0,20
2026-08-13T10:00:00Z,OTHER,GAS,2.0999510288238525,10
2026-08-13T10:00:00Z,OTHER,GAS COGEN,31.69307838175032,58
2026-08-13T10:00:00Z,OTHER,OIL/GAS,43.3567435836792,53
2026-08-13T10:00:00Z,OTHER,WOOD/REFUSE,66.40397073904673,149
2026-08-13T10:00:00Z,SOLAR,SOLAR,0.4000000059604645,1892
2026-08-13T10:00:00Z,WIND,WIND,274.06623267159694,5684
2026-08-13T11:00:00Z,ENERGY STORAGE,ENERGY STORAGE,0,270
2026-08-13T11:00:00Z,GAS,COGENERATION,4530.660990129577,6122
2026-08-13T11:00:00Z,GAS,COMBINED CYCLE,2894.9377378280956,3974
2026-08-13T11:00:00Z,GAS,GAS FIRED STEAM,1162.7621487765841,3078
2026-08-13T11:00:00Z,GAS,SIMPLE CYCLE,127.61910878250997,1014
2026-08-13T11:00:00Z,HYDRO,HYDRO,168.3775736773014,896
2026-08-13T11:00:00Z,OTHER,BIOMASS,110.56705374346839,195
2026-08-13T11:00:00Z,OTHER,COMPOSITE,0,20
2026-08-13T11:00:00Z,OTHER,GAS,1.330451049208641,10
2026-08-13T11:00:00Z,OTHER,GAS COGEN,31.420011365678576,58
2026-08-13T11:00:00Z,OTHER,OIL/GAS,43.22128247578939,53
2026-08-13T11:00:00Z,OTHER,WOOD/REFUSE,68.38586387687259,149
2026-08-13T11:00:00Z,SOLAR,SOLAR,0.4000000059604645,1892
2026-08-13T11:00:00Z,WIND,WIND,346.2386989622687,5684
2026-08-13T12:00:00Z,ENERGY STORAGE,ENERGY STORAGE,0,270
2026-08-13T12:00:00Z,GAS,COGENERATION,4538.876282086902,6122
2026-08-13T12:00:00Z,GAS,COMBINED CYCLE,2828.0354119194876,3974
2026-08-13T12:00:00Z,GAS,GAS FIRED STEAM,1167.5412581041123,3078
2026-08-13T12:00:00Z,GAS,SIMPLE CYCLE,232.47732970419858,1014
2026-08-13T12:00:00Z,HYDRO,HYDRO,140.69671532788212,896
2026-08-13T12:00:00Z,OTHER,BIOMASS,110.90316436767577,195
2026-08-13T12:00:00Z,OTHER,COMPOSITE,0,20
2026-08-13T12:00:00Z,OTHER,GAS,1.109284364382426,10
2026-08-13T12:00:00Z,OTHER,GAS COGEN,31.51090799331665,58
2026-08-13T12:00:00Z,OTHER,OIL/GAS,43.33564865324232,53
2026-08-13T12:00:00Z,OTHER,WOOD/REFUSE,63.69774386856291,149
2026-08-13T12:00:00Z,SOLAR,SOLAR,7.251333342451188,1892
2026-08-13T12:00:00Z,WIND,WIND,459.15825280286373,5684
2026-08-13T13:00:00Z,ENERGY STORAGE,ENERGY STORAGE,-1.4390555704633394,270
2026-08-13T13:00:00Z,GAS,COGENERATION,4519.931480678452,6122
2026-08-13T13:00:00Z,GAS,COMBINED CYCLE,2869.723830487463,3974
2026-08-13T13:00:00Z,GAS,GAS FIRED STEAM,1196.2391486782499,3078
2026-08-13T13:00:00Z,GAS,SIMPLE CYCLE,252.7913293379876,1014
2026-08-13T13:00:00Z,HYDRO,HYDRO,184.71373748304114,896
2026-08-13T13:00:00Z,OTHER,BIOMASS,111.06977579010858,195
2026-08-13T13:00:00Z,OTHER,COMPOSITE,0,20
2026-08-13T13:00:00Z,OTHER,GAS,0.8999509811401367,10
2026-08-13T13:00:00Z,OTHER,GAS COGEN,31.403967572318184,58
2026-08-13T13:00:00Z,OTHER,OIL/GAS,43.46112132814196,53
2026-08-13T13:00:00Z,OTHER,WOOD/REFUSE,61.52765747944514,149
2026-08-13T13:00:00Z,SOLAR,SOLAR,83.95910997206138,1892
2026-08-13T13:00:00Z,WIND,WIND,490.91976440536894,5684
2026-08-13T14:00:00Z,ENERGY STORAGE,ENERGY STORAGE,-10.090193814337255,270
2026-08-13T14:00:00Z,GAS,COGENERATION,4476.890170301332,6122
2026-08-13T14:00:00Z,GAS,COMBINED CYCLE,2875.8886061366397,3974
2026-08-13T14:00:00Z,GAS,GAS FIRED STEAM,1203.3903146192763,3078
2026-08-13T14:00:00Z,GAS,SIMPLE CYCLE,292.5407168315185,1014
2026-08-13T14:00:00Z,HYDRO,HYDRO,209.77548086611762,896
2026-08-13T14:00:00Z,OTHER,BIOMASS,109.25572007391187,195
2026-08-13T14:00:00Z,OTHER,COMPOSITE,0,20
2026-08-13T14:00:00Z,OTHER,GAS,0.8999509811401367,10
2026-08-13T14:00:00Z,OTHER,GAS COGEN,31.5309383614858,58
2026-08-13T14:00:00Z,OTHER,OIL/GAS,43.23493764877319,53
2026-08-13T14:00:00Z,OTHER,WOOD/REFUSE,62.71228662358389,149
2026-08-13T14:00:00Z,SOLAR,SOLAR,222.96605734436048,1892
2026-08-13T14:00:00Z,WIND,WIND,443.81716844897716,5684
2026-08-13T15:00:00Z,ENERGY STORAGE,ENERGY STORAGE,-81.19999849796295,270
2026-08-13T15:00:00Z,GAS,COGENERATION,4455.560242483086,6122
2026-08-13T15:00:00Z,GAS,COMBINED CYCLE,2994.3574752524164,3974
2026-08-13T15:00:00Z,GAS,GAS FIRED STEAM,1225.0864253766008,3078
2026-08-13T15:00:00Z,GAS,SIMPLE CYCLE,298.7215000061525,1014
2026-08-13T15:00:00Z,HYDRO,HYDRO,178.73638081640004,896
2026-08-13T15:00:00Z,OTHER,BIOMASS,109.91344246228536,195
2026-08-13T15:00:00Z,OTHER,COMPOSITE,0,20
2026-08-13T15:00:00Z,OTHER,GAS,0.8999509811401367,10
2026-08-13T15:00:00Z,OTHER,GAS COGEN,31.565067994859483,58
2026-08-13T15:00:00Z,OTHER,OIL/GAS,43.51198247061835,53
2026-08-13T15:00:00Z,OTHER,WOOD/REFUSE,68.22944071822695,149
2026-08-13T15:00:00Z,SOLAR,SOLAR,306.7282125646621,1892
2026-08-13T15:00:00Z,WIND,WIND,481.50775501867963,5684
2026-08-13T16:00:00Z,ENERGY STORAGE,ENERGY STORAGE,-81.19999849796295,270
2026-08-13T16:00:00Z,GAS,COGENERATION,4414.866717414061,6122
2026-08-13T16:00:00Z,GAS,COMBINED CYCLE,3034.3903298762107,3974
2026-08-13T16:00:00Z,GAS,GAS FIRED STEAM,1230.5905931218465,3078
2026-08-13T16:00:00Z,GAS,SIMPLE CYCLE,372.783435182559,1014
2026-08-13T16:00:00Z,HYDRO,HYDRO,304.1655507047309,896
2026-08-13T16:00:00Z,OTHER,BIOMASS,112.48233146455553,195
2026-08-13T16:00:00Z,OTHER,COMPOSITE,0,20
2026-08-13T16:00:00Z,OTHER,GAS,0.8999509811401367,10
2026-08-13T16:00:00Z,OTHER,GAS COGEN,31.543288914892408,58
2026-08-13T16:00:00Z,OTHER,OIL/GAS,44.150982780456545,53
2026-08-13T16:00:00Z,OTHER,WOOD/REFUSE,72.85976983918084,149
2026-08-13T16:00:00Z,SOLAR,SOLAR,281.15833707135585,1892
2026-08-13T16:00:00Z,WIND,WIND,488.28419889982376,5684
2026-08-13T17:00:00Z,ENERGY STORAGE,ENERGY STORAGE,-12.416444294452665,270
2026-08-13T17:00:00Z,GAS,COGENERATION,4380.80804195563,6122
2026-08-13T17:00:00Z,GAS,COMBINED CYCLE,3035.7547961910564,3974
2026-08-13T17:00:00Z,GAS,GAS FIRED STEAM,1234.9351481045617,3078
2026-08-13T17:00:00Z,GAS,SIMPLE CYCLE,404.1774932304356,1014
2026-08-13T17:00:00Z,HYDRO,HYDRO,273.5055565633376,896
2026-08-13T17:00:00Z,OTHER,BIOMASS,116.73160873333613,195
2026-08-13T17:00:00Z,OTHER,COMPOSITE,4.5681109386682515,20
2026-08-13T17:00:00Z,OTHER,GAS,0.8999509811401367,10
2026-08-13T17:00:00Z,OTHER,GAS COGEN,32.5247272960345,58
2026-08-13T17:00:00Z,OTHER,OIL/GAS,43.42499440722995,53
2026-08-13T17:00:00Z,OTHER,WOOD/REFUSE,78.90858728408813,149
2026-08-13T17:00:00Z,SOLAR,SOLAR,325.8077054520448,1892
2026-08-13T17:00:00Z,WIND,WIND,507.66875339493157,5684
2026-08-13T18:00:00Z,ENERGY STORAGE,ENERGY STORAGE,78.37872240861257,270
2026-08-13T18:00:00Z,GAS,COGENERATION,4365.293076841566,6122
2026-08-13T18:00:00Z,GAS,COMBINED CYCLE,3027.3158804514674,3974
2026-08-13T18:00:00Z,GAS,GAS FIRED STEAM,1234.9774800904593,3078
2026-08-13T18:00:00Z,GAS,SIMPLE CYCLE,335.90534181482263,1014
2026-08-13T18:00:00Z,HYDRO,HYDRO,295.02295351737075,896
2026-08-13T18:00:00Z,OTHER,BIOMASS,122.26022003226811,195
2026-08-13T18:00:00Z,OTHER,COMPOSITE,9.911166292296516,20
2026-08-13T18:00:00Z,OTHER,GAS,0.8999509811401367,10
2026-08-13T18:00:00Z,OTHER,GAS COGEN,37.59458305570814,58
2026-08-13T18:00:00Z,OTHER,OIL/GAS,43.18686588287353,53
2026-08-13T18:00:00Z,OTHER,WOOD/REFUSE,80.63205733776093,149
2026-08-13T18:00:00Z,SOLAR,SOLAR,370.2264127458301,1892
2026-08-13T18:00:00Z,WIND,WIND,559.1689532394541,5684
2026-08-13T19:00:00Z,ENERGY STORAGE,ENERGY STORAGE,78.39999997615814,270
2026-08-13T19:00:00Z,GAS,COGENERATION,4354.290014425384,6122
2026-08-13T19:00:00Z,GAS,COMBINED CYCLE,2988.9968881026903,3974
2026-08-13T19:00:00Z,GAS,GAS FIRED STEAM,1235.0768704488542,3078
2026-08-13T19:00:00Z,GAS,SIMPLE CYCLE,343.14096830305954,1014
2026-08-13T19:00:00Z,HYDRO,HYDRO,237.48467451890312,896
2026-08-13T19:00:00Z,OTHER,BIOMASS,123.68977524810367,195
2026-08-13T19:00:00Z,OTHER,COMPOSITE,9.9406107378006,20
2026-08-13T19:00:00Z,OTHER,GAS,0.9726732207006878,10
2026-08-13T19:00:00Z,OTHER,GAS COGEN,37.72008941756354,58
2026-08-13T19:00:00Z,OTHER,OIL/GAS,42.84308775371975,53
2026-08-13T19:00:00Z,OTHER,WOOD/REFUSE,82.92353229151831,149
2026-08-13T19:00:00Z,SOLAR,SOLAR,366.65303925785753,1892
2026-08-13T19:00:00Z,WIND,WIND,702.6936926906432,5684
2026-08-13T20:00:00Z,ENERGY STORAGE,ENERGY STORAGE,25.495333308113945,270
2026-08-13T20:00:00Z,GAS,COGENERATION,4340.3037283741105,6122
2026-08-13T20:00:00Z,GAS,COMBINED CYCLE,2921.073067434364,3974
2026-08-13T20:00:00Z,GAS,GAS FIRED STEAM,1235.3404251352947,3078
2026-08-13T20:00:00Z,GAS,SIMPLE CYCLE,255.19291780079817,1014
2026-08-13T20:00:00Z,HYDRO,HYDRO,190.20894763140214,896
2026-08-13T20:00:00Z,OTHER,BIOMASS,123.10610843817393,195
2026-08-13T20:00:00Z,OTHER,COMPOSITE,1.937111135986116,20
2026-08-13T20:00:00Z,OTHER,GAS,0.9999510049819946,10
2026-08-13T20:00:00Z,OTHER,GAS COGEN,38.13366744147407,58
2026-08-13T20:00:00Z,OTHER,OIL/GAS,43.04312669118246,53
2026-08-13T20:00:00Z,OTHER,WOOD/REFUSE,83.3288730706109,149
2026-08-13T20:00:00Z,SOLAR,SOLAR,362.520027778546,1892
2026-08-13T20:00:00Z,WIND,WIND,860.1884042238858,5684
2026-08-13T21:00:00Z,ENERGY STORAGE,ENERGY STORAGE,-76.93460966780782,270
2026-08-13T21:00:00Z,GAS,COGENERATION,4340.08180833949,6122
2026-08-13T21:00:00Z,GAS,COMBINED CYCLE,2951.9772390622566,3974
2026-08-13T21:00:00Z,GAS,GAS FIRED STEAM,1201.9457578722636,3078
2026-08-13T21:00:00Z,GAS,SIMPLE CYCLE,269.9923550962077,1014
2026-08-13T21:00:00Z,HYDRO,HYDRO,204.55047703584034,896
2026-08-13T21:00:00Z,OTHER,BIOMASS,123.28783070405323,195
2026-08-13T21:00:00Z,OTHER,COMPOSITE,0,20
2026-08-13T21:00:00Z,OTHER,GAS,0.9999510049819946,10
2026-08-13T21:00:00Z,OTHER,GAS COGEN,37.964823063214624,58
2026-08-13T21:00:00Z,OTHER,OIL/GAS,43.690399176279705,53
2026-08-13T21:00:00Z,OTHER,WOOD/REFUSE,78.86780592441559,149
2026-08-13T21:00:00Z,SOLAR,SOLAR,323.9085200531615,1892
2026-08-13T21:00:00Z,WIND,WIND,907.9154523030172,5684
2026-08-13T22:00:00Z,ENERGY STORAGE,ENERGY STORAGE,-81.39999842643738,270
2026-08-13T22:00:00Z,GAS,COGENERATION,4337.552439100742,6122
2026-08-13T22:00:00Z,GAS,COMBINED CYCLE,2953.437191561328,3974
2026-08-13T22:00:00Z,GAS,GAS FIRED STEAM,1156.329758111106,3078
2026-08-13T22:00:00Z,GAS,SIMPLE CYCLE,291.7388953410917,1014
2026-08-13T22:00:00Z,HYDRO,HYDRO,212.18834630813035,896
2026-08-13T22:00:00Z,OTHER,BIOMASS,117.73838623086611,195
2026-08-13T22:00:00Z,OTHER,COMPOSITE,0,20
2026-08-13T22:00:00Z,OTHER,GAS,0.9999510049819946,10
2026-08-13T22:00:00Z,OTHER,GAS COGEN,37.79327494197422,58
2026-08-13T22:00:00Z,OTHER,OIL/GAS,43.93781610276964,53
2026-08-13T22:00:00Z,OTHER,WOOD/REFUSE,79.92435208267636,149
2026-08-13T22:00:00Z,SOLAR,SOLAR,271.6316134209434,1892
2026-08-13T22:00:00Z,WIND,WIND,944.9731442625987,5684
2026-08-13T23:00:00Z,ENERGY STORAGE,ENERGY STORAGE,-60.37472121069828,270
2026-08-13T23:00:00Z,GAS,COGENERATION,4339.183424641026,6122
2026-08-13T23:00:00Z,GAS,COMBINED CYCLE,2951.899480349223,3974
2026-08-13T23:00:00Z,GAS,GAS FIRED STEAM,1021.0399266751607,3078
2026-08-13T23:00:00Z,GAS,SIMPLE CYCLE,286.2453286722634,1014
2026-08-13T23:00:00Z,HYDRO,HYDRO,188.56725213118725,896
2026-08-13T23:00:00Z,OTHER,BIOMASS,109.86916488011678,195
2026-08-13T23:00:00Z,OTHER,COMPOSITE,0,20
2026-08-13T23:00:00Z,OTHER,GAS,0.9999510049819946,10
2026-08-13T23:00:00Z,OTHER,GAS COGEN,36.70198255538941,58
2026-08-13T23:00:00Z,OTHER,OIL/GAS,44.0349377907647,53
2026-08-13T23:00:00Z,OTHER,WOOD/REFUSE,79.67524263699849,149
2026-08-13T23:00:00Z,SOLAR,SOLAR,220.44541030089889,1892
2026-08-13T23:00:00Z,WIND,WIND,1183.9899895566537,5684
2026-08-14T00:00:00Z,ENERGY STORAGE,ENERGY STORAGE,63.655385998355015,270
2026-08-14T00:00:00Z,GAS,COGENERATION,4316.488570161396,6122
2026-08-14T00:00:00Z,GAS,COMBINED CYCLE,2927.677651165591,3974
2026-08-14T00:00:00Z,GAS,GAS FIRED STEAM,760.3249876181285,3078
2026-08-14T00:00:00Z,GAS,SIMPLE CYCLE,281.54583015945224,1014
2026-08-14T00:00:00Z,HYDRO,HYDRO,239.6853612279478,896
2026-08-14T00:00:00Z,OTHER,BIOMASS,111.82266430642869,195
2026-08-14T00:00:00Z,OTHER,COMPOSITE,0,20
2026-08-14T00:00:00Z,OTHER,GAS,0.9999510049819946,10
2026-08-14T00:00:00Z,OTHER,GAS COGEN,37.73495223522186,58
2026-08-14T00:00:00Z,OTHER,OIL/GAS,43.613882823520235,53
2026-08-14T00:00:00Z,OTHER,WOOD/REFUSE,80.39133391804165,149
2026-08-14T00:00:00Z,SOLAR,SOLAR,109.98636465705103,1892
2026-08-14T00:00:00Z,WIND,WIND,1373.7200443833322,5684
2026-08-14T01:00:00Z,ENERGY STORAGE,ENERGY STORAGE,78.09999394416809,270
2026-08-14T01:00:00Z,GAS,COGENERATION,4319.766934453646,6122
2026-08-14T01:00:00Z,GAS,COMBINED CYCLE,2901.359887880484,3974
2026-08-14T01:00:00Z,GAS,GAS FIRED STEAM,730.8844317298465,3078
2026-08-14T01:00:00Z,GAS,SIMPLE CYCLE,252.25199623088042,1014
2026-08-14T01:00:00Z,HYDRO,HYDRO,276.03648174564046,896
2026-08-14T01:00:00Z,OTHER,BIOMASS,112.21183096991645,195
2026-08-14T01:00:00Z,OTHER,COMPOSITE,0,20
2026-08-14T01:00:00Z,OTHER,GAS,0.9999510049819946,10
2026-08-14T01:00:00Z,OTHER,GAS COGEN,37.63734856817457,58
2026-08-14T01:00:00Z,OTHER,OIL/GAS,44.471948382059736,53
2026-08-14T01:00:00Z,OTHER,WOOD/REFUSE,80.73605233139463,149
2026-08-14T01:00:00Z,SOLAR,SOLAR,34.646802024535006,1892
2026-08-14T01:00:00Z,WIND,WIND,1451.173114237984,5684
2026-08-14T02:00:00Z,ENERGY STORAGE,ENERGY STORAGE,34.70610808836089,270
2026-08-14T02:00:00Z,GAS,COGENERATION,4237.640491266516,6122
2026-08-14T02:00:00Z,GAS,COMBINED CYCLE,2906.7802782607077,3974
2026-08-14T02:00:00Z,GAS,GAS FIRED STEAM,720.6744896623824,3078
2026-08-14T02:00:00Z,GAS,SIMPLE CYCLE,254.2234947323799,1014
2026-08-14T02:00:00Z,HYDRO,HYDRO,293.85374150057635,896
2026-08-14T02:00:00Z,OTHER,BIOMASS,113.3568873500824,195
2026-08-14T02:00:00Z,OTHER,COMPOSITE,0,20
2026-08-14T02:00:00Z,OTHER,GAS,0.9999510049819946,10
2026-08-14T02:00:00Z,OTHER,GAS COGEN,37.20028466595544,58
2026-08-14T02:00:00Z,OTHER,OIL/GAS,43.92544909795125,53
2026-08-14T02:00:00Z,OTHER,WOOD/REFUSE,80.94995524459415,149
2026-08-14T02:00:00Z,SOLAR,SOLAR,3.7762997643401226,1892
2026-08-14T02:00:00Z,WIND,WIND,1539.4023771972873,5684
2026-08-14T03:00:00Z,ENERGY STORAGE,ENERGY STORAGE,-5.932055428094334,270
2026-08-14T03:00:00Z,GAS,COGENERATION,4348.602957000998,6122
2026-08-14T03:00:00Z,GAS,COMBINED CYCLE,2896.479956305557,3974
2026-08-14T03:00:00Z,GAS,GAS FIRED STEAM,735.7463219483693,3078
2026-08-14T03:00:00Z,GAS,SIMPLE CYCLE,250.1049402472708,1014
2026-08-14T03:00:00Z,HYDRO,HYDRO,224.82042309795816,896
2026-08-14T03:00:00Z,OTHER,BIOMASS,112.83199790530733,195
2026-08-14T03:00:00Z,OTHER,COMPOSITE,0,20
2026-08-14T03:00:00Z,OTHER,GAS,0.9999510049819946,10
2026-08-14T03:00:00Z,OTHER,GAS COGEN,37.53214310752021,58
2026-08-14T03:00:00Z,OTHER,OIL/GAS,44.358665233188205,53
2026-08-14T03:00:00Z,OTHER,WOOD/REFUSE,80.65830718040466,149
2026-08-14T03:00:00Z,SOLAR,SOLAR,0.9859889486763213,1892
2026-08-14T03:00:00Z,WIND,WIND,1526.1886638096887,5684
2026-08-14T04:00:00Z,ENERGY STORAGE,ENERGY STORAGE,-1.7999999523162842,270
2026-08-14T04:00:00Z,GAS,COGENERATION,4337.689251141283,6122
2026-08-14T04:00:00Z,GAS,COMBINED CYCLE,2923.7240630862448,3974
2026-08-14T04:00:00Z,GAS,GAS FIRED STEAM,733.743656689326,3078
2026-08-14T04:00:00Z,GAS,SIMPLE CYCLE,92.69088800927003,1014
2026-08-14T04:00:00Z,HYDRO,HYDRO,248.93894987116258,896
2026-08-14T04:00:00Z,OTHER,BIOMASS,111.65649799558851,195
2026-08-14T04:00:00Z,OTHER,COMPOSITE,0,20
2026-08-14T04:00:00Z,OTHER,GAS,0.9999510049819946,10
2026-08-14T04:00:00Z,OTHER,GAS COGEN,38.445977738698325,58
2026-08-14T04:00:00Z,OTHER,OIL/GAS,44.210449095831976,53
2026-08-14T04:00:00Z,OTHER,WOOD/REFUSE,80.13618233945634,149
2026-08-14T04:00:00Z,SOLAR,SOLAR,0.8682401594850753,1892
2026-08-14T04:00:00Z,WIND,WIND,1424.7493978617672,5684
2026-08-14T05:00:00Z,ENERGY STORAGE,ENERGY STORAGE,-0.11872221915258302,270
2026-08-14T05:00:00Z,GAS,COGENERATION,4334.001857273579,6122
2026-08-14T05:00:00Z,GAS,COMBINED CYCLE,2890.004066420926,3974
2026-08-14T05:00:00Z,GAS,GAS FIRED STEAM,714.8737670738167,3078
2026-08-14T05:00:00Z,GAS,SIMPLE CYCLE,85.65182199060918,1014
2026-08-14T05:00:00Z,HYDRO,HYDRO,224.69429626534384,896
2026-08-14T05:00:00Z,OTHER,BIOMASS,111.96321977191501,195
2026-08-14T05:00:00Z,OTHER,COMPOSITE,0,20
2026-08-14T05:00:00Z,OTHER,GAS,0.9999510049819946,10
2026-08-14T05:00:00Z,OTHER,GAS COGEN,38.32542266845703,58
2026-08-14T05:00:00Z,OTHER,OIL/GAS,44.25328820546468,53
2026-08-14T05:00:00Z,OTHER,WOOD/REFUSE,81.2165022134781,149
2026-08-14T05:00:00Z,SOLAR,SOLAR,0.5000000074505806,1892
2026-08-14T05:00:00Z,WIND,WIND,1223.688070306894,5684
2026-08-14T06:00:00Z,ENERGY STORAGE,ENERGY STORAGE,-9.30038868539863,270
2026-08-14T06:00:00Z,GAS,COGENERATION,4388.14099111557,6122
2026-08-14T06:00:00Z,GAS,COMBINED CYCLE,2797.95342958,3974
2026-08-14T06:00:00Z,GAS,GAS FIRED STEAM,795.4430976549785,3078
2026-08-14T06:00:00Z,GAS,SIMPLE CYCLE,84.776832769182,1014
2026-08-14T06:00:00Z,HYDRO,HYDRO,212.30281890670457,896
2026-08-14T06:00:00Z,OTHER,BIOMASS,111.7676645178265,195
2026-08-14T06:00:00Z,OTHER,COMPOSITE,0,20
2026-08-14T06:00:00Z,OTHER,GAS,0.9999510049819946,10
2026-08-14T06:00:00Z,OTHER,GAS COGEN,38.37738230175442,58
2026-08-14T06:00:00Z,OTHER,OIL/GAS,44.290625989702015,53
2026-08-14T06:00:00Z,OTHER,WOOD/REFUSE,81.08021971649595,149
2026-08-14T06:00:00Z,SOLAR,SOLAR,0.5000000074505806,1892
2026-08-14T06:00:00Z,WIND,WIND,961.2724504673729,5684
2026-08-14T07:00:00Z,ENERGY STORAGE,ENERGY STORAGE,-8.199999809265137,270
2026-08-14T07:00:00Z,GAS,COGENERATION,4409.941057791445,6122
2026-08-14T07:00:00Z,GAS,COMBINED CYCLE,2833.5269327404767,3974
2026-08-14T07:00:00Z,GAS,GAS FIRED STEAM,970.0772067726983,3078
2026-08-14T07:00:00Z,GAS,SIMPLE CYCLE,68.31483297829827,1014
2026-08-14T07:00:00Z,HYDRO,HYDRO,187.44085924426713,896
2026-08-14T07:00:00Z,OTHER,BIOMASS,111.60933094766403,195
2026-08-14T07:00:00Z,OTHER,COMPOSITE,0,20
2026-08-14T07:00:00Z,OTHER,GAS,0.9999510049819946,10
2026-08-14T07:00:00Z,OTHER,GAS COGEN,38.536998931037054,58
2026-08-14T07:00:00Z,OTHER,OIL/GAS,44.02713237974379,53
2026-08-14T07:00:00Z,OTHER,WOOD/REFUSE,83.5067605861028,149
2026-08-14T07:00:00Z,SOLAR,SOLAR,0.5000000074505806,1892
2026-08-14T07:00:00Z,WIND,WIND,650.1511779327608,5684
2026-08-14T08:00:00Z,ENERGY STORAGE,ENERGY STORAGE,-1.5033332995242543,270
2026-08-14T08:00:00Z,GAS,COGENERATION,4410.092199616962,6122
2026-08-14T08:00:00Z,GAS,COMBINED CYCLE,2847.4343045242626,3974
2026-08-14T08:00:00Z,GAS,GAS FIRED STEAM,1077.7239801152546,3078
2026-08-14T08:00:00Z,GAS,SIMPLE CYCLE,67.75772162119547,1014
2026-08-14T08:00:00Z,HYDRO,HYDRO,188.5778054758575,896
2026-08-14T08:00:00Z,OTHER,BIOMASS,111.15221997578938,195
2026-08-14T08:00:00Z,OTHER,COMPOSITE,0,20
2026-08-14T08:00:00Z,OTHER,GAS,0.9999510049819946,10
2026-08-14T08:00:00Z,OTHER,GAS COGEN,38.59405329492357,58
2026-08-14T08:00:00Z,OTHER,OIL/GAS,44.17371583726671,53
2026-08-14T08:00:00Z,OTHER,WOOD/REFUSE,84.89368631362915,149
2026-08-14T08:00:00Z,SOLAR,SOLAR,0.5000000074505806,1892
2026-08-14T08:00:00Z,WIND,WIND,444.43777695436444,5684
2026-08-14T09:00:00Z,ENERGY STORAGE,ENERGY STORAGE,0,270
2026-08-14T09:00:00Z,GAS,COGENERATION,4412.389839572907,6122
2026-08-14T09:00:00Z,GAS,COMBINED CYCLE,2848.7940378276508,3974
2026-08-14T09:00:00Z,GAS,GAS FIRED STEAM,1193.1911467450195,3078
2026-08-14T09:00:00Z,GAS,SIMPLE CYCLE,65.68522164874607,1014
2026-08-14T09:00:00Z,HYDRO,HYDRO,168.68882332616383,896
2026-08-14T09:00:00Z,OTHER,BIOMASS,112.04949703216553,195
2026-08-14T09:00:00Z,OTHER,COMPOSITE,0,20
2026-08-14T09:00:00Z,OTHER,GAS,0.9999510049819946,10
2026-08-14T09:00:00Z,OTHER,GAS COGEN,38.600750340355766,58
2026-08-14T09:00:00Z,OTHER,OIL/GAS,43.61148197386,53
2026-08-14T09:00:00Z,OTHER,WOOD/REFUSE,85.18007560729981,149
2026-08-14T09:00:00Z,SOLAR,SOLAR,0.5000000074505806,1892
2026-08-14T09:00:00Z,WIND,WIND,354.889444345836,5684
2026-08-14T10:00:00Z,ENERGY STORAGE,ENERGY STORAGE,0,270
2026-08-14T10:00:00Z,GAS,COGENERATION,4428.046156977018,6122
2026-08-14T10:00:00Z,GAS,COMBINED CYCLE,2863.9091901490424,3974
2026-08-14T10:00:00Z,GAS,GAS FIRED STEAM,1187.1987600062953,3078
2026-08-14T10:00:00Z,GAS,SIMPLE CYCLE,75.74094375186496,1014
2026-08-14T10:00:00Z,HYDRO,HYDRO,190.76458764692146,896
2026-08-14T10:00:00Z,OTHER,BIOMASS,111.42899808883666,195
2026-08-14T10:00:00Z,OTHER,COMPOSITE,0,20
2026-08-14T10:00:00Z,OTHER,GAS,0.9999510049819946,10
2026-08-14T10:00:00Z,OTHER,GAS COGEN,38.26900970247057,58
2026-08-14T10:00:00Z,OTHER,OIL/GAS,43.64441619873047,53
2026-08-14T10:00:00Z,OTHER,WOOD/REFUSE,85.48018587695228,149
2026-08-14T10:00:00Z,SOLAR,SOLAR,0.5000000074505806,1892
2026-08-14T10:00:00Z,WIND,WIND,352.6536268546184,5684
2026-08-14T11:00:00Z,ENERGY STORAGE,ENERGY STORAGE,0,270
2026-08-14T11:00:00Z,GAS,COGENERATION,4460.453645320468,6122
2026-08-14T11:00:00Z,GAS,COMBINED CYCLE,2895.09478294505,3974
2026-08-14T11:00:00Z,GAS,GAS FIRED STEAM,1320.333927016788,3078
2026-08-14T11:00:00Z,GAS,SIMPLE CYCLE,131.57566439578932,1014
2026-08-14T11:00:00Z,HYDRO,HYDRO,212.03640190463926,896
2026-08-14T11:00:00Z,OTHER,BIOMASS,112.34516538408067,195
2026-08-14T11:00:00Z,OTHER,COMPOSITE,0,20
2026-08-14T11:00:00Z,OTHER,GAS,0.9999510049819946,10
2026-08-14T11:00:00Z,OTHER,GAS COGEN,39.21416884581248,58
2026-08-14T11:00:00Z,OTHER,OIL/GAS,43.46096581141154,53
2026-08-14T11:00:00Z,OTHER,WOOD/REFUSE,87.53450471401214,149
2026-08-14T11:00:00Z,SOLAR,SOLAR,0.5000000074505806,1892
2026-08-14T11:00:00Z,WIND,WIND,198.2103333760798,5684
2026-08-14T12:00:00Z,ENERGY STORAGE,ENERGY STORAGE,0,270
2026-08-14T12:00:00Z,GAS,COGENERATION,4456.526896957292,6122
2026-08-14T12:00:00Z,GAS,COMBINED CYCLE,2929.2096220416493,3974
2026-08-14T12:00:00Z,GAS,GAS FIRED STEAM,1283.9174249839782,3078
2026-08-14T12:00:00Z,GAS,SIMPLE CYCLE,178.09949633508919,1014
2026-08-14T12:00:00Z,HYDRO,HYDRO,193.09171630925601,896
2026-08-14T12:00:00Z,OTHER,BIOMASS,112.33016442722744,195
2026-08-14T12:00:00Z,OTHER,COMPOSITE,0,20
2026-08-14T12:00:00Z,OTHER,GAS,0.9999510049819946,10
2026-08-14T12:00:00Z,OTHER,GAS COGEN,39.686854794290326,58
2026-08-14T12:00:00Z,OTHER,OIL/GAS,42.84208229276869,53
2026-08-14T12:00:00Z,OTHER,WOOD/REFUSE,88.62771468109554,149
2026-08-14T12:00:00Z,SOLAR,SOLAR,15.891555383652449,1892
2026-08-14T12:00:00Z,WIND,WIND,236.61310052945382,5684
2026-08-14T13:00:00Z,ENERGY STORAGE,ENERGY STORAGE,0,270
2026-08-14T13:00:00Z,GAS,COGENERATION,4446.588196422524,6122
2026-08-14T13:00:00Z,GAS,COMBINED CYCLE,2952.806402680344,3974
2026-08-14T13:00:00Z,GAS,GAS FIRED STEAM,1246.931814611223,3078
2026-08-14T13:00:00Z,GAS,SIMPLE CYCLE,196.30794213743673,1014
2026-08-14T13:00:00Z,HYDRO,HYDRO,248.78824626962344,896
2026-08-14T13:00:00Z,OTHER,BIOMASS,111.77660904619428,195
2026-08-14T13:00:00Z,OTHER,COMPOSITE,0,20
2026-08-14T13:00:00Z,OTHER,GAS,0.9999510049819946,10
2026-08-14T13:00:00Z,OTHER,GAS COGEN,39.497818409072025,58
2026-08-14T13:00:00Z,OTHER,OIL/GAS,42.77747710969713,53
2026-08-14T13:00:00Z,OTHER,WOOD/REFUSE,88.79240037441254,149
2026-08-14T13:00:00Z,SOLAR,SOLAR,129.19609417529156,1892
2026-08-14T13:00:00Z,WIND,WIND,252.47683653145614,5684
2026-08-14T14:00:00Z,ENERGY STORAGE,ENERGY STORAGE,0,270
2026-08-14T14:00:00Z,GAS,COGENERATION,4452.444597827063,6122
2026-08-14T14:00:00Z,GAS,COMBINED CYCLE,2994.2479054262903,3974
2026-08-14T14:00:00Z,GAS,GAS FIRED STEAM,1321.0012580108644,3078
2026-08-14T14:00:00Z,GAS,SIMPLE CYCLE,212.5690511973368,1014
2026-08-14T14:00:00Z,HYDRO,HYDRO,228.8418957144353,896
2026-08-14T14:00:00Z,OTHER,BIOMASS,113.42188651773664,195
2026-08-14T14:00:00Z,OTHER,COMPOSITE,0,20
2026-08-14T14:00:00Z,OTHER,GAS,0.9999510049819946,10
2026-08-14T14:00:00Z,OTHER,GAS COGEN,39.821238319608895,58
2026-08-14T14:00:00Z,OTHER,OIL/GAS,42.10043268627591,53
2026-08-14T14:00:00Z,OTHER,WOOD/REFUSE,93.11896320290036,149
2026-08-14T14:00:00Z,SOLAR,SOLAR,260.5811974969506,1892
2026-08-14T14:00:00Z,WIND,WIND,196.66461999315354,5684
2026-08-14T15:00:00Z,ENERGY STORAGE,ENERGY STORAGE,0,270
2026-08-14T15:00:00Z,GAS,COGENERATION,4428.597172505855,6122
2026-08-14T15:00:00Z,GAS,COMBINED CYCLE,2979.432920210891,3974
2026-08-14T15:00:00Z,GAS,GAS FIRED STEAM,1303.9000360798836,3078
2026-08-14T15:00:00Z,GAS,SIMPLE CYCLE,207.95452430019776,1014
2026-08-14T15:00:00Z,HYDRO,HYDRO,209.82113679197099,896
2026-08-14T15:00:00Z,OTHER,BIOMASS,110.18666424433391,195
2026-08-14T15:00:00Z,OTHER,COMPOSITE,0,20
2026-08-14T15:00:00Z,OTHER,GAS,0.9936732095479964,10
2026-08-14T15:00:00Z,OTHER,GAS COGEN,39.36345769564311,58
2026-08-14T15:00:00Z,OTHER,OIL/GAS,42.31651606877645,53
2026-08-14T15:00:00Z,OTHER,WOOD/REFUSE,90.17031364387937,149
2026-08-14T15:00:00Z,SOLAR,SOLAR,448.33694558612177,1892
2026-08-14T15:00:00Z,WIND,WIND,194.7871529845107,5684
2026-08-14T16:00:00Z,ENERGY STORAGE,ENERGY STORAGE,-0.00616666672130425,270
2026-08-14T16:00:00Z,GAS,COGENERATION,4419.677720312277,6122
2026-08-14T16:00:00Z,GAS,COMBINED CYCLE,2992.732786887752,3974
2026-08-14T16:00:00Z,GAS,GAS FIRED STEAM,1367.2793106587728,3078
2026-08-14T16:00:00Z,GAS,SIMPLE CYCLE,275.6435119715002,1014
2026-08-14T16:00:00Z,HYDRO,HYDRO,213.4397939523061,896
2026-08-14T16:00:00Z,OTHER,BIOMASS,108.10183031400045,195
2026-08-14T16:00:00Z,OTHER,COMPOSITE,0,20
2026-08-14T16:00:00Z,OTHER,GAS,1.4494510130087537,10
2026-08-14T16:00:00Z,OTHER,GAS COGEN,39.25231546772851,58
2026-08-14T16:00:00Z,OTHER,OIL/GAS,42.90103261947632,53
2026-08-14T16:00:00Z,OTHER,WOOD/REFUSE,89.96202373716565,149
2026-08-14T16:00:00Z,SOLAR,SOLAR,568.8745362411936,1892
2026-08-14T16:00:00Z,WIND,WIND,205.47215429455042,5684
2026-08-14T17:00:00Z,ENERGY STORAGE,ENERGY STORAGE,0,270
2026-08-14T17:00:00Z,GAS,COGENERATION,4361.704339226087,6122
2026-08-14T17:00:00Z,GAS,COMBINED CYCLE,2973.9380359096,3974
2026-08-14T17:00:00Z,GAS,GAS FIRED STEAM,1343.7802015013165,3078
2026-08-14T17:00:00Z,GAS,SIMPLE CYCLE,257.2851219580406,1014
2026-08-14T17:00:00Z,HYDRO,HYDRO,194.33588768313328,896
2026-08-14T17:00:00Z,OTHER,BIOMASS,109.3531645239724,195
2026-08-14T17:00:00Z,OTHER,COMPOSITE,0,20
2026-08-14T17:00:00Z,OTHER,GAS,1.3381732596291436,10
2026-08-14T17:00:00Z,OTHER,GAS COGEN,38.991840624809264,58
2026-08-14T17:00:00Z,OTHER,OIL/GAS,43.462237921820744,53
2026-08-14T17:00:00Z,OTHER,WOOD/REFUSE,88.76697169515822,149
2026-08-14T17:00:00Z,SOLAR,SOLAR,679.042949553695,1892
2026-08-14T17:00:00Z,WIND,WIND,246.61647206905403,5684
2026-08-14T18:00:00Z,ENERGY STORAGE,ENERGY STORAGE,0,270
2026-08-14T18:00:00Z,GAS,COGENERATION,4371.896895232995,6122
2026-08-14T18:00:00Z,GAS,COMBINED CYCLE,2965.5430327314803,3974
2026-08-14T18:00:00Z,GAS,GAS FIRED STEAM,1298.7579267326992,3078
2026-08-14T18:00:00Z,GAS,SIMPLE CYCLE,283.2592159257001,1014
2026-08-14T18:00:00Z,HYDRO,HYDRO,219.5366034485234,896
2026-08-14T18:00:00Z,OTHER,BIOMASS,109.27505280388726,195
2026-08-14T18:00:00Z,OTHER,COMPOSITE,0,20
2026-08-14T18:00:00Z,OTHER,GAS,1.8999509811401367,10
2026-08-14T18:00:00Z,OTHER,GAS COGEN,38.75676684697469,58
2026-08-14T18:00:00Z,OTHER,OIL/GAS,43.38685424168904,53
2026-08-14T18:00:00Z,OTHER,WOOD/REFUSE,86.43721936702728,149
2026-08-14T18:00:00Z,SOLAR,SOLAR,757.2439673040311,1892
2026-08-14T18:00:00Z,WIND,WIND,201.8616095827727,5684
2026-08-14T19:00:00Z,ENERGY STORAGE,ENERGY STORAGE,0,270
2026-08-14T19:00:00Z,GAS,COGENERATION,4356.385885629919,6122
2026-08-14T19:00:00Z,GAS,COMBINED CYCLE,2989.3484777386984,3974
2026-08-14T19:00:00Z,GAS,GAS FIRED STEAM,1328.821203543345,3078
2026-08-14T19:00:00Z,GAS,SIMPLE CYCLE,284.8918021062017,1014
2026-08-14T19:00:00Z,HYDRO,HYDRO,291.36274215552544,896
2026-08-14T19:00:00Z,OTHER,BIOMASS,111.041609029505,195
2026-08-14T19:00:00Z,OTHER,COMPOSITE,0,20
2026-08-14T19:00:00Z,OTHER,GAS,1.8999509811401367,10
2026-08-14T19:00:00Z,OTHER,GAS COGEN,38.81973833878835,58
2026-08-14T19:00:00Z,OTHER,OIL/GAS,43.66165455288357,53
2026-08-14T19:00:00Z,OTHER,WOOD/REFUSE,83.4532171005673,149
2026-08-14T19:00:00Z,SOLAR,SOLAR,786.5735248329242,1892
2026-08-14T19:00:00Z,WIND,WIND,189.30756324745715,5684
2026-08-14T20:00:00Z,ENERGY STORAGE,ENERGY STORAGE,0,270
2026-08-14T20:00:00Z,GAS,COGENERATION,4350.339938824177,6122
2026-08-14T20:00:00Z,GAS,COMBINED CYCLE,2996.130038195451,3974
2026-08-14T20:00:00Z,GAS,GAS FIRED STEAM,1357.753367659251,3078
2026-08-14T20:00:00Z,GAS,SIMPLE CYCLE,397.55903352210504,1014
2026-08-14T20:00:00Z,HYDRO,HYDRO,287.60738242035114,896
2026-08-14T20:00:00Z,OTHER,BIOMASS,117.80610869275199,195
2026-08-14T20:00:00Z,OTHER,COMPOSITE,0,20
2026-08-14T20:00:00Z,OTHER,GAS,1.8999509811401367,10
2026-08-14T20:00:00Z,OTHER,GAS COGEN,38.604874285591976,58
2026-08-14T20:00:00Z,OTHER,OIL/GAS,43.16993282318115,53
2026-08-14T20:00:00Z,OTHER,WOOD/REFUSE,78.26485761854383,149
2026-08-14T20:00:00Z,SOLAR,SOLAR,667.1292831745744,1892
2026-08-14T20:00:00Z,WIND,WIND,125.43996012338333,5684
2026-08-14T21:00:00Z,ENERGY STORAGE,ENERGY STORAGE,0,270
2026-08-14T21:00:00Z,GAS,COGENERATION,4359.03737325516,6122
2026-08-14T21:00:00Z,GAS,COMBINED CYCLE,2972.3637469357914,3974
2026-08-14T21:00:00Z,GAS,GAS FIRED STEAM,1362.1586466534932,3078
2026-08-14T21:00:00Z,GAS,SIMPLE CYCLE,417.0128146027856,1014
2026-08-14T21:00:00Z,HYDRO,HYDRO,377.94265380740165,896
2026-08-14T21:00:00Z,OTHER,BIOMASS,119.75405319213867,195
2026-08-14T21:00:00Z,OTHER,COMPOSITE,0,20
2026-08-14T21:00:00Z,OTHER,GAS,1.8999509811401367,10
2026-08-14T21:00:00Z,OTHER,GAS COGEN,38.56269886440701,58
2026-08-14T21:00:00Z,OTHER,OIL/GAS,41.87262663311429,53
2026-08-14T21:00:00Z,OTHER,WOOD/REFUSE,76.91851568169065,149
2026-08-14T21:00:00Z,SOLAR,SOLAR,592.8778212726778,1892
2026-08-14T21:00:00Z,WIND,WIND,76.5936848057765,5684
2026-08-14T22:00:00Z,ENERGY STORAGE,ENERGY STORAGE,0,270
2026-08-14T22:00:00Z,GAS,COGENERATION,4371.482909953329,6122
2026-08-14T22:00:00Z,GAS,COMBINED CYCLE,2952.8150009799006,3974
2026-08-14T22:00:00Z,GAS,GAS FIRED STEAM,1303.5102013438277,3078
2026-08-14T22:00:00Z,GAS,SIMPLE CYCLE,439.2912822417584,1014
2026-08-14T22:00:00Z,HYDRO,HYDRO,328.6317144744926,896
2026-08-14T22:00:00Z,OTHER,BIOMASS,118.65299743016561,195
2026-08-14T22:00:00Z,OTHER,COMPOSITE,0.01899999956289927,20
2026-08-14T22:00:00Z,OTHER,GAS,1.8999509811401367,10
2026-08-14T22:00:00Z,OTHER,GAS COGEN,38.588717223273385,58
2026-08-14T22:00:00Z,OTHER,OIL/GAS,40.160876808166506,53
2026-08-14T22:00:00Z,OTHER,WOOD/REFUSE,77.92361528025734,149
2026-08-14T22:00:00Z,SOLAR,SOLAR,501.1052081888252,1892
2026-08-14T22:00:00Z,WIND,WIND,66.36347069856608,5684
2026-08-14T23:00:00Z,ENERGY STORAGE,ENERGY STORAGE,0,270
2026-08-14T23:00:00Z,GAS,COGENERATION,4380.689736687872,6122
2026-08-14T23:00:00Z,GAS,COMBINED CYCLE,2919.039837574694,3974
2026-08-14T23:00:00Z,GAS,GAS FIRED STEAM,1281.3906466695998,3078
2026-08-14T23:00:00Z,GAS,SIMPLE CYCLE,408.97242429262235,1014
2026-08-14T23:00:00Z,HYDRO,HYDRO,249.06162902582025,896
2026-08-14T23:00:00Z,OTHER,BIOMASS,114.69971916596094,195
2026-08-14T23:00:00Z,OTHER,COMPOSITE,12.237444265683491,20
2026-08-14T23:00:00Z,OTHER,GAS,1.8999509811401367,10
2026-08-14T23:00:00Z,OTHER,GAS COGEN,38.48095611254374,58
2026-08-14T23:00:00Z,OTHER,OIL/GAS,40.62816530863444,53
2026-08-14T23:00:00Z,OTHER,WOOD/REFUSE,80.30818028344049,149
2026-08-14T23:00:00Z,SOLAR,SOLAR,292.71245022833347,1892
2026-08-14T23:00:00Z,WIND,WIND,48.258971082634396,5684
2026-08-15T00:00:00Z,ENERGY STORAGE,ENERGY STORAGE,0,270
2026-08-15T00:00:00Z,GAS,COGENERATION,4377.3688114918605,6122
2026-08-15T00:00:00Z,GAS,COMBINED CYCLE,2903.297726807793,3974
2026-08-15T00:00:00Z,GAS,GAS FIRED STEAM,1333.1898117351532,3078
2026-08-15T00:00:00Z,GAS,SIMPLE CYCLE,407.7137378168768,1014
2026-08-15T00:00:00Z,HYDRO,HYDRO,238.4679764843815,896
2026-08-15T00:00:00Z,OTHER,BIOMASS,115.40133087741005,195
2026-08-15T00:00:00Z,OTHER,COMPOSITE,0.1213888884915246,20
2026-08-15T00:00:00Z,OTHER,GAS,1.8999509811401367,10
2026-08-15T00:00:00Z,OTHER,GAS COGEN,38.38166224479676,58
2026-08-15T00:00:00Z,OTHER,OIL/GAS,39.96407698949178,53
2026-08-15T00:00:00Z,OTHER,WOOD/REFUSE,78.66928292274476,149
2026-08-15T00:00:00Z,SOLAR,SOLAR,187.43840302808417,1892
2026-08-15T00:00:00Z,WIND,WIND,55.18045762809201,5684
2026-08-15T01:00:00Z,ENERGY STORAGE,ENERGY STORAGE,0,270
2026-08-15T01:00:00Z,GAS,COGENERATION,4370.994516233073,6122
2026-08-15T01:00:00Z,GAS,COMBINED CYCLE,2876.415866194301,3974
2026-08-15T01:00:00Z,GAS,GAS FIRED STEAM,1367.7821458286708,3078
2026-08-15T01:00:00Z,GAS,SIMPLE CYCLE,309.4705658978969,1014
2026-08-15T01:00:00Z,HYDRO,HYDRO,208.44044770654705,896
2026-08-15T01:00:00Z,OTHER,BIOMASS,120.00633117993672,195
2026-08-15T01:00:00Z,OTHER,COMPOSITE,0,20
2026-08-15T01:00:00Z,OTHER,GAS,1.9473398813274172,10
2026-08-15T01:00:00Z,OTHER,GAS COGEN,38.62806142277188,58
2026-08-15T01:00:00Z,OTHER,OIL/GAS,40.08106510162354,53
2026-08-15T01:00:00Z,OTHER,WOOD/REFUSE,77.25568835682338,149
2026-08-15T01:00:00Z,SOLAR,SOLAR,113.28109188909332,1892
2026-08-15T01:00:00Z,WIND,WIND,70.59959775377892,5684
2026-08-15T02:00:00Z,ENERGY STORAGE,ENERGY STORAGE,0,270
2026-08-15T02:00:00Z,GAS,COGENERATION,4409.940116182168,6122
2026-08-15T02:00:00Z,GAS,COMBINED CYCLE,2908.1732021080124,3974
2026-08-15T02:00:00Z,GAS,GAS FIRED STEAM,1335.5437035263908,3078
2026-08-15T02:00:00Z,GAS,SIMPLE CYCLE,349.51646024483773,1014
2026-08-15T02:00:00Z,HYDRO,HYDRO,294.14666963229575,896
2026-08-15T02:00:00Z,OTHER,BIOMASS,121.1256649462382,195
2026-08-15T02:00:00Z,OTHER,COMPOSITE,0,20
2026-08-15T02:00:00Z,OTHER,GAS,1.9999510049819944,10
2026-08-15T02:00:00Z,OTHER,GAS COGEN,38.472741810480755,58
2026-08-15T02:00:00Z,OTHER,OIL/GAS,40.321448499891495,53
2026-08-15T02:00:00Z,OTHER,WOOD/REFUSE,80.65865527523889,149
2026-08-15T02:00:00Z,SOLAR,SOLAR,47.81636554636061,1892
2026-08-15T02:00:00Z,WIND,WIND,54.76504919843541,5684
2026-08-15T03:00:00Z,ENERGY STORAGE,ENERGY STORAGE,0,270
2026-08-15T03:00:00Z,GAS,COGENERATION,4436.268826111158,6122
2026-08-15T03:00:00Z,GAS,COMBINED CYCLE,2932.9857442990938,3974
2026-08-15T03:00:00Z,GAS,GAS FIRED STEAM,1332.8348136372038,3078
2026-08-15T03:00:00Z,GAS,SIMPLE CYCLE,340.3506570334153,1014
2026-08-15T03:00:00Z,HYDRO,HYDRO,374.4483884941207,896
2026-08-15T03:00:00Z,OTHER,BIOMASS,128.0382591444916,195
2026-08-15T03:00:00Z,OTHER,COMPOSITE,0,20
2026-08-15T03:00:00Z,OTHER,GAS,1.9999510049819944,10
2026-08-15T03:00:00Z,OTHER,GAS COGEN,36.836499564912586,58
2026-08-15T03:00:00Z,OTHER,OIL/GAS,40.438965488009984,53
2026-08-15T03:00:00Z,OTHER,WOOD/REFUSE,95.58160532474518,149
2026-08-15T03:00:00Z,SOLAR,SOLAR,3.04977776699596,1892
2026-08-15T03:00:00Z,WIND,WIND,46.932339181902094,5684
2026-08-15T04:00:00Z,ENERGY STORAGE,ENERGY STORAGE,0,270
2026-08-15T04:00:00Z,GAS,COGENERATION,4464.382954012023,6122
2026-08-15T04:00:00Z,GAS,COMBINED CYCLE,2964.485286796623,3974
2026-08-15T04:00:00Z,GAS,GAS FIRED STEAM,1332.6592025905186,3078
2026-08-15T04:00:00Z,GAS,SIMPLE CYCLE,342.01447699205744,1014
2026-08-15T04:00:00Z,HYDRO,HYDRO,316.4282132980807,896
2026-08-15T04:00:00Z,OTHER,BIOMASS,132.00366472509174,195
2026-08-15T04:00:00Z,OTHER,COMPOSITE,0,20
2026-08-15T04:00:00Z,OTHER,GAS,1.9999510049819944,10
2026-08-15T04:00:00Z,OTHER,GAS COGEN,39.71200988345676,58
2026-08-15T04:00:00Z,OTHER,OIL/GAS,40.47072694566515,53
2026-08-15T04:00:00Z,OTHER,WOOD/REFUSE,101.7425280819999,149
2026-08-15T04:00:00Z,SOLAR,SOLAR,0.10000000149011612,1892
2026-08-15T04:00:00Z,WIND,WIND,60.98911288497142,5684
2026-08-15T05:00:00Z,ENERGY STORAGE,ENERGY STORAGE,0,270
2026-08-15T05:00:00Z,GAS,COGENERATION,4481.549855582714,6122
2026-08-15T05:00:00Z,GAS,COMBINED CYCLE,2915.0296387860512,3974
2026-08-15T05:00:00Z,GAS,GAS FIRED STEAM,1301.6523687577246,3078
2026-08-15T05:00:00Z,GAS,SIMPLE CYCLE,314.5836522742775,1014
2026-08-15T05:00:00Z,HYDRO,HYDRO,216.84741093238193,896
2026-08-15T05:00:00Z,OTHER,BIOMASS,130.39038704978094,195
2026-08-15T05:00:00Z,OTHER,COMPOSITE,0,20
2026-08-15T05:00:00Z,OTHER,GAS,1.9999510049819944,10
2026-08-15T05:00:00Z,OTHER,GAS COGEN,39.99596374776628,58
2026-08-15T05:00:00Z,OTHER,OIL/GAS,40.61575958675808,53
2026-08-15T05:00:00Z,OTHER,WOOD/REFUSE,97.63196825663249,149
2026-08-15T05:00:00Z,SOLAR,SOLAR,0.10000000149011612,1892
2026-08-15T05:00:00Z,WIND,WIND,77.9637625085604,5684
2026-08-15T06:00:00Z,ENERGY STORAGE,ENERGY STORAGE,-8.817499918391308,270
2026-08-15T06:00:00Z,GAS,COGENERATION,4495.127871881326,6122
2026-08-15T06:00:00Z,GAS,COMBINED CYCLE,2991.4640331625938,3974
2026-08-15T06:00:00Z,GAS,GAS FIRED STEAM,1200.8897598804367,3078
2026-08-15T06:00:00Z,GAS,SIMPLE CYCLE,277.4542026848015,1014
2026-08-15T06:00:00Z,HYDRO,HYDRO,216.6478464357555,896
2026-08-15T06:00:00Z,OTHER,BIOMASS,128.9171089082294,195
2026-08-15T06:00:00Z,OTHER,COMPOSITE,0,20
2026-08-15T06:00:00Z,OTHER,GAS,1.9999510049819944,10
2026-08-15T06:00:00Z,OTHER,GAS COGEN,39.05517814636231,58
2026-08-15T06:00:00Z,OTHER,OIL/GAS,40.36209986580743,53
2026-08-15T06:00:00Z,OTHER,WOOD/REFUSE,92.12782781918843,149
2026-08-15T06:00:00Z,SOLAR,SOLAR,0.10000000149011612,1892
2026-08-15T06:00:00Z,WIND,WIND,75.4686343352331,5684
2026-08-15T07:00:00Z,ENERGY STORAGE,ENERGY STORAGE,-11.464444355203046,270
2026-08-15T07:00:00Z,GAS,COGENERATION,4505.05981746859,6122
2026-08-15T07:00:00Z,GAS,COMBINED CYCLE,3013.5287373428873,3974
2026-08-15T07:00:00Z,GAS,GAS FIRED STEAM,1173.2351482457584,3078
2026-08-15T07:00:00Z,GAS,SIMPLE CYCLE,241.23934877572788,1014
2026-08-15T07:00:00Z,HYDRO,HYDRO,250.89402993026707,896
2026-08-15T07:00:00Z,OTHER,BIOMASS,124.49160860591464,195
2026-08-15T07:00:00Z,OTHER,COMPOSITE,0,20
2026-08-15T07:00:00Z,OTHER,GAS,1.9999510049819944,10
2026-08-15T07:00:00Z,OTHER,GAS COGEN,39.249835424423225,58
2026-08-15T07:00:00Z,OTHER,OIL/GAS,40.832954499986435,53
2026-08-15T07:00:00Z,OTHER,WOOD/REFUSE,96.82842540740967,149
2026-08-15T07:00:00Z,SOLAR,SOLAR,0.10000000149011612,1892
2026-08-15T07:00:00Z,WIND,WIND,24.57008569435527,5684
2026-08-15T08:00:00Z,ENERGY STORAGE,ENERGY STORAGE,-6.1532221872732045,270
2026-08-15T08:00:00Z,GAS,COGENERATION,4506.052814324167,6122
2026-08-15T08:00:00Z,GAS,COMBINED CYCLE,3009.4880623994272,3974
2026-08-15T08:00:00Z,GAS,GAS FIRED STEAM,1169.3578713787927,3078
2026-08-15T08:00:00Z,GAS,SIMPLE CYCLE,228.7245982274413,1014
2026-08-15T08:00:00Z,HYDRO,HYDRO,139.358097965618,896
2026-08-15T08:00:00Z,OTHER,BIOMASS,120.45627571529812,195
2026-08-15T08:00:00Z,OTHER,COMPOSITE,0,20
2026-08-15T08:00:00Z,OTHER,GAS,1.9999510049819944,10
2026-08-15T08:00:00Z,OTHER,GAS COGEN,39.56214810530345,58
2026-08-15T08:00:00Z,OTHER,OIL/GAS,40.44293810738458,53
2026-08-15T08:00:00Z,OTHER,WOOD/REFUSE,92.37223866144816,149
2026-08-15T08:00:00Z,SOLAR,SOLAR,0.10000000149011612,1892
2026-08-15T08:00:00Z,WIND,WIND,17.450110772740512,5684
2026-08-15T09:00:00Z,ENERGY STORAGE,ENERGY STORAGE,-0.09999999403953552,270
2026-08-15T09:00:00Z,GAS,COGENERATION,4494.7790522482665,6122
2026-08-15T09:00:00Z,GAS,COMBINED CYCLE,2997.5007184698848,3974
2026-08-15T09:00:00Z,GAS,GAS FIRED STEAM,1169.7412606016794,3078
2026-08-15T09:00:00Z,GAS,SIMPLE CYCLE,140.0073677480883,1014
2026-08-15T09:00:00Z,HYDRO,HYDRO,153.29915044857395,896
2026-08-15T09:00:00Z,OTHER,BIOMASS,116.16364746905036,195
2026-08-15T09:00:00Z,OTHER,COMPOSITE,0,20
2026-08-15T09:00:00Z,OTHER,GAS,1.9999510049819944,10
2026-08-15T09:00:00Z,OTHER,GAS COGEN,38.97795897377862,58
2026-08-15T09:00:00Z,OTHER,OIL/GAS,41.00681568781535,53
2026-08-15T09:00:00Z,OTHER,WOOD/REFUSE,88.77660670810276,149
2026-08-15T09:00:00Z,SOLAR,SOLAR,0.10000000149011612,1892
2026-08-15T09:00:00Z,WIND,WIND,7.7594460210245515,5684
2026-08-15T10:00:00Z,ENERGY STORAGE,ENERGY STORAGE,-0.06977777361869812,270
2026-08-15T10:00:00Z,GAS,COGENERATION,4512.111439622508,6122
2026-08-15T10:00:00Z,GAS,COMBINED CYCLE,2998.7895082733367,3974
2026-08-15T10:00:00Z,GAS,GAS FIRED STEAM,1169.7651479085287,3078
2026-08-15T10:00:00Z,GAS,SIMPLE CYCLE,102.53888591051101,1014
2026-08-15T10:00:00Z,HYDRO,HYDRO,159.55213125972287,896
2026-08-15T10:00:00Z,OTHER,BIOMASS,112.77071994728512,195
2026-08-15T10:00:00Z,OTHER,COMPOSITE,0,20
2026-08-15T10:00:00Z,OTHER,GAS,1.9999510049819944,10
2026-08-15T10:00:00Z,OTHER,GAS COGEN,38.88021745416853,58
2026-08-15T10:00:00Z,OTHER,OIL/GAS,40.992233445909285,53
2026-08-15T10:00:00Z,OTHER,WOOD/REFUSE,87.31550995084974,149
2026-08-15T10:00:00Z,SOLAR,SOLAR,0.10000000149011612,1892
2026-08-15T10:00:00Z,WIND,WIND,3.208237139346699,5684
2026-08-15T11:00:00Z,ENERGY STORAGE,ENERGY STORAGE,0,270
2026-08-15T11:00:00Z,GAS,COGENERATION,4476.185010250145,6122
2026-08-15T11:00:00Z,GAS,COMBINED CYCLE,3004.6345885623828,3974
2026-08-15T11:00:00Z,GAS,GAS FIRED STEAM,1192.7662026468913,3078
2026-08-15T11:00:00Z,GAS,SIMPLE CYCLE,103.43488566848967,1014
2026-08-15T11:00:00Z,HYDRO,HYDRO,157.73194040048455,896
2026-08-15T11:00:00Z,OTHER,BIOMASS,113.92583161671956,195
2026-08-15T11:00:00Z,OTHER,COMPOSITE,0,20
2026-08-15T11:00:00Z,OTHER,GAS,1.9999510049819944,10
2026-08-15T11:00:00Z,OTHER,GAS COGEN,39.042492405573526,58
2026-08-15T11:00:00Z,OTHER,OIL/GAS,40.96424872716267,53
2026-08-15T11:00:00Z,OTHER,WOOD/REFUSE,88.43406381871965,149
2026-08-15T11:00:00Z,SOLAR,SOLAR,0.10000000149011612,1892
2026-08-15T11:00:00Z,WIND,WIND,10.703441759968797,5684
2026-08-15T12:00:00Z,ENERGY STORAGE,ENERGY STORAGE,0,270
2026-08-15T12:00:00Z,GAS,COGENERATION,4458.649937454595,6122
2026-08-15T12:00:00Z,GAS,COMBINED CYCLE,3005.565507584148,3974
2026-08-15T12:00:00Z,GAS,GAS FIRED STEAM,1187.1850929938423,3078
2026-08-15T12:00:00Z,GAS,SIMPLE CYCLE,98.72810813294515,1014
2026-08-15T12:00:00Z,HYDRO,HYDRO,173.32569831755427,896
2026-08-15T12:00:00Z,OTHER,BIOMASS,115.07710934374067,195
2026-08-15T12:00:00Z,OTHER,COMPOSITE,0,20
2026-08-15T12:00:00Z,OTHER,GAS,1.9999510049819944,10
2026-08-15T12:00:00Z,OTHER,GAS COGEN,39.116109032630916,58
2026-08-15T12:00:00Z,OTHER,OIL/GAS,40.95978841781616,53
2026-08-15T12:00:00Z,OTHER,WOOD/REFUSE,88.25414560582902,149
2026-08-15T12:00:00Z,SOLAR,SOLAR,16.57838856296407,1892
2026-08-15T12:00:00Z,WIND,WIND,17.36360976225386,5684
2026-08-15T13:00:00Z,ENERGY STORAGE,ENERGY STORAGE,0,270
2026-08-15T13:00:00Z,GAS,COGENERATION,4439.357239321867,6122
2026-08-15T13:00:00Z,GAS,COMBINED CYCLE,2974.7554745019806,3974
2026-08-15T13:00:00Z,GAS,GAS FIRED STEAM,958.8745952351888,3078
2026-08-15T13:00:00Z,GAS,SIMPLE CYCLE,71.88783276253277,1014
2026-08-15T13:00:00Z,HYDRO,HYDRO,206.9152775609493,896
2026-08-15T13:00:00Z,OTHER,BIOMASS,112.24016426563263,195
2026-08-15T13:00:00Z,OTHER,COMPOSITE,0,20
2026-08-15T13:00:00Z,OTHER,GAS,1.9999510049819944,10
2026-08-15T13:00:00Z,OTHER,GAS COGEN,38.9507267554601,58
2026-08-15T13:00:00Z,OTHER,OIL/GAS,41.10283193164402,53
2026-08-15T13:00:00Z,OTHER,WOOD/REFUSE,88.59248720116085,149
2026-08-15T13:00:00Z,SOLAR,SOLAR,304.5008160107707,1892
2026-08-15T13:00:00Z,WIND,WIND,36.562467108157776,5684
2026-08-15T14:00:00Z,ENERGY STORAGE,ENERGY STORAGE,0,270
2026-08-15T14:00:00Z,GAS,COGENERATION,4384.723493552473,6122
2026-08-15T14:00:00Z,GAS,COMBINED CYCLE,2923.386695907646,3974
2026-08-15T14:00:00Z,GAS,GAS FIRED STEAM,845.0305964655346,3078
2026-08-15T14:00:00Z,GAS,SIMPLE CYCLE,72.4186102527049,1014
2026-08-15T14:00:00Z,HYDRO,HYDRO,150.35518917012544,896
2026-08-15T14:00:00Z,OTHER,BIOMASS,111.38210884571076,195
2026-08-15T14:00:00Z,OTHER,COMPOSITE,0,20
2026-08-15T14:00:00Z,OTHER,GAS,1.9999510049819944,10
2026-08-15T14:00:00Z,OTHER,GAS COGEN,38.55057242658403,58
2026-08-15T14:00:00Z,OTHER,OIL/GAS,40.758654295603435,53
2026-08-15T14:00:00Z,OTHER,WOOD/REFUSE,88.1964884074529,149
2026-08-15T14:00:00Z,SOLAR,SOLAR,935.9670576401883,1892
2026-08-15T14:00:00Z,WIND,WIND,19.968389782023927,5684
2026-08-15T15:00:00Z,ENERGY STORAGE,ENERGY STORAGE,0,270
2026-08-15T15:00:00Z,GAS,COGENERATION,4342.645898735524,6122
2026-08-15T15:00:00Z,GAS,COMBINED CYCLE,2770.7910687666467,3974
2026-08-15T15:00:00Z,GAS,GAS FIRED STEAM,806.9701537301805,3078
2026-08-15T15:00:00Z,GAS,SIMPLE CYCLE,75.13661025100284,1014
2026-08-15T15:00:00Z,HYDRO,HYDRO,137.0828885143333,896
2026-08-15T15:00:00Z,OTHER,BIOMASS,112.082387398084,195
2026-08-15T15:00:00Z,OTHER,COMPOSITE,0,20
2026-08-15T15:00:00Z,OTHER,GAS,1.9999510049819944,10
2026-08-15T15:00:00Z,OTHER,GAS COGEN,38.27182134363386,58
2026-08-15T15:00:00Z,OTHER,OIL/GAS,40.59092166052924,53
2026-08-15T15:00:00Z,OTHER,WOOD/REFUSE,88.7111988072925,149
2026-08-15T15:00:00Z,SOLAR,SOLAR,1338.3552667951583,1892
2026-08-15T15:00:00Z,WIND,WIND,20.258321490850715,5684
2026-08-15T16:00:00Z,ENERGY STORAGE,ENERGY STORAGE,0,270
2026-08-15T16:00:00Z,GAS,COGENERATION,4293.629364430374,6122
2026-08-15T16:00:00Z,GAS,COMBINED CYCLE,2740.9532023477555,3974
2026-08-15T16:00:00Z,GAS,GAS FIRED STEAM,760.4266553200616,3078
2026-08-15T16:00:00Z,GAS,SIMPLE CYCLE,77.06333307822545,1014
2026-08-15T16:00:00Z,HYDRO,HYDRO,147.97540086163414,896
2026-08-15T16:00:00Z,OTHER,BIOMASS,110.30999807569717,195
2026-08-15T16:00:00Z,OTHER,COMPOSITE,0,20
2026-08-15T16:00:00Z,OTHER,GAS,1.9999510049819944,10
2026-08-15T16:00:00Z,OTHER,GAS COGEN,37.79599112457699,58
2026-08-15T16:00:00Z,OTHER,OIL/GAS,40.98799358791775,53
2026-08-15T16:00:00Z,OTHER,WOOD/REFUSE,93.14998858928679,149
2026-08-15T16:00:00Z,SOLAR,SOLAR,1554.4879297804832,1892
2026-08-15T16:00:00Z,WIND,WIND,52.58130124915805,5684
2026-08-15T17:00:00Z,ENERGY STORAGE,ENERGY STORAGE,0,270
2026-08-15T17:00:00Z,GAS,COGENERATION,4266.907310744921,6122
2026-08-15T17:00:00Z,GAS,COMBINED CYCLE,2752.5638034073513,3974
2026-08-15T17:00:00Z,GAS,GAS FIRED STEAM,742.1545437558492,3078
2026-08-15T17:00:00Z,GAS,SIMPLE CYCLE,82.04927770005332,1014
2026-08-15T17:00:00Z,HYDRO,HYDRO,181.5684597776168,896
2026-08-15T17:00:00Z,OTHER,BIOMASS,110.38066470384598,195
2026-08-15T17:00:00Z,OTHER,COMPOSITE,0,20
2026-08-15T17:00:00Z,OTHER,GAS,1.9999510049819944,10
2026-08-15T17:00:00Z,OTHER,GAS COGEN,37.24525402545929,58
2026-08-15T17:00:00Z,OTHER,OIL/GAS,40.88838785171509,53
2026-08-15T17:00:00Z,OTHER,WOOD/REFUSE,93.60859662850697,149
2026-08-15T17:00:00Z,SOLAR,SOLAR,1630.6303872827027,1892
2026-08-15T17:00:00Z,WIND,WIND,70.34361772276876,5684
2026-08-15T18:00:00Z,ENERGY STORAGE,ENERGY STORAGE,0,270
2026-08-15T18:00:00Z,GAS,COGENERATION,4242.205021181371,6122
2026-08-15T18:00:00Z,GAS,COMBINED CYCLE,2759.3295635204845,3974
2026-08-15T18:00:00Z,GAS,GAS FIRED STEAM,717.1219893137613,3078
2026-08-15T18:00:00Z,GAS,SIMPLE CYCLE,85.34483264684677,1014
2026-08-15T18:00:00Z,HYDRO,HYDRO,213.29166668242877,896
2026-08-15T18:00:00Z,OTHER,BIOMASS,111.04499831014209,195
2026-08-15T18:00:00Z,OTHER,COMPOSITE,0,20
2026-08-15T18:00:00Z,OTHER,GAS,1.9999510049819944,10
2026-08-15T18:00:00Z,OTHER,GAS COGEN,36.91387674013774,58
2026-08-15T18:00:00Z,OTHER,OIL/GAS,40.377010890112984,53
2026-08-15T18:00:00Z,OTHER,WOOD/REFUSE,93.78437480396695,149
2026-08-15T18:00:00Z,SOLAR,SOLAR,1695.0130081655582,1892
2026-08-15T18:00:00Z,WIND,WIND,83.04153985032605,5684
2026-08-15T19:00:00Z,ENERGY STORAGE,ENERGY STORAGE,0,270
2026-08-15T19:00:00Z,GAS,COGENERATION,4232.097336761952,6122
2026-08-15T19:00:00Z,GAS,COMBINED CYCLE,2755.139354658657,3974
2026-08-15T19:00:00Z,GAS,GAS FIRED STEAM,825.7194316228231,3078
2026-08-15T19:00:00Z,GAS,SIMPLE CYCLE,86.73327727768157,1014
2026-08-15T19:00:00Z,HYDRO,HYDRO,268.0431799989442,896
2026-08-15T19:00:00Z,OTHER,BIOMASS,111.51794275866614,195
2026-08-15T19:00:00Z,OTHER,COMPOSITE,0,20
2026-08-15T19:00:00Z,OTHER,GAS,1.9999510049819944,10
2026-08-15T19:00:00Z,OTHER,GAS COGEN,36.77500086201562,58
2026-08-15T19:00:00Z,OTHER,OIL/GAS,40.07267139010959,53
2026-08-15T19:00:00Z,OTHER,WOOD/REFUSE,92.83158648649851,149
2026-08-15T19:00:00Z,SOLAR,SOLAR,1637.8589390930201,1892
2026-08-15T19:00:00Z,WIND,WIND,77.73984284373621,5684
2026-08-15T20:00:00Z,ENERGY STORAGE,ENERGY STORAGE,0,270
2026-08-15T20:00:00Z,GAS,COGENERATION,4214.785024813811,6122
2026-08-15T20:00:00Z,GAS,COMBINED CYCLE,2765.9501886683042,3974
2026-08-15T20:00:00Z,GAS,GAS FIRED STEAM,923.1145960044862,3078
2026-08-15T20:00:00Z,GAS,SIMPLE CYCLE,80.70555494176017,1014
2026-08-15T20:00:00Z,HYDRO,HYDRO,196.7537138736248,896
2026-08-15T20:00:00Z,OTHER,BIOMASS,111.84622038205465,195
2026-08-15T20:00:00Z,OTHER,COMPOSITE,0,20
2026-08-15T20:00:00Z,OTHER,GAS,1.9999510049819944,10
2026-08-15T20:00:00Z,OTHER,GAS COGEN,36.47809220472972,58
2026-08-15T20:00:00Z,OTHER,OIL/GAS,39.51294904285007,53
2026-08-15T20:00:00Z,OTHER,WOOD/REFUSE,94.46296792560153,149
2026-08-15T20:00:00Z,SOLAR,SOLAR,1640.8648118022747,1892
2026-08-15T20:00:00Z,WIND,WIND,63.41360441945856,5684
2026-08-15T21:00:00Z,ENERGY STORAGE,ENERGY STORAGE,0,270
2026-08-15T21:00:00Z,GAS,COGENERATION,4206.495555658473,6122
2026-08-15T21:00:00Z,GAS,COMBINED CYCLE,2748.6335805858503,3974
2026-08-15T21:00:00Z,GAS,GAS FIRED STEAM,915.0677048725552,3078
2026-08-15T21:00:00Z,GAS,SIMPLE CYCLE,85.1323884818289,1014
2026-08-15T21:00:00Z,HYDRO,HYDRO,273.6953891636431,896
2026-08-15T21:00:00Z,OTHER,BIOMASS,111.91833119710286,195
2026-08-15T21:00:00Z,OTHER,COMPOSITE,0,20
2026-08-15T21:00:00Z,OTHER,GAS,1.9999510049819944,10
2026-08-15T21:00:00Z,OTHER,GAS COGEN,36.28209827635023,58
2026-08-15T21:00:00Z,OTHER,OIL/GAS,39.413398861355255,53
2026-08-15T21:00:00Z,OTHER,WOOD/REFUSE,94.70221979988946,149
2026-08-15T21:00:00Z,SOLAR,SOLAR,1702.684962198486,1892
2026-08-15T21:00:00Z,WIND,WIND,61.188793405764216,5684
2026-08-15T22:00:00Z,ENERGY STORAGE,ENERGY STORAGE,0,270
2026-08-15T22:00:00Z,GAS,COGENERATION,4201.436438060867,6122
2026-08-15T22:00:00Z,GAS,COMBINED CYCLE,2893.7280571161373,3974
2026-08-15T22:00:00Z,GAS,GAS FIRED STEAM,1027.551146789127,3078
2026-08-15T22:00:00Z,GAS,SIMPLE CYCLE,81.33611023414466,1014
2026-08-15T22:00:00Z,HYDRO,HYDRO,246.09616493817006,896
2026-08-15T22:00:00Z,OTHER,BIOMASS,110.88166490872702,195
2026-08-15T22:00:00Z,OTHER,COMPOSITE,0,20
2026-08-15T22:00:00Z,OTHER,GAS,1.9999510049819944,10
2026-08-15T22:00:00Z,OTHER,GAS COGEN,36.19664409637451,58
2026-08-15T22:00:00Z,OTHER,OIL/GAS,39.48802655537923,53
2026-08-15T22:00:00Z,OTHER,WOOD/REFUSE,94.51977534717983,149
2026-08-15T22:00:00Z,SOLAR,SOLAR,1594.010571637816,1892
2026-08-15T22:00:00Z,WIND,WIND,60.13725277696633,5684
2026-08-15T23:00:00Z,ENERGY STORAGE,ENERGY STORAGE,0,270
2026-08-15T23:00:00Z,GAS,COGENERATION,4209.502507882648,6122
2026-08-15T23:00:00Z,GAS,COMBINED CYCLE,2957.036096582148,3974
2026-08-15T23:00:00Z,GAS,GAS FIRED STEAM,1143.1538700082567,3078
2026-08-15T23:00:00Z,GAS,SIMPLE CYCLE,122.92083199764292,1014
2026-08-15T23:00:00Z,HYDRO,HYDRO,240.1055179679394,896
2026-08-15T23:00:00Z,OTHER,BIOMASS,111.06677584913042,195
2026-08-15T23:00:00Z,OTHER,COMPOSITE,0,20
2026-08-15T23:00:00Z,OTHER,GAS,1.9999510049819944,10
2026-08-15T23:00:00Z,OTHER,GAS COGEN,36.260257196426394,58
2026-08-15T23:00:00Z,OTHER,OIL/GAS,40.11848834143745,53
2026-08-15T23:00:00Z,OTHER,WOOD/REFUSE,93.7136137008667,149
2026-08-15T23:00:00Z,SOLAR,SOLAR,1393.6425818703572,1892
2026-08-15T23:00:00Z,WIND,WIND,68.30266233606885,5684
2026-08-16T00:00:00Z,ENERGY STORAGE,ENERGY STORAGE,-0.01444444446100129,270
2026-08-16T00:00:00Z,GAS,COGENERATION,4229.936569747924,6122
2026-08-16T00:00:00Z,GAS,COMBINED CYCLE,2974.592176277836,3974
2026-08-16T00:00:00Z,GAS,GAS FIRED STEAM,1250.1582019615173,3078
2026-08-16T00:00:00Z,GAS,SIMPLE CYCLE,195.78885207543772,1014
2026-08-16T00:00:00Z,HYDRO,HYDRO,247.7515164711078,896
2026-08-16T00:00:00Z,OTHER,BIOMASS,112.4791648695204,195
2026-08-16T00:00:00Z,OTHER,COMPOSITE,0,20
2026-08-16T00:00:00Z,OTHER,GAS,1.9999510049819944,10
2026-08-16T00:00:00Z,OTHER,GAS COGEN,36.33477077590095,58
2026-08-16T00:00:00Z,OTHER,OIL/GAS,40.53196562025282,53
2026-08-16T00:00:00Z,OTHER,WOOD/REFUSE,95.02897249963549,149
2026-08-16T00:00:00Z,SOLAR,SOLAR,1084.2458422659504,1892
2026-08-16T00:00:00Z,WIND,WIND,106.00723643101338,5684
2026-08-16T01:00:00Z,ENERGY STORAGE,ENERGY STORAGE,0,270
2026-08-16T01:00:00Z,GAS,COGENERATION,4246.357952165338,6122
2026-08-16T01:00:00Z,GAS,COMBINED CYCLE,2994.0456656887795,3974
2026-08-16T01:00:00Z,GAS,GAS FIRED STEAM,1250.0760905181037,3078
2026-08-16T01:00:00Z,GAS,SIMPLE CYCLE,234.49887619048357,1014
2026-08-16T01:00:00Z,HYDRO,HYDRO,279.8460348053773,896
2026-08-16T01:00:00Z,OTHER,BIOMASS,112.54566428926256,195
2026-08-16T01:00:00Z,OTHER,COMPOSITE,0,20
2026-08-16T01:00:00Z,OTHER,GAS,1.9999510049819944,10
2026-08-16T01:00:00Z,OTHER,GAS COGEN,36.55003394550747,58
2026-08-16T01:00:00Z,OTHER,OIL/GAS,42.71683724721273,53
2026-08-16T01:00:00Z,OTHER,WOOD/REFUSE,98.17826555040148,149
2026-08-16T01:00:00Z,SOLAR,SOLAR,422.66966740205885,1892
2026-08-16T01:00:00Z,WIND,WIND,172.80698453092742,5684
2026-08-16T02:00:00Z,ENERGY STORAGE,ENERGY STORAGE,0,270
2026-08-16T02:00:00Z,GAS,COGENERATION,4282.9367260469335,6122
2026-08-16T02:00:00Z,GAS,COMBINED CYCLE,3015.019636054304,3974
2026-08-16T02:00:00Z,GAS,GAS FIRED STEAM,1250.389538309309,3078
2026-08-16T02:00:00Z,GAS,SIMPLE CYCLE,404.9778790169954,1014
2026-08-16T02:00:00Z,HYDRO,HYDRO,402.87968411673273,896
2026-08-16T02:00:00Z,OTHER,BIOMASS,126.23596955142088,195
2026-08-16T02:00:00Z,OTHER,COMPOSITE,0,20
2026-08-16T02:00:00Z,OTHER,GAS,1.9999510049819944,10
2026-08-16T02:00:00Z,OTHER,GAS COGEN,36.7767213095559,58
2026-08-16T02:00:00Z,OTHER,OIL/GAS,43.44597782346938,53
2026-08-16T02:00:00Z,OTHER,WOOD/REFUSE,103.71264204184216,149
2026-08-16T02:00:00Z,SOLAR,SOLAR,89.06110936737309,1892
2026-08-16T02:00:00Z,WIND,WIND,270.93367940301283,5684
2026-08-16T03:00:00Z,ENERGY STORAGE,ENERGY STORAGE,0,270
2026-08-16T03:00:00Z,GAS,COGENERATION,4296.308316717677,6122
2026-08-16T03:00:00Z,GAS,COMBINED CYCLE,3025.986363409625,3974
2026-08-16T03:00:00Z,GAS,GAS FIRED STEAM,1250.5307027244567,3078
2026-08-16T03:00:00Z,GAS,SIMPLE CYCLE,423.0890322785907,1014
2026-08-16T03:00:00Z,HYDRO,HYDRO,290.28921577056246,896
2026-08-16T03:00:00Z,OTHER,BIOMASS,127.7963311680158,195
2026-08-16T03:00:00Z,OTHER,COMPOSITE,0,20
2026-08-16T03:00:00Z,OTHER,GAS,1.9999510049819944,10
2026-08-16T03:00:00Z,OTHER,GAS COGEN,36.76195194880167,58
2026-08-16T03:00:00Z,OTHER,OIL/GAS,44.293321728176544,53
2026-08-16T03:00:00Z,OTHER,WOOD/REFUSE,98.68825694878896,149
2026-08-16T03:00:00Z,SOLAR,SOLAR,16.39483282054464,1892
2026-08-16T03:00:00Z,WIND,WIND,360.1120652573059,5684
2026-08-16T04:00:00Z,ENERGY STORAGE,ENERGY STORAGE,0,270
2026-08-16T04:00:00Z,GAS,COGENERATION,4311.424097743829,6122
2026-08-16T04:00:00Z,GAS,COMBINED CYCLE,3022.6243917311563,3974
2026-08-16T04:00:00Z,GAS,GAS FIRED STEAM,1246.0497042910258,3078
2026-08-16T04:00:00Z,GAS,SIMPLE CYCLE,291.2787204450038,1014
2026-08-16T04:00:00Z,HYDRO,HYDRO,433.522344696588,896
2026-08-16T04:00:00Z,OTHER,BIOMASS,128.21138660165997,195
2026-08-16T04:00:00Z,OTHER,COMPOSITE,0,20
2026-08-16T04:00:00Z,OTHER,GAS,1.9999510049819944,10
2026-08-16T04:00:00Z,OTHER,GAS COGEN,36.67132012367249,58
2026-08-16T04:00:00Z,OTHER,OIL/GAS,44.30834914101494,53
2026-08-16T04:00:00Z,OTHER,WOOD/REFUSE,103.23550254980724,149
2026-08-16T04:00:00Z,SOLAR,SOLAR,0.10000000149011612,1892
2026-08-16T04:00:00Z,WIND,WIND,398.23389503281976,5684
2026-08-16T05:00:00Z,ENERGY STORAGE,ENERGY STORAGE,0,270
2026-08-16T05:00:00Z,GAS,COGENERATION,4375.028901763228,6122
2026-08-16T05:00:00Z,GAS,COMBINED CYCLE,2948.052777766122,3974
2026-08-16T05:00:00Z,GAS,GAS FIRED STEAM,1043.6376497798497,3078
2026-08-16T05:00:00Z,GAS,SIMPLE CYCLE,387.28545049390857,1014
2026-08-16T05:00:00Z,HYDRO,HYDRO,388.572176804675,896
2026-08-16T05:00:00Z,OTHER,BIOMASS,131.9903088443809,195
2026-08-16T05:00:00Z,OTHER,COMPOSITE,0,20
2026-08-16T05:00:00Z,OTHER,GAS,1.9999510049819944,10
2026-08-16T05:00:00Z,OTHER,GAS COGEN,40.139444809489774,58
2026-08-16T05:00:00Z,OTHER,OIL/GAS,44.15963185628255,53
2026-08-16T05:00:00Z,OTHER,WOOD/REFUSE,103.63334567705789,149
2026-08-16T05:00:00Z,SOLAR,SOLAR,0.10000000149011612,1892
2026-08-16T05:00:00Z,WIND,WIND,517.5423807844105,5684
2026-08-16T06:00:00Z,ENERGY STORAGE,ENERGY STORAGE,-3.6148332719339265,270
2026-08-16T06:00:00Z,GAS,COGENERATION,4367.390537023809,6122
2026-08-16T06:00:00Z,GAS,COMBINED CYCLE,2778.496255557537,3974
2026-08-16T06:00:00Z,GAS,GAS FIRED STEAM,1113.6565945328607,3078
2026-08-16T06:00:00Z,GAS,SIMPLE CYCLE,227.793711306163,1014
2026-08-16T06:00:00Z,HYDRO,HYDRO,180.283208049097,896
2026-08-16T06:00:00Z,OTHER,BIOMASS,129.40755334324308,195
2026-08-16T06:00:00Z,OTHER,COMPOSITE,0,20
2026-08-16T06:00:00Z,OTHER,GAS,1.9999510049819944,10
2026-08-16T06:00:00Z,OTHER,GAS COGEN,37.38421966552734,58
2026-08-16T06:00:00Z,OTHER,OIL/GAS,44.08526531219482,53
2026-08-16T06:00:00Z,OTHER,WOOD/REFUSE,98.40959639867147,149
2026-08-16T06:00:00Z,SOLAR,SOLAR,0.10000000149011612,1892
2026-08-16T06:00:00Z,WIND,WIND,827.7004633734872,5684
2026-08-16T07:00:00Z,ENERGY STORAGE,ENERGY STORAGE,-12.221388694180384,270
2026-08-16T07:00:00Z,GAS,COGENERATION,4357.95490773148,6122
2026-08-16T07:00:00Z,GAS,COMBINED CYCLE,2702.9891033148765,3974
2026-08-16T07:00:00Z,GAS,GAS FIRED STEAM,887.7797084532843,3078
2026-08-16T07:00:00Z,GAS,SIMPLE CYCLE,127.40321990924576,1014
2026-08-16T07:00:00Z,HYDRO,HYDRO,194.75560077281463,896
2026-08-16T07:00:00Z,OTHER,BIOMASS,115.47366975910134,195
2026-08-16T07:00:00Z,OTHER,COMPOSITE,0,20
2026-08-16T07:00:00Z,OTHER,GAS,1.9999510049819944,10
2026-08-16T07:00:00Z,OTHER,GAS COGEN,36.654979258113435,58
2026-08-16T07:00:00Z,OTHER,OIL/GAS,43.73634903377957,53
2026-08-16T07:00:00Z,OTHER,WOOD/REFUSE,94.02897622108459,149
2026-08-16T07:00:00Z,SOLAR,SOLAR,0.10000000149011612,1892
2026-08-16T07:00:00Z,WIND,WIND,968.9520140295641,5684
2026-08-16T08:00:00Z,ENERGY STORAGE,ENERGY STORAGE,-2.2873333184255493,270
2026-08-16T08:00:00Z,GAS,COGENERATION,4375.103693543805,6122
2026-08-16T08:00:00Z,GAS,COMBINED CYCLE,2749.2693755528,3974
2026-08-16T08:00:00Z,GAS,GAS FIRED STEAM,1159.906538295746,3078
2026-08-16T08:00:00Z,GAS,SIMPLE CYCLE,110.27325262087915,1014
2026-08-16T08:00:00Z,HYDRO,HYDRO,176.15292750795683,896
2026-08-16T08:00:00Z,OTHER,BIOMASS,111.83466458426581,195
2026-08-16T08:00:00Z,OTHER,COMPOSITE,0,20
2026-08-16T08:00:00Z,OTHER,GAS,1.9999510049819944,10
2026-08-16T08:00:00Z,OTHER,GAS COGEN,36.9762012524075,58
2026-08-16T08:00:00Z,OTHER,OIL/GAS,44.11613140106201,53
2026-08-16T08:00:00Z,OTHER,WOOD/REFUSE,94.10641336229112,149
2026-08-16T08:00:00Z,SOLAR,SOLAR,0.10000000149011612,1892
2026-08-16T08:00:00Z,WIND,WIND,553.4440404886338,5684
2026-08-16T09:00:00Z,ENERGY STORAGE,ENERGY STORAGE,0,270
2026-08-16T09:00:00Z,GAS,COGENERATION,4417.863037659592,6122
2026-08-16T09:00:00Z,GAS,COMBINED CYCLE,2803.34832410468,3974
2026-08-16T09:00:00Z,GAS,GAS FIRED STEAM,1226.7109804174636,3078
2026-08-16T09:00:00Z,GAS,SIMPLE CYCLE,195.68633346726497,1014
2026-08-16T09:00:00Z,HYDRO,HYDRO,214.81694881571664,896
2026-08-16T09:00:00Z,OTHER,BIOMASS,120.28466435207261,195
2026-08-16T09:00:00Z,OTHER,COMPOSITE,0,20
2026-08-16T09:00:00Z,OTHER,GAS,1.9999510049819944,10
2026-08-16T09:00:00Z,OTHER,GAS COGEN,36.6623399427202,58
2026-08-16T09:00:00Z,OTHER,OIL/GAS,44.359465755886504,53
2026-08-16T09:00:00Z,OTHER,WOOD/REFUSE,98.71222763008542,149
2026-08-16T09:00:00Z,SOLAR,SOLAR,0.10000000149011612,1892
2026-08-16T09:00:00Z,WIND,WIND,327.80662043624454,5684
2026-08-16T10:00:00Z,ENERGY STORAGE,ENERGY STORAGE,0,270
2026-08-16T10:00:00Z,GAS,COGENERATION,4433.723579763571,6122
2026-08-16T10:00:00Z,GAS,COMBINED CYCLE,2771.772481833299,3974
2026-08-16T10:00:00Z,GAS,GAS FIRED STEAM,1225.4352041859097,3078
2026-08-16T10:00:00Z,GAS,SIMPLE CYCLE,219.48447172641752,1014
2026-08-16T10:00:00Z,HYDRO,HYDRO,163.0952846578757,896
2026-08-16T10:00:00Z,OTHER,BIOMASS,120.32616390122308,195
2026-08-16T10:00:00Z,OTHER,COMPOSITE,0,20
2026-08-16T10:00:00Z,OTHER,GAS,1.9999510049819944,10
2026-08-16T10:00:00Z,OTHER,GAS COGEN,36.615569916301304,58
2026-08-16T10:00:00Z,OTHER,OIL/GAS,44.54562628428141,53
2026-08-16T10:00:00Z,OTHER,WOOD/REFUSE,97.76631503317091,149
2026-08-16T10:00:00Z,SOLAR,SOLAR,0.10000000149011612,1892
2026-08-16T10:00:00Z,WIND,WIND,317.2596157360077,5684
2026-08-16T11:00:00Z,ENERGY STORAGE,ENERGY STORAGE,0,270
2026-08-16T11:00:00Z,GAS,COGENERATION,4424.433806486924,6122
2026-08-16T11:00:00Z,GAS,COMBINED CYCLE,2812.7581203924287,3974
2026-08-16T11:00:00Z,GAS,GAS FIRED STEAM,1206.0605921999613,3078
2026-08-16T11:00:00Z,GAS,SIMPLE CYCLE,103.69301461139487,1014
2026-08-16T11:00:00Z,HYDRO,HYDRO,130.31541345718006,896
2026-08-16T11:00:00Z,OTHER,BIOMASS,117.67666436672211,195
2026-08-16T11:00:00Z,OTHER,COMPOSITE,0,20
2026-08-16T11:00:00Z,OTHER,GAS,1.9999510049819944,10
2026-08-16T11:00:00Z,OTHER,GAS COGEN,36.85570526440938,58
2026-08-16T11:00:00Z,OTHER,OIL/GAS,44.28138193766276,53
2026-08-16T11:00:00Z,OTHER,WOOD/REFUSE,94.26150606049431,149
2026-08-16T11:00:00Z,SOLAR,SOLAR,0.10000000149011612,1892
2026-08-16T11:00:00Z,WIND,WIND,416.47595787403486,5684
2026-08-16T12:00:00Z,ENERGY STORAGE,ENERGY STORAGE,0,270
2026-08-16T12:00:00Z,GAS,COGENERATION,4423.189426745574,6122
2026-08-16T12:00:00Z,GAS,COMBINED CYCLE,2776.7268865391943,3974
2026-08-16T12:00:00Z,GAS,GAS FIRED STEAM,992.6233187675476,3078
2026-08-16T12:00:00Z,GAS,SIMPLE CYCLE,81.6824428402053,1014
2026-08-16T12:00:00Z,HYDRO,HYDRO,149.09687255687183,896
2026-08-16T12:00:00Z,OTHER,BIOMASS,114.84283040629492,195
2026-08-16T12:00:00Z,OTHER,COMPOSITE,0,20
2026-08-16T12:00:00Z,OTHER,GAS,1.9999510049819944,10
2026-08-16T12:00:00Z,OTHER,GAS COGEN,36.94874922434489,58
2026-08-16T12:00:00Z,OTHER,OIL/GAS,43.754532148573134,53
2026-08-16T12:00:00Z,OTHER,WOOD/REFUSE,94.61213422828251,149
2026-08-16T12:00:00Z,SOLAR,SOLAR,17.341555377211836,1892
2026-08-16T12:00:00Z,WIND,WIND,613.2448675742041,5684
2026-08-16T13:00:00Z,ENERGY STORAGE,ENERGY STORAGE,0,270
2026-08-16T13:00:00Z,GAS,COGENERATION,4412.525023697747,6122
2026-08-16T13:00:00Z,GAS,COMBINED CYCLE,2764.3752052834298,3974
2026-08-16T13:00:00Z,GAS,GAS FIRED STEAM,784.896654762427,3078
2026-08-16T13:00:00Z,GAS,SIMPLE CYCLE,83.03716500520707,1014
2026-08-16T13:00:00Z,HYDRO,HYDRO,169.49316343426705,896
2026-08-16T13:00:00Z,OTHER,BIOMASS,112.87016475995382,195
2026-08-16T13:00:00Z,OTHER,COMPOSITE,0,20
2026-08-16T13:00:00Z,OTHER,GAS,1.9999510049819944,10
2026-08-16T13:00:00Z,OTHER,GAS COGEN,36.84353326744503,58
2026-08-16T13:00:00Z,OTHER,OIL/GAS,44.30055965211656,53
2026-08-16T13:00:00Z,OTHER,WOOD/REFUSE,93.96931012683444,149
2026-08-16T13:00:00Z,SOLAR,SOLAR,314.0453801452658,1892
2026-08-16T13:00:00Z,WIND,WIND,637.1489254176369,5684
2026-08-16T14:00:00Z,ENERGY STORAGE,ENERGY STORAGE,0,270
2026-08-16T14:00:00Z,GAS,COGENERATION,4337.532676114506,6122
2026-08-16T14:00:00Z,GAS,COMBINED CYCLE,2623.852396560245,3974
2026-08-16T14:00:00Z,GAS,GAS FIRED STEAM,686.8300462796952,3078
2026-08-16T14:00:00Z,GAS,SIMPLE CYCLE,79.64005408737395,1014
2026-08-16T14:00:00Z,HYDRO,HYDRO,142.53520552911692,896
2026-08-16T14:00:00Z,OTHER,BIOMASS,113.23505319913228,195
2026-08-16T14:00:00Z,OTHER,COMPOSITE,0,20
2026-08-16T14:00:00Z,OTHER,GAS,1.9999510049819944,10
2026-08-16T14:00:00Z,OTHER,GAS COGEN,36.47177128738827,58
2026-08-16T14:00:00Z,OTHER,OIL/GAS,43.67774930318197,53
2026-08-16T14:00:00Z,OTHER,WOOD/REFUSE,93.26923021210564,149
2026-08-16T14:00:00Z,SOLAR,SOLAR,956.9407751053075,1892
2026-08-16T14:00:00Z,WIND,WIND,476.8081523983015,5684
2026-08-16T15:00:00Z,ENERGY STORAGE,ENERGY STORAGE,0,270
2026-08-16T15:00:00Z,GAS,COGENERATION,4318.620167064932,6122
2026-08-16T15:00:00Z,GAS,COMBINED CYCLE,2622.0837147892844,3974
2026-08-16T15:00:00Z,GAS,GAS FIRED STEAM,675.6123232793808,3078
2026-08-16T15:00:00Z,GAS,SIMPLE CYCLE,82.64729271478123,1014
2026-08-16T15:00:00Z,HYDRO,HYDRO,167.6971217734284,896
2026-08-16T15:00:00Z,OTHER,BIOMASS,111.58960831695133,195
2026-08-16T15:00:00Z,OTHER,COMPOSITE,0,20
2026-08-16T15:00:00Z,OTHER,GAS,1.9999510049819944,10
2026-08-16T15:00:00Z,OTHER,GAS COGEN,36.35280822965834,58
2026-08-16T15:00:00Z,OTHER,OIL/GAS,43.90878798802694,53
2026-08-16T15:00:00Z,OTHER,WOOD/REFUSE,92.88874964502122,149
2026-08-16T15:00:00Z,SOLAR,SOLAR,1342.7362205636832,1892
2026-08-16T15:00:00Z,WIND,WIND,284.2064451622135,5684
2026-08-16T16:00:00Z,ENERGY STORAGE,ENERGY STORAGE,0,270
2026-08-16T16:00:00Z,GAS,COGENERATION,4299.787636009058,6122
2026-08-16T16:00:00Z,GAS,COMBINED CYCLE,2648.6891701547306,3974
2026-08-16T16:00:00Z,GAS,GAS FIRED STEAM,623.9597117556465,3078
2026-08-16T16:00:00Z,GAS,SIMPLE CYCLE,85.41755405240589,1014
2026-08-16T16:00:00Z,HYDRO,HYDRO,193.6858529510432,896
2026-08-16T16:00:00Z,OTHER,BIOMASS,112.90783123864068,195
2026-08-16T16:00:00Z,OTHER,COMPOSITE,0,20
2026-08-16T16:00:00Z,OTHER,GAS,1.9999510049819944,10
2026-08-16T16:00:00Z,OTHER,GAS COGEN,36.1812543937895,58
2026-08-16T16:00:00Z,OTHER,OIL/GAS,41.050132859547936,53
2026-08-16T16:00:00Z,OTHER,WOOD/REFUSE,93.2573913780848,149
2026-08-16T16:00:00Z,SOLAR,SOLAR,1562.085994498796,1892
2026-08-16T16:00:00Z,WIND,WIND,278.218376604716,5684
2026-08-16T17:00:00Z,ENERGY STORAGE,ENERGY STORAGE,0,270
2026-08-16T17:00:00Z,GAS,COGENERATION,4350.816279514365,6122
2026-08-16T17:00:00Z,GAS,COMBINED CYCLE,2708.9299656642806,3974
2026-08-16T17:00:00Z,GAS,GAS FIRED STEAM,738.5236565823025,3078
2026-08-16T17:00:00Z,GAS,SIMPLE CYCLE,82.17205384188227,1014
2026-08-16T17:00:00Z,HYDRO,HYDRO,179.4449538830916,896
2026-08-16T17:00:00Z,OTHER,BIOMASS,112.3376089890798,195
2026-08-16T17:00:00Z,OTHER,COMPOSITE,0,20
2026-08-16T17:00:00Z,OTHER,GAS,1.9999510049819944,10
2026-08-16T17:00:00Z,OTHER,GAS COGEN,36.01572173966302,58
2026-08-16T17:00:00Z,OTHER,OIL/GAS,37.51035500208537,53
2026-08-16T17:00:00Z,OTHER,WOOD/REFUSE,93.32116686344148,149
2026-08-16T17:00:00Z,SOLAR,SOLAR,1653.3668085484371,1892
2026-08-16T17:00:00Z,WIND,WIND,271.0170557978501,5684
2026-08-16T18:00:00Z,ENERGY STORAGE,ENERGY STORAGE,0,270
2026-08-16T18:00:00Z,GAS,COGENERATION,4336.075614291562,6122
2026-08-16T18:00:00Z,GAS,COMBINED CYCLE,2710.3441831156942,3974
2026-08-16T18:00:00Z,GAS,GAS FIRED STEAM,846.8517087899314,3078
2026-08-16T18:00:00Z,GAS,SIMPLE CYCLE,84.55749750640656,1014
2026-08-16T18:00:00Z,HYDRO,HYDRO,183.49395443548758,896
2026-08-16T18:00:00Z,OTHER,BIOMASS,111.76688667986127,195
2026-08-16T18:00:00Z,OTHER,COMPOSITE,0,20
2026-08-16T18:00:00Z,OTHER,GAS,1.9999510049819944,10
2026-08-16T18:00:00Z,OTHER,GAS COGEN,35.94355689525604,58
2026-08-16T18:00:00Z,OTHER,OIL/GAS,38.37189349492391,53
2026-08-16T18:00:00Z,OTHER,WOOD/REFUSE,93.19450369040172,149
2026-08-16T18:00:00Z,SOLAR,SOLAR,1617.0161785988014,1892
2026-08-16T18:00:00Z,WIND,WIND,384.37144568073666,5684
2026-08-16T19:00:00Z,ENERGY STORAGE,ENERGY STORAGE,0,270
2026-08-16T19:00:00Z,GAS,COGENERATION,4324.478564800156,6122
2026-08-16T19:00:00Z,GAS,COMBINED CYCLE,2701.46260417117,3974
2026-08-16T19:00:00Z,GAS,GAS FIRED STEAM,818.9589874988131,3078
2026-08-16T19:00:00Z,GAS,SIMPLE CYCLE,85.44072021934721,1014
2026-08-16T19:00:00Z,HYDRO,HYDRO,207.43952347821659,896
2026-08-16T19:00:00Z,OTHER,BIOMASS,111.4906644818518,195
2026-08-16T19:00:00Z,OTHER,COMPOSITE,0,20
2026-08-16T19:00:00Z,OTHER,GAS,1.9999510049819944,10
2026-08-16T19:00:00Z,OTHER,GAS COGEN,35.819435399373376,58
2026-08-16T19:00:00Z,OTHER,OIL/GAS,39.67382120344374,53
2026-08-16T19:00:00Z,OTHER,WOOD/REFUSE,91.93688914775848,149
2026-08-16T19:00:00Z,SOLAR,SOLAR,1604.3924863126542,1892
2026-08-16T19:00:00Z,WIND,WIND,539.3587349523935,5684
2026-08-16T20:00:00Z,ENERGY STORAGE,ENERGY STORAGE,0,270
2026-08-16T20:00:00Z,GAS,COGENERATION,4313.540570188099,6122
2026-08-16T20:00:00Z,GAS,COMBINED CYCLE,2659.737111431493,3974
2026-08-16T20:00:00Z,GAS,GAS FIRED STEAM,711.8712107917997,3078
2026-08-16T20:00:00Z,GAS,SIMPLE CYCLE,87.75099784877565,1014
2026-08-16T20:00:00Z,HYDRO,HYDRO,232.25027609639696,896
2026-08-16T20:00:00Z,OTHER,BIOMASS,106.53999859756894,195
2026-08-16T20:00:00Z,OTHER,COMPOSITE,0,20
2026-08-16T20:00:00Z,OTHER,GAS,1.9999510049819944,10
2026-08-16T20:00:00Z,OTHER,GAS COGEN,35.52924034807417,58
2026-08-16T20:00:00Z,OTHER,OIL/GAS,41.117899055480954,53
2026-08-16T20:00:00Z,OTHER,WOOD/REFUSE,93.00920590877533,149
2026-08-16T20:00:00Z,SOLAR,SOLAR,1548.3907464487022,1892
2026-08-16T20:00:00Z,WIND,WIND,664.3760613142989,5684
2026-08-16T21:00:00Z,ENERGY STORAGE,ENERGY STORAGE,0,270
2026-08-16T21:00:00Z,GAS,COGENERATION,4316.889930696752,6122
2026-08-16T21:00:00Z,GAS,COMBINED CYCLE,2795.6513601205083,3974
2026-08-16T21:00:00Z,GAS,GAS FIRED STEAM,752.0356014258332,3078
2026-08-16T21:00:00Z,GAS,SIMPLE CYCLE,86.1144419195917,1014
2026-08-16T21:00:00Z,HYDRO,HYDRO,204.84626983271704,896
2026-08-16T21:00:00Z,OTHER,BIOMASS,110.80044225586785,195
2026-08-16T21:00:00Z,OTHER,COMPOSITE,0,20
2026-08-16T21:00:00Z,OTHER,GAS,1.9999510049819944,10
2026-08-16T21:00:00Z,OTHER,GAS COGEN,35.44170674588945,58
2026-08-16T21:00:00Z,OTHER,OIL/GAS,41.42363266838922,53
2026-08-16T21:00:00Z,OTHER,WOOD/REFUSE,92.87047265688578,149
2026-08-16T21:00:00Z,SOLAR,SOLAR,1343.4250798102883,1892
2026-08-16T21:00:00Z,WIND,WIND,825.5076482131208,5684
2026-08-16T22:00:00Z,ENERGY STORAGE,ENERGY STORAGE,0,270
2026-08-16T22:00:00Z,GAS,COGENERATION,4252.397177984582,6122
2026-08-16T22:00:00Z,GAS,COMBINED CYCLE,2727.969392609596,3974
2026-08-16T22:00:00Z,GAS,GAS FIRED STEAM,818.9898773871528,3078
2026-08-16T22:00:00Z,GAS,SIMPLE CYCLE,86.1345530904664,1014
2026-08-16T22:00:00Z,HYDRO,HYDRO,214.6575436364363,896
2026-08-16T22:00:00Z,OTHER,BIOMASS,113.03099703258938,195
2026-08-16T22:00:00Z,OTHER,COMPOSITE,0,20
2026-08-16T22:00:00Z,OTHER,GAS,1.9999510049819944,10
2026-08-16T22:00:00Z,OTHER,GAS COGEN,35.456075508329604,58
2026-08-16T22:00:00Z,OTHER,OIL/GAS,41.84529963387384,53
2026-08-16T22:00:00Z,OTHER,WOOD/REFUSE,93.56881215201484,149
2026-08-16T22:00:00Z,SOLAR,SOLAR,1360.9390323336754,1892
2026-08-16T22:00:00Z,WIND,WIND,1039.1074366125422,5684
2026-08-16T23:00:00Z,ENERGY STORAGE,ENERGY STORAGE,0,270
2026-08-16T23:00:00Z,GAS,COGENERATION,4304.367905799084,6122
2026-08-16T23:00:00Z,GAS,COMBINED CYCLE,2860.5804617807603,3974
2026-08-16T23:00:00Z,GAS,GAS FIRED STEAM,949.9889291169909,3078
2026-08-16T23:00:00Z,GAS,SIMPLE CYCLE,85.81410883929995,1014
2026-08-16T23:00:00Z,HYDRO,HYDRO,242.0847923023833,896
2026-08-16T23:00:00Z,OTHER,BIOMASS,111.61505314773984,195
2026-08-16T23:00:00Z,OTHER,COMPOSITE,0,20
2026-08-16T23:00:00Z,OTHER,GAS,1.9999510049819944,10
2026-08-16T23:00:00Z,OTHER,GAS COGEN,35.68514423370361,58
2026-08-16T23:00:00Z,OTHER,OIL/GAS,42.10156055662367,53
2026-08-16T23:00:00Z,OTHER,WOOD/REFUSE,92.76125438902113,149
2026-08-16T23:00:00Z,SOLAR,SOLAR,1190.2911204772524,1892
2026-08-16T23:00:00Z,WIND,WIND,942.5285757475057,5684
2026-08-17T00:00:00Z,ENERGY STORAGE,ENERGY STORAGE,0,270
2026-08-17T00:00:00Z,GAS,COGENERATION,4352.136621871921,6122
2026-08-17T00:00:00Z,GAS,COMBINED CYCLE,2940.7876365473535,3974
2026-08-17T00:00:00Z,GAS,GAS FIRED STEAM,1128.786593738132,3078
2026-08-17T00:00:00Z,GAS,SIMPLE CYCLE,90.06238687117894,1014
2026-08-17T00:00:00Z,HYDRO,HYDRO,285.88654414182736,896
2026-08-17T00:00:00Z,OTHER,BIOMASS,114.25438602129618,195
2026-08-17T00:00:00Z,OTHER,COMPOSITE,0,20
2026-08-17T00:00:00Z,OTHER,GAS,1.9999510049819944,10
2026-08-17T00:00:00Z,OTHER,GAS COGEN,35.88740113576253,58
2026-08-17T00:00:00Z,OTHER,OIL/GAS,42.58076599544949,53
2026-08-17T00:00:00Z,OTHER,WOOD/REFUSE,92.91525255256228,149
2026-08-17T00:00:00Z,SOLAR,SOLAR,870.6320863408678,1892
2026-08-17T00:00:00Z,WIND,WIND,869.3486226651652,5684
2026-08-17T01:00:00Z,ENERGY STORAGE,ENERGY STORAGE,0,270
2026-08-17T01:00:00Z,GAS,COGENERATION,4407.1696579964955,6122
2026-08-17T01:00:00Z,GAS,COMBINED CYCLE,2972.432918425401,3974
2026-08-17T01:00:00Z,GAS,GAS FIRED STEAM,1364.8544823286268,3078
2026-08-17T01:00:00Z,GAS,SIMPLE CYCLE,226.52319205827183,1014
2026-08-17T01:00:00Z,HYDRO,HYDRO,386.69044636812475,896
2026-08-17T01:00:00Z,OTHER,BIOMASS,117.7013307419088,195
2026-08-17T01:00:00Z,OTHER,COMPOSITE,0.38355553282631766,20
2026-08-17T01:00:00Z,OTHER,GAS,1.9999510049819944,10
2026-08-17T01:00:00Z,OTHER,GAS COGEN,36.05094049347771,58
2026-08-17T01:00:00Z,OTHER,OIL/GAS,42.080527795155845,53
2026-08-17T01:00:00Z,OTHER,WOOD/REFUSE,96.93257447242736,149
2026-08-17T01:00:00Z,SOLAR,SOLAR,281.32063955489963,1892
2026-08-17T01:00:00Z,WIND,WIND,802.4389175138954,5684
2026-08-17T02:00:00Z,ENERGY STORAGE,ENERGY STORAGE,-0.4997222038772371,270
2026-08-17T02:00:00Z,GAS,COGENERATION,4436.9945655730035,6122
2026-08-17T02:00:00Z,GAS,COMBINED CYCLE,2977.77287450499,3974
2026-08-17T02:00:00Z,GAS,GAS FIRED STEAM,1371.7121471362643,3078
2026-08-17T02:00:00Z,GAS,SIMPLE CYCLE,388.31316257745027,1014
2026-08-17T02:00:00Z,HYDRO,HYDRO,455.6087068290843,896
2026-08-17T02:00:00Z,OTHER,BIOMASS,130.04505347569784,195
2026-08-17T02:00:00Z,OTHER,COMPOSITE,12.493166437678866,20
2026-08-17T02:00:00Z,OTHER,GAS,1.9999510049819944,10
2026-08-17T02:00:00Z,OTHER,GAS COGEN,36.51934874428643,58
2026-08-17T02:00:00Z,OTHER,OIL/GAS,42.224749590555824,53
2026-08-17T02:00:00Z,OTHER,WOOD/REFUSE,103.47306153138479,149
2026-08-17T02:00:00Z,SOLAR,SOLAR,68.17549829048414,1892
2026-08-17T02:00:00Z,WIND,WIND,490.7738404521843,5684
2026-08-17T03:00:00Z,ENERGY STORAGE,ENERGY STORAGE,-0.24216665585835775,270
2026-08-17T03:00:00Z,GAS,COGENERATION,4467.737311018838,6122
2026-08-17T03:00:00Z,GAS,COMBINED CYCLE,2962.14094834884,3974
2026-08-17T03:00:00Z,GAS,GAS FIRED STEAM,1372.1825329081219,3078
2026-08-17T03:00:00Z,GAS,SIMPLE CYCLE,393.0231584521797,1014
2026-08-17T03:00:00Z,HYDRO,HYDRO,478.88811795511185,896
2026-08-17T03:00:00Z,OTHER,BIOMASS,130.07588684717814,195
2026-08-17T03:00:00Z,OTHER,COMPOSITE,3.904055554204517,20
2026-08-17T03:00:00Z,OTHER,GAS,1.7186176704035865,10
2026-08-17T03:00:00Z,OTHER,GAS COGEN,36.72922231992086,58
2026-08-17T03:00:00Z,OTHER,OIL/GAS,42.401899058024085,53
2026-08-17T03:00:00Z,OTHER,WOOD/REFUSE,104.3510733291838,149
2026-08-17T03:00:00Z,SOLAR,SOLAR,26.029721469216877,1892
2026-08-17T03:00:00Z,WIND,WIND,408.48098609841946,5684
2026-08-17T04:00:00Z,ENERGY STORAGE,ENERGY STORAGE,-1.1458333317769898,270
2026-08-17T04:00:00Z,GAS,COGENERATION,4483.905486370458,6122
2026-08-17T04:00:00Z,GAS,COMBINED CYCLE,2845.687647230095,3974
2026-08-17T04:00:00Z,GAS,GAS FIRED STEAM,1364.1302588314481,3078
2026-08-17T04:00:00Z,GAS,SIMPLE CYCLE,333.0466346770856,1014
2026-08-17T04:00:00Z,HYDRO,HYDRO,369.698323542931,896
2026-08-17T04:00:00Z,OTHER,BIOMASS,130.06227591779498,195
2026-08-17T04:00:00Z,OTHER,COMPOSITE,0,20
2026-08-17T04:00:00Z,OTHER,GAS,1.7941731798648834,10
2026-08-17T04:00:00Z,OTHER,GAS COGEN,39.04313593652513,58
2026-08-17T04:00:00Z,OTHER,OIL/GAS,43.02708774778578,53
2026-08-17T04:00:00Z,OTHER,WOOD/REFUSE,104.45501164913176,149
2026-08-17T04:00:00Z,SOLAR,SOLAR,0.10000000149011612,1892
2026-08-17T04:00:00Z,WIND,WIND,403.07824814587,5684
2026-08-17T05:00:00Z,ENERGY STORAGE,ENERGY STORAGE,-1.5,270
2026-08-17T05:00:00Z,GAS,COGENERATION,4493.344220514828,6122
2026-08-17T05:00:00Z,GAS,COMBINED CYCLE,2789.422806424565,3974
2026-08-17T05:00:00Z,GAS,GAS FIRED STEAM,1339.96697871738,3078
2026-08-17T05:00:00Z,GAS,SIMPLE CYCLE,343.77038847843806,1014
2026-08-17T05:00:00Z,HYDRO,HYDRO,382.48351046721143,896
2026-08-17T05:00:00Z,OTHER,BIOMASS,129.09444199879965,195
2026-08-17T05:00:00Z,OTHER,COMPOSITE,0,20
2026-08-17T05:00:00Z,OTHER,GAS,1.869784307281176,10
2026-08-17T05:00:00Z,OTHER,GAS COGEN,35.936181199815536,58
2026-08-17T05:00:00Z,OTHER,OIL/GAS,43.11843236287435,53
2026-08-17T05:00:00Z,OTHER,WOOD/REFUSE,103.57959181467695,149
2026-08-17T05:00:00Z,SOLAR,SOLAR,0.10000000149011612,1892
2026-08-17T05:00:00Z,WIND,WIND,255.41737623248247,5684
2026-08-17T06:00:00Z,ENERGY STORAGE,ENERGY STORAGE,-4.448166602551937,270
2026-08-17T06:00:00Z,GAS,COGENERATION,4499.7224233524,6122
2026-08-17T06:00:00Z,GAS,COMBINED CYCLE,2698.9557398266265,3974
2026-08-17T06:00:00Z,GAS,GAS FIRED STEAM,1304.8567031224568,3078
2026-08-17T06:00:00Z,GAS,SIMPLE CYCLE,237.67961583614348,1014
2026-08-17T06:00:00Z,HYDRO,HYDRO,127.75595097667642,896
2026-08-17T06:00:00Z,OTHER,BIOMASS,122.67938686741724,195
2026-08-17T06:00:00Z,OTHER,COMPOSITE,0,20
2026-08-17T06:00:00Z,OTHER,GAS,2.0999510288238525,10
2026-08-17T06:00:00Z,OTHER,GAS COGEN,38.09949887487623,58
2026-08-17T06:00:00Z,OTHER,OIL/GAS,43.10125953674317,53
2026-08-17T06:00:00Z,OTHER,WOOD/REFUSE,93.92999316056569,149
2026-08-17T06:00:00Z,SOLAR,SOLAR,0.10000000149011612,1892
2026-08-17T06:00:00Z,WIND,WIND,538.9915825947995,5684
2026-08-17T07:00:00Z,ENERGY STORAGE,ENERGY STORAGE,-11.962499770339992,270
2026-08-17T07:00:00Z,GAS,COGENERATION,4489.320666226281,6122
2026-08-17T07:00:00Z,GAS,COMBINED CYCLE,2629.600883570512,3974
2026-08-17T07:00:00Z,GAS,GAS FIRED STEAM,1085.1248169411554,3078
2026-08-17T07:00:00Z,GAS,SIMPLE CYCLE,108.94367050384481,1014
2026-08-17T07:00:00Z,HYDRO,HYDRO,153.4459175054232,896
2026-08-17T07:00:00Z,OTHER,BIOMASS,115.11038658724891,195
2026-08-17T07:00:00Z,OTHER,COMPOSITE,0,20
2026-08-17T07:00:00Z,OTHER,GAS,2.0999510288238525,10
2026-08-17T07:00:00Z,OTHER,GAS COGEN,38.93692090882195,58
2026-08-17T07:00:00Z,OTHER,OIL/GAS,43.77879934946696,53
2026-08-17T07:00:00Z,OTHER,WOOD/REFUSE,89.01234646850162,149
2026-08-17T07:00:00Z,SOLAR,SOLAR,0.10000000149011612,1892
2026-08-17T07:00:00Z,WIND,WIND,739.0109943452684,5684
2026-08-17T08:00:00Z,ENERGY STORAGE,ENERGY STORAGE,-7.55999985208114,270
2026-08-17T08:00:00Z,GAS,COGENERATION,4496.365716511938,6122
2026-08-17T08:00:00Z,GAS,COMBINED CYCLE,2611.183572160668,3974
2026-08-17T08:00:00Z,GAS,GAS FIRED STEAM,996.3467082807753,3078
2026-08-17T08:00:00Z,GAS,SIMPLE CYCLE,84.1276539932357,1014
2026-08-17T08:00:00Z,HYDRO,HYDRO,124.95740917086601,896
2026-08-17T08:00:00Z,OTHER,BIOMASS,117.19538731575012,195
2026-08-17T08:00:00Z,OTHER,COMPOSITE,0,20
2026-08-17T08:00:00Z,OTHER,GAS,2.0999510288238525,10
2026-08-17T08:00:00Z,OTHER,GAS COGEN,38.85013981819153,58
2026-08-17T08:00:00Z,OTHER,OIL/GAS,43.55071592966715,53
2026-08-17T08:00:00Z,OTHER,WOOD/REFUSE,89.75871836026509,149
2026-08-17T08:00:00Z,SOLAR,SOLAR,0.10000000149011612,1892
2026-08-17T08:00:00Z,WIND,WIND,875.1235323755774,5684
2026-08-17T09:00:00Z,ENERGY STORAGE,ENERGY STORAGE,-0.561555555380053,270
2026-08-17T09:00:00Z,GAS,COGENERATION,4501.488542865117,6122
2026-08-17T09:00:00Z,GAS,COMBINED CYCLE,2672.4862301325797,3974
2026-08-17T09:00:00Z,GAS,GAS FIRED STEAM,988.448873485989,3078
2026-08-17T09:00:00Z,GAS,SIMPLE CYCLE,88.34788670433892,1014
2026-08-17T09:00:00Z,HYDRO,HYDRO,168.78288132707277,896
2026-08-17T09:00:00Z,OTHER,BIOMASS,114.89066496902042,195
2026-08-17T09:00:00Z,OTHER,COMPOSITE,0,20
2026-08-17T09:00:00Z,OTHER,GAS,2.0999510288238525,10
2026-08-17T09:00:00Z,OTHER,GAS COGEN,39.061463467809894,58
2026-08-17T09:00:00Z,OTHER,OIL/GAS,43.17170374976264,53
2026-08-17T09:00:00Z,OTHER,WOOD/REFUSE,93.38815655019549,149
2026-08-17T09:00:00Z,SOLAR,SOLAR,0.10000000149011612,1892
2026-08-17T09:00:00Z,WIND,WIND,771.1879169128939,5684
2026-08-17T10:00:00Z,ENERGY STORAGE,ENERGY STORAGE,0,270
2026-08-17T10:00:00Z,GAS,COGENERATION,4511.280261952083,6122
2026-08-17T10:00:00Z,GAS,COMBINED CYCLE,2609.840195082029,3974
2026-08-17T10:00:00Z,GAS,GAS FIRED STEAM,984.5495397822062,3078
2026-08-17T10:00:00Z,GAS,SIMPLE CYCLE,86.4982208246655,1014
2026-08-17T10:00:00Z,HYDRO,HYDRO,160.69878487106826,896
2026-08-17T10:00:00Z,OTHER,BIOMASS,113.91938711590238,195
2026-08-17T10:00:00Z,OTHER,COMPOSITE,0,20
2026-08-17T10:00:00Z,OTHER,GAS,2.0999510288238525,10
2026-08-17T10:00:00Z,OTHER,GAS COGEN,39.487267939249676,58
2026-08-17T10:00:00Z,OTHER,OIL/GAS,43.306188087463376,53
2026-08-17T10:00:00Z,OTHER,WOOD/REFUSE,94.01495952447254,149
2026-08-17T10:00:00Z,SOLAR,SOLAR,0.10000000149011612,1892
2026-08-17T10:00:00Z,WIND,WIND,749.3292725894269,5684
2026-08-17T11:00:00Z,ENERGY STORAGE,ENERGY STORAGE,0,270
2026-08-17T11:00:00Z,GAS,COGENERATION,4513.272450317145,6122
2026-08-17T11:00:00Z,GAS,COMBINED CYCLE,2702.827185462316,3974
2026-08-17T11:00:00Z,GAS,GAS FIRED STEAM,1149.807202712165,3078
2026-08-17T11:00:00Z,GAS,SIMPLE CYCLE,92.0966096470091,1014
2026-08-17T11:00:00Z,HYDRO,HYDRO,220.82988335218695,896
2026-08-17T11:00:00Z,OTHER,BIOMASS,112.9509424103631,195
2026-08-17T11:00:00Z,OTHER,COMPOSITE,0,20
2026-08-17T11:00:00Z,OTHER,GAS,2.0999510288238525,10
2026-08-17T11:00:00Z,OTHER,GAS COGEN,39.4167429833942,58
2026-08-17T11:00:00Z,OTHER,OIL/GAS,43.57026033401489,53
2026-08-17T11:00:00Z,OTHER,WOOD/REFUSE,94.12681809319389,149
2026-08-17T11:00:00Z,SOLAR,SOLAR,0.10000000149011612,1892
2026-08-17T11:00:00Z,WIND,WIND,538.8016941547601,5684
2026-08-17T12:00:00Z,ENERGY STORAGE,ENERGY STORAGE,0,270
2026-08-17T12:00:00Z,GAS,COGENERATION,4517.300197488997,6122
2026-08-17T12:00:00Z,GAS,COMBINED CYCLE,2752.211751232412,3974
2026-08-17T12:00:00Z,GAS,GAS FIRED STEAM,1300.420757221646,3078
2026-08-17T12:00:00Z,GAS,SIMPLE CYCLE,88.09166548728943,1014
2026-08-17T12:00:00Z,HYDRO,HYDRO,167.3595005375809,896
2026-08-17T12:00:00Z,OTHER,BIOMASS,114.23938755671183,195
2026-08-17T12:00:00Z,OTHER,COMPOSITE,0,20
2026-08-17T12:00:00Z,OTHER,GAS,2.0999510288238525,10
2026-08-17T12:00:00Z,OTHER,GAS COGEN,39.38116685655382,58
2026-08-17T12:00:00Z,OTHER,OIL/GAS,43.4547482808431,53
2026-08-17T12:00:00Z,OTHER,WOOD/REFUSE,94.07481223371295,149
2026-08-17T12:00:00Z,SOLAR,SOLAR,8.482999844236506,1892
2026-08-17T12:00:00Z,WIND,WIND,556.2403482245571,5684
2026-08-17T13:00:00Z,ENERGY STORAGE,ENERGY STORAGE,0,270
2026-08-17T13:00:00Z,GAS,COGENERATION,4519.410311281946,6122
2026-08-17T13:00:00Z,GAS,COMBINED CYCLE,2736.02953325616,3974
2026-08-17T13:00:00Z,GAS,GAS FIRED STEAM,1370.8471458265517,3078
2026-08-17T13:00:00Z,GAS,SIMPLE CYCLE,123.46538653155169,1014
2026-08-17T13:00:00Z,HYDRO,HYDRO,215.05288711508115,896
2026-08-17T13:00:00Z,OTHER,BIOMASS,113.599108599027,195
2026-08-17T13:00:00Z,OTHER,COMPOSITE,0,20
2026-08-17T13:00:00Z,OTHER,GAS,2.043895459903611,10
2026-08-17T13:00:00Z,OTHER,GAS COGEN,39.30311619069841,58
2026-08-17T13:00:00Z,OTHER,OIL/GAS,43.4064825990465,53
2026-08-17T13:00:00Z,OTHER,WOOD/REFUSE,94.09381933053334,149
2026-08-17T13:00:00Z,SOLAR,SOLAR,217.08363105126554,1892
2026-08-17T13:00:00Z,WIND,WIND,516.8230519051891,5684
2026-08-17T14:00:00Z,ENERGY STORAGE,ENERGY STORAGE,0,270
2026-08-17T14:00:00Z,GAS,COGENERATION,4494.385856434769,6122
2026-08-17T14:00:00Z,GAS,COMBINED CYCLE,2739.6335250369707,3974
2026-08-17T14:00:00Z,GAS,GAS FIRED STEAM,1374.0867046864828,3078
2026-08-17T14:00:00Z,GAS,SIMPLE CYCLE,152.80210803190866,1014
2026-08-17T14:00:00Z,HYDRO,HYDRO,158.3982776253091,896
2026-08-17T14:00:00Z,OTHER,BIOMASS,113.03516469213697,195
2026-08-17T14:00:00Z,OTHER,COMPOSITE,0,20
2026-08-17T14:00:00Z,OTHER,GAS,1.9999510049819944,10
2026-08-17T14:00:00Z,OTHER,GAS COGEN,39.09360116746691,58
2026-08-17T14:00:00Z,OTHER,OIL/GAS,43.92391009224786,53
2026-08-17T14:00:00Z,OTHER,WOOD/REFUSE,93.41639501836565,149
2026-08-17T14:00:00Z,SOLAR,SOLAR,827.7350760661232,1892
2026-08-17T14:00:00Z,WIND,WIND,250.03236333807723,5684
2026-08-17T15:00:00Z,ENERGY STORAGE,ENERGY STORAGE,0,270
2026-08-17T15:00:00Z,GAS,COGENERATION,4449.011543942557,6122
2026-08-17T15:00:00Z,GAS,COMBINED CYCLE,2889.5261453096073,3974
2026-08-17T15:00:00Z,GAS,GAS FIRED STEAM,1153.3614262051053,3078
2026-08-17T15:00:00Z,GAS,SIMPLE CYCLE,82.61198747305407,1014
2026-08-17T15:00:00Z,HYDRO,HYDRO,146.9848865682549,896
2026-08-17T15:00:00Z,OTHER,BIOMASS,113.03488688521915,195
2026-08-17T15:00:00Z,OTHER,COMPOSITE,0,20
2026-08-17T15:00:00Z,OTHER,GAS,1.9999510049819944,10
2026-08-17T15:00:00Z,OTHER,GAS COGEN,38.92887683974372,58
2026-08-17T15:00:00Z,OTHER,OIL/GAS,44.32246570163303,53
2026-08-17T15:00:00Z,OTHER,WOOD/REFUSE,93.17901521205901,149
2026-08-17T15:00:00Z,SOLAR,SOLAR,1289.5384248000714,1892
2026-08-17T15:00:00Z,WIND,WIND,123.17519246120833,5684
2026-08-17T16:00:00Z,ENERGY STORAGE,ENERGY STORAGE,0,270
2026-08-17T16:00:00Z,GAS,COGENERATION,4410.832783449094,6122
2026-08-17T16:00:00Z,GAS,COMBINED CYCLE,2922.8434738288984,3974
2026-08-17T16:00:00Z,GAS,GAS FIRED STEAM,973.506540790134,3078
2026-08-17T16:00:00Z,GAS,SIMPLE CYCLE,82.9223873978191,1014
2026-08-17T16:00:00Z,HYDRO,HYDRO,191.21417468216683,896
2026-08-17T16:00:00Z,OTHER,BIOMASS,112.10222051567501,195
2026-08-17T16:00:00Z,OTHER,COMPOSITE,0,20
2026-08-17T16:00:00Z,OTHER,GAS,1.9999510049819944,10
2026-08-17T16:00:00Z,OTHER,GAS COGEN,38.687355309592355,58
2026-08-17T16:00:00Z,OTHER,OIL/GAS,43.75234973271688,53
2026-08-17T16:00:00Z,OTHER,WOOD/REFUSE,93.59970230314467,149
2026-08-17T16:00:00Z,SOLAR,SOLAR,1461.158107226822,1892
2026-08-17T16:00:00Z,WIND,WIND,157.11859151173797,5684
2026-08-17T17:00:00Z,ENERGY STORAGE,ENERGY STORAGE,0,270
2026-08-17T17:00:00Z,GAS,COGENERATION,4369.067627455129,6122
2026-08-17T17:00:00Z,GAS,COMBINED CYCLE,2857.188007068369,3974
2026-08-17T17:00:00Z,GAS,GAS FIRED STEAM,1082.0972038947211,3078
2026-08-17T17:00:00Z,GAS,SIMPLE CYCLE,182.67116408646106,1014
2026-08-17T17:00:00Z,HYDRO,HYDRO,197.1783964307606,896
2026-08-17T17:00:00Z,OTHER,BIOMASS,113.1946085606681,195
2026-08-17T17:00:00Z,OTHER,COMPOSITE,0,20
2026-08-17T17:00:00Z,OTHER,GAS,1.9999510049819944,10
2026-08-17T17:00:00Z,OTHER,GAS COGEN,38.505290018717446,58
2026-08-17T17:00:00Z,OTHER,OIL/GAS,44.11883209864298,53
2026-08-17T17:00:00Z,OTHER,WOOD/REFUSE,93.8368381049898,149
2026-08-17T17:00:00Z,SOLAR,SOLAR,1606.7087857623233,1892
2026-08-17T17:00:00Z,WIND,WIND,130.26668098481164,5684
2026-08-17T18:00:00Z,ENERGY STORAGE,ENERGY STORAGE,0,270
2026-08-17T18:00:00Z,GAS,COGENERATION,4369.980977677107,6122
2026-08-17T18:00:00Z,GAS,COMBINED CYCLE,2851.1014305938616,3974
2026-08-17T18:00:00Z,GAS,GAS FIRED STEAM,1353.4858136834039,3078
2026-08-17T18:00:00Z,GAS,SIMPLE CYCLE,231.59262827018895,1014
2026-08-17T18:00:00Z,HYDRO,HYDRO,241.97185460044278,896
2026-08-17T18:00:00Z,OTHER,BIOMASS,113.58749782502652,195
2026-08-17T18:00:00Z,OTHER,COMPOSITE,0,20
2026-08-17T18:00:00Z,OTHER,GAS,1.9999510049819944,10
2026-08-17T18:00:00Z,OTHER,GAS COGEN,38.08224185625712,58
2026-08-17T18:00:00Z,OTHER,OIL/GAS,44.143554356892906,53
2026-08-17T18:00:00Z,OTHER,WOOD/REFUSE,94.3202881717682,149
2026-08-17T18:00:00Z,SOLAR,SOLAR,1641.2059305130442,1892
2026-08-17T18:00:00Z,WIND,WIND,52.78819424387068,5684
2026-08-17T19:00:00Z,ENERGY STORAGE,ENERGY STORAGE,-31.601388336064087,270
2026-08-17T19:00:00Z,GAS,COGENERATION,4396.5165545980135,6122
2026-08-17T19:00:00Z,GAS,COMBINED CYCLE,2862.57247887214,3974
2026-08-17T19:00:00Z,GAS,GAS FIRED STEAM,1351.0704781129625,3078
2026-08-17T19:00:00Z,GAS,SIMPLE CYCLE,303.479982095278,1014
2026-08-17T19:00:00Z,HYDRO,HYDRO,275.61621655528745,896
2026-08-17T19:00:00Z,OTHER,BIOMASS,120.59944210847219,195
2026-08-17T19:00:00Z,OTHER,COMPOSITE,0,20
2026-08-17T19:00:00Z,OTHER,GAS,1.9999510049819944,10
2026-08-17T19:00:00Z,OTHER,GAS COGEN,38.056254138946535,58
2026-08-17T19:00:00Z,OTHER,OIL/GAS,44.24047644085354,53
2026-08-17T19:00:00Z,OTHER,WOOD/REFUSE,94.38858231597476,149
2026-08-17T19:00:00Z,SOLAR,SOLAR,1639.2129591686196,1892
2026-08-17T19:00:00Z,WIND,WIND,29.383541245348752,5684
2026-08-17T20:00:00Z,ENERGY STORAGE,ENERGY STORAGE,0,270
2026-08-17T20:00:00Z,GAS,COGENERATION,4376.971384789016,6122
2026-08-17T20:00:00Z,GAS,COMBINED CYCLE,2861.3908175841966,3974
2026-08-17T20:00:00Z,GAS,GAS FIRED STEAM,1344.549814414978,3078
2026-08-17T20:00:00Z,GAS,SIMPLE CYCLE,331.1666564097173,1014
2026-08-17T20:00:00Z,HYDRO,HYDRO,225.66739182710648,896
2026-08-17T20:00:00Z,OTHER,BIOMASS,122.52749803066254,195
2026-08-17T20:00:00Z,OTHER,COMPOSITE,0,20
2026-08-17T20:00:00Z,OTHER,GAS,1.9999510049819944,10
2026-08-17T20:00:00Z,OTHER,GAS COGEN,37.594266748428346,58
2026-08-17T20:00:00Z,OTHER,OIL/GAS,43.786921166314016,53
2026-08-17T20:00:00Z,OTHER,WOOD/REFUSE,93.31678032928042,149
2026-08-17T20:00:00Z,SOLAR,SOLAR,1598.1780662952528,1892
2026-08-17T20:00:00Z,WIND,WIND,36.92353745619456,5684
2026-08-17T21:00:00Z,ENERGY STORAGE,ENERGY STORAGE,0,270
2026-08-17T21:00:00Z,GAS,COGENERATION,4355.227840018272,6122
2026-08-17T21:00:00Z,GAS,COMBINED CYCLE,2865.9420434180897,3974
2026-08-17T21:00:00Z,GAS,GAS FIRED STEAM,1344.251201892429,3078
2026-08-17T21:00:00Z,GAS,SIMPLE CYCLE,275.00777357258727,1014
2026-08-17T21:00:00Z,HYDRO,HYDRO,246.547489538259,896
2026-08-17T21:00:00Z,OTHER,BIOMASS,118.6314973921246,195
2026-08-17T21:00:00Z,OTHER,COMPOSITE,0,20
2026-08-17T21:00:00Z,OTHER,GAS,1.9999510049819944,10
2026-08-17T21:00:00Z,OTHER,GAS COGEN,37.477705017725626,58
2026-08-17T21:00:00Z,OTHER,OIL/GAS,44.43891604529487,53
2026-08-17T21:00:00Z,OTHER,WOOD/REFUSE,92.72370791170333,149
2026-08-17T21:00:00Z,SOLAR,SOLAR,1534.145623684327,1892
2026-08-17T21:00:00Z,WIND,WIND,100.56204826463842,5684
2026-08-17T22:00:00Z,ENERGY STORAGE,ENERGY STORAGE,0,270
2026-08-17T22:00:00Z,GAS,COGENERATION,4334.326300601165,6122
2026-08-17T22:00:00Z,GAS,COMBINED CYCLE,2874.745399998294,3974
2026-08-17T22:00:00Z,GAS,GAS FIRED STEAM,1344.0233686871,3078
2026-08-17T22:00:00Z,GAS,SIMPLE CYCLE,296.01628324333166,1014
2026-08-17T22:00:00Z,HYDRO,HYDRO,256.9917277678434,896
2026-08-17T22:00:00Z,OTHER,BIOMASS,119.12144161701202,195
2026-08-17T22:00:00Z,OTHER,COMPOSITE,0,20
2026-08-17T22:00:00Z,OTHER,GAS,1.9999510049819944,10
2026-08-17T22:00:00Z,OTHER,GAS COGEN,37.371007455190025,58
2026-08-17T22:00:00Z,OTHER,OIL/GAS,43.98570969263712,53
2026-08-17T22:00:00Z,OTHER,WOOD/REFUSE,94.6467674250073,149
2026-08-17T22:00:00Z,SOLAR,SOLAR,1521.2205981442166,1892
2026-08-17T22:00:00Z,WIND,WIND,161.0557870565272,5684
2026-08-17T23:00:00Z,ENERGY STORAGE,ENERGY STORAGE,0,270
2026-08-17T23:00:00Z,GAS,COGENERATION,4314.973755748404,6122
2026-08-17T23:00:00Z,GAS,COMBINED CYCLE,2862.893272005982,3974
2026-08-17T23:00:00Z,GAS,GAS FIRED STEAM,1301.8430360031127,3078
2026-08-17T23:00:00Z,GAS,SIMPLE CYCLE,251.20107853117915,1014
2026-08-17T23:00:00Z,HYDRO,HYDRO,281.4943675150639,896
2026-08-17T23:00:00Z,OTHER,BIOMASS,116.84821973866886,195
2026-08-17T23:00:00Z,OTHER,COMPOSITE,0,20
2026-08-17T23:00:00Z,OTHER,GAS,1.9999510049819944,10
2026-08-17T23:00:00Z,OTHER,GAS COGEN,37.47134618123372,58
2026-08-17T23:00:00Z,OTHER,OIL/GAS,42.10934314727783,53
2026-08-17T23:00:00Z,OTHER,WOOD/REFUSE,93.21285714997185,149
2026-08-17T23:00:00Z,SOLAR,SOLAR,1435.607529655165,1892
2026-08-17T23:00:00Z,WIND,WIND,163.87445852762295,5684
2026-08-18T00:00:00Z,ENERGY STORAGE,ENERGY STORAGE,0,270
2026-08-18T00:00:00Z,GAS,COGENERATION,4319.06677455763,6122
2026-08-18T00:00:00Z,GAS,COMBINED CYCLE,2911.519931441479,3974
2026-08-18T00:00:00Z,GAS,GAS FIRED STEAM,1359.933368167215,3078
2026-08-18T00:00:00Z,GAS,SIMPLE CYCLE,316.10148595856293,1014
2026-08-18T00:00:00Z,HYDRO,HYDRO,354.88144150467383,896
2026-08-18T00:00:00Z,OTHER,BIOMASS,118.94249793622228,195
2026-08-18T00:00:00Z,OTHER,COMPOSITE,0,20
2026-08-18T00:00:00Z,OTHER,GAS,1.9999510049819944,10
2026-08-18T00:00:00Z,OTHER,GAS COGEN,37.59020234849718,58
2026-08-18T00:00:00Z,OTHER,OIL/GAS,40.900509952969024,53
2026-08-18T00:00:00Z,OTHER,WOOD/REFUSE,95.8744824748569,149
2026-08-18T00:00:00Z,SOLAR,SOLAR,997.1532479140328,1892
2026-08-18T00:00:00Z,WIND,WIND,165.96001180247714,5684
2026-08-18T01:00:00Z,ENERGY STORAGE,ENERGY STORAGE,0,270
2026-08-18T01:00:00Z,GAS,COGENERATION,4349.055318604045,6122
2026-08-18T01:00:00Z,GAS,COMBINED CYCLE,2901.4312274098397,3974
2026-08-18T01:00:00Z,GAS,GAS FIRED STEAM,1374.4359805425008,3078
2026-08-18T01:00:00Z,GAS,SIMPLE CYCLE,435.8140822152628,1014
2026-08-18T01:00:00Z,HYDRO,HYDRO,482.1098243290186,896
2026-08-18T01:00:00Z,OTHER,BIOMASS,124.00344225173194,195
2026-08-18T01:00:00Z,OTHER,COMPOSITE,0,20
2026-08-18T01:00:00Z,OTHER,GAS,1.9999510049819944,10
2026-08-18T01:00:00Z,OTHER,GAS COGEN,41.13831630812751,58
2026-08-18T01:00:00Z,OTHER,OIL/GAS,39.5847327401903,53
2026-08-18T01:00:00Z,OTHER,WOOD/REFUSE,101.82412781450482,149
2026-08-18T01:00:00Z,SOLAR,SOLAR,377.8292309497628,1892
2026-08-18T01:00:00Z,WIND,WIND,176.70305498954735,5684
2026-08-18T02:00:00Z,ENERGY STORAGE,ENERGY STORAGE,0,270
2026-08-18T02:00:00Z,GAS,COGENERATION,4381.430893024471,6122
2026-08-18T02:00:00Z,GAS,COMBINED CYCLE,2924.9386768256295,3974
2026-08-18T02:00:00Z,GAS,GAS FIRED STEAM,1373.711533694797,3078
2026-08-18T02:00:00Z,GAS,SIMPLE CYCLE,503.7169124384224,1014
2026-08-18T02:00:00Z,HYDRO,HYDRO,404.00846038312545,896
2026-08-18T02:00:00Z,OTHER,BIOMASS,132.01360905488332,195
2026-08-18T02:00:00Z,OTHER,COMPOSITE,0,20
2026-08-18T02:00:00Z,OTHER,GAS,1.9999510049819944,10
2026-08-18T02:00:00Z,OTHER,GAS COGEN,42.334031429820584,58
2026-08-18T02:00:00Z,OTHER,OIL/GAS,36.42244353612264,53
2026-08-18T02:00:00Z,OTHER,WOOD/REFUSE,105.09952436341179,149
2026-08-18T02:00:00Z,SOLAR,SOLAR,78.43025725932586,1892
2026-08-18T02:00:00Z,WIND,WIND,186.31372596495268,5684
2026-08-18T03:00:00Z,ENERGY STORAGE,ENERGY STORAGE,0,270
2026-08-18T03:00:00Z,GAS,COGENERATION,4415.333942477041,6122
2026-08-18T03:00:00Z,GAS,COMBINED CYCLE,2885.924605693552,3974
2026-08-18T03:00:00Z,GAS,GAS FIRED STEAM,1374.4422569264307,3078
2026-08-18T03:00:00Z,GAS,SIMPLE CYCLE,499.21601147535773,1014
2026-08-18T03:00:00Z,HYDRO,HYDRO,438.77879765901304,896
2026-08-18T03:00:00Z,OTHER,BIOMASS,131.28416454739042,195
2026-08-18T03:00:00Z,OTHER,COMPOSITE,0,20
2026-08-18T03:00:00Z,OTHER,GAS,1.9999510049819944,10
2026-08-18T03:00:00Z,OTHER,GAS COGEN,39.92246438874139,58
2026-08-18T03:00:00Z,OTHER,OIL/GAS,35.402204252878825,53
2026-08-18T03:00:00Z,OTHER,WOOD/REFUSE,102.99578509913552,149
2026-08-18T03:00:00Z,SOLAR,SOLAR,36.065110340648225,1892
2026-08-18T03:00:00Z,WIND,WIND,209.48385900228803,5684
2026-08-18T04:00:00Z,ENERGY STORAGE,ENERGY STORAGE,-1.0933333331677648,270
2026-08-18T04:00:00Z,GAS,COGENERATION,4449.222759602335,6122
2026-08-18T04:00:00Z,GAS,COMBINED CYCLE,2872.4546491392452,3974
2026-08-18T04:00:00Z,GAS,GAS FIRED STEAM,1370.0132587983874,3078
2026-08-18T04:00:00Z,GAS,SIMPLE CYCLE,471.9383477175567,1014
2026-08-18T04:00:00Z,HYDRO,HYDRO,275.45901333818006,896
2026-08-18T04:00:00Z,OTHER,BIOMASS,131.834219505522,195
2026-08-18T04:00:00Z,OTHER,COMPOSITE,0,20
2026-08-18T04:00:00Z,OTHER,GAS,1.9999510049819944,10
2026-08-18T04:00:00Z,OTHER,GAS COGEN,39.35690957122379,58
2026-08-18T04:00:00Z,OTHER,OIL/GAS,35.68153212229411,53
2026-08-18T04:00:00Z,OTHER,WOOD/REFUSE,101.42670385625625,149
2026-08-18T04:00:00Z,SOLAR,SOLAR,0.30000000447034836,1892
2026-08-18T04:00:00Z,WIND,WIND,327.63290182178633,5684
2026-08-18T05:00:00Z,ENERGY STORAGE,ENERGY STORAGE,-1.3099999987582365,270
2026-08-18T05:00:00Z,GAS,COGENERATION,4472.168281171521,6122
2026-08-18T05:00:00Z,GAS,COMBINED CYCLE,2927.7790464539,3974
2026-08-18T05:00:00Z,GAS,GAS FIRED STEAM,1327.667590575483,3078
2026-08-18T05:00:00Z,GAS,SIMPLE CYCLE,321.1729315666813,1014
2026-08-18T05:00:00Z,HYDRO,HYDRO,326.090624064174,896
2026-08-18T05:00:00Z,OTHER,BIOMASS,125.59822018623352,195
2026-08-18T05:00:00Z,OTHER,COMPOSITE,0,20
2026-08-18T05:00:00Z,OTHER,GAS,1.9250065426694023,10
2026-08-18T05:00:00Z,OTHER,GAS COGEN,38.412319859398735,58
2026-08-18T05:00:00Z,OTHER,OIL/GAS,35.30859925587972,53
2026-08-18T05:00:00Z,OTHER,WOOD/REFUSE,101.84923133479225,149
2026-08-18T05:00:00Z,SOLAR,SOLAR,0.30000000447034836,1892
2026-08-18T05:00:00Z,WIND,WIND,378.10674058051575,5684
2026-08-18T06:00:00Z,ENERGY STORAGE,ENERGY STORAGE,-3.2916110317409037,270
2026-08-18T06:00:00Z,GAS,COGENERATION,4496.085942491425,6122
2026-08-18T06:00:00Z,GAS,COMBINED CYCLE,2875.129057107237,3974
2026-08-18T06:00:00Z,GAS,GAS FIRED STEAM,1237.5405927912395,3078
2026-08-18T06:00:00Z,GAS,SIMPLE CYCLE,289.57629913349945,1014
2026-08-18T06:00:00Z,HYDRO,HYDRO,192.904969710509,896
2026-08-18T06:00:00Z,OTHER,BIOMASS,127.24494245595403,195
2026-08-18T06:00:00Z,OTHER,COMPOSITE,0,20
2026-08-18T06:00:00Z,OTHER,GAS,1.8999509811401367,10
2026-08-18T06:00:00Z,OTHER,GAS COGEN,40.26895944648319,58
2026-08-18T06:00:00Z,OTHER,OIL/GAS,34.62573310852051,53
2026-08-18T06:00:00Z,OTHER,WOOD/REFUSE,98.76219331794314,149
2026-08-18T06:00:00Z,SOLAR,SOLAR,0.30000000447034836,1892
2026-08-18T06:00:00Z,WIND,WIND,597.6256748533746,5684
2026-08-18T07:00:00Z,ENERGY STORAGE,ENERGY STORAGE,-11.199999749660492,270
2026-08-18T07:00:00Z,GAS,COGENERATION,4471.264972428481,6122
2026-08-18T07:00:00Z,GAS,COMBINED CYCLE,2740.6925020803346,3974
2026-08-18T07:00:00Z,GAS,GAS FIRED STEAM,905.3945406680637,3078
2026-08-18T07:00:00Z,GAS,SIMPLE CYCLE,122.10368011108703,1014
2026-08-18T07:00:00Z,HYDRO,HYDRO,189.27377868961958,896
2026-08-18T07:00:00Z,OTHER,BIOMASS,116.30781969058846,195
2026-08-18T07:00:00Z,OTHER,COMPOSITE,0,20
2026-08-18T07:00:00Z,OTHER,GAS,1.9459509738286336,10
2026-08-18T07:00:00Z,OTHER,GAS COGEN,38.73841022014618,58
2026-08-18T07:00:00Z,OTHER,OIL/GAS,34.40752732594808,53
2026-08-18T07:00:00Z,OTHER,WOOD/REFUSE,92.28387162102592,149
2026-08-18T07:00:00Z,SOLAR,SOLAR,0.30000000447034836,1892
2026-08-18T07:00:00Z,WIND,WIND,1014.9469746804402,5684
2026-08-18T08:00:00Z,ENERGY STORAGE,ENERGY STORAGE,7.6131112551937505,270
2026-08-18T08:00:00Z,GAS,COGENERATION,4396.73583802912,6122
2026-08-18T08:00:00Z,GAS,COMBINED CYCLE,2564.149197292593,3974
2026-08-18T08:00:00Z,GAS,GAS FIRED STEAM,779.5302668041653,3078
2026-08-18T08:00:00Z,GAS,SIMPLE CYCLE,78.36283153957791,1014
2026-08-18T08:00:00Z,HYDRO,HYDRO,147.3327505030897,896
2026-08-18T08:00:00Z,OTHER,BIOMASS,113.5940537261963,195
2026-08-18T08:00:00Z,OTHER,COMPOSITE,0,20
2026-08-18T08:00:00Z,OTHER,GAS,1.8999509811401367,10
2026-08-18T08:00:00Z,OTHER,GAS COGEN,38.47409681479136,58
2026-08-18T08:00:00Z,OTHER,OIL/GAS,32.57560474077861,53
2026-08-18T08:00:00Z,OTHER,WOOD/REFUSE,92.44618035157522,149
2026-08-18T08:00:00Z,SOLAR,SOLAR,0.30000000447034836,1892
2026-08-18T08:00:00Z,WIND,WIND,1354.3996387376305,5684
2026-08-18T09:00:00Z,ENERGY STORAGE,ENERGY STORAGE,10.51788890277346,270
2026-08-18T09:00:00Z,GAS,COGENERATION,4301.450013695823,6122
2026-08-18T09:00:00Z,GAS,COMBINED CYCLE,2498.821267805894,3974
2026-08-18T09:00:00Z,GAS,GAS FIRED STEAM,702.1985993639628,3078
2026-08-18T09:00:00Z,GAS,SIMPLE CYCLE,77.22355379634433,1014
2026-08-18T09:00:00Z,HYDRO,HYDRO,129.58699194047185,896
2026-08-18T09:00:00Z,OTHER,BIOMASS,113.76505340152316,195
2026-08-18T09:00:00Z,OTHER,COMPOSITE,0,20
2026-08-18T09:00:00Z,OTHER,GAS,1.8999509811401367,10
2026-08-18T09:00:00Z,OTHER,GAS COGEN,38.4473054101732,58
2026-08-18T09:00:00Z,OTHER,OIL/GAS,30.849532636006675,53
2026-08-18T09:00:00Z,OTHER,WOOD/REFUSE,93.40372180143991,149
2026-08-18T09:00:00Z,SOLAR,SOLAR,0.30000000447034836,1892
2026-08-18T09:00:00Z,WIND,WIND,1569.7310258045047,5684
2026-08-18T10:00:00Z,ENERGY STORAGE,ENERGY STORAGE,-0.328777755399545,270
2026-08-18T10:00:00Z,GAS,COGENERATION,4309.67956592838,6122
2026-08-18T10:00:00Z,GAS,COMBINED CYCLE,2494.9393074991967,3974
2026-08-18T10:00:00Z,GAS,GAS FIRED STEAM,633.7486552831862,3078
2026-08-18T10:00:00Z,GAS,SIMPLE CYCLE,82.3404430521859,1014
2026-08-18T10:00:00Z,HYDRO,HYDRO,179.79390376182894,896
2026-08-18T10:00:00Z,OTHER,BIOMASS,113.3052197986179,195
2026-08-18T10:00:00Z,OTHER,COMPOSITE,0,20
2026-08-18T10:00:00Z,OTHER,GAS,1.8999509811401367,10
2026-08-18T10:00:00Z,OTHER,GAS COGEN,38.77477559301588,58
2026-08-18T10:00:00Z,OTHER,OIL/GAS,18.858027414745756,53
2026-08-18T10:00:00Z,OTHER,WOOD/REFUSE,93.14373885737525,149
2026-08-18T10:00:00Z,SOLAR,SOLAR,0.30000000447034836,1892
2026-08-18T10:00:00Z,WIND,WIND,1584.528176856935,5684
2026-08-18T11:00:00Z,ENERGY STORAGE,ENERGY STORAGE,-0.3999999761581421,270
2026-08-18T11:00:00Z,GAS,COGENERATION,4412.9912227459745,6122
2026-08-18T11:00:00Z,GAS,COMBINED CYCLE,2619.3186782219673,3974
2026-08-18T11:00:00Z,GAS,GAS FIRED STEAM,774.8678210343255,3078
2026-08-18T11:00:00Z,GAS,SIMPLE CYCLE,89.98505344072977,1014
2026-08-18T11:00:00Z,HYDRO,HYDRO,260.0273885442151,896
2026-08-18T11:00:00Z,OTHER,BIOMASS,112.1687201637692,195
2026-08-18T11:00:00Z,OTHER,COMPOSITE,0,20
2026-08-18T11:00:00Z,OTHER,GAS,1.8999509811401367,10
2026-08-18T11:00:00Z,OTHER,GAS COGEN,38.9799571969774,58
2026-08-18T11:00:00Z,OTHER,OIL/GAS,10.370316427548726,53
2026-08-18T11:00:00Z,OTHER,WOOD/REFUSE,93.96954587671492,149
2026-08-18T11:00:00Z,SOLAR,SOLAR,0.30000000447034836,1892
2026-08-18T11:00:00Z,WIND,WIND,1234.6235617017994,5684
2026-08-18T12:00:00Z,ENERGY STORAGE,ENERGY STORAGE,-0.3999999761581421,270
2026-08-18T12:00:00Z,GAS,COGENERATION,4509.8415179464555,6122
2026-08-18T12:00:00Z,GAS,COMBINED CYCLE,2763.20819801516,3974
2026-08-18T12:00:00Z,GAS,GAS FIRED STEAM,1064.6150381808811,3078
2026-08-18T12:00:00Z,GAS,SIMPLE CYCLE,95.77089755482143,1014
2026-08-18T12:00:00Z,HYDRO,HYDRO,318.8850101076232,896
2026-08-18T12:00:00Z,OTHER,BIOMASS,113.96210932784611,195
2026-08-18T12:00:00Z,OTHER,COMPOSITE,0,20
2026-08-18T12:00:00Z,OTHER,GAS,1.8999509811401367,10
2026-08-18T12:00:00Z,OTHER,GAS COGEN,39.21376106156243,58
2026-08-18T12:00:00Z,OTHER,OIL/GAS,10.753471994929845,53
2026-08-18T12:00:00Z,OTHER,WOOD/REFUSE,93.51934262540605,149
2026-08-18T12:00:00Z,SOLAR,SOLAR,15.518388633198208,1892
2026-08-18T12:00:00Z,WIND,WIND,918.210573516637,5684
2026-08-18T13:00:00Z,ENERGY STORAGE,ENERGY STORAGE,-2.078888817777236,270
2026-08-18T13:00:00Z,GAS,COGENERATION,4468.82383831607,6122
2026-08-18T13:00:00Z,GAS,COMBINED CYCLE,2778.0111594520677,3974
2026-08-18T13:00:00Z,GAS,GAS FIRED STEAM,1291.3791461902194,3078
2026-08-18T13:00:00Z,GAS,SIMPLE CYCLE,83.98349821223152,1014
2026-08-18T13:00:00Z,HYDRO,HYDRO,166.74679219325384,896
2026-08-18T13:00:00Z,OTHER,BIOMASS,113.9254423459371,195
2026-08-18T13:00:00Z,OTHER,COMPOSITE,0,20
2026-08-18T13:00:00Z,OTHER,GAS,1.8999509811401367,10
2026-08-18T13:00:00Z,OTHER,GAS COGEN,38.9378540886773,58
2026-08-18T13:00:00Z,OTHER,OIL/GAS,10.441321943600972,53
2026-08-18T13:00:00Z,OTHER,WOOD/REFUSE,93.0178424914678,149
2026-08-18T13:00:00Z,SOLAR,SOLAR,274.80666373612155,1892
2026-08-18T13:00:00Z,WIND,WIND,878.2320771827508,5684
2026-08-18T14:00:00Z,ENERGY STORAGE,ENERGY STORAGE,-2.299999922513962,270
2026-08-18T14:00:00Z,GAS,COGENERATION,4378.478498321374,6122
2026-08-18T14:00:00Z,GAS,COMBINED CYCLE,2612.8815204699836,3974
2026-08-18T14:00:00Z,GAS,GAS FIRED STEAM,1233.266981769138,3078
2026-08-18T14:00:00Z,GAS,SIMPLE CYCLE,82.26194268041186,1014
2026-08-18T14:00:00Z,HYDRO,HYDRO,195.2738637076484,896
2026-08-18T14:00:00Z,OTHER,BIOMASS,112.12805321852366,195
2026-08-18T14:00:00Z,OTHER,COMPOSITE,0,20
2026-08-18T14:00:00Z,OTHER,GAS,1.8999509811401367,10
2026-08-18T14:00:00Z,OTHER,GAS COGEN,38.72435263050927,58
2026-08-18T14:00:00Z,OTHER,OIL/GAS,10.34661085181766,53
2026-08-18T14:00:00Z,OTHER,WOOD/REFUSE,93.51331441137526,149
2026-08-18T14:00:00Z,SOLAR,SOLAR,835.6617606780761,1892
2026-08-18T14:00:00Z,WIND,WIND,868.0861259408833,5684
2026-08-18T15:00:00Z,ENERGY STORAGE,ENERGY STORAGE,-2.299999922513962,270
2026-08-18T15:00:00Z,GAS,COGENERATION,4267.897003793319,6122
2026-08-18T15:00:00Z,GAS,COMBINED CYCLE,2660.5855156646835,3974
2026-08-18T15:00:00Z,GAS,GAS FIRED STEAM,1271.5329799058702,3078
2026-08-18T15:00:00Z,GAS,SIMPLE CYCLE,83.48483193847869,1014
2026-08-18T15:00:00Z,HYDRO,HYDRO,241.15772836274573,896
2026-08-18T15:00:00Z,OTHER,BIOMASS,109.68938654740651,195
2026-08-18T15:00:00Z,OTHER,COMPOSITE,0,20
2026-08-18T15:00:00Z,OTHER,GAS,1.9998954494131935,10
2026-08-18T15:00:00Z,OTHER,GAS COGEN,38.74596264097426,58
2026-08-18T15:00:00Z,OTHER,OIL/GAS,11.10022204346127,53
2026-08-18T15:00:00Z,OTHER,WOOD/REFUSE,93.60379556708867,149
2026-08-18T15:00:00Z,SOLAR,SOLAR,1289.814024653319,1892
2026-08-18T15:00:00Z,WIND,WIND,678.6977088718696,5684
2026-08-18T16:00:00Z,ENERGY STORAGE,ENERGY STORAGE,-1.690722168079681,270
2026-08-18T16:00:00Z,GAS,COGENERATION,4320.024183282919,6122
2026-08-18T16:00:00Z,GAS,COMBINED CYCLE,2720.465499548978,3974
2026-08-18T16:00:00Z,GAS,GAS FIRED STEAM,1244.4303139538235,3078
2026-08-18T16:00:00Z,GAS,SIMPLE CYCLE,81.59633156114154,1014
2026-08-18T16:00:00Z,HYDRO,HYDRO,214.02577594810063,896
2026-08-18T16:00:00Z,OTHER,BIOMASS,114.12466430346171,195
2026-08-18T16:00:00Z,OTHER,COMPOSITE,0,20
2026-08-18T16:00:00Z,OTHER,GAS,1.9999510049819944,10
2026-08-18T16:00:00Z,OTHER,GAS COGEN,38.49624658849504,58
2026-08-18T16:00:00Z,OTHER,OIL/GAS,22.38515514585707,53
2026-08-18T16:00:00Z,OTHER,WOOD/REFUSE,94.23923581706154,149
2026-08-18T16:00:00Z,SOLAR,SOLAR,1499.0108543957604,1892
2026-08-18T16:00:00Z,WIND,WIND,640.7363148128035,5684
2026-08-18T17:00:00Z,ENERGY STORAGE,ENERGY STORAGE,-2.0018888420901364,270
2026-08-18T17:00:00Z,GAS,COGENERATION,4248.963719393412,6122
2026-08-18T17:00:00Z,GAS,COMBINED CYCLE,2709.615274066031,3974
2026-08-18T17:00:00Z,GAS,GAS FIRED STEAM,1121.9847909842597,3078
2026-08-18T17:00:00Z,GAS,SIMPLE CYCLE,80.57475399414699,1014
2026-08-18T17:00:00Z,HYDRO,HYDRO,161.13890518148742,896
2026-08-18T17:00:00Z,OTHER,BIOMASS,114.939028125604,195
2026-08-18T17:00:00Z,OTHER,COMPOSITE,0,20
2026-08-18T17:00:00Z,OTHER,GAS,1.978284341759152,10
2026-08-18T17:00:00Z,OTHER,GAS COGEN,38.47249804443784,58
2026-08-18T17:00:00Z,OTHER,OIL/GAS,26.88808314959208,53
2026-08-18T17:00:00Z,OTHER,WOOD/REFUSE,92.8173343404134,149
2026-08-18T17:00:00Z,SOLAR,SOLAR,1576.0277616327835,1892
2026-08-18T17:00:00Z,WIND,WIND,870.9010015866161,5684
2026-08-18T18:00:00Z,ENERGY STORAGE,ENERGY STORAGE,-2.1999999582767487,270
2026-08-18T18:00:00Z,GAS,COGENERATION,3996.0586855949628,6122
2026-08-18T18:00:00Z,GAS,COMBINED CYCLE,2551.9413725935087,3974
2026-08-18T18:00:00Z,GAS,GAS FIRED STEAM,1045.4860955852932,3078
2026-08-18T18:00:00Z,GAS,SIMPLE CYCLE,87.78183172451125,1014
2026-08-18T18:00:00Z,HYDRO,HYDRO,196.33623242398102,896
2026-08-18T18:00:00Z,OTHER,BIOMASS,112.47166467640135,195
2026-08-18T18:00:00Z,OTHER,COMPOSITE,0,20
2026-08-18T18:00:00Z,OTHER,GAS,1.9999510049819944,10
2026-08-18T18:00:00Z,OTHER,GAS COGEN,38.32800216515859,58
2026-08-18T18:00:00Z,OTHER,OIL/GAS,27.19007150861952,53
2026-08-18T18:00:00Z,OTHER,WOOD/REFUSE,93.2430958117379,149
2026-08-18T18:00:00Z,SOLAR,SOLAR,1619.8995873210165,1892
2026-08-18T18:00:00Z,WIND,WIND,1127.3988131699464,5684
2026-08-18T19:00:00Z,ENERGY STORAGE,ENERGY STORAGE,-2.169166624483963,270
2026-08-18T19:00:00Z,GAS,COGENERATION,4040.6830767036145,6122
2026-08-18T19:00:00Z,GAS,COMBINED CYCLE,2828.746432333787,3974
2026-08-18T19:00:00Z,GAS,GAS FIRED STEAM,1003.9654837057326,3078
2026-08-18T19:00:00Z,GAS,SIMPLE CYCLE,93.32727628999285,1014
2026-08-18T19:00:00Z,HYDRO,HYDRO,183.54485821459028,896
2026-08-18T19:00:00Z,OTHER,BIOMASS,113.69133110629188,195
2026-08-18T19:00:00Z,OTHER,COMPOSITE,0,20
2026-08-18T19:00:00Z,OTHER,GAS,1.9999510049819944,10
2026-08-18T19:00:00Z,OTHER,GAS COGEN,38.12771425406139,58
2026-08-18T19:00:00Z,OTHER,OIL/GAS,27.471366249720255,53
2026-08-18T19:00:00Z,OTHER,WOOD/REFUSE,91.43997562461429,149
2026-08-18T19:00:00Z,SOLAR,SOLAR,1615.3800397766631,1892
2026-08-18T19:00:00Z,WIND,WIND,1275.403676837186,5684
2026-08-18T20:00:00Z,ENERGY STORAGE,ENERGY STORAGE,-1.8129443969536159,270
2026-08-18T20:00:00Z,GAS,COGENERATION,4004.960244748725,6122
2026-08-18T20:00:00Z,GAS,COMBINED CYCLE,2771.1964523588285,3974
2026-08-18T20:00:00Z,GAS,GAS FIRED STEAM,909.838653441535,3078
2026-08-18T20:00:00Z,GAS,SIMPLE CYCLE,89.05118733975623,1014
2026-08-18T20:00:00Z,HYDRO,HYDRO,241.89884037401941,896
2026-08-18T20:00:00Z,OTHER,BIOMASS,110.52372004667917,195
2026-08-18T20:00:00Z,OTHER,COMPOSITE,0,20
2026-08-18T20:00:00Z,OTHER,GAS,1.9999510049819944,10
2026-08-18T20:00:00Z,OTHER,GAS COGEN,38.06692537519667,58
2026-08-18T20:00:00Z,OTHER,OIL/GAS,27.25824914932251,53
2026-08-18T20:00:00Z,OTHER,WOOD/REFUSE,91.33899243831635,149
2026-08-18T20:00:00Z,SOLAR,SOLAR,1602.023856573767,1892
2026-08-18T20:00:00Z,WIND,WIND,1336.0495202223874,5684
2026-08-18T21:00:00Z,ENERGY STORAGE,ENERGY STORAGE,-1.711888820197847,270
2026-08-18T21:00:00Z,GAS,COGENERATION,4114.707473357783,6122
2026-08-18T21:00:00Z,GAS,COMBINED CYCLE,2896.685843217373,3974
2026-08-18T21:00:00Z,GAS,GAS FIRED STEAM,1040.354206882053,3078
2026-08-18T21:00:00Z,GAS,SIMPLE CYCLE,174.93541450816724,1014
2026-08-18T21:00:00Z,HYDRO,HYDRO,272.2835535860062,896
2026-08-18T21:00:00Z,OTHER,BIOMASS,113.42016409834225,195
2026-08-18T21:00:00Z,OTHER,COMPOSITE,0,20
2026-08-18T21:00:00Z,OTHER,GAS,1.9999510049819944,10
2026-08-18T21:00:00Z,OTHER,GAS COGEN,37.800408398310346,58
2026-08-18T21:00:00Z,OTHER,OIL/GAS,26.29334913253784,53
2026-08-18T21:00:00Z,OTHER,WOOD/REFUSE,95.83412038591175,149
2026-08-18T21:00:00Z,SOLAR,SOLAR,1527.59203796597,1892
2026-08-18T21:00:00Z,WIND,WIND,1232.9303904581566,5684
2026-08-18T22:00:00Z,ENERGY STORAGE,ENERGY STORAGE,-1.6999999284744265,270
2026-08-18T22:00:00Z,GAS,COGENERATION,4090.0684351907835,6122
2026-08-18T22:00:00Z,GAS,COMBINED CYCLE,2906.4547196613416,3974
2026-08-18T22:00:00Z,GAS,GAS FIRED STEAM,1146.1245373365614,3078
2026-08-18T22:00:00Z,GAS,SIMPLE CYCLE,181.25330561583655,1014
2026-08-18T22:00:00Z,HYDRO,HYDRO,217.84166353450053,896
2026-08-18T22:00:00Z,OTHER,BIOMASS,118.97860862864388,195
2026-08-18T22:00:00Z,OTHER,COMPOSITE,0,20
2026-08-18T22:00:00Z,OTHER,GAS,1.9999510049819944,10
2026-08-18T22:00:00Z,OTHER,GAS COGEN,37.68863247129652,58
2026-08-18T22:00:00Z,OTHER,OIL/GAS,25.64123259862264,53
2026-08-18T22:00:00Z,OTHER,WOOD/REFUSE,94.50484956105551,149
2026-08-18T22:00:00Z,SOLAR,SOLAR,1364.7946110575895,1892
2026-08-18T22:00:00Z,WIND,WIND,1175.0006410409221,5684
2026-08-18T23:00:00Z,ENERGY STORAGE,ENERGY STORAGE,-1.6999999284744265,270
2026-08-18T23:00:00Z,GAS,COGENERATION,4113.967641361952,6122
2026-08-18T23:00:00Z,GAS,COMBINED CYCLE,2937.9918301441935,3974
2026-08-18T23:00:00Z,GAS,GAS FIRED STEAM,1281.8952059766982,3078
2026-08-18T23:00:00Z,GAS,SIMPLE CYCLE,228.76093865224055,1014
2026-08-18T23:00:00Z,HYDRO,HYDRO,346.1631397691038,896
2026-08-18T23:00:00Z,OTHER,BIOMASS,115.47066396262912,195
2026-08-18T23:00:00Z,OTHER,COMPOSITE,0,20
2026-08-18T23:00:00Z,OTHER,GAS,1.9999510049819944,10
2026-08-18T23:00:00Z,OTHER,GAS COGEN,37.473611028989154,58
2026-08-18T23:00:00Z,OTHER,OIL/GAS,25.089816252390545,53
2026-08-18T23:00:00Z,OTHER,WOOD/REFUSE,99.19532220840455,149
2026-08-18T23:00:00Z,SOLAR,SOLAR,1106.1173352029589,1892
2026-08-18T23:00:00Z,WIND,WIND,1086.7239720418263,5684
2026-08-19T00:00:00Z,ENERGY STORAGE,ENERGY STORAGE,-1.6999999284744265,270
2026-08-19T00:00:00Z,GAS,COGENERATION,4127.741418342723,6122
2026-08-19T00:00:00Z,GAS,COMBINED CYCLE,2901.623703236845,3974
2026-08-19T00:00:00Z,GAS,GAS FIRED STEAM,1248.7666487630208,3078
2026-08-19T00:00:00Z,GAS,SIMPLE CYCLE,219.38963313811354,1014
2026-08-19T00:00:00Z,HYDRO,HYDRO,312.3085172183315,896
2026-08-19T00:00:00Z,OTHER,BIOMASS,120.83233041789796,195
2026-08-19T00:00:00Z,OTHER,COMPOSITE,0,20
2026-08-19T00:00:00Z,OTHER,GAS,1.9999510049819944,10
2026-08-19T00:00:00Z,OTHER,GAS COGEN,34.6427197376887,58
2026-08-19T00:00:00Z,OTHER,OIL/GAS,24.453549467722578,53
2026-08-19T00:00:00Z,OTHER,WOOD/REFUSE,99.09709240913392,149
2026-08-19T00:00:00Z,SOLAR,SOLAR,720.587048063957,1892
2026-08-19T00:00:00Z,WIND,WIND,1037.3251096910858,5684
2026-08-19T01:00:00Z,ENERGY STORAGE,ENERGY STORAGE,-1.6999999284744265,270
2026-08-19T01:00:00Z,GAS,COGENERATION,4203.899868017965,6122
2026-08-19T01:00:00Z,GAS,COMBINED CYCLE,2934.0133378032842,3974
2026-08-19T01:00:00Z,GAS,GAS FIRED STEAM,1324.4137602885564,3078
2026-08-19T01:00:00Z,GAS,SIMPLE CYCLE,442.0128740635183,1014
2026-08-19T01:00:00Z,HYDRO,HYDRO,407.3144880555735,896
2026-08-19T01:00:00Z,OTHER,BIOMASS,127.58805331230164,195
2026-08-19T01:00:00Z,OTHER,COMPOSITE,0,20
2026-08-19T01:00:00Z,OTHER,GAS,1.974728776746326,10
2026-08-19T01:00:00Z,OTHER,GAS COGEN,40.93073814604018,58
2026-08-19T01:00:00Z,OTHER,OIL/GAS,23.366194105148317,53
2026-08-19T01:00:00Z,OTHER,WOOD/REFUSE,106.1393286752701,149
2026-08-19T01:00:00Z,SOLAR,SOLAR,238.8001454002493,1892
2026-08-19T01:00:00Z,WIND,WIND,890.5445966380752,5684
2026-08-19T02:00:00Z,ENERGY STORAGE,ENERGY STORAGE,-1.6999999284744265,270
2026-08-19T02:00:00Z,GAS,COGENERATION,4293.006569275856,6122
2026-08-19T02:00:00Z,GAS,COMBINED CYCLE,2929.288519358635,3974
2026-08-19T02:00:00Z,GAS,GAS FIRED STEAM,1350.9575890541078,3078
2026-08-19T02:00:00Z,GAS,SIMPLE CYCLE,466.59213335573673,1014
2026-08-19T02:00:00Z,HYDRO,HYDRO,355.5871300465034,896
2026-08-19T02:00:00Z,OTHER,BIOMASS,133.67805309772493,195
2026-08-19T02:00:00Z,OTHER,COMPOSITE,10.73172202958001,20
2026-08-19T02:00:00Z,OTHER,GAS,1.8999509811401367,10
2026-08-19T02:00:00Z,OTHER,GAS COGEN,43.1345265950097,58
2026-08-19T02:00:00Z,OTHER,OIL/GAS,23.57558281156752,53
2026-08-19T02:00:00Z,OTHER,WOOD/REFUSE,108.15009853839875,149
2026-08-19T02:00:00Z,SOLAR,SOLAR,43.96611035363128,1892
2026-08-19T02:00:00Z,WIND,WIND,692.438889515313,5684
2026-08-19T03:00:00Z,ENERGY STORAGE,ENERGY STORAGE,-1.6999999284744265,270
2026-08-19T03:00:00Z,GAS,COGENERATION,4354.695606305334,6122
2026-08-19T03:00:00Z,GAS,COMBINED CYCLE,2936.235661245717,3974
2026-08-19T03:00:00Z,GAS,GAS FIRED STEAM,1352.2607564205593,3078
2026-08-19T03:00:00Z,GAS,SIMPLE CYCLE,450.2518727731705,1014
2026-08-19T03:00:00Z,HYDRO,HYDRO,431.3841811392042,896
2026-08-19T03:00:00Z,OTHER,BIOMASS,131.76349767347176,195
2026-08-19T03:00:00Z,OTHER,COMPOSITE,10.174499983787536,20
2026-08-19T03:00:00Z,OTHER,GAS,1.8999509811401367,10
2026-08-19T03:00:00Z,OTHER,GAS COGEN,41.21689037481944,58
2026-08-19T03:00:00Z,OTHER,OIL/GAS,23.580555318196616,53
2026-08-19T03:00:00Z,OTHER,WOOD/REFUSE,107.88422438727484,149
2026-08-19T03:00:00Z,SOLAR,SOLAR,0.8752222215135892,1892
2026-08-19T03:00:00Z,WIND,WIND,689.1142413564937,5684
2026-08-19T04:00:00Z,ENERGY STORAGE,ENERGY STORAGE,-1.636722153508001,270
2026-08-19T04:00:00Z,GAS,COGENERATION,4364.388348175685,6122
2026-08-19T04:00:00Z,GAS,COMBINED CYCLE,2922.1045726969505,3974
2026-08-19T04:00:00Z,GAS,GAS FIRED STEAM,1354.245425368415,3078
2026-08-19T04:00:00Z,GAS,SIMPLE CYCLE,427.94617397818297,1014
2026-08-19T04:00:00Z,HYDRO,HYDRO,271.5071744801932,896
2026-08-19T04:00:00Z,OTHER,BIOMASS,131.19908683346378,195
2026-08-19T04:00:00Z,OTHER,COMPOSITE,10,20
2026-08-19T04:00:00Z,OTHER,GAS,1.8999509811401367,10
2026-08-19T04:00:00Z,OTHER,GAS COGEN,35.08828801261054,58
2026-08-19T04:00:00Z,OTHER,OIL/GAS,23.54261628468831,53
2026-08-19T04:00:00Z,OTHER,WOOD/REFUSE,108.17872635417514,149
2026-08-19T04:00:00Z,SOLAR,SOLAR,0.3619444476233588,1892
2026-08-19T04:00:00Z,WIND,WIND,679.3005885957182,5684
2026-08-19T05:00:00Z,ENERGY STORAGE,ENERGY STORAGE,0,270
2026-08-19T05:00:00Z,GAS,COGENERATION,4375.808593335152,6122
2026-08-19T05:00:00Z,GAS,COMBINED CYCLE,2929.1173563721445,3974
2026-08-19T05:00:00Z,GAS,GAS FIRED STEAM,1220.8744240358142,3078
2026-08-19T05:00:00Z,GAS,SIMPLE CYCLE,319.7326173664464,1014
2026-08-19T05:00:00Z,HYDRO,HYDRO,292.5428353043397,896
2026-08-19T05:00:00Z,OTHER,BIOMASS,127.74705334822336,195
2026-08-19T05:00:00Z,OTHER,COMPOSITE,10,20
2026-08-19T05:00:00Z,OTHER,GAS,1.8999509811401367,10
2026-08-19T05:00:00Z,OTHER,GAS COGEN,43.89915264341566,58
2026-08-19T05:00:00Z,OTHER,OIL/GAS,23.67333262867398,53
2026-08-19T05:00:00Z,OTHER,WOOD/REFUSE,106.24723898304832,149
2026-08-19T05:00:00Z,SOLAR,SOLAR,0.30000000447034836,1892
2026-08-19T05:00:00Z,WIND,WIND,563.7370110796392,5684
2026-08-19T06:00:00Z,ENERGY STORAGE,ENERGY STORAGE,-2.7078888423575296,270
2026-08-19T06:00:00Z,GAS,COGENERATION,4425.881658337381,6122
2026-08-19T06:00:00Z,GAS,COMBINED CYCLE,2874.8444536312422,3974
2026-08-19T06:00:00Z,GAS,GAS FIRED STEAM,1169.9927602598402,3078
2026-08-19T06:00:00Z,GAS,SIMPLE CYCLE,312.0690661986669,1014
2026-08-19T06:00:00Z,HYDRO,HYDRO,201.5256616422948,896
2026-08-19T06:00:00Z,OTHER,BIOMASS,124.65083201752768,195
2026-08-19T06:00:00Z,OTHER,COMPOSITE,10,20
2026-08-19T06:00:00Z,OTHER,GAS,1.8999509811401367,10
2026-08-19T06:00:00Z,OTHER,GAS COGEN,37.29816752168867,58
2026-08-19T06:00:00Z,OTHER,OIL/GAS,25.292938606474134,53
2026-08-19T06:00:00Z,OTHER,WOOD/REFUSE,100.75203297191196,149
2026-08-19T06:00:00Z,SOLAR,SOLAR,0.30000000447034836,1892
2026-08-19T06:00:00Z,WIND,WIND,517.6475736583521,5684
2026-08-19T07:00:00Z,ENERGY STORAGE,ENERGY STORAGE,-9.43438872286843,270
2026-08-19T07:00:00Z,GAS,COGENERATION,4443.242984686957,6122
2026-08-19T07:00:00Z,GAS,COMBINED CYCLE,2912.913599958155,3974
2026-08-19T07:00:00Z,GAS,GAS FIRED STEAM,1196.3654823642307,3078
2026-08-19T07:00:00Z,GAS,SIMPLE CYCLE,286.95751758178073,1014
2026-08-19T07:00:00Z,HYDRO,HYDRO,233.69722736067243,896
2026-08-19T07:00:00Z,OTHER,BIOMASS,127.75516387674544,195
2026-08-19T07:00:00Z,OTHER,COMPOSITE,10,20
2026-08-19T07:00:00Z,OTHER,GAS,1.8999509811401367,10
2026-08-19T07:00:00Z,OTHER,GAS COGEN,32.42076341893938,58
2026-08-19T07:00:00Z,OTHER,OIL/GAS,27.14201624552409,53
2026-08-19T07:00:00Z,OTHER,WOOD/REFUSE,100.69703948974609,149
2026-08-19T07:00:00Z,SOLAR,SOLAR,0.30000000447034836,1892
2026-08-19T07:00:00Z,WIND,WIND,503.4246712548203,5684
2026-08-19T08:00:00Z,ENERGY STORAGE,ENERGY STORAGE,-6.601110984989338,270
2026-08-19T08:00:00Z,GAS,COGENERATION,4457.4492159194415,6122
2026-08-19T08:00:00Z,GAS,COMBINED CYCLE,2867.586544548141,3974
2026-08-19T08:00:00Z,GAS,GAS FIRED STEAM,1196.438871875339,3078
2026-08-19T08:00:00Z,GAS,SIMPLE CYCLE,242.46108179522884,1014
2026-08-19T08:00:00Z,HYDRO,HYDRO,169.14256326629055,896
2026-08-19T08:00:00Z,OTHER,BIOMASS,126.49977515591516,195
2026-08-19T08:00:00Z,OTHER,COMPOSITE,10,20
2026-08-19T08:00:00Z,OTHER,GAS,1.8999509811401367,10
2026-08-19T08:00:00Z,OTHER,GAS COGEN,32.10305463049147,58
2026-08-19T08:00:00Z,OTHER,OIL/GAS,28.887899646759035,53
2026-08-19T08:00:00Z,OTHER,WOOD/REFUSE,97.99381819460127,149
2026-08-19T08:00:00Z,SOLAR,SOLAR,0.30000000447034836,1892
2026-08-19T08:00:00Z,WIND,WIND,490.33598552423217,5684
2026-08-19T09:00:00Z,ENERGY STORAGE,ENERGY STORAGE,-0.7999999821186066,270
2026-08-19T09:00:00Z,GAS,COGENERATION,4470.13721596135,6122
2026-08-19T09:00:00Z,GAS,COMBINED CYCLE,2835.3506325202516,3974
2026-08-19T09:00:00Z,GAS,GAS FIRED STEAM,1196.9257609770032,3078
2026-08-19T09:00:00Z,GAS,SIMPLE CYCLE,206.68943513877687,1014
2026-08-19T09:00:00Z,HYDRO,HYDRO,131.3734973859787,896
2026-08-19T09:00:00Z,OTHER,BIOMASS,124.34244230018722,195
2026-08-19T09:00:00Z,OTHER,COMPOSITE,10,20
2026-08-19T09:00:00Z,OTHER,GAS,1.9407287686400945,10
2026-08-19T09:00:00Z,OTHER,GAS COGEN,32.45882649421692,58
2026-08-19T09:00:00Z,OTHER,OIL/GAS,31.847938390307956,53
2026-08-19T09:00:00Z,OTHER,WOOD/REFUSE,96.48491484059228,149
2026-08-19T09:00:00Z,SOLAR,SOLAR,0.30000000447034836,1892
2026-08-19T09:00:00Z,WIND,WIND,493.051050538193,5684
2026-08-19T10:00:00Z,ENERGY STORAGE,ENERGY STORAGE,-0.7999999821186066,270
2026-08-19T10:00:00Z,GAS,COGENERATION,4484.913911618656,6122
2026-08-19T10:00:00Z,GAS,COMBINED CYCLE,2843.48741676516,3974
2026-08-19T10:00:00Z,GAS,GAS FIRED STEAM,1197.2189261076185,3078
2026-08-19T10:00:00Z,GAS,SIMPLE CYCLE,197.60321103483852,1014
2026-08-19T10:00:00Z,HYDRO,HYDRO,218.27766247793204,896
2026-08-19T10:00:00Z,OTHER,BIOMASS,116.1155029311445,195
2026-08-19T10:00:00Z,OTHER,COMPOSITE,0.12722222116258408,20
2026-08-19T10:00:00Z,OTHER,GAS,1.9999510049819944,10
2026-08-19T10:00:00Z,OTHER,GAS COGEN,32.535581543180676,58
2026-08-19T10:00:00Z,OTHER,OIL/GAS,34.836527262793645,53
2026-08-19T10:00:00Z,OTHER,WOOD/REFUSE,96.01569099002415,149
2026-08-19T10:00:00Z,SOLAR,SOLAR,0.30000000447034836,1892
2026-08-19T10:00:00Z,WIND,WIND,466.4318064372614,5684
2026-08-19T11:00:00Z,ENERGY STORAGE,ENERGY STORAGE,-0.7999999821186066,270
2026-08-19T11:00:00Z,GAS,COGENERATION,4492.689971246719,6122
2026-08-19T11:00:00Z,GAS,COMBINED CYCLE,2902.1961598838698,3974
2026-08-19T11:00:00Z,GAS,GAS FIRED STEAM,1239.6320944129097,3078
2026-08-19T11:00:00Z,GAS,SIMPLE CYCLE,184.4339997845557,1014
2026-08-19T11:00:00Z,HYDRO,HYDRO,217.55869783679645,896
2026-08-19T11:00:00Z,OTHER,BIOMASS,118.80477570891381,195
2026-08-19T11:00:00Z,OTHER,COMPOSITE,0,20
2026-08-19T11:00:00Z,OTHER,GAS,1.9999510049819944,10
2026-08-19T11:00:00Z,OTHER,GAS COGEN,32.52165243413713,58
2026-08-19T11:00:00Z,OTHER,OIL/GAS,37.27648723602295,53
2026-08-19T11:00:00Z,OTHER,WOOD/REFUSE,94.04772764258915,149
2026-08-19T11:00:00Z,SOLAR,SOLAR,0.30000000447034836,1892
2026-08-19T11:00:00Z,WIND,WIND,459.464597872119,5684
2026-08-19T12:00:00Z,ENERGY STORAGE,ENERGY STORAGE,-0.7999999821186066,270
2026-08-19T12:00:00Z,GAS,COGENERATION,4511.408279752996,6122
2026-08-19T12:00:00Z,GAS,COMBINED CYCLE,2930.8960411130056,3974
2026-08-19T12:00:00Z,GAS,GAS FIRED STEAM,1218.9522603098553,3078
2026-08-19T12:00:00Z,GAS,SIMPLE CYCLE,231.37519448078342,1014
2026-08-19T12:00:00Z,HYDRO,HYDRO,207.67030674921142,896
2026-08-19T12:00:00Z,OTHER,BIOMASS,120.29671979612773,195
2026-08-19T12:00:00Z,OTHER,COMPOSITE,1.0611111111111111,20
2026-08-19T12:00:00Z,OTHER,GAS,1.9999510049819944,10
2026-08-19T12:00:00Z,OTHER,GAS COGEN,32.59179658571879,58
2026-08-19T12:00:00Z,OTHER,OIL/GAS,36.555648454030354,53
2026-08-19T12:00:00Z,OTHER,WOOD/REFUSE,94.49331368870205,149
2026-08-19T12:00:00Z,SOLAR,SOLAR,9.296610927490724,1892
2026-08-19T12:00:00Z,WIND,WIND,425.9000000890096,5684
2026-08-19T13:00:00Z,ENERGY STORAGE,ENERGY STORAGE,-0.7999999821186066,270
2026-08-19T13:00:00Z,GAS,COGENERATION,4490.406589499579,6122
2026-08-19T13:00:00Z,GAS,COMBINED CYCLE,2941.1176322319775,3974
2026-08-19T13:00:00Z,GAS,GAS FIRED STEAM,1167.8733153088888,3078
2026-08-19T13:00:00Z,GAS,SIMPLE CYCLE,218.98383801789748,1014
2026-08-19T13:00:00Z,HYDRO,HYDRO,250.79368233323095,896
2026-08-19T13:00:00Z,OTHER,BIOMASS,119.56077526039547,195
2026-08-19T13:00:00Z,OTHER,COMPOSITE,9.99983333322737,20
2026-08-19T13:00:00Z,OTHER,GAS,1.9999510049819944,10
2026-08-19T13:00:00Z,OTHER,GAS COGEN,32.438825049930145,58
2026-08-19T13:00:00Z,OTHER,OIL/GAS,36.63904940287272,53
2026-08-19T13:00:00Z,OTHER,WOOD/REFUSE,94.99659494505988,149
2026-08-19T13:00:00Z,SOLAR,SOLAR,214.6902816362472,1892
2026-08-19T13:00:00Z,WIND,WIND,484.7007994318381,5684
2026-08-19T14:00:00Z,ENERGY STORAGE,ENERGY STORAGE,-0.7999999821186066,270
2026-08-19T14:00:00Z,GAS,COGENERATION,4471.030304992199,6122
2026-08-19T14:00:00Z,GAS,COMBINED CYCLE,2932.9136183751953,3974
2026-08-19T14:00:00Z,GAS,GAS FIRED STEAM,1267.920597937637,3078
2026-08-19T14:00:00Z,GAS,SIMPLE CYCLE,337.62087644384553,1014
2026-08-19T14:00:00Z,HYDRO,HYDRO,168.12286203916702,896
2026-08-19T14:00:00Z,OTHER,BIOMASS,124.11338114303018,195
2026-08-19T14:00:00Z,OTHER,COMPOSITE,10,20
2026-08-19T14:00:00Z,OTHER,GAS,1.9999510049819944,10
2026-08-19T14:00:00Z,OTHER,GAS COGEN,33.246193633609344,58
2026-08-19T14:00:00Z,OTHER,OIL/GAS,38.10190521876017,53
2026-08-19T14:00:00Z,OTHER,WOOD/REFUSE,99.20908685260349,149
2026-08-19T14:00:00Z,SOLAR,SOLAR,665.4784755771525,1892
2026-08-19T14:00:00Z,WIND,WIND,291.55888632857136,5684
2026-08-19T15:00:00Z,ENERGY STORAGE,ENERGY STORAGE,-0.20888888421985835,270
2026-08-19T15:00:00Z,GAS,COGENERATION,4431.441754636499,6122
2026-08-19T15:00:00Z,GAS,COMBINED CYCLE,2933.801313040124,3974
2026-08-19T15:00:00Z,GAS,GAS FIRED STEAM,1216.7285460482703,3078
2026-08-19T15:00:00Z,GAS,SIMPLE CYCLE,248.01297708986948,1014
2026-08-19T15:00:00Z,HYDRO,HYDRO,168.05503826837574,896
2026-08-19T15:00:00Z,OTHER,BIOMASS,118.61624679134952,195
2026-08-19T15:00:00Z,OTHER,COMPOSITE,6.482555554509163,20
2026-08-19T15:00:00Z,OTHER,GAS,1.9999510049819944,10
2026-08-19T15:00:00Z,OTHER,GAS COGEN,36.987894512812304,58
2026-08-19T15:00:00Z,OTHER,OIL/GAS,40.05025454415215,53
2026-08-19T15:00:00Z,OTHER,WOOD/REFUSE,95.8395295519299,149
2026-08-19T15:00:00Z,SOLAR,SOLAR,1242.1201319760085,1892
2026-08-19T15:00:00Z,WIND,WIND,159.53513992958185,5684
2026-08-19T16:00:00Z,ENERGY STORAGE,ENERGY STORAGE,0,270
2026-08-19T16:00:00Z,GAS,COGENERATION,4391.553359584544,6122
2026-08-19T16:00:00Z,GAS,COMBINED CYCLE,2918.033769492838,3974
2026-08-19T16:00:00Z,GAS,GAS FIRED STEAM,1252.6500912009346,3078
2026-08-19T16:00:00Z,GAS,SIMPLE CYCLE,213.99087260745466,1014
2026-08-19T16:00:00Z,HYDRO,HYDRO,144.31094463138118,896
2026-08-19T16:00:00Z,OTHER,BIOMASS,118.16827549139659,195
2026-08-19T16:00:00Z,OTHER,COMPOSITE,0,20
2026-08-19T16:00:00Z,OTHER,GAS,1.9999510049819944,10
2026-08-19T16:00:00Z,OTHER,GAS COGEN,37.23559283786351,58
2026-08-19T16:00:00Z,OTHER,OIL/GAS,41.038704742855494,53
2026-08-19T16:00:00Z,OTHER,WOOD/REFUSE,93.74479841709137,149
2026-08-19T16:00:00Z,SOLAR,SOLAR,1474.1299301355414,1892
2026-08-19T16:00:00Z,WIND,WIND,233.4188267422219,5684
2026-08-19T17:00:00Z,ENERGY STORAGE,ENERGY STORAGE,0,270
2026-08-19T17:00:00Z,GAS,COGENERATION,4331.98650048044,6122
2026-08-19T17:00:00Z,GAS,COMBINED CYCLE,2907.097992490927,3974
2026-08-19T17:00:00Z,GAS,GAS FIRED STEAM,1190.2616476631165,3078
2026-08-19T17:00:00Z,GAS,SIMPLE CYCLE,187.45444162143602,1014
2026-08-19T17:00:00Z,HYDRO,HYDRO,134.32876417766016,896
2026-08-19T17:00:00Z,OTHER,BIOMASS,115.99677615000142,195
2026-08-19T17:00:00Z,OTHER,COMPOSITE,0,20
2026-08-19T17:00:00Z,OTHER,GAS,1.9512843267122904,10
2026-08-19T17:00:00Z,OTHER,GAS COGEN,37.002605703671776,58
2026-08-19T17:00:00Z,OTHER,OIL/GAS,42.1339436700609,53
2026-08-19T17:00:00Z,OTHER,WOOD/REFUSE,92.56634331915114,149
2026-08-19T17:00:00Z,SOLAR,SOLAR,1599.7624102183017,1892
2026-08-19T17:00:00Z,WIND,WIND,420.7639523500535,5684
2026-08-19T18:00:00Z,ENERGY STORAGE,ENERGY STORAGE,0,270
2026-08-19T18:00:00Z,GAS,COGENERATION,4301.233009522226,6122
2026-08-19T18:00:00Z,GAS,COMBINED CYCLE,2907.5027784000504,3974
2026-08-19T18:00:00Z,GAS,GAS FIRED STEAM,1193.9333692359924,3078
2026-08-19T18:00:00Z,GAS,SIMPLE CYCLE,186.08621877751415,1014
2026-08-19T18:00:00Z,HYDRO,HYDRO,175.2062303642432,896
2026-08-19T18:00:00Z,OTHER,BIOMASS,114.6769980541865,195
2026-08-19T18:00:00Z,OTHER,COMPOSITE,0,20
2026-08-19T18:00:00Z,OTHER,GAS,1.8999509811401367,10
2026-08-19T18:00:00Z,OTHER,GAS COGEN,36.51403924571143,58
2026-08-19T18:00:00Z,OTHER,OIL/GAS,42.18490445666843,53
2026-08-19T18:00:00Z,OTHER,WOOD/REFUSE,92.3581842883428,149
2026-08-19T18:00:00Z,SOLAR,SOLAR,1625.699732410378,1892
2026-08-19T18:00:00Z,WIND,WIND,726.5456204720007,5684
2026-08-19T19:00:00Z,ENERGY STORAGE,ENERGY STORAGE,-1.7336665964292155,270
2026-08-19T19:00:00Z,GAS,COGENERATION,4292.0505349213545,6122
2026-08-19T19:00:00Z,GAS,COMBINED CYCLE,2902.16335713466,3974
2026-08-19T19:00:00Z,GAS,GAS FIRED STEAM,1229.4722578896417,3078
2026-08-19T19:00:00Z,GAS,SIMPLE CYCLE,214.3368858607279,1014
2026-08-19T19:00:00Z,HYDRO,HYDRO,192.36576446349423,896
2026-08-19T19:00:00Z,OTHER,BIOMASS,111.45572017272313,195
2026-08-19T19:00:00Z,OTHER,COMPOSITE,0,20
2026-08-19T19:00:00Z,OTHER,GAS,1.8999509811401367,10
2026-08-19T19:00:00Z,OTHER,GAS COGEN,36.90354043430752,58
2026-08-19T19:00:00Z,OTHER,OIL/GAS,42.86693782806397,53
2026-08-19T19:00:00Z,OTHER,WOOD/REFUSE,91.80856900056203,149
2026-08-19T19:00:00Z,SOLAR,SOLAR,1576.4672670376963,1892
2026-08-19T19:00:00Z,WIND,WIND,965.0847340122527,5684
2026-08-19T20:00:00Z,ENERGY STORAGE,ENERGY STORAGE,0,270
2026-08-19T20:00:00Z,GAS,COGENERATION,4275.123510172102,6122
2026-08-19T20:00:00Z,GAS,COMBINED CYCLE,2901.746788246102,3974
2026-08-19T20:00:00Z,GAS,GAS FIRED STEAM,1320.5428134091694,3078
2026-08-19T20:00:00Z,GAS,SIMPLE CYCLE,247.39549595959483,1014
2026-08-19T20:00:00Z,HYDRO,HYDRO,227.73292319960063,896
2026-08-19T20:00:00Z,OTHER,BIOMASS,110.5366650496589,195
2026-08-19T20:00:00Z,OTHER,COMPOSITE,0,20
2026-08-19T20:00:00Z,OTHER,GAS,1.861951961517334,10
2026-08-19T20:00:00Z,OTHER,GAS COGEN,37.24836225350698,58
2026-08-19T20:00:00Z,OTHER,OIL/GAS,42.73781022177802,53
2026-08-19T20:00:00Z,OTHER,WOOD/REFUSE,91.59280593395233,149
2026-08-19T20:00:00Z,SOLAR,SOLAR,1549.2243067047993,1892
2026-08-19T20:00:00Z,WIND,WIND,1098.318137250493,5684
2026-08-19T21:00:00Z,ENERGY STORAGE,ENERGY STORAGE,-0.465388885140419,270
2026-08-19T21:00:00Z,GAS,COGENERATION,4266.89835548785,6122
2026-08-19T21:00:00Z,GAS,COMBINED CYCLE,2909.1109166529445,3974
2026-08-19T21:00:00Z,GAS,GAS FIRED STEAM,1342.3088672023348,3078
2026-08-19T21:00:00Z,GAS,SIMPLE CYCLE,270.89785325392666,1014
2026-08-19T21:00:00Z,HYDRO,HYDRO,260.0086397612509,896
2026-08-19T21:00:00Z,OTHER,BIOMASS,107.9024423567454,195
2026-08-19T21:00:00Z,OTHER,COMPOSITE,0,20
2026-08-19T21:00:00Z,OTHER,GAS,0,10
2026-08-19T21:00:00Z,OTHER,GAS COGEN,36.74310589419471,58
2026-08-19T21:00:00Z,OTHER,OIL/GAS,43.31406595865885,53
2026-08-19T21:00:00Z,OTHER,WOOD/REFUSE,92.70082731405894,149
2026-08-19T21:00:00Z,SOLAR,SOLAR,1481.484770193398,1892
2026-08-19T21:00:00Z,WIND,WIND,1202.3440650438931,5684
2026-08-19T22:00:00Z,ENERGY STORAGE,ENERGY STORAGE,-0.5511111111111111,270
2026-08-19T22:00:00Z,GAS,COGENERATION,4295.197929429213,6122
2026-08-19T22:00:00Z,GAS,COMBINED CYCLE,2917.71026525418,3974
2026-08-19T22:00:00Z,GAS,GAS FIRED STEAM,1365.4310942162408,3078
2026-08-19T22:00:00Z,GAS,SIMPLE CYCLE,358.84219484239816,1014
2026-08-19T22:00:00Z,HYDRO,HYDRO,248.23881890032027,896
2026-08-19T22:00:00Z,OTHER,BIOMASS,123.92073111169867,195
2026-08-19T22:00:00Z,OTHER,COMPOSITE,5.42022193653716,20
2026-08-19T22:00:00Z,OTHER,GAS,0,10
2026-08-19T22:00:00Z,OTHER,GAS COGEN,36.5476959239112,58
2026-08-19T22:00:00Z,OTHER,OIL/GAS,43.09444831000434,53
2026-08-19T22:00:00Z,OTHER,WOOD/REFUSE,94.35976511319478,149
2026-08-19T22:00:00Z,SOLAR,SOLAR,1381.6141893415318,1892
2026-08-19T22:00:00Z,WIND,WIND,1250.413662018329,5684
2026-08-19T23:00:00Z,ENERGY STORAGE,ENERGY STORAGE,0,270
2026-08-19T23:00:00Z,GAS,COGENERATION,4287.388575469123,6122
2026-08-19T23:00:00Z,GAS,COMBINED CYCLE,2897.8484569538964,3974
2026-08-19T23:00:00Z,GAS,GAS FIRED STEAM,1276.478092136383,3078
2026-08-19T23:00:00Z,GAS,SIMPLE CYCLE,259.0068649673172,1014
2026-08-19T23:00:00Z,HYDRO,HYDRO,225.09052072650857,896
2026-08-19T23:00:00Z,OTHER,BIOMASS,118.42040883736477,195
2026-08-19T23:00:00Z,OTHER,COMPOSITE,10.160332774586148,20
2026-08-19T23:00:00Z,OTHER,GAS,1.3862955932153596,10
2026-08-19T23:00:00Z,OTHER,GAS COGEN,37.95843067381117,58
2026-08-19T23:00:00Z,OTHER,OIL/GAS,43.46003804736667,53
2026-08-19T23:00:00Z,OTHER,WOOD/REFUSE,92.80361700693767,149
2026-08-19T23:00:00Z,SOLAR,SOLAR,1391.6994999470148,1892
2026-08-19T23:00:00Z,WIND,WIND,1270.5425065286747,5684
2026-08-20T00:00:00Z,ENERGY STORAGE,ENERGY STORAGE,-0.16772221638510623,270
2026-08-20T00:00:00Z,GAS,COGENERATION,4306.73478313797,6122
2026-08-20T00:00:00Z,GAS,COMBINED CYCLE,2904.238817378945,3974
2026-08-20T00:00:00Z,GAS,GAS FIRED STEAM,1333.8918678771124,3078
2026-08-20T00:00:00Z,GAS,SIMPLE CYCLE,250.7185059624372,1014
2026-08-20T00:00:00Z,HYDRO,HYDRO,240.52287336937258,896
2026-08-20T00:00:00Z,OTHER,BIOMASS,115.2733868758546,195
2026-08-20T00:00:00Z,OTHER,COMPOSITE,11.899999618530272,20
2026-08-20T00:00:00Z,OTHER,GAS,1.8999509811401367,10
2026-08-20T00:00:00Z,OTHER,GAS COGEN,39.23582794136471,58
2026-08-20T00:00:00Z,OTHER,OIL/GAS,43.76564929750231,53
2026-08-20T00:00:00Z,OTHER,WOOD/REFUSE,92.95352500809564,149
2026-08-20T00:00:00Z,SOLAR,SOLAR,981.332962434358,1892
2026-08-20T00:00:00Z,WIND,WIND,1139.340136626135,5684
2026-08-20T01:00:00Z,ENERGY STORAGE,ENERGY STORAGE,5.595888795720207,270
2026-08-20T01:00:00Z,GAS,COGENERATION,4341.196766263379,6122
2026-08-20T01:00:00Z,GAS,COMBINED CYCLE,2967.1019744409455,3974
2026-08-20T01:00:00Z,GAS,GAS FIRED STEAM,1361.1951484065585,3078
2026-08-20T01:00:00Z,GAS,SIMPLE CYCLE,398.6338263468196,1014
2026-08-20T01:00:00Z,HYDRO,HYDRO,389.83734423312876,896
2026-08-20T01:00:00Z,OTHER,BIOMASS,125.19268636885616,195
2026-08-20T01:00:00Z,OTHER,COMPOSITE,11.899999618530272,20
2026-08-20T01:00:00Z,OTHER,GAS,1.8999509811401367,10
2026-08-20T01:00:00Z,OTHER,GAS COGEN,40.64070171462165,58
2026-08-20T01:00:00Z,OTHER,OIL/GAS,43.50724877463447,53
2026-08-20T01:00:00Z,OTHER,WOOD/REFUSE,102.21288445737628,149
2026-08-20T01:00:00Z,SOLAR,SOLAR,376.04894501912923,1892
2026-08-20T01:00:00Z,WIND,WIND,875.7051825270057,5684
2026-08-20T02:00:00Z,ENERGY STORAGE,ENERGY STORAGE,0.3999999985098839,270
2026-08-20T02:00:00Z,GAS,COGENERATION,4385.625988295344,6122
2026-08-20T02:00:00Z,GAS,COMBINED CYCLE,2983.6615660278003,3974
2026-08-20T02:00:00Z,GAS,GAS FIRED STEAM,1363.154757300483,3078
2026-08-20T02:00:00Z,GAS,SIMPLE CYCLE,464.75960081444845,1014
2026-08-20T02:00:00Z,HYDRO,HYDRO,394.7250471203857,896
2026-08-20T02:00:00Z,OTHER,BIOMASS,132.8361637322108,195
2026-08-20T02:00:00Z,OTHER,COMPOSITE,12.193333138359918,20
2026-08-20T02:00:00Z,OTHER,GAS,1.8999509811401367,10
2026-08-20T02:00:00Z,OTHER,GAS COGEN,42.37507631195916,58
2026-08-20T02:00:00Z,OTHER,OIL/GAS,43.4762550523546,53
2026-08-20T02:00:00Z,OTHER,WOOD/REFUSE,103.76293713357714,149
2026-08-20T02:00:00Z,SOLAR,SOLAR,67.84120449328175,1892
2026-08-20T02:00:00Z,WIND,WIND,734.4823501524329,5684
2026-08-20T03:00:00Z,ENERGY STORAGE,ENERGY STORAGE,0.3999999985098839,270
2026-08-20T03:00:00Z,GAS,COGENERATION,4420.857397573127,6122
2026-08-20T03:00:00Z,GAS,COMBINED CYCLE,3005.3079087106385,3974
2026-08-20T03:00:00Z,GAS,GAS FIRED STEAM,1363.38386912028,3078
2026-08-20T03:00:00Z,GAS,SIMPLE CYCLE,454.3003694399198,1014
2026-08-20T03:00:00Z,HYDRO,HYDRO,447.274985792372,896
2026-08-20T03:00:00Z,OTHER,BIOMASS,131.11360869142746,195
2026-08-20T03:00:00Z,OTHER,COMPOSITE,12.462333309385512,20
2026-08-20T03:00:00Z,OTHER,GAS,0.1572737201054891,10
2026-08-20T03:00:00Z,OTHER,GAS COGEN,41.995743965572785,58
2026-08-20T03:00:00Z,OTHER,OIL/GAS,43.62823254055447,53
2026-08-20T03:00:00Z,OTHER,WOOD/REFUSE,108.36650306860605,149
2026-08-20T03:00:00Z,SOLAR,SOLAR,19.173222212526536,1892
2026-08-20T03:00:00Z,WIND,WIND,542.5382234840923,5684
2026-08-20T04:00:00Z,ENERGY STORAGE,ENERGY STORAGE,0.3999999985098839,270
2026-08-20T04:00:00Z,GAS,COGENERATION,4447.245701840984,6122
2026-08-20T04:00:00Z,GAS,COMBINED CYCLE,2979.1519790254697,3974
2026-08-20T04:00:00Z,GAS,GAS FIRED STEAM,1358.800146944258,3078
2026-08-20T04:00:00Z,GAS,SIMPLE CYCLE,430.74507081356313,1014
2026-08-20T04:00:00Z,HYDRO,HYDRO,313.86068285129136,896
2026-08-20T04:00:00Z,OTHER,BIOMASS,130.15572016980911,195
2026-08-20T04:00:00Z,OTHER,COMPOSITE,12.5,20
2026-08-20T04:00:00Z,OTHER,GAS,0,10
2026-08-20T04:00:00Z,OTHER,GAS COGEN,42.29869818475511,58
2026-08-20T04:00:00Z,OTHER,OIL/GAS,43.602204664018416,53
2026-08-20T04:00:00Z,OTHER,WOOD/REFUSE,104.03105067571003,149
2026-08-20T04:00:00Z,SOLAR,SOLAR,1.398555515838994,1892
2026-08-20T04:00:00Z,WIND,WIND,539.2182575179802,5684
2026-08-20T05:00:00Z,ENERGY STORAGE,ENERGY STORAGE,0.3999999985098839,270
2026-08-20T05:00:00Z,GAS,COGENERATION,4461.099682218101,6122
2026-08-20T05:00:00Z,GAS,COMBINED CYCLE,2814.47525263177,3974
2026-08-20T05:00:00Z,GAS,GAS FIRED STEAM,1191.099285522037,3078
2026-08-20T05:00:00Z,GAS,SIMPLE CYCLE,386.9638513912095,1014
2026-08-20T05:00:00Z,HYDRO,HYDRO,305.6566333414449,896
2026-08-20T05:00:00Z,OTHER,BIOMASS,129.26266467571259,195
2026-08-20T05:00:00Z,OTHER,COMPOSITE,12.629166748788622,20
2026-08-20T05:00:00Z,OTHER,GAS,0,10
2026-08-20T05:00:00Z,OTHER,GAS COGEN,41.77811306370629,58
2026-08-20T05:00:00Z,OTHER,OIL/GAS,43.18742193010118,53
2026-08-20T05:00:00Z,OTHER,WOOD/REFUSE,103.11354462623596,149
2026-08-20T05:00:00Z,SOLAR,SOLAR,0.20000000298023224,1892
2026-08-20T05:00:00Z,WIND,WIND,719.1200281748258,5684
2026-08-20T06:00:00Z,ENERGY STORAGE,ENERGY STORAGE,-6.5564998719220355,270
2026-08-20T06:00:00Z,GAS,COGENERATION,4462.996997494168,6122
2026-08-20T06:00:00Z,GAS,COMBINED CYCLE,2710.1388104044067,3974
2026-08-20T06:00:00Z,GAS,GAS FIRED STEAM,1177.7277601793078,3078
2026-08-20T06:00:00Z,GAS,SIMPLE CYCLE,130.19314363615794,1014
2026-08-20T06:00:00Z,HYDRO,HYDRO,148.05459546325935,896
2026-08-20T06:00:00Z,OTHER,BIOMASS,121.84331459936168,195
2026-08-20T06:00:00Z,OTHER,COMPOSITE,12.800000190734863,20
2026-08-20T06:00:00Z,OTHER,GAS,0,10
2026-08-20T06:00:00Z,OTHER,GAS COGEN,43.260617270469666,58
2026-08-20T06:00:00Z,OTHER,OIL/GAS,43.29581551445855,53
2026-08-20T06:00:00Z,OTHER,WOOD/REFUSE,87.84558437718286,149
2026-08-20T06:00:00Z,SOLAR,SOLAR,0.20000000298023224,1892
2026-08-20T06:00:00Z,WIND,WIND,832.0144180221855,5684
2026-08-20T07:00:00Z,ENERGY STORAGE,ENERGY STORAGE,-12.499999761581421,270
2026-08-20T07:00:00Z,GAS,COGENERATION,4431.495092360708,6122
2026-08-20T07:00:00Z,GAS,COMBINED CYCLE,2687.7120597894987,3974
2026-08-20T07:00:00Z,GAS,GAS FIRED STEAM,1365.6063174777562,3078
2026-08-20T07:00:00Z,GAS,SIMPLE CYCLE,112.11759637961785,1014
2026-08-20T07:00:00Z,HYDRO,HYDRO,119.81403710378541,896
2026-08-20T07:00:00Z,OTHER,BIOMASS,113.36666409704421,195
2026-08-20T07:00:00Z,OTHER,COMPOSITE,0.1708333326710595,20
2026-08-20T07:00:00Z,OTHER,GAS,0,10
2026-08-20T07:00:00Z,OTHER,GAS COGEN,43.59154679033491,58
2026-08-20T07:00:00Z,OTHER,OIL/GAS,43.11254890229967,53
2026-08-20T07:00:00Z,OTHER,WOOD/REFUSE,87.02982186158498,149
2026-08-20T07:00:00Z,SOLAR,SOLAR,0.20000000298023224,1892
2026-08-20T07:00:00Z,WIND,WIND,803.9706511132957,5684
2026-08-20T08:00:00Z,ENERGY STORAGE,ENERGY STORAGE,-5.929444329432315,270
2026-08-20T08:00:00Z,GAS,COGENERATION,4447.550759885576,6122
2026-08-20T08:00:00Z,GAS,COMBINED CYCLE,2711.4436925795344,3974
2026-08-20T08:00:00Z,GAS,GAS FIRED STEAM,1365.2935378011068,3078
2026-08-20T08:00:00Z,GAS,SIMPLE CYCLE,122.2245962834027,1014
2026-08-20T08:00:00Z,HYDRO,HYDRO,164.29121121644974,896
2026-08-20T08:00:00Z,OTHER,BIOMASS,114.22571967389848,195
2026-08-20T08:00:00Z,OTHER,COMPOSITE,0,20
2026-08-20T08:00:00Z,OTHER,GAS,0,10
2026-08-20T08:00:00Z,OTHER,GAS COGEN,43.70393314467536,58
2026-08-20T08:00:00Z,OTHER,OIL/GAS,42.66832672542996,53
2026-08-20T08:00:00Z,OTHER,WOOD/REFUSE,87.02903111192916,149
2026-08-20T08:00:00Z,SOLAR,SOLAR,0.20000000298023224,1892
2026-08-20T08:00:00Z,WIND,WIND,580.3443872105744,5684
2026-08-20T09:00:00Z,ENERGY STORAGE,ENERGY STORAGE,-1.4016666428413656,270
2026-08-20T09:00:00Z,GAS,COGENERATION,4469.870738970174,6122
2026-08-20T09:00:00Z,GAS,COMBINED CYCLE,2824.4223397225805,3974
2026-08-20T09:00:00Z,GAS,GAS FIRED STEAM,1398.7715933820937,3078
2026-08-20T09:00:00Z,GAS,SIMPLE CYCLE,135.69227265867923,1014
2026-08-20T09:00:00Z,HYDRO,HYDRO,144.23084227350023,896
2026-08-20T09:00:00Z,OTHER,BIOMASS,112.32505304601457,195
2026-08-20T09:00:00Z,OTHER,COMPOSITE,0,20
2026-08-20T09:00:00Z,OTHER,GAS,0,10
2026-08-20T09:00:00Z,OTHER,GAS COGEN,43.607332034111025,58
2026-08-20T09:00:00Z,OTHER,OIL/GAS,42.65361563576592,53
2026-08-20T09:00:00Z,OTHER,WOOD/REFUSE,89.77525854958428,149
2026-08-20T09:00:00Z,SOLAR,SOLAR,0.20000000298023224,1892
2026-08-20T09:00:00Z,WIND,WIND,448.18935544895214,5684
2026-08-20T10:00:00Z,ENERGY STORAGE,ENERGY STORAGE,-0.7815555422173606,270
2026-08-20T10:00:00Z,GAS,COGENERATION,4477.724564387004,6122
2026-08-20T10:00:00Z,GAS,COMBINED CYCLE,2893.744131413036,3974
2026-08-20T10:00:00Z,GAS,GAS FIRED STEAM,1398.714203177558,3078
2026-08-20T10:00:00Z,GAS,SIMPLE CYCLE,224.106622794701,1014
2026-08-20T10:00:00Z,HYDRO,HYDRO,137.24402280168403,896
2026-08-20T10:00:00Z,OTHER,BIOMASS,118.06977583355373,195
2026-08-20T10:00:00Z,OTHER,COMPOSITE,0,20
2026-08-20T10:00:00Z,OTHER,GAS,0,10
2026-08-20T10:00:00Z,OTHER,GAS COGEN,43.074818755255805,58
2026-08-20T10:00:00Z,OTHER,OIL/GAS,42.66130995220608,53
2026-08-20T10:00:00Z,OTHER,WOOD/REFUSE,91.93997224595812,149
2026-08-20T10:00:00Z,SOLAR,SOLAR,0.20000000298023224,1892
2026-08-20T10:00:00Z,WIND,WIND,395.333463410048,5684
2026-08-20T11:00:00Z,ENERGY STORAGE,ENERGY STORAGE,0,270
2026-08-20T11:00:00Z,GAS,COGENERATION,4491.384090389411,6122
2026-08-20T11:00:00Z,GAS,COMBINED CYCLE,2947.138321796788,3974
2026-08-20T11:00:00Z,GAS,GAS FIRED STEAM,1398.855148824056,3078
2026-08-20T11:00:00Z,GAS,SIMPLE CYCLE,221.8256380881369,1014
2026-08-20T11:00:00Z,HYDRO,HYDRO,185.39698516819212,896
2026-08-20T11:00:00Z,OTHER,BIOMASS,118.78671941492293,195
2026-08-20T11:00:00Z,OTHER,COMPOSITE,1.858277710411284,20
2026-08-20T11:00:00Z,OTHER,GAS,0,10
2026-08-20T11:00:00Z,OTHER,GAS COGEN,42.84219634797839,58
2026-08-20T11:00:00Z,OTHER,OIL/GAS,42.653899093204075,53
2026-08-20T11:00:00Z,OTHER,WOOD/REFUSE,92.97860694885253,149
2026-08-20T11:00:00Z,SOLAR,SOLAR,0.20000000298023224,1892
2026-08-20T11:00:00Z,WIND,WIND,362.08943759776236,5684
2026-08-20T12:00:00Z,ENERGY STORAGE,ENERGY STORAGE,0,270
2026-08-20T12:00:00Z,GAS,COGENERATION,4494.678161028226,6122
2026-08-20T12:00:00Z,GAS,COMBINED CYCLE,2974.6675424202285,3974
2026-08-20T12:00:00Z,GAS,GAS FIRED STEAM,1398.4207581753199,3078
2026-08-20T12:00:00Z,GAS,SIMPLE CYCLE,297.38746702576265,1014
2026-08-20T12:00:00Z,HYDRO,HYDRO,306.9626542239719,896
2026-08-20T12:00:00Z,OTHER,BIOMASS,127.59962540201015,195
2026-08-20T12:00:00Z,OTHER,COMPOSITE,9.900499618848166,20
2026-08-20T12:00:00Z,OTHER,GAS,0,10
2026-08-20T12:00:00Z,OTHER,GAS COGEN,42.80905110994975,58
2026-08-20T12:00:00Z,OTHER,OIL/GAS,42.5334223514133,53
2026-08-20T12:00:00Z,OTHER,WOOD/REFUSE,96.59571541733212,149
2026-08-20T12:00:00Z,SOLAR,SOLAR,5.846333247402476,1892
2026-08-20T12:00:00Z,WIND,WIND,260.4744117711774,5684
2026-08-20T13:00:00Z,ENERGY STORAGE,ENERGY STORAGE,0,270
2026-08-20T13:00:00Z,GAS,COGENERATION,4496.3049607163,6122
2026-08-20T13:00:00Z,GAS,COMBINED CYCLE,2979.2929743854206,3974
2026-08-20T13:00:00Z,GAS,GAS FIRED STEAM,1326.9206471252442,3078
2026-08-20T13:00:00Z,GAS,SIMPLE CYCLE,392.2908344322774,1014
2026-08-20T13:00:00Z,HYDRO,HYDRO,280.2834936259687,896
2026-08-20T13:00:00Z,OTHER,BIOMASS,122.59838688294093,195
2026-08-20T13:00:00Z,OTHER,COMPOSITE,9.899999618530272,20
2026-08-20T13:00:00Z,OTHER,GAS,0,10
2026-08-20T13:00:00Z,OTHER,GAS COGEN,42.970496463245816,58
2026-08-20T13:00:00Z,OTHER,OIL/GAS,42.67910487704807,53
2026-08-20T13:00:00Z,OTHER,WOOD/REFUSE,97.51631420559355,149
2026-08-20T13:00:00Z,SOLAR,SOLAR,235.42255336603355,1892
2026-08-20T13:00:00Z,WIND,WIND,224.76485229896176,5684
2026-08-20T14:00:00Z,ENERGY STORAGE,ENERGY STORAGE,0,270
2026-08-20T14:00:00Z,GAS,COGENERATION,4451.626130457984,6122
2026-08-20T14:00:00Z,GAS,COMBINED CYCLE,2957.031395047241,3974
2026-08-20T14:00:00Z,GAS,GAS FIRED STEAM,1320.710869708591,3078
2026-08-20T14:00:00Z,GAS,SIMPLE CYCLE,316.2689382531908,1014
2026-08-20T14:00:00Z,HYDRO,HYDRO,179.96570002675057,896
2026-08-20T14:00:00Z,OTHER,BIOMASS,116.59305372794469,195
2026-08-20T14:00:00Z,OTHER,COMPOSITE,7.520444155401654,20
2026-08-20T14:00:00Z,OTHER,GAS,1.016083323624399,10
2026-08-20T14:00:00Z,OTHER,GAS COGEN,42.9284531211853,58
2026-08-20T14:00:00Z,OTHER,OIL/GAS,43.0772492451138,53
2026-08-20T14:00:00Z,OTHER,WOOD/REFUSE,94.86082029130725,149
2026-08-20T14:00:00Z,SOLAR,SOLAR,775.1385846171445,1892
2026-08-20T14:00:00Z,WIND,WIND,148.46146310730526,5684
2026-08-20T15:00:00Z,ENERGY STORAGE,ENERGY STORAGE,0,270
2026-08-20T15:00:00Z,GAS,COGENERATION,4410.90839668817,6122
2026-08-20T15:00:00Z,GAS,COMBINED CYCLE,2951.4731724468866,3974
2026-08-20T15:00:00Z,GAS,GAS FIRED STEAM,1321.0846207851835,3078
2026-08-20T15:00:00Z,GAS,SIMPLE CYCLE,214.60621048767533,1014
2026-08-20T15:00:00Z,HYDRO,HYDRO,205.41920310669474,896
2026-08-20T15:00:00Z,OTHER,BIOMASS,99.73883731100294,195
2026-08-20T15:00:00Z,OTHER,COMPOSITE,0,20
2026-08-20T15:00:00Z,OTHER,GAS,1.9999510049819944,10
2026-08-20T15:00:00Z,OTHER,GAS COGEN,42.34715965853797,58
2026-08-20T15:00:00Z,OTHER,OIL/GAS,43.347159775627986,53
2026-08-20T15:00:00Z,OTHER,WOOD/REFUSE,90.23376883983612,149
2026-08-20T15:00:00Z,SOLAR,SOLAR,1190.035089125302,1892
2026-08-20T15:00:00Z,WIND,WIND,70.20063215061609,5684
2026-08-20T16:00:00Z,ENERGY STORAGE,ENERGY STORAGE,0,270
2026-08-20T16:00:00Z,GAS,COGENERATION,4346.708229004542,6122
2026-08-20T16:00:00Z,GAS,COMBINED CYCLE,2912.093255124357,3974
2026-08-20T16:00:00Z,GAS,GAS FIRED STEAM,1285.2598152754042,3078
2026-08-20T16:00:00Z,GAS,SIMPLE CYCLE,196.6344651277529,1014
2026-08-20T16:00:00Z,HYDRO,HYDRO,136.23071597470178,896
2026-08-20T16:00:00Z,OTHER,BIOMASS,96.10816510571374,195
2026-08-20T16:00:00Z,OTHER,COMPOSITE,0,20
2026-08-20T16:00:00Z,OTHER,GAS,1.9999510049819944,10
2026-08-20T16:00:00Z,OTHER,GAS COGEN,42.08329681926303,58
2026-08-20T16:00:00Z,OTHER,OIL/GAS,43.59135506312053,53
2026-08-20T16:00:00Z,OTHER,WOOD/REFUSE,90.09327605353461,149
2026-08-20T16:00:00Z,SOLAR,SOLAR,1435.6584696805478,1892
2026-08-20T16:00:00Z,WIND,WIND,176.23208068096804,5684
2026-08-20T17:00:00Z,ENERGY STORAGE,ENERGY STORAGE,0,270
2026-08-20T17:00:00Z,GAS,COGENERATION,4309.195850657092,6122
2026-08-20T17:00:00Z,GAS,COMBINED CYCLE,2926.097275314596,3974
2026-08-20T17:00:00Z,GAS,GAS FIRED STEAM,1219.0613709174263,3078
2026-08-20T17:00:00Z,GAS,SIMPLE CYCLE,223.06721361150346,1014
2026-08-20T17:00:00Z,HYDRO,HYDRO,229.7187763495081,896
2026-08-20T17:00:00Z,OTHER,BIOMASS,96.08260949929556,195
2026-08-20T17:00:00Z,OTHER,COMPOSITE,0,20
2026-08-20T17:00:00Z,OTHER,GAS,1.9999510049819944,10
2026-08-20T17:00:00Z,OTHER,GAS COGEN,42.14999486817254,58
2026-08-20T17:00:00Z,OTHER,OIL/GAS,43.698349217308895,53
2026-08-20T17:00:00Z,OTHER,WOOD/REFUSE,90.7508019177119,149
2026-08-20T17:00:00Z,SOLAR,SOLAR,1470.5009659780396,1892
2026-08-20T17:00:00Z,WIND,WIND,295.48984072369836,5684
2026-08-20T18:00:00Z,ENERGY STORAGE,ENERGY STORAGE,0,270
2026-08-20T18:00:00Z,GAS,COGENERATION,4277.323872288068,6122
2026-08-20T18:00:00Z,GAS,COMBINED CYCLE,2933.098783196608,3974
2026-08-20T18:00:00Z,GAS,GAS FIRED STEAM,1344.5933143191867,3078
2026-08-20T18:00:00Z,GAS,SIMPLE CYCLE,205.51908706658415,1014
2026-08-20T18:00:00Z,HYDRO,HYDRO,225.5395931234128,896
2026-08-20T18:00:00Z,OTHER,BIOMASS,94.42199863354365,195
2026-08-20T18:00:00Z,OTHER,COMPOSITE,0,20
2026-08-20T18:00:00Z,OTHER,GAS,1.9999510049819944,10
2026-08-20T18:00:00Z,OTHER,GAS COGEN,41.98620386441549,58
2026-08-20T18:00:00Z,OTHER,OIL/GAS,43.80839340845744,53
2026-08-20T18:00:00Z,OTHER,WOOD/REFUSE,89.17185141139561,149
2026-08-20T18:00:00Z,SOLAR,SOLAR,1464.8919598356056,1892
2026-08-20T18:00:00Z,WIND,WIND,289.4320914765944,5684
2026-08-20T19:00:00Z,ENERGY STORAGE,ENERGY STORAGE,41.06233320057392,270
2026-08-20T19:00:00Z,GAS,COGENERATION,4284.761090705129,6122
2026-08-20T19:00:00Z,GAS,COMBINED CYCLE,2941.1559703183175,3974
2026-08-20T19:00:00Z,GAS,GAS FIRED STEAM,1344.5633719804553,3078
2026-08-20T19:00:00Z,GAS,SIMPLE CYCLE,312.30951351978297,1014
2026-08-20T19:00:00Z,HYDRO,HYDRO,266.0769685176346,896
2026-08-20T19:00:00Z,OTHER,BIOMASS,100.32744211528036,195
2026-08-20T19:00:00Z,OTHER,COMPOSITE,1.1209444050490855,20
2026-08-20T19:00:00Z,OTHER,GAS,1.9999510049819944,10
2026-08-20T19:00:00Z,OTHER,GAS COGEN,41.77412257830302,58
2026-08-20T19:00:00Z,OTHER,OIL/GAS,43.949382633633086,53
2026-08-20T19:00:00Z,OTHER,WOOD/REFUSE,91.5834562116199,149
2026-08-20T19:00:00Z,SOLAR,SOLAR,1548.7176025183333,1892
2026-08-20T19:00:00Z,WIND,WIND,276.4449507411652,5684
2026-08-20T20:00:00Z,ENERGY STORAGE,ENERGY STORAGE,-76.09788743042283,270
2026-08-20T20:00:00Z,GAS,COGENERATION,4322.776918116874,6122
2026-08-20T20:00:00Z,GAS,COMBINED CYCLE,2950.270522728761,3974
2026-08-20T20:00:00Z,GAS,GAS FIRED STEAM,1378.0611213175457,3078
2026-08-20T20:00:00Z,GAS,SIMPLE CYCLE,373.15503834487663,1014
2026-08-20T20:00:00Z,HYDRO,HYDRO,334.8567830753326,896
2026-08-20T20:00:00Z,OTHER,BIOMASS,106.76580397102568,195
2026-08-20T20:00:00Z,OTHER,COMPOSITE,10.033055079778036,20
2026-08-20T20:00:00Z,OTHER,GAS,1.9999510049819944,10
2026-08-20T20:00:00Z,OTHER,GAS COGEN,42.12254100269742,58
2026-08-20T20:00:00Z,OTHER,OIL/GAS,44.59612125396728,53
2026-08-20T20:00:00Z,OTHER,WOOD/REFUSE,97.29798088391622,149
2026-08-20T20:00:00Z,SOLAR,SOLAR,1578.2485134417482,1892
2026-08-20T20:00:00Z,WIND,WIND,217.4421424754295,5684
2026-08-20T21:00:00Z,ENERGY STORAGE,ENERGY STORAGE,-79.5999984741211,270
2026-08-20T21:00:00Z,GAS,COGENERATION,4320.755563927128,6122
2026-08-20T21:00:00Z,GAS,COMBINED CYCLE,2962.4915070245,3974
2026-08-20T21:00:00Z,GAS,GAS FIRED STEAM,1413.1029809598128,3078
2026-08-20T21:00:00Z,GAS,SIMPLE CYCLE,398.0538010289934,1014
2026-08-20T21:00:00Z,HYDRO,HYDRO,354.232335403098,896
2026-08-20T21:00:00Z,OTHER,BIOMASS,111.65149828301534,195
2026-08-20T21:00:00Z,OTHER,COMPOSITE,11.350944100485908,20
2026-08-20T21:00:00Z,OTHER,GAS,1.9999510049819944,10
2026-08-20T21:00:00Z,OTHER,GAS COGEN,42.23156582196554,58
2026-08-20T21:00:00Z,OTHER,OIL/GAS,44.30179874420166,53
2026-08-20T21:00:00Z,OTHER,WOOD/REFUSE,98.88499138991038,149
2026-08-20T21:00:00Z,SOLAR,SOLAR,1446.5016871896055,1892
2026-08-20T21:00:00Z,WIND,WIND,231.51730474258048,5684
2026-08-20T22:00:00Z,ENERGY STORAGE,ENERGY STORAGE,-57.55822121699651,270
2026-08-20T22:00:00Z,GAS,COGENERATION,4315.722712332143,6122
2026-08-20T22:00:00Z,GAS,COMBINED CYCLE,2974.0949844606716,3974
2026-08-20T22:00:00Z,GAS,GAS FIRED STEAM,1431.1992588541243,3078
2026-08-20T22:00:00Z,GAS,SIMPLE CYCLE,477.9924212676949,1014
2026-08-20T22:00:00Z,HYDRO,HYDRO,346.32316795653765,896
2026-08-20T22:00:00Z,OTHER,BIOMASS,111.3803204127815,195
2026-08-20T22:00:00Z,OTHER,COMPOSITE,12.199999809265137,20
2026-08-20T22:00:00Z,OTHER,GAS,1.9999510049819944,10
2026-08-20T22:00:00Z,OTHER,GAS COGEN,42.169765190018545,58
2026-08-20T22:00:00Z,OTHER,OIL/GAS,44.50123771667481,53
2026-08-20T22:00:00Z,OTHER,WOOD/REFUSE,99.09380256811778,149
2026-08-20T22:00:00Z,SOLAR,SOLAR,1175.6117811172207,1892
2026-08-20T22:00:00Z,WIND,WIND,283.9935007480532,5684
2026-08-20T23:00:00Z,ENERGY STORAGE,ENERGY STORAGE,76.91266662981775,270
2026-08-20T23:00:00Z,GAS,COGENERATION,4318.163462194238,6122
2026-08-20T23:00:00Z,GAS,COMBINED CYCLE,2979.399010400507,3974
2026-08-20T23:00:00Z,GAS,GAS FIRED STEAM,1431.504869169659,3078
2026-08-20T23:00:00Z,GAS,SIMPLE CYCLE,500.99453419301244,1014
2026-08-20T23:00:00Z,HYDRO,HYDRO,337.24513373565344,896
2026-08-20T23:00:00Z,OTHER,BIOMASS,113.24379216432571,195
2026-08-20T23:00:00Z,OTHER,COMPOSITE,12.133666433758206,20
2026-08-20T23:00:00Z,OTHER,GAS,1.9999510049819944,10
2026-08-20T23:00:00Z,OTHER,GAS COGEN,41.96282597117954,58
2026-08-20T23:00:00Z,OTHER,OIL/GAS,44.26993238661024,53
2026-08-20T23:00:00Z,OTHER,WOOD/REFUSE,97.37478640980191,149
2026-08-20T23:00:00Z,SOLAR,SOLAR,923.6384397509197,1892
2026-08-20T23:00:00Z,WIND,WIND,437.09136397745044,5684
2026-08-21T00:00:00Z,ENERGY STORAGE,ENERGY STORAGE,80,270
2026-08-21T00:00:00Z,GAS,COGENERATION,4314.520180703931,6122
2026-08-21T00:00:00Z,GAS,COMBINED CYCLE,2903.7131881075434,3974
2026-08-21T00:00:00Z,GAS,GAS FIRED STEAM,1427.7857586987814,3078
2026-08-21T00:00:00Z,GAS,SIMPLE CYCLE,521.6095925777819,1014
2026-08-21T00:00:00Z,HYDRO,HYDRO,365.0683509448419,896
2026-08-21T00:00:00Z,OTHER,BIOMASS,109.9973316582044,195
2026-08-21T00:00:00Z,OTHER,COMPOSITE,12.171333124372694,20
2026-08-21T00:00:00Z,OTHER,GAS,1.9999510049819944,10
2026-08-21T00:00:00Z,OTHER,GAS COGEN,41.58372458034091,58
2026-08-21T00:00:00Z,OTHER,OIL/GAS,44.47468775643243,53
2026-08-21T00:00:00Z,OTHER,WOOD/REFUSE,98.40488975683849,149
2026-08-21T00:00:00Z,SOLAR,SOLAR,476.5410442731612,1892
2026-08-21T00:00:00Z,WIND,WIND,818.7231970285459,5684
2026-08-21T01:00:00Z,ENERGY STORAGE,ENERGY STORAGE,14.58677854180336,270
2026-08-21T01:00:00Z,GAS,COGENERATION,4292.353081407812,6122
2026-08-21T01:00:00Z,GAS,COMBINED CYCLE,2940.407347674105,3974
2026-08-21T01:00:00Z,GAS,GAS FIRED STEAM,1225.6107046074337,3078
2026-08-21T01:00:00Z,GAS,SIMPLE CYCLE,395.4623216799564,1014
2026-08-21T01:00:00Z,HYDRO,HYDRO,252.1423786803749,896
2026-08-21T01:00:00Z,OTHER,BIOMASS,99.37378770404392,195
2026-08-21T01:00:00Z,OTHER,COMPOSITE,12.199999809265137,20
2026-08-21T01:00:00Z,OTHER,GAS,1.9999510049819944,10
2026-08-21T01:00:00Z,OTHER,GAS COGEN,41.63362202591367,58
2026-08-21T01:00:00Z,OTHER,OIL/GAS,44.54996560414632,53
2026-08-21T01:00:00Z,OTHER,WOOD/REFUSE,89.7880450884501,149
2026-08-21T01:00:00Z,SOLAR,SOLAR,168.1580380626892,1892
2026-08-21T01:00:00Z,WIND,WIND,1518.0718268933645,5684
2026-08-21T02:00:00Z,ENERGY STORAGE,ENERGY STORAGE,-24.032498343156444,270
2026-08-21T02:00:00Z,GAS,COGENERATION,4299.840642223888,6122
2026-08-21T02:00:00Z,GAS,COMBINED CYCLE,2916.5623999990357,3974
2026-08-21T02:00:00Z,GAS,GAS FIRED STEAM,807.4279881180657,3078
2026-08-21T02:00:00Z,GAS,SIMPLE CYCLE,342.6598987073948,1014
2026-08-21T02:00:00Z,HYDRO,HYDRO,245.29137819048432,896
2026-08-21T02:00:00Z,OTHER,BIOMASS,98.87483206431071,195
2026-08-21T02:00:00Z,OTHER,COMPOSITE,12.372333252165053,20
2026-08-21T02:00:00Z,OTHER,GAS,1.9999510049819944,10
2026-08-21T02:00:00Z,OTHER,GAS COGEN,41.82761629104614,58
2026-08-21T02:00:00Z,OTHER,OIL/GAS,43.92860964457194,53
2026-08-21T02:00:00Z,OTHER,WOOD/REFUSE,89.84553274790446,149
2026-08-21T02:00:00Z,SOLAR,SOLAR,72.64187306623492,1892
2026-08-21T02:00:00Z,WIND,WIND,2186.432452832394,5684
2026-08-21T03:00:00Z,ENERGY STORAGE,ENERGY STORAGE,0,270
2026-08-21T03:00:00Z,GAS,COGENERATION,4363.106266257763,6122
2026-08-21T03:00:00Z,GAS,COMBINED CYCLE,2951.269588452975,3974
2026-08-21T03:00:00Z,GAS,GAS FIRED STEAM,1111.960983244578,3078
2026-08-21T03:00:00Z,GAS,SIMPLE CYCLE,395.18945535025665,1014
2026-08-21T03:00:00Z,HYDRO,HYDRO,269.39977705015076,896
2026-08-21T03:00:00Z,OTHER,BIOMASS,95.47233208298682,195
2026-08-21T03:00:00Z,OTHER,COMPOSITE,12.518333344989353,20
2026-08-21T03:00:00Z,OTHER,GAS,1.9999510049819944,10
2026-08-21T03:00:00Z,OTHER,GAS COGEN,41.803874218198985,58
2026-08-21T03:00:00Z,OTHER,OIL/GAS,44.10882679197523,53
2026-08-21T03:00:00Z,OTHER,WOOD/REFUSE,93.67584123505486,149
2026-08-21T03:00:00Z,SOLAR,SOLAR,63.86831218971147,1892
2026-08-21T03:00:00Z,WIND,WIND,1784.311262563103,5684
2026-08-21T04:00:00Z,ENERGY STORAGE,ENERGY STORAGE,0,270
2026-08-21T04:00:00Z,GAS,COGENERATION,4373.8206021171145,6122
2026-08-21T04:00:00Z,GAS,COMBINED CYCLE,2920.664864974022,3974
2026-08-21T04:00:00Z,GAS,GAS FIRED STEAM,1350.9657602352565,3078
2026-08-21T04:00:00Z,GAS,SIMPLE CYCLE,239.2295289424724,1014
2026-08-21T04:00:00Z,HYDRO,HYDRO,203.94290319213437,896
2026-08-21T04:00:00Z,OTHER,BIOMASS,91.62688731564415,195
2026-08-21T04:00:00Z,OTHER,COMPOSITE,0.10072222060627407,20
2026-08-21T04:00:00Z,OTHER,GAS,1.9999510049819944,10
2026-08-21T04:00:00Z,OTHER,GAS COGEN,42.333775865236916,58
2026-08-21T04:00:00Z,OTHER,OIL/GAS,44.75498759799533,53
2026-08-21T04:00:00Z,OTHER,WOOD/REFUSE,89.35195277108086,149
2026-08-21T04:00:00Z,SOLAR,SOLAR,63.80000038444996,1892
2026-08-21T04:00:00Z,WIND,WIND,1478.1624913377605,5684
2026-08-21T05:00:00Z,ENERGY STORAGE,ENERGY STORAGE,0,270
2026-08-21T05:00:00Z,GAS,COGENERATION,4400.058067946633,6122
2026-08-21T05:00:00Z,GAS,COMBINED CYCLE,2912.1331425521107,3974
2026-08-21T05:00:00Z,GAS,GAS FIRED STEAM,1290.2702589501275,3078
2026-08-21T05:00:00Z,GAS,SIMPLE CYCLE,134.93155067927307,1014
2026-08-21T05:00:00Z,HYDRO,HYDRO,215.1909881892138,896
2026-08-21T05:00:00Z,OTHER,BIOMASS,87.58683240466648,195
2026-08-21T05:00:00Z,OTHER,COMPOSITE,0,20
2026-08-21T05:00:00Z,OTHER,GAS,1.9999510049819944,10
2026-08-21T05:00:00Z,OTHER,GAS COGEN,42.13047408792708,58
2026-08-21T05:00:00Z,OTHER,OIL/GAS,44.37330980088976,53
2026-08-21T05:00:00Z,OTHER,WOOD/REFUSE,89.42298409726885,149
2026-08-21T05:00:00Z,SOLAR,SOLAR,63.80000038444996,1892
2026-08-21T05:00:00Z,WIND,WIND,1373.1154391461446,5684
2026-08-21T06:00:00Z,ENERGY STORAGE,ENERGY STORAGE,-8.358999761309889,270
2026-08-21T06:00:00Z,GAS,COGENERATION,4450.2977465868,6122
2026-08-21T06:00:00Z,GAS,COMBINED CYCLE,2929.641301630073,3974
2026-08-21T06:00:00Z,GAS,GAS FIRED STEAM,1270.1892579989963,3078
2026-08-21T06:00:00Z,GAS,SIMPLE CYCLE,209.3828985376656,1014
2026-08-21T06:00:00Z,HYDRO,HYDRO,231.03202534627584,896
2026-08-21T06:00:00Z,OTHER,BIOMASS,85.1132203356425,195
2026-08-21T06:00:00Z,OTHER,COMPOSITE,0,20
2026-08-21T06:00:00Z,OTHER,GAS,1.9999510049819944,10
2026-08-21T06:00:00Z,OTHER,GAS COGEN,41.89980669180552,58
2026-08-21T06:00:00Z,OTHER,OIL/GAS,44.2924484846327,53
2026-08-21T06:00:00Z,OTHER,WOOD/REFUSE,88.42177557150524,149
2026-08-21T06:00:00Z,SOLAR,SOLAR,63.80000038444996,1892
2026-08-21T06:00:00Z,WIND,WIND,951.2498404949034,5684
2026-08-21T07:00:00Z,ENERGY STORAGE,ENERGY STORAGE,-10.093194150386585,270
2026-08-21T07:00:00Z,GAS,COGENERATION,4472.620687365267,6122
2026-08-21T07:00:00Z,GAS,COMBINED CYCLE,2968.6592172251144,3974
2026-08-21T07:00:00Z,GAS,GAS FIRED STEAM,1340.2628972413804,3078
2026-08-21T07:00:00Z,GAS,SIMPLE CYCLE,266.2058756479952,1014
2026-08-21T07:00:00Z,HYDRO,HYDRO,372.0301228003204,896
2026-08-21T07:00:00Z,OTHER,BIOMASS,93.30077635765076,195
2026-08-21T07:00:00Z,OTHER,COMPOSITE,1.7,20
2026-08-21T07:00:00Z,OTHER,GAS,1.9999510049819944,10
2026-08-21T07:00:00Z,OTHER,GAS COGEN,41.853383431964446,58
2026-08-21T07:00:00Z,OTHER,OIL/GAS,44.16922143300374,53
2026-08-21T07:00:00Z,OTHER,WOOD/REFUSE,96.01236253155602,149
2026-08-21T07:00:00Z,SOLAR,SOLAR,63.80000038444996,1892
2026-08-21T07:00:00Z,WIND,WIND,457.77852222100313,5684
2026-08-21T08:00:00Z,ENERGY STORAGE,ENERGY STORAGE,-3.9708887725902926,270
2026-08-21T08:00:00Z,GAS,COGENERATION,4494.822988429864,6122
2026-08-21T08:00:00Z,GAS,COMBINED CYCLE,2944.0167732654677,3974
2026-08-21T08:00:00Z,GAS,GAS FIRED STEAM,1340.0234813054403,3078
2026-08-21T08:00:00Z,GAS,SIMPLE CYCLE,275.8879451364941,1014
2026-08-21T08:00:00Z,HYDRO,HYDRO,320.0736987190445,896
2026-08-21T08:00:00Z,OTHER,BIOMASS,92.84099910948012,195
2026-08-21T08:00:00Z,OTHER,COMPOSITE,10,20
2026-08-21T08:00:00Z,OTHER,GAS,1.9999510049819944,10
2026-08-21T08:00:00Z,OTHER,GAS COGEN,41.47351595772638,58
2026-08-21T08:00:00Z,OTHER,OIL/GAS,44.63749853981866,53
2026-08-21T08:00:00Z,OTHER,WOOD/REFUSE,99.30264172712963,149
2026-08-21T08:00:00Z,SOLAR,SOLAR,63.80000038444996,1892
2026-08-21T08:00:00Z,WIND,WIND,314.64776700185405,5684
2026-08-21T09:00:00Z,ENERGY STORAGE,ENERGY STORAGE,0,270
2026-08-21T09:00:00Z,GAS,COGENERATION,4507.392767035696,6122
2026-08-21T09:00:00Z,GAS,COMBINED CYCLE,2933.902564830515,3974
2026-08-21T09:00:00Z,GAS,GAS FIRED STEAM,1341.3133407719931,3078
2026-08-21T09:00:00Z,GAS,SIMPLE CYCLE,262.60912208520705,1014
2026-08-21T09:00:00Z,HYDRO,HYDRO,292.19231257561177,896
2026-08-21T09:00:00Z,OTHER,BIOMASS,94.90119335333506,195
2026-08-21T09:00:00Z,OTHER,COMPOSITE,10,20
2026-08-21T09:00:00Z,OTHER,GAS,1.9999510049819944,10
2026-08-21T09:00:00Z,OTHER,GAS COGEN,41.90698430273268,58
2026-08-21T09:00:00Z,OTHER,OIL/GAS,44.052577056884765,53
2026-08-21T09:00:00Z,OTHER,WOOD/REFUSE,98.09984652784135,149
2026-08-21T09:00:00Z,SOLAR,SOLAR,63.80000038444996,1892
2026-08-21T09:00:00Z,WIND,WIND,281.8249096334436,5684
2026-08-21T10:00:00Z,ENERGY STORAGE,ENERGY STORAGE,0,270
2026-08-21T10:00:00Z,GAS,COGENERATION,4518.35011843284,6122
2026-08-21T10:00:00Z,GAS,COMBINED CYCLE,2908.667384036647,3974
2026-08-21T10:00:00Z,GAS,GAS FIRED STEAM,1341.2910346900094,3078
2026-08-21T10:00:00Z,GAS,SIMPLE CYCLE,255.3640667616659,1014
2026-08-21T10:00:00Z,HYDRO,HYDRO,231.37653256422942,896
2026-08-21T10:00:00Z,OTHER,BIOMASS,97.22699885580275,195
2026-08-21T10:00:00Z,OTHER,COMPOSITE,10,20
2026-08-21T10:00:00Z,OTHER,GAS,1.9999510049819944,10
2026-08-21T10:00:00Z,OTHER,GAS COGEN,41.878223905033536,58
2026-08-21T10:00:00Z,OTHER,OIL/GAS,44.38927145640055,53
2026-08-21T10:00:00Z,OTHER,WOOD/REFUSE,93.63815468470256,149
2026-08-21T10:00:00Z,SOLAR,SOLAR,63.80000038444996,1892
2026-08-21T10:00:00Z,WIND,WIND,238.04086158460214,5684
2026-08-21T11:00:00Z,ENERGY STORAGE,ENERGY STORAGE,0,270
2026-08-21T11:00:00Z,GAS,COGENERATION,4533.464196398126,6122
2026-08-21T11:00:00Z,GAS,COMBINED CYCLE,2916.923289412128,3974
2026-08-21T11:00:00Z,GAS,GAS FIRED STEAM,1379.3605358971488,3078
2026-08-21T11:00:00Z,GAS,SIMPLE CYCLE,253.9888035184145,1014
2026-08-21T11:00:00Z,HYDRO,HYDRO,252.338882786971,896
2026-08-21T11:00:00Z,OTHER,BIOMASS,97.13838774601619,195
2026-08-21T11:00:00Z,OTHER,COMPOSITE,10,20
2026-08-21T11:00:00Z,OTHER,GAS,1.9999510049819944,10
2026-08-21T11:00:00Z,OTHER,GAS COGEN,41.95484891679552,58
2026-08-21T11:00:00Z,OTHER,OIL/GAS,44.67118764877319,53
2026-08-21T11:00:00Z,OTHER,WOOD/REFUSE,92.00022049691943,149
2026-08-21T11:00:00Z,SOLAR,SOLAR,63.80000038444996,1892
2026-08-21T11:00:00Z,WIND,WIND,236.54107101832827,5684
2026-08-21T12:00:00Z,ENERGY STORAGE,ENERGY STORAGE,13.55988888339864,270
2026-08-21T12:00:00Z,GAS,COGENERATION,4532.465838380125,6122
2026-08-21T12:00:00Z,GAS,COMBINED CYCLE,2910.363942805131,3974
2026-08-21T12:00:00Z,GAS,GAS FIRED STEAM,1382.5764801152548,3078
2026-08-21T12:00:00Z,GAS,SIMPLE CYCLE,324.1662765772806,1014
2026-08-21T12:00:00Z,HYDRO,HYDRO,188.18136290245585,896
2026-08-21T12:00:00Z,OTHER,BIOMASS,96.1892765961753,195
2026-08-21T12:00:00Z,OTHER,COMPOSITE,10,20
2026-08-21T12:00:00Z,OTHER,GAS,1.9999510049819944,10
2026-08-21T12:00:00Z,OTHER,GAS COGEN,41.91841335614523,58
2026-08-21T12:00:00Z,OTHER,OIL/GAS,44.495242807600235,53
2026-08-21T12:00:00Z,OTHER,WOOD/REFUSE,91.44974298795066,149
2026-08-21T12:00:00Z,SOLAR,SOLAR,69.44450030461782,1892
2026-08-21T12:00:00Z,WIND,WIND,304.02960070252004,5684
2026-08-21T13:00:00Z,ENERGY STORAGE,ENERGY STORAGE,11.008833327674203,270
2026-08-21T13:00:00Z,GAS,COGENERATION,4520.890916859971,6122
2026-08-21T13:00:00Z,GAS,COMBINED CYCLE,2914.219785655869,3974
2026-08-21T13:00:00Z,GAS,GAS FIRED STEAM,1367.4347306399877,3078
2026-08-21T13:00:00Z,GAS,SIMPLE CYCLE,315.9330525630547,1014
2026-08-21T13:00:00Z,HYDRO,HYDRO,198.481918040514,896
2026-08-21T13:00:00Z,OTHER,BIOMASS,96.33874846405453,195
2026-08-21T13:00:00Z,OTHER,COMPOSITE,10,20
2026-08-21T13:00:00Z,OTHER,GAS,1.9999510049819944,10
2026-08-21T13:00:00Z,OTHER,GAS COGEN,41.75435250229305,58
2026-08-21T13:00:00Z,OTHER,OIL/GAS,44.10906021753947,53
2026-08-21T13:00:00Z,OTHER,WOOD/REFUSE,91.89451686753168,149
2026-08-21T13:00:00Z,SOLAR,SOLAR,254.05788191212963,1892
2026-08-21T13:00:00Z,WIND,WIND,344.01923282275186,5684
2026-08-21T14:00:00Z,ENERGY STORAGE,ENERGY STORAGE,0,270
2026-08-21T14:00:00Z,GAS,COGENERATION,4488.220730768575,6122
2026-08-21T14:00:00Z,GAS,COMBINED CYCLE,2909.349571952555,3974
2026-08-21T14:00:00Z,GAS,GAS FIRED STEAM,1404.02570473565,3078
2026-08-21T14:00:00Z,GAS,SIMPLE CYCLE,287.56761812850004,1014
2026-08-21T14:00:00Z,HYDRO,HYDRO,200.6811358133952,896
2026-08-21T14:00:00Z,OTHER,BIOMASS,95.35413720925649,195
2026-08-21T14:00:00Z,OTHER,COMPOSITE,10,20
2026-08-21T14:00:00Z,OTHER,GAS,1.919339874651697,10
2026-08-21T14:00:00Z,OTHER,GAS COGEN,41.81173844496409,58
2026-08-21T14:00:00Z,OTHER,OIL/GAS,44.44098244773017,53
2026-08-21T14:00:00Z,OTHER,WOOD/REFUSE,93.02417157067192,149
2026-08-21T14:00:00Z,SOLAR,SOLAR,857.9248064210349,1892
2026-08-21T14:00:00Z,WIND,WIND,265.3685147193985,5684
2026-08-21T15:00:00Z,ENERGY STORAGE,ENERGY STORAGE,0,270
2026-08-21T15:00:00Z,GAS,COGENERATION,4442.158612401088,6122
2026-08-21T15:00:00Z,GAS,COMBINED CYCLE,2896.521757806738,3974
2026-08-21T15:00:00Z,GAS,GAS FIRED STEAM,1403.8609545305042,3078
2026-08-21T15:00:00Z,GAS,SIMPLE CYCLE,223.18850418335035,1014
2026-08-21T15:00:00Z,HYDRO,HYDRO,199.99348179926474,896
2026-08-21T15:00:00Z,OTHER,BIOMASS,95.58210927910275,195
2026-08-21T15:00:00Z,OTHER,COMPOSITE,10,20
2026-08-21T15:00:00Z,OTHER,GAS,1.8999509811401367,10
2026-08-21T15:00:00Z,OTHER,GAS COGEN,41.73367929405636,58
2026-08-21T15:00:00Z,OTHER,OIL/GAS,44.236232390933566,53
2026-08-21T15:00:00Z,OTHER,WOOD/REFUSE,92.67119983832042,149
2026-08-21T15:00:00Z,SOLAR,SOLAR,1335.9653588264352,1892
2026-08-21T15:00:00Z,WIND,WIND,129.44391722835186,5684
2026-08-21T16:00:00Z,ENERGY STORAGE,ENERGY STORAGE,0,270
2026-08-21T16:00:00Z,GAS,COGENERATION,4380.970390979449,6122
2026-08-21T16:00:00Z,GAS,COMBINED CYCLE,2888.82372386588,3974
2026-08-21T16:00:00Z,GAS,GAS FIRED STEAM,1403.765037918091,3078
2026-08-21T16:00:00Z,GAS,SIMPLE CYCLE,214.66687032573753,1014
2026-08-21T16:00:00Z,HYDRO,HYDRO,216.2047562200659,896
2026-08-21T16:00:00Z,OTHER,BIOMASS,95.05927647219764,195
2026-08-21T16:00:00Z,OTHER,COMPOSITE,10,20
2026-08-21T16:00:00Z,OTHER,GAS,1.8999509811401367,10
2026-08-21T16:00:00Z,OTHER,GAS COGEN,41.54382356537713,58
2026-08-21T16:00:00Z,OTHER,OIL/GAS,43.90295495775011,53
2026-08-21T16:00:00Z,OTHER,WOOD/REFUSE,92.98579390525819,149
2026-08-21T16:00:00Z,SOLAR,SOLAR,1544.6840025387871,1892
2026-08-21T16:00:00Z,WIND,WIND,170.9539856075744,5684
2026-08-21T17:00:00Z,ENERGY STORAGE,ENERGY STORAGE,-1.449166688107782,270
2026-08-21T17:00:00Z,GAS,COGENERATION,4335.995450248983,6122
2026-08-21T17:00:00Z,GAS,COMBINED CYCLE,2906.8028528738023,3974
2026-08-21T17:00:00Z,GAS,GAS FIRED STEAM,1403.7364817598132,3078
2026-08-21T17:00:00Z,GAS,SIMPLE CYCLE,301.6269182039383,1014
2026-08-21T17:00:00Z,HYDRO,HYDRO,259.0016374229557,896
2026-08-21T17:00:00Z,OTHER,BIOMASS,97.81649872779846,195
2026-08-21T17:00:00Z,OTHER,COMPOSITE,10,20
2026-08-21T17:00:00Z,OTHER,GAS,1.8999509811401367,10
2026-08-21T17:00:00Z,OTHER,GAS COGEN,41.27174663649665,58
2026-08-21T17:00:00Z,OTHER,OIL/GAS,44.078315584394666,53
2026-08-21T17:00:00Z,OTHER,WOOD/REFUSE,94.46367833243477,149
2026-08-21T17:00:00Z,SOLAR,SOLAR,1632.449810353882,1892
2026-08-21T17:00:00Z,WIND,WIND,237.53299787535022,5684
2026-08-21T18:00:00Z,ENERGY STORAGE,ENERGY STORAGE,-1.600000023841858,270
2026-08-21T18:00:00Z,GAS,COGENERATION,4315.1435672447415,6122
2026-08-21T18:00:00Z,GAS,COMBINED CYCLE,2943.332471232679,3974
2026-08-21T18:00:00Z,GAS,GAS FIRED STEAM,1403.9123990715875,3078
2026-08-21T18:00:00Z,GAS,SIMPLE CYCLE,363.0702228436619,1014
2026-08-21T18:00:00Z,HYDRO,HYDRO,259.81509515725907,896
2026-08-21T18:00:00Z,OTHER,BIOMASS,100.64016462776397,195
2026-08-21T18:00:00Z,OTHER,COMPOSITE,10,20
2026-08-21T18:00:00Z,OTHER,GAS,1.8999509811401367,10
2026-08-21T18:00:00Z,OTHER,GAS COGEN,40.98859467188517,58
2026-08-21T18:00:00Z,OTHER,OIL/GAS,44.630059462653264,53
2026-08-21T18:00:00Z,OTHER,WOOD/REFUSE,94.40937352922226,149
2026-08-21T18:00:00Z,SOLAR,SOLAR,1670.671620433794,1892
2026-08-21T18:00:00Z,WIND,WIND,266.13482148206896,5684
2026-08-21T19:00:00Z,ENERGY STORAGE,ENERGY STORAGE,-1.600000023841858,270
2026-08-21T19:00:00Z,GAS,COGENERATION,4295.403860508601,6122
2026-08-21T19:00:00Z,GAS,COMBINED CYCLE,2942.113236806128,3974
2026-08-21T19:00:00Z,GAS,GAS FIRED STEAM,1403.7308124203153,3078
2026-08-21T19:00:00Z,GAS,SIMPLE CYCLE,377.1063821801543,1014
2026-08-21T19:00:00Z,HYDRO,HYDRO,364.0535038246711,896
2026-08-21T19:00:00Z,OTHER,BIOMASS,102.17621494293212,195
2026-08-21T19:00:00Z,OTHER,COMPOSITE,11.870499624676174,20
2026-08-21T19:00:00Z,OTHER,GAS,1.8999509811401367,10
2026-08-21T19:00:00Z,OTHER,GAS COGEN,40.9317839940389,58
2026-08-21T19:00:00Z,OTHER,OIL/GAS,44.41649278004965,53
2026-08-21T19:00:00Z,OTHER,WOOD/REFUSE,94.92569078339471,149
2026-08-21T19:00:00Z,SOLAR,SOLAR,1623.9178425845835,1892
2026-08-21T19:00:00Z,WIND,WIND,318.8014807693205,5684
2026-08-21T20:00:00Z,ENERGY STORAGE,ENERGY STORAGE,-1.600000023841858,270
2026-08-21T20:00:00Z,GAS,COGENERATION,4279.5816302588255,6122
2026-08-21T20:00:00Z,GAS,COMBINED CYCLE,2966.136510261165,3974
2026-08-21T20:00:00Z,GAS,GAS FIRED STEAM,1403.6932025909423,3078
2026-08-21T20:00:00Z,GAS,SIMPLE CYCLE,371.6848230287267,1014
2026-08-21T20:00:00Z,HYDRO,HYDRO,364.7067286155124,896
2026-08-21T20:00:00Z,OTHER,BIOMASS,104.5438039753172,195
2026-08-21T20:00:00Z,OTHER,COMPOSITE,11.795166218545702,20
2026-08-21T20:00:00Z,OTHER,GAS,1.8999509811401367,10
2026-08-21T20:00:00Z,OTHER,GAS COGEN,40.81841212484572,58
2026-08-21T20:00:00Z,OTHER,OIL/GAS,43.73052194171482,53
2026-08-21T20:00:00Z,OTHER,WOOD/REFUSE,96.5029807085461,149
2026-08-21T20:00:00Z,SOLAR,SOLAR,1622.4524955850177,1892
2026-08-21T20:00:00Z,WIND,WIND,366.6812376120769,5684
2026-08-21T21:00:00Z,ENERGY STORAGE,ENERGY STORAGE,-1.600000023841858,270
2026-08-21T21:00:00Z,GAS,COGENERATION,4246.2314932549,6122
2026-08-21T21:00:00Z,GAS,COMBINED CYCLE,2958.0790904612013,3974
2026-08-21T21:00:00Z,GAS,GAS FIRED STEAM,1403.724954071045,3078
2026-08-21T21:00:00Z,GAS,SIMPLE CYCLE,363.7064501038525,1014
2026-08-21T21:00:00Z,HYDRO,HYDRO,297.07512517346277,896
2026-08-21T21:00:00Z,OTHER,BIOMASS,103.88469308853149,195
2026-08-21T21:00:00Z,OTHER,COMPOSITE,11.615999437967936,20
2026-08-21T21:00:00Z,OTHER,GAS,1.8999509811401367,10
2026-08-21T21:00:00Z,OTHER,GAS COGEN,40.7315661239624,58
2026-08-21T21:00:00Z,OTHER,OIL/GAS,44.11385421541002,53
2026-08-21T21:00:00Z,OTHER,WOOD/REFUSE,96.29995952447256,149
2026-08-21T21:00:00Z,SOLAR,SOLAR,1602.5556131171352,1892
2026-08-21T21:00:00Z,WIND,WIND,451.8474989102781,5684
2026-08-21T22:00:00Z,ENERGY STORAGE,ENERGY STORAGE,-1.600000023841858,270
2026-08-21T22:00:00Z,GAS,COGENERATION,4245.304667568605,6122
2026-08-21T22:00:00Z,GAS,COMBINED CYCLE,2892.1243725482623,3974
2026-08-21T22:00:00Z,GAS,GAS FIRED STEAM,1403.816091969808,3078
2026-08-21T22:00:00Z,GAS,SIMPLE CYCLE,430.88490320629546,1014
2026-08-21T22:00:00Z,HYDRO,HYDRO,298.1875755269246,896
2026-08-21T22:00:00Z,OTHER,BIOMASS,106.0534427716997,195
2026-08-21T22:00:00Z,OTHER,COMPOSITE,11.667666137483383,20
2026-08-21T22:00:00Z,OTHER,GAS,1.988617668946584,10
2026-08-21T22:00:00Z,OTHER,GAS COGEN,40.66928668287065,58
2026-08-21T22:00:00Z,OTHER,OIL/GAS,43.88558244917128,53
2026-08-21T22:00:00Z,OTHER,WOOD/REFUSE,95.23044588989681,149
2026-08-21T22:00:00Z,SOLAR,SOLAR,1538.2365423520405,1892
2026-08-21T22:00:00Z,WIND,WIND,549.3306752364751,5684
2026-08-21T23:00:00Z,ENERGY STORAGE,ENERGY STORAGE,-1.6592777478694916,270
2026-08-21T23:00:00Z,GAS,COGENERATION,4222.177659505605,6122
2026-08-21T23:00:00Z,GAS,COMBINED CYCLE,2929.4763939327,3974
2026-08-21T23:00:00Z,GAS,GAS FIRED STEAM,1404.0438997650144,3078
2026-08-21T23:00:00Z,GAS,SIMPLE CYCLE,432.97492097821504,1014
2026-08-21T23:00:00Z,HYDRO,HYDRO,300.8430737053189,896
2026-08-21T23:00:00Z,OTHER,BIOMASS,107.35169294993082,195
2026-08-21T23:00:00Z,OTHER,COMPOSITE,8.52866639388932,20
2026-08-21T23:00:00Z,OTHER,GAS,1.9999510049819944,10
2026-08-21T23:00:00Z,OTHER,GAS COGEN,40.43811308701832,58
2026-08-21T23:00:00Z,OTHER,OIL/GAS,44.07092073652479,53
2026-08-21T23:00:00Z,OTHER,WOOD/REFUSE,94.2165971464581,149
2026-08-21T23:00:00Z,SOLAR,SOLAR,1267.4136065216362,1892
2026-08-21T23:00:00Z,WIND,WIND,636.5611383278875,5684
2026-08-22T00:00:00Z,ENERGY STORAGE,ENERGY STORAGE,-1.7999999523162842,270
2026-08-22T00:00:00Z,GAS,COGENERATION,4226.228717889189,6122
2026-08-22T00:00:00Z,GAS,COMBINED CYCLE,2987.112347152763,3974
2026-08-22T00:00:00Z,GAS,GAS FIRED STEAM,1404.6308997556898,3078
2026-08-22T00:00:00Z,GAS,SIMPLE CYCLE,488.05297251130145,1014
2026-08-22T00:00:00Z,HYDRO,HYDRO,434.1526540897621,896
2026-08-22T00:00:00Z,OTHER,BIOMASS,111.22088783317143,195
2026-08-22T00:00:00Z,OTHER,COMPOSITE,0,20
2026-08-22T00:00:00Z,OTHER,GAS,1.9999510049819944,10
2026-08-22T00:00:00Z,OTHER,GAS COGEN,40.66957215097216,58
2026-08-22T00:00:00Z,OTHER,OIL/GAS,44.03027114020453,53
2026-08-22T00:00:00Z,OTHER,WOOD/REFUSE,97.92555912282731,149
2026-08-22T00:00:00Z,SOLAR,SOLAR,749.8078017603523,1892
2026-08-22T00:00:00Z,WIND,WIND,773.7872791702052,5684
2026-08-22T01:00:00Z,ENERGY STORAGE,ENERGY STORAGE,-1.7999999523162842,270
2026-08-22T01:00:00Z,GAS,COGENERATION,4227.5981500905755,6122
2026-08-22T01:00:00Z,GAS,COMBINED CYCLE,2912.644069541825,3974
2026-08-22T01:00:00Z,GAS,GAS FIRED STEAM,1404.0948697577583,3078
2026-08-22T01:00:00Z,GAS,SIMPLE CYCLE,576.3940470023122,1014
2026-08-22T01:00:00Z,HYDRO,HYDRO,240.903689247734,896
2026-08-22T01:00:00Z,OTHER,BIOMASS,107.59238753053877,195
2026-08-22T01:00:00Z,OTHER,COMPOSITE,7.906888611184226,20
2026-08-22T01:00:00Z,OTHER,GAS,1.9999510049819944,10
2026-08-22T01:00:00Z,OTHER,GAS COGEN,40.70142804569669,58
2026-08-22T01:00:00Z,OTHER,OIL/GAS,43.63856556150648,53
2026-08-22T01:00:00Z,OTHER,WOOD/REFUSE,95.4220408852895,149
2026-08-22T01:00:00Z,SOLAR,SOLAR,261.609624317098,1892
2026-08-22T01:00:00Z,WIND,WIND,1154.7598357934505,5684
2026-08-22T02:00:00Z,ENERGY STORAGE,ENERGY STORAGE,-1.7999999523162842,270
2026-08-22T02:00:00Z,GAS,COGENERATION,4226.511267826292,6122
2026-08-22T02:00:00Z,GAS,COMBINED CYCLE,2856.302808781465,3974
2026-08-22T02:00:00Z,GAS,GAS FIRED STEAM,1307.175870836046,3078
2026-08-22T02:00:00Z,GAS,SIMPLE CYCLE,358.2250600573545,1014
2026-08-22T02:00:00Z,HYDRO,HYDRO,194.8072045007679,896
2026-08-22T02:00:00Z,OTHER,BIOMASS,111.81710939089457,195
2026-08-22T02:00:00Z,OTHER,COMPOSITE,11.550388511021932,20
2026-08-22T02:00:00Z,OTHER,GAS,1.9999510049819944,10
2026-08-22T02:00:00Z,OTHER,GAS COGEN,40.9433854622311,58
2026-08-22T02:00:00Z,OTHER,OIL/GAS,43.108976754082576,53
2026-08-22T02:00:00Z,OTHER,WOOD/REFUSE,90.62454427772097,149
2026-08-22T02:00:00Z,SOLAR,SOLAR,17.515833050095374,1892
2026-08-22T02:00:00Z,WIND,WIND,1865.2295628262643,5684
2026-08-22T03:00:00Z,ENERGY STORAGE,ENERGY STORAGE,-1.7999999523162842,270
2026-08-22T03:00:00Z,GAS,COGENERATION,4268.841697908375,6122
2026-08-22T03:00:00Z,GAS,COMBINED CYCLE,2924.465924244722,3974
2026-08-22T03:00:00Z,GAS,GAS FIRED STEAM,1017.7998182169596,3078
2026-08-22T03:00:00Z,GAS,SIMPLE CYCLE,210.04127556641896,1014
2026-08-22T03:00:00Z,HYDRO,HYDRO,168.73349883913994,896
2026-08-22T03:00:00Z,OTHER,BIOMASS,104.65149811559253,195
2026-08-22T03:00:00Z,OTHER,COMPOSITE,0.25305554972754585,20
2026-08-22T03:00:00Z,OTHER,GAS,1.9999510049819944,10
2026-08-22T03:00:00Z,OTHER,GAS COGEN,41.17985492918226,58
2026-08-22T03:00:00Z,OTHER,OIL/GAS,42.974260830349394,53
2026-08-22T03:00:00Z,OTHER,WOOD/REFUSE,89.0286047829522,149
2026-08-22T03:00:00Z,SOLAR,SOLAR,0.30000000447034836,1892
2026-08-22T03:00:00Z,WIND,WIND,2241.2491805462537,5684
2026-08-22T04:00:00Z,ENERGY STORAGE,ENERGY STORAGE,-1.755277720954683,270
2026-08-22T04:00:00Z,GAS,COGENERATION,4287.808638421827,6122
2026-08-22T04:00:00Z,GAS,COMBINED CYCLE,2826.309262201521,3974
2026-08-22T04:00:00Z,GAS,GAS FIRED STEAM,822.1971552764045,3078
2026-08-22T04:00:00Z,GAS,SIMPLE CYCLE,196.3653309032321,1014
2026-08-22T04:00:00Z,HYDRO,HYDRO,182.5166726577282,896
2026-08-22T04:00:00Z,OTHER,BIOMASS,105.2613868829939,195
2026-08-22T04:00:00Z,OTHER,COMPOSITE,0,20
2026-08-22T04:00:00Z,OTHER,GAS,1.9999510049819944,10
2026-08-22T04:00:00Z,OTHER,GAS COGEN,41.25155543433295,58
2026-08-22T04:00:00Z,OTHER,OIL/GAS,43.13227079391479,53
2026-08-22T04:00:00Z,OTHER,WOOD/REFUSE,89.24069969918992,149
2026-08-22T04:00:00Z,SOLAR,SOLAR,0.30000000447034836,1892
2026-08-22T04:00:00Z,WIND,WIND,2462.091361603836,5684
2026-08-22T05:00:00Z,ENERGY STORAGE,ENERGY STORAGE,-1.6999999284744265,270
2026-08-22T05:00:00Z,GAS,COGENERATION,4218.14186334504,6122
2026-08-22T05:00:00Z,GAS,COMBINED CYCLE,2709.043890774515,3974
2026-08-22T05:00:00Z,GAS,GAS FIRED STEAM,714.1251542811924,3078
2026-08-22T05:00:00Z,GAS,SIMPLE CYCLE,78.29408141367965,1014
2026-08-22T05:00:00Z,HYDRO,HYDRO,140.79647714946006,896
2026-08-22T05:00:00Z,OTHER,BIOMASS,110.45724789778393,195
2026-08-22T05:00:00Z,OTHER,COMPOSITE,0,20
2026-08-22T05:00:00Z,OTHER,GAS,1.9999510049819944,10
2026-08-22T05:00:00Z,OTHER,GAS COGEN,41.271781935691834,58
2026-08-22T05:00:00Z,OTHER,OIL/GAS,42.78375459459093,53
2026-08-22T05:00:00Z,OTHER,WOOD/REFUSE,87.0604527009858,149
2026-08-22T05:00:00Z,SOLAR,SOLAR,0.30000000447034836,1892
2026-08-22T05:00:00Z,WIND,WIND,2832.382910005028,5684
2026-08-22T06:00:00Z,ENERGY STORAGE,ENERGY STORAGE,-4.9870553893182015,270
2026-08-22T06:00:00Z,GAS,COGENERATION,4161.840641003847,6122
2026-08-22T06:00:00Z,GAS,COMBINED CYCLE,2453.537462660604,3974
2026-08-22T06:00:00Z,GAS,GAS FIRED STEAM,607.2819891007741,3078
2026-08-22T06:00:00Z,GAS,SIMPLE CYCLE,70.57333096610175,1014
2026-08-22T06:00:00Z,HYDRO,HYDRO,152.13872832708887,896
2026-08-22T06:00:00Z,OTHER,BIOMASS,112.87402529292636,195
2026-08-22T06:00:00Z,OTHER,COMPOSITE,0,20
2026-08-22T06:00:00Z,OTHER,GAS,1.9999510049819944,10
2026-08-22T06:00:00Z,OTHER,GAS COGEN,41.14446602185567,58
2026-08-22T06:00:00Z,OTHER,OIL/GAS,42.69190472708808,53
2026-08-22T06:00:00Z,OTHER,WOOD/REFUSE,85.44954670031866,149
2026-08-22T06:00:00Z,SOLAR,SOLAR,0.30000000447034836,1892
2026-08-22T06:00:00Z,WIND,WIND,2964.2762487031105,5684
2026-08-22T07:00:00Z,ENERGY STORAGE,ENERGY STORAGE,-11.35583298019237,270
2026-08-22T07:00:00Z,GAS,COGENERATION,4137.1274245688655,6122
2026-08-22T07:00:00Z,GAS,COMBINED CYCLE,2301.592375298871,3974
2026-08-22T07:00:00Z,GAS,GAS FIRED STEAM,530.6710744476319,3078
2026-08-22T07:00:00Z,GAS,SIMPLE CYCLE,70.3939984512329,1014
2026-08-22T07:00:00Z,HYDRO,HYDRO,117.10946580153373,896
2026-08-22T07:00:00Z,OTHER,BIOMASS,114.4922473716736,195
2026-08-22T07:00:00Z,OTHER,COMPOSITE,0,20
2026-08-22T07:00:00Z,OTHER,GAS,1.9999510049819944,10
2026-08-22T07:00:00Z,OTHER,GAS COGEN,41.112379100057815,58
2026-08-22T07:00:00Z,OTHER,OIL/GAS,42.658159775204126,53
2026-08-22T07:00:00Z,OTHER,WOOD/REFUSE,85.29800193521712,149
2026-08-22T07:00:00Z,SOLAR,SOLAR,0.30000000447034836,1892
2026-08-22T07:00:00Z,WIND,WIND,2943.21208684504,5684
2026-08-22T08:00:00Z,ENERGY STORAGE,ENERGY STORAGE,-7.572277535253929,270
2026-08-22T08:00:00Z,GAS,COGENERATION,4144.738636191421,6122
2026-08-22T08:00:00Z,GAS,COMBINED CYCLE,2216.0788976838853,3974
2026-08-22T08:00:00Z,GAS,GAS FIRED STEAM,530.7411582777236,3078
2026-08-22T08:00:00Z,GAS,SIMPLE CYCLE,70.6889423057768,1014
2026-08-22T08:00:00Z,HYDRO,HYDRO,152.70546307530668,896
2026-08-22T08:00:00Z,OTHER,BIOMASS,115.49271984365251,195
2026-08-22T08:00:00Z,OTHER,COMPOSITE,0,20
2026-08-22T08:00:00Z,OTHER,GAS,1.9999510049819944,10
2026-08-22T08:00:00Z,OTHER,GAS COGEN,41.23033959388733,58
2026-08-22T08:00:00Z,OTHER,OIL/GAS,42.874232624901666,53
2026-08-22T08:00:00Z,OTHER,WOOD/REFUSE,85.86216598033906,149
2026-08-22T08:00:00Z,SOLAR,SOLAR,0.30000000447034836,1892
2026-08-22T08:00:00Z,WIND,WIND,2816.474419708384,5684
2026-08-22T09:00:00Z,ENERGY STORAGE,ENERGY STORAGE,-0.29999998211860657,270
2026-08-22T09:00:00Z,GAS,COGENERATION,4152.800959767235,6122
2026-08-22T09:00:00Z,GAS,COMBINED CYCLE,2186.3918671589427,3974
2026-08-22T09:00:00Z,GAS,GAS FIRED STEAM,530.7468250105117,3078
2026-08-22T09:00:00Z,GAS,SIMPLE CYCLE,70.7296098417706,1014
2026-08-22T09:00:00Z,HYDRO,HYDRO,120.44812938796149,896
2026-08-22T09:00:00Z,OTHER,BIOMASS,113.0525529437595,195
2026-08-22T09:00:00Z,OTHER,COMPOSITE,0,20
2026-08-22T09:00:00Z,OTHER,GAS,1.9999510049819944,10
2026-08-22T09:00:00Z,OTHER,GAS COGEN,41.29660918659634,58
2026-08-22T09:00:00Z,OTHER,OIL/GAS,42.708943646748864,53
2026-08-22T09:00:00Z,OTHER,WOOD/REFUSE,85.94033595614962,149
2026-08-22T09:00:00Z,SOLAR,SOLAR,0.30000000447034836,1892
2026-08-22T09:00:00Z,WIND,WIND,2753.179076575372,5684
2026-08-22T10:00:00Z,ENERGY STORAGE,ENERGY STORAGE,-0.010166661284036108,270
2026-08-22T10:00:00Z,GAS,COGENERATION,4158.897334630423,6122
2026-08-22T10:00:00Z,GAS,COMBINED CYCLE,2304.715412725343,3974
2026-08-22T10:00:00Z,GAS,GAS FIRED STEAM,530.5777694469028,3078
2026-08-22T10:00:00Z,GAS,SIMPLE CYCLE,70.84195413059659,1014
2026-08-22T10:00:00Z,HYDRO,HYDRO,133.4120521601869,896
2026-08-22T10:00:00Z,OTHER,BIOMASS,114.35521971119775,195
2026-08-22T10:00:00Z,OTHER,COMPOSITE,0,20
2026-08-22T10:00:00Z,OTHER,GAS,1.9999510049819944,10
2026-08-22T10:00:00Z,OTHER,GAS COGEN,41.288389390309646,58
2026-08-22T10:00:00Z,OTHER,OIL/GAS,42.817242774963375,53
2026-08-22T10:00:00Z,OTHER,WOOD/REFUSE,86.5935560215844,149
2026-08-22T10:00:00Z,SOLAR,SOLAR,0.30000000447034836,1892
2026-08-22T10:00:00Z,WIND,WIND,2803.8760807445065,5684
2026-08-22T11:00:00Z,ENERGY STORAGE,ENERGY STORAGE,0,270
2026-08-22T11:00:00Z,GAS,COGENERATION,4215.779413643943,6122
2026-08-22T11:00:00Z,GAS,COMBINED CYCLE,2402.3096882075733,3974
2026-08-22T11:00:00Z,GAS,GAS FIRED STEAM,627.4163506889344,3078
2026-08-22T11:00:00Z,GAS,SIMPLE CYCLE,71.12244283782111,1014
2026-08-22T11:00:00Z,HYDRO,HYDRO,179.41362240188653,896
2026-08-22T11:00:00Z,OTHER,BIOMASS,112.77313635402255,195
2026-08-22T11:00:00Z,OTHER,COMPOSITE,0,20
2026-08-22T11:00:00Z,OTHER,GAS,1.9999510049819944,10
2026-08-22T11:00:00Z,OTHER,GAS COGEN,41.64770044379764,58
2026-08-22T11:00:00Z,OTHER,OIL/GAS,42.863104841444226,53
2026-08-22T11:00:00Z,OTHER,WOOD/REFUSE,86.88304627312554,149
2026-08-22T11:00:00Z,SOLAR,SOLAR,0.30000000447034836,1892
2026-08-22T11:00:00Z,WIND,WIND,2689.3537265077066,5684
2026-08-22T12:00:00Z,ENERGY STORAGE,ENERGY STORAGE,0,270
2026-08-22T12:00:00Z,GAS,COGENERATION,4220.771712258656,6122
2026-08-22T12:00:00Z,GAS,COMBINED CYCLE,2393.3638374196157,3974
2026-08-22T12:00:00Z,GAS,GAS FIRED STEAM,713.2915164979299,3078
2026-08-22T12:00:00Z,GAS,SIMPLE CYCLE,71.35444281154209,1014
2026-08-22T12:00:00Z,HYDRO,HYDRO,123.78655665212206,896
2026-08-22T12:00:00Z,OTHER,BIOMASS,113.57844206386143,195
2026-08-22T12:00:00Z,OTHER,COMPOSITE,0,20
2026-08-22T12:00:00Z,OTHER,GAS,1.9999510049819944,10
2026-08-22T12:00:00Z,OTHER,GAS COGEN,41.73275697019365,58
2026-08-22T12:00:00Z,OTHER,OIL/GAS,42.92224305258857,53
2026-08-22T12:00:00Z,OTHER,WOOD/REFUSE,86.13927545176612,149
2026-08-22T12:00:00Z,SOLAR,SOLAR,8.453333196540674,1892
2026-08-22T12:00:00Z,WIND,WIND,2649.79568222959,5684
2026-08-22T13:00:00Z,ENERGY STORAGE,ENERGY STORAGE,0,270
2026-08-22T13:00:00Z,GAS,COGENERATION,4157.744196624491,6122
2026-08-22T13:00:00Z,GAS,COMBINED CYCLE,2152.631171815395,3974
2026-08-22T13:00:00Z,GAS,GAS FIRED STEAM,575.7342126146953,3078
2026-08-22T13:00:00Z,GAS,SIMPLE CYCLE,71.27055380927192,1014
2026-08-22T13:00:00Z,HYDRO,HYDRO,151.6797828356425,896
2026-08-22T13:00:00Z,OTHER,BIOMASS,112.48966436915927,195
2026-08-22T13:00:00Z,OTHER,COMPOSITE,0,20
2026-08-22T13:00:00Z,OTHER,GAS,1.9999510049819944,10
2026-08-22T13:00:00Z,OTHER,GAS COGEN,41.866534553103975,58
2026-08-22T13:00:00Z,OTHER,OIL/GAS,42.784649475945365,53
2026-08-22T13:00:00Z,OTHER,WOOD/REFUSE,86.36252604590521,149
2026-08-22T13:00:00Z,SOLAR,SOLAR,238.1284183719837,1892
2026-08-22T13:00:00Z,WIND,WIND,2690.4712847188944,5684
2026-08-22T14:00:00Z,ENERGY STORAGE,ENERGY STORAGE,0,270
2026-08-22T14:00:00Z,GAS,COGENERATION,4127.648191662497,6122
2026-08-22T14:00:00Z,GAS,COMBINED CYCLE,2065.596776681741,3974
2026-08-22T14:00:00Z,GAS,GAS FIRED STEAM,531.7252130572001,3078
2026-08-22T14:00:00Z,GAS,SIMPLE CYCLE,74.15235406590833,1014
2026-08-22T14:00:00Z,HYDRO,HYDRO,232.24394241606197,896
2026-08-22T14:00:00Z,OTHER,BIOMASS,113.46260824521383,195
2026-08-22T14:00:00Z,OTHER,COMPOSITE,0,20
2026-08-22T14:00:00Z,OTHER,GAS,1.9999510049819944,10
2026-08-22T14:00:00Z,OTHER,GAS COGEN,41.7212656323115,58
2026-08-22T14:00:00Z,OTHER,OIL/GAS,42.63627638075087,53
2026-08-22T14:00:00Z,OTHER,WOOD/REFUSE,86.57333506319259,149
2026-08-22T14:00:00Z,SOLAR,SOLAR,827.70506784353,1892
2026-08-22T14:00:00Z,WIND,WIND,2270.6741095386365,5684
2026-08-22T15:00:00Z,ENERGY STORAGE,ENERGY STORAGE,0,270
2026-08-22T15:00:00Z,GAS,COGENERATION,4172.133198575642,6122
2026-08-22T15:00:00Z,GAS,COMBINED CYCLE,2596.9097753771143,3974
2026-08-22T15:00:00Z,GAS,GAS FIRED STEAM,651.1377946175469,3078
2026-08-22T15:00:00Z,GAS,SIMPLE CYCLE,77.85449827724032,1014
2026-08-22T15:00:00Z,HYDRO,HYDRO,221.14422868039873,896
2026-08-22T15:00:00Z,OTHER,BIOMASS,111.16766471332974,195
2026-08-22T15:00:00Z,OTHER,COMPOSITE,0,20
2026-08-22T15:00:00Z,OTHER,GAS,1.9999510049819944,10
2026-08-22T15:00:00Z,OTHER,GAS COGEN,41.72596560849084,58
2026-08-22T15:00:00Z,OTHER,OIL/GAS,43.04268214331733,53
2026-08-22T15:00:00Z,OTHER,WOOD/REFUSE,85.85951437791189,149
2026-08-22T15:00:00Z,SOLAR,SOLAR,825.5915346204572,1892
2026-08-22T15:00:00Z,WIND,WIND,1740.0375692613381,5684
2026-08-22T16:00:00Z,ENERGY STORAGE,ENERGY STORAGE,0,270
2026-08-22T16:00:00Z,GAS,COGENERATION,4213.7816739998925,6122
2026-08-22T16:00:00Z,GAS,COMBINED CYCLE,2703.9101545733874,3974
2026-08-22T16:00:00Z,GAS,GAS FIRED STEAM,798.9850699594285,3078
2026-08-22T16:00:00Z,GAS,SIMPLE CYCLE,77.62055434915754,1014
2026-08-22T16:00:00Z,HYDRO,HYDRO,252.56840361701114,896
2026-08-22T16:00:00Z,OTHER,BIOMASS,110.30699792252646,195
2026-08-22T16:00:00Z,OTHER,COMPOSITE,0,20
2026-08-22T16:00:00Z,OTHER,GAS,1.9999510049819944,10
2026-08-22T16:00:00Z,OTHER,GAS COGEN,41.57710631582472,58
2026-08-22T16:00:00Z,OTHER,OIL/GAS,42.69451619466146,53
2026-08-22T16:00:00Z,OTHER,WOOD/REFUSE,84.59018451637692,149
2026-08-22T16:00:00Z,SOLAR,SOLAR,731.6015130706463,1892
2026-08-22T16:00:00Z,WIND,WIND,1548.4023893294814,5684
2026-08-22T17:00:00Z,ENERGY STORAGE,ENERGY STORAGE,0,270
2026-08-22T17:00:00Z,GAS,COGENERATION,4258.925910977522,6122
2026-08-22T17:00:00Z,GAS,COMBINED CYCLE,2781.0018687616453,3974
2026-08-22T17:00:00Z,GAS,GAS FIRED STEAM,1286.0268164232043,3078
2026-08-22T17:00:00Z,GAS,SIMPLE CYCLE,152.3704486595591,1014
2026-08-22T17:00:00Z,HYDRO,HYDRO,260.3888367589315,896
2026-08-22T17:00:00Z,OTHER,BIOMASS,111.94349721802605,195
2026-08-22T17:00:00Z,OTHER,COMPOSITE,0,20
2026-08-22T17:00:00Z,OTHER,GAS,1.9999510049819944,10
2026-08-22T17:00:00Z,OTHER,GAS COGEN,41.52627221160465,58
2026-08-22T17:00:00Z,OTHER,OIL/GAS,42.76393256929185,53
2026-08-22T17:00:00Z,OTHER,WOOD/REFUSE,87.2304263665941,149
2026-08-22T17:00:00Z,SOLAR,SOLAR,694.2538866920272,1892
2026-08-22T17:00:00Z,WIND,WIND,1090.581225893605,5684
2026-08-22T18:00:00Z,ENERGY STORAGE,ENERGY STORAGE,0,270
2026-08-22T18:00:00Z,GAS,COGENERATION,4233.034361892872,6122
2026-08-22T18:00:00Z,GAS,COMBINED CYCLE,2810.670408814748,3974
2026-08-22T18:00:00Z,GAS,GAS FIRED STEAM,1404.8274822998046,3078
2026-08-22T18:00:00Z,GAS,SIMPLE CYCLE,160.00825194297565,1014
2026-08-22T18:00:00Z,HYDRO,HYDRO,249.47122107038894,896
2026-08-22T18:00:00Z,OTHER,BIOMASS,115.46844251579708,195
2026-08-22T18:00:00Z,OTHER,COMPOSITE,0,20
2026-08-22T18:00:00Z,OTHER,GAS,1.9999510049819944,10
2026-08-22T18:00:00Z,OTHER,GAS COGEN,41.26389449013604,58
2026-08-22T18:00:00Z,OTHER,OIL/GAS,43.3395657602946,53
2026-08-22T18:00:00Z,OTHER,WOOD/REFUSE,87.90191949579452,149
2026-08-22T18:00:00Z,SOLAR,SOLAR,861.6528223571844,1892
2026-08-22T18:00:00Z,WIND,WIND,733.8642280644758,5684
2026-08-22T19:00:00Z,ENERGY STORAGE,ENERGY STORAGE,0,270
2026-08-22T19:00:00Z,GAS,COGENERATION,4224.498975651131,6122
2026-08-22T19:00:00Z,GAS,COMBINED CYCLE,2831.568547368844,3974
2026-08-22T19:00:00Z,GAS,GAS FIRED STEAM,1405.1730946858725,3078
2026-08-22T19:00:00Z,GAS,SIMPLE CYCLE,253.90930881882707,1014
2026-08-22T19:00:00Z,HYDRO,HYDRO,288.5458163931635,896
2026-08-22T19:00:00Z,OTHER,BIOMASS,121.12316409985225,195
2026-08-22T19:00:00Z,OTHER,COMPOSITE,0,20
2026-08-22T19:00:00Z,OTHER,GAS,1.9999510049819944,10
2026-08-22T19:00:00Z,OTHER,GAS COGEN,41.12742690086365,58
2026-08-22T19:00:00Z,OTHER,OIL/GAS,42.91758770412869,53
2026-08-22T19:00:00Z,OTHER,WOOD/REFUSE,90.35050770865547,149
2026-08-22T19:00:00Z,SOLAR,SOLAR,894.1569934168127,1892
2026-08-22T19:00:00Z,WIND,WIND,564.0359680240808,5684
2026-08-22T20:00:00Z,ENERGY STORAGE,ENERGY STORAGE,0,270
2026-08-22T20:00:00Z,GAS,COGENERATION,4161.092335638006,6122
2026-08-22T20:00:00Z,GAS,COMBINED CYCLE,2776.802194785277,3974
2026-08-22T20:00:00Z,GAS,GAS FIRED STEAM,1386.9156758965387,3078
2026-08-22T20:00:00Z,GAS,SIMPLE CYCLE,231.70432288750177,1014
2026-08-22T20:00:00Z,HYDRO,HYDRO,216.6230558966266,896
2026-08-22T20:00:00Z,OTHER,BIOMASS,117.74555233955383,195
2026-08-22T20:00:00Z,OTHER,COMPOSITE,0,20
2026-08-22T20:00:00Z,OTHER,GAS,1.9999510049819944,10
2026-08-22T20:00:00Z,OTHER,GAS COGEN,40.784398010041976,58
2026-08-22T20:00:00Z,OTHER,OIL/GAS,43.79633679707845,53
2026-08-22T20:00:00Z,OTHER,WOOD/REFUSE,87.36161275757684,149
2026-08-22T20:00:00Z,SOLAR,SOLAR,1131.3748719144198,1892
2026-08-22T20:00:00Z,WIND,WIND,564.5787889017869,5684
2026-08-22T21:00:00Z,ENERGY STORAGE,ENERGY STORAGE,0,270
2026-08-22T21:00:00Z,GAS,COGENERATION,4131.441981439922,6122
2026-08-22T21:00:00Z,GAS,COMBINED CYCLE,2810.002051843537,3974
2026-08-22T21:00:00Z,GAS,GAS FIRED STEAM,1377.835453008016,3078
2026-08-22T21:00:00Z,GAS,SIMPLE CYCLE,222.91180297942623,1014
2026-08-22T21:00:00Z,HYDRO,HYDRO,168.49016332586606,896
2026-08-22T21:00:00Z,OTHER,BIOMASS,115.65141442245908,195
2026-08-22T21:00:00Z,OTHER,COMPOSITE,0,20
2026-08-22T21:00:00Z,OTHER,GAS,1.9999510049819944,10
2026-08-22T21:00:00Z,OTHER,GAS COGEN,40.48725102212694,58
2026-08-22T21:00:00Z,OTHER,OIL/GAS,43.98407628377279,53
2026-08-22T21:00:00Z,OTHER,WOOD/REFUSE,86.83742622269524,149
2026-08-22T21:00:00Z,SOLAR,SOLAR,1256.3779128440883,1892
2026-08-22T21:00:00Z,WIND,WIND,600.6725505339272,5684
2026-08-22T22:00:00Z,ENERGY STORAGE,ENERGY STORAGE,14.211555380241737,270
2026-08-22T22:00:00Z,GAS,COGENERATION,3820.443775422159,6122
2026-08-22T22:00:00Z,GAS,COMBINED CYCLE,2791.2200933411386,3974
2026-08-22T22:00:00Z,GAS,GAS FIRED STEAM,1028.8698723242019,3078
2026-08-22T22:00:00Z,GAS,SIMPLE CYCLE,250.59107995990252,1014
2026-08-22T22:00:00Z,HYDRO,HYDRO,261.54059319690697,896
2026-08-22T22:00:00Z,OTHER,BIOMASS,119.15660871346792,195
2026-08-22T22:00:00Z,OTHER,COMPOSITE,0,20
2026-08-22T22:00:00Z,OTHER,GAS,1.9999510049819944,10
2026-08-22T22:00:00Z,OTHER,GAS COGEN,40.438397183418274,58
2026-08-22T22:00:00Z,OTHER,OIL/GAS,43.99438781950209,53
2026-08-22T22:00:00Z,OTHER,WOOD/REFUSE,87.30584878603617,149
2026-08-22T22:00:00Z,SOLAR,SOLAR,1371.5526568075684,1892
2026-08-22T22:00:00Z,WIND,WIND,866.2404510358059,5684
2026-08-22T23:00:00Z,ENERGY STORAGE,ENERGY STORAGE,-4.365055505782366,270
2026-08-22T23:00:00Z,GAS,COGENERATION,3651.5060900456874,6122
2026-08-22T23:00:00Z,GAS,COMBINED CYCLE,2843.3032918245262,3974
2026-08-22T23:00:00Z,GAS,GAS FIRED STEAM,1361.8508707851834,3078
2026-08-22T23:00:00Z,GAS,SIMPLE CYCLE,351.7568629456146,1014
2026-08-22T23:00:00Z,HYDRO,HYDRO,311.85477409734494,896
2026-08-22T23:00:00Z,OTHER,BIOMASS,117.30305301878187,195
2026-08-22T23:00:00Z,OTHER,COMPOSITE,8.40649968450268,20
2026-08-22T23:00:00Z,OTHER,GAS,1.9999510049819944,10
2026-08-22T23:00:00Z,OTHER,GAS COGEN,40.326221252017554,58
2026-08-22T23:00:00Z,OTHER,OIL/GAS,43.63502141104805,53
2026-08-22T23:00:00Z,OTHER,WOOD/REFUSE,86.76499785370298,149
2026-08-22T23:00:00Z,SOLAR,SOLAR,1264.6602031498485,1892
2026-08-22T23:00:00Z,WIND,WIND,746.1332883318348,5684
2026-08-23T00:00:00Z,ENERGY STORAGE,ENERGY STORAGE,-5.949722118427356,270
2026-08-23T00:00:00Z,GAS,COGENERATION,3677.167714941071,6122
2026-08-23T00:00:00Z,GAS,COMBINED CYCLE,2903.7144676041603,3974
2026-08-23T00:00:00Z,GAS,GAS FIRED STEAM,1405.5782027435303,3078
2026-08-23T00:00:00Z,GAS,SIMPLE CYCLE,530.6389455076555,1014
2026-08-23T00:00:00Z,HYDRO,HYDRO,421.64056612481676,896
2026-08-23T00:00:00Z,OTHER,BIOMASS,123.68727578057184,195
2026-08-23T00:00:00Z,OTHER,COMPOSITE,11.399999618530272,20
2026-08-23T00:00:00Z,OTHER,GAS,1.9999510049819944,10
2026-08-23T00:00:00Z,OTHER,GAS COGEN,40.286765065722996,58
2026-08-23T00:00:00Z,OTHER,OIL/GAS,43.69438810560438,53
2026-08-23T00:00:00Z,OTHER,WOOD/REFUSE,90.79287755436368,149
2026-08-23T00:00:00Z,SOLAR,SOLAR,911.2545075130131,1892
2026-08-23T00:00:00Z,WIND,WIND,528.0553642264298,5684
2026-08-23T01:00:00Z,ENERGY STORAGE,ENERGY STORAGE,-9.699999809265137,270
2026-08-23T01:00:00Z,GAS,COGENERATION,3697.807941260603,6122
2026-08-23T01:00:00Z,GAS,COMBINED CYCLE,2954.633179745939,3974
2026-08-23T01:00:00Z,GAS,GAS FIRED STEAM,1573.027090004815,3078
2026-08-23T01:00:00Z,GAS,SIMPLE CYCLE,703.4900435445375,1014
2026-08-23T01:00:00Z,HYDRO,HYDRO,411.6993771951729,896
2026-08-23T01:00:00Z,OTHER,BIOMASS,130.76491470124986,195
2026-08-23T01:00:00Z,OTHER,COMPOSITE,11.591999740600588,20
2026-08-23T01:00:00Z,OTHER,GAS,1.9999510049819944,10
2026-08-23T01:00:00Z,OTHER,GAS COGEN,40.15296823925442,58
2026-08-23T01:00:00Z,OTHER,OIL/GAS,44.1691379292806,53
2026-08-23T01:00:00Z,OTHER,WOOD/REFUSE,109.75832993083529,149
2026-08-23T01:00:00Z,SOLAR,SOLAR,307.01032836435985,1892
2026-08-23T01:00:00Z,WIND,WIND,437.9629398445371,5684
2026-08-23T02:00:00Z,ENERGY STORAGE,ENERGY STORAGE,-6.525111028204361,270
2026-08-23T02:00:00Z,GAS,COGENERATION,3711.820182365353,6122
2026-08-23T02:00:00Z,GAS,COMBINED CYCLE,2896.979986187882,3974
2026-08-23T02:00:00Z,GAS,GAS FIRED STEAM,1581.9573100874159,3078
2026-08-23T02:00:00Z,GAS,SIMPLE CYCLE,655.143986262232,1014
2026-08-23T02:00:00Z,HYDRO,HYDRO,305.02720533907416,896
2026-08-23T02:00:00Z,OTHER,BIOMASS,129.25872066656748,195
2026-08-23T02:00:00Z,OTHER,COMPOSITE,11.747499839464824,20
2026-08-23T02:00:00Z,OTHER,GAS,1.9999510049819944,10
2026-08-23T02:00:00Z,OTHER,GAS COGEN,40.67974529584249,58
2026-08-23T02:00:00Z,OTHER,OIL/GAS,44.007838367886016,53
2026-08-23T02:00:00Z,OTHER,WOOD/REFUSE,106.29774831347997,149
2026-08-23T02:00:00Z,SOLAR,SOLAR,15.759221778818302,1892
2026-08-23T02:00:00Z,WIND,WIND,721.9616491207149,5684
2026-08-23T03:00:00Z,ENERGY STORAGE,ENERGY STORAGE,-2.6953333054979645,270
2026-08-23T03:00:00Z,GAS,COGENERATION,3743.8411506027646,6122
2026-08-23T03:00:00Z,GAS,COMBINED CYCLE,2889.9039411179224,3974
2026-08-23T03:00:00Z,GAS,GAS FIRED STEAM,1367.6697033352323,3078
2026-08-23T03:00:00Z,GAS,SIMPLE CYCLE,590.8883537075089,1014
2026-08-23T03:00:00Z,HYDRO,HYDRO,382.29350777847895,896
2026-08-23T03:00:00Z,OTHER,BIOMASS,128.2889150232739,195
2026-08-23T03:00:00Z,OTHER,COMPOSITE,11.826277746094595,20
2026-08-23T03:00:00Z,OTHER,GAS,1.9999510049819944,10
2026-08-23T03:00:00Z,OTHER,GAS COGEN,40.86386624336242,58
2026-08-23T03:00:00Z,OTHER,OIL/GAS,44.22381015141805,53
2026-08-23T03:00:00Z,OTHER,WOOD/REFUSE,94.02700678507487,149
2026-08-23T03:00:00Z,SOLAR,SOLAR,0.20000000298023224,1892
2026-08-23T03:00:00Z,WIND,WIND,951.406700092521,5684
2026-08-23T04:00:00Z,ENERGY STORAGE,ENERGY STORAGE,-0.19999998807907104,270
2026-08-23T04:00:00Z,GAS,COGENERATION,3754.5691433323755,6122
2026-08-23T04:00:00Z,GAS,COMBINED CYCLE,2795.6020619755323,3974
2026-08-23T04:00:00Z,GAS,GAS FIRED STEAM,1382.0995378197565,3078
2026-08-23T04:00:00Z,GAS,SIMPLE CYCLE,401.81543457150457,1014
2026-08-23T04:00:00Z,HYDRO,HYDRO,188.75266826192538,896
2026-08-23T04:00:00Z,OTHER,BIOMASS,122.41049824953079,195
2026-08-23T04:00:00Z,OTHER,COMPOSITE,9.899999618530272,20
2026-08-23T04:00:00Z,OTHER,GAS,1.9999510049819944,10
2026-08-23T04:00:00Z,OTHER,GAS COGEN,40.94323726230198,58
2026-08-23T04:00:00Z,OTHER,OIL/GAS,44.54455429712932,53
2026-08-23T04:00:00Z,OTHER,WOOD/REFUSE,93.89931722588008,149
2026-08-23T04:00:00Z,SOLAR,SOLAR,0.20000000298023224,1892
2026-08-23T04:00:00Z,WIND,WIND,1160.8288596567843,5684
2026-08-23T05:00:00Z,ENERGY STORAGE,ENERGY STORAGE,-0.19999998807907104,270
2026-08-23T05:00:00Z,GAS,COGENERATION,3764.09211819662,6122
2026-08-23T05:00:00Z,GAS,COMBINED CYCLE,2767.6785327561697,3974
2026-08-23T05:00:00Z,GAS,GAS FIRED STEAM,1351.2225367397732,3078
2026-08-23T05:00:00Z,GAS,SIMPLE CYCLE,217.89448161222455,1014
2026-08-23T05:00:00Z,HYDRO,HYDRO,174.31301954769427,896
2026-08-23T05:00:00Z,OTHER,BIOMASS,119.16249814483854,195
2026-08-23T05:00:00Z,OTHER,COMPOSITE,5.630944228503439,20
2026-08-23T05:00:00Z,OTHER,GAS,1.9999510049819944,10
2026-08-23T05:00:00Z,OTHER,GAS COGEN,40.87131352000766,58
2026-08-23T05:00:00Z,OTHER,OIL/GAS,44.6513817914327,53
2026-08-23T05:00:00Z,OTHER,WOOD/REFUSE,89.44048130671183,149
2026-08-23T05:00:00Z,SOLAR,SOLAR,0.20000000298023224,1892
2026-08-23T05:00:00Z,WIND,WIND,1582.582832090358,5684
2026-08-23T06:00:00Z,ENERGY STORAGE,ENERGY STORAGE,0.48861110316382506,270
2026-08-23T06:00:00Z,GAS,COGENERATION,3789.6440801763533,6122
2026-08-23T06:00:00Z,GAS,COMBINED CYCLE,2727.540513347255,3974
2026-08-23T06:00:00Z,GAS,GAS FIRED STEAM,1382.6966480763754,3078
2026-08-23T06:00:00Z,GAS,SIMPLE CYCLE,231.64780678720936,1014
2026-08-23T06:00:00Z,HYDRO,HYDRO,176.76136610248022,896
2026-08-23T06:00:00Z,OTHER,BIOMASS,118.88599830547969,195
2026-08-23T06:00:00Z,OTHER,COMPOSITE,0,20
2026-08-23T06:00:00Z,OTHER,GAS,1.9999510049819944,10
2026-08-23T06:00:00Z,OTHER,GAS COGEN,40.68008252037896,58
2026-08-23T06:00:00Z,OTHER,OIL/GAS,44.23781033409966,53
2026-08-23T06:00:00Z,OTHER,WOOD/REFUSE,90.76443933751848,149
2026-08-23T06:00:00Z,SOLAR,SOLAR,0.20000000298023224,1892
2026-08-23T06:00:00Z,WIND,WIND,1435.7965917766755,5684
2026-08-23T07:00:00Z,ENERGY STORAGE,ENERGY STORAGE,-0.9691111012299856,270
2026-08-23T07:00:00Z,GAS,COGENERATION,3790.8592941504057,6122
2026-08-23T07:00:00Z,GAS,COMBINED CYCLE,2688.9430564907525,3974
2026-08-23T07:00:00Z,GAS,GAS FIRED STEAM,1075.9129857911003,3078
2026-08-23T07:00:00Z,GAS,SIMPLE CYCLE,183.75844015068478,1014
2026-08-23T07:00:00Z,HYDRO,HYDRO,154.19861756649283,896
2026-08-23T07:00:00Z,OTHER,BIOMASS,113.23083127604592,195
2026-08-23T07:00:00Z,OTHER,COMPOSITE,0,20
2026-08-23T07:00:00Z,OTHER,GAS,1.9999510049819944,10
2026-08-23T07:00:00Z,OTHER,GAS COGEN,40.72175859557258,58
2026-08-23T07:00:00Z,OTHER,OIL/GAS,44.235770825280085,53
2026-08-23T07:00:00Z,OTHER,WOOD/REFUSE,87.4889263343811,149
2026-08-23T07:00:00Z,SOLAR,SOLAR,0.20000000298023224,1892
2026-08-23T07:00:00Z,WIND,WIND,1518.1200834578608,5684
2026-08-23T08:00:00Z,ENERGY STORAGE,ENERGY STORAGE,0.5450555452869998,270
2026-08-23T08:00:00Z,GAS,COGENERATION,3819.08088849624,6122
2026-08-23T08:00:00Z,GAS,COMBINED CYCLE,2640.889147210386,3974
2026-08-23T08:00:00Z,GAS,GAS FIRED STEAM,1260.1339817131889,3078
2026-08-23T08:00:00Z,GAS,SIMPLE CYCLE,201.55316329790486,1014
2026-08-23T08:00:00Z,HYDRO,HYDRO,185.5861160947879,896
2026-08-23T08:00:00Z,OTHER,BIOMASS,112.76627582391103,195
2026-08-23T08:00:00Z,OTHER,COMPOSITE,0,20
2026-08-23T08:00:00Z,OTHER,GAS,1.9999510049819944,10
2026-08-23T08:00:00Z,OTHER,GAS COGEN,40.86755391544766,58
2026-08-23T08:00:00Z,OTHER,OIL/GAS,44.3863703388638,53
2026-08-23T08:00:00Z,OTHER,WOOD/REFUSE,88.34360612180497,149
2026-08-23T08:00:00Z,SOLAR,SOLAR,0.20000000298023224,1892
2026-08-23T08:00:00Z,WIND,WIND,1215.8243920683487,5684
2026-08-23T09:00:00Z,ENERGY STORAGE,ENERGY STORAGE,-0.1274999994867378,270
2026-08-23T09:00:00Z,GAS,COGENERATION,3814.075189183818,6122
2026-08-23T09:00:00Z,GAS,COMBINED CYCLE,2592.5195045993064,3974
2026-08-23T09:00:00Z,GAS,GAS FIRED STEAM,1399.7394816674127,3078
2026-08-23T09:00:00Z,GAS,SIMPLE CYCLE,182.31216477413972,1014
2026-08-23T09:00:00Z,HYDRO,HYDRO,146.54427787350284,896
2026-08-23T09:00:00Z,OTHER,BIOMASS,114.48177585283915,195
2026-08-23T09:00:00Z,OTHER,COMPOSITE,0,20
2026-08-23T09:00:00Z,OTHER,GAS,1.9999510049819944,10
2026-08-23T09:00:00Z,OTHER,GAS COGEN,41.12585819456312,58
2026-08-23T09:00:00Z,OTHER,OIL/GAS,44.29757075839572,53
2026-08-23T09:00:00Z,OTHER,WOOD/REFUSE,87.16472694926792,149
2026-08-23T09:00:00Z,SOLAR,SOLAR,0.20000000298023224,1892
2026-08-23T09:00:00Z,WIND,WIND,1105.0040408493082,5684
2026-08-23T10:00:00Z,ENERGY STORAGE,ENERGY STORAGE,-0.660333358016279,270
2026-08-23T10:00:00Z,GAS,COGENERATION,3823.3208846783637,6122
2026-08-23T10:00:00Z,GAS,COMBINED CYCLE,2589.170604206191,3974
2026-08-23T10:00:00Z,GAS,GAS FIRED STEAM,1276.7431501430935,3078
2026-08-23T10:00:00Z,GAS,SIMPLE CYCLE,170.2076088306639,1014
2026-08-23T10:00:00Z,HYDRO,HYDRO,146.8624784348905,896
2026-08-23T10:00:00Z,OTHER,BIOMASS,113.8750531021754,195
2026-08-23T10:00:00Z,OTHER,COMPOSITE,0,20
2026-08-23T10:00:00Z,OTHER,GAS,1.9999510049819944,10
2026-08-23T10:00:00Z,OTHER,GAS COGEN,41.14815881623162,58
2026-08-23T10:00:00Z,OTHER,OIL/GAS,44.10453802320692,53
2026-08-23T10:00:00Z,OTHER,WOOD/REFUSE,86.89476700411903,149
2026-08-23T10:00:00Z,SOLAR,SOLAR,0.20000000298023224,1892
2026-08-23T10:00:00Z,WIND,WIND,1243.728835612941,5684
2026-08-23T11:00:00Z,ENERGY STORAGE,ENERGY STORAGE,-0.9046666385730107,270
2026-08-23T11:00:00Z,GAS,COGENERATION,3898.9509398290847,6122
2026-08-23T11:00:00Z,GAS,COMBINED CYCLE,2583.7192077443333,3974
2026-08-23T11:00:00Z,GAS,GAS FIRED STEAM,1140.4975963719685,3078
2026-08-23T11:00:00Z,GAS,SIMPLE CYCLE,170.24871856318578,1014
2026-08-23T11:00:00Z,HYDRO,HYDRO,136.87115396327442,896
2026-08-23T11:00:00Z,OTHER,BIOMASS,116.28688640117646,195
2026-08-23T11:00:00Z,OTHER,COMPOSITE,0,20
2026-08-23T11:00:00Z,OTHER,GAS,1.9999510049819944,10
2026-08-23T11:00:00Z,OTHER,GAS COGEN,41.057243035104534,58
2026-08-23T11:00:00Z,OTHER,OIL/GAS,44.09709984673394,53
2026-08-23T11:00:00Z,OTHER,WOOD/REFUSE,86.87946777396732,149
2026-08-23T11:00:00Z,SOLAR,SOLAR,0.20000000298023224,1892
2026-08-23T11:00:00Z,WIND,WIND,1280.931437077311,5684
2026-08-23T12:00:00Z,ENERGY STORAGE,ENERGY STORAGE,0.2555555558701356,270
2026-08-23T12:00:00Z,GAS,COGENERATION,3923.0221290744676,6122
2026-08-23T12:00:00Z,GAS,COMBINED CYCLE,2552.404278990428,3974
2026-08-23T12:00:00Z,GAS,GAS FIRED STEAM,864.2288202815586,3078
2026-08-23T12:00:00Z,GAS,SIMPLE CYCLE,170.1591335127751,1014
2026-08-23T12:00:00Z,HYDRO,HYDRO,157.67047978228993,896
2026-08-23T12:00:00Z,OTHER,BIOMASS,115.87510885556539,195
2026-08-23T12:00:00Z,OTHER,COMPOSITE,0,20
2026-08-23T12:00:00Z,OTHER,GAS,1.9999510049819944,10
2026-08-23T12:00:00Z,OTHER,GAS COGEN,41.101742097006905,58
2026-08-23T12:00:00Z,OTHER,OIL/GAS,43.76872102949354,53
2026-08-23T12:00:00Z,OTHER,WOOD/REFUSE,87.3125779363844,149
2026-08-23T12:00:00Z,SOLAR,SOLAR,7.323999922188619,1892
2026-08-23T12:00:00Z,WIND,WIND,1538.6457276313256,5684
2026-08-23T13:00:00Z,ENERGY STORAGE,ENERGY STORAGE,5.5555552244186e-4,270
2026-08-23T13:00:00Z,GAS,COGENERATION,3771.267355055544,6122
2026-08-23T13:00:00Z,GAS,COMBINED CYCLE,2356.298464276261,3974
2026-08-23T13:00:00Z,GAS,GAS FIRED STEAM,695.0338218392266,3078
2026-08-23T13:00:00Z,GAS,SIMPLE CYCLE,73.74911025881768,1014
2026-08-23T13:00:00Z,HYDRO,HYDRO,160.57015758348834,896
2026-08-23T13:00:00Z,OTHER,BIOMASS,116.84110852400462,195
2026-08-23T13:00:00Z,OTHER,COMPOSITE,0,20
2026-08-23T13:00:00Z,OTHER,GAS,1.9999510049819944,10
2026-08-23T13:00:00Z,OTHER,GAS COGEN,41.17199368053012,58
2026-08-23T13:00:00Z,OTHER,OIL/GAS,43.52810524410672,53
2026-08-23T13:00:00Z,OTHER,WOOD/REFUSE,87.14805784755283,149
2026-08-23T13:00:00Z,SOLAR,SOLAR,277.15654491246573,1892
2026-08-23T13:00:00Z,WIND,WIND,1984.4782723582123,5684
2026-08-23T14:00:00Z,ENERGY STORAGE,ENERGY STORAGE,0,270
2026-08-23T14:00:00Z,GAS,COGENERATION,3683.336941258113,6122
2026-08-23T14:00:00Z,GAS,COMBINED CYCLE,2166.186490196917,3974
2026-08-23T14:00:00Z,GAS,GAS FIRED STEAM,538.5916581471761,3078
2026-08-23T14:00:00Z,GAS,SIMPLE CYCLE,70.88566547605727,1014
2026-08-23T14:00:00Z,HYDRO,HYDRO,233.37189395497242,896
2026-08-23T14:00:00Z,OTHER,BIOMASS,115.36144166893429,195
2026-08-23T14:00:00Z,OTHER,COMPOSITE,0,20
2026-08-23T14:00:00Z,OTHER,GAS,1.9999510049819944,10
2026-08-23T14:00:00Z,OTHER,GAS COGEN,41.22331032329135,58
2026-08-23T14:00:00Z,OTHER,OIL/GAS,43.77975431230333,53
2026-08-23T14:00:00Z,OTHER,WOOD/REFUSE,86.00013132996028,149
2026-08-23T14:00:00Z,SOLAR,SOLAR,789.9771589991119,1892
2026-08-23T14:00:00Z,WIND,WIND,2152.4053462650377,5684
2026-08-23T15:00:00Z,ENERGY STORAGE,ENERGY STORAGE,0,270
2026-08-23T15:00:00Z,GAS,COGENERATION,3687.5247684945,6122
2026-08-23T15:00:00Z,GAS,COMBINED CYCLE,2437.960192949772,3974
2026-08-23T15:00:00Z,GAS,GAS FIRED STEAM,532.9328246879577,3078
2026-08-23T15:00:00Z,GAS,SIMPLE CYCLE,70.42199906402165,1014
2026-08-23T15:00:00Z,HYDRO,HYDRO,194.8880018365383,896
2026-08-23T15:00:00Z,OTHER,BIOMASS,114.18466407722897,195
2026-08-23T15:00:00Z,OTHER,COMPOSITE,0,20
2026-08-23T15:00:00Z,OTHER,GAS,1.9999510049819944,10
2026-08-23T15:00:00Z,OTHER,GAS COGEN,41.32491705682543,58
2026-08-23T15:00:00Z,OTHER,OIL/GAS,41.95912738376194,53
2026-08-23T15:00:00Z,OTHER,WOOD/REFUSE,84.85241863303715,149
2026-08-23T15:00:00Z,SOLAR,SOLAR,1015.6385838616887,1892
2026-08-23T15:00:00Z,WIND,WIND,2011.0009206444522,5684
2026-08-23T16:00:00Z,ENERGY STORAGE,ENERGY STORAGE,0,270
2026-08-23T16:00:00Z,GAS,COGENERATION,3664.3616445897687,6122
2026-08-23T16:00:00Z,GAS,COMBINED CYCLE,2451.0425167902313,3974
2026-08-23T16:00:00Z,GAS,GAS FIRED STEAM,477.1969921439224,3078
2026-08-23T16:00:00Z,GAS,SIMPLE CYCLE,70.43183197127449,1014
2026-08-23T16:00:00Z,HYDRO,HYDRO,197.16541940013568,896
2026-08-23T16:00:00Z,OTHER,BIOMASS,113.94599808216095,195
2026-08-23T16:00:00Z,OTHER,COMPOSITE,0,20
2026-08-23T16:00:00Z,OTHER,GAS,1.9999510049819944,10
2026-08-23T16:00:00Z,OTHER,GAS COGEN,41.28912610636817,58
2026-08-23T16:00:00Z,OTHER,OIL/GAS,38.628216169145375,53
2026-08-23T16:00:00Z,OTHER,WOOD/REFUSE,86.39458140214285,149
2026-08-23T16:00:00Z,SOLAR,SOLAR,1137.779902150962,1892
2026-08-23T16:00:00Z,WIND,WIND,2278.7779716476634,5684
2026-08-23T17:00:00Z,ENERGY STORAGE,ENERGY STORAGE,0,270
2026-08-23T17:00:00Z,GAS,COGENERATION,3722.9749246819815,6122
2026-08-23T17:00:00Z,GAS,COMBINED CYCLE,2583.921886059708,3974
2026-08-23T17:00:00Z,GAS,GAS FIRED STEAM,472.97015814622245,3078
2026-08-23T17:00:00Z,GAS,SIMPLE CYCLE,69.51832150528828,1014
2026-08-23T17:00:00Z,HYDRO,HYDRO,250.77472492125298,896
2026-08-23T17:00:00Z,OTHER,BIOMASS,111.99744220574696,195
2026-08-23T17:00:00Z,OTHER,COMPOSITE,0,20
2026-08-23T17:00:00Z,OTHER,GAS,1.9999510049819944,10
2026-08-23T17:00:00Z,OTHER,GAS COGEN,41.000085111724005,58
2026-08-23T17:00:00Z,OTHER,OIL/GAS,38.73691550784641,53
2026-08-23T17:00:00Z,OTHER,WOOD/REFUSE,85.85094341172113,149
2026-08-23T17:00:00Z,SOLAR,SOLAR,1101.0058624895248,1892
2026-08-23T17:00:00Z,WIND,WIND,2283.700081971155,5684
2026-08-23T18:00:00Z,ENERGY STORAGE,ENERGY STORAGE,0,270
2026-08-23T18:00:00Z,GAS,COGENERATION,3732.3530369076466,6122
2026-08-23T18:00:00Z,GAS,COMBINED CYCLE,2626.051459095478,3974
2026-08-23T18:00:00Z,GAS,GAS FIRED STEAM,672.8374060090383,3078
2026-08-23T18:00:00Z,GAS,SIMPLE CYCLE,68.90927706480026,1014
2026-08-23T18:00:00Z,HYDRO,HYDRO,173.63961121784317,896
2026-08-23T18:00:00Z,OTHER,BIOMASS,112.59730330838097,195
2026-08-23T18:00:00Z,OTHER,COMPOSITE,0,20
2026-08-23T18:00:00Z,OTHER,GAS,1.9999510049819944,10
2026-08-23T18:00:00Z,OTHER,GAS COGEN,33.88789309819539,58
2026-08-23T18:00:00Z,OTHER,OIL/GAS,39.7191602007548,53
2026-08-23T18:00:00Z,OTHER,WOOD/REFUSE,85.31017118930816,149
2026-08-23T18:00:00Z,SOLAR,SOLAR,1243.605318700307,1892
2026-08-23T18:00:00Z,WIND,WIND,2282.7687927091124,5684
2026-08-23T19:00:00Z,ENERGY STORAGE,ENERGY STORAGE,0,270
2026-08-23T19:00:00Z,GAS,COGENERATION,3741.933625607954,6122
2026-08-23T19:00:00Z,GAS,COMBINED CYCLE,2596.8011000821325,3974
2026-08-23T19:00:00Z,GAS,GAS FIRED STEAM,684.2065460946825,3078
2026-08-23T19:00:00Z,GAS,SIMPLE CYCLE,68.81499964051777,1014
2026-08-23T19:00:00Z,HYDRO,HYDRO,204.49721394578614,896
2026-08-23T19:00:00Z,OTHER,BIOMASS,111.68627534151076,195
2026-08-23T19:00:00Z,OTHER,COMPOSITE,0,20
2026-08-23T19:00:00Z,OTHER,GAS,1.9999510049819944,10
2026-08-23T19:00:00Z,OTHER,GAS COGEN,31.477732453876072,58
2026-08-23T19:00:00Z,OTHER,OIL/GAS,41.2112214533488,53
2026-08-23T19:00:00Z,OTHER,WOOD/REFUSE,84.69307612260182,149
2026-08-23T19:00:00Z,SOLAR,SOLAR,1566.959385094179,1892
2026-08-23T19:00:00Z,WIND,WIND,2203.8578267489706,5684
2026-08-23T20:00:00Z,ENERGY STORAGE,ENERGY STORAGE,0,270
2026-08-23T20:00:00Z,GAS,COGENERATION,3840.914002234671,6122
2026-08-23T20:00:00Z,GAS,COMBINED CYCLE,2710.2087677380773,3974
2026-08-23T20:00:00Z,GAS,GAS FIRED STEAM,782.6404873381721,3078
2026-08-23T20:00:00Z,GAS,SIMPLE CYCLE,68.86694373528162,1014
2026-08-23T20:00:00Z,HYDRO,HYDRO,272.8848819435967,896
2026-08-23T20:00:00Z,OTHER,BIOMASS,112.40922006660037,195
2026-08-23T20:00:00Z,OTHER,COMPOSITE,0,20
2026-08-23T20:00:00Z,OTHER,GAS,1.9999510049819944,10
2026-08-23T20:00:00Z,OTHER,GAS COGEN,31.720294346279566,58
2026-08-23T20:00:00Z,OTHER,OIL/GAS,41.79202725940281,53
2026-08-23T20:00:00Z,OTHER,WOOD/REFUSE,84.38314093324873,149
2026-08-23T20:00:00Z,SOLAR,SOLAR,1383.6108112588195,1892
2026-08-23T20:00:00Z,WIND,WIND,1999.6064336580368,5684
2026-08-23T21:00:00Z,ENERGY STORAGE,ENERGY STORAGE,0,270
2026-08-23T21:00:00Z,GAS,COGENERATION,3898.2490619521673,6122
2026-08-23T21:00:00Z,GAS,COMBINED CYCLE,2756.1989708065985,3974
2026-08-23T21:00:00Z,GAS,GAS FIRED STEAM,884.0257654529148,3078
2026-08-23T21:00:00Z,GAS,SIMPLE CYCLE,69.01660976489384,1014
2026-08-23T21:00:00Z,HYDRO,HYDRO,250.32868651774194,896
2026-08-23T21:00:00Z,OTHER,BIOMASS,111.58816464847989,195
2026-08-23T21:00:00Z,OTHER,COMPOSITE,0,20
2026-08-23T21:00:00Z,OTHER,GAS,1.9999510049819944,10
2026-08-23T21:00:00Z,OTHER,GAS COGEN,30.8753128057056,58
2026-08-23T21:00:00Z,OTHER,OIL/GAS,43.397666240268286,53
2026-08-23T21:00:00Z,OTHER,WOOD/REFUSE,83.89628895176781,149
2026-08-23T21:00:00Z,SOLAR,SOLAR,1161.7287370646497,1892
2026-08-23T21:00:00Z,WIND,WIND,2419.8696710229915,5684
2026-08-23T22:00:00Z,ENERGY STORAGE,ENERGY STORAGE,0,270
2026-08-23T22:00:00Z,GAS,COGENERATION,3838.4200146830744,6122
2026-08-23T22:00:00Z,GAS,COMBINED CYCLE,2739.226065796481,3974
2026-08-23T22:00:00Z,GAS,GAS FIRED STEAM,748.2536566437615,3078
2026-08-23T22:00:00Z,GAS,SIMPLE CYCLE,69.10166479667028,1014
2026-08-23T22:00:00Z,HYDRO,HYDRO,241.472300978899,896
2026-08-23T22:00:00Z,OTHER,BIOMASS,112.34966439644495,195
2026-08-23T22:00:00Z,OTHER,COMPOSITE,0,20
2026-08-23T22:00:00Z,OTHER,GAS,1.9999510049819944,10
2026-08-23T22:00:00Z,OTHER,GAS COGEN,30.950993417104083,58
2026-08-23T22:00:00Z,OTHER,OIL/GAS,43.78788201649984,53
2026-08-23T22:00:00Z,OTHER,WOOD/REFUSE,85.26691637410057,149
2026-08-23T22:00:00Z,SOLAR,SOLAR,1257.805425903259,1892
2026-08-23T22:00:00Z,WIND,WIND,2725.208251674043,5684
2026-08-23T23:00:00Z,ENERGY STORAGE,ENERGY STORAGE,0,270
2026-08-23T23:00:00Z,GAS,COGENERATION,3740.662209788958,6122
2026-08-23T23:00:00Z,GAS,COMBINED CYCLE,2556.0023319011266,3974
2026-08-23T23:00:00Z,GAS,GAS FIRED STEAM,619.4263804478117,3078
2026-08-23T23:00:00Z,GAS,SIMPLE CYCLE,78.6165538711018,1014
2026-08-23T23:00:00Z,HYDRO,HYDRO,169.89605400557318,896
2026-08-23T23:00:00Z,OTHER,BIOMASS,110.79066493537691,195
2026-08-23T23:00:00Z,OTHER,COMPOSITE,0,20
2026-08-23T23:00:00Z,OTHER,GAS,1.9999510049819944,10
2026-08-23T23:00:00Z,OTHER,GAS COGEN,30.777372106975978,58
2026-08-23T23:00:00Z,OTHER,OIL/GAS,43.9373546579149,53
2026-08-23T23:00:00Z,OTHER,WOOD/REFUSE,84.59311484018961,149
2026-08-23T23:00:00Z,SOLAR,SOLAR,1166.4905530342585,1892
2026-08-23T23:00:00Z,WIND,WIND,3228.907454791814,5684
2026-08-24T00:00:00Z,ENERGY STORAGE,ENERGY STORAGE,0,270
2026-08-24T00:00:00Z,GAS,COGENERATION,3723.5489049028024,6122
2026-08-24T00:00:00Z,GAS,COMBINED CYCLE,2424.4857750285996,3974
2026-08-24T00:00:00Z,GAS,GAS FIRED STEAM,443.9616039866871,3078
2026-08-24T00:00:00Z,GAS,SIMPLE CYCLE,91.63072070095274,1014
2026-08-24T00:00:00Z,HYDRO,HYDRO,282.3579542079899,896
2026-08-24T00:00:00Z,OTHER,BIOMASS,111.89988656626807,195
2026-08-24T00:00:00Z,OTHER,COMPOSITE,0,20
2026-08-24T00:00:00Z,OTHER,GAS,1.9999510049819944,10
2026-08-24T00:00:00Z,OTHER,GAS COGEN,29.499040117263796,58
2026-08-24T00:00:00Z,OTHER,OIL/GAS,43.46914945390489,53
2026-08-24T00:00:00Z,OTHER,WOOD/REFUSE,83.63413000530667,149
2026-08-24T00:00:00Z,SOLAR,SOLAR,870.227700839589,1892
2026-08-24T00:00:00Z,WIND,WIND,3459.4691771649614,5684
2026-08-24T01:00:00Z,ENERGY STORAGE,ENERGY STORAGE,0,270
2026-08-24T01:00:00Z,GAS,COGENERATION,3761.0782629034256,6122
2026-08-24T01:00:00Z,GAS,COMBINED CYCLE,2510.403052350945,3974
2026-08-24T01:00:00Z,GAS,GAS FIRED STEAM,442.288769569397,3078
2026-08-24T01:00:00Z,GAS,SIMPLE CYCLE,91.70203718145689,1014
2026-08-24T01:00:00Z,HYDRO,HYDRO,275.99583024243515,896
2026-08-24T01:00:00Z,OTHER,BIOMASS,111.08260857529109,195
2026-08-24T01:00:00Z,OTHER,COMPOSITE,0,20
2026-08-24T01:00:00Z,OTHER,GAS,1.9999510049819944,10
2026-08-24T01:00:00Z,OTHER,GAS COGEN,29.89249274783664,58
2026-08-24T01:00:00Z,OTHER,OIL/GAS,44.37485480838352,53
2026-08-24T01:00:00Z,OTHER,WOOD/REFUSE,83.60688761287265,149
2026-08-24T01:00:00Z,SOLAR,SOLAR,266.7259504361244,1892
2026-08-24T01:00:00Z,WIND,WIND,3649.6256727025575,5684
2026-08-24T02:00:00Z,ENERGY STORAGE,ENERGY STORAGE,0,270
2026-08-24T02:00:00Z,GAS,COGENERATION,3821.6326579878064,6122
2026-08-24T02:00:00Z,GAS,COMBINED CYCLE,2594.926892285877,3974
2026-08-24T02:00:00Z,GAS,GAS FIRED STEAM,542.4611562538147,3078
2026-08-24T02:00:00Z,GAS,SIMPLE CYCLE,92.86299832158619,1014
2026-08-24T02:00:00Z,HYDRO,HYDRO,238.91311425079073,896
2026-08-24T02:00:00Z,OTHER,BIOMASS,112.29038699944815,195
2026-08-24T02:00:00Z,OTHER,COMPOSITE,0,20
2026-08-24T02:00:00Z,OTHER,GAS,1.9999510049819944,10
2026-08-24T02:00:00Z,OTHER,GAS COGEN,29.67351249323951,58
2026-08-24T02:00:00Z,OTHER,OIL/GAS,44.030465100606285,53
2026-08-24T02:00:00Z,OTHER,WOOD/REFUSE,83.5916918177075,149
2026-08-24T02:00:00Z,SOLAR,SOLAR,6.084623875158528,1892
2026-08-24T02:00:00Z,WIND,WIND,3655.74220244507,5684
2026-08-24T03:00:00Z,ENERGY STORAGE,ENERGY STORAGE,0,270
2026-08-24T03:00:00Z,GAS,COGENERATION,3850.888636452357,6122
2026-08-24T03:00:00Z,GAS,COMBINED CYCLE,2567.0296155669953,3974
2026-08-24T03:00:00Z,GAS,GAS FIRED STEAM,658.2277664629619,3078
2026-08-24T03:00:00Z,GAS,SIMPLE CYCLE,94.77283159865273,1014
2026-08-24T03:00:00Z,HYDRO,HYDRO,220.08184501124754,896
2026-08-24T03:00:00Z,OTHER,BIOMASS,112.49866469860078,195
2026-08-24T03:00:00Z,OTHER,COMPOSITE,0,20
2026-08-24T03:00:00Z,OTHER,GAS,1.9999510049819944,10
2026-08-24T03:00:00Z,OTHER,GAS COGEN,29.64074538548787,58
2026-08-24T03:00:00Z,OTHER,OIL/GAS,43.70699977450901,53
2026-08-24T03:00:00Z,OTHER,WOOD/REFUSE,84.05929949177636,149
2026-08-24T03:00:00Z,SOLAR,SOLAR,0.10000000149011612,1892
2026-08-24T03:00:00Z,WIND,WIND,3831.6055488561756,5684
2026-08-24T04:00:00Z,ENERGY STORAGE,ENERGY STORAGE,0,270
2026-08-24T04:00:00Z,GAS,COGENERATION,3899.8829492839177,6122
2026-08-24T04:00:00Z,GAS,COMBINED CYCLE,2524.029704925484,3974
2026-08-24T04:00:00Z,GAS,GAS FIRED STEAM,573.5269894557529,3078
2026-08-24T04:00:00Z,GAS,SIMPLE CYCLE,92.99721972015169,1014
2026-08-24T04:00:00Z,HYDRO,HYDRO,279.02548732164007,896
2026-08-24T04:00:00Z,OTHER,BIOMASS,113.60338666598003,195
2026-08-24T04:00:00Z,OTHER,COMPOSITE,0,20
2026-08-24T04:00:00Z,OTHER,GAS,1.9999510049819944,10
2026-08-24T04:00:00Z,OTHER,GAS COGEN,29.67288839764065,58
2026-08-24T04:00:00Z,OTHER,OIL/GAS,44.374215070936415,53
2026-08-24T04:00:00Z,OTHER,WOOD/REFUSE,83.57553655306498,149
2026-08-24T04:00:00Z,SOLAR,SOLAR,0.10000000149011612,1892
2026-08-24T04:00:00Z,WIND,WIND,3561.8577001791946,5684
2026-08-24T05:00:00Z,ENERGY STORAGE,ENERGY STORAGE,-0.05783333892623583,270
2026-08-24T05:00:00Z,GAS,COGENERATION,3910.05226532744,6122
2026-08-24T05:00:00Z,GAS,COMBINED CYCLE,2459.3776073286267,3974
2026-08-24T05:00:00Z,GAS,GAS FIRED STEAM,543.517323053678,3078
2026-08-24T05:00:00Z,GAS,SIMPLE CYCLE,83.30399813625549,1014
2026-08-24T05:00:00Z,HYDRO,HYDRO,168.15388866254025,896
2026-08-24T05:00:00Z,OTHER,BIOMASS,111.24921999242571,195
2026-08-24T05:00:00Z,OTHER,COMPOSITE,0,20
2026-08-24T05:00:00Z,OTHER,GAS,1.9999510049819944,10
2026-08-24T05:00:00Z,OTHER,GAS COGEN,29.672654876179166,58
2026-08-24T05:00:00Z,OTHER,OIL/GAS,44.64623126135932,53
2026-08-24T05:00:00Z,OTHER,WOOD/REFUSE,83.52520645512476,149
2026-08-24T05:00:00Z,SOLAR,SOLAR,0.10000000149011612,1892
2026-08-24T05:00:00Z,WIND,WIND,3457.2938435384713,5684
2026-08-24T06:00:00Z,ENERGY STORAGE,ENERGY STORAGE,-0.00111111111111111,270
2026-08-24T06:00:00Z,GAS,COGENERATION,3854.2290150467556,6122
2026-08-24T06:00:00Z,GAS,COMBINED CYCLE,2325.113858493699,3974
2026-08-24T06:00:00Z,GAS,GAS FIRED STEAM,453.2518808823162,3078
2026-08-24T06:00:00Z,GAS,SIMPLE CYCLE,92.50072000909182,1014
2026-08-24T06:00:00Z,HYDRO,HYDRO,171.23460896593002,896
2026-08-24T06:00:00Z,OTHER,BIOMASS,111.20033091386159,195
2026-08-24T06:00:00Z,OTHER,COMPOSITE,0,20
2026-08-24T06:00:00Z,OTHER,GAS,1.9999510049819944,10
2026-08-24T06:00:00Z,OTHER,GAS COGEN,29.64710376580556,58
2026-08-24T06:00:00Z,OTHER,OIL/GAS,43.97564408620199,53
2026-08-24T06:00:00Z,OTHER,WOOD/REFUSE,84.2484415324529,149
2026-08-24T06:00:00Z,SOLAR,SOLAR,0.10000000149011612,1892
2026-08-24T06:00:00Z,WIND,WIND,3421.8305775230624,5684
2026-08-24T07:00:00Z,ENERGY STORAGE,ENERGY STORAGE,-1.674499966998895,270
2026-08-24T07:00:00Z,GAS,COGENERATION,3871.6485196518897,6122
2026-08-24T07:00:00Z,GAS,COMBINED CYCLE,2379.9224421395197,3974
2026-08-24T07:00:00Z,GAS,GAS FIRED STEAM,438.5145475684272,3078
2026-08-24T07:00:00Z,GAS,SIMPLE CYCLE,92.1142760125796,1014
2026-08-24T07:00:00Z,HYDRO,HYDRO,210.89558919880125,896
2026-08-24T07:00:00Z,OTHER,BIOMASS,111.27794180896547,195
2026-08-24T07:00:00Z,OTHER,COMPOSITE,0,20
2026-08-24T07:00:00Z,OTHER,GAS,1.9999510049819944,10
2026-08-24T07:00:00Z,OTHER,GAS COGEN,29.858867003652783,58
2026-08-24T07:00:00Z,OTHER,OIL/GAS,44.020704135894775,53
2026-08-24T07:00:00Z,OTHER,WOOD/REFUSE,84.64711686611174,149
2026-08-24T07:00:00Z,SOLAR,SOLAR,0.10000000149011612,1892
2026-08-24T07:00:00Z,WIND,WIND,3137.4564043455157,5684
2026-08-24T08:00:00Z,ENERGY STORAGE,ENERGY STORAGE,-12.499999761581421,270
2026-08-24T08:00:00Z,GAS,COGENERATION,3875.449759605726,6122
2026-08-24T08:00:00Z,GAS,COMBINED CYCLE,2307.7818532586098,3974
2026-08-24T08:00:00Z,GAS,GAS FIRED STEAM,438.51627071592543,3078
2026-08-24T08:00:00Z,GAS,SIMPLE CYCLE,74.46822078466414,1014
2026-08-24T08:00:00Z,HYDRO,HYDRO,181.22335197968616,896
2026-08-24T08:00:00Z,OTHER,BIOMASS,105.87999766157733,195
2026-08-24T08:00:00Z,OTHER,COMPOSITE,0,20
2026-08-24T08:00:00Z,OTHER,GAS,1.9999510049819944,10
2026-08-24T08:00:00Z,OTHER,GAS COGEN,30.58546402613322,58
2026-08-24T08:00:00Z,OTHER,OIL/GAS,44.10550494299994,53
2026-08-24T08:00:00Z,OTHER,WOOD/REFUSE,84.4477492957645,149
2026-08-24T08:00:00Z,SOLAR,SOLAR,0.10000000149011612,1892
2026-08-24T08:00:00Z,WIND,WIND,3252.8253281943666,5684
2026-08-24T09:00:00Z,ENERGY STORAGE,ENERGY STORAGE,-8.49422203624414,270
2026-08-24T09:00:00Z,GAS,COGENERATION,3888.8450568373996,6122
2026-08-24T09:00:00Z,GAS,COMBINED CYCLE,2373.4851333636707,3974
2026-08-24T09:00:00Z,GAS,GAS FIRED STEAM,438.525436606937,3078
2026-08-24T09:00:00Z,GAS,SIMPLE CYCLE,67.02507112834188,1014
2026-08-24T09:00:00Z,HYDRO,HYDRO,188.19085801280207,896
2026-08-24T09:00:00Z,OTHER,BIOMASS,111.27316419654422,195
2026-08-24T09:00:00Z,OTHER,COMPOSITE,0,20
2026-08-24T09:00:00Z,OTHER,GAS,1.9999510049819944,10
2026-08-24T09:00:00Z,OTHER,GAS COGEN,30.53967153072357,58
2026-08-24T09:00:00Z,OTHER,OIL/GAS,43.71915471394857,53
2026-08-24T09:00:00Z,OTHER,WOOD/REFUSE,84.7732334751553,149
2026-08-24T09:00:00Z,SOLAR,SOLAR,0.10000000149011612,1892
2026-08-24T09:00:00Z,WIND,WIND,3159.193992756862,5684
2026-08-24T10:00:00Z,ENERGY STORAGE,ENERGY STORAGE,-0.6000000014901161,270
2026-08-24T10:00:00Z,GAS,COGENERATION,3893.2981884880196,6122
2026-08-24T10:00:00Z,GAS,COMBINED CYCLE,2347.5824781743686,3974
2026-08-24T10:00:00Z,GAS,GAS FIRED STEAM,445.46065948075716,3078
2026-08-24T10:00:00Z,GAS,SIMPLE CYCLE,67.00172113392088,1014
2026-08-24T10:00:00Z,HYDRO,HYDRO,170.1697984852973,896
2026-08-24T10:00:00Z,OTHER,BIOMASS,114.65916434552935,195
2026-08-24T10:00:00Z,OTHER,COMPOSITE,0,20
2026-08-24T10:00:00Z,OTHER,GAS,1.9999510049819944,10
2026-08-24T10:00:00Z,OTHER,GAS COGEN,30.427031716240776,58
2026-08-24T10:00:00Z,OTHER,OIL/GAS,43.899166083865694,53
2026-08-24T10:00:00Z,OTHER,WOOD/REFUSE,84.77481618033515,149
2026-08-24T10:00:00Z,SOLAR,SOLAR,0.10000000149011612,1892
2026-08-24T10:00:00Z,WIND,WIND,3176.8678437993262,5684
2026-08-24T11:00:00Z,ENERGY STORAGE,ENERGY STORAGE,-0.6000000014901161,270
2026-08-24T11:00:00Z,GAS,COGENERATION,3923.919125615491,6122
2026-08-24T11:00:00Z,GAS,COMBINED CYCLE,2397.2859432752925,3974
2026-08-24T11:00:00Z,GAS,GAS FIRED STEAM,576.2598219744365,3078
2026-08-24T11:00:00Z,GAS,SIMPLE CYCLE,67.14677706162135,1014
2026-08-24T11:00:00Z,HYDRO,HYDRO,226.17821401377518,896
2026-08-24T11:00:00Z,OTHER,BIOMASS,115.22210905922783,195
2026-08-24T11:00:00Z,OTHER,COMPOSITE,0,20
2026-08-24T11:00:00Z,OTHER,GAS,2.0861176921923956,10
2026-08-24T11:00:00Z,OTHER,GAS COGEN,30.507525753445094,58
2026-08-24T11:00:00Z,OTHER,OIL/GAS,44.17117090437147,53
2026-08-24T11:00:00Z,OTHER,WOOD/REFUSE,84.85055025630528,149
2026-08-24T11:00:00Z,SOLAR,SOLAR,0.10000000149011612,1892
2026-08-24T11:00:00Z,WIND,WIND,3126.4873842030433,5684
2026-08-24T12:00:00Z,ENERGY STORAGE,ENERGY STORAGE,-0.6000000014901161,270
2026-08-24T12:00:00Z,GAS,COGENERATION,3938.320809320344,6122
2026-08-24T12:00:00Z,GAS,COMBINED CYCLE,2476.730416947206,3974
2026-08-24T12:00:00Z,GAS,GAS FIRED STEAM,636.0080988799201,3078
2026-08-24T12:00:00Z,GAS,SIMPLE CYCLE,67.0116098496649,1014
2026-08-24T12:00:00Z,HYDRO,HYDRO,279.7498606176509,896
2026-08-24T12:00:00Z,OTHER,BIOMASS,114.52888657940758,195
2026-08-24T12:00:00Z,OTHER,COMPOSITE,0,20
2026-08-24T12:00:00Z,OTHER,GAS,2.0999510288238525,10
2026-08-24T12:00:00Z,OTHER,GAS COGEN,31.367218199835882,58
2026-08-24T12:00:00Z,OTHER,OIL/GAS,43.95256579928928,53
2026-08-24T12:00:00Z,OTHER,WOOD/REFUSE,84.25089666949378,149
2026-08-24T12:00:00Z,SOLAR,SOLAR,2.0267221957279578,1892
2026-08-24T12:00:00Z,WIND,WIND,3083.720375057103,5684
2026-08-24T13:00:00Z,ENERGY STORAGE,ENERGY STORAGE,-0.6000000014901161,270
2026-08-24T13:00:00Z,GAS,COGENERATION,3916.6783303170732,6122
2026-08-24T13:00:00Z,GAS,COMBINED CYCLE,2032.818610054387,3974
2026-08-24T13:00:00Z,GAS,GAS FIRED STEAM,542.2917127496667,3078
2026-08-24T13:00:00Z,GAS,SIMPLE CYCLE,79.41460923963123,1014
2026-08-24T13:00:00Z,HYDRO,HYDRO,255.6887476638125,896
2026-08-24T13:00:00Z,OTHER,BIOMASS,112.66933105521731,195
2026-08-24T13:00:00Z,OTHER,COMPOSITE,0,20
2026-08-24T13:00:00Z,OTHER,GAS,2.0999510288238525,10
2026-08-24T13:00:00Z,OTHER,GAS COGEN,31.46554652955797,58
2026-08-24T13:00:00Z,OTHER,OIL/GAS,43.805454173617896,53
2026-08-24T13:00:00Z,OTHER,WOOD/REFUSE,83.7813325574663,149
2026-08-24T13:00:00Z,SOLAR,SOLAR,234.00138521956075,1892
2026-08-24T13:00:00Z,WIND,WIND,3025.7964458200668,5684
2026-08-24T14:00:00Z,ENERGY STORAGE,ENERGY STORAGE,-0.6000000014901161,270
2026-08-24T14:00:00Z,GAS,COGENERATION,3906.1029932970473,6122
2026-08-24T14:00:00Z,GAS,COMBINED CYCLE,1817.18628222545,3974
2026-08-24T14:00:00Z,GAS,GAS FIRED STEAM,527.3224908574423,3078
2026-08-24T14:00:00Z,GAS,SIMPLE CYCLE,81.90444303803974,1014
2026-08-24T14:00:00Z,HYDRO,HYDRO,199.89441807385947,896
2026-08-24T14:00:00Z,OTHER,BIOMASS,114.72722008387248,195
2026-08-24T14:00:00Z,OTHER,COMPOSITE,0,20
2026-08-24T14:00:00Z,OTHER,GAS,2.0999510288238525,10
2026-08-24T14:00:00Z,OTHER,GAS COGEN,31.426829902860852,58
2026-08-24T14:00:00Z,OTHER,OIL/GAS,43.93710498385959,53
2026-08-24T14:00:00Z,OTHER,WOOD/REFUSE,84.63446391370562,149
2026-08-24T14:00:00Z,SOLAR,SOLAR,869.79454015101,1892
2026-08-24T14:00:00Z,WIND,WIND,2771.806316365827,5684
2026-08-24T15:00:00Z,ENERGY STORAGE,ENERGY STORAGE,-7.117166533395648,270
2026-08-24T15:00:00Z,GAS,COGENERATION,3891.3163631100124,6122
2026-08-24T15:00:00Z,GAS,COMBINED CYCLE,1834.522230452564,3974
2026-08-24T15:00:00Z,GAS,GAS FIRED STEAM,527.2722972346676,3078
2026-08-24T15:00:00Z,GAS,SIMPLE CYCLE,82.13447119186321,1014
2026-08-24T15:00:00Z,HYDRO,HYDRO,221.98172505352233,896
2026-08-24T15:00:00Z,OTHER,BIOMASS,114.19544242488014,195
2026-08-24T15:00:00Z,OTHER,COMPOSITE,0,20
2026-08-24T15:00:00Z,OTHER,GAS,2.0999510288238525,10
2026-08-24T15:00:00Z,OTHER,GAS COGEN,31.40994237528907,58
2026-08-24T15:00:00Z,OTHER,OIL/GAS,44.44834417555067,53
2026-08-24T15:00:00Z,OTHER,WOOD/REFUSE,83.59971744802263,149
2026-08-24T15:00:00Z,SOLAR,SOLAR,1179.2324087615477,1892
2026-08-24T15:00:00Z,WIND,WIND,2722.565759860724,5684
2026-08-24T16:00:00Z,ENERGY STORAGE,ENERGY STORAGE,-1.5859443950321939,270
2026-08-24T16:00:00Z,GAS,COGENERATION,3876.7265369786155,6122
2026-08-24T16:00:00Z,GAS,COMBINED CYCLE,1720.7657966015074,3974
2026-08-24T16:00:00Z,GAS,GAS FIRED STEAM,525.5239355455504,3078
2026-08-24T16:00:00Z,GAS,SIMPLE CYCLE,73.28938811567095,1014
2026-08-24T16:00:00Z,HYDRO,HYDRO,157.79494729027152,896
2026-08-24T16:00:00Z,OTHER,BIOMASS,112.03499854193794,195
2026-08-24T16:00:00Z,OTHER,COMPOSITE,0,20
2026-08-24T16:00:00Z,OTHER,GAS,2.0999510288238525,10
2026-08-24T16:00:00Z,OTHER,GAS COGEN,30.93169851091173,58
2026-08-24T16:00:00Z,OTHER,OIL/GAS,44.063515949249265,53
2026-08-24T16:00:00Z,OTHER,WOOD/REFUSE,82.89163946840497,149
2026-08-24T16:00:00Z,SOLAR,SOLAR,1378.3437156538996,1892
2026-08-24T16:00:00Z,WIND,WIND,2910.276962124043,5684
2026-08-24T17:00:00Z,ENERGY STORAGE,ENERGY STORAGE,-1.2145832916804487,270
2026-08-24T17:00:00Z,GAS,COGENERATION,3815.0668443191053,6122
2026-08-24T17:00:00Z,GAS,COMBINED CYCLE,1669.410684290727,3974
2026-08-24T17:00:00Z,GAS,GAS FIRED STEAM,523.6237974026468,3078
2026-08-24T17:00:00Z,GAS,SIMPLE CYCLE,91.68099843502044,1014
2026-08-24T17:00:00Z,HYDRO,HYDRO,257.6524492518107,896
2026-08-24T17:00:00Z,OTHER,BIOMASS,110.73813701046838,195
2026-08-24T17:00:00Z,OTHER,COMPOSITE,0,20
2026-08-24T17:00:00Z,OTHER,GAS,2.0999510288238525,10
2026-08-24T17:00:00Z,OTHER,GAS COGEN,29.01853262980779,58
2026-08-24T17:00:00Z,OTHER,OIL/GAS,44.04171586990356,53
2026-08-24T17:00:00Z,OTHER,WOOD/REFUSE,83.27914712482028,149
2026-08-24T17:00:00Z,SOLAR,SOLAR,1287.7630835257637,1892
2026-08-24T17:00:00Z,WIND,WIND,3063.610601486059,5684
2026-08-24T18:00:00Z,ENERGY STORAGE,ENERGY STORAGE,-2.6891666082706713,270
2026-08-24T18:00:00Z,GAS,COGENERATION,3820.891831853671,6122
2026-08-24T18:00:00Z,GAS,COMBINED CYCLE,1860.5695200371742,3974
2026-08-24T18:00:00Z,GAS,GAS FIRED STEAM,522.3472136116028,3078
2026-08-24T18:00:00Z,GAS,SIMPLE CYCLE,89.04722030480703,1014
2026-08-24T18:00:00Z,HYDRO,HYDRO,284.5793602705995,896
2026-08-24T18:00:00Z,OTHER,BIOMASS,110.23077571074168,195
2026-08-24T18:00:00Z,OTHER,COMPOSITE,0,20
2026-08-24T18:00:00Z,OTHER,GAS,2.0999510288238525,10
2026-08-24T18:00:00Z,OTHER,GAS COGEN,28.422334792349076,58
2026-08-24T18:00:00Z,OTHER,OIL/GAS,43.988071269989014,53
2026-08-24T18:00:00Z,OTHER,WOOD/REFUSE,85.22777514563667,149
2026-08-24T18:00:00Z,SOLAR,SOLAR,1222.4523441734746,1892
2026-08-24T18:00:00Z,WIND,WIND,3000.554676925896,5684
2026-08-24T19:00:00Z,ENERGY STORAGE,ENERGY STORAGE,-0.2672777675920063,270
2026-08-24T19:00:00Z,GAS,COGENERATION,3796.277373584045,6122
2026-08-24T19:00:00Z,GAS,COMBINED CYCLE,2010.5820693765745,3974
2026-08-24T19:00:00Z,GAS,GAS FIRED STEAM,519.8157678413392,3078
2026-08-24T19:00:00Z,GAS,SIMPLE CYCLE,86.73877632988824,1014
2026-08-24T19:00:00Z,HYDRO,HYDRO,257.45045773492916,896
2026-08-24T19:00:00Z,OTHER,BIOMASS,109.34038693110148,195
2026-08-24T19:00:00Z,OTHER,COMPOSITE,0,20
2026-08-24T19:00:00Z,OTHER,GAS,2.0046732283300823,10
2026-08-24T19:00:00Z,OTHER,GAS COGEN,29.240598980055918,58
2026-08-24T19:00:00Z,OTHER,OIL/GAS,43.63649368074205,53
2026-08-24T19:00:00Z,OTHER,WOOD/REFUSE,84.25743018786112,149
2026-08-24T19:00:00Z,SOLAR,SOLAR,1285.8085111042526,1892
2026-08-24T19:00:00Z,WIND,WIND,2933.902671018135,5684
2026-08-24T20:00:00Z,ENERGY STORAGE,ENERGY STORAGE,-0.09999999403953552,270
2026-08-24T20:00:00Z,GAS,COGENERATION,3786.926839981344,6122
2026-08-24T20:00:00Z,GAS,COMBINED CYCLE,2028.6956360144086,3974
2026-08-24T20:00:00Z,GAS,GAS FIRED STEAM,519.6882120789422,3078
2026-08-24T20:00:00Z,GAS,SIMPLE CYCLE,80.30160974078707,1014
2026-08-24T20:00:00Z,HYDRO,HYDRO,214.4864675968223,896
2026-08-24T20:00:00Z,OTHER,BIOMASS,108.92349777698517,195
2026-08-24T20:00:00Z,OTHER,COMPOSITE,0,20
2026-08-24T20:00:00Z,OTHER,GAS,1.9999510049819944,10
2026-08-24T20:00:00Z,OTHER,GAS COGEN,29.714819640583464,58
2026-08-24T20:00:00Z,OTHER,OIL/GAS,44.327031699286565,53
2026-08-24T20:00:00Z,OTHER,WOOD/REFUSE,83.11870338175032,149
2026-08-24T20:00:00Z,SOLAR,SOLAR,1427.5460844310123,1892
2026-08-24T20:00:00Z,WIND,WIND,2930.8261349837153,5684
2026-08-24T21:00:00Z,ENERGY STORAGE,ENERGY STORAGE,-0.09999999403953552,270
2026-08-24T21:00:00Z,GAS,COGENERATION,3779.880469008817,6122
2026-08-24T21:00:00Z,GAS,COMBINED CYCLE,1965.4833289403384,3974
2026-08-24T21:00:00Z,GAS,GAS FIRED STEAM,647.9509347502391,3078
2026-08-24T21:00:00Z,GAS,SIMPLE CYCLE,80.51715391291512,1014
2026-08-24T21:00:00Z,HYDRO,HYDRO,217.9170168302539,896
2026-08-24T21:00:00Z,OTHER,BIOMASS,109.30266428258685,195
2026-08-24T21:00:00Z,OTHER,COMPOSITE,0,20
2026-08-24T21:00:00Z,OTHER,GAS,1.9999510049819944,10
2026-08-24T21:00:00Z,OTHER,GAS COGEN,29.760247762468126,58
2026-08-24T21:00:00Z,OTHER,OIL/GAS,44.23335457272,53
2026-08-24T21:00:00Z,OTHER,WOOD/REFUSE,82.8306875981225,149
2026-08-24T21:00:00Z,SOLAR,SOLAR,1553.3793973128663,1892
2026-08-24T21:00:00Z,WIND,WIND,2851.712082874593,5684
2026-08-24T22:00:00Z,ENERGY STORAGE,ENERGY STORAGE,-0.09999999403953552,270
2026-08-24T22:00:00Z,GAS,COGENERATION,3777.751566390859,6122
2026-08-24T22:00:00Z,GAS,COMBINED CYCLE,2181.9360781200726,3974
2026-08-24T22:00:00Z,GAS,GAS FIRED STEAM,730.5662094624837,3078
2026-08-24T22:00:00Z,GAS,SIMPLE CYCLE,91.03238664521112,1014
2026-08-24T22:00:00Z,HYDRO,HYDRO,312.98906293029586,896
2026-08-24T22:00:00Z,OTHER,BIOMASS,109.49699756516351,195
2026-08-24T22:00:00Z,OTHER,COMPOSITE,0,20
2026-08-24T22:00:00Z,OTHER,GAS,1.9999510049819944,10
2026-08-24T22:00:00Z,OTHER,GAS COGEN,29.515265431404117,58
2026-08-24T22:00:00Z,OTHER,OIL/GAS,44.87121653027005,53
2026-08-24T22:00:00Z,OTHER,WOOD/REFUSE,83.84350685384538,149
2026-08-24T22:00:00Z,SOLAR,SOLAR,1476.7012227886914,1892
2026-08-24T22:00:00Z,WIND,WIND,2661.2270046659105,5684
2026-08-24T23:00:00Z,ENERGY STORAGE,ENERGY STORAGE,0.07533333755201764,270
2026-08-24T23:00:00Z,GAS,COGENERATION,3784.5016705542803,6122
2026-08-24T23:00:00Z,GAS,COMBINED CYCLE,2513.8254416690934,3974
2026-08-24T23:00:00Z,GAS,GAS FIRED STEAM,731.1369317923652,3078
2026-08-24T23:00:00Z,GAS,SIMPLE CYCLE,189.34732908401224,1014
2026-08-24T23:00:00Z,HYDRO,HYDRO,342.83548706026545,896
2026-08-24T23:00:00Z,OTHER,BIOMASS,111.22321958065034,195
2026-08-24T23:00:00Z,OTHER,COMPOSITE,0,20
2026-08-24T23:00:00Z,OTHER,GAS,1.9999510049819944,10
2026-08-24T23:00:00Z,OTHER,GAS COGEN,29.496974651548598,58
2026-08-24T23:00:00Z,OTHER,OIL/GAS,44.559893701341416,53
2026-08-24T23:00:00Z,OTHER,WOOD/REFUSE,85.31894656022389,149
2026-08-24T23:00:00Z,SOLAR,SOLAR,1398.855122092416,1892
2026-08-24T23:00:00Z,WIND,WIND,2333.889132189068,5684
2026-08-25T00:00:00Z,ENERGY STORAGE,ENERGY STORAGE,-0.00938888902879423,270
2026-08-25T00:00:00Z,GAS,COGENERATION,3926.6609626853465,6122
2026-08-25T00:00:00Z,GAS,COMBINED CYCLE,2860.5468050434856,3974
2026-08-25T00:00:00Z,GAS,GAS FIRED STEAM,816.4893765385946,3078
2026-08-25T00:00:00Z,GAS,SIMPLE CYCLE,277.0590285093917,1014
2026-08-25T00:00:00Z,HYDRO,HYDRO,326.43451168184475,896
2026-08-25T00:00:00Z,OTHER,BIOMASS,112.24516388628219,195
2026-08-25T00:00:00Z,OTHER,COMPOSITE,0.29377777649296655,20
2026-08-25T00:00:00Z,OTHER,GAS,1.9999510049819944,10
2026-08-25T00:00:00Z,OTHER,GAS COGEN,29.631672662099206,58
2026-08-25T00:00:00Z,OTHER,OIL/GAS,44.367394303215875,53
2026-08-25T00:00:00Z,OTHER,WOOD/REFUSE,84.3482838540607,149
2026-08-25T00:00:00Z,SOLAR,SOLAR,1016.0973603287339,1892
2026-08-25T00:00:00Z,WIND,WIND,1847.3934332291533,5684
2026-08-25T01:00:00Z,ENERGY STORAGE,ENERGY STORAGE,3.5142777370578715,270
2026-08-25T01:00:00Z,GAS,COGENERATION,4033.7731549826594,6122
2026-08-25T01:00:00Z,GAS,COMBINED CYCLE,3001.320609986782,3974
2026-08-25T01:00:00Z,GAS,GAS FIRED STEAM,1121.72109331078,3078
2026-08-25T01:00:00Z,GAS,SIMPLE CYCLE,575.0165548145275,1014
2026-08-25T01:00:00Z,HYDRO,HYDRO,383.8091475423839,896
2026-08-25T01:00:00Z,OTHER,BIOMASS,121.52849747618039,195
2026-08-25T01:00:00Z,OTHER,COMPOSITE,11.935499962700735,20
2026-08-25T01:00:00Z,OTHER,GAS,1.9999510049819944,10
2026-08-25T01:00:00Z,OTHER,GAS COGEN,29.527187547683717,58
2026-08-25T01:00:00Z,OTHER,OIL/GAS,44.486526624891496,53
2026-08-25T01:00:00Z,OTHER,WOOD/REFUSE,97.17675087398953,149
2026-08-25T01:00:00Z,SOLAR,SOLAR,370.8516079972022,1892
2026-08-25T01:00:00Z,WIND,WIND,1227.5830791454348,5684
2026-08-25T02:00:00Z,ENERGY STORAGE,ENERGY STORAGE,6.8551110590663225,270
2026-08-25T02:00:00Z,GAS,COGENERATION,4071.69654357632,6122
2026-08-25T02:00:00Z,GAS,COMBINED CYCLE,3074.8246767195064,3974
2026-08-25T02:00:00Z,GAS,GAS FIRED STEAM,1308.9538112280104,3078
2026-08-25T02:00:00Z,GAS,SIMPLE CYCLE,668.0490356318156,1014
2026-08-25T02:00:00Z,HYDRO,HYDRO,389.20280599789487,896
2026-08-25T02:00:00Z,OTHER,BIOMASS,133.87027480602265,195
2026-08-25T02:00:00Z,OTHER,COMPOSITE,12.186833452118767,20
2026-08-25T02:00:00Z,OTHER,GAS,1.9999510049819944,10
2026-08-25T02:00:00Z,OTHER,GAS COGEN,29.517175505956015,58
2026-08-25T02:00:00Z,OTHER,OIL/GAS,44.50928827285767,53
2026-08-25T02:00:00Z,OTHER,WOOD/REFUSE,101.97213273790148,149
2026-08-25T02:00:00Z,SOLAR,SOLAR,60.01656111884035,1892
2026-08-25T02:00:00Z,WIND,WIND,792.6916139504107,5684
2026-08-25T03:00:00Z,ENERGY STORAGE,ENERGY STORAGE,0.6709999997417132,270
2026-08-25T03:00:00Z,GAS,COGENERATION,4107.159279105664,6122
2026-08-25T03:00:00Z,GAS,COMBINED CYCLE,3065.478626161946,3974
2026-08-25T03:00:00Z,GAS,GAS FIRED STEAM,1498.5129239739313,3078
2026-08-25T03:00:00Z,GAS,SIMPLE CYCLE,670.7795318277676,1014
2026-08-25T03:00:00Z,HYDRO,HYDRO,328.74033409608734,896
2026-08-25T03:00:00Z,OTHER,BIOMASS,135.02571839173635,195
2026-08-25T03:00:00Z,OTHER,COMPOSITE,12.300000190734863,20
2026-08-25T03:00:00Z,OTHER,GAS,1.9999510049819944,10
2026-08-25T03:00:00Z,OTHER,GAS COGEN,29.765423717498777,58
2026-08-25T03:00:00Z,OTHER,OIL/GAS,44.12189926783244,53
2026-08-25T03:00:00Z,OTHER,WOOD/REFUSE,104.73598328431449,149
2026-08-25T03:00:00Z,SOLAR,SOLAR,7.963610973192586,1892
2026-08-25T03:00:00Z,WIND,WIND,557.0597287978067,5684
2026-08-25T04:00:00Z,ENERGY STORAGE,ENERGY STORAGE,0.10000000149011612,270
2026-08-25T04:00:00Z,GAS,COGENERATION,4153.976589547528,6122
2026-08-25T04:00:00Z,GAS,COMBINED CYCLE,3065.886510379679,3974
2026-08-25T04:00:00Z,GAS,GAS FIRED STEAM,1307.12942431132,3078
2026-08-25T04:00:00Z,GAS,SIMPLE CYCLE,632.8797072259586,1014
2026-08-25T04:00:00Z,HYDRO,HYDRO,287.4059848738379,896
2026-08-25T04:00:00Z,OTHER,BIOMASS,134.9383865653144,195
2026-08-25T04:00:00Z,OTHER,COMPOSITE,12.57033283657498,20
2026-08-25T04:00:00Z,OTHER,GAS,1.9999510049819944,10
2026-08-25T04:00:00Z,OTHER,GAS COGEN,29.789402929411995,58
2026-08-25T04:00:00Z,OTHER,OIL/GAS,44.32293776194255,53
2026-08-25T04:00:00Z,OTHER,WOOD/REFUSE,106.33340173403424,149
2026-08-25T04:00:00Z,SOLAR,SOLAR,1.1000000163912773,1892
2026-08-25T04:00:00Z,WIND,WIND,395.56656796188815,5684
2026-08-25T05:00:00Z,ENERGY STORAGE,ENERGY STORAGE,0.10000000149011612,270
2026-08-25T05:00:00Z,GAS,COGENERATION,4187.279599588447,6122
2026-08-25T05:00:00Z,GAS,COMBINED CYCLE,3039.5377624358734,3974
2026-08-25T05:00:00Z,GAS,GAS FIRED STEAM,1142.5615338961284,3078
2026-08-25T05:00:00Z,GAS,SIMPLE CYCLE,568.544056088792,1014
2026-08-25T05:00:00Z,HYDRO,HYDRO,325.37069071061086,896
2026-08-25T05:00:00Z,OTHER,BIOMASS,134.57399786260393,195
2026-08-25T05:00:00Z,OTHER,COMPOSITE,12.59999942779541,20
2026-08-25T05:00:00Z,OTHER,GAS,1.9999510049819944,10
2026-08-25T05:00:00Z,OTHER,GAS COGEN,30.123189445071752,58
2026-08-25T05:00:00Z,OTHER,OIL/GAS,44.8742600886027,53
2026-08-25T05:00:00Z,OTHER,WOOD/REFUSE,106.08808165603214,149
2026-08-25T05:00:00Z,SOLAR,SOLAR,0.6672222386134995,1892
2026-08-25T05:00:00Z,WIND,WIND,228.98869309717583,5684
2026-08-25T06:00:00Z,ENERGY STORAGE,ENERGY STORAGE,-4.053666651178565,270
2026-08-25T06:00:00Z,GAS,COGENERATION,4177.4298597763645,6122
2026-08-25T06:00:00Z,GAS,COMBINED CYCLE,2923.219583089219,3974
2026-08-25T06:00:00Z,GAS,GAS FIRED STEAM,1194.8871476478048,3078
2026-08-25T06:00:00Z,GAS,SIMPLE CYCLE,430.67390111340416,1014
2026-08-25T06:00:00Z,HYDRO,HYDRO,356.459069071677,896
2026-08-25T06:00:00Z,OTHER,BIOMASS,136.42377616617415,195
2026-08-25T06:00:00Z,OTHER,COMPOSITE,12.830832907888624,20
2026-08-25T06:00:00Z,OTHER,GAS,1.9999510049819944,10
2026-08-25T06:00:00Z,OTHER,GAS COGEN,30.49661029815674,58
2026-08-25T06:00:00Z,OTHER,OIL/GAS,44.17545955446031,53
2026-08-25T06:00:00Z,OTHER,WOOD/REFUSE,106.19530811892616,149
2026-08-25T06:00:00Z,SOLAR,SOLAR,0.6000000163912773,1892
2026-08-25T06:00:00Z,WIND,WIND,202.58329715864525,5684
2026-08-25T07:00:00Z,ENERGY STORAGE,ENERGY STORAGE,-11.367999984423319,270
2026-08-25T07:00:00Z,GAS,COGENERATION,4179.108119031059,6122
2026-08-25T07:00:00Z,GAS,COMBINED CYCLE,2958.536572034491,3974
2026-08-25T07:00:00Z,GAS,GAS FIRED STEAM,1211.0950915103488,3078
2026-08-25T07:00:00Z,GAS,SIMPLE CYCLE,409.529572246472,1014
2026-08-25T07:00:00Z,HYDRO,HYDRO,288.2281217619445,896
2026-08-25T07:00:00Z,OTHER,BIOMASS,135.24372038417394,195
2026-08-25T07:00:00Z,OTHER,COMPOSITE,9.923777398003471,20
2026-08-25T07:00:00Z,OTHER,GAS,1.9999510049819944,10
2026-08-25T07:00:00Z,OTHER,GAS COGEN,30.636599533292983,58
2026-08-25T07:00:00Z,OTHER,OIL/GAS,44.10415504243639,53
2026-08-25T07:00:00Z,OTHER,WOOD/REFUSE,105.85198633564843,149
2026-08-25T07:00:00Z,SOLAR,SOLAR,0.6000000163912773,1892
2026-08-25T07:00:00Z,WIND,WIND,141.25037733640107,5684
2026-08-25T08:00:00Z,ENERGY STORAGE,ENERGY STORAGE,-4.565722203072574,270
2026-08-25T08:00:00Z,GAS,COGENERATION,4180.745531336401,6122
2026-08-25T08:00:00Z,GAS,COMBINED CYCLE,3119.676864181095,3974
2026-08-25T08:00:00Z,GAS,GAS FIRED STEAM,1209.85215009186,3078
2026-08-25T08:00:00Z,GAS,SIMPLE CYCLE,399.96827872488234,1014
2026-08-25T08:00:00Z,HYDRO,HYDRO,219.64125336322522,896
2026-08-25T08:00:00Z,OTHER,BIOMASS,131.78905372195774,195
2026-08-25T08:00:00Z,OTHER,COMPOSITE,9.899999618530272,20
2026-08-25T08:00:00Z,OTHER,GAS,1.9999510049819944,10
2026-08-25T08:00:00Z,OTHER,GAS COGEN,30.589453860388865,58
2026-08-25T08:00:00Z,OTHER,OIL/GAS,43.94983769098918,53
2026-08-25T08:00:00Z,OTHER,WOOD/REFUSE,105.04502943038939,149
2026-08-25T08:00:00Z,SOLAR,SOLAR,0.6000000163912773,1892
2026-08-25T08:00:00Z,WIND,WIND,54.7639093626125,5684
2026-08-25T09:00:00Z,ENERGY STORAGE,ENERGY STORAGE,-2.841722184436189,270
2026-08-25T09:00:00Z,GAS,COGENERATION,4190.11704151286,6122
2026-08-25T09:00:00Z,GAS,COMBINED CYCLE,3143.102552462684,3974
2026-08-25T09:00:00Z,GAS,GAS FIRED STEAM,1209.5777036041684,3078
2026-08-25T09:00:00Z,GAS,SIMPLE CYCLE,368.85887644122045,1014
2026-08-25T09:00:00Z,HYDRO,HYDRO,221.0928206705716,896
2026-08-25T09:00:00Z,OTHER,BIOMASS,128.09399851110246,195
2026-08-25T09:00:00Z,OTHER,COMPOSITE,9.888999618954127,20
2026-08-25T09:00:00Z,OTHER,GAS,1.9999510049819944,10
2026-08-25T09:00:00Z,OTHER,GAS COGEN,30.580553140640255,58
2026-08-25T09:00:00Z,OTHER,OIL/GAS,44.088137791951496,53
2026-08-25T09:00:00Z,OTHER,WOOD/REFUSE,104.70767811722226,149
2026-08-25T09:00:00Z,SOLAR,SOLAR,0.6000000163912773,1892
2026-08-25T09:00:00Z,WIND,WIND,57.88803247747735,5684
2026-08-25T10:00:00Z,ENERGY STORAGE,ENERGY STORAGE,-2.7898888369401296,270
2026-08-25T10:00:00Z,GAS,COGENERATION,4199.59195058412,6122
2026-08-25T10:00:00Z,GAS,COMBINED CYCLE,3149.509041594399,3974
2026-08-25T10:00:00Z,GAS,GAS FIRED STEAM,1210.0818707084657,3078
2026-08-25T10:00:00Z,GAS,SIMPLE CYCLE,338.0408468848798,1014
2026-08-25T10:00:00Z,HYDRO,HYDRO,172.805688481662,896
2026-08-25T10:00:00Z,OTHER,BIOMASS,127.43677638795641,195
2026-08-25T10:00:00Z,OTHER,COMPOSITE,9.907999623616536,20
2026-08-25T10:00:00Z,OTHER,GAS,2.0035065613852607,10
2026-08-25T10:00:00Z,OTHER,GAS COGEN,30.6660446188185,58
2026-08-25T10:00:00Z,OTHER,OIL/GAS,43.84663778516981,53
2026-08-25T10:00:00Z,OTHER,WOOD/REFUSE,100.89293013519712,149
2026-08-25T10:00:00Z,SOLAR,SOLAR,0.6000000163912773,1892
2026-08-25T10:00:00Z,WIND,WIND,134.81525471956365,5684
2026-08-25T11:00:00Z,ENERGY STORAGE,ENERGY STORAGE,-0.8631110934582021,270
2026-08-25T11:00:00Z,GAS,COGENERATION,4210.9388667305975,6122
2026-08-25T11:00:00Z,GAS,COMBINED CYCLE,3118.7820526038277,3974
2026-08-25T11:00:00Z,GAS,GAS FIRED STEAM,1209.5677589988709,3078
2026-08-25T11:00:00Z,GAS,SIMPLE CYCLE,313.2869880885548,1014
2026-08-25T11:00:00Z,HYDRO,HYDRO,174.34796877346932,896
2026-08-25T11:00:00Z,OTHER,BIOMASS,124.65655355082617,195
2026-08-25T11:00:00Z,OTHER,COMPOSITE,12.9426665825314,20
2026-08-25T11:00:00Z,OTHER,GAS,2.0999510288238525,10
2026-08-25T11:00:00Z,OTHER,GAS COGEN,30.65153275489807,58
2026-08-25T11:00:00Z,OTHER,OIL/GAS,44.148105229271785,53
2026-08-25T11:00:00Z,OTHER,WOOD/REFUSE,89.35296752452851,149
2026-08-25T11:00:00Z,SOLAR,SOLAR,0.6000000163912773,1892
2026-08-25T11:00:00Z,WIND,WIND,230.20029416766846,5684
2026-08-25T12:00:00Z,ENERGY STORAGE,ENERGY STORAGE,-0.09999999403953552,270
2026-08-25T12:00:00Z,GAS,COGENERATION,4224.7949175377025,6122
2026-08-25T12:00:00Z,GAS,COMBINED CYCLE,3229.6901299709743,3974
2026-08-25T12:00:00Z,GAS,GAS FIRED STEAM,1211.1142584376864,3078
2026-08-25T12:00:00Z,GAS,SIMPLE CYCLE,289.8217220821811,1014
2026-08-25T12:00:00Z,HYDRO,HYDRO,173.1465649497509,896
2026-08-25T12:00:00Z,OTHER,BIOMASS,123.83133128113218,195
2026-08-25T12:00:00Z,OTHER,COMPOSITE,2.6224443715810777,20
2026-08-25T12:00:00Z,OTHER,GAS,2.0999510288238525,10
2026-08-25T12:00:00Z,OTHER,GAS COGEN,30.79799989594354,58
2026-08-25T12:00:00Z,OTHER,OIL/GAS,44.259532646603056,53
2026-08-25T12:00:00Z,OTHER,WOOD/REFUSE,90.87806744628482,149
2026-08-25T12:00:00Z,SOLAR,SOLAR,6.456277726060814,1892
2026-08-25T12:00:00Z,WIND,WIND,350.1713255036043,5684
2026-08-25T13:00:00Z,ENERGY STORAGE,ENERGY STORAGE,-0.09999999403953552,270
2026-08-25T13:00:00Z,GAS,COGENERATION,4184.17199664606,6122
2026-08-25T13:00:00Z,GAS,COMBINED CYCLE,3231.338763434092,3974
2026-08-25T13:00:00Z,GAS,GAS FIRED STEAM,1194.0844823773703,3078
2026-08-25T13:00:00Z,GAS,SIMPLE CYCLE,263.1234745678637,1014
2026-08-25T13:00:00Z,HYDRO,HYDRO,165.9865129112535,896
2026-08-25T13:00:00Z,OTHER,BIOMASS,123.4715531534619,195
2026-08-25T13:00:00Z,OTHER,COMPOSITE,0,20
2026-08-25T13:00:00Z,OTHER,GAS,2.0999510288238525,10
2026-08-25T13:00:00Z,OTHER,GAS COGEN,31.169701104164126,58
2026-08-25T13:00:00Z,OTHER,OIL/GAS,43.756154727935794,53
2026-08-25T13:00:00Z,OTHER,WOOD/REFUSE,86.72685010274252,149
2026-08-25T13:00:00Z,SOLAR,SOLAR,321.9787815198344,1892
2026-08-25T13:00:00Z,WIND,WIND,323.39650202559926,5684
2026-08-25T14:00:00Z,ENERGY STORAGE,ENERGY STORAGE,-0.10244443852040502,270
2026-08-25T14:00:00Z,GAS,COGENERATION,4135.493482123348,6122
2026-08-25T14:00:00Z,GAS,COMBINED CYCLE,3200.2240170081454,3974
2026-08-25T14:00:00Z,GAS,GAS FIRED STEAM,969.9660941868359,3078
2026-08-25T14:00:00Z,GAS,SIMPLE CYCLE,192.93620706895985,1014
2026-08-25T14:00:00Z,HYDRO,HYDRO,173.0703239698377,896
2026-08-25T14:00:00Z,OTHER,BIOMASS,120.05082597470945,195
2026-08-25T14:00:00Z,OTHER,COMPOSITE,0,20
2026-08-25T14:00:00Z,OTHER,GAS,2.0999510288238525,10
2026-08-25T14:00:00Z,OTHER,GAS COGEN,30.78950257725186,58
2026-08-25T14:00:00Z,OTHER,OIL/GAS,43.93473850038316,53
2026-08-25T14:00:00Z,OTHER,WOOD/REFUSE,86.6748596133126,149
2026-08-25T14:00:00Z,SOLAR,SOLAR,1037.5720980827841,1892
2026-08-25T14:00:00Z,WIND,WIND,185.9818530869608,5684
2026-08-25T15:00:00Z,ENERGY STORAGE,ENERGY STORAGE,-0.09999999403953552,270
2026-08-25T15:00:00Z,GAS,COGENERATION,4120.965907578336,6122
2026-08-25T15:00:00Z,GAS,COMBINED CYCLE,3201.9907924630907,3974
2026-08-25T15:00:00Z,GAS,GAS FIRED STEAM,889.2833188650343,3078
2026-08-25T15:00:00Z,GAS,SIMPLE CYCLE,194.2587904887398,1014
2026-08-25T15:00:00Z,HYDRO,HYDRO,229.09499377555318,896
2026-08-25T15:00:00Z,OTHER,BIOMASS,114.75181450181537,195
2026-08-25T15:00:00Z,OTHER,COMPOSITE,0,20
2026-08-25T15:00:00Z,OTHER,GAS,2.0999510288238525,10
2026-08-25T15:00:00Z,OTHER,GAS COGEN,29.93226251920064,58
2026-08-25T15:00:00Z,OTHER,OIL/GAS,44.19055987464057,53
2026-08-25T15:00:00Z,OTHER,WOOD/REFUSE,84.95558495203655,149
2026-08-25T15:00:00Z,SOLAR,SOLAR,1472.7809407448106,1892
2026-08-25T15:00:00Z,WIND,WIND,54.837971642915576,5684
2026-08-25T16:00:00Z,ENERGY STORAGE,ENERGY STORAGE,-0.09999999403953552,270
2026-08-25T16:00:00Z,GAS,COGENERATION,4074.183002528217,6122
2026-08-25T16:00:00Z,GAS,COMBINED CYCLE,3223.3045094548334,3974
2026-08-25T16:00:00Z,GAS,GAS FIRED STEAM,995.1889831728406,3078
2026-08-25T16:00:00Z,GAS,SIMPLE CYCLE,193.68586891882123,1014
2026-08-25T16:00:00Z,HYDRO,HYDRO,210.53469274335438,896
2026-08-25T16:00:00Z,OTHER,BIOMASS,113.83924746632576,195
2026-08-25T16:00:00Z,OTHER,COMPOSITE,0,20
2026-08-25T16:00:00Z,OTHER,GAS,2.0999510288238525,10
2026-08-25T16:00:00Z,OTHER,GAS COGEN,29.499872109095257,58
2026-08-25T16:00:00Z,OTHER,OIL/GAS,43.669600081973606,53
2026-08-25T16:00:00Z,OTHER,WOOD/REFUSE,84.81387639999389,149
2026-08-25T16:00:00Z,SOLAR,SOLAR,1625.894280980693,1892
2026-08-25T16:00:00Z,WIND,WIND,17.97319795591136,5684
2026-08-25T17:00:00Z,ENERGY STORAGE,ENERGY STORAGE,-0.09999999403953552,270
2026-08-25T17:00:00Z,GAS,COGENERATION,4023.0953776096635,6122
2026-08-25T17:00:00Z,GAS,COMBINED CYCLE,3238.804251937866,3974
2026-08-25T17:00:00Z,GAS,GAS FIRED STEAM,1077.1255923716228,3078
2026-08-25T17:00:00Z,GAS,SIMPLE CYCLE,193.98332628859413,1014
2026-08-25T17:00:00Z,HYDRO,HYDRO,214.40872825278177,896
2026-08-25T17:00:00Z,OTHER,BIOMASS,112.98371435960134,195
2026-08-25T17:00:00Z,OTHER,COMPOSITE,0,20
2026-08-25T17:00:00Z,OTHER,GAS,2.0999510288238525,10
2026-08-25T17:00:00Z,OTHER,GAS COGEN,29.91475200335185,58
2026-08-25T17:00:00Z,OTHER,OIL/GAS,44.673716127607555,53
2026-08-25T17:00:00Z,OTHER,WOOD/REFUSE,82.09405200587378,149
2026-08-25T17:00:00Z,SOLAR,SOLAR,1688.4610362875462,1892
2026-08-25T17:00:00Z,WIND,WIND,55.0480105998036,5684
2026-08-25T18:00:00Z,ENERGY STORAGE,ENERGY STORAGE,0.1166666704747412,270
2026-08-25T18:00:00Z,GAS,COGENERATION,3990.4178286637866,6122
2026-08-25T18:00:00Z,GAS,COMBINED CYCLE,3265.994892736541,3974
2026-08-25T18:00:00Z,GAS,GAS FIRED STEAM,1115.5110370805528,3078
2026-08-25T18:00:00Z,GAS,SIMPLE CYCLE,194.68139812782408,1014
2026-08-25T18:00:00Z,HYDRO,HYDRO,272.1388705286715,896
2026-08-25T18:00:00Z,OTHER,BIOMASS,113.34644281546275,195
2026-08-25T18:00:00Z,OTHER,COMPOSITE,0,20
2026-08-25T18:00:00Z,OTHER,GAS,2.040006570087539,10
2026-08-25T18:00:00Z,OTHER,GAS COGEN,30.037749570740594,58
2026-08-25T18:00:00Z,OTHER,OIL/GAS,44.54500437842475,53
2026-08-25T18:00:00Z,OTHER,WOOD/REFUSE,85.29229686684079,149
2026-08-25T18:00:00Z,SOLAR,SOLAR,1702.233409720262,1892
2026-08-25T18:00:00Z,WIND,WIND,114.16915353633877,5684
2026-08-25T19:00:00Z,ENERGY STORAGE,ENERGY STORAGE,-0.14566666804254055,270
2026-08-25T19:00:00Z,GAS,COGENERATION,3972.305199145079,6122
2026-08-25T19:00:00Z,GAS,COMBINED CYCLE,3333.184226746559,3974
2026-08-25T19:00:00Z,GAS,GAS FIRED STEAM,1198.2904824829102,3078
2026-08-25T19:00:00Z,GAS,SIMPLE CYCLE,233.82389803269672,1014
2026-08-25T19:00:00Z,HYDRO,HYDRO,243.55856419491272,896
2026-08-25T19:00:00Z,OTHER,BIOMASS,111.20579759498438,195
2026-08-25T19:00:00Z,OTHER,COMPOSITE,0,20
2026-08-25T19:00:00Z,OTHER,GAS,1.9999510049819944,10
2026-08-25T19:00:00Z,OTHER,GAS COGEN,29.985423669815063,58
2026-08-25T19:00:00Z,OTHER,OIL/GAS,44.657003784179686,53
2026-08-25T19:00:00Z,OTHER,WOOD/REFUSE,87.33998208151922,149
2026-08-25T19:00:00Z,SOLAR,SOLAR,1697.1093236280813,1892
2026-08-25T19:00:00Z,WIND,WIND,134.48562950713352,5684
2026-08-25T20:00:00Z,ENERGY STORAGE,ENERGY STORAGE,-0.09105555691238906,270
2026-08-25T20:00:00Z,GAS,COGENERATION,3952.177087300486,6122
2026-08-25T20:00:00Z,GAS,COMBINED CYCLE,3400.7435409413442,3974
2026-08-25T20:00:00Z,GAS,GAS FIRED STEAM,1212.5806491258409,3078
2026-08-25T20:00:00Z,GAS,SIMPLE CYCLE,309.0083127264182,1014
2026-08-25T20:00:00Z,HYDRO,HYDRO,192.93132714324526,896
2026-08-25T20:00:00Z,OTHER,BIOMASS,110.47883120245403,195
2026-08-25T20:00:00Z,OTHER,COMPOSITE,0,20
2026-08-25T20:00:00Z,OTHER,GAS,1.9999510049819944,10
2026-08-25T20:00:00Z,OTHER,GAS COGEN,29.78564691225688,58
2026-08-25T20:00:00Z,OTHER,OIL/GAS,44.567099283006456,53
2026-08-25T20:00:00Z,OTHER,WOOD/REFUSE,87.90009986453586,149
2026-08-25T20:00:00Z,SOLAR,SOLAR,1722.730957148605,1892
2026-08-25T20:00:00Z,WIND,WIND,135.76399671174585,5684
2026-08-25T21:00:00Z,ENERGY STORAGE,ENERGY STORAGE,-0.09116666802515586,270
2026-08-25T21:00:00Z,GAS,COGENERATION,3944.7606049772103,6122
2026-08-25T21:00:00Z,GAS,COMBINED CYCLE,3415.870137377845,3974
2026-08-25T21:00:00Z,GAS,GAS FIRED STEAM,1224.6641484239367,3078
2026-08-25T21:00:00Z,GAS,SIMPLE CYCLE,376.41081792980435,1014
2026-08-25T21:00:00Z,HYDRO,HYDRO,261.0351119744612,896
2026-08-25T21:00:00Z,OTHER,BIOMASS,114.19694239709112,195
2026-08-25T21:00:00Z,OTHER,COMPOSITE,0,20
2026-08-25T21:00:00Z,OTHER,GAS,1.9999510049819944,10
2026-08-25T21:00:00Z,OTHER,GAS COGEN,30.010814286337958,58
2026-08-25T21:00:00Z,OTHER,OIL/GAS,43.90672135035197,53
2026-08-25T21:00:00Z,OTHER,WOOD/REFUSE,90.54551985952588,149
2026-08-25T21:00:00Z,SOLAR,SOLAR,1721.5832071508303,1892
2026-08-25T21:00:00Z,WIND,WIND,137.7791326981783,5684
2026-08-25T22:00:00Z,ENERGY STORAGE,ENERGY STORAGE,0.10177777929438485,270
2026-08-25T22:00:00Z,GAS,COGENERATION,4044.224353774587,6122
2026-08-25T22:00:00Z,GAS,COMBINED CYCLE,3421.793952864011,3974
2026-08-25T22:00:00Z,GAS,GAS FIRED STEAM,1224.7997597673204,3078
2026-08-25T22:00:00Z,GAS,SIMPLE CYCLE,434.82162416320705,1014
2026-08-25T22:00:00Z,HYDRO,HYDRO,321.60737224552366,896
2026-08-25T22:00:00Z,OTHER,BIOMASS,123.18454839918348,195
2026-08-25T22:00:00Z,OTHER,COMPOSITE,0,20
2026-08-25T22:00:00Z,OTHER,GAS,1.9999510049819944,10
2026-08-25T22:00:00Z,OTHER,GAS COGEN,30.143755392498434,58
2026-08-25T22:00:00Z,OTHER,OIL/GAS,44.49145404179891,53
2026-08-25T22:00:00Z,OTHER,WOOD/REFUSE,97.77507496992747,149
2026-08-25T22:00:00Z,SOLAR,SOLAR,1659.9682818244564,1892
2026-08-25T22:00:00Z,WIND,WIND,132.14778401845032,5684
2026-08-25T23:00:00Z,ENERGY STORAGE,ENERGY STORAGE,-0.04938888962484069,270
2026-08-25T23:00:00Z,GAS,COGENERATION,4064.4869208163022,6122
2026-08-25T23:00:00Z,GAS,COMBINED CYCLE,3316.741867764791,3974
2026-08-25T23:00:00Z,GAS,GAS FIRED STEAM,1265.5954824662208,3078
2026-08-25T23:00:00Z,GAS,SIMPLE CYCLE,540.7146629511482,1014
2026-08-25T23:00:00Z,HYDRO,HYDRO,320.8494664189302,896
2026-08-25T23:00:00Z,OTHER,BIOMASS,129.68244263807932,195
2026-08-25T23:00:00Z,OTHER,COMPOSITE,0,20
2026-08-25T23:00:00Z,OTHER,GAS,1.9999510049819944,10
2026-08-25T23:00:00Z,OTHER,GAS COGEN,30.53826192855835,58
2026-08-25T23:00:00Z,OTHER,OIL/GAS,44.17224923239814,53
2026-08-25T23:00:00Z,OTHER,WOOD/REFUSE,102.48739586247336,149
2026-08-25T23:00:00Z,SOLAR,SOLAR,1522.9911841851308,1892
2026-08-25T23:00:00Z,WIND,WIND,124.83813242134948,5684
2026-08-26T00:00:00Z,ENERGY STORAGE,ENERGY STORAGE,-0.09477777919007672,270
2026-08-26T00:00:00Z,GAS,COGENERATION,4075.52352710757,6122
2026-08-26T00:00:00Z,GAS,COMBINED CYCLE,3294.548230004311,3974
2026-08-26T00:00:00Z,GAS,GAS FIRED STEAM,1325.9039814164903,3078
2026-08-26T00:00:00Z,GAS,SIMPLE CYCLE,569.4740632120106,1014
2026-08-26T00:00:00Z,HYDRO,HYDRO,365.8491098521816,896
2026-08-26T00:00:00Z,OTHER,BIOMASS,136.3444427450498,195
2026-08-26T00:00:00Z,OTHER,COMPOSITE,0.03599999944368998,20
2026-08-26T00:00:00Z,OTHER,GAS,1.9999510049819944,10
2026-08-26T00:00:00Z,OTHER,GAS COGEN,30.915834916432697,58
2026-08-26T00:00:00Z,OTHER,OIL/GAS,43.63231608496772,53
2026-08-26T00:00:00Z,OTHER,WOOD/REFUSE,104.48338488207925,149
2026-08-26T00:00:00Z,SOLAR,SOLAR,1093.2565450022619,1892
2026-08-26T00:00:00Z,WIND,WIND,251.39973962970905,5684
2026-08-26T01:00:00Z,ENERGY STORAGE,ENERGY STORAGE,3.944777753630446,270
2026-08-26T01:00:00Z,GAS,COGENERATION,4100.664355739289,6122
2026-08-26T01:00:00Z,GAS,COMBINED CYCLE,3474.8276266696716,3974
2026-08-26T01:00:00Z,GAS,GAS FIRED STEAM,1359.5028141827054,3078
2026-08-26T01:00:00Z,GAS,SIMPLE CYCLE,622.5049899656905,1014
2026-08-26T01:00:00Z,HYDRO,HYDRO,310.1832975423667,896
2026-08-26T01:00:00Z,OTHER,BIOMASS,138.13977639118832,195
2026-08-26T01:00:00Z,OTHER,COMPOSITE,11.738555155330234,20
2026-08-26T01:00:00Z,OTHER,GAS,1.9999510049819944,10
2026-08-26T01:00:00Z,OTHER,GAS COGEN,31.020361693700153,58
2026-08-26T01:00:00Z,OTHER,OIL/GAS,43.62283809873793,53
2026-08-26T01:00:00Z,OTHER,WOOD/REFUSE,105.12685457812415,149
2026-08-26T01:00:00Z,SOLAR,SOLAR,340.41191238761775,1892
2026-08-26T01:00:00Z,WIND,WIND,617.1140645265331,5684
2026-08-26T02:00:00Z,ENERGY STORAGE,ENERGY STORAGE,2.0413333102232882,270
2026-08-26T02:00:00Z,GAS,COGENERATION,4114.9600490466755,6122
2026-08-26T02:00:00Z,GAS,COMBINED CYCLE,3296.593083124161,3974
2026-08-26T02:00:00Z,GAS,GAS FIRED STEAM,1326.116869032118,3078
2026-08-26T02:00:00Z,GAS,SIMPLE CYCLE,564.8460396454898,1014
2026-08-26T02:00:00Z,HYDRO,HYDRO,271.453732696871,896
2026-08-26T02:00:00Z,OTHER,BIOMASS,136.92933166450922,195
2026-08-26T02:00:00Z,OTHER,COMPOSITE,10.134388324419657,20
2026-08-26T02:00:00Z,OTHER,GAS,1.9999510049819944,10
2026-08-26T02:00:00Z,OTHER,GAS COGEN,31.024243274794685,58
2026-08-26T02:00:00Z,OTHER,OIL/GAS,44.203182277679446,53
2026-08-26T02:00:00Z,OTHER,WOOD/REFUSE,104.80910271909502,149
2026-08-26T02:00:00Z,SOLAR,SOLAR,8.032499905820522,1892
2026-08-26T02:00:00Z,WIND,WIND,1072.1922532884405,5684
2026-08-26T03:00:00Z,ENERGY STORAGE,ENERGY STORAGE,0.00233333319425582,270
2026-08-26T03:00:00Z,GAS,COGENERATION,4125.221071517533,6122
2026-08-26T03:00:00Z,GAS,COMBINED CYCLE,3181.1453529050614,3974
2026-08-26T03:00:00Z,GAS,GAS FIRED STEAM,1264.6165358218882,3078
2026-08-26T03:00:00Z,GAS,SIMPLE CYCLE,464.641562284761,1014
2026-08-26T03:00:00Z,HYDRO,HYDRO,220.7819687217474,896
2026-08-26T03:00:00Z,OTHER,BIOMASS,127.77166434314515,195
2026-08-26T03:00:00Z,OTHER,COMPOSITE,10.09999942779541,20
2026-08-26T03:00:00Z,OTHER,GAS,1.9999510049819944,10
2026-08-26T03:00:00Z,OTHER,GAS COGEN,31.23119621435801,58
2026-08-26T03:00:00Z,OTHER,OIL/GAS,43.913221232096355,53
2026-08-26T03:00:00Z,OTHER,WOOD/REFUSE,98.37823062684801,149
2026-08-26T03:00:00Z,SOLAR,SOLAR,0.4000000059604645,1892
2026-08-26T03:00:00Z,WIND,WIND,1386.1200400119853,5684
2026-08-26T04:00:00Z,ENERGY STORAGE,ENERGY STORAGE,0,270
2026-08-26T04:00:00Z,GAS,COGENERATION,4104.125742716127,6122
2026-08-26T04:00:00Z,GAS,COMBINED CYCLE,3209.2142219267953,3974
2026-08-26T04:00:00Z,GAS,GAS FIRED STEAM,866.235320693122,3078
2026-08-26T04:00:00Z,GAS,SIMPLE CYCLE,196.4922582739633,1014
2026-08-26T04:00:00Z,HYDRO,HYDRO,177.9607734970417,896
2026-08-26T04:00:00Z,OTHER,BIOMASS,122.20938600977262,195
2026-08-26T04:00:00Z,OTHER,COMPOSITE,0.20127777576446537,20
2026-08-26T04:00:00Z,OTHER,GAS,1.9999510049819944,10
2026-08-26T04:00:00Z,OTHER,GAS COGEN,31.140230290095012,58
2026-08-26T04:00:00Z,OTHER,OIL/GAS,43.570143148634166,53
2026-08-26T04:00:00Z,OTHER,WOOD/REFUSE,89.79916615857019,149
2026-08-26T04:00:00Z,SOLAR,SOLAR,0.4000000059604645,1892
2026-08-26T04:00:00Z,WIND,WIND,1773.3344968452966,5684
2026-08-26T05:00:00Z,ENERGY STORAGE,ENERGY STORAGE,0,270
2026-08-26T05:00:00Z,GAS,COGENERATION,4012.143392158548,6122
2026-08-26T05:00:00Z,GAS,COMBINED CYCLE,2962.2236986584135,3974
2026-08-26T05:00:00Z,GAS,GAS FIRED STEAM,689.6241556803385,3078
2026-08-26T05:00:00Z,GAS,SIMPLE CYCLE,157.8721640006701,1014
2026-08-26T05:00:00Z,HYDRO,HYDRO,143.21789338178104,896
2026-08-26T05:00:00Z,OTHER,BIOMASS,116.12066446569231,195
2026-08-26T05:00:00Z,OTHER,COMPOSITE,0,20
2026-08-26T05:00:00Z,OTHER,GAS,1.9999510049819944,10
2026-08-26T05:00:00Z,OTHER,GAS COGEN,31.478651904000177,58
2026-08-26T05:00:00Z,OTHER,OIL/GAS,43.61608806186252,53
2026-08-26T05:00:00Z,OTHER,WOOD/REFUSE,89.34815415223439,149
2026-08-26T05:00:00Z,SOLAR,SOLAR,0.4000000059604645,1892
2026-08-26T05:00:00Z,WIND,WIND,1977.300919405876,5684
2026-08-26T06:00:00Z,ENERGY STORAGE,ENERGY STORAGE,-4.114444422059589,270
2026-08-26T06:00:00Z,GAS,COGENERATION,3917.218335693611,6122
2026-08-26T06:00:00Z,GAS,COMBINED CYCLE,2594.7340448670916,3974
2026-08-26T06:00:00Z,GAS,GAS FIRED STEAM,539.5556590414047,3078
2026-08-26T06:00:00Z,GAS,SIMPLE CYCLE,173.62683109150993,1014
2026-08-26T06:00:00Z,HYDRO,HYDRO,153.93898637109334,896
2026-08-26T06:00:00Z,OTHER,BIOMASS,112.5241094472673,195
2026-08-26T06:00:00Z,OTHER,COMPOSITE,0,20
2026-08-26T06:00:00Z,OTHER,GAS,1.9999510049819944,10
2026-08-26T06:00:00Z,OTHER,GAS COGEN,31.32866814136505,58
2026-08-26T06:00:00Z,OTHER,OIL/GAS,43.34013737360636,53
2026-08-26T06:00:00Z,OTHER,WOOD/REFUSE,88.72832697126601,149
2026-08-26T06:00:00Z,SOLAR,SOLAR,0.4000000059604645,1892
2026-08-26T06:00:00Z,WIND,WIND,2313.066941478782,5684
2026-08-26T07:00:00Z,ENERGY STORAGE,ENERGY STORAGE,-12.696166588664054,270
2026-08-26T07:00:00Z,GAS,COGENERATION,3903.8406844606,6122
2026-08-26T07:00:00Z,GAS,COMBINED CYCLE,2279.828650987943,3974
2026-08-26T07:00:00Z,GAS,GAS FIRED STEAM,527.2215478891796,3078
2026-08-26T07:00:00Z,GAS,SIMPLE CYCLE,81.32516595946417,1014
2026-08-26T07:00:00Z,HYDRO,HYDRO,195.19170893910857,896
2026-08-26T07:00:00Z,OTHER,BIOMASS,113.37610930071936,195
2026-08-26T07:00:00Z,OTHER,COMPOSITE,0,20
2026-08-26T07:00:00Z,OTHER,GAS,1.9999510049819944,10
2026-08-26T07:00:00Z,OTHER,GAS COGEN,31.22696055200365,58
2026-08-26T07:00:00Z,OTHER,OIL/GAS,43.39939893298679,53
2026-08-26T07:00:00Z,OTHER,WOOD/REFUSE,84.6449363623725,149
2026-08-26T07:00:00Z,SOLAR,SOLAR,0.4000000059604645,1892
2026-08-26T07:00:00Z,WIND,WIND,2562.1206247520777,5684
2026-08-26T08:00:00Z,ENERGY STORAGE,ENERGY STORAGE,-7.367833357254664,270
2026-08-26T08:00:00Z,GAS,COGENERATION,3900.8168794021344,6122
2026-08-26T08:00:00Z,GAS,COMBINED CYCLE,2196.1980907964708,3974
2026-08-26T08:00:00Z,GAS,GAS FIRED STEAM,527.2323239580791,3078
2026-08-26T08:00:00Z,GAS,SIMPLE CYCLE,79.62611031717724,1014
2026-08-26T08:00:00Z,HYDRO,HYDRO,200.76566896266408,896
2026-08-26T08:00:00Z,OTHER,BIOMASS,114.64594310707517,195
2026-08-26T08:00:00Z,OTHER,COMPOSITE,0,20
2026-08-26T08:00:00Z,OTHER,GAS,1.9999510049819944,10
2026-08-26T08:00:00Z,OTHER,GAS COGEN,31.198300415674847,58
2026-08-26T08:00:00Z,OTHER,OIL/GAS,43.85578258514404,53
2026-08-26T08:00:00Z,OTHER,WOOD/REFUSE,81.19588061173756,149
2026-08-26T08:00:00Z,SOLAR,SOLAR,0.4000000059604645,1892
2026-08-26T08:00:00Z,WIND,WIND,2550.1576065884283,5684
2026-08-26T09:00:00Z,ENERGY STORAGE,ENERGY STORAGE,-3.200444492134783,270
2026-08-26T09:00:00Z,GAS,COGENERATION,3908.6382837322685,6122
2026-08-26T09:00:00Z,GAS,COMBINED CYCLE,2220.197598701583,3974
2026-08-26T09:00:00Z,GAS,GAS FIRED STEAM,527.366268020206,3078
2026-08-26T09:00:00Z,GAS,SIMPLE CYCLE,80.1008317510287,1014
2026-08-26T09:00:00Z,HYDRO,HYDRO,205.7006012537579,896
2026-08-26T09:00:00Z,OTHER,BIOMASS,113.33955323961047,195
2026-08-26T09:00:00Z,OTHER,COMPOSITE,0,20
2026-08-26T09:00:00Z,OTHER,GAS,1.9999510049819944,10
2026-08-26T09:00:00Z,OTHER,GAS COGEN,31.134757577048404,58
2026-08-26T09:00:00Z,OTHER,OIL/GAS,44.03510442309909,53
2026-08-26T09:00:00Z,OTHER,WOOD/REFUSE,81.81357589827644,149
2026-08-26T09:00:00Z,SOLAR,SOLAR,0.4000000059604645,1892
2026-08-26T09:00:00Z,WIND,WIND,2457.8244334181813,5684
2026-08-26T10:00:00Z,ENERGY STORAGE,ENERGY STORAGE,-2.9593333236376442,270
2026-08-26T10:00:00Z,GAS,COGENERATION,3934.7011675159797,6122
2026-08-26T10:00:00Z,GAS,COMBINED CYCLE,2296.825247094896,3974
2026-08-26T10:00:00Z,GAS,GAS FIRED STEAM,527.6553794415792,3078
2026-08-26T10:00:00Z,GAS,SIMPLE CYCLE,78.1551093257798,1014
2026-08-26T10:00:00Z,HYDRO,HYDRO,196.95565799218085,896
2026-08-26T10:00:00Z,OTHER,BIOMASS,115.2262201944987,195
2026-08-26T10:00:00Z,OTHER,COMPOSITE,0,20
2026-08-26T10:00:00Z,OTHER,GAS,1.9999510049819944,10
2026-08-26T10:00:00Z,OTHER,GAS COGEN,31.336149054103426,58
2026-08-26T10:00:00Z,OTHER,OIL/GAS,43.99570392396715,53
2026-08-26T10:00:00Z,OTHER,WOOD/REFUSE,81.87430500560336,149
2026-08-26T10:00:00Z,SOLAR,SOLAR,0.4000000059604645,1892
2026-08-26T10:00:00Z,WIND,WIND,2297.6335245878167,5684
2026-08-26T11:00:00Z,ENERGY STORAGE,ENERGY STORAGE,-0.6666111073560185,270
2026-08-26T11:00:00Z,GAS,COGENERATION,3973.14891175588,6122
2026-08-26T11:00:00Z,GAS,COMBINED CYCLE,2382.334350822237,3974
2026-08-26T11:00:00Z,GAS,GAS FIRED STEAM,529.9305461819966,3078
2026-08-26T11:00:00Z,GAS,SIMPLE CYCLE,84.05710953844918,1014
2026-08-26T11:00:00Z,HYDRO,HYDRO,225.083582696211,896
2026-08-26T11:00:00Z,OTHER,BIOMASS,114.65499754428863,195
2026-08-26T11:00:00Z,OTHER,COMPOSITE,0,20
2026-08-26T11:00:00Z,OTHER,GAS,1.9999510049819944,10
2026-08-26T11:00:00Z,OTHER,GAS COGEN,31.201588844723172,58
2026-08-26T11:00:00Z,OTHER,OIL/GAS,43.69947652816772,53
2026-08-26T11:00:00Z,OTHER,WOOD/REFUSE,82.12966590139601,149
2026-08-26T11:00:00Z,SOLAR,SOLAR,0.4000000059604645,1892
2026-08-26T11:00:00Z,WIND,WIND,2248.0017035484357,5684
2026-08-26T12:00:00Z,ENERGY STORAGE,ENERGY STORAGE,0.09566666830745008,270
2026-08-26T12:00:00Z,GAS,COGENERATION,3985.347881077528,6122
2026-08-26T12:00:00Z,GAS,COMBINED CYCLE,2503.3527675596874,3974
2026-08-26T12:00:00Z,GAS,GAS FIRED STEAM,534.1089923010932,3078
2026-08-26T12:00:00Z,GAS,SIMPLE CYCLE,86.03083174361123,1014
2026-08-26T12:00:00Z,HYDRO,HYDRO,234.13269838942423,896
2026-08-26T12:00:00Z,OTHER,BIOMASS,114.31783068444993,195
2026-08-26T12:00:00Z,OTHER,COMPOSITE,0,20
2026-08-26T12:00:00Z,OTHER,GAS,1.9999510049819944,10
2026-08-26T12:00:00Z,OTHER,GAS COGEN,31.418019107182822,58
2026-08-26T12:00:00Z,OTHER,OIL/GAS,43.63638239330716,53
2026-08-26T12:00:00Z,OTHER,WOOD/REFUSE,82.18776796499887,149
2026-08-26T12:00:00Z,SOLAR,SOLAR,6.6862221291371515,1892
2026-08-26T12:00:00Z,WIND,WIND,2257.4397415014687,5684
2026-08-26T13:00:00Z,ENERGY STORAGE,ENERGY STORAGE,0.10000000149011612,270
2026-08-26T13:00:00Z,GAS,COGENERATION,3972.1439752937686,6122
2026-08-26T13:00:00Z,GAS,COMBINED CYCLE,2757.72957950698,3974
2026-08-26T13:00:00Z,GAS,GAS FIRED STEAM,531.8416022046407,3078
2026-08-26T13:00:00Z,GAS,SIMPLE CYCLE,77.6818317082193,1014
2026-08-26T13:00:00Z,HYDRO,HYDRO,165.27920626521112,896
2026-08-26T13:00:00Z,OTHER,BIOMASS,114.82266441928016,195
2026-08-26T13:00:00Z,OTHER,COMPOSITE,0,20
2026-08-26T13:00:00Z,OTHER,GAS,1.9999510049819944,10
2026-08-26T13:00:00Z,OTHER,GAS COGEN,31.568743956353927,58
2026-08-26T13:00:00Z,OTHER,OIL/GAS,43.57027735180325,53
2026-08-26T13:00:00Z,OTHER,WOOD/REFUSE,81.29327590783437,149
2026-08-26T13:00:00Z,SOLAR,SOLAR,295.91706042185837,1892
2026-08-26T13:00:00Z,WIND,WIND,2103.098507839549,5684
2026-08-26T14:00:00Z,ENERGY STORAGE,ENERGY STORAGE,0.10000000149011612,270
2026-08-26T14:00:00Z,GAS,COGENERATION,3943.83362704436,6122
2026-08-26T14:00:00Z,GAS,COMBINED CYCLE,2721.576712424225,3974
2026-08-26T14:00:00Z,GAS,GAS FIRED STEAM,527.7820470523834,3078
2026-08-26T14:00:00Z,GAS,SIMPLE CYCLE,85.18205324610075,1014
2026-08-26T14:00:00Z,HYDRO,HYDRO,197.03778014321293,896
2026-08-26T14:00:00Z,OTHER,BIOMASS,113.58109750429789,195
2026-08-26T14:00:00Z,OTHER,COMPOSITE,0,20
2026-08-26T14:00:00Z,OTHER,GAS,1.9999510049819944,10
2026-08-26T14:00:00Z,OTHER,GAS COGEN,19.687621700167657,58
2026-08-26T14:00:00Z,OTHER,OIL/GAS,43.52784953435262,53
2026-08-26T14:00:00Z,OTHER,WOOD/REFUSE,83.35715397410922,149
2026-08-26T14:00:00Z,SOLAR,SOLAR,959.3680264098776,1892
2026-08-26T14:00:00Z,WIND,WIND,1755.1125352632337,5684
2026-08-26T15:00:00Z,ENERGY STORAGE,ENERGY STORAGE,0.10000000149011612,270
2026-08-26T15:00:00Z,GAS,COGENERATION,3909.523828458786,6122
2026-08-26T15:00:00Z,GAS,COMBINED CYCLE,2865.8228428819443,3974
2026-08-26T15:00:00Z,GAS,GAS FIRED STEAM,553.8335462284089,3078
2026-08-26T15:00:00Z,GAS,SIMPLE CYCLE,96.35994210431973,1014
2026-08-26T15:00:00Z,HYDRO,HYDRO,301.8116478052404,896
2026-08-26T15:00:00Z,OTHER,BIOMASS,113.11783112631903,195
2026-08-26T15:00:00Z,OTHER,COMPOSITE,0,20
2026-08-26T15:00:00Z,OTHER,GAS,1.9999510049819944,10
2026-08-26T15:00:00Z,OTHER,GAS COGEN,12.118832773102657,58
2026-08-26T15:00:00Z,OTHER,OIL/GAS,43.349082450866696,53
2026-08-26T15:00:00Z,OTHER,WOOD/REFUSE,84.54222608407338,149
2026-08-26T15:00:00Z,SOLAR,SOLAR,1405.0550237462255,1892
2026-08-26T15:00:00Z,WIND,WIND,1221.390857969274,5684
2026-08-26T16:00:00Z,ENERGY STORAGE,ENERGY STORAGE,0.10066666816671689,270
2026-08-26T16:00:00Z,GAS,COGENERATION,3950.30580768115,6122
2026-08-26T16:00:00Z,GAS,COMBINED CYCLE,3111.7155113342073,3974
2026-08-26T16:00:00Z,GAS,GAS FIRED STEAM,647.8359330083264,3078
2026-08-26T16:00:00Z,GAS,SIMPLE CYCLE,79.83427614059714,1014
2026-08-26T16:00:00Z,HYDRO,HYDRO,238.53442822615307,896
2026-08-26T16:00:00Z,OTHER,BIOMASS,104.764003742271,195
2026-08-26T16:00:00Z,OTHER,COMPOSITE,0,20
2026-08-26T16:00:00Z,OTHER,GAS,1.9999510049819944,10
2026-08-26T16:00:00Z,OTHER,GAS COGEN,11.879166656070286,58
2026-08-26T16:00:00Z,OTHER,OIL/GAS,44.25499915864732,53
2026-08-26T16:00:00Z,OTHER,WOOD/REFUSE,84.25323232226901,149
2026-08-26T16:00:00Z,SOLAR,SOLAR,1449.304992741214,1892
2026-08-26T16:00:00Z,WIND,WIND,1050.9752238907292,5684
2026-08-26T17:00:00Z,ENERGY STORAGE,ENERGY STORAGE,-0.06333333427707354,270
2026-08-26T17:00:00Z,GAS,COGENERATION,3970.111669025686,6122
2026-08-26T17:00:00Z,GAS,COMBINED CYCLE,3221.6485182873407,3974
2026-08-26T17:00:00Z,GAS,GAS FIRED STEAM,692.8040969763862,3078
2026-08-26T17:00:00Z,GAS,SIMPLE CYCLE,81.0638312913643,1014
2026-08-26T17:00:00Z,HYDRO,HYDRO,161.3085689410733,896
2026-08-26T17:00:00Z,OTHER,BIOMASS,105.6144981071684,195
2026-08-26T17:00:00Z,OTHER,COMPOSITE,0,20
2026-08-26T17:00:00Z,OTHER,GAS,1.9999510049819944,10
2026-08-26T17:00:00Z,OTHER,GAS COGEN,11.589666723675196,58
2026-08-26T17:00:00Z,OTHER,OIL/GAS,43.97913201649984,53
2026-08-26T17:00:00Z,OTHER,WOOD/REFUSE,83.78233608457778,149
2026-08-26T17:00:00Z,SOLAR,SOLAR,1628.0512917396757,1892
2026-08-26T17:00:00Z,WIND,WIND,1059.666383243555,5684
2026-08-26T18:00:00Z,ENERGY STORAGE,ENERGY STORAGE,0.10000000149011612,270
2026-08-26T18:00:00Z,GAS,COGENERATION,3940.98022645447,6122
2026-08-26T18:00:00Z,GAS,COMBINED CYCLE,3276.389890010092,3974
2026-08-26T18:00:00Z,GAS,GAS FIRED STEAM,644.1617660119798,3078
2026-08-26T18:00:00Z,GAS,SIMPLE CYCLE,88.72933130413294,1014
2026-08-26T18:00:00Z,HYDRO,HYDRO,258.91892748286324,896
2026-08-26T18:00:00Z,OTHER,BIOMASS,105.20986095918549,195
2026-08-26T18:00:00Z,OTHER,COMPOSITE,0,20
2026-08-26T18:00:00Z,OTHER,GAS,1.9999510049819944,10
2026-08-26T18:00:00Z,OTHER,GAS COGEN,11.304333208931816,58
2026-08-26T18:00:00Z,OTHER,OIL/GAS,43.856632720099554,53
2026-08-26T18:00:00Z,OTHER,WOOD/REFUSE,83.15266188303629,149
2026-08-26T18:00:00Z,SOLAR,SOLAR,1642.418316210144,1892
2026-08-26T18:00:00Z,WIND,WIND,1158.851819370861,5684
2026-08-26T19:00:00Z,ENERGY STORAGE,ENERGY STORAGE,0.11977777954604889,270
2026-08-26T19:00:00Z,GAS,COGENERATION,3898.887082715167,6122
2026-08-26T19:00:00Z,GAS,COMBINED CYCLE,3289.232451828321,3974
2026-08-26T19:00:00Z,GAS,GAS FIRED STEAM,897.9599845843845,3078
2026-08-26T19:00:00Z,GAS,SIMPLE CYCLE,92.71388703223732,1014
2026-08-26T19:00:00Z,HYDRO,HYDRO,272.330013439854,896
2026-08-26T19:00:00Z,OTHER,BIOMASS,110.46188689960374,195
2026-08-26T19:00:00Z,OTHER,COMPOSITE,0,20
2026-08-26T19:00:00Z,OTHER,GAS,1.9999510049819944,10
2026-08-26T19:00:00Z,OTHER,GAS COGEN,11.097999744415285,58
2026-08-26T19:00:00Z,OTHER,OIL/GAS,43.709776626163055,53
2026-08-26T19:00:00Z,OTHER,WOOD/REFUSE,84.27749033610026,149
2026-08-26T19:00:00Z,SOLAR,SOLAR,1655.5918620218172,1892
2026-08-26T19:00:00Z,WIND,WIND,1146.3506871842592,5684
2026-08-26T20:00:00Z,ENERGY STORAGE,ENERGY STORAGE,0.10000000149011612,270
2026-08-26T20:00:00Z,GAS,COGENERATION,3874.1780104438462,6122
2026-08-26T20:00:00Z,GAS,COMBINED CYCLE,3370.555809093581,3974
2026-08-26T20:00:00Z,GAS,GAS FIRED STEAM,1059.3898727438186,3078
2026-08-26T20:00:00Z,GAS,SIMPLE CYCLE,105.02538701034668,1014
2026-08-26T20:00:00Z,HYDRO,HYDRO,262.3059799013535,896
2026-08-26T20:00:00Z,OTHER,BIOMASS,111.66355348057218,195
2026-08-26T20:00:00Z,OTHER,COMPOSITE,0,20
2026-08-26T20:00:00Z,OTHER,GAS,1.9999510049819944,10
2026-08-26T20:00:00Z,OTHER,GAS COGEN,10.899999618530272,58
2026-08-26T20:00:00Z,OTHER,OIL/GAS,43.62984363555909,53
2026-08-26T20:00:00Z,OTHER,WOOD/REFUSE,85.51543740431468,149
2026-08-26T20:00:00Z,SOLAR,SOLAR,1644.3446701705457,1892
2026-08-26T20:00:00Z,WIND,WIND,1047.0119270342877,5684
2026-08-26T21:00:00Z,ENERGY STORAGE,ENERGY STORAGE,0.10000000149011612,270
2026-08-26T21:00:00Z,GAS,COGENERATION,3872.255792826083,6122
2026-08-26T21:00:00Z,GAS,COMBINED CYCLE,3390.7002264340717,3974
2026-08-26T21:00:00Z,GAS,GAS FIRED STEAM,1164.209981810252,3078
2026-08-26T21:00:00Z,GAS,SIMPLE CYCLE,248.0759276282953,1014
2026-08-26T21:00:00Z,HYDRO,HYDRO,286.590115361313,896
2026-08-26T21:00:00Z,OTHER,BIOMASS,108.68483645207353,195
2026-08-26T21:00:00Z,OTHER,COMPOSITE,0,20
2026-08-26T21:00:00Z,OTHER,GAS,1.9999510049819944,10
2026-08-26T21:00:00Z,OTHER,GAS COGEN,10.762166197564866,58
2026-08-26T21:00:00Z,OTHER,OIL/GAS,43.43718827565511,53
2026-08-26T21:00:00Z,OTHER,WOOD/REFUSE,90.06156303829617,149
2026-08-26T21:00:00Z,SOLAR,SOLAR,1638.6219922910796,1892
2026-08-26T21:00:00Z,WIND,WIND,891.7287591232607,5684
2026-08-26T22:00:00Z,ENERGY STORAGE,ENERGY STORAGE,0.09600000143051148,270
2026-08-26T22:00:00Z,GAS,COGENERATION,3868.543516656359,6122
2026-08-26T22:00:00Z,GAS,COMBINED CYCLE,3451.6425786569384,3974
2026-08-26T22:00:00Z,GAS,GAS FIRED STEAM,1221.480538137224,3078
2026-08-26T22:00:00Z,GAS,SIMPLE CYCLE,354.9415385627415,1014
2026-08-26T22:00:00Z,HYDRO,HYDRO,436.9609111699131,896
2026-08-26T22:00:00Z,OTHER,BIOMASS,117.06978649013571,195
2026-08-26T22:00:00Z,OTHER,COMPOSITE,0,20
2026-08-26T22:00:00Z,OTHER,GAS,1.9999510049819944,10
2026-08-26T22:00:00Z,OTHER,GAS COGEN,10.614666103786892,58
2026-08-26T22:00:00Z,OTHER,OIL/GAS,43.654576755099825,53
2026-08-26T22:00:00Z,OTHER,WOOD/REFUSE,96.57911011960772,149
2026-08-26T22:00:00Z,SOLAR,SOLAR,1592.166459050576,1892
2026-08-26T22:00:00Z,WIND,WIND,708.3739136385173,5684
2026-08-26T23:00:00Z,ENERGY STORAGE,ENERGY STORAGE,0.10000000149011612,270
2026-08-26T23:00:00Z,GAS,COGENERATION,3886.8819615827006,6122
2026-08-26T23:00:00Z,GAS,COMBINED CYCLE,3481.3878940025966,3974
2026-08-26T23:00:00Z,GAS,GAS FIRED STEAM,1250.677203237348,3078
2026-08-26T23:00:00Z,GAS,SIMPLE CYCLE,530.094535772668,1014
2026-08-26T23:00:00Z,HYDRO,HYDRO,422.1363433008724,896
2026-08-26T23:00:00Z,OTHER,BIOMASS,122.19484231154124,195
2026-08-26T23:00:00Z,OTHER,COMPOSITE,0,20
2026-08-26T23:00:00Z,OTHER,GAS,1.9999510049819944,10
2026-08-26T23:00:00Z,OTHER,GAS COGEN,10.59999942779541,58
2026-08-26T23:00:00Z,OTHER,OIL/GAS,43.93079343795776,53
2026-08-26T23:00:00Z,OTHER,WOOD/REFUSE,104.37641292677986,149
2026-08-26T23:00:00Z,SOLAR,SOLAR,1436.9060912098487,1892
2026-08-26T23:00:00Z,WIND,WIND,619.6598405716403,5684
2026-08-27T00:00:00Z,ENERGY STORAGE,ENERGY STORAGE,5.2833332289051675,270
2026-08-27T00:00:00Z,GAS,COGENERATION,3901.0143407226933,6122
2026-08-27T00:00:00Z,GAS,COMBINED CYCLE,3482.783955113093,3974
2026-08-27T00:00:00Z,GAS,GAS FIRED STEAM,1456.9744756172763,3078
2026-08-27T00:00:00Z,GAS,SIMPLE CYCLE,608.5588218244249,1014
2026-08-27T00:00:00Z,HYDRO,HYDRO,393.8608520161443,896
2026-08-27T00:00:00Z,OTHER,BIOMASS,128.61433175457847,195
2026-08-27T00:00:00Z,OTHER,COMPOSITE,0.5499999968210856,20
2026-08-27T00:00:00Z,OTHER,GAS,1.9999510049819944,10
2026-08-27T00:00:00Z,OTHER,GAS COGEN,10.738166182306076,58
2026-08-27T00:00:00Z,OTHER,OIL/GAS,43.81660501268175,53
2026-08-27T00:00:00Z,OTHER,WOOD/REFUSE,105.66658182991875,149
2026-08-27T00:00:00Z,SOLAR,SOLAR,886.4963105547428,1892
2026-08-27T00:00:00Z,WIND,WIND,715.8600121102813,5684
2026-08-27T01:00:00Z,ENERGY STORAGE,ENERGY STORAGE,4.4444445106718e-4,270
2026-08-27T01:00:00Z,GAS,COGENERATION,3895.142217090329,6122
2026-08-27T01:00:00Z,GAS,COMBINED CYCLE,3420.7241368749405,3974
2026-08-27T01:00:00Z,GAS,GAS FIRED STEAM,1292.2033702023825,3078
2026-08-27T01:00:00Z,GAS,SIMPLE CYCLE,601.4162434327602,1014
2026-08-27T01:00:00Z,HYDRO,HYDRO,377.6069669353465,896
2026-08-27T01:00:00Z,OTHER,BIOMASS,131.92238716602324,195
2026-08-27T01:00:00Z,OTHER,COMPOSITE,11.605777548684014,20
2026-08-27T01:00:00Z,OTHER,GAS,1.9568954391611948,10
2026-08-27T01:00:00Z,OTHER,GAS COGEN,10.899999618530272,58
2026-08-27T01:00:00Z,OTHER,OIL/GAS,44.1475490781996,53
2026-08-27T01:00:00Z,OTHER,WOOD/REFUSE,105.79316178003947,149
2026-08-27T01:00:00Z,SOLAR,SOLAR,259.1544766211841,1892
2026-08-27T01:00:00Z,WIND,WIND,1228.3442997173718,5684
2026-08-27T02:00:00Z,ENERGY STORAGE,ENERGY STORAGE,-0.5298333439562055,270
2026-08-27T02:00:00Z,GAS,COGENERATION,3867.201898657481,6122
2026-08-27T02:00:00Z,GAS,COMBINED CYCLE,3185.9858851464587,3974
2026-08-27T02:00:00Z,GAS,GAS FIRED STEAM,1137.9518709376123,3078
2026-08-27T02:00:00Z,GAS,SIMPLE CYCLE,371.6849589253465,1014
2026-08-27T02:00:00Z,HYDRO,HYDRO,291.3064389926195,896
2026-08-27T02:00:00Z,OTHER,BIOMASS,123.57888728989495,195
2026-08-27T02:00:00Z,OTHER,COMPOSITE,11.726999826431276,20
2026-08-27T02:00:00Z,OTHER,GAS,1.8999509811401367,10
2026-08-27T02:00:00Z,OTHER,GAS COGEN,11.18066646364,58
2026-08-27T02:00:00Z,OTHER,OIL/GAS,44.13309836493598,53
2026-08-27T02:00:00Z,OTHER,WOOD/REFUSE,97.09990370909374,149
2026-08-27T02:00:00Z,SOLAR,SOLAR,2.1992162572965026,1892
2026-08-27T02:00:00Z,WIND,WIND,2147.775675084417,5684
2026-08-27T03:00:00Z,ENERGY STORAGE,ENERGY STORAGE,-0.14661110932628313,270
2026-08-27T03:00:00Z,GAS,COGENERATION,3790.4511383888457,6122
2026-08-27T03:00:00Z,GAS,COMBINED CYCLE,3068.502687772645,3974
2026-08-27T03:00:00Z,GAS,GAS FIRED STEAM,781.7247113090092,3078
2026-08-27T03:00:00Z,GAS,SIMPLE CYCLE,233.57273221553612,1014
2026-08-27T03:00:00Z,HYDRO,HYDRO,158.42621771030957,896
2026-08-27T03:00:00Z,OTHER,BIOMASS,112.21744241608513,195
2026-08-27T03:00:00Z,OTHER,COMPOSITE,2.088277778360579,20
2026-08-27T03:00:00Z,OTHER,GAS,1.8999509811401367,10
2026-08-27T03:00:00Z,OTHER,GAS COGEN,11.5,58
2026-08-27T03:00:00Z,OTHER,OIL/GAS,43.95916624704997,53
2026-08-27T03:00:00Z,OTHER,WOOD/REFUSE,85.35010218408372,149
2026-08-27T03:00:00Z,SOLAR,SOLAR,0.30000000447034836,1892
2026-08-27T03:00:00Z,WIND,WIND,2973.4379032015636,5684
2026-08-27T04:00:00Z,ENERGY STORAGE,ENERGY STORAGE,0,270
2026-08-27T04:00:00Z,GAS,COGENERATION,3709.6988138802185,6122
2026-08-27T04:00:00Z,GAS,COMBINED CYCLE,2555.1388430060283,3974
2026-08-27T04:00:00Z,GAS,GAS FIRED STEAM,562.2327129968007,3078
2026-08-27T04:00:00Z,GAS,SIMPLE CYCLE,225.5142753699091,1014
2026-08-27T04:00:00Z,HYDRO,HYDRO,238.58070459403098,896
2026-08-27T04:00:00Z,OTHER,BIOMASS,115.83764775166908,195
2026-08-27T04:00:00Z,OTHER,COMPOSITE,0,20
2026-08-27T04:00:00Z,OTHER,GAS,1.8999509811401367,10
2026-08-27T04:00:00Z,OTHER,GAS COGEN,11.5,58
2026-08-27T04:00:00Z,OTHER,OIL/GAS,44.433188086615665,53
2026-08-27T04:00:00Z,OTHER,WOOD/REFUSE,80.60727739651998,149
2026-08-27T04:00:00Z,SOLAR,SOLAR,0.30000000447034836,1892
2026-08-27T04:00:00Z,WIND,WIND,3365.009860103478,5684
2026-08-27T05:00:00Z,ENERGY STORAGE,ENERGY STORAGE,0,270
2026-08-27T05:00:00Z,GAS,COGENERATION,3734.8794854754874,6122
2026-08-27T05:00:00Z,GAS,COMBINED CYCLE,2524.30121187422,3974
2026-08-27T05:00:00Z,GAS,GAS FIRED STEAM,533.042991721895,3078
2026-08-27T05:00:00Z,GAS,SIMPLE CYCLE,121.93677758322822,1014
2026-08-27T05:00:00Z,HYDRO,HYDRO,190.7182279841105,896
2026-08-27T05:00:00Z,OTHER,BIOMASS,113.5728314394421,195
2026-08-27T05:00:00Z,OTHER,COMPOSITE,0,20
2026-08-27T05:00:00Z,OTHER,GAS,1.8999509811401367,10
2026-08-27T05:00:00Z,OTHER,GAS COGEN,11.60733340157403,58
2026-08-27T05:00:00Z,OTHER,OIL/GAS,44.29744343651666,53
2026-08-27T05:00:00Z,OTHER,WOOD/REFUSE,80.63066849072774,149
2026-08-27T05:00:00Z,SOLAR,SOLAR,0.30000000447034836,1892
2026-08-27T05:00:00Z,WIND,WIND,3263.3089714079183,5684
2026-08-27T06:00:00Z,ENERGY STORAGE,ENERGY STORAGE,-8.88216665085819,270
2026-08-27T06:00:00Z,GAS,COGENERATION,3733.8065022126834,6122
2026-08-27T06:00:00Z,GAS,COMBINED CYCLE,2309.389849965837,3974
2026-08-27T06:00:00Z,GAS,GAS FIRED STEAM,531.1288809490204,3078
2026-08-27T06:00:00Z,GAS,SIMPLE CYCLE,113.45122288862865,1014
2026-08-27T06:00:00Z,HYDRO,HYDRO,175.79235269190536,896
2026-08-27T06:00:00Z,OTHER,BIOMASS,112.86716488175922,195
2026-08-27T06:00:00Z,OTHER,COMPOSITE,0,20
2026-08-27T06:00:00Z,OTHER,GAS,1.8999509811401367,10
2026-08-27T06:00:00Z,OTHER,GAS COGEN,11.661000102361044,58
2026-08-27T06:00:00Z,OTHER,OIL/GAS,44.37112177318997,53
2026-08-27T06:00:00Z,OTHER,WOOD/REFUSE,80.78312399493323,149
2026-08-27T06:00:00Z,SOLAR,SOLAR,0.30000000447034836,1892
2026-08-27T06:00:00Z,WIND,WIND,3262.803503621403,5684
2026-08-27T07:00:00Z,ENERGY STORAGE,ENERGY STORAGE,-10.015666640467114,270
2026-08-27T07:00:00Z,GAS,COGENERATION,3761.958618159427,6122
2026-08-27T07:00:00Z,GAS,COMBINED CYCLE,2615.3091580910154,3974
2026-08-27T07:00:00Z,GAS,GAS FIRED STEAM,535.8743253888024,3078
2026-08-27T07:00:00Z,GAS,SIMPLE CYCLE,113.82072247505188,1014
2026-08-27T07:00:00Z,HYDRO,HYDRO,211.00762663861116,896
2026-08-27T07:00:00Z,OTHER,BIOMASS,112.42066443284352,195
2026-08-27T07:00:00Z,OTHER,COMPOSITE,0,20
2026-08-27T07:00:00Z,OTHER,GAS,1.8999509811401367,10
2026-08-27T07:00:00Z,OTHER,GAS COGEN,11.537833357387118,58
2026-08-27T07:00:00Z,OTHER,OIL/GAS,43.0736767578125,53
2026-08-27T07:00:00Z,OTHER,WOOD/REFUSE,81.16488370153638,149
2026-08-27T07:00:00Z,SOLAR,SOLAR,0.30000000447034836,1892
2026-08-27T07:00:00Z,WIND,WIND,2632.926644712463,5684
2026-08-27T08:00:00Z,ENERGY STORAGE,ENERGY STORAGE,-2.907333308441771,270
2026-08-27T08:00:00Z,GAS,COGENERATION,3790.7908724993467,6122
2026-08-27T08:00:00Z,GAS,COMBINED CYCLE,2427.20063984606,3974
2026-08-27T08:00:00Z,GAS,GAS FIRED STEAM,536.3674907101525,3078
2026-08-27T08:00:00Z,GAS,SIMPLE CYCLE,113.85433393160503,1014
2026-08-27T08:00:00Z,HYDRO,HYDRO,181.62887083858251,896
2026-08-27T08:00:00Z,OTHER,BIOMASS,111.63788679387834,195
2026-08-27T08:00:00Z,OTHER,COMPOSITE,0,20
2026-08-27T08:00:00Z,OTHER,GAS,2.016617629263136,10
2026-08-27T08:00:00Z,OTHER,GAS COGEN,11.589499923917982,58
2026-08-27T08:00:00Z,OTHER,OIL/GAS,41.8113267411126,53
2026-08-27T08:00:00Z,OTHER,WOOD/REFUSE,80.13642863750458,149
2026-08-27T08:00:00Z,SOLAR,SOLAR,0.30000000447034836,1892
2026-08-27T08:00:00Z,WIND,WIND,2669.873062852795,5684
2026-08-27T09:00:00Z,ENERGY STORAGE,ENERGY STORAGE,-2.1713888650470308,270
2026-08-27T09:00:00Z,GAS,COGENERATION,3846.29416326344,6122
2026-08-27T09:00:00Z,GAS,COMBINED CYCLE,2679.900185872714,3974
2026-08-27T09:00:00Z,GAS,GAS FIRED STEAM,567.9253786542681,3078
2026-08-27T09:00:00Z,GAS,SIMPLE CYCLE,113.59277792241838,1014
2026-08-27T09:00:00Z,HYDRO,HYDRO,230.0146837748256,896
2026-08-27T09:00:00Z,OTHER,BIOMASS,112.95477500756581,195
2026-08-27T09:00:00Z,OTHER,COMPOSITE,0,20
2026-08-27T09:00:00Z,OTHER,GAS,2.0466176244947647,10
2026-08-27T09:00:00Z,OTHER,GAS COGEN,11.946999966303508,58
2026-08-27T09:00:00Z,OTHER,OIL/GAS,41.85962675094604,53
2026-08-27T09:00:00Z,OTHER,WOOD/REFUSE,80.20534612496694,149
2026-08-27T09:00:00Z,SOLAR,SOLAR,0.30000000447034836,1892
2026-08-27T09:00:00Z,WIND,WIND,2126.4339084616054,5684
2026-08-27T10:00:00Z,ENERGY STORAGE,ENERGY STORAGE,-0.9449444251424736,270
2026-08-27T10:00:00Z,GAS,COGENERATION,4029.644717014498,6122
2026-08-27T10:00:00Z,GAS,COMBINED CYCLE,2812.0486951828,3974
2026-08-27T10:00:00Z,GAS,GAS FIRED STEAM,615.0514893182119,3078
2026-08-27T10:00:00Z,GAS,SIMPLE CYCLE,113.57572220219507,1014
2026-08-27T10:00:00Z,HYDRO,HYDRO,134.27601659301254,896
2026-08-27T10:00:00Z,OTHER,BIOMASS,112.97277557876374,195
2026-08-27T10:00:00Z,OTHER,COMPOSITE,0,20
2026-08-27T10:00:00Z,OTHER,GAS,1.8999509811401367,10
2026-08-27T10:00:00Z,OTHER,GAS COGEN,11.863833246760898,58
2026-08-27T10:00:00Z,OTHER,OIL/GAS,42.147844019995794,53
2026-08-27T10:00:00Z,OTHER,WOOD/REFUSE,79.28554108990562,149
2026-08-27T10:00:00Z,SOLAR,SOLAR,0.30000000447034836,1892
2026-08-27T10:00:00Z,WIND,WIND,1857.7766474092089,5684
2026-08-27T11:00:00Z,ENERGY STORAGE,ENERGY STORAGE,0.03400000378489494,270
2026-08-27T11:00:00Z,GAS,COGENERATION,3973.6090250035127,6122
2026-08-27T11:00:00Z,GAS,COMBINED CYCLE,2418.1146821716097,3974
2026-08-27T11:00:00Z,GAS,GAS FIRED STEAM,534.2643801445431,3078
2026-08-27T11:00:00Z,GAS,SIMPLE CYCLE,114.05555581728618,1014
2026-08-27T11:00:00Z,HYDRO,HYDRO,193.34391652211548,896
2026-08-27T11:00:00Z,OTHER,BIOMASS,114.03360917886098,195
2026-08-27T11:00:00Z,OTHER,COMPOSITE,0,20
2026-08-27T11:00:00Z,OTHER,GAS,1.3288538955979876,10
2026-08-27T11:00:00Z,OTHER,GAS COGEN,12.054000034332276,58
2026-08-27T11:00:00Z,OTHER,OIL/GAS,42.038887907663984,53
2026-08-27T11:00:00Z,OTHER,WOOD/REFUSE,80.40543991459741,149
2026-08-27T11:00:00Z,SOLAR,SOLAR,0.30000000447034836,1892
2026-08-27T11:00:00Z,WIND,WIND,2416.356587735671,5684
2026-08-27T12:00:00Z,ENERGY STORAGE,ENERGY STORAGE,0.10000000149011612,270
2026-08-27T12:00:00Z,GAS,COGENERATION,3980.908543870184,6122
2026-08-27T12:00:00Z,GAS,COMBINED CYCLE,2597.2969759045704,3974
2026-08-27T12:00:00Z,GAS,GAS FIRED STEAM,535.1521569474538,3078
2026-08-27T12:00:00Z,GAS,SIMPLE CYCLE,114.10972286012438,1014
2026-08-27T12:00:00Z,HYDRO,HYDRO,201.43438938180606,896
2026-08-27T12:00:00Z,OTHER,BIOMASS,115.82021944840749,195
2026-08-27T12:00:00Z,OTHER,COMPOSITE,0,20
2026-08-27T12:00:00Z,OTHER,GAS,1.2344069164991378,10
2026-08-27T12:00:00Z,OTHER,GAS COGEN,12.254833495352004,58
2026-08-27T12:00:00Z,OTHER,OIL/GAS,42.16361635420058,53
2026-08-27T12:00:00Z,OTHER,WOOD/REFUSE,82.4774651257197,149
2026-08-27T12:00:00Z,SOLAR,SOLAR,2.045944439553552,1892
2026-08-27T12:00:00Z,WIND,WIND,2493.446225280832,5684
2026-08-27T13:00:00Z,ENERGY STORAGE,ENERGY STORAGE,0.10000000149011612,270
2026-08-27T13:00:00Z,GAS,COGENERATION,4000.825573474831,6122
2026-08-27T13:00:00Z,GAS,COMBINED CYCLE,2734.1470504842864,3974
2026-08-27T13:00:00Z,GAS,GAS FIRED STEAM,537.7829357454511,3078
2026-08-27T13:00:00Z,GAS,SIMPLE CYCLE,118.45083286285401,1014
2026-08-27T13:00:00Z,HYDRO,HYDRO,194.06770970953835,896
2026-08-27T13:00:00Z,OTHER,BIOMASS,116.08560853640238,195
2026-08-27T13:00:00Z,OTHER,COMPOSITE,0,20
2026-08-27T13:00:00Z,OTHER,GAS,1.9999510049819944,10
2026-08-27T13:00:00Z,OTHER,GAS COGEN,12.103000065485636,58
2026-08-27T13:00:00Z,OTHER,OIL/GAS,42.74160983403524,53
2026-08-27T13:00:00Z,OTHER,WOOD/REFUSE,82.92394239849514,149
2026-08-27T13:00:00Z,SOLAR,SOLAR,154.25256344968247,1892
2026-08-27T13:00:00Z,WIND,WIND,2482.8086340474088,5684
2026-08-27T14:00:00Z,ENERGY STORAGE,ENERGY STORAGE,0.10000000149011612,270
2026-08-27T14:00:00Z,GAS,COGENERATION,4000.5215212095445,6122
2026-08-27T14:00:00Z,GAS,COMBINED CYCLE,2842.4912642468344,3974
2026-08-27T14:00:00Z,GAS,GAS FIRED STEAM,552.2531577120886,3078
2026-08-27T14:00:00Z,GAS,SIMPLE CYCLE,85.97716479089524,1014
2026-08-27T14:00:00Z,HYDRO,HYDRO,219.56312523406413,896
2026-08-27T14:00:00Z,OTHER,BIOMASS,115.74471970823076,195
2026-08-27T14:00:00Z,OTHER,COMPOSITE,0,20
2026-08-27T14:00:00Z,OTHER,GAS,1.9999510049819944,10
2026-08-27T14:00:00Z,OTHER,GAS COGEN,12.015166676309374,58
2026-08-27T14:00:00Z,OTHER,OIL/GAS,42.27683811187744,53
2026-08-27T14:00:00Z,OTHER,WOOD/REFUSE,82.64187670813666,149
2026-08-27T14:00:00Z,SOLAR,SOLAR,423.0519337558829,1892
2026-08-27T14:00:00Z,WIND,WIND,2326.19075439723,5684
2026-08-27T15:00:00Z,ENERGY STORAGE,ENERGY STORAGE,0.09866666813691458,270
2026-08-27T15:00:00Z,GAS,COGENERATION,4114.820103263789,6122
2026-08-27T15:00:00Z,GAS,COMBINED CYCLE,3101.5693454551697,3974
2026-08-27T15:00:00Z,GAS,GAS FIRED STEAM,680.7780435827043,3078
2026-08-27T15:00:00Z,GAS,SIMPLE CYCLE,76.19938740422329,1014
2026-08-27T15:00:00Z,HYDRO,HYDRO,182.9443080581559,896
2026-08-27T15:00:00Z,OTHER,BIOMASS,114.98660894499885,195
2026-08-27T15:00:00Z,OTHER,COMPOSITE,0,20
2026-08-27T15:00:00Z,OTHER,GAS,1.9999510049819944,10
2026-08-27T15:00:00Z,OTHER,GAS COGEN,11.967166645791796,58
2026-08-27T15:00:00Z,OTHER,OIL/GAS,42.172899152967666,53
2026-08-27T15:00:00Z,OTHER,WOOD/REFUSE,83.79726364135742,149
2026-08-27T15:00:00Z,SOLAR,SOLAR,645.8830118478504,1892
2026-08-27T15:00:00Z,WIND,WIND,1812.6780978048344,5684
2026-08-27T16:00:00Z,ENERGY STORAGE,ENERGY STORAGE,0.10088889039225048,270
2026-08-27T16:00:00Z,GAS,COGENERATION,4116.8686739499035,6122
2026-08-27T16:00:00Z,GAS,COMBINED CYCLE,3098.843982469241,3974
2026-08-27T16:00:00Z,GAS,GAS FIRED STEAM,645.4879330645667,3078
2026-08-27T16:00:00Z,GAS,SIMPLE CYCLE,76.88299852053325,1014
2026-08-27T16:00:00Z,HYDRO,HYDRO,182.97644820690155,896
2026-08-27T16:00:00Z,OTHER,BIOMASS,111.47655268457201,195
2026-08-27T16:00:00Z,OTHER,COMPOSITE,0,20
2026-08-27T16:00:00Z,OTHER,GAS,1.9999510049819944,10
2026-08-27T16:00:00Z,OTHER,GAS COGEN,11.755666511323716,58
2026-08-27T16:00:00Z,OTHER,OIL/GAS,42.31920505735609,53
2026-08-27T16:00:00Z,OTHER,WOOD/REFUSE,84.9397963756985,149
2026-08-27T16:00:00Z,SOLAR,SOLAR,1241.5446565796601,1892
2026-08-27T16:00:00Z,WIND,WIND,1421.2654662014213,5684
2026-08-27T17:00:00Z,ENERGY STORAGE,ENERGY STORAGE,0.10911111273699337,270
2026-08-27T17:00:00Z,GAS,COGENERATION,4075.731543263793,6122
2026-08-27T17:00:00Z,GAS,COMBINED CYCLE,3118.1666520982317,3974
2026-08-27T17:00:00Z,GAS,GAS FIRED STEAM,706.1652642705706,3078
2026-08-27T17:00:00Z,GAS,SIMPLE CYCLE,79.3460027461085,1014
2026-08-27T17:00:00Z,HYDRO,HYDRO,191.0409308128887,896
2026-08-27T17:00:00Z,OTHER,BIOMASS,111.35288612763087,195
2026-08-27T17:00:00Z,OTHER,COMPOSITE,0,20
2026-08-27T17:00:00Z,OTHER,GAS,1.9999510049819944,10
2026-08-27T17:00:00Z,OTHER,GAS COGEN,11.451999651590985,58
2026-08-27T17:00:00Z,OTHER,OIL/GAS,42.12370501200358,53
2026-08-27T17:00:00Z,OTHER,WOOD/REFUSE,85.1370439836714,149
2026-08-27T17:00:00Z,SOLAR,SOLAR,1419.1963640775282,1892
2026-08-27T17:00:00Z,WIND,WIND,1381.6632581078302,5684
2026-08-27T18:00:00Z,ENERGY STORAGE,ENERGY STORAGE,0.07272222330586778,270
2026-08-27T18:00:00Z,GAS,COGENERATION,4011.0056395720776,6122
2026-08-27T18:00:00Z,GAS,COMBINED CYCLE,3226.249965824551,3974
2026-08-27T18:00:00Z,GAS,GAS FIRED STEAM,825.9853193887075,3078
2026-08-27T18:00:00Z,GAS,SIMPLE CYCLE,183.31201057174138,1014
2026-08-27T18:00:00Z,HYDRO,HYDRO,190.40430014106963,896
2026-08-27T18:00:00Z,OTHER,BIOMASS,108.60555315362083,195
2026-08-27T18:00:00Z,OTHER,COMPOSITE,0,20
2026-08-27T18:00:00Z,OTHER,GAS,1.9999510049819944,10
2026-08-27T18:00:00Z,OTHER,GAS COGEN,11.12433277659946,58
2026-08-27T18:00:00Z,OTHER,OIL/GAS,42.16496609157986,53
2026-08-27T18:00:00Z,OTHER,WOOD/REFUSE,84.19382502820757,149
2026-08-27T18:00:00Z,SOLAR,SOLAR,1209.5317391158476,1892
2026-08-27T18:00:00Z,WIND,WIND,1489.6829650779564,5684
2026-08-27T19:00:00Z,ENERGY STORAGE,ENERGY STORAGE,0.030166666383544607,270
2026-08-27T19:00:00Z,GAS,COGENERATION,3973.0859501058526,6122
2026-08-27T19:00:00Z,GAS,COMBINED CYCLE,3242.2204167318346,3974
2026-08-27T19:00:00Z,GAS,GAS FIRED STEAM,837.5444309944577,3078
2026-08-27T19:00:00Z,GAS,SIMPLE CYCLE,222.6465527390109,1014
2026-08-27T19:00:00Z,HYDRO,HYDRO,197.66818572322526,896
2026-08-27T19:00:00Z,OTHER,BIOMASS,106.41316444741355,195
2026-08-27T19:00:00Z,OTHER,COMPOSITE,0,20
2026-08-27T19:00:00Z,OTHER,GAS,1.9999510049819944,10
2026-08-27T19:00:00Z,OTHER,GAS COGEN,10.967833097245958,58
2026-08-27T19:00:00Z,OTHER,OIL/GAS,42.197749055226645,53
2026-08-27T19:00:00Z,OTHER,WOOD/REFUSE,83.91859414683448,149
2026-08-27T19:00:00Z,SOLAR,SOLAR,1148.370429163774,1892
2026-08-27T19:00:00Z,WIND,WIND,1663.7081520856545,5684
2026-08-27T20:00:00Z,ENERGY STORAGE,ENERGY STORAGE,-0.05083337076008321,270
2026-08-27T20:00:00Z,GAS,COGENERATION,3986.3532321223947,6122
2026-08-27T20:00:00Z,GAS,COMBINED CYCLE,3265.869444656902,3974
2026-08-27T20:00:00Z,GAS,GAS FIRED STEAM,828.3031531639894,3078
2026-08-27T20:00:00Z,GAS,SIMPLE CYCLE,238.57799578183227,1014
2026-08-27T20:00:00Z,HYDRO,HYDRO,312.6043230238226,896
2026-08-27T20:00:00Z,OTHER,BIOMASS,108.09966487195757,195
2026-08-27T20:00:00Z,OTHER,COMPOSITE,0,20
2026-08-27T20:00:00Z,OTHER,GAS,2.03522879117065,10
2026-08-27T20:00:00Z,OTHER,GAS COGEN,10.796333521736992,58
2026-08-27T20:00:00Z,OTHER,OIL/GAS,42.89802727593316,53
2026-08-27T20:00:00Z,OTHER,WOOD/REFUSE,83.64905007097457,149
2026-08-27T20:00:00Z,SOLAR,SOLAR,909.9101816358003,1892
2026-08-27T20:00:00Z,WIND,WIND,1886.1594561007867,5684
2026-08-27T21:00:00Z,ENERGY STORAGE,ENERGY STORAGE,0.12355555729733571,270
2026-08-27T21:00:00Z,GAS,COGENERATION,3959.329403673874,6122
2026-08-27T21:00:00Z,GAS,COMBINED CYCLE,3331.118150953717,3974
2026-08-27T21:00:00Z,GAS,GAS FIRED STEAM,1001.8155944124858,3078
2026-08-27T21:00:00Z,GAS,SIMPLE CYCLE,244.46691769513816,1014
2026-08-27T21:00:00Z,HYDRO,HYDRO,233.25783600901562,896
2026-08-27T21:00:00Z,OTHER,BIOMASS,107.93710875007841,195
2026-08-27T21:00:00Z,OTHER,COMPOSITE,0,20
2026-08-27T21:00:00Z,OTHER,GAS,2.0999510288238525,10
2026-08-27T21:00:00Z,OTHER,GAS COGEN,10.777444588873122,58
2026-08-27T21:00:00Z,OTHER,OIL/GAS,43.07733261108398,53
2026-08-27T21:00:00Z,OTHER,WOOD/REFUSE,83.10562416500515,149
2026-08-27T21:00:00Z,SOLAR,SOLAR,795.9607592592637,1892
2026-08-27T21:00:00Z,WIND,WIND,1857.9327160889077,5684
2026-08-27T22:00:00Z,ENERGY STORAGE,ENERGY STORAGE,0.10155555706885125,270
2026-08-27T22:00:00Z,GAS,COGENERATION,3977.5137386669717,6122
2026-08-27T22:00:00Z,GAS,COMBINED CYCLE,3405.2546203570896,3974
2026-08-27T22:00:00Z,GAS,GAS FIRED STEAM,983.7405960570441,3078
2026-08-27T22:00:00Z,GAS,SIMPLE CYCLE,244.47039113577873,1014
2026-08-27T22:00:00Z,HYDRO,HYDRO,207.73986281148262,896
2026-08-27T22:00:00Z,OTHER,BIOMASS,108.69560878541735,195
2026-08-27T22:00:00Z,OTHER,COMPOSITE,0,20
2026-08-27T22:00:00Z,OTHER,GAS,2.0999510288238525,10
2026-08-27T22:00:00Z,OTHER,GAS COGEN,10.699999809265137,58
2026-08-27T22:00:00Z,OTHER,OIL/GAS,43.166188153160945,53
2026-08-27T22:00:00Z,OTHER,WOOD/REFUSE,84.05647965696123,149
2026-08-27T22:00:00Z,SOLAR,SOLAR,933.0932101677689,1892
2026-08-27T22:00:00Z,WIND,WIND,1708.7125382643194,5684
2026-08-27T23:00:00Z,ENERGY STORAGE,ENERGY STORAGE,0.13905555610441497,270
2026-08-27T23:00:00Z,GAS,COGENERATION,3970.5830333747467,6122
2026-08-27T23:00:00Z,GAS,COMBINED CYCLE,3409.1872481499777,3974
2026-08-27T23:00:00Z,GAS,GAS FIRED STEAM,913.3255985281203,3078
2026-08-27T23:00:00Z,GAS,SIMPLE CYCLE,247.32368674713703,1014
2026-08-27T23:00:00Z,HYDRO,HYDRO,224.3955048597687,896
2026-08-27T23:00:00Z,OTHER,BIOMASS,106.04416436513264,195
2026-08-27T23:00:00Z,OTHER,COMPOSITE,11.142944352560573,20
2026-08-27T23:00:00Z,OTHER,GAS,2.142006519569291,10
2026-08-27T23:00:00Z,OTHER,GAS COGEN,10.925499952634176,58
2026-08-27T23:00:00Z,OTHER,OIL/GAS,43.23123228708903,53
2026-08-27T23:00:00Z,OTHER,WOOD/REFUSE,86.63509291913775,149
2026-08-27T23:00:00Z,SOLAR,SOLAR,1068.6187701263361,1892
2026-08-27T23:00:00Z,WIND,WIND,1637.8332221986022,5684
2026-08-28T00:00:00Z,ENERGY STORAGE,ENERGY STORAGE,-0.3735000041127205,270
2026-08-28T00:00:00Z,GAS,COGENERATION,3953.7933196148606,6122
2026-08-28T00:00:00Z,GAS,COMBINED CYCLE,3371.9332862170536,3974
2026-08-28T00:00:00Z,GAS,GAS FIRED STEAM,818.9968202400208,3078
2026-08-28T00:00:00Z,GAS,SIMPLE CYCLE,252.64049178471168,1014
2026-08-28T00:00:00Z,HYDRO,HYDRO,251.65479028609892,896
2026-08-28T00:00:00Z,OTHER,BIOMASS,108.91394212616815,195
2026-08-28T00:00:00Z,OTHER,COMPOSITE,11.670999717712402,20
2026-08-28T00:00:00Z,OTHER,GAS,1.972450969616572,10
2026-08-28T00:00:00Z,OTHER,GAS COGEN,11.053333367241754,58
2026-08-28T00:00:00Z,OTHER,OIL/GAS,43.35043795479668,53
2026-08-28T00:00:00Z,OTHER,WOOD/REFUSE,87.54677746719784,149
2026-08-28T00:00:00Z,SOLAR,SOLAR,818.851425866882,1892
2026-08-28T00:00:00Z,WIND,WIND,1907.093132933614,5684
2026-08-28T01:00:00Z,ENERGY STORAGE,ENERGY STORAGE,-0.07411111311780083,270
2026-08-28T01:00:00Z,GAS,COGENERATION,3969.1265148337684,6122
2026-08-28T01:00:00Z,GAS,COMBINED CYCLE,3393.84827284601,3974
2026-08-28T01:00:00Z,GAS,GAS FIRED STEAM,1060.8199821154278,3078
2026-08-28T01:00:00Z,GAS,SIMPLE CYCLE,255.61388352076213,1014
2026-08-28T01:00:00Z,HYDRO,HYDRO,275.0592179832856,896
2026-08-28T01:00:00Z,OTHER,BIOMASS,108.25888608958986,195
2026-08-28T01:00:00Z,OTHER,COMPOSITE,11.745666504965888,20
2026-08-28T01:00:00Z,OTHER,GAS,1.905117646985584,10
2026-08-28T01:00:00Z,OTHER,GAS COGEN,11.43449992497762,58
2026-08-28T01:00:00Z,OTHER,OIL/GAS,42.92087126413981,53
2026-08-28T01:00:00Z,OTHER,WOOD/REFUSE,87.34992073482937,149
2026-08-28T01:00:00Z,SOLAR,SOLAR,246.86218990414505,1892
2026-08-28T01:00:00Z,WIND,WIND,2064.135882355869,5684
2026-08-28T02:00:00Z,ENERGY STORAGE,ENERGY STORAGE,0.02805555583702193,270
2026-08-28T02:00:00Z,GAS,COGENERATION,3962.0233417897753,6122
2026-08-28T02:00:00Z,GAS,COMBINED CYCLE,3271.740695705944,3974
2026-08-28T02:00:00Z,GAS,GAS FIRED STEAM,1180.81448240704,3078
2026-08-28T02:00:00Z,GAS,SIMPLE CYCLE,273.72622925535256,1014
2026-08-28T02:00:00Z,HYDRO,HYDRO,253.95990102908678,896
2026-08-28T02:00:00Z,OTHER,BIOMASS,111.28988655779096,195
2026-08-28T02:00:00Z,OTHER,COMPOSITE,3.98138887544473,20
2026-08-28T02:00:00Z,OTHER,GAS,1.934117642376158,10
2026-08-28T02:00:00Z,OTHER,GAS COGEN,12.234221813943652,58
2026-08-28T02:00:00Z,OTHER,OIL/GAS,42.59365486568875,53
2026-08-28T02:00:00Z,OTHER,WOOD/REFUSE,87.70783450550503,149
2026-08-28T02:00:00Z,SOLAR,SOLAR,15.360173676879041,1892
2026-08-28T02:00:00Z,WIND,WIND,2173.4734376223632,5684
2026-08-28T03:00:00Z,ENERGY STORAGE,ENERGY STORAGE,-0.035166667190690816,270
2026-08-28T03:00:00Z,GAS,COGENERATION,3972.9936255880198,6122
2026-08-28T03:00:00Z,GAS,COMBINED CYCLE,3094.705367152426,3974
2026-08-28T03:00:00Z,GAS,GAS FIRED STEAM,812.0153197203742,3078
2026-08-28T03:00:00Z,GAS,SIMPLE CYCLE,102.05319794159796,1014
2026-08-28T03:00:00Z,HYDRO,HYDRO,169.83999743701682,896
2026-08-28T03:00:00Z,OTHER,BIOMASS,111.70671994474199,195
2026-08-28T03:00:00Z,OTHER,COMPOSITE,0,20
2026-08-28T03:00:00Z,OTHER,GAS,1.8999509811401367,10
2026-08-28T03:00:00Z,OTHER,GAS COGEN,12.192166153060066,58
2026-08-28T03:00:00Z,OTHER,OIL/GAS,42.98311556922065,53
2026-08-28T03:00:00Z,OTHER,WOOD/REFUSE,88.39661379443274,149
2026-08-28T03:00:00Z,SOLAR,SOLAR,0.9270000024636587,1892
2026-08-28T03:00:00Z,WIND,WIND,2852.4469158512024,5684
2026-08-28T04:00:00Z,ENERGY STORAGE,ENERGY STORAGE,-0.16866666917999584,270
2026-08-28T04:00:00Z,GAS,COGENERATION,3833.6344819432497,6122
2026-08-28T04:00:00Z,GAS,COMBINED CYCLE,2585.3737262582777,3974
2026-08-28T04:00:00Z,GAS,GAS FIRED STEAM,577.1618225414223,3078
2026-08-28T04:00:00Z,GAS,SIMPLE CYCLE,87.50133198579152,1014
2026-08-28T04:00:00Z,HYDRO,HYDRO,150.60368630104594,896
2026-08-28T04:00:00Z,OTHER,BIOMASS,106.1824976793925,195
2026-08-28T04:00:00Z,OTHER,COMPOSITE,0,20
2026-08-28T04:00:00Z,OTHER,GAS,1.8999509811401367,10
2026-08-28T04:00:00Z,OTHER,GAS COGEN,12.186166149245368,58
2026-08-28T04:00:00Z,OTHER,OIL/GAS,42.90104384528266,53
2026-08-28T04:00:00Z,OTHER,WOOD/REFUSE,85.18560688442653,149
2026-08-28T04:00:00Z,SOLAR,SOLAR,0.30000000447034836,1892
2026-08-28T04:00:00Z,WIND,WIND,3505.8917314429746,5684
2026-08-28T05:00:00Z,ENERGY STORAGE,ENERGY STORAGE,-0.20000000298023224,270
2026-08-28T05:00:00Z,GAS,COGENERATION,3806.5052327082553,6122
2026-08-28T05:00:00Z,GAS,COMBINED CYCLE,2072.7881618817646,3974
2026-08-28T05:00:00Z,GAS,GAS FIRED STEAM,530.1174910344018,3078
2026-08-28T05:00:00Z,GAS,SIMPLE CYCLE,83.84772091388702,1014
2026-08-28T05:00:00Z,HYDRO,HYDRO,139.6862663336595,896
2026-08-28T05:00:00Z,OTHER,BIOMASS,104.28194265948402,195
2026-08-28T05:00:00Z,OTHER,COMPOSITE,0,20
2026-08-28T05:00:00Z,OTHER,GAS,1.8999509811401367,10
2026-08-28T05:00:00Z,OTHER,GAS COGEN,12.39216628021664,58
2026-08-28T05:00:00Z,OTHER,OIL/GAS,42.865265992482506,53
2026-08-28T05:00:00Z,OTHER,WOOD/REFUSE,79.91518795861138,149
2026-08-28T05:00:00Z,SOLAR,SOLAR,0.30000000447034836,1892
2026-08-28T05:00:00Z,WIND,WIND,3658.8575476999913,5684
2026-08-28T06:00:00Z,ENERGY STORAGE,ENERGY STORAGE,-9.952499987656871,270
2026-08-28T06:00:00Z,GAS,COGENERATION,3821.1970007475215,6122
2026-08-28T06:00:00Z,GAS,COMBINED CYCLE,2073.221527533531,3974
2026-08-28T06:00:00Z,GAS,GAS FIRED STEAM,530.2790456167857,3078
2026-08-28T06:00:00Z,GAS,SIMPLE CYCLE,84.13805460135141,1014
2026-08-28T06:00:00Z,HYDRO,HYDRO,185.4086472333802,896
2026-08-28T06:00:00Z,OTHER,BIOMASS,102.40672031799953,195
2026-08-28T06:00:00Z,OTHER,COMPOSITE,0,20
2026-08-28T06:00:00Z,OTHER,GAS,1.8999509811401367,10
2026-08-28T06:00:00Z,OTHER,GAS COGEN,12.286277720663282,58
2026-08-28T06:00:00Z,OTHER,OIL/GAS,42.707376838260224,53
2026-08-28T06:00:00Z,OTHER,WOOD/REFUSE,74.23807214419048,149
2026-08-28T06:00:00Z,SOLAR,SOLAR,0.30000000447034836,1892
2026-08-28T06:00:00Z,WIND,WIND,3202.279010634323,5684
2026-08-28T07:00:00Z,ENERGY STORAGE,ENERGY STORAGE,-11.14827774806155,270
2026-08-28T07:00:00Z,GAS,COGENERATION,3831.2379524091216,6122
2026-08-28T07:00:00Z,GAS,COMBINED CYCLE,2072.965161857075,3974
2026-08-28T07:00:00Z,GAS,GAS FIRED STEAM,530.5976573318906,3078
2026-08-28T07:00:00Z,GAS,SIMPLE CYCLE,84.22149923059675,1014
2026-08-28T07:00:00Z,HYDRO,HYDRO,214.34224856515723,896
2026-08-28T07:00:00Z,OTHER,BIOMASS,105.78760875542959,195
2026-08-28T07:00:00Z,OTHER,COMPOSITE,0,20
2026-08-28T07:00:00Z,OTHER,GAS,1.8999509811401367,10
2026-08-28T07:00:00Z,OTHER,GAS COGEN,12.369221879111397,58
2026-08-28T07:00:00Z,OTHER,OIL/GAS,42.84139901479085,53
2026-08-28T07:00:00Z,OTHER,WOOD/REFUSE,71.74587449232737,149
2026-08-28T07:00:00Z,SOLAR,SOLAR,0.30000000447034836,1892
2026-08-28T07:00:00Z,WIND,WIND,2877.1341526432834,5684
2026-08-28T08:00:00Z,ENERGY STORAGE,ENERGY STORAGE,-0.9754999892661969,270
2026-08-28T08:00:00Z,GAS,COGENERATION,3854.4341737204127,6122
2026-08-28T08:00:00Z,GAS,COMBINED CYCLE,2127.109370751381,3974
2026-08-28T08:00:00Z,GAS,GAS FIRED STEAM,532.443768131468,3078
2026-08-28T08:00:00Z,GAS,SIMPLE CYCLE,84.1834435669581,1014
2026-08-28T08:00:00Z,HYDRO,HYDRO,227.95803142885367,896
2026-08-28T08:00:00Z,OTHER,BIOMASS,109.49655351877213,195
2026-08-28T08:00:00Z,OTHER,COMPOSITE,0,20
2026-08-28T08:00:00Z,OTHER,GAS,1.8999509811401367,10
2026-08-28T08:00:00Z,OTHER,GAS COGEN,12.399999618530272,58
2026-08-28T08:00:00Z,OTHER,OIL/GAS,43.18755466461182,53
2026-08-28T08:00:00Z,OTHER,WOOD/REFUSE,71.86787305884891,149
2026-08-28T08:00:00Z,SOLAR,SOLAR,0.30000000447034836,1892
2026-08-28T08:00:00Z,WIND,WIND,2564.9635593682196,5684
2026-08-28T09:00:00Z,ENERGY STORAGE,ENERGY STORAGE,-0.0796111122974091,270
2026-08-28T09:00:00Z,GAS,COGENERATION,3875.6897235553133,6122
2026-08-28T09:00:00Z,GAS,COMBINED CYCLE,2628.9034332651563,3974
2026-08-28T09:00:00Z,GAS,GAS FIRED STEAM,551.7504911136626,3078
2026-08-28T09:00:00Z,GAS,SIMPLE CYCLE,84.18672091537051,1014
2026-08-28T09:00:00Z,HYDRO,HYDRO,228.20611576769087,896
2026-08-28T09:00:00Z,OTHER,BIOMASS,109.64655298444961,195
2026-08-28T09:00:00Z,OTHER,COMPOSITE,0,20
2026-08-28T09:00:00Z,OTHER,GAS,1.8999509811401367,10
2026-08-28T09:00:00Z,OTHER,GAS COGEN,12.503333017561172,58
2026-08-28T09:00:00Z,OTHER,OIL/GAS,43.15008254157172,53
2026-08-28T09:00:00Z,OTHER,WOOD/REFUSE,71.67198856406742,149
2026-08-28T09:00:00Z,SOLAR,SOLAR,0.30000000447034836,1892
2026-08-28T09:00:00Z,WIND,WIND,1921.1130942955945,5684
2026-08-28T10:00:00Z,ENERGY STORAGE,ENERGY STORAGE,0.1621111135267549,270
2026-08-28T10:00:00Z,GAS,COGENERATION,4050.047502299481,6122
2026-08-28T10:00:00Z,GAS,COMBINED CYCLE,3073.6154571088155,3974
2026-08-28T10:00:00Z,GAS,GAS FIRED STEAM,659.0389874998729,3078
2026-08-28T10:00:00Z,GAS,SIMPLE CYCLE,84.46045467138289,1014
2026-08-28T10:00:00Z,HYDRO,HYDRO,209.16917667784625,896
2026-08-28T10:00:00Z,OTHER,BIOMASS,109.30216477711996,195
2026-08-28T10:00:00Z,OTHER,COMPOSITE,0,20
2026-08-28T10:00:00Z,OTHER,GAS,1.904950980345408,10
2026-08-28T10:00:00Z,OTHER,GAS COGEN,12.68749980131785,58
2026-08-28T10:00:00Z,OTHER,OIL/GAS,43.45832146538629,53
2026-08-28T10:00:00Z,OTHER,WOOD/REFUSE,71.59872317579057,149
2026-08-28T10:00:00Z,SOLAR,SOLAR,0.30000000447034836,1892
2026-08-28T10:00:00Z,WIND,WIND,1211.9627592285142,5684
2026-08-28T11:00:00Z,ENERGY STORAGE,ENERGY STORAGE,0.19977778075469865,270
2026-08-28T11:00:00Z,GAS,COGENERATION,4124.621807356941,6122
2026-08-28T11:00:00Z,GAS,COMBINED CYCLE,3153.9061499087015,3974
2026-08-28T11:00:00Z,GAS,GAS FIRED STEAM,716.3343176343706,3078
2026-08-28T11:00:00Z,GAS,SIMPLE CYCLE,92.2216649483641,1014
2026-08-28T11:00:00Z,HYDRO,HYDRO,213.31828059607082,896
2026-08-28T11:00:00Z,OTHER,BIOMASS,110.76310879018571,195
2026-08-28T11:00:00Z,OTHER,COMPOSITE,0,20
2026-08-28T11:00:00Z,OTHER,GAS,1.8999509811401367,10
2026-08-28T11:00:00Z,OTHER,GAS COGEN,12.565999724070233,58
2026-08-28T11:00:00Z,OTHER,OIL/GAS,42.64624873055352,53
2026-08-28T11:00:00Z,OTHER,WOOD/REFUSE,79.97041178385417,149
2026-08-28T11:00:00Z,SOLAR,SOLAR,0.30000000447034836,1892
2026-08-28T11:00:00Z,WIND,WIND,1084.2772012374467,5684
2026-08-28T12:00:00Z,ENERGY STORAGE,ENERGY STORAGE,-0.08027777897400988,270
2026-08-28T12:00:00Z,GAS,COGENERATION,4133.844249676201,6122
2026-08-28T12:00:00Z,GAS,COMBINED CYCLE,3280.126719399558,3974
2026-08-28T12:00:00Z,GAS,GAS FIRED STEAM,972.9165905708737,3078
2026-08-28T12:00:00Z,GAS,SIMPLE CYCLE,128.32371922122107,1014
2026-08-28T12:00:00Z,HYDRO,HYDRO,187.50533889187707,896
2026-08-28T12:00:00Z,OTHER,BIOMASS,112.0044979514016,195
2026-08-28T12:00:00Z,OTHER,COMPOSITE,0,20
2026-08-28T12:00:00Z,OTHER,GAS,1.9860065392653148,10
2026-08-28T12:00:00Z,OTHER,GAS COGEN,12.609999752044676,58
2026-08-28T12:00:00Z,OTHER,OIL/GAS,43.14816579606798,53
2026-08-28T12:00:00Z,OTHER,WOOD/REFUSE,80.16225383864509,149
2026-08-28T12:00:00Z,SOLAR,SOLAR,3.8378888554208808,1892
2026-08-28T12:00:00Z,WIND,WIND,937.5883706638548,5684
2026-08-28T13:00:00Z,ENERGY STORAGE,ENERGY STORAGE,-0.10000000149011612,270
2026-08-28T13:00:00Z,GAS,COGENERATION,4200.044132526583,6122
2026-08-28T13:00:00Z,GAS,COMBINED CYCLE,3198.069302561018,3974
2026-08-28T13:00:00Z,GAS,GAS FIRED STEAM,1045.8024248197344,3078
2026-08-28T13:00:00Z,GAS,SIMPLE CYCLE,177.36767469786935,1014
2026-08-28T13:00:00Z,HYDRO,HYDRO,193.7102633059687,896
2026-08-28T13:00:00Z,OTHER,BIOMASS,109.77955347008175,195
2026-08-28T13:00:00Z,OTHER,COMPOSITE,0,20
2026-08-28T13:00:00Z,OTHER,GAS,2.0999510288238525,10
2026-08-28T13:00:00Z,OTHER,GAS COGEN,12.588999738693238,58
2026-08-28T13:00:00Z,OTHER,OIL/GAS,42.782998691134985,53
2026-08-28T13:00:00Z,OTHER,WOOD/REFUSE,83.92034707387289,149
2026-08-28T13:00:00Z,SOLAR,SOLAR,219.38261627274667,1892
2026-08-28T13:00:00Z,WIND,WIND,837.8275342469622,5684
2026-08-28T14:00:00Z,ENERGY STORAGE,ENERGY STORAGE,-0.0975000014528632,270
2026-08-28T14:00:00Z,GAS,COGENERATION,4311.815315069225,6122
2026-08-28T14:00:00Z,GAS,COMBINED CYCLE,3178.3652702797785,3974
2026-08-28T14:00:00Z,GAS,GAS FIRED STEAM,831.7975956694285,3078
2026-08-28T14:00:00Z,GAS,SIMPLE CYCLE,111.99516896400186,1014
2026-08-28T14:00:00Z,HYDRO,HYDRO,129.49989230453969,896
2026-08-28T14:00:00Z,OTHER,BIOMASS,111.01627544826931,195
2026-08-28T14:00:00Z,OTHER,COMPOSITE,0,20
2026-08-28T14:00:00Z,OTHER,GAS,2.0999510288238525,10
2026-08-28T14:00:00Z,OTHER,GAS COGEN,12.46116632408566,58
2026-08-28T14:00:00Z,OTHER,OIL/GAS,42.55587064319187,53
2026-08-28T14:00:00Z,OTHER,WOOD/REFUSE,87.12278097470602,149
2026-08-28T14:00:00Z,SOLAR,SOLAR,820.35183082766,1892
2026-08-28T14:00:00Z,WIND,WIND,712.988193095252,5684
2026-08-28T15:00:00Z,ENERGY STORAGE,ENERGY STORAGE,-0.09566666809221108,270
2026-08-28T15:00:00Z,GAS,COGENERATION,4307.006836873955,6122
2026-08-28T15:00:00Z,GAS,COMBINED CYCLE,3054.2333823249073,3974
2026-08-28T15:00:00Z,GAS,GAS FIRED STEAM,644.8613206662072,3078
2026-08-28T15:00:00Z,GAS,SIMPLE CYCLE,87.96388724605242,1014
2026-08-28T15:00:00Z,HYDRO,HYDRO,138.23506096303464,896
2026-08-28T15:00:00Z,OTHER,BIOMASS,111.95377546628316,195
2026-08-28T15:00:00Z,OTHER,COMPOSITE,0,20
2026-08-28T15:00:00Z,OTHER,GAS,2.0999510288238525,10
2026-08-28T15:00:00Z,OTHER,GAS COGEN,12.567125112447473,58
2026-08-28T15:00:00Z,OTHER,OIL/GAS,43.46756563398573,53
2026-08-28T15:00:00Z,OTHER,WOOD/REFUSE,87.75147519588471,149
2026-08-28T15:00:00Z,SOLAR,SOLAR,1402.8025442371766,1892
2026-08-28T15:00:00Z,WIND,WIND,587.0434747513839,5684
2026-08-28T16:00:00Z,ENERGY STORAGE,ENERGY STORAGE,-0.10000000149011612,270
2026-08-28T16:00:00Z,GAS,COGENERATION,4193.617834140725,6122
2026-08-28T16:00:00Z,GAS,COMBINED CYCLE,2969.79815536552,3974
2026-08-28T16:00:00Z,GAS,GAS FIRED STEAM,645.5587644905514,3078
2026-08-28T16:00:00Z,GAS,SIMPLE CYCLE,90.07911242874133,1014
2026-08-28T16:00:00Z,HYDRO,HYDRO,159.76415236658522,896
2026-08-28T16:00:00Z,OTHER,BIOMASS,111.77147832711537,195
2026-08-28T16:00:00Z,OTHER,COMPOSITE,0,20
2026-08-28T16:00:00Z,OTHER,GAS,2.0999510288238525,10
2026-08-28T16:00:00Z,OTHER,GAS COGEN,20.892792454295687,58
2026-08-28T16:00:00Z,OTHER,OIL/GAS,43.690032787323,53
2026-08-28T16:00:00Z,OTHER,WOOD/REFUSE,88.04395458380381,149
2026-08-28T16:00:00Z,SOLAR,SOLAR,1590.991015477942,1892
2026-08-28T16:00:00Z,WIND,WIND,773.9179559516865,5684
2026-08-28T17:00:00Z,ENERGY STORAGE,ENERGY STORAGE,-0.10000000149011612,270
2026-08-28T17:00:00Z,GAS,COGENERATION,4161.051314355002,6122
2026-08-28T17:00:00Z,GAS,COMBINED CYCLE,2947.878972879516,3974
2026-08-28T17:00:00Z,GAS,GAS FIRED STEAM,737.1598761971792,3078
2026-08-28T17:00:00Z,GAS,SIMPLE CYCLE,96.78666475580798,1014
2026-08-28T17:00:00Z,HYDRO,HYDRO,216.59835808343357,896
2026-08-28T17:00:00Z,OTHER,BIOMASS,108.57777518696255,195
2026-08-28T17:00:00Z,OTHER,COMPOSITE,0,20
2026-08-28T17:00:00Z,OTHER,GAS,2.0999510288238525,10
2026-08-28T17:00:00Z,OTHER,GAS COGEN,29.670844083891975,58
2026-08-28T17:00:00Z,OTHER,OIL/GAS,44.00408293618096,53
2026-08-28T17:00:00Z,OTHER,WOOD/REFUSE,81.68998691029019,149
2026-08-28T17:00:00Z,SOLAR,SOLAR,1646.2294471167856,1892
2026-08-28T17:00:00Z,WIND,WIND,773.1869436448399,5684
2026-08-28T18:00:00Z,ENERGY STORAGE,ENERGY STORAGE,-0.10000000149011612,270
2026-08-28T18:00:00Z,GAS,COGENERATION,4147.040438761182,6122
2026-08-28T18:00:00Z,GAS,COMBINED CYCLE,3018.8140523015127,3974
2026-08-28T18:00:00Z,GAS,GAS FIRED STEAM,778.6587652725643,3078
2026-08-28T18:00:00Z,GAS,SIMPLE CYCLE,91.56832660845583,1014
2026-08-28T18:00:00Z,HYDRO,HYDRO,204.5459934410784,896
2026-08-28T18:00:00Z,OTHER,BIOMASS,107.07371963289049,195
2026-08-28T18:00:00Z,OTHER,COMPOSITE,0,20
2026-08-28T18:00:00Z,OTHER,GAS,2.0999510288238525,10
2026-08-28T18:00:00Z,OTHER,GAS COGEN,39.39598894437154,58
2026-08-28T18:00:00Z,OTHER,OIL/GAS,43.37516036775377,53
2026-08-28T18:00:00Z,OTHER,WOOD/REFUSE,72.79750829007891,149
2026-08-28T18:00:00Z,SOLAR,SOLAR,1588.012320547733,1892
2026-08-28T18:00:00Z,WIND,WIND,833.8854952779402,5684
2026-08-28T19:00:00Z,ENERGY STORAGE,ENERGY STORAGE,0.05350000079721212,270
2026-08-28T19:00:00Z,GAS,COGENERATION,4180.661053273413,6122
2026-08-28T19:00:00Z,GAS,COMBINED CYCLE,3009.4043850930534,3974
2026-08-28T19:00:00Z,GAS,GAS FIRED STEAM,778.6964879110124,3078
2026-08-28T19:00:00Z,GAS,SIMPLE CYCLE,93.16694213878777,1014
2026-08-28T19:00:00Z,HYDRO,HYDRO,222.63796489212248,896
2026-08-28T19:00:00Z,OTHER,BIOMASS,107.04110872692532,195
2026-08-28T19:00:00Z,OTHER,COMPOSITE,0,20
2026-08-28T19:00:00Z,OTHER,GAS,2.0999510288238525,10
2026-08-28T19:00:00Z,OTHER,GAS COGEN,40.6289691681332,58
2026-08-28T19:00:00Z,OTHER,OIL/GAS,42.86236539840698,53
2026-08-28T19:00:00Z,OTHER,WOOD/REFUSE,73.23071506288316,149
2026-08-28T19:00:00Z,SOLAR,SOLAR,1629.315134450727,1892
2026-08-28T19:00:00Z,WIND,WIND,837.5214500300297,5684
2026-08-28T20:00:00Z,ENERGY STORAGE,ENERGY STORAGE,-0.10000000149011612,270
2026-08-28T20:00:00Z,GAS,COGENERATION,4165.887857624028,6122
2026-08-28T20:00:00Z,GAS,COMBINED CYCLE,2993.257226691246,3974
2026-08-28T20:00:00Z,GAS,GAS FIRED STEAM,771.1797651534611,3078
2026-08-28T20:00:00Z,GAS,SIMPLE CYCLE,94.3426087125308,1014
2026-08-28T20:00:00Z,HYDRO,HYDRO,225.3791820413371,896
2026-08-28T20:00:00Z,OTHER,BIOMASS,102.71271986484527,195
2026-08-28T20:00:00Z,OTHER,COMPOSITE,0,20
2026-08-28T20:00:00Z,OTHER,GAS,2.04167323715157,10
2026-08-28T20:00:00Z,OTHER,GAS COGEN,40.72258058124118,58
2026-08-28T20:00:00Z,OTHER,OIL/GAS,43.15585496054755,53
2026-08-28T20:00:00Z,OTHER,WOOD/REFUSE,75.7829322189755,149
2026-08-28T20:00:00Z,SOLAR,SOLAR,1672.4638967257076,1892
2026-08-28T20:00:00Z,WIND,WIND,896.8993238490489,5684
2026-08-28T21:00:00Z,ENERGY STORAGE,ENERGY STORAGE,-0.10000000149011612,270
2026-08-28T21:00:00Z,GAS,COGENERATION,4239.934776094158,6122
2026-08-28T21:00:00Z,GAS,COMBINED CYCLE,3067.657571979099,3974
2026-08-28T21:00:00Z,GAS,GAS FIRED STEAM,778.6742657841576,3078
2026-08-28T21:00:00Z,GAS,SIMPLE CYCLE,88.33394230981254,1014
2026-08-28T21:00:00Z,HYDRO,HYDRO,188.28009965270758,896
2026-08-28T21:00:00Z,OTHER,BIOMASS,103.24694189442528,195
2026-08-28T21:00:00Z,OTHER,COMPOSITE,0,20
2026-08-28T21:00:00Z,OTHER,GAS,1.9999510049819944,10
2026-08-28T21:00:00Z,OTHER,GAS COGEN,40.784297838740876,58
2026-08-28T21:00:00Z,OTHER,OIL/GAS,42.74357730653551,53
2026-08-28T21:00:00Z,OTHER,WOOD/REFUSE,76.53551738156213,149
2026-08-28T21:00:00Z,SOLAR,SOLAR,1545.8201762876909,1892
2026-08-28T21:00:00Z,WIND,WIND,993.1201679534589,5684
2026-08-28T22:00:00Z,ENERGY STORAGE,ENERGY STORAGE,-0.04616666735460361,270
2026-08-28T22:00:00Z,GAS,COGENERATION,4222.705334358083,6122
2026-08-28T22:00:00Z,GAS,COMBINED CYCLE,3210.7899648751154,3974
2026-08-28T22:00:00Z,GAS,GAS FIRED STEAM,766.5014870950911,3078
2026-08-28T22:00:00Z,GAS,SIMPLE CYCLE,82.9917761748698,1014
2026-08-28T22:00:00Z,HYDRO,HYDRO,207.36835442779793,896
2026-08-28T22:00:00Z,OTHER,BIOMASS,102.23127560880448,195
2026-08-28T22:00:00Z,OTHER,COMPOSITE,0,20
2026-08-28T22:00:00Z,OTHER,GAS,1.9999510049819944,10
2026-08-28T22:00:00Z,OTHER,GAS COGEN,40.605711992051866,58
2026-08-28T22:00:00Z,OTHER,OIL/GAS,42.886249169243705,53
2026-08-28T22:00:00Z,OTHER,WOOD/REFUSE,81.23602128982543,149
2026-08-28T22:00:00Z,SOLAR,SOLAR,1450.6869187301895,1892
2026-08-28T22:00:00Z,WIND,WIND,1162.3510836459573,5684
2026-08-28T23:00:00Z,ENERGY STORAGE,ENERGY STORAGE,-0.04316666730990012,270
2026-08-28T23:00:00Z,GAS,COGENERATION,4112.42660182986,6122
2026-08-28T23:00:00Z,GAS,COMBINED CYCLE,3251.7084758684373,3974
2026-08-28T23:00:00Z,GAS,GAS FIRED STEAM,765.3707661512162,3078
2026-08-28T23:00:00Z,GAS,SIMPLE CYCLE,84.73044312969678,1014
2026-08-28T23:00:00Z,HYDRO,HYDRO,204.16421698398062,896
2026-08-28T23:00:00Z,OTHER,BIOMASS,104.40744228574965,195
2026-08-28T23:00:00Z,OTHER,COMPOSITE,0.3423888882332378,20
2026-08-28T23:00:00Z,OTHER,GAS,1.9999510049819944,10
2026-08-28T23:00:00Z,OTHER,GAS COGEN,40.6974678738912,58
2026-08-28T23:00:00Z,OTHER,OIL/GAS,42.87247153176202,53
2026-08-28T23:00:00Z,OTHER,WOOD/REFUSE,80.91114869435629,149
2026-08-28T23:00:00Z,SOLAR,SOLAR,1229.1484045445256,1892
2026-08-28T23:00:00Z,WIND,WIND,1425.2196546076405,5684
2026-08-29T00:00:00Z,ENERGY STORAGE,ENERGY STORAGE,0.08533333460489909,270
2026-08-29T00:00:00Z,GAS,COGENERATION,4177.280884396831,6122
2026-08-29T00:00:00Z,GAS,COMBINED CYCLE,3229.7602458111446,3974
2026-08-29T00:00:00Z,GAS,GAS FIRED STEAM,777.2840439001719,3078
2026-08-29T00:00:00Z,GAS,SIMPLE CYCLE,184.50477394935984,1014
2026-08-29T00:00:00Z,HYDRO,HYDRO,290.0249079412388,896
2026-08-29T00:00:00Z,OTHER,BIOMASS,102.51927595218022,195
2026-08-29T00:00:00Z,OTHER,COMPOSITE,12.15255547258589,20
2026-08-29T00:00:00Z,OTHER,GAS,1.9999510049819944,10
2026-08-29T00:00:00Z,OTHER,GAS COGEN,40.790637155638805,58
2026-08-29T00:00:00Z,OTHER,OIL/GAS,42.908127271864146,53
2026-08-29T00:00:00Z,OTHER,WOOD/REFUSE,82.31392673863304,149
2026-08-29T00:00:00Z,SOLAR,SOLAR,796.1496131864355,1892
2026-08-29T00:00:00Z,WIND,WIND,1368.7340137048727,5684
2026-08-29T01:00:00Z,ENERGY STORAGE,ENERGY STORAGE,0.05950000088661909,270
2026-08-29T01:00:00Z,GAS,COGENERATION,4352.325987159808,6122
2026-08-29T01:00:00Z,GAS,COMBINED CYCLE,3371.6079813077713,3974
2026-08-29T01:00:00Z,GAS,GAS FIRED STEAM,1102.2832607513003,3078
2026-08-29T01:00:00Z,GAS,SIMPLE CYCLE,232.56844669183093,1014
2026-08-29T01:00:00Z,HYDRO,HYDRO,268.01696607833105,896
2026-08-29T01:00:00Z,OTHER,BIOMASS,102.64783109929826,195
2026-08-29T01:00:00Z,OTHER,COMPOSITE,12.330333225462171,20
2026-08-29T01:00:00Z,OTHER,GAS,1.9999510049819944,10
2026-08-29T01:00:00Z,OTHER,GAS COGEN,40.81853715525733,58
2026-08-29T01:00:00Z,OTHER,OIL/GAS,42.8632767952813,53
2026-08-29T01:00:00Z,OTHER,WOOD/REFUSE,82.1207151635488,149
2026-08-29T01:00:00Z,SOLAR,SOLAR,230.34944164852712,1892
2026-08-29T01:00:00Z,WIND,WIND,1155.5626809508187,5684
2026-08-29T02:00:00Z,ENERGY STORAGE,ENERGY STORAGE,-0.01655555580225256,270
2026-08-29T02:00:00Z,GAS,COGENERATION,4426.4712300156225,6122
2026-08-29T02:00:00Z,GAS,COMBINED CYCLE,3377.1331827317345,3974
2026-08-29T02:00:00Z,GAS,GAS FIRED STEAM,1197.3033714049393,3078
2026-08-29T02:00:00Z,GAS,SIMPLE CYCLE,302.3863708868582,1014
2026-08-29T02:00:00Z,HYDRO,HYDRO,273.78824878268773,896
2026-08-29T02:00:00Z,OTHER,BIOMASS,99.3614425781038,195
2026-08-29T02:00:00Z,OTHER,COMPOSITE,12.5,20
2026-08-29T02:00:00Z,OTHER,GAS,1.9999510049819944,10
2026-08-29T02:00:00Z,OTHER,GAS COGEN,41.05471372286479,58
2026-08-29T02:00:00Z,OTHER,OIL/GAS,42.97114926868015,53
2026-08-29T02:00:00Z,OTHER,WOOD/REFUSE,88.25981784131791,149
2026-08-29T02:00:00Z,SOLAR,SOLAR,5.7062860683889856,1892
2026-08-29T02:00:00Z,WIND,WIND,998.229862911308,5684
2026-08-29T03:00:00Z,ENERGY STORAGE,ENERGY STORAGE,-0.1002222237156497,270
2026-08-29T03:00:00Z,GAS,COGENERATION,4436.810354344448,6122
2026-08-29T03:00:00Z,GAS,COMBINED CYCLE,3405.268945391443,3974
2026-08-29T03:00:00Z,GAS,GAS FIRED STEAM,1128.0383155674403,3078
2026-08-29T03:00:00Z,GAS,SIMPLE CYCLE,168.50099671966086,1014
2026-08-29T03:00:00Z,HYDRO,HYDRO,210.65907799887987,896
2026-08-29T03:00:00Z,OTHER,BIOMASS,103.19116497622596,195
2026-08-29T03:00:00Z,OTHER,COMPOSITE,0.15522222095065646,20
2026-08-29T03:00:00Z,OTHER,GAS,1.9999510049819944,10
2026-08-29T03:00:00Z,OTHER,GAS COGEN,41.02841128084395,58
2026-08-29T03:00:00Z,OTHER,OIL/GAS,43.16472738265991,53
2026-08-29T03:00:00Z,OTHER,WOOD/REFUSE,88.2765533929401,149
2026-08-29T03:00:00Z,SOLAR,SOLAR,8.625555354687902,1892
2026-08-29T03:00:00Z,WIND,WIND,1100.4363625040817,5684
2026-08-29T04:00:00Z,ENERGY STORAGE,ENERGY STORAGE,-0.10111111261778406,270
2026-08-29T04:00:00Z,GAS,COGENERATION,4450.44512841675,6122
2026-08-29T04:00:00Z,GAS,COMBINED CYCLE,3345.5041665384506,3974
2026-08-29T04:00:00Z,GAS,GAS FIRED STEAM,919.2917620531719,3078
2026-08-29T04:00:00Z,GAS,SIMPLE CYCLE,115.81899792810282,1014
2026-08-29T04:00:00Z,HYDRO,HYDRO,242.38470647062692,896
2026-08-29T04:00:00Z,OTHER,BIOMASS,105.6043318774965,195
2026-08-29T04:00:00Z,OTHER,COMPOSITE,0,20
2026-08-29T04:00:00Z,OTHER,GAS,1.9999510049819944,10
2026-08-29T04:00:00Z,OTHER,GAS COGEN,41.662753248744544,58
2026-08-29T04:00:00Z,OTHER,OIL/GAS,43.72767153845893,53
2026-08-29T04:00:00Z,OTHER,WOOD/REFUSE,88.25795799308352,149
2026-08-29T04:00:00Z,SOLAR,SOLAR,0.3999999985098839,1892
2026-08-29T04:00:00Z,WIND,WIND,1102.507697883211,5684
2026-08-29T05:00:00Z,ENERGY STORAGE,ENERGY STORAGE,-0.00688888899154133,270
2026-08-29T05:00:00Z,GAS,COGENERATION,4446.652595398823,6122
2026-08-29T05:00:00Z,GAS,COMBINED CYCLE,3282.1208511416116,3974
2026-08-29T05:00:00Z,GAS,GAS FIRED STEAM,836.2623762173123,3078
2026-08-29T05:00:00Z,GAS,SIMPLE CYCLE,79.38394273704952,1014
2026-08-29T05:00:00Z,HYDRO,HYDRO,181.97047052954633,896
2026-08-29T05:00:00Z,OTHER,BIOMASS,98.94610930919647,195
2026-08-29T05:00:00Z,OTHER,COMPOSITE,0,20
2026-08-29T05:00:00Z,OTHER,GAS,1.9999510049819944,10
2026-08-29T05:00:00Z,OTHER,GAS COGEN,41.5277730872896,58
2026-08-29T05:00:00Z,OTHER,OIL/GAS,42.97612197028266,53
2026-08-29T05:00:00Z,OTHER,WOOD/REFUSE,88.16065392812092,149
2026-08-29T05:00:00Z,SOLAR,SOLAR,0.3999999985098839,1892
2026-08-29T05:00:00Z,WIND,WIND,1041.6210017977075,5684
2026-08-29T06:00:00Z,ENERGY STORAGE,ENERGY STORAGE,-4.056944435536861,270
2026-08-29T06:00:00Z,GAS,COGENERATION,4466.664000459645,6122
2026-08-29T06:00:00Z,GAS,COMBINED CYCLE,3105.6272080723447,3974
2026-08-29T06:00:00Z,GAS,GAS FIRED STEAM,805.9767666583591,3078
2026-08-29T06:00:00Z,GAS,SIMPLE CYCLE,81.72616544776493,1014
2026-08-29T06:00:00Z,HYDRO,HYDRO,142.18964745301338,896
2026-08-29T06:00:00Z,OTHER,BIOMASS,97.36422018898858,195
2026-08-29T06:00:00Z,OTHER,COMPOSITE,0,20
2026-08-29T06:00:00Z,OTHER,GAS,1.9999510049819944,10
2026-08-29T06:00:00Z,OTHER,GAS COGEN,41.673730311923556,58
2026-08-29T06:00:00Z,OTHER,OIL/GAS,43.267021615770126,53
2026-08-29T06:00:00Z,OTHER,WOOD/REFUSE,87.34112875832452,149
2026-08-29T06:00:00Z,SOLAR,SOLAR,0.3999999985098839,1892
2026-08-29T06:00:00Z,WIND,WIND,1000.9314320237603,5684
2026-08-29T07:00:00Z,ENERGY STORAGE,ENERGY STORAGE,-12.242499976158141,270
2026-08-29T07:00:00Z,GAS,COGENERATION,4430.268954372936,6122
2026-08-29T07:00:00Z,GAS,COMBINED CYCLE,2877.450657940176,3974
2026-08-29T07:00:00Z,GAS,GAS FIRED STEAM,768.8333772659302,3078
2026-08-29T07:00:00Z,GAS,SIMPLE CYCLE,78.94705458905962,1014
2026-08-29T07:00:00Z,HYDRO,HYDRO,129.44741148286394,896
2026-08-29T07:00:00Z,OTHER,BIOMASS,95.55016491307153,195
2026-08-29T07:00:00Z,OTHER,COMPOSITE,0,20
2026-08-29T07:00:00Z,OTHER,GAS,1.9999510049819944,10
2026-08-29T07:00:00Z,OTHER,GAS COGEN,41.56903499073452,58
2026-08-29T07:00:00Z,OTHER,OIL/GAS,43.82319898181491,53
2026-08-29T07:00:00Z,OTHER,WOOD/REFUSE,87.39460042582618,149
2026-08-29T07:00:00Z,SOLAR,SOLAR,0.3999999985098839,1892
2026-08-29T07:00:00Z,WIND,WIND,1092.0228952205844,5684
2026-08-29T08:00:00Z,ENERGY STORAGE,ENERGY STORAGE,-6.359944424993461,270
2026-08-29T08:00:00Z,GAS,COGENERATION,4307.952069424987,6122
2026-08-29T08:00:00Z,GAS,COMBINED CYCLE,2834.671821521918,3974
2026-08-29T08:00:00Z,GAS,GAS FIRED STEAM,714.3239326861169,3078
2026-08-29T08:00:00Z,GAS,SIMPLE CYCLE,78.2390547132492,1014
2026-08-29T08:00:00Z,HYDRO,HYDRO,127.71139920632045,896
2026-08-29T08:00:00Z,OTHER,BIOMASS,97.13533135467105,195
2026-08-29T08:00:00Z,OTHER,COMPOSITE,0,20
2026-08-29T08:00:00Z,OTHER,GAS,1.9999510049819944,10
2026-08-29T08:00:00Z,OTHER,GAS COGEN,41.480421724319456,58
2026-08-29T08:00:00Z,OTHER,OIL/GAS,43.55715503480699,53
2026-08-29T08:00:00Z,OTHER,WOOD/REFUSE,87.3874554014206,149
2026-08-29T08:00:00Z,SOLAR,SOLAR,0.3999999985098839,1892
2026-08-29T08:00:00Z,WIND,WIND,1157.1259107072071,5684
2026-08-29T09:00:00Z,ENERGY STORAGE,ENERGY STORAGE,0,270
2026-08-29T09:00:00Z,GAS,COGENERATION,4370.634004974762,6122
2026-08-29T09:00:00Z,GAS,COMBINED CYCLE,2748.459232802656,3974
2026-08-29T09:00:00Z,GAS,GAS FIRED STEAM,572.5999346023136,3078
2026-08-29T09:00:00Z,GAS,SIMPLE CYCLE,84.59072117010753,1014
2026-08-29T09:00:00Z,HYDRO,HYDRO,187.5804463326931,896
2026-08-29T09:00:00Z,OTHER,BIOMASS,105.33849802441067,195
2026-08-29T09:00:00Z,OTHER,COMPOSITE,0,20
2026-08-29T09:00:00Z,OTHER,GAS,1.9999510049819944,10
2026-08-29T09:00:00Z,OTHER,GAS COGEN,41.663007739384966,58
2026-08-29T09:00:00Z,OTHER,OIL/GAS,43.863259353637694,53
2026-08-29T09:00:00Z,OTHER,WOOD/REFUSE,86.93643826272752,149
2026-08-29T09:00:00Z,SOLAR,SOLAR,0.3999999985098839,1892
2026-08-29T09:00:00Z,WIND,WIND,1133.162449059147,5684
2026-08-29T10:00:00Z,ENERGY STORAGE,ENERGY STORAGE,0,270
2026-08-29T10:00:00Z,GAS,COGENERATION,4382.883124830458,6122
2026-08-29T10:00:00Z,GAS,COMBINED CYCLE,2760.0043805673386,3974
2026-08-29T10:00:00Z,GAS,GAS FIRED STEAM,534.1675460720062,3078
2026-08-29T10:00:00Z,GAS,SIMPLE CYCLE,83.19705419487423,1014
2026-08-29T10:00:00Z,HYDRO,HYDRO,170.3546461710665,896
2026-08-29T10:00:00Z,OTHER,BIOMASS,107.29705330530803,195
2026-08-29T10:00:00Z,OTHER,COMPOSITE,0,20
2026-08-29T10:00:00Z,OTHER,GAS,1.9999510049819944,10
2026-08-29T10:00:00Z,OTHER,GAS COGEN,41.50548470603095,58
2026-08-29T10:00:00Z,OTHER,OIL/GAS,44.03763226615058,53
2026-08-29T10:00:00Z,OTHER,WOOD/REFUSE,85.35436942842271,149
2026-08-29T10:00:00Z,SOLAR,SOLAR,0.3999999985098839,1892
2026-08-29T10:00:00Z,WIND,WIND,1175.9417354791613,5684
2026-08-29T11:00:00Z,ENERGY STORAGE,ENERGY STORAGE,0,270
2026-08-29T11:00:00Z,GAS,COGENERATION,4373.511894045936,6122
2026-08-29T11:00:00Z,GAS,COMBINED CYCLE,2655.9153376807108,3974
2026-08-29T11:00:00Z,GAS,GAS FIRED STEAM,533.1203802733951,3078
2026-08-29T11:00:00Z,GAS,SIMPLE CYCLE,79.15199903011322,1014
2026-08-29T11:00:00Z,HYDRO,HYDRO,133.4425987743669,896
2026-08-29T11:00:00Z,OTHER,BIOMASS,109.56538675732082,195
2026-08-29T11:00:00Z,OTHER,COMPOSITE,0,20
2026-08-29T11:00:00Z,OTHER,GAS,1.9999510049819944,10
2026-08-29T11:00:00Z,OTHER,GAS COGEN,41.40838227801852,58
2026-08-29T11:00:00Z,OTHER,OIL/GAS,43.266393443213566,53
2026-08-29T11:00:00Z,OTHER,WOOD/REFUSE,84.6077783340878,149
2026-08-29T11:00:00Z,SOLAR,SOLAR,0.3999999985098839,1892
2026-08-29T11:00:00Z,WIND,WIND,1343.5958016671984,5684
2026-08-29T12:00:00Z,ENERGY STORAGE,ENERGY STORAGE,0,270
2026-08-29T12:00:00Z,GAS,COGENERATION,4371.052196655406,6122
2026-08-29T12:00:00Z,GAS,COMBINED CYCLE,2559.2078714378677,3974
2026-08-29T12:00:00Z,GAS,GAS FIRED STEAM,533.7203250641294,3078
2026-08-29T12:00:00Z,GAS,SIMPLE CYCLE,83.92233202351464,1014
2026-08-29T12:00:00Z,HYDRO,HYDRO,184.2230932799975,896
2026-08-29T12:00:00Z,OTHER,BIOMASS,113.10527527862125,195
2026-08-29T12:00:00Z,OTHER,COMPOSITE,0,20
2026-08-29T12:00:00Z,OTHER,GAS,2.074951022863388,10
2026-08-29T12:00:00Z,OTHER,GAS COGEN,41.8773353211085,58
2026-08-29T12:00:00Z,OTHER,OIL/GAS,42.98334896511502,53
2026-08-29T12:00:00Z,OTHER,WOOD/REFUSE,84.46146620644464,149
2026-08-29T12:00:00Z,SOLAR,SOLAR,2.6681666579842567,1892
2026-08-29T12:00:00Z,WIND,WIND,1445.235303913512,5684
2026-08-29T13:00:00Z,ENERGY STORAGE,ENERGY STORAGE,0,270
2026-08-29T13:00:00Z,GAS,COGENERATION,4367.056352665424,6122
2026-08-29T13:00:00Z,GAS,COMBINED CYCLE,2513.031167682012,3974
2026-08-29T13:00:00Z,GAS,GAS FIRED STEAM,533.0189353042178,3078
2026-08-29T13:00:00Z,GAS,SIMPLE CYCLE,79.96610987716251,1014
2026-08-29T13:00:00Z,HYDRO,HYDRO,154.53205095264647,896
2026-08-29T13:00:00Z,OTHER,BIOMASS,108.90755329291026,195
2026-08-29T13:00:00Z,OTHER,COMPOSITE,0,20
2026-08-29T13:00:00Z,OTHER,GAS,2.0999510288238525,10
2026-08-29T13:00:00Z,OTHER,GAS COGEN,41.63986967351701,58
2026-08-29T13:00:00Z,OTHER,OIL/GAS,43.14978264702691,53
2026-08-29T13:00:00Z,OTHER,WOOD/REFUSE,84.15811681058672,149
2026-08-29T13:00:00Z,SOLAR,SOLAR,239.65492240557654,1892
2026-08-29T13:00:00Z,WIND,WIND,1359.8499302742464,5684
2026-08-29T14:00:00Z,ENERGY STORAGE,ENERGY STORAGE,0,270
2026-08-29T14:00:00Z,GAS,COGENERATION,4263.923104024993,6122
2026-08-29T14:00:00Z,GAS,COMBINED CYCLE,2423.620286277665,3974
2026-08-29T14:00:00Z,GAS,GAS FIRED STEAM,532.092102121777,3078
2026-08-29T14:00:00Z,GAS,SIMPLE CYCLE,82.47988710138533,1014
2026-08-29T14:00:00Z,HYDRO,HYDRO,182.3042501804895,896
2026-08-29T14:00:00Z,OTHER,BIOMASS,106.9132201576233,195
2026-08-29T14:00:00Z,OTHER,COMPOSITE,0,20
2026-08-29T14:00:00Z,OTHER,GAS,2.0999510288238525,10
2026-08-29T14:00:00Z,OTHER,GAS COGEN,41.43753322336409,58
2026-08-29T14:00:00Z,OTHER,OIL/GAS,42.61385460959541,53
2026-08-29T14:00:00Z,OTHER,WOOD/REFUSE,85.13086316373612,149
2026-08-29T14:00:00Z,SOLAR,SOLAR,882.0079003911383,1892
2026-08-29T14:00:00Z,WIND,WIND,1095.5914160159355,5684
2026-08-29T15:00:00Z,ENERGY STORAGE,ENERGY STORAGE,0.0476666656633218,270
2026-08-29T15:00:00Z,GAS,COGENERATION,4243.308431872196,6122
2026-08-29T15:00:00Z,GAS,COMBINED CYCLE,2522.884576446745,3974
2026-08-29T15:00:00Z,GAS,GAS FIRED STEAM,533.4369355605709,3078
2026-08-29T15:00:00Z,GAS,SIMPLE CYCLE,84.49888665941027,1014
2026-08-29T15:00:00Z,HYDRO,HYDRO,228.31996311955982,896
2026-08-29T15:00:00Z,OTHER,BIOMASS,106.88327599790361,195
2026-08-29T15:00:00Z,OTHER,COMPOSITE,0,20
2026-08-29T15:00:00Z,OTHER,GAS,2.0999510288238525,10
2026-08-29T15:00:00Z,OTHER,GAS COGEN,41.03589892175463,58
2026-08-29T15:00:00Z,OTHER,OIL/GAS,42.774288141462534,53
2026-08-29T15:00:00Z,OTHER,WOOD/REFUSE,84.58800085014767,149
2026-08-29T15:00:00Z,SOLAR,SOLAR,1136.6274738630984,1892
2026-08-29T15:00:00Z,WIND,WIND,935.9784414513078,5684
2026-08-29T16:00:00Z,ENERGY STORAGE,ENERGY STORAGE,0,270
2026-08-29T16:00:00Z,GAS,COGENERATION,4199.627245220078,6122
2026-08-29T16:00:00Z,GAS,COMBINED CYCLE,2869.8032075601154,3974
2026-08-29T16:00:00Z,GAS,GAS FIRED STEAM,531.6372150823805,3078
2026-08-29T16:00:00Z,GAS,SIMPLE CYCLE,82.5403316005071,1014
2026-08-29T16:00:00Z,HYDRO,HYDRO,198.10754797617597,896
2026-08-29T16:00:00Z,OTHER,BIOMASS,104.31955334610409,195
2026-08-29T16:00:00Z,OTHER,COMPOSITE,0,20
2026-08-29T16:00:00Z,OTHER,GAS,2.0999510288238525,10
2026-08-29T16:00:00Z,OTHER,GAS COGEN,40.91340209166209,58
2026-08-29T16:00:00Z,OTHER,OIL/GAS,42.680160469479034,53
2026-08-29T16:00:00Z,OTHER,WOOD/REFUSE,83.39806040922801,149
2026-08-29T16:00:00Z,SOLAR,SOLAR,972.7969222933716,1892
2026-08-29T16:00:00Z,WIND,WIND,936.3500131168547,5684
2026-08-29T17:00:00Z,ENERGY STORAGE,ENERGY STORAGE,0,270
2026-08-29T17:00:00Z,GAS,COGENERATION,4095.2194163408544,6122
2026-08-29T17:00:00Z,GAS,COMBINED CYCLE,2972.3925681853293,3974
2026-08-29T17:00:00Z,GAS,GAS FIRED STEAM,535.6857128821479,3078
2026-08-29T17:00:00Z,GAS,SIMPLE CYCLE,82.51855411052703,1014
2026-08-29T17:00:00Z,HYDRO,HYDRO,192.75887328462468,896
2026-08-29T17:00:00Z,OTHER,BIOMASS,110.89872036457062,195
2026-08-29T17:00:00Z,OTHER,COMPOSITE,0,20
2026-08-29T17:00:00Z,OTHER,GAS,2.0999510288238525,10
2026-08-29T17:00:00Z,OTHER,GAS COGEN,40.7246194908354,58
2026-08-29T17:00:00Z,OTHER,OIL/GAS,42.56987129847209,53
2026-08-29T17:00:00Z,OTHER,WOOD/REFUSE,82.76097819858127,149
2026-08-29T17:00:00Z,SOLAR,SOLAR,1200.0209796977042,1892
2026-08-29T17:00:00Z,WIND,WIND,871.1921480288191,5684
2026-08-29T18:00:00Z,ENERGY STORAGE,ENERGY STORAGE,0.01588888845509952,270
2026-08-29T18:00:00Z,GAS,COGENERATION,4058.685355343951,6122
2026-08-29T18:00:00Z,GAS,COMBINED CYCLE,2883.695344163312,3974
2026-08-29T18:00:00Z,GAS,GAS FIRED STEAM,532.6223234875997,3078
2026-08-29T18:00:00Z,GAS,SIMPLE CYCLE,84.34099825912051,1014
2026-08-29T18:00:00Z,HYDRO,HYDRO,233.7413650871979,896
2026-08-29T18:00:00Z,OTHER,BIOMASS,110.74677488750882,195
2026-08-29T18:00:00Z,OTHER,COMPOSITE,0,20
2026-08-29T18:00:00Z,OTHER,GAS,2.0999510288238525,10
2026-08-29T18:00:00Z,OTHER,GAS COGEN,39.02276511775122,58
2026-08-29T18:00:00Z,OTHER,OIL/GAS,42.551488081614174,53
2026-08-29T18:00:00Z,OTHER,WOOD/REFUSE,83.23858959092034,149
2026-08-29T18:00:00Z,SOLAR,SOLAR,1515.95782527056,1892
2026-08-29T18:00:00Z,WIND,WIND,765.5836407764588,5684
2026-08-29T19:00:00Z,ENERGY STORAGE,ENERGY STORAGE,0,270
2026-08-29T19:00:00Z,GAS,COGENERATION,4152.129074680541,6122
2026-08-29T19:00:00Z,GAS,COMBINED CYCLE,3125.234796652794,3974
2026-08-29T19:00:00Z,GAS,GAS FIRED STEAM,664.8353788672553,3078
2026-08-29T19:00:00Z,GAS,SIMPLE CYCLE,86.31027592076195,1014
2026-08-29T19:00:00Z,HYDRO,HYDRO,267.10163399800655,896
2026-08-29T19:00:00Z,OTHER,BIOMASS,107.8239419163598,195
2026-08-29T19:00:00Z,OTHER,COMPOSITE,0,20
2026-08-29T19:00:00Z,OTHER,GAS,1.9839510011672976,10
2026-08-29T19:00:00Z,OTHER,GAS COGEN,38.65762016561296,58
2026-08-29T19:00:00Z,OTHER,OIL/GAS,41.851265286339654,53
2026-08-29T19:00:00Z,OTHER,WOOD/REFUSE,82.5998931868871,149
2026-08-29T19:00:00Z,SOLAR,SOLAR,1281.00894248373,1892
2026-08-29T19:00:00Z,WIND,WIND,606.6942557322068,5684
2026-08-29T20:00:00Z,ENERGY STORAGE,ENERGY STORAGE,0.01149999976158141,270
2026-08-29T20:00:00Z,GAS,COGENERATION,4164.956240858767,6122
2026-08-29T20:00:00Z,GAS,COMBINED CYCLE,3110.401288750437,3974
2026-08-29T20:00:00Z,GAS,GAS FIRED STEAM,803.4927100457086,3078
2026-08-29T20:00:00Z,GAS,SIMPLE CYCLE,81.60888730949826,1014
2026-08-29T20:00:00Z,HYDRO,HYDRO,205.08766305332384,896
2026-08-29T20:00:00Z,OTHER,BIOMASS,103.32755399862926,195
2026-08-29T20:00:00Z,OTHER,COMPOSITE,0,20
2026-08-29T20:00:00Z,OTHER,GAS,2.0999510288238525,10
2026-08-29T20:00:00Z,OTHER,GAS COGEN,39.68322615941366,58
2026-08-29T20:00:00Z,OTHER,OIL/GAS,42.242299448649085,53
2026-08-29T20:00:00Z,OTHER,WOOD/REFUSE,82.20462449391682,149
2026-08-29T20:00:00Z,SOLAR,SOLAR,1186.609108613034,1892
2026-08-29T20:00:00Z,WIND,WIND,628.7195892333157,5684
2026-08-29T21:00:00Z,ENERGY STORAGE,ENERGY STORAGE,0.04111111028326882,270
2026-08-29T21:00:00Z,GAS,COGENERATION,4064.978534235954,6122
2026-08-29T21:00:00Z,GAS,COMBINED CYCLE,3083.8379182897675,3974
2026-08-29T21:00:00Z,GAS,GAS FIRED STEAM,812.5477652231853,3078
2026-08-29T21:00:00Z,GAS,SIMPLE CYCLE,82.41933170901405,1014
2026-08-29T21:00:00Z,HYDRO,HYDRO,203.73697666325504,896
2026-08-29T21:00:00Z,OTHER,BIOMASS,107.78510934511822,195
2026-08-29T21:00:00Z,OTHER,COMPOSITE,0,20
2026-08-29T21:00:00Z,OTHER,GAS,2.0947843609253565,10
2026-08-29T21:00:00Z,OTHER,GAS COGEN,39.71448597484165,58
2026-08-29T21:00:00Z,OTHER,OIL/GAS,42.5079712846544,53
2026-08-29T21:00:00Z,OTHER,WOOD/REFUSE,81.96521332634819,149
2026-08-29T21:00:00Z,SOLAR,SOLAR,1313.5592837057843,1892
2026-08-29T21:00:00Z,WIND,WIND,747.8113643259225,5684
2026-08-29T22:00:00Z,ENERGY STORAGE,ENERGY STORAGE,0.21577777341008186,270
2026-08-29T22:00:00Z,GAS,COGENERATION,4183.6777739386425,6122
2026-08-29T22:00:00Z,GAS,COMBINED CYCLE,3123.5296070072386,3974
2026-08-29T22:00:00Z,GAS,GAS FIRED STEAM,819.8878766759236,3078
2026-08-29T22:00:00Z,GAS,SIMPLE CYCLE,81.37505422963036,1014
2026-08-29T22:00:00Z,HYDRO,HYDRO,193.4673262539506,896
2026-08-29T22:00:00Z,OTHER,BIOMASS,107.12044214990404,195
2026-08-29T22:00:00Z,OTHER,COMPOSITE,0,20
2026-08-29T22:00:00Z,OTHER,GAS,2.0999510288238525,10
2026-08-29T22:00:00Z,OTHER,GAS COGEN,39.812082327736746,58
2026-08-29T22:00:00Z,OTHER,OIL/GAS,42.7913991440667,53
2026-08-29T22:00:00Z,OTHER,WOOD/REFUSE,81.61900363127391,149
2026-08-29T22:00:00Z,SOLAR,SOLAR,1185.4668344629638,1892
2026-08-29T22:00:00Z,WIND,WIND,848.9020048667036,5684
2026-08-29T23:00:00Z,ENERGY STORAGE,ENERGY STORAGE,-0.00233333349227905,270
2026-08-29T23:00:00Z,GAS,COGENERATION,4247.038036648101,6122
2026-08-29T23:00:00Z,GAS,COMBINED CYCLE,3208.1562754175397,3974
2026-08-29T23:00:00Z,GAS,GAS FIRED STEAM,809.1495992490981,3078
2026-08-29T23:00:00Z,GAS,SIMPLE CYCLE,80.19127629545001,1014
2026-08-29T23:00:00Z,HYDRO,HYDRO,184.86447563264105,896
2026-08-29T23:00:00Z,OTHER,BIOMASS,109.13783181508383,195
2026-08-29T23:00:00Z,OTHER,COMPOSITE,0,20
2026-08-29T23:00:00Z,OTHER,GAS,2.0999510288238525,10
2026-08-29T23:00:00Z,OTHER,GAS COGEN,40.06686326556735,58
2026-08-29T23:00:00Z,OTHER,OIL/GAS,42.94628305011325,53
2026-08-29T23:00:00Z,OTHER,WOOD/REFUSE,80.53501105043622,149
2026-08-29T23:00:00Z,SOLAR,SOLAR,715.6238641857108,1892
2026-08-29T23:00:00Z,WIND,WIND,1274.284188918935,5684
2026-08-30T00:00:00Z,ENERGY STORAGE,ENERGY STORAGE,-0.00688888899154133,270
2026-08-30T00:00:00Z,GAS,COGENERATION,4208.070994815628,6122
2026-08-30T00:00:00Z,GAS,COMBINED CYCLE,3165.007286423577,3974
2026-08-30T00:00:00Z,GAS,GAS FIRED STEAM,796.3784887970818,3078
2026-08-30T00:00:00Z,GAS,SIMPLE CYCLE,81.56210985342662,1014
2026-08-30T00:00:00Z,HYDRO,HYDRO,226.25515980685753,896
2026-08-30T00:00:00Z,OTHER,BIOMASS,109.28138706260258,195
2026-08-30T00:00:00Z,OTHER,COMPOSITE,0,20
2026-08-30T00:00:00Z,OTHER,GAS,2.0999510288238525,10
2026-08-30T00:00:00Z,OTHER,GAS COGEN,40.47981670803494,58
2026-08-30T00:00:00Z,OTHER,OIL/GAS,43.30036060121324,53
2026-08-30T00:00:00Z,OTHER,WOOD/REFUSE,81.33338804562887,149
2026-08-30T00:00:00Z,SOLAR,SOLAR,305.65248160511254,1892
2026-08-30T00:00:00Z,WIND,WIND,1606.2941203343496,5684
2026-08-30T01:00:00Z,ENERGY STORAGE,ENERGY STORAGE,0,270
2026-08-30T01:00:00Z,GAS,COGENERATION,4126.335572763747,6122
2026-08-30T01:00:00Z,GAS,COMBINED CYCLE,3165.0056369829176,3974
2026-08-30T01:00:00Z,GAS,GAS FIRED STEAM,698.1218777698941,3078
2026-08-30T01:00:00Z,GAS,SIMPLE CYCLE,82.8263318098916,1014
2026-08-30T01:00:00Z,HYDRO,HYDRO,217.16960707141294,896
2026-08-30T01:00:00Z,OTHER,BIOMASS,109.39849837250179,195
2026-08-30T01:00:00Z,OTHER,COMPOSITE,0,20
2026-08-30T01:00:00Z,OTHER,GAS,2.0999510288238525,10
2026-08-30T01:00:00Z,OTHER,GAS COGEN,40.48186398294237,58
2026-08-30T01:00:00Z,OTHER,OIL/GAS,43.12430436876085,53
2026-08-30T01:00:00Z,OTHER,WOOD/REFUSE,83.04791194491916,149
2026-08-30T01:00:00Z,SOLAR,SOLAR,72.64899818308652,1892
2026-08-30T01:00:00Z,WIND,WIND,1860.054801723448,5684
2026-08-30T02:00:00Z,ENERGY STORAGE,ENERGY STORAGE,0.10122222224457396,270
2026-08-30T02:00:00Z,GAS,COGENERATION,4103.294720849461,6122
2026-08-30T02:00:00Z,GAS,COMBINED CYCLE,3232.010858139992,3974
2026-08-30T02:00:00Z,GAS,GAS FIRED STEAM,752.2542110718622,3078
2026-08-30T02:00:00Z,GAS,SIMPLE CYCLE,85.41815437025495,1014
2026-08-30T02:00:00Z,HYDRO,HYDRO,261.67483280618984,896
2026-08-30T02:00:00Z,OTHER,BIOMASS,108.15144233862559,195
2026-08-30T02:00:00Z,OTHER,COMPOSITE,0,20
2026-08-30T02:00:00Z,OTHER,GAS,2.0999510288238525,10
2026-08-30T02:00:00Z,OTHER,GAS COGEN,40.759351737234326,58
2026-08-30T02:00:00Z,OTHER,OIL/GAS,43.14778847588433,53
2026-08-30T02:00:00Z,OTHER,WOOD/REFUSE,83.84036015086704,149
2026-08-30T02:00:00Z,SOLAR,SOLAR,1.1827011536724037,1892
2026-08-30T02:00:00Z,WIND,WIND,1742.881656046489,5684
2026-08-30T03:00:00Z,ENERGY STORAGE,ENERGY STORAGE,0.01561111139754455,270
2026-08-30T03:00:00Z,GAS,COGENERATION,4085.215690820615,6122
2026-08-30T03:00:00Z,GAS,COMBINED CYCLE,3142.369981105063,3974
2026-08-30T03:00:00Z,GAS,GAS FIRED STEAM,805.9155429924859,3078
2026-08-30T03:00:00Z,GAS,SIMPLE CYCLE,81.52060976293352,1014
2026-08-30T03:00:00Z,HYDRO,HYDRO,207.1919968701237,896
2026-08-30T03:00:00Z,OTHER,BIOMASS,110.11621986495123,195
2026-08-30T03:00:00Z,OTHER,COMPOSITE,0,20
2026-08-30T03:00:00Z,OTHER,GAS,2.0999510288238525,10
2026-08-30T03:00:00Z,OTHER,GAS COGEN,40.942167183028324,58
2026-08-30T03:00:00Z,OTHER,OIL/GAS,43.81072126176622,53
2026-08-30T03:00:00Z,OTHER,WOOD/REFUSE,82.59172449270885,149
2026-08-30T03:00:00Z,SOLAR,SOLAR,0.8604856130811903,1892
2026-08-30T03:00:00Z,WIND,WIND,1780.6255053554971,5684
2026-08-30T04:00:00Z,ENERGY STORAGE,ENERGY STORAGE,-0.1650000024586916,270
2026-08-30T04:00:00Z,GAS,COGENERATION,3894.91985534509,6122
2026-08-30T04:00:00Z,GAS,COMBINED CYCLE,2909.382464671135,3974
2026-08-30T04:00:00Z,GAS,GAS FIRED STEAM,715.8209872076246,3078
2026-08-30T04:00:00Z,GAS,SIMPLE CYCLE,76.80216567834219,1014
2026-08-30T04:00:00Z,HYDRO,HYDRO,124.2746581389755,896
2026-08-30T04:00:00Z,OTHER,BIOMASS,109.62460865497589,195
2026-08-30T04:00:00Z,OTHER,COMPOSITE,0,20
2026-08-30T04:00:00Z,OTHER,GAS,2.0999510288238525,10
2026-08-30T04:00:00Z,OTHER,GAS COGEN,41.044090370072254,58
2026-08-30T04:00:00Z,OTHER,OIL/GAS,43.97048780865139,53
2026-08-30T04:00:00Z,OTHER,WOOD/REFUSE,83.52098164929285,149
2026-08-30T04:00:00Z,SOLAR,SOLAR,0.6636959604753389,1892
2026-08-30T04:00:00Z,WIND,WIND,2115.7840479308534,5684
2026-08-30T05:00:00Z,ENERGY STORAGE,ENERGY STORAGE,0.09233333470920722,270
2026-08-30T05:00:00Z,GAS,COGENERATION,3887.6262410456607,6122
2026-08-30T05:00:00Z,GAS,COMBINED CYCLE,2694.177520140542,3974
2026-08-30T05:00:00Z,GAS,GAS FIRED STEAM,743.4586552937825,3078
2026-08-30T05:00:00Z,GAS,SIMPLE CYCLE,84.48977095560895,1014
2026-08-30T05:00:00Z,HYDRO,HYDRO,201.98217924676007,896
2026-08-30T05:00:00Z,OTHER,BIOMASS,108.88477579222784,195
2026-08-30T05:00:00Z,OTHER,COMPOSITE,0,20
2026-08-30T05:00:00Z,OTHER,GAS,2.033562124106619,10
2026-08-30T05:00:00Z,OTHER,GAS COGEN,41.055171262423194,58
2026-08-30T05:00:00Z,OTHER,OIL/GAS,44.71743293126424,53
2026-08-30T05:00:00Z,OTHER,WOOD/REFUSE,84.44568686220381,149
2026-08-30T05:00:00Z,SOLAR,SOLAR,0.5017777738968532,1892
2026-08-30T05:00:00Z,WIND,WIND,1949.103098673026,5684
2026-08-30T06:00:00Z,ENERGY STORAGE,ENERGY STORAGE,-5.736111119737227,270
2026-08-30T06:00:00Z,GAS,COGENERATION,3872.0687776025134,6122
2026-08-30T06:00:00Z,GAS,COMBINED CYCLE,2274.033849026362,3974
2026-08-30T06:00:00Z,GAS,GAS FIRED STEAM,799.4098771391974,3078
2026-08-30T06:00:00Z,GAS,SIMPLE CYCLE,75.51040394705203,1014
2026-08-30T06:00:00Z,HYDRO,HYDRO,107.65415841749973,896
2026-08-30T06:00:00Z,OTHER,BIOMASS,106.61988705846997,195
2026-08-30T06:00:00Z,OTHER,COMPOSITE,0,20
2026-08-30T06:00:00Z,OTHER,GAS,1.9999510049819944,10
2026-08-30T06:00:00Z,OTHER,GAS COGEN,41.00519871817695,58
2026-08-30T06:00:00Z,OTHER,OIL/GAS,44.66562170240614,53
2026-08-30T06:00:00Z,OTHER,WOOD/REFUSE,84.0760081105762,149
2026-08-30T06:00:00Z,SOLAR,SOLAR,0.13750000149011612,1892
2026-08-30T06:00:00Z,WIND,WIND,2174.5800222822113,5684
2026-08-30T07:00:00Z,ENERGY STORAGE,ENERGY STORAGE,-13.020000023841858,270
2026-08-30T07:00:00Z,GAS,COGENERATION,3880.7456872489715,6122
2026-08-30T07:00:00Z,GAS,COMBINED CYCLE,1930.788329035441,3974
2026-08-30T07:00:00Z,GAS,GAS FIRED STEAM,636.9901002481249,3078
2026-08-30T07:00:00Z,GAS,SIMPLE CYCLE,76.31315762423807,1014
2026-08-30T07:00:00Z,HYDRO,HYDRO,117.9036445707745,896
2026-08-30T07:00:00Z,OTHER,BIOMASS,107.74044219175974,195
2026-08-30T07:00:00Z,OTHER,COMPOSITE,0,20
2026-08-30T07:00:00Z,OTHER,GAS,1.9999510049819944,10
2026-08-30T07:00:00Z,OTHER,GAS COGEN,40.78571477148268,58
2026-08-30T07:00:00Z,OTHER,OIL/GAS,45.01023185306125,53
2026-08-30T07:00:00Z,OTHER,WOOD/REFUSE,85.36960102717082,149
2026-08-30T07:00:00Z,SOLAR,SOLAR,0.10000000149011612,1892
2026-08-30T07:00:00Z,WIND,WIND,2501.962540503326,5684
2026-08-30T08:00:00Z,ENERGY STORAGE,ENERGY STORAGE,-4.895000012848112,270
2026-08-30T08:00:00Z,GAS,COGENERATION,3874.2406864395407,6122
2026-08-30T08:00:00Z,GAS,COMBINED CYCLE,1884.6010093254513,3974
2026-08-30T08:00:00Z,GAS,GAS FIRED STEAM,532.0772123908997,3078
2026-08-30T08:00:00Z,GAS,SIMPLE CYCLE,78.69899076259799,1014
2026-08-30T08:00:00Z,HYDRO,HYDRO,139.93555481187173,896
2026-08-30T08:00:00Z,OTHER,BIOMASS,106.47399799187977,195
2026-08-30T08:00:00Z,OTHER,COMPOSITE,0,20
2026-08-30T08:00:00Z,OTHER,GAS,1.9999510049819944,10
2026-08-30T08:00:00Z,OTHER,GAS COGEN,41.26201322449579,58
2026-08-30T08:00:00Z,OTHER,OIL/GAS,44.60537685394287,53
2026-08-30T08:00:00Z,OTHER,WOOD/REFUSE,84.44341247876484,149
2026-08-30T08:00:00Z,SOLAR,SOLAR,0.10000000149011612,1892
2026-08-30T08:00:00Z,WIND,WIND,2467.344563150613,5684
2026-08-30T09:00:00Z,ENERGY STORAGE,ENERGY STORAGE,-0.09999999403953552,270
2026-08-30T09:00:00Z,GAS,COGENERATION,3889.117494422131,6122
2026-08-30T09:00:00Z,GAS,COMBINED CYCLE,1945.5669997019238,3974
2026-08-30T09:00:00Z,GAS,GAS FIRED STEAM,532.500657886929,3078
2026-08-30T09:00:00Z,GAS,SIMPLE CYCLE,85.7986570613583,1014
2026-08-30T09:00:00Z,HYDRO,HYDRO,206.59263600654072,896
2026-08-30T09:00:00Z,OTHER,BIOMASS,107.20560945722792,195
2026-08-30T09:00:00Z,OTHER,COMPOSITE,0,20
2026-08-30T09:00:00Z,OTHER,GAS,1.9999510049819944,10
2026-08-30T09:00:00Z,OTHER,GAS COGEN,41.29428373919593,58
2026-08-30T09:00:00Z,OTHER,OIL/GAS,44.42915475845337,53
2026-08-30T09:00:00Z,OTHER,WOOD/REFUSE,83.39089217397901,149
2026-08-30T09:00:00Z,SOLAR,SOLAR,0.10000000149011612,1892
2026-08-30T09:00:00Z,WIND,WIND,2237.1767006625896,5684
2026-08-30T10:00:00Z,ENERGY STORAGE,ENERGY STORAGE,0.1507777812414699,270
2026-08-30T10:00:00Z,GAS,COGENERATION,3935.684929335382,6122
2026-08-30T10:00:00Z,GAS,COMBINED CYCLE,2374.151366932657,3974
2026-08-30T10:00:00Z,GAS,GAS FIRED STEAM,535.57032435947,3078
2026-08-30T10:00:00Z,GAS,SIMPLE CYCLE,87.98699047098557,1014
2026-08-30T10:00:00Z,HYDRO,HYDRO,227.89205282502704,896
2026-08-30T10:00:00Z,OTHER,BIOMASS,106.27188682291244,195
2026-08-30T10:00:00Z,OTHER,COMPOSITE,0,20
2026-08-30T10:00:00Z,OTHER,GAS,1.9999510049819944,10
2026-08-30T10:00:00Z,OTHER,GAS COGEN,41.323069610065886,58
2026-08-30T10:00:00Z,OTHER,OIL/GAS,44.29924909803602,53
2026-08-30T10:00:00Z,OTHER,WOOD/REFUSE,83.60085980044471,149
2026-08-30T10:00:00Z,SOLAR,SOLAR,0.13222222371233833,1892
2026-08-30T10:00:00Z,WIND,WIND,1702.4868145083306,5684
2026-08-30T11:00:00Z,ENERGY STORAGE,ENERGY STORAGE,-0.10000000149011612,270
2026-08-30T11:00:00Z,GAS,COGENERATION,3955.713821676572,6122
2026-08-30T11:00:00Z,GAS,COMBINED CYCLE,2703.329825296137,3974
2026-08-30T11:00:00Z,GAS,GAS FIRED STEAM,534.6004914198982,3078
2026-08-30T11:00:00Z,GAS,SIMPLE CYCLE,83.40126770665248,1014
2026-08-30T11:00:00Z,HYDRO,HYDRO,191.95048351592487,896
2026-08-30T11:00:00Z,OTHER,BIOMASS,106.3940535095003,195
2026-08-30T11:00:00Z,OTHER,COMPOSITE,0,20
2026-08-30T11:00:00Z,OTHER,GAS,1.9999510049819944,10
2026-08-30T11:00:00Z,OTHER,GAS COGEN,41.16206764909957,58
2026-08-30T11:00:00Z,OTHER,OIL/GAS,44.829104569753014,53
2026-08-30T11:00:00Z,OTHER,WOOD/REFUSE,82.7173170264562,149
2026-08-30T11:00:00Z,SOLAR,SOLAR,0.18083333482344943,1892
2026-08-30T11:00:00Z,WIND,WIND,1391.3301260067108,5684
2026-08-30T12:00:00Z,ENERGY STORAGE,ENERGY STORAGE,-0.10000000149011612,270
2026-08-30T12:00:00Z,GAS,COGENERATION,3953.643642994298,6122
2026-08-30T12:00:00Z,GAS,COMBINED CYCLE,2682.040316380395,3974
2026-08-30T12:00:00Z,GAS,GAS FIRED STEAM,533.2186581208971,3078
2026-08-30T12:00:00Z,GAS,SIMPLE CYCLE,65.41865763992071,1014
2026-08-30T12:00:00Z,HYDRO,HYDRO,174.78845591697427,896
2026-08-30T12:00:00Z,OTHER,BIOMASS,105.85166478421954,195
2026-08-30T12:00:00Z,OTHER,COMPOSITE,0,20
2026-08-30T12:00:00Z,OTHER,GAS,1.9999510049819944,10
2026-08-30T12:00:00Z,OTHER,GAS COGEN,41.42199942006005,58
2026-08-30T12:00:00Z,OTHER,OIL/GAS,43.50961644278632,53
2026-08-30T12:00:00Z,OTHER,WOOD/REFUSE,83.14895686997308,149
2026-08-30T12:00:00Z,SOLAR,SOLAR,0.25711111058791475,1892
2026-08-30T12:00:00Z,WIND,WIND,1554.1556501725813,5684
2026-08-30T13:00:00Z,ENERGY STORAGE,ENERGY STORAGE,-0.10000000149011612,270
2026-08-30T13:00:00Z,GAS,COGENERATION,3932.9776480371424,6122
2026-08-30T13:00:00Z,GAS,COMBINED CYCLE,2432.6678441148333,3974
2026-08-30T13:00:00Z,GAS,GAS FIRED STEAM,532.4678796323141,3078
2026-08-30T13:00:00Z,GAS,SIMPLE CYCLE,61.53515752802293,1014
2026-08-30T13:00:00Z,HYDRO,HYDRO,143.18937553326288,896
2026-08-30T13:00:00Z,OTHER,BIOMASS,105.75716484917534,195
2026-08-30T13:00:00Z,OTHER,COMPOSITE,0,20
2026-08-30T13:00:00Z,OTHER,GAS,1.9999510049819944,10
2026-08-30T13:00:00Z,OTHER,GAS COGEN,41.34091477341122,58
2026-08-30T13:00:00Z,OTHER,OIL/GAS,44.51286093182034,53
2026-08-30T13:00:00Z,OTHER,WOOD/REFUSE,83.51285244146982,149
2026-08-30T13:00:00Z,SOLAR,SOLAR,138.02282922539447,1892
2026-08-30T13:00:00Z,WIND,WIND,1793.985713549993,5684
2026-08-30T14:00:00Z,ENERGY STORAGE,ENERGY STORAGE,-0.10000000149011612,270
2026-08-30T14:00:00Z,GAS,COGENERATION,3908.3402079170282,6122
2026-08-30T14:00:00Z,GAS,COMBINED CYCLE,2196.468760070536,3974
2026-08-30T14:00:00Z,GAS,GAS FIRED STEAM,532.1839909829034,3078
2026-08-30T14:00:00Z,GAS,SIMPLE CYCLE,64.5036941081244,1014
2026-08-30T14:00:00Z,HYDRO,HYDRO,195.0732284873393,896
2026-08-30T14:00:00Z,OTHER,BIOMASS,105.93077619817522,195
2026-08-30T14:00:00Z,OTHER,COMPOSITE,0,20
2026-08-30T14:00:00Z,OTHER,GAS,1.9999510049819944,10
2026-08-30T14:00:00Z,OTHER,GAS COGEN,41.36197609477573,58
2026-08-30T14:00:00Z,OTHER,OIL/GAS,44.74509916093614,53
2026-08-30T14:00:00Z,OTHER,WOOD/REFUSE,84.12747146977318,149
2026-08-30T14:00:00Z,SOLAR,SOLAR,676.2866641992993,1892
2026-08-30T14:00:00Z,WIND,WIND,1740.3351834365271,5684
2026-08-30T15:00:00Z,ENERGY STORAGE,ENERGY STORAGE,-0.10000000149011612,270
2026-08-30T15:00:00Z,GAS,COGENERATION,3882.8893178032504,6122
2026-08-30T15:00:00Z,GAS,COMBINED CYCLE,2144.526317679617,3974
2026-08-30T15:00:00Z,GAS,GAS FIRED STEAM,532.1619349818759,3078
2026-08-30T15:00:00Z,GAS,SIMPLE CYCLE,63.31677703195148,1014
2026-08-30T15:00:00Z,HYDRO,HYDRO,168.8753410179085,896
2026-08-30T15:00:00Z,OTHER,BIOMASS,105.72199788888295,195
2026-08-30T15:00:00Z,OTHER,COMPOSITE,0,20
2026-08-30T15:00:00Z,OTHER,GAS,1.9999510049819944,10
2026-08-30T15:00:00Z,OTHER,GAS COGEN,40.905027145279774,58
2026-08-30T15:00:00Z,OTHER,OIL/GAS,44.898654772440594,53
2026-08-30T15:00:00Z,OTHER,WOOD/REFUSE,84.42853657881419,149
2026-08-30T15:00:00Z,SOLAR,SOLAR,957.2279838990834,1892
2026-08-30T15:00:00Z,WIND,WIND,1813.8605199597114,5684
2026-08-30T16:00:00Z,ENERGY STORAGE,ENERGY STORAGE,-0.10000000149011612,270
2026-08-30T16:00:00Z,GAS,COGENERATION,3856.9911430056227,6122
2026-08-30T16:00:00Z,GAS,COMBINED CYCLE,2228.454223715994,3974
2026-08-30T16:00:00Z,GAS,GAS FIRED STEAM,532.1183805529276,3078
2026-08-30T16:00:00Z,GAS,SIMPLE CYCLE,63.17033251365026,1014
2026-08-30T16:00:00Z,HYDRO,HYDRO,174.54599919425115,896
2026-08-30T16:00:00Z,OTHER,BIOMASS,104.52349781248304,195
2026-08-30T16:00:00Z,OTHER,COMPOSITE,0,20
2026-08-30T16:00:00Z,OTHER,GAS,1.9999510049819944,10
2026-08-30T16:00:00Z,OTHER,GAS COGEN,40.74398888164096,58
2026-08-30T16:00:00Z,OTHER,OIL/GAS,42.65114897622003,53
2026-08-30T16:00:00Z,OTHER,WOOD/REFUSE,84.92518631670211,149
2026-08-30T16:00:00Z,SOLAR,SOLAR,1033.6871927995483,1892
2026-08-30T16:00:00Z,WIND,WIND,1887.636823377187,5684
2026-08-30T17:00:00Z,ENERGY STORAGE,ENERGY STORAGE,-0.10000000149011612,270
2026-08-30T17:00:00Z,GAS,COGENERATION,3840.4910579442976,6122
2026-08-30T17:00:00Z,GAS,COMBINED CYCLE,2341.6740620477995,3974
2026-08-30T17:00:00Z,GAS,GAS FIRED STEAM,531.6576021067301,3078
2026-08-30T17:00:00Z,GAS,SIMPLE CYCLE,64.19955490615634,1014
2026-08-30T17:00:00Z,HYDRO,HYDRO,195.19156773487728,896
2026-08-30T17:00:00Z,OTHER,BIOMASS,105.24310916317835,195
2026-08-30T17:00:00Z,OTHER,COMPOSITE,0,20
2026-08-30T17:00:00Z,OTHER,GAS,1.9999510049819944,10
2026-08-30T17:00:00Z,OTHER,GAS COGEN,40.50857509242164,58
2026-08-30T17:00:00Z,OTHER,OIL/GAS,38.63615971883138,53
2026-08-30T17:00:00Z,OTHER,WOOD/REFUSE,81.96084230528938,149
2026-08-30T17:00:00Z,SOLAR,SOLAR,974.4348577328192,1892
2026-08-30T17:00:00Z,WIND,WIND,1953.2726644130714,5684
2026-08-30T18:00:00Z,ENERGY STORAGE,ENERGY STORAGE,-0.06305555649515655,270
2026-08-30T18:00:00Z,GAS,COGENERATION,3799.368486161497,6122
2026-08-30T18:00:00Z,GAS,COMBINED CYCLE,2101.4025329256056,3974
2026-08-30T18:00:00Z,GAS,GAS FIRED STEAM,531.2674346796671,3078
2026-08-30T18:00:00Z,GAS,SIMPLE CYCLE,62.73077736828062,1014
2026-08-30T18:00:00Z,HYDRO,HYDRO,175.13462147639856,896
2026-08-30T18:00:00Z,OTHER,BIOMASS,105.42255378670163,195
2026-08-30T18:00:00Z,OTHER,COMPOSITE,0,20
2026-08-30T18:00:00Z,OTHER,GAS,1.9999510049819944,10
2026-08-30T18:00:00Z,OTHER,GAS COGEN,40.495588514010116,58
2026-08-30T18:00:00Z,OTHER,OIL/GAS,38.20712097591824,53
2026-08-30T18:00:00Z,OTHER,WOOD/REFUSE,82.4435279501809,149
2026-08-30T18:00:00Z,SOLAR,SOLAR,956.4238933163881,1892
2026-08-30T18:00:00Z,WIND,WIND,2316.097729928742,5684
2026-08-30T19:00:00Z,ENERGY STORAGE,ENERGY STORAGE,0,270
2026-08-30T19:00:00Z,GAS,COGENERATION,3782.79397181299,6122
2026-08-30T19:00:00Z,GAS,COMBINED CYCLE,2064.7682161802713,3974
2026-08-30T19:00:00Z,GAS,GAS FIRED STEAM,531.8755466355217,3078
2026-08-30T19:00:00Z,GAS,SIMPLE CYCLE,69.07983284658856,1014
2026-08-30T19:00:00Z,HYDRO,HYDRO,280.6023964746793,896
2026-08-30T19:00:00Z,OTHER,BIOMASS,104.971164454884,195
2026-08-30T19:00:00Z,OTHER,COMPOSITE,0,20
2026-08-30T19:00:00Z,OTHER,GAS,1.9999510049819944,10
2026-08-30T19:00:00Z,OTHER,GAS COGEN,40.52739437739054,58
2026-08-30T19:00:00Z,OTHER,OIL/GAS,39.79367699729072,53
2026-08-30T19:00:00Z,OTHER,WOOD/REFUSE,83.02025687800514,149
2026-08-30T19:00:00Z,SOLAR,SOLAR,780.7230158513785,1892
2026-08-30T19:00:00Z,WIND,WIND,2413.1032108508216,5684
2026-08-30T20:00:00Z,ENERGY STORAGE,ENERGY STORAGE,0.04211111037267578,270
2026-08-30T20:00:00Z,GAS,COGENERATION,3774.094569212993,6122
2026-08-30T20:00:00Z,GAS,COMBINED CYCLE,2121.6123919275074,3974
2026-08-30T20:00:00Z,GAS,GAS FIRED STEAM,533.2063238546583,3078
2026-08-30T20:00:00Z,GAS,SIMPLE CYCLE,67.77561057064268,1014
2026-08-30T20:00:00Z,HYDRO,HYDRO,260.10693601700996,896
2026-08-30T20:00:00Z,OTHER,BIOMASS,105.12477496465048,195
2026-08-30T20:00:00Z,OTHER,COMPOSITE,0,20
2026-08-30T20:00:00Z,OTHER,GAS,1.9999510049819944,10
2026-08-30T20:00:00Z,OTHER,GAS COGEN,40.63394208272298,58
2026-08-30T20:00:00Z,OTHER,OIL/GAS,40.55901058620877,53
2026-08-30T20:00:00Z,OTHER,WOOD/REFUSE,82.85019147872924,149
2026-08-30T20:00:00Z,SOLAR,SOLAR,739.8164990411202,1892
2026-08-30T20:00:00Z,WIND,WIND,2524.541598537945,5684
2026-08-30T21:00:00Z,ENERGY STORAGE,ENERGY STORAGE,0.00155555557873513,270
2026-08-30T21:00:00Z,GAS,COGENERATION,3762.262574121687,6122
2026-08-30T21:00:00Z,GAS,COMBINED CYCLE,2334.2489843244025,3974
2026-08-30T21:00:00Z,GAS,GAS FIRED STEAM,532.2329912302229,3078
2026-08-30T21:00:00Z,GAS,SIMPLE CYCLE,66.47901581469509,1014
2026-08-30T21:00:00Z,HYDRO,HYDRO,238.35001741197377,896
2026-08-30T21:00:00Z,OTHER,BIOMASS,107.86971974372864,195
2026-08-30T21:00:00Z,OTHER,COMPOSITE,0,20
2026-08-30T21:00:00Z,OTHER,GAS,1.9999510049819944,10
2026-08-30T21:00:00Z,OTHER,GAS COGEN,40.59933558252123,58
2026-08-30T21:00:00Z,OTHER,OIL/GAS,41.67807679070367,53
2026-08-30T21:00:00Z,OTHER,WOOD/REFUSE,82.38656592739952,149
2026-08-30T21:00:00Z,SOLAR,SOLAR,724.6380583309797,1892
2026-08-30T21:00:00Z,WIND,WIND,2449.330815042918,5684
2026-08-30T22:00:00Z,ENERGY STORAGE,ENERGY STORAGE,0,270
2026-08-30T22:00:00Z,GAS,COGENERATION,3777.0943761355347,6122
2026-08-30T22:00:00Z,GAS,COMBINED CYCLE,2537.513081244098,3974
2026-08-30T22:00:00Z,GAS,GAS FIRED STEAM,532.0262683656481,3078
2026-08-30T22:00:00Z,GAS,SIMPLE CYCLE,66.78255473613739,1014
2026-08-30T22:00:00Z,HYDRO,HYDRO,244.8856727069782,896
2026-08-30T22:00:00Z,OTHER,BIOMASS,108.27938633177016,195
2026-08-30T22:00:00Z,OTHER,COMPOSITE,0,20
2026-08-30T22:00:00Z,OTHER,GAS,1.9999510049819944,10
2026-08-30T22:00:00Z,OTHER,GAS COGEN,40.558744249343874,58
2026-08-30T22:00:00Z,OTHER,OIL/GAS,42.212127153608535,53
2026-08-30T22:00:00Z,OTHER,WOOD/REFUSE,76.6224295033349,149
2026-08-30T22:00:00Z,SOLAR,SOLAR,782.2488957570328,1892
2026-08-30T22:00:00Z,WIND,WIND,2353.4547602584794,5684
2026-08-30T23:00:00Z,ENERGY STORAGE,ENERGY STORAGE,0.06622222094072236,270
2026-08-30T23:00:00Z,GAS,COGENERATION,3843.4631352315346,6122
2026-08-30T23:00:00Z,GAS,COMBINED CYCLE,2805.9903883857196,3974
2026-08-30T23:00:00Z,GAS,GAS FIRED STEAM,538.7471574253507,3078
2026-08-30T23:00:00Z,GAS,SIMPLE CYCLE,68.20066584269206,1014
2026-08-30T23:00:00Z,HYDRO,HYDRO,266.36821445849205,896
2026-08-30T23:00:00Z,OTHER,BIOMASS,109.789330584738,195
2026-08-30T23:00:00Z,OTHER,COMPOSITE,0,20
2026-08-30T23:00:00Z,OTHER,GAS,1.9999510049819944,10
2026-08-30T23:00:00Z,OTHER,GAS COGEN,40.73511812051137,58
2026-08-30T23:00:00Z,OTHER,OIL/GAS,42.81676570468479,53
2026-08-30T23:00:00Z,OTHER,WOOD/REFUSE,72.9708307419883,149
2026-08-30T23:00:00Z,SOLAR,SOLAR,526.2551316737797,1892
2026-08-30T23:00:00Z,WIND,WIND,2349.5702859256003,5684
2026-08-31T00:00:00Z,ENERGY STORAGE,ENERGY STORAGE,0,270
2026-08-31T00:00:00Z,GAS,COGENERATION,3898.585481145514,6122
2026-08-31T00:00:00Z,GAS,COMBINED CYCLE,2954.7929544938934,3974
2026-08-31T00:00:00Z,GAS,GAS FIRED STEAM,594.5272668160333,3078
2026-08-31T00:00:00Z,GAS,SIMPLE CYCLE,64.48533243603177,1014
2026-08-31T00:00:00Z,HYDRO,HYDRO,197.50535406970315,896
2026-08-31T00:00:00Z,OTHER,BIOMASS,112.98544175518883,195
2026-08-31T00:00:00Z,OTHER,COMPOSITE,0,20
2026-08-31T00:00:00Z,OTHER,GAS,1.9999510049819944,10
2026-08-31T00:00:00Z,OTHER,GAS COGEN,40.91642921871609,58
2026-08-31T00:00:00Z,OTHER,OIL/GAS,43.371277262369794,53
2026-08-31T00:00:00Z,OTHER,WOOD/REFUSE,71.9355943165885,149
2026-08-31T00:00:00Z,SOLAR,SOLAR,269.39425857070006,1892
2026-08-31T00:00:00Z,WIND,WIND,2330.6305668656196,5684
2026-08-31T01:00:00Z,ENERGY STORAGE,ENERGY STORAGE,0,270
2026-08-31T01:00:00Z,GAS,COGENERATION,4065.700563021766,6122
2026-08-31T01:00:00Z,GAS,COMBINED CYCLE,2985.4718159002728,3974
2026-08-31T01:00:00Z,GAS,GAS FIRED STEAM,643.3571548695035,3078
2026-08-31T01:00:00Z,GAS,SIMPLE CYCLE,66.80272150887383,1014
2026-08-31T01:00:00Z,HYDRO,HYDRO,197.86183451991943,896
2026-08-31T01:00:00Z,OTHER,BIOMASS,111.27966449260711,195
2026-08-31T01:00:00Z,OTHER,COMPOSITE,0,20
2026-08-31T01:00:00Z,OTHER,GAS,1.9999510049819944,10
2026-08-31T01:00:00Z,OTHER,GAS COGEN,40.98997543811798,58
2026-08-31T01:00:00Z,OTHER,OIL/GAS,43.53186047448053,53
2026-08-31T01:00:00Z,OTHER,WOOD/REFUSE,80.45165161132813,149
2026-08-31T01:00:00Z,SOLAR,SOLAR,68.48485782100923,1892
2026-08-31T01:00:00Z,WIND,WIND,2070.5568629257878,5684
2026-08-31T02:00:00Z,ENERGY STORAGE,ENERGY STORAGE,0,270
2026-08-31T02:00:00Z,GAS,COGENERATION,4127.446098404461,6122
2026-08-31T02:00:00Z,GAS,COMBINED CYCLE,3066.601736643049,3974
2026-08-31T02:00:00Z,GAS,GAS FIRED STEAM,656.1984877480401,3078
2026-08-31T02:00:00Z,GAS,SIMPLE CYCLE,69.2172770028644,1014
2026-08-31T02:00:00Z,HYDRO,HYDRO,226.86810575809744,896
2026-08-31T02:00:00Z,OTHER,BIOMASS,113.51388683584001,195
2026-08-31T02:00:00Z,OTHER,COMPOSITE,0,20
2026-08-31T02:00:00Z,OTHER,GAS,1.9999510049819944,10
2026-08-31T02:00:00Z,OTHER,GAS COGEN,41.19347251256307,58
2026-08-31T02:00:00Z,OTHER,OIL/GAS,43.1479825676812,53
2026-08-31T02:00:00Z,OTHER,WOOD/REFUSE,84.464926899804,149
2026-08-31T02:00:00Z,SOLAR,SOLAR,0.45977777163187655,1892
2026-08-31T02:00:00Z,WIND,WIND,1960.2375311117205,5684
2026-08-31T03:00:00Z,ENERGY STORAGE,ENERGY STORAGE,0.09622222014599376,270
2026-08-31T03:00:00Z,GAS,COGENERATION,4119.654739254448,6122
2026-08-31T03:00:00Z,GAS,COMBINED CYCLE,2738.5286473361652,3974
2026-08-31T03:00:00Z,GAS,GAS FIRED STEAM,674.5362104564243,3078
2026-08-31T03:00:00Z,GAS,SIMPLE CYCLE,75.52799898131026,1014
2026-08-31T03:00:00Z,HYDRO,HYDRO,207.298852990369,896
2026-08-31T03:00:00Z,OTHER,BIOMASS,113.62122020880382,195
2026-08-31T03:00:00Z,OTHER,COMPOSITE,0,20
2026-08-31T03:00:00Z,OTHER,GAS,1.485506561729643,10
2026-08-31T03:00:00Z,OTHER,GAS COGEN,41.44617968029446,58
2026-08-31T03:00:00Z,OTHER,OIL/GAS,42.78867663913303,53
2026-08-31T03:00:00Z,OTHER,WOOD/REFUSE,84.33531725353666,149
2026-08-31T03:00:00Z,SOLAR,SOLAR,0.10000000149011612,1892
2026-08-31T03:00:00Z,WIND,WIND,2222.6535217027035,5684
2026-08-31T04:00:00Z,ENERGY STORAGE,ENERGY STORAGE,0,270
2026-08-31T04:00:00Z,GAS,COGENERATION,4071.556668126053,6122
2026-08-31T04:00:00Z,GAS,COMBINED CYCLE,2226.914726612568,3974
2026-08-31T04:00:00Z,GAS,GAS FIRED STEAM,566.9720466134283,3078
2026-08-31T04:00:00Z,GAS,SIMPLE CYCLE,77.42633231480917,1014
2026-08-31T04:00:00Z,HYDRO,HYDRO,121.77388973193037,896
2026-08-31T04:00:00Z,OTHER,BIOMASS,114.035109055837,195
2026-08-31T04:00:00Z,OTHER,COMPOSITE,0,20
2026-08-31T04:00:00Z,OTHER,GAS,0.9999510049819946,10
2026-08-31T04:00:00Z,OTHER,GAS COGEN,41.48962953355577,58
2026-08-31T04:00:00Z,OTHER,OIL/GAS,43.400937737358944,53
2026-08-31T04:00:00Z,OTHER,WOOD/REFUSE,83.67082015567357,149
2026-08-31T04:00:00Z,SOLAR,SOLAR,0.10000000149011612,1892
2026-08-31T04:00:00Z,WIND,WIND,2710.7433605554866,5684
2026-08-31T05:00:00Z,ENERGY STORAGE,ENERGY STORAGE,0,270
2026-08-31T05:00:00Z,GAS,COGENERATION,4067.950231031312,6122
2026-08-31T05:00:00Z,GAS,COMBINED CYCLE,1840.0369812164042,3974
2026-08-31T05:00:00Z,GAS,GAS FIRED STEAM,529.130157178243,3078
2026-08-31T05:00:00Z,GAS,SIMPLE CYCLE,77.01933241155413,1014
2026-08-31T05:00:00Z,HYDRO,HYDRO,115.35895459241338,896
2026-08-31T05:00:00Z,OTHER,BIOMASS,110.19366461382972,195
2026-08-31T05:00:00Z,OTHER,COMPOSITE,0,20
2026-08-31T05:00:00Z,OTHER,GAS,0.9999510049819946,10
2026-08-31T05:00:00Z,OTHER,GAS COGEN,41.561954388618474,58
2026-08-31T05:00:00Z,OTHER,OIL/GAS,43.15607682757908,53
2026-08-31T05:00:00Z,OTHER,WOOD/REFUSE,83.45525004439884,149
2026-08-31T05:00:00Z,SOLAR,SOLAR,0.10000000149011612,1892
2026-08-31T05:00:00Z,WIND,WIND,2832.569856092466,5684
2026-08-31T06:00:00Z,ENERGY STORAGE,ENERGY STORAGE,-5.898388845837778,270
2026-08-31T06:00:00Z,GAS,COGENERATION,4081.900235030254,6122
2026-08-31T06:00:00Z,GAS,COMBINED CYCLE,1461.4049602070781,3974
2026-08-31T06:00:00Z,GAS,GAS FIRED STEAM,529.8255454402499,3078
2026-08-31T06:00:00Z,GAS,SIMPLE CYCLE,60.25466549350156,1014
2026-08-31T06:00:00Z,HYDRO,HYDRO,120.67375085534321,896
2026-08-31T06:00:00Z,OTHER,BIOMASS,112.9629975965288,195
2026-08-31T06:00:00Z,OTHER,COMPOSITE,0,20
2026-08-31T06:00:00Z,OTHER,GAS,0.9999510049819946,10
2026-08-31T06:00:00Z,OTHER,GAS COGEN,41.65896959622701,58
2026-08-31T06:00:00Z,OTHER,OIL/GAS,42.89434944152832,53
2026-08-31T06:00:00Z,OTHER,WOOD/REFUSE,84.47543370405833,149
2026-08-31T06:00:00Z,SOLAR,SOLAR,0.10000000149011612,1892
2026-08-31T06:00:00Z,WIND,WIND,2980.5068275394374,5684
2026-08-31T07:00:00Z,ENERGY STORAGE,ENERGY STORAGE,-12.469222137596873,270
2026-08-31T07:00:00Z,GAS,COGENERATION,4091.1953761116665,6122
2026-08-31T07:00:00Z,GAS,COMBINED CYCLE,1459.849195023113,3974
2026-08-31T07:00:00Z,GAS,GAS FIRED STEAM,530.6253237194485,3078
2026-08-31T07:00:00Z,GAS,SIMPLE CYCLE,62.55161052862803,1014
2026-08-31T07:00:00Z,HYDRO,HYDRO,148.0776509238614,896
2026-08-31T07:00:00Z,OTHER,BIOMASS,110.8898862308926,195
2026-08-31T07:00:00Z,OTHER,COMPOSITE,0,20
2026-08-31T07:00:00Z,OTHER,GAS,0.9999510049819946,10
2026-08-31T07:00:00Z,OTHER,GAS COGEN,41.68514185905457,58
2026-08-31T07:00:00Z,OTHER,OIL/GAS,42.8928825018141,53
2026-08-31T07:00:00Z,OTHER,WOOD/REFUSE,86.92127503183153,149
2026-08-31T07:00:00Z,SOLAR,SOLAR,0.10000000149011612,1892
2026-08-31T07:00:00Z,WIND,WIND,2793.8081440086166,5684
2026-08-31T08:00:00Z,ENERGY STORAGE,ENERGY STORAGE,-5.451666658719381,270
2026-08-31T08:00:00Z,GAS,COGENERATION,4089.635439521604,6122
2026-08-31T08:00:00Z,GAS,COMBINED CYCLE,1446.957940806283,3974
2026-08-31T08:00:00Z,GAS,GAS FIRED STEAM,530.3853788163927,3078
2026-08-31T08:00:00Z,GAS,SIMPLE CYCLE,59.51644377761417,1014
2026-08-31T08:00:00Z,HYDRO,HYDRO,124.61115911695693,896
2026-08-31T08:00:00Z,OTHER,BIOMASS,109.32710864755842,195
2026-08-31T08:00:00Z,OTHER,COMPOSITE,0,20
2026-08-31T08:00:00Z,OTHER,GAS,0.9999510049819946,10
2026-08-31T08:00:00Z,OTHER,GAS COGEN,41.7002115503947,58
2026-08-31T08:00:00Z,OTHER,OIL/GAS,43.08559950298733,53
2026-08-31T08:00:00Z,OTHER,WOOD/REFUSE,86.31230871412488,149
2026-08-31T08:00:00Z,SOLAR,SOLAR,0.10000000149011612,1892
2026-08-31T08:00:00Z,WIND,WIND,2749.0081301090536,5684
2026-08-31T09:00:00Z,ENERGY STORAGE,ENERGY STORAGE,-0.09999999403953552,270
2026-08-31T09:00:00Z,GAS,COGENERATION,4099.746661493315,6122
2026-08-31T09:00:00Z,GAS,COMBINED CYCLE,1457.8952383504973,3974
2026-08-31T09:00:00Z,GAS,GAS FIRED STEAM,530.7839914851718,3078
2026-08-31T09:00:00Z,GAS,SIMPLE CYCLE,66.55483275678422,1014
2026-08-31T09:00:00Z,HYDRO,HYDRO,187.35002861791187,896
2026-08-31T09:00:00Z,OTHER,BIOMASS,110.35688626872168,195
2026-08-31T09:00:00Z,OTHER,COMPOSITE,0,20
2026-08-31T09:00:00Z,OTHER,GAS,0.9999510049819946,10
2026-08-31T09:00:00Z,OTHER,GAS COGEN,41.73704479376475,58
2026-08-31T09:00:00Z,OTHER,OIL/GAS,43.28189387639364,53
2026-08-31T09:00:00Z,OTHER,WOOD/REFUSE,86.45180464267732,149
2026-08-31T09:00:00Z,SOLAR,SOLAR,0.10000000149011612,1892
2026-08-31T09:00:00Z,WIND,WIND,2625.107722379168,5684
2026-08-31T10:00:00Z,ENERGY STORAGE,ENERGY STORAGE,-0.09999999403953552,270
2026-08-31T10:00:00Z,GAS,COGENERATION,4106.200820721123,6122
2026-08-31T10:00:00Z,GAS,COMBINED CYCLE,1458.121042266157,3974
2026-08-31T10:00:00Z,GAS,GAS FIRED STEAM,529.075491221216,3078
2026-08-31T10:00:00Z,GAS,SIMPLE CYCLE,65.43638818528918,1014
2026-08-31T10:00:00Z,HYDRO,HYDRO,167.38132952395412,896
2026-08-31T10:00:00Z,OTHER,BIOMASS,108.09544225056966,195
2026-08-31T10:00:00Z,OTHER,COMPOSITE,0,20
2026-08-31T10:00:00Z,OTHER,GAS,0.9999510049819946,10
2026-08-31T10:00:00Z,OTHER,GAS COGEN,41.82086170461443,58
2026-08-31T10:00:00Z,OTHER,OIL/GAS,43.56903752856785,53
2026-08-31T10:00:00Z,OTHER,WOOD/REFUSE,85.8000467268626,149
2026-08-31T10:00:00Z,SOLAR,SOLAR,0.10000000149011612,1892
2026-08-31T10:00:00Z,WIND,WIND,2635.7489030405877,5684
2026-08-31T11:00:00Z,ENERGY STORAGE,ENERGY STORAGE,-0.09999999403953552,270
2026-08-31T11:00:00Z,GAS,COGENERATION,4124.695766216251,6122
2026-08-31T11:00:00Z,GAS,COMBINED CYCLE,1466.1063780124982,3974
2026-08-31T11:00:00Z,GAS,GAS FIRED STEAM,539.6443252457512,3078
2026-08-31T11:00:00Z,GAS,SIMPLE CYCLE,68.86961039755079,1014
2026-08-31T11:00:00Z,HYDRO,HYDRO,219.56487663030626,896
2026-08-31T11:00:00Z,OTHER,BIOMASS,108.65027508788638,195
2026-08-31T11:00:00Z,OTHER,COMPOSITE,0,20
2026-08-31T11:00:00Z,OTHER,GAS,0.9999510049819946,10
2026-08-31T11:00:00Z,OTHER,GAS COGEN,40.38231408172184,58
2026-08-31T11:00:00Z,OTHER,OIL/GAS,43.34853286743164,53
2026-08-31T11:00:00Z,OTHER,WOOD/REFUSE,84.83513071378071,149
2026-08-31T11:00:00Z,SOLAR,SOLAR,0.10000000149011612,1892
2026-08-31T11:00:00Z,WIND,WIND,2727.2761940349806,5684
2026-08-31T12:00:00Z,ENERGY STORAGE,ENERGY STORAGE,-0.09999999403953552,270
2026-08-31T12:00:00Z,GAS,COGENERATION,4143.001378926039,6122
2026-08-31T12:00:00Z,GAS,COMBINED CYCLE,1471.4768270018365,3974
2026-08-31T12:00:00Z,GAS,GAS FIRED STEAM,542.6579917780558,3078
2026-08-31T12:00:00Z,GAS,SIMPLE CYCLE,69.42994376129575,1014
2026-08-31T12:00:00Z,HYDRO,HYDRO,227.08160880380206,896
2026-08-31T12:00:00Z,OTHER,BIOMASS,109.60477499802907,195
2026-08-31T12:00:00Z,OTHER,COMPOSITE,0,20
2026-08-31T12:00:00Z,OTHER,GAS,0.9999510049819946,10
2026-08-31T12:00:00Z,OTHER,GAS COGEN,38.94269114971161,58
2026-08-31T12:00:00Z,OTHER,OIL/GAS,43.21189358605279,53
2026-08-31T12:00:00Z,OTHER,WOOD/REFUSE,81.1786858203676,149
2026-08-31T12:00:00Z,SOLAR,SOLAR,0.10000000149011612,1892
2026-08-31T12:00:00Z,WIND,WIND,3148.734907327725,5684
2026-08-31T13:00:00Z,ENERGY STORAGE,ENERGY STORAGE,-0.09999999403953552,270
2026-08-31T13:00:00Z,GAS,COGENERATION,4153.583472903702,6122
2026-08-31T13:00:00Z,GAS,COMBINED CYCLE,1513.3875296203296,3974
2026-08-31T13:00:00Z,GAS,GAS FIRED STEAM,538.3141567018297,3078
2026-08-31T13:00:00Z,GAS,SIMPLE CYCLE,70.04733261532255,1014
2026-08-31T13:00:00Z,HYDRO,HYDRO,198.14884640422133,896
2026-08-31T13:00:00Z,OTHER,BIOMASS,110.18694140116375,195
2026-08-31T13:00:00Z,OTHER,COMPOSITE,0,20
2026-08-31T13:00:00Z,OTHER,GAS,0.9999510049819946,10
2026-08-31T13:00:00Z,OTHER,GAS COGEN,40.38854592376285,58
2026-08-31T13:00:00Z,OTHER,OIL/GAS,43.26043203565809,53
2026-08-31T13:00:00Z,OTHER,WOOD/REFUSE,80.35787272824182,149
2026-08-31T13:00:00Z,SOLAR,SOLAR,181.6502364318735,1892
2026-08-31T13:00:00Z,WIND,WIND,3291.5215248665213,5684
2026-08-31T14:00:00Z,ENERGY STORAGE,ENERGY STORAGE,-0.09999999403953552,270
2026-08-31T14:00:00Z,GAS,COGENERATION,4154.05331720935,6122
2026-08-31T14:00:00Z,GAS,COMBINED CYCLE,1682.9383358616299,3974
2026-08-31T14:00:00Z,GAS,GAS FIRED STEAM,527.6002678775787,3078
2026-08-31T14:00:00Z,GAS,SIMPLE CYCLE,72.95074349560672,1014
2026-08-31T14:00:00Z,HYDRO,HYDRO,219.2220304741462,896
2026-08-31T14:00:00Z,OTHER,BIOMASS,111.15149732377795,195
2026-08-31T14:00:00Z,OTHER,COMPOSITE,0,20
2026-08-31T14:00:00Z,OTHER,GAS,1.7445065685775545,10
2026-08-31T14:00:00Z,OTHER,GAS COGEN,41.57524639765422,58
2026-08-31T14:00:00Z,OTHER,OIL/GAS,43.153231892055935,53
2026-08-31T14:00:00Z,OTHER,WOOD/REFUSE,81.1138472143809,149
2026-08-31T14:00:00Z,SOLAR,SOLAR,740.5279309823529,1892
2026-08-31T14:00:00Z,WIND,WIND,2753.366953713033,5684
2026-08-31T15:00:00Z,ENERGY STORAGE,ENERGY STORAGE,-0.09999999403953552,270
2026-08-31T15:00:00Z,GAS,COGENERATION,4249.6666864111685,6122
2026-08-31T15:00:00Z,GAS,COMBINED CYCLE,1749.4391521000862,3974
2026-08-31T15:00:00Z,GAS,GAS FIRED STEAM,526.8651023504469,3078
2026-08-31T15:00:00Z,GAS,SIMPLE CYCLE,75.98137743718094,1014
2026-08-31T15:00:00Z,HYDRO,HYDRO,197.26567921410003,896
2026-08-31T15:00:00Z,OTHER,BIOMASS,107.65805264366998,195
2026-08-31T15:00:00Z,OTHER,COMPOSITE,0,20
2026-08-31T15:00:00Z,OTHER,GAS,2.0999510288238525,10
2026-08-31T15:00:00Z,OTHER,GAS COGEN,41.52493810812633,58
2026-08-31T15:00:00Z,OTHER,OIL/GAS,43.35477166917589,53
2026-08-31T15:00:00Z,OTHER,WOOD/REFUSE,80.9683298476537,149
2026-08-31T15:00:00Z,SOLAR,SOLAR,1220.6262196217808,1892
2026-08-31T15:00:00Z,WIND,WIND,2199.39592689784,5684
2026-08-31T16:00:00Z,ENERGY STORAGE,ENERGY STORAGE,-0.02133333206176757,270
2026-08-31T16:00:00Z,GAS,COGENERATION,4221.665300837755,6122
2026-08-31T16:00:00Z,GAS,COMBINED CYCLE,1661.9137712428305,3974
2026-08-31T16:00:00Z,GAS,GAS FIRED STEAM,524.9801019583808,3078
2026-08-31T16:00:00Z,GAS,SIMPLE CYCLE,77.0282019548946,1014
2026-08-31T16:00:00Z,HYDRO,HYDRO,240.3355202760796,896
2026-08-31T16:00:00Z,OTHER,BIOMASS,110.10849754280514,195
2026-08-31T16:00:00Z,OTHER,COMPOSITE,0,20
2026-08-31T16:00:00Z,OTHER,GAS,2.0999510288238525,10
2026-08-31T16:00:00Z,OTHER,GAS COGEN,41.289507977167766,58
2026-08-31T16:00:00Z,OTHER,OIL/GAS,43.78694856855604,53
2026-08-31T16:00:00Z,OTHER,WOOD/REFUSE,79.42678410053253,149
2026-08-31T16:00:00Z,SOLAR,SOLAR,1417.4781256261138,1892
2026-08-31T16:00:00Z,WIND,WIND,2164.8536266932556,5684
2026-08-31T17:00:00Z,ENERGY STORAGE,ENERGY STORAGE,0,270
2026-08-31T17:00:00Z,GAS,COGENERATION,4167.881377589702,6122
2026-08-31T17:00:00Z,GAS,COMBINED CYCLE,1724.449532661173,3974
2026-08-31T17:00:00Z,GAS,GAS FIRED STEAM,526.0843251779344,3078
2026-08-31T17:00:00Z,GAS,SIMPLE CYCLE,72.99536521282461,1014
2026-08-31T17:00:00Z,HYDRO,HYDRO,201.18877202004194,896
2026-08-31T17:00:00Z,OTHER,BIOMASS,105.86210923194885,195
2026-08-31T17:00:00Z,OTHER,COMPOSITE,0,20
2026-08-31T17:00:00Z,OTHER,GAS,2.0999510288238525,10
2026-08-31T17:00:00Z,OTHER,GAS COGEN,41.076722412109376,58
2026-08-31T17:00:00Z,OTHER,OIL/GAS,43.167415659162735,53
2026-08-31T17:00:00Z,OTHER,WOOD/REFUSE,80.61863191392688,149
2026-08-31T17:00:00Z,SOLAR,SOLAR,1649.7263568969236,1892
2026-08-31T17:00:00Z,WIND,WIND,2032.2588916680547,5684
2026-08-31T18:00:00Z,ENERGY STORAGE,ENERGY STORAGE,2.2222222553359e-4,270
2026-08-31T18:00:00Z,GAS,COGENERATION,4119.643789490859,6122
2026-08-31T18:00:00Z,GAS,COMBINED CYCLE,2035.6205803698963,3974
2026-08-31T18:00:00Z,GAS,GAS FIRED STEAM,525.885436185201,3078
2026-08-31T18:00:00Z,GAS,SIMPLE CYCLE,73.56499781246815,1014
2026-08-31T18:00:00Z,HYDRO,HYDRO,204.98741219128172,896
2026-08-31T18:00:00Z,OTHER,BIOMASS,107.75594274785783,195
2026-08-31T18:00:00Z,OTHER,COMPOSITE,0,20
2026-08-31T18:00:00Z,OTHER,GAS,2.0999510288238525,10
2026-08-31T18:00:00Z,OTHER,GAS COGEN,40.84546699153053,58
2026-08-31T18:00:00Z,OTHER,OIL/GAS,42.300943275027805,53
2026-08-31T18:00:00Z,OTHER,WOOD/REFUSE,80.79628807385762,149
2026-08-31T18:00:00Z,SOLAR,SOLAR,1563.94635129114,1892
2026-08-31T18:00:00Z,WIND,WIND,1916.4060636569063,5684
2026-08-31T19:00:00Z,ENERGY STORAGE,ENERGY STORAGE,0,270
2026-08-31T19:00:00Z,GAS,COGENERATION,4086.488679879109,6122
2026-08-31T19:00:00Z,GAS,COMBINED CYCLE,2270.443538222048,3974
2026-08-31T19:00:00Z,GAS,GAS FIRED STEAM,525.9874917581346,3078
2026-08-31T19:00:00Z,GAS,SIMPLE CYCLE,72.01733257492383,1014
2026-08-31T19:00:00Z,HYDRO,HYDRO,207.81981721738973,896
2026-08-31T19:00:00Z,OTHER,BIOMASS,106.14922013971541,195
2026-08-31T19:00:00Z,OTHER,COMPOSITE,0,20
2026-08-31T19:00:00Z,OTHER,GAS,2.0476176830132804,10
2026-08-31T19:00:00Z,OTHER,GAS COGEN,40.83633578459422,58
2026-08-31T19:00:00Z,OTHER,OIL/GAS,42.22392648484972,53
2026-08-31T19:00:00Z,OTHER,WOOD/REFUSE,80.41854977501762,149
2026-08-31T19:00:00Z,SOLAR,SOLAR,1536.5725811616248,1892
2026-08-31T19:00:00Z,WIND,WIND,1757.993118340075,5684
2026-08-31T20:00:00Z,ENERGY STORAGE,ENERGY STORAGE,6.6666667660077e-4,270
2026-08-31T20:00:00Z,GAS,COGENERATION,4138.916884442303,6122
2026-08-31T20:00:00Z,GAS,COMBINED CYCLE,2407.8213994140096,3974
2026-08-31T20:00:00Z,GAS,GAS FIRED STEAM,526.6682693889406,3078
2026-08-31T20:00:00Z,GAS,SIMPLE CYCLE,74.10075229379866,1014
2026-08-31T20:00:00Z,HYDRO,HYDRO,234.29906287452414,896
2026-08-31T20:00:00Z,OTHER,BIOMASS,104.35255339251624,195
2026-08-31T20:00:00Z,OTHER,COMPOSITE,0,20
2026-08-31T20:00:00Z,OTHER,GAS,2.0999510288238525,10
2026-08-31T20:00:00Z,OTHER,GAS COGEN,40.694965439372595,58
2026-08-31T20:00:00Z,OTHER,OIL/GAS,42.31608217663235,53
2026-08-31T20:00:00Z,OTHER,WOOD/REFUSE,80.28458937380049,149
2026-08-31T20:00:00Z,SOLAR,SOLAR,1612.249395509627,1892
2026-08-31T20:00:00Z,WIND,WIND,1501.0964491894179,5684
2026-08-31T21:00:00Z,ENERGY STORAGE,ENERGY STORAGE,0,270
2026-08-31T21:00:00Z,GAS,COGENERATION,4205.920324398411,6122
2026-08-31T21:00:00Z,GAS,COMBINED CYCLE,2687.8066244917445,3974
2026-08-31T21:00:00Z,GAS,GAS FIRED STEAM,559.1203797170851,3078
2026-08-31T21:00:00Z,GAS,SIMPLE CYCLE,107.10997398863236,1014
2026-08-31T21:00:00Z,HYDRO,HYDRO,264.25526657994425,896
2026-08-31T21:00:00Z,OTHER,BIOMASS,105.42344260772069,195
2026-08-31T21:00:00Z,OTHER,COMPOSITE,0,20
2026-08-31T21:00:00Z,OTHER,GAS,2.0999510288238525,10
2026-08-31T21:00:00Z,OTHER,GAS COGEN,40.75069557295905,58
2026-08-31T21:00:00Z,OTHER,OIL/GAS,42.32289902581109,53
2026-08-31T21:00:00Z,OTHER,WOOD/REFUSE,79.82646085421244,149
2026-08-31T21:00:00Z,SOLAR,SOLAR,1633.7887394919992,1892
2026-08-31T21:00:00Z,WIND,WIND,1156.7251503416232,5684
2026-08-31T22:00:00Z,ENERGY STORAGE,ENERGY STORAGE,0,270
2026-08-31T22:00:00Z,GAS,COGENERATION,4226.578690978156,6122
2026-08-31T22:00:00Z,GAS,COMBINED CYCLE,2846.170421940221,3974
2026-08-31T22:00:00Z,GAS,GAS FIRED STEAM,855.3276544740465,3078
2026-08-31T22:00:00Z,GAS,SIMPLE CYCLE,108.06627908784482,1014
2026-08-31T22:00:00Z,HYDRO,HYDRO,222.33176817609203,896
2026-08-31T22:00:00Z,OTHER,BIOMASS,105.22322025166618,195
2026-08-31T22:00:00Z,OTHER,COMPOSITE,0,20
2026-08-31T22:00:00Z,OTHER,GAS,2.0999510288238525,10
2026-08-31T22:00:00Z,OTHER,GAS COGEN,40.62555680486892,58
2026-08-31T22:00:00Z,OTHER,OIL/GAS,41.38554394827949,53
2026-08-31T22:00:00Z,OTHER,WOOD/REFUSE,80.20158234649234,149
2026-08-31T22:00:00Z,SOLAR,SOLAR,1631.9948210755983,1892
2026-08-31T22:00:00Z,WIND,WIND,906.9715724464506,5684
2026-08-31T23:00:00Z,ENERGY STORAGE,ENERGY STORAGE,0,270
2026-08-31T23:00:00Z,GAS,COGENERATION,4218.983919921252,6122
2026-08-31T23:00:00Z,GAS,COMBINED CYCLE,2862.4854505292574,3974
2026-08-31T23:00:00Z,GAS,GAS FIRED STEAM,1047.68892739137,3078
2026-08-31T23:00:00Z,GAS,SIMPLE CYCLE,273.36329860389236,1014
2026-08-31T23:00:00Z,HYDRO,HYDRO,281.77360821399424,896
2026-08-31T23:00:00Z,OTHER,BIOMASS,105.8459421661165,195
2026-08-31T23:00:00Z,OTHER,COMPOSITE,0,20
2026-08-31T23:00:00Z,OTHER,GAS,2.0326176794370014,10
2026-08-31T23:00:00Z,OTHER,GAS COGEN,40.73745564460754,58
2026-08-31T23:00:00Z,OTHER,OIL/GAS,41.28921574274699,53
2026-08-31T23:00:00Z,OTHER,WOOD/REFUSE,83.38634191036225,149
2026-08-31T23:00:00Z,SOLAR,SOLAR,1501.9981350803375,1892
2026-08-31T23:00:00Z,WIND,WIND,692.7109813473332,5684
2026-09-01T00:00:00Z,ENERGY STORAGE,ENERGY STORAGE,-2.453611021141211,270
2026-09-01T00:00:00Z,GAS,COGENERATION,4230.9288683793275,6122
2026-09-01T00:00:00Z,GAS,COMBINED CYCLE,2895.048782886134,3974
2026-09-01T00:00:00Z,GAS,GAS FIRED STEAM,1151.2275358602735,3078
2026-09-01T00:00:00Z,GAS,SIMPLE CYCLE,449.6408351499339,1014
2026-09-01T00:00:00Z,HYDRO,HYDRO,421.09060260285935,896
2026-09-01T00:00:00Z,OTHER,BIOMASS,115.02189171006282,195
2026-09-01T00:00:00Z,OTHER,COMPOSITE,0.15644444260332321,20
2026-09-01T00:00:00Z,OTHER,GAS,1.875117641886075,10
2026-09-01T00:00:00Z,OTHER,GAS COGEN,40.77562356948853,58
2026-09-01T00:00:00Z,OTHER,OIL/GAS,41.49780435138278,53
2026-09-01T00:00:00Z,OTHER,WOOD/REFUSE,93.6837963766522,149
2026-09-01T00:00:00Z,SOLAR,SOLAR,971.6442334584065,1892
2026-09-01T00:00:00Z,WIND,WIND,503.8263458555895,5684
2026-09-01T01:00:00Z,ENERGY STORAGE,ENERGY STORAGE,9.882833119059603,270
2026-09-01T01:00:00Z,GAS,COGENERATION,4300.956956490676,6122
2026-09-01T01:00:00Z,GAS,COMBINED CYCLE,3032.9809339838557,3974
2026-09-01T01:00:00Z,GAS,GAS FIRED STEAM,1236.453369688458,3078
2026-09-01T01:00:00Z,GAS,SIMPLE CYCLE,634.9313377791809,1014
2026-09-01T01:00:00Z,HYDRO,HYDRO,431.4168856932223,896
2026-09-01T01:00:00Z,OTHER,BIOMASS,137.72804201563198,195
2026-09-01T01:00:00Z,OTHER,COMPOSITE,12.067332844204373,20
2026-09-01T01:00:00Z,OTHER,GAS,1.9224509865045547,10
2026-09-01T01:00:00Z,OTHER,GAS COGEN,40.98107236544291,58
2026-09-01T01:00:00Z,OTHER,OIL/GAS,41.62177107916938,53
2026-09-01T01:00:00Z,OTHER,WOOD/REFUSE,110.78223879761167,149
2026-09-01T01:00:00Z,SOLAR,SOLAR,277.37518758760143,1892
2026-09-01T01:00:00Z,WIND,WIND,396.5665650022982,5684
2026-09-01T02:00:00Z,ENERGY STORAGE,ENERGY STORAGE,-0.085555558030804,270
2026-09-01T02:00:00Z,GAS,COGENERATION,4351.784769920773,6122
2026-09-01T02:00:00Z,GAS,COMBINED CYCLE,3051.858733309375,3974
2026-09-01T02:00:00Z,GAS,GAS FIRED STEAM,1253.4520337168376,3078
2026-09-01T02:00:00Z,GAS,SIMPLE CYCLE,622.1415959356228,1014
2026-09-01T02:00:00Z,HYDRO,HYDRO,389.09191181227567,896
2026-09-01T02:00:00Z,OTHER,BIOMASS,137.6538311171366,195
2026-09-01T02:00:00Z,OTHER,COMPOSITE,12.168166137801276,20
2026-09-01T02:00:00Z,OTHER,GAS,2.0999510288238525,10
2026-09-01T02:00:00Z,OTHER,GAS COGEN,40.987769746780394,58
2026-09-01T02:00:00Z,OTHER,OIL/GAS,41.78231607437134,53
2026-09-01T02:00:00Z,OTHER,WOOD/REFUSE,115.2101153479682,149
2026-09-01T02:00:00Z,SOLAR,SOLAR,36.92733267258025,1892
2026-09-01T02:00:00Z,WIND,WIND,457.1853005316439,5684
2026-09-01T03:00:00Z,ENERGY STORAGE,ENERGY STORAGE,-3.0185000044107433,270
2026-09-01T03:00:00Z,GAS,COGENERATION,4369.686128183338,6122
2026-09-01T03:00:00Z,GAS,COMBINED CYCLE,2976.7842313843303,3974
2026-09-01T03:00:00Z,GAS,GAS FIRED STEAM,1231.108424504598,3078
2026-09-01T03:00:00Z,GAS,SIMPLE CYCLE,547.7334434075487,1014
2026-09-01T03:00:00Z,HYDRO,HYDRO,351.7096909199986,896
2026-09-01T03:00:00Z,OTHER,BIOMASS,135.89494279917744,195
2026-09-01T03:00:00Z,OTHER,COMPOSITE,12.399999618530272,20
2026-09-01T03:00:00Z,OTHER,GAS,2.0999510288238525,10
2026-09-01T03:00:00Z,OTHER,GAS COGEN,41.23302540037367,58
2026-09-01T03:00:00Z,OTHER,OIL/GAS,42.1750486225552,53
2026-09-01T03:00:00Z,OTHER,WOOD/REFUSE,106.90100486596425,149
2026-09-01T03:00:00Z,SOLAR,SOLAR,0.30000000447034836,1892
2026-09-01T03:00:00Z,WIND,WIND,568.9075952235071,5684
2026-09-01T04:00:00Z,ENERGY STORAGE,ENERGY STORAGE,-3.0388333422938985,270
2026-09-01T04:00:00Z,GAS,COGENERATION,4354.224315939744,6122
2026-09-01T04:00:00Z,GAS,COMBINED CYCLE,2822.2036287440196,3974
2026-09-01T04:00:00Z,GAS,GAS FIRED STEAM,1229.076090215047,3078
2026-09-01T04:00:00Z,GAS,SIMPLE CYCLE,429.2275161687533,1014
2026-09-01T04:00:00Z,HYDRO,HYDRO,222.2388630021943,896
2026-09-01T04:00:00Z,OTHER,BIOMASS,118.27805339256922,195
2026-09-01T04:00:00Z,OTHER,COMPOSITE,0.14277777433395386,20
2026-09-01T04:00:00Z,OTHER,GAS,2.0999510288238525,10
2026-09-01T04:00:00Z,OTHER,GAS COGEN,41.33006773100959,58
2026-09-01T04:00:00Z,OTHER,OIL/GAS,33.2931828435262,53
2026-09-01T04:00:00Z,OTHER,WOOD/REFUSE,95.44473607752059,149
2026-09-01T04:00:00Z,SOLAR,SOLAR,0.30000000447034836,1892
2026-09-01T04:00:00Z,WIND,WIND,731.8501951279491,5684
2026-09-01T05:00:00Z,ENERGY STORAGE,ENERGY STORAGE,-2.9054999774694448,270
2026-09-01T05:00:00Z,GAS,COGENERATION,4341.78575507813,6122
2026-09-01T05:00:00Z,GAS,COMBINED CYCLE,2828.6297225660746,3974
2026-09-01T05:00:00Z,GAS,GAS FIRED STEAM,1084.1052599016825,3078
2026-09-01T05:00:00Z,GAS,SIMPLE CYCLE,135.49669955740373,1014
2026-09-01T05:00:00Z,HYDRO,HYDRO,144.42074688060416,896
2026-09-01T05:00:00Z,OTHER,BIOMASS,111.52108108652963,195
2026-09-01T05:00:00Z,OTHER,COMPOSITE,0,20
2026-09-01T05:00:00Z,OTHER,GAS,2.0999510288238525,10
2026-09-01T05:00:00Z,OTHER,GAS COGEN,41.45926543341743,58
2026-09-01T05:00:00Z,OTHER,OIL/GAS,9.681433106660842,53
2026-09-01T05:00:00Z,OTHER,WOOD/REFUSE,91.45907188309565,149
2026-09-01T05:00:00Z,SOLAR,SOLAR,0.30000000447034836,1892
2026-09-01T05:00:00Z,WIND,WIND,1078.4294283882818,5684
