begin_datetime_utc,fuel_type,sub_fuel_type,net_generation_mw,max_capability_mw
2019-03-01T07:00:00Z,COAL,COAL,3254.7108972062006,5568
2019-03-01T07:00:00Z,DUAL FUEL,DUAL FUEL,75.1740294265747,155
2019-03-01T07:00:00Z,GAS,COGENERATION,4413.454834224515,4988
2019-03-01T07:00:00Z,GAS,COMBINED CYCLE,1266.934593662156,1748
2019-03-01T07:00:00Z,GAS,SIMPLE CYCLE,386.9907916811771,921
2019-03-01T07:00:00Z,HYDRO,HYDRO,91.69902060164345,894
2019-03-01T07:00:00Z,OTHER,BIOMASS,105.81186153305902,154
2019-03-01T07:00:00Z,OTHER,GAS COGEN,37.041959519386296,58
2019-03-01T07:00:00Z,OTHER,OIL/GAS,46.54892090479533,53
2019-03-01T07:00:00Z,OTHER,WOOD/REFUSE,96.00306838830312,158
2019-03-01T07:00:00Z,SOLAR,SOLAR,0,15
2019-03-01T07:00:00Z,WIND,WIND,196.69288126319645,1445
2019-03-01T08:00:00Z,COAL,COAL,3501.8021608098347,5568
2019-03-01T08:00:00Z,DUAL FUEL,DUAL FUEL,75.40109969245063,155
2019-03-01T08:00:00Z,GAS,COGENERATION,4420.350642879009,4988
2019-03-01T08:00:00Z,GAS,COMBINED CYCLE,1275.1044701629214,1748
2019-03-01T08:00:00Z,GAS,SIMPLE CYCLE,370.41797837989196,921
2019-03-01T08:00:00Z,HYDRO,HYDRO,108.29018815636634,894
2019-03-01T08:00:00Z,OTHER,BIOMASS,107.41771762477026,154
2019-03-01T08:00:00Z,OTHER,GAS COGEN,37.11458780924479,58
2019-03-01T08:00:00Z,OTHER,OIL/GAS,46.84333162095812,53
2019-03-01T08:00:00Z,OTHER,WOOD/REFUSE,95.62960247781542,158
2019-03-01T08:00:00Z,SOLAR,SOLAR,0,15
2019-03-01T08:00:00Z,WIND,WIND,214.0260751603544,1445
2019-03-01T09:00:00Z,COAL,COAL,3344.556658822033,5568
2019-03-01T09:00:00Z,DUAL FUEL,DUAL FUEL,75.48851917266846,155
2019-03-01T09:00:00Z,GAS,COGENERATION,4424.0989104490145,4988
2019-03-01T09:00:00Z,GAS,COMBINED CYCLE,1269.1986000760396,1748
2019-03-01T09:00:00Z,GAS,SIMPLE CYCLE,446.4390447567238,921
2019-03-01T09:00:00Z,HYDRO,HYDRO,101.95304045253329,894
2019-03-01T09:00:00Z,OTHER,BIOMASS,106.28298441621993,154
2019-03-01T09:00:00Z,OTHER,GAS COGEN,37.205278218057416,58
2019-03-01T09:00:00Z,OTHER,OIL/GAS,46.35149944729275,53
2019-03-01T09:00:00Z,OTHER,WOOD/REFUSE,95.70204970041911,158
2019-03-01T09:00:00Z,SOLAR,SOLAR,0,15
2019-03-01T09:00:00Z,WIND,WIND,356.47787979935606,1445
2019-03-01T10:00:00Z,COAL,COAL,3131.181573574609,5568
2019-03-01T10:00:00Z,DUAL FUEL,DUAL FUEL,55.75081207699246,155
2019-03-01T10:00:00Z,GAS,COGENERATION,4307.012438627216,4988
2019-03-01T10:00:00Z,GAS,COMBINED CYCLE,1197.1095844480726,1748
2019-03-01T10:00:00Z,GAS,SIMPLE CYCLE,448.4137418879403,921
2019-03-01T10:00:00Z,HYDRO,HYDRO,94.34787075771226,894
2019-03-01T10:00:00Z,OTHER,BIOMASS,106.22368491066827,154
2019-03-01T10:00:00Z,OTHER,GAS COGEN,37.331292290687564,58
2019-03-01T10:00:00Z,OTHER,OIL/GAS,46.76502144495646,53
2019-03-01T10:00:00Z,OTHER,WOOD/REFUSE,94.76295213063558,158
2019-03-01T10:00:00Z,SOLAR,SOLAR,0,15
2019-03-01T10:00:00Z,WIND,WIND,800.2760497901423,1445
2019-03-01T11:00:00Z,COAL,COAL,3037.799451037513,5568
2019-03-01T11:00:00Z,DUAL FUEL,DUAL FUEL,50.475264689127606,155
2019-03-01T11:00:00Z,GAS,COGENERATION,4238.509971874688,4988
2019-03-01T11:00:00Z,GAS,COMBINED CYCLE,1178.656283630265,1748
2019-03-01T11:00:00Z,GAS,SIMPLE CYCLE,450.2144690177176,921
2019-03-01T11:00:00Z,HYDRO,HYDRO,122.60940649073157,894
2019-03-01T11:00:00Z,OTHER,BIOMASS,105.31206749598185,154
2019-03-01T11:00:00Z,OTHER,GAS COGEN,37.14622022257911,58
2019-03-01T11:00:00Z,OTHER,OIL/GAS,46.433976561228434,53
2019-03-01T11:00:00Z,OTHER,WOOD/REFUSE,94.6051890071233,158
2019-03-01T11:00:00Z,SOLAR,SOLAR,0,15
2019-03-01T11:00:00Z,WIND,WIND,1057.7618734234322,1445
2019-03-01T12:00:00Z,COAL,COAL,3084.0836073335013,5568
2019-03-01T12:00:00Z,DUAL FUEL,DUAL FUEL,51.00271502388848,155
2019-03-01T12:00:00Z,GAS,COGENERATION,4234.771909702884,4988
2019-03-01T12:00:00Z,GAS,COMBINED CYCLE,1170.5747077782949,1748
2019-03-01T12:00:00Z,GAS,SIMPLE CYCLE,476.8854501561324,921
2019-03-01T12:00:00Z,HYDRO,HYDRO,101.50788743583692,894
2019-03-01T12:00:00Z,OTHER,BIOMASS,105.19366756916045,154
2019-03-01T12:00:00Z,OTHER,GAS COGEN,36.4952812523312,58
2019-03-01T12:00:00Z,OTHER,OIL/GAS,46.268475994533965,53
2019-03-01T12:00:00Z,OTHER,WOOD/REFUSE,93.78383713669247,158
2019-03-01T12:00:00Z,SOLAR,SOLAR,0,15
2019-03-01T12:00:00Z,WIND,WIND,985.8659294047288,1445
2019-03-01T13:00:00Z,COAL,COAL,3228.013526910146,5568
2019-03-01T13:00:00Z,DUAL FUEL,DUAL FUEL,51.45168496237861,155
2019-03-01T13:00:00Z,GAS,COGENERATION,4337.997091717455,4988
2019-03-01T13:00:00Z,GAS,COMBINED CYCLE,1261.6831474518776,1748
2019-03-01T13:00:00Z,GAS,SIMPLE CYCLE,533.3622862450281,921
2019-03-01T13:00:00Z,HYDRO,HYDRO,171.0481340134144,894
2019-03-01T13:00:00Z,OTHER,BIOMASS,104.90269561131795,154
2019-03-01T13:00:00Z,OTHER,GAS COGEN,35.98848020341661,58
2019-03-01T13:00:00Z,OTHER,OIL/GAS,46.554177337222626,53
2019-03-01T13:00:00Z,OTHER,WOOD/REFUSE,92.96408344692654,158
2019-03-01T13:00:00Z,SOLAR,SOLAR,0,15
2019-03-01T13:00:00Z,WIND,WIND,955.5971816974381,1445
2019-03-01T14:00:00Z,COAL,COAL,3373.8510176319546,5568
2019-03-01T14:00:00Z,DUAL FUEL,DUAL FUEL,75.11774874369303,155
2019-03-01T14:00:00Z,GAS,COGENERATION,4357.900342213842,4988
2019-03-01T14:00:00Z,GAS,COMBINED CYCLE,1444.5151701054308,1748
2019-03-01T14:00:00Z,GAS,SIMPLE CYCLE,523.2056061124802,921
2019-03-01T14:00:00Z,HYDRO,HYDRO,206.72280343751112,894
2019-03-01T14:00:00Z,OTHER,BIOMASS,106.77005105442471,154
2019-03-01T14:00:00Z,OTHER,GAS COGEN,36.24686046600341,58
2019-03-01T14:00:00Z,OTHER,OIL/GAS,45.81683209313287,53
2019-03-01T14:00:00Z,OTHER,WOOD/REFUSE,91.79396587000953,158
2019-03-01T14:00:00Z,SOLAR,SOLAR,0,15
2019-03-01T14:00:00Z,WIND,WIND,832.107134012464,1445
2019-03-01T15:00:00Z,COAL,COAL,3516.456234410604,5568
2019-03-01T15:00:00Z,DUAL FUEL,DUAL FUEL,76.08704558478462,155
2019-03-01T15:00:00Z,GAS,COGENERATION,4332.102286366241,4988
2019-03-01T15:00:00Z,GAS,COMBINED CYCLE,1489.896583621767,1748
2019-03-01T15:00:00Z,GAS,SIMPLE CYCLE,551.1746670065489,921
2019-03-01T15:00:00Z,HYDRO,HYDRO,198.68133284944628,894
2019-03-01T15:00:00Z,OTHER,BIOMASS,107.58072846942477,154
2019-03-01T15:00:00Z,OTHER,GAS COGEN,38.63218648486667,58
2019-03-01T15:00:00Z,OTHER,OIL/GAS,41.352304456498885,53
2019-03-01T15:00:00Z,OTHER,WOOD/REFUSE,92.94985631624857,158
2019-03-01T15:00:00Z,SOLAR,SOLAR,0,15
2019-03-01T15:00:00Z,WIND,WIND,723.7494846680429,1445
2019-03-01T16:00:00Z,COAL,COAL,3622.7136179373,5568
2019-03-01T16:00:00Z,DUAL FUEL,DUAL FUEL,95.15328333536785,155
2019-03-01T16:00:00Z,GAS,COGENERATION,4314.734276456567,4988
2019-03-01T16:00:00Z,GAS,COMBINED CYCLE,1489.5492657372688,1748
2019-03-01T16:00:00Z,GAS,SIMPLE CYCLE,649.5315348067548,921
2019-03-01T16:00:00Z,HYDRO,HYDRO,182.92670562273926,894
2019-03-01T16:00:00Z,OTHER,BIOMASS,110.08561172538334,154
2019-03-01T16:00:00Z,OTHER,GAS COGEN,44.561241441302826,58
2019-03-01T16:00:00Z,OTHER,OIL/GAS,43.69589347203573,53
2019-03-01T16:00:00Z,OTHER,WOOD/REFUSE,93.68125292513105,158
2019-03-01T16:00:00Z,SOLAR,SOLAR,0,15
2019-03-01T16:00:00Z,WIND,WIND,659.6497102022171,1445
2019-03-01T17:00:00Z,COAL,COAL,3620.8804956266617,5568
2019-03-01T17:00:00Z,DUAL FUEL,DUAL FUEL,75.68315751817491,155
2019-03-01T17:00:00Z,GAS,COGENERATION,4350.496355414655,4988
2019-03-01T17:00:00Z,GAS,COMBINED CYCLE,1466.4313571927282,1748
2019-03-01T17:00:00Z,GAS,SIMPLE CYCLE,653.7240875100428,921
2019-03-01T17:00:00Z,HYDRO,HYDRO,153.69628482964305,894
2019-03-01T17:00:00Z,OTHER,BIOMASS,110.71636178069643,154
2019-03-01T17:00:00Z,OTHER,GAS COGEN,37.82765317704943,58
2019-03-01T17:00:00Z,OTHER,OIL/GAS,44.6431820042928,53
2019-03-01T17:00:00Z,OTHER,WOOD/REFUSE,97.52150857024722,158
2019-03-01T17:00:00Z,SOLAR,SOLAR,0,15
2019-03-01T17:00:00Z,WIND,WIND,658.9120409642326,1445
2019-03-01T18:00:00Z,COAL,COAL,3555.323347464667,5568
2019-03-01T18:00:00Z,DUAL FUEL,DUAL FUEL,51.39665317747328,155
2019-03-01T18:00:00Z,GAS,COGENERATION,4335.470610915331,4988
2019-03-01T18:00:00Z,GAS,COMBINED CYCLE,1414.0338920119073,1748
2019-03-01T18:00:00Z,GAS,SIMPLE CYCLE,652.1742211300797,921
2019-03-01T18:00:00Z,HYDRO,HYDRO,153.17365021778477,894
2019-03-01T18:00:00Z,OTHER,BIOMASS,107.54334519280329,154
2019-03-01T18:00:00Z,OTHER,GAS COGEN,37.29537582715352,58
2019-03-01T18:00:00Z,OTHER,OIL/GAS,44.19016549428304,53
2019-03-01T18:00:00Z,OTHER,WOOD/REFUSE,95.41007143073611,158
2019-03-01T18:00:00Z,SOLAR,SOLAR,0,15
2019-03-01T18:00:00Z,WIND,WIND,614.0266353582011,1445
2019-03-01T19:00:00Z,COAL,COAL,3573.4650169351366,5568
2019-03-01T19:00:00Z,DUAL FUEL,DUAL FUEL,56.762761736975776,155
2019-03-01T19:00:00Z,GAS,COGENERATION,4358.132181325223,4988
2019-03-01T19:00:00Z,GAS,COMBINED CYCLE,1448.1551736182637,1748
2019-03-01T19:00:00Z,GAS,SIMPLE CYCLE,657.643106413285,921
2019-03-01T19:00:00Z,HYDRO,HYDRO,202.50600146164498,894
2019-03-01T19:00:00Z,OTHER,BIOMASS,98.8940902680821,154
2019-03-01T19:00:00Z,OTHER,GAS COGEN,36.416496143341064,58
2019-03-01T19:00:00Z,OTHER,OIL/GAS,44.31063245561388,53
2019-03-01T19:00:00Z,OTHER,WOOD/REFUSE,95.42085822953119,158
2019-03-01T19:00:00Z,SOLAR,SOLAR,0.00933333277702331,15
2019-03-01T19:00:00Z,WIND,WIND,588.2535632080502,1445
2019-03-01T20:00:00Z,COAL,COAL,3480.3346459558275,5568
2019-03-01T20:00:00Z,DUAL FUEL,DUAL FUEL,77.18194599151612,155
2019-03-01T20:00:00Z,GAS,COGENERATION,4395.166789812445,4988
2019-03-01T20:00:00Z,GAS,COMBINED CYCLE,1522.9704043489032,1748
2019-03-01T20:00:00Z,GAS,SIMPLE CYCLE,660.8879934934776,921
2019-03-01T20:00:00Z,HYDRO,HYDRO,218.03601830826864,894
2019-03-01T20:00:00Z,OTHER,BIOMASS,109.86295582029554,154
2019-03-01T20:00:00Z,OTHER,GAS COGEN,43.07120250384013,58
2019-03-01T20:00:00Z,OTHER,OIL/GAS,43.33804914898342,53
2019-03-01T20:00:00Z,OTHER,WOOD/REFUSE,98.07178987503052,158
2019-03-01T20:00:00Z,SOLAR,SOLAR,0.02683333173394203,15
2019-03-01T20:00:00Z,WIND,WIND,505.0163174186813,1445
2019-03-01T21:00:00Z,COAL,COAL,3575.626718832652,5568
2019-03-01T21:00:00Z,DUAL FUEL,DUAL FUEL,97.9125540415446,155
2019-03-01T21:00:00Z,GAS,COGENERATION,4413.052030064861,4988
2019-03-01T21:00:00Z,GAS,COMBINED CYCLE,1525.670566441748,1748
2019-03-01T21:00:00Z,GAS,SIMPLE CYCLE,660.9707636590136,921
2019-03-01T21:00:00Z,HYDRO,HYDRO,187.21962934817705,894
2019-03-01T21:00:00Z,OTHER,BIOMASS,109.25182303216722,154
2019-03-01T21:00:00Z,OTHER,GAS COGEN,43.35602902518379,58
2019-03-01T21:00:00Z,OTHER,OIL/GAS,44.25734913084242,53
2019-03-01T21:00:00Z,OTHER,WOOD/REFUSE,98.26606560813056,158
2019-03-01T21:00:00Z,SOLAR,SOLAR,0,15
2019-03-01T21:00:00Z,WIND,WIND,431.5774228560924,1445
2019-03-01T22:00:00Z,COAL,COAL,3651.6732396189373,5568
2019-03-01T22:00:00Z,DUAL FUEL,DUAL FUEL,115.68647894541422,155
2019-03-01T22:00:00Z,GAS,COGENERATION,4408.700237544544,4988
2019-03-01T22:00:00Z,GAS,COMBINED CYCLE,1525.9538848789532,1748
2019-03-01T22:00:00Z,GAS,SIMPLE CYCLE,670.9076479768753,921
2019-03-01T22:00:00Z,HYDRO,HYDRO,207.3940229564243,894
2019-03-01T22:00:00Z,OTHER,BIOMASS,106.90193390369414,154
2019-03-01T22:00:00Z,OTHER,GAS COGEN,42.371632722218834,58
2019-03-01T22:00:00Z,OTHER,OIL/GAS,46.130548241933184,53
2019-03-01T22:00:00Z,OTHER,WOOD/REFUSE,97.47333578003777,158
2019-03-01T22:00:00Z,SOLAR,SOLAR,0,15
2019-03-01T22:00:00Z,WIND,WIND,364.38155254612366,1445
2019-03-01T23:00:00Z,COAL,COAL,3642.044917763604,5568
2019-03-01T23:00:00Z,DUAL FUEL,DUAL FUEL,76.99725366804334,155
2019-03-01T23:00:00Z,GAS,COGENERATION,4394.472715960211,4988
2019-03-01T23:00:00Z,GAS,COMBINED CYCLE,1518.146073627207,1748
2019-03-01T23:00:00Z,GAS,SIMPLE CYCLE,671.8524669832984,921
2019-03-01T23:00:00Z,HYDRO,HYDRO,177.22020841197838,894
2019-03-01T23:00:00Z,OTHER,BIOMASS,109.32028988202413,154
2019-03-01T23:00:00Z,OTHER,GAS COGEN,41.9058619817098,58
2019-03-01T23:00:00Z,OTHER,OIL/GAS,47.141720824771454,53
2019-03-01T23:00:00Z,OTHER,WOOD/REFUSE,98.09558515760634,158
2019-03-01T23:00:00Z,SOLAR,SOLAR,0,15
2019-03-01T23:00:00Z,WIND,WIND,256.416796750625,1445
2019-03-02T00:00:00Z,COAL,COAL,3554.2851699532403,5568
2019-03-02T00:00:00Z,DUAL FUEL,DUAL FUEL,76.15208783891465,155
2019-03-02T00:00:00Z,GAS,COGENERATION,4346.152052491903,4988
2019-03-02T00:00:00Z,GAS,COMBINED CYCLE,1513.9823050845994,1748
2019-03-02T00:00:00Z,GAS,SIMPLE CYCLE,670.8353733995226,921
2019-03-02T00:00:00Z,HYDRO,HYDRO,167.71866034736234,894
2019-03-02T00:00:00Z,OTHER,BIOMASS,110.58952218532562,154
2019-03-02T00:00:00Z,OTHER,GAS COGEN,43.853132264879015,58
2019-03-02T00:00:00Z,OTHER,OIL/GAS,47.636442523532445,53
2019-03-02T00:00:00Z,OTHER,WOOD/REFUSE,97.65716852611965,158
2019-03-02T00:00:00Z,SOLAR,SOLAR,0,15
2019-03-02T00:00:00Z,WIND,WIND,183.49896767633658,1445
2019-03-02T01:00:00Z,COAL,COAL,3625.9445275624594,5568
2019-03-02T01:00:00Z,DUAL FUEL,DUAL FUEL,76.05146820068359,155
2019-03-02T01:00:00Z,GAS,COGENERATION,4391.155604196522,4988
2019-03-02T01:00:00Z,GAS,COMBINED CYCLE,1522.0943363642693,1748
2019-03-02T01:00:00Z,GAS,SIMPLE CYCLE,684.9839315401183,921
2019-03-02T01:00:00Z,HYDRO,HYDRO,185.43587174442078,894
2019-03-02T01:00:00Z,OTHER,BIOMASS,114.70014486100938,154
2019-03-02T01:00:00Z,OTHER,GAS COGEN,44.37189697159661,58
2019-03-02T01:00:00Z,OTHER,OIL/GAS,47.51113173378838,53
2019-03-02T01:00:00Z,OTHER,WOOD/REFUSE,97.97825233459473,158
2019-03-02T01:00:00Z,SOLAR,SOLAR,0,15
2019-03-02T01:00:00Z,WIND,WIND,159.19113633470403,1445
2019-03-02T02:00:00Z,COAL,COAL,3625.7425037998623,5568
2019-03-02T02:00:00Z,DUAL FUEL,DUAL FUEL,76.07977473788792,155
2019-03-02T02:00:00Z,GAS,COGENERATION,4433.887600776355,4988
2019-03-02T02:00:00Z,GAS,COMBINED CYCLE,1526.1301022635566,1748
2019-03-02T02:00:00Z,GAS,SIMPLE CYCLE,688.8241412749555,921
2019-03-02T02:00:00Z,HYDRO,HYDRO,173.29196925077173,894
2019-03-02T02:00:00Z,OTHER,BIOMASS,115.80788993093702,154
2019-03-02T02:00:00Z,OTHER,GAS COGEN,44.826234624650745,58
2019-03-02T02:00:00Z,OTHER,OIL/GAS,47.14097047381931,53
2019-03-02T02:00:00Z,OTHER,WOOD/REFUSE,97.96913250764212,158
2019-03-02T02:00:00Z,SOLAR,SOLAR,0,15
2019-03-02T02:00:00Z,WIND,WIND,148.98238494961626,1445
2019-03-02T03:00:00Z,COAL,COAL,3652.329751306375,5568
2019-03-02T03:00:00Z,DUAL FUEL,DUAL FUEL,75.99865110609267,155
2019-03-02T03:00:00Z,GAS,COGENERATION,4380.944394019577,4988
2019-03-02T03:00:00Z,GAS,COMBINED CYCLE,1522.996991115941,1748
2019-03-02T03:00:00Z,GAS,SIMPLE CYCLE,693.479911384715,921
2019-03-02T03:00:00Z,HYDRO,HYDRO,198.7862745461199,894
2019-03-02T03:00:00Z,OTHER,BIOMASS,113.57778944280412,154
2019-03-02T03:00:00Z,OTHER,GAS COGEN,42.26130656136407,58
2019-03-02T03:00:00Z,OTHER,OIL/GAS,47.17255983988444,53
2019-03-02T03:00:00Z,OTHER,WOOD/REFUSE,97.88855519983504,158
2019-03-02T03:00:00Z,SOLAR,SOLAR,0,15
2019-03-02T03:00:00Z,WIND,WIND,126.6083683536119,1445
2019-03-02T04:00:00Z,COAL,COAL,3624.3216731792027,5568
2019-03-02T04:00:00Z,DUAL FUEL,DUAL FUEL,76.35363080766466,155
2019-03-02T04:00:00Z,GAS,COGENERATION,4371.503677574264,4988
2019-03-02T04:00:00Z,GAS,COMBINED CYCLE,1486.471526568201,1748
2019-03-02T04:00:00Z,GAS,SIMPLE CYCLE,691.5089738957088,921
2019-03-02T04:00:00Z,HYDRO,HYDRO,157.6521691148811,894
2019-03-02T04:00:00Z,OTHER,BIOMASS,116.6740507390764,154
2019-03-02T04:00:00Z,OTHER,GAS COGEN,45.16652632607354,58
2019-03-02T04:00:00Z,OTHER,OIL/GAS,46.98639968236287,53
2019-03-02T04:00:00Z,OTHER,WOOD/REFUSE,99.0161761464013,158
2019-03-02T04:00:00Z,SOLAR,SOLAR,0,15
2019-03-02T04:00:00Z,WIND,WIND,87.15228023679721,1445
2019-03-02T05:00:00Z,COAL,COAL,3662.1402314832476,5568
2019-03-02T05:00:00Z,DUAL FUEL,DUAL FUEL,76.32656526353624,155
2019-03-02T05:00:00Z,GAS,COGENERATION,4368.5597828507425,4988
2019-03-02T05:00:00Z,GAS,COMBINED CYCLE,1417.9644033164448,1748
2019-03-02T05:00:00Z,GAS,SIMPLE CYCLE,674.2873094798459,921
2019-03-02T05:00:00Z,HYDRO,HYDRO,229.78661557906204,894
2019-03-02T05:00:00Z,OTHER,BIOMASS,112.9566231393814,154
2019-03-02T05:00:00Z,OTHER,GAS COGEN,43.60266769621107,58
2019-03-02T05:00:00Z,OTHER,OIL/GAS,47.39509293874105,53
2019-03-02T05:00:00Z,OTHER,WOOD/REFUSE,98.20129454718696,158
2019-03-02T05:00:00Z,SOLAR,SOLAR,0,15
2019-03-02T05:00:00Z,WIND,WIND,80.00039510337842,1445
2019-03-02T06:00:00Z,COAL,COAL,3750.190763367679,5568
2019-03-02T06:00:00Z,DUAL FUEL,DUAL FUEL,76.3420283762614,155
2019-03-02T06:00:00Z,GAS,COGENERATION,4366.35412590464,4988
2019-03-02T06:00:00Z,GAS,COMBINED CYCLE,1368.832980492115,1748
2019-03-02T06:00:00Z,GAS,SIMPLE CYCLE,672.4086520793703,921
2019-03-02T06:00:00Z,HYDRO,HYDRO,166.56513126583562,894
2019-03-02T06:00:00Z,OTHER,BIOMASS,107.56131201903025,154
2019-03-02T06:00:00Z,OTHER,GAS COGEN,43.39106230629815,58
2019-03-02T06:00:00Z,OTHER,OIL/GAS,47.45460948096381,53
2019-03-02T06:00:00Z,OTHER,WOOD/REFUSE,98.11391696400112,158
2019-03-02T06:00:00Z,SOLAR,SOLAR,0,15
2019-03-02T06:00:00Z,WIND,WIND,68.98560715771383,1445
2019-03-02T07:00:00Z,COAL,COAL,3694.6515650608803,5568
2019-03-02T07:00:00Z,DUAL FUEL,DUAL FUEL,88.90530152214897,155
2019-03-02T07:00:00Z,GAS,COGENERATION,4417.952838658756,4988
2019-03-02T07:00:00Z,GAS,COMBINED CYCLE,1337.0095495327314,1748
2019-03-02T07:00:00Z,GAS,SIMPLE CYCLE,600.8405228983031,921
2019-03-02T07:00:00Z,HYDRO,HYDRO,143.22210616893238,894
2019-03-02T07:00:00Z,OTHER,BIOMASS,109.16664617962309,154
2019-03-02T07:00:00Z,OTHER,GAS COGEN,35.992407177819146,58
2019-03-02T07:00:00Z,OTHER,OIL/GAS,47.1112993812561,53
2019-03-02T07:00:00Z,OTHER,WOOD/REFUSE,97.90997870233325,158
2019-03-02T07:00:00Z,SOLAR,SOLAR,0,15
2019-03-02T07:00:00Z,WIND,WIND,69.40440071968568,1445
2019-03-02T08:00:00Z,COAL,COAL,3758.469979534679,5568
2019-03-02T08:00:00Z,DUAL FUEL,DUAL FUEL,116.3006767569648,155
2019-03-02T08:00:00Z,GAS,COGENERATION,4413.494019648234,4988
2019-03-02T08:00:00Z,GAS,COMBINED CYCLE,1374.9396150832706,1748
2019-03-02T08:00:00Z,GAS,SIMPLE CYCLE,557.2655276325014,921
2019-03-02T08:00:00Z,HYDRO,HYDRO,143.30608521858852,894
2019-03-02T08:00:00Z,OTHER,BIOMASS,111.4354341729482,154
2019-03-02T08:00:00Z,OTHER,GAS COGEN,35.93612077924941,58
2019-03-02T08:00:00Z,OTHER,OIL/GAS,47.14574876997206,53
2019-03-02T08:00:00Z,OTHER,WOOD/REFUSE,97.06188966009353,158
2019-03-02T08:00:00Z,SOLAR,SOLAR,0,15
2019-03-02T08:00:00Z,WIND,WIND,75.97826059957345,1445
2019-03-02T09:00:00Z,COAL,COAL,3758.771881992552,5568
2019-03-02T09:00:00Z,DUAL FUEL,DUAL FUEL,119.1821895345052,155
2019-03-02T09:00:00Z,GAS,COGENERATION,4405.006181553999,4988
2019-03-02T09:00:00Z,GAS,COMBINED CYCLE,1337.4092913500467,1748
2019-03-02T09:00:00Z,GAS,SIMPLE CYCLE,550.5727397439215,921
2019-03-02T09:00:00Z,HYDRO,HYDRO,129.98229534586272,894
2019-03-02T09:00:00Z,OTHER,BIOMASS,111.07312896092732,154
2019-03-02T09:00:00Z,OTHER,GAS COGEN,35.612644044028386,58
2019-03-02T09:00:00Z,OTHER,OIL/GAS,47.12130986531576,53
2019-03-02T09:00:00Z,OTHER,WOOD/REFUSE,96.39377671453688,158
2019-03-02T09:00:00Z,SOLAR,SOLAR,0,15
2019-03-02T09:00:00Z,WIND,WIND,91.93211758438085,1445
2019-03-02T10:00:00Z,COAL,COAL,3757.91787503918,5568
2019-03-02T10:00:00Z,DUAL FUEL,DUAL FUEL,97.52667042626275,155
2019-03-02T10:00:00Z,GAS,COGENERATION,4427.922679510858,4988
2019-03-02T10:00:00Z,GAS,COMBINED CYCLE,1368.5325777631335,1748
2019-03-02T10:00:00Z,GAS,SIMPLE CYCLE,549.7890817972025,921
2019-03-02T10:00:00Z,HYDRO,HYDRO,116.38283310128583,894
2019-03-02T10:00:00Z,OTHER,BIOMASS,111.72202912012736,154
2019-03-02T10:00:00Z,OTHER,GAS COGEN,41.71553983476427,58
2019-03-02T10:00:00Z,OTHER,OIL/GAS,47.09203258302477,53
2019-03-02T10:00:00Z,OTHER,WOOD/REFUSE,97.66010382069481,158
2019-03-02T10:00:00Z,SOLAR,SOLAR,0,15
2019-03-02T10:00:00Z,WIND,WIND,92.04940087027848,1445
2019-03-02T11:00:00Z,COAL,COAL,3868.070436414083,5568
2019-03-02T11:00:00Z,DUAL FUEL,DUAL FUEL,112.30854271358912,155
2019-03-02T11:00:00Z,GAS,COGENERATION,4414.396114898159,4988
2019-03-02T11:00:00Z,GAS,COMBINED CYCLE,1337.9568813522658,1748
2019-03-02T11:00:00Z,GAS,SIMPLE CYCLE,557.0060364355644,921
2019-03-02T11:00:00Z,HYDRO,HYDRO,139.35694017450015,894
2019-03-02T11:00:00Z,OTHER,BIOMASS,106.76480107360416,154
2019-03-02T11:00:00Z,OTHER,GAS COGEN,43.10066396819221,58
2019-03-02T11:00:00Z,OTHER,OIL/GAS,46.50739962895711,53
2019-03-02T11:00:00Z,OTHER,WOOD/REFUSE,97.45316223250495,158
2019-03-02T11:00:00Z,SOLAR,SOLAR,0,15
2019-03-02T11:00:00Z,WIND,WIND,111.63224876655472,1445
2019-03-02T12:00:00Z,COAL,COAL,3839.1790564579433,5568
2019-03-02T12:00:00Z,DUAL FUEL,DUAL FUEL,119.31004519144696,155
2019-03-02T12:00:00Z,GAS,COGENERATION,4407.340724339121,4988
2019-03-02T12:00:00Z,GAS,COMBINED CYCLE,1365.8884728834364,1748
2019-03-02T12:00:00Z,GAS,SIMPLE CYCLE,595.158296174407,921
2019-03-02T12:00:00Z,HYDRO,HYDRO,125.44188237084282,894
2019-03-02T12:00:00Z,OTHER,BIOMASS,109.73367265224456,154
2019-03-02T12:00:00Z,OTHER,GAS COGEN,43.10056874222226,58
2019-03-02T12:00:00Z,OTHER,OIL/GAS,47.176265462239584,53
2019-03-02T12:00:00Z,OTHER,WOOD/REFUSE,99.4237599404653,158
2019-03-02T12:00:00Z,SOLAR,SOLAR,0,15
2019-03-02T12:00:00Z,WIND,WIND,111.80344559023777,1445
2019-03-02T13:00:00Z,COAL,COAL,3798.0039883253307,5568
2019-03-02T13:00:00Z,DUAL FUEL,DUAL FUEL,84.03208201090494,155
2019-03-02T13:00:00Z,GAS,COGENERATION,4416.641990985241,4988
2019-03-02T13:00:00Z,GAS,COMBINED CYCLE,1402.8914102668232,1748
2019-03-02T13:00:00Z,GAS,SIMPLE CYCLE,635.6502953653866,921
2019-03-02T13:00:00Z,HYDRO,HYDRO,115.78853063851595,894
2019-03-02T13:00:00Z,OTHER,BIOMASS,111.54686174498664,154
2019-03-02T13:00:00Z,OTHER,GAS COGEN,44.36399738523696,58
2019-03-02T13:00:00Z,OTHER,OIL/GAS,47.08087824927436,53
2019-03-02T13:00:00Z,OTHER,WOOD/REFUSE,103.1971004067527,158
2019-03-02T13:00:00Z,SOLAR,SOLAR,0,15
2019-03-02T13:00:00Z,WIND,WIND,115.78386377677322,1445
2019-03-02T14:00:00Z,COAL,COAL,3623.8139175404444,5568
2019-03-02T14:00:00Z,DUAL FUEL,DUAL FUEL,75.48602604336209,155
2019-03-02T14:00:00Z,GAS,COGENERATION,4401.480480969382,4988
2019-03-02T14:00:00Z,GAS,COMBINED CYCLE,1378.3368965127731,1748
2019-03-02T14:00:00Z,GAS,SIMPLE CYCLE,677.7033772423864,921
2019-03-02T14:00:00Z,HYDRO,HYDRO,186.41898082364764,894
2019-03-02T14:00:00Z,OTHER,BIOMASS,112.01689504093594,154
2019-03-02T14:00:00Z,OTHER,GAS COGEN,34.48121429708269,58
2019-03-02T14:00:00Z,OTHER,OIL/GAS,47.22867655436198,53
2019-03-02T14:00:00Z,OTHER,WOOD/REFUSE,105.63982234266071,158
2019-03-02T14:00:00Z,SOLAR,SOLAR,0,15
2019-03-02T14:00:00Z,WIND,WIND,118.52610097244383,1445
2019-03-02T15:00:00Z,COAL,COAL,3584.1449792867234,5568
2019-03-02T15:00:00Z,DUAL FUEL,DUAL FUEL,76.31021792093912,155
2019-03-02T15:00:00Z,GAS,COGENERATION,4392.070571392675,4988
2019-03-02T15:00:00Z,GAS,COMBINED CYCLE,1445.1400083343187,1748
2019-03-02T15:00:00Z,GAS,SIMPLE CYCLE,672.1642865165074,921
2019-03-02T15:00:00Z,HYDRO,HYDRO,173.95141485730807,894
2019-03-02T15:00:00Z,OTHER,BIOMASS,112.14802839491102,154
2019-03-02T15:00:00Z,OTHER,GAS COGEN,33.612587469948664,58
2019-03-02T15:00:00Z,OTHER,OIL/GAS,47.07620493570963,53
2019-03-02T15:00:00Z,OTHER,WOOD/REFUSE,107.03422775692408,158
2019-03-02T15:00:00Z,SOLAR,SOLAR,0,15
2019-03-02T15:00:00Z,WIND,WIND,115.85482017470731,1445
2019-03-02T16:00:00Z,COAL,COAL,3741.8538460330833,5568
2019-03-02T16:00:00Z,DUAL FUEL,DUAL FUEL,75.9975797314114,155
2019-03-02T16:00:00Z,GAS,COGENERATION,4386.382257904642,4988
2019-03-02T16:00:00Z,GAS,COMBINED CYCLE,1499.4038455796242,1748
2019-03-02T16:00:00Z,GAS,SIMPLE CYCLE,666.8846247883638,921
2019-03-02T16:00:00Z,HYDRO,HYDRO,186.07130351457332,894
2019-03-02T16:00:00Z,OTHER,BIOMASS,110.0392347770267,154
2019-03-02T16:00:00Z,OTHER,GAS COGEN,37.94267401536305,58
2019-03-02T16:00:00Z,OTHER,OIL/GAS,47.62311031977335,53
2019-03-02T16:00:00Z,OTHER,WOOD/REFUSE,106.94778915564218,158
2019-03-02T16:00:00Z,SOLAR,SOLAR,0,15
2019-03-02T16:00:00Z,WIND,WIND,112.37987668972049,1445
2019-03-02T17:00:00Z,COAL,COAL,3718.0117758087977,5568
2019-03-02T17:00:00Z,DUAL FUEL,DUAL FUEL,75.79097835540772,155
2019-03-02T17:00:00Z,GAS,COGENERATION,4376.624341447531,4988
2019-03-02T17:00:00Z,GAS,COMBINED CYCLE,1531.2587117878597,1748
2019-03-02T17:00:00Z,GAS,SIMPLE CYCLE,681.9912402728862,921
2019-03-02T17:00:00Z,HYDRO,HYDRO,166.69720794853237,894
2019-03-02T17:00:00Z,OTHER,BIOMASS,106.5867676003774,154
2019-03-02T17:00:00Z,OTHER,GAS COGEN,42.55435093932682,58
2019-03-02T17:00:00Z,OTHER,OIL/GAS,47.385888735453285,53
2019-03-02T17:00:00Z,OTHER,WOOD/REFUSE,106.55523841963875,158
2019-03-02T17:00:00Z,SOLAR,SOLAR,0,15
2019-03-02T17:00:00Z,WIND,WIND,114.3399908593297,1445
2019-03-02T18:00:00Z,COAL,COAL,3694.7728485510083,5568
2019-03-02T18:00:00Z,DUAL FUEL,DUAL FUEL,90.82245686425104,155
2019-03-02T18:00:00Z,GAS,COGENERATION,4399.686048304769,4988
2019-03-02T18:00:00Z,GAS,COMBINED CYCLE,1509.2777989620633,1748
2019-03-02T18:00:00Z,GAS,SIMPLE CYCLE,626.5338062072132,921
2019-03-02T18:00:00Z,HYDRO,HYDRO,173.1554693931672,894
2019-03-02T18:00:00Z,OTHER,BIOMASS,105.68505153391096,154
2019-03-02T18:00:00Z,OTHER,GAS COGEN,33.50116669601864,58
2019-03-02T18:00:00Z,OTHER,OIL/GAS,47.483582163916694,53
2019-03-02T18:00:00Z,OTHER,WOOD/REFUSE,105.71956787533229,158
2019-03-02T18:00:00Z,SOLAR,SOLAR,0.14883332446217537,15
2019-03-02T18:00:00Z,WIND,WIND,93.2640532773402,1445
2019-03-02T19:00:00Z,COAL,COAL,3690.3498980845343,5568
2019-03-02T19:00:00Z,DUAL FUEL,DUAL FUEL,77.03349922180176,155
2019-03-02T19:00:00Z,GAS,COGENERATION,4370.712200932503,4988
2019-03-02T19:00:00Z,GAS,COMBINED CYCLE,1525.8179228472711,1748
2019-03-02T19:00:00Z,GAS,SIMPLE CYCLE,683.8325768418941,921
2019-03-02T19:00:00Z,HYDRO,HYDRO,161.30558839957746,894
2019-03-02T19:00:00Z,OTHER,BIOMASS,107.71092903825972,154
2019-03-02T19:00:00Z,OTHER,GAS COGEN,40.08464405059814,58
2019-03-02T19:00:00Z,OTHER,OIL/GAS,47.65371029324002,53
2019-03-02T19:00:00Z,OTHER,WOOD/REFUSE,105.29863565233019,158
2019-03-02T19:00:00Z,SOLAR,SOLAR,0.29999998211860657,15
2019-03-02T19:00:00Z,WIND,WIND,91.12657853724228,1445
2019-03-02T20:00:00Z,COAL,COAL,3620.449495411449,5568
2019-03-02T20:00:00Z,DUAL FUEL,DUAL FUEL,75.79441182454427,155
2019-03-02T20:00:00Z,GAS,COGENERATION,4370.769239776267,4988
2019-03-02T20:00:00Z,GAS,COMBINED CYCLE,1532.4387092280388,1748
2019-03-02T20:00:00Z,GAS,SIMPLE CYCLE,685.9215377334091,921
2019-03-02T20:00:00Z,HYDRO,HYDRO,180.02632328265244,894
2019-03-02T20:00:00Z,OTHER,BIOMASS,100.59731778038874,154
2019-03-02T20:00:00Z,OTHER,GAS COGEN,33.364935126834446,58
2019-03-02T20:00:00Z,OTHER,OIL/GAS,47.25383822547065,53
2019-03-02T20:00:00Z,OTHER,WOOD/REFUSE,106.12978624979657,158
2019-03-02T20:00:00Z,SOLAR,SOLAR,0.2808333165943623,15
2019-03-02T20:00:00Z,WIND,WIND,136.39893016411196,1445
2019-03-02T21:00:00Z,COAL,COAL,3618.110280825827,5568
2019-03-02T21:00:00Z,DUAL FUEL,DUAL FUEL,76.30033417171902,155
2019-03-02T21:00:00Z,GAS,COGENERATION,4367.75363297171,4988
2019-03-02T21:00:00Z,GAS,COMBINED CYCLE,1542.5145103422801,1748
2019-03-02T21:00:00Z,GAS,SIMPLE CYCLE,686.548714594841,921
2019-03-02T21:00:00Z,HYDRO,HYDRO,211.69168958067897,894
2019-03-02T21:00:00Z,OTHER,BIOMASS,99.91203483528561,154
2019-03-02T21:00:00Z,OTHER,GAS COGEN,33.15030120796628,58
2019-03-02T21:00:00Z,OTHER,OIL/GAS,47.457803662618,53
2019-03-02T21:00:00Z,OTHER,WOOD/REFUSE,105.03785192701551,158
2019-03-02T21:00:00Z,SOLAR,SOLAR,0.0073333328962326,15
2019-03-02T21:00:00Z,WIND,WIND,140.11660449537968,1445
2019-03-02T22:00:00Z,COAL,COAL,3619.136577857865,5568
2019-03-02T22:00:00Z,DUAL FUEL,DUAL FUEL,76.18338031768799,155
2019-03-02T22:00:00Z,GAS,COGENERATION,4386.9913993350665,4988
2019-03-02T22:00:00Z,GAS,COMBINED CYCLE,1452.5015697903104,1748
2019-03-02T22:00:00Z,GAS,SIMPLE CYCLE,698.5177148660024,921
2019-03-02T22:00:00Z,HYDRO,HYDRO,141.31095705350242,894
2019-03-02T22:00:00Z,OTHER,BIOMASS,99.73804529878828,154
2019-03-02T22:00:00Z,OTHER,GAS COGEN,33.39252534389496,58
2019-03-02T22:00:00Z,OTHER,OIL/GAS,47.43118276807997,53
2019-03-02T22:00:00Z,OTHER,WOOD/REFUSE,106.63979481909011,158
2019-03-02T22:00:00Z,SOLAR,SOLAR,0,15
2019-03-02T22:00:00Z,WIND,WIND,134.64131148530376,1445
2019-03-02T23:00:00Z,COAL,COAL,3580.9987196713023,5568
2019-03-02T23:00:00Z,DUAL FUEL,DUAL FUEL,75.63619171566434,155
2019-03-02T23:00:00Z,GAS,COGENERATION,4388.404620391528,4988
2019-03-02T23:00:00Z,GAS,COMBINED CYCLE,1452.8611389629045,1748
2019-03-02T23:00:00Z,GAS,SIMPLE CYCLE,639.4213530924585,921
2019-03-02T23:00:00Z,HYDRO,HYDRO,190.70674229446385,894
2019-03-02T23:00:00Z,OTHER,BIOMASS,101.76741226355234,154
2019-03-02T23:00:00Z,OTHER,GAS COGEN,33.23734141349793,58
2019-03-02T23:00:00Z,OTHER,OIL/GAS,46.995177069769966,53
2019-03-02T23:00:00Z,OTHER,WOOD/REFUSE,101.42680151992374,158
2019-03-02T23:00:00Z,SOLAR,SOLAR,0,15
2019-03-02T23:00:00Z,WIND,WIND,136.8154074518548,1445
2019-03-03T00:00:00Z,COAL,COAL,3622.838159969118,5568
2019-03-03T00:00:00Z,DUAL FUEL,DUAL FUEL,76.50089340633816,155
2019-03-03T00:00:00Z,GAS,COGENERATION,4370.41725110511,4988
2019-03-03T00:00:00Z,GAS,COMBINED CYCLE,1450.3249184441565,1748
2019-03-03T00:00:00Z,GAS,SIMPLE CYCLE,642.5382956014739,921
2019-03-03T00:00:00Z,HYDRO,HYDRO,161.84320211529732,894
2019-03-03T00:00:00Z,OTHER,BIOMASS,101.08993455039129,154
2019-03-03T00:00:00Z,OTHER,GAS COGEN,33.14748474227058,58
2019-03-03T00:00:00Z,OTHER,OIL/GAS,47.648639053768584,53
2019-03-03T00:00:00Z,OTHER,WOOD/REFUSE,100.07652324199677,158
2019-03-03T00:00:00Z,SOLAR,SOLAR,0,15
2019-03-03T00:00:00Z,WIND,WIND,152.95912750130725,1445
2019-03-03T01:00:00Z,COAL,COAL,3620.720944973628,5568
2019-03-03T01:00:00Z,DUAL FUEL,DUAL FUEL,75.90732964833578,155
2019-03-03T01:00:00Z,GAS,COGENERATION,4376.1037150104175,4988
2019-03-03T01:00:00Z,GAS,COMBINED CYCLE,1446.3522275826665,1748
2019-03-03T01:00:00Z,GAS,SIMPLE CYCLE,669.0987293397055,921
2019-03-03T01:00:00Z,HYDRO,HYDRO,166.0507009560532,894
2019-03-03T01:00:00Z,OTHER,BIOMASS,101.43871730910406,154
2019-03-03T01:00:00Z,OTHER,GAS COGEN,35.31837069617377,58
2019-03-03T01:00:00Z,OTHER,OIL/GAS,47.546843973795575,53
2019-03-03T01:00:00Z,OTHER,WOOD/REFUSE,99.2787793917126,158
2019-03-03T01:00:00Z,SOLAR,SOLAR,0,15
2019-03-03T01:00:00Z,WIND,WIND,202.4953308878011,1445
2019-03-03T02:00:00Z,COAL,COAL,3651.311294260025,5568
2019-03-03T02:00:00Z,DUAL FUEL,DUAL FUEL,76.16496289147271,155
2019-03-03T02:00:00Z,GAS,COGENERATION,4380.4845259318745,4988
2019-03-03T02:00:00Z,GAS,COMBINED CYCLE,1447.5712710285186,1748
2019-03-03T02:00:00Z,GAS,SIMPLE CYCLE,634.8916288426187,921
2019-03-03T02:00:00Z,HYDRO,HYDRO,148.73396338787344,894
2019-03-03T02:00:00Z,OTHER,BIOMASS,102.5172008980645,154
2019-03-03T02:00:00Z,OTHER,GAS COGEN,35.48506628142463,58
2019-03-03T02:00:00Z,OTHER,OIL/GAS,47.080499235788984,53
2019-03-03T02:00:00Z,OTHER,WOOD/REFUSE,99.2963608958986,158
2019-03-03T02:00:00Z,SOLAR,SOLAR,0,15
2019-03-03T02:00:00Z,WIND,WIND,264.1986392284267,1445
2019-03-03T03:00:00Z,COAL,COAL,3620.011742600865,5568
2019-03-03T03:00:00Z,DUAL FUEL,DUAL FUEL,75.93737088945177,155
2019-03-03T03:00:00Z,GAS,COGENERATION,4386.372430079844,4988
2019-03-03T03:00:00Z,GAS,COMBINED CYCLE,1415.2343652179507,1748
2019-03-03T03:00:00Z,GAS,SIMPLE CYCLE,692.3884556322959,921
2019-03-03T03:00:00Z,HYDRO,HYDRO,175.16101745843886,894
2019-03-03T03:00:00Z,OTHER,BIOMASS,98.6208677845531,154
2019-03-03T03:00:00Z,OTHER,GAS COGEN,35.32885199864705,58
2019-03-03T03:00:00Z,OTHER,OIL/GAS,47.327610916561554,53
2019-03-03T03:00:00Z,OTHER,WOOD/REFUSE,97.89460995356242,158
2019-03-03T03:00:00Z,SOLAR,SOLAR,0,15
2019-03-03T03:00:00Z,WIND,WIND,320.07090485365853,1445
2019-03-03T04:00:00Z,COAL,COAL,3679.3549127599927,5568
2019-03-03T04:00:00Z,DUAL FUEL,DUAL FUEL,93.57439576043024,155
2019-03-03T04:00:00Z,GAS,COGENERATION,4384.130569142434,4988
2019-03-03T04:00:00Z,GAS,COMBINED CYCLE,1407.1094045411216,1748
2019-03-03T04:00:00Z,GAS,SIMPLE CYCLE,689.4043629816506,921
2019-03-03T04:00:00Z,HYDRO,HYDRO,151.05255598003666,894
2019-03-03T04:00:00Z,OTHER,BIOMASS,96.80200610743628,154
2019-03-03T04:00:00Z,OTHER,GAS COGEN,35.33209716161092,58
2019-03-03T04:00:00Z,OTHER,OIL/GAS,47.19917663150363,53
2019-03-03T04:00:00Z,OTHER,WOOD/REFUSE,98.48174716260698,158
2019-03-03T04:00:00Z,SOLAR,SOLAR,0,15
2019-03-03T04:00:00Z,WIND,WIND,406.8685681767265,1445
2019-03-03T05:00:00Z,COAL,COAL,3609.497574795087,5568
2019-03-03T05:00:00Z,DUAL FUEL,DUAL FUEL,124.66998937394884,155
2019-03-03T05:00:00Z,GAS,COGENERATION,4390.32690048529,4988
2019-03-03T05:00:00Z,GAS,COMBINED CYCLE,1323.2588824831114,1748
2019-03-03T05:00:00Z,GAS,SIMPLE CYCLE,641.6501068379482,921
2019-03-03T05:00:00Z,HYDRO,HYDRO,188.81811753670374,894
2019-03-03T05:00:00Z,OTHER,BIOMASS,100.12913960589303,154
2019-03-03T05:00:00Z,OTHER,GAS COGEN,35.32531850126055,58
2019-03-03T05:00:00Z,OTHER,OIL/GAS,47.223687695397274,53
2019-03-03T05:00:00Z,OTHER,WOOD/REFUSE,98.5468732298745,158
2019-03-03T05:00:00Z,SOLAR,SOLAR,0,15
2019-03-03T05:00:00Z,WIND,WIND,444.0692924543304,1445
2019-03-03T06:00:00Z,COAL,COAL,3672.731571173668,5568
2019-03-03T06:00:00Z,DUAL FUEL,DUAL FUEL,124.29195796966552,155
2019-03-03T06:00:00Z,GAS,COGENERATION,4380.885540424387,4988
2019-03-03T06:00:00Z,GAS,COMBINED CYCLE,1297.8679407731693,1748
2019-03-03T06:00:00Z,GAS,SIMPLE CYCLE,609.517174726824,921
2019-03-03T06:00:00Z,HYDRO,HYDRO,127.63519836498632,894
2019-03-03T06:00:00Z,OTHER,BIOMASS,101.86515613714853,154
2019-03-03T06:00:00Z,OTHER,GAS COGEN,33.61130270640055,58
2019-03-03T06:00:00Z,OTHER,OIL/GAS,47.011132837931314,53
2019-03-03T06:00:00Z,OTHER,WOOD/REFUSE,98.66817413012187,158
2019-03-03T06:00:00Z,SOLAR,SOLAR,0,15
2019-03-03T06:00:00Z,WIND,WIND,412.1693916697303,1445
2019-03-03T07:00:00Z,COAL,COAL,3627.431962000529,5568
2019-03-03T07:00:00Z,DUAL FUEL,DUAL FUEL,122.607023501926,155
2019-03-03T07:00:00Z,GAS,COGENERATION,4388.533253996505,4988
2019-03-03T07:00:00Z,GAS,COMBINED CYCLE,1261.1871413848137,1748
2019-03-03T07:00:00Z,GAS,SIMPLE CYCLE,552.1829900685946,921
2019-03-03T07:00:00Z,HYDRO,HYDRO,100.70112252122826,894
2019-03-03T07:00:00Z,OTHER,BIOMASS,100.74102921962738,154
2019-03-03T07:00:00Z,OTHER,GAS COGEN,33.4598753229777,58
2019-03-03T07:00:00Z,OTHER,OIL/GAS,47.44563100814819,53
2019-03-03T07:00:00Z,OTHER,WOOD/REFUSE,97.6015209526486,158
2019-03-03T07:00:00Z,SOLAR,SOLAR,0,15
2019-03-03T07:00:00Z,WIND,WIND,419.5084641648498,1445
2019-03-03T08:00:00Z,COAL,COAL,3684.976743268172,5568
2019-03-03T08:00:00Z,DUAL FUEL,DUAL FUEL,130.30831765916614,155
2019-03-03T08:00:00Z,GAS,COGENERATION,4399.632192379965,4988
2019-03-03T08:00:00Z,GAS,COMBINED CYCLE,1258.8414849416415,1748
2019-03-03T08:00:00Z,GAS,SIMPLE CYCLE,565.6311704976691,921
2019-03-03T08:00:00Z,HYDRO,HYDRO,141.44189610421657,894
2019-03-03T08:00:00Z,OTHER,BIOMASS,102.00393924819099,154
2019-03-03T08:00:00Z,OTHER,GAS COGEN,34.410563542577954,58
2019-03-03T08:00:00Z,OTHER,OIL/GAS,47.24402606752184,53
2019-03-03T08:00:00Z,OTHER,WOOD/REFUSE,97.86320355044471,158
2019-03-03T08:00:00Z,SOLAR,SOLAR,0,15
2019-03-03T08:00:00Z,WIND,WIND,371.51150794853766,1445
2019-03-03T09:00:00Z,COAL,COAL,3687.2746874054274,5568
2019-03-03T09:00:00Z,DUAL FUEL,DUAL FUEL,128.02180051591662,155
2019-03-03T09:00:00Z,GAS,COGENERATION,4390.6420727258255,4988
2019-03-03T09:00:00Z,GAS,COMBINED CYCLE,1253.700037856102,1748
2019-03-03T09:00:00Z,GAS,SIMPLE CYCLE,512.9147715596689,921
2019-03-03T09:00:00Z,HYDRO,HYDRO,116.55208488391506,894
2019-03-03T09:00:00Z,OTHER,BIOMASS,102.90835603608025,154
2019-03-03T09:00:00Z,OTHER,GAS COGEN,32.90204615381029,58
2019-03-03T09:00:00Z,OTHER,OIL/GAS,46.91290854771932,53
2019-03-03T09:00:00Z,OTHER,WOOD/REFUSE,98.27413241492377,158
2019-03-03T09:00:00Z,SOLAR,SOLAR,0,15
2019-03-03T09:00:00Z,WIND,WIND,338.1088128231963,1445
2019-03-03T10:00:00Z,COAL,COAL,3599.949672472742,5568
2019-03-03T10:00:00Z,DUAL FUEL,DUAL FUEL,134.29339523315429,155
2019-03-03T10:00:00Z,GAS,COGENERATION,4385.753321810961,4988
2019-03-03T10:00:00Z,GAS,COMBINED CYCLE,1254.2792362586656,1748
2019-03-03T10:00:00Z,GAS,SIMPLE CYCLE,503.54336785078044,921
2019-03-03T10:00:00Z,HYDRO,HYDRO,103.4102260684967,894
2019-03-03T10:00:00Z,OTHER,BIOMASS,103.60817303127713,154
2019-03-03T10:00:00Z,OTHER,GAS COGEN,35.238215143415665,58
2019-03-03T10:00:00Z,OTHER,OIL/GAS,47.32185980055067,53
2019-03-03T10:00:00Z,OTHER,WOOD/REFUSE,95.49016563574473,158
2019-03-03T10:00:00Z,SOLAR,SOLAR,0,15
2019-03-03T10:00:00Z,WIND,WIND,309.3614471855263,1445
2019-03-03T11:00:00Z,COAL,COAL,3662.2493478163083,5568
2019-03-03T11:00:00Z,DUAL FUEL,DUAL FUEL,139.4127131398519,155
2019-03-03T11:00:00Z,GAS,COGENERATION,4380.567488430076,4988
2019-03-03T11:00:00Z,GAS,COMBINED CYCLE,1224.057426404688,1748
2019-03-03T11:00:00Z,GAS,SIMPLE CYCLE,530.8887139274015,921
2019-03-03T11:00:00Z,HYDRO,HYDRO,156.2022454932001,894
2019-03-03T11:00:00Z,OTHER,BIOMASS,102.56840645790099,154
2019-03-03T11:00:00Z,OTHER,GAS COGEN,33.4418972269694,58
2019-03-03T11:00:00Z,OTHER,OIL/GAS,47.183315147823755,53
2019-03-03T11:00:00Z,OTHER,WOOD/REFUSE,97.05993907027774,158
2019-03-03T11:00:00Z,SOLAR,SOLAR,0,15
2019-03-03T11:00:00Z,WIND,WIND,315.8395189494722,1445
2019-03-03T12:00:00Z,COAL,COAL,3754.269316717254,5568
2019-03-03T12:00:00Z,DUAL FUEL,DUAL FUEL,151.50514718797473,155
2019-03-03T12:00:00Z,GAS,COGENERATION,4375.127573636373,4988
2019-03-03T12:00:00Z,GAS,COMBINED CYCLE,1138.858167866601,1748
2019-03-03T12:00:00Z,GAS,SIMPLE CYCLE,582.4186323501335,921
2019-03-03T12:00:00Z,HYDRO,HYDRO,117.63641460266378,894
2019-03-03T12:00:00Z,OTHER,BIOMASS,105.41055106110042,154
2019-03-03T12:00:00Z,OTHER,GAS COGEN,35.916495162116156,58
2019-03-03T12:00:00Z,OTHER,OIL/GAS,46.89909923553467,53
2019-03-03T12:00:00Z,OTHER,WOOD/REFUSE,97.36611193974812,158
2019-03-03T12:00:00Z,SOLAR,SOLAR,0,15
2019-03-03T12:00:00Z,WIND,WIND,314.25107675300706,1445
2019-03-03T13:00:00Z,COAL,COAL,3763.4718034087286,5568
2019-03-03T13:00:00Z,DUAL FUEL,DUAL FUEL,134.2311834420098,155
2019-03-03T13:00:00Z,GAS,COGENERATION,4379.893725044992,4988
2019-03-03T13:00:00Z,GAS,COMBINED CYCLE,1152.6673631747565,1748
2019-03-03T13:00:00Z,GAS,SIMPLE CYCLE,595.8252401627434,921
2019-03-03T13:00:00Z,HYDRO,HYDRO,143.76019366903438,894
2019-03-03T13:00:00Z,OTHER,BIOMASS,107.37512844244638,154
2019-03-03T13:00:00Z,OTHER,GAS COGEN,37.05506307707893,58
2019-03-03T13:00:00Z,OTHER,OIL/GAS,47.02035945256551,53
2019-03-03T13:00:00Z,OTHER,WOOD/REFUSE,97.03800074736277,158
2019-03-03T13:00:00Z,SOLAR,SOLAR,0,15
2019-03-03T13:00:00Z,WIND,WIND,311.6368527253386,1445
2019-03-03T14:00:00Z,COAL,COAL,3801.990696165297,5568
2019-03-03T14:00:00Z,DUAL FUEL,DUAL FUEL,91.61258917490642,155
2019-03-03T14:00:00Z,GAS,COGENERATION,4363.536618396442,4988
2019-03-03T14:00:00Z,GAS,COMBINED CYCLE,1186.7657622856564,1748
2019-03-03T14:00:00Z,GAS,SIMPLE CYCLE,597.3122227081988,921
2019-03-03T14:00:00Z,HYDRO,HYDRO,145.07067244993317,894
2019-03-03T14:00:00Z,OTHER,BIOMASS,106.91550101810031,154
2019-03-03T14:00:00Z,OTHER,GAS COGEN,37.360105565389,58
2019-03-03T14:00:00Z,OTHER,OIL/GAS,46.81490475336711,53
2019-03-03T14:00:00Z,OTHER,WOOD/REFUSE,98.23724542829726,158
2019-03-03T14:00:00Z,SOLAR,SOLAR,0,15
2019-03-03T14:00:00Z,WIND,WIND,280.2659767588973,1445
2019-03-03T15:00:00Z,COAL,COAL,3835.1273691802553,5568
2019-03-03T15:00:00Z,DUAL FUEL,DUAL FUEL,74.77609074274699,155
2019-03-03T15:00:00Z,GAS,COGENERATION,4360.16806378199,4988
2019-03-03T15:00:00Z,GAS,COMBINED CYCLE,1287.6036371776793,1748
2019-03-03T15:00:00Z,GAS,SIMPLE CYCLE,571.3139383202129,921
2019-03-03T15:00:00Z,HYDRO,HYDRO,143.45857303500176,894
2019-03-03T15:00:00Z,OTHER,BIOMASS,102.61442861557006,154
2019-03-03T15:00:00Z,OTHER,GAS COGEN,35.67974547015296,58
2019-03-03T15:00:00Z,OTHER,OIL/GAS,46.514360671573215,53
2019-03-03T15:00:00Z,OTHER,WOOD/REFUSE,99.07886941856808,158
2019-03-03T15:00:00Z,SOLAR,SOLAR,0,15
2019-03-03T15:00:00Z,WIND,WIND,285.83306044075226,1445
2019-03-03T16:00:00Z,COAL,COAL,3827.947729013231,5568
2019-03-03T16:00:00Z,DUAL FUEL,DUAL FUEL,25.613680876493454,155
2019-03-03T16:00:00Z,GAS,COGENERATION,4357.827411197755,4988
2019-03-03T16:00:00Z,GAS,COMBINED CYCLE,1322.9825810043017,1748
2019-03-03T16:00:00Z,GAS,SIMPLE CYCLE,609.0421574399868,921
2019-03-03T16:00:00Z,HYDRO,HYDRO,133.3368155544334,894
2019-03-03T16:00:00Z,OTHER,BIOMASS,99.08920039865706,154
2019-03-03T16:00:00Z,OTHER,GAS COGEN,35.34571384429931,58
2019-03-03T16:00:00Z,OTHER,OIL/GAS,46.7952984852261,53
2019-03-03T16:00:00Z,OTHER,WOOD/REFUSE,97.79128178384569,158
2019-03-03T16:00:00Z,SOLAR,SOLAR,0,15
2019-03-03T16:00:00Z,WIND,WIND,316.9190486518873,1445
2019-03-03T17:00:00Z,COAL,COAL,3824.617631394068,5568
2019-03-03T17:00:00Z,DUAL FUEL,DUAL FUEL,11.9034450021055,155
2019-03-03T17:00:00Z,GAS,COGENERATION,4352.81051490989,4988
2019-03-03T17:00:00Z,GAS,COMBINED CYCLE,1409.6195810715358,1748
2019-03-03T17:00:00Z,GAS,SIMPLE CYCLE,611.6182959406906,921
2019-03-03T17:00:00Z,HYDRO,HYDRO,172.91860534050397,894
2019-03-03T17:00:00Z,OTHER,BIOMASS,98.06857918394937,154
2019-03-03T17:00:00Z,OTHER,GAS COGEN,35.27174344592624,58
2019-03-03T17:00:00Z,OTHER,OIL/GAS,47.16797607209947,53
2019-03-03T17:00:00Z,OTHER,WOOD/REFUSE,98.41137044429779,158
2019-03-03T17:00:00Z,SOLAR,SOLAR,0,15
2019-03-03T17:00:00Z,WIND,WIND,282.26317512361123,1445
2019-03-03T18:00:00Z,COAL,COAL,3834.715654226939,5568
2019-03-03T18:00:00Z,DUAL FUEL,DUAL FUEL,71.33241730584038,155
2019-03-03T18:00:00Z,GAS,COGENERATION,4353.746313381162,4988
2019-03-03T18:00:00Z,GAS,COMBINED CYCLE,1423.725504655838,1748
2019-03-03T18:00:00Z,GAS,SIMPLE CYCLE,609.7484128399028,921
2019-03-03T18:00:00Z,HYDRO,HYDRO,206.189110542602,894
2019-03-03T18:00:00Z,OTHER,BIOMASS,98.4418688832389,154
2019-03-03T18:00:00Z,OTHER,GAS COGEN,36.10769558323754,58
2019-03-03T18:00:00Z,OTHER,OIL/GAS,46.89881509780883,53
2019-03-03T18:00:00Z,OTHER,WOOD/REFUSE,98.99141636795468,158
2019-03-03T18:00:00Z,SOLAR,SOLAR,0.2663333174586296,15
2019-03-03T18:00:00Z,WIND,WIND,200.54417353856894,1445
2019-03-03T19:00:00Z,COAL,COAL,3836.1489278358886,5568
2019-03-03T19:00:00Z,DUAL FUEL,DUAL FUEL,76.41022014194064,155
2019-03-03T19:00:00Z,GAS,COGENERATION,4339.035198348827,4988
2019-03-03T19:00:00Z,GAS,COMBINED CYCLE,1468.858440232012,1748
2019-03-03T19:00:00Z,GAS,SIMPLE CYCLE,603.3755670064688,921
2019-03-03T19:00:00Z,HYDRO,HYDRO,138.82063186830948,894
2019-03-03T19:00:00Z,OTHER,BIOMASS,98.09494612481859,154
2019-03-03T19:00:00Z,OTHER,GAS COGEN,38.1039980231391,58
2019-03-03T19:00:00Z,OTHER,OIL/GAS,45.199309531317816,53
2019-03-03T19:00:00Z,OTHER,WOOD/REFUSE,99.69627822770012,158
2019-03-03T19:00:00Z,SOLAR,SOLAR,0.29999998211860657,15
2019-03-03T19:00:00Z,WIND,WIND,202.84643781022893,1445
2019-03-03T20:00:00Z,COAL,COAL,3727.112524339888,5568
2019-03-03T20:00:00Z,DUAL FUEL,DUAL FUEL,75.83021499633789,155
2019-03-03T20:00:00Z,GAS,COGENERATION,4339.46480688552,4988
2019-03-03T20:00:00Z,GAS,COMBINED CYCLE,1454.1341359292137,1748
2019-03-03T20:00:00Z,GAS,SIMPLE CYCLE,605.5407963942157,921
2019-03-03T20:00:00Z,HYDRO,HYDRO,127.75537546243932,894
2019-03-03T20:00:00Z,OTHER,BIOMASS,96.57927913851208,154
2019-03-03T20:00:00Z,OTHER,GAS COGEN,39.26634303516812,58
2019-03-03T20:00:00Z,OTHER,OIL/GAS,44.65491528193156,53
2019-03-03T20:00:00Z,OTHER,WOOD/REFUSE,100.21973718643189,158
2019-03-03T20:00:00Z,SOLAR,SOLAR,0.29999998211860657,15
2019-03-03T20:00:00Z,WIND,WIND,206.5620807173517,1445
2019-03-03T21:00:00Z,COAL,COAL,3654.9421330600317,5568
2019-03-03T21:00:00Z,DUAL FUEL,DUAL FUEL,75.81995244767931,155
2019-03-03T21:00:00Z,GAS,COGENERATION,4341.090562296113,4988
2019-03-03T21:00:00Z,GAS,COMBINED CYCLE,1439.37796712478,1748
2019-03-03T21:00:00Z,GAS,SIMPLE CYCLE,601.0127203233872,921
2019-03-03T21:00:00Z,HYDRO,HYDRO,186.4259237669574,894
2019-03-03T21:00:00Z,OTHER,BIOMASS,98.0452298646503,154
2019-03-03T21:00:00Z,OTHER,GAS COGEN,39.565055931409205,58
2019-03-03T21:00:00Z,OTHER,OIL/GAS,44.590176035563154,53
2019-03-03T21:00:00Z,OTHER,WOOD/REFUSE,90.6712437057495,158
2019-03-03T21:00:00Z,SOLAR,SOLAR,0.04649999722838402,15
2019-03-03T21:00:00Z,WIND,WIND,168.78628146708013,1445
2019-03-03T22:00:00Z,COAL,COAL,3638.8359561072457,5568
2019-03-03T22:00:00Z,DUAL FUEL,DUAL FUEL,75.73367737664117,155
2019-03-03T22:00:00Z,GAS,COGENERATION,4336.940938520299,4988
2019-03-03T22:00:00Z,GAS,COMBINED CYCLE,1447.5452249566715,1748
2019-03-03T22:00:00Z,GAS,SIMPLE CYCLE,603.0742075256506,921
2019-03-03T22:00:00Z,HYDRO,HYDRO,220.47434041990175,894
2019-03-03T22:00:00Z,OTHER,BIOMASS,99.63391806284586,154
2019-03-03T22:00:00Z,OTHER,GAS COGEN,39.2760094277064,58
2019-03-03T22:00:00Z,OTHER,OIL/GAS,44.65244831085205,53
2019-03-03T22:00:00Z,OTHER,WOOD/REFUSE,92.28618116802639,158
2019-03-03T22:00:00Z,SOLAR,SOLAR,0,15
2019-03-03T22:00:00Z,WIND,WIND,159.0639617924061,1445
2019-03-03T23:00:00Z,COAL,COAL,3556.852887554169,5568
2019-03-03T23:00:00Z,DUAL FUEL,DUAL FUEL,75.46227469126383,155
2019-03-03T23:00:00Z,GAS,COGENERATION,4318.058955936432,4988
2019-03-03T23:00:00Z,GAS,COMBINED CYCLE,1518.0866410824988,1748
2019-03-03T23:00:00Z,GAS,SIMPLE CYCLE,664.1069984812538,921
2019-03-03T23:00:00Z,HYDRO,HYDRO,198.57965308486587,894
2019-03-03T23:00:00Z,OTHER,BIOMASS,101.65575101693472,154
2019-03-03T23:00:00Z,OTHER,GAS COGEN,38.90815009488,58
2019-03-03T23:00:00Z,OTHER,OIL/GAS,44.80898197386,53
2019-03-03T23:00:00Z,OTHER,WOOD/REFUSE,98.67480379846361,158
2019-03-03T23:00:00Z,SOLAR,SOLAR,0,15
2019-03-03T23:00:00Z,WIND,WIND,192.10065228099623,1445
2019-03-04T00:00:00Z,COAL,COAL,3597.771203935411,5568
2019-03-04T00:00:00Z,DUAL FUEL,DUAL FUEL,75.95121817270915,155
2019-03-04T00:00:00Z,GAS,COGENERATION,4323.399443957143,4988
2019-03-04T00:00:00Z,GAS,COMBINED CYCLE,1524.5153519593346,1748
2019-03-04T00:00:00Z,GAS,SIMPLE CYCLE,687.90275379618,921
2019-03-04T00:00:00Z,HYDRO,HYDRO,186.41843345218234,894
2019-03-04T00:00:00Z,OTHER,BIOMASS,100.38280209700267,154
2019-03-04T00:00:00Z,OTHER,GAS COGEN,46.52258577240838,58
2019-03-04T00:00:00Z,OTHER,OIL/GAS,44.47879914601644,53
2019-03-04T00:00:00Z,OTHER,WOOD/REFUSE,96.49319308069018,158
2019-03-04T00:00:00Z,SOLAR,SOLAR,0,15
2019-03-04T00:00:00Z,WIND,WIND,183.69877168675265,1445
2019-03-04T01:00:00Z,COAL,COAL,3545.2729776594374,5568
2019-03-04T01:00:00Z,DUAL FUEL,DUAL FUEL,111.11710249159071,155
2019-03-04T01:00:00Z,GAS,COGENERATION,4338.309414474633,4988
2019-03-04T01:00:00Z,GAS,COMBINED CYCLE,1531.2903289050528,1748
2019-03-04T01:00:00Z,GAS,SIMPLE CYCLE,690.9417887057778,921
2019-03-04T01:00:00Z,HYDRO,HYDRO,193.0576010584831,894
2019-03-04T01:00:00Z,OTHER,BIOMASS,103.6418848156929,154
2019-03-04T01:00:00Z,OTHER,GAS COGEN,38.58827955616845,58
2019-03-04T01:00:00Z,OTHER,OIL/GAS,44.7603047604031,53
2019-03-04T01:00:00Z,OTHER,WOOD/REFUSE,97.38274358961317,158
2019-03-04T01:00:00Z,SOLAR,SOLAR,0,15
2019-03-04T01:00:00Z,WIND,WIND,204.1008466449711,1445
2019-03-04T02:00:00Z,COAL,COAL,3458.209084349738,5568
2019-03-04T02:00:00Z,DUAL FUEL,DUAL FUEL,118.83774837493895,155
2019-03-04T02:00:00Z,GAS,COGENERATION,4360.825254131853,4988
2019-03-04T02:00:00Z,GAS,COMBINED CYCLE,1539.750981754462,1748
2019-03-04T02:00:00Z,GAS,SIMPLE CYCLE,626.2852140597503,921
2019-03-04T02:00:00Z,HYDRO,HYDRO,184.67697403596506,894
2019-03-04T02:00:00Z,OTHER,BIOMASS,109.65256821102567,154
2019-03-04T02:00:00Z,OTHER,GAS COGEN,45.65835244814555,58
2019-03-04T02:00:00Z,OTHER,OIL/GAS,45.54610449684991,53
2019-03-04T02:00:00Z,OTHER,WOOD/REFUSE,97.8271505689621,158
2019-03-04T02:00:00Z,SOLAR,SOLAR,0,15
2019-03-04T02:00:00Z,WIND,WIND,247.8767386110127,1445
2019-03-04T03:00:00Z,COAL,COAL,3274.1969997342426,5568
2019-03-04T03:00:00Z,DUAL FUEL,DUAL FUEL,80.24390015920004,155
2019-03-04T03:00:00Z,GAS,COGENERATION,4353.6120495300165,4988
2019-03-04T03:00:00Z,GAS,COMBINED CYCLE,1489.9198347351287,1748
2019-03-04T03:00:00Z,GAS,SIMPLE CYCLE,680.5765278506278,921
2019-03-04T03:00:00Z,HYDRO,HYDRO,191.7656375075711,894
2019-03-04T03:00:00Z,OTHER,BIOMASS,109.02455121888055,154
2019-03-04T03:00:00Z,OTHER,GAS COGEN,46.401566681332056,58
2019-03-04T03:00:00Z,OTHER,OIL/GAS,45.06917175081041,53
2019-03-04T03:00:00Z,OTHER,WOOD/REFUSE,97.51038286897871,158
2019-03-04T03:00:00Z,SOLAR,SOLAR,0,15
2019-03-04T03:00:00Z,WIND,WIND,296.5068242610991,1445
2019-03-04T04:00:00Z,COAL,COAL,3163.110517684089,5568
2019-03-04T04:00:00Z,DUAL FUEL,DUAL FUEL,75.11652947743734,155
2019-03-04T04:00:00Z,GAS,COGENERATION,4365.044153009157,4988
2019-03-04T04:00:00Z,GAS,COMBINED CYCLE,1506.871397954093,1748
2019-03-04T04:00:00Z,GAS,SIMPLE CYCLE,656.039408486204,921
2019-03-04T04:00:00Z,HYDRO,HYDRO,180.77466071832512,894
2019-03-04T04:00:00Z,OTHER,BIOMASS,108.0468735546536,154
2019-03-04T04:00:00Z,OTHER,GAS COGEN,43.549919858508645,58
2019-03-04T04:00:00Z,OTHER,OIL/GAS,45.554515431722,53
2019-03-04T04:00:00Z,OTHER,WOOD/REFUSE,97.1033385790719,158
2019-03-04T04:00:00Z,SOLAR,SOLAR,0,15
2019-03-04T04:00:00Z,WIND,WIND,315.6424246285111,1445
2019-03-04T05:00:00Z,COAL,COAL,3206.671201388041,5568
2019-03-04T05:00:00Z,DUAL FUEL,DUAL FUEL,61.42181818856133,155
2019-03-04T05:00:00Z,GAS,COGENERATION,4325.870893191264,4988
2019-03-04T05:00:00Z,GAS,COMBINED CYCLE,1440.3641194865438,1748
2019-03-04T05:00:00Z,GAS,SIMPLE CYCLE,561.9723127820757,921
2019-03-04T05:00:00Z,HYDRO,HYDRO,168.82142887320782,894
2019-03-04T05:00:00Z,OTHER,BIOMASS,100.66153435826301,154
2019-03-04T05:00:00Z,OTHER,GAS COGEN,37.984767816331654,58
2019-03-04T05:00:00Z,OTHER,OIL/GAS,45.81066531499227,53
2019-03-04T05:00:00Z,OTHER,WOOD/REFUSE,93.84512346903483,158
2019-03-04T05:00:00Z,SOLAR,SOLAR,0,15
2019-03-04T05:00:00Z,WIND,WIND,340.0516582315498,1445
2019-03-04T06:00:00Z,COAL,COAL,3259.293961048126,5568
2019-03-04T06:00:00Z,DUAL FUEL,DUAL FUEL,53.68498426649305,155
2019-03-04T06:00:00Z,GAS,COGENERATION,4347.054477160441,4988
2019-03-04T06:00:00Z,GAS,COMBINED CYCLE,1327.7928684814772,1748
2019-03-04T06:00:00Z,GAS,SIMPLE CYCLE,530.4293146057262,921
2019-03-04T06:00:00Z,HYDRO,HYDRO,140.4466497652895,894
2019-03-04T06:00:00Z,OTHER,BIOMASS,104.68467940065597,154
2019-03-04T06:00:00Z,OTHER,GAS COGEN,37.25864028188917,58
2019-03-04T06:00:00Z,OTHER,OIL/GAS,45.95215924157037,53
2019-03-04T06:00:00Z,OTHER,WOOD/REFUSE,93.50153868251377,158
2019-03-04T06:00:00Z,SOLAR,SOLAR,0,15
2019-03-04T06:00:00Z,WIND,WIND,336.27587800684904,1445
2019-03-04T07:00:00Z,COAL,COAL,3262.0758438915677,5568
2019-03-04T07:00:00Z,DUAL FUEL,DUAL FUEL,53.87168787002563,155
2019-03-04T07:00:00Z,GAS,COGENERATION,4336.628955550591,4988
2019-03-04T07:00:00Z,GAS,COMBINED CYCLE,1361.1516176009177,1748
2019-03-04T07:00:00Z,GAS,SIMPLE CYCLE,400.888928855343,921
2019-03-04T07:00:00Z,HYDRO,HYDRO,109.9860055957238,894
2019-03-04T07:00:00Z,OTHER,BIOMASS,100.97997389501995,154
2019-03-04T07:00:00Z,OTHER,GAS COGEN,36.4330808321635,58
2019-03-04T07:00:00Z,OTHER,OIL/GAS,44.97122021781074,53
2019-03-04T07:00:00Z,OTHER,WOOD/REFUSE,91.7666488149431,158
2019-03-04T07:00:00Z,SOLAR,SOLAR,0,15
2019-03-04T07:00:00Z,WIND,WIND,325.67648671925895,1445
2019-03-04T08:00:00Z,COAL,COAL,3278.9149991904364,5568
2019-03-04T08:00:00Z,DUAL FUEL,DUAL FUEL,65.36244607925416,155
2019-03-04T08:00:00Z,GAS,COGENERATION,4346.688931457466,4988
2019-03-04T08:00:00Z,GAS,COMBINED CYCLE,1374.382837542428,1748
2019-03-04T08:00:00Z,GAS,SIMPLE CYCLE,400.28277707816,921
2019-03-04T08:00:00Z,HYDRO,HYDRO,136.75365582678052,894
2019-03-04T08:00:00Z,OTHER,BIOMASS,92.83361845970154,154
2019-03-04T08:00:00Z,OTHER,GAS COGEN,35.06972965452406,58
2019-03-04T08:00:00Z,OTHER,OIL/GAS,45.12474353790283,53
2019-03-04T08:00:00Z,OTHER,WOOD/REFUSE,90.59223851044972,158
2019-03-04T08:00:00Z,SOLAR,SOLAR,0,15
2019-03-04T08:00:00Z,WIND,WIND,324.2374841884275,1445
2019-03-04T09:00:00Z,COAL,COAL,3304.395245889028,5568
2019-03-04T09:00:00Z,DUAL FUEL,DUAL FUEL,75.45102612813314,155
2019-03-04T09:00:00Z,GAS,COGENERATION,4366.423737071091,4988
2019-03-04T09:00:00Z,GAS,COMBINED CYCLE,1367.6365963949097,1748
2019-03-04T09:00:00Z,GAS,SIMPLE CYCLE,408.2306827676296,921
2019-03-04T09:00:00Z,HYDRO,HYDRO,125.10533875015047,894
2019-03-04T09:00:00Z,OTHER,BIOMASS,92.9521516052882,154
2019-03-04T09:00:00Z,OTHER,GAS COGEN,34.93797774632772,58
2019-03-04T09:00:00Z,OTHER,OIL/GAS,45.28965460671319,53
2019-03-04T09:00:00Z,OTHER,WOOD/REFUSE,90.10100589964125,158
2019-03-04T09:00:00Z,SOLAR,SOLAR,0,15
2019-03-04T09:00:00Z,WIND,WIND,337.16279398789834,1445
2019-03-04T10:00:00Z,COAL,COAL,3293.2924596616954,5568
2019-03-04T10:00:00Z,DUAL FUEL,DUAL FUEL,75.27372801886665,155
2019-03-04T10:00:00Z,GAS,COGENERATION,4365.886686430772,4988
2019-03-04T10:00:00Z,GAS,COMBINED CYCLE,1405.2995088675286,1748
2019-03-04T10:00:00Z,GAS,SIMPLE CYCLE,358.0596119435628,921
2019-03-04T10:00:00Z,HYDRO,HYDRO,106.86527291787996,894
2019-03-04T10:00:00Z,OTHER,BIOMASS,92.7839233774609,154
2019-03-04T10:00:00Z,OTHER,GAS COGEN,34.80021759139167,58
2019-03-04T10:00:00Z,OTHER,OIL/GAS,44.985482705434165,53
2019-03-04T10:00:00Z,OTHER,WOOD/REFUSE,89.6086518239975,158
2019-03-04T10:00:00Z,SOLAR,SOLAR,0,15
2019-03-04T10:00:00Z,WIND,WIND,352.3796145404627,1445
2019-03-04T11:00:00Z,COAL,COAL,3308.5994164742365,5568
2019-03-04T11:00:00Z,DUAL FUEL,DUAL FUEL,75.03751375410292,155
2019-03-04T11:00:00Z,GAS,COGENERATION,4371.173055508004,4988
2019-03-04T11:00:00Z,GAS,COMBINED CYCLE,1395.8838821570077,1748
2019-03-04T11:00:00Z,GAS,SIMPLE CYCLE,405.03605075306365,921
2019-03-04T11:00:00Z,HYDRO,HYDRO,130.70023686978553,894
2019-03-04T11:00:00Z,OTHER,BIOMASS,91.87961268530952,154
2019-03-04T11:00:00Z,OTHER,GAS COGEN,34.8355037413703,58
2019-03-04T11:00:00Z,OTHER,OIL/GAS,44.897598578135174,53
2019-03-04T11:00:00Z,OTHER,WOOD/REFUSE,90.30957912180159,158
2019-03-04T11:00:00Z,SOLAR,SOLAR,0,15
2019-03-04T11:00:00Z,WIND,WIND,347.87592665303083,1445
2019-03-04T12:00:00Z,COAL,COAL,3328.997598508199,5568
2019-03-04T12:00:00Z,DUAL FUEL,DUAL FUEL,75.63619785308838,155
2019-03-04T12:00:00Z,GAS,COGENERATION,4363.978570358224,4988
2019-03-04T12:00:00Z,GAS,COMBINED CYCLE,1453.4897982735104,1748
2019-03-04T12:00:00Z,GAS,SIMPLE CYCLE,384.39116875121994,921
2019-03-04T12:00:00Z,HYDRO,HYDRO,139.12985307004718,894
2019-03-04T12:00:00Z,OTHER,BIOMASS,95.22256829897563,154
2019-03-04T12:00:00Z,OTHER,GAS COGEN,39.51767955462138,58
2019-03-04T12:00:00Z,OTHER,OIL/GAS,44.73947647094727,53
2019-03-04T12:00:00Z,OTHER,WOOD/REFUSE,92.48875375376808,158
2019-03-04T12:00:00Z,SOLAR,SOLAR,0,15
2019-03-04T12:00:00Z,WIND,WIND,351.76017650059526,1445
2019-03-04T13:00:00Z,COAL,COAL,3481.585901192559,5568
2019-03-04T13:00:00Z,DUAL FUEL,DUAL FUEL,75.40717906104194,155
2019-03-04T13:00:00Z,GAS,COGENERATION,4366.792839736144,4988
2019-03-04T13:00:00Z,GAS,COMBINED CYCLE,1447.02526890556,1748
2019-03-04T13:00:00Z,GAS,SIMPLE CYCLE,436.01920074899994,921
2019-03-04T13:00:00Z,HYDRO,HYDRO,166.96346469524835,894
2019-03-04T13:00:00Z,OTHER,BIOMASS,95.7946682548523,154
2019-03-04T13:00:00Z,OTHER,GAS COGEN,36.47262039078606,58
2019-03-04T13:00:00Z,OTHER,OIL/GAS,43.43253210279676,53
2019-03-04T13:00:00Z,OTHER,WOOD/REFUSE,91.5999837896559,158
2019-03-04T13:00:00Z,SOLAR,SOLAR,0,15
2019-03-04T13:00:00Z,WIND,WIND,372.82673786686524,1445
2019-03-04T14:00:00Z,COAL,COAL,3409.9779399723475,5568
2019-03-04T14:00:00Z,DUAL FUEL,DUAL FUEL,75.41737146165636,155
2019-03-04T14:00:00Z,GAS,COGENERATION,4341.8505470482505,4988
2019-03-04T14:00:00Z,GAS,COMBINED CYCLE,1492.6962599702676,1748
2019-03-04T14:00:00Z,GAS,SIMPLE CYCLE,544.4933819112182,921
2019-03-04T14:00:00Z,HYDRO,HYDRO,183.44612235254712,894
2019-03-04T14:00:00Z,OTHER,BIOMASS,96.74926881578233,154
2019-03-04T14:00:00Z,OTHER,GAS COGEN,44.34696840816074,58
2019-03-04T14:00:00Z,OTHER,OIL/GAS,43.51500473658244,53
2019-03-04T14:00:00Z,OTHER,WOOD/REFUSE,94.55825729264154,158
2019-03-04T14:00:00Z,SOLAR,SOLAR,0,15
2019-03-04T14:00:00Z,WIND,WIND,410.20504612658175,1445
2019-03-04T15:00:00Z,COAL,COAL,3347.138533929189,5568
2019-03-04T15:00:00Z,DUAL FUEL,DUAL FUEL,75.42255429161919,155
2019-03-04T15:00:00Z,GAS,COGENERATION,4339.720644376675,4988
2019-03-04T15:00:00Z,GAS,COMBINED CYCLE,1502.6967797327043,1748
2019-03-04T15:00:00Z,GAS,SIMPLE CYCLE,624.8833370974411,921
2019-03-04T15:00:00Z,HYDRO,HYDRO,205.9014283655087,894
2019-03-04T15:00:00Z,OTHER,BIOMASS,98.66186824109819,154
2019-03-04T15:00:00Z,OTHER,GAS COGEN,45.258852013481984,58
2019-03-04T15:00:00Z,OTHER,OIL/GAS,43.566043548583984,53
2019-03-04T15:00:00Z,OTHER,WOOD/REFUSE,98.04146652062734,158
2019-03-04T15:00:00Z,SOLAR,SOLAR,0,15
2019-03-04T15:00:00Z,WIND,WIND,432.09990911265214,1445
2019-03-04T16:00:00Z,COAL,COAL,3422.727014518314,5568
2019-03-04T16:00:00Z,DUAL FUEL,DUAL FUEL,74.80627063751221,155
2019-03-04T16:00:00Z,GAS,COGENERATION,4364.904444274108,4988
2019-03-04T16:00:00Z,GAS,COMBINED CYCLE,1503.6307935876316,1748
2019-03-04T16:00:00Z,GAS,SIMPLE CYCLE,653.3678537721104,921
2019-03-04T16:00:00Z,HYDRO,HYDRO,217.25948828200498,894
2019-03-04T16:00:00Z,OTHER,BIOMASS,102.36322278446622,154
2019-03-04T16:00:00Z,OTHER,GAS COGEN,45.11289535522461,58
2019-03-04T16:00:00Z,OTHER,OIL/GAS,42.89747674518161,53
2019-03-04T16:00:00Z,OTHER,WOOD/REFUSE,95.25685282813178,158
2019-03-04T16:00:00Z,SOLAR,SOLAR,0,15
2019-03-04T16:00:00Z,WIND,WIND,421.9239664708078,1445
2019-03-04T17:00:00Z,COAL,COAL,3239.2787058872646,5568
2019-03-04T17:00:00Z,DUAL FUEL,DUAL FUEL,51.52224342134264,155
2019-03-04T17:00:00Z,GAS,COGENERATION,4305.577551538348,4988
2019-03-04T17:00:00Z,GAS,COMBINED CYCLE,1475.0230128881667,1748
2019-03-04T17:00:00Z,GAS,SIMPLE CYCLE,615.7693114483357,921
2019-03-04T17:00:00Z,HYDRO,HYDRO,191.71535676260788,894
2019-03-04T17:00:00Z,OTHER,BIOMASS,93.99802331818475,154
2019-03-04T17:00:00Z,OTHER,GAS COGEN,36.32195312499999,58
2019-03-04T17:00:00Z,OTHER,OIL/GAS,43.0171157752143,53
2019-03-04T17:00:00Z,OTHER,WOOD/REFUSE,93.37659428490534,158
2019-03-04T17:00:00Z,SOLAR,SOLAR,0.06299999624490737,15
2019-03-04T17:00:00Z,WIND,WIND,380.9301269424293,1445
2019-03-04T18:00:00Z,COAL,COAL,3282.6735349867076,5568
2019-03-04T18:00:00Z,DUAL FUEL,DUAL FUEL,73.82010925716824,155
2019-03-04T18:00:00Z,GAS,COGENERATION,4295.213706349797,4988
2019-03-04T18:00:00Z,GAS,COMBINED CYCLE,1493.3318596159088,1748
2019-03-04T18:00:00Z,GAS,SIMPLE CYCLE,609.3672055845791,921
2019-03-04T18:00:00Z,HYDRO,HYDRO,208.77786588692004,894
2019-03-04T18:00:00Z,OTHER,BIOMASS,94.3940624358919,154
2019-03-04T18:00:00Z,OTHER,GAS COGEN,37.63637619548374,58
2019-03-04T18:00:00Z,OTHER,OIL/GAS,43.58429298400879,53
2019-03-04T18:00:00Z,OTHER,WOOD/REFUSE,97.2494263818529,158
2019-03-04T18:00:00Z,SOLAR,SOLAR,0.29999998211860657,15
2019-03-04T18:00:00Z,WIND,WIND,309.23911006748676,1445
2019-03-04T19:00:00Z,COAL,COAL,3189.9540103764007,5568
2019-03-04T19:00:00Z,DUAL FUEL,DUAL FUEL,76.91892943912082,155
2019-03-04T19:00:00Z,GAS,COGENERATION,4286.389614021513,4988
2019-03-04T19:00:00Z,GAS,COMBINED CYCLE,1499.4018434580169,1748
2019-03-04T19:00:00Z,GAS,SIMPLE CYCLE,651.3614127268725,921
2019-03-04T19:00:00Z,HYDRO,HYDRO,171.10271914455626,894
2019-03-04T19:00:00Z,OTHER,BIOMASS,98.42755668004354,154
2019-03-04T19:00:00Z,OTHER,GAS COGEN,44.180640157063806,58
2019-03-04T19:00:00Z,OTHER,OIL/GAS,43.58289954715305,53
2019-03-04T19:00:00Z,OTHER,WOOD/REFUSE,93.73356059498258,158
2019-03-04T19:00:00Z,SOLAR,SOLAR,0.29999998211860657,15
2019-03-04T19:00:00Z,WIND,WIND,289.8681577384803,1445
2019-03-04T20:00:00Z,COAL,COAL,3231.224379913608,5568
2019-03-04T20:00:00Z,DUAL FUEL,DUAL FUEL,81.30902793884277,155
2019-03-04T20:00:00Z,GAS,COGENERATION,4288.445475934719,4988
2019-03-04T20:00:00Z,GAS,COMBINED CYCLE,1504.7053785763846,1748
2019-03-04T20:00:00Z,GAS,SIMPLE CYCLE,601.4148623565502,921
2019-03-04T20:00:00Z,HYDRO,HYDRO,225.07528227382235,894
2019-03-04T20:00:00Z,OTHER,BIOMASS,101.57411805576749,154
2019-03-04T20:00:00Z,OTHER,GAS COGEN,47.12976264953613,58
2019-03-04T20:00:00Z,OTHER,OIL/GAS,46.35668716430664,53
2019-03-04T20:00:00Z,OTHER,WOOD/REFUSE,90.24344954331715,158
2019-03-04T20:00:00Z,SOLAR,SOLAR,0.29999998211860657,15
2019-03-04T20:00:00Z,WIND,WIND,271.97316059920524,1445
2019-03-04T21:00:00Z,COAL,COAL,3086.0119871287875,5568
2019-03-04T21:00:00Z,DUAL FUEL,DUAL FUEL,76.52070367177328,155
2019-03-04T21:00:00Z,GAS,COGENERATION,4276.179319222503,4988
2019-03-04T21:00:00Z,GAS,COMBINED CYCLE,1496.0068895040617,1748
2019-03-04T21:00:00Z,GAS,SIMPLE CYCLE,615.6269539161523,921
2019-03-04T21:00:00Z,HYDRO,HYDRO,184.58905465563137,894
2019-03-04T21:00:00Z,OTHER,BIOMASS,102.3711007118225,154
2019-03-04T21:00:00Z,OTHER,GAS COGEN,46.85239641825358,58
2019-03-04T21:00:00Z,OTHER,OIL/GAS,46.48824334250556,53
2019-03-04T21:00:00Z,OTHER,WOOD/REFUSE,90.37046388149261,158
2019-03-04T21:00:00Z,SOLAR,SOLAR,0.18483332231640817,15
2019-03-04T21:00:00Z,WIND,WIND,271.64430378008217,1445
2019-03-04T22:00:00Z,COAL,COAL,2964.98081213971,5568
2019-03-04T22:00:00Z,DUAL FUEL,DUAL FUEL,67.51500396728515,155
2019-03-04T22:00:00Z,GAS,COGENERATION,4220.322472734716,4988
2019-03-04T22:00:00Z,GAS,COMBINED CYCLE,1491.6156616301005,1748
2019-03-04T22:00:00Z,GAS,SIMPLE CYCLE,657.9132127534018,921
2019-03-04T22:00:00Z,HYDRO,HYDRO,200.91192980760502,894
2019-03-04T22:00:00Z,OTHER,BIOMASS,96.8688181951311,154
2019-03-04T22:00:00Z,OTHER,GAS COGEN,39.41002512931824,58
2019-03-04T22:00:00Z,OTHER,OIL/GAS,46.46680520799425,53
2019-03-04T22:00:00Z,OTHER,WOOD/REFUSE,88.81524194717407,158
2019-03-04T22:00:00Z,SOLAR,SOLAR,0,15
2019-03-04T22:00:00Z,WIND,WIND,235.63303209659128,1445
2019-03-04T23:00:00Z,COAL,COAL,3085.933515007231,5568
2019-03-04T23:00:00Z,DUAL FUEL,DUAL FUEL,71.82681349436442,155
2019-03-04T23:00:00Z,GAS,COGENERATION,4185.125691365931,4988
2019-03-04T23:00:00Z,GAS,COMBINED CYCLE,1465.6563982519838,1748
2019-03-04T23:00:00Z,GAS,SIMPLE CYCLE,557.9391323185132,921
2019-03-04T23:00:00Z,HYDRO,HYDRO,157.3342559849885,894
2019-03-04T23:00:00Z,OTHER,BIOMASS,91.82716231452093,154
2019-03-04T23:00:00Z,OTHER,GAS COGEN,39.172160202662155,58
2019-03-04T23:00:00Z,OTHER,OIL/GAS,46.584515238867866,53
2019-03-04T23:00:00Z,OTHER,WOOD/REFUSE,93.69475642734103,158
2019-03-04T23:00:00Z,SOLAR,SOLAR,0,15
2019-03-04T23:00:00Z,WIND,WIND,237.82765732387702,1445
2019-03-05T00:00:00Z,COAL,COAL,3165.557470643785,5568
2019-03-05T00:00:00Z,DUAL FUEL,DUAL FUEL,76.3137496693929,155
2019-03-05T00:00:00Z,GAS,COGENERATION,4180.936863842226,4988
2019-03-05T00:00:00Z,GAS,COMBINED CYCLE,1499.7333468503423,1748
2019-03-05T00:00:00Z,GAS,SIMPLE CYCLE,662.7444787790047,921
2019-03-05T00:00:00Z,HYDRO,HYDRO,148.76298897875682,894
2019-03-05T00:00:00Z,OTHER,BIOMASS,96.72943487432268,154
2019-03-05T00:00:00Z,OTHER,GAS COGEN,38.54385665946536,58
2019-03-05T00:00:00Z,OTHER,OIL/GAS,47.06027125676473,53
2019-03-05T00:00:00Z,OTHER,WOOD/REFUSE,94.39083266735076,158
2019-03-05T00:00:00Z,SOLAR,SOLAR,0,15
2019-03-05T00:00:00Z,WIND,WIND,263.7946086301406,1445
2019-03-05T01:00:00Z,COAL,COAL,3249.2993245103626,5568
2019-03-05T01:00:00Z,DUAL FUEL,DUAL FUEL,76.6874098417494,155
2019-03-05T01:00:00Z,GAS,COGENERATION,4189.749134577115,4988
2019-03-05T01:00:00Z,GAS,COMBINED CYCLE,1517.9159706989924,1748
2019-03-05T01:00:00Z,GAS,SIMPLE CYCLE,685.9939283512698,921
2019-03-05T01:00:00Z,HYDRO,HYDRO,228.09403315145107,894
2019-03-05T01:00:00Z,OTHER,BIOMASS,98.27938486046261,154
2019-03-05T01:00:00Z,OTHER,GAS COGEN,38.9384728580051,58
2019-03-05T01:00:00Z,OTHER,OIL/GAS,46.474898664686414,53
2019-03-05T01:00:00Z,OTHER,WOOD/REFUSE,93.30278858502706,158
2019-03-05T01:00:00Z,SOLAR,SOLAR,0,15
2019-03-05T01:00:00Z,WIND,WIND,244.2288003798326,1445
2019-03-05T02:00:00Z,COAL,COAL,3289.569075565338,5568
2019-03-05T02:00:00Z,DUAL FUEL,DUAL FUEL,76.35642243703207,155
2019-03-05T02:00:00Z,GAS,COGENERATION,4210.6774059049285,4988
2019-03-05T02:00:00Z,GAS,COMBINED CYCLE,1510.5498935137855,1748
2019-03-05T02:00:00Z,GAS,SIMPLE CYCLE,581.1196329316828,921
2019-03-05T02:00:00Z,HYDRO,HYDRO,181.97958352425033,894
2019-03-05T02:00:00Z,OTHER,BIOMASS,97.75348455482059,154
2019-03-05T02:00:00Z,OTHER,GAS COGEN,42.6666149351332,58
2019-03-05T02:00:00Z,OTHER,OIL/GAS,46.83005357318454,53
2019-03-05T02:00:00Z,OTHER,WOOD/REFUSE,94.08675093015034,158
2019-03-05T02:00:00Z,SOLAR,SOLAR,0,15
2019-03-05T02:00:00Z,WIND,WIND,282.2853957204521,1445
2019-03-05T03:00:00Z,COAL,COAL,3255.7831920687354,5568
2019-03-05T03:00:00Z,DUAL FUEL,DUAL FUEL,59.58323379304674,155
2019-03-05T03:00:00Z,GAS,COGENERATION,4219.195296516154,4988
2019-03-05T03:00:00Z,GAS,COMBINED CYCLE,1499.6466353432338,1748
2019-03-05T03:00:00Z,GAS,SIMPLE CYCLE,653.7925537355741,921
2019-03-05T03:00:00Z,HYDRO,HYDRO,160.75317257012756,894
2019-03-05T03:00:00Z,OTHER,BIOMASS,95.36447887367672,154
2019-03-05T03:00:00Z,OTHER,GAS COGEN,37.09583089404636,58
2019-03-05T03:00:00Z,OTHER,OIL/GAS,46.409109660254586,53
2019-03-05T03:00:00Z,OTHER,WOOD/REFUSE,92.74570671929254,158
2019-03-05T03:00:00Z,SOLAR,SOLAR,0,15
2019-03-05T03:00:00Z,WIND,WIND,331.993997319854,1445
2019-03-05T04:00:00Z,COAL,COAL,3266.8726494110956,5568
2019-03-05T04:00:00Z,DUAL FUEL,DUAL FUEL,72.04165503607855,155
2019-03-05T04:00:00Z,GAS,COGENERATION,4236.1857731239,4988
2019-03-05T04:00:00Z,GAS,COMBINED CYCLE,1517.8161905654272,1748
2019-03-05T04:00:00Z,GAS,SIMPLE CYCLE,578.5146125042438,921
2019-03-05T04:00:00Z,HYDRO,HYDRO,204.8895797475179,894
2019-03-05T04:00:00Z,OTHER,BIOMASS,94.75122322612339,154
2019-03-05T04:00:00Z,OTHER,GAS COGEN,37.06651289833917,58
2019-03-05T04:00:00Z,OTHER,OIL/GAS,47.255715656280515,53
2019-03-05T04:00:00Z,OTHER,WOOD/REFUSE,92.10336314678192,158
2019-03-05T04:00:00Z,SOLAR,SOLAR,0,15
2019-03-05T04:00:00Z,WIND,WIND,351.4250629926225,1445
2019-03-05T05:00:00Z,COAL,COAL,3236.249171742333,5568
2019-03-05T05:00:00Z,DUAL FUEL,DUAL FUEL,74.11893194834391,155
2019-03-05T05:00:00Z,GAS,COGENERATION,4224.922934855487,4988
2019-03-05T05:00:00Z,GAS,COMBINED CYCLE,1482.7649210776224,1748
2019-03-05T05:00:00Z,GAS,SIMPLE CYCLE,479.1018695041868,921
2019-03-05T05:00:00Z,HYDRO,HYDRO,168.93828679270214,894
2019-03-05T05:00:00Z,OTHER,BIOMASS,93.99744498941634,154
2019-03-05T05:00:00Z,OTHER,GAS COGEN,36.75326369815403,58
2019-03-05T05:00:00Z,OTHER,OIL/GAS,46.54927584330241,53
2019-03-05T05:00:00Z,OTHER,WOOD/REFUSE,92.33418299569024,158
2019-03-05T05:00:00Z,SOLAR,SOLAR,0,15
2019-03-05T05:00:00Z,WIND,WIND,343.2108882382181,1445
2019-03-05T06:00:00Z,COAL,COAL,3253.300981065962,5568
2019-03-05T06:00:00Z,DUAL FUEL,DUAL FUEL,60.46079868528578,155
2019-03-05T06:00:00Z,GAS,COGENERATION,4265.319024316205,4988
2019-03-05T06:00:00Z,GAS,COMBINED CYCLE,1373.4549177400272,1748
2019-03-05T06:00:00Z,GAS,SIMPLE CYCLE,545.682392777337,921
2019-03-05T06:00:00Z,HYDRO,HYDRO,160.00528877541424,894
2019-03-05T06:00:00Z,OTHER,BIOMASS,95.04548988925086,154
2019-03-05T06:00:00Z,OTHER,GAS COGEN,37.56850220256382,58
2019-03-05T06:00:00Z,OTHER,OIL/GAS,46.920732163323294,53
2019-03-05T06:00:00Z,OTHER,WOOD/REFUSE,89.15272015889487,158
2019-03-05T06:00:00Z,SOLAR,SOLAR,0,15
2019-03-05T06:00:00Z,WIND,WIND,354.3271178808146,1445
2019-03-05T07:00:00Z,COAL,COAL,3277.5480569606357,5568
2019-03-05T07:00:00Z,DUAL FUEL,DUAL FUEL,71.33847361034817,155
2019-03-05T07:00:00Z,GAS,COGENERATION,4316.141941034462,4988
2019-03-05T07:00:00Z,GAS,COMBINED CYCLE,1306.7282387921546,1748
2019-03-05T07:00:00Z,GAS,SIMPLE CYCLE,473.0916922268603,921
2019-03-05T07:00:00Z,HYDRO,HYDRO,139.52066063311366,894
2019-03-05T07:00:00Z,OTHER,BIOMASS,92.88806251419915,154
2019-03-05T07:00:00Z,OTHER,GAS COGEN,37.87829028288524,58
2019-03-05T07:00:00Z,OTHER,OIL/GAS,47.03979837205675,53
2019-03-05T07:00:00Z,OTHER,WOOD/REFUSE,87.23204022195604,158
2019-03-05T07:00:00Z,SOLAR,SOLAR,0,15
2019-03-05T07:00:00Z,WIND,WIND,342.3968441094624,1445
2019-03-05T08:00:00Z,COAL,COAL,3104.9415082295736,5568
2019-03-05T08:00:00Z,DUAL FUEL,DUAL FUEL,75.21260787540012,155
2019-03-05T08:00:00Z,GAS,COGENERATION,4330.808012566037,4988
2019-03-05T08:00:00Z,GAS,COMBINED CYCLE,1297.633163262738,1748
2019-03-05T08:00:00Z,GAS,SIMPLE CYCLE,508.6407383257813,921
2019-03-05T08:00:00Z,HYDRO,HYDRO,125.90613256732624,894
2019-03-05T08:00:00Z,OTHER,BIOMASS,90.78292298369936,154
2019-03-05T08:00:00Z,OTHER,GAS COGEN,37.81083173698849,58
2019-03-05T08:00:00Z,OTHER,OIL/GAS,46.9239426612854,53
2019-03-05T08:00:00Z,OTHER,WOOD/REFUSE,86.60164422459071,158
2019-03-05T08:00:00Z,SOLAR,SOLAR,0,15
2019-03-05T08:00:00Z,WIND,WIND,312.0474858255353,1445
2019-03-05T09:00:00Z,COAL,COAL,3359.3991628053454,5568
2019-03-05T09:00:00Z,DUAL FUEL,DUAL FUEL,74.58053257836237,155
2019-03-05T09:00:00Z,GAS,COGENERATION,4343.4645429380735,4988
2019-03-05T09:00:00Z,GAS,COMBINED CYCLE,1304.2293310112423,1748
2019-03-05T09:00:00Z,GAS,SIMPLE CYCLE,491.5416212070485,921
2019-03-05T09:00:00Z,HYDRO,HYDRO,138.14171567850644,894
2019-03-05T09:00:00Z,OTHER,BIOMASS,90.15603986793094,154
2019-03-05T09:00:00Z,OTHER,GAS COGEN,37.398030399216545,58
2019-03-05T09:00:00Z,OTHER,OIL/GAS,46.80501488791572,53
2019-03-05T09:00:00Z,OTHER,WOOD/REFUSE,87.72375149673886,158
2019-03-05T09:00:00Z,SOLAR,SOLAR,0,15
2019-03-05T09:00:00Z,WIND,WIND,263.8454512061013,1445
2019-03-05T10:00:00Z,COAL,COAL,3408.2845601611666,5568
2019-03-05T10:00:00Z,DUAL FUEL,DUAL FUEL,74.56055181291369,155
2019-03-05T10:00:00Z,GAS,COGENERATION,4350.292856444783,4988
2019-03-05T10:00:00Z,GAS,COMBINED CYCLE,1301.2816628633605,1748
2019-03-05T10:00:00Z,GAS,SIMPLE CYCLE,498.91175852985845,921
2019-03-05T10:00:00Z,HYDRO,HYDRO,131.61968128032154,894
2019-03-05T10:00:00Z,OTHER,BIOMASS,89.44478416495852,154
2019-03-05T10:00:00Z,OTHER,GAS COGEN,37.49177666611142,58
2019-03-05T10:00:00Z,OTHER,OIL/GAS,47.071533078087704,53
2019-03-05T10:00:00Z,OTHER,WOOD/REFUSE,87.79927132500542,158
2019-03-05T10:00:00Z,SOLAR,SOLAR,0,15
2019-03-05T10:00:00Z,WIND,WIND,252.42828888946937,1445
2019-03-05T11:00:00Z,COAL,COAL,3443.1371029663087,5568
2019-03-05T11:00:00Z,DUAL FUEL,DUAL FUEL,87.33837232801649,155
2019-03-05T11:00:00Z,GAS,COGENERATION,4351.927755128808,4988
2019-03-05T11:00:00Z,GAS,COMBINED CYCLE,1304.9423864086468,1748
2019-03-05T11:00:00Z,GAS,SIMPLE CYCLE,523.0071785472499,921
2019-03-05T11:00:00Z,HYDRO,HYDRO,109.63960383203295,894
2019-03-05T11:00:00Z,OTHER,BIOMASS,90.82047895855374,154
2019-03-05T11:00:00Z,OTHER,GAS COGEN,37.57123172336155,58
2019-03-05T11:00:00Z,OTHER,OIL/GAS,47.16485969755384,53
2019-03-05T11:00:00Z,OTHER,WOOD/REFUSE,89.55503303951687,158
2019-03-05T11:00:00Z,SOLAR,SOLAR,0,15
2019-03-05T11:00:00Z,WIND,WIND,259.34879232267537,1445
2019-03-05T12:00:00Z,COAL,COAL,3412.4459942626954,5568
2019-03-05T12:00:00Z,DUAL FUEL,DUAL FUEL,74.1648194970025,155
2019-03-05T12:00:00Z,GAS,COGENERATION,4351.110189365016,4988
2019-03-05T12:00:00Z,GAS,COMBINED CYCLE,1289.5998200933138,1748
2019-03-05T12:00:00Z,GAS,SIMPLE CYCLE,567.6831191160944,921
2019-03-05T12:00:00Z,HYDRO,HYDRO,123.4616025645203,894
2019-03-05T12:00:00Z,OTHER,BIOMASS,89.19173998355866,154
2019-03-05T12:00:00Z,OTHER,GAS COGEN,37.7787063381407,58
2019-03-05T12:00:00Z,OTHER,OIL/GAS,46.53633143742879,53
2019-03-05T12:00:00Z,OTHER,WOOD/REFUSE,91.34777169757419,158
2019-03-05T12:00:00Z,SOLAR,SOLAR,0,15
2019-03-05T12:00:00Z,WIND,WIND,293.2531459372408,1445
2019-03-05T13:00:00Z,COAL,COAL,3490.32647108078,5568
2019-03-05T13:00:00Z,DUAL FUEL,DUAL FUEL,99.05875180986192,155
2019-03-05T13:00:00Z,GAS,COGENERATION,4352.249104523394,4988
2019-03-05T13:00:00Z,GAS,COMBINED CYCLE,1353.9302982446882,1748
2019-03-05T13:00:00Z,GAS,SIMPLE CYCLE,645.8290200541996,921
2019-03-05T13:00:00Z,HYDRO,HYDRO,155.76485143524076,894
2019-03-05T13:00:00Z,OTHER,BIOMASS,92.6619510380427,154
2019-03-05T13:00:00Z,OTHER,GAS COGEN,41.557227878040734,58
2019-03-05T13:00:00Z,OTHER,OIL/GAS,45.582343576219344,53
2019-03-05T13:00:00Z,OTHER,WOOD/REFUSE,91.48146097448137,158
2019-03-05T13:00:00Z,SOLAR,SOLAR,0,15
2019-03-05T13:00:00Z,WIND,WIND,292.73882579124637,1445
2019-03-05T14:00:00Z,COAL,COAL,3484.726588467492,5568
2019-03-05T14:00:00Z,DUAL FUEL,DUAL FUEL,93.3994099744161,155
2019-03-05T14:00:00Z,GAS,COGENERATION,4322.8246754259535,4988
2019-03-05T14:00:00Z,GAS,COMBINED CYCLE,1473.1613834921518,1748
2019-03-05T14:00:00Z,GAS,SIMPLE CYCLE,691.9505530431038,921
2019-03-05T14:00:00Z,HYDRO,HYDRO,166.89474229524535,894
2019-03-05T14:00:00Z,OTHER,BIOMASS,92.87190670490266,154
2019-03-05T14:00:00Z,OTHER,GAS COGEN,38.92299809243944,58
2019-03-05T14:00:00Z,OTHER,OIL/GAS,46.16423771328396,53
2019-03-05T14:00:00Z,OTHER,WOOD/REFUSE,92.0498356877433,158
2019-03-05T14:00:00Z,SOLAR,SOLAR,0,15
2019-03-05T14:00:00Z,WIND,WIND,303.39863947282237,1445
2019-03-05T15:00:00Z,COAL,COAL,3521.539794046614,5568
2019-03-05T15:00:00Z,DUAL FUEL,DUAL FUEL,114.74098224639891,155
2019-03-05T15:00:00Z,GAS,COGENERATION,4324.682984547615,4988
2019-03-05T15:00:00Z,GAS,COMBINED CYCLE,1518.1597358348636,1748
2019-03-05T15:00:00Z,GAS,SIMPLE CYCLE,708.5039201568233,921
2019-03-05T15:00:00Z,HYDRO,HYDRO,162.7846621229251,894
2019-03-05T15:00:00Z,OTHER,BIOMASS,92.37538434081607,154
2019-03-05T15:00:00Z,OTHER,GAS COGEN,38.76515817960103,58
2019-03-05T15:00:00Z,OTHER,OIL/GAS,45.74963799582587,53
2019-03-05T15:00:00Z,OTHER,WOOD/REFUSE,93.65844788445366,158
2019-03-05T15:00:00Z,SOLAR,SOLAR,0,15
2019-03-05T15:00:00Z,WIND,WIND,284.0932231190966,1445
2019-03-05T16:00:00Z,COAL,COAL,3372.943496836821,5568
2019-03-05T16:00:00Z,DUAL FUEL,DUAL FUEL,115.08257584465876,155
2019-03-05T16:00:00Z,GAS,COGENERATION,4348.378641502857,4988
2019-03-05T16:00:00Z,GAS,COMBINED CYCLE,1521.0776015909512,1748
2019-03-05T16:00:00Z,GAS,SIMPLE CYCLE,719.069316751692,921
2019-03-05T16:00:00Z,HYDRO,HYDRO,226.95691024081574,894
2019-03-05T16:00:00Z,OTHER,BIOMASS,95.38664609909057,154
2019-03-05T16:00:00Z,OTHER,GAS COGEN,46.6373784716924,58
2019-03-05T16:00:00Z,OTHER,OIL/GAS,45.671243591308595,53
2019-03-05T16:00:00Z,OTHER,WOOD/REFUSE,93.05768412219153,158
2019-03-05T16:00:00Z,SOLAR,SOLAR,0,15
2019-03-05T16:00:00Z,WIND,WIND,224.05155983537435,1445
2019-03-05T17:00:00Z,COAL,COAL,3450.8552216651706,5568
2019-03-05T17:00:00Z,DUAL FUEL,DUAL FUEL,89.96452059427897,155
2019-03-05T17:00:00Z,GAS,COGENERATION,4359.712431602743,4988
2019-03-05T17:00:00Z,GAS,COMBINED CYCLE,1497.956350543499,1748
2019-03-05T17:00:00Z,GAS,SIMPLE CYCLE,683.0934482375284,921
2019-03-05T17:00:00Z,HYDRO,HYDRO,168.55347752932047,894
2019-03-05T17:00:00Z,OTHER,BIOMASS,92.94061229017046,154
2019-03-05T17:00:00Z,OTHER,GAS COGEN,40.11443419827355,58
2019-03-05T17:00:00Z,OTHER,OIL/GAS,46.69899392869738,53
2019-03-05T17:00:00Z,OTHER,WOOD/REFUSE,93.52727356274923,158
2019-03-05T17:00:00Z,SOLAR,SOLAR,0.1878333221375942,15
2019-03-05T17:00:00Z,WIND,WIND,143.11853013638822,1445
2019-03-05T18:00:00Z,COAL,COAL,3676.620031047397,5568
2019-03-05T18:00:00Z,DUAL FUEL,DUAL FUEL,59.68957302093506,155
2019-03-05T18:00:00Z,GAS,COGENERATION,4333.670536186298,4988
2019-03-05T18:00:00Z,GAS,COMBINED CYCLE,1412.0843672802712,1748
2019-03-05T18:00:00Z,GAS,SIMPLE CYCLE,671.4634989085463,921
2019-03-05T18:00:00Z,HYDRO,HYDRO,183.43330250274803,894
2019-03-05T18:00:00Z,OTHER,BIOMASS,92.15016203138563,154
2019-03-05T18:00:00Z,OTHER,GAS COGEN,36.71971104939779,58
2019-03-05T18:00:00Z,OTHER,OIL/GAS,45.94621543248495,53
2019-03-05T18:00:00Z,OTHER,WOOD/REFUSE,94.23098938677046,158
2019-03-05T18:00:00Z,SOLAR,SOLAR,0.29999998211860657,15
2019-03-05T18:00:00Z,WIND,WIND,97.51955610031055,1445
2019-03-05T19:00:00Z,COAL,COAL,3725.980668112437,5568
2019-03-05T19:00:00Z,DUAL FUEL,DUAL FUEL,71.76573420418633,155
2019-03-05T19:00:00Z,GAS,COGENERATION,4320.432824377881,4988
2019-03-05T19:00:00Z,GAS,COMBINED CYCLE,1463.9709724492498,1748
2019-03-05T19:00:00Z,GAS,SIMPLE CYCLE,657.9065454200903,921
2019-03-05T19:00:00Z,HYDRO,HYDRO,161.89160928845405,894
2019-03-05T19:00:00Z,OTHER,BIOMASS,93.56303429497612,154
2019-03-05T19:00:00Z,OTHER,GAS COGEN,37.123937113020155,58
2019-03-05T19:00:00Z,OTHER,OIL/GAS,46.39486612955729,53
2019-03-05T19:00:00Z,OTHER,WOOD/REFUSE,94.21336525864072,158
2019-03-05T19:00:00Z,SOLAR,SOLAR,0.29999998211860657,15
2019-03-05T19:00:00Z,WIND,WIND,70.91642337448067,1445
2019-03-05T20:00:00Z,COAL,COAL,3777.390050178104,5568
2019-03-05T20:00:00Z,DUAL FUEL,DUAL FUEL,53.0713552792867,155
2019-03-05T20:00:00Z,GAS,COGENERATION,4282.082786956628,4988
2019-03-05T20:00:00Z,GAS,COMBINED CYCLE,1443.9648453860812,1748
2019-03-05T20:00:00Z,GAS,SIMPLE CYCLE,655.2614341122905,921
2019-03-05T20:00:00Z,HYDRO,HYDRO,159.18790890614193,894
2019-03-05T20:00:00Z,OTHER,BIOMASS,91.68685641394721,154
2019-03-05T20:00:00Z,OTHER,GAS COGEN,37.3656995677948,58
2019-03-05T20:00:00Z,OTHER,OIL/GAS,46.221416528489854,53
2019-03-05T20:00:00Z,OTHER,WOOD/REFUSE,93.24657810370128,158
2019-03-05T20:00:00Z,SOLAR,SOLAR,0.29999998211860657,15
2019-03-05T20:00:00Z,WIND,WIND,54.49240462720394,1445
2019-03-05T21:00:00Z,COAL,COAL,3837.147694778442,5568
2019-03-05T21:00:00Z,DUAL FUEL,DUAL FUEL,53.37076001697116,155
2019-03-05T21:00:00Z,GAS,COGENERATION,4337.9224026430975,4988
2019-03-05T21:00:00Z,GAS,COMBINED CYCLE,1435.8341965428988,1748
2019-03-05T21:00:00Z,GAS,SIMPLE CYCLE,568.2826003935188,921
2019-03-05T21:00:00Z,HYDRO,HYDRO,158.04577068150044,894
2019-03-05T21:00:00Z,OTHER,BIOMASS,92.20649549325307,154
2019-03-05T21:00:00Z,OTHER,GAS COGEN,37.202377649413215,58
2019-03-05T21:00:00Z,OTHER,OIL/GAS,46.28713142818875,53
2019-03-05T21:00:00Z,OTHER,WOOD/REFUSE,92.96728744188944,158
2019-03-05T21:00:00Z,SOLAR,SOLAR,0.29999998211860657,15
2019-03-05T21:00:00Z,WIND,WIND,55.679112283198364,1445
2019-03-05T22:00:00Z,COAL,COAL,3894.853179189894,5568
2019-03-05T22:00:00Z,DUAL FUEL,DUAL FUEL,53.52871045006646,155
2019-03-05T22:00:00Z,GAS,COGENERATION,4274.392325182624,4988
2019-03-05T22:00:00Z,GAS,COMBINED CYCLE,1440.6615863709978,1748
2019-03-05T22:00:00Z,GAS,SIMPLE CYCLE,545.3257434095276,921
2019-03-05T22:00:00Z,HYDRO,HYDRO,165.5710273689694,894
2019-03-05T22:00:00Z,OTHER,BIOMASS,91.317334206899,154
2019-03-05T22:00:00Z,OTHER,GAS COGEN,37.15817653020223,58
2019-03-05T22:00:00Z,OTHER,OIL/GAS,46.051042505900064,53
2019-03-05T22:00:00Z,OTHER,WOOD/REFUSE,91.86952888700696,158
2019-03-05T22:00:00Z,SOLAR,SOLAR,0.02199999868869781,15
2019-03-05T22:00:00Z,WIND,WIND,57.433614707820944,1445
2019-03-05T23:00:00Z,COAL,COAL,3778.9044551785787,5568
2019-03-05T23:00:00Z,DUAL FUEL,DUAL FUEL,67.56950905270047,155
2019-03-05T23:00:00Z,GAS,COGENERATION,4328.363056988716,4988
2019-03-05T23:00:00Z,GAS,COMBINED CYCLE,1452.3642240346803,1748
2019-03-05T23:00:00Z,GAS,SIMPLE CYCLE,585.9115374401708,921
2019-03-05T23:00:00Z,HYDRO,HYDRO,224.10244217314653,894
2019-03-05T23:00:00Z,OTHER,BIOMASS,92.29697845458985,154
2019-03-05T23:00:00Z,OTHER,GAS COGEN,37.219790538152054,58
2019-03-05T23:00:00Z,OTHER,OIL/GAS,46.47472671508789,53
2019-03-05T23:00:00Z,OTHER,WOOD/REFUSE,92.50756223095789,158
2019-03-05T23:00:00Z,SOLAR,SOLAR,0,15
2019-03-05T23:00:00Z,WIND,WIND,57.331444987141424,1445
2019-03-06T00:00:00Z,COAL,COAL,3822.275584394667,5568
2019-03-06T00:00:00Z,DUAL FUEL,DUAL FUEL,76.86566311306423,155
2019-03-06T00:00:00Z,GAS,COGENERATION,4343.78334744321,4988
2019-03-06T00:00:00Z,GAS,COMBINED CYCLE,1465.9994452145365,1748
2019-03-06T00:00:00Z,GAS,SIMPLE CYCLE,647.5359356623226,921
2019-03-06T00:00:00Z,HYDRO,HYDRO,174.40468769159583,894
2019-03-06T00:00:00Z,OTHER,BIOMASS,90.9930732038286,154
2019-03-06T00:00:00Z,OTHER,GAS COGEN,37.158351505067614,58
2019-03-06T00:00:00Z,OTHER,OIL/GAS,46.37977688895331,53
2019-03-06T00:00:00Z,OTHER,WOOD/REFUSE,92.54436946656969,158
2019-03-06T00:00:00Z,SOLAR,SOLAR,0,15
2019-03-06T00:00:00Z,WIND,WIND,68.402824264533,1445
2019-03-06T01:00:00Z,COAL,COAL,3826.2624497456018,5568
2019-03-06T01:00:00Z,DUAL FUEL,DUAL FUEL,76.37547216627333,155
2019-03-06T01:00:00Z,GAS,COGENERATION,4360.767333352301,4988
2019-03-06T01:00:00Z,GAS,COMBINED CYCLE,1492.0303658832445,1748
2019-03-06T01:00:00Z,GAS,SIMPLE CYCLE,664.1071279115147,921
2019-03-06T01:00:00Z,HYDRO,HYDRO,212.41039671685962,894
2019-03-06T01:00:00Z,OTHER,BIOMASS,93.98495578077105,154
2019-03-06T01:00:00Z,OTHER,GAS COGEN,37.209266309738155,58
2019-03-06T01:00:00Z,OTHER,OIL/GAS,46.37908202065362,53
2019-03-06T01:00:00Z,OTHER,WOOD/REFUSE,91.79909480041928,158
2019-03-06T01:00:00Z,SOLAR,SOLAR,0,15
2019-03-06T01:00:00Z,WIND,WIND,72.72962055398358,1445
2019-03-06T02:00:00Z,COAL,COAL,3859.2178974194,5568
2019-03-06T02:00:00Z,DUAL FUEL,DUAL FUEL,76.25396941290961,155
2019-03-06T02:00:00Z,GAS,COGENERATION,4352.641670662827,4988
2019-03-06T02:00:00Z,GAS,COMBINED CYCLE,1490.8565253098805,1748
2019-03-06T02:00:00Z,GAS,SIMPLE CYCLE,675.9564758394824,921
2019-03-06T02:00:00Z,HYDRO,HYDRO,171.33648246394264,894
2019-03-06T02:00:00Z,OTHER,BIOMASS,94.64800087134043,154
2019-03-06T02:00:00Z,OTHER,GAS COGEN,37.40417417897119,58
2019-03-06T02:00:00Z,OTHER,OIL/GAS,46.649176921844486,53
2019-03-06T02:00:00Z,OTHER,WOOD/REFUSE,91.9852672322591,158
2019-03-06T02:00:00Z,SOLAR,SOLAR,0,15
2019-03-06T02:00:00Z,WIND,WIND,47.49465217699607,1445
2019-03-06T03:00:00Z,COAL,COAL,3738.354446809557,5568
2019-03-06T03:00:00Z,DUAL FUEL,DUAL FUEL,76.26165261162652,155
2019-03-06T03:00:00Z,GAS,COGENERATION,4361.599651496278,4988
2019-03-06T03:00:00Z,GAS,COMBINED CYCLE,1497.036684961054,1748
2019-03-06T03:00:00Z,GAS,SIMPLE CYCLE,672.3191157734725,921
2019-03-06T03:00:00Z,HYDRO,HYDRO,207.4143680178126,894
2019-03-06T03:00:00Z,OTHER,BIOMASS,94.14597852812872,154
2019-03-06T03:00:00Z,OTHER,GAS COGEN,37.50176956918504,58
2019-03-06T03:00:00Z,OTHER,OIL/GAS,46.41167089038425,53
2019-03-06T03:00:00Z,OTHER,WOOD/REFUSE,91.21823619100783,158
2019-03-06T03:00:00Z,SOLAR,SOLAR,0,15
2019-03-06T03:00:00Z,WIND,WIND,78.98803628337052,1445
2019-03-06T04:00:00Z,COAL,COAL,3823.9323345014786,5568
2019-03-06T04:00:00Z,DUAL FUEL,DUAL FUEL,76.22361757914226,155
2019-03-06T04:00:00Z,GAS,COGENERATION,4363.379256618023,4988
2019-03-06T04:00:00Z,GAS,COMBINED CYCLE,1475.764535238478,1748
2019-03-06T04:00:00Z,GAS,SIMPLE CYCLE,569.996544945505,921
2019-03-06T04:00:00Z,HYDRO,HYDRO,184.1757200548384,894
2019-03-06T04:00:00Z,OTHER,BIOMASS,94.6829621050093,154
2019-03-06T04:00:00Z,OTHER,GAS COGEN,37.55992062462701,58
2019-03-06T04:00:00Z,OTHER,OIL/GAS,46.47766421847873,53
2019-03-06T04:00:00Z,OTHER,WOOD/REFUSE,91.73497504764133,158
2019-03-06T04:00:00Z,SOLAR,SOLAR,0,15
2019-03-06T04:00:00Z,WIND,WIND,93.66243312102225,1445
2019-03-06T05:00:00Z,COAL,COAL,3767.3535902014046,5568
2019-03-06T05:00:00Z,DUAL FUEL,DUAL FUEL,76.12026243845622,155
2019-03-06T05:00:00Z,GAS,COGENERATION,4361.708139428298,4988
2019-03-06T05:00:00Z,GAS,COMBINED CYCLE,1458.3939378873506,1748
2019-03-06T05:00:00Z,GAS,SIMPLE CYCLE,422.34268227004344,921
2019-03-06T05:00:00Z,HYDRO,HYDRO,149.02197553058465,894
2019-03-06T05:00:00Z,OTHER,BIOMASS,94.15701188405355,154
2019-03-06T05:00:00Z,OTHER,GAS COGEN,37.49307842466567,58
2019-03-06T05:00:00Z,OTHER,OIL/GAS,46.816681707170275,53
2019-03-06T05:00:00Z,OTHER,WOOD/REFUSE,91.82027636633978,158
2019-03-06T05:00:00Z,SOLAR,SOLAR,0,15
2019-03-06T05:00:00Z,WIND,WIND,56.54212203598685,1445
2019-03-06T06:00:00Z,COAL,COAL,3809.2900535753038,5568
2019-03-06T06:00:00Z,DUAL FUEL,DUAL FUEL,79.56147555033365,155
2019-03-06T06:00:00Z,GAS,COGENERATION,4364.5684598864445,4988
2019-03-06T06:00:00Z,GAS,COMBINED CYCLE,1413.2897668854396,1748
2019-03-06T06:00:00Z,GAS,SIMPLE CYCLE,354.83680391773584,921
2019-03-06T06:00:00Z,HYDRO,HYDRO,154.4154742113087,894
2019-03-06T06:00:00Z,OTHER,BIOMASS,95.11545580281151,154
2019-03-06T06:00:00Z,OTHER,GAS COGEN,37.36927826033698,58
2019-03-06T06:00:00Z,OTHER,OIL/GAS,46.74931535720825,53
2019-03-06T06:00:00Z,OTHER,WOOD/REFUSE,93.27619303915236,158
2019-03-06T06:00:00Z,SOLAR,SOLAR,0,15
2019-03-06T06:00:00Z,WIND,WIND,27.508382116771408,1445
2019-03-06T07:00:00Z,COAL,COAL,3852.2458524195354,5568
2019-03-06T07:00:00Z,DUAL FUEL,DUAL FUEL,93.78921744452582,155
2019-03-06T07:00:00Z,GAS,COGENERATION,4368.034839981927,4988
2019-03-06T07:00:00Z,GAS,COMBINED CYCLE,1317.76718287362,1748
2019-03-06T07:00:00Z,GAS,SIMPLE CYCLE,350.234750159151,921
2019-03-06T07:00:00Z,HYDRO,HYDRO,110.12893031020958,894
2019-03-06T07:00:00Z,OTHER,BIOMASS,97.8721620162328,154
2019-03-06T07:00:00Z,OTHER,GAS COGEN,36.964467451307506,58
2019-03-06T07:00:00Z,OTHER,OIL/GAS,46.59027612262302,53
2019-03-06T07:00:00Z,OTHER,WOOD/REFUSE,95.34552008152008,158
2019-03-06T07:00:00Z,SOLAR,SOLAR,0,15
2019-03-06T07:00:00Z,WIND,WIND,34.89775801542732,1445
2019-03-06T08:00:00Z,COAL,COAL,3644.350104001363,5568
2019-03-06T08:00:00Z,DUAL FUEL,DUAL FUEL,72.63327329423693,155
2019-03-06T08:00:00Z,GAS,COGENERATION,4369.2383605498735,4988
2019-03-06T08:00:00Z,GAS,COMBINED CYCLE,1287.67376163986,1748
2019-03-06T08:00:00Z,GAS,SIMPLE CYCLE,402.14739477369517,921
2019-03-06T08:00:00Z,HYDRO,HYDRO,100.29173845324252,894
2019-03-06T08:00:00Z,OTHER,BIOMASS,96.84300084749857,154
2019-03-06T08:00:00Z,OTHER,GAS COGEN,37.43453812228309,58
2019-03-06T08:00:00Z,OTHER,OIL/GAS,45.56504878785875,53
2019-03-06T08:00:00Z,OTHER,WOOD/REFUSE,92.24307275560167,158
2019-03-06T08:00:00Z,SOLAR,SOLAR,0,15
2019-03-06T08:00:00Z,WIND,WIND,46.91710058596399,1445
2019-03-06T09:00:00Z,COAL,COAL,3635.3479734052553,5568
2019-03-06T09:00:00Z,DUAL FUEL,DUAL FUEL,74.53615430619982,155
2019-03-06T09:00:00Z,GAS,COGENERATION,4367.595117829111,4988
2019-03-06T09:00:00Z,GAS,COMBINED CYCLE,1295.6820838130845,1748
2019-03-06T09:00:00Z,GAS,SIMPLE CYCLE,416.1631958932347,921
2019-03-06T09:00:00Z,HYDRO,HYDRO,112.87050972375604,894
2019-03-06T09:00:00Z,OTHER,BIOMASS,96.40672312948439,154
2019-03-06T09:00:00Z,OTHER,GAS COGEN,37.01500077777439,58
2019-03-06T09:00:00Z,OTHER,OIL/GAS,45.72028816858927,53
2019-03-06T09:00:00Z,OTHER,WOOD/REFUSE,91.96903914663527,158
2019-03-06T09:00:00Z,SOLAR,SOLAR,0,15
2019-03-06T09:00:00Z,WIND,WIND,65.29259222542245,1445
2019-03-06T10:00:00Z,COAL,COAL,3518.272742864821,5568
2019-03-06T10:00:00Z,DUAL FUEL,DUAL FUEL,73.11348596784804,155
2019-03-06T10:00:00Z,GAS,COGENERATION,4361.091737019751,4988
2019-03-06T10:00:00Z,GAS,COMBINED CYCLE,1296.0383729705545,1748
2019-03-06T10:00:00Z,GAS,SIMPLE CYCLE,515.2852627273897,921
2019-03-06T10:00:00Z,HYDRO,HYDRO,110.58802953051196,894
2019-03-06T10:00:00Z,OTHER,BIOMASS,94.12230104499393,154
2019-03-06T10:00:00Z,OTHER,GAS COGEN,36.81078097661336,58
2019-03-06T10:00:00Z,OTHER,OIL/GAS,45.65132053587172,53
2019-03-06T10:00:00Z,OTHER,WOOD/REFUSE,91.57914360894097,158
2019-03-06T10:00:00Z,SOLAR,SOLAR,0,15
2019-03-06T10:00:00Z,WIND,WIND,42.352299769785674,1445
2019-03-06T11:00:00Z,COAL,COAL,3455.873318339454,5568
2019-03-06T11:00:00Z,DUAL FUEL,DUAL FUEL,74.406532435947,155
2019-03-06T11:00:00Z,GAS,COGENERATION,4362.713679199219,4988
2019-03-06T11:00:00Z,GAS,COMBINED CYCLE,1297.8453238860766,1748
2019-03-06T11:00:00Z,GAS,SIMPLE CYCLE,517.7752769536773,921
2019-03-06T11:00:00Z,HYDRO,HYDRO,114.96543048348691,894
2019-03-06T11:00:00Z,OTHER,BIOMASS,94.99674527592128,154
2019-03-06T11:00:00Z,OTHER,GAS COGEN,36.77564398129781,58
2019-03-06T11:00:00Z,OTHER,OIL/GAS,46.249392935434976,53
2019-03-06T11:00:00Z,OTHER,WOOD/REFUSE,90.65622548792096,158
2019-03-06T11:00:00Z,SOLAR,SOLAR,0,15
2019-03-06T11:00:00Z,WIND,WIND,30.259722597400348,1445
2019-03-06T12:00:00Z,COAL,COAL,3441.3528134854632,5568
2019-03-06T12:00:00Z,DUAL FUEL,DUAL FUEL,65.36750470479329,155
2019-03-06T12:00:00Z,GAS,COGENERATION,4365.5416068332725,4988
2019-03-06T12:00:00Z,GAS,COMBINED CYCLE,1310.0528306574292,1748
2019-03-06T12:00:00Z,GAS,SIMPLE CYCLE,508.9874286455578,921
2019-03-06T12:00:00Z,HYDRO,HYDRO,153.8535844668746,894
2019-03-06T12:00:00Z,OTHER,BIOMASS,94.89305627504984,154
2019-03-06T12:00:00Z,OTHER,GAS COGEN,37.1382416873508,58
2019-03-06T12:00:00Z,OTHER,OIL/GAS,46.28364302529229,53
2019-03-06T12:00:00Z,OTHER,WOOD/REFUSE,81.47084021462334,158
2019-03-06T12:00:00Z,SOLAR,SOLAR,0,15
2019-03-06T12:00:00Z,WIND,WIND,41.10821742822726,1445
2019-03-06T13:00:00Z,COAL,COAL,3571.213998544481,5568
2019-03-06T13:00:00Z,DUAL FUEL,DUAL FUEL,75.2427065785726,155
2019-03-06T13:00:00Z,GAS,COGENERATION,4365.927810672521,4988
2019-03-06T13:00:00Z,GAS,COMBINED CYCLE,1382.299786266221,1748
2019-03-06T13:00:00Z,GAS,SIMPLE CYCLE,530.900233795676,921
2019-03-06T13:00:00Z,HYDRO,HYDRO,164.91413026140796,894
2019-03-06T13:00:00Z,OTHER,BIOMASS,93.24930112044017,154
2019-03-06T13:00:00Z,OTHER,GAS COGEN,37.29117334895663,58
2019-03-06T13:00:00Z,OTHER,OIL/GAS,45.9609654935201,53
2019-03-06T13:00:00Z,OTHER,WOOD/REFUSE,66.20972570101421,158
2019-03-06T13:00:00Z,SOLAR,SOLAR,0,15
2019-03-06T13:00:00Z,WIND,WIND,67.66815617844462,1445
2019-03-06T14:00:00Z,COAL,COAL,3634.550058472951,5568
2019-03-06T14:00:00Z,DUAL FUEL,DUAL FUEL,74.89075776841905,155
2019-03-06T14:00:00Z,GAS,COGENERATION,4365.448125414583,4988
2019-03-06T14:00:00Z,GAS,COMBINED CYCLE,1468.7088690241178,1748
2019-03-06T14:00:00Z,GAS,SIMPLE CYCLE,664.9065964050757,921
2019-03-06T14:00:00Z,HYDRO,HYDRO,158.84203285662662,894
2019-03-06T14:00:00Z,OTHER,BIOMASS,87.06592321342892,154
2019-03-06T14:00:00Z,OTHER,GAS COGEN,37.33101041475932,58
2019-03-06T14:00:00Z,OTHER,OIL/GAS,45.60698201709324,53
2019-03-06T14:00:00Z,OTHER,WOOD/REFUSE,64.20676242404514,158
2019-03-06T14:00:00Z,SOLAR,SOLAR,0,15
2019-03-06T14:00:00Z,WIND,WIND,105.21130883677138,1445
2019-03-06T15:00:00Z,COAL,COAL,3709.6063172531126,5568
2019-03-06T15:00:00Z,DUAL FUEL,DUAL FUEL,74.7127448993259,155
2019-03-06T15:00:00Z,GAS,COGENERATION,4358.504892414676,4988
2019-03-06T15:00:00Z,GAS,COMBINED CYCLE,1501.0330464466413,1748
2019-03-06T15:00:00Z,GAS,SIMPLE CYCLE,702.9606000236008,921
2019-03-06T15:00:00Z,HYDRO,HYDRO,164.8392118179798,894
2019-03-06T15:00:00Z,OTHER,BIOMASS,81.38805605623457,154
2019-03-06T15:00:00Z,OTHER,GAS COGEN,37.187179762522376,58
2019-03-06T15:00:00Z,OTHER,OIL/GAS,46.35542102389866,53
2019-03-06T15:00:00Z,OTHER,WOOD/REFUSE,64.25147434658474,158
2019-03-06T15:00:00Z,SOLAR,SOLAR,0,15
2019-03-06T15:00:00Z,WIND,WIND,128.49483849803607,1445
2019-03-06T16:00:00Z,COAL,COAL,3572.008989868164,5568
2019-03-06T16:00:00Z,DUAL FUEL,DUAL FUEL,74.48708131578233,155
2019-03-06T16:00:00Z,GAS,COGENERATION,4365.2445008926925,4988
2019-03-06T16:00:00Z,GAS,COMBINED CYCLE,1494.8399425379434,1748
2019-03-06T16:00:00Z,GAS,SIMPLE CYCLE,688.4765453486807,921
2019-03-06T16:00:00Z,HYDRO,HYDRO,167.63616674900055,894
2019-03-06T16:00:00Z,OTHER,BIOMASS,80.10634455151028,154
2019-03-06T16:00:00Z,OTHER,GAS COGEN,36.91309609942965,58
2019-03-06T16:00:00Z,OTHER,OIL/GAS,45.92441521114773,53
2019-03-06T16:00:00Z,OTHER,WOOD/REFUSE,66.67403750684525,158
2019-03-06T16:00:00Z,SOLAR,SOLAR,0,15
2019-03-06T16:00:00Z,WIND,WIND,155.39171662939918,1445
2019-03-06T17:00:00Z,COAL,COAL,3520.8118499883017,5568
2019-03-06T17:00:00Z,DUAL FUEL,DUAL FUEL,74.63236019982232,155
2019-03-06T17:00:00Z,GAS,COGENERATION,4371.534726296001,4988
2019-03-06T17:00:00Z,GAS,COMBINED CYCLE,1483.0199981767603,1748
2019-03-06T17:00:00Z,GAS,SIMPLE CYCLE,631.6843267202377,921
2019-03-06T17:00:00Z,HYDRO,HYDRO,177.433062221292,894
2019-03-06T17:00:00Z,OTHER,BIOMASS,78.0441169306967,154
2019-03-06T17:00:00Z,OTHER,GAS COGEN,36.902502728038364,58
2019-03-06T17:00:00Z,OTHER,OIL/GAS,45.95683271196153,53
2019-03-06T17:00:00Z,OTHER,WOOD/REFUSE,65.59869327969021,158
2019-03-06T17:00:00Z,SOLAR,SOLAR,0,15
2019-03-06T17:00:00Z,WIND,WIND,155.3807750203212,1445
2019-03-06T18:00:00Z,COAL,COAL,3562.7075054211086,5568
2019-03-06T18:00:00Z,DUAL FUEL,DUAL FUEL,74.44607219696044,155
2019-03-06T18:00:00Z,GAS,COGENERATION,4369.615210310751,4988
2019-03-06T18:00:00Z,GAS,COMBINED CYCLE,1480.706623904705,1748
2019-03-06T18:00:00Z,GAS,SIMPLE CYCLE,629.1630553016398,921
2019-03-06T18:00:00Z,HYDRO,HYDRO,214.98769243435726,894
2019-03-06T18:00:00Z,OTHER,BIOMASS,76.45361690574222,154
2019-03-06T18:00:00Z,OTHER,GAS COGEN,36.77433815638224,58
2019-03-06T18:00:00Z,OTHER,OIL/GAS,46.43779318491618,53
2019-03-06T18:00:00Z,OTHER,WOOD/REFUSE,66.08350026395586,158
2019-03-06T18:00:00Z,SOLAR,SOLAR,0.2728333170711994,15
2019-03-06T18:00:00Z,WIND,WIND,119.98104053358237,1445
2019-03-06T19:00:00Z,COAL,COAL,3619.756858478122,5568
2019-03-06T19:00:00Z,DUAL FUEL,DUAL FUEL,74.68107945336236,155
2019-03-06T19:00:00Z,GAS,COGENERATION,4361.3788491984205,4988
2019-03-06T19:00:00Z,GAS,COMBINED CYCLE,1449.207489393817,1748
2019-03-06T19:00:00Z,GAS,SIMPLE CYCLE,622.9489074730873,921
2019-03-06T19:00:00Z,HYDRO,HYDRO,181.285286752921,894
2019-03-06T19:00:00Z,OTHER,BIOMASS,75.94728913148244,154
2019-03-06T19:00:00Z,OTHER,GAS COGEN,37.00668153074052,58
2019-03-06T19:00:00Z,OTHER,OIL/GAS,45.788920351664224,53
2019-03-06T19:00:00Z,OTHER,WOOD/REFUSE,65.99493602805667,158
2019-03-06T19:00:00Z,SOLAR,SOLAR,0.29999998211860657,15
2019-03-06T19:00:00Z,WIND,WIND,107.06523031125467,1445
2019-03-06T20:00:00Z,COAL,COAL,3615.2305427742003,5568
2019-03-06T20:00:00Z,DUAL FUEL,DUAL FUEL,75.06453991360135,155
2019-03-06T20:00:00Z,GAS,COGENERATION,4352.757588600053,4988
2019-03-06T20:00:00Z,GAS,COMBINED CYCLE,1431.769613043732,1748
2019-03-06T20:00:00Z,GAS,SIMPLE CYCLE,619.2080651804142,921
2019-03-06T20:00:00Z,HYDRO,HYDRO,168.7141854684883,894
2019-03-06T20:00:00Z,OTHER,BIOMASS,74.54531704796685,154
2019-03-06T20:00:00Z,OTHER,GAS COGEN,37.37397416008844,58
2019-03-06T20:00:00Z,OTHER,OIL/GAS,45.82266030629476,53
2019-03-06T20:00:00Z,OTHER,WOOD/REFUSE,66.40710888067882,158
2019-03-06T20:00:00Z,SOLAR,SOLAR,0.12183332607150078,15
2019-03-06T20:00:00Z,WIND,WIND,172.05350608530145,1445
2019-03-06T21:00:00Z,COAL,COAL,3623.4226459439597,5568
2019-03-06T21:00:00Z,DUAL FUEL,DUAL FUEL,74.94785734812419,155
2019-03-06T21:00:00Z,GAS,COGENERATION,4311.746451370451,4988
2019-03-06T21:00:00Z,GAS,COMBINED CYCLE,1423.3513882615832,1748
2019-03-06T21:00:00Z,GAS,SIMPLE CYCLE,628.0579828471608,921
2019-03-06T21:00:00Z,HYDRO,HYDRO,143.38142077068488,894
2019-03-06T21:00:00Z,OTHER,BIOMASS,75.20097808361054,154
2019-03-06T21:00:00Z,OTHER,GAS COGEN,37.23362241003248,58
2019-03-06T21:00:00Z,OTHER,OIL/GAS,45.95281588660346,53
2019-03-06T21:00:00Z,OTHER,WOOD/REFUSE,68.27923516114552,158
2019-03-06T21:00:00Z,SOLAR,SOLAR,0,15
2019-03-06T21:00:00Z,WIND,WIND,239.4496491541548,1445
2019-03-06T22:00:00Z,COAL,COAL,3829.11732489268,5568
2019-03-06T22:00:00Z,DUAL FUEL,DUAL FUEL,76.78179605695937,155
2019-03-06T22:00:00Z,GAS,COGENERATION,4171.847359735569,4988
2019-03-06T22:00:00Z,GAS,COMBINED CYCLE,1461.5328681190147,1748
2019-03-06T22:00:00Z,GAS,SIMPLE CYCLE,627.7201438485251,921
2019-03-06T22:00:00Z,HYDRO,HYDRO,174.56457954492834,894
2019-03-06T22:00:00Z,OTHER,BIOMASS,76.38032813655006,154
2019-03-06T22:00:00Z,OTHER,GAS COGEN,36.73593639373779,58
2019-03-06T22:00:00Z,OTHER,OIL/GAS,45.83291044023302,53
2019-03-06T22:00:00Z,OTHER,WOOD/REFUSE,69.85085406091478,158
2019-03-06T22:00:00Z,SOLAR,SOLAR,0,15
2019-03-06T22:00:00Z,WIND,WIND,261.0331042770214,1445
2019-03-06T23:00:00Z,COAL,COAL,3843.14400276396,5568
2019-03-06T23:00:00Z,DUAL FUEL,DUAL FUEL,106.24056916554768,155
2019-03-06T23:00:00Z,GAS,COGENERATION,4147.828514571454,4988
2019-03-06T23:00:00Z,GAS,COMBINED CYCLE,1450.5240552777714,1748
2019-03-06T23:00:00Z,GAS,SIMPLE CYCLE,643.2061827816566,921
2019-03-06T23:00:00Z,HYDRO,HYDRO,161.51584616061714,894
2019-03-06T23:00:00Z,OTHER,BIOMASS,76.44962280114491,154
2019-03-06T23:00:00Z,OTHER,GAS COGEN,36.85569061067369,58
2019-03-06T23:00:00Z,OTHER,OIL/GAS,45.65437139723036,53
2019-03-06T23:00:00Z,OTHER,WOOD/REFUSE,71.92511153433058,158
2019-03-06T23:00:00Z,SOLAR,SOLAR,0,15
2019-03-06T23:00:00Z,WIND,WIND,302.68129899144174,1445
2019-03-07T00:00:00Z,COAL,COAL,3824.161857348548,5568
2019-03-07T00:00:00Z,DUAL FUEL,DUAL FUEL,84.01612342622545,155
2019-03-07T00:00:00Z,GAS,COGENERATION,4139.43584645364,4988
2019-03-07T00:00:00Z,GAS,COMBINED CYCLE,1453.4124871781137,1748
2019-03-07T00:00:00Z,GAS,SIMPLE CYCLE,647.0077550317181,921
2019-03-07T00:00:00Z,HYDRO,HYDRO,128.32147807015312,894
2019-03-07T00:00:00Z,OTHER,BIOMASS,79.47990537537468,154
2019-03-07T00:00:00Z,OTHER,GAS COGEN,36.86602042728,58
2019-03-07T00:00:00Z,OTHER,OIL/GAS,45.902138029734296,53
2019-03-07T00:00:00Z,OTHER,WOOD/REFUSE,76.09010928312937,158
2019-03-07T00:00:00Z,SOLAR,SOLAR,0,15
2019-03-07T00:00:00Z,WIND,WIND,370.52702770483165,1445
2019-03-07T01:00:00Z,COAL,COAL,3828.2169516563417,5568
2019-03-07T01:00:00Z,DUAL FUEL,DUAL FUEL,78.25374276691014,155
2019-03-07T01:00:00Z,GAS,COGENERATION,4159.178390324314,4988
2019-03-07T01:00:00Z,GAS,COMBINED CYCLE,1462.6008057000902,1748
2019-03-07T01:00:00Z,GAS,SIMPLE CYCLE,667.5483000230789,921
2019-03-07T01:00:00Z,HYDRO,HYDRO,175.64863331291411,894
2019-03-07T01:00:00Z,OTHER,BIOMASS,85.61788414319356,154
2019-03-07T01:00:00Z,OTHER,GAS COGEN,36.71908369912042,58
2019-03-07T01:00:00Z,OTHER,OIL/GAS,45.958759254879425,53
2019-03-07T01:00:00Z,OTHER,WOOD/REFUSE,75.88421742863125,158
2019-03-07T01:00:00Z,SOLAR,SOLAR,0,15
2019-03-07T01:00:00Z,WIND,WIND,414.765334368762,1445
2019-03-07T02:00:00Z,COAL,COAL,3780.911938855913,5568
2019-03-07T02:00:00Z,DUAL FUEL,DUAL FUEL,97.52352810329862,155
2019-03-07T02:00:00Z,GAS,COGENERATION,4167.273561600711,4988
2019-03-07T02:00:00Z,GAS,COMBINED CYCLE,1459.2790934303073,1748
2019-03-07T02:00:00Z,GAS,SIMPLE CYCLE,671.3391272473583,921
2019-03-07T02:00:00Z,HYDRO,HYDRO,172.60598332809076,894
2019-03-07T02:00:00Z,OTHER,BIOMASS,91.34407318327162,154
2019-03-07T02:00:00Z,OTHER,GAS COGEN,36.77132215711806,58
2019-03-07T02:00:00Z,OTHER,OIL/GAS,45.80730424457126,53
2019-03-07T02:00:00Z,OTHER,WOOD/REFUSE,77.0977456802792,158
2019-03-07T02:00:00Z,SOLAR,SOLAR,0,15
2019-03-07T02:00:00Z,WIND,WIND,438.45262799579234,1445
2019-03-07T03:00:00Z,COAL,COAL,3819.3821396573385,5568
2019-03-07T03:00:00Z,DUAL FUEL,DUAL FUEL,118.44113062964546,155
2019-03-07T03:00:00Z,GAS,COGENERATION,4178.943709982236,4988
2019-03-07T03:00:00Z,GAS,COMBINED CYCLE,1467.1048753009902,1748
2019-03-07T03:00:00Z,GAS,SIMPLE CYCLE,669.5476634442144,921
2019-03-07T03:00:00Z,HYDRO,HYDRO,177.34196371210948,894
2019-03-07T03:00:00Z,OTHER,BIOMASS,89.64214527871874,154
2019-03-07T03:00:00Z,OTHER,GAS COGEN,36.850697615941364,58
2019-03-07T03:00:00Z,OTHER,OIL/GAS,45.93987611134847,53
2019-03-07T03:00:00Z,OTHER,WOOD/REFUSE,77.23929064962599,158
2019-03-07T03:00:00Z,SOLAR,SOLAR,0,15
2019-03-07T03:00:00Z,WIND,WIND,439.6898876113362,1445
2019-03-07T04:00:00Z,COAL,COAL,3800.6171479251648,5568
2019-03-07T04:00:00Z,DUAL FUEL,DUAL FUEL,107.99113708072238,155
2019-03-07T04:00:00Z,GAS,COGENERATION,4177.43898905158,4988
2019-03-07T04:00:00Z,GAS,COMBINED CYCLE,1403.4047169891994,1748
2019-03-07T04:00:00Z,GAS,SIMPLE CYCLE,655.226750434902,921
2019-03-07T04:00:00Z,HYDRO,HYDRO,173.89080072436067,894
2019-03-07T04:00:00Z,OTHER,BIOMASS,91.98432885858747,154
2019-03-07T04:00:00Z,OTHER,GAS COGEN,37.023062817255656,58
2019-03-07T04:00:00Z,OTHER,OIL/GAS,46.17572111553616,53
2019-03-07T04:00:00Z,OTHER,WOOD/REFUSE,76.39434086799622,158
2019-03-07T04:00:00Z,SOLAR,SOLAR,0,15
2019-03-07T04:00:00Z,WIND,WIND,481.9654935030142,1445
2019-03-07T05:00:00Z,COAL,COAL,3618.8475654273566,5568
2019-03-07T05:00:00Z,DUAL FUEL,DUAL FUEL,57.24228098339505,155
2019-03-07T05:00:00Z,GAS,COGENERATION,4175.309633947743,4988
2019-03-07T05:00:00Z,GAS,COMBINED CYCLE,1334.5320311016505,1748
2019-03-07T05:00:00Z,GAS,SIMPLE CYCLE,530.5212604852186,921
2019-03-07T05:00:00Z,HYDRO,HYDRO,116.61775325483745,894
2019-03-07T05:00:00Z,OTHER,BIOMASS,91.41008952299754,154
2019-03-07T05:00:00Z,OTHER,GAS COGEN,36.97435999658373,58
2019-03-07T05:00:00Z,OTHER,OIL/GAS,45.862032377454966,53
2019-03-07T05:00:00Z,OTHER,WOOD/REFUSE,75.8714725669225,158
2019-03-07T05:00:00Z,SOLAR,SOLAR,0,15
2019-03-07T05:00:00Z,WIND,WIND,608.8588942162527,1445
2019-03-07T06:00:00Z,COAL,COAL,3610.7129540570577,5568
2019-03-07T06:00:00Z,DUAL FUEL,DUAL FUEL,52.05078593360053,155
2019-03-07T06:00:00Z,GAS,COGENERATION,4230.356348240905,4988
2019-03-07T06:00:00Z,GAS,COMBINED CYCLE,1254.347000705931,1748
2019-03-07T06:00:00Z,GAS,SIMPLE CYCLE,266.5145203508602,921
2019-03-07T06:00:00Z,HYDRO,HYDRO,120.89388835656975,894
2019-03-07T06:00:00Z,OTHER,BIOMASS,91.87969530847337,154
2019-03-07T06:00:00Z,OTHER,GAS COGEN,37.079673697683546,58
2019-03-07T06:00:00Z,OTHER,OIL/GAS,45.90475923538208,53
2019-03-07T06:00:00Z,OTHER,WOOD/REFUSE,78.92846858395471,158
2019-03-07T06:00:00Z,SOLAR,SOLAR,0,15
2019-03-07T06:00:00Z,WIND,WIND,588.5544458305504,1445
2019-03-07T07:00:00Z,COAL,COAL,3622.0324686113995,5568
2019-03-07T07:00:00Z,DUAL FUEL,DUAL FUEL,51.49724395963881,155
2019-03-07T07:00:00Z,GAS,COGENERATION,4290.287628784842,4988
2019-03-07T07:00:00Z,GAS,COMBINED CYCLE,1131.2243200940557,1748
2019-03-07T07:00:00Z,GAS,SIMPLE CYCLE,217.90986463410988,921
2019-03-07T07:00:00Z,HYDRO,HYDRO,107.76424030694696,894
2019-03-07T07:00:00Z,OTHER,BIOMASS,95.80248994350434,154
2019-03-07T07:00:00Z,OTHER,GAS COGEN,37.10963656001621,58
2019-03-07T07:00:00Z,OTHER,OIL/GAS,45.97651561737061,53
2019-03-07T07:00:00Z,OTHER,WOOD/REFUSE,79.03824727747175,158
2019-03-07T07:00:00Z,SOLAR,SOLAR,0,15
2019-03-07T07:00:00Z,WIND,WIND,572.9667159528203,1445
2019-03-07T08:00:00Z,COAL,COAL,3667.4777631378174,5568
2019-03-07T08:00:00Z,DUAL FUEL,DUAL FUEL,51.28155985938178,155
2019-03-07T08:00:00Z,GAS,COGENERATION,4265.144685593711,4988
2019-03-07T08:00:00Z,GAS,COMBINED CYCLE,1145.9897650930616,1748
2019-03-07T08:00:00Z,GAS,SIMPLE CYCLE,216.45504288564126,921
2019-03-07T08:00:00Z,HYDRO,HYDRO,104.7112708534797,894
2019-03-07T08:00:00Z,OTHER,BIOMASS,96.4649005179935,154
2019-03-07T08:00:00Z,OTHER,GAS COGEN,36.99894028928544,58
2019-03-07T08:00:00Z,OTHER,OIL/GAS,45.74427099863688,53
2019-03-07T08:00:00Z,OTHER,WOOD/REFUSE,81.96433671421475,158
2019-03-07T08:00:00Z,SOLAR,SOLAR,0,15
2019-03-07T08:00:00Z,WIND,WIND,558.0511375317309,1445
2019-03-07T09:00:00Z,COAL,COAL,3672.6993968349034,5568
2019-03-07T09:00:00Z,DUAL FUEL,DUAL FUEL,51.2083509042528,155
2019-03-07T09:00:00Z,GAS,COGENERATION,4272.059031916062,4988
2019-03-07T09:00:00Z,GAS,COMBINED CYCLE,1163.3138624715805,1748
2019-03-07T09:00:00Z,GAS,SIMPLE CYCLE,216.18338558533125,921
2019-03-07T09:00:00Z,HYDRO,HYDRO,98.09295148842865,894
2019-03-07T09:00:00Z,OTHER,BIOMASS,94.9222670507431,154
2019-03-07T09:00:00Z,OTHER,GAS COGEN,37.23213138368395,58
2019-03-07T09:00:00Z,OTHER,OIL/GAS,46.085199203491214,53
2019-03-07T09:00:00Z,OTHER,WOOD/REFUSE,85.62290168126424,158
2019-03-07T09:00:00Z,SOLAR,SOLAR,0,15
2019-03-07T09:00:00Z,WIND,WIND,569.8113586555587,1445
2019-03-07T10:00:00Z,COAL,COAL,3679.78622575548,5568
2019-03-07T10:00:00Z,DUAL FUEL,DUAL FUEL,51.3846648173862,155
2019-03-07T10:00:00Z,GAS,COGENERATION,4265.2066936855845,4988
2019-03-07T10:00:00Z,GAS,COMBINED CYCLE,1163.2926510013474,1748
2019-03-07T10:00:00Z,GAS,SIMPLE CYCLE,219.81293107304307,921
2019-03-07T10:00:00Z,HYDRO,HYDRO,104.11487500230471,894
2019-03-07T10:00:00Z,OTHER,BIOMASS,96.02815039475759,154
2019-03-07T10:00:00Z,OTHER,GAS COGEN,37.064932165145876,58
2019-03-07T10:00:00Z,OTHER,OIL/GAS,45.90366599612766,53
2019-03-07T10:00:00Z,OTHER,WOOD/REFUSE,86.33611515892876,158
2019-03-07T10:00:00Z,SOLAR,SOLAR,0,15
2019-03-07T10:00:00Z,WIND,WIND,565.0931566127142,1445
2019-03-07T11:00:00Z,COAL,COAL,3683.405293422275,5568
2019-03-07T11:00:00Z,DUAL FUEL,DUAL FUEL,50.856177173190645,155
2019-03-07T11:00:00Z,GAS,COGENERATION,4244.958912305567,4988
2019-03-07T11:00:00Z,GAS,COMBINED CYCLE,1158.6866678407457,1748
2019-03-07T11:00:00Z,GAS,SIMPLE CYCLE,221.61050732705328,921
2019-03-07T11:00:00Z,HYDRO,HYDRO,104.61402278072305,894
2019-03-07T11:00:00Z,OTHER,BIOMASS,95.56680549727547,154
2019-03-07T11:00:00Z,OTHER,GAS COGEN,37.564446869426305,58
2019-03-07T11:00:00Z,OTHER,OIL/GAS,45.66749881320529,53
2019-03-07T11:00:00Z,OTHER,WOOD/REFUSE,88.09910605271658,158
2019-03-07T11:00:00Z,SOLAR,SOLAR,0,15
2019-03-07T11:00:00Z,WIND,WIND,568.2956287697289,1445
2019-03-07T12:00:00Z,COAL,COAL,3718.9583166355555,5568
2019-03-07T12:00:00Z,DUAL FUEL,DUAL FUEL,51.66383323245579,155
2019-03-07T12:00:00Z,GAS,COGENERATION,4223.189290332198,4988
2019-03-07T12:00:00Z,GAS,COMBINED CYCLE,1185.5053036382462,1748
2019-03-07T12:00:00Z,GAS,SIMPLE CYCLE,221.1206848270363,921
2019-03-07T12:00:00Z,HYDRO,HYDRO,109.34028277873993,894
2019-03-07T12:00:00Z,OTHER,BIOMASS,97.09372811052535,154
2019-03-07T12:00:00Z,OTHER,GAS COGEN,37.729165018399556,58
2019-03-07T12:00:00Z,OTHER,OIL/GAS,45.84013832939995,53
2019-03-07T12:00:00Z,OTHER,WOOD/REFUSE,88.18090863916609,158
2019-03-07T12:00:00Z,SOLAR,SOLAR,0,15
2019-03-07T12:00:00Z,WIND,WIND,566.2370630789466,1445
2019-03-07T13:00:00Z,COAL,COAL,3986.9318554072906,5568
2019-03-07T13:00:00Z,DUAL FUEL,DUAL FUEL,66.39072549396091,155
2019-03-07T13:00:00Z,GAS,COGENERATION,4235.17176694274,4988
2019-03-07T13:00:00Z,GAS,COMBINED CYCLE,1390.4127517681652,1748
2019-03-07T13:00:00Z,GAS,SIMPLE CYCLE,227.50719882544544,921
2019-03-07T13:00:00Z,HYDRO,HYDRO,130.34411601639457,894
2019-03-07T13:00:00Z,OTHER,BIOMASS,95.38519468678368,154
2019-03-07T13:00:00Z,OTHER,GAS COGEN,37.11314207394918,58
2019-03-07T13:00:00Z,OTHER,OIL/GAS,46.19979273266262,53
2019-03-07T13:00:00Z,OTHER,WOOD/REFUSE,87.10081382963394,158
2019-03-07T13:00:00Z,SOLAR,SOLAR,0,15
2019-03-07T13:00:00Z,WIND,WIND,607.4559715967708,1445
2019-03-07T14:00:00Z,COAL,COAL,3948.6130826653375,5568
2019-03-07T14:00:00Z,DUAL FUEL,DUAL FUEL,61.71600634892781,155
2019-03-07T14:00:00Z,GAS,COGENERATION,4223.6180930994615,4988
2019-03-07T14:00:00Z,GAS,COMBINED CYCLE,1467.9246498378118,1748
2019-03-07T14:00:00Z,GAS,SIMPLE CYCLE,285.35005092776487,921
2019-03-07T14:00:00Z,HYDRO,HYDRO,164.91019628763198,894
2019-03-07T14:00:00Z,OTHER,BIOMASS,95.87836680465274,154
2019-03-07T14:00:00Z,OTHER,GAS COGEN,37.40454733477698,58
2019-03-07T14:00:00Z,OTHER,OIL/GAS,46.023576776716446,53
2019-03-07T14:00:00Z,OTHER,WOOD/REFUSE,88.07188477198284,158
2019-03-07T14:00:00Z,SOLAR,SOLAR,0,15
2019-03-07T14:00:00Z,WIND,WIND,558.5576908889909,1445
2019-03-07T15:00:00Z,COAL,COAL,3991.1141090520223,5568
2019-03-07T15:00:00Z,DUAL FUEL,DUAL FUEL,61.38019292619493,155
2019-03-07T15:00:00Z,GAS,COGENERATION,4215.008537086116,4988
2019-03-07T15:00:00Z,GAS,COMBINED CYCLE,1492.5069490551948,1748
2019-03-07T15:00:00Z,GAS,SIMPLE CYCLE,345.403075211313,921
2019-03-07T15:00:00Z,HYDRO,HYDRO,169.8426377697372,894
2019-03-07T15:00:00Z,OTHER,BIOMASS,88.76821688916948,154
2019-03-07T15:00:00Z,OTHER,GAS COGEN,37.03797869841257,58
2019-03-07T15:00:00Z,OTHER,OIL/GAS,46.09099335352579,53
2019-03-07T15:00:00Z,OTHER,WOOD/REFUSE,87.85219431135388,158
2019-03-07T15:00:00Z,SOLAR,SOLAR,0,15
2019-03-07T15:00:00Z,WIND,WIND,500.06303803847896,1445
2019-03-07T16:00:00Z,COAL,COAL,3847.845879881117,5568
2019-03-07T16:00:00Z,DUAL FUEL,DUAL FUEL,61.304154275258384,155
2019-03-07T16:00:00Z,GAS,COGENERATION,4229.988425531752,4988
2019-03-07T16:00:00Z,GAS,COMBINED CYCLE,1487.3641019423803,1748
2019-03-07T16:00:00Z,GAS,SIMPLE CYCLE,389.0544399967458,921
2019-03-07T16:00:00Z,HYDRO,HYDRO,186.91907413343586,894
2019-03-07T16:00:00Z,OTHER,BIOMASS,87.83841117329068,154
2019-03-07T16:00:00Z,OTHER,GAS COGEN,37.14308401902517,58
2019-03-07T16:00:00Z,OTHER,OIL/GAS,46.11703823089599,53
2019-03-07T16:00:00Z,OTHER,WOOD/REFUSE,86.42116111649406,158
2019-03-07T16:00:00Z,SOLAR,SOLAR,0.15616666451096534,15
2019-03-07T16:00:00Z,WIND,WIND,506.1149596392446,1445
2019-03-07T17:00:00Z,COAL,COAL,3915.0520641538833,5568
2019-03-07T17:00:00Z,DUAL FUEL,DUAL FUEL,61.19283119625515,155
2019-03-07T17:00:00Z,GAS,COGENERATION,4249.531462043921,4988
2019-03-07T17:00:00Z,GAS,COMBINED CYCLE,1479.2499114288223,1748
2019-03-07T17:00:00Z,GAS,SIMPLE CYCLE,381.0516479254928,921
2019-03-07T17:00:00Z,HYDRO,HYDRO,145.92971289700932,894
2019-03-07T17:00:00Z,OTHER,BIOMASS,82.35806180848016,154
2019-03-07T17:00:00Z,OTHER,GAS COGEN,36.77355738533868,58
2019-03-07T17:00:00Z,OTHER,OIL/GAS,45.79497109942966,53
2019-03-07T17:00:00Z,OTHER,WOOD/REFUSE,86.85203229692247,158
2019-03-07T17:00:00Z,SOLAR,SOLAR,0.26733331739902494,15
2019-03-07T17:00:00Z,WIND,WIND,510.2342593276501,1445
2019-03-07T18:00:00Z,COAL,COAL,3802.2161727439034,5568
2019-03-07T18:00:00Z,DUAL FUEL,DUAL FUEL,55.405485174391,155
2019-03-07T18:00:00Z,GAS,COGENERATION,4239.330137513114,4988
2019-03-07T18:00:00Z,GAS,COMBINED CYCLE,1485.9617344209883,1748
2019-03-07T18:00:00Z,GAS,SIMPLE CYCLE,456.3677668211195,921
2019-03-07T18:00:00Z,HYDRO,HYDRO,153.54747874243392,894
2019-03-07T18:00:00Z,OTHER,BIOMASS,78.4930445655187,154
2019-03-07T18:00:00Z,OTHER,GAS COGEN,36.53636358261108,58
2019-03-07T18:00:00Z,OTHER,OIL/GAS,45.36433087031047,53
2019-03-07T18:00:00Z,OTHER,WOOD/REFUSE,81.78859109401702,158
2019-03-07T18:00:00Z,SOLAR,SOLAR,0.29999998211860657,15
2019-03-07T18:00:00Z,WIND,WIND,547.6617670075595,1445
2019-03-07T19:00:00Z,COAL,COAL,3818.640909932454,5568
2019-03-07T19:00:00Z,DUAL FUEL,DUAL FUEL,58.22311436971029,155
2019-03-07T19:00:00Z,GAS,COGENERATION,4224.844190514088,4988
2019-03-07T19:00:00Z,GAS,COMBINED CYCLE,1467.9221755252945,1748
2019-03-07T19:00:00Z,GAS,SIMPLE CYCLE,445.7073594498634,921
2019-03-07T19:00:00Z,HYDRO,HYDRO,131.517915121052,894
2019-03-07T19:00:00Z,OTHER,BIOMASS,82.20508399539523,154
2019-03-07T19:00:00Z,OTHER,GAS COGEN,36.94260013050503,58
2019-03-07T19:00:00Z,OTHER,OIL/GAS,44.548681322733565,53
2019-03-07T19:00:00Z,OTHER,WOOD/REFUSE,82.18726732518938,158
2019-03-07T19:00:00Z,SOLAR,SOLAR,0.280166649967432,15
2019-03-07T19:00:00Z,WIND,WIND,640.9107091923389,1445
2019-03-07T20:00:00Z,COAL,COAL,3769.175877315733,5568
2019-03-07T20:00:00Z,DUAL FUEL,DUAL FUEL,53.530985813140866,155
2019-03-07T20:00:00Z,GAS,COGENERATION,4207.437733587822,4988
2019-03-07T20:00:00Z,GAS,COMBINED CYCLE,1453.8818822607398,1748
2019-03-07T20:00:00Z,GAS,SIMPLE CYCLE,438.30034396641787,921
2019-03-07T20:00:00Z,HYDRO,HYDRO,130.09158102459378,894
2019-03-07T20:00:00Z,OTHER,BIOMASS,87.03414505057864,154
2019-03-07T20:00:00Z,OTHER,GAS COGEN,36.74886917961969,58
2019-03-07T20:00:00Z,OTHER,OIL/GAS,43.86889261457655,53
2019-03-07T20:00:00Z,OTHER,WOOD/REFUSE,84.83471845732795,158
2019-03-07T20:00:00Z,SOLAR,SOLAR,0.4064999757707119,15
2019-03-07T20:00:00Z,WIND,WIND,666.5651200737225,1445
2019-03-07T21:00:00Z,COAL,COAL,3747.6077739779157,5568
2019-03-07T21:00:00Z,DUAL FUEL,DUAL FUEL,52.09757972505358,155
2019-03-07T21:00:00Z,GAS,COGENERATION,4181.156701076627,4988
2019-03-07T21:00:00Z,GAS,COMBINED CYCLE,1470.3914999895626,1748
2019-03-07T21:00:00Z,GAS,SIMPLE CYCLE,431.9176074435976,921
2019-03-07T21:00:00Z,HYDRO,HYDRO,138.46629262818232,894
2019-03-07T21:00:00Z,OTHER,BIOMASS,87.30654502126906,154
2019-03-07T21:00:00Z,OTHER,GAS COGEN,36.774358408186174,58
2019-03-07T21:00:00Z,OTHER,OIL/GAS,43.86223323186238,53
2019-03-07T21:00:00Z,OTHER,WOOD/REFUSE,84.42621644655864,158
2019-03-07T21:00:00Z,SOLAR,SOLAR,0.2198333202302456,15
2019-03-07T21:00:00Z,WIND,WIND,692.0131132611136,1445
2019-03-07T22:00:00Z,COAL,COAL,3749.793410964542,5568
2019-03-07T22:00:00Z,DUAL FUEL,DUAL FUEL,52.51472980499267,155
2019-03-07T22:00:00Z,GAS,COGENERATION,4149.750066579315,4988
2019-03-07T22:00:00Z,GAS,COMBINED CYCLE,1456.8147425568104,1748
2019-03-07T22:00:00Z,GAS,SIMPLE CYCLE,440.05045761000775,921
2019-03-07T22:00:00Z,HYDRO,HYDRO,149.77145285752084,894
2019-03-07T22:00:00Z,OTHER,BIOMASS,90.2551673915651,154
2019-03-07T22:00:00Z,OTHER,GAS COGEN,36.54894224378798,58
2019-03-07T22:00:00Z,OTHER,OIL/GAS,44.269949203067355,53
2019-03-07T22:00:00Z,OTHER,WOOD/REFUSE,85.5261375925276,158
2019-03-07T22:00:00Z,SOLAR,SOLAR,0.3574999786913395,15
2019-03-07T22:00:00Z,WIND,WIND,721.0843218333357,1445
2019-03-07T23:00:00Z,COAL,COAL,3774.611255722046,5568
2019-03-07T23:00:00Z,DUAL FUEL,DUAL FUEL,52.18000184588962,155
2019-03-07T23:00:00Z,GAS,COGENERATION,4069.5611859785186,4988
2019-03-07T23:00:00Z,GAS,COMBINED CYCLE,1461.1096422672272,1748
2019-03-07T23:00:00Z,GAS,SIMPLE CYCLE,470.5802844130993,921
2019-03-07T23:00:00Z,HYDRO,HYDRO,158.28594967335462,894
2019-03-07T23:00:00Z,OTHER,BIOMASS,92.2069009452396,154
2019-03-07T23:00:00Z,OTHER,GAS COGEN,36.61466548495822,58
2019-03-07T23:00:00Z,OTHER,OIL/GAS,44.10126526938544,53
2019-03-07T23:00:00Z,OTHER,WOOD/REFUSE,85.40317668067084,158
2019-03-07T23:00:00Z,SOLAR,SOLAR,0,15
2019-03-07T23:00:00Z,WIND,WIND,787.0987799532711,1445
2019-03-08T00:00:00Z,COAL,COAL,3775.1188339000278,5568
2019-03-08T00:00:00Z,DUAL FUEL,DUAL FUEL,52.24188445621066,155
2019-03-08T00:00:00Z,GAS,COGENERATION,4066.3500717964434,4988
2019-03-08T00:00:00Z,GAS,COMBINED CYCLE,1455.8626027038363,1748
2019-03-08T00:00:00Z,GAS,SIMPLE CYCLE,421.14115218336383,921
2019-03-08T00:00:00Z,HYDRO,HYDRO,132.57018518868418,894
2019-03-08T00:00:00Z,OTHER,BIOMASS,94.17193414741092,154
2019-03-08T00:00:00Z,OTHER,GAS COGEN,36.628541191948784,58
2019-03-08T00:00:00Z,OTHER,OIL/GAS,44.12692609151205,53
2019-03-08T00:00:00Z,OTHER,WOOD/REFUSE,85.64804682042863,158
2019-03-08T00:00:00Z,SOLAR,SOLAR,0,15
2019-03-08T00:00:00Z,WIND,WIND,848.6082522119748,1445
2019-03-08T01:00:00Z,COAL,COAL,3755.633240509033,5568
2019-03-08T01:00:00Z,DUAL FUEL,DUAL FUEL,51.79898112614949,155
2019-03-08T01:00:00Z,GAS,COGENERATION,4074.493369892173,4988
2019-03-08T01:00:00Z,GAS,COMBINED CYCLE,1388.0906572265096,1748
2019-03-08T01:00:00Z,GAS,SIMPLE CYCLE,471.6110457193851,921
2019-03-08T01:00:00Z,HYDRO,HYDRO,145.2783150898086,894
2019-03-08T01:00:00Z,OTHER,BIOMASS,92.14498428503673,154
2019-03-08T01:00:00Z,OTHER,GAS COGEN,36.64291318469577,58
2019-03-08T01:00:00Z,OTHER,OIL/GAS,44.087137353685165,53
2019-03-08T01:00:00Z,OTHER,WOOD/REFUSE,85.17465196397569,158
2019-03-08T01:00:00Z,SOLAR,SOLAR,0,15
2019-03-08T01:00:00Z,WIND,WIND,933.2727403575017,1445
2019-03-08T02:00:00Z,COAL,COAL,3733.083048093584,5568
2019-03-08T02:00:00Z,DUAL FUEL,DUAL FUEL,51.22287612279256,155
2019-03-08T02:00:00Z,GAS,COGENERATION,4086.7545728349687,4988
2019-03-08T02:00:00Z,GAS,COMBINED CYCLE,1360.4381983547742,1748
2019-03-08T02:00:00Z,GAS,SIMPLE CYCLE,490.2727444116937,921
2019-03-08T02:00:00Z,HYDRO,HYDRO,132.03994080715708,894
2019-03-08T02:00:00Z,OTHER,BIOMASS,92.41821210172441,154
2019-03-08T02:00:00Z,OTHER,GAS COGEN,36.69062616030375,58
2019-03-08T02:00:00Z,OTHER,OIL/GAS,44.49299854914347,53
2019-03-08T02:00:00Z,OTHER,WOOD/REFUSE,85.19055213080512,158
2019-03-08T02:00:00Z,SOLAR,SOLAR,0,15
2019-03-08T02:00:00Z,WIND,WIND,932.7453965321514,1445
2019-03-08T03:00:00Z,COAL,COAL,3765.6783586756387,5568
2019-03-08T03:00:00Z,DUAL FUEL,DUAL FUEL,51.47437570995755,155
2019-03-08T03:00:00Z,GAS,COGENERATION,4140.71472175916,4988
2019-03-08T03:00:00Z,GAS,COMBINED CYCLE,1370.2598574246301,1748
2019-03-08T03:00:00Z,GAS,SIMPLE CYCLE,507.0570344167285,921
2019-03-08T03:00:00Z,HYDRO,HYDRO,166.51148741020097,894
2019-03-08T03:00:00Z,OTHER,BIOMASS,90.91519022835625,154
2019-03-08T03:00:00Z,OTHER,GAS COGEN,36.53622710757786,58
2019-03-08T03:00:00Z,OTHER,OIL/GAS,44.32480391820272,53
2019-03-08T03:00:00Z,OTHER,WOOD/REFUSE,85.97818992031945,158
2019-03-08T03:00:00Z,SOLAR,SOLAR,0,15
2019-03-08T03:00:00Z,WIND,WIND,854.9476103251842,1445
2019-03-08T04:00:00Z,COAL,COAL,3761.166159625583,5568
2019-03-08T04:00:00Z,DUAL FUEL,DUAL FUEL,51.404105211893715,155
2019-03-08T04:00:00Z,GAS,COGENERATION,4161.146107351117,4988
2019-03-08T04:00:00Z,GAS,COMBINED CYCLE,1410.4298385784361,1748
2019-03-08T04:00:00Z,GAS,SIMPLE CYCLE,402.87980760299496,921
2019-03-08T04:00:00Z,HYDRO,HYDRO,124.56217202729648,894
2019-03-08T04:00:00Z,OTHER,BIOMASS,91.6502113978068,154
2019-03-08T04:00:00Z,OTHER,GAS COGEN,36.71209581375122,58
2019-03-08T04:00:00Z,OTHER,OIL/GAS,44.54977627648248,53
2019-03-08T04:00:00Z,OTHER,WOOD/REFUSE,86.26395565615759,158
2019-03-08T04:00:00Z,SOLAR,SOLAR,0,15
2019-03-08T04:00:00Z,WIND,WIND,820.555378889574,1445
2019-03-08T05:00:00Z,COAL,COAL,3709.601642780304,5568
2019-03-08T05:00:00Z,DUAL FUEL,DUAL FUEL,51.34059104707506,155
2019-03-08T05:00:00Z,GAS,COGENERATION,4151.144556181033,4988
2019-03-08T05:00:00Z,GAS,COMBINED CYCLE,1202.2468144488334,1748
2019-03-08T05:00:00Z,GAS,SIMPLE CYCLE,387.08559456209343,921
2019-03-08T05:00:00Z,HYDRO,HYDRO,117.3090030341016,894
2019-03-08T05:00:00Z,OTHER,BIOMASS,92.29577348391214,154
2019-03-08T05:00:00Z,OTHER,GAS COGEN,36.951454938252766,58
2019-03-08T05:00:00Z,OTHER,OIL/GAS,46.45753781000773,53
2019-03-08T05:00:00Z,OTHER,WOOD/REFUSE,85.65772227393256,158
2019-03-08T05:00:00Z,SOLAR,SOLAR,0,15
2019-03-08T05:00:00Z,WIND,WIND,824.0504104627918,1445
2019-03-08T06:00:00Z,COAL,COAL,3766.731799651252,5568
2019-03-08T06:00:00Z,DUAL FUEL,DUAL FUEL,53.37648889117771,155
2019-03-08T06:00:00Z,GAS,COGENERATION,4184.451956222322,4988
2019-03-08T06:00:00Z,GAS,COMBINED CYCLE,1224.309160507255,1748
2019-03-08T06:00:00Z,GAS,SIMPLE CYCLE,298.30665080401633,921
2019-03-08T06:00:00Z,HYDRO,HYDRO,91.40976967321502,894
2019-03-08T06:00:00Z,OTHER,BIOMASS,92.3623840326733,154
2019-03-08T06:00:00Z,OTHER,GAS COGEN,36.94439322153727,58
2019-03-08T06:00:00Z,OTHER,OIL/GAS,46.70478242662218,53
2019-03-08T06:00:00Z,OTHER,WOOD/REFUSE,84.42148214446175,158
2019-03-08T06:00:00Z,SOLAR,SOLAR,0,15
2019-03-08T06:00:00Z,WIND,WIND,823.4986738757789,1445
2019-03-08T07:00:00Z,COAL,COAL,3730.6008626874286,5568
2019-03-08T07:00:00Z,DUAL FUEL,DUAL FUEL,51.378634743160674,155
2019-03-08T07:00:00Z,GAS,COGENERATION,4168.128850953712,4988
2019-03-08T07:00:00Z,GAS,COMBINED CYCLE,1182.2357620999549,1748
2019-03-08T07:00:00Z,GAS,SIMPLE CYCLE,313.39048639668357,921
2019-03-08T07:00:00Z,HYDRO,HYDRO,109.00547776162624,894
2019-03-08T07:00:00Z,OTHER,BIOMASS,89.94794020387862,154
2019-03-08T07:00:00Z,OTHER,GAS COGEN,36.83297348446316,58
2019-03-08T07:00:00Z,OTHER,OIL/GAS,46.97984267976549,53
2019-03-08T07:00:00Z,OTHER,WOOD/REFUSE,83.25351905875736,158
2019-03-08T07:00:00Z,SOLAR,SOLAR,0,15
2019-03-08T07:00:00Z,WIND,WIND,780.0272877284223,1445
2019-03-08T08:00:00Z,COAL,COAL,3734.3388732126023,5568
2019-03-08T08:00:00Z,DUAL FUEL,DUAL FUEL,51.379397065904406,155
2019-03-08T08:00:00Z,GAS,COGENERATION,4182.141802116897,4988
2019-03-08T08:00:00Z,GAS,COMBINED CYCLE,1206.3234301002822,1748
2019-03-08T08:00:00Z,GAS,SIMPLE CYCLE,220.1568682237466,921
2019-03-08T08:00:00Z,HYDRO,HYDRO,107.8257799534003,894
2019-03-08T08:00:00Z,OTHER,BIOMASS,91.9485009042422,154
2019-03-08T08:00:00Z,OTHER,GAS COGEN,36.87073325051202,58
2019-03-08T08:00:00Z,OTHER,OIL/GAS,46.453404335445825,53
2019-03-08T08:00:00Z,OTHER,WOOD/REFUSE,84.5037453365326,158
2019-03-08T08:00:00Z,SOLAR,SOLAR,0,15
2019-03-08T08:00:00Z,WIND,WIND,794.3410250127315,1445
2019-03-08T09:00:00Z,COAL,COAL,3483.1406184048124,5568
2019-03-08T09:00:00Z,DUAL FUEL,DUAL FUEL,51.458994496663415,155
2019-03-08T09:00:00Z,GAS,COGENERATION,4176.622912392749,4988
2019-03-08T09:00:00Z,GAS,COMBINED CYCLE,1202.5164882140689,1748
2019-03-08T09:00:00Z,GAS,SIMPLE CYCLE,216.7453437386867,921
2019-03-08T09:00:00Z,HYDRO,HYDRO,104.10559800359938,894
2019-03-08T09:00:00Z,OTHER,BIOMASS,92.80971768114303,154
2019-03-08T09:00:00Z,OTHER,GAS COGEN,36.85973175048828,58
2019-03-08T09:00:00Z,OTHER,OIL/GAS,45.976826426188154,53
2019-03-08T09:00:00Z,OTHER,WOOD/REFUSE,84.62907590230306,158
2019-03-08T09:00:00Z,SOLAR,SOLAR,0,15
2019-03-08T09:00:00Z,WIND,WIND,780.7358563164207,1445
2019-03-08T10:00:00Z,COAL,COAL,3440.5428281381396,5568
2019-03-08T10:00:00Z,DUAL FUEL,DUAL FUEL,51.41413977517022,155
2019-03-08T10:00:00Z,GAS,COGENERATION,4173.925552682612,4988
2019-03-08T10:00:00Z,GAS,COMBINED CYCLE,1193.5439846653408,1748
2019-03-08T10:00:00Z,GAS,SIMPLE CYCLE,231.05882322569687,921
2019-03-08T10:00:00Z,HYDRO,HYDRO,96.02077493237125,894
2019-03-08T10:00:00Z,OTHER,BIOMASS,92.9633400577969,154
2019-03-08T10:00:00Z,OTHER,GAS COGEN,36.88859160953098,58
2019-03-08T10:00:00Z,OTHER,OIL/GAS,45.869843860202366,53
2019-03-08T10:00:00Z,OTHER,WOOD/REFUSE,84.54746752315098,158
2019-03-08T10:00:00Z,SOLAR,SOLAR,0,15
2019-03-08T10:00:00Z,WIND,WIND,838.172322655552,1445
2019-03-08T11:00:00Z,COAL,COAL,3454.779385204315,5568
2019-03-08T11:00:00Z,DUAL FUEL,DUAL FUEL,51.44406330744425,155
2019-03-08T11:00:00Z,GAS,COGENERATION,4164.733479496108,4988
2019-03-08T11:00:00Z,GAS,COMBINED CYCLE,1204.3657859492303,1748
2019-03-08T11:00:00Z,GAS,SIMPLE CYCLE,226.2814008386102,921
2019-03-08T11:00:00Z,HYDRO,HYDRO,100.05273290832838,894
2019-03-08T11:00:00Z,OTHER,BIOMASS,93.44067366653019,154
2019-03-08T11:00:00Z,OTHER,GAS COGEN,36.96569169574313,58
2019-03-08T11:00:00Z,OTHER,OIL/GAS,46.129520954555936,53
2019-03-08T11:00:00Z,OTHER,WOOD/REFUSE,84.10265048133003,158
2019-03-08T11:00:00Z,SOLAR,SOLAR,0,15
2019-03-08T11:00:00Z,WIND,WIND,857.9282124359574,1445
2019-03-08T12:00:00Z,COAL,COAL,3491.1585799831814,5568
2019-03-08T12:00:00Z,DUAL FUEL,DUAL FUEL,51.40481062783135,155
2019-03-08T12:00:00Z,GAS,COGENERATION,4165.319226715962,4988
2019-03-08T12:00:00Z,GAS,COMBINED CYCLE,1211.8061406752797,1748
2019-03-08T12:00:00Z,GAS,SIMPLE CYCLE,221.74023888819747,921
2019-03-08T12:00:00Z,HYDRO,HYDRO,169.0522874975039,894
2019-03-08T12:00:00Z,OTHER,BIOMASS,92.03606224695841,154
2019-03-08T12:00:00Z,OTHER,GAS COGEN,37.10198757913378,58
2019-03-08T12:00:00Z,OTHER,OIL/GAS,45.4096988275316,53
2019-03-08T12:00:00Z,OTHER,WOOD/REFUSE,86.19970542642805,158
2019-03-08T12:00:00Z,SOLAR,SOLAR,0,15
2019-03-08T12:00:00Z,WIND,WIND,857.2189791718456,1445
2019-03-08T13:00:00Z,COAL,COAL,3544.506562033759,5568
2019-03-08T13:00:00Z,DUAL FUEL,DUAL FUEL,51.46457282172309,155
2019-03-08T13:00:00Z,GAS,COGENERATION,4172.531807299455,4988
2019-03-08T13:00:00Z,GAS,COMBINED CYCLE,1320.6352128195763,1748
2019-03-08T13:00:00Z,GAS,SIMPLE CYCLE,306.29905432396464,921
2019-03-08T13:00:00Z,HYDRO,HYDRO,151.43353498518465,894
2019-03-08T13:00:00Z,OTHER,BIOMASS,93.7336955579122,154
2019-03-08T13:00:00Z,OTHER,GAS COGEN,36.959370326995845,58
2019-03-08T13:00:00Z,OTHER,OIL/GAS,45.82273797353109,53
2019-03-08T13:00:00Z,OTHER,WOOD/REFUSE,84.7561022260454,158
2019-03-08T13:00:00Z,SOLAR,SOLAR,0,15
2019-03-08T13:00:00Z,WIND,WIND,802.4251969957352,1445
2019-03-08T14:00:00Z,COAL,COAL,3775.6815044932896,5568
2019-03-08T14:00:00Z,DUAL FUEL,DUAL FUEL,60.28966362635295,155
2019-03-08T14:00:00Z,GAS,COGENERATION,4169.920593604181,4988
2019-03-08T14:00:00Z,GAS,COMBINED CYCLE,1464.620484331714,1748
2019-03-08T14:00:00Z,GAS,SIMPLE CYCLE,441.7377708799309,921
2019-03-08T14:00:00Z,HYDRO,HYDRO,142.74168523323203,894
2019-03-08T14:00:00Z,OTHER,BIOMASS,90.25747962262895,154
2019-03-08T14:00:00Z,OTHER,GAS COGEN,36.69677242067125,58
2019-03-08T14:00:00Z,OTHER,OIL/GAS,45.86958278232151,53
2019-03-08T14:00:00Z,OTHER,WOOD/REFUSE,84.50573936462402,158
2019-03-08T14:00:00Z,SOLAR,SOLAR,0,15
2019-03-08T14:00:00Z,WIND,WIND,721.6017875051498,1445
2019-03-08T15:00:00Z,COAL,COAL,3862.9727157677544,5568
2019-03-08T15:00:00Z,DUAL FUEL,DUAL FUEL,62.48459062364366,155
2019-03-08T15:00:00Z,GAS,COGENERATION,4177.723127380278,4988
2019-03-08T15:00:00Z,GAS,COMBINED CYCLE,1489.655594681104,1748
2019-03-08T15:00:00Z,GAS,SIMPLE CYCLE,479.3159962118997,921
2019-03-08T15:00:00Z,HYDRO,HYDRO,118.183028384712,894
2019-03-08T15:00:00Z,OTHER,BIOMASS,93.6385182709164,154
2019-03-08T15:00:00Z,OTHER,GAS COGEN,36.2008170498742,58
2019-03-08T15:00:00Z,OTHER,OIL/GAS,45.75615416632758,53
2019-03-08T15:00:00Z,OTHER,WOOD/REFUSE,83.42892325984107,158
2019-03-08T15:00:00Z,SOLAR,SOLAR,0,15
2019-03-08T15:00:00Z,WIND,WIND,692.2481417842209,1445
2019-03-08T16:00:00Z,COAL,COAL,3860.864338597192,5568
2019-03-08T16:00:00Z,DUAL FUEL,DUAL FUEL,60.08465866300795,155
2019-03-08T16:00:00Z,GAS,COGENERATION,4177.478779393567,4988
2019-03-08T16:00:00Z,GAS,COMBINED CYCLE,1486.8986232998636,1748
2019-03-08T16:00:00Z,GAS,SIMPLE CYCLE,484.1898066948934,921
2019-03-08T16:00:00Z,HYDRO,HYDRO,128.25656418770552,894
2019-03-08T16:00:00Z,OTHER,BIOMASS,93.45555178748236,154
2019-03-08T16:00:00Z,OTHER,GAS COGEN,37.29321576224433,58
2019-03-08T16:00:00Z,OTHER,OIL/GAS,45.90888788435194,53
2019-03-08T16:00:00Z,OTHER,WOOD/REFUSE,82.65298681418102,158
2019-03-08T16:00:00Z,SOLAR,SOLAR,0.16116665706038474,15
2019-03-08T16:00:00Z,WIND,WIND,727.1518654818502,1445
2019-03-08T17:00:00Z,COAL,COAL,3774.8104317474363,5568
2019-03-08T17:00:00Z,DUAL FUEL,DUAL FUEL,54.92934323416816,155
2019-03-08T17:00:00Z,GAS,COGENERATION,4142.566360100508,4988
2019-03-08T17:00:00Z,GAS,COMBINED CYCLE,1444.48568709294,1748
2019-03-08T17:00:00Z,GAS,SIMPLE CYCLE,473.32945056729847,921
2019-03-08T17:00:00Z,HYDRO,HYDRO,144.62971159418424,894
2019-03-08T17:00:00Z,OTHER,BIOMASS,90.76480019516414,154
2019-03-08T17:00:00Z,OTHER,GAS COGEN,37.90842340257433,58
2019-03-08T17:00:00Z,OTHER,OIL/GAS,47.218070392608645,53
2019-03-08T17:00:00Z,OTHER,WOOD/REFUSE,82.48104154427847,158
2019-03-08T17:00:00Z,SOLAR,SOLAR,0.29999998211860657,15
2019-03-08T17:00:00Z,WIND,WIND,765.9088133474853,1445
2019-03-08T18:00:00Z,COAL,COAL,3785.294997965495,5568
2019-03-08T18:00:00Z,DUAL FUEL,DUAL FUEL,60.57703560299343,155
2019-03-08T18:00:00Z,GAS,COGENERATION,4168.436659480466,4988
2019-03-08T18:00:00Z,GAS,COMBINED CYCLE,1475.1902740354008,1748
2019-03-08T18:00:00Z,GAS,SIMPLE CYCLE,462.1973368567228,921
2019-03-08T18:00:00Z,HYDRO,HYDRO,109.44332755708032,894
2019-03-08T18:00:00Z,OTHER,BIOMASS,92.0384673611323,154
2019-03-08T18:00:00Z,OTHER,GAS COGEN,38.034237742953835,58
2019-03-08T18:00:00Z,OTHER,OIL/GAS,47.30965999391344,53
2019-03-08T18:00:00Z,OTHER,WOOD/REFUSE,83.08885721948413,158
2019-03-08T18:00:00Z,SOLAR,SOLAR,0.568666632771492,15
2019-03-08T18:00:00Z,WIND,WIND,769.6206711363958,1445
2019-03-08T19:00:00Z,COAL,COAL,3761.6263833173116,5568
2019-03-08T19:00:00Z,DUAL FUEL,DUAL FUEL,52.13891012403701,155
2019-03-08T19:00:00Z,GAS,COGENERATION,4158.3652375366955,4988
2019-03-08T19:00:00Z,GAS,COMBINED CYCLE,1403.73286916097,1748
2019-03-08T19:00:00Z,GAS,SIMPLE CYCLE,464.09615570220683,921
2019-03-08T19:00:00Z,HYDRO,HYDRO,105.02763333241144,894
2019-03-08T19:00:00Z,OTHER,BIOMASS,88.49862248049841,154
2019-03-08T19:00:00Z,OTHER,GAS COGEN,38.218949475818206,58
2019-03-08T19:00:00Z,OTHER,OIL/GAS,47.18723280164931,53
2019-03-08T19:00:00Z,OTHER,WOOD/REFUSE,83.06705470456016,158
2019-03-08T19:00:00Z,SOLAR,SOLAR,0.7836666382021374,15
2019-03-08T19:00:00Z,WIND,WIND,804.26407534745,1445
2019-03-08T20:00:00Z,COAL,COAL,3718.7853556293912,5568
2019-03-08T20:00:00Z,DUAL FUEL,DUAL FUEL,52.23200743145413,155
2019-03-08T20:00:00Z,GAS,COGENERATION,4116.582993379169,4988
2019-03-08T20:00:00Z,GAS,COMBINED CYCLE,1365.7739159438345,1748
2019-03-08T20:00:00Z,GAS,SIMPLE CYCLE,415.27024529655773,921
2019-03-08T20:00:00Z,HYDRO,HYDRO,132.1148647977246,894
2019-03-08T20:00:00Z,OTHER,BIOMASS,90.21717307302686,154
2019-03-08T20:00:00Z,OTHER,GAS COGEN,38.44636558744642,58
2019-03-08T20:00:00Z,OTHER,OIL/GAS,47.25516027026706,53
2019-03-08T20:00:00Z,OTHER,WOOD/REFUSE,82.82498458862305,158
2019-03-08T20:00:00Z,SOLAR,SOLAR,1.2471666208902994,15
2019-03-08T20:00:00Z,WIND,WIND,852.3191541259819,1445
2019-03-08T21:00:00Z,COAL,COAL,3740.414606321123,5568
2019-03-08T21:00:00Z,DUAL FUEL,DUAL FUEL,51.87241710238987,155
2019-03-08T21:00:00Z,GAS,COGENERATION,4085.291017429564,4988
2019-03-08T21:00:00Z,GAS,COMBINED CYCLE,1382.0657010650634,1748
2019-03-08T21:00:00Z,GAS,SIMPLE CYCLE,385.12345928758384,921
2019-03-08T21:00:00Z,HYDRO,HYDRO,145.71139560533896,894
2019-03-08T21:00:00Z,OTHER,BIOMASS,87.05744490093655,154
2019-03-08T21:00:00Z,OTHER,GAS COGEN,38.74972039275699,58
2019-03-08T21:00:00Z,OTHER,OIL/GAS,47.281159453921845,53
2019-03-08T21:00:00Z,OTHER,WOOD/REFUSE,82.96116256395976,158
2019-03-08T21:00:00Z,SOLAR,SOLAR,1.8446666106912823,15
2019-03-08T21:00:00Z,WIND,WIND,834.4483577834235,1445
2019-03-08T22:00:00Z,COAL,COAL,3782.4230050616793,5568
2019-03-08T22:00:00Z,DUAL FUEL,DUAL FUEL,52.54062582227919,155
2019-03-08T22:00:00Z,GAS,COGENERATION,4106.210892461075,4988
2019-03-08T22:00:00Z,GAS,COMBINED CYCLE,1476.40982047028,1748
2019-03-08T22:00:00Z,GAS,SIMPLE CYCLE,437.9850216550628,921
2019-03-08T22:00:00Z,HYDRO,HYDRO,118.8305907137692,894
2019-03-08T22:00:00Z,OTHER,BIOMASS,88.12688996632895,154
2019-03-08T22:00:00Z,OTHER,GAS COGEN,38.84667103449503,58
2019-03-08T22:00:00Z,OTHER,OIL/GAS,47.197303740183514,53
2019-03-08T22:00:00Z,OTHER,WOOD/REFUSE,83.68641544342042,158
2019-03-08T22:00:00Z,SOLAR,SOLAR,2.045333275132709,15
2019-03-08T22:00:00Z,WIND,WIND,758.5583002079692,1445
2019-03-08T23:00:00Z,COAL,COAL,3793.568284933302,5568
2019-03-08T23:00:00Z,DUAL FUEL,DUAL FUEL,51.90265150494046,155
2019-03-08T23:00:00Z,GAS,COGENERATION,4126.544407164653,4988
2019-03-08T23:00:00Z,GAS,COMBINED CYCLE,1444.8174145166079,1748
2019-03-08T23:00:00Z,GAS,SIMPLE CYCLE,468.6829530183474,921
2019-03-08T23:00:00Z,HYDRO,HYDRO,120.80109848737717,894
2019-03-08T23:00:00Z,OTHER,BIOMASS,87.09613938225641,154
2019-03-08T23:00:00Z,OTHER,GAS COGEN,38.53624707169003,58
2019-03-08T23:00:00Z,OTHER,OIL/GAS,47.260565238528784,53
2019-03-08T23:00:00Z,OTHER,WOOD/REFUSE,83.47418481349945,158
2019-03-08T23:00:00Z,SOLAR,SOLAR,1.8001666423347262,15
2019-03-08T23:00:00Z,WIND,WIND,689.3527936094337,1445
2019-03-09T00:00:00Z,COAL,COAL,3801.4278664982317,5568
2019-03-09T00:00:00Z,DUAL FUEL,DUAL FUEL,60.50611419889662,155
2019-03-09T00:00:00Z,GAS,COGENERATION,4103.5784632607965,4988
2019-03-09T00:00:00Z,GAS,COMBINED CYCLE,1493.403719625473,1748
2019-03-09T00:00:00Z,GAS,SIMPLE CYCLE,472.783000128799,921
2019-03-09T00:00:00Z,HYDRO,HYDRO,159.22714900963837,894
2019-03-09T00:00:00Z,OTHER,BIOMASS,88.3261954334047,154
2019-03-09T00:00:00Z,OTHER,GAS COGEN,38.1685190931956,58
2019-03-09T00:00:00Z,OTHER,OIL/GAS,47.64002716276381,53
2019-03-09T00:00:00Z,OTHER,WOOD/REFUSE,83.79279205322266,158
2019-03-09T00:00:00Z,SOLAR,SOLAR,0.34444442965918115,15
2019-03-09T00:00:00Z,WIND,WIND,645.8123882374498,1445
2019-03-09T01:00:00Z,COAL,COAL,4073.272719027201,5568
2019-03-09T01:00:00Z,DUAL FUEL,DUAL FUEL,86.44149639553494,155
2019-03-09T01:00:00Z,GAS,COGENERATION,4108.693603631722,4988
2019-03-09T01:00:00Z,GAS,COMBINED CYCLE,1509.3062393342123,1748
2019-03-09T01:00:00Z,GAS,SIMPLE CYCLE,510.214036887106,921
2019-03-09T01:00:00Z,HYDRO,HYDRO,154.2222459387117,894
2019-03-09T01:00:00Z,OTHER,BIOMASS,87.07546161492667,154
2019-03-09T01:00:00Z,OTHER,GAS COGEN,39.255798241297406,58
2019-03-09T01:00:00Z,OTHER,OIL/GAS,47.154749457041426,53
2019-03-09T01:00:00Z,OTHER,WOOD/REFUSE,85.57810893111758,158
2019-03-09T01:00:00Z,SOLAR,SOLAR,0,15
2019-03-09T01:00:00Z,WIND,WIND,462.6754392641038,1445
2019-03-09T02:00:00Z,COAL,COAL,4045.2483256276446,5568
2019-03-09T02:00:00Z,DUAL FUEL,DUAL FUEL,121.14802680969238,155
2019-03-09T02:00:00Z,GAS,COGENERATION,4126.513939773573,4988
2019-03-09T02:00:00Z,GAS,COMBINED CYCLE,1525.8300559457143,1748
2019-03-09T02:00:00Z,GAS,SIMPLE CYCLE,560.335234281876,921
2019-03-09T02:00:00Z,HYDRO,HYDRO,161.87794311463833,894
2019-03-09T02:00:00Z,OTHER,BIOMASS,90.78392304897308,154
2019-03-09T02:00:00Z,OTHER,GAS COGEN,41.48696732309129,58
2019-03-09T02:00:00Z,OTHER,OIL/GAS,47.44602651807997,53
2019-03-09T02:00:00Z,OTHER,WOOD/REFUSE,89.26671213361952,158
2019-03-09T02:00:00Z,SOLAR,SOLAR,0,15
2019-03-09T02:00:00Z,WIND,WIND,318.52217180814176,1445
2019-03-09T03:00:00Z,COAL,COAL,4029.3363243823583,5568
2019-03-09T03:00:00Z,DUAL FUEL,DUAL FUEL,118.61180283016628,155
2019-03-09T03:00:00Z,GAS,COGENERATION,4137.10619091779,4988
2019-03-09T03:00:00Z,GAS,COMBINED CYCLE,1508.9244460283385,1748
2019-03-09T03:00:00Z,GAS,SIMPLE CYCLE,556.4007621295584,921
2019-03-09T03:00:00Z,HYDRO,HYDRO,102.6865841868851,894
2019-03-09T03:00:00Z,OTHER,BIOMASS,92.13214589330886,154
2019-03-09T03:00:00Z,OTHER,GAS COGEN,42.68323511441549,58
2019-03-09T03:00:00Z,OTHER,OIL/GAS,46.2668883005778,53
2019-03-09T03:00:00Z,OTHER,WOOD/REFUSE,89.83732123004066,158
2019-03-09T03:00:00Z,SOLAR,SOLAR,0,15
2019-03-09T03:00:00Z,WIND,WIND,259.8524504709575,1445
2019-03-09T04:00:00Z,COAL,COAL,4017.7471380148995,5568
2019-03-09T04:00:00Z,DUAL FUEL,DUAL FUEL,86.54995128419664,155
2019-03-09T04:00:00Z,GAS,COGENERATION,4160.23765592744,4988
2019-03-09T04:00:00Z,GAS,COMBINED CYCLE,1504.8283576586512,1748
2019-03-09T04:00:00Z,GAS,SIMPLE CYCLE,531.5982954428924,921
2019-03-09T04:00:00Z,HYDRO,HYDRO,118.88114938815434,894
2019-03-09T04:00:00Z,OTHER,BIOMASS,88.79617374102274,154
2019-03-09T04:00:00Z,OTHER,GAS COGEN,38.10477272987366,58
2019-03-09T04:00:00Z,OTHER,OIL/GAS,45.4938657506307,53
2019-03-09T04:00:00Z,OTHER,WOOD/REFUSE,89.69292242209117,158
2019-03-09T04:00:00Z,SOLAR,SOLAR,0,15
2019-03-09T04:00:00Z,WIND,WIND,219.9869290342099,1445
2019-03-09T05:00:00Z,COAL,COAL,3875.9964222420585,5568
2019-03-09T05:00:00Z,DUAL FUEL,DUAL FUEL,60.95484511057536,155
2019-03-09T05:00:00Z,GAS,COGENERATION,4162.180879175564,4988
2019-03-09T05:00:00Z,GAS,COMBINED CYCLE,1458.4057831732432,1748
2019-03-09T05:00:00Z,GAS,SIMPLE CYCLE,481.65910338523486,921
2019-03-09T05:00:00Z,HYDRO,HYDRO,102.13967079593075,894
2019-03-09T05:00:00Z,OTHER,BIOMASS,89.91295690218607,154
2019-03-09T05:00:00Z,OTHER,GAS COGEN,38.470652823978,58
2019-03-09T05:00:00Z,OTHER,OIL/GAS,46.03314896053738,53
2019-03-09T05:00:00Z,OTHER,WOOD/REFUSE,86.72730795913273,158
2019-03-09T05:00:00Z,SOLAR,SOLAR,0,15
2019-03-09T05:00:00Z,WIND,WIND,207.7234591306746,1445
2019-03-09T06:00:00Z,COAL,COAL,3741.7875262620714,5568
2019-03-09T06:00:00Z,DUAL FUEL,DUAL FUEL,65.43947166866727,155
2019-03-09T06:00:00Z,GAS,COGENERATION,4172.566753694051,4988
2019-03-09T06:00:00Z,GAS,COMBINED CYCLE,1319.5640633569824,1748
2019-03-09T06:00:00Z,GAS,SIMPLE CYCLE,364.6746420182784,921
2019-03-09T06:00:00Z,HYDRO,HYDRO,135.93134476496112,894
2019-03-09T06:00:00Z,OTHER,BIOMASS,89.16858945263758,154
2019-03-09T06:00:00Z,OTHER,GAS COGEN,38.3189145067003,58
2019-03-09T06:00:00Z,OTHER,OIL/GAS,46.0632264497545,53
2019-03-09T06:00:00Z,OTHER,WOOD/REFUSE,84.2128927315606,158
2019-03-09T06:00:00Z,SOLAR,SOLAR,0,15
2019-03-09T06:00:00Z,WIND,WIND,226.89971700289183,1445
2019-03-09T07:00:00Z,COAL,COAL,3708.0711399120755,5568
2019-03-09T07:00:00Z,DUAL FUEL,DUAL FUEL,66.61267568800184,155
2019-03-09T07:00:00Z,GAS,COGENERATION,4179.122232003278,4988
2019-03-09T07:00:00Z,GAS,COMBINED CYCLE,1285.215120340983,1748
2019-03-09T07:00:00Z,GAS,SIMPLE CYCLE,370.10159473538397,921
2019-03-09T07:00:00Z,HYDRO,HYDRO,82.85477229979303,894
2019-03-09T07:00:00Z,OTHER,BIOMASS,87.87203389220768,154
2019-03-09T07:00:00Z,OTHER,GAS COGEN,38.1141475031111,58
2019-03-09T07:00:00Z,OTHER,OIL/GAS,45.74347106721666,53
2019-03-09T07:00:00Z,OTHER,WOOD/REFUSE,85.64579526848263,158
2019-03-09T07:00:00Z,SOLAR,SOLAR,0,15
2019-03-09T07:00:00Z,WIND,WIND,249.8558968921999,1445
2019-03-09T08:00:00Z,COAL,COAL,3555.979297311571,5568
2019-03-09T08:00:00Z,DUAL FUEL,DUAL FUEL,61.91490716934205,155
2019-03-09T08:00:00Z,GAS,COGENERATION,4185.108119345638,4988
2019-03-09T08:00:00Z,GAS,COMBINED CYCLE,1234.7282778782314,1748
2019-03-09T08:00:00Z,GAS,SIMPLE CYCLE,337.3424610512455,921
2019-03-09T08:00:00Z,HYDRO,HYDRO,107.83015765938494,894
2019-03-09T08:00:00Z,OTHER,BIOMASS,88.53083459589216,154
2019-03-09T08:00:00Z,OTHER,GAS COGEN,37.935490648481576,58
2019-03-09T08:00:00Z,OTHER,OIL/GAS,46.058109181722,53
2019-03-09T08:00:00Z,OTHER,WOOD/REFUSE,83.36621080292596,158
2019-03-09T08:00:00Z,SOLAR,SOLAR,0,15
2019-03-09T08:00:00Z,WIND,WIND,311.9653585402916,1445
2019-03-09T09:00:00Z,COAL,COAL,3610.092800248464,5568
2019-03-09T09:00:00Z,DUAL FUEL,DUAL FUEL,49.67349448945787,155
2019-03-09T09:00:00Z,GAS,COGENERATION,4188.426975252131,4988
2019-03-09T09:00:00Z,GAS,COMBINED CYCLE,1207.377052737077,1748
2019-03-09T09:00:00Z,GAS,SIMPLE CYCLE,321.406638929579,921
2019-03-09T09:00:00Z,HYDRO,HYDRO,80.39764570726288,894
2019-03-09T09:00:00Z,OTHER,BIOMASS,89.01392340395185,154
2019-03-09T09:00:00Z,OTHER,GAS COGEN,38.15752068413628,58
2019-03-09T09:00:00Z,OTHER,OIL/GAS,45.655777028401694,53
2019-03-09T09:00:00Z,OTHER,WOOD/REFUSE,83.17074844625262,158
2019-03-09T09:00:00Z,SOLAR,SOLAR,0,15
2019-03-09T09:00:00Z,WIND,WIND,309.8508571808288,1445
2019-03-09T10:00:00Z,COAL,COAL,3591.902975347307,5568
2019-03-09T10:00:00Z,DUAL FUEL,DUAL FUEL,50.76762231402927,155
2019-03-09T10:00:00Z,GAS,COGENERATION,4159.901407862902,4988
2019-03-09T10:00:00Z,GAS,COMBINED CYCLE,1184.1985385857688,1748
2019-03-09T10:00:00Z,GAS,SIMPLE CYCLE,320.2773504201571,921
2019-03-09T10:00:00Z,HYDRO,HYDRO,81.96466418597433,894
2019-03-09T10:00:00Z,OTHER,BIOMASS,89.69674012502034,154
2019-03-09T10:00:00Z,OTHER,GAS COGEN,37.90809440824721,58
2019-03-09T10:00:00Z,OTHER,OIL/GAS,45.92200317382813,53
2019-03-09T10:00:00Z,OTHER,WOOD/REFUSE,84.73788573741912,158
2019-03-09T10:00:00Z,SOLAR,SOLAR,0,15
2019-03-09T10:00:00Z,WIND,WIND,331.70208994590575,1445
2019-03-09T11:00:00Z,COAL,COAL,3550.0096307288277,5568
2019-03-09T11:00:00Z,DUAL FUEL,DUAL FUEL,50.14305544323391,155
2019-03-09T11:00:00Z,GAS,COGENERATION,4164.206234374775,4988
2019-03-09T11:00:00Z,GAS,COMBINED CYCLE,1214.7977451221147,1748
2019-03-09T11:00:00Z,GAS,SIMPLE CYCLE,321.8147280316883,921
2019-03-09T11:00:00Z,HYDRO,HYDRO,89.70608333216772,894
2019-03-09T11:00:00Z,OTHER,BIOMASS,87.83032344076368,154
2019-03-09T11:00:00Z,OTHER,GAS COGEN,37.90447473526001,58
2019-03-09T11:00:00Z,OTHER,OIL/GAS,46.071332388983834,53
2019-03-09T11:00:00Z,OTHER,WOOD/REFUSE,84.8039018366072,158
2019-03-09T11:00:00Z,SOLAR,SOLAR,0,15
2019-03-09T11:00:00Z,WIND,WIND,364.66962725635204,1445
2019-03-09T12:00:00Z,COAL,COAL,3549.9992188517253,5568
2019-03-09T12:00:00Z,DUAL FUEL,DUAL FUEL,50.21577077653673,155
2019-03-09T12:00:00Z,GAS,COGENERATION,4184.067403510279,4988
2019-03-09T12:00:00Z,GAS,COMBINED CYCLE,1222.1690632258521,1748
2019-03-09T12:00:00Z,GAS,SIMPLE CYCLE,320.9050540950563,921
2019-03-09T12:00:00Z,HYDRO,HYDRO,127.94204927979244,894
2019-03-09T12:00:00Z,OTHER,BIOMASS,88.96805072784424,154
2019-03-09T12:00:00Z,OTHER,GAS COGEN,38.13189535564846,58
2019-03-09T12:00:00Z,OTHER,OIL/GAS,46.01689944585164,53
2019-03-09T12:00:00Z,OTHER,WOOD/REFUSE,84.88716387377845,158
2019-03-09T12:00:00Z,SOLAR,SOLAR,0,15
2019-03-09T12:00:00Z,WIND,WIND,357.5560076250136,1445
2019-03-09T13:00:00Z,COAL,COAL,3636.7930121188692,5568
2019-03-09T13:00:00Z,DUAL FUEL,DUAL FUEL,63.52324093500773,155
2019-03-09T13:00:00Z,GAS,COGENERATION,4204.170619072649,4988
2019-03-09T13:00:00Z,GAS,COMBINED CYCLE,1291.452119934029,1748
2019-03-09T13:00:00Z,GAS,SIMPLE CYCLE,337.08190025746825,921
2019-03-09T13:00:00Z,HYDRO,HYDRO,123.25285886181726,894
2019-03-09T13:00:00Z,OTHER,BIOMASS,89.06415041234757,154
2019-03-09T13:00:00Z,OTHER,GAS COGEN,38.1214136589898,58
2019-03-09T13:00:00Z,OTHER,OIL/GAS,45.74978257921007,53
2019-03-09T13:00:00Z,OTHER,WOOD/REFUSE,85.65945332474179,158
2019-03-09T13:00:00Z,SOLAR,SOLAR,0,15
2019-03-09T13:00:00Z,WIND,WIND,231.68747731276684,1445
2019-03-09T14:00:00Z,COAL,COAL,3650.6733214526707,5568
2019-03-09T14:00:00Z,DUAL FUEL,DUAL FUEL,62.28012800428603,155
2019-03-09T14:00:00Z,GAS,COGENERATION,4216.023964560827,4988
2019-03-09T14:00:00Z,GAS,COMBINED CYCLE,1375.4336194284758,1748
2019-03-09T14:00:00Z,GAS,SIMPLE CYCLE,352.50724672122135,921
2019-03-09T14:00:00Z,HYDRO,HYDRO,108.06520139376323,894
2019-03-09T14:00:00Z,OTHER,BIOMASS,84.11010606076982,154
2019-03-09T14:00:00Z,OTHER,GAS COGEN,38.0021606874466,58
2019-03-09T14:00:00Z,OTHER,OIL/GAS,45.677915806240506,53
2019-03-09T14:00:00Z,OTHER,WOOD/REFUSE,85.29416886912452,158
2019-03-09T14:00:00Z,SOLAR,SOLAR,0.02949999824166298,15
2019-03-09T14:00:00Z,WIND,WIND,189.01602584544156,1445
2019-03-09T15:00:00Z,COAL,COAL,3661.773458811442,5568
2019-03-09T15:00:00Z,DUAL FUEL,DUAL FUEL,61.90836050457425,155
2019-03-09T15:00:00Z,GAS,COGENERATION,4216.610583841536,4988
2019-03-09T15:00:00Z,GAS,COMBINED CYCLE,1459.0665872123507,1748
2019-03-09T15:00:00Z,GAS,SIMPLE CYCLE,448.1579181549615,921
2019-03-09T15:00:00Z,HYDRO,HYDRO,122.34058504435752,894
2019-03-09T15:00:00Z,OTHER,BIOMASS,83.24357238875496,154
2019-03-09T15:00:00Z,OTHER,GAS COGEN,37.90643934726716,58
2019-03-09T15:00:00Z,OTHER,OIL/GAS,46.07033680174086,53
2019-03-09T15:00:00Z,OTHER,WOOD/REFUSE,85.73204338073731,158
2019-03-09T15:00:00Z,SOLAR,SOLAR,0.4259999746084213,15
2019-03-09T15:00:00Z,WIND,WIND,208.15856612957188,1445
2019-03-09T16:00:00Z,COAL,COAL,3631.6588694996303,5568
2019-03-09T16:00:00Z,DUAL FUEL,DUAL FUEL,50.65847414440579,155
2019-03-09T16:00:00Z,GAS,COGENERATION,4217.651474882232,4988
2019-03-09T16:00:00Z,GAS,COMBINED CYCLE,1494.7541799730725,1748
2019-03-09T16:00:00Z,GAS,SIMPLE CYCLE,327.32375768800574,921
2019-03-09T16:00:00Z,HYDRO,HYDRO,105.89199929091666,894
2019-03-09T16:00:00Z,OTHER,BIOMASS,85.36691697915396,154
2019-03-09T16:00:00Z,OTHER,GAS COGEN,37.91093309349484,58
2019-03-09T16:00:00Z,OTHER,OIL/GAS,45.887531195746526,53
2019-03-09T16:00:00Z,OTHER,WOOD/REFUSE,84.8617791832818,158
2019-03-09T16:00:00Z,SOLAR,SOLAR,1.1279999728666412,15
2019-03-09T16:00:00Z,WIND,WIND,223.08894140827988,1445
2019-03-09T17:00:00Z,COAL,COAL,3630.033931833903,5568
2019-03-09T17:00:00Z,DUAL FUEL,DUAL FUEL,50.15379269705878,155
2019-03-09T17:00:00Z,GAS,COGENERATION,4181.439273698595,4988
2019-03-09T17:00:00Z,GAS,COMBINED CYCLE,1492.676639913453,1748
2019-03-09T17:00:00Z,GAS,SIMPLE CYCLE,365.12811959584553,921
2019-03-09T17:00:00Z,HYDRO,HYDRO,116.78919782214693,894
2019-03-09T17:00:00Z,OTHER,BIOMASS,84.9417227713267,154
2019-03-09T17:00:00Z,OTHER,GAS COGEN,38.40104695532057,58
2019-03-09T17:00:00Z,OTHER,OIL/GAS,45.80445936838786,53
2019-03-09T17:00:00Z,OTHER,WOOD/REFUSE,84.0748824458652,158
2019-03-09T17:00:00Z,SOLAR,SOLAR,2.13416660255856,15
2019-03-09T17:00:00Z,WIND,WIND,228.70976203221414,1445
2019-03-09T18:00:00Z,COAL,COAL,3655.7609606636897,5568
2019-03-09T18:00:00Z,DUAL FUEL,DUAL FUEL,57.64439716762966,155
2019-03-09T18:00:00Z,GAS,COGENERATION,4214.420602962573,4988
2019-03-09T18:00:00Z,GAS,COMBINED CYCLE,1471.1951787498263,1748
2019-03-09T18:00:00Z,GAS,SIMPLE CYCLE,435.9932195803192,921
2019-03-09T18:00:00Z,HYDRO,HYDRO,141.927633018444,894
2019-03-09T18:00:00Z,OTHER,BIOMASS,81.35280552758111,154
2019-03-09T18:00:00Z,OTHER,GAS COGEN,38.49142682499355,58
2019-03-09T18:00:00Z,OTHER,OIL/GAS,45.86841624789768,53
2019-03-09T18:00:00Z,OTHER,WOOD/REFUSE,85.21047725253635,158
2019-03-09T18:00:00Z,SOLAR,SOLAR,3.8928332249323527,15
2019-03-09T18:00:00Z,WIND,WIND,163.62093325104152,1445
2019-03-09T19:00:00Z,COAL,COAL,3707.26729956309,5568
2019-03-09T19:00:00Z,DUAL FUEL,DUAL FUEL,56.10147412829929,155
2019-03-09T19:00:00Z,GAS,COGENERATION,4235.557042357127,4988
2019-03-09T19:00:00Z,GAS,COMBINED CYCLE,1462.8668062109418,1748
2019-03-09T19:00:00Z,GAS,SIMPLE CYCLE,395.0950905063417,921
2019-03-09T19:00:00Z,HYDRO,HYDRO,149.13001902103423,894
2019-03-09T19:00:00Z,OTHER,BIOMASS,83.17172264205084,154
2019-03-09T19:00:00Z,OTHER,GAS COGEN,38.17970111634997,58
2019-03-09T19:00:00Z,OTHER,OIL/GAS,42.610332253774,53
2019-03-09T19:00:00Z,OTHER,WOOD/REFUSE,85.38309103912778,158
2019-03-09T19:00:00Z,SOLAR,SOLAR,7.0977220553821985,15
2019-03-09T19:00:00Z,WIND,WIND,81.9687358588063,1445
2019-03-09T20:00:00Z,COAL,COAL,3653.666528409322,5568
2019-03-09T20:00:00Z,DUAL FUEL,DUAL FUEL,55.27843747033013,155
2019-03-09T20:00:00Z,GAS,COGENERATION,4229.138609255155,4988
2019-03-09T20:00:00Z,GAS,COMBINED CYCLE,1458.5103425751793,1748
2019-03-09T20:00:00Z,GAS,SIMPLE CYCLE,387.058030661477,921
2019-03-09T20:00:00Z,HYDRO,HYDRO,122.70034925195905,894
2019-03-09T20:00:00Z,OTHER,BIOMASS,82.13013933340709,154
2019-03-09T20:00:00Z,OTHER,GAS COGEN,38.09873515446981,58
2019-03-09T20:00:00Z,OTHER,OIL/GAS,40.612177041371666,53
2019-03-09T20:00:00Z,OTHER,WOOD/REFUSE,85.11338202370538,158
2019-03-09T20:00:00Z,SOLAR,SOLAR,9.084833136134677,15
2019-03-09T20:00:00Z,WIND,WIND,50.51148406260544,1445
2019-03-09T21:00:00Z,COAL,COAL,3653.908893093533,5568
2019-03-09T21:00:00Z,DUAL FUEL,DUAL FUEL,55.107262210845946,155
2019-03-09T21:00:00Z,GAS,COGENERATION,4222.852393000391,4988
2019-03-09T21:00:00Z,GAS,COMBINED CYCLE,1455.1833822313945,1748
2019-03-09T21:00:00Z,GAS,SIMPLE CYCLE,352.94223642663826,921
2019-03-09T21:00:00Z,HYDRO,HYDRO,117.04491899967194,894
2019-03-09T21:00:00Z,OTHER,BIOMASS,83.36618894524045,154
2019-03-09T21:00:00Z,OTHER,GAS COGEN,37.85937846607632,58
2019-03-09T21:00:00Z,OTHER,OIL/GAS,41.01308826234606,53
2019-03-09T21:00:00Z,OTHER,WOOD/REFUSE,85.32491352929009,158
2019-03-09T21:00:00Z,SOLAR,SOLAR,9.230610911316342,15
2019-03-09T21:00:00Z,WIND,WIND,33.73896377649572,1445
2019-03-09T22:00:00Z,COAL,COAL,3645.68432647917,5568
2019-03-09T22:00:00Z,DUAL FUEL,DUAL FUEL,54.51435854381985,155
2019-03-09T22:00:00Z,GAS,COGENERATION,4217.1272982870205,4988
2019-03-09T22:00:00Z,GAS,COMBINED CYCLE,1449.5145536438624,1748
2019-03-09T22:00:00Z,GAS,SIMPLE CYCLE,328.0207308154636,921
2019-03-09T22:00:00Z,HYDRO,HYDRO,109.38902168357538,894
2019-03-09T22:00:00Z,OTHER,BIOMASS,84.36295053905911,154
2019-03-09T22:00:00Z,OTHER,GAS COGEN,37.59102243900299,58
2019-03-09T22:00:00Z,OTHER,OIL/GAS,43.48580966737535,53
2019-03-09T22:00:00Z,OTHER,WOOD/REFUSE,85.84114113701715,158
2019-03-09T22:00:00Z,SOLAR,SOLAR,7.842944259378645,15
2019-03-09T22:00:00Z,WIND,WIND,23.060687816258934,1445
2019-03-09T23:00:00Z,COAL,COAL,3629.2244021903143,5568
2019-03-09T23:00:00Z,DUAL FUEL,DUAL FUEL,50.978352500067814,155
2019-03-09T23:00:00Z,GAS,COGENERATION,4205.313193766408,4988
2019-03-09T23:00:00Z,GAS,COMBINED CYCLE,1408.954510992898,1748
2019-03-09T23:00:00Z,GAS,SIMPLE CYCLE,407.44971040934325,921
2019-03-09T23:00:00Z,HYDRO,HYDRO,118.80752984874779,894
2019-03-09T23:00:00Z,OTHER,BIOMASS,86.83062842210134,154
2019-03-09T23:00:00Z,OTHER,GAS COGEN,37.8224635664622,58
2019-03-09T23:00:00Z,OTHER,OIL/GAS,45.34547601275974,53
2019-03-09T23:00:00Z,OTHER,WOOD/REFUSE,84.92949289268917,158
2019-03-09T23:00:00Z,SOLAR,SOLAR,4.324388828542498,15
2019-03-09T23:00:00Z,WIND,WIND,37.38541555989119,1445
2019-03-10T00:00:00Z,COAL,COAL,3632.6806592029993,5568
2019-03-10T00:00:00Z,DUAL FUEL,DUAL FUEL,51.070214445326066,155
2019-03-10T00:00:00Z,GAS,COGENERATION,4225.113857778973,4988
2019-03-10T00:00:00Z,GAS,COMBINED CYCLE,1441.7904213364918,1748
2019-03-10T00:00:00Z,GAS,SIMPLE CYCLE,460.86253623573316,921
2019-03-10T00:00:00Z,HYDRO,HYDRO,135.83767987887066,894
2019-03-10T00:00:00Z,OTHER,BIOMASS,86.39872306558821,154
2019-03-10T00:00:00Z,OTHER,GAS COGEN,37.7959002049764,58
2019-03-10T00:00:00Z,OTHER,OIL/GAS,45.60898671468099,53
2019-03-10T00:00:00Z,OTHER,WOOD/REFUSE,83.31602407137554,158
2019-03-10T00:00:00Z,SOLAR,SOLAR,1.555499963214,15
2019-03-10T00:00:00Z,WIND,WIND,72.63134501913356,1445
2019-03-10T01:00:00Z,COAL,COAL,3640.85846789466,5568
2019-03-10T01:00:00Z,DUAL FUEL,DUAL FUEL,51.17991875542535,155
2019-03-10T01:00:00Z,GAS,COGENERATION,4267.993262340227,4988
2019-03-10T01:00:00Z,GAS,COMBINED CYCLE,1502.0819457382627,1748
2019-03-10T01:00:00Z,GAS,SIMPLE CYCLE,428.5138945616616,921
2019-03-10T01:00:00Z,HYDRO,HYDRO,137.81781801144282,894
2019-03-10T01:00:00Z,OTHER,BIOMASS,82.61051713943482,154
2019-03-10T01:00:00Z,OTHER,GAS COGEN,37.93991701761881,58
2019-03-10T01:00:00Z,OTHER,OIL/GAS,46.34015395058526,53
2019-03-10T01:00:00Z,OTHER,WOOD/REFUSE,83.08192429436576,158
2019-03-10T01:00:00Z,SOLAR,SOLAR,0,15
2019-03-10T01:00:00Z,WIND,WIND,95.40430630124277,1445
2019-03-10T02:00:00Z,COAL,COAL,3671.554617292616,5568
2019-03-10T02:00:00Z,DUAL FUEL,DUAL FUEL,51.08281230714586,155
2019-03-10T02:00:00Z,GAS,COGENERATION,4286.835979074439,4988
2019-03-10T02:00:00Z,GAS,COMBINED CYCLE,1516.925286377271,1748
2019-03-10T02:00:00Z,GAS,SIMPLE CYCLE,450.39700673394736,921
2019-03-10T02:00:00Z,HYDRO,HYDRO,175.9141936630673,894
2019-03-10T02:00:00Z,OTHER,BIOMASS,80.93635030640496,154
2019-03-10T02:00:00Z,OTHER,GAS COGEN,37.96263304180569,58
2019-03-10T02:00:00Z,OTHER,OIL/GAS,46.513343215518525,53
2019-03-10T02:00:00Z,OTHER,WOOD/REFUSE,84.33125375217861,158
2019-03-10T02:00:00Z,SOLAR,SOLAR,0,15
2019-03-10T02:00:00Z,WIND,WIND,124.98816177160376,1445
2019-03-10T03:00:00Z,COAL,COAL,3653.0904767651027,5568
2019-03-10T03:00:00Z,DUAL FUEL,DUAL FUEL,51.08318146175808,155
2019-03-10T03:00:00Z,GAS,COGENERATION,4306.282790331178,4988
2019-03-10T03:00:00Z,GAS,COMBINED CYCLE,1500.1182150453992,1748
2019-03-10T03:00:00Z,GAS,SIMPLE CYCLE,432.9567240545319,921
2019-03-10T03:00:00Z,HYDRO,HYDRO,133.16053657382724,894
2019-03-10T03:00:00Z,OTHER,BIOMASS,77.04360073963801,154
2019-03-10T03:00:00Z,OTHER,GAS COGEN,37.995427459081014,58
2019-03-10T03:00:00Z,OTHER,OIL/GAS,46.692487970987955,53
2019-03-10T03:00:00Z,OTHER,WOOD/REFUSE,84.49421619892121,158
2019-03-10T03:00:00Z,SOLAR,SOLAR,0,15
2019-03-10T03:00:00Z,WIND,WIND,137.08555810110437,1445
2019-03-10T04:00:00Z,COAL,COAL,3668.557624583774,5568
2019-03-10T04:00:00Z,DUAL FUEL,DUAL FUEL,53.48388367123074,155
2019-03-10T04:00:00Z,GAS,COGENERATION,4324.212034663359,4988
2019-03-10T04:00:00Z,GAS,COMBINED CYCLE,1511.1515278848012,1748
2019-03-10T04:00:00Z,GAS,SIMPLE CYCLE,398.5652825682693,921
2019-03-10T04:00:00Z,HYDRO,HYDRO,126.55064040872786,894
2019-03-10T04:00:00Z,OTHER,BIOMASS,75.06849550141229,154
2019-03-10T04:00:00Z,OTHER,GAS COGEN,38.08325575934516,58
2019-03-10T04:00:00Z,OTHER,OIL/GAS,47.02274846394857,53
2019-03-10T04:00:00Z,OTHER,WOOD/REFUSE,84.607677748998,158
2019-03-10T04:00:00Z,SOLAR,SOLAR,0,15
2019-03-10T04:00:00Z,WIND,WIND,120.25800889201462,1445
2019-03-10T05:00:00Z,COAL,COAL,3801.0837420696685,5568
2019-03-10T05:00:00Z,DUAL FUEL,DUAL FUEL,56.57145485136244,155
2019-03-10T05:00:00Z,GAS,COGENERATION,4324.4388338857225,4988
2019-03-10T05:00:00Z,GAS,COMBINED CYCLE,1517.0089611026976,1748
2019-03-10T05:00:00Z,GAS,SIMPLE CYCLE,454.9525846938623,921
2019-03-10T05:00:00Z,HYDRO,HYDRO,136.03720288481978,894
2019-03-10T05:00:00Z,OTHER,BIOMASS,76.58861146556006,154
2019-03-10T05:00:00Z,OTHER,GAS COGEN,38.526092896461485,58
2019-03-10T05:00:00Z,OTHER,OIL/GAS,47.4175986205207,53
2019-03-10T05:00:00Z,OTHER,WOOD/REFUSE,84.71643318970997,158
2019-03-10T05:00:00Z,SOLAR,SOLAR,0,15
2019-03-10T05:00:00Z,WIND,WIND,77.17582565368878,1445
2019-03-10T06:00:00Z,COAL,COAL,3806.529691552056,5568
2019-03-10T06:00:00Z,DUAL FUEL,DUAL FUEL,58.4264503288269,155
2019-03-10T06:00:00Z,GAS,COGENERATION,4339.745710667041,4988
2019-03-10T06:00:00Z,GAS,COMBINED CYCLE,1489.9739097534286,1748
2019-03-10T06:00:00Z,GAS,SIMPLE CYCLE,366.4621355939739,921
2019-03-10T06:00:00Z,HYDRO,HYDRO,106.50335037251313,894
2019-03-10T06:00:00Z,OTHER,BIOMASS,78.74382859230042,154
2019-03-10T06:00:00Z,OTHER,GAS COGEN,38.697735985649956,58
2019-03-10T06:00:00Z,OTHER,OIL/GAS,47.51508177015516,53
2019-03-10T06:00:00Z,OTHER,WOOD/REFUSE,84.87777890205383,158
2019-03-10T06:00:00Z,SOLAR,SOLAR,0,15
2019-03-10T06:00:00Z,WIND,WIND,82.28979572075936,1445
2019-03-10T07:00:00Z,COAL,COAL,3724.7464182747735,5568
2019-03-10T07:00:00Z,DUAL FUEL,DUAL FUEL,58.64428788503011,155
2019-03-10T07:00:00Z,GAS,COGENERATION,4333.333578976327,4988
2019-03-10T07:00:00Z,GAS,COMBINED CYCLE,1349.3439289220173,1748
2019-03-10T07:00:00Z,GAS,SIMPLE CYCLE,385.4046276908451,921
2019-03-10T07:00:00Z,HYDRO,HYDRO,117.94042347172896,894
2019-03-10T07:00:00Z,OTHER,BIOMASS,84.5623117627038,154
2019-03-10T07:00:00Z,OTHER,GAS COGEN,38.516333275371125,58
2019-03-10T07:00:00Z,OTHER,OIL/GAS,46.93550374560886,53
2019-03-10T07:00:00Z,OTHER,WOOD/REFUSE,87.29332450283898,158
2019-03-10T07:00:00Z,SOLAR,SOLAR,0,15
2019-03-10T07:00:00Z,WIND,WIND,90.27911470548975,1445
2019-03-10T08:00:00Z,COAL,COAL,3872.3394227049084,5568
2019-03-10T08:00:00Z,DUAL FUEL,DUAL FUEL,119.18959147559272,155
2019-03-10T08:00:00Z,GAS,COGENERATION,4330.806631798215,4988
2019-03-10T08:00:00Z,GAS,COMBINED CYCLE,1295.5166659614774,1748
2019-03-10T08:00:00Z,GAS,SIMPLE CYCLE,385.37015845881564,921
2019-03-10T08:00:00Z,HYDRO,HYDRO,106.55612738178836,894
2019-03-10T08:00:00Z,OTHER,BIOMASS,89.39197327507866,154
2019-03-10T08:00:00Z,OTHER,GAS COGEN,38.309370814429386,58
2019-03-10T08:00:00Z,OTHER,OIL/GAS,47.32277539571126,53
2019-03-10T08:00:00Z,OTHER,WOOD/REFUSE,92.84945406807793,158
2019-03-10T08:00:00Z,SOLAR,SOLAR,0,15
2019-03-10T08:00:00Z,WIND,WIND,96.93680177620716,1445
2019-03-10T09:00:00Z,COAL,COAL,3824.951354942322,5568
2019-03-10T09:00:00Z,DUAL FUEL,DUAL FUEL,54.877277060614695,155
2019-03-10T09:00:00Z,GAS,COGENERATION,4337.879622062842,4988
2019-03-10T09:00:00Z,GAS,COMBINED CYCLE,1221.42889200396,1748
2019-03-10T09:00:00Z,GAS,SIMPLE CYCLE,369.52101504557663,921
2019-03-10T09:00:00Z,HYDRO,HYDRO,96.26803327076965,894
2019-03-10T09:00:00Z,OTHER,BIOMASS,89.60097862429089,154
2019-03-10T09:00:00Z,OTHER,GAS COGEN,38.27178750356038,58
2019-03-10T09:00:00Z,OTHER,OIL/GAS,46.40782146453857,53
2019-03-10T09:00:00Z,OTHER,WOOD/REFUSE,85.77644311004214,158
2019-03-10T09:00:00Z,SOLAR,SOLAR,0,15
2019-03-10T09:00:00Z,WIND,WIND,130.44136126370893,1445
2019-03-10T10:00:00Z,COAL,COAL,3596.523414700826,5568
2019-03-10T10:00:00Z,DUAL FUEL,DUAL FUEL,48.95247620900472,155
2019-03-10T10:00:00Z,GAS,COGENERATION,4339.480731762449,4988
2019-03-10T10:00:00Z,GAS,COMBINED CYCLE,1227.2019998780886,1748
2019-03-10T10:00:00Z,GAS,SIMPLE CYCLE,346.28671277099187,921
2019-03-10T10:00:00Z,HYDRO,HYDRO,119.00279850330618,894
2019-03-10T10:00:00Z,OTHER,BIOMASS,85.89990544504589,154
2019-03-10T10:00:00Z,OTHER,GAS COGEN,38.05319465955098,58
2019-03-10T10:00:00Z,OTHER,OIL/GAS,46.59770423677232,53
2019-03-10T10:00:00Z,OTHER,WOOD/REFUSE,84.11809040917291,158
2019-03-10T10:00:00Z,SOLAR,SOLAR,0,15
2019-03-10T10:00:00Z,WIND,WIND,272.6214043898218,1445
2019-03-10T11:00:00Z,COAL,COAL,3589.0079846805997,5568
2019-03-10T11:00:00Z,DUAL FUEL,DUAL FUEL,43.68698892169529,155
2019-03-10T11:00:00Z,GAS,COGENERATION,4306.149183496601,4988
2019-03-10T11:00:00Z,GAS,COMBINED CYCLE,1227.6616451605162,1748
2019-03-10T11:00:00Z,GAS,SIMPLE CYCLE,324.09326307853064,921
2019-03-10T11:00:00Z,HYDRO,HYDRO,117.28355458002952,894
2019-03-10T11:00:00Z,OTHER,BIOMASS,73.0688331466251,154
2019-03-10T11:00:00Z,OTHER,GAS COGEN,37.92889323234559,58
2019-03-10T11:00:00Z,OTHER,OIL/GAS,46.94847706052992,53
2019-03-10T11:00:00Z,OTHER,WOOD/REFUSE,84.56295689582825,158
2019-03-10T11:00:00Z,SOLAR,SOLAR,0,15
2019-03-10T11:00:00Z,WIND,WIND,372.9787290836705,1445
2019-03-10T12:00:00Z,COAL,COAL,3629.861635723114,5568
2019-03-10T12:00:00Z,DUAL FUEL,DUAL FUEL,50.20117808447944,155
2019-03-10T12:00:00Z,GAS,COGENERATION,4269.284081728558,4988
2019-03-10T12:00:00Z,GAS,COMBINED CYCLE,1227.1031159853935,1748
2019-03-10T12:00:00Z,GAS,SIMPLE CYCLE,317.2059793334868,921
2019-03-10T12:00:00Z,HYDRO,HYDRO,126.07745710134506,894
2019-03-10T12:00:00Z,OTHER,BIOMASS,71.46393890831206,154
2019-03-10T12:00:00Z,OTHER,GAS COGEN,38.06814162254334,58
2019-03-10T12:00:00Z,OTHER,OIL/GAS,46.207616365220815,53
2019-03-10T12:00:00Z,OTHER,WOOD/REFUSE,84.61563005182478,158
2019-03-10T12:00:00Z,SOLAR,SOLAR,0,15
2019-03-10T12:00:00Z,WIND,WIND,464.4524841043684,1445
2019-03-10T13:00:00Z,COAL,COAL,3604.5684444491067,5568
2019-03-10T13:00:00Z,DUAL FUEL,DUAL FUEL,43.68042717827691,155
2019-03-10T13:00:00Z,GAS,COGENERATION,4216.6327300834655,4988
2019-03-10T13:00:00Z,GAS,COMBINED CYCLE,1296.6249074554444,1748
2019-03-10T13:00:00Z,GAS,SIMPLE CYCLE,352.22409239542156,921
2019-03-10T13:00:00Z,HYDRO,HYDRO,101.1252161308792,894
2019-03-10T13:00:00Z,OTHER,BIOMASS,76.57452231486639,154
2019-03-10T13:00:00Z,OTHER,GAS COGEN,38.13554360601637,58
2019-03-10T13:00:00Z,OTHER,OIL/GAS,45.96512687471178,53
2019-03-10T13:00:00Z,OTHER,WOOD/REFUSE,84.47040089289348,158
2019-03-10T13:00:00Z,SOLAR,SOLAR,0,15
2019-03-10T13:00:00Z,WIND,WIND,537.6247606579132,1445
2019-03-10T14:00:00Z,COAL,COAL,3646.9044643423294,5568
2019-03-10T14:00:00Z,DUAL FUEL,DUAL FUEL,50.382225642734106,155
2019-03-10T14:00:00Z,GAS,COGENERATION,4090.2432232375195,4988
2019-03-10T14:00:00Z,GAS,COMBINED CYCLE,1403.6548626568583,1748
2019-03-10T14:00:00Z,GAS,SIMPLE CYCLE,445.1714293222957,921
2019-03-10T14:00:00Z,HYDRO,HYDRO,115.92424715624915,894
2019-03-10T14:00:00Z,OTHER,BIOMASS,74.46441671901279,154
2019-03-10T14:00:00Z,OTHER,GAS COGEN,38.27985887315538,58
2019-03-10T14:00:00Z,OTHER,OIL/GAS,44.942920756869846,53
2019-03-10T14:00:00Z,OTHER,WOOD/REFUSE,83.81837111367119,158
2019-03-10T14:00:00Z,SOLAR,SOLAR,1.1453333047363494,15
2019-03-10T14:00:00Z,WIND,WIND,514.5353495384918,1445
2019-03-10T15:00:00Z,COAL,COAL,3696.594841931661,5568
2019-03-10T15:00:00Z,DUAL FUEL,DUAL FUEL,55.25674709743924,155
2019-03-10T15:00:00Z,GAS,COGENERATION,4066.747132801273,4988
2019-03-10T15:00:00Z,GAS,COMBINED CYCLE,1484.2338127417033,1748
2019-03-10T15:00:00Z,GAS,SIMPLE CYCLE,479.77841642821005,921
2019-03-10T15:00:00Z,HYDRO,HYDRO,105.20098022831812,894
2019-03-10T15:00:00Z,OTHER,BIOMASS,77.39901697331004,154
2019-03-10T15:00:00Z,OTHER,GAS COGEN,38.320655083126496,58
2019-03-10T15:00:00Z,OTHER,OIL/GAS,44.30911638683743,53
2019-03-10T15:00:00Z,OTHER,WOOD/REFUSE,84.57925885518392,158
2019-03-10T15:00:00Z,SOLAR,SOLAR,5.341666564676497,15
2019-03-10T15:00:00Z,WIND,WIND,564.9359452728762,1445
2019-03-10T16:00:00Z,COAL,COAL,3704.7599202919005,5568
2019-03-10T16:00:00Z,DUAL FUEL,DUAL FUEL,53.97693336062961,155
2019-03-10T16:00:00Z,GAS,COGENERATION,4082.8283979694793,4988
2019-03-10T16:00:00Z,GAS,COMBINED CYCLE,1498.5418498240579,1748
2019-03-10T16:00:00Z,GAS,SIMPLE CYCLE,463.9200548940069,921
2019-03-10T16:00:00Z,HYDRO,HYDRO,107.90666340933906,894
2019-03-10T16:00:00Z,OTHER,BIOMASS,81.97223888185289,154
2019-03-10T16:00:00Z,OTHER,GAS COGEN,38.26501330481635,58
2019-03-10T16:00:00Z,OTHER,OIL/GAS,44.077960075802274,53
2019-03-10T16:00:00Z,OTHER,WOOD/REFUSE,84.30101244767506,158
2019-03-10T16:00:00Z,SOLAR,SOLAR,9.208333141803742,15
2019-03-10T16:00:00Z,WIND,WIND,545.3796629729039,1445
2019-03-10T17:00:00Z,COAL,COAL,3643.044532606337,5568
2019-03-10T17:00:00Z,DUAL FUEL,DUAL FUEL,51.790431847042505,155
2019-03-10T17:00:00Z,GAS,COGENERATION,4072.4742008945013,4988
2019-03-10T17:00:00Z,GAS,COMBINED CYCLE,1497.848583752844,1748
2019-03-10T17:00:00Z,GAS,SIMPLE CYCLE,424.11498574859564,921
2019-03-10T17:00:00Z,HYDRO,HYDRO,131.00950404950314,894
2019-03-10T17:00:00Z,OTHER,BIOMASS,88.15448307037354,154
2019-03-10T17:00:00Z,OTHER,GAS COGEN,38.0537210729387,58
2019-03-10T17:00:00Z,OTHER,OIL/GAS,43.83653135299683,53
2019-03-10T17:00:00Z,OTHER,WOOD/REFUSE,83.45788186656104,158
2019-03-10T17:00:00Z,SOLAR,SOLAR,11.994999757342867,15
2019-03-10T17:00:00Z,WIND,WIND,532.6042230688366,1445
2019-03-10T18:00:00Z,COAL,COAL,3648.4034848891365,5568
2019-03-10T18:00:00Z,DUAL FUEL,DUAL FUEL,55.17145478566488,155
2019-03-10T18:00:00Z,GAS,COGENERATION,4055.142098538495,4988
2019-03-10T18:00:00Z,GAS,COMBINED CYCLE,1487.709433640374,1748
2019-03-10T18:00:00Z,GAS,SIMPLE CYCLE,462.903322465784,921
2019-03-10T18:00:00Z,HYDRO,HYDRO,117.1481062731478,894
2019-03-10T18:00:00Z,OTHER,BIOMASS,90.7089052576489,154
2019-03-10T18:00:00Z,OTHER,GAS COGEN,38.05953252792358,58
2019-03-10T18:00:00Z,OTHER,OIL/GAS,43.71083148744371,53
2019-03-10T18:00:00Z,OTHER,WOOD/REFUSE,83.61088512473637,158
2019-03-10T18:00:00Z,SOLAR,SOLAR,13.741333137088352,15
2019-03-10T18:00:00Z,WIND,WIND,524.0974439086351,1445
2019-03-10T19:00:00Z,COAL,COAL,3385.7431055344477,5568
2019-03-10T19:00:00Z,DUAL FUEL,DUAL FUEL,50.772629000345866,155
2019-03-10T19:00:00Z,GAS,COGENERATION,4002.3126611526145,4988
2019-03-10T19:00:00Z,GAS,COMBINED CYCLE,1389.2386446613737,1748
2019-03-10T19:00:00Z,GAS,SIMPLE CYCLE,437.64890235953857,921
2019-03-10T19:00:00Z,HYDRO,HYDRO,102.90790112098058,894
2019-03-10T19:00:00Z,OTHER,BIOMASS,94.96891726944182,154
2019-03-10T19:00:00Z,OTHER,GAS COGEN,37.99613020896912,58
2019-03-10T19:00:00Z,OTHER,OIL/GAS,43.72324766582913,53
2019-03-10T19:00:00Z,OTHER,WOOD/REFUSE,83.60032861338722,158
2019-03-10T19:00:00Z,SOLAR,SOLAR,14.550999714533488,15
2019-03-10T19:00:00Z,WIND,WIND,558.9666703335444,1445
2019-03-10T20:00:00Z,COAL,COAL,3369.7907183202105,5568
2019-03-10T20:00:00Z,DUAL FUEL,DUAL FUEL,51.12664322323269,155
2019-03-10T20:00:00Z,GAS,COGENERATION,3958.0470023513503,4988
2019-03-10T20:00:00Z,GAS,COMBINED CYCLE,1391.930602584415,1748
2019-03-10T20:00:00Z,GAS,SIMPLE CYCLE,457.33293635990884,921
2019-03-10T20:00:00Z,HYDRO,HYDRO,105.93123405747944,894
2019-03-10T20:00:00Z,OTHER,BIOMASS,94.58854534811444,154
2019-03-10T20:00:00Z,OTHER,GAS COGEN,37.837079713609484,58
2019-03-10T20:00:00Z,OTHER,OIL/GAS,44.33750455644395,53
2019-03-10T20:00:00Z,OTHER,WOOD/REFUSE,83.7058679151535,158
2019-03-10T20:00:00Z,SOLAR,SOLAR,14.419333046807184,15
2019-03-10T20:00:00Z,WIND,WIND,609.6062374987702,1445
2019-03-10T21:00:00Z,COAL,COAL,3339.7645191383363,5568
2019-03-10T21:00:00Z,DUAL FUEL,DUAL FUEL,51.09197952270508,155
2019-03-10T21:00:00Z,GAS,COGENERATION,3934.8616138439047,4988
2019-03-10T21:00:00Z,GAS,COMBINED CYCLE,1433.8846734211181,1748
2019-03-10T21:00:00Z,GAS,SIMPLE CYCLE,455.14088029854827,921
2019-03-10T21:00:00Z,HYDRO,HYDRO,132.52949180258645,894
2019-03-10T21:00:00Z,OTHER,BIOMASS,96.13138362434175,154
2019-03-10T21:00:00Z,OTHER,GAS COGEN,37.895274244944254,58
2019-03-10T21:00:00Z,OTHER,OIL/GAS,44.499787188635935,53
2019-03-10T21:00:00Z,OTHER,WOOD/REFUSE,83.44856627093421,158
2019-03-10T21:00:00Z,SOLAR,SOLAR,12.90816657225291,15
2019-03-10T21:00:00Z,WIND,WIND,584.3794674912095,1445
2019-03-10T22:00:00Z,COAL,COAL,3334.726320559184,5568
2019-03-10T22:00:00Z,DUAL FUEL,DUAL FUEL,51.098433564503985,155
2019-03-10T22:00:00Z,GAS,COGENERATION,3967.082667919,4988
2019-03-10T22:00:00Z,GAS,COMBINED CYCLE,1481.5781619151433,1748
2019-03-10T22:00:00Z,GAS,SIMPLE CYCLE,456.6294960171646,921
2019-03-10T22:00:00Z,HYDRO,HYDRO,110.41789836645125,894
2019-03-10T22:00:00Z,OTHER,BIOMASS,94.06156702624428,154
2019-03-10T22:00:00Z,OTHER,GAS COGEN,37.5885924466451,58
2019-03-10T22:00:00Z,OTHER,OIL/GAS,44.15909300910102,53
2019-03-10T22:00:00Z,OTHER,WOOD/REFUSE,83.6203501203325,158
2019-03-10T22:00:00Z,SOLAR,SOLAR,10.387999806933934,15
2019-03-10T22:00:00Z,WIND,WIND,663.4815941785441,1445
2019-03-10T23:00:00Z,COAL,COAL,3380.021939447191,5568
2019-03-10T23:00:00Z,DUAL FUEL,DUAL FUEL,51.04559530258179,155
2019-03-10T23:00:00Z,GAS,COGENERATION,3972.760303269095,4988
2019-03-10T23:00:00Z,GAS,COMBINED CYCLE,1486.3472028064728,1748
2019-03-10T23:00:00Z,GAS,SIMPLE CYCLE,503.66332299835153,921
2019-03-10T23:00:00Z,HYDRO,HYDRO,127.35086431503295,894
2019-03-10T23:00:00Z,OTHER,BIOMASS,94.86849493609535,154
2019-03-10T23:00:00Z,OTHER,GAS COGEN,37.72000219133165,58
2019-03-10T23:00:00Z,OTHER,OIL/GAS,43.338382994333905,53
2019-03-10T23:00:00Z,OTHER,WOOD/REFUSE,83.80819941732618,158
2019-03-10T23:00:00Z,SOLAR,SOLAR,6.704499816894531,15
2019-03-10T23:00:00Z,WIND,WIND,808.4291330655416,1445
2019-03-11T00:00:00Z,COAL,COAL,3353.628257776896,5568
2019-03-11T00:00:00Z,DUAL FUEL,DUAL FUEL,51.10607382244534,155
2019-03-11T00:00:00Z,GAS,COGENERATION,3972.2462968512377,4988
2019-03-11T00:00:00Z,GAS,COMBINED CYCLE,1486.0429889265695,1748
2019-03-11T00:00:00Z,GAS,SIMPLE CYCLE,457.96011841495834,921
2019-03-11T00:00:00Z,HYDRO,HYDRO,109.02190440187852,894
2019-03-11T00:00:00Z,OTHER,BIOMASS,95.75220600234138,154
2019-03-11T00:00:00Z,OTHER,GAS COGEN,37.75909298578898,58
2019-03-11T00:00:00Z,OTHER,OIL/GAS,41.72994849734836,53
2019-03-11T00:00:00Z,OTHER,WOOD/REFUSE,83.02260218779246,158
2019-03-11T00:00:00Z,SOLAR,SOLAR,2.2301666120025847,15
2019-03-11T00:00:00Z,WIND,WIND,963.472690922949,1445
2019-03-11T01:00:00Z,COAL,COAL,3506.5002108870613,5568
2019-03-11T01:00:00Z,DUAL FUEL,DUAL FUEL,52.00076004240248,155
2019-03-11T01:00:00Z,GAS,COGENERATION,3967.427509952353,4988
2019-03-11T01:00:00Z,GAS,COMBINED CYCLE,1507.552170347108,1748
2019-03-11T01:00:00Z,GAS,SIMPLE CYCLE,463.1538840460446,921
2019-03-11T01:00:00Z,HYDRO,HYDRO,166.57286853061782,894
2019-03-11T01:00:00Z,OTHER,BIOMASS,97.78978392124176,154
2019-03-11T01:00:00Z,OTHER,GAS COGEN,37.651027238633894,58
2019-03-11T01:00:00Z,OTHER,OIL/GAS,40.47144395828247,53
2019-03-11T01:00:00Z,OTHER,WOOD/REFUSE,84.3595813814799,158
2019-03-11T01:00:00Z,SOLAR,SOLAR,0,15
2019-03-11T01:00:00Z,WIND,WIND,1068.5446388628748,1445
2019-03-11T02:00:00Z,COAL,COAL,3677.3292130957707,5568
2019-03-11T02:00:00Z,DUAL FUEL,DUAL FUEL,54.41171119901869,155
2019-03-11T02:00:00Z,GAS,COGENERATION,3971.645232022868,4988
2019-03-11T02:00:00Z,GAS,COMBINED CYCLE,1503.697394662963,1748
2019-03-11T02:00:00Z,GAS,SIMPLE CYCLE,469.2548878008789,921
2019-03-11T02:00:00Z,HYDRO,HYDRO,162.74264425290954,894
2019-03-11T02:00:00Z,OTHER,BIOMASS,97.76726730134752,154
2019-03-11T02:00:00Z,OTHER,GAS COGEN,37.80530941645304,58
2019-03-11T02:00:00Z,OTHER,OIL/GAS,40.77513831456502,53
2019-03-11T02:00:00Z,OTHER,WOOD/REFUSE,84.20435785823398,158
2019-03-11T02:00:00Z,SOLAR,SOLAR,0,15
2019-03-11T02:00:00Z,WIND,WIND,1083.4907311087184,1445
2019-03-11T03:00:00Z,COAL,COAL,3586.571962170071,5568
2019-03-11T03:00:00Z,DUAL FUEL,DUAL FUEL,51.69236965603299,155
2019-03-11T03:00:00Z,GAS,COGENERATION,4000.566007294456,4988
2019-03-11T03:00:00Z,GAS,COMBINED CYCLE,1487.406129366027,1748
2019-03-11T03:00:00Z,GAS,SIMPLE CYCLE,442.4172273589836,921
2019-03-11T03:00:00Z,HYDRO,HYDRO,101.75710901730591,894
2019-03-11T03:00:00Z,OTHER,BIOMASS,101.28304540263282,154
2019-03-11T03:00:00Z,OTHER,GAS COGEN,37.5737840769026,58
2019-03-11T03:00:00Z,OTHER,OIL/GAS,40.90060458077325,53
2019-03-11T03:00:00Z,OTHER,WOOD/REFUSE,85.26487715297276,158
2019-03-11T03:00:00Z,SOLAR,SOLAR,0,15
2019-03-11T03:00:00Z,WIND,WIND,1205.0798556751674,1445
2019-03-11T04:00:00Z,COAL,COAL,3340.418328022427,5568
2019-03-11T04:00:00Z,DUAL FUEL,DUAL FUEL,43.22693841086494,155
2019-03-11T04:00:00Z,GAS,COGENERATION,3991.847346904145,4988
2019-03-11T04:00:00Z,GAS,COMBINED CYCLE,1429.5570716325442,1748
2019-03-11T04:00:00Z,GAS,SIMPLE CYCLE,426.74163872554897,921
2019-03-11T04:00:00Z,HYDRO,HYDRO,93.94274453534021,894
2019-03-11T04:00:00Z,OTHER,BIOMASS,95.64701775391896,154
2019-03-11T04:00:00Z,OTHER,GAS COGEN,37.21501429451836,58
2019-03-11T04:00:00Z,OTHER,OIL/GAS,40.54102606243558,53
2019-03-11T04:00:00Z,OTHER,WOOD/REFUSE,86.1463119257821,158
2019-03-11T04:00:00Z,SOLAR,SOLAR,0,15
2019-03-11T04:00:00Z,WIND,WIND,1315.0078608777787,1445
2019-03-11T05:00:00Z,COAL,COAL,3242.868162680732,5568
2019-03-11T05:00:00Z,DUAL FUEL,DUAL FUEL,43.25508247375488,155
2019-03-11T05:00:00Z,GAS,COGENERATION,3993.575797201602,4988
2019-03-11T05:00:00Z,GAS,COMBINED CYCLE,1300.015792028374,1748
2019-03-11T05:00:00Z,GAS,SIMPLE CYCLE,405.9505771073037,921
2019-03-11T05:00:00Z,HYDRO,HYDRO,94.8875614749723,894
2019-03-11T05:00:00Z,OTHER,BIOMASS,95.51250641663869,154
2019-03-11T05:00:00Z,OTHER,GAS COGEN,37.09481648974948,58
2019-03-11T05:00:00Z,OTHER,OIL/GAS,40.968882467481826,53
2019-03-11T05:00:00Z,OTHER,WOOD/REFUSE,84.94327168358697,158
2019-03-11T05:00:00Z,SOLAR,SOLAR,0,15
2019-03-11T05:00:00Z,WIND,WIND,1279.0007727527618,1445
2019-03-11T06:00:00Z,COAL,COAL,3200.917221313053,5568
2019-03-11T06:00:00Z,DUAL FUEL,DUAL FUEL,43.38626549190945,155
2019-03-11T06:00:00Z,GAS,COGENERATION,4011.4688116880507,4988
2019-03-11T06:00:00Z,GAS,COMBINED CYCLE,1273.6376633151372,1748
2019-03-11T06:00:00Z,GAS,SIMPLE CYCLE,325.3905188234647,921
2019-03-11T06:00:00Z,HYDRO,HYDRO,119.9830459233125,894
2019-03-11T06:00:00Z,OTHER,BIOMASS,98.63739540709389,154
2019-03-11T06:00:00Z,OTHER,GAS COGEN,44.08320396741231,58
2019-03-11T06:00:00Z,OTHER,OIL/GAS,41.42744255277846,53
2019-03-11T06:00:00Z,OTHER,WOOD/REFUSE,84.73297883192699,158
2019-03-11T06:00:00Z,SOLAR,SOLAR,0,15
2019-03-11T06:00:00Z,WIND,WIND,1200.428391216066,1445
2019-03-11T07:00:00Z,COAL,COAL,3246.5717771869236,5568
2019-03-11T07:00:00Z,DUAL FUEL,DUAL FUEL,43.467457118564184,155
2019-03-11T07:00:00Z,GAS,COGENERATION,4045.7196573075985,4988
2019-03-11T07:00:00Z,GAS,COMBINED CYCLE,1270.2757856064372,1748
2019-03-11T07:00:00Z,GAS,SIMPLE CYCLE,231.61805962834092,921
2019-03-11T07:00:00Z,HYDRO,HYDRO,121.53306378030115,894
2019-03-11T07:00:00Z,OTHER,BIOMASS,98.17122260782455,154
2019-03-11T07:00:00Z,OTHER,GAS COGEN,45.715337438583376,58
2019-03-11T07:00:00Z,OTHER,OIL/GAS,41.0534820429484,53
2019-03-11T07:00:00Z,OTHER,WOOD/REFUSE,85.11353305021922,158
2019-03-11T07:00:00Z,SOLAR,SOLAR,0,15
2019-03-11T07:00:00Z,WIND,WIND,1157.9188435856502,1445
2019-03-11T08:00:00Z,COAL,COAL,3205.780688716041,5568
2019-03-11T08:00:00Z,DUAL FUEL,DUAL FUEL,43.53629777696398,155
2019-03-11T08:00:00Z,GAS,COGENERATION,4045.886793859932,4988
2019-03-11T08:00:00Z,GAS,COMBINED CYCLE,1263.8740770316124,1748
2019-03-11T08:00:00Z,GAS,SIMPLE CYCLE,229.9374252392186,921
2019-03-11T08:00:00Z,HYDRO,HYDRO,89.30683709637987,894
2019-03-11T08:00:00Z,OTHER,BIOMASS,96.15280666192373,154
2019-03-11T08:00:00Z,OTHER,GAS COGEN,45.71720178498162,58
2019-03-11T08:00:00Z,OTHER,OIL/GAS,41.06020455678304,53
2019-03-11T08:00:00Z,OTHER,WOOD/REFUSE,85.27139408747355,158
2019-03-11T08:00:00Z,SOLAR,SOLAR,0,15
2019-03-11T08:00:00Z,WIND,WIND,1202.5778507211473,1445
2019-03-11T09:00:00Z,COAL,COAL,3178.6588381449383,5568
2019-03-11T09:00:00Z,DUAL FUEL,DUAL FUEL,43.384144916534424,155
2019-03-11T09:00:00Z,GAS,COGENERATION,4017.4095146595105,4988
2019-03-11T09:00:00Z,GAS,COMBINED CYCLE,1276.928600086636,1748
2019-03-11T09:00:00Z,GAS,SIMPLE CYCLE,229.85132445255917,921
2019-03-11T09:00:00Z,HYDRO,HYDRO,125.41545911517409,894
2019-03-11T09:00:00Z,OTHER,BIOMASS,97.18359487427605,154
2019-03-11T09:00:00Z,OTHER,GAS COGEN,45.88928080929651,58
2019-03-11T09:00:00Z,OTHER,OIL/GAS,40.56029440350003,53
2019-03-11T09:00:00Z,OTHER,WOOD/REFUSE,85.7523192834854,158
2019-03-11T09:00:00Z,SOLAR,SOLAR,0,15
2019-03-11T09:00:00Z,WIND,WIND,1194.9511138709386,1445
2019-03-11T10:00:00Z,COAL,COAL,3392.14507985221,5568
2019-03-11T10:00:00Z,DUAL FUEL,DUAL FUEL,43.346040670606826,155
2019-03-11T10:00:00Z,GAS,COGENERATION,4017.2989109510845,4988
2019-03-11T10:00:00Z,GAS,COMBINED CYCLE,1199.9415260092417,1748
2019-03-11T10:00:00Z,GAS,SIMPLE CYCLE,228.35551719400618,921
2019-03-11T10:00:00Z,HYDRO,HYDRO,100.49641764799755,894
2019-03-11T10:00:00Z,OTHER,BIOMASS,100.16516168329451,154
2019-03-11T10:00:00Z,OTHER,GAS COGEN,45.63859561708239,58
2019-03-11T10:00:00Z,OTHER,OIL/GAS,40.45362719429864,53
2019-03-11T10:00:00Z,OTHER,WOOD/REFUSE,86.17369809150695,158
2019-03-11T10:00:00Z,SOLAR,SOLAR,0,15
2019-03-11T10:00:00Z,WIND,WIND,1140.8528171486325,1445
2019-03-11T11:00:00Z,COAL,COAL,3438.5082800017462,5568
2019-03-11T11:00:00Z,DUAL FUEL,DUAL FUEL,43.43346244388157,155
2019-03-11T11:00:00Z,GAS,COGENERATION,4007.1395137019954,4988
2019-03-11T11:00:00Z,GAS,COMBINED CYCLE,1240.1328821327952,1748
2019-03-11T11:00:00Z,GAS,SIMPLE CYCLE,306.78245075040394,921
2019-03-11T11:00:00Z,HYDRO,HYDRO,108.1604569645226,894
2019-03-11T11:00:00Z,OTHER,BIOMASS,99.14955039342244,154
2019-03-11T11:00:00Z,OTHER,GAS COGEN,45.20605969746907,58
2019-03-11T11:00:00Z,OTHER,OIL/GAS,40.558826478322345,53
2019-03-11T11:00:00Z,OTHER,WOOD/REFUSE,86.850582285987,158
2019-03-11T11:00:00Z,SOLAR,SOLAR,0,15
2019-03-11T11:00:00Z,WIND,WIND,1116.3783767780992,1445
2019-03-11T12:00:00Z,COAL,COAL,3713.1463348642983,5568
2019-03-11T12:00:00Z,DUAL FUEL,DUAL FUEL,60.76210439893934,155
2019-03-11T12:00:00Z,GAS,COGENERATION,4019.9973700683645,4988
2019-03-11T12:00:00Z,GAS,COMBINED CYCLE,1326.7337430254618,1748
2019-03-11T12:00:00Z,GAS,SIMPLE CYCLE,427.3103267765045,921
2019-03-11T12:00:00Z,HYDRO,HYDRO,149.81416246824796,894
2019-03-11T12:00:00Z,OTHER,BIOMASS,97.2226455232832,154
2019-03-11T12:00:00Z,OTHER,GAS COGEN,45.244498215251504,58
2019-03-11T12:00:00Z,OTHER,OIL/GAS,40.30218824174669,53
2019-03-11T12:00:00Z,OTHER,WOOD/REFUSE,87.42760976526472,158
2019-03-11T12:00:00Z,SOLAR,SOLAR,0,15
2019-03-11T12:00:00Z,WIND,WIND,986.0218881727424,1445
2019-03-11T13:00:00Z,COAL,COAL,3908.8504592386885,5568
2019-03-11T13:00:00Z,DUAL FUEL,DUAL FUEL,60.75647631751166,155
2019-03-11T13:00:00Z,GAS,COGENERATION,3993.2469279891916,4988
2019-03-11T13:00:00Z,GAS,COMBINED CYCLE,1417.0288958568044,1748
2019-03-11T13:00:00Z,GAS,SIMPLE CYCLE,463.06594239039555,921
2019-03-11T13:00:00Z,HYDRO,HYDRO,185.3016924350957,894
2019-03-11T13:00:00Z,OTHER,BIOMASS,99.52185080342822,154
2019-03-11T13:00:00Z,OTHER,GAS COGEN,45.36704101350573,58
2019-03-11T13:00:00Z,OTHER,OIL/GAS,40.649670956929526,53
2019-03-11T13:00:00Z,OTHER,WOOD/REFUSE,86.97873261769612,158
2019-03-11T13:00:00Z,SOLAR,SOLAR,0,15
2019-03-11T13:00:00Z,WIND,WIND,912.3060462034576,1445
2019-03-11T14:00:00Z,COAL,COAL,3969.204828677707,5568
2019-03-11T14:00:00Z,DUAL FUEL,DUAL FUEL,60.52250566694472,155
2019-03-11T14:00:00Z,GAS,COGENERATION,3961.5132773950363,4988
2019-03-11T14:00:00Z,GAS,COMBINED CYCLE,1467.587484252188,1748
2019-03-11T14:00:00Z,GAS,SIMPLE CYCLE,526.5266724468934,921
2019-03-11T14:00:00Z,HYDRO,HYDRO,102.97429237630632,894
2019-03-11T14:00:00Z,OTHER,BIOMASS,99.52630082766215,154
2019-03-11T14:00:00Z,OTHER,GAS COGEN,45.53528188917372,58
2019-03-11T14:00:00Z,OTHER,OIL/GAS,39.77116571214464,53
2019-03-11T14:00:00Z,OTHER,WOOD/REFUSE,87.92108204258813,158
2019-03-11T14:00:00Z,SOLAR,SOLAR,0.4808333125876056,15
2019-03-11T14:00:00Z,WIND,WIND,893.7487370359112,1445
2019-03-11T15:00:00Z,COAL,COAL,3999.794207704332,5568
2019-03-11T15:00:00Z,DUAL FUEL,DUAL FUEL,111.63032025231256,155
2019-03-11T15:00:00Z,GAS,COGENERATION,3966.140046716266,4988
2019-03-11T15:00:00Z,GAS,COMBINED CYCLE,1183.5861543093788,1748
2019-03-11T15:00:00Z,GAS,SIMPLE CYCLE,616.0711835147109,921
2019-03-11T15:00:00Z,HYDRO,HYDRO,207.80076123548878,894
2019-03-11T15:00:00Z,OTHER,BIOMASS,107.66410073651208,154
2019-03-11T15:00:00Z,OTHER,GAS COGEN,45.72671463436551,58
2019-03-11T15:00:00Z,OTHER,OIL/GAS,41.96491628222995,53
2019-03-11T15:00:00Z,OTHER,WOOD/REFUSE,91.38115277555254,158
2019-03-11T15:00:00Z,SOLAR,SOLAR,1.9198332854774265,15
2019-03-11T15:00:00Z,WIND,WIND,811.0512992879252,1445
2019-03-11T16:00:00Z,COAL,COAL,3951.443297665914,5568
2019-03-11T16:00:00Z,DUAL FUEL,DUAL FUEL,124.57858735614352,155
2019-03-11T16:00:00Z,GAS,COGENERATION,3946.570596789519,4988
2019-03-11T16:00:00Z,GAS,COMBINED CYCLE,1042.7830541899468,1748
2019-03-11T16:00:00Z,GAS,SIMPLE CYCLE,557.0625785908434,921
2019-03-11T16:00:00Z,HYDRO,HYDRO,119.42390507565604,894
2019-03-11T16:00:00Z,OTHER,BIOMASS,102.27657869895299,154
2019-03-11T16:00:00Z,OTHER,GAS COGEN,45.89586546368069,58
2019-03-11T16:00:00Z,OTHER,OIL/GAS,43.94340465545654,53
2019-03-11T16:00:00Z,OTHER,WOOD/REFUSE,96.12932333575355,158
2019-03-11T16:00:00Z,SOLAR,SOLAR,3.6277499544620513,15
2019-03-11T16:00:00Z,WIND,WIND,838.5631704228206,1445
2019-03-11T17:00:00Z,COAL,COAL,3946.2770392460293,5568
2019-03-11T17:00:00Z,DUAL FUEL,DUAL FUEL,119.2288581805759,155
2019-03-11T17:00:00Z,GAS,COGENERATION,3920.311445254485,4988
2019-03-11T17:00:00Z,GAS,COMBINED CYCLE,1029.691809059249,1748
2019-03-11T17:00:00Z,GAS,SIMPLE CYCLE,551.2104175726076,921
2019-03-11T17:00:00Z,HYDRO,HYDRO,148.455955056217,894
2019-03-11T17:00:00Z,OTHER,BIOMASS,103.3484229569965,154
2019-03-11T17:00:00Z,OTHER,GAS COGEN,45.73784762965308,58
2019-03-11T17:00:00Z,OTHER,OIL/GAS,44.66991503397624,53
2019-03-11T17:00:00Z,OTHER,WOOD/REFUSE,95.89476482020484,158
2019-03-11T17:00:00Z,SOLAR,SOLAR,5.970055511262681,15
2019-03-11T17:00:00Z,WIND,WIND,823.1480304389529,1445
2019-03-11T18:00:00Z,COAL,COAL,3857.162965257433,5568
2019-03-11T18:00:00Z,DUAL FUEL,DUAL FUEL,65.08914584265816,155
2019-03-11T18:00:00Z,GAS,COGENERATION,3892.2408581354885,4988
2019-03-11T18:00:00Z,GAS,COMBINED CYCLE,1024.2095350249608,1748
2019-03-11T18:00:00Z,GAS,SIMPLE CYCLE,631.2930289463037,921
2019-03-11T18:00:00Z,HYDRO,HYDRO,137.29632333079974,894
2019-03-11T18:00:00Z,OTHER,BIOMASS,105.81035609033373,154
2019-03-11T18:00:00Z,OTHER,GAS COGEN,45.756001208623246,58
2019-03-11T18:00:00Z,OTHER,OIL/GAS,45.02306602478027,53
2019-03-11T18:00:00Z,OTHER,WOOD/REFUSE,93.5963516494963,158
2019-03-11T18:00:00Z,SOLAR,SOLAR,8.928499885400136,15
2019-03-11T18:00:00Z,WIND,WIND,805.4853488020102,1445
2019-03-11T19:00:00Z,COAL,COAL,3732.335626481374,5568
2019-03-11T19:00:00Z,DUAL FUEL,DUAL FUEL,106.35018277274236,155
2019-03-11T19:00:00Z,GAS,COGENERATION,3860.4657200474207,4988
2019-03-11T19:00:00Z,GAS,COMBINED CYCLE,1045.684176724222,1748
2019-03-11T19:00:00Z,GAS,SIMPLE CYCLE,638.1167510003514,921
2019-03-11T19:00:00Z,HYDRO,HYDRO,133.42885771658686,894
2019-03-11T19:00:00Z,OTHER,BIOMASS,104.06070083141327,154
2019-03-11T19:00:00Z,OTHER,GAS COGEN,45.46223617129856,58
2019-03-11T19:00:00Z,OTHER,OIL/GAS,45.07281620873345,53
2019-03-11T19:00:00Z,OTHER,WOOD/REFUSE,94.89212102942997,158
2019-03-11T19:00:00Z,SOLAR,SOLAR,10.160221991274092,15
2019-03-11T19:00:00Z,WIND,WIND,883.1236183333397,1445
2019-03-11T20:00:00Z,COAL,COAL,3421.237080192566,5568
2019-03-11T20:00:00Z,DUAL FUEL,DUAL FUEL,55.33991813871596,155
2019-03-11T20:00:00Z,GAS,COGENERATION,3746.14937873337,4988
2019-03-11T20:00:00Z,GAS,COMBINED CYCLE,1173.1379055717257,1748
2019-03-11T20:00:00Z,GAS,SIMPLE CYCLE,535.676434566478,921
2019-03-11T20:00:00Z,HYDRO,HYDRO,130.84684947477447,894
2019-03-11T20:00:00Z,OTHER,BIOMASS,102.2116897169749,154
2019-03-11T20:00:00Z,OTHER,GAS COGEN,45.3945088757409,58
2019-03-11T20:00:00Z,OTHER,OIL/GAS,44.897131498124864,53
2019-03-11T20:00:00Z,OTHER,WOOD/REFUSE,93.46447120984396,158
2019-03-11T20:00:00Z,SOLAR,SOLAR,10.856777599917518,15
2019-03-11T20:00:00Z,WIND,WIND,931.205779411205,1445
2019-03-11T21:00:00Z,COAL,COAL,3332.7651612663267,5568
2019-03-11T21:00:00Z,DUAL FUEL,DUAL FUEL,54.558742173512776,155
2019-03-11T21:00:00Z,GAS,COGENERATION,3636.9056909921433,4988
2019-03-11T21:00:00Z,GAS,COMBINED CYCLE,1375.4892626682918,1748
2019-03-11T21:00:00Z,GAS,SIMPLE CYCLE,523.7129393454062,921
2019-03-11T21:00:00Z,HYDRO,HYDRO,144.90280904809634,894
2019-03-11T21:00:00Z,OTHER,BIOMASS,100.3597230855624,154
2019-03-11T21:00:00Z,OTHER,GAS COGEN,44.88701825936635,58
2019-03-11T21:00:00Z,OTHER,OIL/GAS,45.218515389760334,53
2019-03-11T21:00:00Z,OTHER,WOOD/REFUSE,89.68341602272457,158
2019-03-11T21:00:00Z,SOLAR,SOLAR,7.988944305049048,15
2019-03-11T21:00:00Z,WIND,WIND,992.6709670687881,1445
2019-03-11T22:00:00Z,COAL,COAL,3338.045930985345,5568
2019-03-11T22:00:00Z,DUAL FUEL,DUAL FUEL,45.90334009382459,155
2019-03-11T22:00:00Z,GAS,COGENERATION,3642.1539791072737,4988
2019-03-11T22:00:00Z,GAS,COMBINED CYCLE,1359.2453430022135,1748
2019-03-11T22:00:00Z,GAS,SIMPLE CYCLE,499.29518069319425,921
2019-03-11T22:00:00Z,HYDRO,HYDRO,109.60230648517609,894
2019-03-11T22:00:00Z,OTHER,BIOMASS,101.88534520281686,154
2019-03-11T22:00:00Z,OTHER,GAS COGEN,44.545387894842364,58
2019-03-11T22:00:00Z,OTHER,OIL/GAS,45.337449080149334,53
2019-03-11T22:00:00Z,OTHER,WOOD/REFUSE,87.90907477272881,158
2019-03-11T22:00:00Z,SOLAR,SOLAR,4.474555493858126,15
2019-03-11T22:00:00Z,WIND,WIND,1054.7528301929435,1445
2019-03-11T23:00:00Z,COAL,COAL,3346.632502526177,5568
2019-03-11T23:00:00Z,DUAL FUEL,DUAL FUEL,55.56186947928535,155
2019-03-11T23:00:00Z,GAS,COGENERATION,3646.4770806680785,4988
2019-03-11T23:00:00Z,GAS,COMBINED CYCLE,1381.6953198311064,1748
2019-03-11T23:00:00Z,GAS,SIMPLE CYCLE,515.355406790442,921
2019-03-11T23:00:00Z,HYDRO,HYDRO,152.1547586450312,894
2019-03-11T23:00:00Z,OTHER,BIOMASS,102.698628777398,154
2019-03-11T23:00:00Z,OTHER,GAS COGEN,44.19712934070163,58
2019-03-11T23:00:00Z,OTHER,OIL/GAS,44.616698258717854,53
2019-03-11T23:00:00Z,OTHER,WOOD/REFUSE,86.10098860475752,158
2019-03-11T23:00:00Z,SOLAR,SOLAR,2.125999997191959,15
2019-03-11T23:00:00Z,WIND,WIND,987.0742521116468,1445
2019-03-12T00:00:00Z,COAL,COAL,3332.9483626471624,5568
2019-03-12T00:00:00Z,DUAL FUEL,DUAL FUEL,47.98395212173462,155
2019-03-12T00:00:00Z,GAS,COGENERATION,3641.5288157396844,4988
2019-03-12T00:00:00Z,GAS,COMBINED CYCLE,1371.2271293973922,1748
2019-03-12T00:00:00Z,GAS,SIMPLE CYCLE,479.86011325971947,921
2019-03-12T00:00:00Z,HYDRO,HYDRO,117.01718897953629,894
2019-03-12T00:00:00Z,OTHER,BIOMASS,101.81492347611321,154
2019-03-12T00:00:00Z,OTHER,GAS COGEN,44.5734245830112,58
2019-03-12T00:00:00Z,OTHER,OIL/GAS,44.006348559061685,53
2019-03-12T00:00:00Z,OTHER,WOOD/REFUSE,84.29797703478071,158
2019-03-12T00:00:00Z,SOLAR,SOLAR,0.644888878663381,15
2019-03-12T00:00:00Z,WIND,WIND,999.1711089674632,1445
2019-03-12T01:00:00Z,COAL,COAL,3289.9943469980026,5568
2019-03-12T01:00:00Z,DUAL FUEL,DUAL FUEL,42.68145874447293,155
2019-03-12T01:00:00Z,GAS,COGENERATION,3696.167282487949,4988
2019-03-12T01:00:00Z,GAS,COMBINED CYCLE,1370.0808670377733,1748
2019-03-12T01:00:00Z,GAS,SIMPLE CYCLE,522.1730378076103,921
2019-03-12T01:00:00Z,HYDRO,HYDRO,143.67071882877084,894
2019-03-12T01:00:00Z,OTHER,BIOMASS,102.86086156898075,154
2019-03-12T01:00:00Z,OTHER,GAS COGEN,44.62067456351386,58
2019-03-12T01:00:00Z,OTHER,OIL/GAS,44.50281518936157,53
2019-03-12T01:00:00Z,OTHER,WOOD/REFUSE,84.81532974772983,158
2019-03-12T01:00:00Z,SOLAR,SOLAR,0,15
2019-03-12T01:00:00Z,WIND,WIND,1065.7567047166492,1445
2019-03-12T02:00:00Z,COAL,COAL,3376.138318277995,5568
2019-03-12T02:00:00Z,DUAL FUEL,DUAL FUEL,60.43740778393216,155
2019-03-12T02:00:00Z,GAS,COGENERATION,3726.3846266435253,4988
2019-03-12T02:00:00Z,GAS,COMBINED CYCLE,1364.0986236392127,1748
2019-03-12T02:00:00Z,GAS,SIMPLE CYCLE,507.0916974736088,921
2019-03-12T02:00:00Z,HYDRO,HYDRO,118.03742902967664,894
2019-03-12T02:00:00Z,OTHER,BIOMASS,101.59824550469716,154
2019-03-12T02:00:00Z,OTHER,GAS COGEN,44.67353057225545,58
2019-03-12T02:00:00Z,OTHER,OIL/GAS,44.39928800582886,53
2019-03-12T02:00:00Z,OTHER,WOOD/REFUSE,84.85808899667528,158
2019-03-12T02:00:00Z,SOLAR,SOLAR,0,15
2019-03-12T02:00:00Z,WIND,WIND,1037.861103808085,1445
2019-03-12T03:00:00Z,COAL,COAL,3325.6010386954413,5568
2019-03-12T03:00:00Z,DUAL FUEL,DUAL FUEL,51.43853875690037,155
2019-03-12T03:00:00Z,GAS,COGENERATION,3785.9856903502673,4988
2019-03-12T03:00:00Z,GAS,COMBINED CYCLE,1331.3114946142834,1748
2019-03-12T03:00:00Z,GAS,SIMPLE CYCLE,483.28599628372325,921
2019-03-12T03:00:00Z,HYDRO,HYDRO,130.23679959641564,894
2019-03-12T03:00:00Z,OTHER,BIOMASS,102.63287890116374,154
2019-03-12T03:00:00Z,OTHER,GAS COGEN,44.64667432573106,58
2019-03-12T03:00:00Z,OTHER,OIL/GAS,44.37084281073676,53
2019-03-12T03:00:00Z,OTHER,WOOD/REFUSE,84.47131615161896,158
2019-03-12T03:00:00Z,SOLAR,SOLAR,0,15
2019-03-12T03:00:00Z,WIND,WIND,971.3011412528654,1445
2019-03-12T04:00:00Z,COAL,COAL,3173.565583568149,5568
2019-03-12T04:00:00Z,DUAL FUEL,DUAL FUEL,42.77720959981283,155
2019-03-12T04:00:00Z,GAS,COGENERATION,3805.1973278689384,4988
2019-03-12T04:00:00Z,GAS,COMBINED CYCLE,1307.8987804370456,1748
2019-03-12T04:00:00Z,GAS,SIMPLE CYCLE,459.0578863424062,921
2019-03-12T04:00:00Z,HYDRO,HYDRO,129.88449420207075,894
2019-03-12T04:00:00Z,OTHER,BIOMASS,102.31330652236939,154
2019-03-12T04:00:00Z,OTHER,GAS COGEN,44.771808615790476,58
2019-03-12T04:00:00Z,OTHER,OIL/GAS,44.298971282111275,53
2019-03-12T04:00:00Z,OTHER,WOOD/REFUSE,84.28413310421837,158
2019-03-12T04:00:00Z,SOLAR,SOLAR,0,15
2019-03-12T04:00:00Z,WIND,WIND,923.8761388371222,1445
2019-03-12T05:00:00Z,COAL,COAL,3133.9827761670617,5568
2019-03-12T05:00:00Z,DUAL FUEL,DUAL FUEL,42.668352890014646,155
2019-03-12T05:00:00Z,GAS,COGENERATION,3816.804790099992,4988
2019-03-12T05:00:00Z,GAS,COMBINED CYCLE,1278.698271311389,1748
2019-03-12T05:00:00Z,GAS,SIMPLE CYCLE,413.33287110447884,921
2019-03-12T05:00:00Z,HYDRO,HYDRO,119.38889462537236,894
2019-03-12T05:00:00Z,OTHER,BIOMASS,102.3766621404224,154
2019-03-12T05:00:00Z,OTHER,GAS COGEN,45.119670011202494,58
2019-03-12T05:00:00Z,OTHER,OIL/GAS,44.05313177744547,53
2019-03-12T05:00:00Z,OTHER,WOOD/REFUSE,83.26898466746012,158
2019-03-12T05:00:00Z,SOLAR,SOLAR,0,15
2019-03-12T05:00:00Z,WIND,WIND,976.0967123325667,1445
2019-03-12T06:00:00Z,COAL,COAL,3066.4571527759235,5568
2019-03-12T06:00:00Z,DUAL FUEL,DUAL FUEL,42.81833647410075,155
2019-03-12T06:00:00Z,GAS,COGENERATION,3811.467765729692,4988
2019-03-12T06:00:00Z,GAS,COMBINED CYCLE,1232.961288496918,1748
2019-03-12T06:00:00Z,GAS,SIMPLE CYCLE,385.9213859270679,921
2019-03-12T06:00:00Z,HYDRO,HYDRO,110.17260772241487,894
2019-03-12T06:00:00Z,OTHER,BIOMASS,102.88686194737753,154
2019-03-12T06:00:00Z,OTHER,GAS COGEN,45.07849425845676,58
2019-03-12T06:00:00Z,OTHER,OIL/GAS,44.02360380384657,53
2019-03-12T06:00:00Z,OTHER,WOOD/REFUSE,82.70214931646983,158
2019-03-12T06:00:00Z,SOLAR,SOLAR,0,15
2019-03-12T06:00:00Z,WIND,WIND,985.137568154931,1445
2019-03-12T07:00:00Z,COAL,COAL,3084.9356499004366,5568
2019-03-12T07:00:00Z,DUAL FUEL,DUAL FUEL,42.370542170206704,155
2019-03-12T07:00:00Z,GAS,COGENERATION,3807.295354774793,4988
2019-03-12T07:00:00Z,GAS,COMBINED CYCLE,1221.795554622809,1748
2019-03-12T07:00:00Z,GAS,SIMPLE CYCLE,289.7560842319164,921
2019-03-12T07:00:00Z,HYDRO,HYDRO,75.35497703883384,894
2019-03-12T07:00:00Z,OTHER,BIOMASS,103.47283419052759,154
2019-03-12T07:00:00Z,OTHER,GAS COGEN,45.33825736999512,58
2019-03-12T07:00:00Z,OTHER,OIL/GAS,43.60567718293932,53
2019-03-12T07:00:00Z,OTHER,WOOD/REFUSE,83.57604256418017,158
2019-03-12T07:00:00Z,SOLAR,SOLAR,0,15
2019-03-12T07:00:00Z,WIND,WIND,930.6000721741385,1445
2019-03-12T08:00:00Z,COAL,COAL,3214.8694341807895,5568
2019-03-12T08:00:00Z,DUAL FUEL,DUAL FUEL,43.1704355875651,155
2019-03-12T08:00:00Z,GAS,COGENERATION,3815.7181950272457,4988
2019-03-12T08:00:00Z,GAS,COMBINED CYCLE,1232.95362331046,1748
2019-03-12T08:00:00Z,GAS,SIMPLE CYCLE,203.32235365960332,921
2019-03-12T08:00:00Z,HYDRO,HYDRO,106.26309876071082,894
2019-03-12T08:00:00Z,OTHER,BIOMASS,103.15811755339305,154
2019-03-12T08:00:00Z,OTHER,GAS COGEN,45.18952992757161,58
2019-03-12T08:00:00Z,OTHER,OIL/GAS,43.44561568578085,53
2019-03-12T08:00:00Z,OTHER,WOOD/REFUSE,83.0155018319024,158
2019-03-12T08:00:00Z,SOLAR,SOLAR,0,15
2019-03-12T08:00:00Z,WIND,WIND,900.2289969656202,1445
2019-03-12T09:00:00Z,COAL,COAL,3244.7518976317515,5568
2019-03-12T09:00:00Z,DUAL FUEL,DUAL FUEL,42.419376343621146,155
2019-03-12T09:00:00Z,GAS,COGENERATION,3812.0115890346633,4988
2019-03-12T09:00:00Z,GAS,COMBINED CYCLE,1211.282880698575,1748
2019-03-12T09:00:00Z,GAS,SIMPLE CYCLE,203.24054447756873,921
2019-03-12T09:00:00Z,HYDRO,HYDRO,80.57071399973498,894
2019-03-12T09:00:00Z,OTHER,BIOMASS,101.84260080496472,154
2019-03-12T09:00:00Z,OTHER,GAS COGEN,45.3047720946206,58
2019-03-12T09:00:00Z,OTHER,OIL/GAS,42.74380433400472,53
2019-03-12T09:00:00Z,OTHER,WOOD/REFUSE,84.1793563132816,158
2019-03-12T09:00:00Z,SOLAR,SOLAR,0,15
2019-03-12T09:00:00Z,WIND,WIND,960.144208321174,1445
2019-03-12T10:00:00Z,COAL,COAL,3461.149443450504,5568
2019-03-12T10:00:00Z,DUAL FUEL,DUAL FUEL,43.236715704600016,155
2019-03-12T10:00:00Z,GAS,COGENERATION,3824.1237786710262,4988
2019-03-12T10:00:00Z,GAS,COMBINED CYCLE,1229.5321182139714,1748
2019-03-12T10:00:00Z,GAS,SIMPLE CYCLE,203.34496970030995,921
2019-03-12T10:00:00Z,HYDRO,HYDRO,109.4134369316366,894
2019-03-12T10:00:00Z,OTHER,BIOMASS,101.98309523317549,154
2019-03-12T10:00:00Z,OTHER,GAS COGEN,45.62336453543769,58
2019-03-12T10:00:00Z,OTHER,OIL/GAS,43.12216595967611,53
2019-03-12T10:00:00Z,OTHER,WOOD/REFUSE,83.51150297906663,158
2019-03-12T10:00:00Z,SOLAR,SOLAR,0,15
2019-03-12T10:00:00Z,WIND,WIND,919.0486352731122,1445
2019-03-12T11:00:00Z,COAL,COAL,3552.0295281219483,5568
2019-03-12T11:00:00Z,DUAL FUEL,DUAL FUEL,42.51508327060276,155
2019-03-12T11:00:00Z,GAS,COGENERATION,3887.2808130134476,4988
2019-03-12T11:00:00Z,GAS,COMBINED CYCLE,1243.940165538258,1748
2019-03-12T11:00:00Z,GAS,SIMPLE CYCLE,199.81590660413107,921
2019-03-12T11:00:00Z,HYDRO,HYDRO,125.46736832113729,894
2019-03-12T11:00:00Z,OTHER,BIOMASS,101.8306504840321,154
2019-03-12T11:00:00Z,OTHER,GAS COGEN,45.87561195903354,58
2019-03-12T11:00:00Z,OTHER,OIL/GAS,42.506149559021,53
2019-03-12T11:00:00Z,OTHER,WOOD/REFUSE,85.21565810574427,158
2019-03-12T11:00:00Z,SOLAR,SOLAR,0,15
2019-03-12T11:00:00Z,WIND,WIND,869.6848211868604,1445
2019-03-12T12:00:00Z,COAL,COAL,3548.242144847446,5568
2019-03-12T12:00:00Z,DUAL FUEL,DUAL FUEL,42.80961924446954,155
2019-03-12T12:00:00Z,GAS,COGENERATION,3915.2716338475548,4988
2019-03-12T12:00:00Z,GAS,COMBINED CYCLE,1290.759023030334,1748
2019-03-12T12:00:00Z,GAS,SIMPLE CYCLE,201.66548632373411,921
2019-03-12T12:00:00Z,HYDRO,HYDRO,132.86724015010728,894
2019-03-12T12:00:00Z,OTHER,BIOMASS,100.68147913720873,154
2019-03-12T12:00:00Z,OTHER,GAS COGEN,45.77161255306668,58
2019-03-12T12:00:00Z,OTHER,OIL/GAS,42.52155998653836,53
2019-03-12T12:00:00Z,OTHER,WOOD/REFUSE,85.65598814010619,158
2019-03-12T12:00:00Z,SOLAR,SOLAR,0,15
2019-03-12T12:00:00Z,WIND,WIND,977.7763232514344,1445
2019-03-12T13:00:00Z,COAL,COAL,3752.805837508308,5568
2019-03-12T13:00:00Z,DUAL FUEL,DUAL FUEL,42.75616976420085,155
2019-03-12T13:00:00Z,GAS,COGENERATION,3926.4633451453847,4988
2019-03-12T13:00:00Z,GAS,COMBINED CYCLE,1398.9175091550085,1748
2019-03-12T13:00:00Z,GAS,SIMPLE CYCLE,291.84936166630854,921
2019-03-12T13:00:00Z,HYDRO,HYDRO,144.31335141426987,894
2019-03-12T13:00:00Z,OTHER,BIOMASS,99.12883401976691,154
2019-03-12T13:00:00Z,OTHER,GAS COGEN,45.95178764767117,58
2019-03-12T13:00:00Z,OTHER,OIL/GAS,42.56866613388061,53
2019-03-12T13:00:00Z,OTHER,WOOD/REFUSE,86.08402735551198,158
2019-03-12T13:00:00Z,SOLAR,SOLAR,0,15
2019-03-12T13:00:00Z,WIND,WIND,933.1491299799085,1445
2019-03-12T14:00:00Z,COAL,COAL,3677.913246682485,5568
2019-03-12T14:00:00Z,DUAL FUEL,DUAL FUEL,43.09920783360799,155
2019-03-12T14:00:00Z,GAS,COGENERATION,3887.866476216316,4988
2019-03-12T14:00:00Z,GAS,COMBINED CYCLE,1415.7479425297843,1748
2019-03-12T14:00:00Z,GAS,SIMPLE CYCLE,268.66286519335375,921
2019-03-12T14:00:00Z,HYDRO,HYDRO,113.88403058244123,894
2019-03-12T14:00:00Z,OTHER,BIOMASS,95.94156787554424,154
2019-03-12T14:00:00Z,OTHER,GAS COGEN,45.01488293859694,58
2019-03-12T14:00:00Z,OTHER,OIL/GAS,42.62794926537408,53
2019-03-12T14:00:00Z,OTHER,WOOD/REFUSE,85.75781909147898,158
2019-03-12T14:00:00Z,SOLAR,SOLAR,0.13416665866971017,15
2019-03-12T14:00:00Z,WIND,WIND,727.7384263912837,1445
2019-03-12T15:00:00Z,COAL,COAL,3732.232857901255,5568
2019-03-12T15:00:00Z,DUAL FUEL,DUAL FUEL,43.140665770636666,155
2019-03-12T15:00:00Z,GAS,COGENERATION,3872.5050463729435,4988
2019-03-12T15:00:00Z,GAS,COMBINED CYCLE,1463.8544074938031,1748
2019-03-12T15:00:00Z,GAS,SIMPLE CYCLE,289.4552306615975,921
2019-03-12T15:00:00Z,HYDRO,HYDRO,141.81828593624962,894
2019-03-12T15:00:00Z,OTHER,BIOMASS,93.01574545807308,154
2019-03-12T15:00:00Z,OTHER,GAS COGEN,44.620005512767364,58
2019-03-12T15:00:00Z,OTHER,OIL/GAS,41.78159345838759,53
2019-03-12T15:00:00Z,OTHER,WOOD/REFUSE,84.95109391530355,158
2019-03-12T15:00:00Z,SOLAR,SOLAR,0.9134444269206788,15
2019-03-12T15:00:00Z,WIND,WIND,602.1795160016418,1445
2019-03-12T16:00:00Z,COAL,COAL,3762.8572522566055,5568
2019-03-12T16:00:00Z,DUAL FUEL,DUAL FUEL,48.69843683242798,155
2019-03-12T16:00:00Z,GAS,COGENERATION,3868.7053759087457,4988
2019-03-12T16:00:00Z,GAS,COMBINED CYCLE,1479.8586306349437,1748
2019-03-12T16:00:00Z,GAS,SIMPLE CYCLE,351.09052143557204,921
2019-03-12T16:00:00Z,HYDRO,HYDRO,159.61397545041308,894
2019-03-12T16:00:00Z,OTHER,BIOMASS,93.49716799153222,154
2019-03-12T16:00:00Z,OTHER,GAS COGEN,44.88089499049716,58
2019-03-12T16:00:00Z,OTHER,OIL/GAS,42.25659964879354,53
2019-03-12T16:00:00Z,OTHER,WOOD/REFUSE,83.61119657887352,158
2019-03-12T16:00:00Z,SOLAR,SOLAR,1.96133333199554,15
2019-03-12T16:00:00Z,WIND,WIND,503.8532777006096,1445
2019-03-12T17:00:00Z,COAL,COAL,3911.5197684478762,5568
2019-03-12T17:00:00Z,DUAL FUEL,DUAL FUEL,57.58026462978787,155
2019-03-12T17:00:00Z,GAS,COGENERATION,3850.7232058752907,4988
2019-03-12T17:00:00Z,GAS,COMBINED CYCLE,1469.0337215280533,1748
2019-03-12T17:00:00Z,GAS,SIMPLE CYCLE,401.5436878873408,921
2019-03-12T17:00:00Z,HYDRO,HYDRO,125.53093718629745,894
2019-03-12T17:00:00Z,OTHER,BIOMASS,91.66017857286666,154
2019-03-12T17:00:00Z,OTHER,GAS COGEN,44.709164689381915,58
2019-03-12T17:00:00Z,OTHER,OIL/GAS,42.03263336817424,53
2019-03-12T17:00:00Z,OTHER,WOOD/REFUSE,85.49724931610956,158
2019-03-12T17:00:00Z,SOLAR,SOLAR,3.5623332782586417,15
2019-03-12T17:00:00Z,WIND,WIND,360.0834009215567,1445
2019-03-12T18:00:00Z,COAL,COAL,3845.315258377923,5568
2019-03-12T18:00:00Z,DUAL FUEL,DUAL FUEL,57.39977620018853,155
2019-03-12T18:00:00Z,GAS,COGENERATION,3823.50343439579,4988
2019-03-12T18:00:00Z,GAS,COMBINED CYCLE,1470.0521624120076,1748
2019-03-12T18:00:00Z,GAS,SIMPLE CYCLE,412.99694303956295,921
2019-03-12T18:00:00Z,HYDRO,HYDRO,140.19787155462637,894
2019-03-12T18:00:00Z,OTHER,BIOMASS,94.3376289148463,154
2019-03-12T18:00:00Z,OTHER,GAS COGEN,44.57481314765083,58
2019-03-12T18:00:00Z,OTHER,OIL/GAS,42.14483192655775,53
2019-03-12T18:00:00Z,OTHER,WOOD/REFUSE,83.17797166506449,158
2019-03-12T18:00:00Z,SOLAR,SOLAR,6.048166513972812,15
2019-03-12T18:00:00Z,WIND,WIND,316.14032199892733,1445
2019-03-12T19:00:00Z,COAL,COAL,3864.795240258111,5568
2019-03-12T19:00:00Z,DUAL FUEL,DUAL FUEL,57.38471811082628,155
2019-03-12T19:00:00Z,GAS,COGENERATION,3748.2253012630676,4988
2019-03-12T19:00:00Z,GAS,COMBINED CYCLE,1471.7379395331277,1748
2019-03-12T19:00:00Z,GAS,SIMPLE CYCLE,519.3210686866443,921
2019-03-12T19:00:00Z,HYDRO,HYDRO,139.39351627344888,894
2019-03-12T19:00:00Z,OTHER,BIOMASS,94.4788067094485,154
2019-03-12T19:00:00Z,OTHER,GAS COGEN,44.042651371426054,58
2019-03-12T19:00:00Z,OTHER,OIL/GAS,41.31360442479451,53
2019-03-12T19:00:00Z,OTHER,WOOD/REFUSE,82.20748306062485,158
2019-03-12T19:00:00Z,SOLAR,SOLAR,7.502611060937245,15
2019-03-12T19:00:00Z,WIND,WIND,247.02199663208592,1445
2019-03-12T20:00:00Z,COAL,COAL,3953.260615764194,5568
2019-03-12T20:00:00Z,DUAL FUEL,DUAL FUEL,57.381286169687904,155
2019-03-12T20:00:00Z,GAS,COGENERATION,3762.5936904647615,4988
2019-03-12T20:00:00Z,GAS,COMBINED CYCLE,1471.9209112262727,1748
2019-03-12T20:00:00Z,GAS,SIMPLE CYCLE,524.1238902277416,921
2019-03-12T20:00:00Z,HYDRO,HYDRO,147.62432773682804,894
2019-03-12T20:00:00Z,OTHER,BIOMASS,96.11000650405883,154
2019-03-12T20:00:00Z,OTHER,GAS COGEN,44.37799141459995,58
2019-03-12T20:00:00Z,OTHER,OIL/GAS,41.942338364919024,53
2019-03-12T20:00:00Z,OTHER,WOOD/REFUSE,83.30131823698679,158
2019-03-12T20:00:00Z,SOLAR,SOLAR,7.593777621587117,15
2019-03-12T20:00:00Z,WIND,WIND,116.72708816435602,1445
2019-03-12T21:00:00Z,COAL,COAL,4041.075136710273,5568
2019-03-12T21:00:00Z,DUAL FUEL,DUAL FUEL,66.99237943649293,155
2019-03-12T21:00:00Z,GAS,COGENERATION,3674.2026668257186,4988
2019-03-12T21:00:00Z,GAS,COMBINED CYCLE,1467.3194348393547,1748
2019-03-12T21:00:00Z,GAS,SIMPLE CYCLE,525.8553628910664,921
2019-03-12T21:00:00Z,HYDRO,HYDRO,152.30634936994977,894
2019-03-12T21:00:00Z,OTHER,BIOMASS,97.49370134777493,154
2019-03-12T21:00:00Z,OTHER,GAS COGEN,44.36044244395362,58
2019-03-12T21:00:00Z,OTHER,OIL/GAS,41.86403756459554,53
2019-03-12T21:00:00Z,OTHER,WOOD/REFUSE,83.70142299546136,158
2019-03-12T21:00:00Z,SOLAR,SOLAR,7.069944322109222,15
2019-03-12T21:00:00Z,WIND,WIND,94.04640531611939,1445
2019-03-12T22:00:00Z,COAL,COAL,4094.633986468845,5568
2019-03-12T22:00:00Z,DUAL FUEL,DUAL FUEL,120.74364498138428,155
2019-03-12T22:00:00Z,GAS,COGENERATION,3589.057826520337,4988
2019-03-12T22:00:00Z,GAS,COMBINED CYCLE,1470.5545218745867,1748
2019-03-12T22:00:00Z,GAS,SIMPLE CYCLE,528.4791280187501,921
2019-03-12T22:00:00Z,HYDRO,HYDRO,109.04080399268203,894
2019-03-12T22:00:00Z,OTHER,BIOMASS,98.79340642531713,154
2019-03-12T22:00:00Z,OTHER,GAS COGEN,44.18867782062954,58
2019-03-12T22:00:00Z,OTHER,OIL/GAS,42.564599482218426,53
2019-03-12T22:00:00Z,OTHER,WOOD/REFUSE,86.5114576350318,158
2019-03-12T22:00:00Z,SOLAR,SOLAR,5.495110952589247,15
2019-03-12T22:00:00Z,WIND,WIND,102.38433664128183,1445
2019-03-12T23:00:00Z,COAL,COAL,3958.094142057631,5568
2019-03-12T23:00:00Z,DUAL FUEL,DUAL FUEL,71.13565898047553,155
2019-03-12T23:00:00Z,GAS,COGENERATION,3628.5619461774827,4988
2019-03-12T23:00:00Z,GAS,COMBINED CYCLE,1481.3117503407266,1748
2019-03-12T23:00:00Z,GAS,SIMPLE CYCLE,566.6544494136175,921
2019-03-12T23:00:00Z,HYDRO,HYDRO,161.50168754855792,894
2019-03-12T23:00:00Z,OTHER,BIOMASS,101.40843437486225,154
2019-03-12T23:00:00Z,OTHER,GAS COGEN,44.30928032981025,58
2019-03-12T23:00:00Z,OTHER,OIL/GAS,42.874038003285726,53
2019-03-12T23:00:00Z,OTHER,WOOD/REFUSE,84.87818206681146,158
2019-03-12T23:00:00Z,SOLAR,SOLAR,3.083499955203798,15
2019-03-12T23:00:00Z,WIND,WIND,129.60687246847485,1445
2019-03-13T00:00:00Z,COAL,COAL,3843.414078441196,5568
2019-03-13T00:00:00Z,DUAL FUEL,DUAL FUEL,54.42837960984972,155
2019-03-13T00:00:00Z,GAS,COGENERATION,3668.852693541712,4988
2019-03-13T00:00:00Z,GAS,COMBINED CYCLE,1467.6681480254067,1748
2019-03-13T00:00:00Z,GAS,SIMPLE CYCLE,572.2836278304292,921
2019-03-13T00:00:00Z,HYDRO,HYDRO,143.22473139875467,894
2019-03-13T00:00:00Z,OTHER,BIOMASS,104.06097351021236,154
2019-03-13T00:00:00Z,OTHER,GAS COGEN,43.782969862620035,58
2019-03-13T00:00:00Z,OTHER,OIL/GAS,42.7229155921936,53
2019-03-13T00:00:00Z,OTHER,WOOD/REFUSE,83.3927746603224,158
2019-03-13T00:00:00Z,SOLAR,SOLAR,0.7363888793355888,15
2019-03-13T00:00:00Z,WIND,WIND,182.7670298489597,1445
2019-03-13T01:00:00Z,COAL,COAL,3838.1601634661356,5568
2019-03-13T01:00:00Z,DUAL FUEL,DUAL FUEL,61.794992470211454,155
2019-03-13T01:00:00Z,GAS,COGENERATION,3688.7588128826355,4988
2019-03-13T01:00:00Z,GAS,COMBINED CYCLE,1474.0219611692428,1748
2019-03-13T01:00:00Z,GAS,SIMPLE CYCLE,567.0813854050637,921
2019-03-13T01:00:00Z,HYDRO,HYDRO,135.55564053151343,894
2019-03-13T01:00:00Z,OTHER,BIOMASS,102.09604044331445,154
2019-03-13T01:00:00Z,OTHER,GAS COGEN,44.102455341551035,58
2019-03-13T01:00:00Z,OTHER,OIL/GAS,42.61543248494466,53
2019-03-13T01:00:00Z,OTHER,WOOD/REFUSE,85.45967835108439,158
2019-03-13T01:00:00Z,SOLAR,SOLAR,0,15
2019-03-13T01:00:00Z,WIND,WIND,211.81451776028507,1445
2019-03-13T02:00:00Z,COAL,COAL,3904.276058555179,5568
2019-03-13T02:00:00Z,DUAL FUEL,DUAL FUEL,108.2302297782898,155
2019-03-13T02:00:00Z,GAS,COGENERATION,3671.282957414521,4988
2019-03-13T02:00:00Z,GAS,COMBINED CYCLE,1485.9309353346296,1748
2019-03-13T02:00:00Z,GAS,SIMPLE CYCLE,570.7285414102342,921
2019-03-13T02:00:00Z,HYDRO,HYDRO,162.2450670586692,894
2019-03-13T02:00:00Z,OTHER,BIOMASS,101.24816781785752,154
2019-03-13T02:00:00Z,OTHER,GAS COGEN,44.16036840014988,58
2019-03-13T02:00:00Z,OTHER,OIL/GAS,42.56279734929403,53
2019-03-13T02:00:00Z,OTHER,WOOD/REFUSE,88.85242078940074,158
2019-03-13T02:00:00Z,SOLAR,SOLAR,0,15
2019-03-13T02:00:00Z,WIND,WIND,166.3175229055931,1445
2019-03-13T03:00:00Z,COAL,COAL,3879.9827252790665,5568
2019-03-13T03:00:00Z,DUAL FUEL,DUAL FUEL,55.79387563281589,155
2019-03-13T03:00:00Z,GAS,COGENERATION,3678.260865917736,4988
2019-03-13T03:00:00Z,GAS,COMBINED CYCLE,1477.0681086158752,1748
2019-03-13T03:00:00Z,GAS,SIMPLE CYCLE,552.0042649904887,921
2019-03-13T03:00:00Z,HYDRO,HYDRO,140.86557324727377,894
2019-03-13T03:00:00Z,OTHER,BIOMASS,97.13896297825707,154
2019-03-13T03:00:00Z,OTHER,GAS COGEN,45.14248903062609,58
2019-03-13T03:00:00Z,OTHER,OIL/GAS,43.27348770565457,53
2019-03-13T03:00:00Z,OTHER,WOOD/REFUSE,86.78562426673041,158
2019-03-13T03:00:00Z,SOLAR,SOLAR,0,15
2019-03-13T03:00:00Z,WIND,WIND,169.7593711629841,1445
2019-03-13T04:00:00Z,COAL,COAL,3760.3855874654982,5568
2019-03-13T04:00:00Z,DUAL FUEL,DUAL FUEL,47.02745802349514,155
2019-03-13T04:00:00Z,GAS,COGENERATION,3692.5150664145417,4988
2019-03-13T04:00:00Z,GAS,COMBINED CYCLE,1434.5085769346026,1748
2019-03-13T04:00:00Z,GAS,SIMPLE CYCLE,376.96740344550875,921
2019-03-13T04:00:00Z,HYDRO,HYDRO,114.15174213774502,894
2019-03-13T04:00:00Z,OTHER,BIOMASS,101.54909560044607,154
2019-03-13T04:00:00Z,OTHER,GAS COGEN,45.077633704079524,58
2019-03-13T04:00:00Z,OTHER,OIL/GAS,43.433082836998835,53
2019-03-13T04:00:00Z,OTHER,WOOD/REFUSE,86.60955823686388,158
2019-03-13T04:00:00Z,SOLAR,SOLAR,0,15
2019-03-13T04:00:00Z,WIND,WIND,227.3215487450858,1445
2019-03-13T05:00:00Z,COAL,COAL,3685.0897527864245,5568
2019-03-13T05:00:00Z,DUAL FUEL,DUAL FUEL,51.18549548467001,155
2019-03-13T05:00:00Z,GAS,COGENERATION,3692.263448964225,4988
2019-03-13T05:00:00Z,GAS,COMBINED CYCLE,1324.9484244492319,1748
2019-03-13T05:00:00Z,GAS,SIMPLE CYCLE,215.8285958394077,921
2019-03-13T05:00:00Z,HYDRO,HYDRO,94.76794211185641,894
2019-03-13T05:00:00Z,OTHER,BIOMASS,96.47816766546832,154
2019-03-13T05:00:00Z,OTHER,GAS COGEN,45.344426502651636,58
2019-03-13T05:00:00Z,OTHER,OIL/GAS,43.955932801564536,53
2019-03-13T05:00:00Z,OTHER,WOOD/REFUSE,87.7969830332862,158
2019-03-13T05:00:00Z,SOLAR,SOLAR,0,15
2019-03-13T05:00:00Z,WIND,WIND,231.4538975772179,1445
2019-03-13T06:00:00Z,COAL,COAL,3603.5512340545656,5568
2019-03-13T06:00:00Z,DUAL FUEL,DUAL FUEL,42.594956374698214,155
2019-03-13T06:00:00Z,GAS,COGENERATION,3698.6818724375303,4988
2019-03-13T06:00:00Z,GAS,COMBINED CYCLE,1182.7070410754945,1748
2019-03-13T06:00:00Z,GAS,SIMPLE CYCLE,168.98938742405838,921
2019-03-13T06:00:00Z,HYDRO,HYDRO,113.84455767171251,894
2019-03-13T06:00:00Z,OTHER,BIOMASS,95.85697928534614,154
2019-03-13T06:00:00Z,OTHER,GAS COGEN,45.36882133907742,58
2019-03-13T06:00:00Z,OTHER,OIL/GAS,43.72483811272515,53
2019-03-13T06:00:00Z,OTHER,WOOD/REFUSE,88.43125327693092,158
2019-03-13T06:00:00Z,SOLAR,SOLAR,0,15
2019-03-13T06:00:00Z,WIND,WIND,263.9425590654049,1445
2019-03-13T07:00:00Z,COAL,COAL,3465.6230072254607,5568
2019-03-13T07:00:00Z,DUAL FUEL,DUAL FUEL,42.90749972873264,155
2019-03-13T07:00:00Z,GAS,COGENERATION,3708.442635520564,4988
2019-03-13T07:00:00Z,GAS,COMBINED CYCLE,1167.0499852604337,1748
2019-03-13T07:00:00Z,GAS,SIMPLE CYCLE,165.08257470501795,921
2019-03-13T07:00:00Z,HYDRO,HYDRO,80.54138302192091,894
2019-03-13T07:00:00Z,OTHER,BIOMASS,95.09369603421953,154
2019-03-13T07:00:00Z,OTHER,GAS COGEN,45.52205141385396,58
2019-03-13T07:00:00Z,OTHER,OIL/GAS,43.611649701860216,53
2019-03-13T07:00:00Z,OTHER,WOOD/REFUSE,88.70679421318901,158
2019-03-13T07:00:00Z,SOLAR,SOLAR,0,15
2019-03-13T07:00:00Z,WIND,WIND,339.0572734965384,1445
2019-03-13T08:00:00Z,COAL,COAL,3393.97324590683,5568
2019-03-13T08:00:00Z,DUAL FUEL,DUAL FUEL,42.651497506035696,155
2019-03-13T08:00:00Z,GAS,COGENERATION,3704.779534701109,4988
2019-03-13T08:00:00Z,GAS,COMBINED CYCLE,1169.3251240126292,1748
2019-03-13T08:00:00Z,GAS,SIMPLE CYCLE,164.68795901944242,921
2019-03-13T08:00:00Z,HYDRO,HYDRO,105.27876043932305,894
2019-03-13T08:00:00Z,OTHER,BIOMASS,94.39821216901143,154
2019-03-13T08:00:00Z,OTHER,GAS COGEN,45.773734569019744,58
2019-03-13T08:00:00Z,OTHER,OIL/GAS,43.86590946409437,53
2019-03-13T08:00:00Z,OTHER,WOOD/REFUSE,90.46997938844893,158
2019-03-13T08:00:00Z,SOLAR,SOLAR,0,15
2019-03-13T08:00:00Z,WIND,WIND,335.68983588632614,1445
2019-03-13T09:00:00Z,COAL,COAL,3391.314862107171,5568
2019-03-13T09:00:00Z,DUAL FUEL,DUAL FUEL,42.64548601786296,155
2019-03-13T09:00:00Z,GAS,COGENERATION,3668.316880728139,4988
2019-03-13T09:00:00Z,GAS,COMBINED CYCLE,1168.0486949197452,1748
2019-03-13T09:00:00Z,GAS,SIMPLE CYCLE,196.651507774608,921
2019-03-13T09:00:00Z,HYDRO,HYDRO,108.30841911266248,894
2019-03-13T09:00:00Z,OTHER,BIOMASS,94.24549515777164,154
2019-03-13T09:00:00Z,OTHER,GAS COGEN,45.90391860538059,58
2019-03-13T09:00:00Z,OTHER,OIL/GAS,43.32891509373983,53
2019-03-13T09:00:00Z,OTHER,WOOD/REFUSE,90.27283795568678,158
2019-03-13T09:00:00Z,SOLAR,SOLAR,0,15
2019-03-13T09:00:00Z,WIND,WIND,325.6725829777039,1445
2019-03-13T10:00:00Z,COAL,COAL,3437.1972802140976,5568
2019-03-13T10:00:00Z,DUAL FUEL,DUAL FUEL,42.64396024492052,155
2019-03-13T10:00:00Z,GAS,COGENERATION,3675.93550858842,4988
2019-03-13T10:00:00Z,GAS,COMBINED CYCLE,1158.1115805032518,1748
2019-03-13T10:00:00Z,GAS,SIMPLE CYCLE,203.70250722143385,921
2019-03-13T10:00:00Z,HYDRO,HYDRO,102.88374212039842,894
2019-03-13T10:00:00Z,OTHER,BIOMASS,93.35389531983269,154
2019-03-13T10:00:00Z,OTHER,GAS COGEN,45.74403159989251,58
2019-03-13T10:00:00Z,OTHER,OIL/GAS,42.64447122997708,53
2019-03-13T10:00:00Z,OTHER,WOOD/REFUSE,90.3599159781138,158
2019-03-13T10:00:00Z,SOLAR,SOLAR,0,15
2019-03-13T10:00:00Z,WIND,WIND,340.5251817961534,1445
2019-03-13T11:00:00Z,COAL,COAL,3509.917785621219,5568
2019-03-13T11:00:00Z,DUAL FUEL,DUAL FUEL,42.80692906909519,155
2019-03-13T11:00:00Z,GAS,COGENERATION,3676.1338509009943,4988
2019-03-13T11:00:00Z,GAS,COMBINED CYCLE,1154.5441033969985,1748
2019-03-13T11:00:00Z,GAS,SIMPLE CYCLE,203.68663671122656,921
2019-03-13T11:00:00Z,HYDRO,HYDRO,115.935273344227,894
2019-03-13T11:00:00Z,OTHER,BIOMASS,94.37915707323286,154
2019-03-13T11:00:00Z,OTHER,GAS COGEN,45.93687424447801,58
2019-03-13T11:00:00Z,OTHER,OIL/GAS,42.835820774502224,53
2019-03-13T11:00:00Z,OTHER,WOOD/REFUSE,91.5826561000612,158
2019-03-13T11:00:00Z,SOLAR,SOLAR,0,15
2019-03-13T11:00:00Z,WIND,WIND,471.4321030753271,1445
2019-03-13T12:00:00Z,COAL,COAL,3633.9189781273735,5568
2019-03-13T12:00:00Z,DUAL FUEL,DUAL FUEL,44.611968729231094,155
2019-03-13T12:00:00Z,GAS,COGENERATION,3693.7433339235517,4988
2019-03-13T12:00:00Z,GAS,COMBINED CYCLE,1326.683022769557,1748
2019-03-13T12:00:00Z,GAS,SIMPLE CYCLE,203.6979172211223,921
2019-03-13T12:00:00Z,HYDRO,HYDRO,171.9711005441348,894
2019-03-13T12:00:00Z,OTHER,BIOMASS,94.9658961306678,154
2019-03-13T12:00:00Z,OTHER,GAS COGEN,44.989000608126325,58
2019-03-13T12:00:00Z,OTHER,OIL/GAS,42.277365892198354,53
2019-03-13T12:00:00Z,OTHER,WOOD/REFUSE,89.88305679427253,158
2019-03-13T12:00:00Z,SOLAR,SOLAR,0,15
2019-03-13T12:00:00Z,WIND,WIND,500.2133254669772,1445
2019-03-13T13:00:00Z,COAL,COAL,3818.6194617716474,5568
2019-03-13T13:00:00Z,DUAL FUEL,DUAL FUEL,61.6874895117018,155
2019-03-13T13:00:00Z,GAS,COGENERATION,3780.994492746724,4988
2019-03-13T13:00:00Z,GAS,COMBINED CYCLE,1425.0355408883095,1748
2019-03-13T13:00:00Z,GAS,SIMPLE CYCLE,369.51018595139186,921
2019-03-13T13:00:00Z,HYDRO,HYDRO,194.25189277768135,894
2019-03-13T13:00:00Z,OTHER,BIOMASS,95.3667958741718,154
2019-03-13T13:00:00Z,OTHER,GAS COGEN,44.62063026958042,58
2019-03-13T13:00:00Z,OTHER,OIL/GAS,42.53937111748589,53
2019-03-13T13:00:00Z,OTHER,WOOD/REFUSE,89.28928845352597,158
2019-03-13T13:00:00Z,SOLAR,SOLAR,0,15
2019-03-13T13:00:00Z,WIND,WIND,451.70949839861856,1445
2019-03-13T14:00:00Z,COAL,COAL,3832.3225929811265,5568
2019-03-13T14:00:00Z,DUAL FUEL,DUAL FUEL,60.06187085681491,155
2019-03-13T14:00:00Z,GAS,COGENERATION,3808.1036587123076,4988
2019-03-13T14:00:00Z,GAS,COMBINED CYCLE,1479.8873349687788,1748
2019-03-13T14:00:00Z,GAS,SIMPLE CYCLE,410.6383866789606,921
2019-03-13T14:00:00Z,HYDRO,HYDRO,141.75202787982093,894
2019-03-13T14:00:00Z,OTHER,BIOMASS,95.5133674006992,154
2019-03-13T14:00:00Z,OTHER,GAS COGEN,44.436124792098994,58
2019-03-13T14:00:00Z,OTHER,OIL/GAS,42.41026564280192,53
2019-03-13T14:00:00Z,OTHER,WOOD/REFUSE,88.71972901768154,158
2019-03-13T14:00:00Z,SOLAR,SOLAR,0.5499999738732974,15
2019-03-13T14:00:00Z,WIND,WIND,398.24924987067783,1445
2019-03-13T15:00:00Z,COAL,COAL,3835.278064350552,5568
2019-03-13T15:00:00Z,DUAL FUEL,DUAL FUEL,59.977297990587026,155
2019-03-13T15:00:00Z,GAS,COGENERATION,3811.3511376269657,4988
2019-03-13T15:00:00Z,GAS,COMBINED CYCLE,1492.504202477402,1748
2019-03-13T15:00:00Z,GAS,SIMPLE CYCLE,422.3177534373601,921
2019-03-13T15:00:00Z,HYDRO,HYDRO,132.42558292263084,894
2019-03-13T15:00:00Z,OTHER,BIOMASS,94.94657930400636,154
2019-03-13T15:00:00Z,OTHER,GAS COGEN,44.329495270252224,58
2019-03-13T15:00:00Z,OTHER,OIL/GAS,42.65228774600559,53
2019-03-13T15:00:00Z,OTHER,WOOD/REFUSE,89.0370738193724,158
2019-03-13T15:00:00Z,SOLAR,SOLAR,4.008916628758112,15
2019-03-13T15:00:00Z,WIND,WIND,305.12697444270884,1445
2019-03-13T16:00:00Z,COAL,COAL,3834.0261172061496,5568
2019-03-13T16:00:00Z,DUAL FUEL,DUAL FUEL,60.05326513290405,155
2019-03-13T16:00:00Z,GAS,COGENERATION,3800.459567540884,4988
2019-03-13T16:00:00Z,GAS,COMBINED CYCLE,1493.9924596993128,1748
2019-03-13T16:00:00Z,GAS,SIMPLE CYCLE,520.3105518539746,921
2019-03-13T16:00:00Z,HYDRO,HYDRO,127.58324599155121,894
2019-03-13T16:00:00Z,OTHER,BIOMASS,96.79022890938653,154
2019-03-13T16:00:00Z,OTHER,GAS COGEN,44.18377884970771,58
2019-03-13T16:00:00Z,OTHER,OIL/GAS,42.13054311964247,53
2019-03-13T16:00:00Z,OTHER,WOOD/REFUSE,88.41255949179332,158
2019-03-13T16:00:00Z,SOLAR,SOLAR,9.994166442818113,15
2019-03-13T16:00:00Z,WIND,WIND,167.703249847177,1445
2019-03-13T17:00:00Z,COAL,COAL,3894.6709135055544,5568
2019-03-13T17:00:00Z,DUAL FUEL,DUAL FUEL,60.33371919631958,155
2019-03-13T17:00:00Z,GAS,COGENERATION,3779.082582552963,4988
2019-03-13T17:00:00Z,GAS,COMBINED CYCLE,1487.9389591900508,1748
2019-03-13T17:00:00Z,GAS,SIMPLE CYCLE,532.4355819829304,921
2019-03-13T17:00:00Z,HYDRO,HYDRO,116.71492026289303,894
2019-03-13T17:00:00Z,OTHER,BIOMASS,93.70595142364502,154
2019-03-13T17:00:00Z,OTHER,GAS COGEN,43.97799408912659,58
2019-03-13T17:00:00Z,OTHER,OIL/GAS,41.93744922002156,53
2019-03-13T17:00:00Z,OTHER,WOOD/REFUSE,87.03088376839956,158
2019-03-13T17:00:00Z,SOLAR,SOLAR,10.343388752937315,15
2019-03-13T17:00:00Z,WIND,WIND,128.3753957612564,1445
2019-03-13T18:00:00Z,COAL,COAL,3863.237918641832,5568
2019-03-13T18:00:00Z,DUAL FUEL,DUAL FUEL,60.07570434358385,155
2019-03-13T18:00:00Z,GAS,COGENERATION,3794.647255824672,4988
2019-03-13T18:00:00Z,GAS,COMBINED CYCLE,1495.1172449504004,1748
2019-03-13T18:00:00Z,GAS,SIMPLE CYCLE,505.5165053539144,921
2019-03-13T18:00:00Z,HYDRO,HYDRO,151.2253187616666,894
2019-03-13T18:00:00Z,OTHER,BIOMASS,93.72807903077867,154
2019-03-13T18:00:00Z,OTHER,GAS COGEN,43.31842986424764,58
2019-03-13T18:00:00Z,OTHER,OIL/GAS,42.2406882985433,53
2019-03-13T18:00:00Z,OTHER,WOOD/REFUSE,86.86107320467632,158
2019-03-13T18:00:00Z,SOLAR,SOLAR,14.105499804814656,15
2019-03-13T18:00:00Z,WIND,WIND,102.93681551348833,1445
2019-03-13T19:00:00Z,COAL,COAL,4004.092979541355,5568
2019-03-13T19:00:00Z,DUAL FUEL,DUAL FUEL,60.50182874891493,155
2019-03-13T19:00:00Z,GAS,COGENERATION,3745.4749508867,4988
2019-03-13T19:00:00Z,GAS,COMBINED CYCLE,1483.8068018025822,1748
2019-03-13T19:00:00Z,GAS,SIMPLE CYCLE,518.537545635038,921
2019-03-13T19:00:00Z,HYDRO,HYDRO,112.49371761037243,894
2019-03-13T19:00:00Z,OTHER,BIOMASS,94.21895098315345,154
2019-03-13T19:00:00Z,OTHER,GAS COGEN,43.22125001165602,58
2019-03-13T19:00:00Z,OTHER,OIL/GAS,42.29396528667874,53
2019-03-13T19:00:00Z,OTHER,WOOD/REFUSE,86.52462925487094,158
2019-03-13T19:00:00Z,SOLAR,SOLAR,12.098610886467828,15
2019-03-13T19:00:00Z,WIND,WIND,56.44185753961404,1445
2019-03-13T20:00:00Z,COAL,COAL,3983.688498556349,5568
2019-03-13T20:00:00Z,DUAL FUEL,DUAL FUEL,60.183291562398274,155
2019-03-13T20:00:00Z,GAS,COGENERATION,3769.3650649115775,4988
2019-03-13T20:00:00Z,GAS,COMBINED CYCLE,1479.2299978754256,1748
2019-03-13T20:00:00Z,GAS,SIMPLE CYCLE,500.7714820194244,921
2019-03-13T20:00:00Z,HYDRO,HYDRO,95.6638730657763,894
2019-03-13T20:00:00Z,OTHER,BIOMASS,94.86647370709314,154
2019-03-13T20:00:00Z,OTHER,GAS COGEN,42.99741511980693,58
2019-03-13T20:00:00Z,OTHER,OIL/GAS,43.57504434797499,53
2019-03-13T20:00:00Z,OTHER,WOOD/REFUSE,85.37551616721683,158
2019-03-13T20:00:00Z,SOLAR,SOLAR,14.53472197479672,15
2019-03-13T20:00:00Z,WIND,WIND,31.298631769476668,1445
2019-03-13T21:00:00Z,COAL,COAL,3953.537904980977,5568
2019-03-13T21:00:00Z,DUAL FUEL,DUAL FUEL,60.50454390207926,155
2019-03-13T21:00:00Z,GAS,COGENERATION,3765.884648376041,4988
2019-03-13T21:00:00Z,GAS,COMBINED CYCLE,1483.6889879459804,1748
2019-03-13T21:00:00Z,GAS,SIMPLE CYCLE,497.00486784299216,921
2019-03-13T21:00:00Z,HYDRO,HYDRO,122.36718609399264,894
2019-03-13T21:00:00Z,OTHER,BIOMASS,95.0650734535853,154
2019-03-13T21:00:00Z,OTHER,GAS COGEN,42.938144752714365,58
2019-03-13T21:00:00Z,OTHER,OIL/GAS,44.7001104036967,53
2019-03-13T21:00:00Z,OTHER,WOOD/REFUSE,86.51900852203369,158
2019-03-13T21:00:00Z,SOLAR,SOLAR,13.246610889964634,15
2019-03-13T21:00:00Z,WIND,WIND,23.646213040881687,1445
2019-03-13T22:00:00Z,COAL,COAL,3966.6534113989937,5568
2019-03-13T22:00:00Z,DUAL FUEL,DUAL FUEL,60.47132101270888,155
2019-03-13T22:00:00Z,GAS,COGENERATION,3770.2292665836544,4988
2019-03-13T22:00:00Z,GAS,COMBINED CYCLE,1478.3290579673978,1748
2019-03-13T22:00:00Z,GAS,SIMPLE CYCLE,546.158621879816,921
2019-03-13T22:00:00Z,HYDRO,HYDRO,104.57247914115588,894
2019-03-13T22:00:00Z,OTHER,BIOMASS,94.10080685403611,154
2019-03-13T22:00:00Z,OTHER,GAS COGEN,44.49592302004496,58
2019-03-13T22:00:00Z,OTHER,OIL/GAS,44.14928746329414,53
2019-03-13T22:00:00Z,OTHER,WOOD/REFUSE,86.58882792048985,158
2019-03-13T22:00:00Z,SOLAR,SOLAR,10.460833134651184,15
2019-03-13T22:00:00Z,WIND,WIND,16.087875801788435,1445
2019-03-13T23:00:00Z,COAL,COAL,3943.911905632019,5568
2019-03-13T23:00:00Z,DUAL FUEL,DUAL FUEL,60.37955180697971,155
2019-03-13T23:00:00Z,GAS,COGENERATION,3776.1450270994505,4988
2019-03-13T23:00:00Z,GAS,COMBINED CYCLE,1478.911568871604,1748
2019-03-13T23:00:00Z,GAS,SIMPLE CYCLE,547.2409326590432,921
2019-03-13T23:00:00Z,HYDRO,HYDRO,122.62236878997749,894
2019-03-13T23:00:00Z,OTHER,BIOMASS,94.5031902164883,154
2019-03-13T23:00:00Z,OTHER,GAS COGEN,44.16532664616903,58
2019-03-13T23:00:00Z,OTHER,OIL/GAS,44.50627061631945,53
2019-03-13T23:00:00Z,OTHER,WOOD/REFUSE,85.94054164674547,158
2019-03-13T23:00:00Z,SOLAR,SOLAR,6.720166503588358,15
2019-03-13T23:00:00Z,WIND,WIND,12.342333051405019,1445
2019-03-14T00:00:00Z,COAL,COAL,3893.52340649075,5568
2019-03-14T00:00:00Z,DUAL FUEL,DUAL FUEL,60.45436039182875,155
2019-03-14T00:00:00Z,GAS,COGENERATION,3786.758799888823,4988
2019-03-14T00:00:00Z,GAS,COMBINED CYCLE,1473.3326850816939,1748
2019-03-14T00:00:00Z,GAS,SIMPLE CYCLE,544.7161690335804,921
2019-03-14T00:00:00Z,HYDRO,HYDRO,127.21951983557807,894
2019-03-14T00:00:00Z,OTHER,BIOMASS,95.40304060088263,154
2019-03-14T00:00:00Z,OTHER,GAS COGEN,39.33765343613095,58
2019-03-14T00:00:00Z,OTHER,OIL/GAS,44.511831506093344,53
2019-03-14T00:00:00Z,OTHER,WOOD/REFUSE,85.11930756251017,158
2019-03-14T00:00:00Z,SOLAR,SOLAR,2.4813332712981437,15
2019-03-14T00:00:00Z,WIND,WIND,13.001429796516895,1445
2019-03-14T01:00:00Z,COAL,COAL,3849.4488390223187,5568
2019-03-14T01:00:00Z,DUAL FUEL,DUAL FUEL,60.26450099733141,155
2019-03-14T01:00:00Z,GAS,COGENERATION,3800.7525333780713,4988
2019-03-14T01:00:00Z,GAS,COMBINED CYCLE,1487.415515233146,1748
2019-03-14T01:00:00Z,GAS,SIMPLE CYCLE,553.5727649377121,921
2019-03-14T01:00:00Z,HYDRO,HYDRO,129.54711464868652,894
2019-03-14T01:00:00Z,OTHER,BIOMASS,94.30423485438028,154
2019-03-14T01:00:00Z,OTHER,GAS COGEN,36.82741267045339,58
2019-03-14T01:00:00Z,OTHER,OIL/GAS,45.27766579522027,53
2019-03-14T01:00:00Z,OTHER,WOOD/REFUSE,85.76117037879096,158
2019-03-14T01:00:00Z,SOLAR,SOLAR,0.06716666266322135,15
2019-03-14T01:00:00Z,WIND,WIND,18.976898264868392,1445
2019-03-14T02:00:00Z,COAL,COAL,3962.4943446392485,5568
2019-03-14T02:00:00Z,DUAL FUEL,DUAL FUEL,60.32549501842923,155
2019-03-14T02:00:00Z,GAS,COGENERATION,3811.585738407241,4988
2019-03-14T02:00:00Z,GAS,COMBINED CYCLE,1498.8031128263474,1748
2019-03-14T02:00:00Z,GAS,SIMPLE CYCLE,547.6808105999065,921
2019-03-14T02:00:00Z,HYDRO,HYDRO,161.70061501678492,894
2019-03-14T02:00:00Z,OTHER,BIOMASS,93.1348898241255,154
2019-03-14T02:00:00Z,OTHER,GAS COGEN,38.21037687831455,58
2019-03-14T02:00:00Z,OTHER,OIL/GAS,44.74583718193902,53
2019-03-14T02:00:00Z,OTHER,WOOD/REFUSE,86.33267246988083,158
2019-03-14T02:00:00Z,SOLAR,SOLAR,0,15
2019-03-14T02:00:00Z,WIND,WIND,26.62659735111727,1445
2019-03-14T03:00:00Z,COAL,COAL,3858.505046556261,5568
2019-03-14T03:00:00Z,DUAL FUEL,DUAL FUEL,60.263818151685925,155
2019-03-14T03:00:00Z,GAS,COGENERATION,3811.2773119719823,4988
2019-03-14T03:00:00Z,GAS,COMBINED CYCLE,1491.2397114107343,1748
2019-03-14T03:00:00Z,GAS,SIMPLE CYCLE,538.0613084351354,921
2019-03-14T03:00:00Z,HYDRO,HYDRO,107.25202248367998,894
2019-03-14T03:00:00Z,OTHER,BIOMASS,95.04393452962239,154
2019-03-14T03:00:00Z,OTHER,GAS COGEN,37.525736246109005,58
2019-03-14T03:00:00Z,OTHER,OIL/GAS,45.08370407528347,53
2019-03-14T03:00:00Z,OTHER,WOOD/REFUSE,87.10841139687433,158
2019-03-14T03:00:00Z,SOLAR,SOLAR,0,15
2019-03-14T03:00:00Z,WIND,WIND,67.45477038257651,1445
2019-03-14T04:00:00Z,COAL,COAL,3817.6432144461737,5568
2019-03-14T04:00:00Z,DUAL FUEL,DUAL FUEL,49.76365974214342,155
2019-03-14T04:00:00Z,GAS,COGENERATION,3812.215581986904,4988
2019-03-14T04:00:00Z,GAS,COMBINED CYCLE,1392.368341541555,1748
2019-03-14T04:00:00Z,GAS,SIMPLE CYCLE,345.7459950065944,921
2019-03-14T04:00:00Z,HYDRO,HYDRO,106.77002246687809,894
2019-03-14T04:00:00Z,OTHER,BIOMASS,92.8004013050927,154
2019-03-14T04:00:00Z,OTHER,GAS COGEN,37.37677131758796,58
2019-03-14T04:00:00Z,OTHER,OIL/GAS,44.879127180311414,53
2019-03-14T04:00:00Z,OTHER,WOOD/REFUSE,87.19198038631015,158
2019-03-14T04:00:00Z,SOLAR,SOLAR,0,15
2019-03-14T04:00:00Z,WIND,WIND,127.51077966276142,1445
2019-03-14T05:00:00Z,COAL,COAL,3659.8157329686483,5568
2019-03-14T05:00:00Z,DUAL FUEL,DUAL FUEL,43.4614433309767,155
2019-03-14T05:00:00Z,GAS,COGENERATION,3794.482308259938,4988
2019-03-14T05:00:00Z,GAS,COMBINED CYCLE,1340.9824781825807,1748
2019-03-14T05:00:00Z,GAS,SIMPLE CYCLE,207.44209945581025,921
2019-03-14T05:00:00Z,HYDRO,HYDRO,105.55648508244091,894
2019-03-14T05:00:00Z,OTHER,BIOMASS,94.44280634138319,154
2019-03-14T05:00:00Z,OTHER,GAS COGEN,37.94219166755676,58
2019-03-14T05:00:00Z,OTHER,OIL/GAS,44.5525937377082,53
2019-03-14T05:00:00Z,OTHER,WOOD/REFUSE,87.54556123044756,158
2019-03-14T05:00:00Z,SOLAR,SOLAR,0,15
2019-03-14T05:00:00Z,WIND,WIND,241.9569563634197,1445
2019-03-14T06:00:00Z,COAL,COAL,3540.011223165724,5568
2019-03-14T06:00:00Z,DUAL FUEL,DUAL FUEL,42.444160310957166,155
2019-03-14T06:00:00Z,GAS,COGENERATION,3775.2179109398526,4988
2019-03-14T06:00:00Z,GAS,COMBINED CYCLE,1224.393741757075,1748
2019-03-14T06:00:00Z,GAS,SIMPLE CYCLE,204.11109572967723,921
2019-03-14T06:00:00Z,HYDRO,HYDRO,63.98511401654945,894
2019-03-14T06:00:00Z,OTHER,BIOMASS,94.10430635558234,154
2019-03-14T06:00:00Z,OTHER,GAS COGEN,40.69906161096361,58
2019-03-14T06:00:00Z,OTHER,OIL/GAS,45.41014331181844,53
2019-03-14T06:00:00Z,OTHER,WOOD/REFUSE,87.93231562508477,158
2019-03-14T06:00:00Z,SOLAR,SOLAR,0,15
2019-03-14T06:00:00Z,WIND,WIND,371.6141733897726,1445
2019-03-14T07:00:00Z,COAL,COAL,3357.2543669276765,5568
2019-03-14T07:00:00Z,DUAL FUEL,DUAL FUEL,43.07976743910048,155
2019-03-14T07:00:00Z,GAS,COGENERATION,3784.435294944975,4988
2019-03-14T07:00:00Z,GAS,COMBINED CYCLE,1185.6699161728222,1748
2019-03-14T07:00:00Z,GAS,SIMPLE CYCLE,206.17541319257683,921
2019-03-14T07:00:00Z,HYDRO,HYDRO,68.80838868485557,894
2019-03-14T07:00:00Z,OTHER,BIOMASS,93.8601955318451,154
2019-03-14T07:00:00Z,OTHER,GAS COGEN,41.69499925401476,58
2019-03-14T07:00:00Z,OTHER,OIL/GAS,45.736831732855904,53
2019-03-14T07:00:00Z,OTHER,WOOD/REFUSE,88.92458434210883,158
2019-03-14T07:00:00Z,SOLAR,SOLAR,0,15
2019-03-14T07:00:00Z,WIND,WIND,439.7901736265752,1445
2019-03-14T08:00:00Z,COAL,COAL,3286.122603655921,5568
2019-03-14T08:00:00Z,DUAL FUEL,DUAL FUEL,43.19421257230971,155
2019-03-14T08:00:00Z,GAS,COGENERATION,3791.572675766415,4988
2019-03-14T08:00:00Z,GAS,COMBINED CYCLE,1195.5317239830229,1748
2019-03-14T08:00:00Z,GAS,SIMPLE CYCLE,207.60280953619215,921
2019-03-14T08:00:00Z,HYDRO,HYDRO,94.91225236111217,894
2019-03-14T08:00:00Z,OTHER,BIOMASS,93.49643450842962,154
2019-03-14T08:00:00Z,OTHER,GAS COGEN,41.78024665408664,58
2019-03-14T08:00:00Z,OTHER,OIL/GAS,46.260488243103026,53
2019-03-14T08:00:00Z,OTHER,WOOD/REFUSE,89.41797910584343,158
2019-03-14T08:00:00Z,SOLAR,SOLAR,0,15
2019-03-14T08:00:00Z,WIND,WIND,436.0418349112736,1445
2019-03-14T09:00:00Z,COAL,COAL,3299.418528544108,5568
2019-03-14T09:00:00Z,DUAL FUEL,DUAL FUEL,43.08585601806641,155
2019-03-14T09:00:00Z,GAS,COGENERATION,3795.2366396101315,4988
2019-03-14T09:00:00Z,GAS,COMBINED CYCLE,1182.3072113906012,1748
2019-03-14T09:00:00Z,GAS,SIMPLE CYCLE,206.87423705996738,921
2019-03-14T09:00:00Z,HYDRO,HYDRO,76.9021884103616,894
2019-03-14T09:00:00Z,OTHER,BIOMASS,92.81890192084842,154
2019-03-14T09:00:00Z,OTHER,GAS COGEN,41.901398480733235,58
2019-03-14T09:00:00Z,OTHER,OIL/GAS,43.412637905544706,53
2019-03-14T09:00:00Z,OTHER,WOOD/REFUSE,90.17502476215363,158
2019-03-14T09:00:00Z,SOLAR,SOLAR,0,15
2019-03-14T09:00:00Z,WIND,WIND,445.6498583844304,1445
2019-03-14T10:00:00Z,COAL,COAL,3285.883286346859,5568
2019-03-14T10:00:00Z,DUAL FUEL,DUAL FUEL,43.17805288950602,155
2019-03-14T10:00:00Z,GAS,COGENERATION,3801.828712860743,4988
2019-03-14T10:00:00Z,GAS,COMBINED CYCLE,1193.3965685515934,1748
2019-03-14T10:00:00Z,GAS,SIMPLE CYCLE,204.07216429308056,921
2019-03-14T10:00:00Z,HYDRO,HYDRO,82.81583316975168,894
2019-03-14T10:00:00Z,OTHER,BIOMASS,92.84226827462514,154
2019-03-14T10:00:00Z,OTHER,GAS COGEN,41.75264435662164,58
2019-03-14T10:00:00Z,OTHER,OIL/GAS,43.85209981282552,53
2019-03-14T10:00:00Z,OTHER,WOOD/REFUSE,90.44921690622967,158
2019-03-14T10:00:00Z,SOLAR,SOLAR,0,15
2019-03-14T10:00:00Z,WIND,WIND,474.511381609771,1445
2019-03-14T11:00:00Z,COAL,COAL,3325.3185663308036,5568
2019-03-14T11:00:00Z,DUAL FUEL,DUAL FUEL,43.12621399561564,155
2019-03-14T11:00:00Z,GAS,COGENERATION,3822.1499569609427,4988
2019-03-14T11:00:00Z,GAS,COMBINED CYCLE,1211.6056105187204,1748
2019-03-14T11:00:00Z,GAS,SIMPLE CYCLE,204.59263013707266,921
2019-03-14T11:00:00Z,HYDRO,HYDRO,158.90347175551784,894
2019-03-14T11:00:00Z,OTHER,BIOMASS,93.69499558342828,154
2019-03-14T11:00:00Z,OTHER,GAS COGEN,41.66223605526818,58
2019-03-14T11:00:00Z,OTHER,OIL/GAS,43.63176571104262,53
2019-03-14T11:00:00Z,OTHER,WOOD/REFUSE,90.5993873108758,158
2019-03-14T11:00:00Z,SOLAR,SOLAR,0,15
2019-03-14T11:00:00Z,WIND,WIND,459.73884865497547,1445
2019-03-14T12:00:00Z,COAL,COAL,3636.631686530643,5568
2019-03-14T12:00:00Z,DUAL FUEL,DUAL FUEL,43.21504054599338,155
2019-03-14T12:00:00Z,GAS,COGENERATION,3831.1491999133427,4988
2019-03-14T12:00:00Z,GAS,COMBINED CYCLE,1304.1457856811417,1748
2019-03-14T12:00:00Z,GAS,SIMPLE CYCLE,204.93243750459618,921
2019-03-14T12:00:00Z,HYDRO,HYDRO,176.9298023209307,894
2019-03-14T12:00:00Z,OTHER,BIOMASS,94.94691207567851,154
2019-03-14T12:00:00Z,OTHER,GAS COGEN,41.93523497210609,58
2019-03-14T12:00:00Z,OTHER,OIL/GAS,44.15313755247328,53
2019-03-14T12:00:00Z,OTHER,WOOD/REFUSE,89.91578391075134,158
2019-03-14T12:00:00Z,SOLAR,SOLAR,0,15
2019-03-14T12:00:00Z,WIND,WIND,445.76641887734337,1445
2019-03-14T13:00:00Z,COAL,COAL,3798.7753683810765,5568
2019-03-14T13:00:00Z,DUAL FUEL,DUAL FUEL,56.53480632146199,155
2019-03-14T13:00:00Z,GAS,COGENERATION,3862.3969030237195,4988
2019-03-14T13:00:00Z,GAS,COMBINED CYCLE,1463.7200484861269,1748
2019-03-14T13:00:00Z,GAS,SIMPLE CYCLE,358.39861201044585,921
2019-03-14T13:00:00Z,HYDRO,HYDRO,150.96485076851314,894
2019-03-14T13:00:00Z,OTHER,BIOMASS,94.65377355734508,154
2019-03-14T13:00:00Z,OTHER,GAS COGEN,41.836756995519,58
2019-03-14T13:00:00Z,OTHER,OIL/GAS,43.8396268441942,53
2019-03-14T13:00:00Z,OTHER,WOOD/REFUSE,90.18069548712836,158
2019-03-14T13:00:00Z,SOLAR,SOLAR,0,15
2019-03-14T13:00:00Z,WIND,WIND,451.3818135011693,1445
2019-03-14T14:00:00Z,COAL,COAL,3794.173664533827,5568
2019-03-14T14:00:00Z,DUAL FUEL,DUAL FUEL,54.88092183219062,155
2019-03-14T14:00:00Z,GAS,COGENERATION,3874.9798185454474,4988
2019-03-14T14:00:00Z,GAS,COMBINED CYCLE,1481.7317599222395,1748
2019-03-14T14:00:00Z,GAS,SIMPLE CYCLE,452.977098894202,921
2019-03-14T14:00:00Z,HYDRO,HYDRO,126.24789658281537,894
2019-03-14T14:00:00Z,OTHER,BIOMASS,93.40675631629097,154
2019-03-14T14:00:00Z,OTHER,GAS COGEN,42.57930632591247,58
2019-03-14T14:00:00Z,OTHER,OIL/GAS,43.72911597781711,53
2019-03-14T14:00:00Z,OTHER,WOOD/REFUSE,90.39028169631959,158
2019-03-14T14:00:00Z,SOLAR,SOLAR,1.5174999638398488,15
2019-03-14T14:00:00Z,WIND,WIND,426.4454141132368,1445
2019-03-14T15:00:00Z,COAL,COAL,3797.059630639818,5568
2019-03-14T15:00:00Z,DUAL FUEL,DUAL FUEL,54.74650927225749,155
2019-03-14T15:00:00Z,GAS,COGENERATION,3867.398182272116,4988
2019-03-14T15:00:00Z,GAS,COMBINED CYCLE,1480.659282260471,1748
2019-03-14T15:00:00Z,GAS,SIMPLE CYCLE,453.93973375611836,921
2019-03-14T15:00:00Z,HYDRO,HYDRO,130.13951344516542,894
2019-03-14T15:00:00Z,OTHER,BIOMASS,94.27791225009494,154
2019-03-14T15:00:00Z,OTHER,GAS COGEN,44.46863910675049,58
2019-03-14T15:00:00Z,OTHER,OIL/GAS,43.73263353983561,53
2019-03-14T15:00:00Z,OTHER,WOOD/REFUSE,91.56156224091848,158
2019-03-14T15:00:00Z,SOLAR,SOLAR,5.711499874194463,15
2019-03-14T15:00:00Z,WIND,WIND,445.5770354865657,1445
2019-03-14T16:00:00Z,COAL,COAL,3784.1818085013497,5568
2019-03-14T16:00:00Z,DUAL FUEL,DUAL FUEL,53.122661919063994,155
2019-03-14T16:00:00Z,GAS,COGENERATION,3856.891172671848,4988
2019-03-14T16:00:00Z,GAS,COMBINED CYCLE,1472.3878604449164,1748
2019-03-14T16:00:00Z,GAS,SIMPLE CYCLE,450.0058999811941,921
2019-03-14T16:00:00Z,HYDRO,HYDRO,108.55655244999461,894
2019-03-14T16:00:00Z,OTHER,BIOMASS,94.2707567305035,154
2019-03-14T16:00:00Z,OTHER,GAS COGEN,44.80542484177484,58
2019-03-14T16:00:00Z,OTHER,OIL/GAS,44.265898316701254,53
2019-03-14T16:00:00Z,OTHER,WOOD/REFUSE,91.939961804284,158
2019-03-14T16:00:00Z,SOLAR,SOLAR,9.95066644721561,15
2019-03-14T16:00:00Z,WIND,WIND,411.77474125862125,1445
2019-03-14T17:00:00Z,COAL,COAL,3765.269719566239,5568
2019-03-14T17:00:00Z,DUAL FUEL,DUAL FUEL,43.67838697857327,155
2019-03-14T17:00:00Z,GAS,COGENERATION,3847.817668762737,4988
2019-03-14T17:00:00Z,GAS,COMBINED CYCLE,1473.952071117825,1748
2019-03-14T17:00:00Z,GAS,SIMPLE CYCLE,419.9399108039836,921
2019-03-14T17:00:00Z,HYDRO,HYDRO,127.64857500632604,894
2019-03-14T17:00:00Z,OTHER,BIOMASS,95.3530288971795,154
2019-03-14T17:00:00Z,OTHER,GAS COGEN,44.953415399127536,58
2019-03-14T17:00:00Z,OTHER,OIL/GAS,45.048637862735326,53
2019-03-14T17:00:00Z,OTHER,WOOD/REFUSE,90.94207791275448,158
2019-03-14T17:00:00Z,SOLAR,SOLAR,12.79933320151435,15
2019-03-14T17:00:00Z,WIND,WIND,356.09056161044373,1445
2019-03-14T18:00:00Z,COAL,COAL,3760.602389608092,5568
2019-03-14T18:00:00Z,DUAL FUEL,DUAL FUEL,54.50988506740994,155
2019-03-14T18:00:00Z,GAS,COGENERATION,3832.564002167384,4988
2019-03-14T18:00:00Z,GAS,COMBINED CYCLE,1494.3443131377962,1748
2019-03-14T18:00:00Z,GAS,SIMPLE CYCLE,417.2786772810088,921
2019-03-14T18:00:00Z,HYDRO,HYDRO,148.98490613758563,894
2019-03-14T18:00:00Z,OTHER,BIOMASS,95.35609526793162,154
2019-03-14T18:00:00Z,OTHER,GAS COGEN,44.77265328725179,58
2019-03-14T18:00:00Z,OTHER,OIL/GAS,44.95330975002712,53
2019-03-14T18:00:00Z,OTHER,WOOD/REFUSE,91.09609684997135,158
2019-03-14T18:00:00Z,SOLAR,SOLAR,14.418277395036483,15
2019-03-14T18:00:00Z,WIND,WIND,275.7477216991617,1445
2019-03-14T19:00:00Z,COAL,COAL,3736.53010101623,5568
2019-03-14T19:00:00Z,DUAL FUEL,DUAL FUEL,51.23021742714776,155
2019-03-14T19:00:00Z,GAS,COGENERATION,3815.3995578887725,4988
2019-03-14T19:00:00Z,GAS,COMBINED CYCLE,1470.4583234776392,1748
2019-03-14T19:00:00Z,GAS,SIMPLE CYCLE,393.48801903420025,921
2019-03-14T19:00:00Z,HYDRO,HYDRO,115.66278538627758,894
2019-03-14T19:00:00Z,OTHER,BIOMASS,94.37130156622992,154
2019-03-14T19:00:00Z,OTHER,GAS COGEN,44.84109950595432,58
2019-03-14T19:00:00Z,OTHER,OIL/GAS,42.754488504197866,53
2019-03-14T19:00:00Z,OTHER,WOOD/REFUSE,89.35067667643229,158
2019-03-14T19:00:00Z,SOLAR,SOLAR,14.800110754966736,15
2019-03-14T19:00:00Z,WIND,WIND,322.76199129776825,1445
2019-03-14T20:00:00Z,COAL,COAL,3714.5266302606797,5568
2019-03-14T20:00:00Z,DUAL FUEL,DUAL FUEL,49.48234118567573,155
2019-03-14T20:00:00Z,GAS,COGENERATION,3799.35930816306,4988
2019-03-14T20:00:00Z,GAS,COMBINED CYCLE,1461.2701804558435,1748
2019-03-14T20:00:00Z,GAS,SIMPLE CYCLE,375.8757783166236,921
2019-03-14T20:00:00Z,HYDRO,HYDRO,122.90340023173226,894
2019-03-14T20:00:00Z,OTHER,BIOMASS,93.85988423930274,154
2019-03-14T20:00:00Z,OTHER,GAS COGEN,44.878884639739994,58
2019-03-14T20:00:00Z,OTHER,OIL/GAS,42.60094893773397,53
2019-03-14T20:00:00Z,OTHER,WOOD/REFUSE,87.58201443990072,158
2019-03-14T20:00:00Z,SOLAR,SOLAR,14.537333099047345,15
2019-03-14T20:00:00Z,WIND,WIND,387.5363086161349,1445
2019-03-14T21:00:00Z,COAL,COAL,3712.825306469599,5568
2019-03-14T21:00:00Z,DUAL FUEL,DUAL FUEL,43.71153971354167,155
2019-03-14T21:00:00Z,GAS,COGENERATION,3791.9841402996913,4988
2019-03-14T21:00:00Z,GAS,COMBINED CYCLE,1456.0518564038807,1748
2019-03-14T21:00:00Z,GAS,SIMPLE CYCLE,391.39599153008726,921
2019-03-14T21:00:00Z,HYDRO,HYDRO,127.67351099226211,894
2019-03-14T21:00:00Z,OTHER,BIOMASS,94.31032339043088,154
2019-03-14T21:00:00Z,OTHER,GAS COGEN,44.69725632402632,58
2019-03-14T21:00:00Z,OTHER,OIL/GAS,42.68303235371908,53
2019-03-14T21:00:00Z,OTHER,WOOD/REFUSE,88.77983311123319,158
2019-03-14T21:00:00Z,SOLAR,SOLAR,12.868999786376952,15
2019-03-14T21:00:00Z,WIND,WIND,478.2683569441984,1445
2019-03-14T22:00:00Z,COAL,COAL,3711.54253948662,5568
2019-03-14T22:00:00Z,DUAL FUEL,DUAL FUEL,43.07089340845744,155
2019-03-14T22:00:00Z,GAS,COGENERATION,3759.3899745386175,4988
2019-03-14T22:00:00Z,GAS,COMBINED CYCLE,1453.5526932636897,1748
2019-03-14T22:00:00Z,GAS,SIMPLE CYCLE,355.8018777912855,921
2019-03-14T22:00:00Z,HYDRO,HYDRO,128.20193470428387,894
2019-03-14T22:00:00Z,OTHER,BIOMASS,98.17824621889326,154
2019-03-14T22:00:00Z,OTHER,GAS COGEN,44.697537445492216,58
2019-03-14T22:00:00Z,OTHER,OIL/GAS,42.97799886703491,53
2019-03-14T22:00:00Z,OTHER,WOOD/REFUSE,89.06250199158985,158
2019-03-14T22:00:00Z,SOLAR,SOLAR,10.40366647084554,15
2019-03-14T22:00:00Z,WIND,WIND,571.0058149456646,1445
2019-03-14T23:00:00Z,COAL,COAL,3619.8513394019337,5568
2019-03-14T23:00:00Z,DUAL FUEL,DUAL FUEL,43.50826065063477,155
2019-03-14T23:00:00Z,GAS,COGENERATION,3744.1071566033365,4988
2019-03-14T23:00:00Z,GAS,COMBINED CYCLE,1475.515270233684,1748
2019-03-14T23:00:00Z,GAS,SIMPLE CYCLE,343.57599512285657,921
2019-03-14T23:00:00Z,HYDRO,HYDRO,116.20642497340839,894
2019-03-14T23:00:00Z,OTHER,BIOMASS,100.26815112484826,154
2019-03-14T23:00:00Z,OTHER,GAS COGEN,44.602868734995525,58
2019-03-14T23:00:00Z,OTHER,OIL/GAS,43.05312259886,53
2019-03-14T23:00:00Z,OTHER,WOOD/REFUSE,88.77436849276225,158
2019-03-14T23:00:00Z,SOLAR,SOLAR,6.214499888022741,15
2019-03-14T23:00:00Z,WIND,WIND,663.4657877654003,1445
2019-03-15T00:00:00Z,COAL,COAL,3505.071511671278,5568
2019-03-15T00:00:00Z,DUAL FUEL,DUAL FUEL,43.46878860897488,155
2019-03-15T00:00:00Z,GAS,COGENERATION,3751.9156754390397,4988
2019-03-15T00:00:00Z,GAS,COMBINED CYCLE,1425.45116897636,1748
2019-03-15T00:00:00Z,GAS,SIMPLE CYCLE,323.3360926926136,921
2019-03-15T00:00:00Z,HYDRO,HYDRO,141.2554697216385,894
2019-03-15T00:00:00Z,OTHER,BIOMASS,99.39371713532343,154
2019-03-15T00:00:00Z,OTHER,GAS COGEN,43.9268220339881,58
2019-03-15T00:00:00Z,OTHER,OIL/GAS,42.75817191865709,53
2019-03-15T00:00:00Z,OTHER,WOOD/REFUSE,87.88376420815786,158
2019-03-15T00:00:00Z,SOLAR,SOLAR,2.6397777762677936,15
2019-03-15T00:00:00Z,WIND,WIND,775.18252036848,1445
2019-03-15T01:00:00Z,COAL,COAL,3460.600494479603,5568
2019-03-15T01:00:00Z,DUAL FUEL,DUAL FUEL,43.62648106257121,155
2019-03-15T01:00:00Z,GAS,COGENERATION,3794.8378976615268,4988
2019-03-15T01:00:00Z,GAS,COMBINED CYCLE,1397.3786655129327,1748
2019-03-15T01:00:00Z,GAS,SIMPLE CYCLE,307.09418712245093,921
2019-03-15T01:00:00Z,HYDRO,HYDRO,119.14494020382563,894
2019-03-15T01:00:00Z,OTHER,BIOMASS,97.83947352939182,154
2019-03-15T01:00:00Z,OTHER,GAS COGEN,44.18056078592936,58
2019-03-15T01:00:00Z,OTHER,OIL/GAS,42.72807680977716,53
2019-03-15T01:00:00Z,OTHER,WOOD/REFUSE,88.00897829055786,158
2019-03-15T01:00:00Z,SOLAR,SOLAR,0.11,15
2019-03-15T01:00:00Z,WIND,WIND,891.443533014771,1445
2019-03-15T02:00:00Z,COAL,COAL,3547.412051490148,5568
2019-03-15T02:00:00Z,DUAL FUEL,DUAL FUEL,43.18095172246297,155
2019-03-15T02:00:00Z,GAS,COGENERATION,3812.252780313227,4988
2019-03-15T02:00:00Z,GAS,COMBINED CYCLE,1488.6084837235344,1748
2019-03-15T02:00:00Z,GAS,SIMPLE CYCLE,210.7916809548272,921
2019-03-15T02:00:00Z,HYDRO,HYDRO,134.5668955511517,894
2019-03-15T02:00:00Z,OTHER,BIOMASS,97.22395674599542,154
2019-03-15T02:00:00Z,OTHER,GAS COGEN,44.123229559792414,58
2019-03-15T02:00:00Z,OTHER,OIL/GAS,42.220698530409074,53
2019-03-15T02:00:00Z,OTHER,WOOD/REFUSE,88.25570023642646,158
2019-03-15T02:00:00Z,SOLAR,SOLAR,0,15
2019-03-15T02:00:00Z,WIND,WIND,971.0747706517743,1445
2019-03-15T03:00:00Z,COAL,COAL,3411.9078102866806,5568
2019-03-15T03:00:00Z,DUAL FUEL,DUAL FUEL,43.12780167897542,155
2019-03-15T03:00:00Z,GAS,COGENERATION,3799.5776605616675,4988
2019-03-15T03:00:00Z,GAS,COMBINED CYCLE,1437.8179173511928,1748
2019-03-15T03:00:00Z,GAS,SIMPLE CYCLE,203.58784984860156,921
2019-03-15T03:00:00Z,HYDRO,HYDRO,88.50525925695896,894
2019-03-15T03:00:00Z,OTHER,BIOMASS,96.2330957534578,154
2019-03-15T03:00:00Z,OTHER,GAS COGEN,44.339498763084414,58
2019-03-15T03:00:00Z,OTHER,OIL/GAS,42.54759284125434,53
2019-03-15T03:00:00Z,OTHER,WOOD/REFUSE,88.12292537265354,158
2019-03-15T03:00:00Z,SOLAR,SOLAR,0,15
2019-03-15T03:00:00Z,WIND,WIND,1057.4949337639578,1445
2019-03-15T04:00:00Z,COAL,COAL,3146.9863737037444,5568
2019-03-15T04:00:00Z,DUAL FUEL,DUAL FUEL,43.12341247558594,155
2019-03-15T04:00:00Z,GAS,COGENERATION,3781.121284455723,4988
2019-03-15T04:00:00Z,GAS,COMBINED CYCLE,1352.3528278382619,1748
2019-03-15T04:00:00Z,GAS,SIMPLE CYCLE,201.65753339158164,921
2019-03-15T04:00:00Z,HYDRO,HYDRO,87.79783771812916,894
2019-03-15T04:00:00Z,OTHER,BIOMASS,94.98577288627624,154
2019-03-15T04:00:00Z,OTHER,GAS COGEN,44.56522469891442,58
2019-03-15T04:00:00Z,OTHER,OIL/GAS,42.6642658106486,53
2019-03-15T04:00:00Z,OTHER,WOOD/REFUSE,87.2064866373274,158
2019-03-15T04:00:00Z,SOLAR,SOLAR,0,15
2019-03-15T04:00:00Z,WIND,WIND,1147.3657491655483,1445
2019-03-15T05:00:00Z,COAL,COAL,2865.556409989728,5568
2019-03-15T05:00:00Z,DUAL FUEL,DUAL FUEL,43.22288493262397,155
2019-03-15T05:00:00Z,GAS,COGENERATION,3810.3478531392416,4988
2019-03-15T05:00:00Z,GAS,COMBINED CYCLE,1260.5394513805707,1748
2019-03-15T05:00:00Z,GAS,SIMPLE CYCLE,202.48099687894185,921
2019-03-15T05:00:00Z,HYDRO,HYDRO,149.3594048073805,894
2019-03-15T05:00:00Z,OTHER,BIOMASS,98.30287346733941,154
2019-03-15T05:00:00Z,OTHER,GAS COGEN,44.63539477878147,58
2019-03-15T05:00:00Z,OTHER,OIL/GAS,42.61568890253703,53
2019-03-15T05:00:00Z,OTHER,WOOD/REFUSE,87.60872635364532,158
2019-03-15T05:00:00Z,SOLAR,SOLAR,0,15
2019-03-15T05:00:00Z,WIND,WIND,1184.1191318082808,1445
2019-03-15T06:00:00Z,COAL,COAL,2866.802810016738,5568
2019-03-15T06:00:00Z,DUAL FUEL,DUAL FUEL,43.23922593646579,155
2019-03-15T06:00:00Z,GAS,COGENERATION,3852.7892379885247,4988
2019-03-15T06:00:00Z,GAS,COMBINED CYCLE,1183.577683746285,1748
2019-03-15T06:00:00Z,GAS,SIMPLE CYCLE,205.76634604758686,921
2019-03-15T06:00:00Z,HYDRO,HYDRO,124.6319641521242,894
2019-03-15T06:00:00Z,OTHER,BIOMASS,98.80830636130439,154
2019-03-15T06:00:00Z,OTHER,GAS COGEN,44.69936496734619,58
2019-03-15T06:00:00Z,OTHER,OIL/GAS,42.151793558332656,53
2019-03-15T06:00:00Z,OTHER,WOOD/REFUSE,88.5062164847056,158
2019-03-15T06:00:00Z,SOLAR,SOLAR,0,15
2019-03-15T06:00:00Z,WIND,WIND,1076.8856504553557,1445
2019-03-15T07:00:00Z,COAL,COAL,2864.9427660902343,5568
2019-03-15T07:00:00Z,DUAL FUEL,DUAL FUEL,43.016810463799374,155
2019-03-15T07:00:00Z,GAS,COGENERATION,3855.184515008794,4988
2019-03-15T07:00:00Z,GAS,COMBINED CYCLE,1180.0878481592074,1748
2019-03-15T07:00:00Z,GAS,SIMPLE CYCLE,206.77968097103965,921
2019-03-15T07:00:00Z,HYDRO,HYDRO,114.88696805417537,894
2019-03-15T07:00:00Z,OTHER,BIOMASS,98.39648409525553,154
2019-03-15T07:00:00Z,OTHER,GAS COGEN,44.794518591562905,58
2019-03-15T07:00:00Z,OTHER,OIL/GAS,42.13559254116482,53
2019-03-15T07:00:00Z,OTHER,WOOD/REFUSE,89.45646523899502,158
2019-03-15T07:00:00Z,SOLAR,SOLAR,0,15
2019-03-15T07:00:00Z,WIND,WIND,1028.718199507263,1445
2019-03-15T08:00:00Z,COAL,COAL,2810.3056029513145,5568
2019-03-15T08:00:00Z,DUAL FUEL,DUAL FUEL,43.366528574625654,155
2019-03-15T08:00:00Z,GAS,COGENERATION,3851.765598382685,4988
2019-03-15T08:00:00Z,GAS,COMBINED CYCLE,1173.0417529561785,1748
2019-03-15T08:00:00Z,GAS,SIMPLE CYCLE,203.15298303673666,921
2019-03-15T08:00:00Z,HYDRO,HYDRO,93.92391147911549,894
2019-03-15T08:00:00Z,OTHER,BIOMASS,90.10503408114116,154
2019-03-15T08:00:00Z,OTHER,GAS COGEN,44.82002672831217,58
2019-03-15T08:00:00Z,OTHER,OIL/GAS,42.22997654385037,53
2019-03-15T08:00:00Z,OTHER,WOOD/REFUSE,89.93424188137055,158
2019-03-15T08:00:00Z,SOLAR,SOLAR,0,15
2019-03-15T08:00:00Z,WIND,WIND,1022.7015715342015,1445
2019-03-15T09:00:00Z,COAL,COAL,2811.126118092272,5568
2019-03-15T09:00:00Z,DUAL FUEL,DUAL FUEL,43.15751266479492,155
2019-03-15T09:00:00Z,GAS,COGENERATION,3851.71765324778,4988
2019-03-15T09:00:00Z,GAS,COMBINED CYCLE,1179.3588802864817,1748
2019-03-15T09:00:00Z,GAS,SIMPLE CYCLE,204.86081640200482,921
2019-03-15T09:00:00Z,HYDRO,HYDRO,107.18184708913167,894
2019-03-15T09:00:00Z,OTHER,BIOMASS,89.55003426604802,154
2019-03-15T09:00:00Z,OTHER,GAS COGEN,44.48600640190972,58
2019-03-15T09:00:00Z,OTHER,OIL/GAS,42.23354884465535,53
2019-03-15T09:00:00Z,OTHER,WOOD/REFUSE,89.01736260467105,158
2019-03-15T09:00:00Z,SOLAR,SOLAR,0,15
2019-03-15T09:00:00Z,WIND,WIND,999.9630207868086,1445
2019-03-15T10:00:00Z,COAL,COAL,2866.619617450502,5568
2019-03-15T10:00:00Z,DUAL FUEL,DUAL FUEL,43.15751266479492,155
2019-03-15T10:00:00Z,GAS,COGENERATION,3854.7249515742724,4988
2019-03-15T10:00:00Z,GAS,COMBINED CYCLE,1172.5985667326715,1748
2019-03-15T10:00:00Z,GAS,SIMPLE CYCLE,206.05496041284667,921
2019-03-15T10:00:00Z,HYDRO,HYDRO,99.68784508976671,894
2019-03-15T10:00:00Z,OTHER,BIOMASS,84.39052312109206,154
2019-03-15T10:00:00Z,OTHER,GAS COGEN,44.60332636780209,58
2019-03-15T10:00:00Z,OTHER,OIL/GAS,42.03247729407416,53
2019-03-15T10:00:00Z,OTHER,WOOD/REFUSE,88.96665460003747,158
2019-03-15T10:00:00Z,SOLAR,SOLAR,0,15
2019-03-15T10:00:00Z,WIND,WIND,995.7256002618207,1445
2019-03-15T11:00:00Z,COAL,COAL,2786.5207069134713,5568
2019-03-15T11:00:00Z,DUAL FUEL,DUAL FUEL,43.19922991646661,155
2019-03-15T11:00:00Z,GAS,COGENERATION,3843.9992279137505,4988
2019-03-15T11:00:00Z,GAS,COMBINED CYCLE,1162.5289333608416,1748
2019-03-15T11:00:00Z,GAS,SIMPLE CYCLE,206.42738025251364,921
2019-03-15T11:00:00Z,HYDRO,HYDRO,101.98105377675758,894
2019-03-15T11:00:00Z,OTHER,BIOMASS,87.90811199718051,154
2019-03-15T11:00:00Z,OTHER,GAS COGEN,44.7846638668908,58
2019-03-15T11:00:00Z,OTHER,OIL/GAS,42.15983222961426,53
2019-03-15T11:00:00Z,OTHER,WOOD/REFUSE,90.12696857187483,158
2019-03-15T11:00:00Z,SOLAR,SOLAR,0,15
2019-03-15T11:00:00Z,WIND,WIND,1181.2152872500155,1445
2019-03-15T12:00:00Z,COAL,COAL,3000.2634776435957,5568
2019-03-15T12:00:00Z,DUAL FUEL,DUAL FUEL,43.28002637227376,155
2019-03-15T12:00:00Z,GAS,COGENERATION,3867.889244978163,4988
2019-03-15T12:00:00Z,GAS,COMBINED CYCLE,1172.9593309884601,1748
2019-03-15T12:00:00Z,GAS,SIMPLE CYCLE,205.13883153725,921
2019-03-15T12:00:00Z,HYDRO,HYDRO,129.868970953491,894
2019-03-15T12:00:00Z,OTHER,BIOMASS,89.27501171429952,154
2019-03-15T12:00:00Z,OTHER,GAS COGEN,45.12626134024726,58
2019-03-15T12:00:00Z,OTHER,OIL/GAS,42.23607583999634,53
2019-03-15T12:00:00Z,OTHER,WOOD/REFUSE,89.23460515605079,158
2019-03-15T12:00:00Z,SOLAR,SOLAR,0,15
2019-03-15T12:00:00Z,WIND,WIND,1256.0120778122214,1445
2019-03-15T13:00:00Z,COAL,COAL,3246.462877307468,5568
2019-03-15T13:00:00Z,DUAL FUEL,DUAL FUEL,43.13873790317111,155
2019-03-15T13:00:00Z,GAS,COGENERATION,3879.7662373744115,4988
2019-03-15T13:00:00Z,GAS,COMBINED CYCLE,1269.240362418625,1748
2019-03-15T13:00:00Z,GAS,SIMPLE CYCLE,259.5004548291365,921
2019-03-15T13:00:00Z,HYDRO,HYDRO,160.5524487513966,894
2019-03-15T13:00:00Z,OTHER,BIOMASS,88.10159005324046,154
2019-03-15T13:00:00Z,OTHER,GAS COGEN,45.01723237991333,58
2019-03-15T13:00:00Z,OTHER,OIL/GAS,42.84337641398112,53
2019-03-15T13:00:00Z,OTHER,WOOD/REFUSE,89.6169727092319,158
2019-03-15T13:00:00Z,SOLAR,SOLAR,0,15
2019-03-15T13:00:00Z,WIND,WIND,1229.115022134781,1445
2019-03-15T14:00:00Z,COAL,COAL,3330.165864907768,5568
2019-03-15T14:00:00Z,DUAL FUEL,DUAL FUEL,45.33231796688504,155
2019-03-15T14:00:00Z,GAS,COGENERATION,3862.3473883451356,4988
2019-03-15T14:00:00Z,GAS,COMBINED CYCLE,1351.6551965131362,1748
2019-03-15T14:00:00Z,GAS,SIMPLE CYCLE,296.4069700212942,921
2019-03-15T14:00:00Z,HYDRO,HYDRO,179.2536663679282,894
2019-03-15T14:00:00Z,OTHER,BIOMASS,89.75250671969519,154
2019-03-15T14:00:00Z,OTHER,GAS COGEN,45.01939548492432,58
2019-03-15T14:00:00Z,OTHER,OIL/GAS,43.12023818969727,53
2019-03-15T14:00:00Z,OTHER,WOOD/REFUSE,89.5401110341814,158
2019-03-15T14:00:00Z,SOLAR,SOLAR,1.6438332945108414,15
2019-03-15T14:00:00Z,WIND,WIND,1063.581731770436,1445
2019-03-15T15:00:00Z,COAL,COAL,3329.096093885766,5568
2019-03-15T15:00:00Z,DUAL FUEL,DUAL FUEL,56.61125037087334,155
2019-03-15T15:00:00Z,GAS,COGENERATION,3851.9351399605803,4988
2019-03-15T15:00:00Z,GAS,COMBINED CYCLE,1391.1486274846395,1748
2019-03-15T15:00:00Z,GAS,SIMPLE CYCLE,344.35965821219816,921
2019-03-15T15:00:00Z,HYDRO,HYDRO,158.59543039308653,894
2019-03-15T15:00:00Z,OTHER,BIOMASS,90.5683118751314,154
2019-03-15T15:00:00Z,OTHER,GAS COGEN,45.22857688056098,58
2019-03-15T15:00:00Z,OTHER,OIL/GAS,43.14524892171224,53
2019-03-15T15:00:00Z,OTHER,WOOD/REFUSE,88.03476771566604,158
2019-03-15T15:00:00Z,SOLAR,SOLAR,5.897944339911143,15
2019-03-15T15:00:00Z,WIND,WIND,1004.5635775560803,1445
2019-03-15T16:00:00Z,COAL,COAL,3359.1006868073673,5568
2019-03-15T16:00:00Z,DUAL FUEL,DUAL FUEL,55.74260026931763,155
2019-03-15T16:00:00Z,GAS,COGENERATION,3883.3864055461354,4988
2019-03-15T16:00:00Z,GAS,COMBINED CYCLE,1420.7392624865638,1748
2019-03-15T16:00:00Z,GAS,SIMPLE CYCLE,378.2670278324021,921
2019-03-15T16:00:00Z,HYDRO,HYDRO,185.03005446473756,894
2019-03-15T16:00:00Z,OTHER,BIOMASS,91.74684540748596,154
2019-03-15T16:00:00Z,OTHER,GAS COGEN,40.72262583679623,58
2019-03-15T16:00:00Z,OTHER,OIL/GAS,43.30946004019843,53
2019-03-15T16:00:00Z,OTHER,WOOD/REFUSE,88.28648863156637,158
2019-03-15T16:00:00Z,SOLAR,SOLAR,8.1569998855061,15
2019-03-15T16:00:00Z,WIND,WIND,878.6265291611354,1445
2019-03-15T17:00:00Z,COAL,COAL,3398.295934006373,5568
2019-03-15T17:00:00Z,DUAL FUEL,DUAL FUEL,55.995535644955105,155
2019-03-15T17:00:00Z,GAS,COGENERATION,3866.633022945192,4988
2019-03-15T17:00:00Z,GAS,COMBINED CYCLE,1430.8220855646002,1748
2019-03-15T17:00:00Z,GAS,SIMPLE CYCLE,399.42766713937124,921
2019-03-15T17:00:00Z,HYDRO,HYDRO,181.41802880980075,894
2019-03-15T17:00:00Z,OTHER,BIOMASS,91.85725647111734,154
2019-03-15T17:00:00Z,OTHER,GAS COGEN,43.749049833085806,58
2019-03-15T17:00:00Z,OTHER,OIL/GAS,43.52414850023058,53
2019-03-15T17:00:00Z,OTHER,WOOD/REFUSE,89.07242081218295,158
2019-03-15T17:00:00Z,SOLAR,SOLAR,10.121777527332306,15
2019-03-15T17:00:00Z,WIND,WIND,675.2602512562937,1445
2019-03-15T18:00:00Z,COAL,COAL,3428.4126491759885,5568
2019-03-15T18:00:00Z,DUAL FUEL,DUAL FUEL,56.1311988957723,155
2019-03-15T18:00:00Z,GAS,COGENERATION,3833.6337050999537,4988
2019-03-15T18:00:00Z,GAS,COMBINED CYCLE,1469.7894153434038,1748
2019-03-15T18:00:00Z,GAS,SIMPLE CYCLE,433.909825918244,921
2019-03-15T18:00:00Z,HYDRO,HYDRO,155.0117922245132,894
2019-03-15T18:00:00Z,OTHER,BIOMASS,94.90549546400706,154
2019-03-15T18:00:00Z,OTHER,GAS COGEN,43.935757580863104,58
2019-03-15T18:00:00Z,OTHER,OIL/GAS,43.04082192314995,53
2019-03-15T18:00:00Z,OTHER,WOOD/REFUSE,88.45084924909804,158
2019-03-15T18:00:00Z,SOLAR,SOLAR,11.60838876830207,15
2019-03-15T18:00:00Z,WIND,WIND,526.8062864245805,1445
2019-03-15T19:00:00Z,COAL,COAL,3553.7177344079814,5568
2019-03-15T19:00:00Z,DUAL FUEL,DUAL FUEL,56.228058081732854,155
2019-03-15T19:00:00Z,GAS,COGENERATION,3827.652740933895,4988
2019-03-15T19:00:00Z,GAS,COMBINED CYCLE,1298.9345289933847,1748
2019-03-15T19:00:00Z,GAS,SIMPLE CYCLE,533.5903473919878,921
2019-03-15T19:00:00Z,HYDRO,HYDRO,191.35206804828513,894
2019-03-15T19:00:00Z,OTHER,BIOMASS,95.42164021571477,154
2019-03-15T19:00:00Z,OTHER,GAS COGEN,44.093426598442925,58
2019-03-15T19:00:00Z,OTHER,OIL/GAS,43.628326473236086,53
2019-03-15T19:00:00Z,OTHER,WOOD/REFUSE,89.75534651544359,158
2019-03-15T19:00:00Z,SOLAR,SOLAR,11.780388649569618,15
2019-03-15T19:00:00Z,WIND,WIND,464.2620997992324,1445
2019-03-15T20:00:00Z,COAL,COAL,3756.642853712638,5568
2019-03-15T20:00:00Z,DUAL FUEL,DUAL FUEL,104.393095419142,155
2019-03-15T20:00:00Z,GAS,COGENERATION,3816.464241193268,4988
2019-03-15T20:00:00Z,GAS,COMBINED CYCLE,1083.319954331716,1748
2019-03-15T20:00:00Z,GAS,SIMPLE CYCLE,554.4549038400833,921
2019-03-15T20:00:00Z,HYDRO,HYDRO,173.87870698955325,894
2019-03-15T20:00:00Z,OTHER,BIOMASS,95.42339048067728,154
2019-03-15T20:00:00Z,OTHER,GAS COGEN,44.14452816645304,58
2019-03-15T20:00:00Z,OTHER,OIL/GAS,45.025843139224584,53
2019-03-15T20:00:00Z,OTHER,WOOD/REFUSE,90.60573083294763,158
2019-03-15T20:00:00Z,SOLAR,SOLAR,10.459055369430118,15
2019-03-15T20:00:00Z,WIND,WIND,372.47750155636004,1445
2019-03-15T21:00:00Z,COAL,COAL,3760.4854950939284,5568
2019-03-15T21:00:00Z,DUAL FUEL,DUAL FUEL,91.57943181779648,155
2019-03-15T21:00:00Z,GAS,COGENERATION,3787.985005862249,4988
2019-03-15T21:00:00Z,GAS,COMBINED CYCLE,1078.218256137636,1748
2019-03-15T21:00:00Z,GAS,SIMPLE CYCLE,559.2773393293222,921
2019-03-15T21:00:00Z,HYDRO,HYDRO,154.682533825371,894
2019-03-15T21:00:00Z,OTHER,BIOMASS,97.16646869924332,154
2019-03-15T21:00:00Z,OTHER,GAS COGEN,44.14333442158169,58
2019-03-15T21:00:00Z,OTHER,OIL/GAS,44.86446004655626,53
2019-03-15T21:00:00Z,OTHER,WOOD/REFUSE,89.49865118026733,158
2019-03-15T21:00:00Z,SOLAR,SOLAR,6.0248332676622605,15
2019-03-15T21:00:00Z,WIND,WIND,370.0492133696874,1445
2019-03-15T22:00:00Z,COAL,COAL,3634.6798366521466,5568
2019-03-15T22:00:00Z,DUAL FUEL,DUAL FUEL,56.894520666334365,155
2019-03-15T22:00:00Z,GAS,COGENERATION,3810.6030337198576,4988
2019-03-15T22:00:00Z,GAS,COMBINED CYCLE,1064.9484393077428,1748
2019-03-15T22:00:00Z,GAS,SIMPLE CYCLE,626.951506650183,921
2019-03-15T22:00:00Z,HYDRO,HYDRO,155.64257869230377,894
2019-03-15T22:00:00Z,OTHER,BIOMASS,99.37672351015938,154
2019-03-15T22:00:00Z,OTHER,GAS COGEN,44.19596526887682,58
2019-03-15T22:00:00Z,OTHER,OIL/GAS,45.172548611958824,53
2019-03-15T22:00:00Z,OTHER,WOOD/REFUSE,88.3243832757738,158
2019-03-15T22:00:00Z,SOLAR,SOLAR,7.9537777082125345,15
2019-03-15T22:00:00Z,WIND,WIND,437.60123496979475,1445
2019-03-15T23:00:00Z,COAL,COAL,3383.5981652196247,5568
2019-03-15T23:00:00Z,DUAL FUEL,DUAL FUEL,57.20644136428833,155
2019-03-15T23:00:00Z,GAS,COGENERATION,3806.7023905592496,4988
2019-03-15T23:00:00Z,GAS,COMBINED CYCLE,1065.951612230407,1748
2019-03-15T23:00:00Z,GAS,SIMPLE CYCLE,641.917425117294,921
2019-03-15T23:00:00Z,HYDRO,HYDRO,155.78534683386485,894
2019-03-15T23:00:00Z,OTHER,BIOMASS,99.9419119585885,154
2019-03-15T23:00:00Z,OTHER,GAS COGEN,44.232221590677895,58
2019-03-15T23:00:00Z,OTHER,OIL/GAS,45.01453210194906,53
2019-03-15T23:00:00Z,OTHER,WOOD/REFUSE,88.6220371166865,158
2019-03-15T23:00:00Z,SOLAR,SOLAR,7.348999886115392,15
2019-03-15T23:00:00Z,WIND,WIND,480.48994485900636,1445
2019-03-16T00:00:00Z,COAL,COAL,3315.566246607171,5568
2019-03-16T00:00:00Z,DUAL FUEL,DUAL FUEL,44.18490512424045,155
2019-03-16T00:00:00Z,GAS,COGENERATION,3788.0135420630045,4988
2019-03-16T00:00:00Z,GAS,COMBINED CYCLE,1064.8904510365592,1748
2019-03-16T00:00:00Z,GAS,SIMPLE CYCLE,574.5402769249678,921
2019-03-16T00:00:00Z,HYDRO,HYDRO,175.50410196943415,894
2019-03-16T00:00:00Z,OTHER,BIOMASS,102.33405096318987,154
2019-03-16T00:00:00Z,OTHER,GAS COGEN,44.29698902130127,58
2019-03-16T00:00:00Z,OTHER,OIL/GAS,45.44858222961426,53
2019-03-16T00:00:00Z,OTHER,WOOD/REFUSE,88.9359552219179,158
2019-03-16T00:00:00Z,SOLAR,SOLAR,1.349777766962846,15
2019-03-16T00:00:00Z,WIND,WIND,509.80034330879647,1445
2019-03-16T01:00:00Z,COAL,COAL,3333.320647511615,5568
2019-03-16T01:00:00Z,DUAL FUEL,DUAL FUEL,50.317610861460366,155
2019-03-16T01:00:00Z,GAS,COGENERATION,3778.9547233103713,4988
2019-03-16T01:00:00Z,GAS,COMBINED CYCLE,1067.29720351749,1748
2019-03-16T01:00:00Z,GAS,SIMPLE CYCLE,630.3041336550316,921
2019-03-16T01:00:00Z,HYDRO,HYDRO,173.66080012400946,894
2019-03-16T01:00:00Z,OTHER,BIOMASS,100.62154529253641,154
2019-03-16T01:00:00Z,OTHER,GAS COGEN,44.417714737786184,58
2019-03-16T01:00:00Z,OTHER,OIL/GAS,46.68244271596273,53
2019-03-16T01:00:00Z,OTHER,WOOD/REFUSE,88.55933516396416,158
2019-03-16T01:00:00Z,SOLAR,SOLAR,0.10166666666666668,15
2019-03-16T01:00:00Z,WIND,WIND,626.041088436544,1445
2019-03-16T02:00:00Z,COAL,COAL,3389.9260302013818,5568
2019-03-16T02:00:00Z,DUAL FUEL,DUAL FUEL,56.32221740298801,155
2019-03-16T02:00:00Z,GAS,COGENERATION,3815.2100072526932,4988
2019-03-16T02:00:00Z,GAS,COMBINED CYCLE,1057.8569756057527,1748
2019-03-16T02:00:00Z,GAS,SIMPLE CYCLE,645.8208316638735,921
2019-03-16T02:00:00Z,HYDRO,HYDRO,151.83526697675384,894
2019-03-16T02:00:00Z,OTHER,BIOMASS,98.39765627119276,154
2019-03-16T02:00:00Z,OTHER,GAS COGEN,44.40391728613112,58
2019-03-16T02:00:00Z,OTHER,OIL/GAS,46.57376529693604,53
2019-03-16T02:00:00Z,OTHER,WOOD/REFUSE,89.10544261879392,158
2019-03-16T02:00:00Z,SOLAR,SOLAR,0,15
2019-03-16T02:00:00Z,WIND,WIND,750.4770410660241,1445
2019-03-16T03:00:00Z,COAL,COAL,3323.873300889333,5568
2019-03-16T03:00:00Z,DUAL FUEL,DUAL FUEL,47.2749343003167,155
2019-03-16T03:00:00Z,GAS,COGENERATION,3825.6815790128708,4988
2019-03-16T03:00:00Z,GAS,COMBINED CYCLE,1062.3771468819511,1748
2019-03-16T03:00:00Z,GAS,SIMPLE CYCLE,585.3760153946198,921
2019-03-16T03:00:00Z,HYDRO,HYDRO,152.1132837519546,894
2019-03-16T03:00:00Z,OTHER,BIOMASS,97.240495323605,154
2019-03-16T03:00:00Z,OTHER,GAS COGEN,44.51957922829522,58
2019-03-16T03:00:00Z,OTHER,OIL/GAS,46.46523219002618,53
2019-03-16T03:00:00Z,OTHER,WOOD/REFUSE,90.32556346257527,158
2019-03-16T03:00:00Z,SOLAR,SOLAR,0,15
2019-03-16T03:00:00Z,WIND,WIND,831.4354137490856,1445
2019-03-16T04:00:00Z,COAL,COAL,3286.999343788558,5568
2019-03-16T04:00:00Z,DUAL FUEL,DUAL FUEL,55.87317552566528,155
2019-03-16T04:00:00Z,GAS,COGENERATION,3839.4679751147823,4988
2019-03-16T04:00:00Z,GAS,COMBINED CYCLE,1033.1482903862,1748
2019-03-16T04:00:00Z,GAS,SIMPLE CYCLE,570.7882560725344,921
2019-03-16T04:00:00Z,HYDRO,HYDRO,151.13694396350118,894
2019-03-16T04:00:00Z,OTHER,BIOMASS,98.34945664829678,154
2019-03-16T04:00:00Z,OTHER,GAS COGEN,44.746529530419245,58
2019-03-16T04:00:00Z,OTHER,OIL/GAS,46.45049889246623,53
2019-03-16T04:00:00Z,OTHER,WOOD/REFUSE,91.3779263888465,158
2019-03-16T04:00:00Z,SOLAR,SOLAR,0,15
2019-03-16T04:00:00Z,WIND,WIND,750.6109896726078,1445
2019-03-16T05:00:00Z,COAL,COAL,3398.647442749871,5568
2019-03-16T05:00:00Z,DUAL FUEL,DUAL FUEL,92.22422375996908,155
2019-03-16T05:00:00Z,GAS,COGENERATION,3862.7335683986876,4988
2019-03-16T05:00:00Z,GAS,COMBINED CYCLE,959.7714327687687,1748
2019-03-16T05:00:00Z,GAS,SIMPLE CYCLE,365.1042159588138,921
2019-03-16T05:00:00Z,HYDRO,HYDRO,104.01672094090118,894
2019-03-16T05:00:00Z,OTHER,BIOMASS,98.59786267386542,154
2019-03-16T05:00:00Z,OTHER,GAS COGEN,44.84896674262153,58
2019-03-16T05:00:00Z,OTHER,OIL/GAS,46.642598686218264,53
2019-03-16T05:00:00Z,OTHER,WOOD/REFUSE,94.09219009240469,158
2019-03-16T05:00:00Z,SOLAR,SOLAR,0,15
2019-03-16T05:00:00Z,WIND,WIND,658.0636765612496,1445
2019-03-16T06:00:00Z,COAL,COAL,3293.5289068690936,5568
2019-03-16T06:00:00Z,DUAL FUEL,DUAL FUEL,60.968793377346465,155
2019-03-16T06:00:00Z,GAS,COGENERATION,3904.3706055731245,4988
2019-03-16T06:00:00Z,GAS,COMBINED CYCLE,940.9217118255298,1748
2019-03-16T06:00:00Z,GAS,SIMPLE CYCLE,378.03005636604297,921
2019-03-16T06:00:00Z,HYDRO,HYDRO,121.05932919575109,894
2019-03-16T06:00:00Z,OTHER,BIOMASS,97.61812345504761,154
2019-03-16T06:00:00Z,OTHER,GAS COGEN,33.78144060982598,58
2019-03-16T06:00:00Z,OTHER,OIL/GAS,46.391231396993,53
2019-03-16T06:00:00Z,OTHER,WOOD/REFUSE,91.3340982384152,158
2019-03-16T06:00:00Z,SOLAR,SOLAR,0,15
2019-03-16T06:00:00Z,WIND,WIND,642.0542133902841,1445
2019-03-16T07:00:00Z,COAL,COAL,3167.6820277486904,5568
2019-03-16T07:00:00Z,DUAL FUEL,DUAL FUEL,59.97672101126777,155
2019-03-16T07:00:00Z,GAS,COGENERATION,3905.0832991527186,4988
2019-03-16T07:00:00Z,GAS,COMBINED CYCLE,934.9549589671029,1748
2019-03-16T07:00:00Z,GAS,SIMPLE CYCLE,349.69280316273375,921
2019-03-16T07:00:00Z,HYDRO,HYDRO,103.0995040625996,894
2019-03-16T07:00:00Z,OTHER,BIOMASS,97.16302296638489,154
2019-03-16T07:00:00Z,OTHER,GAS COGEN,31.939654218355813,58
2019-03-16T07:00:00Z,OTHER,OIL/GAS,46.73812072753906,53
2019-03-16T07:00:00Z,OTHER,WOOD/REFUSE,91.66764922036064,158
2019-03-16T07:00:00Z,SOLAR,SOLAR,0,15
2019-03-16T07:00:00Z,WIND,WIND,654.0009945733018,1445
2019-03-16T08:00:00Z,COAL,COAL,3165.3163840381303,5568
2019-03-16T08:00:00Z,DUAL FUEL,DUAL FUEL,48.024317599402536,155
2019-03-16T08:00:00Z,GAS,COGENERATION,3901.8576363909247,4988
2019-03-16T08:00:00Z,GAS,COMBINED CYCLE,939.9298593139649,1748
2019-03-16T08:00:00Z,GAS,SIMPLE CYCLE,343.61506200836766,921
2019-03-16T08:00:00Z,HYDRO,HYDRO,113.45643315341738,894
2019-03-16T08:00:00Z,OTHER,BIOMASS,94.92002879831526,154
2019-03-16T08:00:00Z,OTHER,GAS COGEN,31.773456927405462,58
2019-03-16T08:00:00Z,OTHER,OIL/GAS,47.22234820048014,53
2019-03-16T08:00:00Z,OTHER,WOOD/REFUSE,91.6796617158254,158
2019-03-16T08:00:00Z,SOLAR,SOLAR,0,15
2019-03-16T08:00:00Z,WIND,WIND,601.7874700994294,1445
2019-03-16T09:00:00Z,COAL,COAL,3234.787597726716,5568
2019-03-16T09:00:00Z,DUAL FUEL,DUAL FUEL,56.27817936579386,155
2019-03-16T09:00:00Z,GAS,COGENERATION,3906.017026537657,4988
2019-03-16T09:00:00Z,GAS,COMBINED CYCLE,927.0577053011789,1748
2019-03-16T09:00:00Z,GAS,SIMPLE CYCLE,371.7015786809226,921
2019-03-16T09:00:00Z,HYDRO,HYDRO,100.47943733056387,894
2019-03-16T09:00:00Z,OTHER,BIOMASS,96.16274586690797,154
2019-03-16T09:00:00Z,OTHER,GAS COGEN,31.898381395869784,58
2019-03-16T09:00:00Z,OTHER,OIL/GAS,47.02569966634115,53
2019-03-16T09:00:00Z,OTHER,WOOD/REFUSE,91.69654193984138,158
2019-03-16T09:00:00Z,SOLAR,SOLAR,0,15
2019-03-16T09:00:00Z,WIND,WIND,505.4746987690694,1445
2019-03-16T10:00:00Z,COAL,COAL,3258.022107976543,5568
2019-03-16T10:00:00Z,DUAL FUEL,DUAL FUEL,43.176777347988555,155
2019-03-16T10:00:00Z,GAS,COGENERATION,3919.595487759908,4988
2019-03-16T10:00:00Z,GAS,COMBINED CYCLE,931.5549360015657,1748
2019-03-16T10:00:00Z,GAS,SIMPLE CYCLE,342.67146452436845,921
2019-03-16T10:00:00Z,HYDRO,HYDRO,100.07416498217319,894
2019-03-16T10:00:00Z,OTHER,BIOMASS,95.5097172970242,154
2019-03-16T10:00:00Z,OTHER,GAS COGEN,31.797252079115975,58
2019-03-16T10:00:00Z,OTHER,OIL/GAS,47.06415992101034,53
2019-03-16T10:00:00Z,OTHER,WOOD/REFUSE,92.63284638934665,158
2019-03-16T10:00:00Z,SOLAR,SOLAR,0,15
2019-03-16T10:00:00Z,WIND,WIND,485.05860980302094,1445
2019-03-16T11:00:00Z,COAL,COAL,3409.7824186433686,5568
2019-03-16T11:00:00Z,DUAL FUEL,DUAL FUEL,46.55703060362074,155
2019-03-16T11:00:00Z,GAS,COGENERATION,3930.432179127799,4988
2019-03-16T11:00:00Z,GAS,COMBINED CYCLE,934.5651518683964,1748
2019-03-16T11:00:00Z,GAS,SIMPLE CYCLE,312.83937501794765,921
2019-03-16T11:00:00Z,HYDRO,HYDRO,130.9294798071517,894
2019-03-16T11:00:00Z,OTHER,BIOMASS,93.34778458807205,154
2019-03-16T11:00:00Z,OTHER,GAS COGEN,31.828857090208267,58
2019-03-16T11:00:00Z,OTHER,OIL/GAS,47.057276005215115,53
2019-03-16T11:00:00Z,OTHER,WOOD/REFUSE,93.35001288202074,158
2019-03-16T11:00:00Z,SOLAR,SOLAR,0,15
2019-03-16T11:00:00Z,WIND,WIND,414.8549243296186,1445
2019-03-16T12:00:00Z,COAL,COAL,3636.549177640279,5568
2019-03-16T12:00:00Z,DUAL FUEL,DUAL FUEL,54.87253108130561,155
2019-03-16T12:00:00Z,GAS,COGENERATION,3912.5572017373643,4988
2019-03-16T12:00:00Z,GAS,COMBINED CYCLE,925.6065202421612,1748
2019-03-16T12:00:00Z,GAS,SIMPLE CYCLE,336.9386050672001,921
2019-03-16T12:00:00Z,HYDRO,HYDRO,108.04843625121646,894
2019-03-16T12:00:00Z,OTHER,BIOMASS,93.69567879464891,154
2019-03-16T12:00:00Z,OTHER,GAS COGEN,31.884770387013752,58
2019-03-16T12:00:00Z,OTHER,OIL/GAS,46.85003178914388,53
2019-03-16T12:00:00Z,OTHER,WOOD/REFUSE,92.55353387832642,158
2019-03-16T12:00:00Z,SOLAR,SOLAR,0,15
2019-03-16T12:00:00Z,WIND,WIND,349.9940204957128,1445
2019-03-16T13:00:00Z,COAL,COAL,3583.4450591195955,5568
2019-03-16T13:00:00Z,DUAL FUEL,DUAL FUEL,51.63873758527968,155
2019-03-16T13:00:00Z,GAS,COGENERATION,3918.2303089486227,4988
2019-03-16T13:00:00Z,GAS,COMBINED CYCLE,1000.0247220834096,1748
2019-03-16T13:00:00Z,GAS,SIMPLE CYCLE,427.07451493937936,921
2019-03-16T13:00:00Z,HYDRO,HYDRO,144.49997299901312,894
2019-03-16T13:00:00Z,OTHER,BIOMASS,93.06617863972981,154
2019-03-16T13:00:00Z,OTHER,GAS COGEN,31.938520299063793,58
2019-03-16T13:00:00Z,OTHER,OIL/GAS,46.69836069530911,53
2019-03-16T13:00:00Z,OTHER,WOOD/REFUSE,92.71488921483358,158
2019-03-16T13:00:00Z,SOLAR,SOLAR,0.01233333259820938,15
2019-03-16T13:00:00Z,WIND,WIND,341.21987744026717,1445
2019-03-16T14:00:00Z,COAL,COAL,3552.7664897963737,5568
2019-03-16T14:00:00Z,DUAL FUEL,DUAL FUEL,54.33904382705688,155
2019-03-16T14:00:00Z,GAS,COGENERATION,3926.7674655864635,4988
2019-03-16T14:00:00Z,GAS,COMBINED CYCLE,1047.4361131191254,1748
2019-03-16T14:00:00Z,GAS,SIMPLE CYCLE,475.49987044863406,921
2019-03-16T14:00:00Z,HYDRO,HYDRO,139.93715767661732,894
2019-03-16T14:00:00Z,OTHER,BIOMASS,94.4208232111401,154
2019-03-16T14:00:00Z,OTHER,GAS COGEN,31.79257729795244,58
2019-03-16T14:00:00Z,OTHER,OIL/GAS,47.00009901682536,53
2019-03-16T14:00:00Z,OTHER,WOOD/REFUSE,93.28856764263577,158
2019-03-16T14:00:00Z,SOLAR,SOLAR,2.023666612820493,15
2019-03-16T14:00:00Z,WIND,WIND,375.33196178906496,1445
2019-03-16T15:00:00Z,COAL,COAL,3511.5814435402553,5568
2019-03-16T15:00:00Z,DUAL FUEL,DUAL FUEL,42.50997541215685,155
2019-03-16T15:00:00Z,GAS,COGENERATION,3911.5189901777107,4988
2019-03-16T15:00:00Z,GAS,COMBINED CYCLE,1086.7100943840874,1748
2019-03-16T15:00:00Z,GAS,SIMPLE CYCLE,474.14162461857,921
2019-03-16T15:00:00Z,HYDRO,HYDRO,149.27351903915405,894
2019-03-16T15:00:00Z,OTHER,BIOMASS,93.94174532983038,154
2019-03-16T15:00:00Z,OTHER,GAS COGEN,31.82177711168925,58
2019-03-16T15:00:00Z,OTHER,OIL/GAS,46.34598270628187,53
2019-03-16T15:00:00Z,OTHER,WOOD/REFUSE,93.14177997483148,158
2019-03-16T15:00:00Z,SOLAR,SOLAR,6.293722120920817,15
2019-03-16T15:00:00Z,WIND,WIND,370.43115883919927,1445
2019-03-16T16:00:00Z,COAL,COAL,3584.8455599909357,5568
2019-03-16T16:00:00Z,DUAL FUEL,DUAL FUEL,54.61637310663859,155
2019-03-16T16:00:00Z,GAS,COGENERATION,3941.8167612996367,4988
2019-03-16T16:00:00Z,GAS,COMBINED CYCLE,1092.4194485516018,1748
2019-03-16T16:00:00Z,GAS,SIMPLE CYCLE,556.1254789248109,921
2019-03-16T16:00:00Z,HYDRO,HYDRO,148.27844154662557,894
2019-03-16T16:00:00Z,OTHER,BIOMASS,93.85036761548784,154
2019-03-16T16:00:00Z,OTHER,GAS COGEN,32.039425220489505,58
2019-03-16T16:00:00Z,OTHER,OIL/GAS,45.440154766506616,53
2019-03-16T16:00:00Z,OTHER,WOOD/REFUSE,93.01783028019798,158
2019-03-16T16:00:00Z,SOLAR,SOLAR,9.807833123207091,15
2019-03-16T16:00:00Z,WIND,WIND,275.68196531799106,1445
2019-03-16T17:00:00Z,COAL,COAL,3603.6681449572243,5568
2019-03-16T17:00:00Z,DUAL FUEL,DUAL FUEL,56.10167352040609,155
2019-03-16T17:00:00Z,GAS,COGENERATION,3942.78587196668,4988
2019-03-16T17:00:00Z,GAS,COMBINED CYCLE,1085.1138475317425,1748
2019-03-16T17:00:00Z,GAS,SIMPLE CYCLE,567.8729839937554,921
2019-03-16T17:00:00Z,HYDRO,HYDRO,128.70072456892996,894
2019-03-16T17:00:00Z,OTHER,BIOMASS,96.42725695821973,154
2019-03-16T17:00:00Z,OTHER,GAS COGEN,31.953135379155476,58
2019-03-16T17:00:00Z,OTHER,OIL/GAS,45.595920899709064,53
2019-03-16T17:00:00Z,OTHER,WOOD/REFUSE,93.21526584201389,158
2019-03-16T17:00:00Z,SOLAR,SOLAR,12.127777614063689,15
2019-03-16T17:00:00Z,WIND,WIND,237.22422117311095,1445
2019-03-16T18:00:00Z,COAL,COAL,3666.076307114495,5568
2019-03-16T18:00:00Z,DUAL FUEL,DUAL FUEL,56.24314845614963,155
2019-03-16T18:00:00Z,GAS,COGENERATION,3963.193985908164,4988
2019-03-16T18:00:00Z,GAS,COMBINED CYCLE,1084.7896919785605,1748
2019-03-16T18:00:00Z,GAS,SIMPLE CYCLE,571.7736575824684,921
2019-03-16T18:00:00Z,HYDRO,HYDRO,152.75565039687686,894
2019-03-16T18:00:00Z,OTHER,BIOMASS,97.16447832319471,154
2019-03-16T18:00:00Z,OTHER,GAS COGEN,31.91966037220425,58
2019-03-16T18:00:00Z,OTHER,OIL/GAS,43.31113805558947,53
2019-03-16T18:00:00Z,OTHER,WOOD/REFUSE,92.73671680980259,158
2019-03-16T18:00:00Z,SOLAR,SOLAR,14.0803886879815,15
2019-03-16T18:00:00Z,WIND,WIND,168.11352223528755,1445
2019-03-16T19:00:00Z,COAL,COAL,3565.448906815847,5568
2019-03-16T19:00:00Z,DUAL FUEL,DUAL FUEL,56.080725288391115,155
2019-03-16T19:00:00Z,GAS,COGENERATION,3984.947436576155,4988
2019-03-16T19:00:00Z,GAS,COMBINED CYCLE,1078.4049745321274,1748
2019-03-16T19:00:00Z,GAS,SIMPLE CYCLE,520.2788556637366,921
2019-03-16T19:00:00Z,HYDRO,HYDRO,151.23685797704593,894
2019-03-16T19:00:00Z,OTHER,BIOMASS,98.22416210598416,154
2019-03-16T19:00:00Z,OTHER,GAS COGEN,31.704810269673665,58
2019-03-16T19:00:00Z,OTHER,OIL/GAS,40.73742704179552,53
2019-03-16T19:00:00Z,OTHER,WOOD/REFUSE,92.36232437875536,158
2019-03-16T19:00:00Z,SOLAR,SOLAR,14.454277754359776,15
2019-03-16T19:00:00Z,WIND,WIND,149.8915805894302,1445
2019-03-16T20:00:00Z,COAL,COAL,3511.749850218031,5568
2019-03-16T20:00:00Z,DUAL FUEL,DUAL FUEL,55.95374652862549,155
2019-03-16T20:00:00Z,GAS,COGENERATION,3974.9781762707235,4988
2019-03-16T20:00:00Z,GAS,COMBINED CYCLE,1079.942635834482,1748
2019-03-16T20:00:00Z,GAS,SIMPLE CYCLE,512.5448676263624,921
2019-03-16T20:00:00Z,HYDRO,HYDRO,144.75470785101254,894
2019-03-16T20:00:00Z,OTHER,BIOMASS,98.29333445125155,154
2019-03-16T20:00:00Z,OTHER,GAS COGEN,31.408516900804308,58
2019-03-16T20:00:00Z,OTHER,OIL/GAS,40.521282308366565,53
2019-03-16T20:00:00Z,OTHER,WOOD/REFUSE,93.61335288100773,158
2019-03-16T20:00:00Z,SOLAR,SOLAR,13.165444060961406,15
2019-03-16T20:00:00Z,WIND,WIND,158.22768571199643,1445
2019-03-16T21:00:00Z,COAL,COAL,3602.442053334978,5568
2019-03-16T21:00:00Z,DUAL FUEL,DUAL FUEL,56.17756552590264,155
2019-03-16T21:00:00Z,GAS,COGENERATION,3932.280478036006,4988
2019-03-16T21:00:00Z,GAS,COMBINED CYCLE,1083.1985600148305,1748
2019-03-16T21:00:00Z,GAS,SIMPLE CYCLE,516.6947638062636,921
2019-03-16T21:00:00Z,HYDRO,HYDRO,160.54545071178012,894
2019-03-16T21:00:00Z,OTHER,BIOMASS,100.12187853866153,154
2019-03-16T21:00:00Z,OTHER,GAS COGEN,31.263030941221444,58
2019-03-16T21:00:00Z,OTHER,OIL/GAS,42.00764296849569,53
2019-03-16T21:00:00Z,OTHER,WOOD/REFUSE,91.73726029713949,158
2019-03-16T21:00:00Z,SOLAR,SOLAR,11.88755533165402,15
2019-03-16T21:00:00Z,WIND,WIND,113.2881276143425,1445
2019-03-16T22:00:00Z,COAL,COAL,3700.616219541762,5568
2019-03-16T22:00:00Z,DUAL FUEL,DUAL FUEL,56.32281317604912,155
2019-03-16T22:00:00Z,GAS,COGENERATION,3941.2646116610367,4988
2019-03-16T22:00:00Z,GAS,COMBINED CYCLE,1086.0923121070862,1748
2019-03-16T22:00:00Z,GAS,SIMPLE CYCLE,558.4276695392861,921
2019-03-16T22:00:00Z,HYDRO,HYDRO,175.17370151691966,894
2019-03-16T22:00:00Z,OTHER,BIOMASS,99.47975690921146,154
2019-03-16T22:00:00Z,OTHER,GAS COGEN,31.36799456596374,58
2019-03-16T22:00:00Z,OTHER,OIL/GAS,42.816975640190975,53
2019-03-16T22:00:00Z,OTHER,WOOD/REFUSE,92.52119952519735,158
2019-03-16T22:00:00Z,SOLAR,SOLAR,7.893777661058638,15
2019-03-16T22:00:00Z,WIND,WIND,57.17228845997817,1445
2019-03-16T23:00:00Z,COAL,COAL,3756.724483604431,5568
2019-03-16T23:00:00Z,DUAL FUEL,DUAL FUEL,56.27915325164795,155
2019-03-16T23:00:00Z,GAS,COGENERATION,3955.851066027085,4988
2019-03-16T23:00:00Z,GAS,COMBINED CYCLE,1077.5822251701356,1748
2019-03-16T23:00:00Z,GAS,SIMPLE CYCLE,574.676270933234,921
2019-03-16T23:00:00Z,HYDRO,HYDRO,144.0393853052457,894
2019-03-16T23:00:00Z,OTHER,BIOMASS,96.95000641875797,154
2019-03-16T23:00:00Z,OTHER,GAS COGEN,31.419730199178055,58
2019-03-16T23:00:00Z,OTHER,OIL/GAS,43.53368219375611,53
2019-03-16T23:00:00Z,OTHER,WOOD/REFUSE,92.50509021864997,158
2019-03-16T23:00:00Z,SOLAR,SOLAR,3.856888803773456,15
2019-03-16T23:00:00Z,WIND,WIND,70.44646798442635,1445
2019-03-17T00:00:00Z,COAL,COAL,3781.8135744815404,5568
2019-03-17T00:00:00Z,DUAL FUEL,DUAL FUEL,56.516758030785454,155
2019-03-17T00:00:00Z,GAS,COGENERATION,3952.78934053017,4988
2019-03-17T00:00:00Z,GAS,COMBINED CYCLE,1079.1636836693021,1748
2019-03-17T00:00:00Z,GAS,SIMPLE CYCLE,612.6895749742041,921
2019-03-17T00:00:00Z,HYDRO,HYDRO,136.68118787040314,894
2019-03-17T00:00:00Z,OTHER,BIOMASS,96.87580020109812,154
2019-03-17T00:00:00Z,OTHER,GAS COGEN,31.478590343263413,58
2019-03-17T00:00:00Z,OTHER,OIL/GAS,44.36838756349351,53
2019-03-17T00:00:00Z,OTHER,WOOD/REFUSE,92.64638699425592,158
2019-03-17T00:00:00Z,SOLAR,SOLAR,1.3691666148106256,15
2019-03-17T00:00:00Z,WIND,WIND,93.21910453563764,1445
2019-03-17T01:00:00Z,COAL,COAL,3666.0020509126452,5568
2019-03-17T01:00:00Z,DUAL FUEL,DUAL FUEL,55.14268437067667,155
2019-03-17T01:00:00Z,GAS,COGENERATION,3976.0714558091427,4988
2019-03-17T01:00:00Z,GAS,COMBINED CYCLE,1085.24426006688,1748
2019-03-17T01:00:00Z,GAS,SIMPLE CYCLE,615.9678215377861,921
2019-03-17T01:00:00Z,HYDRO,HYDRO,140.54706435587673,894
2019-03-17T01:00:00Z,OTHER,BIOMASS,97.28611719555325,154
2019-03-17T01:00:00Z,OTHER,GAS COGEN,31.456993375354344,58
2019-03-17T01:00:00Z,OTHER,OIL/GAS,45.875382597181535,53
2019-03-17T01:00:00Z,OTHER,WOOD/REFUSE,91.19560356405046,158
2019-03-17T01:00:00Z,SOLAR,SOLAR,0.02249999865889549,15
2019-03-17T01:00:00Z,WIND,WIND,102.94477390885767,1445
2019-03-17T02:00:00Z,COAL,COAL,3784.3243899154663,5568
2019-03-17T02:00:00Z,DUAL FUEL,DUAL FUEL,56.922543597751194,155
2019-03-17T02:00:00Z,GAS,COGENERATION,3992.9429908366997,4988
2019-03-17T02:00:00Z,GAS,COMBINED CYCLE,1084.6427668174108,1748
2019-03-17T02:00:00Z,GAS,SIMPLE CYCLE,663.0100429836247,921
2019-03-17T02:00:00Z,HYDRO,HYDRO,141.41669847918882,894
2019-03-17T02:00:00Z,OTHER,BIOMASS,95.18193476438523,154
2019-03-17T02:00:00Z,OTHER,GAS COGEN,31.418723198572792,58
2019-03-17T02:00:00Z,OTHER,OIL/GAS,46.2105822690328,53
2019-03-17T02:00:00Z,OTHER,WOOD/REFUSE,92.57193727917141,158
2019-03-17T02:00:00Z,SOLAR,SOLAR,0,15
2019-03-17T02:00:00Z,WIND,WIND,92.89388172551162,1445
2019-03-17T03:00:00Z,COAL,COAL,3720.8468071344164,5568
2019-03-17T03:00:00Z,DUAL FUEL,DUAL FUEL,56.338893506791855,155
2019-03-17T03:00:00Z,GAS,COGENERATION,3987.7177331483363,4988
2019-03-17T03:00:00Z,GAS,COMBINED CYCLE,1085.691715203921,1748
2019-03-17T03:00:00Z,GAS,SIMPLE CYCLE,657.0858189846078,921
2019-03-17T03:00:00Z,HYDRO,HYDRO,142.66526062031588,894
2019-03-17T03:00:00Z,OTHER,BIOMASS,96.46334015422397,154
2019-03-17T03:00:00Z,OTHER,GAS COGEN,31.506752174165513,58
2019-03-17T03:00:00Z,OTHER,OIL/GAS,46.87346488316854,53
2019-03-17T03:00:00Z,OTHER,WOOD/REFUSE,92.2109407043457,158
2019-03-17T03:00:00Z,SOLAR,SOLAR,0,15
2019-03-17T03:00:00Z,WIND,WIND,82.19984091589848,1445
2019-03-17T04:00:00Z,COAL,COAL,3699.8935548824734,5568
2019-03-17T04:00:00Z,DUAL FUEL,DUAL FUEL,56.344884181552466,155
2019-03-17T04:00:00Z,GAS,COGENERATION,4013.2857990824846,4988
2019-03-17T04:00:00Z,GAS,COMBINED CYCLE,1025.2424135292902,1748
2019-03-17T04:00:00Z,GAS,SIMPLE CYCLE,578.7495873851246,921
2019-03-17T04:00:00Z,HYDRO,HYDRO,124.08351992292538,894
2019-03-17T04:00:00Z,OTHER,BIOMASS,97.37926232973734,154
2019-03-17T04:00:00Z,OTHER,GAS COGEN,31.379977006382415,58
2019-03-17T04:00:00Z,OTHER,OIL/GAS,46.69229899088542,53
2019-03-17T04:00:00Z,OTHER,WOOD/REFUSE,91.74216426107618,158
2019-03-17T04:00:00Z,SOLAR,SOLAR,0,15
2019-03-17T04:00:00Z,WIND,WIND,64.44425847444684,1445
2019-03-17T05:00:00Z,COAL,COAL,3716.1098826005723,5568
2019-03-17T05:00:00Z,DUAL FUEL,DUAL FUEL,56.39489309310913,155
2019-03-17T05:00:00Z,GAS,COGENERATION,4002.3338501775265,4988
2019-03-17T05:00:00Z,GAS,COMBINED CYCLE,950.544693441391,1748
2019-03-17T05:00:00Z,GAS,SIMPLE CYCLE,427.3211018613643,921
2019-03-17T05:00:00Z,HYDRO,HYDRO,98.55447580410375,894
2019-03-17T05:00:00Z,OTHER,BIOMASS,97.0575516849094,154
2019-03-17T05:00:00Z,OTHER,GAS COGEN,31.313093542522854,58
2019-03-17T05:00:00Z,OTHER,OIL/GAS,47.04977088080512,53
2019-03-17T05:00:00Z,OTHER,WOOD/REFUSE,91.69727012740242,158
2019-03-17T05:00:00Z,SOLAR,SOLAR,0,15
2019-03-17T05:00:00Z,WIND,WIND,58.26009382766154,1445
2019-03-17T06:00:00Z,COAL,COAL,3625.5930173280503,5568
2019-03-17T06:00:00Z,DUAL FUEL,DUAL FUEL,56.23273226420085,155
2019-03-17T06:00:00Z,GAS,COGENERATION,4016.5862753993274,4988
2019-03-17T06:00:00Z,GAS,COMBINED CYCLE,903.1661364356678,1748
2019-03-17T06:00:00Z,GAS,SIMPLE CYCLE,325.7926166188717,921
2019-03-17T06:00:00Z,HYDRO,HYDRO,96.08613322648736,894
2019-03-17T06:00:00Z,OTHER,BIOMASS,98.48419598844316,154
2019-03-17T06:00:00Z,OTHER,GAS COGEN,31.45655087576972,58
2019-03-17T06:00:00Z,OTHER,OIL/GAS,47.352348448435464,53
2019-03-17T06:00:00Z,OTHER,WOOD/REFUSE,92.13543217394087,158
2019-03-17T06:00:00Z,SOLAR,SOLAR,0,15
2019-03-17T06:00:00Z,WIND,WIND,58.826835374501016,1445
2019-03-17T07:00:00Z,COAL,COAL,3590.627576590644,5568
2019-03-17T07:00:00Z,DUAL FUEL,DUAL FUEL,56.45929948594835,155
2019-03-17T07:00:00Z,GAS,COGENERATION,3994.6741215466127,4988
2019-03-17T07:00:00Z,GAS,COMBINED CYCLE,907.8022361503707,1748
2019-03-17T07:00:00Z,GAS,SIMPLE CYCLE,296.8996680166986,921
2019-03-17T07:00:00Z,HYDRO,HYDRO,105.03675044596196,894
2019-03-17T07:00:00Z,OTHER,BIOMASS,97.30077878157297,154
2019-03-17T07:00:00Z,OTHER,GAS COGEN,31.378480923970542,58
2019-03-17T07:00:00Z,OTHER,OIL/GAS,47.395765177408855,53
2019-03-17T07:00:00Z,OTHER,WOOD/REFUSE,92.20069755766126,158
2019-03-17T07:00:00Z,SOLAR,SOLAR,0,15
2019-03-17T07:00:00Z,WIND,WIND,84.206735019659,1445
2019-03-17T08:00:00Z,COAL,COAL,3536.8128225156997,5568
2019-03-17T08:00:00Z,DUAL FUEL,DUAL FUEL,56.44373967276679,155
2019-03-17T08:00:00Z,GAS,COGENERATION,3959.3795680172575,4988
2019-03-17T08:00:00Z,GAS,COMBINED CYCLE,895.0278609996371,1748
2019-03-17T08:00:00Z,GAS,SIMPLE CYCLE,289.6776756997903,921
2019-03-17T08:00:00Z,HYDRO,HYDRO,92.34340078989665,894
2019-03-17T08:00:00Z,OTHER,BIOMASS,97.6429347594579,154
2019-03-17T08:00:00Z,OTHER,GAS COGEN,31.581736910078263,58
2019-03-17T08:00:00Z,OTHER,OIL/GAS,46.86880465189616,53
2019-03-17T08:00:00Z,OTHER,WOOD/REFUSE,92.92386806964875,158
2019-03-17T08:00:00Z,SOLAR,SOLAR,0,15
2019-03-17T08:00:00Z,WIND,WIND,102.84460717929734,1445
2019-03-17T09:00:00Z,COAL,COAL,3555.209047593011,5568
2019-03-17T09:00:00Z,DUAL FUEL,DUAL FUEL,56.180048611958824,155
2019-03-17T09:00:00Z,GAS,COGENERATION,3962.6389999213484,4988
2019-03-17T09:00:00Z,GAS,COMBINED CYCLE,899.5995278649859,1748
2019-03-17T09:00:00Z,GAS,SIMPLE CYCLE,202.7659577843878,921
2019-03-17T09:00:00Z,HYDRO,HYDRO,113.12787293910979,894
2019-03-17T09:00:00Z,OTHER,BIOMASS,97.78469002140892,154
2019-03-17T09:00:00Z,OTHER,GAS COGEN,31.783750410079957,58
2019-03-17T09:00:00Z,OTHER,OIL/GAS,47.43955481847127,53
2019-03-17T09:00:00Z,OTHER,WOOD/REFUSE,92.53537229379018,158
2019-03-17T09:00:00Z,SOLAR,SOLAR,0,15
2019-03-17T09:00:00Z,WIND,WIND,105.34155980423093,1445
2019-03-17T10:00:00Z,COAL,COAL,3585.1907462247214,5568
2019-03-17T10:00:00Z,DUAL FUEL,DUAL FUEL,56.25158588621351,155
2019-03-17T10:00:00Z,GAS,COGENERATION,3963.8670084383753,4988
2019-03-17T10:00:00Z,GAS,COMBINED CYCLE,902.1535776315795,1748
2019-03-17T10:00:00Z,GAS,SIMPLE CYCLE,201.52204671939214,921
2019-03-17T10:00:00Z,HYDRO,HYDRO,94.90903264164925,894
2019-03-17T10:00:00Z,OTHER,BIOMASS,97.91968498335945,154
2019-03-17T10:00:00Z,OTHER,GAS COGEN,31.936018872790868,58
2019-03-17T10:00:00Z,OTHER,OIL/GAS,47.45053208669027,53
2019-03-17T10:00:00Z,OTHER,WOOD/REFUSE,93.08176212575701,158
2019-03-17T10:00:00Z,SOLAR,SOLAR,0,15
2019-03-17T10:00:00Z,WIND,WIND,128.83689318392013,1445
2019-03-17T11:00:00Z,COAL,COAL,3624.9387811576,5568
2019-03-17T11:00:00Z,DUAL FUEL,DUAL FUEL,56.250795148213705,155
2019-03-17T11:00:00Z,GAS,COGENERATION,3959.4530041926437,4988
2019-03-17T11:00:00Z,GAS,COMBINED CYCLE,897.32597512775,1748
2019-03-17T11:00:00Z,GAS,SIMPLE CYCLE,242.13241887965134,921
2019-03-17T11:00:00Z,HYDRO,HYDRO,103.9493539104528,894
2019-03-17T11:00:00Z,OTHER,BIOMASS,97.77966149489085,154
2019-03-17T11:00:00Z,OTHER,GAS COGEN,32.25388517803616,58
2019-03-17T11:00:00Z,OTHER,OIL/GAS,46.84536498175727,53
2019-03-17T11:00:00Z,OTHER,WOOD/REFUSE,93.17936335669623,158
2019-03-17T11:00:00Z,SOLAR,SOLAR,0,15
2019-03-17T11:00:00Z,WIND,WIND,142.93842017014822,1445
2019-03-17T12:00:00Z,COAL,COAL,3641.32056807624,5568
2019-03-17T12:00:00Z,DUAL FUEL,DUAL FUEL,56.25533579720391,155
2019-03-17T12:00:00Z,GAS,COGENERATION,3959.844436246488,4988
2019-03-17T12:00:00Z,GAS,COMBINED CYCLE,887.7554598269032,1748
2019-03-17T12:00:00Z,GAS,SIMPLE CYCLE,337.43018271995913,921
2019-03-17T12:00:00Z,HYDRO,HYDRO,111.1684679125415,894
2019-03-17T12:00:00Z,OTHER,BIOMASS,96.85319037702348,154
2019-03-17T12:00:00Z,OTHER,GAS COGEN,32.662830959955855,58
2019-03-17T12:00:00Z,OTHER,OIL/GAS,46.828387660980226,53
2019-03-17T12:00:00Z,OTHER,WOOD/REFUSE,91.7330078511768,158
2019-03-17T12:00:00Z,SOLAR,SOLAR,0,15
2019-03-17T12:00:00Z,WIND,WIND,139.09911846670838,1445
2019-03-17T13:00:00Z,COAL,COAL,3645.0020762252807,5568
2019-03-17T13:00:00Z,DUAL FUEL,DUAL FUEL,43.81622527864244,155
2019-03-17T13:00:00Z,GAS,COGENERATION,3963.732964349985,4988
2019-03-17T13:00:00Z,GAS,COMBINED CYCLE,939.1790354972416,1748
2019-03-17T13:00:00Z,GAS,SIMPLE CYCLE,388.4106292376253,921
2019-03-17T13:00:00Z,HYDRO,HYDRO,160.32441299107342,894
2019-03-17T13:00:00Z,OTHER,BIOMASS,95.21631240473853,154
2019-03-17T13:00:00Z,OTHER,GAS COGEN,32.81492324829102,58
2019-03-17T13:00:00Z,OTHER,OIL/GAS,46.660525707668725,53
2019-03-17T13:00:00Z,OTHER,WOOD/REFUSE,92.667507364485,158
2019-03-17T13:00:00Z,SOLAR,SOLAR,0,15
2019-03-17T13:00:00Z,WIND,WIND,156.47997438566554,1445
2019-03-17T14:00:00Z,COAL,COAL,3634.2169880167644,5568
2019-03-17T14:00:00Z,DUAL FUEL,DUAL FUEL,42.6035133488973,155
2019-03-17T14:00:00Z,GAS,COGENERATION,3953.0471399564212,4988
2019-03-17T14:00:00Z,GAS,COMBINED CYCLE,975.9784166701635,1748
2019-03-17T14:00:00Z,GAS,SIMPLE CYCLE,428.3628535307447,921
2019-03-17T14:00:00Z,HYDRO,HYDRO,150.1112264527215,894
2019-03-17T14:00:00Z,OTHER,BIOMASS,91.23858479499816,154
2019-03-17T14:00:00Z,OTHER,GAS COGEN,32.88997169494629,58
2019-03-17T14:00:00Z,OTHER,OIL/GAS,46.60414878845215,53
2019-03-17T14:00:00Z,OTHER,WOOD/REFUSE,88.14214945051405,158
2019-03-17T14:00:00Z,SOLAR,SOLAR,0.632111091464758,15
2019-03-17T14:00:00Z,WIND,WIND,202.8050255916185,1445
2019-03-17T15:00:00Z,COAL,COAL,3658.004505996704,5568
2019-03-17T15:00:00Z,DUAL FUEL,DUAL FUEL,55.72853736877441,155
2019-03-17T15:00:00Z,GAS,COGENERATION,3883.9490124260055,4988
2019-03-17T15:00:00Z,GAS,COMBINED CYCLE,1036.6983104771955,1748
2019-03-17T15:00:00Z,GAS,SIMPLE CYCLE,516.0285304289393,921
2019-03-17T15:00:00Z,HYDRO,HYDRO,153.54128234730825,894
2019-03-17T15:00:00Z,OTHER,BIOMASS,90.82895668930477,154
2019-03-17T15:00:00Z,OTHER,GAS COGEN,32.78780588150024,58
2019-03-17T15:00:00Z,OTHER,OIL/GAS,47.3583983484904,53
2019-03-17T15:00:00Z,OTHER,WOOD/REFUSE,89.66234743648104,158
2019-03-17T15:00:00Z,SOLAR,SOLAR,4.247722149689992,15
2019-03-17T15:00:00Z,WIND,WIND,163.30447539907362,1445
2019-03-17T16:00:00Z,COAL,COAL,3739.2169560072157,5568
2019-03-17T16:00:00Z,DUAL FUEL,DUAL FUEL,55.37994483311971,155
2019-03-17T16:00:00Z,GAS,COGENERATION,3788.7613446360824,4988
2019-03-17T16:00:00Z,GAS,COMBINED CYCLE,1049.4203872874048,1748
2019-03-17T16:00:00Z,GAS,SIMPLE CYCLE,560.7975571086092,921
2019-03-17T16:00:00Z,HYDRO,HYDRO,152.40418199870322,894
2019-03-17T16:00:00Z,OTHER,BIOMASS,92.58925098949008,154
2019-03-17T16:00:00Z,OTHER,GAS COGEN,32.52924101087782,58
2019-03-17T16:00:00Z,OTHER,OIL/GAS,47.25359866460165,53
2019-03-17T16:00:00Z,OTHER,WOOD/REFUSE,91.7666281774309,158
2019-03-17T16:00:00Z,SOLAR,SOLAR,9.285944310824076,15
2019-03-17T16:00:00Z,WIND,WIND,104.71923217373589,1445
2019-03-17T17:00:00Z,COAL,COAL,3747.101464496189,5568
2019-03-17T17:00:00Z,DUAL FUEL,DUAL FUEL,55.574680688646104,155
2019-03-17T17:00:00Z,GAS,COGENERATION,3756.6636081718075,4988
2019-03-17T17:00:00Z,GAS,COMBINED CYCLE,1047.4520185221568,1748
2019-03-17T17:00:00Z,GAS,SIMPLE CYCLE,607.2796982897652,921
2019-03-17T17:00:00Z,HYDRO,HYDRO,169.65004388458198,894
2019-03-17T17:00:00Z,OTHER,BIOMASS,93.60201723098754,154
2019-03-17T17:00:00Z,OTHER,GAS COGEN,32.107635606659784,58
2019-03-17T17:00:00Z,OTHER,OIL/GAS,46.673782418568926,53
2019-03-17T17:00:00Z,OTHER,WOOD/REFUSE,91.46208632151286,158
2019-03-17T17:00:00Z,SOLAR,SOLAR,11.632777545187208,15
2019-03-17T17:00:00Z,WIND,WIND,66.0918442527453,1445
2019-03-17T18:00:00Z,COAL,COAL,3769.180145598518,5568
2019-03-17T18:00:00Z,DUAL FUEL,DUAL FUEL,55.46311437394884,155
2019-03-17T18:00:00Z,GAS,COGENERATION,3727.8270513999464,4988
2019-03-17T18:00:00Z,GAS,COMBINED CYCLE,1055.840680215094,1748
2019-03-17T18:00:00Z,GAS,SIMPLE CYCLE,616.3787446508143,921
2019-03-17T18:00:00Z,HYDRO,HYDRO,159.54497204118303,894
2019-03-17T18:00:00Z,OTHER,BIOMASS,95.27174006316397,154
2019-03-17T18:00:00Z,OTHER,GAS COGEN,31.97959420575036,58
2019-03-17T18:00:00Z,OTHER,OIL/GAS,47.32934306038751,53
2019-03-17T18:00:00Z,OTHER,WOOD/REFUSE,91.60416582531398,158
2019-03-17T18:00:00Z,SOLAR,SOLAR,13.474555374781293,15
2019-03-17T18:00:00Z,WIND,WIND,56.28105388034549,1445
2019-03-17T19:00:00Z,COAL,COAL,3753.549210811191,5568
2019-03-17T19:00:00Z,DUAL FUEL,DUAL FUEL,55.44010297987196,155
2019-03-17T19:00:00Z,GAS,COGENERATION,3695.6622418578468,4988
2019-03-17T19:00:00Z,GAS,COMBINED CYCLE,1061.9887238264084,1748
2019-03-17T19:00:00Z,GAS,SIMPLE CYCLE,615.231755317582,921
2019-03-17T19:00:00Z,HYDRO,HYDRO,130.42973810010486,894
2019-03-17T19:00:00Z,OTHER,BIOMASS,99.1485232395596,154
2019-03-17T19:00:00Z,OTHER,GAS COGEN,32.18455865754021,58
2019-03-17T19:00:00Z,OTHER,OIL/GAS,47.17928739759657,53
2019-03-17T19:00:00Z,OTHER,WOOD/REFUSE,93.15562309794954,158
2019-03-17T19:00:00Z,SOLAR,SOLAR,14.084166360431247,15
2019-03-17T19:00:00Z,WIND,WIND,62.07011189009581,1445
2019-03-17T20:00:00Z,COAL,COAL,3697.0095315127905,5568
2019-03-17T20:00:00Z,DUAL FUEL,DUAL FUEL,55.08499968846639,155
2019-03-17T20:00:00Z,GAS,COGENERATION,3708.595900614195,4988
2019-03-17T20:00:00Z,GAS,COMBINED CYCLE,1032.5446480973562,1748
2019-03-17T20:00:00Z,GAS,SIMPLE CYCLE,638.8776794983612,921
2019-03-17T20:00:00Z,HYDRO,HYDRO,126.9622294306755,894
2019-03-17T20:00:00Z,OTHER,BIOMASS,97.82001217934821,154
2019-03-17T20:00:00Z,OTHER,GAS COGEN,32.1199990802341,58
2019-03-17T20:00:00Z,OTHER,OIL/GAS,47.156766153971354,53
2019-03-17T20:00:00Z,OTHER,WOOD/REFUSE,93.89740374777053,158
2019-03-17T20:00:00Z,SOLAR,SOLAR,13.990333327187432,15
2019-03-17T20:00:00Z,WIND,WIND,80.56176306515933,1445
2019-03-17T21:00:00Z,COAL,COAL,3637.5759901385836,5568
2019-03-17T21:00:00Z,DUAL FUEL,DUAL FUEL,45.02112174987793,155
2019-03-17T21:00:00Z,GAS,COGENERATION,3717.3323429838815,4988
2019-03-17T21:00:00Z,GAS,COMBINED CYCLE,1053.6071431096395,1748
2019-03-17T21:00:00Z,GAS,SIMPLE CYCLE,608.5414286514454,921
2019-03-17T21:00:00Z,HYDRO,HYDRO,126.887690844006,894
2019-03-17T21:00:00Z,OTHER,BIOMASS,97.03574578324954,154
2019-03-17T21:00:00Z,OTHER,GAS COGEN,32.16593484931522,58
2019-03-17T21:00:00Z,OTHER,OIL/GAS,47.198965581258136,53
2019-03-17T21:00:00Z,OTHER,WOOD/REFUSE,94.43945174111259,158
2019-03-17T21:00:00Z,SOLAR,SOLAR,10.55366652197308,15
2019-03-17T21:00:00Z,WIND,WIND,109.24370790551933,1445
2019-03-17T22:00:00Z,COAL,COAL,3656.026043781704,5568
2019-03-17T22:00:00Z,DUAL FUEL,DUAL FUEL,49.98085716671414,155
2019-03-17T22:00:00Z,GAS,COGENERATION,3703.9573057895236,4988
2019-03-17T22:00:00Z,GAS,COMBINED CYCLE,1062.0948648728265,1748
2019-03-17T22:00:00Z,GAS,SIMPLE CYCLE,576.641827022069,921
2019-03-17T22:00:00Z,HYDRO,HYDRO,147.82085319095188,894
2019-03-17T22:00:00Z,OTHER,BIOMASS,100.84805676168865,154
2019-03-17T22:00:00Z,OTHER,GAS COGEN,32.10736441612244,58
2019-03-17T22:00:00Z,OTHER,OIL/GAS,47.44456656138102,53
2019-03-17T22:00:00Z,OTHER,WOOD/REFUSE,93.94683244016436,158
2019-03-17T22:00:00Z,SOLAR,SOLAR,8.803777583175235,15
2019-03-17T22:00:00Z,WIND,WIND,143.32568246723878,1445
2019-03-17T23:00:00Z,COAL,COAL,3684.455094422234,5568
2019-03-17T23:00:00Z,DUAL FUEL,DUAL FUEL,53.167498419019914,155
2019-03-17T23:00:00Z,GAS,COGENERATION,3710.8993981885246,4988
2019-03-17T23:00:00Z,GAS,COMBINED CYCLE,1066.269688779513,1748
2019-03-17T23:00:00Z,GAS,SIMPLE CYCLE,623.3190472724702,921
2019-03-17T23:00:00Z,HYDRO,HYDRO,156.09560801797443,894
2019-03-17T23:00:00Z,OTHER,BIOMASS,100.9342012336519,154
2019-03-17T23:00:00Z,OTHER,GAS COGEN,32.161847424507144,58
2019-03-17T23:00:00Z,OTHER,OIL/GAS,47.25589260737101,53
2019-03-17T23:00:00Z,OTHER,WOOD/REFUSE,93.07529858112335,158
2019-03-17T23:00:00Z,SOLAR,SOLAR,5.882777670224508,15
2019-03-17T23:00:00Z,WIND,WIND,151.29674915347664,1445
2019-03-18T00:00:00Z,COAL,COAL,3773.685442182753,5568
2019-03-18T00:00:00Z,DUAL FUEL,DUAL FUEL,55.772639694213865,155
2019-03-18T00:00:00Z,GAS,COGENERATION,3712.8527241431343,4988
2019-03-18T00:00:00Z,GAS,COMBINED CYCLE,1056.529058374299,1748
2019-03-18T00:00:00Z,GAS,SIMPLE CYCLE,614.1788733438071,921
2019-03-18T00:00:00Z,HYDRO,HYDRO,127.12622856047419,894
2019-03-18T00:00:00Z,OTHER,BIOMASS,98.07946726057264,154
2019-03-18T00:00:00Z,OTHER,GAS COGEN,32.21704255104065,58
2019-03-18T00:00:00Z,OTHER,OIL/GAS,47.10058180703057,53
2019-03-18T00:00:00Z,OTHER,WOOD/REFUSE,92.6881353410085,158
2019-03-18T00:00:00Z,SOLAR,SOLAR,2.1176110946800972,15
2019-03-18T00:00:00Z,WIND,WIND,171.54616828585665,1445
2019-03-18T01:00:00Z,COAL,COAL,3785.6024145592582,5568
2019-03-18T01:00:00Z,DUAL FUEL,DUAL FUEL,55.560532637702096,155
2019-03-18T01:00:00Z,GAS,COGENERATION,3726.008960770104,4988
2019-03-18T01:00:00Z,GAS,COMBINED CYCLE,1072.1022416496278,1748
2019-03-18T01:00:00Z,GAS,SIMPLE CYCLE,598.9810369901028,921
2019-03-18T01:00:00Z,HYDRO,HYDRO,133.34716363655195,894
2019-03-18T01:00:00Z,OTHER,BIOMASS,101.88933324495952,154
2019-03-18T01:00:00Z,OTHER,GAS COGEN,32.327090974383886,58
2019-03-18T01:00:00Z,OTHER,OIL/GAS,47.195447788238525,53
2019-03-18T01:00:00Z,OTHER,WOOD/REFUSE,89.80569028483497,158
2019-03-18T01:00:00Z,SOLAR,SOLAR,0.1195555564098888,15
2019-03-18T01:00:00Z,WIND,WIND,199.84585245632462,1445
2019-03-18T02:00:00Z,COAL,COAL,3848.389965379503,5568
2019-03-18T02:00:00Z,DUAL FUEL,DUAL FUEL,55.49159812927246,155
2019-03-18T02:00:00Z,GAS,COGENERATION,3750.585643046995,4988
2019-03-18T02:00:00Z,GAS,COMBINED CYCLE,1075.9962484004761,1748
2019-03-18T02:00:00Z,GAS,SIMPLE CYCLE,651.3890854030185,921
2019-03-18T02:00:00Z,HYDRO,HYDRO,152.2253954495324,894
2019-03-18T02:00:00Z,OTHER,BIOMASS,99.36156165679296,154
2019-03-18T02:00:00Z,OTHER,GAS COGEN,32.34983827908834,58
2019-03-18T02:00:00Z,OTHER,OIL/GAS,46.65888126373291,53
2019-03-18T02:00:00Z,OTHER,WOOD/REFUSE,89.11777053409152,158
2019-03-18T02:00:00Z,SOLAR,SOLAR,0,15
2019-03-18T02:00:00Z,WIND,WIND,247.08641028430728,1445
2019-03-18T03:00:00Z,COAL,COAL,3735.4033060963948,5568
2019-03-18T03:00:00Z,DUAL FUEL,DUAL FUEL,51.71200134701199,155
2019-03-18T03:00:00Z,GAS,COGENERATION,3751.604079028368,4988
2019-03-18T03:00:00Z,GAS,COMBINED CYCLE,1068.6896564616097,1748
2019-03-18T03:00:00Z,GAS,SIMPLE CYCLE,632.1885984543297,921
2019-03-18T03:00:00Z,HYDRO,HYDRO,118.09381925212013,894
2019-03-18T03:00:00Z,OTHER,BIOMASS,100.97656204912397,154
2019-03-18T03:00:00Z,OTHER,GAS COGEN,32.345339167912805,58
2019-03-18T03:00:00Z,OTHER,OIL/GAS,46.78566647211711,53
2019-03-18T03:00:00Z,OTHER,WOOD/REFUSE,89.48022846115961,158
2019-03-18T03:00:00Z,SOLAR,SOLAR,0,15
2019-03-18T03:00:00Z,WIND,WIND,314.56889481463367,1445
2019-03-18T04:00:00Z,COAL,COAL,3566.7004782952204,5568
2019-03-18T04:00:00Z,DUAL FUEL,DUAL FUEL,42.95291353225708,155
2019-03-18T04:00:00Z,GAS,COGENERATION,3734.0776911835537,4988
2019-03-18T04:00:00Z,GAS,COMBINED CYCLE,1037.3979475768408,1748
2019-03-18T04:00:00Z,GAS,SIMPLE CYCLE,506.3956544452905,921
2019-03-18T04:00:00Z,HYDRO,HYDRO,121.48449397007624,894
2019-03-18T04:00:00Z,OTHER,BIOMASS,100.83227851602767,154
2019-03-18T04:00:00Z,OTHER,GAS COGEN,32.477535761727225,58
2019-03-18T04:00:00Z,OTHER,OIL/GAS,46.62099847157796,53
2019-03-18T04:00:00Z,OTHER,WOOD/REFUSE,92.05610580232408,158
2019-03-18T04:00:00Z,SOLAR,SOLAR,0,15
2019-03-18T04:00:00Z,WIND,WIND,459.65538820801515,1445
2019-03-18T05:00:00Z,COAL,COAL,3476.629140434265,5568
2019-03-18T05:00:00Z,DUAL FUEL,DUAL FUEL,42.5831321949429,155
2019-03-18T05:00:00Z,GAS,COGENERATION,3702.2401483796702,4988
2019-03-18T05:00:00Z,GAS,COMBINED CYCLE,937.829790183968,1748
2019-03-18T05:00:00Z,GAS,SIMPLE CYCLE,353.3150769148436,921
2019-03-18T05:00:00Z,HYDRO,HYDRO,105.57878816710577,894
2019-03-18T05:00:00Z,OTHER,BIOMASS,99.14893452194002,154
2019-03-18T05:00:00Z,OTHER,GAS COGEN,32.44185231632656,58
2019-03-18T05:00:00Z,OTHER,OIL/GAS,46.69111008326213,53
2019-03-18T05:00:00Z,OTHER,WOOD/REFUSE,90.57915617201064,158
2019-03-18T05:00:00Z,SOLAR,SOLAR,0,15
2019-03-18T05:00:00Z,WIND,WIND,591.9893950203392,1445
2019-03-18T06:00:00Z,COAL,COAL,3322.722266167866,5568
2019-03-18T06:00:00Z,DUAL FUEL,DUAL FUEL,42.43374178992377,155
2019-03-18T06:00:00Z,GAS,COGENERATION,3693.7231522993907,4988
2019-03-18T06:00:00Z,GAS,COMBINED CYCLE,886.348717165788,1748
2019-03-18T06:00:00Z,GAS,SIMPLE CYCLE,299.3705206300815,921
2019-03-18T06:00:00Z,HYDRO,HYDRO,106.65248167792956,894
2019-03-18T06:00:00Z,OTHER,BIOMASS,100.59768996503618,154
2019-03-18T06:00:00Z,OTHER,GAS COGEN,42.17857425053914,58
2019-03-18T06:00:00Z,OTHER,OIL/GAS,46.873782526652015,53
2019-03-18T06:00:00Z,OTHER,WOOD/REFUSE,87.0620431582133,158
2019-03-18T06:00:00Z,SOLAR,SOLAR,0,15
2019-03-18T06:00:00Z,WIND,WIND,628.1326935957372,1445
2019-03-18T07:00:00Z,COAL,COAL,3299.815679996146,5568
2019-03-18T07:00:00Z,DUAL FUEL,DUAL FUEL,42.50229761335585,155
2019-03-18T07:00:00Z,GAS,COGENERATION,3662.314648814665,4988
2019-03-18T07:00:00Z,GAS,COMBINED CYCLE,888.428656574885,1748
2019-03-18T07:00:00Z,GAS,SIMPLE CYCLE,296.1678999769688,921
2019-03-18T07:00:00Z,HYDRO,HYDRO,113.13600887768798,894
2019-03-18T07:00:00Z,OTHER,BIOMASS,101.61369557009803,154
2019-03-18T07:00:00Z,OTHER,GAS COGEN,44.179407306247285,58
2019-03-18T07:00:00Z,OTHER,OIL/GAS,46.82336540222168,53
2019-03-18T07:00:00Z,OTHER,WOOD/REFUSE,90.33668123298222,158
2019-03-18T07:00:00Z,SOLAR,SOLAR,0,15
2019-03-18T07:00:00Z,WIND,WIND,703.2780611153775,1445
2019-03-18T08:00:00Z,COAL,COAL,3423.838548137877,5568
2019-03-18T08:00:00Z,DUAL FUEL,DUAL FUEL,42.47454206678602,155
2019-03-18T08:00:00Z,GAS,COGENERATION,3673.4163772886327,4988
2019-03-18T08:00:00Z,GAS,COMBINED CYCLE,888.4399137004217,1748
2019-03-18T08:00:00Z,GAS,SIMPLE CYCLE,294.1034703591135,921
2019-03-18T08:00:00Z,HYDRO,HYDRO,117.76846084843079,894
2019-03-18T08:00:00Z,OTHER,BIOMASS,101.168861940172,154
2019-03-18T08:00:00Z,OTHER,GAS COGEN,44.1168380440606,58
2019-03-18T08:00:00Z,OTHER,OIL/GAS,46.45233231862386,53
2019-03-18T08:00:00Z,OTHER,WOOD/REFUSE,92.01251230133904,158
2019-03-18T08:00:00Z,SOLAR,SOLAR,0,15
2019-03-18T08:00:00Z,WIND,WIND,654.7677424839139,1445
2019-03-18T09:00:00Z,COAL,COAL,3443.5432828670077,5568
2019-03-18T09:00:00Z,DUAL FUEL,DUAL FUEL,42.90077618281047,155
2019-03-18T09:00:00Z,GAS,COGENERATION,3683.6912032953896,4988
2019-03-18T09:00:00Z,GAS,COMBINED CYCLE,879.0435071365039,1748
2019-03-18T09:00:00Z,GAS,SIMPLE CYCLE,296.6662046304014,921
2019-03-18T09:00:00Z,HYDRO,HYDRO,109.7181672740976,894
2019-03-18T09:00:00Z,OTHER,BIOMASS,100.10665660328335,154
2019-03-18T09:00:00Z,OTHER,GAS COGEN,43.95748408688439,58
2019-03-18T09:00:00Z,OTHER,OIL/GAS,45.91377697202894,53
2019-03-18T09:00:00Z,OTHER,WOOD/REFUSE,91.75683421982659,158
2019-03-18T09:00:00Z,SOLAR,SOLAR,0,15
2019-03-18T09:00:00Z,WIND,WIND,667.0533260603083,1445
2019-03-18T10:00:00Z,COAL,COAL,3531.8618481127423,5568
2019-03-18T10:00:00Z,DUAL FUEL,DUAL FUEL,42.412092486487495,155
2019-03-18T10:00:00Z,GAS,COGENERATION,3692.7312445559105,4988
2019-03-18T10:00:00Z,GAS,COMBINED CYCLE,882.6729144395723,1748
2019-03-18T10:00:00Z,GAS,SIMPLE CYCLE,295.7952480048272,921
2019-03-18T10:00:00Z,HYDRO,HYDRO,97.57971891413133,894
2019-03-18T10:00:00Z,OTHER,BIOMASS,98.03303940455119,154
2019-03-18T10:00:00Z,OTHER,GAS COGEN,43.93767297214932,58
2019-03-18T10:00:00Z,OTHER,OIL/GAS,46.20803178363376,53
2019-03-18T10:00:00Z,OTHER,WOOD/REFUSE,91.51472721311782,158
2019-03-18T10:00:00Z,SOLAR,SOLAR,0,15
2019-03-18T10:00:00Z,WIND,WIND,604.6240436754293,1445
2019-03-18T11:00:00Z,COAL,COAL,3594.734390748342,5568
2019-03-18T11:00:00Z,DUAL FUEL,DUAL FUEL,42.55758786731296,155
2019-03-18T11:00:00Z,GAS,COGENERATION,3686.0370596339308,4988
2019-03-18T11:00:00Z,GAS,COMBINED CYCLE,887.2056949644618,1748
2019-03-18T11:00:00Z,GAS,SIMPLE CYCLE,300.8311447821061,921
2019-03-18T11:00:00Z,HYDRO,HYDRO,114.39743443048663,894
2019-03-18T11:00:00Z,OTHER,BIOMASS,98.15486738098993,154
2019-03-18T11:00:00Z,OTHER,GAS COGEN,44.03367942386203,58
2019-03-18T11:00:00Z,OTHER,OIL/GAS,45.965098260243735,53
2019-03-18T11:00:00Z,OTHER,WOOD/REFUSE,91.21122323671976,158
2019-03-18T11:00:00Z,SOLAR,SOLAR,0,15
2019-03-18T11:00:00Z,WIND,WIND,549.3168330395222,1445
2019-03-18T12:00:00Z,COAL,COAL,3805.236638444265,5568
2019-03-18T12:00:00Z,DUAL FUEL,DUAL FUEL,50.46236801147461,155
2019-03-18T12:00:00Z,GAS,COGENERATION,3689.9159605827595,4988
2019-03-18T12:00:00Z,GAS,COMBINED CYCLE,895.2817401801215,1748
2019-03-18T12:00:00Z,GAS,SIMPLE CYCLE,485.9121022954914,921
2019-03-18T12:00:00Z,HYDRO,HYDRO,116.51570596065785,894
2019-03-18T12:00:00Z,OTHER,BIOMASS,98.71680623769761,154
2019-03-18T12:00:00Z,OTHER,GAS COGEN,44.15609463161892,58
2019-03-18T12:00:00Z,OTHER,OIL/GAS,45.83539791531033,53
2019-03-18T12:00:00Z,OTHER,WOOD/REFUSE,91.048941488266,158
2019-03-18T12:00:00Z,SOLAR,SOLAR,0,15
2019-03-18T12:00:00Z,WIND,WIND,493.29277421183883,1445
2019-03-18T13:00:00Z,COAL,COAL,3965.6382206726075,5568
2019-03-18T13:00:00Z,DUAL FUEL,DUAL FUEL,61.182946826087104,155
2019-03-18T13:00:00Z,GAS,COGENERATION,3710.529318661359,4988
2019-03-18T13:00:00Z,GAS,COMBINED CYCLE,1006.9416040073501,1748
2019-03-18T13:00:00Z,GAS,SIMPLE CYCLE,598.0163317293591,921
2019-03-18T13:00:00Z,HYDRO,HYDRO,129.82300537566343,894
2019-03-18T13:00:00Z,OTHER,BIOMASS,100.45088979138268,154
2019-03-18T13:00:00Z,OTHER,GAS COGEN,44.223783357408315,58
2019-03-18T13:00:00Z,OTHER,OIL/GAS,46.022415442996554,53
2019-03-18T13:00:00Z,OTHER,WOOD/REFUSE,92.5841505686442,158
2019-03-18T13:00:00Z,SOLAR,SOLAR,0.02666666507720947,15
2019-03-18T13:00:00Z,WIND,WIND,495.56552088107503,1445
2019-03-18T14:00:00Z,COAL,COAL,3829.8187185372244,5568
2019-03-18T14:00:00Z,DUAL FUEL,DUAL FUEL,59.40806644015842,155
2019-03-18T14:00:00Z,GAS,COGENERATION,3718.8298964324263,4988
2019-03-18T14:00:00Z,GAS,COMBINED CYCLE,1044.3601496884557,1748
2019-03-18T14:00:00Z,GAS,SIMPLE CYCLE,632.2361141822073,921
2019-03-18T14:00:00Z,HYDRO,HYDRO,126.68956446197298,894
2019-03-18T14:00:00Z,OTHER,BIOMASS,103.69261728922525,154
2019-03-18T14:00:00Z,OTHER,GAS COGEN,44.71304129706489,58
2019-03-18T14:00:00Z,OTHER,OIL/GAS,46.023919853634304,53
2019-03-18T14:00:00Z,OTHER,WOOD/REFUSE,94.47227215396033,158
2019-03-18T14:00:00Z,SOLAR,SOLAR,1.9079999537269272,15
2019-03-18T14:00:00Z,WIND,WIND,498.9457545023329,1445
2019-03-18T15:00:00Z,COAL,COAL,3792.7544072172377,5568
2019-03-18T15:00:00Z,DUAL FUEL,DUAL FUEL,58.23707218170166,155
2019-03-18T15:00:00Z,GAS,COGENERATION,3706.927664647897,4988
2019-03-18T15:00:00Z,GAS,COMBINED CYCLE,1077.402691157129,1748
2019-03-18T15:00:00Z,GAS,SIMPLE CYCLE,639.6096533289717,921
2019-03-18T15:00:00Z,HYDRO,HYDRO,138.797355707354,894
2019-03-18T15:00:00Z,OTHER,BIOMASS,102.63807258023155,154
2019-03-18T15:00:00Z,OTHER,GAS COGEN,44.45418240759108,58
2019-03-18T15:00:00Z,OTHER,OIL/GAS,46.18835415734185,53
2019-03-18T15:00:00Z,OTHER,WOOD/REFUSE,94.03417806837294,158
2019-03-18T15:00:00Z,SOLAR,SOLAR,5.961666551960839,15
2019-03-18T15:00:00Z,WIND,WIND,445.9932248897519,1445
2019-03-18T16:00:00Z,COAL,COAL,3839.8225099987453,5568
2019-03-18T16:00:00Z,DUAL FUEL,DUAL FUEL,56.791757123735216,155
2019-03-18T16:00:00Z,GAS,COGENERATION,3683.444587421417,4988
2019-03-18T16:00:00Z,GAS,COMBINED CYCLE,1079.4872737985188,1748
2019-03-18T16:00:00Z,GAS,SIMPLE CYCLE,628.7922981901633,921
2019-03-18T16:00:00Z,HYDRO,HYDRO,148.40902172817124,894
2019-03-18T16:00:00Z,OTHER,BIOMASS,101.97233990616269,154
2019-03-18T16:00:00Z,OTHER,GAS COGEN,44.125191860198974,58
2019-03-18T16:00:00Z,OTHER,OIL/GAS,46.44929912143284,53
2019-03-18T16:00:00Z,OTHER,WOOD/REFUSE,93.46784636656443,158
2019-03-18T16:00:00Z,SOLAR,SOLAR,9.788333120346069,15
2019-03-18T16:00:00Z,WIND,WIND,285.4333009811822,1445
2019-03-18T17:00:00Z,COAL,COAL,3949.5658453793,5568
2019-03-18T17:00:00Z,DUAL FUEL,DUAL FUEL,60.97980419370863,155
2019-03-18T17:00:00Z,GAS,COGENERATION,3648.50509895987,4988
2019-03-18T17:00:00Z,GAS,COMBINED CYCLE,1076.9789904064603,1748
2019-03-18T17:00:00Z,GAS,SIMPLE CYCLE,691.9750508546167,921
2019-03-18T17:00:00Z,HYDRO,HYDRO,164.1050092699958,894
2019-03-18T17:00:00Z,OTHER,BIOMASS,101.68025035699208,154
2019-03-18T17:00:00Z,OTHER,GAS COGEN,43.67096840010749,58
2019-03-18T17:00:00Z,OTHER,OIL/GAS,46.31749867969089,53
2019-03-18T17:00:00Z,OTHER,WOOD/REFUSE,93.47955262237126,158
2019-03-18T17:00:00Z,SOLAR,SOLAR,12.528666458659702,15
2019-03-18T17:00:00Z,WIND,WIND,165.2873227614661,1445
2019-03-18T18:00:00Z,COAL,COAL,4059.944801067776,5568
2019-03-18T18:00:00Z,DUAL FUEL,DUAL FUEL,60.42392797893948,155
2019-03-18T18:00:00Z,GAS,COGENERATION,3653.9513690769672,4988
2019-03-18T18:00:00Z,GAS,COMBINED CYCLE,1059.153695935673,1748
2019-03-18T18:00:00Z,GAS,SIMPLE CYCLE,698.1590749491586,921
2019-03-18T18:00:00Z,HYDRO,HYDRO,159.0123657339149,894
2019-03-18T18:00:00Z,OTHER,BIOMASS,103.8425780212879,154
2019-03-18T18:00:00Z,OTHER,GAS COGEN,43.328488872845966,58
2019-03-18T18:00:00Z,OTHER,OIL/GAS,46.295098323822025,53
2019-03-18T18:00:00Z,OTHER,WOOD/REFUSE,93.48222541385226,158
2019-03-18T18:00:00Z,SOLAR,SOLAR,14.114999723964267,15
2019-03-18T18:00:00Z,WIND,WIND,89.81219879572589,1445
2019-03-18T19:00:00Z,COAL,COAL,4064.860994860331,5568
2019-03-18T19:00:00Z,DUAL FUEL,DUAL FUEL,52.78064249038696,155
2019-03-18T19:00:00Z,GAS,COGENERATION,3654.5430019516416,4988
2019-03-18T19:00:00Z,GAS,COMBINED CYCLE,1055.44054825094,1748
2019-03-18T19:00:00Z,GAS,SIMPLE CYCLE,684.8774329768287,921
2019-03-18T19:00:00Z,HYDRO,HYDRO,143.0269870403078,894
2019-03-18T19:00:00Z,OTHER,BIOMASS,104.58854539778498,154
2019-03-18T19:00:00Z,OTHER,GAS COGEN,43.256200845506456,58
2019-03-18T19:00:00Z,OTHER,OIL/GAS,46.85674309836494,53
2019-03-18T19:00:00Z,OTHER,WOOD/REFUSE,91.95474037064447,158
2019-03-18T19:00:00Z,SOLAR,SOLAR,14.696166473494635,15
2019-03-18T19:00:00Z,WIND,WIND,76.77554916924073,1445
2019-03-18T20:00:00Z,COAL,COAL,4072.6378980890913,5568
2019-03-18T20:00:00Z,DUAL FUEL,DUAL FUEL,59.685883863237166,155
2019-03-18T20:00:00Z,GAS,COGENERATION,3632.669807473421,4988
2019-03-18T20:00:00Z,GAS,COMBINED CYCLE,1061.2033916346231,1748
2019-03-18T20:00:00Z,GAS,SIMPLE CYCLE,670.1952697043948,921
2019-03-18T20:00:00Z,HYDRO,HYDRO,139.24516430891222,894
2019-03-18T20:00:00Z,OTHER,BIOMASS,105.22827293343015,154
2019-03-18T20:00:00Z,OTHER,GAS COGEN,43.27996090994941,58
2019-03-18T20:00:00Z,OTHER,OIL/GAS,46.558859734005395,53
2019-03-18T20:00:00Z,OTHER,WOOD/REFUSE,92.1960737270779,158
2019-03-18T20:00:00Z,SOLAR,SOLAR,14.32766638967726,15
2019-03-18T20:00:00Z,WIND,WIND,54.70246599943273,1445
2019-03-18T21:00:00Z,COAL,COAL,4121.770831616719,5568
2019-03-18T21:00:00Z,DUAL FUEL,DUAL FUEL,52.95429993947347,155
2019-03-18T21:00:00Z,GAS,COGENERATION,3616.302421151797,4988
2019-03-18T21:00:00Z,GAS,COMBINED CYCLE,1056.4423354403177,1748
2019-03-18T21:00:00Z,GAS,SIMPLE CYCLE,640.7808335880438,921
2019-03-18T21:00:00Z,HYDRO,HYDRO,132.0987612958749,894
2019-03-18T21:00:00Z,OTHER,BIOMASS,104.99376152303483,154
2019-03-18T21:00:00Z,OTHER,GAS COGEN,43.211290810902916,58
2019-03-18T21:00:00Z,OTHER,OIL/GAS,46.3701985528734,53
2019-03-18T21:00:00Z,OTHER,WOOD/REFUSE,89.53316411389244,158
2019-03-18T21:00:00Z,SOLAR,SOLAR,12.76266651948293,15
2019-03-18T21:00:00Z,WIND,WIND,34.757814294149476,1445
2019-03-18T22:00:00Z,COAL,COAL,4082.6588112725153,5568
2019-03-18T22:00:00Z,DUAL FUEL,DUAL FUEL,65.11057003445096,155
2019-03-18T22:00:00Z,GAS,COGENERATION,3611.176217961444,4988
2019-03-18T22:00:00Z,GAS,COMBINED CYCLE,1065.636906754176,1748
2019-03-18T22:00:00Z,GAS,SIMPLE CYCLE,663.2212729136149,921
2019-03-18T22:00:00Z,HYDRO,HYDRO,147.0538748775588,894
2019-03-18T22:00:00Z,OTHER,BIOMASS,106.47706226931678,154
2019-03-18T22:00:00Z,OTHER,GAS COGEN,43.453743909200035,58
2019-03-18T22:00:00Z,OTHER,OIL/GAS,46.30647682401869,53
2019-03-18T22:00:00Z,OTHER,WOOD/REFUSE,91.45942337301042,158
2019-03-18T22:00:00Z,SOLAR,SOLAR,10.246833129458958,15
2019-03-18T22:00:00Z,WIND,WIND,33.45193957123492,1445
2019-03-18T23:00:00Z,COAL,COAL,4050.7911966069537,5568
2019-03-18T23:00:00Z,DUAL FUEL,DUAL FUEL,77.59186575995551,155
2019-03-18T23:00:00Z,GAS,COGENERATION,3618.462186707126,4988
2019-03-18T23:00:00Z,GAS,COMBINED CYCLE,1054.4776762416627,1748
2019-03-18T23:00:00Z,GAS,SIMPLE CYCLE,642.3842697951528,921
2019-03-18T23:00:00Z,HYDRO,HYDRO,130.76798797031242,894
2019-03-18T23:00:00Z,OTHER,BIOMASS,107.61815588302083,154
2019-03-18T23:00:00Z,OTHER,GAS COGEN,43.419352756076385,58
2019-03-18T23:00:00Z,OTHER,OIL/GAS,46.74809925715129,53
2019-03-18T23:00:00Z,OTHER,WOOD/REFUSE,91.6680409696367,158
2019-03-18T23:00:00Z,SOLAR,SOLAR,6.704999821450976,15
2019-03-18T23:00:00Z,WIND,WIND,32.42453346535564,1445
2019-03-19T00:00:00Z,COAL,COAL,4058.6689669587877,5568
2019-03-19T00:00:00Z,DUAL FUEL,DUAL FUEL,55.707732916937935,155
2019-03-19T00:00:00Z,GAS,COGENERATION,3630.6877552440433,4988
2019-03-19T00:00:00Z,GAS,COMBINED CYCLE,1050.3785012880962,1748
2019-03-19T00:00:00Z,GAS,SIMPLE CYCLE,636.32263561368,921
2019-03-19T00:00:00Z,HYDRO,HYDRO,145.48916149285932,894
2019-03-19T00:00:00Z,OTHER,BIOMASS,107.3183004336887,154
2019-03-19T00:00:00Z,OTHER,GAS COGEN,44.138729135725235,58
2019-03-19T00:00:00Z,OTHER,OIL/GAS,46.211465498606366,53
2019-03-19T00:00:00Z,OTHER,WOOD/REFUSE,90.93263392766316,158
2019-03-19T00:00:00Z,SOLAR,SOLAR,2.646666606399748,15
2019-03-19T00:00:00Z,WIND,WIND,33.147490071008605,1445
2019-03-19T01:00:00Z,COAL,COAL,3999.1050266520183,5568
2019-03-19T01:00:00Z,DUAL FUEL,DUAL FUEL,55.72330389022827,155
2019-03-19T01:00:00Z,GAS,COGENERATION,3653.1619078889157,4988
2019-03-19T01:00:00Z,GAS,COMBINED CYCLE,1061.0249803935158,1748
2019-03-19T01:00:00Z,GAS,SIMPLE CYCLE,639.7185606661935,921
2019-03-19T01:00:00Z,HYDRO,HYDRO,127.48485913276672,894
2019-03-19T01:00:00Z,OTHER,BIOMASS,107.0008844306734,154
2019-03-19T01:00:00Z,OTHER,GAS COGEN,44.73800260543823,58
2019-03-19T01:00:00Z,OTHER,OIL/GAS,46.217948860592315,53
2019-03-19T01:00:00Z,OTHER,WOOD/REFUSE,90.60947409364913,158
2019-03-19T01:00:00Z,SOLAR,SOLAR,0.1839999911520216,15
2019-03-19T01:00:00Z,WIND,WIND,23.438058744900758,1445
2019-03-19T02:00:00Z,COAL,COAL,4137.842661870321,5568
2019-03-19T02:00:00Z,DUAL FUEL,DUAL FUEL,74.98917136934068,155
2019-03-19T02:00:00Z,GAS,COGENERATION,3621.7247085246113,4988
2019-03-19T02:00:00Z,GAS,COMBINED CYCLE,1077.7579575941297,1748
2019-03-19T02:00:00Z,GAS,SIMPLE CYCLE,674.209632285436,921
2019-03-19T02:00:00Z,HYDRO,HYDRO,176.6222431136502,894
2019-03-19T02:00:00Z,OTHER,BIOMASS,107.0517007388009,154
2019-03-19T02:00:00Z,OTHER,GAS COGEN,45.03941581938002,58
2019-03-19T02:00:00Z,OTHER,OIL/GAS,46.05249335183038,53
2019-03-19T02:00:00Z,OTHER,WOOD/REFUSE,91.0397034125858,158
2019-03-19T02:00:00Z,SOLAR,SOLAR,0,15
2019-03-19T02:00:00Z,WIND,WIND,16.722498741489318,1445
2019-03-19T03:00:00Z,COAL,COAL,3991.1075367042754,5568
2019-03-19T03:00:00Z,DUAL FUEL,DUAL FUEL,68.18049655066596,155
2019-03-19T03:00:00Z,GAS,COGENERATION,3654.3607535756296,4988
2019-03-19T03:00:00Z,GAS,COMBINED CYCLE,1072.9766538074282,1748
2019-03-19T03:00:00Z,GAS,SIMPLE CYCLE,686.6602717587683,921
2019-03-19T03:00:00Z,HYDRO,HYDRO,142.37027387241523,894
2019-03-19T03:00:00Z,OTHER,BIOMASS,107.98949024306404,154
2019-03-19T03:00:00Z,OTHER,GAS COGEN,45.163186655044555,58
2019-03-19T03:00:00Z,OTHER,OIL/GAS,46.298442948659265,53
2019-03-19T03:00:00Z,OTHER,WOOD/REFUSE,91.00205532444848,158
2019-03-19T03:00:00Z,SOLAR,SOLAR,0,15
2019-03-19T03:00:00Z,WIND,WIND,31.64447853797012,1445
2019-03-19T04:00:00Z,COAL,COAL,3773.944265352885,5568
2019-03-19T04:00:00Z,DUAL FUEL,DUAL FUEL,64.7717038430108,155
2019-03-19T04:00:00Z,GAS,COGENERATION,3661.021156969137,4988
2019-03-19T04:00:00Z,GAS,COMBINED CYCLE,1005.1169436094495,1748
2019-03-19T04:00:00Z,GAS,SIMPLE CYCLE,662.0913442410032,921
2019-03-19T04:00:00Z,HYDRO,HYDRO,119.74645358191597,894
2019-03-19T04:00:00Z,OTHER,BIOMASS,105.5223065884908,154
2019-03-19T04:00:00Z,OTHER,GAS COGEN,45.436690191692776,58
2019-03-19T04:00:00Z,OTHER,OIL/GAS,46.24538213306003,53
2019-03-19T04:00:00Z,OTHER,WOOD/REFUSE,91.28791840341356,158
2019-03-19T04:00:00Z,SOLAR,SOLAR,0,15
2019-03-19T04:00:00Z,WIND,WIND,58.00802415110171,1445
2019-03-19T05:00:00Z,COAL,COAL,3575.8137047025893,5568
2019-03-19T05:00:00Z,DUAL FUEL,DUAL FUEL,55.31282645543416,155
2019-03-19T05:00:00Z,GAS,COGENERATION,3662.448215791583,4988
2019-03-19T05:00:00Z,GAS,COMBINED CYCLE,916.0012990985977,1748
2019-03-19T05:00:00Z,GAS,SIMPLE CYCLE,635.8655908168687,921
2019-03-19T05:00:00Z,HYDRO,HYDRO,80.21601116486721,894
2019-03-19T05:00:00Z,OTHER,BIOMASS,106.63796761459774,154
2019-03-19T05:00:00Z,OTHER,GAS COGEN,45.531058360205755,58
2019-03-19T05:00:00Z,OTHER,OIL/GAS,47.16551480611165,53
2019-03-19T05:00:00Z,OTHER,WOOD/REFUSE,89.28480594476065,158
2019-03-19T05:00:00Z,SOLAR,SOLAR,0,15
2019-03-19T05:00:00Z,WIND,WIND,98.9152058951474,1445
2019-03-19T06:00:00Z,COAL,COAL,3458.3014902157256,5568
2019-03-19T06:00:00Z,DUAL FUEL,DUAL FUEL,47.69081521140205,155
2019-03-19T06:00:00Z,GAS,COGENERATION,3673.1660488234625,4988
2019-03-19T06:00:00Z,GAS,COMBINED CYCLE,893.9245794415474,1748
2019-03-19T06:00:00Z,GAS,SIMPLE CYCLE,526.394064889484,921
2019-03-19T06:00:00Z,HYDRO,HYDRO,97.15268168257343,894
2019-03-19T06:00:00Z,OTHER,BIOMASS,107.14557885805766,154
2019-03-19T06:00:00Z,OTHER,GAS COGEN,45.479843228128225,58
2019-03-19T06:00:00Z,OTHER,OIL/GAS,46.80291577657064,53
2019-03-19T06:00:00Z,OTHER,WOOD/REFUSE,90.02921913941701,158
2019-03-19T06:00:00Z,SOLAR,SOLAR,0,15
2019-03-19T06:00:00Z,WIND,WIND,152.953038016061,1445
2019-03-19T07:00:00Z,COAL,COAL,3423.337065033383,5568
2019-03-19T07:00:00Z,DUAL FUEL,DUAL FUEL,43.51414188808865,155
2019-03-19T07:00:00Z,GAS,COGENERATION,3660.2379871020717,4988
2019-03-19T07:00:00Z,GAS,COMBINED CYCLE,863.4340999221802,1748
2019-03-19T07:00:00Z,GAS,SIMPLE CYCLE,455.88487823608847,921
2019-03-19T07:00:00Z,HYDRO,HYDRO,92.7556760515107,894
2019-03-19T07:00:00Z,OTHER,BIOMASS,104.96951774464713,154
2019-03-19T07:00:00Z,OTHER,GAS COGEN,45.520330360200674,58
2019-03-19T07:00:00Z,OTHER,OIL/GAS,46.42695951037937,53
2019-03-19T07:00:00Z,OTHER,WOOD/REFUSE,89.61021314567991,158
2019-03-19T07:00:00Z,SOLAR,SOLAR,0,15
2019-03-19T07:00:00Z,WIND,WIND,226.65320005913574,1445
2019-03-19T08:00:00Z,COAL,COAL,3387.372752914429,5568
2019-03-19T08:00:00Z,DUAL FUEL,DUAL FUEL,43.44768561045328,155
2019-03-19T08:00:00Z,GAS,COGENERATION,3658.980568406913,4988
2019-03-19T08:00:00Z,GAS,COMBINED CYCLE,836.1883642167516,1748
2019-03-19T08:00:00Z,GAS,SIMPLE CYCLE,394.83833680470786,921
2019-03-19T08:00:00Z,HYDRO,HYDRO,112.36866146602564,894
2019-03-19T08:00:00Z,OTHER,BIOMASS,102.50841698593564,154
2019-03-19T08:00:00Z,OTHER,GAS COGEN,45.64954499615564,58
2019-03-19T08:00:00Z,OTHER,OIL/GAS,46.40019312328762,53
2019-03-19T08:00:00Z,OTHER,WOOD/REFUSE,88.68252178774941,158
2019-03-19T08:00:00Z,SOLAR,SOLAR,0,15
2019-03-19T08:00:00Z,WIND,WIND,309.78822712303037,1445
2019-03-19T09:00:00Z,COAL,COAL,3361.8953005896674,5568
2019-03-19T09:00:00Z,DUAL FUEL,DUAL FUEL,43.34369388580322,155
2019-03-19T09:00:00Z,GAS,COGENERATION,3666.870716284712,4988
2019-03-19T09:00:00Z,GAS,COMBINED CYCLE,831.4615009307861,1748
2019-03-19T09:00:00Z,GAS,SIMPLE CYCLE,389.0433354781071,921
2019-03-19T09:00:00Z,HYDRO,HYDRO,94.35783463330732,894
2019-03-19T09:00:00Z,OTHER,BIOMASS,103.11942832681868,154
2019-03-19T09:00:00Z,OTHER,GAS COGEN,45.66765560732947,58
2019-03-19T09:00:00Z,OTHER,OIL/GAS,46.35669860839844,53
2019-03-19T09:00:00Z,OTHER,WOOD/REFUSE,87.6682074160046,158
2019-03-19T09:00:00Z,SOLAR,SOLAR,0,15
2019-03-19T09:00:00Z,WIND,WIND,340.33226643498574,1445
2019-03-19T10:00:00Z,COAL,COAL,3362.2294964345297,5568
2019-03-19T10:00:00Z,DUAL FUEL,DUAL FUEL,42.838677891625295,155
2019-03-19T10:00:00Z,GAS,COGENERATION,3668.5070875838733,4988
2019-03-19T10:00:00Z,GAS,COMBINED CYCLE,833.7575945777364,1748
2019-03-19T10:00:00Z,GAS,SIMPLE CYCLE,384.27339722613493,921
2019-03-19T10:00:00Z,HYDRO,HYDRO,94.45002584558395,894
2019-03-19T10:00:00Z,OTHER,BIOMASS,105.38024544503953,154
2019-03-19T10:00:00Z,OTHER,GAS COGEN,45.59336354626549,58
2019-03-19T10:00:00Z,OTHER,OIL/GAS,46.441282732221815,53
2019-03-19T10:00:00Z,OTHER,WOOD/REFUSE,88.61936227533553,158
2019-03-19T10:00:00Z,SOLAR,SOLAR,0,15
2019-03-19T10:00:00Z,WIND,WIND,366.1007464615007,1445
2019-03-19T11:00:00Z,COAL,COAL,3397.0352391582064,5568
2019-03-19T11:00:00Z,DUAL FUEL,DUAL FUEL,42.693477090199785,155
2019-03-19T11:00:00Z,GAS,COGENERATION,3667.903409580787,4988
2019-03-19T11:00:00Z,GAS,COMBINED CYCLE,907.1181655653318,1748
2019-03-19T11:00:00Z,GAS,SIMPLE CYCLE,388.8687461093399,921
2019-03-19T11:00:00Z,HYDRO,HYDRO,106.94880009808475,894
2019-03-19T11:00:00Z,OTHER,BIOMASS,104.29729504055447,154
2019-03-19T11:00:00Z,OTHER,GAS COGEN,45.8249310069614,58
2019-03-19T11:00:00Z,OTHER,OIL/GAS,46.73809444215563,53
2019-03-19T11:00:00Z,OTHER,WOOD/REFUSE,89.37368902842204,158
2019-03-19T11:00:00Z,SOLAR,SOLAR,0,15
2019-03-19T11:00:00Z,WIND,WIND,392.78631052114895,1445
2019-03-19T12:00:00Z,COAL,COAL,3489.403600569831,5568
2019-03-19T12:00:00Z,DUAL FUEL,DUAL FUEL,49.912301228841145,155
2019-03-19T12:00:00Z,GAS,COGENERATION,3686.9978262678783,4988
2019-03-19T12:00:00Z,GAS,COMBINED CYCLE,998.8075610754225,1748
2019-03-19T12:00:00Z,GAS,SIMPLE CYCLE,560.9816229301028,921
2019-03-19T12:00:00Z,HYDRO,HYDRO,118.90824000327122,894
2019-03-19T12:00:00Z,OTHER,BIOMASS,105.27957853052351,154
2019-03-19T12:00:00Z,OTHER,GAS COGEN,45.872670099470355,58
2019-03-19T12:00:00Z,OTHER,OIL/GAS,46.533604810502794,53
2019-03-19T12:00:00Z,OTHER,WOOD/REFUSE,88.63456624507904,158
2019-03-19T12:00:00Z,SOLAR,SOLAR,0,15
2019-03-19T12:00:00Z,WIND,WIND,365.2784523295197,1445
2019-03-19T13:00:00Z,COAL,COAL,3677.92400970459,5568
2019-03-19T13:00:00Z,DUAL FUEL,DUAL FUEL,132.3158435228136,155
2019-03-19T13:00:00Z,GAS,COGENERATION,3698.048798318439,4988
2019-03-19T13:00:00Z,GAS,COMBINED CYCLE,1026.8577659230762,1748
2019-03-19T13:00:00Z,GAS,SIMPLE CYCLE,646.2958726609415,921
2019-03-19T13:00:00Z,HYDRO,HYDRO,116.50659160267976,894
2019-03-19T13:00:00Z,OTHER,BIOMASS,104.97666150357989,154
2019-03-19T13:00:00Z,OTHER,GAS COGEN,46.00268937852647,58
2019-03-19T13:00:00Z,OTHER,OIL/GAS,46.11983188629151,53
2019-03-19T13:00:00Z,OTHER,WOOD/REFUSE,88.75866655826569,158
2019-03-19T13:00:00Z,SOLAR,SOLAR,0.04099999755620956,15
2019-03-19T13:00:00Z,WIND,WIND,382.13067609151204,1445
2019-03-19T14:00:00Z,COAL,COAL,3543.8666917673745,5568
2019-03-19T14:00:00Z,DUAL FUEL,DUAL FUEL,153.87351908365886,155
2019-03-19T14:00:00Z,GAS,COGENERATION,3705.1537853443624,4988
2019-03-19T14:00:00Z,GAS,COMBINED CYCLE,1072.7434182887607,1748
2019-03-19T14:00:00Z,GAS,SIMPLE CYCLE,654.1747076963551,921
2019-03-19T14:00:00Z,HYDRO,HYDRO,124.67531888922056,894
2019-03-19T14:00:00Z,OTHER,BIOMASS,100.54317336877187,154
2019-03-19T14:00:00Z,OTHER,GAS COGEN,45.92726289113362,58
2019-03-19T14:00:00Z,OTHER,OIL/GAS,46.44117121166653,53
2019-03-19T14:00:00Z,OTHER,WOOD/REFUSE,88.3138961452908,158
2019-03-19T14:00:00Z,SOLAR,SOLAR,1.8364999744130504,15
2019-03-19T14:00:00Z,WIND,WIND,413.1527707276907,1445
2019-03-19T15:00:00Z,COAL,COAL,3619.2769312116834,5568
2019-03-19T15:00:00Z,DUAL FUEL,DUAL FUEL,153.2115125020345,155
2019-03-19T15:00:00Z,GAS,COGENERATION,3682.226581165658,4988
2019-03-19T15:00:00Z,GAS,COMBINED CYCLE,1080.1858479038874,1748
2019-03-19T15:00:00Z,GAS,SIMPLE CYCLE,646.0418737226063,921
2019-03-19T15:00:00Z,HYDRO,HYDRO,143.90696334130234,894
2019-03-19T15:00:00Z,OTHER,BIOMASS,101.01003973378076,154
2019-03-19T15:00:00Z,OTHER,GAS COGEN,45.66668493111928,58
2019-03-19T15:00:00Z,OTHER,OIL/GAS,46.61161556879679,53
2019-03-19T15:00:00Z,OTHER,WOOD/REFUSE,88.87807655069562,158
2019-03-19T15:00:00Z,SOLAR,SOLAR,6.0699998753600655,15
2019-03-19T15:00:00Z,WIND,WIND,357.1375000732806,1445
2019-03-19T16:00:00Z,COAL,COAL,3691.0431137635974,5568
2019-03-19T16:00:00Z,DUAL FUEL,DUAL FUEL,154.36840286254883,155
2019-03-19T16:00:00Z,GAS,COGENERATION,3654.432630867693,4988
2019-03-19T16:00:00Z,GAS,COMBINED CYCLE,1077.956364607281,1748
2019-03-19T16:00:00Z,GAS,SIMPLE CYCLE,640.4834345640077,921
2019-03-19T16:00:00Z,HYDRO,HYDRO,150.3420214358055,894
2019-03-19T16:00:00Z,OTHER,BIOMASS,104.01241725656722,154
2019-03-19T16:00:00Z,OTHER,GAS COGEN,45.25005081494649,58
2019-03-19T16:00:00Z,OTHER,OIL/GAS,46.91799962361654,53
2019-03-19T16:00:00Z,OTHER,WOOD/REFUSE,88.45222198168436,158
2019-03-19T16:00:00Z,SOLAR,SOLAR,9.684666443930732,15
2019-03-19T16:00:00Z,WIND,WIND,314.0298037243883,1445
2019-03-19T17:00:00Z,COAL,COAL,3769.2751528337267,5568
2019-03-19T17:00:00Z,DUAL FUEL,DUAL FUEL,154.32718121846517,155
2019-03-19T17:00:00Z,GAS,COGENERATION,3622.273483839929,4988
2019-03-19T17:00:00Z,GAS,COMBINED CYCLE,1067.0314398866228,1748
2019-03-19T17:00:00Z,GAS,SIMPLE CYCLE,661.7815459369289,921
2019-03-19T17:00:00Z,HYDRO,HYDRO,145.39769160818722,894
2019-03-19T17:00:00Z,OTHER,BIOMASS,106.33208907339308,154
2019-03-19T17:00:00Z,OTHER,GAS COGEN,44.7025663555993,58
2019-03-19T17:00:00Z,OTHER,OIL/GAS,46.37396604114109,53
2019-03-19T17:00:00Z,OTHER,WOOD/REFUSE,87.56473090277778,158
2019-03-19T17:00:00Z,SOLAR,SOLAR,12.190277522934808,15
2019-03-19T17:00:00Z,WIND,WIND,218.35146487550603,1445
2019-03-19T18:00:00Z,COAL,COAL,3837.5081104448104,5568
2019-03-19T18:00:00Z,DUAL FUEL,DUAL FUEL,154.50282132466634,155
2019-03-19T18:00:00Z,GAS,COGENERATION,3589.938899075985,4988
2019-03-19T18:00:00Z,GAS,COMBINED CYCLE,1056.4853173240026,1748
2019-03-19T18:00:00Z,GAS,SIMPLE CYCLE,651.6892437676423,921
2019-03-19T18:00:00Z,HYDRO,HYDRO,142.89266088570156,894
2019-03-19T18:00:00Z,OTHER,BIOMASS,104.29280021720463,154
2019-03-19T18:00:00Z,OTHER,GAS COGEN,44.872895356284246,58
2019-03-19T18:00:00Z,OTHER,OIL/GAS,46.765165920257566,53
2019-03-19T18:00:00Z,OTHER,WOOD/REFUSE,89.11980056126912,158
2019-03-19T18:00:00Z,SOLAR,SOLAR,13.668833207024468,15
2019-03-19T18:00:00Z,WIND,WIND,147.32120138575632,1445
2019-03-19T19:00:00Z,COAL,COAL,3871.420028194851,5568
2019-03-19T19:00:00Z,DUAL FUEL,DUAL FUEL,154.35665009392633,155
2019-03-19T19:00:00Z,GAS,COGENERATION,3550.713872765435,4988
2019-03-19T19:00:00Z,GAS,COMBINED CYCLE,1053.9526075352562,1748
2019-03-19T19:00:00Z,GAS,SIMPLE CYCLE,659.8853134693039,921
2019-03-19T19:00:00Z,HYDRO,HYDRO,135.57944990694523,894
2019-03-19T19:00:00Z,OTHER,BIOMASS,105.08558375835419,154
2019-03-19T19:00:00Z,OTHER,GAS COGEN,44.78838423728943,58
2019-03-19T19:00:00Z,OTHER,OIL/GAS,46.73800434536404,53
2019-03-19T19:00:00Z,OTHER,WOOD/REFUSE,88.73517097155252,158
2019-03-19T19:00:00Z,SOLAR,SOLAR,13.808444030019972,15
2019-03-19T19:00:00Z,WIND,WIND,79.27036479364666,1445
2019-03-19T20:00:00Z,COAL,COAL,3865.8299573516847,5568
2019-03-19T20:00:00Z,DUAL FUEL,DUAL FUEL,154.6234329901801,155
2019-03-19T20:00:00Z,GAS,COGENERATION,3529.2025040282806,4988
2019-03-19T20:00:00Z,GAS,COMBINED CYCLE,1052.7340378427505,1748
2019-03-19T20:00:00Z,GAS,SIMPLE CYCLE,671.4649436491065,921
2019-03-19T20:00:00Z,HYDRO,HYDRO,138.33703309125372,894
2019-03-19T20:00:00Z,OTHER,BIOMASS,106.82839479499393,154
2019-03-19T20:00:00Z,OTHER,GAS COGEN,44.523585923512776,58
2019-03-19T20:00:00Z,OTHER,OIL/GAS,46.66618300755819,53
2019-03-19T20:00:00Z,OTHER,WOOD/REFUSE,87.6774642531077,158
2019-03-19T20:00:00Z,SOLAR,SOLAR,13.823722042507596,15
2019-03-19T20:00:00Z,WIND,WIND,63.07541912046572,1445
2019-03-19T21:00:00Z,COAL,COAL,3861.8411036427815,5568
2019-03-19T21:00:00Z,DUAL FUEL,DUAL FUEL,154.44027180989585,155
2019-03-19T21:00:00Z,GAS,COGENERATION,3513.028156942924,4988
2019-03-19T21:00:00Z,GAS,COMBINED CYCLE,1057.949663582378,1748
2019-03-19T21:00:00Z,GAS,SIMPLE CYCLE,671.3156642304526,921
2019-03-19T21:00:00Z,HYDRO,HYDRO,142.86222920689318,894
2019-03-19T21:00:00Z,OTHER,BIOMASS,107.55417241414386,154
2019-03-19T21:00:00Z,OTHER,GAS COGEN,44.4728250863817,58
2019-03-19T21:00:00Z,OTHER,OIL/GAS,46.15725988388061,53
2019-03-19T21:00:00Z,OTHER,WOOD/REFUSE,86.58526599672106,158
2019-03-19T21:00:00Z,SOLAR,SOLAR,12.496999771330092,15
2019-03-19T21:00:00Z,WIND,WIND,52.816120278106794,1445
2019-03-19T22:00:00Z,COAL,COAL,3843.9768565411036,5568
2019-03-19T22:00:00Z,DUAL FUEL,DUAL FUEL,154.5786643134223,155
2019-03-19T22:00:00Z,GAS,COGENERATION,3508.4916566456027,4988
2019-03-19T22:00:00Z,GAS,COMBINED CYCLE,1051.003778963089,1748
2019-03-19T22:00:00Z,GAS,SIMPLE CYCLE,667.7951785677258,921
2019-03-19T22:00:00Z,HYDRO,HYDRO,140.92915242817668,894
2019-03-19T22:00:00Z,OTHER,BIOMASS,110.42855078697205,154
2019-03-19T22:00:00Z,OTHER,GAS COGEN,44.20814328299628,58
2019-03-19T22:00:00Z,OTHER,OIL/GAS,45.423837930891246,53
2019-03-19T22:00:00Z,OTHER,WOOD/REFUSE,86.67330580181545,158
2019-03-19T22:00:00Z,SOLAR,SOLAR,10.056999803649054,15
2019-03-19T22:00:00Z,WIND,WIND,47.083868513388765,1445
2019-03-19T23:00:00Z,COAL,COAL,3790.5652753363715,5568
2019-03-19T23:00:00Z,DUAL FUEL,DUAL FUEL,154.29097783406576,155
2019-03-19T23:00:00Z,GAS,COGENERATION,3499.0904345388876,4988
2019-03-19T23:00:00Z,GAS,COMBINED CYCLE,1039.403214533064,1748
2019-03-19T23:00:00Z,GAS,SIMPLE CYCLE,659.3121562083562,921
2019-03-19T23:00:00Z,HYDRO,HYDRO,132.191754969226,894
2019-03-19T23:00:00Z,OTHER,BIOMASS,104.37573406325447,154
2019-03-19T23:00:00Z,OTHER,GAS COGEN,44.384611687130395,58
2019-03-19T23:00:00Z,OTHER,OIL/GAS,44.727542559305824,53
2019-03-19T23:00:00Z,OTHER,WOOD/REFUSE,88.3011170662774,158
2019-03-19T23:00:00Z,SOLAR,SOLAR,6.669833169778188,15
2019-03-19T23:00:00Z,WIND,WIND,55.46305076180233,1445
2019-03-20T00:00:00Z,COAL,COAL,3791.9283467271594,5568
2019-03-20T00:00:00Z,DUAL FUEL,DUAL FUEL,154.2226549021403,155
2019-03-20T00:00:00Z,GAS,COGENERATION,3456.2866514762572,4988
2019-03-20T00:00:00Z,GAS,COMBINED CYCLE,1038.635808262295,1748
2019-03-20T00:00:00Z,GAS,SIMPLE CYCLE,657.0244847906961,921
2019-03-20T00:00:00Z,HYDRO,HYDRO,148.35476285144688,894
2019-03-20T00:00:00Z,OTHER,BIOMASS,101.56482860830096,154
2019-03-20T00:00:00Z,OTHER,GAS COGEN,44.74131581624349,58
2019-03-20T00:00:00Z,OTHER,OIL/GAS,44.41040436426798,53
2019-03-20T00:00:00Z,OTHER,WOOD/REFUSE,91.48378718800015,158
2019-03-20T00:00:00Z,SOLAR,SOLAR,2.6518332712517845,15
2019-03-20T00:00:00Z,WIND,WIND,78.94530993700027,1445
2019-03-20T01:00:00Z,COAL,COAL,3841.8977225367225,5568
2019-03-20T01:00:00Z,DUAL FUEL,DUAL FUEL,113.50844317966038,155
2019-03-20T01:00:00Z,GAS,COGENERATION,3438.5275212711094,4988
2019-03-20T01:00:00Z,GAS,COMBINED CYCLE,1045.5994052738613,1748
2019-03-20T01:00:00Z,GAS,SIMPLE CYCLE,655.7477470101251,921
2019-03-20T01:00:00Z,HYDRO,HYDRO,136.8153625651863,894
2019-03-20T01:00:00Z,OTHER,BIOMASS,101.30208384407891,154
2019-03-20T01:00:00Z,OTHER,GAS COGEN,43.23656833648681,58
2019-03-20T01:00:00Z,OTHER,OIL/GAS,44.61317530737983,53
2019-03-20T01:00:00Z,OTHER,WOOD/REFUSE,91.76860891713036,158
2019-03-20T01:00:00Z,SOLAR,SOLAR,0.16199999223152797,15
2019-03-20T01:00:00Z,WIND,WIND,87.80046216918362,1445
2019-03-20T02:00:00Z,COAL,COAL,3725.247259980771,5568
2019-03-20T02:00:00Z,DUAL FUEL,DUAL FUEL,128.62870204925537,155
2019-03-20T02:00:00Z,GAS,COGENERATION,3463.8483054592875,4988
2019-03-20T02:00:00Z,GAS,COMBINED CYCLE,1074.6138064479828,1748
2019-03-20T02:00:00Z,GAS,SIMPLE CYCLE,683.7522860134973,921
2019-03-20T02:00:00Z,HYDRO,HYDRO,289.3917406225701,894
2019-03-20T02:00:00Z,OTHER,BIOMASS,105.79125091923608,154
2019-03-20T02:00:00Z,OTHER,GAS COGEN,41.03073908223046,58
2019-03-20T02:00:00Z,OTHER,OIL/GAS,44.516031697591146,53
2019-03-20T02:00:00Z,OTHER,WOOD/REFUSE,94.94203560670216,158
2019-03-20T02:00:00Z,SOLAR,SOLAR,0,15
2019-03-20T02:00:00Z,WIND,WIND,117.88081049991978,1445
2019-03-20T03:00:00Z,COAL,COAL,3670.7679812961155,5568
2019-03-20T03:00:00Z,DUAL FUEL,DUAL FUEL,135.20529443528918,155
2019-03-20T03:00:00Z,GAS,COGENERATION,3484.9401802210346,4988
2019-03-20T03:00:00Z,GAS,COMBINED CYCLE,1079.4210812860065,1748
2019-03-20T03:00:00Z,GAS,SIMPLE CYCLE,690.3648476070497,921
2019-03-20T03:00:00Z,HYDRO,HYDRO,141.49797889918088,894
2019-03-20T03:00:00Z,OTHER,BIOMASS,111.85929552184211,154
2019-03-20T03:00:00Z,OTHER,GAS COGEN,42.426609280374315,58
2019-03-20T03:00:00Z,OTHER,OIL/GAS,45.042349031236434,53
2019-03-20T03:00:00Z,OTHER,WOOD/REFUSE,97.10613718880546,158
2019-03-20T03:00:00Z,SOLAR,SOLAR,0,15
2019-03-20T03:00:00Z,WIND,WIND,104.57334840516249,1445
2019-03-20T04:00:00Z,COAL,COAL,3638.485029932658,5568
2019-03-20T04:00:00Z,DUAL FUEL,DUAL FUEL,91.7636185836792,155
2019-03-20T04:00:00Z,GAS,COGENERATION,3506.5801615606747,4988
2019-03-20T04:00:00Z,GAS,COMBINED CYCLE,1003.568042503463,1748
2019-03-20T04:00:00Z,GAS,SIMPLE CYCLE,644.4623632685757,921
2019-03-20T04:00:00Z,HYDRO,HYDRO,123.62558271242514,894
2019-03-20T04:00:00Z,OTHER,BIOMASS,109.25090598954094,154
2019-03-20T04:00:00Z,OTHER,GAS COGEN,43.60802048895094,58
2019-03-20T04:00:00Z,OTHER,OIL/GAS,45.36704288694594,53
2019-03-20T04:00:00Z,OTHER,WOOD/REFUSE,93.78192046642303,158
2019-03-20T04:00:00Z,SOLAR,SOLAR,0,15
2019-03-20T04:00:00Z,WIND,WIND,119.43315555264552,1445
2019-03-20T05:00:00Z,COAL,COAL,3312.4103445331257,5568
2019-03-20T05:00:00Z,DUAL FUEL,DUAL FUEL,69.3667577595181,155
2019-03-20T05:00:00Z,GAS,COGENERATION,3528.075729650524,4988
2019-03-20T05:00:00Z,GAS,COMBINED CYCLE,919.3353154383765,1748
2019-03-20T05:00:00Z,GAS,SIMPLE CYCLE,562.4648054837187,921
2019-03-20T05:00:00Z,HYDRO,HYDRO,102.51221965657341,894
2019-03-20T05:00:00Z,OTHER,BIOMASS,105.02131209903293,154
2019-03-20T05:00:00Z,OTHER,GAS COGEN,44.34300889121161,58
2019-03-20T05:00:00Z,OTHER,OIL/GAS,45.55916531244914,53
2019-03-20T05:00:00Z,OTHER,WOOD/REFUSE,92.48231158150567,158
2019-03-20T05:00:00Z,SOLAR,SOLAR,0,15
2019-03-20T05:00:00Z,WIND,WIND,145.95836977928047,1445
2019-03-20T06:00:00Z,COAL,COAL,3365.9388934426174,5568
2019-03-20T06:00:00Z,DUAL FUEL,DUAL FUEL,64.70565873887804,155
2019-03-20T06:00:00Z,GAS,COGENERATION,3547.0893267758024,4988
2019-03-20T06:00:00Z,GAS,COMBINED CYCLE,913.0247252559662,1748
2019-03-20T06:00:00Z,GAS,SIMPLE CYCLE,480.99059738609526,921
2019-03-20T06:00:00Z,HYDRO,HYDRO,100.55980129814812,894
2019-03-20T06:00:00Z,OTHER,BIOMASS,104.85990577485826,154
2019-03-20T06:00:00Z,OTHER,GAS COGEN,44.57667371114095,58
2019-03-20T06:00:00Z,OTHER,OIL/GAS,45.24312554041545,53
2019-03-20T06:00:00Z,OTHER,WOOD/REFUSE,92.25578574339548,158
2019-03-20T06:00:00Z,SOLAR,SOLAR,0,15
2019-03-20T06:00:00Z,WIND,WIND,175.14032127395686,1445
2019-03-20T07:00:00Z,COAL,COAL,3395.3850014474656,5568
2019-03-20T07:00:00Z,DUAL FUEL,DUAL FUEL,65.1499946170383,155
2019-03-20T07:00:00Z,GAS,COGENERATION,3549.452977438768,4988
2019-03-20T07:00:00Z,GAS,COMBINED CYCLE,883.5001999701394,1748
2019-03-20T07:00:00Z,GAS,SIMPLE CYCLE,369.1141154863437,921
2019-03-20T07:00:00Z,HYDRO,HYDRO,97.49430118864609,894
2019-03-20T07:00:00Z,OTHER,BIOMASS,106.45227854543262,154
2019-03-20T07:00:00Z,OTHER,GAS COGEN,44.590723514556885,58
2019-03-20T07:00:00Z,OTHER,OIL/GAS,45.74940331565009,53
2019-03-20T07:00:00Z,OTHER,WOOD/REFUSE,92.85477914174398,158
2019-03-20T07:00:00Z,SOLAR,SOLAR,0,15
2019-03-20T07:00:00Z,WIND,WIND,195.4376262784501,1445
2019-03-20T08:00:00Z,COAL,COAL,3260.5265127754215,5568
2019-03-20T08:00:00Z,DUAL FUEL,DUAL FUEL,65.05803143819173,155
2019-03-20T08:00:00Z,GAS,COGENERATION,3565.58671500855,4988
2019-03-20T08:00:00Z,GAS,COMBINED CYCLE,995.4591619025337,1748
2019-03-20T08:00:00Z,GAS,SIMPLE CYCLE,305.0161724690017,921
2019-03-20T08:00:00Z,HYDRO,HYDRO,90.28119213077757,894
2019-03-20T08:00:00Z,OTHER,BIOMASS,106.29075638771057,154
2019-03-20T08:00:00Z,OTHER,GAS COGEN,44.748019673029575,58
2019-03-20T08:00:00Z,OTHER,OIL/GAS,45.51790979597303,53
2019-03-20T08:00:00Z,OTHER,WOOD/REFUSE,92.67810755093893,158
2019-03-20T08:00:00Z,SOLAR,SOLAR,0,15
2019-03-20T08:00:00Z,WIND,WIND,200.0364676812788,1445
2019-03-20T09:00:00Z,COAL,COAL,3034.3046885172525,5568
2019-03-20T09:00:00Z,DUAL FUEL,DUAL FUEL,63.85537073983087,155
2019-03-20T09:00:00Z,GAS,COGENERATION,3582.2652617322074,4988
2019-03-20T09:00:00Z,GAS,COMBINED CYCLE,1155.8327860683864,1748
2019-03-20T09:00:00Z,GAS,SIMPLE CYCLE,285.2052216770914,921
2019-03-20T09:00:00Z,HYDRO,HYDRO,108.30866315558553,894
2019-03-20T09:00:00Z,OTHER,BIOMASS,105.10227817111544,154
2019-03-20T09:00:00Z,OTHER,GAS COGEN,44.63795379797618,58
2019-03-20T09:00:00Z,OTHER,OIL/GAS,45.56410462697347,53
2019-03-20T09:00:00Z,OTHER,WOOD/REFUSE,92.60293611049651,158
2019-03-20T09:00:00Z,SOLAR,SOLAR,0,15
2019-03-20T09:00:00Z,WIND,WIND,225.52200377686157,1445
2019-03-20T10:00:00Z,COAL,COAL,3144.753660935296,5568
2019-03-20T10:00:00Z,DUAL FUEL,DUAL FUEL,62.045353982713486,155
2019-03-20T10:00:00Z,GAS,COGENERATION,3511.473016933865,4988
2019-03-20T10:00:00Z,GAS,COMBINED CYCLE,1161.3610661522548,1748
2019-03-20T10:00:00Z,GAS,SIMPLE CYCLE,290.18757526689103,921
2019-03-20T10:00:00Z,HYDRO,HYDRO,118.87966165173385,894
2019-03-20T10:00:00Z,OTHER,BIOMASS,102.81448399331833,154
2019-03-20T10:00:00Z,OTHER,GAS COGEN,44.879709852006705,58
2019-03-20T10:00:00Z,OTHER,OIL/GAS,45.91149369345771,53
2019-03-20T10:00:00Z,OTHER,WOOD/REFUSE,92.71968896336026,158
2019-03-20T10:00:00Z,SOLAR,SOLAR,0,15
2019-03-20T10:00:00Z,WIND,WIND,209.18538601549136,1445
2019-03-20T11:00:00Z,COAL,COAL,3278.2528357972037,5568
2019-03-20T11:00:00Z,DUAL FUEL,DUAL FUEL,62.518088573879666,155
2019-03-20T11:00:00Z,GAS,COGENERATION,3511.563211631709,4988
2019-03-20T11:00:00Z,GAS,COMBINED CYCLE,1241.7004267602497,1748
2019-03-20T11:00:00Z,GAS,SIMPLE CYCLE,333.51526019093063,921
2019-03-20T11:00:00Z,HYDRO,HYDRO,128.68608882602717,894
2019-03-20T11:00:00Z,OTHER,BIOMASS,101.56331762366825,154
2019-03-20T11:00:00Z,OTHER,GAS COGEN,44.79597346570756,58
2019-03-20T11:00:00Z,OTHER,OIL/GAS,45.53768175548977,53
2019-03-20T11:00:00Z,OTHER,WOOD/REFUSE,92.56870930300819,158
2019-03-20T11:00:00Z,SOLAR,SOLAR,0,15
2019-03-20T11:00:00Z,WIND,WIND,182.81907641068102,1445
2019-03-20T12:00:00Z,COAL,COAL,3582.8432125854492,5568
2019-03-20T12:00:00Z,DUAL FUEL,DUAL FUEL,80.91072985755072,155
2019-03-20T12:00:00Z,GAS,COGENERATION,3513.728770394855,4988
2019-03-20T12:00:00Z,GAS,COMBINED CYCLE,1268.480038567649,1748
2019-03-20T12:00:00Z,GAS,SIMPLE CYCLE,415.728854578899,921
2019-03-20T12:00:00Z,HYDRO,HYDRO,137.10307818445895,894
2019-03-20T12:00:00Z,OTHER,BIOMASS,103.49640625582802,154
2019-03-20T12:00:00Z,OTHER,GAS COGEN,44.962374731699626,58
2019-03-20T12:00:00Z,OTHER,OIL/GAS,45.25763201395671,53
2019-03-20T12:00:00Z,OTHER,WOOD/REFUSE,91.19028321372137,158
2019-03-20T12:00:00Z,SOLAR,SOLAR,0,15
2019-03-20T12:00:00Z,WIND,WIND,165.59223854689134,1445
2019-03-20T13:00:00Z,COAL,COAL,3633.1242552524145,5568
2019-03-20T13:00:00Z,DUAL FUEL,DUAL FUEL,99.53470936669244,155
2019-03-20T13:00:00Z,GAS,COGENERATION,3524.9049700138303,4988
2019-03-20T13:00:00Z,GAS,COMBINED CYCLE,1275.3330378945668,1748
2019-03-20T13:00:00Z,GAS,SIMPLE CYCLE,557.4068619658549,921
2019-03-20T13:00:00Z,HYDRO,HYDRO,140.91426385081476,894
2019-03-20T13:00:00Z,OTHER,BIOMASS,94.56114998287626,154
2019-03-20T13:00:00Z,OTHER,GAS COGEN,44.97144261148241,58
2019-03-20T13:00:00Z,OTHER,OIL/GAS,45.84726619720459,53
2019-03-20T13:00:00Z,OTHER,WOOD/REFUSE,92.95362046930525,158
2019-03-20T13:00:00Z,SOLAR,SOLAR,0.05899999648332596,15
2019-03-20T13:00:00Z,WIND,WIND,164.39742158775528,1445
2019-03-20T14:00:00Z,COAL,COAL,3597.4356894980538,5568
2019-03-20T14:00:00Z,DUAL FUEL,DUAL FUEL,152.0865732192993,155
2019-03-20T14:00:00Z,GAS,COGENERATION,3530.0717484551005,4988
2019-03-20T14:00:00Z,GAS,COMBINED CYCLE,1295.1631622462803,1748
2019-03-20T14:00:00Z,GAS,SIMPLE CYCLE,562.2546112322145,921
2019-03-20T14:00:00Z,HYDRO,HYDRO,124.90933500011761,894
2019-03-20T14:00:00Z,OTHER,BIOMASS,87.58507757080926,154
2019-03-20T14:00:00Z,OTHER,GAS COGEN,45.31840658823649,58
2019-03-20T14:00:00Z,OTHER,OIL/GAS,45.48243239084879,53
2019-03-20T14:00:00Z,OTHER,WOOD/REFUSE,93.2249731461207,158
2019-03-20T14:00:00Z,SOLAR,SOLAR,2.2051666091216937,15
2019-03-20T14:00:00Z,WIND,WIND,177.15862245207032,1445
2019-03-20T15:00:00Z,COAL,COAL,3518.7746845033435,5568
2019-03-20T15:00:00Z,DUAL FUEL,DUAL FUEL,152.8270679473877,155
2019-03-20T15:00:00Z,GAS,COGENERATION,3493.6380756296053,4988
2019-03-20T15:00:00Z,GAS,COMBINED CYCLE,1295.5157026937272,1748
2019-03-20T15:00:00Z,GAS,SIMPLE CYCLE,551.846185060872,921
2019-03-20T15:00:00Z,HYDRO,HYDRO,121.16686178286871,894
2019-03-20T15:00:00Z,OTHER,BIOMASS,81.17876115136676,154
2019-03-20T15:00:00Z,OTHER,GAS COGEN,45.89088048934937,58
2019-03-20T15:00:00Z,OTHER,OIL/GAS,46.9070040151808,53
2019-03-20T15:00:00Z,OTHER,WOOD/REFUSE,91.71838313738505,158
2019-03-20T15:00:00Z,SOLAR,SOLAR,6.207833193673028,15
2019-03-20T15:00:00Z,WIND,WIND,182.7308663560864,1445
2019-03-20T16:00:00Z,COAL,COAL,3591.0465077845256,5568
2019-03-20T16:00:00Z,DUAL FUEL,DUAL FUEL,153.06131248474122,155
2019-03-20T16:00:00Z,GAS,COGENERATION,3445.912110063765,4988
2019-03-20T16:00:00Z,GAS,COMBINED CYCLE,1198.660322988828,1748
2019-03-20T16:00:00Z,GAS,SIMPLE CYCLE,535.9018118238615,921
2019-03-20T16:00:00Z,HYDRO,HYDRO,145.0593176138401,894
2019-03-20T16:00:00Z,OTHER,BIOMASS,79.67707758797539,154
2019-03-20T16:00:00Z,OTHER,GAS COGEN,45.62693420357174,58
2019-03-20T16:00:00Z,OTHER,OIL/GAS,47.46300964143541,53
2019-03-20T16:00:00Z,OTHER,WOOD/REFUSE,91.01458461549547,158
2019-03-20T16:00:00Z,SOLAR,SOLAR,9.802333129776848,15
2019-03-20T16:00:00Z,WIND,WIND,174.8977757415341,1445
2019-03-20T17:00:00Z,COAL,COAL,3624.033644888136,5568
2019-03-20T17:00:00Z,DUAL FUEL,DUAL FUEL,153.453671875,155
2019-03-20T17:00:00Z,GAS,COGENERATION,3381.283914590213,4988
2019-03-20T17:00:00Z,GAS,COMBINED CYCLE,1207.673946943283,1748
2019-03-20T17:00:00Z,GAS,SIMPLE CYCLE,530.2673687869683,921
2019-03-20T17:00:00Z,HYDRO,HYDRO,175.63754813137982,894
2019-03-20T17:00:00Z,OTHER,BIOMASS,79.41050529638926,154
2019-03-20T17:00:00Z,OTHER,GAS COGEN,45.23696296532949,58
2019-03-20T17:00:00Z,OTHER,OIL/GAS,47.17629918416341,53
2019-03-20T17:00:00Z,OTHER,WOOD/REFUSE,90.91041548040178,158
2019-03-20T17:00:00Z,SOLAR,SOLAR,12.193833118014863,15
2019-03-20T17:00:00Z,WIND,WIND,153.87429312293727,1445
2019-03-20T18:00:00Z,COAL,COAL,3864.5023786671954,5568
2019-03-20T18:00:00Z,DUAL FUEL,DUAL FUEL,154.58546449449327,155
2019-03-20T18:00:00Z,GAS,COGENERATION,3298.214542185002,4988
2019-03-20T18:00:00Z,GAS,COMBINED CYCLE,1251.7604927002058,1748
2019-03-20T18:00:00Z,GAS,SIMPLE CYCLE,538.0474512945281,921
2019-03-20T18:00:00Z,HYDRO,HYDRO,166.67637245045768,894
2019-03-20T18:00:00Z,OTHER,BIOMASS,79.8481106434928,154
2019-03-20T18:00:00Z,OTHER,GAS COGEN,45.10334958924188,58
2019-03-20T18:00:00Z,OTHER,OIL/GAS,46.9885322019789,53
2019-03-20T18:00:00Z,OTHER,WOOD/REFUSE,88.81074402491251,158
2019-03-20T18:00:00Z,SOLAR,SOLAR,12.633499773343404,15
2019-03-20T18:00:00Z,WIND,WIND,121.0670647739205,1445
2019-03-20T19:00:00Z,COAL,COAL,3918.761625361972,5568
2019-03-20T19:00:00Z,DUAL FUEL,DUAL FUEL,155.25004927741156,155
2019-03-20T19:00:00Z,GAS,COGENERATION,3287.749427384999,4988
2019-03-20T19:00:00Z,GAS,COMBINED CYCLE,1261.3823281357022,1748
2019-03-20T19:00:00Z,GAS,SIMPLE CYCLE,552.9341316526466,921
2019-03-20T19:00:00Z,HYDRO,HYDRO,161.2939608473248,894
2019-03-20T19:00:00Z,OTHER,BIOMASS,77.63223858038585,154
2019-03-20T19:00:00Z,OTHER,GAS COGEN,44.71598045931922,58
2019-03-20T19:00:00Z,OTHER,OIL/GAS,47.21631571451823,53
2019-03-20T19:00:00Z,OTHER,WOOD/REFUSE,90.35584948221843,158
2019-03-20T19:00:00Z,SOLAR,SOLAR,12.83827779399024,15
2019-03-20T19:00:00Z,WIND,WIND,86.88398527567585,1445
2019-03-20T20:00:00Z,COAL,COAL,3919.441158290439,5568
2019-03-20T20:00:00Z,DUAL FUEL,DUAL FUEL,156.0084179517958,155
2019-03-20T20:00:00Z,GAS,COGENERATION,3274.377804603146,4988
2019-03-20T20:00:00Z,GAS,COMBINED CYCLE,1251.528826090495,1748
2019-03-20T20:00:00Z,GAS,SIMPLE CYCLE,541.5623417747682,921
2019-03-20T20:00:00Z,HYDRO,HYDRO,164.17935955842336,894
2019-03-20T20:00:00Z,OTHER,BIOMASS,78.2081886959076,154
2019-03-20T20:00:00Z,OTHER,GAS COGEN,43.37337512864007,58
2019-03-20T20:00:00Z,OTHER,OIL/GAS,47.34000015258789,53
2019-03-20T20:00:00Z,OTHER,WOOD/REFUSE,90.55492759121789,158
2019-03-20T20:00:00Z,SOLAR,SOLAR,12.998221906556024,15
2019-03-20T20:00:00Z,WIND,WIND,86.82756742305226,1445
2019-03-20T21:00:00Z,COAL,COAL,3882.5315325927736,5568
2019-03-20T21:00:00Z,DUAL FUEL,DUAL FUEL,132.78787582397462,155
2019-03-20T21:00:00Z,GAS,COGENERATION,3290.9359904079306,4988
2019-03-20T21:00:00Z,GAS,COMBINED CYCLE,1242.084623717732,1748
2019-03-20T21:00:00Z,GAS,SIMPLE CYCLE,541.8675604404343,921
2019-03-20T21:00:00Z,HYDRO,HYDRO,128.22145753277672,894
2019-03-20T21:00:00Z,OTHER,BIOMASS,91.91475007851919,154
2019-03-20T21:00:00Z,OTHER,GAS COGEN,43.909584027396306,58
2019-03-20T21:00:00Z,OTHER,OIL/GAS,47.37013875113593,53
2019-03-20T21:00:00Z,OTHER,WOOD/REFUSE,90.9622751129998,158
2019-03-20T21:00:00Z,SOLAR,SOLAR,11.424999769528709,15
2019-03-20T21:00:00Z,WIND,WIND,91.81116809110675,1445
2019-03-20T22:00:00Z,COAL,COAL,3815.5105929692586,5568
2019-03-20T22:00:00Z,DUAL FUEL,DUAL FUEL,116.65652038574218,155
2019-03-20T22:00:00Z,GAS,COGENERATION,3306.6098540236553,4988
2019-03-20T22:00:00Z,GAS,COMBINED CYCLE,1254.36326347563,1748
2019-03-20T22:00:00Z,GAS,SIMPLE CYCLE,544.4276359755463,921
2019-03-20T22:00:00Z,HYDRO,HYDRO,149.30490039625101,894
2019-03-20T22:00:00Z,OTHER,BIOMASS,93.48737756994035,154
2019-03-20T22:00:00Z,OTHER,GAS COGEN,43.907411365509034,58
2019-03-20T22:00:00Z,OTHER,OIL/GAS,47.453832711113826,53
2019-03-20T22:00:00Z,OTHER,WOOD/REFUSE,91.17866452640958,158
2019-03-20T22:00:00Z,SOLAR,SOLAR,10.076666462156508,15
2019-03-20T22:00:00Z,WIND,WIND,106.48797622245219,1445
2019-03-20T23:00:00Z,COAL,COAL,3551.0709523896376,5568
2019-03-20T23:00:00Z,DUAL FUEL,DUAL FUEL,141.91416682773166,155
2019-03-20T23:00:00Z,GAS,COGENERATION,3322.0145517617466,4988
2019-03-20T23:00:00Z,GAS,COMBINED CYCLE,1353.0043643885188,1748
2019-03-20T23:00:00Z,GAS,SIMPLE CYCLE,619.3464012926983,921
2019-03-20T23:00:00Z,HYDRO,HYDRO,126.53797971659236,894
2019-03-20T23:00:00Z,OTHER,BIOMASS,94.99610548496246,154
2019-03-20T23:00:00Z,OTHER,GAS COGEN,44.19331895510356,58
2019-03-20T23:00:00Z,OTHER,OIL/GAS,47.68472146987915,53
2019-03-20T23:00:00Z,OTHER,WOOD/REFUSE,89.53205328888363,158
2019-03-20T23:00:00Z,SOLAR,SOLAR,6.738333251476288,15
2019-03-20T23:00:00Z,WIND,WIND,113.39038670418991,1445
2019-03-21T00:00:00Z,COAL,COAL,3494.9875153647527,5568
2019-03-21T00:00:00Z,DUAL FUEL,DUAL FUEL,130.60303412119546,155
2019-03-21T00:00:00Z,GAS,COGENERATION,3335.0195115231145,4988
2019-03-21T00:00:00Z,GAS,COMBINED CYCLE,1278.3123025986883,1748
2019-03-21T00:00:00Z,GAS,SIMPLE CYCLE,522.2216326451963,921
2019-03-21T00:00:00Z,HYDRO,HYDRO,144.23589161440728,894
2019-03-21T00:00:00Z,OTHER,BIOMASS,96.773067012363,154
2019-03-21T00:00:00Z,OTHER,GAS COGEN,43.96394637637668,58
2019-03-21T00:00:00Z,OTHER,OIL/GAS,46.945027923583986,53
2019-03-21T00:00:00Z,OTHER,WOOD/REFUSE,89.90316432264116,158
2019-03-21T00:00:00Z,SOLAR,SOLAR,2.7023332939545313,15
2019-03-21T00:00:00Z,WIND,WIND,151.7794292989042,1445
2019-03-21T01:00:00Z,COAL,COAL,3504.2872336790297,5568
2019-03-21T01:00:00Z,DUAL FUEL,DUAL FUEL,96.79761365678576,155
2019-03-21T01:00:00Z,GAS,COGENERATION,3362.5785435339476,4988
2019-03-21T01:00:00Z,GAS,COMBINED CYCLE,1310.0837188196183,1748
2019-03-21T01:00:00Z,GAS,SIMPLE CYCLE,457.86999763806665,921
2019-03-21T01:00:00Z,HYDRO,HYDRO,148.1919073423081,894
2019-03-21T01:00:00Z,OTHER,BIOMASS,89.28083913935555,154
2019-03-21T01:00:00Z,OTHER,GAS COGEN,44.14078565650516,58
2019-03-21T01:00:00Z,OTHER,OIL/GAS,46.454765502081976,53
2019-03-21T01:00:00Z,OTHER,WOOD/REFUSE,90.00290367762247,158
2019-03-21T01:00:00Z,SOLAR,SOLAR,0.17594444359342257,15
2019-03-21T01:00:00Z,WIND,WIND,204.08664674532082,1445
2019-03-21T02:00:00Z,COAL,COAL,3467.695902197096,5568
2019-03-21T02:00:00Z,DUAL FUEL,DUAL FUEL,131.9248213534885,155
2019-03-21T02:00:00Z,GAS,COGENERATION,3384.7672099107835,4988
2019-03-21T02:00:00Z,GAS,COMBINED CYCLE,1284.7120054639709,1748
2019-03-21T02:00:00Z,GAS,SIMPLE CYCLE,505.23137777407965,921
2019-03-21T02:00:00Z,HYDRO,HYDRO,163.91666155073378,894
2019-03-21T02:00:00Z,OTHER,BIOMASS,91.09133302317726,154
2019-03-21T02:00:00Z,OTHER,GAS COGEN,45.01062568717533,58
2019-03-21T02:00:00Z,OTHER,OIL/GAS,46.517087054782444,53
2019-03-21T02:00:00Z,OTHER,WOOD/REFUSE,90.88794180446202,158
2019-03-21T02:00:00Z,SOLAR,SOLAR,0,15
2019-03-21T02:00:00Z,WIND,WIND,222.5368591295514,1445
2019-03-21T03:00:00Z,COAL,COAL,3339.6924417453342,5568
2019-03-21T03:00:00Z,DUAL FUEL,DUAL FUEL,133.81745303683812,155
2019-03-21T03:00:00Z,GAS,COGENERATION,3442.4356555223135,4988
2019-03-21T03:00:00Z,GAS,COMBINED CYCLE,1258.0299177069135,1748
2019-03-21T03:00:00Z,GAS,SIMPLE CYCLE,514.9455674944984,921
2019-03-21T03:00:00Z,HYDRO,HYDRO,129.9774035752482,894
2019-03-21T03:00:00Z,OTHER,BIOMASS,93.19076637056139,154
2019-03-21T03:00:00Z,OTHER,GAS COGEN,45.080644565158416,58
2019-03-21T03:00:00Z,OTHER,OIL/GAS,46.17220930099487,53
2019-03-21T03:00:00Z,OTHER,WOOD/REFUSE,91.73369729624855,158
2019-03-21T03:00:00Z,SOLAR,SOLAR,0,15
2019-03-21T03:00:00Z,WIND,WIND,190.15005990655885,1445
2019-03-21T04:00:00Z,COAL,COAL,3389.793704800076,5568
2019-03-21T04:00:00Z,DUAL FUEL,DUAL FUEL,83.39166658189562,155
2019-03-21T04:00:00Z,GAS,COGENERATION,3461.2427647572426,4988
2019-03-21T04:00:00Z,GAS,COMBINED CYCLE,1198.0038206736247,1748
2019-03-21T04:00:00Z,GAS,SIMPLE CYCLE,472.24109129634166,921
2019-03-21T04:00:00Z,HYDRO,HYDRO,155.90202312085364,894
2019-03-21T04:00:00Z,OTHER,BIOMASS,92.40706709225972,154
2019-03-21T04:00:00Z,OTHER,GAS COGEN,45.15734729025099,58
2019-03-21T04:00:00Z,OTHER,OIL/GAS,45.981304495069715,53
2019-03-21T04:00:00Z,OTHER,WOOD/REFUSE,91.12753445466359,158
2019-03-21T04:00:00Z,SOLAR,SOLAR,0,15
2019-03-21T04:00:00Z,WIND,WIND,158.13597417543332,1445
2019-03-21T05:00:00Z,COAL,COAL,3346.041314866808,5568
2019-03-21T05:00:00Z,DUAL FUEL,DUAL FUEL,61.84262812508477,155
2019-03-21T05:00:00Z,GAS,COGENERATION,3508.291650283469,4988
2019-03-21T05:00:00Z,GAS,COMBINED CYCLE,1195.7510423869558,1748
2019-03-21T05:00:00Z,GAS,SIMPLE CYCLE,385.06412443366315,921
2019-03-21T05:00:00Z,HYDRO,HYDRO,106.68880448089706,894
2019-03-21T05:00:00Z,OTHER,BIOMASS,89.13207753022512,154
2019-03-21T05:00:00Z,OTHER,GAS COGEN,45.190626589457196,58
2019-03-21T05:00:00Z,OTHER,OIL/GAS,46.16069350136651,53
2019-03-21T05:00:00Z,OTHER,WOOD/REFUSE,91.061181145774,158
2019-03-21T05:00:00Z,SOLAR,SOLAR,0,15
2019-03-21T05:00:00Z,WIND,WIND,138.38569013209806,1445
2019-03-21T06:00:00Z,COAL,COAL,3190.3688335842558,5568
2019-03-21T06:00:00Z,DUAL FUEL,DUAL FUEL,39.59285228305393,155
2019-03-21T06:00:00Z,GAS,COGENERATION,3571.94693184995,4988
2019-03-21T06:00:00Z,GAS,COMBINED CYCLE,1200.997867099709,1748
2019-03-21T06:00:00Z,GAS,SIMPLE CYCLE,440.1878623702791,921
2019-03-21T06:00:00Z,HYDRO,HYDRO,111.94495801601146,894
2019-03-21T06:00:00Z,OTHER,BIOMASS,89.44601137108273,154
2019-03-21T06:00:00Z,OTHER,GAS COGEN,45.514485153622104,58
2019-03-21T06:00:00Z,OTHER,OIL/GAS,46.1905989434984,53
2019-03-21T06:00:00Z,OTHER,WOOD/REFUSE,90.10674595885806,158
2019-03-21T06:00:00Z,SOLAR,SOLAR,0,15
2019-03-21T06:00:00Z,WIND,WIND,102.75389163020584,1445
2019-03-21T07:00:00Z,COAL,COAL,3309.104459838867,5568
2019-03-21T07:00:00Z,DUAL FUEL,DUAL FUEL,62.32636866251627,155
2019-03-21T07:00:00Z,GAS,COGENERATION,3615.7739551006425,4988
2019-03-21T07:00:00Z,GAS,COMBINED CYCLE,1100.995922551685,1748
2019-03-21T07:00:00Z,GAS,SIMPLE CYCLE,366.3275108734767,921
2019-03-21T07:00:00Z,HYDRO,HYDRO,116.73498323440552,894
2019-03-21T07:00:00Z,OTHER,BIOMASS,90.60200010405646,154
2019-03-21T07:00:00Z,OTHER,GAS COGEN,45.19923579586877,58
2019-03-21T07:00:00Z,OTHER,OIL/GAS,46.06176652060615,53
2019-03-21T07:00:00Z,OTHER,WOOD/REFUSE,88.86930093977186,158
2019-03-21T07:00:00Z,SOLAR,SOLAR,0,15
2019-03-21T07:00:00Z,WIND,WIND,79.2366174224019,1445
2019-03-21T08:00:00Z,COAL,COAL,3320.1679995388454,5568
2019-03-21T08:00:00Z,DUAL FUEL,DUAL FUEL,56.02332698186239,155
2019-03-21T08:00:00Z,GAS,COGENERATION,3634.5710490378738,4988
2019-03-21T08:00:00Z,GAS,COMBINED CYCLE,1087.8076922302776,1748
2019-03-21T08:00:00Z,GAS,SIMPLE CYCLE,367.91126833200457,921
2019-03-21T08:00:00Z,HYDRO,HYDRO,116.6942233210802,894
2019-03-21T08:00:00Z,OTHER,BIOMASS,89.97064423878987,154
2019-03-21T08:00:00Z,OTHER,GAS COGEN,44.8703837357627,58
2019-03-21T08:00:00Z,OTHER,OIL/GAS,46.12954302257962,53
2019-03-21T08:00:00Z,OTHER,WOOD/REFUSE,89.39980318016475,158
2019-03-21T08:00:00Z,SOLAR,SOLAR,0,15
2019-03-21T08:00:00Z,WIND,WIND,75.07763500675559,1445
2019-03-21T09:00:00Z,COAL,COAL,3418.723750894335,5568
2019-03-21T09:00:00Z,DUAL FUEL,DUAL FUEL,56.555046821170386,155
2019-03-21T09:00:00Z,GAS,COGENERATION,3631.41626699547,4988
2019-03-21T09:00:00Z,GAS,COMBINED CYCLE,1090.3691649307145,1748
2019-03-21T09:00:00Z,GAS,SIMPLE CYCLE,386.7140148984061,921
2019-03-21T09:00:00Z,HYDRO,HYDRO,117.54918200228778,894
2019-03-21T09:00:00Z,OTHER,BIOMASS,98.06365086423025,154
2019-03-21T09:00:00Z,OTHER,GAS COGEN,45.09007773452335,58
2019-03-21T09:00:00Z,OTHER,OIL/GAS,46.329081819322376,53
2019-03-21T09:00:00Z,OTHER,WOOD/REFUSE,88.91401348484887,158
2019-03-21T09:00:00Z,SOLAR,SOLAR,0,15
2019-03-21T09:00:00Z,WIND,WIND,61.32206054202385,1445
2019-03-21T10:00:00Z,COAL,COAL,3442.3392372512817,5568
2019-03-21T10:00:00Z,DUAL FUEL,DUAL FUEL,55.01874140633477,155
2019-03-21T10:00:00Z,GAS,COGENERATION,3644.5256330613956,4988
2019-03-21T10:00:00Z,GAS,COMBINED CYCLE,1082.8028724628025,1748
2019-03-21T10:00:00Z,GAS,SIMPLE CYCLE,383.47302902519704,921
2019-03-21T10:00:00Z,HYDRO,HYDRO,99.61295216057036,894
2019-03-21T10:00:00Z,OTHER,BIOMASS,99.91958368937173,154
2019-03-21T10:00:00Z,OTHER,GAS COGEN,44.99243851184845,58
2019-03-21T10:00:00Z,OTHER,OIL/GAS,47.11878624598185,53
2019-03-21T10:00:00Z,OTHER,WOOD/REFUSE,88.51294177691142,158
2019-03-21T10:00:00Z,SOLAR,SOLAR,0,15
2019-03-21T10:00:00Z,WIND,WIND,55.17017905207143,1445
2019-03-21T11:00:00Z,COAL,COAL,3416.8526768832735,5568
2019-03-21T11:00:00Z,DUAL FUEL,DUAL FUEL,56.20791213565403,155
2019-03-21T11:00:00Z,GAS,COGENERATION,3655.095738178028,4988
2019-03-21T11:00:00Z,GAS,COMBINED CYCLE,1138.959141656028,1748
2019-03-21T11:00:00Z,GAS,SIMPLE CYCLE,371.3763664172755,921
2019-03-21T11:00:00Z,HYDRO,HYDRO,117.25577162876725,894
2019-03-21T11:00:00Z,OTHER,BIOMASS,102.1139002386729,154
2019-03-21T11:00:00Z,OTHER,GAS COGEN,44.954820872942605,58
2019-03-21T11:00:00Z,OTHER,OIL/GAS,47.09574932946099,53
2019-03-21T11:00:00Z,OTHER,WOOD/REFUSE,88.55568837059869,158
2019-03-21T11:00:00Z,SOLAR,SOLAR,0,15
2019-03-21T11:00:00Z,WIND,WIND,56.01905212495062,1445
2019-03-21T12:00:00Z,COAL,COAL,3553.762847412957,5568
2019-03-21T12:00:00Z,DUAL FUEL,DUAL FUEL,122.96221438937717,155
2019-03-21T12:00:00Z,GAS,COGENERATION,3674.534212451511,4988
2019-03-21T12:00:00Z,GAS,COMBINED CYCLE,1208.911932565901,1748
2019-03-21T12:00:00Z,GAS,SIMPLE CYCLE,452.3553449808227,921
2019-03-21T12:00:00Z,HYDRO,HYDRO,123.66192275047302,894
2019-03-21T12:00:00Z,OTHER,BIOMASS,104.19153987937503,154
2019-03-21T12:00:00Z,OTHER,GAS COGEN,44.5490225203832,58
2019-03-21T12:00:00Z,OTHER,OIL/GAS,47.37430381774902,53
2019-03-21T12:00:00Z,OTHER,WOOD/REFUSE,90.55828142537011,158
2019-03-21T12:00:00Z,SOLAR,SOLAR,0,15
2019-03-21T12:00:00Z,WIND,WIND,73.55525937526177,1445
2019-03-21T13:00:00Z,COAL,COAL,3551.0571901512144,5568
2019-03-21T13:00:00Z,DUAL FUEL,DUAL FUEL,129.01069773779977,155
2019-03-21T13:00:00Z,GAS,COGENERATION,3686.3002709379793,4988
2019-03-21T13:00:00Z,GAS,COMBINED CYCLE,1342.3008226630423,1748
2019-03-21T13:00:00Z,GAS,SIMPLE CYCLE,567.8310559185346,921
2019-03-21T13:00:00Z,HYDRO,HYDRO,147.1697841465142,894
2019-03-21T13:00:00Z,OTHER,BIOMASS,104.93811724397871,154
2019-03-21T13:00:00Z,OTHER,GAS COGEN,44.737035074763824,58
2019-03-21T13:00:00Z,OTHER,OIL/GAS,46.73039361106025,53
2019-03-21T13:00:00Z,OTHER,WOOD/REFUSE,92.47143068843417,158
2019-03-21T13:00:00Z,SOLAR,SOLAR,0.08949999466538429,15
2019-03-21T13:00:00Z,WIND,WIND,111.26192592640717,1445
2019-03-21T14:00:00Z,COAL,COAL,3644.8510969437493,5568
2019-03-21T14:00:00Z,DUAL FUEL,DUAL FUEL,130.3125738143921,155
2019-03-21T14:00:00Z,GAS,COGENERATION,3585.170232173337,4988
2019-03-21T14:00:00Z,GAS,COMBINED CYCLE,1382.4190807236566,1748
2019-03-21T14:00:00Z,GAS,SIMPLE CYCLE,582.3131965651446,921
2019-03-21T14:00:00Z,HYDRO,HYDRO,149.8561248143514,894
2019-03-21T14:00:00Z,OTHER,BIOMASS,106.81066222773657,154
2019-03-21T14:00:00Z,OTHER,GAS COGEN,44.834215671221415,58
2019-03-21T14:00:00Z,OTHER,OIL/GAS,46.964676763746475,53
2019-03-21T14:00:00Z,OTHER,WOOD/REFUSE,93.10342954582639,158
2019-03-21T14:00:00Z,SOLAR,SOLAR,2.3988332691788674,15
2019-03-21T14:00:00Z,WIND,WIND,96.85029946183164,1445
2019-03-21T15:00:00Z,COAL,COAL,3517.6471068912083,5568
2019-03-21T15:00:00Z,DUAL FUEL,DUAL FUEL,129.6291638607449,155
2019-03-21T15:00:00Z,GAS,COGENERATION,3565.9757371822993,4988
2019-03-21T15:00:00Z,GAS,COMBINED CYCLE,1382.525198624399,1748
2019-03-21T15:00:00Z,GAS,SIMPLE CYCLE,598.9674361328615,921
2019-03-21T15:00:00Z,HYDRO,HYDRO,138.93205368058548,894
2019-03-21T15:00:00Z,OTHER,BIOMASS,106.45996766249338,154
2019-03-21T15:00:00Z,OTHER,GAS COGEN,44.91847216500176,58
2019-03-21T15:00:00Z,OTHER,OIL/GAS,47.18876027848985,53
2019-03-21T15:00:00Z,OTHER,WOOD/REFUSE,93.45820348580678,158
2019-03-21T15:00:00Z,SOLAR,SOLAR,6.3766665161980525,15
2019-03-21T15:00:00Z,WIND,WIND,86.10595455095172,1445
2019-03-21T16:00:00Z,COAL,COAL,3399.175193926493,5568
2019-03-21T16:00:00Z,DUAL FUEL,DUAL FUEL,129.4550336964925,155
2019-03-21T16:00:00Z,GAS,COGENERATION,3572.2306724717882,4988
2019-03-21T16:00:00Z,GAS,COMBINED CYCLE,1337.469419983758,1748
2019-03-21T16:00:00Z,GAS,SIMPLE CYCLE,598.780035288516,921
2019-03-21T16:00:00Z,HYDRO,HYDRO,131.46446623047194,894
2019-03-21T16:00:00Z,OTHER,BIOMASS,106.17435672283173,154
2019-03-21T16:00:00Z,OTHER,GAS COGEN,45.04784507963392,58
2019-03-21T16:00:00Z,OTHER,OIL/GAS,47.46852166281806,53
2019-03-21T16:00:00Z,OTHER,WOOD/REFUSE,93.42424795574613,158
2019-03-21T16:00:00Z,SOLAR,SOLAR,9.532999783621896,15
2019-03-21T16:00:00Z,WIND,WIND,75.892625361747207,1445
2019-03-21T17:00:00Z,COAL,COAL,3394.5559412797293,5568
2019-03-21T17:00:00Z,DUAL FUEL,DUAL FUEL,130.02877528720433,155
2019-03-21T17:00:00Z,GAS,COGENERATION,3588.751867781149,4988
2019-03-21T17:00:00Z,GAS,COMBINED CYCLE,1322.9797304214371,1748
2019-03-21T17:00:00Z,GAS,SIMPLE CYCLE,574.9393951062692,921
2019-03-21T17:00:00Z,HYDRO,HYDRO,136.6575456879619,894
2019-03-21T17:00:00Z,OTHER,BIOMASS,105.68233954270681,154
2019-03-21T17:00:00Z,OTHER,GAS COGEN,44.66347719881269,58
2019-03-21T17:00:00Z,OTHER,OIL/GAS,47.53438687854343,53
2019-03-21T17:00:00Z,OTHER,WOOD/REFUSE,93.89715061240726,158
2019-03-21T17:00:00Z,SOLAR,SOLAR,10.823666443294949,15
2019-03-21T17:00:00Z,WIND,WIND,82.88351508550346,1445
2019-03-21T18:00:00Z,COAL,COAL,3551.685311313205,5568
2019-03-21T18:00:00Z,DUAL FUEL,DUAL FUEL,131.1859605577257,155
2019-03-21T18:00:00Z,GAS,COGENERATION,3546.218373483287,4988
2019-03-21T18:00:00Z,GAS,COMBINED CYCLE,1303.3451903147168,1748
2019-03-21T18:00:00Z,GAS,SIMPLE CYCLE,533.5410891630914,921
2019-03-21T18:00:00Z,HYDRO,HYDRO,124.17857847704656,894
2019-03-21T18:00:00Z,OTHER,BIOMASS,105.4375068807602,154
2019-03-21T18:00:00Z,OTHER,GAS COGEN,44.250137210422096,58
2019-03-21T18:00:00Z,OTHER,OIL/GAS,47.437953542073565,53
2019-03-21T18:00:00Z,OTHER,WOOD/REFUSE,92.74465417279137,158
2019-03-21T18:00:00Z,SOLAR,SOLAR,12.984666650030348,15
2019-03-21T18:00:00Z,WIND,WIND,96.64543144855234,1445
2019-03-21T19:00:00Z,COAL,COAL,3638.1295736991033,5568
2019-03-21T19:00:00Z,DUAL FUEL,DUAL FUEL,131.32383037990994,155
2019-03-21T19:00:00Z,GAS,COGENERATION,3489.050046478063,4988
2019-03-21T19:00:00Z,GAS,COMBINED CYCLE,1305.9188381025526,1748
2019-03-21T19:00:00Z,GAS,SIMPLE CYCLE,480.610751065289,921
2019-03-21T19:00:00Z,HYDRO,HYDRO,137.6750346653246,894
2019-03-21T19:00:00Z,OTHER,BIOMASS,107.46732349620925,154
2019-03-21T19:00:00Z,OTHER,GAS COGEN,44.13131183624267,58
2019-03-21T19:00:00Z,OTHER,OIL/GAS,47.10434796227349,53
2019-03-21T19:00:00Z,OTHER,WOOD/REFUSE,92.26664909574721,158
2019-03-21T19:00:00Z,SOLAR,SOLAR,13.740166416698033,15
2019-03-21T19:00:00Z,WIND,WIND,106.2170721634643,1445
2019-03-21T20:00:00Z,COAL,COAL,3820.3362517589994,5568
2019-03-21T20:00:00Z,DUAL FUEL,DUAL FUEL,131.29998408847385,155
2019-03-21T20:00:00Z,GAS,COGENERATION,3456.4521517219646,4988
2019-03-21T20:00:00Z,GAS,COMBINED CYCLE,1312.839524857733,1748
2019-03-21T20:00:00Z,GAS,SIMPLE CYCLE,561.3769422686596,921
2019-03-21T20:00:00Z,HYDRO,HYDRO,149.70030478755632,894
2019-03-21T20:00:00Z,OTHER,BIOMASS,101.74456765439776,154
2019-03-21T20:00:00Z,OTHER,GAS COGEN,44.06980877134535,58
2019-03-21T20:00:00Z,OTHER,OIL/GAS,47.22785816192627,53
2019-03-21T20:00:00Z,OTHER,WOOD/REFUSE,90.20697457207574,158
2019-03-21T20:00:00Z,SOLAR,SOLAR,13.99733307732476,15
2019-03-21T20:00:00Z,WIND,WIND,119.68967625617981,1445
2019-03-21T21:00:00Z,COAL,COAL,3809.578115009732,5568
2019-03-21T21:00:00Z,DUAL FUEL,DUAL FUEL,131.63030314127604,155
2019-03-21T21:00:00Z,GAS,COGENERATION,3446.6649016693236,4988
2019-03-21T21:00:00Z,GAS,COMBINED CYCLE,1316.5954132286709,1748
2019-03-21T21:00:00Z,GAS,SIMPLE CYCLE,607.8370855175621,921
2019-03-21T21:00:00Z,HYDRO,HYDRO,128.11548461922342,894
2019-03-21T21:00:00Z,OTHER,BIOMASS,100.7566010708279,154
2019-03-21T21:00:00Z,OTHER,GAS COGEN,44.064506685468885,58
2019-03-21T21:00:00Z,OTHER,OIL/GAS,47.33799791124132,53
2019-03-21T21:00:00Z,OTHER,WOOD/REFUSE,92.4078230465783,158
2019-03-21T21:00:00Z,SOLAR,SOLAR,12.48216647307078,15
2019-03-21T21:00:00Z,WIND,WIND,135.0035274437401,1445
2019-03-21T22:00:00Z,COAL,COAL,3736.348081665039,5568
2019-03-21T22:00:00Z,DUAL FUEL,DUAL FUEL,131.35374538845485,155
2019-03-21T22:00:00Z,GAS,COGENERATION,3449.0004676969847,4988
2019-03-21T22:00:00Z,GAS,COMBINED CYCLE,1306.4014862293668,1748
2019-03-21T22:00:00Z,GAS,SIMPLE CYCLE,622.3934945931866,921
2019-03-21T22:00:00Z,HYDRO,HYDRO,121.22564900889994,894
2019-03-21T22:00:00Z,OTHER,BIOMASS,104.36741220421261,154
2019-03-21T22:00:00Z,OTHER,GAS COGEN,43.94160140567356,58
2019-03-21T22:00:00Z,OTHER,OIL/GAS,47.121708941989475,53
2019-03-21T22:00:00Z,OTHER,WOOD/REFUSE,91.35661512586806,158
2019-03-21T22:00:00Z,SOLAR,SOLAR,10.010833158493044,15
2019-03-21T22:00:00Z,WIND,WIND,159.95155796653694,1445
2019-03-21T23:00:00Z,COAL,COAL,3701.388770972358,5568
2019-03-21T23:00:00Z,DUAL FUEL,DUAL FUEL,132.14190692477757,155
2019-03-21T23:00:00Z,GAS,COGENERATION,3458.597368795342,4988
2019-03-21T23:00:00Z,GAS,COMBINED CYCLE,1301.7915029594633,1748
2019-03-21T23:00:00Z,GAS,SIMPLE CYCLE,629.1481064687173,921
2019-03-21T23:00:00Z,HYDRO,HYDRO,123.35306301116943,894
2019-03-21T23:00:00Z,OTHER,BIOMASS,102.19280137697857,154
2019-03-21T23:00:00Z,OTHER,GAS COGEN,44.00570477273729,58
2019-03-21T23:00:00Z,OTHER,OIL/GAS,47.084753875732424,53
2019-03-21T23:00:00Z,OTHER,WOOD/REFUSE,91.03507073826259,158
2019-03-21T23:00:00Z,SOLAR,SOLAR,6.652444273630778,15
2019-03-21T23:00:00Z,WIND,WIND,167.85982338370547,1445
2019-03-22T00:00:00Z,COAL,COAL,3664.4221970113117,5568
2019-03-22T00:00:00Z,DUAL FUEL,DUAL FUEL,132.30364985995823,155
2019-03-22T00:00:00Z,GAS,COGENERATION,3462.5450813578236,4988
2019-03-22T00:00:00Z,GAS,COMBINED CYCLE,1255.3852782551448,1748
2019-03-22T00:00:00Z,GAS,SIMPLE CYCLE,502.2617596850462,921
2019-03-22T00:00:00Z,HYDRO,HYDRO,139.8310672015614,894
2019-03-22T00:00:00Z,OTHER,BIOMASS,101.62494556797876,154
2019-03-22T00:00:00Z,OTHER,GAS COGEN,44.397652327219646,58
2019-03-22T00:00:00Z,OTHER,OIL/GAS,47.42495479159885,53
2019-03-22T00:00:00Z,OTHER,WOOD/REFUSE,91.47978040324317,158
2019-03-22T00:00:00Z,SOLAR,SOLAR,2.670999966959158,15
2019-03-22T00:00:00Z,WIND,WIND,228.83794516623018,1445
2019-03-22T01:00:00Z,COAL,COAL,3424.7702697160507,5568
2019-03-22T01:00:00Z,DUAL FUEL,DUAL FUEL,132.56464195251465,155
2019-03-22T01:00:00Z,GAS,COGENERATION,3493.1869541217884,4988
2019-03-22T01:00:00Z,GAS,COMBINED CYCLE,1284.2269445615345,1748
2019-03-22T01:00:00Z,GAS,SIMPLE CYCLE,540.3821009327306,921
2019-03-22T01:00:00Z,HYDRO,HYDRO,164.38605230460564,894
2019-03-22T01:00:00Z,OTHER,BIOMASS,113.083790318701,154
2019-03-22T01:00:00Z,OTHER,GAS COGEN,44.994799942970275,58
2019-03-22T01:00:00Z,OTHER,OIL/GAS,47.27822074254354,53
2019-03-22T01:00:00Z,OTHER,WOOD/REFUSE,91.98087529818217,158
2019-03-22T01:00:00Z,SOLAR,SOLAR,0.17900000148349338,15
2019-03-22T01:00:00Z,WIND,WIND,307.4748773744702,1445
2019-03-22T02:00:00Z,COAL,COAL,3477.2331869676377,5568
2019-03-22T02:00:00Z,DUAL FUEL,DUAL FUEL,131.9078241051568,155
2019-03-22T02:00:00Z,GAS,COGENERATION,3568.7332143688864,4988
2019-03-22T02:00:00Z,GAS,COMBINED CYCLE,1291.2506830146579,1748
2019-03-22T02:00:00Z,GAS,SIMPLE CYCLE,532.0653104395336,921
2019-03-22T02:00:00Z,HYDRO,HYDRO,140.69567189097404,894
2019-03-22T02:00:00Z,OTHER,BIOMASS,109.13351809236738,154
2019-03-22T02:00:00Z,OTHER,GAS COGEN,45.330983842213946,58
2019-03-22T02:00:00Z,OTHER,OIL/GAS,47.06443768395318,53
2019-03-22T02:00:00Z,OTHER,WOOD/REFUSE,92.06638234880235,158
2019-03-22T02:00:00Z,SOLAR,SOLAR,0,15
2019-03-22T02:00:00Z,WIND,WIND,436.83174142584204,1445
2019-03-22T03:00:00Z,COAL,COAL,3356.6009889348347,5568
2019-03-22T03:00:00Z,DUAL FUEL,DUAL FUEL,103.60311437394884,155
2019-03-22T03:00:00Z,GAS,COGENERATION,3631.2257691229715,4988
2019-03-22T03:00:00Z,GAS,COMBINED CYCLE,1268.9554570791456,1748
2019-03-22T03:00:00Z,GAS,SIMPLE CYCLE,530.2511457947559,921
2019-03-22T03:00:00Z,HYDRO,HYDRO,118.34601893676653,894
2019-03-22T03:00:00Z,OTHER,BIOMASS,109.56758932484522,154
2019-03-22T03:00:00Z,OTHER,GAS COGEN,45.37160403357612,58
2019-03-22T03:00:00Z,OTHER,OIL/GAS,47.3269647916158,53
2019-03-22T03:00:00Z,OTHER,WOOD/REFUSE,92.69792705747817,158
2019-03-22T03:00:00Z,SOLAR,SOLAR,0,15
2019-03-22T03:00:00Z,WIND,WIND,538.3511693004436,1445
2019-03-22T04:00:00Z,COAL,COAL,3292.1440572595598,5568
2019-03-22T04:00:00Z,DUAL FUEL,DUAL FUEL,43.40125582800971,155
2019-03-22T04:00:00Z,GAS,COGENERATION,3649.501704750061,4988
2019-03-22T04:00:00Z,GAS,COMBINED CYCLE,1302.642887445026,1748
2019-03-22T04:00:00Z,GAS,SIMPLE CYCLE,353.71301008558936,921
2019-03-22T04:00:00Z,HYDRO,HYDRO,130.80011616792945,894
2019-03-22T04:00:00Z,OTHER,BIOMASS,105.02848389466604,154
2019-03-22T04:00:00Z,OTHER,GAS COGEN,45.45534928003947,58
2019-03-22T04:00:00Z,OTHER,OIL/GAS,47.4401771651374,53
2019-03-22T04:00:00Z,OTHER,WOOD/REFUSE,92.1032350370619,158
2019-03-22T04:00:00Z,SOLAR,SOLAR,0,15
2019-03-22T04:00:00Z,WIND,WIND,511.9622368749314,1445
2019-03-22T05:00:00Z,COAL,COAL,3264.2642778666814,5568
2019-03-22T05:00:00Z,DUAL FUEL,DUAL FUEL,42.239404847886824,155
2019-03-22T05:00:00Z,GAS,COGENERATION,3637.96371423218,4988
2019-03-22T05:00:00Z,GAS,COMBINED CYCLE,1182.5389120123123,1748
2019-03-22T05:00:00Z,GAS,SIMPLE CYCLE,311.5545116289788,921
2019-03-22T05:00:00Z,HYDRO,HYDRO,97.69321125984192,894
2019-03-22T05:00:00Z,OTHER,BIOMASS,102.67235102229648,154
2019-03-22T05:00:00Z,OTHER,GAS COGEN,45.609559817843966,58
2019-03-22T05:00:00Z,OTHER,OIL/GAS,47.24024442884657,53
2019-03-22T05:00:00Z,OTHER,WOOD/REFUSE,92.6613645611869,158
2019-03-22T05:00:00Z,SOLAR,SOLAR,0,15
2019-03-22T05:00:00Z,WIND,WIND,487.8932688596886,1445
2019-03-22T06:00:00Z,COAL,COAL,3270.053442852497,5568
2019-03-22T06:00:00Z,DUAL FUEL,DUAL FUEL,46.97241991466946,155
2019-03-22T06:00:00Z,GAS,COGENERATION,3629.2898642302885,4988
2019-03-22T06:00:00Z,GAS,COMBINED CYCLE,999.3527031773991,1748
2019-03-22T06:00:00Z,GAS,SIMPLE CYCLE,225.1049913632042,921
2019-03-22T06:00:00Z,HYDRO,HYDRO,96.79638414240546,894
2019-03-22T06:00:00Z,OTHER,BIOMASS,103.8843847295973,154
2019-03-22T06:00:00Z,OTHER,GAS COGEN,45.732574467129176,58
2019-03-22T06:00:00Z,OTHER,OIL/GAS,47.62739432228936,53
2019-03-22T06:00:00Z,OTHER,WOOD/REFUSE,90.06679681195153,158
2019-03-22T06:00:00Z,SOLAR,SOLAR,0,15
2019-03-22T06:00:00Z,WIND,WIND,551.5354582961814,1445
2019-03-22T07:00:00Z,COAL,COAL,3176.7426767349243,5568
2019-03-22T07:00:00Z,DUAL FUEL,DUAL FUEL,42.238648359510634,155
2019-03-22T07:00:00Z,GAS,COGENERATION,3675.127306686905,4988
2019-03-22T07:00:00Z,GAS,COMBINED CYCLE,977.6226325853665,1748
2019-03-22T07:00:00Z,GAS,SIMPLE CYCLE,196.36962472226884,921
2019-03-22T07:00:00Z,HYDRO,HYDRO,82.83799653320676,894
2019-03-22T07:00:00Z,OTHER,BIOMASS,104.33713969601526,154
2019-03-22T07:00:00Z,OTHER,GAS COGEN,45.65198021358914,58
2019-03-22T07:00:00Z,OTHER,OIL/GAS,47.2837542131212,53
2019-03-22T07:00:00Z,OTHER,WOOD/REFUSE,91.04003182676104,158
2019-03-22T07:00:00Z,SOLAR,SOLAR,0,15
2019-03-22T07:00:00Z,WIND,WIND,536.6193310169089,1445
2019-03-22T08:00:00Z,COAL,COAL,3240.5863276375667,5568
2019-03-22T08:00:00Z,DUAL FUEL,DUAL FUEL,42.480287556118434,155
2019-03-22T08:00:00Z,GAS,COGENERATION,3715.954361645778,4988
2019-03-22T08:00:00Z,GAS,COMBINED CYCLE,931.0402655601501,1748
2019-03-22T08:00:00Z,GAS,SIMPLE CYCLE,197.06581820395257,921
2019-03-22T08:00:00Z,HYDRO,HYDRO,68.31409250193173,894
2019-03-22T08:00:00Z,OTHER,BIOMASS,103.91586839569939,154
2019-03-22T08:00:00Z,OTHER,GAS COGEN,45.79312820646498,58
2019-03-22T08:00:00Z,OTHER,OIL/GAS,47.22999954223633,53
2019-03-22T08:00:00Z,OTHER,WOOD/REFUSE,91.2101608133316,158
2019-03-22T08:00:00Z,SOLAR,SOLAR,0,15
2019-03-22T08:00:00Z,WIND,WIND,515.3632824880877,1445
2019-03-22T09:00:00Z,COAL,COAL,3182.133167936537,5568
2019-03-22T09:00:00Z,DUAL FUEL,DUAL FUEL,41.67022907892863,155
2019-03-22T09:00:00Z,GAS,COGENERATION,3728.236853250596,4988
2019-03-22T09:00:00Z,GAS,COMBINED CYCLE,921.3610035231378,1748
2019-03-22T09:00:00Z,GAS,SIMPLE CYCLE,196.06560261302525,921
2019-03-22T09:00:00Z,HYDRO,HYDRO,73.67699142197768,894
2019-03-22T09:00:00Z,OTHER,BIOMASS,103.70718517250485,154
2019-03-22T09:00:00Z,OTHER,GAS COGEN,45.36376276016235,58
2019-03-22T09:00:00Z,OTHER,OIL/GAS,47.50194467332628,53
2019-03-22T09:00:00Z,OTHER,WOOD/REFUSE,92.0266505797704,158
2019-03-22T09:00:00Z,SOLAR,SOLAR,0,15
2019-03-22T09:00:00Z,WIND,WIND,554.3134323868901,1445
2019-03-22T10:00:00Z,COAL,COAL,3191.6276169988846,5568
2019-03-22T10:00:00Z,DUAL FUEL,DUAL FUEL,41.25589866850111,155
2019-03-22T10:00:00Z,GAS,COGENERATION,3750.8075286049975,4988
2019-03-22T10:00:00Z,GAS,COMBINED CYCLE,937.6684449701839,1748
2019-03-22T10:00:00Z,GAS,SIMPLE CYCLE,198.7700333757864,921
2019-03-22T10:00:00Z,HYDRO,HYDRO,92.88483925244874,894
2019-03-22T10:00:00Z,OTHER,BIOMASS,105.62573941283756,154
2019-03-22T10:00:00Z,OTHER,GAS COGEN,44.22975439707438,58
2019-03-22T10:00:00Z,OTHER,OIL/GAS,47.32713300069173,53
2019-03-22T10:00:00Z,OTHER,WOOD/REFUSE,91.34582423263126,158
2019-03-22T10:00:00Z,SOLAR,SOLAR,0,15
2019-03-22T10:00:00Z,WIND,WIND,526.4785356517467,1445
2019-03-22T11:00:00Z,COAL,COAL,3433.2466145239937,5568
2019-03-22T11:00:00Z,DUAL FUEL,DUAL FUEL,40.68536126030816,155
2019-03-22T11:00:00Z,GAS,COGENERATION,3741.0954477635687,4988
2019-03-22T11:00:00Z,GAS,COMBINED CYCLE,1009.7818752145766,1748
2019-03-22T11:00:00Z,GAS,SIMPLE CYCLE,199.04267661720513,921
2019-03-22T11:00:00Z,HYDRO,HYDRO,115.97675415659944,894
2019-03-22T11:00:00Z,OTHER,BIOMASS,104.41439458158281,154
2019-03-22T11:00:00Z,OTHER,GAS COGEN,45.26480144871606,58
2019-03-22T11:00:00Z,OTHER,OIL/GAS,47.156575249565975,53
2019-03-22T11:00:00Z,OTHER,WOOD/REFUSE,91.59044453779856,158
2019-03-22T11:00:00Z,SOLAR,SOLAR,0,15
2019-03-22T11:00:00Z,WIND,WIND,429.3649467081742,1445
2019-03-22T12:00:00Z,COAL,COAL,3636.02188027064,5568
2019-03-22T12:00:00Z,DUAL FUEL,DUAL FUEL,43.37096854739719,155
2019-03-22T12:00:00Z,GAS,COGENERATION,3747.5797696715595,4988
2019-03-22T12:00:00Z,GAS,COMBINED CYCLE,1045.5416852866279,1748
2019-03-22T12:00:00Z,GAS,SIMPLE CYCLE,285.9107728474008,921
2019-03-22T12:00:00Z,HYDRO,HYDRO,107.41246180713176,894
2019-03-22T12:00:00Z,OTHER,BIOMASS,106.55205048296187,154
2019-03-22T12:00:00Z,OTHER,GAS COGEN,45.09872716797722,58
2019-03-22T12:00:00Z,OTHER,OIL/GAS,47.37618743896484,53
2019-03-22T12:00:00Z,OTHER,WOOD/REFUSE,90.36361012723711,158
2019-03-22T12:00:00Z,SOLAR,SOLAR,0,15
2019-03-22T12:00:00Z,WIND,WIND,413.5446902612514,1445
2019-03-22T13:00:00Z,COAL,COAL,3731.7710885726083,5568
2019-03-22T13:00:00Z,DUAL FUEL,DUAL FUEL,43.19292891396417,155
2019-03-22T13:00:00Z,GAS,COGENERATION,3765.583053156866,4988
2019-03-22T13:00:00Z,GAS,COMBINED CYCLE,1175.5522902329762,1748
2019-03-22T13:00:00Z,GAS,SIMPLE CYCLE,370.66095734381014,921
2019-03-22T13:00:00Z,HYDRO,HYDRO,150.4055625912216,894
2019-03-22T13:00:00Z,OTHER,BIOMASS,105.72486175855,154
2019-03-22T13:00:00Z,OTHER,GAS COGEN,45.19795814885034,58
2019-03-22T13:00:00Z,OTHER,OIL/GAS,47.260720539093015,53
2019-03-22T13:00:00Z,OTHER,WOOD/REFUSE,91.12153517405191,158
2019-03-22T13:00:00Z,SOLAR,SOLAR,0.09533332765102388,15
2019-03-22T13:00:00Z,WIND,WIND,388.6838522200949,1445
2019-03-22T14:00:00Z,COAL,COAL,3698.2605078019037,5568
2019-03-22T14:00:00Z,DUAL FUEL,DUAL FUEL,109.56598338868884,155
2019-03-22T14:00:00Z,GAS,COGENERATION,3765.3029079312087,4988
2019-03-22T14:00:00Z,GAS,COMBINED CYCLE,1280.1540986924701,1748
2019-03-22T14:00:00Z,GAS,SIMPLE CYCLE,372.61123764514923,921
2019-03-22T14:00:00Z,HYDRO,HYDRO,130.3416846849521,894
2019-03-22T14:00:00Z,OTHER,BIOMASS,106.2103562090132,154
2019-03-22T14:00:00Z,OTHER,GAS COGEN,45.2899630467097,58
2019-03-22T14:00:00Z,OTHER,OIL/GAS,47.04877734714084,53
2019-03-22T14:00:00Z,OTHER,WOOD/REFUSE,90.93647516727448,158
2019-03-22T14:00:00Z,SOLAR,SOLAR,2.251499941216575,15
2019-03-22T14:00:00Z,WIND,WIND,361.7339001374278,1445
2019-03-22T15:00:00Z,COAL,COAL,3808.456730020311,5568
2019-03-22T15:00:00Z,DUAL FUEL,DUAL FUEL,131.51712515089247,155
2019-03-22T15:00:00Z,GAS,COGENERATION,3693.970621271597,4988
2019-03-22T15:00:00Z,GAS,COMBINED CYCLE,1279.9122815476524,1748
2019-03-22T15:00:00Z,GAS,SIMPLE CYCLE,417.4521625365151,921
2019-03-22T15:00:00Z,HYDRO,HYDRO,145.40366082708042,894
2019-03-22T15:00:00Z,OTHER,BIOMASS,116.24285634040832,154
2019-03-22T15:00:00Z,OTHER,GAS COGEN,45.35081738736895,58
2019-03-22T15:00:00Z,OTHER,OIL/GAS,46.834648888905846,53
2019-03-22T15:00:00Z,OTHER,WOOD/REFUSE,82.30991791089376,158
2019-03-22T15:00:00Z,SOLAR,SOLAR,6.294333179791768,15
2019-03-22T15:00:00Z,WIND,WIND,266.9665444164889,1445
2019-03-22T16:00:00Z,COAL,COAL,3811.6463505596585,5568
2019-03-22T16:00:00Z,DUAL FUEL,DUAL FUEL,129.97665980445015,155
2019-03-22T16:00:00Z,GAS,COGENERATION,3651.22540356742,4988
2019-03-22T16:00:00Z,GAS,COMBINED CYCLE,1394.4698476780786,1748
2019-03-22T16:00:00Z,GAS,SIMPLE CYCLE,452.1298445868492,921
2019-03-22T16:00:00Z,HYDRO,HYDRO,125.5613568774859,894
2019-03-22T16:00:00Z,OTHER,BIOMASS,125.31613954755996,154
2019-03-22T16:00:00Z,OTHER,GAS COGEN,45.2000823518965,58
2019-03-22T16:00:00Z,OTHER,OIL/GAS,47.13773152669271,53
2019-03-22T16:00:00Z,OTHER,WOOD/REFUSE,78.81861717965867,158
2019-03-22T16:00:00Z,SOLAR,SOLAR,9.965999805132547,15
2019-03-22T16:00:00Z,WIND,WIND,162.12566704341106,1445
2019-03-22T17:00:00Z,COAL,COAL,3738.870192103916,5568
2019-03-22T17:00:00Z,DUAL FUEL,DUAL FUEL,129.45909100426567,155
2019-03-22T17:00:00Z,GAS,COGENERATION,3617.423448247181,4988
2019-03-22T17:00:00Z,GAS,COMBINED CYCLE,1400.478805668089,1748
2019-03-22T17:00:00Z,GAS,SIMPLE CYCLE,536.77097971042,921
2019-03-22T17:00:00Z,HYDRO,HYDRO,146.88987830178604,894
2019-03-22T17:00:00Z,OTHER,BIOMASS,122.83250073962742,154
2019-03-22T17:00:00Z,OTHER,GAS COGEN,44.86966883818309,58
2019-03-22T17:00:00Z,OTHER,OIL/GAS,47.121822424994576,53
2019-03-22T17:00:00Z,OTHER,WOOD/REFUSE,80.76945917924246,158
2019-03-22T17:00:00Z,SOLAR,SOLAR,12.521666458447774,15
2019-03-22T17:00:00Z,WIND,WIND,123.60937569296195,1445
2019-03-22T18:00:00Z,COAL,COAL,3769.346008834839,5568
2019-03-22T18:00:00Z,DUAL FUEL,DUAL FUEL,129.7463320795695,155
2019-03-22T18:00:00Z,GAS,COGENERATION,3574.3858156074416,4988
2019-03-22T18:00:00Z,GAS,COMBINED CYCLE,1326.461912399398,1748
2019-03-22T18:00:00Z,GAS,SIMPLE CYCLE,546.4195371458266,921
2019-03-22T18:00:00Z,HYDRO,HYDRO,152.27495658222173,894
2019-03-22T18:00:00Z,OTHER,BIOMASS,120.48861712932587,154
2019-03-22T18:00:00Z,OTHER,GAS COGEN,44.6300733311971,58
2019-03-22T18:00:00Z,OTHER,OIL/GAS,47.16515869140625,53
2019-03-22T18:00:00Z,OTHER,WOOD/REFUSE,81.12131942484113,158
2019-03-22T18:00:00Z,SOLAR,SOLAR,13.849666515986124,15
2019-03-22T18:00:00Z,WIND,WIND,85.3698183918496,1445
2019-03-22T19:00:00Z,COAL,COAL,3847.6267710325455,5568
2019-03-22T19:00:00Z,DUAL FUEL,DUAL FUEL,130.47431039598254,155
2019-03-22T19:00:00Z,GAS,COGENERATION,3540.370872505241,4988
2019-03-22T19:00:00Z,GAS,COMBINED CYCLE,1305.2248831415177,1748
2019-03-22T19:00:00Z,GAS,SIMPLE CYCLE,523.5320678348012,921
2019-03-22T19:00:00Z,HYDRO,HYDRO,146.18536917769245,894
2019-03-22T19:00:00Z,OTHER,BIOMASS,117.51436734252506,154
2019-03-22T19:00:00Z,OTHER,GAS COGEN,44.51823415173425,58
2019-03-22T19:00:00Z,OTHER,OIL/GAS,47.29131118774414,53
2019-03-22T19:00:00Z,OTHER,WOOD/REFUSE,90.15188203281826,158
2019-03-22T19:00:00Z,SOLAR,SOLAR,14.234999513626098,15
2019-03-22T19:00:00Z,WIND,WIND,85.24230015872253,1445
2019-03-22T20:00:00Z,COAL,COAL,3772.94191813151,5568
2019-03-22T20:00:00Z,DUAL FUEL,DUAL FUEL,129.58152372148302,155
2019-03-22T20:00:00Z,GAS,COGENERATION,3539.40487966511,4988
2019-03-22T20:00:00Z,GAS,COMBINED CYCLE,1335.3062240865495,1748
2019-03-22T20:00:00Z,GAS,SIMPLE CYCLE,537.4149474853111,921
2019-03-22T20:00:00Z,HYDRO,HYDRO,159.84467350900172,894
2019-03-22T20:00:00Z,OTHER,BIOMASS,106.67148353417714,154
2019-03-22T20:00:00Z,OTHER,GAS COGEN,44.430672840542265,58
2019-03-22T20:00:00Z,OTHER,OIL/GAS,46.99641522301568,53
2019-03-22T20:00:00Z,OTHER,WOOD/REFUSE,89.64866936047872,158
2019-03-22T20:00:00Z,SOLAR,SOLAR,13.500444038709004,15
2019-03-22T20:00:00Z,WIND,WIND,80.74810105563866,1445
2019-03-22T21:00:00Z,COAL,COAL,3782.5411107911004,5568
2019-03-22T21:00:00Z,DUAL FUEL,DUAL FUEL,130.74967679341634,155
2019-03-22T21:00:00Z,GAS,COGENERATION,3528.9202618709205,4988
2019-03-22T21:00:00Z,GAS,COMBINED CYCLE,1335.1933872127534,1748
2019-03-22T21:00:00Z,GAS,SIMPLE CYCLE,562.4705887828188,921
2019-03-22T21:00:00Z,HYDRO,HYDRO,130.9655503659778,894
2019-03-22T21:00:00Z,OTHER,BIOMASS,107.97325657049815,154
2019-03-22T21:00:00Z,OTHER,GAS COGEN,44.28551850848728,58
2019-03-22T21:00:00Z,OTHER,OIL/GAS,46.386165377298994,53
2019-03-22T21:00:00Z,OTHER,WOOD/REFUSE,89.47533806324006,158
2019-03-22T21:00:00Z,SOLAR,SOLAR,12.475666547351413,15
2019-03-22T21:00:00Z,WIND,WIND,88.90689043783479,1445
2019-03-22T22:00:00Z,COAL,COAL,3762.795383552975,5568
2019-03-22T22:00:00Z,DUAL FUEL,DUAL FUEL,131.13970592922635,155
2019-03-22T22:00:00Z,GAS,COGENERATION,3529.942040462494,4988
2019-03-22T22:00:00Z,GAS,COMBINED CYCLE,1336.3984131235545,1748
2019-03-22T22:00:00Z,GAS,SIMPLE CYCLE,540.9088234611352,921
2019-03-22T22:00:00Z,HYDRO,HYDRO,145.2852798147665,894
2019-03-22T22:00:00Z,OTHER,BIOMASS,110.18260050137837,154
2019-03-22T22:00:00Z,OTHER,GAS COGEN,44.07847708914015,58
2019-03-22T22:00:00Z,OTHER,OIL/GAS,45.3405499373542,53
2019-03-22T22:00:00Z,OTHER,WOOD/REFUSE,90.5710447798835,158
2019-03-22T22:00:00Z,SOLAR,SOLAR,10.062777536180285,15
2019-03-22T22:00:00Z,WIND,WIND,79.48786573790842,1445
2019-03-22T23:00:00Z,COAL,COAL,3764.081399180094,5568
2019-03-22T23:00:00Z,DUAL FUEL,DUAL FUEL,130.85946370018854,155
2019-03-22T23:00:00Z,GAS,COGENERATION,3563.850991683536,4988
2019-03-22T23:00:00Z,GAS,COMBINED CYCLE,1330.4902012618384,1748
2019-03-22T23:00:00Z,GAS,SIMPLE CYCLE,488.73030888511073,921
2019-03-22T23:00:00Z,HYDRO,HYDRO,163.61108377395408,894
2019-03-22T23:00:00Z,OTHER,BIOMASS,108.84975052091811,154
2019-03-22T23:00:00Z,OTHER,GAS COGEN,44.08084550380707,58
2019-03-22T23:00:00Z,OTHER,OIL/GAS,44.87658828311496,53
2019-03-22T23:00:00Z,OTHER,WOOD/REFUSE,90.8717727279663,158
2019-03-22T23:00:00Z,SOLAR,SOLAR,6.707777616977691,15
2019-03-22T23:00:00Z,WIND,WIND,61.19528919989864,1445
2019-03-23T00:00:00Z,COAL,COAL,3728.0405122099983,5568
2019-03-23T00:00:00Z,DUAL FUEL,DUAL FUEL,68.9705065896776,155
2019-03-23T00:00:00Z,GAS,COGENERATION,3578.9853833987977,4988
2019-03-23T00:00:00Z,GAS,COMBINED CYCLE,1319.0712915674844,1748
2019-03-23T00:00:00Z,GAS,SIMPLE CYCLE,482.37620382105314,921
2019-03-23T00:00:00Z,HYDRO,HYDRO,123.85010282695293,894
2019-03-23T00:00:00Z,OTHER,BIOMASS,108.5129673687617,154
2019-03-23T00:00:00Z,OTHER,GAS COGEN,43.54502602789137,58
2019-03-23T00:00:00Z,OTHER,OIL/GAS,44.975031473371715,53
2019-03-23T00:00:00Z,OTHER,WOOD/REFUSE,90.37533985773723,158
2019-03-23T00:00:00Z,SOLAR,SOLAR,2.6818332786692514,15
2019-03-23T00:00:00Z,WIND,WIND,61.79687201437023,1445
2019-03-23T01:00:00Z,COAL,COAL,3742.264403741625,5568
2019-03-23T01:00:00Z,DUAL FUEL,DUAL FUEL,41.357079902225074,155
2019-03-23T01:00:00Z,GAS,COGENERATION,3606.1328505449824,4988
2019-03-23T01:00:00Z,GAS,COMBINED CYCLE,1321.3440613275104,1748
2019-03-23T01:00:00Z,GAS,SIMPLE CYCLE,439.61054595660835,921
2019-03-23T01:00:00Z,HYDRO,HYDRO,124.21401248978245,894
2019-03-23T01:00:00Z,OTHER,BIOMASS,102.1417010544406,154
2019-03-23T01:00:00Z,OTHER,GAS COGEN,43.09156076007419,58
2019-03-23T01:00:00Z,OTHER,OIL/GAS,45.149394516415065,53
2019-03-23T01:00:00Z,OTHER,WOOD/REFUSE,90.77392456425561,158
2019-03-23T01:00:00Z,SOLAR,SOLAR,0.19494444355368615,15
2019-03-23T01:00:00Z,WIND,WIND,89.99254927565654,1445
2019-03-23T02:00:00Z,COAL,COAL,3779.3405795266895,5568
2019-03-23T02:00:00Z,DUAL FUEL,DUAL FUEL,41.41262485716078,155
2019-03-23T02:00:00Z,GAS,COGENERATION,3628.441873794463,4988
2019-03-23T02:00:00Z,GAS,COMBINED CYCLE,1348.293459101783,1748
2019-03-23T02:00:00Z,GAS,SIMPLE CYCLE,473.4965593817499,921
2019-03-23T02:00:00Z,HYDRO,HYDRO,154.0236564760738,894
2019-03-23T02:00:00Z,OTHER,BIOMASS,102.58996220906576,154
2019-03-23T02:00:00Z,OTHER,GAS COGEN,43.63386487113105,58
2019-03-23T02:00:00Z,OTHER,OIL/GAS,44.867810050116645,53
2019-03-23T02:00:00Z,OTHER,WOOD/REFUSE,90.4167586655087,158
2019-03-23T02:00:00Z,SOLAR,SOLAR,0,15
2019-03-23T02:00:00Z,WIND,WIND,137.59178829924926,1445
2019-03-23T03:00:00Z,COAL,COAL,3647.5517270978294,5568
2019-03-23T03:00:00Z,DUAL FUEL,DUAL FUEL,68.65021438810561,155
2019-03-23T03:00:00Z,GAS,COGENERATION,3646.213733213875,4988
2019-03-23T03:00:00Z,GAS,COMBINED CYCLE,1338.3101723575592,1748
2019-03-23T03:00:00Z,GAS,SIMPLE CYCLE,496.3791240232686,921
2019-03-23T03:00:00Z,HYDRO,HYDRO,147.2941102126572,894
2019-03-23T03:00:00Z,OTHER,BIOMASS,108.87557874282201,154
2019-03-23T03:00:00Z,OTHER,GAS COGEN,43.802195110321044,58
2019-03-23T03:00:00Z,OTHER,OIL/GAS,44.770583368937174,53
2019-03-23T03:00:00Z,OTHER,WOOD/REFUSE,90.29965735276541,158
2019-03-23T03:00:00Z,SOLAR,SOLAR,0,15
2019-03-23T03:00:00Z,WIND,WIND,132.4058813310663,1445
2019-03-23T04:00:00Z,COAL,COAL,3520.8517644812664,5568
2019-03-23T04:00:00Z,DUAL FUEL,DUAL FUEL,58.306590455373126,155
2019-03-23T04:00:00Z,GAS,COGENERATION,3659.42658681949,4988
2019-03-23T04:00:00Z,GAS,COMBINED CYCLE,1245.146698840459,1748
2019-03-23T04:00:00Z,GAS,SIMPLE CYCLE,482.57129891342584,921
2019-03-23T04:00:00Z,HYDRO,HYDRO,125.18444109757742,894
2019-03-23T04:00:00Z,OTHER,BIOMASS,109.07088948249817,154
2019-03-23T04:00:00Z,OTHER,GAS COGEN,43.29207411766052,58
2019-03-23T04:00:00Z,OTHER,OIL/GAS,44.77994908438789,53
2019-03-23T04:00:00Z,OTHER,WOOD/REFUSE,90.35762433899774,158
2019-03-23T04:00:00Z,SOLAR,SOLAR,0,15
2019-03-23T04:00:00Z,WIND,WIND,111.46177105312546,1445
2019-03-23T05:00:00Z,COAL,COAL,3445.759376110501,5568
2019-03-23T05:00:00Z,DUAL FUEL,DUAL FUEL,92.98536469777424,155
2019-03-23T05:00:00Z,GAS,COGENERATION,3666.301794547571,4988
2019-03-23T05:00:00Z,GAS,COMBINED CYCLE,1125.7475023760398,1748
2019-03-23T05:00:00Z,GAS,SIMPLE CYCLE,428.91913615597616,921
2019-03-23T05:00:00Z,HYDRO,HYDRO,107.3238866445091,894
2019-03-23T05:00:00Z,OTHER,BIOMASS,112.66916236930423,154
2019-03-23T05:00:00Z,OTHER,GAS COGEN,43.66126660452949,58
2019-03-23T05:00:00Z,OTHER,OIL/GAS,44.99600460900201,53
2019-03-23T05:00:00Z,OTHER,WOOD/REFUSE,90.35567023807101,158
2019-03-23T05:00:00Z,SOLAR,SOLAR,0,15
2019-03-23T05:00:00Z,WIND,WIND,94.7202635332942,1445
2019-03-23T06:00:00Z,COAL,COAL,3460.870029472775,5568
2019-03-23T06:00:00Z,DUAL FUEL,DUAL FUEL,59.653755026923285,155
2019-03-23T06:00:00Z,GAS,COGENERATION,3673.6510727753903,4988
2019-03-23T06:00:00Z,GAS,COMBINED CYCLE,936.2148342617353,1748
2019-03-23T06:00:00Z,GAS,SIMPLE CYCLE,392.49682775275573,921
2019-03-23T06:00:00Z,HYDRO,HYDRO,96.53803367846542,894
2019-03-23T06:00:00Z,OTHER,BIOMASS,106.12679531733195,154
2019-03-23T06:00:00Z,OTHER,GAS COGEN,32.57557753880818,58
2019-03-23T06:00:00Z,OTHER,OIL/GAS,44.84054367277357,53
2019-03-23T06:00:00Z,OTHER,WOOD/REFUSE,91.08803372012244,158
2019-03-23T06:00:00Z,SOLAR,SOLAR,0,15
2019-03-23T06:00:00Z,WIND,WIND,99.56555804510911,1445
2019-03-23T07:00:00Z,COAL,COAL,3528.313212805854,5568
2019-03-23T07:00:00Z,DUAL FUEL,DUAL FUEL,44.64469111972385,155
2019-03-23T07:00:00Z,GAS,COGENERATION,3683.4341407337783,4988
2019-03-23T07:00:00Z,GAS,COMBINED CYCLE,905.7790998413827,1748
2019-03-23T07:00:00Z,GAS,SIMPLE CYCLE,298.5852770116263,921
2019-03-23T07:00:00Z,HYDRO,HYDRO,89.34765455140008,894
2019-03-23T07:00:00Z,OTHER,BIOMASS,103.74663373152414,154
2019-03-23T07:00:00Z,OTHER,GAS COGEN,30.66548448191749,58
2019-03-23T07:00:00Z,OTHER,OIL/GAS,44.97313188129001,53
2019-03-23T07:00:00Z,OTHER,WOOD/REFUSE,90.91073229789734,158
2019-03-23T07:00:00Z,SOLAR,SOLAR,0,15
2019-03-23T07:00:00Z,WIND,WIND,153.89203137182528,1445
2019-03-23T08:00:00Z,COAL,COAL,3554.429464507633,5568
2019-03-23T08:00:00Z,DUAL FUEL,DUAL FUEL,46.05610862943861,155
2019-03-23T08:00:00Z,GAS,COGENERATION,3695.973829600745,4988
2019-03-23T08:00:00Z,GAS,COMBINED CYCLE,908.0363043814235,1748
2019-03-23T08:00:00Z,GAS,SIMPLE CYCLE,212.60557370815013,921
2019-03-23T08:00:00Z,HYDRO,HYDRO,90.39228488425414,894
2019-03-23T08:00:00Z,OTHER,BIOMASS,103.20808419598474,154
2019-03-23T08:00:00Z,OTHER,GAS COGEN,30.739012713962133,58
2019-03-23T08:00:00Z,OTHER,OIL/GAS,45.053537637922496,53
2019-03-23T08:00:00Z,OTHER,WOOD/REFUSE,90.8135372903612,158
2019-03-23T08:00:00Z,SOLAR,SOLAR,0,15
2019-03-23T08:00:00Z,WIND,WIND,308.7623092796902,1445
2019-03-23T09:00:00Z,COAL,COAL,3387.699500626458,5568
2019-03-23T09:00:00Z,DUAL FUEL,DUAL FUEL,41.49890563117133,155
2019-03-23T09:00:00Z,GAS,COGENERATION,3703.0376964744596,4988
2019-03-23T09:00:00Z,GAS,COMBINED CYCLE,910.4012646574445,1748
2019-03-23T09:00:00Z,GAS,SIMPLE CYCLE,199.20734251883295,921
2019-03-23T09:00:00Z,HYDRO,HYDRO,98.78407356818516,894
2019-03-23T09:00:00Z,OTHER,BIOMASS,101.82892307546403,154
2019-03-23T09:00:00Z,OTHER,GAS COGEN,30.542365158398944,58
2019-03-23T09:00:00Z,OTHER,OIL/GAS,44.445153948465986,53
2019-03-23T09:00:00Z,OTHER,WOOD/REFUSE,91.11106091976166,158
2019-03-23T09:00:00Z,SOLAR,SOLAR,0,15
2019-03-23T09:00:00Z,WIND,WIND,404.79273520451454,1445
2019-03-23T10:00:00Z,COAL,COAL,3495.206340196398,5568
2019-03-23T10:00:00Z,DUAL FUEL,DUAL FUEL,41.49671592076619,155
2019-03-23T10:00:00Z,GAS,COGENERATION,3646.9425342565114,4988
2019-03-23T10:00:00Z,GAS,COMBINED CYCLE,912.330859585868,1748
2019-03-23T10:00:00Z,GAS,SIMPLE CYCLE,199.62721146980923,921
2019-03-23T10:00:00Z,HYDRO,HYDRO,110.94805013438067,894
2019-03-23T10:00:00Z,OTHER,BIOMASS,102.61264497439066,154
2019-03-23T10:00:00Z,OTHER,GAS COGEN,30.64184487024943,58
2019-03-23T10:00:00Z,OTHER,OIL/GAS,44.78893177032471,53
2019-03-23T10:00:00Z,OTHER,WOOD/REFUSE,91.29003879282209,158
2019-03-23T10:00:00Z,SOLAR,SOLAR,0,15
2019-03-23T10:00:00Z,WIND,WIND,428.3190499475288,1445
2019-03-23T11:00:00Z,COAL,COAL,3545.9874798032974,5568
2019-03-23T11:00:00Z,DUAL FUEL,DUAL FUEL,41.61692385143704,155
2019-03-23T11:00:00Z,GAS,COGENERATION,3669.6921610853406,4988
2019-03-23T11:00:00Z,GAS,COMBINED CYCLE,885.6202627603213,1748
2019-03-23T11:00:00Z,GAS,SIMPLE CYCLE,196.38080374857617,921
2019-03-23T11:00:00Z,HYDRO,HYDRO,69.84986889292796,894
2019-03-23T11:00:00Z,OTHER,BIOMASS,104.94346737093396,154
2019-03-23T11:00:00Z,OTHER,GAS COGEN,30.83923901134067,58
2019-03-23T11:00:00Z,OTHER,OIL/GAS,44.79391001595391,53
2019-03-23T11:00:00Z,OTHER,WOOD/REFUSE,91.53548577732509,158
2019-03-23T11:00:00Z,SOLAR,SOLAR,0,15
2019-03-23T11:00:00Z,WIND,WIND,477.53604180172084,1445
2019-03-23T12:00:00Z,COAL,COAL,3536.0364938926696,5568
2019-03-23T12:00:00Z,DUAL FUEL,DUAL FUEL,53.18026483111911,155
2019-03-23T12:00:00Z,GAS,COGENERATION,3708.4525530889628,4988
2019-03-23T12:00:00Z,GAS,COMBINED CYCLE,939.7110502645704,1748
2019-03-23T12:00:00Z,GAS,SIMPLE CYCLE,255.13642092982928,921
2019-03-23T12:00:00Z,HYDRO,HYDRO,115.34338640027575,894
2019-03-23T12:00:00Z,OTHER,BIOMASS,105.05588976542155,154
2019-03-23T12:00:00Z,OTHER,GAS COGEN,30.632557244830664,58
2019-03-23T12:00:00Z,OTHER,OIL/GAS,44.50068156560262,53
2019-03-23T12:00:00Z,OTHER,WOOD/REFUSE,86.38559128125507,158
2019-03-23T12:00:00Z,SOLAR,SOLAR,0,15
2019-03-23T12:00:00Z,WIND,WIND,488.65298424998923,1445
2019-03-23T13:00:00Z,COAL,COAL,3461.164352522956,5568
2019-03-23T13:00:00Z,DUAL FUEL,DUAL FUEL,41.13470040215386,155
2019-03-23T13:00:00Z,GAS,COGENERATION,3719.4925206715197,4988
2019-03-23T13:00:00Z,GAS,COMBINED CYCLE,1075.9949604765575,1748
2019-03-23T13:00:00Z,GAS,SIMPLE CYCLE,299.4048265411456,921
2019-03-23T13:00:00Z,HYDRO,HYDRO,130.0365557551384,894
2019-03-23T13:00:00Z,OTHER,BIOMASS,105.14177342096964,154
2019-03-23T13:00:00Z,OTHER,GAS COGEN,30.56176106876797,58
2019-03-23T13:00:00Z,OTHER,OIL/GAS,44.747487970987954,53
2019-03-23T13:00:00Z,OTHER,WOOD/REFUSE,86.1869122478697,158
2019-03-23T13:00:00Z,SOLAR,SOLAR,0.13949999241365327,15
2019-03-23T13:00:00Z,WIND,WIND,513.7750986023578,1445
2019-03-23T14:00:00Z,COAL,COAL,3526.361505769094,5568
2019-03-23T14:00:00Z,DUAL FUEL,DUAL FUEL,47.930295109219024,155
2019-03-23T14:00:00Z,GAS,COGENERATION,3726.717514020668,4988
2019-03-23T14:00:00Z,GAS,COMBINED CYCLE,1132.5396984373199,1748
2019-03-23T14:00:00Z,GAS,SIMPLE CYCLE,333.0969252379073,921
2019-03-23T14:00:00Z,HYDRO,HYDRO,152.75449573463862,894
2019-03-23T14:00:00Z,OTHER,BIOMASS,90.79328936894734,154
2019-03-23T14:00:00Z,OTHER,GAS COGEN,30.542700414657592,58
2019-03-23T14:00:00Z,OTHER,OIL/GAS,44.63358741336398,53
2019-03-23T14:00:00Z,OTHER,WOOD/REFUSE,85.9111184840732,158
2019-03-23T14:00:00Z,SOLAR,SOLAR,2.244499966899554,15
2019-03-23T14:00:00Z,WIND,WIND,503.5511369323234,1445
2019-03-23T15:00:00Z,COAL,COAL,3624.4520823139615,5568
2019-03-23T15:00:00Z,DUAL FUEL,DUAL FUEL,61.77691373401218,155
2019-03-23T15:00:00Z,GAS,COGENERATION,3726.982121804953,4988
2019-03-23T15:00:00Z,GAS,COMBINED CYCLE,1200.9687091848587,1748
2019-03-23T15:00:00Z,GAS,SIMPLE CYCLE,388.62423313405776,921
2019-03-23T15:00:00Z,HYDRO,HYDRO,162.90999589562415,894
2019-03-23T15:00:00Z,OTHER,BIOMASS,79.12934430228339,154
2019-03-23T15:00:00Z,OTHER,GAS COGEN,30.502826309204103,58
2019-03-23T15:00:00Z,OTHER,OIL/GAS,44.30581050660875,53
2019-03-23T15:00:00Z,OTHER,WOOD/REFUSE,87.08363989088271,158
2019-03-23T15:00:00Z,SOLAR,SOLAR,5.6401110238499115,15
2019-03-23T15:00:00Z,WIND,WIND,429.64026439064907,1445
2019-03-23T16:00:00Z,COAL,COAL,3701.8894132698906,5568
2019-03-23T16:00:00Z,DUAL FUEL,DUAL FUEL,61.4489779747857,155
2019-03-23T16:00:00Z,GAS,COGENERATION,3718.937674696379,4988
2019-03-23T16:00:00Z,GAS,COMBINED CYCLE,1211.6338995424908,1748
2019-03-23T16:00:00Z,GAS,SIMPLE CYCLE,471.98960566883284,921
2019-03-23T16:00:00Z,HYDRO,HYDRO,133.49904595626725,894
2019-03-23T16:00:00Z,OTHER,BIOMASS,81.14547741466099,154
2019-03-23T16:00:00Z,OTHER,GAS COGEN,30.21643660704295,58
2019-03-23T16:00:00Z,OTHER,OIL/GAS,44.04809301800198,53
2019-03-23T16:00:00Z,OTHER,WOOD/REFUSE,86.08356381840176,158
2019-03-23T16:00:00Z,SOLAR,SOLAR,9.148499802748365,15
2019-03-23T16:00:00Z,WIND,WIND,328.9472335788111,1445
2019-03-23T17:00:00Z,COAL,COAL,3572.652525338067,5568
2019-03-23T17:00:00Z,DUAL FUEL,DUAL FUEL,80.33568392647638,155
2019-03-23T17:00:00Z,GAS,COGENERATION,3714.5501739287374,4988
2019-03-23T17:00:00Z,GAS,COMBINED CYCLE,1339.2772444025677,1748
2019-03-23T17:00:00Z,GAS,SIMPLE CYCLE,532.0237797857986,921
2019-03-23T17:00:00Z,HYDRO,HYDRO,160.12091134321355,894
2019-03-23T17:00:00Z,OTHER,BIOMASS,65.51952190876007,154
2019-03-23T17:00:00Z,OTHER,GAS COGEN,30.186229172282747,58
2019-03-23T17:00:00Z,OTHER,OIL/GAS,44.40946557998657,53
2019-03-23T17:00:00Z,OTHER,WOOD/REFUSE,86.43698791503907,158
2019-03-23T17:00:00Z,SOLAR,SOLAR,12.137499818272062,15
2019-03-23T17:00:00Z,WIND,WIND,223.13282874511347,1445
2019-03-23T18:00:00Z,COAL,COAL,3523.6691336313884,5568
2019-03-23T18:00:00Z,DUAL FUEL,DUAL FUEL,78.5296920077006,155
2019-03-23T18:00:00Z,GAS,COGENERATION,3712.3655703539316,4988
2019-03-23T18:00:00Z,GAS,COMBINED CYCLE,1372.1240734121534,1748
2019-03-23T18:00:00Z,GAS,SIMPLE CYCLE,530.3380938916736,921
2019-03-23T18:00:00Z,HYDRO,HYDRO,122.82824501421716,894
2019-03-23T18:00:00Z,OTHER,BIOMASS,61.86899952941471,154
2019-03-23T18:00:00Z,OTHER,GAS COGEN,30.073123399946425,58
2019-03-23T18:00:00Z,OTHER,OIL/GAS,42.07636547724406,53
2019-03-23T18:00:00Z,OTHER,WOOD/REFUSE,86.50400860627492,158
2019-03-23T18:00:00Z,SOLAR,SOLAR,12.848499731487696,15
2019-03-23T18:00:00Z,WIND,WIND,186.14944378433955,1445
2019-03-23T19:00:00Z,COAL,COAL,3478.9397306081983,5568
2019-03-23T19:00:00Z,DUAL FUEL,DUAL FUEL,60.993120998806425,155
2019-03-23T19:00:00Z,GAS,COGENERATION,3685.8032483967145,4988
2019-03-23T19:00:00Z,GAS,COMBINED CYCLE,1360.5391569662095,1748
2019-03-23T19:00:00Z,GAS,SIMPLE CYCLE,564.5382060771518,921
2019-03-23T19:00:00Z,HYDRO,HYDRO,136.28246080535982,894
2019-03-23T19:00:00Z,OTHER,BIOMASS,61.4733884133233,154
2019-03-23T19:00:00Z,OTHER,GAS COGEN,29.732407476637093,58
2019-03-23T19:00:00Z,OTHER,OIL/GAS,39.682765555911594,53
2019-03-23T19:00:00Z,OTHER,WOOD/REFUSE,86.06118598090278,158
2019-03-23T19:00:00Z,SOLAR,SOLAR,12.939999816152785,15
2019-03-23T19:00:00Z,WIND,WIND,155.359734671298,1445
2019-03-23T20:00:00Z,COAL,COAL,3489.8639560551114,5568
2019-03-23T20:00:00Z,DUAL FUEL,DUAL FUEL,60.3353303443061,155
2019-03-23T20:00:00Z,GAS,COGENERATION,3682.6023162666957,4988
2019-03-23T20:00:00Z,GAS,COMBINED CYCLE,1333.985341565874,1748
2019-03-23T20:00:00Z,GAS,SIMPLE CYCLE,555.5461495101451,921
2019-03-23T20:00:00Z,HYDRO,HYDRO,123.47550669146909,894
2019-03-23T20:00:00Z,OTHER,BIOMASS,61.3039438258277,154
2019-03-23T20:00:00Z,OTHER,GAS COGEN,29.7628922451867,58
2019-03-23T20:00:00Z,OTHER,OIL/GAS,39.83066538704766,53
2019-03-23T20:00:00Z,OTHER,WOOD/REFUSE,85.98060026274787,158
2019-03-23T20:00:00Z,SOLAR,SOLAR,12.633110898335774,15
2019-03-23T20:00:00Z,WIND,WIND,163.34208602565857,1445
2019-03-23T21:00:00Z,COAL,COAL,3437.5667322603863,5568
2019-03-23T21:00:00Z,DUAL FUEL,DUAL FUEL,60.24507891760932,155
2019-03-23T21:00:00Z,GAS,COGENERATION,3680.6271686813566,4988
2019-03-23T21:00:00Z,GAS,COMBINED CYCLE,1338.2447468614578,1748
2019-03-23T21:00:00Z,GAS,SIMPLE CYCLE,552.1421468618181,921
2019-03-23T21:00:00Z,HYDRO,HYDRO,124.3541232341859,894
2019-03-23T21:00:00Z,OTHER,BIOMASS,61.760887631310354,154
2019-03-23T21:00:00Z,OTHER,GAS COGEN,29.910509824752808,58
2019-03-23T21:00:00Z,OTHER,OIL/GAS,41.50567689259847,53
2019-03-23T21:00:00Z,OTHER,WOOD/REFUSE,84.50472593095567,158
2019-03-23T21:00:00Z,SOLAR,SOLAR,12.49872198899587,15
2019-03-23T21:00:00Z,WIND,WIND,171.37572509154677,1445
2019-03-23T22:00:00Z,COAL,COAL,3399.251999912262,5568
2019-03-23T22:00:00Z,DUAL FUEL,DUAL FUEL,59.50721777598063,155
2019-03-23T22:00:00Z,GAS,COGENERATION,3698.2006222295763,4988
2019-03-23T22:00:00Z,GAS,COMBINED CYCLE,1345.4298074028227,1748
2019-03-23T22:00:00Z,GAS,SIMPLE CYCLE,556.6150318468941,921
2019-03-23T22:00:00Z,HYDRO,HYDRO,152.8210186777181,894
2019-03-23T22:00:00Z,OTHER,BIOMASS,61.93227692763011,154
2019-03-23T22:00:00Z,OTHER,GAS COGEN,29.859445442623564,58
2019-03-23T22:00:00Z,OTHER,OIL/GAS,41.78114365895589,53
2019-03-23T22:00:00Z,OTHER,WOOD/REFUSE,84.64132241090138,158
2019-03-23T22:00:00Z,SOLAR,SOLAR,7.282499850855933,15
2019-03-23T22:00:00Z,WIND,WIND,235.41122896840176,1445
2019-03-23T23:00:00Z,COAL,COAL,3365.1289603212144,5568
2019-03-23T23:00:00Z,DUAL FUEL,DUAL FUEL,58.63626496209039,155
2019-03-23T23:00:00Z,GAS,COGENERATION,3716.4830711200502,4988
2019-03-23T23:00:00Z,GAS,COMBINED CYCLE,1333.358415828281,1748
2019-03-23T23:00:00Z,GAS,SIMPLE CYCLE,536.8984743937187,921
2019-03-23T23:00:00Z,HYDRO,HYDRO,140.12788286103142,894
2019-03-23T23:00:00Z,OTHER,BIOMASS,59.53872170964877,154
2019-03-23T23:00:00Z,OTHER,GAS COGEN,29.895962628258598,58
2019-03-23T23:00:00Z,OTHER,OIL/GAS,42.58063178592258,53
2019-03-23T23:00:00Z,OTHER,WOOD/REFUSE,85.51991740650601,158
2019-03-23T23:00:00Z,SOLAR,SOLAR,4.551611069308387,15
2019-03-23T23:00:00Z,WIND,WIND,307.5739561386489,1445
2019-03-24T00:00:00Z,COAL,COAL,3332.6461348703174,5568
2019-03-24T00:00:00Z,DUAL FUEL,DUAL FUEL,51.994318919711645,155
2019-03-24T00:00:00Z,GAS,COGENERATION,3753.935777696239,4988
2019-03-24T00:00:00Z,GAS,COMBINED CYCLE,1286.4231905243132,1748
2019-03-24T00:00:00Z,GAS,SIMPLE CYCLE,479.3184933096833,921
2019-03-24T00:00:00Z,HYDRO,HYDRO,100.13377015431722,894
2019-03-24T00:00:00Z,OTHER,BIOMASS,57.24199937714471,154
2019-03-24T00:00:00Z,OTHER,GAS COGEN,30.075442865159776,58
2019-03-24T00:00:00Z,OTHER,OIL/GAS,42.76510452482435,53
2019-03-24T00:00:00Z,OTHER,WOOD/REFUSE,85.23856437630123,158
2019-03-24T00:00:00Z,SOLAR,SOLAR,1.8364999709857832,15
2019-03-24T00:00:00Z,WIND,WIND,426.1814632014765,1445
2019-03-24T01:00:00Z,COAL,COAL,3140.949636862013,5568
2019-03-24T01:00:00Z,DUAL FUEL,DUAL FUEL,41.00347314834595,155
2019-03-24T01:00:00Z,GAS,COGENERATION,3831.576803076267,4988
2019-03-24T01:00:00Z,GAS,COMBINED CYCLE,1269.6099370090167,1748
2019-03-24T01:00:00Z,GAS,SIMPLE CYCLE,450.50836821304426,921
2019-03-24T01:00:00Z,HYDRO,HYDRO,108.8582511320379,894
2019-03-24T01:00:00Z,OTHER,BIOMASS,58.830166077084016,154
2019-03-24T01:00:00Z,OTHER,GAS COGEN,30.271384364234077,58
2019-03-24T01:00:00Z,OTHER,OIL/GAS,43.23579396777683,53
2019-03-24T01:00:00Z,OTHER,WOOD/REFUSE,85.5651027727127,158
2019-03-24T01:00:00Z,SOLAR,SOLAR,0.09405555667148696,15
2019-03-24T01:00:00Z,WIND,WIND,598.9702669011305,1445
2019-03-24T02:00:00Z,COAL,COAL,3121.1717196506925,5568
2019-03-24T02:00:00Z,DUAL FUEL,DUAL FUEL,40.834068065219455,155
2019-03-24T02:00:00Z,GAS,COGENERATION,3856.0608218086427,4988
2019-03-24T02:00:00Z,GAS,COMBINED CYCLE,1301.838648062812,1748
2019-03-24T02:00:00Z,GAS,SIMPLE CYCLE,436.53823866155415,921
2019-03-24T02:00:00Z,HYDRO,HYDRO,133.61690816852783,894
2019-03-24T02:00:00Z,OTHER,BIOMASS,59.406443231370716,154
2019-03-24T02:00:00Z,OTHER,GAS COGEN,30.30654053264194,58
2019-03-24T02:00:00Z,OTHER,OIL/GAS,43.9331917974684,53
2019-03-24T02:00:00Z,OTHER,WOOD/REFUSE,85.74001949310302,158
2019-03-24T02:00:00Z,SOLAR,SOLAR,0,15
2019-03-24T02:00:00Z,WIND,WIND,723.557324094077,1445
2019-03-24T03:00:00Z,COAL,COAL,3132.813185816871,5568
2019-03-24T03:00:00Z,DUAL FUEL,DUAL FUEL,41.02596562491523,155
2019-03-24T03:00:00Z,GAS,COGENERATION,3858.173031345142,4988
2019-03-24T03:00:00Z,GAS,COMBINED CYCLE,1224.0282601028018,1748
2019-03-24T03:00:00Z,GAS,SIMPLE CYCLE,469.362571724289,921
2019-03-24T03:00:00Z,HYDRO,HYDRO,124.92329929934607,894
2019-03-24T03:00:00Z,OTHER,BIOMASS,57.848109933535255,154
2019-03-24T03:00:00Z,OTHER,GAS COGEN,30.599639692306518,58
2019-03-24T03:00:00Z,OTHER,OIL/GAS,44.187165631188286,53
2019-03-24T03:00:00Z,OTHER,WOOD/REFUSE,86.12456195990245,158
2019-03-24T03:00:00Z,SOLAR,SOLAR,0,15
2019-03-24T03:00:00Z,WIND,WIND,746.8687304133176,1445
2019-03-24T04:00:00Z,COAL,COAL,2967.176838830312,5568
2019-03-24T04:00:00Z,DUAL FUEL,DUAL FUEL,40.17790613598294,155
2019-03-24T04:00:00Z,GAS,COGENERATION,3858.8199008298584,4988
2019-03-24T04:00:00Z,GAS,COMBINED CYCLE,1156.4791876710785,1748
2019-03-24T04:00:00Z,GAS,SIMPLE CYCLE,466.59513328744305,921
2019-03-24T04:00:00Z,HYDRO,HYDRO,93.00496973567539,894
2019-03-24T04:00:00Z,OTHER,BIOMASS,58.26905452622308,154
2019-03-24T04:00:00Z,OTHER,GAS COGEN,30.516440975401135,58
2019-03-24T04:00:00Z,OTHER,OIL/GAS,44.486654885609944,53
2019-03-24T04:00:00Z,OTHER,WOOD/REFUSE,86.18519317838881,158
2019-03-24T04:00:00Z,SOLAR,SOLAR,0,15
2019-03-24T04:00:00Z,WIND,WIND,766.1687837677862,1445
2019-03-24T05:00:00Z,COAL,COAL,3024.440463487837,5568
2019-03-24T05:00:00Z,DUAL FUEL,DUAL FUEL,38.74457616170248,155
2019-03-24T05:00:00Z,GAS,COGENERATION,3846.874960249596,4988
2019-03-24T05:00:00Z,GAS,COMBINED CYCLE,1039.4764788542855,1748
2019-03-24T05:00:00Z,GAS,SIMPLE CYCLE,433.43967112859093,921
2019-03-24T05:00:00Z,HYDRO,HYDRO,122.23383230321937,894
2019-03-24T05:00:00Z,OTHER,BIOMASS,55.75422162261274,154
2019-03-24T05:00:00Z,OTHER,GAS COGEN,30.491598925060696,58
2019-03-24T05:00:00Z,OTHER,OIL/GAS,44.65844310760498,53
2019-03-24T05:00:00Z,OTHER,WOOD/REFUSE,86.95735634803772,158
2019-03-24T05:00:00Z,SOLAR,SOLAR,0,15
2019-03-24T05:00:00Z,WIND,WIND,716.0113503311575,1445
2019-03-24T06:00:00Z,COAL,COAL,3110.0732017940945,5568
2019-03-24T06:00:00Z,DUAL FUEL,DUAL FUEL,39.91106817033556,155
2019-03-24T06:00:00Z,GAS,COGENERATION,3856.448670443164,4988
2019-03-24T06:00:00Z,GAS,COMBINED CYCLE,927.8181033068233,1748
2019-03-24T06:00:00Z,GAS,SIMPLE CYCLE,430.4218513397872,921
2019-03-24T06:00:00Z,HYDRO,HYDRO,100.33586119718022,894
2019-03-24T06:00:00Z,OTHER,BIOMASS,54.4651102897856,154
2019-03-24T06:00:00Z,OTHER,GAS COGEN,31.730309251149496,58
2019-03-24T06:00:00Z,OTHER,OIL/GAS,45.8673045539856,53
2019-03-24T06:00:00Z,OTHER,WOOD/REFUSE,86.0170510064231,158
2019-03-24T06:00:00Z,SOLAR,SOLAR,0,15
2019-03-24T06:00:00Z,WIND,WIND,640.6121157589224,1445
2019-03-24T07:00:00Z,COAL,COAL,3272.030943989224,5568
2019-03-24T07:00:00Z,DUAL FUEL,DUAL FUEL,46.987148202260336,155
2019-03-24T07:00:00Z,GAS,COGENERATION,3852.977642323838,4988
2019-03-24T07:00:00Z,GAS,COMBINED CYCLE,932.2878632773294,1748
2019-03-24T07:00:00Z,GAS,SIMPLE CYCLE,347.3027713991867,921
2019-03-24T07:00:00Z,HYDRO,HYDRO,112.80996924910279,894
2019-03-24T07:00:00Z,OTHER,BIOMASS,51.713943706618416,154
2019-03-24T07:00:00Z,OTHER,GAS COGEN,32.0782103729248,58
2019-03-24T07:00:00Z,OTHER,OIL/GAS,45.750131632486976,53
2019-03-24T07:00:00Z,OTHER,WOOD/REFUSE,86.45437102847629,158
2019-03-24T07:00:00Z,SOLAR,SOLAR,0,15
2019-03-24T07:00:00Z,WIND,WIND,515.7668793177273,1445
2019-03-24T08:00:00Z,COAL,COAL,3361.292111958398,5568
2019-03-24T08:00:00Z,DUAL FUEL,DUAL FUEL,38.44499661763509,155
2019-03-24T08:00:00Z,GAS,COGENERATION,3856.4697160298956,4988
2019-03-24T08:00:00Z,GAS,COMBINED CYCLE,911.5735959719287,1748
2019-03-24T08:00:00Z,GAS,SIMPLE CYCLE,336.1889259244998,921
2019-03-24T08:00:00Z,HYDRO,HYDRO,84.07302468829684,894
2019-03-24T08:00:00Z,OTHER,BIOMASS,52.22055476506551,154
2019-03-24T08:00:00Z,OTHER,GAS COGEN,32.34446472062005,58
2019-03-24T08:00:00Z,OTHER,OIL/GAS,45.590048993428546,53
2019-03-24T08:00:00Z,OTHER,WOOD/REFUSE,86.57301383442349,158
2019-03-24T08:00:00Z,SOLAR,SOLAR,0,15
2019-03-24T08:00:00Z,WIND,WIND,477.19870049678616,1445
2019-03-24T09:00:00Z,COAL,COAL,3348.289146938324,5568
2019-03-24T09:00:00Z,DUAL FUEL,DUAL FUEL,39.7765743192037,155
2019-03-24T09:00:00Z,GAS,COGENERATION,3856.6820285905733,4988
2019-03-24T09:00:00Z,GAS,COMBINED CYCLE,928.9335070800781,1748
2019-03-24T09:00:00Z,GAS,SIMPLE CYCLE,336.49525917900934,921
2019-03-24T09:00:00Z,HYDRO,HYDRO,101.33344128463004,894
2019-03-24T09:00:00Z,OTHER,BIOMASS,52.31805480586158,154
2019-03-24T09:00:00Z,OTHER,GAS COGEN,32.6240064991845,58
2019-03-24T09:00:00Z,OTHER,OIL/GAS,45.78524757385254,53
2019-03-24T09:00:00Z,OTHER,WOOD/REFUSE,86.71033628569708,158
2019-03-24T09:00:00Z,SOLAR,SOLAR,0,15
2019-03-24T09:00:00Z,WIND,WIND,429.6985425186985,1445
2019-03-24T10:00:00Z,COAL,COAL,3442.4842337714304,5568
2019-03-24T10:00:00Z,DUAL FUEL,DUAL FUEL,39.72676548216078,155
2019-03-24T10:00:00Z,GAS,COGENERATION,3873.79419220229,4988
2019-03-24T10:00:00Z,GAS,COMBINED CYCLE,932.8686207474602,1748
2019-03-24T10:00:00Z,GAS,SIMPLE CYCLE,336.1199851703644,921
2019-03-24T10:00:00Z,HYDRO,HYDRO,118.30863149417772,894
2019-03-24T10:00:00Z,OTHER,BIOMASS,53.43488806936476,154
2019-03-24T10:00:00Z,OTHER,GAS COGEN,32.704955458111236,58
2019-03-24T10:00:00Z,OTHER,OIL/GAS,46.34482113732232,53
2019-03-24T10:00:00Z,OTHER,WOOD/REFUSE,86.44721061494616,158
2019-03-24T10:00:00Z,SOLAR,SOLAR,0,15
2019-03-24T10:00:00Z,WIND,WIND,382.47262168897527,1445
2019-03-24T11:00:00Z,COAL,COAL,3507.1579812401533,5568
2019-03-24T11:00:00Z,DUAL FUEL,DUAL FUEL,38.96289585537381,155
2019-03-24T11:00:00Z,GAS,COGENERATION,3880.323753906091,4988
2019-03-24T11:00:00Z,GAS,COMBINED CYCLE,925.8732187777096,1748
2019-03-24T11:00:00Z,GAS,SIMPLE CYCLE,337.5672249470817,921
2019-03-24T11:00:00Z,HYDRO,HYDRO,101.03224701533716,894
2019-03-24T11:00:00Z,OTHER,BIOMASS,58.05966575410631,154
2019-03-24T11:00:00Z,OTHER,GAS COGEN,32.95438322385152,58
2019-03-24T11:00:00Z,OTHER,OIL/GAS,46.074726814693875,53
2019-03-24T11:00:00Z,OTHER,WOOD/REFUSE,86.4055445988973,158
2019-03-24T11:00:00Z,SOLAR,SOLAR,0,15
2019-03-24T11:00:00Z,WIND,WIND,377.36600133604475,1445
2019-03-24T12:00:00Z,COAL,COAL,3545.544518304931,5568
2019-03-24T12:00:00Z,DUAL FUEL,DUAL FUEL,53.32964193132189,155
2019-03-24T12:00:00Z,GAS,COGENERATION,3890.3268380363784,4988
2019-03-24T12:00:00Z,GAS,COMBINED CYCLE,940.8190918972757,1748
2019-03-24T12:00:00Z,GAS,SIMPLE CYCLE,363.83662276409564,921
2019-03-24T12:00:00Z,HYDRO,HYDRO,127.29231134030555,894
2019-03-24T12:00:00Z,OTHER,BIOMASS,58.35438851091597,154
2019-03-24T12:00:00Z,OTHER,GAS COGEN,33.276688603825036,58
2019-03-24T12:00:00Z,OTHER,OIL/GAS,46.32920529047648,53
2019-03-24T12:00:00Z,OTHER,WOOD/REFUSE,87.35232528156703,158
2019-03-24T12:00:00Z,SOLAR,SOLAR,0,15
2019-03-24T12:00:00Z,WIND,WIND,272.83065638903116,1445
2019-03-24T13:00:00Z,COAL,COAL,3529.6553501934477,5568
2019-03-24T13:00:00Z,DUAL FUEL,DUAL FUEL,45.42203350490994,155
2019-03-24T13:00:00Z,GAS,COGENERATION,3918.2366247119508,4988
2019-03-24T13:00:00Z,GAS,COMBINED CYCLE,1110.2870831425985,1748
2019-03-24T13:00:00Z,GAS,SIMPLE CYCLE,361.0963840612769,921
2019-03-24T13:00:00Z,HYDRO,HYDRO,138.220168892675,894
2019-03-24T13:00:00Z,OTHER,BIOMASS,60.3086101855172,154
2019-03-24T13:00:00Z,OTHER,GAS COGEN,33.54102895736695,58
2019-03-24T13:00:00Z,OTHER,OIL/GAS,46.58097169452243,53
2019-03-24T13:00:00Z,OTHER,WOOD/REFUSE,88.77633483462864,158
2019-03-24T13:00:00Z,SOLAR,SOLAR,0,15
2019-03-24T13:00:00Z,WIND,WIND,203.6666517556376,1445
2019-03-24T14:00:00Z,COAL,COAL,3610.664971686469,5568
2019-03-24T14:00:00Z,DUAL FUEL,DUAL FUEL,47.2267033873664,155
2019-03-24T14:00:00Z,GAS,COGENERATION,3870.798730021318,4988
2019-03-24T14:00:00Z,GAS,COMBINED CYCLE,1170.937609621419,1748
2019-03-24T14:00:00Z,GAS,SIMPLE CYCLE,447.5702724537916,921
2019-03-24T14:00:00Z,HYDRO,HYDRO,149.6084184928073,894
2019-03-24T14:00:00Z,OTHER,BIOMASS,58.680276986228094,154
2019-03-24T14:00:00Z,OTHER,GAS COGEN,33.430338856379194,58
2019-03-24T14:00:00Z,OTHER,OIL/GAS,46.34007136874729,53
2019-03-24T14:00:00Z,OTHER,WOOD/REFUSE,87.93031243218317,158
2019-03-24T14:00:00Z,SOLAR,SOLAR,0,15
2019-03-24T14:00:00Z,WIND,WIND,122.50129317183462,1445
2019-03-24T15:00:00Z,COAL,COAL,3621.13407804913,5568
2019-03-24T15:00:00Z,DUAL FUEL,DUAL FUEL,61.61432036929661,155
2019-03-24T15:00:00Z,GAS,COGENERATION,3852.891026637488,4988
2019-03-24T15:00:00Z,GAS,COMBINED CYCLE,1303.411108880043,1748
2019-03-24T15:00:00Z,GAS,SIMPLE CYCLE,453.44381095796825,921
2019-03-24T15:00:00Z,HYDRO,HYDRO,145.29323795908027,894
2019-03-24T15:00:00Z,OTHER,BIOMASS,57.37866540590922,154
2019-03-24T15:00:00Z,OTHER,GAS COGEN,33.12748837682936,58
2019-03-24T15:00:00Z,OTHER,OIL/GAS,46.03554861280653,53
2019-03-24T15:00:00Z,OTHER,WOOD/REFUSE,87.79788070042927,158
2019-03-24T15:00:00Z,SOLAR,SOLAR,0.2931666491925716,15
2019-03-24T15:00:00Z,WIND,WIND,80.58566386001806,1445
2019-03-24T16:00:00Z,COAL,COAL,3619.756938088735,5568
2019-03-24T16:00:00Z,DUAL FUEL,DUAL FUEL,60.35671591016981,155
2019-03-24T16:00:00Z,GAS,COGENERATION,3848.17233885275,4988
2019-03-24T16:00:00Z,GAS,COMBINED CYCLE,1345.5054869903458,1748
2019-03-24T16:00:00Z,GAS,SIMPLE CYCLE,454.14941507198745,921
2019-03-24T16:00:00Z,HYDRO,HYDRO,154.51922832853265,894
2019-03-24T16:00:00Z,OTHER,BIOMASS,58.15794370545282,154
2019-03-24T16:00:00Z,OTHER,GAS COGEN,33.415265418688456,58
2019-03-24T16:00:00Z,OTHER,OIL/GAS,46.18376525455051,53
2019-03-24T16:00:00Z,OTHER,WOOD/REFUSE,86.67902629958259,158
2019-03-24T16:00:00Z,SOLAR,SOLAR,0.5999999642372131,15
2019-03-24T16:00:00Z,WIND,WIND,55.64075153577659,1445
2019-03-24T17:00:00Z,COAL,COAL,3687.4920189348854,5568
2019-03-24T17:00:00Z,DUAL FUEL,DUAL FUEL,42.30000507990519,155
2019-03-24T17:00:00Z,GAS,COGENERATION,3827.329496480624,4988
2019-03-24T17:00:00Z,GAS,COMBINED CYCLE,1358.11526307159,1748
2019-03-24T17:00:00Z,GAS,SIMPLE CYCLE,458.3108684501052,921
2019-03-24T17:00:00Z,HYDRO,HYDRO,154.19610916904276,894
2019-03-24T17:00:00Z,OTHER,BIOMASS,58.94844409836663,154
2019-03-24T17:00:00Z,OTHER,GAS COGEN,33.42634562651316,58
2019-03-24T17:00:00Z,OTHER,OIL/GAS,46.47019290924072,53
2019-03-24T17:00:00Z,OTHER,WOOD/REFUSE,86.34628163496653,158
2019-03-24T17:00:00Z,SOLAR,SOLAR,0.5999999642372131,15
2019-03-24T17:00:00Z,WIND,WIND,26.11584104379846,1445
2019-03-24T18:00:00Z,COAL,COAL,3702.472963424259,5568
2019-03-24T18:00:00Z,DUAL FUEL,DUAL FUEL,41.39671542485555,155
2019-03-24T18:00:00Z,GAS,COGENERATION,3801.134738300906,4988
2019-03-24T18:00:00Z,GAS,COMBINED CYCLE,1383.8589730834963,1748
2019-03-24T18:00:00Z,GAS,SIMPLE CYCLE,482.10463608768254,921
2019-03-24T18:00:00Z,HYDRO,HYDRO,136.37030321970582,894
2019-03-24T18:00:00Z,OTHER,BIOMASS,58.58538808875614,154
2019-03-24T18:00:00Z,OTHER,GAS COGEN,33.2660925716824,58
2019-03-24T18:00:00Z,OTHER,OIL/GAS,46.07687677595351,53
2019-03-24T18:00:00Z,OTHER,WOOD/REFUSE,86.27261760499742,158
2019-03-24T18:00:00Z,SOLAR,SOLAR,0.5999999642372131,15
2019-03-24T18:00:00Z,WIND,WIND,19.155532737288418,1445
2019-03-24T19:00:00Z,COAL,COAL,3637.404585524665,5568
2019-03-24T19:00:00Z,DUAL FUEL,DUAL FUEL,40.49854324128893,155
2019-03-24T19:00:00Z,GAS,COGENERATION,3789.9983603019186,4988
2019-03-24T19:00:00Z,GAS,COMBINED CYCLE,1376.511163535648,1748
2019-03-24T19:00:00Z,GAS,SIMPLE CYCLE,479.3908310518662,921
2019-03-24T19:00:00Z,HYDRO,HYDRO,149.57642517828276,894
2019-03-24T19:00:00Z,OTHER,BIOMASS,61.449554821319055,154
2019-03-24T19:00:00Z,OTHER,GAS COGEN,33.609410246743096,58
2019-03-24T19:00:00Z,OTHER,OIL/GAS,46.49758128060235,53
2019-03-24T19:00:00Z,OTHER,WOOD/REFUSE,85.93110317177243,158
2019-03-24T19:00:00Z,SOLAR,SOLAR,1.2696666155921088,15
2019-03-24T19:00:00Z,WIND,WIND,23.42823017988768,1445
2019-03-24T20:00:00Z,COAL,COAL,3555.7998781373767,5568
2019-03-24T20:00:00Z,DUAL FUEL,DUAL FUEL,39.60582915623983,155
2019-03-24T20:00:00Z,GAS,COGENERATION,3774.163770906925,4988
2019-03-24T20:00:00Z,GAS,COMBINED CYCLE,1369.6011745304531,1748
2019-03-24T20:00:00Z,GAS,SIMPLE CYCLE,474.5138051595622,921
2019-03-24T20:00:00Z,HYDRO,HYDRO,138.73263848861058,894
2019-03-24T20:00:00Z,OTHER,BIOMASS,62.84755488289727,154
2019-03-24T20:00:00Z,OTHER,GAS COGEN,33.55689129829407,58
2019-03-24T20:00:00Z,OTHER,OIL/GAS,46.07844893773397,53
2019-03-24T20:00:00Z,OTHER,WOOD/REFUSE,85.84286535792882,158
2019-03-24T20:00:00Z,SOLAR,SOLAR,1.1199999423159492,15
2019-03-24T20:00:00Z,WIND,WIND,18.14747026633885,1445
2019-03-24T21:00:00Z,COAL,COAL,3613.2157741970486,5568
2019-03-24T21:00:00Z,DUAL FUEL,DUAL FUEL,39.78187294218275,155
2019-03-24T21:00:00Z,GAS,COGENERATION,3754.7649666905404,4988
2019-03-24T21:00:00Z,GAS,COMBINED CYCLE,1370.390190574858,1748
2019-03-24T21:00:00Z,GAS,SIMPLE CYCLE,467.3514295297033,921
2019-03-24T21:00:00Z,HYDRO,HYDRO,164.94634732243088,894
2019-03-24T21:00:00Z,OTHER,BIOMASS,59.78362683773041,154
2019-03-24T21:00:00Z,OTHER,GAS COGEN,33.43790289560954,58
2019-03-24T21:00:00Z,OTHER,OIL/GAS,46.13391028086345,53
2019-03-24T21:00:00Z,OTHER,WOOD/REFUSE,85.21767591847315,158
2019-03-24T21:00:00Z,SOLAR,SOLAR,1.1673332958751257,15
2019-03-24T21:00:00Z,WIND,WIND,12.72003348297543,1445
2019-03-24T22:00:00Z,COAL,COAL,3673.6947617933483,5568
2019-03-24T22:00:00Z,DUAL FUEL,DUAL FUEL,39.58338910208808,155
2019-03-24T22:00:00Z,GAS,COGENERATION,3746.755254009763,4988
2019-03-24T22:00:00Z,GAS,COMBINED CYCLE,1384.689482480685,1748
2019-03-24T22:00:00Z,GAS,SIMPLE CYCLE,493.49116079517535,921
2019-03-24T22:00:00Z,HYDRO,HYDRO,159.57969388477505,894
2019-03-24T22:00:00Z,OTHER,BIOMASS,72.08062121894625,154
2019-03-24T22:00:00Z,OTHER,GAS COGEN,33.29787698851692,58
2019-03-24T22:00:00Z,OTHER,OIL/GAS,46.24074306699965,53
2019-03-24T22:00:00Z,OTHER,WOOD/REFUSE,85.73294943491618,158
2019-03-24T22:00:00Z,SOLAR,SOLAR,1.4549999525149664,15
2019-03-24T22:00:00Z,WIND,WIND,7.81741117566824,1445
2019-03-24T23:00:00Z,COAL,COAL,3751.9431694602968,5568
2019-03-24T23:00:00Z,DUAL FUEL,DUAL FUEL,40.91109956317478,155
2019-03-24T23:00:00Z,GAS,COGENERATION,3746.8386297917364,4988
2019-03-24T23:00:00Z,GAS,COMBINED CYCLE,1384.9197161096997,1748
2019-03-24T23:00:00Z,GAS,SIMPLE CYCLE,514.3870344966981,921
2019-03-24T23:00:00Z,HYDRO,HYDRO,136.86183712191053,894
2019-03-24T23:00:00Z,OTHER,BIOMASS,77.59840518368615,154
2019-03-24T23:00:00Z,OTHER,GAS COGEN,33.38448845969306,58
2019-03-24T23:00:00Z,OTHER,OIL/GAS,46.084187761942545,53
2019-03-24T23:00:00Z,OTHER,WOOD/REFUSE,86.23554476526049,158
2019-03-24T23:00:00Z,SOLAR,SOLAR,0.9171666400962406,15
2019-03-24T23:00:00Z,WIND,WIND,14.692060711814298,1445
2019-03-25T00:00:00Z,COAL,COAL,3738.2253736538355,5568
2019-03-25T00:00:00Z,DUAL FUEL,DUAL FUEL,40.26386758592394,155
2019-03-25T00:00:00Z,GAS,COGENERATION,3751.1285941857764,4988
2019-03-25T00:00:00Z,GAS,COMBINED CYCLE,1400.5237478574118,1748
2019-03-25T00:00:00Z,GAS,SIMPLE CYCLE,506.16969256401063,921
2019-03-25T00:00:00Z,HYDRO,HYDRO,151.90742908861904,894
2019-03-25T00:00:00Z,OTHER,BIOMASS,77.07191655106014,154
2019-03-25T00:00:00Z,OTHER,GAS COGEN,33.35752046902975,58
2019-03-25T00:00:00Z,OTHER,OIL/GAS,45.45982138527764,53
2019-03-25T00:00:00Z,OTHER,WOOD/REFUSE,87.26135277801089,158
2019-03-25T00:00:00Z,SOLAR,SOLAR,0.6989999695287811,15
2019-03-25T00:00:00Z,WIND,WIND,27.041054886976877,1445
2019-03-25T01:00:00Z,COAL,COAL,3820.5278297318355,5568
2019-03-25T01:00:00Z,DUAL FUEL,DUAL FUEL,41.16386081483629,155
2019-03-25T01:00:00Z,GAS,COGENERATION,3762.2485905517474,4988
2019-03-25T01:00:00Z,GAS,COMBINED CYCLE,1353.3835659980775,1748
2019-03-25T01:00:00Z,GAS,SIMPLE CYCLE,500.1168184650938,921
2019-03-25T01:00:00Z,HYDRO,HYDRO,134.20685264087385,894
2019-03-25T01:00:00Z,OTHER,BIOMASS,76.980743493504,154
2019-03-25T01:00:00Z,OTHER,GAS COGEN,33.3324916850196,58
2019-03-25T01:00:00Z,OTHER,OIL/GAS,46.157670987447105,53
2019-03-25T01:00:00Z,OTHER,WOOD/REFUSE,88.10531817648146,158
2019-03-25T01:00:00Z,SOLAR,SOLAR,0,15
2019-03-25T01:00:00Z,WIND,WIND,35.86101064122386,1445
2019-03-25T02:00:00Z,COAL,COAL,3826.0533372518753,5568
2019-03-25T02:00:00Z,DUAL FUEL,DUAL FUEL,41.102650265163845,155
2019-03-25T02:00:00Z,GAS,COGENERATION,3776.8756427626477,4988
2019-03-25T02:00:00Z,GAS,COMBINED CYCLE,1345.18078461753,1748
2019-03-25T02:00:00Z,GAS,SIMPLE CYCLE,446.404849433634,921
2019-03-25T02:00:00Z,HYDRO,HYDRO,167.20133688555825,894
2019-03-25T02:00:00Z,OTHER,BIOMASS,80.08516619046529,154
2019-03-25T02:00:00Z,OTHER,GAS COGEN,33.645583128399316,58
2019-03-25T02:00:00Z,OTHER,OIL/GAS,45.88196018218994,53
2019-03-25T02:00:00Z,OTHER,WOOD/REFUSE,87.86043201128642,158
2019-03-25T02:00:00Z,SOLAR,SOLAR,0,15
2019-03-25T02:00:00Z,WIND,WIND,51.88795900310079,1445
2019-03-25T03:00:00Z,COAL,COAL,3823.3464933543733,5568
2019-03-25T03:00:00Z,DUAL FUEL,DUAL FUEL,55.068061059316,155
2019-03-25T03:00:00Z,GAS,COGENERATION,3785.675548111333,4988
2019-03-25T03:00:00Z,GAS,COMBINED CYCLE,1234.715756313006,1748
2019-03-25T03:00:00Z,GAS,SIMPLE CYCLE,475.37046325445175,921
2019-03-25T03:00:00Z,HYDRO,HYDRO,151.22066348075867,894
2019-03-25T03:00:00Z,OTHER,BIOMASS,78.53852772235871,154
2019-03-25T03:00:00Z,OTHER,GAS COGEN,33.67020271407233,58
2019-03-25T03:00:00Z,OTHER,OIL/GAS,45.51463751051161,53
2019-03-25T03:00:00Z,OTHER,WOOD/REFUSE,89.9991889778773,158
2019-03-25T03:00:00Z,SOLAR,SOLAR,0,15
2019-03-25T03:00:00Z,WIND,WIND,69.21668868321511,1445
2019-03-25T04:00:00Z,COAL,COAL,3829.680326601664,5568
2019-03-25T04:00:00Z,DUAL FUEL,DUAL FUEL,42.055905952453614,155
2019-03-25T04:00:00Z,GAS,COGENERATION,3784.5142612748014,4988
2019-03-25T04:00:00Z,GAS,COMBINED CYCLE,1106.284920255873,1748
2019-03-25T04:00:00Z,GAS,SIMPLE CYCLE,426.4613887050748,921
2019-03-25T04:00:00Z,HYDRO,HYDRO,123.89415126032299,894
2019-03-25T04:00:00Z,OTHER,BIOMASS,77.47749983840518,154
2019-03-25T04:00:00Z,OTHER,GAS COGEN,33.44360977384779,58
2019-03-25T04:00:00Z,OTHER,OIL/GAS,46.0485829755995,53
2019-03-25T04:00:00Z,OTHER,WOOD/REFUSE,88.13761630641089,158
2019-03-25T04:00:00Z,SOLAR,SOLAR,0,15
2019-03-25T04:00:00Z,WIND,WIND,85.64911586422059,1445
2019-03-25T05:00:00Z,COAL,COAL,3788.1831958050197,5568
2019-03-25T05:00:00Z,DUAL FUEL,DUAL FUEL,41.81031802919176,155
2019-03-25T05:00:00Z,GAS,COGENERATION,3770.648665236367,4988
2019-03-25T05:00:00Z,GAS,COMBINED CYCLE,1063.0861882707807,1748
2019-03-25T05:00:00Z,GAS,SIMPLE CYCLE,430.19903054260544,921
2019-03-25T05:00:00Z,HYDRO,HYDRO,86.02933902680874,894
2019-03-25T05:00:00Z,OTHER,BIOMASS,76.74061135556963,154
2019-03-25T05:00:00Z,OTHER,GAS COGEN,33.87922952228123,58
2019-03-25T05:00:00Z,OTHER,OIL/GAS,45.80526558558146,53
2019-03-25T05:00:00Z,OTHER,WOOD/REFUSE,87.96652411354913,158
2019-03-25T05:00:00Z,SOLAR,SOLAR,0,15
2019-03-25T05:00:00Z,WIND,WIND,80.95341917345921,1445
2019-03-25T06:00:00Z,COAL,COAL,3670.21078224606,5568
2019-03-25T06:00:00Z,DUAL FUEL,DUAL FUEL,40.41907052569919,155
2019-03-25T06:00:00Z,GAS,COGENERATION,3770.090805338588,4988
2019-03-25T06:00:00Z,GAS,COMBINED CYCLE,1046.870744948387,1748
2019-03-25T06:00:00Z,GAS,SIMPLE CYCLE,383.9648343960444,921
2019-03-25T06:00:00Z,HYDRO,HYDRO,100.08117666198147,894
2019-03-25T06:00:00Z,OTHER,BIOMASS,76.88830543571048,154
2019-03-25T06:00:00Z,OTHER,GAS COGEN,43.55878453148736,58
2019-03-25T06:00:00Z,OTHER,OIL/GAS,45.53645968331231,53
2019-03-25T06:00:00Z,OTHER,WOOD/REFUSE,87.73549228509268,158
2019-03-25T06:00:00Z,SOLAR,SOLAR,0,15
2019-03-25T06:00:00Z,WIND,WIND,90.23362832042906,1445
2019-03-25T07:00:00Z,COAL,COAL,3708.636448832618,5568
2019-03-25T07:00:00Z,DUAL FUEL,DUAL FUEL,49.96119402991401,155
2019-03-25T07:00:00Z,GAS,COGENERATION,3778.298072930707,4988
2019-03-25T07:00:00Z,GAS,COMBINED CYCLE,937.4963515999582,1748
2019-03-25T07:00:00Z,GAS,SIMPLE CYCLE,305.5143248206129,921
2019-03-25T07:00:00Z,HYDRO,HYDRO,106.4770536847247,894
2019-03-25T07:00:00Z,OTHER,BIOMASS,76.72352217727237,154
2019-03-25T07:00:00Z,OTHER,GAS COGEN,45.48200470871396,58
2019-03-25T07:00:00Z,OTHER,OIL/GAS,45.82738250732422,53
2019-03-25T07:00:00Z,OTHER,WOOD/REFUSE,87.40340482340918,158
2019-03-25T07:00:00Z,SOLAR,SOLAR,0,15
2019-03-25T07:00:00Z,WIND,WIND,96.98655986722973,1445
2019-03-25T08:00:00Z,COAL,COAL,3748.665027375751,5568
2019-03-25T08:00:00Z,DUAL FUEL,DUAL FUEL,62.481388857099745,155
2019-03-25T08:00:00Z,GAS,COGENERATION,3785.488746186826,4988
2019-03-25T08:00:00Z,GAS,COMBINED CYCLE,916.2890811713537,1748
2019-03-25T08:00:00Z,GAS,SIMPLE CYCLE,336.38689987348187,921
2019-03-25T08:00:00Z,HYDRO,HYDRO,79.96098605612914,894
2019-03-25T08:00:00Z,OTHER,BIOMASS,77.85741588168673,154
2019-03-25T08:00:00Z,OTHER,GAS COGEN,45.45575581232707,58
2019-03-25T08:00:00Z,OTHER,OIL/GAS,45.8816316180759,53
2019-03-25T08:00:00Z,OTHER,WOOD/REFUSE,87.29266728931003,158
2019-03-25T08:00:00Z,SOLAR,SOLAR,0,15
2019-03-25T08:00:00Z,WIND,WIND,82.96932511046529,1445
2019-03-25T09:00:00Z,COAL,COAL,3792.2996540599397,5568
2019-03-25T09:00:00Z,DUAL FUEL,DUAL FUEL,45.59341151979235,155
2019-03-25T09:00:00Z,GAS,COGENERATION,3791.0942815580634,4988
2019-03-25T09:00:00Z,GAS,COMBINED CYCLE,913.2573759184944,1748
2019-03-25T09:00:00Z,GAS,SIMPLE CYCLE,320.6885116939412,921
2019-03-25T09:00:00Z,HYDRO,HYDRO,66.91743232078022,894
2019-03-25T09:00:00Z,OTHER,BIOMASS,79.31006058586968,154
2019-03-25T09:00:00Z,OTHER,GAS COGEN,45.477081974347435,58
2019-03-25T09:00:00Z,OTHER,OIL/GAS,45.866361187828915,53
2019-03-25T09:00:00Z,OTHER,WOOD/REFUSE,87.2392560450236,158
2019-03-25T09:00:00Z,SOLAR,SOLAR,0,15
2019-03-25T09:00:00Z,WIND,WIND,90.48265515645345,1445
2019-03-25T10:00:00Z,COAL,COAL,3784.026550210317,5568
2019-03-25T10:00:00Z,DUAL FUEL,DUAL FUEL,43.21072810067071,155
2019-03-25T10:00:00Z,GAS,COGENERATION,3790.2675787202515,4988
2019-03-25T10:00:00Z,GAS,COMBINED CYCLE,936.6956465835041,1748
2019-03-25T10:00:00Z,GAS,SIMPLE CYCLE,293.46220081183645,921
2019-03-25T10:00:00Z,HYDRO,HYDRO,98.26779412170251,894
2019-03-25T10:00:00Z,OTHER,BIOMASS,78.40353795104556,154
2019-03-25T10:00:00Z,OTHER,GAS COGEN,45.32348121907976,58
2019-03-25T10:00:00Z,OTHER,OIL/GAS,45.91976050694784,53
2019-03-25T10:00:00Z,OTHER,WOOD/REFUSE,86.99889973958334,158
2019-03-25T10:00:00Z,SOLAR,SOLAR,0,15
2019-03-25T10:00:00Z,WIND,WIND,94.20872393096487,1445
2019-03-25T11:00:00Z,COAL,COAL,3828.794770855374,5568
2019-03-25T11:00:00Z,DUAL FUEL,DUAL FUEL,43.29283269458347,155
2019-03-25T11:00:00Z,GAS,COGENERATION,3778.783866055078,4988
2019-03-25T11:00:00Z,GAS,COMBINED CYCLE,986.7941461920739,1748
2019-03-25T11:00:00Z,GAS,SIMPLE CYCLE,293.4085943566428,921
2019-03-25T11:00:00Z,HYDRO,HYDRO,128.907287165357,894
2019-03-25T11:00:00Z,OTHER,BIOMASS,80.6573992755678,154
2019-03-25T11:00:00Z,OTHER,GAS COGEN,45.33825272719065,58
2019-03-25T11:00:00Z,OTHER,OIL/GAS,45.643998800913494,53
2019-03-25T11:00:00Z,OTHER,WOOD/REFUSE,87.00615675078498,158
2019-03-25T11:00:00Z,SOLAR,SOLAR,0,15
2019-03-25T11:00:00Z,WIND,WIND,88.83186773050163,1445
2019-03-25T12:00:00Z,COAL,COAL,3877.6565603086683,5568
2019-03-25T12:00:00Z,DUAL FUEL,DUAL FUEL,51.73215486950345,155
2019-03-25T12:00:00Z,GAS,COGENERATION,3783.392971700364,4988
2019-03-25T12:00:00Z,GAS,COMBINED CYCLE,1080.4228108811378,1748
2019-03-25T12:00:00Z,GAS,SIMPLE CYCLE,403.2216707939903,921
2019-03-25T12:00:00Z,HYDRO,HYDRO,132.5049190757672,894
2019-03-25T12:00:00Z,OTHER,BIOMASS,80.60881026320988,154
2019-03-25T12:00:00Z,OTHER,GAS COGEN,45.54284429126316,58
2019-03-25T12:00:00Z,OTHER,OIL/GAS,45.17034860187107,53
2019-03-25T12:00:00Z,OTHER,WOOD/REFUSE,87.28920716550616,158
2019-03-25T12:00:00Z,SOLAR,SOLAR,0,15
2019-03-25T12:00:00Z,WIND,WIND,100.46715214231776,1445
2019-03-25T13:00:00Z,COAL,COAL,3996.2132923391127,5568
2019-03-25T13:00:00Z,DUAL FUEL,DUAL FUEL,61.951832139756945,155
2019-03-25T13:00:00Z,GAS,COGENERATION,3798.1999022099044,4988
2019-03-25T13:00:00Z,GAS,COMBINED CYCLE,1292.1937741390864,1748
2019-03-25T13:00:00Z,GAS,SIMPLE CYCLE,447.8197523721721,921
2019-03-25T13:00:00Z,HYDRO,HYDRO,160.92426389763753,894
2019-03-25T13:00:00Z,OTHER,BIOMASS,79.87435451719496,154
2019-03-25T13:00:00Z,OTHER,GAS COGEN,45.45627190536923,58
2019-03-25T13:00:00Z,OTHER,OIL/GAS,45.81732071346707,53
2019-03-25T13:00:00Z,OTHER,WOOD/REFUSE,88.13028086662293,158
2019-03-25T13:00:00Z,SOLAR,SOLAR,0,15
2019-03-25T13:00:00Z,WIND,WIND,93.51217843446467,1445
2019-03-25T14:00:00Z,COAL,COAL,3980.6380967730947,5568
2019-03-25T14:00:00Z,DUAL FUEL,DUAL FUEL,59.77265735414293,155
2019-03-25T14:00:00Z,GAS,COGENERATION,3795.381390204827,4988
2019-03-25T14:00:00Z,GAS,COMBINED CYCLE,1339.195528012117,1748
2019-03-25T14:00:00Z,GAS,SIMPLE CYCLE,490.66938522696495,921
2019-03-25T14:00:00Z,HYDRO,HYDRO,184.15563716901676,894
2019-03-25T14:00:00Z,OTHER,BIOMASS,83.98028315120274,154
2019-03-25T14:00:00Z,OTHER,GAS COGEN,46.03152253574795,58
2019-03-25T14:00:00Z,OTHER,OIL/GAS,45.883170657687714,53
2019-03-25T14:00:00Z,OTHER,WOOD/REFUSE,88.4357424958547,158
2019-03-25T14:00:00Z,SOLAR,SOLAR,0.5243333099948035,15
2019-03-25T14:00:00Z,WIND,WIND,137.93272776743603,1445
2019-03-25T15:00:00Z,COAL,COAL,3987.394932261573,5568
2019-03-25T15:00:00Z,DUAL FUEL,DUAL FUEL,59.75014864179823,155
2019-03-25T15:00:00Z,GAS,COGENERATION,3776.218789452513,4988
2019-03-25T15:00:00Z,GAS,COMBINED CYCLE,1411.451628182729,1748
2019-03-25T15:00:00Z,GAS,SIMPLE CYCLE,489.7631622674978,921
2019-03-25T15:00:00Z,HYDRO,HYDRO,179.2847233180205,894
2019-03-25T15:00:00Z,OTHER,BIOMASS,88.2265001127455,154
2019-03-25T15:00:00Z,OTHER,GAS COGEN,45.53296426561144,58
2019-03-25T15:00:00Z,OTHER,OIL/GAS,45.52757110383776,53
2019-03-25T15:00:00Z,OTHER,WOOD/REFUSE,88.07790356212192,158
2019-03-25T15:00:00Z,SOLAR,SOLAR,1.1854999754163953,15
2019-03-25T15:00:00Z,WIND,WIND,257.5369261952738,1445
2019-03-25T16:00:00Z,COAL,COAL,4053.047340698242,5568
2019-03-25T16:00:00Z,DUAL FUEL,DUAL FUEL,60.17579509311252,155
2019-03-25T16:00:00Z,GAS,COGENERATION,3733.166762836178,4988
2019-03-25T16:00:00Z,GAS,COMBINED CYCLE,1440.742135067781,1748
2019-03-25T16:00:00Z,GAS,SIMPLE CYCLE,520.632604912387,921
2019-03-25T16:00:00Z,HYDRO,HYDRO,166.8850945972734,894
2019-03-25T16:00:00Z,OTHER,BIOMASS,79.23857489599122,154
2019-03-25T16:00:00Z,OTHER,GAS COGEN,45.06522694163852,58
2019-03-25T16:00:00Z,OTHER,OIL/GAS,45.81742605633206,53
2019-03-25T16:00:00Z,OTHER,WOOD/REFUSE,87.58086689313252,158
2019-03-25T16:00:00Z,SOLAR,SOLAR,1.676166638665729,15
2019-03-25T16:00:00Z,WIND,WIND,295.90099317778316,1445
2019-03-25T17:00:00Z,COAL,COAL,4008.4121057807074,5568
2019-03-25T17:00:00Z,DUAL FUEL,DUAL FUEL,55.41080726835463,155
2019-03-25T17:00:00Z,GAS,COGENERATION,3718.487800371382,4988
2019-03-25T17:00:00Z,GAS,COMBINED CYCLE,1404.5764724985759,1748
2019-03-25T17:00:00Z,GAS,SIMPLE CYCLE,483.53387528975804,921
2019-03-25T17:00:00Z,HYDRO,HYDRO,105.87869807653956,894
2019-03-25T17:00:00Z,OTHER,BIOMASS,87.68231083684498,154
2019-03-25T17:00:00Z,OTHER,GAS COGEN,39.78935420407189,58
2019-03-25T17:00:00Z,OTHER,OIL/GAS,45.813676573435465,53
2019-03-25T17:00:00Z,OTHER,WOOD/REFUSE,88.87322160032059,158
2019-03-25T17:00:00Z,SOLAR,SOLAR,1.9911665885978276,15
2019-03-25T17:00:00Z,WIND,WIND,391.79569767064515,1445
2019-03-25T18:00:00Z,COAL,COAL,3786.326711701287,5568
2019-03-25T18:00:00Z,DUAL FUEL,DUAL FUEL,43.37221238242255,155
2019-03-25T18:00:00Z,GAS,COGENERATION,3717.8197882672152,4988
2019-03-25T18:00:00Z,GAS,COMBINED CYCLE,1368.7289689191182,1748
2019-03-25T18:00:00Z,GAS,SIMPLE CYCLE,446.4232937033971,921
2019-03-25T18:00:00Z,HYDRO,HYDRO,138.9858536265956,894
2019-03-25T18:00:00Z,OTHER,BIOMASS,101.17334426667955,154
2019-03-25T18:00:00Z,OTHER,GAS COGEN,45.13231212510003,58
2019-03-25T18:00:00Z,OTHER,OIL/GAS,44.700382455190024,53
2019-03-25T18:00:00Z,OTHER,WOOD/REFUSE,88.80966906335618,158
2019-03-25T18:00:00Z,SOLAR,SOLAR,2.6612777151001823,15
2019-03-25T18:00:00Z,WIND,WIND,544.6938137218688,1445
2019-03-25T19:00:00Z,COAL,COAL,3542.589854795668,5568
2019-03-25T19:00:00Z,DUAL FUEL,DUAL FUEL,42.9776871448093,155
2019-03-25T19:00:00Z,GAS,COGENERATION,3716.6693009988467,4988
2019-03-25T19:00:00Z,GAS,COMBINED CYCLE,1300.5825167189705,1748
2019-03-25T19:00:00Z,GAS,SIMPLE CYCLE,447.5277760945426,921
2019-03-25T19:00:00Z,HYDRO,HYDRO,142.29915876958103,894
2019-03-25T19:00:00Z,OTHER,BIOMASS,101.87773918363783,154
2019-03-25T19:00:00Z,OTHER,GAS COGEN,46.13524471812778,58
2019-03-25T19:00:00Z,OTHER,OIL/GAS,41.806443786621095,53
2019-03-25T19:00:00Z,OTHER,WOOD/REFUSE,88.70573104752435,158
2019-03-25T19:00:00Z,SOLAR,SOLAR,3.601055453485913,15
2019-03-25T19:00:00Z,WIND,WIND,646.8366421807475,1445
2019-03-25T20:00:00Z,COAL,COAL,3411.3900884416366,5568
2019-03-25T20:00:00Z,DUAL FUEL,DUAL FUEL,43.01682363510132,155
2019-03-25T20:00:00Z,GAS,COGENERATION,3709.5613697991107,4988
2019-03-25T20:00:00Z,GAS,COMBINED CYCLE,1265.2299010647669,1748
2019-03-25T20:00:00Z,GAS,SIMPLE CYCLE,447.18295304881207,921
2019-03-25T20:00:00Z,HYDRO,HYDRO,140.7006101413568,894
2019-03-25T20:00:00Z,OTHER,BIOMASS,105.46807274580001,154
2019-03-25T20:00:00Z,OTHER,GAS COGEN,45.97635614236196,58
2019-03-25T20:00:00Z,OTHER,OIL/GAS,42.38032131618924,53
2019-03-25T20:00:00Z,OTHER,WOOD/REFUSE,88.46205892615848,158
2019-03-25T20:00:00Z,SOLAR,SOLAR,6.128277710543738,15
2019-03-25T20:00:00Z,WIND,WIND,802.572469306522,1445
2019-03-25T21:00:00Z,COAL,COAL,3405.1558825132583,5568
2019-03-25T21:00:00Z,DUAL FUEL,DUAL FUEL,42.64546225229899,155
2019-03-25T21:00:00Z,GAS,COGENERATION,3702.967067517638,4988
2019-03-25T21:00:00Z,GAS,COMBINED CYCLE,1264.6412530385123,1748
2019-03-25T21:00:00Z,GAS,SIMPLE CYCLE,408.39862922403546,921
2019-03-25T21:00:00Z,HYDRO,HYDRO,161.71508401592573,894
2019-03-25T21:00:00Z,OTHER,BIOMASS,105.81826762821939,154
2019-03-25T21:00:00Z,OTHER,GAS COGEN,45.95388610045115,58
2019-03-25T21:00:00Z,OTHER,OIL/GAS,43.11000061035156,53
2019-03-25T21:00:00Z,OTHER,WOOD/REFUSE,88.10259365505642,158
2019-03-25T21:00:00Z,SOLAR,SOLAR,11.005999817848206,15
2019-03-25T21:00:00Z,WIND,WIND,823.965913527343,1445
2019-03-25T22:00:00Z,COAL,COAL,3507.7260681321886,5568
2019-03-25T22:00:00Z,DUAL FUEL,DUAL FUEL,43.18674209594727,155
2019-03-25T22:00:00Z,GAS,COGENERATION,3696.4339357782405,4988
2019-03-25T22:00:00Z,GAS,COMBINED CYCLE,1277.6455696471533,1748
2019-03-25T22:00:00Z,GAS,SIMPLE CYCLE,404.10690986858475,921
2019-03-25T22:00:00Z,HYDRO,HYDRO,179.72876498557628,894
2019-03-25T22:00:00Z,OTHER,BIOMASS,105.4907737382253,154
2019-03-25T22:00:00Z,OTHER,GAS COGEN,45.86798280715942,58
2019-03-25T22:00:00Z,OTHER,OIL/GAS,42.67636611938477,53
2019-03-25T22:00:00Z,OTHER,WOOD/REFUSE,88.33306358178456,158
2019-03-25T22:00:00Z,SOLAR,SOLAR,9.86661096466912,15
2019-03-25T22:00:00Z,WIND,WIND,729.8126693096923,1445
2019-03-25T23:00:00Z,COAL,COAL,3618.5366530058122,5568
2019-03-25T23:00:00Z,DUAL FUEL,DUAL FUEL,43.024228710598415,155
2019-03-25T23:00:00Z,GAS,COGENERATION,3701.4879076670936,4988
2019-03-25T23:00:00Z,GAS,COMBINED CYCLE,1320.2409721480476,1748
2019-03-25T23:00:00Z,GAS,SIMPLE CYCLE,396.62864718973634,921
2019-03-25T23:00:00Z,HYDRO,HYDRO,225.0125031281511,894
2019-03-25T23:00:00Z,OTHER,BIOMASS,105.24198458194732,154
2019-03-25T23:00:00Z,OTHER,GAS COGEN,45.766549825668335,58
2019-03-25T23:00:00Z,OTHER,OIL/GAS,42.875155228508845,53
2019-03-25T23:00:00Z,OTHER,WOOD/REFUSE,88.69965691460504,158
2019-03-25T23:00:00Z,SOLAR,SOLAR,6.52988872607549,15
2019-03-25T23:00:00Z,WIND,WIND,703.2176034480664,1445
2019-03-26T00:00:00Z,COAL,COAL,3772.7507814195424,5568
2019-03-26T00:00:00Z,DUAL FUEL,DUAL FUEL,42.9991140153673,155
2019-03-26T00:00:00Z,GAS,COGENERATION,3689.0273357805613,4988
2019-03-26T00:00:00Z,GAS,COMBINED CYCLE,1312.664348747995,1748
2019-03-26T00:00:00Z,GAS,SIMPLE CYCLE,393.1331859119733,921
2019-03-26T00:00:00Z,HYDRO,HYDRO,182.05811997109817,894
2019-03-26T00:00:00Z,OTHER,BIOMASS,103.0341175699234,154
2019-03-26T00:00:00Z,OTHER,GAS COGEN,46.112375577290855,58
2019-03-26T00:00:00Z,OTHER,OIL/GAS,44.421871429019504,53
2019-03-26T00:00:00Z,OTHER,WOOD/REFUSE,88.28946943971846,158
2019-03-26T00:00:00Z,SOLAR,SOLAR,2.7674999535746045,15
2019-03-26T00:00:00Z,WIND,WIND,495.8027083296246,1445
2019-03-26T01:00:00Z,COAL,COAL,3814.795386882358,5568
2019-03-26T01:00:00Z,DUAL FUEL,DUAL FUEL,43.1116906229655,155
2019-03-26T01:00:00Z,GAS,COGENERATION,3691.5645829972623,4988
2019-03-26T01:00:00Z,GAS,COMBINED CYCLE,1314.3523070327442,1748
2019-03-26T01:00:00Z,GAS,SIMPLE CYCLE,396.0404561565982,921
2019-03-26T01:00:00Z,HYDRO,HYDRO,159.83275797771083,894
2019-03-26T01:00:00Z,OTHER,BIOMASS,94.79580512311723,154
2019-03-26T01:00:00Z,OTHER,GAS COGEN,46.10234160317315,58
2019-03-26T01:00:00Z,OTHER,OIL/GAS,44.128348941802976,53
2019-03-26T01:00:00Z,OTHER,WOOD/REFUSE,87.68196708255343,158
2019-03-26T01:00:00Z,SOLAR,SOLAR,0.2152777756916152,15
2019-03-26T01:00:00Z,WIND,WIND,444.051025275083,1445
2019-03-26T02:00:00Z,COAL,COAL,3825.2252883105807,5568
2019-03-26T02:00:00Z,DUAL FUEL,DUAL FUEL,61.559286963144935,155
2019-03-26T02:00:00Z,GAS,COGENERATION,3694.790206417839,4988
2019-03-26T02:00:00Z,GAS,COMBINED CYCLE,1269.9934734516673,1748
2019-03-26T02:00:00Z,GAS,SIMPLE CYCLE,476.1385058451692,921
2019-03-26T02:00:00Z,HYDRO,HYDRO,131.65951513836782,894
2019-03-26T02:00:00Z,OTHER,BIOMASS,91.24386107497745,154
2019-03-26T02:00:00Z,OTHER,GAS COGEN,46.033932533264164,58
2019-03-26T02:00:00Z,OTHER,OIL/GAS,43.67021543502808,53
2019-03-26T02:00:00Z,OTHER,WOOD/REFUSE,87.58068992243874,158
2019-03-26T02:00:00Z,SOLAR,SOLAR,0,15
2019-03-26T02:00:00Z,WIND,WIND,422.68521043789053,1445
2019-03-26T03:00:00Z,COAL,COAL,3811.978975813124,5568
2019-03-26T03:00:00Z,DUAL FUEL,DUAL FUEL,55.768121802012125,155
2019-03-26T03:00:00Z,GAS,COGENERATION,3686.923064393865,4988
2019-03-26T03:00:00Z,GAS,COMBINED CYCLE,1263.5609654365646,1748
2019-03-26T03:00:00Z,GAS,SIMPLE CYCLE,470.64600909914407,921
2019-03-26T03:00:00Z,HYDRO,HYDRO,137.0305093507303,894
2019-03-26T03:00:00Z,OTHER,BIOMASS,91.17311084005567,154
2019-03-26T03:00:00Z,OTHER,GAS COGEN,46.079961641099715,58
2019-03-26T03:00:00Z,OTHER,OIL/GAS,44.311070664723715,53
2019-03-26T03:00:00Z,OTHER,WOOD/REFUSE,87.25207007249196,158
2019-03-26T03:00:00Z,SOLAR,SOLAR,0,15
2019-03-26T03:00:00Z,WIND,WIND,397.7663257961803,1445
2019-03-26T04:00:00Z,COAL,COAL,3789.1473900646633,5568
2019-03-26T04:00:00Z,DUAL FUEL,DUAL FUEL,43.89606783972846,155
2019-03-26T04:00:00Z,GAS,COGENERATION,3687.9155765518876,4988
2019-03-26T04:00:00Z,GAS,COMBINED CYCLE,1117.2011787396007,1748
2019-03-26T04:00:00Z,GAS,SIMPLE CYCLE,398.7288759371638,921
2019-03-26T04:00:00Z,HYDRO,HYDRO,105.44678106890785,894
2019-03-26T04:00:00Z,OTHER,BIOMASS,92.9513281059265,154
2019-03-26T04:00:00Z,OTHER,GAS COGEN,46.25500227557288,58
2019-03-26T04:00:00Z,OTHER,OIL/GAS,44.1893378215366,53
2019-03-26T04:00:00Z,OTHER,WOOD/REFUSE,88.38302542368571,158
2019-03-26T04:00:00Z,SOLAR,SOLAR,0,15
2019-03-26T04:00:00Z,WIND,WIND,371.19474366250137,1445
2019-03-26T05:00:00Z,COAL,COAL,3739.238976228502,5568
2019-03-26T05:00:00Z,DUAL FUEL,DUAL FUEL,43.18230343500773,155
2019-03-26T05:00:00Z,GAS,COGENERATION,3654.3427323102287,4988
2019-03-26T05:00:00Z,GAS,COMBINED CYCLE,994.9511755683686,1748
2019-03-26T05:00:00Z,GAS,SIMPLE CYCLE,306.466393654214,921
2019-03-26T05:00:00Z,HYDRO,HYDRO,92.3079450148344,894
2019-03-26T05:00:00Z,OTHER,BIOMASS,91.07531695259942,154
2019-03-26T05:00:00Z,OTHER,GAS COGEN,45.95090671009487,58
2019-03-26T05:00:00Z,OTHER,OIL/GAS,44.34004867553711,53
2019-03-26T05:00:00Z,OTHER,WOOD/REFUSE,88.16356973859999,158
2019-03-26T05:00:00Z,SOLAR,SOLAR,0,15
2019-03-26T05:00:00Z,WIND,WIND,298.82340818451513,1445
2019-03-26T06:00:00Z,COAL,COAL,3688.941554480659,5568
2019-03-26T06:00:00Z,DUAL FUEL,DUAL FUEL,42.995348661210805,155
2019-03-26T06:00:00Z,GAS,COGENERATION,3703.997878979312,4988
2019-03-26T06:00:00Z,GAS,COMBINED CYCLE,932.1111666168107,1748
2019-03-26T06:00:00Z,GAS,SIMPLE CYCLE,193.69226512113377,921
2019-03-26T06:00:00Z,HYDRO,HYDRO,100.49502447976006,894
2019-03-26T06:00:00Z,OTHER,BIOMASS,91.21093864176008,154
2019-03-26T06:00:00Z,OTHER,GAS COGEN,46.07948454009163,58
2019-03-26T06:00:00Z,OTHER,OIL/GAS,44.16020442538791,53
2019-03-26T06:00:00Z,OTHER,WOOD/REFUSE,87.84639392693838,158
2019-03-26T06:00:00Z,SOLAR,SOLAR,0,15
2019-03-26T06:00:00Z,WIND,WIND,288.7619951993558,1445
2019-03-26T07:00:00Z,COAL,COAL,3508.6459181891546,5568
2019-03-26T07:00:00Z,DUAL FUEL,DUAL FUEL,42.974162065717906,155
2019-03-26T07:00:00Z,GAS,COGENERATION,3737.7233212178285,4988
2019-03-26T07:00:00Z,GAS,COMBINED CYCLE,930.1341581765811,1748
2019-03-26T07:00:00Z,GAS,SIMPLE CYCLE,193.74626843419338,921
2019-03-26T07:00:00Z,HYDRO,HYDRO,98.75357828683323,894
2019-03-26T07:00:00Z,OTHER,BIOMASS,91.83617743333181,154
2019-03-26T07:00:00Z,OTHER,GAS COGEN,45.89696483612061,58
2019-03-26T07:00:00Z,OTHER,OIL/GAS,43.83840460883246,53
2019-03-26T07:00:00Z,OTHER,WOOD/REFUSE,88.23675956514147,158
2019-03-26T07:00:00Z,SOLAR,SOLAR,0,15
2019-03-26T07:00:00Z,WIND,WIND,358.0967524832032,1445
2019-03-26T08:00:00Z,COAL,COAL,3449.0971215608383,5568
2019-03-26T08:00:00Z,DUAL FUEL,DUAL FUEL,42.79124404059516,155
2019-03-26T08:00:00Z,GAS,COGENERATION,3738.671515335656,4988
2019-03-26T08:00:00Z,GAS,COMBINED CYCLE,941.8832950335079,1748
2019-03-26T08:00:00Z,GAS,SIMPLE CYCLE,199.53731585794026,921
2019-03-26T08:00:00Z,HYDRO,HYDRO,121.84825418697463,894
2019-03-26T08:00:00Z,OTHER,BIOMASS,98.74587803469765,154
2019-03-26T08:00:00Z,OTHER,GAS COGEN,45.87365276972453,58
2019-03-26T08:00:00Z,OTHER,OIL/GAS,43.6166593170166,53
2019-03-26T08:00:00Z,OTHER,WOOD/REFUSE,89.41583606931898,158
2019-03-26T08:00:00Z,SOLAR,SOLAR,0,15
2019-03-26T08:00:00Z,WIND,WIND,325.1724465446174,1445
2019-03-26T09:00:00Z,COAL,COAL,3594.7044857152305,5568
2019-03-26T09:00:00Z,DUAL FUEL,DUAL FUEL,42.83137637456258,155
2019-03-26T09:00:00Z,GAS,COGENERATION,3734.558669568764,4988
2019-03-26T09:00:00Z,GAS,COMBINED CYCLE,944.5097351630528,1748
2019-03-26T09:00:00Z,GAS,SIMPLE CYCLE,197.15586991290252,921
2019-03-26T09:00:00Z,HYDRO,HYDRO,128.65086620072523,894
2019-03-26T09:00:00Z,OTHER,BIOMASS,98.7483614842097,154
2019-03-26T09:00:00Z,OTHER,GAS COGEN,45.88767754660712,58
2019-03-26T09:00:00Z,OTHER,OIL/GAS,44.103287874857585,53
2019-03-26T09:00:00Z,OTHER,WOOD/REFUSE,87.59196804523468,158
2019-03-26T09:00:00Z,SOLAR,SOLAR,0,15
2019-03-26T09:00:00Z,WIND,WIND,242.62496743117768,1445
2019-03-26T10:00:00Z,COAL,COAL,3785.691609573364,5568
2019-03-26T10:00:00Z,DUAL FUEL,DUAL FUEL,42.86887884140015,155
2019-03-26T10:00:00Z,GAS,COGENERATION,3742.2067989614275,4988
2019-03-26T10:00:00Z,GAS,COMBINED CYCLE,943.2846444601482,1748
2019-03-26T10:00:00Z,GAS,SIMPLE CYCLE,194.17197059444257,921
2019-03-26T10:00:00Z,HYDRO,HYDRO,120.36574556012948,894
2019-03-26T10:00:00Z,OTHER,BIOMASS,100.23912246598138,154
2019-03-26T10:00:00Z,OTHER,GAS COGEN,46.01640165964762,58
2019-03-26T10:00:00Z,OTHER,OIL/GAS,43.2651430829366,53
2019-03-26T10:00:00Z,OTHER,WOOD/REFUSE,86.860855173005,158
2019-03-26T10:00:00Z,SOLAR,SOLAR,0,15
2019-03-26T10:00:00Z,WIND,WIND,184.50060185684927,1445
2019-03-26T11:00:00Z,COAL,COAL,3763.6683061684503,5568
2019-03-26T11:00:00Z,DUAL FUEL,DUAL FUEL,51.75923433939616,155
2019-03-26T11:00:00Z,GAS,COGENERATION,3699.4667242984638,4988
2019-03-26T11:00:00Z,GAS,COMBINED CYCLE,995.7826952690548,1748
2019-03-26T11:00:00Z,GAS,SIMPLE CYCLE,209.9436451191041,921
2019-03-26T11:00:00Z,HYDRO,HYDRO,140.90725885146193,894
2019-03-26T11:00:00Z,OTHER,BIOMASS,104.90939457045661,154
2019-03-26T11:00:00Z,OTHER,GAS COGEN,45.902644355561996,58
2019-03-26T11:00:00Z,OTHER,OIL/GAS,42.28722060521443,53
2019-03-26T11:00:00Z,OTHER,WOOD/REFUSE,86.71662414444818,158
2019-03-26T11:00:00Z,SOLAR,SOLAR,0,15
2019-03-26T11:00:00Z,WIND,WIND,127.9840692192078,1445
2019-03-26T12:00:00Z,COAL,COAL,3772.9189976331922,5568
2019-03-26T12:00:00Z,DUAL FUEL,DUAL FUEL,49.99084052827623,155
2019-03-26T12:00:00Z,GAS,COGENERATION,3696.4687743802865,4988
2019-03-26T12:00:00Z,GAS,COMBINED CYCLE,1032.616836833424,1748
2019-03-26T12:00:00Z,GAS,SIMPLE CYCLE,203.7372620648808,921
2019-03-26T12:00:00Z,HYDRO,HYDRO,104.4009658483002,894
2019-03-26T12:00:00Z,OTHER,BIOMASS,103.51915022797054,154
2019-03-26T12:00:00Z,OTHER,GAS COGEN,45.853541328112286,58
2019-03-26T12:00:00Z,OTHER,OIL/GAS,43.55939342498779,53
2019-03-26T12:00:00Z,OTHER,WOOD/REFUSE,86.10475792990792,158
2019-03-26T12:00:00Z,SOLAR,SOLAR,0,15
2019-03-26T12:00:00Z,WIND,WIND,374.4222618206756,1445
2019-03-26T13:00:00Z,COAL,COAL,3527.3537037234837,5568
2019-03-26T13:00:00Z,DUAL FUEL,DUAL FUEL,43.06092618306478,155
2019-03-26T13:00:00Z,GAS,COGENERATION,3700.11238439242,4988
2019-03-26T13:00:00Z,GAS,COMBINED CYCLE,1248.937710694207,1748
2019-03-26T13:00:00Z,GAS,SIMPLE CYCLE,278.7534524933994,921
2019-03-26T13:00:00Z,HYDRO,HYDRO,110.95139078325695,894
2019-03-26T13:00:00Z,OTHER,BIOMASS,108.74276728285683,154
2019-03-26T13:00:00Z,OTHER,GAS COGEN,45.59509442912208,58
2019-03-26T13:00:00Z,OTHER,OIL/GAS,43.78225462171766,53
2019-03-26T13:00:00Z,OTHER,WOOD/REFUSE,86.81538066864013,158
2019-03-26T13:00:00Z,SOLAR,SOLAR,0,15
2019-03-26T13:00:00Z,WIND,WIND,674.3829723165763,1445
2019-03-26T14:00:00Z,COAL,COAL,3437.7911747317844,5568
2019-03-26T14:00:00Z,DUAL FUEL,DUAL FUEL,42.86850636588203,155
2019-03-26T14:00:00Z,GAS,COGENERATION,3699.4095676736038,4988
2019-03-26T14:00:00Z,GAS,COMBINED CYCLE,1358.390981353124,1748
2019-03-26T14:00:00Z,GAS,SIMPLE CYCLE,287.9152681948741,921
2019-03-26T14:00:00Z,HYDRO,HYDRO,178.76551359083916,894
2019-03-26T14:00:00Z,OTHER,BIOMASS,113.93805573728349,154
2019-03-26T14:00:00Z,OTHER,GAS COGEN,45.530122979482016,58
2019-03-26T14:00:00Z,OTHER,OIL/GAS,43.45784257888794,53
2019-03-26T14:00:00Z,OTHER,WOOD/REFUSE,87.02080753856235,158
2019-03-26T14:00:00Z,SOLAR,SOLAR,0.6461666426724858,15
2019-03-26T14:00:00Z,WIND,WIND,571.4890319189594,1445
2019-03-26T15:00:00Z,COAL,COAL,3695.939868206448,5568
2019-03-26T15:00:00Z,DUAL FUEL,DUAL FUEL,51.3714562479655,155
2019-03-26T15:00:00Z,GAS,COGENERATION,3549.7612594617076,4988
2019-03-26T15:00:00Z,GAS,COMBINED CYCLE,1393.5465194590888,1748
2019-03-26T15:00:00Z,GAS,SIMPLE CYCLE,351.62951893991897,921
2019-03-26T15:00:00Z,HYDRO,HYDRO,164.5572272388637,894
2019-03-26T15:00:00Z,OTHER,BIOMASS,114.26028421137069,154
2019-03-26T15:00:00Z,OTHER,GAS COGEN,45.62867206043667,58
2019-03-26T15:00:00Z,OTHER,OIL/GAS,44.09263769361708,53
2019-03-26T15:00:00Z,OTHER,WOOD/REFUSE,87.15388730155098,158
2019-03-26T15:00:00Z,SOLAR,SOLAR,2.5713888551129234,15
2019-03-26T15:00:00Z,WIND,WIND,522.4989011717588,1445
2019-03-26T16:00:00Z,COAL,COAL,3734.413978797065,5568
2019-03-26T16:00:00Z,DUAL FUEL,DUAL FUEL,43.231097068786625,155
2019-03-26T16:00:00Z,GAS,COGENERATION,3540.5665680503844,4988
2019-03-26T16:00:00Z,GAS,COMBINED CYCLE,1361.9455988020368,1748
2019-03-26T16:00:00Z,GAS,SIMPLE CYCLE,304.2993967813916,921
2019-03-26T16:00:00Z,HYDRO,HYDRO,114.92559997596675,894
2019-03-26T16:00:00Z,OTHER,BIOMASS,110.69035586251152,154
2019-03-26T16:00:00Z,OTHER,GAS COGEN,45.82519944720798,58
2019-03-26T16:00:00Z,OTHER,OIL/GAS,44.69921514511108,53
2019-03-26T16:00:00Z,OTHER,WOOD/REFUSE,88.58486058923934,158
2019-03-26T16:00:00Z,SOLAR,SOLAR,8.482277685536278,15
2019-03-26T16:00:00Z,WIND,WIND,635.3279736131595,1445
2019-03-26T17:00:00Z,COAL,COAL,3521.495351999071,5568
2019-03-26T17:00:00Z,DUAL FUEL,DUAL FUEL,42.58824655956692,155
2019-03-26T17:00:00Z,GAS,COGENERATION,3677.006622841623,4988
2019-03-26T17:00:00Z,GAS,COMBINED CYCLE,1334.3347039180333,1748
2019-03-26T17:00:00Z,GAS,SIMPLE CYCLE,302.44209013399154,921
2019-03-26T17:00:00Z,HYDRO,HYDRO,134.7255031550262,894
2019-03-26T17:00:00Z,OTHER,BIOMASS,110.63467789702945,154
2019-03-26T17:00:00Z,OTHER,GAS COGEN,45.923336613972985,58
2019-03-26T17:00:00Z,OTHER,OIL/GAS,44.5655984433492,53
2019-03-26T17:00:00Z,OTHER,WOOD/REFUSE,87.91894128428567,158
2019-03-26T17:00:00Z,SOLAR,SOLAR,10.13994428594907,15
2019-03-26T17:00:00Z,WIND,WIND,784.3984734177093,1445
2019-03-26T18:00:00Z,COAL,COAL,3383.608684565226,5568
2019-03-26T18:00:00Z,DUAL FUEL,DUAL FUEL,42.44744602203369,155
2019-03-26T18:00:00Z,GAS,COGENERATION,3653.7271329402924,4988
2019-03-26T18:00:00Z,GAS,COMBINED CYCLE,1321.4321074475183,1748
2019-03-26T18:00:00Z,GAS,SIMPLE CYCLE,294.5555187320047,921
2019-03-26T18:00:00Z,HYDRO,HYDRO,117.06259531034364,894
2019-03-26T18:00:00Z,OTHER,BIOMASS,107.18655637582143,154
2019-03-26T18:00:00Z,OTHER,GAS COGEN,46.164271867010335,58
2019-03-26T18:00:00Z,OTHER,OIL/GAS,44.314438084496395,53
2019-03-26T18:00:00Z,OTHER,WOOD/REFUSE,87.24896786954669,158
2019-03-26T18:00:00Z,SOLAR,SOLAR,8.968888740009731,15
2019-03-26T18:00:00Z,WIND,WIND,938.4595529153074,1445
2019-03-26T19:00:00Z,COAL,COAL,3194.3716851128474,5568
2019-03-26T19:00:00Z,DUAL FUEL,DUAL FUEL,42.53418223275079,155
2019-03-26T19:00:00Z,GAS,COGENERATION,3650.9627678751945,4988
2019-03-26T19:00:00Z,GAS,COMBINED CYCLE,1322.0979939248828,1748
2019-03-26T19:00:00Z,GAS,SIMPLE CYCLE,293.44844950093164,921
2019-03-26T19:00:00Z,HYDRO,HYDRO,168.7638596459561,894
2019-03-26T19:00:00Z,OTHER,BIOMASS,108.90868917412227,154
2019-03-26T19:00:00Z,OTHER,GAS COGEN,46.56732181125217,58
2019-03-26T19:00:00Z,OTHER,OIL/GAS,44.53844842698839,53
2019-03-26T19:00:00Z,OTHER,WOOD/REFUSE,86.51294733259412,158
2019-03-26T19:00:00Z,SOLAR,SOLAR,8.660444276067945,15
2019-03-26T19:00:00Z,WIND,WIND,1006.0646231425885,1445
2019-03-26T20:00:00Z,COAL,COAL,3177.241422733731,5568
2019-03-26T20:00:00Z,DUAL FUEL,DUAL FUEL,42.42906811820136,155
2019-03-26T20:00:00Z,GAS,COGENERATION,3643.624870321221,4988
2019-03-26T20:00:00Z,GAS,COMBINED CYCLE,1312.2085628742643,1748
2019-03-26T20:00:00Z,GAS,SIMPLE CYCLE,294.0657942780521,921
2019-03-26T20:00:00Z,HYDRO,HYDRO,144.858981010384,894
2019-03-26T20:00:00Z,OTHER,BIOMASS,110.5654228538937,154
2019-03-26T20:00:00Z,OTHER,GAS COGEN,42.428128434287174,58
2019-03-26T20:00:00Z,OTHER,OIL/GAS,44.020637891557485,53
2019-03-26T20:00:00Z,OTHER,WOOD/REFUSE,86.41580661932628,158
2019-03-26T20:00:00Z,SOLAR,SOLAR,12.936721907721626,15
2019-03-26T20:00:00Z,WIND,WIND,1052.626463261793,1445
2019-03-26T21:00:00Z,COAL,COAL,3152.525125397576,5568
2019-03-26T21:00:00Z,DUAL FUEL,DUAL FUEL,42.67513005362617,155
2019-03-26T21:00:00Z,GAS,COGENERATION,3648.2758844039176,4988
2019-03-26T21:00:00Z,GAS,COMBINED CYCLE,1288.7329045274523,1748
2019-03-26T21:00:00Z,GAS,SIMPLE CYCLE,286.9344040806012,921
2019-03-26T21:00:00Z,HYDRO,HYDRO,124.12016621907551,894
2019-03-26T21:00:00Z,OTHER,BIOMASS,111.73606741163466,154
2019-03-26T21:00:00Z,OTHER,GAS COGEN,40.13339552932316,58
2019-03-26T21:00:00Z,OTHER,OIL/GAS,44.00791542689006,53
2019-03-26T21:00:00Z,OTHER,WOOD/REFUSE,86.77514382150439,158
2019-03-26T21:00:00Z,SOLAR,SOLAR,13.222555429140726,15
2019-03-26T21:00:00Z,WIND,WIND,1078.3116788982684,1445
2019-03-26T22:00:00Z,COAL,COAL,3147.078627264235,5568
2019-03-26T22:00:00Z,DUAL FUEL,DUAL FUEL,42.616177026960585,155
2019-03-26T22:00:00Z,GAS,COGENERATION,3658.6101612443395,4988
2019-03-26T22:00:00Z,GAS,COMBINED CYCLE,1303.400801724328,1748
2019-03-26T22:00:00Z,GAS,SIMPLE CYCLE,286.031168999109,921
2019-03-26T22:00:00Z,HYDRO,HYDRO,131.8917341430982,894
2019-03-26T22:00:00Z,OTHER,BIOMASS,113.19044016414219,154
2019-03-26T22:00:00Z,OTHER,GAS COGEN,43.267340251604715,58
2019-03-26T22:00:00Z,OTHER,OIL/GAS,44.417332337697346,53
2019-03-26T22:00:00Z,OTHER,WOOD/REFUSE,86.58922239197625,158
2019-03-26T22:00:00Z,SOLAR,SOLAR,10.623610875606538,15
2019-03-26T22:00:00Z,WIND,WIND,1132.9594897733793,1445
2019-03-26T23:00:00Z,COAL,COAL,3168.328066474067,5568
2019-03-26T23:00:00Z,DUAL FUEL,DUAL FUEL,42.47549920611911,155
2019-03-26T23:00:00Z,GAS,COGENERATION,3707.768422091537,4988
2019-03-26T23:00:00Z,GAS,COMBINED CYCLE,1334.2686330975425,1748
2019-03-26T23:00:00Z,GAS,SIMPLE CYCLE,287.7235770705011,921
2019-03-26T23:00:00Z,HYDRO,HYDRO,144.31124229809475,894
2019-03-26T23:00:00Z,OTHER,BIOMASS,113.4077507098516,154
2019-03-26T23:00:00Z,OTHER,GAS COGEN,45.213734533521865,58
2019-03-26T23:00:00Z,OTHER,OIL/GAS,43.70194343778822,53
2019-03-26T23:00:00Z,OTHER,WOOD/REFUSE,86.31187676535713,158
2019-03-26T23:00:00Z,SOLAR,SOLAR,7.120555472638872,15
2019-03-26T23:00:00Z,WIND,WIND,1169.7290564328432,1445
2019-03-27T00:00:00Z,COAL,COAL,3167.3770887883506,5568
2019-03-27T00:00:00Z,DUAL FUEL,DUAL FUEL,42.55916666242811,155
2019-03-27T00:00:00Z,GAS,COGENERATION,3727.2086997168594,4988
2019-03-27T00:00:00Z,GAS,COMBINED CYCLE,1216.4337991174061,1748
2019-03-27T00:00:00Z,GAS,SIMPLE CYCLE,288.5994598959552,921
2019-03-27T00:00:00Z,HYDRO,HYDRO,135.23294270104833,894
2019-03-27T00:00:00Z,OTHER,BIOMASS,111.02146193292405,154
2019-03-27T00:00:00Z,OTHER,GAS COGEN,45.07342008802626,58
2019-03-27T00:00:00Z,OTHER,OIL/GAS,44.19493159400092,53
2019-03-27T00:00:00Z,OTHER,WOOD/REFUSE,86.35315143426259,158
2019-03-27T00:00:00Z,SOLAR,SOLAR,1.5080555443796846,15
2019-03-27T00:00:00Z,WIND,WIND,1175.405370516777,1445
2019-03-27T01:00:00Z,COAL,COAL,3139.088165520562,5568
2019-03-27T01:00:00Z,DUAL FUEL,DUAL FUEL,42.599791300031875,155
2019-03-27T01:00:00Z,GAS,COGENERATION,3782.4231913762624,4988
2019-03-27T01:00:00Z,GAS,COMBINED CYCLE,1136.3978296105067,1748
2019-03-27T01:00:00Z,GAS,SIMPLE CYCLE,291.60053605258463,921
2019-03-27T01:00:00Z,HYDRO,HYDRO,153.16931341939502,894
2019-03-27T01:00:00Z,OTHER,BIOMASS,106.0985231118732,154
2019-03-27T01:00:00Z,OTHER,GAS COGEN,45.05481133143107,58
2019-03-27T01:00:00Z,OTHER,OIL/GAS,44.121371510823565,53
2019-03-27T01:00:00Z,OTHER,WOOD/REFUSE,86.84991014692518,158
2019-03-27T01:00:00Z,SOLAR,SOLAR,0.04727777712874942,15
2019-03-27T01:00:00Z,WIND,WIND,1130.3711586246225,1445
2019-03-27T02:00:00Z,COAL,COAL,3146.594866636064,5568
2019-03-27T02:00:00Z,DUAL FUEL,DUAL FUEL,42.65309654871623,155
2019-03-27T02:00:00Z,GAS,COGENERATION,3829.0686555687585,4988
2019-03-27T02:00:00Z,GAS,COMBINED CYCLE,1141.8514624712202,1748
2019-03-27T02:00:00Z,GAS,SIMPLE CYCLE,293.35391940143376,921
2019-03-27T02:00:00Z,HYDRO,HYDRO,121.0325798450576,894
2019-03-27T02:00:00Z,OTHER,BIOMASS,105.9772170888053,154
2019-03-27T02:00:00Z,OTHER,GAS COGEN,45.33826312806871,58
2019-03-27T02:00:00Z,OTHER,OIL/GAS,43.75204874038696,53
2019-03-27T02:00:00Z,OTHER,WOOD/REFUSE,87.0786807706621,158
2019-03-27T02:00:00Z,SOLAR,SOLAR,0,15
2019-03-27T02:00:00Z,WIND,WIND,1116.9855999518434,1445
2019-03-27T03:00:00Z,COAL,COAL,3129.0395768780177,5568
2019-03-27T03:00:00Z,DUAL FUEL,DUAL FUEL,42.62984658559163,155
2019-03-27T03:00:00Z,GAS,COGENERATION,3858.695069553587,4988
2019-03-27T03:00:00Z,GAS,COMBINED CYCLE,1134.080392156707,1748
2019-03-27T03:00:00Z,GAS,SIMPLE CYCLE,293.66668915557364,921
2019-03-27T03:00:00Z,HYDRO,HYDRO,147.58008476068576,894
2019-03-27T03:00:00Z,OTHER,BIOMASS,109.26699997319115,154
2019-03-27T03:00:00Z,OTHER,GAS COGEN,45.48344605339898,58
2019-03-27T03:00:00Z,OTHER,OIL/GAS,43.604820857577856,53
2019-03-27T03:00:00Z,OTHER,WOOD/REFUSE,88.03881887965733,158
2019-03-27T03:00:00Z,SOLAR,SOLAR,0,15
2019-03-27T03:00:00Z,WIND,WIND,961.6610481384065,1445
2019-03-27T04:00:00Z,COAL,COAL,3159.805304404365,5568
2019-03-27T04:00:00Z,DUAL FUEL,DUAL FUEL,42.70321929295858,155
2019-03-27T04:00:00Z,GAS,COGENERATION,3818.821359368364,4988
2019-03-27T04:00:00Z,GAS,COMBINED CYCLE,1083.810932065116,1748
2019-03-27T04:00:00Z,GAS,SIMPLE CYCLE,294.1649653639396,921
2019-03-27T04:00:00Z,HYDRO,HYDRO,138.5045374906063,894
2019-03-27T04:00:00Z,OTHER,BIOMASS,113.35350562784407,154
2019-03-27T04:00:00Z,OTHER,GAS COGEN,45.526037466261116,58
2019-03-27T04:00:00Z,OTHER,OIL/GAS,43.67860982894897,53
2019-03-27T04:00:00Z,OTHER,WOOD/REFUSE,88.78195644696554,158
2019-03-27T04:00:00Z,SOLAR,SOLAR,0,15
2019-03-27T04:00:00Z,WIND,WIND,803.7356059055196,1445
2019-03-27T05:00:00Z,COAL,COAL,3188.511768186357,5568
2019-03-27T05:00:00Z,DUAL FUEL,DUAL FUEL,42.706359717051185,155
2019-03-27T05:00:00Z,GAS,COGENERATION,3796.0993665035567,4988
2019-03-27T05:00:00Z,GAS,COMBINED CYCLE,966.0783884376949,1748
2019-03-27T05:00:00Z,GAS,SIMPLE CYCLE,199.3761687376764,921
2019-03-27T05:00:00Z,HYDRO,HYDRO,88.09865804051358,894
2019-03-27T05:00:00Z,OTHER,BIOMASS,113.83408882194095,154
2019-03-27T05:00:00Z,OTHER,GAS COGEN,44.246651843388875,58
2019-03-27T05:00:00Z,OTHER,OIL/GAS,43.15701627731323,53
2019-03-27T05:00:00Z,OTHER,WOOD/REFUSE,88.56748262140485,158
2019-03-27T05:00:00Z,SOLAR,SOLAR,0,15
2019-03-27T05:00:00Z,WIND,WIND,802.3428893317448,1445
2019-03-27T06:00:00Z,COAL,COAL,3099.797355372111,5568
2019-03-27T06:00:00Z,DUAL FUEL,DUAL FUEL,57.191726114485,155
2019-03-27T06:00:00Z,GAS,COGENERATION,3804.451488101747,4988
2019-03-27T06:00:00Z,GAS,COMBINED CYCLE,949.8180660035875,1748
2019-03-27T06:00:00Z,GAS,SIMPLE CYCLE,201.69169263998668,921
2019-03-27T06:00:00Z,HYDRO,HYDRO,113.09474256243142,894
2019-03-27T06:00:00Z,OTHER,BIOMASS,115.2797386153539,154
2019-03-27T06:00:00Z,OTHER,GAS COGEN,45.63168584717644,58
2019-03-27T06:00:00Z,OTHER,OIL/GAS,43.235564375983344,53
2019-03-27T06:00:00Z,OTHER,WOOD/REFUSE,88.23498341772292,158
2019-03-27T06:00:00Z,SOLAR,SOLAR,0,15
2019-03-27T06:00:00Z,WIND,WIND,653.743481651114,1445
2019-03-27T07:00:00Z,COAL,COAL,3182.976057779524,5568
2019-03-27T07:00:00Z,DUAL FUEL,DUAL FUEL,60.41974271138509,155
2019-03-27T07:00:00Z,GAS,COGENERATION,3806.068233510918,4988
2019-03-27T07:00:00Z,GAS,COMBINED CYCLE,947.4107214072015,1748
2019-03-27T07:00:00Z,GAS,SIMPLE CYCLE,199.76779326404133,921
2019-03-27T07:00:00Z,HYDRO,HYDRO,95.4725508930948,894
2019-03-27T07:00:00Z,OTHER,BIOMASS,111.91529951466454,154
2019-03-27T07:00:00Z,OTHER,GAS COGEN,45.859306094381544,58
2019-03-27T07:00:00Z,OTHER,OIL/GAS,43.71208191553752,53
2019-03-27T07:00:00Z,OTHER,WOOD/REFUSE,88.05438712967766,158
2019-03-27T07:00:00Z,SOLAR,SOLAR,0,15
2019-03-27T07:00:00Z,WIND,WIND,511.8506194112864,1445
2019-03-27T08:00:00Z,COAL,COAL,3223.3356351004704,5568
2019-03-27T08:00:00Z,DUAL FUEL,DUAL FUEL,60.12371369679769,155
2019-03-27T08:00:00Z,GAS,COGENERATION,3807.98722853952,4988
2019-03-27T08:00:00Z,GAS,COMBINED CYCLE,953.7106902334425,1748
2019-03-27T08:00:00Z,GAS,SIMPLE CYCLE,198.72200730262531,921
2019-03-27T08:00:00Z,HYDRO,HYDRO,116.81733750436041,894
2019-03-27T08:00:00Z,OTHER,BIOMASS,103.94461550474168,154
2019-03-27T08:00:00Z,OTHER,GAS COGEN,46.30209667788612,58
2019-03-27T08:00:00Z,OTHER,OIL/GAS,43.5779649649726,53
2019-03-27T08:00:00Z,OTHER,WOOD/REFUSE,87.78021056599087,158
2019-03-27T08:00:00Z,SOLAR,SOLAR,0,15
2019-03-27T08:00:00Z,WIND,WIND,336.318320034792,1445
2019-03-27T09:00:00Z,COAL,COAL,3318.1137091700234,5568
2019-03-27T09:00:00Z,DUAL FUEL,DUAL FUEL,60.08088225894504,155
2019-03-27T09:00:00Z,GAS,COGENERATION,3813.91186043236,4988
2019-03-27T09:00:00Z,GAS,COMBINED CYCLE,989.0740120996369,1748
2019-03-27T09:00:00Z,GAS,SIMPLE CYCLE,198.95646095414958,921
2019-03-27T09:00:00Z,HYDRO,HYDRO,106.05963017910719,894
2019-03-27T09:00:00Z,OTHER,BIOMASS,109.05926114877064,154
2019-03-27T09:00:00Z,OTHER,GAS COGEN,45.66344388484955,58
2019-03-27T09:00:00Z,OTHER,OIL/GAS,43.37669902589586,53
2019-03-27T09:00:00Z,OTHER,WOOD/REFUSE,89.22157272815704,158
2019-03-27T09:00:00Z,SOLAR,SOLAR,0,15
2019-03-27T09:00:00Z,WIND,WIND,247.05533820628293,1445
2019-03-27T10:00:00Z,COAL,COAL,3356.9458085801866,5568
2019-03-27T10:00:00Z,DUAL FUEL,DUAL FUEL,60.07027635574341,155
2019-03-27T10:00:00Z,GAS,COGENERATION,3816.8320982326404,4988
2019-03-27T10:00:00Z,GAS,COMBINED CYCLE,995.9272070471446,1748
2019-03-27T10:00:00Z,GAS,SIMPLE CYCLE,199.5966097744306,921
2019-03-27T10:00:00Z,HYDRO,HYDRO,102.61382711109188,894
2019-03-27T10:00:00Z,OTHER,BIOMASS,107.37170517656538,154
2019-03-27T10:00:00Z,OTHER,GAS COGEN,45.84874833742777,58
2019-03-27T10:00:00Z,OTHER,OIL/GAS,43.65120439105563,53
2019-03-27T10:00:00Z,OTHER,WOOD/REFUSE,89.71240537696414,158
2019-03-27T10:00:00Z,SOLAR,SOLAR,0,15
2019-03-27T10:00:00Z,WIND,WIND,215.2737079093771,1445
2019-03-27T11:00:00Z,COAL,COAL,3464.5294699817237,5568
2019-03-27T11:00:00Z,DUAL FUEL,DUAL FUEL,60.01682102203369,155
2019-03-27T11:00:00Z,GAS,COGENERATION,3812.092243012852,4988
2019-03-27T11:00:00Z,GAS,COMBINED CYCLE,1019.0726457386547,1748
2019-03-27T11:00:00Z,GAS,SIMPLE CYCLE,193.01775606991515,921
2019-03-27T11:00:00Z,HYDRO,HYDRO,101.62571018563378,894
2019-03-27T11:00:00Z,OTHER,BIOMASS,108.98563304424286,154
2019-03-27T11:00:00Z,OTHER,GAS COGEN,45.987029653655156,58
2019-03-27T11:00:00Z,OTHER,OIL/GAS,43.60896584404839,53
2019-03-27T11:00:00Z,OTHER,WOOD/REFUSE,89.42101910114289,158
2019-03-27T11:00:00Z,SOLAR,SOLAR,0,15
2019-03-27T11:00:00Z,WIND,WIND,190.46609968884124,1445
2019-03-27T12:00:00Z,COAL,COAL,3685.6298273616367,5568
2019-03-27T12:00:00Z,DUAL FUEL,DUAL FUEL,60.02475676006741,155
2019-03-27T12:00:00Z,GAS,COGENERATION,3817.317068353229,4988
2019-03-27T12:00:00Z,GAS,COMBINED CYCLE,1054.674800095823,1748
2019-03-27T12:00:00Z,GAS,SIMPLE CYCLE,299.3352949549092,921
2019-03-27T12:00:00Z,HYDRO,HYDRO,111.407831677662,894
2019-03-27T12:00:00Z,OTHER,BIOMASS,113.00615490145154,154
2019-03-27T12:00:00Z,OTHER,GAS COGEN,45.951013579898415,58
2019-03-27T12:00:00Z,OTHER,OIL/GAS,43.53203805923462,53
2019-03-27T12:00:00Z,OTHER,WOOD/REFUSE,89.2827059782876,158
2019-03-27T12:00:00Z,SOLAR,SOLAR,0,15
2019-03-27T12:00:00Z,WIND,WIND,135.63778898134828,1445
2019-03-27T13:00:00Z,COAL,COAL,3773.8609930441116,5568
2019-03-27T13:00:00Z,DUAL FUEL,DUAL FUEL,60.159847571055096,155
2019-03-27T13:00:00Z,GAS,COGENERATION,3827.2009334598647,4988
2019-03-27T13:00:00Z,GAS,COMBINED CYCLE,1244.7727395216623,1748
2019-03-27T13:00:00Z,GAS,SIMPLE CYCLE,364.34204029881295,921
2019-03-27T13:00:00Z,HYDRO,HYDRO,135.60701342331038,894
2019-03-27T13:00:00Z,OTHER,BIOMASS,109.95642179965972,154
2019-03-27T13:00:00Z,OTHER,GAS COGEN,45.97739544285668,58
2019-03-27T13:00:00Z,OTHER,OIL/GAS,44.35143232981364,53
2019-03-27T13:00:00Z,OTHER,WOOD/REFUSE,88.75898443751865,158
2019-03-27T13:00:00Z,SOLAR,SOLAR,0.09333332777023316,15
2019-03-27T13:00:00Z,WIND,WIND,117.60541299408509,1445
2019-03-27T14:00:00Z,COAL,COAL,3842.982176117367,5568
2019-03-27T14:00:00Z,DUAL FUEL,DUAL FUEL,60.18111337873671,155
2019-03-27T14:00:00Z,GAS,COGENERATION,3832.0137313339446,4988
2019-03-27T14:00:00Z,GAS,COMBINED CYCLE,1308.8913746065564,1748
2019-03-27T14:00:00Z,GAS,SIMPLE CYCLE,449.8689025560684,921
2019-03-27T14:00:00Z,HYDRO,HYDRO,151.79451972709762,894
2019-03-27T14:00:00Z,OTHER,BIOMASS,116.56868431409201,154
2019-03-27T14:00:00Z,OTHER,GAS COGEN,46.12640608840518,58
2019-03-27T14:00:00Z,OTHER,OIL/GAS,42.19031556235419,53
2019-03-27T14:00:00Z,OTHER,WOOD/REFUSE,88.96543142848545,158
2019-03-27T14:00:00Z,SOLAR,SOLAR,0.8654999675850074,15
2019-03-27T14:00:00Z,WIND,WIND,110.92553447063598,1445
2019-03-27T15:00:00Z,COAL,COAL,3914.539660920037,5568
2019-03-27T15:00:00Z,DUAL FUEL,DUAL FUEL,60.212274148729115,155
2019-03-27T15:00:00Z,GAS,COGENERATION,3832.987690138022,4988
2019-03-27T15:00:00Z,GAS,COMBINED CYCLE,1322.143147483402,1748
2019-03-27T15:00:00Z,GAS,SIMPLE CYCLE,491.54791861040724,921
2019-03-27T15:00:00Z,HYDRO,HYDRO,163.86442526267635,894
2019-03-27T15:00:00Z,OTHER,BIOMASS,116.36767275333403,154
2019-03-27T15:00:00Z,OTHER,GAS COGEN,46.18479784064823,58
2019-03-27T15:00:00Z,OTHER,OIL/GAS,41.63965968026055,53
2019-03-27T15:00:00Z,OTHER,WOOD/REFUSE,88.70964495023092,158
2019-03-27T15:00:00Z,SOLAR,SOLAR,4.162833273675707,15
2019-03-27T15:00:00Z,WIND,WIND,104.9664222588804,1445
2019-03-27T16:00:00Z,COAL,COAL,3943.6312662612067,5568
2019-03-27T16:00:00Z,DUAL FUEL,DUAL FUEL,59.96718159145779,155
2019-03-27T16:00:00Z,GAS,COGENERATION,3831.7321771091883,4988
2019-03-27T16:00:00Z,GAS,COMBINED CYCLE,1324.3710060199103,1748
2019-03-27T16:00:00Z,GAS,SIMPLE CYCLE,497.18183295574454,921
2019-03-27T16:00:00Z,HYDRO,HYDRO,161.30514879928697,894
2019-03-27T16:00:00Z,OTHER,BIOMASS,115.15556726667616,154
2019-03-27T16:00:00Z,OTHER,GAS COGEN,46.07257583406236,58
2019-03-27T16:00:00Z,OTHER,OIL/GAS,42.184998976389565,53
2019-03-27T16:00:00Z,OTHER,WOOD/REFUSE,88.03943509631686,158
2019-03-27T16:00:00Z,SOLAR,SOLAR,8.695610932509105,15
2019-03-27T16:00:00Z,WIND,WIND,93.9406489308344,1445
2019-03-27T17:00:00Z,COAL,COAL,3929.154089241028,5568
2019-03-27T17:00:00Z,DUAL FUEL,DUAL FUEL,60.62585485458374,155
2019-03-27T17:00:00Z,GAS,COGENERATION,3820.18924189859,4988
2019-03-27T17:00:00Z,GAS,COMBINED CYCLE,1397.276973160108,1748
2019-03-27T17:00:00Z,GAS,SIMPLE CYCLE,500.40556986504134,921
2019-03-27T17:00:00Z,HYDRO,HYDRO,154.45573784513604,894
2019-03-27T17:00:00Z,OTHER,BIOMASS,117.42053425735898,154
2019-03-27T17:00:00Z,OTHER,GAS COGEN,40.74241880178451,58
2019-03-27T17:00:00Z,OTHER,OIL/GAS,42.76773812188043,53
2019-03-27T17:00:00Z,OTHER,WOOD/REFUSE,87.77232346693674,158
2019-03-27T17:00:00Z,SOLAR,SOLAR,6.710222125980589,15
2019-03-27T17:00:00Z,WIND,WIND,80.58385485652421,1445
2019-03-27T18:00:00Z,COAL,COAL,3864.34525191413,5568
2019-03-27T18:00:00Z,DUAL FUEL,DUAL FUEL,60.21853501213921,155
2019-03-27T18:00:00Z,GAS,COGENERATION,3804.4187165925237,4988
2019-03-27T18:00:00Z,GAS,COMBINED CYCLE,1327.9963866790135,1748
2019-03-27T18:00:00Z,GAS,SIMPLE CYCLE,500.51822826332517,921
2019-03-27T18:00:00Z,HYDRO,HYDRO,141.96301249798802,894
2019-03-27T18:00:00Z,OTHER,BIOMASS,116.8173115269343,154
2019-03-27T18:00:00Z,OTHER,GAS COGEN,43.87713088485929,58
2019-03-27T18:00:00Z,OTHER,OIL/GAS,42.82777099609375,53
2019-03-27T18:00:00Z,OTHER,WOOD/REFUSE,87.09723161962297,158
2019-03-27T18:00:00Z,SOLAR,SOLAR,6.087333236138026,15
2019-03-27T18:00:00Z,WIND,WIND,104.2995886326664,1445
2019-03-27T19:00:00Z,COAL,COAL,3855.422780041165,5568
2019-03-27T19:00:00Z,DUAL FUEL,DUAL FUEL,60.00776611116197,155
2019-03-27T19:00:00Z,GAS,COGENERATION,3768.1764558823907,4988
2019-03-27T19:00:00Z,GAS,COMBINED CYCLE,1343.728936460283,1748
2019-03-27T19:00:00Z,GAS,SIMPLE CYCLE,490.13514742145105,921
2019-03-27T19:00:00Z,HYDRO,HYDRO,127.41674537378879,894
2019-03-27T19:00:00Z,OTHER,BIOMASS,118.81395587603252,154
2019-03-27T19:00:00Z,OTHER,GAS COGEN,46.92027987586127,58
2019-03-27T19:00:00Z,OTHER,OIL/GAS,43.09023189120823,53
2019-03-27T19:00:00Z,OTHER,WOOD/REFUSE,86.6485943391588,158
2019-03-27T19:00:00Z,SOLAR,SOLAR,10.29855531613032,15
2019-03-27T19:00:00Z,WIND,WIND,121.97298127339945,1445
2019-03-27T20:00:00Z,COAL,COAL,3781.1630224015976,5568
2019-03-27T20:00:00Z,DUAL FUEL,DUAL FUEL,59.36226900100708,155
2019-03-27T20:00:00Z,GAS,COGENERATION,3778.693474790785,4988
2019-03-27T20:00:00Z,GAS,COMBINED CYCLE,1300.9858759339652,1748
2019-03-27T20:00:00Z,GAS,SIMPLE CYCLE,405.672160557732,921
2019-03-27T20:00:00Z,HYDRO,HYDRO,173.0309944293234,894
2019-03-27T20:00:00Z,OTHER,BIOMASS,118.48011730300055,154
2019-03-27T20:00:00Z,OTHER,GAS COGEN,46.82259879218208,58
2019-03-27T20:00:00Z,OTHER,OIL/GAS,43.449316005706784,53
2019-03-27T20:00:00Z,OTHER,WOOD/REFUSE,86.45037042299907,158
2019-03-27T20:00:00Z,SOLAR,SOLAR,10.978833066225052,15
2019-03-27T20:00:00Z,WIND,WIND,158.7315218865706,1445
2019-03-27T21:00:00Z,COAL,COAL,3761.7106539620295,5568
2019-03-27T21:00:00Z,DUAL FUEL,DUAL FUEL,60.301267579396566,155
2019-03-27T21:00:00Z,GAS,COGENERATION,3785.002398908933,4988
2019-03-27T21:00:00Z,GAS,COMBINED CYCLE,1370.8003951512442,1748
2019-03-27T21:00:00Z,GAS,SIMPLE CYCLE,446.7110422761573,921
2019-03-27T21:00:00Z,HYDRO,HYDRO,139.04938324880268,894
2019-03-27T21:00:00Z,OTHER,BIOMASS,119.59917244911195,154
2019-03-27T21:00:00Z,OTHER,GAS COGEN,46.83516889360216,58
2019-03-27T21:00:00Z,OTHER,OIL/GAS,42.868777175479465,53
2019-03-27T21:00:00Z,OTHER,WOOD/REFUSE,86.56084919081795,158
2019-03-27T21:00:00Z,SOLAR,SOLAR,4.3414999385012525,15
2019-03-27T21:00:00Z,WIND,WIND,110.31498767359389,1445
2019-03-27T22:00:00Z,COAL,COAL,3704.828259764777,5568
2019-03-27T22:00:00Z,DUAL FUEL,DUAL FUEL,46.6764898024665,155
2019-03-27T22:00:00Z,GAS,COGENERATION,3830.6908343426385,4988
2019-03-27T22:00:00Z,GAS,COMBINED CYCLE,1379.4472199985717,1748
2019-03-27T22:00:00Z,GAS,SIMPLE CYCLE,402.4565206651721,921
2019-03-27T22:00:00Z,HYDRO,HYDRO,117.2162711456418,894
2019-03-27T22:00:00Z,OTHER,BIOMASS,117.73727836979761,154
2019-03-27T22:00:00Z,OTHER,GAS COGEN,48.20644510904947,58
2019-03-27T22:00:00Z,OTHER,OIL/GAS,43.51070453431871,53
2019-03-27T22:00:00Z,OTHER,WOOD/REFUSE,86.183747543229,158
2019-03-27T22:00:00Z,SOLAR,SOLAR,1.4071666356921195,15
2019-03-27T22:00:00Z,WIND,WIND,135.967156019484,1445
2019-03-27T23:00:00Z,COAL,COAL,3556.7266061062282,5568
2019-03-27T23:00:00Z,DUAL FUEL,DUAL FUEL,46.39861499786377,155
2019-03-27T23:00:00Z,GAS,COGENERATION,3835.8378418686657,4988
2019-03-27T23:00:00Z,GAS,COMBINED CYCLE,1377.1226664018632,1748
2019-03-27T23:00:00Z,GAS,SIMPLE CYCLE,398.85426723447114,921
2019-03-27T23:00:00Z,HYDRO,HYDRO,123.81206290602684,894
2019-03-27T23:00:00Z,OTHER,BIOMASS,120.04789994504716,154
2019-03-27T23:00:00Z,OTHER,GAS COGEN,48.55322714275784,58
2019-03-27T23:00:00Z,OTHER,OIL/GAS,43.260065729353165,53
2019-03-27T23:00:00Z,OTHER,WOOD/REFUSE,86.04026361730364,158
2019-03-27T23:00:00Z,SOLAR,SOLAR,2.5033888620800444,15
2019-03-27T23:00:00Z,WIND,WIND,235.8334168654349,1445
2019-03-28T00:00:00Z,COAL,COAL,3423.823643497891,5568
2019-03-28T00:00:00Z,DUAL FUEL,DUAL FUEL,46.5750988705953,155
2019-03-28T00:00:00Z,GAS,COGENERATION,3812.7050267561276,4988
2019-03-28T00:00:00Z,GAS,COMBINED CYCLE,1356.8212894492679,1748
2019-03-28T00:00:00Z,GAS,SIMPLE CYCLE,423.184156128433,921
2019-03-28T00:00:00Z,HYDRO,HYDRO,136.64985869089762,894
2019-03-28T00:00:00Z,OTHER,BIOMASS,115.65360058784485,154
2019-03-28T00:00:00Z,OTHER,GAS COGEN,48.521409842173256,58
2019-03-28T00:00:00Z,OTHER,OIL/GAS,42.94651034673055,53
2019-03-28T00:00:00Z,OTHER,WOOD/REFUSE,85.38789097256131,158
2019-03-28T00:00:00Z,SOLAR,SOLAR,1.692277762889862,15
2019-03-28T00:00:00Z,WIND,WIND,281.76707035246824,1445
2019-03-28T01:00:00Z,COAL,COAL,3475.7176102108424,5568
2019-03-28T01:00:00Z,DUAL FUEL,DUAL FUEL,46.534368724823,155
2019-03-28T01:00:00Z,GAS,COGENERATION,3815.9539514191943,4988
2019-03-28T01:00:00Z,GAS,COMBINED CYCLE,1365.671897154914,1748
2019-03-28T01:00:00Z,GAS,SIMPLE CYCLE,440.4499636642138,921
2019-03-28T01:00:00Z,HYDRO,HYDRO,166.17780570771959,894
2019-03-28T01:00:00Z,OTHER,BIOMASS,117.86584490670099,154
2019-03-28T01:00:00Z,OTHER,GAS COGEN,48.64696319368151,58
2019-03-28T01:00:00Z,OTHER,OIL/GAS,42.75846521801419,53
2019-03-28T01:00:00Z,OTHER,WOOD/REFUSE,85.29761349519093,158
2019-03-28T01:00:00Z,SOLAR,SOLAR,0.27772222098377014,15
2019-03-28T01:00:00Z,WIND,WIND,231.6838621979455,1445
2019-03-28T02:00:00Z,COAL,COAL,3530.775805151198,5568
2019-03-28T02:00:00Z,DUAL FUEL,DUAL FUEL,46.55409210628933,155
2019-03-28T02:00:00Z,GAS,COGENERATION,3858.413605966568,4988
2019-03-28T02:00:00Z,GAS,COMBINED CYCLE,1388.0089850192599,1748
2019-03-28T02:00:00Z,GAS,SIMPLE CYCLE,440.25606118672425,921
2019-03-28T02:00:00Z,HYDRO,HYDRO,152.6959533715248,894
2019-03-28T02:00:00Z,OTHER,BIOMASS,119.04266700850593,154
2019-03-28T02:00:00Z,OTHER,GAS COGEN,48.65013390435113,58
2019-03-28T02:00:00Z,OTHER,OIL/GAS,42.678649527231855,53
2019-03-28T02:00:00Z,OTHER,WOOD/REFUSE,85.82685907363891,158
2019-03-28T02:00:00Z,SOLAR,SOLAR,0,15
2019-03-28T02:00:00Z,WIND,WIND,262.5434342205194,1445
2019-03-28T03:00:00Z,COAL,COAL,3620.8367062801785,5568
2019-03-28T03:00:00Z,DUAL FUEL,DUAL FUEL,46.52152842627631,155
2019-03-28T03:00:00Z,GAS,COGENERATION,3866.6699859576756,4988
2019-03-28T03:00:00Z,GAS,COMBINED CYCLE,1264.2099932983185,1748
2019-03-28T03:00:00Z,GAS,SIMPLE CYCLE,336.79156643095945,921
2019-03-28T03:00:00Z,HYDRO,HYDRO,112.41068772180213,894
2019-03-28T03:00:00Z,OTHER,BIOMASS,116.9143393972185,154
2019-03-28T03:00:00Z,OTHER,GAS COGEN,48.39690527915955,58
2019-03-28T03:00:00Z,OTHER,OIL/GAS,42.72905503802829,53
2019-03-28T03:00:00Z,OTHER,WOOD/REFUSE,86.21863195896148,158
2019-03-28T03:00:00Z,SOLAR,SOLAR,0,15
2019-03-28T03:00:00Z,WIND,WIND,388.40341429919005,1445
2019-03-28T04:00:00Z,COAL,COAL,3291.0110551367866,5568
2019-03-28T04:00:00Z,DUAL FUEL,DUAL FUEL,46.54367819680108,155
2019-03-28T04:00:00Z,GAS,COGENERATION,3866.3293708899287,4988
2019-03-28T04:00:00Z,GAS,COMBINED CYCLE,1298.6143785966767,1748
2019-03-28T04:00:00Z,GAS,SIMPLE CYCLE,323.42954209718437,921
2019-03-28T04:00:00Z,HYDRO,HYDRO,118.17153458330365,894
2019-03-28T04:00:00Z,OTHER,BIOMASS,114.19237246725294,154
2019-03-28T04:00:00Z,OTHER,GAS COGEN,47.55861308839586,58
2019-03-28T04:00:00Z,OTHER,OIL/GAS,42.43465447107951,53
2019-03-28T04:00:00Z,OTHER,WOOD/REFUSE,85.92642174773746,158
2019-03-28T04:00:00Z,SOLAR,SOLAR,0,15
2019-03-28T04:00:00Z,WIND,WIND,451.4809935457177,1445
2019-03-28T05:00:00Z,COAL,COAL,3159.91876250373,5568
2019-03-28T05:00:00Z,DUAL FUEL,DUAL FUEL,46.56661449008518,155
2019-03-28T05:00:00Z,GAS,COGENERATION,3860.388314801587,4988
2019-03-28T05:00:00Z,GAS,COMBINED CYCLE,1154.7066566318936,1748
2019-03-28T05:00:00Z,GAS,SIMPLE CYCLE,310.17268084353873,921
2019-03-28T05:00:00Z,HYDRO,HYDRO,93.21851931558714,894
2019-03-28T05:00:00Z,OTHER,BIOMASS,115.96985640949673,154
2019-03-28T05:00:00Z,OTHER,GAS COGEN,47.61308698707157,58
2019-03-28T05:00:00Z,OTHER,OIL/GAS,42.817244355943465,53
2019-03-28T05:00:00Z,OTHER,WOOD/REFUSE,85.45184113979339,158
2019-03-28T05:00:00Z,SOLAR,SOLAR,0,15
2019-03-28T05:00:00Z,WIND,WIND,474.34468088606997,1445
2019-03-28T06:00:00Z,COAL,COAL,3013.54724870046,5568
2019-03-28T06:00:00Z,DUAL FUEL,DUAL FUEL,46.54384236865573,155
2019-03-28T06:00:00Z,GAS,COGENERATION,3865.5912627834746,4988
2019-03-28T06:00:00Z,GAS,COMBINED CYCLE,1154.9931533296904,1748
2019-03-28T06:00:00Z,GAS,SIMPLE CYCLE,289.7773229889075,921
2019-03-28T06:00:00Z,HYDRO,HYDRO,110.10538305673334,894
2019-03-28T06:00:00Z,OTHER,BIOMASS,116.8917227962282,154
2019-03-28T06:00:00Z,OTHER,GAS COGEN,48.20180063459608,58
2019-03-28T06:00:00Z,OTHER,OIL/GAS,42.95844928741455,53
2019-03-28T06:00:00Z,OTHER,WOOD/REFUSE,86.36054954316882,158
2019-03-28T06:00:00Z,SOLAR,SOLAR,0,15
2019-03-28T06:00:00Z,WIND,WIND,442.45647677573066,1445
2019-03-28T07:00:00Z,COAL,COAL,3041.663830646939,5568
2019-03-28T07:00:00Z,DUAL FUEL,DUAL FUEL,46.396111234029135,155
2019-03-28T07:00:00Z,GAS,COGENERATION,3882.4457647879917,4988
2019-03-28T07:00:00Z,GAS,COMBINED CYCLE,1095.6168579008845,1748
2019-03-28T07:00:00Z,GAS,SIMPLE CYCLE,319.9494373964601,921
2019-03-28T07:00:00Z,HYDRO,HYDRO,125.39193923314413,894
2019-03-28T07:00:00Z,OTHER,BIOMASS,116.43986750072904,154
2019-03-28T07:00:00Z,OTHER,GAS COGEN,48.32371323479546,58
2019-03-28T07:00:00Z,OTHER,OIL/GAS,42.5546104727851,53
2019-03-28T07:00:00Z,OTHER,WOOD/REFUSE,86.87262387222714,158
2019-03-28T07:00:00Z,SOLAR,SOLAR,0,15
2019-03-28T07:00:00Z,WIND,WIND,354.5143473551671,1445
2019-03-28T08:00:00Z,COAL,COAL,3158.267985660169,5568
2019-03-28T08:00:00Z,DUAL FUEL,DUAL FUEL,46.43014798058404,155
2019-03-28T08:00:00Z,GAS,COGENERATION,3879.9811787083413,4988
2019-03-28T08:00:00Z,GAS,COMBINED CYCLE,1088.346621128718,1748
2019-03-28T08:00:00Z,GAS,SIMPLE CYCLE,319.2011880353093,921
2019-03-28T08:00:00Z,HYDRO,HYDRO,119.29864406115479,894
2019-03-28T08:00:00Z,OTHER,BIOMASS,116.91743406772613,154
2019-03-28T08:00:00Z,OTHER,GAS COGEN,48.15618095239003,58
2019-03-28T08:00:00Z,OTHER,OIL/GAS,42.71531029383341,53
2019-03-28T08:00:00Z,OTHER,WOOD/REFUSE,86.78848497920566,158
2019-03-28T08:00:00Z,SOLAR,SOLAR,0,15
2019-03-28T08:00:00Z,WIND,WIND,249.6371146372292,1445
2019-03-28T09:00:00Z,COAL,COAL,3266.2546684095596,5568
2019-03-28T09:00:00Z,DUAL FUEL,DUAL FUEL,47.0296840010749,155
2019-03-28T09:00:00Z,GAS,COGENERATION,3881.1336090220348,4988
2019-03-28T09:00:00Z,GAS,COMBINED CYCLE,1086.3956528814633,1748
2019-03-28T09:00:00Z,GAS,SIMPLE CYCLE,320.76326531118815,921
2019-03-28T09:00:00Z,HYDRO,HYDRO,117.99270454287529,894
2019-03-28T09:00:00Z,OTHER,BIOMASS,115.42084468629625,154
2019-03-28T09:00:00Z,OTHER,GAS COGEN,47.90571163707309,58
2019-03-28T09:00:00Z,OTHER,OIL/GAS,42.34239307615492,53
2019-03-28T09:00:00Z,OTHER,WOOD/REFUSE,88.06882993910048,158
2019-03-28T09:00:00Z,SOLAR,SOLAR,0,15
2019-03-28T09:00:00Z,WIND,WIND,162.77726841607029,1445
2019-03-28T10:00:00Z,COAL,COAL,3583.76165154775,5568
2019-03-28T10:00:00Z,DUAL FUEL,DUAL FUEL,46.71049695332845,155
2019-03-28T10:00:00Z,GAS,COGENERATION,3888.4161734538607,4988
2019-03-28T10:00:00Z,GAS,COMBINED CYCLE,955.8146163127158,1748
2019-03-28T10:00:00Z,GAS,SIMPLE CYCLE,366.7162059031592,921
2019-03-28T10:00:00Z,HYDRO,HYDRO,88.85287658645046,894
2019-03-28T10:00:00Z,OTHER,BIOMASS,112.6433109082116,154
2019-03-28T10:00:00Z,OTHER,GAS COGEN,47.94475681887732,58
2019-03-28T10:00:00Z,OTHER,OIL/GAS,41.72064321094089,53
2019-03-28T10:00:00Z,OTHER,WOOD/REFUSE,88.61752243465847,158
2019-03-28T10:00:00Z,SOLAR,SOLAR,0,15
2019-03-28T10:00:00Z,WIND,WIND,40.810824848043005,1445
2019-03-28T11:00:00Z,COAL,COAL,3695.4615202882555,5568
2019-03-28T11:00:00Z,DUAL FUEL,DUAL FUEL,46.688163418240016,155
2019-03-28T11:00:00Z,GAS,COGENERATION,3878.0726104246246,4988
2019-03-28T11:00:00Z,GAS,COMBINED CYCLE,927.5389301310645,1748
2019-03-28T11:00:00Z,GAS,SIMPLE CYCLE,390.3929380418609,921
2019-03-28T11:00:00Z,HYDRO,HYDRO,93.58497896677918,894
2019-03-28T11:00:00Z,OTHER,BIOMASS,117.18560037400987,154
2019-03-28T11:00:00Z,OTHER,GAS COGEN,39.401572406424414,58
2019-03-28T11:00:00Z,OTHER,OIL/GAS,41.86474923875597,53
2019-03-28T11:00:00Z,OTHER,WOOD/REFUSE,89.35947566615211,158
2019-03-28T11:00:00Z,SOLAR,SOLAR,0,15
2019-03-28T11:00:00Z,WIND,WIND,23.055283329770383,1445
2019-03-28T12:00:00Z,COAL,COAL,3746.970940776401,5568
2019-03-28T12:00:00Z,DUAL FUEL,DUAL FUEL,46.75559876759847,155
2019-03-28T12:00:00Z,GAS,COGENERATION,3887.433324525886,4988
2019-03-28T12:00:00Z,GAS,COMBINED CYCLE,1070.190893804762,1748
2019-03-28T12:00:00Z,GAS,SIMPLE CYCLE,398.4373530471987,921
2019-03-28T12:00:00Z,HYDRO,HYDRO,131.44832996302182,894
2019-03-28T12:00:00Z,OTHER,BIOMASS,114.36132308536105,154
2019-03-28T12:00:00Z,OTHER,GAS COGEN,40.67005616320505,58
2019-03-28T12:00:00Z,OTHER,OIL/GAS,42.1691321182251,53
2019-03-28T12:00:00Z,OTHER,WOOD/REFUSE,86.76154511239794,158
2019-03-28T12:00:00Z,SOLAR,SOLAR,0,15
2019-03-28T12:00:00Z,WIND,WIND,31.92535572335124,1445
2019-03-28T13:00:00Z,COAL,COAL,3797.7410041681924,5568
2019-03-28T13:00:00Z,DUAL FUEL,DUAL FUEL,46.75942742665609,155
2019-03-28T13:00:00Z,GAS,COGENERATION,3883.0676227113936,4988
2019-03-28T13:00:00Z,GAS,COMBINED CYCLE,1252.1589700635275,1748
2019-03-28T13:00:00Z,GAS,SIMPLE CYCLE,418.61230900181664,921
2019-03-28T13:00:00Z,HYDRO,HYDRO,136.30295153687396,894
2019-03-28T13:00:00Z,OTHER,BIOMASS,114.82438949214088,154
2019-03-28T13:00:00Z,OTHER,GAS COGEN,41.510171034601,58
2019-03-28T13:00:00Z,OTHER,OIL/GAS,41.26914309607612,53
2019-03-28T13:00:00Z,OTHER,WOOD/REFUSE,85.42685092078315,158
2019-03-28T13:00:00Z,SOLAR,SOLAR,0.25499998776449095,15
2019-03-28T13:00:00Z,WIND,WIND,46.3261524082058,1445
2019-03-28T14:00:00Z,COAL,COAL,3823.6112833531697,5568
2019-03-28T14:00:00Z,DUAL FUEL,DUAL FUEL,46.822818508148195,155
2019-03-28T14:00:00Z,GAS,COGENERATION,3891.479682855871,4988
2019-03-28T14:00:00Z,GAS,COMBINED CYCLE,1283.665367744234,1748
2019-03-28T14:00:00Z,GAS,SIMPLE CYCLE,422.0586252586047,921
2019-03-28T14:00:00Z,HYDRO,HYDRO,105.22456376022762,894
2019-03-28T14:00:00Z,OTHER,BIOMASS,116.42307212882572,154
2019-03-28T14:00:00Z,OTHER,GAS COGEN,41.34991705099742,58
2019-03-28T14:00:00Z,OTHER,OIL/GAS,41.02674934387207,53
2019-03-28T14:00:00Z,OTHER,WOOD/REFUSE,86.51459605058034,158
2019-03-28T14:00:00Z,SOLAR,SOLAR,3.0488332549068664,15
2019-03-28T14:00:00Z,WIND,WIND,65.00149189702339,1445
2019-03-28T15:00:00Z,COAL,COAL,3710.3566240353057,5568
2019-03-28T15:00:00Z,DUAL FUEL,DUAL FUEL,46.69117285622491,155
2019-03-28T15:00:00Z,GAS,COGENERATION,3883.2760899925233,4988
2019-03-28T15:00:00Z,GAS,COMBINED CYCLE,1386.155565255483,1748
2019-03-28T15:00:00Z,GAS,SIMPLE CYCLE,448.22958154446553,921
2019-03-28T15:00:00Z,HYDRO,HYDRO,155.1995419116815,894
2019-03-28T15:00:00Z,OTHER,BIOMASS,115.72259497589535,154
2019-03-28T15:00:00Z,OTHER,GAS COGEN,40.93169800652398,58
2019-03-28T15:00:00Z,OTHER,OIL/GAS,38.97023183822632,53
2019-03-28T15:00:00Z,OTHER,WOOD/REFUSE,83.79764042112564,158
2019-03-28T15:00:00Z,SOLAR,SOLAR,7.002833161354065,15
2019-03-28T15:00:00Z,WIND,WIND,54.04389589536521,1445
2019-03-28T16:00:00Z,COAL,COAL,3667.836911154853,5568
2019-03-28T16:00:00Z,DUAL FUEL,DUAL FUEL,41.91021867116292,155
2019-03-28T16:00:00Z,GAS,COGENERATION,3862.597470281124,4988
2019-03-28T16:00:00Z,GAS,COMBINED CYCLE,1409.301445286009,1748
2019-03-28T16:00:00Z,GAS,SIMPLE CYCLE,451.00816531196233,921
2019-03-28T16:00:00Z,HYDRO,HYDRO,164.54049356145993,894
2019-03-28T16:00:00Z,OTHER,BIOMASS,115.50796714888679,154
2019-03-28T16:00:00Z,OTHER,GAS COGEN,40.88352585262722,58
2019-03-28T16:00:00Z,OTHER,OIL/GAS,38.083049030303954,53
2019-03-28T16:00:00Z,OTHER,WOOD/REFUSE,82.2947778193156,158
2019-03-28T16:00:00Z,SOLAR,SOLAR,10.548666454950968,15
2019-03-28T16:00:00Z,WIND,WIND,36.785683226651614,1445
2019-03-28T17:00:00Z,COAL,COAL,3674.313047612508,5568
2019-03-28T17:00:00Z,DUAL FUEL,DUAL FUEL,43.31970293045044,155
2019-03-28T17:00:00Z,GAS,COGENERATION,3828.9284012553426,4988
2019-03-28T17:00:00Z,GAS,COMBINED CYCLE,1401.4014502429964,1748
2019-03-28T17:00:00Z,GAS,SIMPLE CYCLE,463.51354266634416,921
2019-03-28T17:00:00Z,HYDRO,HYDRO,140.52723303451307,894
2019-03-28T17:00:00Z,OTHER,BIOMASS,114.97665621227688,154
2019-03-28T17:00:00Z,OTHER,GAS COGEN,41.71603758043713,58
2019-03-28T17:00:00Z,OTHER,OIL/GAS,38.08653214772542,53
2019-03-28T17:00:00Z,OTHER,WOOD/REFUSE,83.36853381421831,158
2019-03-28T17:00:00Z,SOLAR,SOLAR,12.99333319981893,15
2019-03-28T17:00:00Z,WIND,WIND,55.98781723954611,1445
2019-03-28T18:00:00Z,COAL,COAL,3603.6439690950183,5568
2019-03-28T18:00:00Z,DUAL FUEL,DUAL FUEL,43.01626214345296,155
2019-03-28T18:00:00Z,GAS,COGENERATION,3797.710848764049,4988
2019-03-28T18:00:00Z,GAS,COMBINED CYCLE,1402.735166618559,1748
2019-03-28T18:00:00Z,GAS,SIMPLE CYCLE,458.3862661744406,921
2019-03-28T18:00:00Z,HYDRO,HYDRO,168.21610714859432,894
2019-03-28T18:00:00Z,OTHER,BIOMASS,116.3593509223726,154
2019-03-28T18:00:00Z,OTHER,GAS COGEN,47.322869040171305,58
2019-03-28T18:00:00Z,OTHER,OIL/GAS,37.36309888839722,53
2019-03-28T18:00:00Z,OTHER,WOOD/REFUSE,83.34150730397967,158
2019-03-28T18:00:00Z,SOLAR,SOLAR,14.429333039919536,15
2019-03-28T18:00:00Z,WIND,WIND,50.64969172696272,1445
2019-03-28T19:00:00Z,COAL,COAL,3639.6378476206464,5568
2019-03-28T19:00:00Z,DUAL FUEL,DUAL FUEL,43.24020694732666,155
2019-03-28T19:00:00Z,GAS,COGENERATION,3768.6591483865845,4988
2019-03-28T19:00:00Z,GAS,COMBINED CYCLE,1390.5961865467495,1748
2019-03-28T19:00:00Z,GAS,SIMPLE CYCLE,436.92480775038405,921
2019-03-28T19:00:00Z,HYDRO,HYDRO,166.44027647224564,894
2019-03-28T19:00:00Z,OTHER,BIOMASS,115.10092763370938,154
2019-03-28T19:00:00Z,OTHER,GAS COGEN,48.32724876827664,58
2019-03-28T19:00:00Z,OTHER,OIL/GAS,36.685743783315026,53
2019-03-28T19:00:00Z,OTHER,WOOD/REFUSE,83.21785990397136,158
2019-03-28T19:00:00Z,SOLAR,SOLAR,14.821833220058018,15
2019-03-28T19:00:00Z,WIND,WIND,34.24622055911356,1445
2019-03-28T20:00:00Z,COAL,COAL,3598.605944843292,5568
2019-03-28T20:00:00Z,DUAL FUEL,DUAL FUEL,40.92165397326151,155
2019-03-28T20:00:00Z,GAS,COGENERATION,3717.4363729546467,4988
2019-03-28T20:00:00Z,GAS,COMBINED CYCLE,1409.2879800846842,1748
2019-03-28T20:00:00Z,GAS,SIMPLE CYCLE,378.2520812543564,921
2019-03-28T20:00:00Z,HYDRO,HYDRO,201.27618640936086,894
2019-03-28T20:00:00Z,OTHER,BIOMASS,115.46417515065934,154
2019-03-28T20:00:00Z,OTHER,GAS COGEN,48.35334989759657,58
2019-03-28T20:00:00Z,OTHER,OIL/GAS,35.0912629922231,53
2019-03-28T20:00:00Z,OTHER,WOOD/REFUSE,81.79306249512567,158
2019-03-28T20:00:00Z,SOLAR,SOLAR,14.12238865746392,15
2019-03-28T20:00:00Z,WIND,WIND,24.348381999770385,1445
2019-03-28T21:00:00Z,COAL,COAL,3611.9083827475706,5568
2019-03-28T21:00:00Z,DUAL FUEL,DUAL FUEL,40.72497449451023,155
2019-03-28T21:00:00Z,GAS,COGENERATION,3681.6866708310445,4988
2019-03-28T21:00:00Z,GAS,COMBINED CYCLE,1392.0217937668165,1748
2019-03-28T21:00:00Z,GAS,SIMPLE CYCLE,449.9207398330006,921
2019-03-28T21:00:00Z,HYDRO,HYDRO,142.3460739074813,894
2019-03-28T21:00:00Z,OTHER,BIOMASS,113.00642816437616,154
2019-03-28T21:00:00Z,OTHER,GAS COGEN,48.419021816783484,58
2019-03-28T21:00:00Z,OTHER,OIL/GAS,38.16630992889405,53
2019-03-28T21:00:00Z,OTHER,WOOD/REFUSE,83.17160610410902,158
2019-03-28T21:00:00Z,SOLAR,SOLAR,12.977499747806124,15
2019-03-28T21:00:00Z,WIND,WIND,15.20717219631705,1445
2019-03-28T22:00:00Z,COAL,COAL,3602.6698416574795,5568
2019-03-28T22:00:00Z,DUAL FUEL,DUAL FUEL,40.75416079203288,155
2019-03-28T22:00:00Z,GAS,COGENERATION,3721.5755525094933,4988
2019-03-28T22:00:00Z,GAS,COMBINED CYCLE,1306.1570517177051,1748
2019-03-28T22:00:00Z,GAS,SIMPLE CYCLE,454.33176025594275,921
2019-03-28T22:00:00Z,HYDRO,HYDRO,123.32299705094762,894
2019-03-28T22:00:00Z,OTHER,BIOMASS,113.46578351921505,154
2019-03-28T22:00:00Z,OTHER,GAS COGEN,48.08842152065701,58
2019-03-28T22:00:00Z,OTHER,OIL/GAS,39.49129898071289,53
2019-03-28T22:00:00Z,OTHER,WOOD/REFUSE,84.39350134107801,158
2019-03-28T22:00:00Z,SOLAR,SOLAR,10.582666489283245,15
2019-03-28T22:00:00Z,WIND,WIND,19.287146427355086,1445
2019-03-28T23:00:00Z,COAL,COAL,3586.0028118028245,5568
2019-03-28T23:00:00Z,DUAL FUEL,DUAL FUEL,40.61296521716648,155
2019-03-28T23:00:00Z,GAS,COGENERATION,3752.0157385241987,4988
2019-03-28T23:00:00Z,GAS,COMBINED CYCLE,1307.8576593348716,1748
2019-03-28T23:00:00Z,GAS,SIMPLE CYCLE,364.0975088212888,921
2019-03-28T23:00:00Z,HYDRO,HYDRO,202.60107945316366,894
2019-03-28T23:00:00Z,OTHER,BIOMASS,115.28039514753554,154
2019-03-28T23:00:00Z,OTHER,GAS COGEN,47.980582563612195,58
2019-03-28T23:00:00Z,OTHER,OIL/GAS,38.27187146080865,53
2019-03-28T23:00:00Z,OTHER,WOOD/REFUSE,86.27978603627946,158
2019-03-28T23:00:00Z,SOLAR,SOLAR,7.111833270125919,15
2019-03-28T23:00:00Z,WIND,WIND,28.792597110747465,1445
2019-03-29T00:00:00Z,COAL,COAL,3576.415981915527,5568
2019-03-29T00:00:00Z,DUAL FUEL,DUAL FUEL,40.28180149078369,155
2019-03-29T00:00:00Z,GAS,COGENERATION,3767.6830945425563,4988
2019-03-29T00:00:00Z,GAS,COMBINED CYCLE,1288.998476946619,1748
2019-03-29T00:00:00Z,GAS,SIMPLE CYCLE,340.042801366912,921
2019-03-29T00:00:00Z,HYDRO,HYDRO,137.3173146662944,894
2019-03-29T00:00:00Z,OTHER,BIOMASS,112.57471730126275,154
2019-03-29T00:00:00Z,OTHER,GAS COGEN,47.74067580858866,58
2019-03-29T00:00:00Z,OTHER,OIL/GAS,40.93824305004544,53
2019-03-29T00:00:00Z,OTHER,WOOD/REFUSE,87.25696022351583,158
2019-03-29T00:00:00Z,SOLAR,SOLAR,3.048166628546185,15
2019-03-29T00:00:00Z,WIND,WIND,37.11865682789021,1445
2019-03-29T01:00:00Z,COAL,COAL,3573.14082273629,5568
2019-03-29T01:00:00Z,DUAL FUEL,DUAL FUEL,39.93040492163764,155
2019-03-29T01:00:00Z,GAS,COGENERATION,3812.545344003704,4988
2019-03-29T01:00:00Z,GAS,COMBINED CYCLE,1307.1265508437157,1748
2019-03-29T01:00:00Z,GAS,SIMPLE CYCLE,325.12138378022445,921
2019-03-29T01:00:00Z,HYDRO,HYDRO,134.4768616663085,894
2019-03-29T01:00:00Z,OTHER,BIOMASS,113.36844972875383,154
2019-03-29T01:00:00Z,OTHER,GAS COGEN,47.73191084543864,58
2019-03-29T01:00:00Z,OTHER,OIL/GAS,44.07283799913194,53
2019-03-29T01:00:00Z,OTHER,WOOD/REFUSE,88.7396061791314,158
2019-03-29T01:00:00Z,SOLAR,SOLAR,0.31977777587042916,15
2019-03-29T01:00:00Z,WIND,WIND,22.816732166508835,1445
2019-03-29T02:00:00Z,COAL,COAL,3604.7331685943072,5568
2019-03-29T02:00:00Z,DUAL FUEL,DUAL FUEL,40.077227677239314,155
2019-03-29T02:00:00Z,GAS,COGENERATION,3886.3721448086367,4988
2019-03-29T02:00:00Z,GAS,COMBINED CYCLE,1318.4106875689824,1748
2019-03-29T02:00:00Z,GAS,SIMPLE CYCLE,359.24702387710414,921
2019-03-29T02:00:00Z,HYDRO,HYDRO,156.42529939658112,894
2019-03-29T02:00:00Z,OTHER,BIOMASS,111.31848326047262,154
2019-03-29T02:00:00Z,OTHER,GAS COGEN,48.0025259648429,58
2019-03-29T02:00:00Z,OTHER,OIL/GAS,45.451354353162976,53
2019-03-29T02:00:00Z,OTHER,WOOD/REFUSE,88.62076563835143,158
2019-03-29T02:00:00Z,SOLAR,SOLAR,0,15
2019-03-29T02:00:00Z,WIND,WIND,29.052897990403903,1445
2019-03-29T03:00:00Z,COAL,COAL,3597.8117160163983,5568
2019-03-29T03:00:00Z,DUAL FUEL,DUAL FUEL,40.15462660047743,155
2019-03-29T03:00:00Z,GAS,COGENERATION,3903.792497336202,4988
2019-03-29T03:00:00Z,GAS,COMBINED CYCLE,1244.0629852199554,1748
2019-03-29T03:00:00Z,GAS,SIMPLE CYCLE,402.4809197779496,921
2019-03-29T03:00:00Z,HYDRO,HYDRO,113.5908838865161,894
2019-03-29T03:00:00Z,OTHER,BIOMASS,110.14235015763177,154
2019-03-29T03:00:00Z,OTHER,GAS COGEN,47.65609772947099,58
2019-03-29T03:00:00Z,OTHER,OIL/GAS,46.53300348917643,53
2019-03-29T03:00:00Z,OTHER,WOOD/REFUSE,89.52125703599718,158
2019-03-29T03:00:00Z,SOLAR,SOLAR,0,15
2019-03-29T03:00:00Z,WIND,WIND,30.138760219605434,1445
2019-03-29T04:00:00Z,COAL,COAL,3443.0936325403054,5568
2019-03-29T04:00:00Z,DUAL FUEL,DUAL FUEL,40.05998018052843,155
2019-03-29T04:00:00Z,GAS,COGENERATION,3916.075912869374,4988
2019-03-29T04:00:00Z,GAS,COMBINED CYCLE,1176.5193389232954,1748
2019-03-29T04:00:00Z,GAS,SIMPLE CYCLE,345.861604697903,921
2019-03-29T04:00:00Z,HYDRO,HYDRO,103.24632760584355,894
2019-03-29T04:00:00Z,OTHER,BIOMASS,111.64408930699031,154
2019-03-29T04:00:00Z,OTHER,GAS COGEN,47.71262665642632,58
2019-03-29T04:00:00Z,OTHER,OIL/GAS,45.86887107213338,53
2019-03-29T04:00:00Z,OTHER,WOOD/REFUSE,88.39099924405416,158
2019-03-29T04:00:00Z,SOLAR,SOLAR,0,15
2019-03-29T04:00:00Z,WIND,WIND,31.853275098883444,1445
2019-03-29T05:00:00Z,COAL,COAL,3429.328860624234,5568
2019-03-29T05:00:00Z,DUAL FUEL,DUAL FUEL,40.438584308624264,155
2019-03-29T05:00:00Z,GAS,COGENERATION,3914.743745439715,4988
2019-03-29T05:00:00Z,GAS,COMBINED CYCLE,1008.6148206996918,1748
2019-03-29T05:00:00Z,GAS,SIMPLE CYCLE,323.62951246109276,921
2019-03-29T05:00:00Z,HYDRO,HYDRO,113.71049919300609,894
2019-03-29T05:00:00Z,OTHER,BIOMASS,114.20126683235169,154
2019-03-29T05:00:00Z,OTHER,GAS COGEN,47.776968251334296,58
2019-03-29T05:00:00Z,OTHER,OIL/GAS,45.96658309300741,53
2019-03-29T05:00:00Z,OTHER,WOOD/REFUSE,87.9338573577669,158
2019-03-29T05:00:00Z,SOLAR,SOLAR,0,15
2019-03-29T05:00:00Z,WIND,WIND,46.0550261395466,1445
2019-03-29T06:00:00Z,COAL,COAL,3276.2867104143565,5568
2019-03-29T06:00:00Z,DUAL FUEL,DUAL FUEL,39.709191184573704,155
2019-03-29T06:00:00Z,GAS,COGENERATION,3936.389683686859,4988
2019-03-29T06:00:00Z,GAS,COMBINED CYCLE,961.6117973526318,1748
2019-03-29T06:00:00Z,GAS,SIMPLE CYCLE,321.1489759600659,921
2019-03-29T06:00:00Z,HYDRO,HYDRO,119.54968508058124,894
2019-03-29T06:00:00Z,OTHER,BIOMASS,115.77045071442922,154
2019-03-29T06:00:00Z,OTHER,GAS COGEN,47.660790229373504,58
2019-03-29T06:00:00Z,OTHER,OIL/GAS,45.71629340489705,53
2019-03-29T06:00:00Z,OTHER,WOOD/REFUSE,87.73917266156938,158
2019-03-29T06:00:00Z,SOLAR,SOLAR,0,15
2019-03-29T06:00:00Z,WIND,WIND,69.70284106247955,1445
2019-03-29T07:00:00Z,COAL,COAL,3273.919492564599,5568
2019-03-29T07:00:00Z,DUAL FUEL,DUAL FUEL,39.1754144944085,155
2019-03-29T07:00:00Z,GAS,COGENERATION,3943.1132175566754,4988
2019-03-29T07:00:00Z,GAS,COMBINED CYCLE,952.4747948871719,1748
2019-03-29T07:00:00Z,GAS,SIMPLE CYCLE,321.38360391828746,921
2019-03-29T07:00:00Z,HYDRO,HYDRO,100.64744619369507,894
2019-03-29T07:00:00Z,OTHER,BIOMASS,114.23957872655657,154
2019-03-29T07:00:00Z,OTHER,GAS COGEN,47.61162020789252,58
2019-03-29T07:00:00Z,OTHER,OIL/GAS,43.688048930697974,53
2019-03-29T07:00:00Z,OTHER,WOOD/REFUSE,88.44550201204089,158
2019-03-29T07:00:00Z,SOLAR,SOLAR,0,15
2019-03-29T07:00:00Z,WIND,WIND,89.49255837814675,1445
2019-03-29T08:00:00Z,COAL,COAL,3235.5377308360735,5568
2019-03-29T08:00:00Z,DUAL FUEL,DUAL FUEL,39.1663074599372,155
2019-03-29T08:00:00Z,GAS,COGENERATION,3954.64559973783,4988
2019-03-29T08:00:00Z,GAS,COMBINED CYCLE,949.0244831193818,1748
2019-03-29T08:00:00Z,GAS,SIMPLE CYCLE,319.82497848775654,921
2019-03-29T08:00:00Z,HYDRO,HYDRO,76.77431862956948,894
2019-03-29T08:00:00Z,OTHER,BIOMASS,114.54124023914338,154
2019-03-29T08:00:00Z,OTHER,GAS COGEN,47.38811005274455,58
2019-03-29T08:00:00Z,OTHER,OIL/GAS,43.35932113435533,53
2019-03-29T08:00:00Z,OTHER,WOOD/REFUSE,87.8358901055654,158
2019-03-29T08:00:00Z,SOLAR,SOLAR,0,15
2019-03-29T08:00:00Z,WIND,WIND,110.18664125942522,1445
2019-03-29T09:00:00Z,COAL,COAL,3218.552770022286,5568
2019-03-29T09:00:00Z,DUAL FUEL,DUAL FUEL,39.30593564139472,155
2019-03-29T09:00:00Z,GAS,COGENERATION,3953.5290211966303,4988
2019-03-29T09:00:00Z,GAS,COMBINED CYCLE,954.6524268523852,1748
2019-03-29T09:00:00Z,GAS,SIMPLE CYCLE,318.9534321694904,921
2019-03-29T09:00:00Z,HYDRO,HYDRO,91.83311482164594,894
2019-03-29T09:00:00Z,OTHER,BIOMASS,115.80715131229825,154
2019-03-29T09:00:00Z,OTHER,GAS COGEN,47.29104439258576,58
2019-03-29T09:00:00Z,OTHER,OIL/GAS,43.612844433254665,53
2019-03-29T09:00:00Z,OTHER,WOOD/REFUSE,87.69586889743805,158
2019-03-29T09:00:00Z,SOLAR,SOLAR,0,15
2019-03-29T09:00:00Z,WIND,WIND,145.68468805084626,1445
2019-03-29T10:00:00Z,COAL,COAL,3220.284007702536,5568
2019-03-29T10:00:00Z,DUAL FUEL,DUAL FUEL,39.3020315000746,155
2019-03-29T10:00:00Z,GAS,COGENERATION,3957.3299537852736,4988
2019-03-29T10:00:00Z,GAS,COMBINED CYCLE,957.9666269914309,1748
2019-03-29T10:00:00Z,GAS,SIMPLE CYCLE,318.8799252605438,921
2019-03-29T10:00:00Z,HYDRO,HYDRO,91.78157618045807,894
2019-03-29T10:00:00Z,OTHER,BIOMASS,115.16246150493622,154
2019-03-29T10:00:00Z,OTHER,GAS COGEN,47.62919104046291,58
2019-03-29T10:00:00Z,OTHER,OIL/GAS,44.1032429462009,53
2019-03-29T10:00:00Z,OTHER,WOOD/REFUSE,88.3438861380683,158
2019-03-29T10:00:00Z,SOLAR,SOLAR,0,15
2019-03-29T10:00:00Z,WIND,WIND,172.2125823797451,1445
2019-03-29T11:00:00Z,COAL,COAL,3224.2671007724603,5568
2019-03-29T11:00:00Z,DUAL FUEL,DUAL FUEL,39.38471007876926,155
2019-03-29T11:00:00Z,GAS,COGENERATION,3958.5900621349283,4988
2019-03-29T11:00:00Z,GAS,COMBINED CYCLE,1025.5308608778319,1748
2019-03-29T11:00:00Z,GAS,SIMPLE CYCLE,319.1382405138016,921
2019-03-29T11:00:00Z,HYDRO,HYDRO,95.7606218306058,894
2019-03-29T11:00:00Z,OTHER,BIOMASS,115.16329008791182,154
2019-03-29T11:00:00Z,OTHER,GAS COGEN,47.76352362738715,58
2019-03-29T11:00:00Z,OTHER,OIL/GAS,43.95430448744032,53
2019-03-29T11:00:00Z,OTHER,WOOD/REFUSE,90.00429798814986,158
2019-03-29T11:00:00Z,SOLAR,SOLAR,0,15
2019-03-29T11:00:00Z,WIND,WIND,161.6889565258556,1445
2019-03-29T12:00:00Z,COAL,COAL,3370.5944393403,5568
2019-03-29T12:00:00Z,DUAL FUEL,DUAL FUEL,39.41893674638536,155
2019-03-29T12:00:00Z,GAS,COGENERATION,3963.2845287438895,4988
2019-03-29T12:00:00Z,GAS,COMBINED CYCLE,1156.8789596981474,1748
2019-03-29T12:00:00Z,GAS,SIMPLE CYCLE,406.2500306076474,921
2019-03-29T12:00:00Z,HYDRO,HYDRO,100.32868030958706,894
2019-03-29T12:00:00Z,OTHER,BIOMASS,115.02990021069844,154
2019-03-29T12:00:00Z,OTHER,GAS COGEN,47.80298219045003,58
2019-03-29T12:00:00Z,OTHER,OIL/GAS,44.1081596077813,53
2019-03-29T12:00:00Z,OTHER,WOOD/REFUSE,89.54916729662155,158
2019-03-29T12:00:00Z,SOLAR,SOLAR,0,15
2019-03-29T12:00:00Z,WIND,WIND,97.56208411670394,1445
2019-03-29T13:00:00Z,COAL,COAL,3458.2060400993296,5568
2019-03-29T13:00:00Z,DUAL FUEL,DUAL FUEL,39.32683645248413,155
2019-03-29T13:00:00Z,GAS,COGENERATION,3969.034349986712,4988
2019-03-29T13:00:00Z,GAS,COMBINED CYCLE,1261.0887543376286,1748
2019-03-29T13:00:00Z,GAS,SIMPLE CYCLE,448.52699923700754,921
2019-03-29T13:00:00Z,HYDRO,HYDRO,114.76668130174279,894
2019-03-29T13:00:00Z,OTHER,BIOMASS,115.64716056611803,154
2019-03-29T13:00:00Z,OTHER,GAS COGEN,26.109601242409816,58
2019-03-29T13:00:00Z,OTHER,OIL/GAS,43.86965380562676,53
2019-03-29T13:00:00Z,OTHER,WOOD/REFUSE,88.65568173408508,158
2019-03-29T13:00:00Z,SOLAR,SOLAR,0.3024999864399433,15
2019-03-29T13:00:00Z,WIND,WIND,131.61005620831418,1445
2019-03-29T14:00:00Z,COAL,COAL,3373.655816640589,5568
2019-03-29T14:00:00Z,DUAL FUEL,DUAL FUEL,39.39995416853163,155
2019-03-29T14:00:00Z,GAS,COGENERATION,3983.2016143807436,4988
2019-03-29T14:00:00Z,GAS,COMBINED CYCLE,1360.8203483878242,1748
2019-03-29T14:00:00Z,GAS,SIMPLE CYCLE,442.1118067255616,921
2019-03-29T14:00:00Z,HYDRO,HYDRO,138.0222408098976,894
2019-03-29T14:00:00Z,OTHER,BIOMASS,113.13301171514723,154
2019-03-29T14:00:00Z,OTHER,GAS COGEN,12.09999942779541,58
2019-03-29T14:00:00Z,OTHER,OIL/GAS,43.354975878397624,53
2019-03-29T14:00:00Z,OTHER,WOOD/REFUSE,88.89008679389954,158
2019-03-29T14:00:00Z,SOLAR,SOLAR,3.109722171690729,15
2019-03-29T14:00:00Z,WIND,WIND,166.17551538423533,1445
2019-03-29T15:00:00Z,COAL,COAL,3466.210939881404,5568
2019-03-29T15:00:00Z,DUAL FUEL,DUAL FUEL,39.907155441708035,155
2019-03-29T15:00:00Z,GAS,COGENERATION,3962.382412591742,4988
2019-03-29T15:00:00Z,GAS,COMBINED CYCLE,1373.7076000277202,1748
2019-03-29T15:00:00Z,GAS,SIMPLE CYCLE,474.1022845886151,921
2019-03-29T15:00:00Z,HYDRO,HYDRO,148.15819482220545,894
2019-03-29T15:00:00Z,OTHER,BIOMASS,109.33121709240808,154
2019-03-29T15:00:00Z,OTHER,GAS COGEN,11.90099993387858,58
2019-03-29T15:00:00Z,OTHER,OIL/GAS,43.31239344702826,53
2019-03-29T15:00:00Z,OTHER,WOOD/REFUSE,87.89807749960158,158
2019-03-29T15:00:00Z,SOLAR,SOLAR,6.532555509010951,15
2019-03-29T15:00:00Z,WIND,WIND,125.9435630285057,1445
2019-03-29T16:00:00Z,COAL,COAL,3527.166590818829,5568
2019-03-29T16:00:00Z,DUAL FUEL,DUAL FUEL,39.971341143714056,155
2019-03-29T16:00:00Z,GAS,COGENERATION,3948.716087218722,4988
2019-03-29T16:00:00Z,GAS,COMBINED CYCLE,1372.3908486821917,1748
2019-03-29T16:00:00Z,GAS,SIMPLE CYCLE,482.92353808535466,921
2019-03-29T16:00:00Z,HYDRO,HYDRO,157.7907332026296,894
2019-03-29T16:00:00Z,OTHER,BIOMASS,111.86174479590522,154
2019-03-29T16:00:00Z,OTHER,GAS COGEN,11.800000190734863,58
2019-03-29T16:00:00Z,OTHER,OIL/GAS,43.74844312455919,53
2019-03-29T16:00:00Z,OTHER,WOOD/REFUSE,86.67367563830481,158
2019-03-29T16:00:00Z,SOLAR,SOLAR,9.567055314646828,15
2019-03-29T16:00:00Z,WIND,WIND,127.71498611922894,1445
2019-03-29T17:00:00Z,COAL,COAL,3621.033924321863,5568
2019-03-29T17:00:00Z,DUAL FUEL,DUAL FUEL,41.41585929340786,155
2019-03-29T17:00:00Z,GAS,COGENERATION,3937.8145636147924,4988
2019-03-29T17:00:00Z,GAS,COMBINED CYCLE,1372.7392450963125,1748
2019-03-29T17:00:00Z,GAS,SIMPLE CYCLE,481.3251386496756,921
2019-03-29T17:00:00Z,HYDRO,HYDRO,191.76299409310022,894
2019-03-29T17:00:00Z,OTHER,BIOMASS,112.03682020823162,154
2019-03-29T17:00:00Z,OTHER,GAS COGEN,11.59450006008148,58
2019-03-29T17:00:00Z,OTHER,OIL/GAS,43.77938776863946,53
2019-03-29T17:00:00Z,OTHER,WOOD/REFUSE,86.18071326043871,158
2019-03-29T17:00:00Z,SOLAR,SOLAR,11.36755542119344,15
2019-03-29T17:00:00Z,WIND,WIND,73.9955339260565,1445
2019-03-29T18:00:00Z,COAL,COAL,3596.1660668830077,5568
2019-03-29T18:00:00Z,DUAL FUEL,DUAL FUEL,43.178143181271025,155
2019-03-29T18:00:00Z,GAS,COGENERATION,3918.8723267539344,4988
2019-03-29T18:00:00Z,GAS,COMBINED CYCLE,1384.8211991564433,1748
2019-03-29T18:00:00Z,GAS,SIMPLE CYCLE,496.3710573118263,921
2019-03-29T18:00:00Z,HYDRO,HYDRO,139.2214481267664,894
2019-03-29T18:00:00Z,OTHER,BIOMASS,115.31500019815233,154
2019-03-29T18:00:00Z,OTHER,GAS COGEN,11.5,58
2019-03-29T18:00:00Z,OTHER,OIL/GAS,43.701882692972816,53
2019-03-29T18:00:00Z,OTHER,WOOD/REFUSE,86.30246100902558,158
2019-03-29T18:00:00Z,SOLAR,SOLAR,14.198888861338297,15
2019-03-29T18:00:00Z,WIND,WIND,30.42637509865169,1445
2019-03-29T19:00:00Z,COAL,COAL,3546.4215825598767,5568
2019-03-29T19:00:00Z,DUAL FUEL,DUAL FUEL,43.13374133851793,155
2019-03-29T19:00:00Z,GAS,COGENERATION,3889.729491990672,4988
2019-03-29T19:00:00Z,GAS,COMBINED CYCLE,1392.3830987649494,1748
2019-03-29T19:00:00Z,GAS,SIMPLE CYCLE,491.3864100894994,921
2019-03-29T19:00:00Z,HYDRO,HYDRO,179.70678852485287,894
2019-03-29T19:00:00Z,OTHER,BIOMASS,115.227590119044,154
2019-03-29T19:00:00Z,OTHER,GAS COGEN,11.45449997107188,58
2019-03-29T19:00:00Z,OTHER,OIL/GAS,43.93682703018189,53
2019-03-29T19:00:00Z,OTHER,WOOD/REFUSE,86.53865866184235,158
2019-03-29T19:00:00Z,SOLAR,SOLAR,14.857333266999987,15
2019-03-29T19:00:00Z,WIND,WIND,21.487829432338476,1445
2019-03-29T20:00:00Z,COAL,COAL,3473.9103849497105,5568
2019-03-29T20:00:00Z,DUAL FUEL,DUAL FUEL,43.091459034813774,155
2019-03-29T20:00:00Z,GAS,COGENERATION,3869.678116702371,4988
2019-03-29T20:00:00Z,GAS,COMBINED CYCLE,1387.3765360416307,1748
2019-03-29T20:00:00Z,GAS,SIMPLE CYCLE,492.1398911069499,921
2019-03-29T20:00:00Z,HYDRO,HYDRO,179.78823868652185,894
2019-03-29T20:00:00Z,OTHER,BIOMASS,113.33096121470133,154
2019-03-29T20:00:00Z,OTHER,GAS COGEN,11.34449999332428,58
2019-03-29T20:00:00Z,OTHER,OIL/GAS,43.87913781907823,53
2019-03-29T20:00:00Z,OTHER,WOOD/REFUSE,87.00507892131805,158
2019-03-29T20:00:00Z,SOLAR,SOLAR,14.54766663233439,15
2019-03-29T20:00:00Z,WIND,WIND,22.965798888984654,1445
2019-03-29T21:00:00Z,COAL,COAL,3421.5780890399883,5568
2019-03-29T21:00:00Z,DUAL FUEL,DUAL FUEL,42.99742849138048,155
2019-03-29T21:00:00Z,GAS,COGENERATION,3850.6149501444897,4988
2019-03-29T21:00:00Z,GAS,COMBINED CYCLE,1374.0048406704268,1748
2019-03-29T21:00:00Z,GAS,SIMPLE CYCLE,491.5521690193812,921
2019-03-29T21:00:00Z,HYDRO,HYDRO,132.94849363140762,894
2019-03-29T21:00:00Z,OTHER,BIOMASS,116.12015076001485,154
2019-03-29T21:00:00Z,OTHER,GAS COGEN,11.294000186920163,58
2019-03-29T21:00:00Z,OTHER,OIL/GAS,43.56265459908379,53
2019-03-29T21:00:00Z,OTHER,WOOD/REFUSE,86.87086648040348,158
2019-03-29T21:00:00Z,SOLAR,SOLAR,12.58599982685513,15
2019-03-29T21:00:00Z,WIND,WIND,20.81903609282441,1445
2019-03-29T22:00:00Z,COAL,COAL,3315.8679664293927,5568
2019-03-29T22:00:00Z,DUAL FUEL,DUAL FUEL,43.07449563768175,155
2019-03-29T22:00:00Z,GAS,COGENERATION,3846.149201669958,4988
2019-03-29T22:00:00Z,GAS,COMBINED CYCLE,1416.3668265183767,1748
2019-03-29T22:00:00Z,GAS,SIMPLE CYCLE,493.7877722014321,921
2019-03-29T22:00:00Z,HYDRO,HYDRO,141.32248830152884,894
2019-03-29T22:00:00Z,OTHER,BIOMASS,115.7414783695009,154
2019-03-29T22:00:00Z,OTHER,GAS COGEN,11.05533336851332,58
2019-03-29T22:00:00Z,OTHER,OIL/GAS,43.730432997809515,53
2019-03-29T22:00:00Z,OTHER,WOOD/REFUSE,87.09512764400905,158
2019-03-29T22:00:00Z,SOLAR,SOLAR,10.007333140042093,15
2019-03-29T22:00:00Z,WIND,WIND,15.986571216657758,1445
2019-03-29T23:00:00Z,COAL,COAL,3285.937968541119,5568
2019-03-29T23:00:00Z,DUAL FUEL,DUAL FUEL,43.07669980155097,155
2019-03-29T23:00:00Z,GAS,COGENERATION,3849.0731327342987,4988
2019-03-29T23:00:00Z,GAS,COMBINED CYCLE,1414.8853300351566,1748
2019-03-29T23:00:00Z,GAS,SIMPLE CYCLE,489.73098804596395,921
2019-03-29T23:00:00Z,HYDRO,HYDRO,138.19331902715894,894
2019-03-29T23:00:00Z,OTHER,BIOMASS,116.02960571024153,154
2019-03-29T23:00:00Z,OTHER,GAS COGEN,11,58
2019-03-29T23:00:00Z,OTHER,OIL/GAS,43.658881725735135,53
2019-03-29T23:00:00Z,OTHER,WOOD/REFUSE,86.09455514483982,158
2019-03-29T23:00:00Z,SOLAR,SOLAR,6.237444269392226,15
2019-03-29T23:00:00Z,WIND,WIND,9.857664261836971,1445
2019-03-30T00:00:00Z,COAL,COAL,3295.669488087164,5568
2019-03-30T00:00:00Z,DUAL FUEL,DUAL FUEL,43.0063308652242,155
2019-03-30T00:00:00Z,GAS,COGENERATION,3854.1599543412526,4988
2019-03-30T00:00:00Z,GAS,COMBINED CYCLE,1417.5127464551397,1748
2019-03-30T00:00:00Z,GAS,SIMPLE CYCLE,492.2608525538445,921
2019-03-30T00:00:00Z,HYDRO,HYDRO,163.86194589151276,894
2019-03-30T00:00:00Z,OTHER,BIOMASS,116.19214440928565,154
2019-03-30T00:00:00Z,OTHER,GAS COGEN,11,58
2019-03-30T00:00:00Z,OTHER,OIL/GAS,43.54668164994982,53
2019-03-30T00:00:00Z,OTHER,WOOD/REFUSE,83.9750068230099,158
2019-03-30T00:00:00Z,SOLAR,SOLAR,2.0270555286275016,15
2019-03-30T00:00:00Z,WIND,WIND,3.6869155228634676,1445
2019-03-30T01:00:00Z,COAL,COAL,3373.7239011873803,5568
2019-03-30T01:00:00Z,DUAL FUEL,DUAL FUEL,43.1449271774292,155
2019-03-30T01:00:00Z,GAS,COGENERATION,3817.865546672344,4988
2019-03-30T01:00:00Z,GAS,COMBINED CYCLE,1435.211206383705,1748
2019-03-30T01:00:00Z,GAS,SIMPLE CYCLE,500.5842718705866,921
2019-03-30T01:00:00Z,HYDRO,HYDRO,192.26567359414364,894
2019-03-30T01:00:00Z,OTHER,BIOMASS,117.10778108649784,154
2019-03-30T01:00:00Z,OTHER,GAS COGEN,11.015166676309374,58
2019-03-30T01:00:00Z,OTHER,OIL/GAS,43.66205143928528,53
2019-03-30T01:00:00Z,OTHER,WOOD/REFUSE,84.21702084912195,158
2019-03-30T01:00:00Z,SOLAR,SOLAR,0.32499998514850936,15
2019-03-30T01:00:00Z,WIND,WIND,3.2417222099213134,1445
2019-03-30T02:00:00Z,COAL,COAL,3544.205618709392,5568
2019-03-30T02:00:00Z,DUAL FUEL,DUAL FUEL,43.24536705652873,155
2019-03-30T02:00:00Z,GAS,COGENERATION,3806.8504159061113,4988
2019-03-30T02:00:00Z,GAS,COMBINED CYCLE,1422.1393403845364,1748
2019-03-30T02:00:00Z,GAS,SIMPLE CYCLE,501.0647228750918,921
2019-03-30T02:00:00Z,HYDRO,HYDRO,124.8673117808501,894
2019-03-30T02:00:00Z,OTHER,BIOMASS,115.72943934520086,154
2019-03-30T02:00:00Z,OTHER,GAS COGEN,11.220000139872234,58
2019-03-30T02:00:00Z,OTHER,OIL/GAS,43.69375990867615,53
2019-03-30T02:00:00Z,OTHER,WOOD/REFUSE,84.38849272992876,158
2019-03-30T02:00:00Z,SOLAR,SOLAR,0,15
2019-03-30T02:00:00Z,WIND,WIND,26.66015368265824,1445
2019-03-30T03:00:00Z,COAL,COAL,3550.619796012508,5568
2019-03-30T03:00:00Z,DUAL FUEL,DUAL FUEL,43.19867650138007,155
2019-03-30T03:00:00Z,GAS,COGENERATION,3813.3998707465994,4988
2019-03-30T03:00:00Z,GAS,COMBINED CYCLE,1425.9371005800035,1748
2019-03-30T03:00:00Z,GAS,SIMPLE CYCLE,482.9079533283744,921
2019-03-30T03:00:00Z,HYDRO,HYDRO,100.4128926650683,894
2019-03-30T03:00:00Z,OTHER,BIOMASS,113.26518414656321,154
2019-03-30T03:00:00Z,OTHER,GAS COGEN,11.297333522372776,58
2019-03-30T03:00:00Z,OTHER,OIL/GAS,43.45273839950561,53
2019-03-30T03:00:00Z,OTHER,WOOD/REFUSE,84.76920370843675,158
2019-03-30T03:00:00Z,SOLAR,SOLAR,0,15
2019-03-30T03:00:00Z,WIND,WIND,111.33816264754368,1445
2019-03-30T04:00:00Z,COAL,COAL,3251.31576887846,5568
2019-03-30T04:00:00Z,DUAL FUEL,DUAL FUEL,43.143228003184,155
2019-03-30T04:00:00Z,GAS,COGENERATION,3821.214105815424,4988
2019-03-30T04:00:00Z,GAS,COMBINED CYCLE,1397.708817419476,1748
2019-03-30T04:00:00Z,GAS,SIMPLE CYCLE,436.5907967956199,921
2019-03-30T04:00:00Z,HYDRO,HYDRO,77.50836937384473,894
2019-03-30T04:00:00Z,OTHER,BIOMASS,119.04416781372494,154
2019-03-30T04:00:00Z,OTHER,GAS COGEN,11.19750012556712,58
2019-03-30T04:00:00Z,OTHER,OIL/GAS,43.59916555404663,53
2019-03-30T04:00:00Z,OTHER,WOOD/REFUSE,86.17053880585564,158
2019-03-30T04:00:00Z,SOLAR,SOLAR,0,15
2019-03-30T04:00:00Z,WIND,WIND,252.27569101220203,1445
2019-03-30T05:00:00Z,COAL,COAL,3160.776226981282,5568
2019-03-30T05:00:00Z,DUAL FUEL,DUAL FUEL,43.14458236058553,155
2019-03-30T05:00:00Z,GAS,COGENERATION,3845.4446773740983,4988
2019-03-30T05:00:00Z,GAS,COMBINED CYCLE,1162.3089916976294,1748
2019-03-30T05:00:00Z,GAS,SIMPLE CYCLE,423.9201510924764,921
2019-03-30T05:00:00Z,HYDRO,HYDRO,89.56822787615988,894
2019-03-30T05:00:00Z,OTHER,BIOMASS,119.60952893892924,154
2019-03-30T05:00:00Z,OTHER,GAS COGEN,11.300000190734863,58
2019-03-30T05:00:00Z,OTHER,OIL/GAS,43.738825713263616,53
2019-03-30T05:00:00Z,OTHER,WOOD/REFUSE,86.59430779774983,158
2019-03-30T05:00:00Z,SOLAR,SOLAR,0,15
2019-03-30T05:00:00Z,WIND,WIND,382.624535772817,1445
2019-03-30T06:00:00Z,COAL,COAL,3096.468577791717,5568
2019-03-30T06:00:00Z,DUAL FUEL,DUAL FUEL,43.09310564888848,155
2019-03-30T06:00:00Z,GAS,COGENERATION,3867.9056775115596,4988
2019-03-30T06:00:00Z,GAS,COMBINED CYCLE,952.8760022385915,1748
2019-03-30T06:00:00Z,GAS,SIMPLE CYCLE,452.2862416990929,921
2019-03-30T06:00:00Z,HYDRO,HYDRO,76.39777625434928,894
2019-03-30T06:00:00Z,OTHER,BIOMASS,117.93174031098684,154
2019-03-30T06:00:00Z,OTHER,GAS COGEN,11.282500179608665,58
2019-03-30T06:00:00Z,OTHER,OIL/GAS,42.855037733713786,53
2019-03-30T06:00:00Z,OTHER,WOOD/REFUSE,86.54858559661442,158
2019-03-30T06:00:00Z,SOLAR,SOLAR,0,15
2019-03-30T06:00:00Z,WIND,WIND,556.2340447035597,1445
2019-03-30T07:00:00Z,COAL,COAL,2969.8037206875615,5568
2019-03-30T07:00:00Z,DUAL FUEL,DUAL FUEL,43.24192756228977,155
2019-03-30T07:00:00Z,GAS,COGENERATION,3899.2411895481746,4988
2019-03-30T07:00:00Z,GAS,COMBINED CYCLE,927.6489396378729,1748
2019-03-30T07:00:00Z,GAS,SIMPLE CYCLE,367.0680632286933,921
2019-03-30T07:00:00Z,HYDRO,HYDRO,72.0322414384948,894
2019-03-30T07:00:00Z,OTHER,BIOMASS,118.95158445888094,154
2019-03-30T07:00:00Z,OTHER,GAS COGEN,11.252500144640605,58
2019-03-30T07:00:00Z,OTHER,OIL/GAS,42.64723772684733,53
2019-03-30T07:00:00Z,OTHER,WOOD/REFUSE,86.50139995839861,158
2019-03-30T07:00:00Z,SOLAR,SOLAR,0,15
2019-03-30T07:00:00Z,WIND,WIND,636.4414994971288,1445
2019-03-30T08:00:00Z,COAL,COAL,2957.583400488562,5568
2019-03-30T08:00:00Z,DUAL FUEL,DUAL FUEL,43.146060695648195,155
2019-03-30T08:00:00Z,GAS,COGENERATION,3903.304095304807,4988
2019-03-30T08:00:00Z,GAS,COMBINED CYCLE,874.6441833745109,1748
2019-03-30T08:00:00Z,GAS,SIMPLE CYCLE,366.3136438829369,921
2019-03-30T08:00:00Z,HYDRO,HYDRO,66.33910008278158,894
2019-03-30T08:00:00Z,OTHER,BIOMASS,123.09611203034719,154
2019-03-30T08:00:00Z,OTHER,GAS COGEN,11,58
2019-03-30T08:00:00Z,OTHER,OIL/GAS,42.87966550403171,53
2019-03-30T08:00:00Z,OTHER,WOOD/REFUSE,86.85341464572483,158
2019-03-30T08:00:00Z,SOLAR,SOLAR,0,15
2019-03-30T08:00:00Z,WIND,WIND,643.9760712165055,1445
2019-03-30T09:00:00Z,COAL,COAL,2930.425489327709,5568
2019-03-30T09:00:00Z,DUAL FUEL,DUAL FUEL,43.15909164640639,155
2019-03-30T09:00:00Z,GAS,COGENERATION,3913.9465220314264,4988
2019-03-30T09:00:00Z,GAS,COMBINED CYCLE,864.8145673818059,1748
2019-03-30T09:00:00Z,GAS,SIMPLE CYCLE,367.27958588427964,921
2019-03-30T09:00:00Z,HYDRO,HYDRO,61.11213381581836,894
2019-03-30T09:00:00Z,OTHER,BIOMASS,120.30096227222019,154
2019-03-30T09:00:00Z,OTHER,GAS COGEN,11,58
2019-03-30T09:00:00Z,OTHER,OIL/GAS,42.839121964772545,53
2019-03-30T09:00:00Z,OTHER,WOOD/REFUSE,86.657878291342,158
2019-03-30T09:00:00Z,SOLAR,SOLAR,0,15
2019-03-30T09:00:00Z,WIND,WIND,695.45366134324,1445
2019-03-30T10:00:00Z,COAL,COAL,2806.787460056278,5568
2019-03-30T10:00:00Z,DUAL FUEL,DUAL FUEL,43.15247498194377,155
2019-03-30T10:00:00Z,GAS,COGENERATION,3915.1269980815387,4988
2019-03-30T10:00:00Z,GAS,COMBINED CYCLE,865.7259078237745,1748
2019-03-30T10:00:00Z,GAS,SIMPLE CYCLE,367.7432389929559,921
2019-03-30T10:00:00Z,HYDRO,HYDRO,63.64168089661333,894
2019-03-30T10:00:00Z,OTHER,BIOMASS,121.03110059950086,154
2019-03-30T10:00:00Z,OTHER,GAS COGEN,11,58
2019-03-30T10:00:00Z,OTHER,OIL/GAS,42.255721215142145,53
2019-03-30T10:00:00Z,OTHER,WOOD/REFUSE,86.85018088022869,158
2019-03-30T10:00:00Z,SOLAR,SOLAR,0,15
2019-03-30T10:00:00Z,WIND,WIND,816.7784525339471,1445
2019-03-30T11:00:00Z,COAL,COAL,2770.249749084446,5568
2019-03-30T11:00:00Z,DUAL FUEL,DUAL FUEL,43.17292604022556,155
2019-03-30T11:00:00Z,GAS,COGENERATION,3914.554033739037,4988
2019-03-30T11:00:00Z,GAS,COMBINED CYCLE,883.5161491637759,1748
2019-03-30T11:00:00Z,GAS,SIMPLE CYCLE,368.210358324945,921
2019-03-30T11:00:00Z,HYDRO,HYDRO,111.65631052686108,894
2019-03-30T11:00:00Z,OTHER,BIOMASS,124.6835002570682,154
2019-03-30T11:00:00Z,OTHER,GAS COGEN,11,58
2019-03-30T11:00:00Z,OTHER,OIL/GAS,42.31811019049751,53
2019-03-30T11:00:00Z,OTHER,WOOD/REFUSE,87.14663192749023,158
2019-03-30T11:00:00Z,SOLAR,SOLAR,0,15
2019-03-30T11:00:00Z,WIND,WIND,847.403592467871,1445
2019-03-30T12:00:00Z,COAL,COAL,2871.8136673588224,5568
2019-03-30T12:00:00Z,DUAL FUEL,DUAL FUEL,43.19320467631022,155
2019-03-30T12:00:00Z,GAS,COGENERATION,3918.9988141555255,4988
2019-03-30T12:00:00Z,GAS,COMBINED CYCLE,869.9474900319841,1748
2019-03-30T12:00:00Z,GAS,SIMPLE CYCLE,452.5961411899494,921
2019-03-30T12:00:00Z,HYDRO,HYDRO,88.98810610910256,894
2019-03-30T12:00:00Z,OTHER,BIOMASS,123.35160038312276,154
2019-03-30T12:00:00Z,OTHER,GAS COGEN,11,58
2019-03-30T12:00:00Z,OTHER,OIL/GAS,42.04688236660427,53
2019-03-30T12:00:00Z,OTHER,WOOD/REFUSE,87.12173045900134,158
2019-03-30T12:00:00Z,SOLAR,SOLAR,0,15
2019-03-30T12:00:00Z,WIND,WIND,804.125227733718,1445
2019-03-30T13:00:00Z,COAL,COAL,2744.7285656494896,5568
2019-03-30T13:00:00Z,DUAL FUEL,DUAL FUEL,43.08775388505724,155
2019-03-30T13:00:00Z,GAS,COGENERATION,3922.8125876937975,4988
2019-03-30T13:00:00Z,GAS,COMBINED CYCLE,965.0938477908242,1748
2019-03-30T13:00:00Z,GAS,SIMPLE CYCLE,465.1031156737937,921
2019-03-30T13:00:00Z,HYDRO,HYDRO,125.68289492592216,894
2019-03-30T13:00:00Z,OTHER,BIOMASS,131.73475863615673,154
2019-03-30T13:00:00Z,OTHER,GAS COGEN,11.158166767226325,58
2019-03-30T13:00:00Z,OTHER,OIL/GAS,42.27514342414008,53
2019-03-30T13:00:00Z,OTHER,WOOD/REFUSE,89.29984425120884,158
2019-03-30T13:00:00Z,SOLAR,SOLAR,0.3043333182732264,15
2019-03-30T13:00:00Z,WIND,WIND,766.6345494906108,1445
2019-03-30T14:00:00Z,COAL,COAL,2963.352908276187,5568
2019-03-30T14:00:00Z,DUAL FUEL,DUAL FUEL,43.023063839806454,155
2019-03-30T14:00:00Z,GAS,COGENERATION,3917.3173599582246,4988
2019-03-30T14:00:00Z,GAS,COMBINED CYCLE,916.1844370545282,1748
2019-03-30T14:00:00Z,GAS,SIMPLE CYCLE,481.7158673675524,921
2019-03-30T14:00:00Z,HYDRO,HYDRO,163.70270178298156,894
2019-03-30T14:00:00Z,OTHER,BIOMASS,129.84602755122714,154
2019-03-30T14:00:00Z,OTHER,GAS COGEN,11.228000144958497,58
2019-03-30T14:00:00Z,OTHER,OIL/GAS,41.54707096311781,53
2019-03-30T14:00:00Z,OTHER,WOOD/REFUSE,86.73482840749953,158
2019-03-30T14:00:00Z,SOLAR,SOLAR,3.1471665869818795,15
2019-03-30T14:00:00Z,WIND,WIND,631.3454475879876,1445
2019-03-30T15:00:00Z,COAL,COAL,3151.5041254496573,5568
2019-03-30T15:00:00Z,DUAL FUEL,DUAL FUEL,42.994687955644395,155
2019-03-30T15:00:00Z,GAS,COGENERATION,3899.4485670426157,4988
2019-03-30T15:00:00Z,GAS,COMBINED CYCLE,952.0594535356097,1748
2019-03-30T15:00:00Z,GAS,SIMPLE CYCLE,485.4251971879601,921
2019-03-30T15:00:00Z,HYDRO,HYDRO,185.07636717637382,894
2019-03-30T15:00:00Z,OTHER,BIOMASS,126.28547227064769,154
2019-03-30T15:00:00Z,OTHER,GAS COGEN,11.125833413336013,58
2019-03-30T15:00:00Z,OTHER,OIL/GAS,42.6489990234375,53
2019-03-30T15:00:00Z,OTHER,WOOD/REFUSE,89.44514270570542,158
2019-03-30T15:00:00Z,SOLAR,SOLAR,7.02866649362776,15
2019-03-30T15:00:00Z,WIND,WIND,484.9618754139211,1445
2019-03-30T16:00:00Z,COAL,COAL,3407.38104987065,5568
2019-03-30T16:00:00Z,DUAL FUEL,DUAL FUEL,43.0437122408549,155
2019-03-30T16:00:00Z,GAS,COGENERATION,3886.6828951917755,4988
2019-03-30T16:00:00Z,GAS,COMBINED CYCLE,958.3352777131398,1748
2019-03-30T16:00:00Z,GAS,SIMPLE CYCLE,489.92832053171264,921
2019-03-30T16:00:00Z,HYDRO,HYDRO,194.38930538243716,894
2019-03-30T16:00:00Z,OTHER,BIOMASS,124.0891891585456,154
2019-03-30T16:00:00Z,OTHER,GAS COGEN,11,58
2019-03-30T16:00:00Z,OTHER,OIL/GAS,41.29677630530463,53
2019-03-30T16:00:00Z,OTHER,WOOD/REFUSE,89.2701557138231,158
2019-03-30T16:00:00Z,SOLAR,SOLAR,10.407833131154378,15
2019-03-30T16:00:00Z,WIND,WIND,314.1990759735058,1445
2019-03-30T17:00:00Z,COAL,COAL,3522.7784951429235,5568
2019-03-30T17:00:00Z,DUAL FUEL,DUAL FUEL,43.08740174399482,155
2019-03-30T17:00:00Z,GAS,COGENERATION,3880.244546988275,4988
2019-03-30T17:00:00Z,GAS,COMBINED CYCLE,991.1036081922055,1748
2019-03-30T17:00:00Z,GAS,SIMPLE CYCLE,486.899862335523,921
2019-03-30T17:00:00Z,HYDRO,HYDRO,142.46451371659836,894
2019-03-30T17:00:00Z,OTHER,BIOMASS,124.79888934877184,154
2019-03-30T17:00:00Z,OTHER,GAS COGEN,10.904999939600629,58
2019-03-30T17:00:00Z,OTHER,OIL/GAS,40.50125443564521,53
2019-03-30T17:00:00Z,OTHER,WOOD/REFUSE,89.21595829539828,158
2019-03-30T17:00:00Z,SOLAR,SOLAR,12.72849982685513,15
2019-03-30T17:00:00Z,WIND,WIND,311.49576126032406,1445
2019-03-30T18:00:00Z,COAL,COAL,3539.2354677802323,5568
2019-03-30T18:00:00Z,DUAL FUEL,DUAL FUEL,43.17250429153442,155
2019-03-30T18:00:00Z,GAS,COGENERATION,3875.6294390127396,4988
2019-03-30T18:00:00Z,GAS,COMBINED CYCLE,985.8416796678968,1748
2019-03-30T18:00:00Z,GAS,SIMPLE CYCLE,480.9785026404096,921
2019-03-30T18:00:00Z,HYDRO,HYDRO,140.7160402970844,894
2019-03-30T18:00:00Z,OTHER,BIOMASS,125.80017800860935,154
2019-03-30T18:00:00Z,OTHER,GAS COGEN,10.72233315679762,58
2019-03-30T18:00:00Z,OTHER,OIL/GAS,36.02898246765137,53
2019-03-30T18:00:00Z,OTHER,WOOD/REFUSE,87.95284536891513,158
2019-03-30T18:00:00Z,SOLAR,SOLAR,14.283666444354589,15
2019-03-30T18:00:00Z,WIND,WIND,362.76730278958047,1445
2019-03-30T19:00:00Z,COAL,COAL,3177.6457995165388,5568
2019-03-30T19:00:00Z,DUAL FUEL,DUAL FUEL,43.158600378036496,155
2019-03-30T19:00:00Z,GAS,COGENERATION,3867.9771806176504,4988
2019-03-30T19:00:00Z,GAS,COMBINED CYCLE,1002.3475203269057,1748
2019-03-30T19:00:00Z,GAS,SIMPLE CYCLE,478.6632122765647,921
2019-03-30T19:00:00Z,HYDRO,HYDRO,125.7979864671495,894
2019-03-30T19:00:00Z,OTHER,BIOMASS,122.04247497346665,154
2019-03-30T19:00:00Z,OTHER,GAS COGEN,10.959166447321572,58
2019-03-30T19:00:00Z,OTHER,OIL/GAS,37.56205415831672,53
2019-03-30T19:00:00Z,OTHER,WOOD/REFUSE,88.0327251095242,158
2019-03-30T19:00:00Z,SOLAR,SOLAR,14.842499899864196,15
2019-03-30T19:00:00Z,WIND,WIND,551.1115165902592,1445
2019-03-30T20:00:00Z,COAL,COAL,3052.152396277752,5568
2019-03-30T20:00:00Z,DUAL FUEL,DUAL FUEL,43.02912712732951,155
2019-03-30T20:00:00Z,GAS,COGENERATION,3871.3987851198513,4988
2019-03-30T20:00:00Z,GAS,COMBINED CYCLE,1014.2638298238649,1748
2019-03-30T20:00:00Z,GAS,SIMPLE CYCLE,418.27543337047103,921
2019-03-30T20:00:00Z,HYDRO,HYDRO,181.94244357440206,894
2019-03-30T20:00:00Z,OTHER,BIOMASS,116.62399756484561,154
2019-03-30T20:00:00Z,OTHER,GAS COGEN,10.953499848577712,58
2019-03-30T20:00:00Z,OTHER,OIL/GAS,39.78514336268107,53
2019-03-30T20:00:00Z,OTHER,WOOD/REFUSE,87.10754038174947,158
2019-03-30T20:00:00Z,SOLAR,SOLAR,14.546499711672466,15
2019-03-30T20:00:00Z,WIND,WIND,609.5428179835942,1445
2019-03-30T21:00:00Z,COAL,COAL,3101.534295775493,5568
2019-03-30T21:00:00Z,DUAL FUEL,DUAL FUEL,43.21286133448283,155
2019-03-30T21:00:00Z,GAS,COGENERATION,3873.3472461594474,4988
2019-03-30T21:00:00Z,GAS,COMBINED CYCLE,1007.7567356461948,1748
2019-03-30T21:00:00Z,GAS,SIMPLE CYCLE,468.8110827545325,921
2019-03-30T21:00:00Z,HYDRO,HYDRO,181.35652734888924,894
2019-03-30T21:00:00Z,OTHER,BIOMASS,118.01312859270308,154
2019-03-30T21:00:00Z,OTHER,GAS COGEN,11.382499607404071,58
2019-03-30T21:00:00Z,OTHER,OIL/GAS,40.47476575639513,53
2019-03-30T21:00:00Z,OTHER,WOOD/REFUSE,85.93482738335928,158
2019-03-30T21:00:00Z,SOLAR,SOLAR,12.779888716803656,15
2019-03-30T21:00:00Z,WIND,WIND,599.8391248785788,1445
2019-03-30T22:00:00Z,COAL,COAL,3166.248947185609,5568
2019-03-30T22:00:00Z,DUAL FUEL,DUAL FUEL,43.13951899634467,155
2019-03-30T22:00:00Z,GAS,COGENERATION,3886.896009627183,4988
2019-03-30T22:00:00Z,GAS,COMBINED CYCLE,1009.6388375197516,1748
2019-03-30T22:00:00Z,GAS,SIMPLE CYCLE,479.0405650328679,921
2019-03-30T22:00:00Z,HYDRO,HYDRO,153.89393031577268,894
2019-03-30T22:00:00Z,OTHER,BIOMASS,119.50989732821782,154
2019-03-30T22:00:00Z,OTHER,GAS COGEN,11.14499945640564,58
2019-03-30T22:00:00Z,OTHER,OIL/GAS,40.39045445972019,53
2019-03-30T22:00:00Z,OTHER,WOOD/REFUSE,86.58095295111337,158
2019-03-30T22:00:00Z,SOLAR,SOLAR,10.690583169460297,15
2019-03-30T22:00:00Z,WIND,WIND,584.3748716777894,1445
2019-03-30T23:00:00Z,COAL,COAL,3060.954727024767,5568
2019-03-30T23:00:00Z,DUAL FUEL,DUAL FUEL,43.0315257941352,155
2019-03-30T23:00:00Z,GAS,COGENERATION,3891.5187343030507,4988
2019-03-30T23:00:00Z,GAS,COMBINED CYCLE,1011.3057432786624,1748
2019-03-30T23:00:00Z,GAS,SIMPLE CYCLE,479.5722942891717,921
2019-03-30T23:00:00Z,HYDRO,HYDRO,137.23820744395255,894
2019-03-30T23:00:00Z,OTHER,BIOMASS,122.87081658548779,154
2019-03-30T23:00:00Z,OTHER,GAS COGEN,11.09999942779541,58
2019-03-30T23:00:00Z,OTHER,OIL/GAS,40.914531824323866,53
2019-03-30T23:00:00Z,OTHER,WOOD/REFUSE,86.56692350387573,158
2019-03-30T23:00:00Z,SOLAR,SOLAR,7.255833234522078,15
2019-03-30T23:00:00Z,WIND,WIND,568.4668104348415,1445
2019-03-31T00:00:00Z,COAL,COAL,3105.3619039987193,5568
2019-03-31T00:00:00Z,DUAL FUEL,DUAL FUEL,43.178331226772734,155
2019-03-31T00:00:00Z,GAS,COGENERATION,3891.300418110424,4988
2019-03-31T00:00:00Z,GAS,COMBINED CYCLE,1007.2864306251208,1748
2019-03-31T00:00:00Z,GAS,SIMPLE CYCLE,480.14077432288065,921
2019-03-31T00:00:00Z,HYDRO,HYDRO,119.6478396919204,894
2019-03-31T00:00:00Z,OTHER,BIOMASS,116.88128421253629,154
2019-03-31T00:00:00Z,OTHER,GAS COGEN,11.054999542236327,58
2019-03-31T00:00:00Z,OTHER,OIL/GAS,40.99618733088175,53
2019-03-31T00:00:00Z,OTHER,WOOD/REFUSE,85.31182427459294,158
2019-03-31T00:00:00Z,SOLAR,SOLAR,3.1518332904577253,15
2019-03-31T00:00:00Z,WIND,WIND,564.1384088025574,1445
2019-03-31T01:00:00Z,COAL,COAL,3099.6470226344795,5568
2019-03-31T01:00:00Z,DUAL FUEL,DUAL FUEL,43.21208898756239,155
2019-03-31T01:00:00Z,GAS,COGENERATION,3901.019204439587,4988
2019-03-31T01:00:00Z,GAS,COMBINED CYCLE,1020.0857693219185,1748
2019-03-31T01:00:00Z,GAS,SIMPLE CYCLE,485.18984331233634,921
2019-03-31T01:00:00Z,HYDRO,HYDRO,125.79387774851587,894
2019-03-31T01:00:00Z,OTHER,BIOMASS,117.44038998074001,154
2019-03-31T01:00:00Z,OTHER,GAS COGEN,11.09999942779541,58
2019-03-31T01:00:00Z,OTHER,OIL/GAS,40.73303745693631,53
2019-03-31T01:00:00Z,OTHER,WOOD/REFUSE,85.34186237229241,158
2019-03-31T01:00:00Z,SOLAR,SOLAR,0.32455555306540596,15
2019-03-31T01:00:00Z,WIND,WIND,553.4785979900757,1445
2019-03-31T02:00:00Z,COAL,COAL,2903.13776114636,5568
2019-03-31T02:00:00Z,DUAL FUEL,DUAL FUEL,43.28235800213284,155
2019-03-31T02:00:00Z,GAS,COGENERATION,3920.5210958592097,4988
2019-03-31T02:00:00Z,GAS,COMBINED CYCLE,1029.3769176032808,1748
2019-03-31T02:00:00Z,GAS,SIMPLE CYCLE,482.4560336427721,921
2019-03-31T02:00:00Z,HYDRO,HYDRO,135.17871939818065,894
2019-03-31T02:00:00Z,OTHER,BIOMASS,116.06873905764685,154
2019-03-31T02:00:00Z,OTHER,GAS COGEN,11.187666150199044,58
2019-03-31T02:00:00Z,OTHER,OIL/GAS,42.09467155032688,53
2019-03-31T02:00:00Z,OTHER,WOOD/REFUSE,86.39490593910217,158
2019-03-31T02:00:00Z,SOLAR,SOLAR,0,15
2019-03-31T02:00:00Z,WIND,WIND,671.5882430649797,1445
2019-03-31T03:00:00Z,COAL,COAL,3023.59922485643,5568
2019-03-31T03:00:00Z,DUAL FUEL,DUAL FUEL,43.09857680426703,155
2019-03-31T03:00:00Z,GAS,COGENERATION,3935.8189727702406,4988
2019-03-31T03:00:00Z,GAS,COMBINED CYCLE,1059.4548467032114,1748
2019-03-31T03:00:00Z,GAS,SIMPLE CYCLE,472.16718889226513,921
2019-03-31T03:00:00Z,HYDRO,HYDRO,158.27236955273483,894
2019-03-31T03:00:00Z,OTHER,BIOMASS,117.59295028845469,154
2019-03-31T03:00:00Z,OTHER,GAS COGEN,11.399999618530272,58
2019-03-31T03:00:00Z,OTHER,OIL/GAS,43.31485550350613,53
2019-03-31T03:00:00Z,OTHER,WOOD/REFUSE,87.10575252056123,158
2019-03-31T03:00:00Z,SOLAR,SOLAR,0,15
2019-03-31T03:00:00Z,WIND,WIND,513.705843932314,1445
2019-03-31T04:00:00Z,COAL,COAL,3191.633844886356,5568
2019-03-31T04:00:00Z,DUAL FUEL,DUAL FUEL,43.17880499521891,155
2019-03-31T04:00:00Z,GAS,COGENERATION,3942.493473525577,4988
2019-03-31T04:00:00Z,GAS,COMBINED CYCLE,992.6354452779558,1748
2019-03-31T04:00:00Z,GAS,SIMPLE CYCLE,466.44790059387685,921
2019-03-31T04:00:00Z,HYDRO,HYDRO,119.45955774628453,894
2019-03-31T04:00:00Z,OTHER,BIOMASS,117.34361128489176,154
2019-03-31T04:00:00Z,OTHER,GAS COGEN,11.399999618530272,58
2019-03-31T04:00:00Z,OTHER,OIL/GAS,45.640159414079456,53
2019-03-31T04:00:00Z,OTHER,WOOD/REFUSE,87.29096586810218,158
2019-03-31T04:00:00Z,SOLAR,SOLAR,0,15
2019-03-31T04:00:00Z,WIND,WIND,379.57643373178115,1445
2019-03-31T05:00:00Z,COAL,COAL,3303.587305237717,5568
2019-03-31T05:00:00Z,DUAL FUEL,DUAL FUEL,43.22412785636054,155
2019-03-31T05:00:00Z,GAS,COGENERATION,3944.887143740124,4988
2019-03-31T05:00:00Z,GAS,COMBINED CYCLE,972.8930326954523,1748
2019-03-31T05:00:00Z,GAS,SIMPLE CYCLE,365.7476636899842,921
2019-03-31T05:00:00Z,HYDRO,HYDRO,115.04936534444491,894
2019-03-31T05:00:00Z,OTHER,BIOMASS,117.05800064881643,154
2019-03-31T05:00:00Z,OTHER,GAS COGEN,11.399999618530272,58
2019-03-31T05:00:00Z,OTHER,OIL/GAS,46.74996048609416,53
2019-03-31T05:00:00Z,OTHER,WOOD/REFUSE,87.55489640288883,158
2019-03-31T05:00:00Z,SOLAR,SOLAR,0,15
2019-03-31T05:00:00Z,WIND,WIND,279.4039985304243,1445
2019-03-31T06:00:00Z,COAL,COAL,3419.13882330709,5568
2019-03-31T06:00:00Z,DUAL FUEL,DUAL FUEL,43.17363383822971,155
2019-03-31T06:00:00Z,GAS,COGENERATION,3945.919784233305,4988
2019-03-31T06:00:00Z,GAS,COMBINED CYCLE,926.0829560838805,1748
2019-03-31T06:00:00Z,GAS,SIMPLE CYCLE,364.3570666408787,921
2019-03-31T06:00:00Z,HYDRO,HYDRO,103.16536222729418,894
2019-03-31T06:00:00Z,OTHER,BIOMASS,118.20628925800324,154
2019-03-31T06:00:00Z,OTHER,GAS COGEN,11.381499670346578,58
2019-03-31T06:00:00Z,OTHER,OIL/GAS,47.80108729892307,53
2019-03-31T06:00:00Z,OTHER,WOOD/REFUSE,87.00885222434997,158
2019-03-31T06:00:00Z,SOLAR,SOLAR,0,15
2019-03-31T06:00:00Z,WIND,WIND,136.89089192450874,1445
2019-03-31T07:00:00Z,COAL,COAL,3469.0849404785367,5568
2019-03-31T07:00:00Z,DUAL FUEL,DUAL FUEL,43.21092013888889,155
2019-03-31T07:00:00Z,GAS,COGENERATION,3958.758468272421,4988
2019-03-31T07:00:00Z,GAS,COMBINED CYCLE,899.5752994714843,1748
2019-03-31T07:00:00Z,GAS,SIMPLE CYCLE,367.35983295732075,921
2019-03-31T07:00:00Z,HYDRO,HYDRO,88.23073692666159,894
2019-03-31T07:00:00Z,OTHER,BIOMASS,117.03662874009875,154
2019-03-31T07:00:00Z,OTHER,GAS COGEN,11.39516628212399,58
2019-03-31T07:00:00Z,OTHER,OIL/GAS,47.31513789494832,53
2019-03-31T07:00:00Z,OTHER,WOOD/REFUSE,86.1984976503584,158
2019-03-31T07:00:00Z,SOLAR,SOLAR,0,15
2019-03-31T07:00:00Z,WIND,WIND,74.34892194563315,1445
2019-03-31T08:00:00Z,COAL,COAL,3390.152055853473,5568
2019-03-31T08:00:00Z,DUAL FUEL,DUAL FUEL,43.261208606296115,155
2019-03-31T08:00:00Z,GAS,COGENERATION,3974.963108202219,4988
2019-03-31T08:00:00Z,GAS,COMBINED CYCLE,900.4282862567901,1748
2019-03-31T08:00:00Z,GAS,SIMPLE CYCLE,367.3895310277409,921
2019-03-31T08:00:00Z,HYDRO,HYDRO,72.80055344230598,894
2019-03-31T08:00:00Z,OTHER,BIOMASS,118.67957284768423,154
2019-03-31T08:00:00Z,OTHER,GAS COGEN,11.247166188028125,58
2019-03-31T08:00:00Z,OTHER,OIL/GAS,46.83880469004313,53
2019-03-31T08:00:00Z,OTHER,WOOD/REFUSE,86.28156993760003,158
2019-03-31T08:00:00Z,SOLAR,SOLAR,0,15
2019-03-31T08:00:00Z,WIND,WIND,43.283633600291274,1445
2019-03-31T09:00:00Z,COAL,COAL,3337.071125346025,5568
2019-03-31T09:00:00Z,DUAL FUEL,DUAL FUEL,43.23476313908895,155
2019-03-31T09:00:00Z,GAS,COGENERATION,3983.455390686459,4988
2019-03-31T09:00:00Z,GAS,COMBINED CYCLE,904.417365699874,1748
2019-03-31T09:00:00Z,GAS,SIMPLE CYCLE,367.92618621084426,921
2019-03-31T09:00:00Z,HYDRO,HYDRO,95.24974910504288,894
2019-03-31T09:00:00Z,OTHER,BIOMASS,117.18381743854947,154
2019-03-31T09:00:00Z,OTHER,GAS COGEN,11.399999618530272,58
2019-03-31T09:00:00Z,OTHER,OIL/GAS,47.13504826227824,53
2019-03-31T09:00:00Z,OTHER,WOOD/REFUSE,85.94096820619372,158
2019-03-31T09:00:00Z,SOLAR,SOLAR,0,15
2019-03-31T09:00:00Z,WIND,WIND,25.113443503876525,1445
2019-03-31T10:00:00Z,COAL,COAL,3330.1968824534947,5568
2019-03-31T10:00:00Z,DUAL FUEL,DUAL FUEL,43.161712646484375,155
2019-03-31T10:00:00Z,GAS,COGENERATION,3977.034351494842,4988
2019-03-31T10:00:00Z,GAS,COMBINED CYCLE,903.254530977673,1748
2019-03-31T10:00:00Z,GAS,SIMPLE CYCLE,454.17343306019905,921
2019-03-31T10:00:00Z,HYDRO,HYDRO,95.3514357715845,894
2019-03-31T10:00:00Z,OTHER,BIOMASS,114.83686754968431,154
2019-03-31T10:00:00Z,OTHER,GAS COGEN,11.471055245929294,58
2019-03-31T10:00:00Z,OTHER,OIL/GAS,46.86719977060954,53
2019-03-31T10:00:00Z,OTHER,WOOD/REFUSE,85.81536524878608,158
2019-03-31T10:00:00Z,SOLAR,SOLAR,0,15
2019-03-31T10:00:00Z,WIND,WIND,18.02829445509447,1445
2019-03-31T11:00:00Z,COAL,COAL,3380.3588143907655,5568
2019-03-31T11:00:00Z,DUAL FUEL,DUAL FUEL,43.161712646484375,155
2019-03-31T11:00:00Z,GAS,COGENERATION,3981.864478791025,4988
2019-03-31T11:00:00Z,GAS,COMBINED CYCLE,897.9089860818121,1748
2019-03-31T11:00:00Z,GAS,SIMPLE CYCLE,460.0881301542123,921
2019-03-31T11:00:00Z,HYDRO,HYDRO,97.49404726508591,894
2019-03-31T11:00:00Z,OTHER,BIOMASS,116.34463407675425,154
2019-03-31T11:00:00Z,OTHER,GAS COGEN,11.745166822539437,58
2019-03-31T11:00:00Z,OTHER,OIL/GAS,46.41256716410319,53
2019-03-31T11:00:00Z,OTHER,WOOD/REFUSE,85.83258261150783,158
2019-03-31T11:00:00Z,SOLAR,SOLAR,0,15
2019-03-31T11:00:00Z,WIND,WIND,24.40689090595477,1445
2019-03-31T12:00:00Z,COAL,COAL,3398.9461360369787,5568
2019-03-31T12:00:00Z,DUAL FUEL,DUAL FUEL,43.21278242111206,155
2019-03-31T12:00:00Z,GAS,COGENERATION,3992.24785094844,4988
2019-03-31T12:00:00Z,GAS,COMBINED CYCLE,928.8727004014121,1748
2019-03-31T12:00:00Z,GAS,SIMPLE CYCLE,453.9492928434743,921
2019-03-31T12:00:00Z,HYDRO,HYDRO,110.18060619983407,894
2019-03-31T12:00:00Z,OTHER,BIOMASS,118.90260644276938,154
2019-03-31T12:00:00Z,OTHER,GAS COGEN,11.75716683016883,58
2019-03-31T12:00:00Z,OTHER,OIL/GAS,46.77623237609863,53
2019-03-31T12:00:00Z,OTHER,WOOD/REFUSE,85.146252729098,158
2019-03-31T12:00:00Z,SOLAR,SOLAR,0,15
2019-03-31T12:00:00Z,WIND,WIND,40.95652402301629,1445
2019-03-31T13:00:00Z,COAL,COAL,3221.571652448972,5568
2019-03-31T13:00:00Z,DUAL FUEL,DUAL FUEL,43.18550726996528,155
2019-03-31T13:00:00Z,GAS,COGENERATION,3998.1922048891915,4988
2019-03-31T13:00:00Z,GAS,COMBINED CYCLE,973.9453046046362,1748
2019-03-31T13:00:00Z,GAS,SIMPLE CYCLE,465.7720518869824,921
2019-03-31T13:00:00Z,HYDRO,HYDRO,118.12204621702432,894
2019-03-31T13:00:00Z,OTHER,BIOMASS,117.156873043908,154
2019-03-31T13:00:00Z,OTHER,GAS COGEN,11.800000190734863,58
2019-03-31T13:00:00Z,OTHER,OIL/GAS,44.91476589626736,53
2019-03-31T13:00:00Z,OTHER,WOOD/REFUSE,83.7240919552909,158
2019-03-31T13:00:00Z,SOLAR,SOLAR,0.13633332520723343,15
2019-03-31T13:00:00Z,WIND,WIND,53.33641158171826,1445
2019-03-31T14:00:00Z,COAL,COAL,3197.6397105444803,5568
2019-03-31T14:00:00Z,DUAL FUEL,DUAL FUEL,43.197820631663006,155
2019-03-31T14:00:00Z,GAS,COGENERATION,3988.742192394204,4988
2019-03-31T14:00:00Z,GAS,COMBINED CYCLE,992.1726575867334,1748
2019-03-31T14:00:00Z,GAS,SIMPLE CYCLE,514.501744364111,921
2019-03-31T14:00:00Z,HYDRO,HYDRO,143.53571926977898,894
2019-03-31T14:00:00Z,OTHER,BIOMASS,114.58297301477856,154
2019-03-31T14:00:00Z,OTHER,GAS COGEN,11.800000190734863,58
2019-03-31T14:00:00Z,OTHER,OIL/GAS,43.78402730094062,53
2019-03-31T14:00:00Z,OTHER,WOOD/REFUSE,78.43703287826644,158
2019-03-31T14:00:00Z,SOLAR,SOLAR,0.4728333080146048,15
2019-03-31T14:00:00Z,WIND,WIND,58.45926497604284,1445
2019-03-31T15:00:00Z,COAL,COAL,3376.3484259377587,5568
2019-03-31T15:00:00Z,DUAL FUEL,DUAL FUEL,43.1096390469869,155
2019-03-31T15:00:00Z,GAS,COGENERATION,3978.9122663381363,4988
2019-03-31T15:00:00Z,GAS,COMBINED CYCLE,1006.6532333638933,1748
2019-03-31T15:00:00Z,GAS,SIMPLE CYCLE,523.0830249624782,921
2019-03-31T15:00:00Z,HYDRO,HYDRO,171.25234826488628,894
2019-03-31T15:00:00Z,OTHER,BIOMASS,119.99690642462836,154
2019-03-31T15:00:00Z,OTHER,GAS COGEN,11.877666659884982,58
2019-03-31T15:00:00Z,OTHER,OIL/GAS,43.95299956639608,53
2019-03-31T15:00:00Z,OTHER,WOOD/REFUSE,78.6471218307813,158
2019-03-31T15:00:00Z,SOLAR,SOLAR,2.433833283782006,15
2019-03-31T15:00:00Z,WIND,WIND,46.49237782248192,1445
2019-03-31T16:00:00Z,COAL,COAL,3408.3505728038153,5568
2019-03-31T16:00:00Z,DUAL FUEL,DUAL FUEL,43.14377157635159,155
2019-03-31T16:00:00Z,GAS,COGENERATION,3954.3847677622903,4988
2019-03-31T16:00:00Z,GAS,COMBINED CYCLE,1024.3271280241013,1748
2019-03-31T16:00:00Z,GAS,SIMPLE CYCLE,526.5296273321576,921
2019-03-31T16:00:00Z,HYDRO,HYDRO,125.08023191226854,894
2019-03-31T16:00:00Z,OTHER,BIOMASS,114.33562857256996,154
2019-03-31T16:00:00Z,OTHER,GAS COGEN,11.844500077565511,58
2019-03-31T16:00:00Z,OTHER,OIL/GAS,44.186309564378526,53
2019-03-31T16:00:00Z,OTHER,WOOD/REFUSE,77.72782297200628,158
2019-03-31T16:00:00Z,SOLAR,SOLAR,4.2058331906795505,15
2019-03-31T16:00:00Z,WIND,WIND,56.686667095124726,1445
2019-03-31T17:00:00Z,COAL,COAL,3400.3518005368446,5568
2019-03-31T17:00:00Z,DUAL FUEL,DUAL FUEL,43.15627654181586,155
2019-03-31T17:00:00Z,GAS,COGENERATION,3928.9635192725395,4988
2019-03-31T17:00:00Z,GAS,COMBINED CYCLE,1031.430015355746,1748
2019-03-31T17:00:00Z,GAS,SIMPLE CYCLE,522.6789592241413,921
2019-03-31T17:00:00Z,HYDRO,HYDRO,171.42852142655187,894
2019-03-31T17:00:00Z,OTHER,BIOMASS,114.84391183535259,154
2019-03-31T17:00:00Z,OTHER,GAS COGEN,11.828666784498427,58
2019-03-31T17:00:00Z,OTHER,OIL/GAS,44.26438276502821,53
2019-03-31T17:00:00Z,OTHER,WOOD/REFUSE,78.8009818924798,158
2019-03-31T17:00:00Z,SOLAR,SOLAR,3.219499926699533,15
2019-03-31T17:00:00Z,WIND,WIND,71.85664455582697,1445
2019-03-31T18:00:00Z,COAL,COAL,3434.404656275246,5568
2019-03-31T18:00:00Z,DUAL FUEL,DUAL FUEL,43.15399527655707,155
2019-03-31T18:00:00Z,GAS,COGENERATION,3915.7160780700046,4988
2019-03-31T18:00:00Z,GAS,COMBINED CYCLE,1027.7999914164013,1748
2019-03-31T18:00:00Z,GAS,SIMPLE CYCLE,525.1578086794002,921
2019-03-31T18:00:00Z,HYDRO,HYDRO,173.48531721088622,894
2019-03-31T18:00:00Z,OTHER,BIOMASS,109.98738408459558,154
2019-03-31T18:00:00Z,OTHER,GAS COGEN,11.868666682773169,58
2019-03-31T18:00:00Z,OTHER,OIL/GAS,44.14404325273302,53
2019-03-31T18:00:00Z,OTHER,WOOD/REFUSE,77.93552705976698,158
2019-03-31T18:00:00Z,SOLAR,SOLAR,5.692499885559082,15
2019-03-31T18:00:00Z,WIND,WIND,172.74114816622603,1445
2019-03-31T19:00:00Z,COAL,COAL,3404.272450275024,5568
2019-03-31T19:00:00Z,DUAL FUEL,DUAL FUEL,43.20099216673109,155
2019-03-31T19:00:00Z,GAS,COGENERATION,3898.6276990816327,4988
2019-03-31T19:00:00Z,GAS,COMBINED CYCLE,1024.1894620964263,1748
2019-03-31T19:00:00Z,GAS,SIMPLE CYCLE,527.6039350471232,921
2019-03-31T19:00:00Z,HYDRO,HYDRO,188.45986283805638,894
2019-03-31T19:00:00Z,OTHER,BIOMASS,106.86998873074849,154
2019-03-31T19:00:00Z,OTHER,GAS COGEN,12.09999942779541,58
2019-03-31T19:00:00Z,OTHER,OIL/GAS,44.343265249464245,53
2019-03-31T19:00:00Z,OTHER,WOOD/REFUSE,78.38650903887219,158
2019-03-31T19:00:00Z,SOLAR,SOLAR,9.925777606434291,15
2019-03-31T19:00:00Z,WIND,WIND,263.03159095962843,1445
2019-03-31T20:00:00Z,COAL,COAL,3465.230539370643,5568
2019-03-31T20:00:00Z,DUAL FUEL,DUAL FUEL,43.21178244272867,155
2019-03-31T20:00:00Z,GAS,COGENERATION,3878.2783056778376,4988
2019-03-31T20:00:00Z,GAS,COMBINED CYCLE,1018.2342993500498,1748
2019-03-31T20:00:00Z,GAS,SIMPLE CYCLE,525.9164991924498,921
2019-03-31T20:00:00Z,HYDRO,HYDRO,163.05244866636065,894
2019-03-31T20:00:00Z,OTHER,BIOMASS,100.99183334483041,154
2019-03-31T20:00:00Z,OTHER,GAS COGEN,12.09999942779541,58
2019-03-31T20:00:00Z,OTHER,OIL/GAS,43.6818155225118,53
2019-03-31T20:00:00Z,OTHER,WOOD/REFUSE,78.39219837956959,158
2019-03-31T20:00:00Z,SOLAR,SOLAR,8.550110988352033,15
2019-03-31T20:00:00Z,WIND,WIND,292.65108642693195,1445
2019-03-31T21:00:00Z,COAL,COAL,3411.151689617104,5568
2019-03-31T21:00:00Z,DUAL FUEL,DUAL FUEL,43.22035763422648,155
2019-03-31T21:00:00Z,GAS,COGENERATION,3835.2522733566498,4988
2019-03-31T21:00:00Z,GAS,COMBINED CYCLE,1018.9553654593892,1748
2019-03-31T21:00:00Z,GAS,SIMPLE CYCLE,548.0643911043637,921
2019-03-31T21:00:00Z,HYDRO,HYDRO,178.4049708893564,894
2019-03-31T21:00:00Z,OTHER,BIOMASS,104.52411090797848,154
2019-03-31T21:00:00Z,OTHER,GAS COGEN,12.09999942779541,58
2019-03-31T21:00:00Z,OTHER,OIL/GAS,43.76428295135498,53
2019-03-31T21:00:00Z,OTHER,WOOD/REFUSE,78.45283978753619,158
2019-03-31T21:00:00Z,SOLAR,SOLAR,4.450444336997138,15
2019-03-31T21:00:00Z,WIND,WIND,259.95547639347615,1445
2019-03-31T22:00:00Z,COAL,COAL,3534.9016894634565,5568
2019-03-31T22:00:00Z,DUAL FUEL,DUAL FUEL,43.177985388437904,155
2019-03-31T22:00:00Z,GAS,COGENERATION,3819.571734421518,4988
2019-03-31T22:00:00Z,GAS,COMBINED CYCLE,1019.7238433668348,1748
2019-03-31T22:00:00Z,GAS,SIMPLE CYCLE,534.3501039094396,921
2019-03-31T22:00:00Z,HYDRO,HYDRO,178.0266193838252,894
2019-03-31T22:00:00Z,OTHER,BIOMASS,112.13552817821503,154
2019-03-31T22:00:00Z,OTHER,GAS COGEN,11.95311085542043,58
2019-03-31T22:00:00Z,OTHER,OIL/GAS,44.253177358839245,53
2019-03-31T22:00:00Z,OTHER,WOOD/REFUSE,78.25083184374702,158
2019-03-31T22:00:00Z,SOLAR,SOLAR,5.442333264350891,15
2019-03-31T22:00:00Z,WIND,WIND,257.9872974431432,1445
2019-03-31T23:00:00Z,COAL,COAL,3589.3555441215303,5568
2019-03-31T23:00:00Z,DUAL FUEL,DUAL FUEL,43.13720062467787,155
2019-03-31T23:00:00Z,GAS,COGENERATION,3815.802968800333,4988
2019-03-31T23:00:00Z,GAS,COMBINED CYCLE,1017.1613414926,1748
2019-03-31T23:00:00Z,GAS,SIMPLE CYCLE,549.5297839724356,921
2019-03-31T23:00:00Z,HYDRO,HYDRO,154.94341592152912,894
2019-03-31T23:00:00Z,OTHER,BIOMASS,117.51807344966466,154
2019-03-31T23:00:00Z,OTHER,GAS COGEN,11.899999618530272,58
2019-03-31T23:00:00Z,OTHER,OIL/GAS,43.93108295864529,53
2019-03-31T23:00:00Z,OTHER,WOOD/REFUSE,77.79911989847818,158
2019-03-31T23:00:00Z,SOLAR,SOLAR,4.32572217490938,15
2019-03-31T23:00:00Z,WIND,WIND,306.437689826236,1445
2019-04-01T00:00:00Z,COAL,COAL,3569.91637070126,5568
2019-04-01T00:00:00Z,DUAL FUEL,DUAL FUEL,43.17905263264974,155
2019-04-01T00:00:00Z,GAS,COGENERATION,3809.838229429788,4988
2019-04-01T00:00:00Z,GAS,COMBINED CYCLE,1023.0270410203934,1748
2019-04-01T00:00:00Z,GAS,SIMPLE CYCLE,544.1383911379178,921
2019-04-01T00:00:00Z,HYDRO,HYDRO,167.026503871878,894
2019-04-01T00:00:00Z,OTHER,BIOMASS,117.27459467834896,154
2019-04-01T00:00:00Z,OTHER,GAS COGEN,11.899999618530272,58
2019-04-01T00:00:00Z,OTHER,OIL/GAS,44.038621440463594,53
2019-04-01T00:00:00Z,OTHER,WOOD/REFUSE,77.8896322051684,158
2019-04-01T00:00:00Z,SOLAR,SOLAR,2.122722128629684,15
2019-04-01T00:00:00Z,WIND,WIND,149.02803559141026,1445
2019-04-01T01:00:00Z,COAL,COAL,3578.075226755142,5568
2019-04-01T01:00:00Z,DUAL FUEL,DUAL FUEL,43.24124746322632,155
2019-04-01T01:00:00Z,GAS,COGENERATION,3812.5860444174873,4988
2019-04-01T01:00:00Z,GAS,COMBINED CYCLE,1020.8418316878214,1748
2019-04-01T01:00:00Z,GAS,SIMPLE CYCLE,551.1223096878662,921
2019-04-01T01:00:00Z,HYDRO,HYDRO,130.45888731148509,894
2019-04-01T01:00:00Z,OTHER,BIOMASS,115.91467876434326,154
2019-04-01T01:00:00Z,OTHER,GAS COGEN,11.854332922829522,58
2019-04-01T01:00:00Z,OTHER,OIL/GAS,44.5464150428772,53
2019-04-01T01:00:00Z,OTHER,WOOD/REFUSE,78.28364743471145,158
2019-04-01T01:00:00Z,SOLAR,SOLAR,0.5949444374110964,15
2019-04-01T01:00:00Z,WIND,WIND,143.65405293010173,1445
2019-04-01T02:00:00Z,COAL,COAL,3614.9544851371975,5568
2019-04-01T02:00:00Z,DUAL FUEL,DUAL FUEL,43.19715999603272,155
2019-04-01T02:00:00Z,GAS,COGENERATION,3831.1858142476613,4988
2019-04-01T02:00:00Z,GAS,COMBINED CYCLE,1029.033905497127,1748
2019-04-01T02:00:00Z,GAS,SIMPLE CYCLE,553.0212285961045,921
2019-04-01T02:00:00Z,HYDRO,HYDRO,171.51460897763567,894
2019-04-01T02:00:00Z,OTHER,BIOMASS,115.24476701630486,154
2019-04-01T02:00:00Z,OTHER,GAS COGEN,11.796999553044635,58
2019-04-01T02:00:00Z,OTHER,OIL/GAS,43.4739823214213,53
2019-04-01T02:00:00Z,OTHER,WOOD/REFUSE,78.00303136269252,158
2019-04-01T02:00:00Z,SOLAR,SOLAR,0,15
2019-04-01T02:00:00Z,WIND,WIND,166.423367718781,1445
2019-04-01T03:00:00Z,COAL,COAL,3531.3411832873026,5568
2019-04-01T03:00:00Z,DUAL FUEL,DUAL FUEL,43.05854731665717,155
2019-04-01T03:00:00Z,GAS,COGENERATION,3869.7690787283577,4988
2019-04-01T03:00:00Z,GAS,COMBINED CYCLE,953.7754682678647,1748
2019-04-01T03:00:00Z,GAS,SIMPLE CYCLE,558.7301139851411,921
2019-04-01T03:00:00Z,HYDRO,HYDRO,121.69096011446581,894
2019-04-01T03:00:00Z,OTHER,BIOMASS,116.89875605053372,154
2019-04-01T03:00:00Z,OTHER,GAS COGEN,11.686166149245368,58
2019-04-01T03:00:00Z,OTHER,OIL/GAS,43.12671002070109,53
2019-04-01T03:00:00Z,OTHER,WOOD/REFUSE,78.4304396613439,158
2019-04-01T03:00:00Z,SOLAR,SOLAR,0,15
2019-04-01T03:00:00Z,WIND,WIND,219.27875504074825,1445
2019-04-01T04:00:00Z,COAL,COAL,3550.524190308783,5568
2019-04-01T04:00:00Z,DUAL FUEL,DUAL FUEL,43.20265866809421,155
2019-04-01T04:00:00Z,GAS,COGENERATION,3880.154044478602,4988
2019-04-01T04:00:00Z,GAS,COMBINED CYCLE,899.5024129141701,1748
2019-04-01T04:00:00Z,GAS,SIMPLE CYCLE,427.1538490053349,921
2019-04-01T04:00:00Z,HYDRO,HYDRO,128.20932253936925,894
2019-04-01T04:00:00Z,OTHER,BIOMASS,118.45744505882263,154
2019-04-01T04:00:00Z,OTHER,GAS COGEN,11.899999618530272,58
2019-04-01T04:00:00Z,OTHER,OIL/GAS,43.18259949154324,53
2019-04-01T04:00:00Z,OTHER,WOOD/REFUSE,79.35702234745025,158
2019-04-01T04:00:00Z,SOLAR,SOLAR,0,15
2019-04-01T04:00:00Z,WIND,WIND,161.35654218849209,1445
2019-04-01T05:00:00Z,COAL,COAL,3540.421416458024,5568
2019-04-01T05:00:00Z,DUAL FUEL,DUAL FUEL,43.20357006708781,155
2019-04-01T05:00:00Z,GAS,COGENERATION,3862.977088541885,4988
2019-04-01T05:00:00Z,GAS,COMBINED CYCLE,880.6370587393972,1748
2019-04-01T05:00:00Z,GAS,SIMPLE CYCLE,374.9362366885609,921
2019-04-01T05:00:00Z,HYDRO,HYDRO,87.80632835924625,894
2019-04-01T05:00:00Z,OTHER,BIOMASS,117.76225641886393,154
2019-04-01T05:00:00Z,OTHER,GAS COGEN,11.702499492963154,58
2019-04-01T05:00:00Z,OTHER,OIL/GAS,43.35145480897692,53
2019-04-01T05:00:00Z,OTHER,WOOD/REFUSE,78.45263197633956,158
2019-04-01T05:00:00Z,SOLAR,SOLAR,0,15
2019-04-01T05:00:00Z,WIND,WIND,160.00066042209664,1445
