begin_datetime_utc,fuel_type,sub_fuel_type,net_generation_mw,max_capability_mw
2016-02-01T07:00:00Z,COAL,COAL,4179.628051511977,6289
2016-02-01T07:00:00Z,GAS,COGENERATION,3368.8750493775474,4528
2016-02-01T07:00:00Z,GAS,COMBINED CYCLE,738.8825632947021,1716
2016-02-01T07:00:00Z,GAS,SIMPLE CYCLE,35.59999942779541,996
2016-02-01T07:00:00Z,HYDRO,HYDRO,96.82802646812466,894
2016-02-01T07:00:00Z,OTHER,BIOMASS,114.38113377888997,156
2016-02-01T07:00:00Z,OTHER,GAS COGEN,36.985225846502516,61
2016-02-01T07:00:00Z,OTHER,OIL/GAS,47.66973224639892,53
2016-02-01T07:00:00Z,OTHER,WOOD/REFUSE,72.80333068635728,158
2016-02-01T07:00:00Z,WIND,WIND,176.59800048536727,1463
2016-02-01T08:00:00Z,COAL,COAL,4120.627702229818,6289
2016-02-01T08:00:00Z,GAS,COGENERATION,3386.04322589967,4528
2016-02-01T08:00:00Z,GAS,COMBINED CYCLE,753.7394017505645,1716
2016-02-01T08:00:00Z,GAS,SIMPLE CYCLE,35.69249941719903,996
2016-02-01T08:00:00Z,HYDRO,HYDRO,135.69864691078664,894
2016-02-01T08:00:00Z,OTHER,BIOMASS,118.75653475443522,156
2016-02-01T08:00:00Z,OTHER,GAS COGEN,42.45123465643988,61
2016-02-01T08:00:00Z,OTHER,OIL/GAS,47.539598106808135,53
2016-02-01T08:00:00Z,OTHER,WOOD/REFUSE,72.82534712314606,158
2016-02-01T08:00:00Z,WIND,WIND,126.77395573810571,1463
2016-02-01T09:00:00Z,COAL,COAL,4242.442723062303,6289
2016-02-01T09:00:00Z,GAS,COGENERATION,3387.085897072951,4528
2016-02-01T09:00:00Z,GAS,COMBINED CYCLE,630.4918750572205,1716
2016-02-01T09:00:00Z,GAS,SIMPLE CYCLE,35.45833209885492,996
2016-02-01T09:00:00Z,HYDRO,HYDRO,139.36812099744876,894
2016-02-01T09:00:00Z,OTHER,BIOMASS,116.4854147052765,156
2016-02-01T09:00:00Z,OTHER,GAS COGEN,42.37927007993062,61
2016-02-01T09:00:00Z,OTHER,OIL/GAS,47.74438233057658,53
2016-02-01T09:00:00Z,OTHER,WOOD/REFUSE,73.1801691028807,158
2016-02-01T09:00:00Z,WIND,WIND,66.98490766397781,1463
2016-02-01T10:00:00Z,COAL,COAL,4278.186366706424,6289
2016-02-01T10:00:00Z,GAS,COGENERATION,3389.739158168766,4528
2016-02-01T10:00:00Z,GAS,COMBINED CYCLE,663.5352788185659,1716
2016-02-01T10:00:00Z,GAS,SIMPLE CYCLE,35.55683259646098,996
2016-02-01T10:00:00Z,HYDRO,HYDRO,125.55309019088745,894
2016-02-01T10:00:00Z,OTHER,BIOMASS,118.5537529733446,156
2016-02-01T10:00:00Z,OTHER,GAS COGEN,42.2254485294554,61
2016-02-01T10:00:00Z,OTHER,OIL/GAS,47.425465162065294,53
2016-02-01T10:00:00Z,OTHER,WOOD/REFUSE,74.43049729877049,158
2016-02-01T10:00:00Z,WIND,WIND,39.49508585271736,1463
2016-02-01T11:00:00Z,COAL,COAL,4326.704214449988,6289
2016-02-01T11:00:00Z,GAS,COGENERATION,3394.9965160650677,4528
2016-02-01T11:00:00Z,GAS,COMBINED CYCLE,712.5142383714517,1716
2016-02-01T11:00:00Z,GAS,SIMPLE CYCLE,35.547832562128704,996
2016-02-01T11:00:00Z,HYDRO,HYDRO,125.27618580963878,894
2016-02-01T11:00:00Z,OTHER,BIOMASS,113.22437346458435,156
2016-02-01T11:00:00Z,OTHER,GAS COGEN,42.32428411960602,61
2016-02-01T11:00:00Z,OTHER,OIL/GAS,47.97967032750448,53
2016-02-01T11:00:00Z,OTHER,WOOD/REFUSE,74.39219674110413,158
2016-02-01T11:00:00Z,WIND,WIND,18.87759463460081,1463
2016-02-01T12:00:00Z,COAL,COAL,4383.077863485548,6289
2016-02-01T12:00:00Z,GAS,COGENERATION,3412.1042163716425,4528
2016-02-01T12:00:00Z,GAS,COMBINED CYCLE,860.9018477597501,1716
2016-02-01T12:00:00Z,GAS,SIMPLE CYCLE,35.59016605695089,996
2016-02-01T12:00:00Z,HYDRO,HYDRO,143.56693138354353,894
2016-02-01T12:00:00Z,OTHER,BIOMASS,115.13360652340783,156
2016-02-01T12:00:00Z,OTHER,GAS COGEN,42.18309742768606,61
2016-02-01T12:00:00Z,OTHER,OIL/GAS,48.19678106307983,53
2016-02-01T12:00:00Z,OTHER,WOOD/REFUSE,74.6318633307351,158
2016-02-01T12:00:00Z,WIND,WIND,11.255979923605919,1463
2016-02-01T13:00:00Z,COAL,COAL,4564.456195769045,6289
2016-02-01T13:00:00Z,GAS,COGENERATION,3500.2236725013786,4528
2016-02-01T13:00:00Z,GAS,COMBINED CYCLE,992.2777621236113,1716
2016-02-01T13:00:00Z,GAS,SIMPLE CYCLE,35.4949990272522,996
2016-02-01T13:00:00Z,HYDRO,HYDRO,171.86796515490445,894
2016-02-01T13:00:00Z,OTHER,BIOMASS,114.68531234741211,156
2016-02-01T13:00:00Z,OTHER,GAS COGEN,42.239803340699936,61
2016-02-01T13:00:00Z,OTHER,OIL/GAS,47.56063196818034,53
2016-02-01T13:00:00Z,OTHER,WOOD/REFUSE,75.17213582091861,158
2016-02-01T13:00:00Z,WIND,WIND,5.056128282166189,1463
2016-02-01T14:00:00Z,COAL,COAL,4932.886952219804,6289
2016-02-01T14:00:00Z,GAS,COGENERATION,3512.5651913686593,4528
2016-02-01T14:00:00Z,GAS,COMBINED CYCLE,1021.3790518130197,1716
2016-02-01T14:00:00Z,GAS,SIMPLE CYCLE,35.59999942779541,996
2016-02-01T14:00:00Z,HYDRO,HYDRO,243.49563342176378,894
2016-02-01T14:00:00Z,OTHER,BIOMASS,119.83150962511698,156
2016-02-01T14:00:00Z,OTHER,GAS COGEN,42.13818490982055,61
2016-02-01T14:00:00Z,OTHER,OIL/GAS,48.03715408749051,53
2016-02-01T14:00:00Z,OTHER,WOOD/REFUSE,74.34844663143159,158
2016-02-01T14:00:00Z,WIND,WIND,2.3127033605509335,1463
2016-02-01T15:00:00Z,COAL,COAL,5058.483285490672,6289
2016-02-01T15:00:00Z,GAS,COGENERATION,3526.5983188572195,4528
2016-02-01T15:00:00Z,GAS,COMBINED CYCLE,1030.596100360751,1716
2016-02-01T15:00:00Z,GAS,SIMPLE CYCLE,35.59033276345995,996
2016-02-01T15:00:00Z,HYDRO,HYDRO,229.9366515410857,894
2016-02-01T15:00:00Z,OTHER,BIOMASS,117.28576910972595,156
2016-02-01T15:00:00Z,OTHER,GAS COGEN,39.181873171594404,61
2016-02-01T15:00:00Z,OTHER,OIL/GAS,48.27107666863336,53
2016-02-01T15:00:00Z,OTHER,WOOD/REFUSE,72.82366920047336,158
2016-02-01T15:00:00Z,WIND,WIND,3.919488928500149,1463
2016-02-01T16:00:00Z,COAL,COAL,5138.299494887458,6289
2016-02-01T16:00:00Z,GAS,COGENERATION,3554.278545808726,4528
2016-02-01T16:00:00Z,GAS,COMBINED CYCLE,1021.565389289326,1716
2016-02-01T16:00:00Z,GAS,SIMPLE CYCLE,32.730610928005646,996
2016-02-01T16:00:00Z,HYDRO,HYDRO,199.98391184911134,894
2016-02-01T16:00:00Z,OTHER,BIOMASS,120.04733547899458,156
2016-02-01T16:00:00Z,OTHER,GAS COGEN,40.15694214555952,61
2016-02-01T16:00:00Z,OTHER,OIL/GAS,47.75588763766819,53
2016-02-01T16:00:00Z,OTHER,WOOD/REFUSE,73.1477521387736,158
2016-02-01T16:00:00Z,WIND,WIND,4.002550078547663,1463
2016-02-01T17:00:00Z,COAL,COAL,5174.635658024682,6289
2016-02-01T17:00:00Z,GAS,COGENERATION,3556.2389038682645,4528
2016-02-01T17:00:00Z,GAS,COMBINED CYCLE,1011.7509920759333,1716
2016-02-01T17:00:00Z,GAS,SIMPLE CYCLE,35.83357911619875,996
2016-02-01T17:00:00Z,HYDRO,HYDRO,192.66505818350447,894
2016-02-01T17:00:00Z,OTHER,BIOMASS,120.5115114654435,156
2016-02-01T17:00:00Z,OTHER,GAS COGEN,41.93190906948514,61
2016-02-01T17:00:00Z,OTHER,OIL/GAS,47.840031191507975,53
2016-02-01T17:00:00Z,OTHER,WOOD/REFUSE,74.68885245853001,158
2016-02-01T17:00:00Z,WIND,WIND,7.073055504295561,1463
2016-02-01T18:00:00Z,COAL,COAL,5159.46298585044,6289
2016-02-01T18:00:00Z,GAS,COGENERATION,3637.944335489803,4528
2016-02-01T18:00:00Z,GAS,COMBINED CYCLE,1005.4819161128336,1716
2016-02-01T18:00:00Z,GAS,SIMPLE CYCLE,32.855726464192074,996
2016-02-01T18:00:00Z,HYDRO,HYDRO,163.09595004091662,894
2016-02-01T18:00:00Z,OTHER,BIOMASS,124.61545156266955,156
2016-02-01T18:00:00Z,OTHER,GAS COGEN,41.96031362692515,61
2016-02-01T18:00:00Z,OTHER,OIL/GAS,48.30219916025798,53
2016-02-01T18:00:00Z,OTHER,WOOD/REFUSE,74.19404672463735,158
2016-02-01T18:00:00Z,WIND,WIND,16.04932342596352,1463
2016-02-01T19:00:00Z,COAL,COAL,5154.374237090216,6289
2016-02-01T19:00:00Z,GAS,COGENERATION,3579.2923388613594,4528
2016-02-01T19:00:00Z,GAS,COMBINED CYCLE,1004.9160304884116,1716
2016-02-01T19:00:00Z,GAS,SIMPLE CYCLE,32.60066609700521,996
2016-02-01T19:00:00Z,HYDRO,HYDRO,181.40076882796154,894
2016-02-01T19:00:00Z,OTHER,BIOMASS,124.08995575269063,156
2016-02-01T19:00:00Z,OTHER,GAS COGEN,42.07246410687764,61
2016-02-01T19:00:00Z,OTHER,OIL/GAS,48.125299055311416,53
2016-02-01T19:00:00Z,OTHER,WOOD/REFUSE,74.47401316801707,158
2016-02-01T19:00:00Z,WIND,WIND,23.647775336917903,1463
2016-02-01T20:00:00Z,COAL,COAL,5157.536474435595,6289
2016-02-01T20:00:00Z,GAS,COGENERATION,3439.3630670179923,4528
2016-02-01T20:00:00Z,GAS,COMBINED CYCLE,1017.4861738732787,1716
2016-02-01T20:00:00Z,GAS,SIMPLE CYCLE,32.42499876022339,996
2016-02-01T20:00:00Z,HYDRO,HYDRO,215.7606974472271,894
2016-02-01T20:00:00Z,OTHER,BIOMASS,122.4587233903673,156
2016-02-01T20:00:00Z,OTHER,GAS COGEN,42.27187033441332,61
2016-02-01T20:00:00Z,OTHER,OIL/GAS,47.61093750635783,53
2016-02-01T20:00:00Z,OTHER,WOOD/REFUSE,74.18608570045895,158
2016-02-01T20:00:00Z,WIND,WIND,47.91871101422442,1463
2016-02-01T21:00:00Z,COAL,COAL,5116.380466512044,6289
2016-02-01T21:00:00Z,GAS,COGENERATION,3428.1840904545784,4528
2016-02-01T21:00:00Z,GAS,COMBINED CYCLE,997.173226818045,1716
2016-02-01T21:00:00Z,GAS,SIMPLE CYCLE,32.43516546567281,996
2016-02-01T21:00:00Z,HYDRO,HYDRO,159.52717270370985,894
2016-02-01T21:00:00Z,OTHER,BIOMASS,120.22983053843181,156
2016-02-01T21:00:00Z,OTHER,GAS COGEN,44.93677406258053,61
2016-02-01T21:00:00Z,OTHER,OIL/GAS,47.88766494115194,53
2016-02-01T21:00:00Z,OTHER,WOOD/REFUSE,75.01978610568577,158
2016-02-01T21:00:00Z,WIND,WIND,105.97434489684801,1463
2016-02-01T22:00:00Z,COAL,COAL,5056.321119551195,6289
2016-02-01T22:00:00Z,GAS,COGENERATION,3427.930708108213,4528
2016-02-01T22:00:00Z,GAS,COMBINED CYCLE,992.0438622621034,1716
2016-02-01T22:00:00Z,GAS,SIMPLE CYCLE,37.57794961214066,996
2016-02-01T22:00:00Z,HYDRO,HYDRO,160.15604814542664,894
2016-02-01T22:00:00Z,OTHER,BIOMASS,126.30117535220252,156
2016-02-01T22:00:00Z,OTHER,GAS COGEN,45.21686134073469,61
2016-02-01T22:00:00Z,OTHER,OIL/GAS,47.95132714589437,53
2016-02-01T22:00:00Z,OTHER,WOOD/REFUSE,76.33284182071687,158
2016-02-01T22:00:00Z,WIND,WIND,229.6602338387403,1463
2016-02-01T23:00:00Z,COAL,COAL,4940.914017309083,6289
2016-02-01T23:00:00Z,GAS,COGENERATION,3358.635092913972,4528
2016-02-01T23:00:00Z,GAS,COMBINED CYCLE,1001.156616393394,1716
2016-02-01T23:00:00Z,GAS,SIMPLE CYCLE,89.39320296870338,996
2016-02-01T23:00:00Z,HYDRO,HYDRO,195.95022597302994,894
2016-02-01T23:00:00Z,OTHER,BIOMASS,131.36607098791333,156
2016-02-01T23:00:00Z,OTHER,GAS COGEN,45.1707459417979,61
2016-02-01T23:00:00Z,OTHER,OIL/GAS,47.89057110044691,53
2016-02-01T23:00:00Z,OTHER,WOOD/REFUSE,75.55545802063412,158
2016-02-01T23:00:00Z,WIND,WIND,376.16115780805546,1463
2016-02-02T00:00:00Z,COAL,COAL,5061.777761391534,6289
2016-02-02T00:00:00Z,GAS,COGENERATION,3373.1906458000344,4528
2016-02-02T00:00:00Z,GAS,COMBINED CYCLE,999.9951633440123,1716
2016-02-02T00:00:00Z,GAS,SIMPLE CYCLE,137.0646211294333,996
2016-02-02T00:00:00Z,HYDRO,HYDRO,199.01322960946294,894
2016-02-02T00:00:00Z,OTHER,BIOMASS,126.88276038752662,156
2016-02-02T00:00:00Z,OTHER,GAS COGEN,45.62490864223904,61
2016-02-02T00:00:00Z,OTHER,OIL/GAS,48.237765375773115,53
2016-02-02T00:00:00Z,OTHER,WOOD/REFUSE,76.1447801844279,158
2016-02-02T00:00:00Z,WIND,WIND,481.07538208102187,1463
2016-02-02T01:00:00Z,COAL,COAL,4888.183081795904,6289
2016-02-02T01:00:00Z,GAS,COGENERATION,3347.94760523306,4528
2016-02-02T01:00:00Z,GAS,COMBINED CYCLE,1021.4387854492664,1716
2016-02-02T01:00:00Z,GAS,SIMPLE CYCLE,146.68284473472173,996
2016-02-02T01:00:00Z,HYDRO,HYDRO,268.0955815354652,894
2016-02-02T01:00:00Z,OTHER,BIOMASS,127.80321150885689,156
2016-02-02T01:00:00Z,OTHER,GAS COGEN,45.812474495569866,61
2016-02-02T01:00:00Z,OTHER,OIL/GAS,47.9518877474467,53
2016-02-02T01:00:00Z,OTHER,WOOD/REFUSE,75.51764683140648,158
2016-02-02T01:00:00Z,WIND,WIND,580.9834827946457,1463
2016-02-02T02:00:00Z,COAL,COAL,4754.248855037689,6289
2016-02-02T02:00:00Z,GAS,COGENERATION,3334.636355919043,4528
2016-02-02T02:00:00Z,GAS,COMBINED CYCLE,1009.5425127763218,1716
2016-02-02T02:00:00Z,GAS,SIMPLE CYCLE,152.28207994937898,996
2016-02-02T02:00:00Z,HYDRO,HYDRO,236.89468919091755,894
2016-02-02T02:00:00Z,OTHER,BIOMASS,127.82968214299945,156
2016-02-02T02:00:00Z,OTHER,GAS COGEN,45.90174186441634,61
2016-02-02T02:00:00Z,OTHER,OIL/GAS,47.64022122912937,53
2016-02-02T02:00:00Z,OTHER,WOOD/REFUSE,75.76778017414941,158
2016-02-02T02:00:00Z,WIND,WIND,574.9021074380809,1463
2016-02-02T03:00:00Z,COAL,COAL,4716.842580632104,6289
2016-02-02T03:00:00Z,GAS,COGENERATION,3338.78644279778,4528
2016-02-02T03:00:00Z,GAS,COMBINED CYCLE,1028.0485717866818,1716
2016-02-02T03:00:00Z,GAS,SIMPLE CYCLE,38.5472868320677,996
2016-02-02T03:00:00Z,HYDRO,HYDRO,262.92243706305817,894
2016-02-02T03:00:00Z,OTHER,BIOMASS,125.01867188506657,156
2016-02-02T03:00:00Z,OTHER,GAS COGEN,46.098449620140926,61
2016-02-02T03:00:00Z,OTHER,OIL/GAS,47.64353183746338,53
2016-02-02T03:00:00Z,OTHER,WOOD/REFUSE,76.60794112311468,158
2016-02-02T03:00:00Z,WIND,WIND,571.9820133929534,1463
2016-02-02T04:00:00Z,COAL,COAL,4660.634948213166,6289
2016-02-02T04:00:00Z,GAS,COGENERATION,3312.3492966012823,4528
2016-02-02T04:00:00Z,GAS,COMBINED CYCLE,1009.4790438997084,1716
2016-02-02T04:00:00Z,GAS,SIMPLE CYCLE,31.499999046325684,996
2016-02-02T04:00:00Z,HYDRO,HYDRO,147.56835256411796,894
2016-02-02T04:00:00Z,OTHER,BIOMASS,125.959047337638,156
2016-02-02T04:00:00Z,OTHER,GAS COGEN,46.117845649719236,61
2016-02-02T04:00:00Z,OTHER,OIL/GAS,47.898997713724775,53
2016-02-02T04:00:00Z,OTHER,WOOD/REFUSE,75.5838193347719,158
2016-02-02T04:00:00Z,WIND,WIND,511.09661554173465,1463
2016-02-02T05:00:00Z,COAL,COAL,4429.251663216485,6289
2016-02-02T05:00:00Z,GAS,COGENERATION,3308.5491548802456,4528
2016-02-02T05:00:00Z,GAS,COMBINED CYCLE,911.1864759071007,1716
2016-02-02T05:00:00Z,GAS,SIMPLE CYCLE,31.532499066988628,996
2016-02-02T05:00:00Z,HYDRO,HYDRO,152.9318286181324,894
2016-02-02T05:00:00Z,OTHER,BIOMASS,125.67556322468651,156
2016-02-02T05:00:00Z,OTHER,GAS COGEN,46.157921662860446,61
2016-02-02T05:00:00Z,OTHER,OIL/GAS,47.73699836730957,53
2016-02-02T05:00:00Z,OTHER,WOOD/REFUSE,76.10598016421,158
2016-02-02T05:00:00Z,WIND,WIND,514.657876195444,1463
2016-02-02T06:00:00Z,COAL,COAL,4218.498322255877,6289
2016-02-02T06:00:00Z,GAS,COGENERATION,3310.539984780418,4528
2016-02-02T06:00:00Z,GAS,COMBINED CYCLE,741.2608804482884,1716
2016-02-02T06:00:00Z,GAS,SIMPLE CYCLE,31.499999046325684,996
2016-02-02T06:00:00Z,HYDRO,HYDRO,133.09847041123444,894
2016-02-02T06:00:00Z,OTHER,BIOMASS,129.10197287718455,156
2016-02-02T06:00:00Z,OTHER,GAS COGEN,46.40762548658583,61
2016-02-02T06:00:00Z,OTHER,OIL/GAS,47.79683129628499,53
2016-02-02T06:00:00Z,OTHER,WOOD/REFUSE,76.17504158708785,158
2016-02-02T06:00:00Z,WIND,WIND,557.706530156508,1463
2016-02-02T07:00:00Z,COAL,COAL,4194.338134388394,6289
2016-02-02T07:00:00Z,GAS,COGENERATION,3285.786379067302,4528
2016-02-02T07:00:00Z,GAS,COMBINED CYCLE,712.5108679003847,1716
2016-02-02T07:00:00Z,GAS,SIMPLE CYCLE,31.504999049504598,996
2016-02-02T07:00:00Z,HYDRO,HYDRO,98.35699842996067,894
2016-02-02T07:00:00Z,OTHER,BIOMASS,131.39393059094746,156
2016-02-02T07:00:00Z,OTHER,GAS COGEN,46.3730344888899,61
2016-02-02T07:00:00Z,OTHER,OIL/GAS,48.064531529744464,53
2016-02-02T07:00:00Z,OTHER,WOOD/REFUSE,75.99664136674669,158
2016-02-02T07:00:00Z,WIND,WIND,485.22494103139474,1463
2016-02-02T08:00:00Z,COAL,COAL,4265.816551420424,6289
2016-02-02T08:00:00Z,GAS,COGENERATION,3268.6593401908876,4528
2016-02-02T08:00:00Z,GAS,COMBINED CYCLE,656.6759390182627,1716
2016-02-02T08:00:00Z,GAS,SIMPLE CYCLE,31.47466569688585,996
2016-02-02T08:00:00Z,HYDRO,HYDRO,109.39219140761429,894
2016-02-02T08:00:00Z,OTHER,BIOMASS,130.75308919853634,156
2016-02-02T08:00:00Z,OTHER,GAS COGEN,46.470798887676665,61
2016-02-02T08:00:00Z,OTHER,OIL/GAS,47.801599960327145,53
2016-02-02T08:00:00Z,OTHER,WOOD/REFUSE,75.59838563071358,158
2016-02-02T08:00:00Z,WIND,WIND,456.0549690648086,1463
2016-02-02T09:00:00Z,COAL,COAL,4252.4465585962935,6289
2016-02-02T09:00:00Z,GAS,COGENERATION,3200.3592952050103,4528
2016-02-02T09:00:00Z,GAS,COMBINED CYCLE,652.34065921651,1716
2016-02-02T09:00:00Z,GAS,SIMPLE CYCLE,31.634721591207715,996
2016-02-02T09:00:00Z,HYDRO,HYDRO,107.01368175052934,894
2016-02-02T09:00:00Z,OTHER,BIOMASS,129.95395349025725,156
2016-02-02T09:00:00Z,OTHER,GAS COGEN,46.610010674794516,61
2016-02-02T09:00:00Z,OTHER,OIL/GAS,47.91649871826172,53
2016-02-02T09:00:00Z,OTHER,WOOD/REFUSE,75.12430822531383,158
2016-02-02T09:00:00Z,WIND,WIND,475.0834990949101,1463
2016-02-02T10:00:00Z,COAL,COAL,4261.118365830315,6289
2016-02-02T10:00:00Z,GAS,COGENERATION,3188.343593590657,4528
2016-02-02T10:00:00Z,GAS,COMBINED CYCLE,652.7125723004341,1716
2016-02-02T10:00:00Z,GAS,SIMPLE CYCLE,31.673166458871627,996
2016-02-02T10:00:00Z,HYDRO,HYDRO,96.41375939908954,894
2016-02-02T10:00:00Z,OTHER,BIOMASS,127.96175296518538,156
2016-02-02T10:00:00Z,OTHER,GAS COGEN,46.6578671974606,61
2016-02-02T10:00:00Z,OTHER,OIL/GAS,47.736031180487736,53
2016-02-02T10:00:00Z,OTHER,WOOD/REFUSE,74.7454414595498,158
2016-02-02T10:00:00Z,WIND,WIND,467.5806574192064,1463
2016-02-02T11:00:00Z,COAL,COAL,4213.172445738051,6289
2016-02-02T11:00:00Z,GAS,COGENERATION,3204.316552767886,4528
2016-02-02T11:00:00Z,GAS,COMBINED CYCLE,696.920724582937,1716
2016-02-02T11:00:00Z,GAS,SIMPLE CYCLE,31.402499620119727,996
2016-02-02T11:00:00Z,HYDRO,HYDRO,116.60238675465187,894
2016-02-02T11:00:00Z,OTHER,BIOMASS,127.21871103710599,156
2016-02-02T11:00:00Z,OTHER,GAS COGEN,46.523100788328385,61
2016-02-02T11:00:00Z,OTHER,OIL/GAS,47.408380817837184,53
2016-02-02T11:00:00Z,OTHER,WOOD/REFUSE,74.4493135881424,158
2016-02-02T11:00:00Z,WIND,WIND,456.20176728049915,1463
2016-02-02T12:00:00Z,COAL,COAL,4304.734989098443,6289
2016-02-02T12:00:00Z,GAS,COGENERATION,3209.509914089044,4528
2016-02-02T12:00:00Z,GAS,COMBINED CYCLE,796.9455878062711,1716
2016-02-02T12:00:00Z,GAS,SIMPLE CYCLE,31.399999618530273,996
2016-02-02T12:00:00Z,HYDRO,HYDRO,123.30202936511073,894
2016-02-02T12:00:00Z,OTHER,BIOMASS,128.9320600271225,156
2016-02-02T12:00:00Z,OTHER,GAS COGEN,46.49348540571001,61
2016-02-02T12:00:00Z,OTHER,OIL/GAS,47.482499300638835,53
2016-02-02T12:00:00Z,OTHER,WOOD/REFUSE,75.70275782267252,158
2016-02-02T12:00:00Z,WIND,WIND,444.3779868084689,1463
2016-02-02T13:00:00Z,COAL,COAL,4504.935579910279,6289
2016-02-02T13:00:00Z,GAS,COGENERATION,3253.727623468505,4528
2016-02-02T13:00:00Z,GAS,COMBINED CYCLE,911.6682928674088,1716
2016-02-02T13:00:00Z,GAS,SIMPLE CYCLE,31.576999731063843,996
2016-02-02T13:00:00Z,HYDRO,HYDRO,125.76700392636988,894
2016-02-02T13:00:00Z,OTHER,BIOMASS,130.62728809568617,156
2016-02-02T13:00:00Z,OTHER,GAS COGEN,46.861935141881304,61
2016-02-02T13:00:00Z,OTHER,OIL/GAS,47.91533171335856,53
2016-02-02T13:00:00Z,OTHER,WOOD/REFUSE,75.57808548132579,158
2016-02-02T13:00:00Z,WIND,WIND,502.56569877485435,1463
2016-02-02T14:00:00Z,COAL,COAL,4863.236291948954,6289
2016-02-02T14:00:00Z,GAS,COGENERATION,3287.3032542102865,4528
2016-02-02T14:00:00Z,GAS,COMBINED CYCLE,995.5823891385396,1716
2016-02-02T14:00:00Z,GAS,SIMPLE CYCLE,31.685166466501023,996
2016-02-02T14:00:00Z,HYDRO,HYDRO,215.67076336059304,894
2016-02-02T14:00:00Z,OTHER,BIOMASS,130.24147979948256,156
2016-02-02T14:00:00Z,OTHER,GAS COGEN,46.734720799658035,61
2016-02-02T14:00:00Z,OTHER,OIL/GAS,47.554465777079265,53
2016-02-02T14:00:00Z,OTHER,WOOD/REFUSE,75.2716134320365,158
2016-02-02T14:00:00Z,WIND,WIND,573.1131024781697,1463
2016-02-02T15:00:00Z,COAL,COAL,4945.62557352278,6289
2016-02-02T15:00:00Z,GAS,COGENERATION,3275.796894078718,4528
2016-02-02T15:00:00Z,GAS,COMBINED CYCLE,1009.2556488054329,1716
2016-02-02T15:00:00Z,GAS,SIMPLE CYCLE,85.14622201247347,996
2016-02-02T15:00:00Z,HYDRO,HYDRO,154.49695508652263,894
2016-02-02T15:00:00Z,OTHER,BIOMASS,129.09538439485763,156
2016-02-02T15:00:00Z,OTHER,GAS COGEN,46.562265938652885,61
2016-02-02T15:00:00Z,OTHER,OIL/GAS,47.54093127568563,53
2016-02-02T15:00:00Z,OTHER,WOOD/REFUSE,73.24744727452595,158
2016-02-02T15:00:00Z,WIND,WIND,506.8386075643533,1463
2016-02-02T16:00:00Z,COAL,COAL,4965.566812167697,6289
2016-02-02T16:00:00Z,GAS,COGENERATION,3258.946088112129,4528
2016-02-02T16:00:00Z,GAS,COMBINED CYCLE,1009.4249282779297,1716
2016-02-02T16:00:00Z,GAS,SIMPLE CYCLE,36.68088873267174,996
2016-02-02T16:00:00Z,HYDRO,HYDRO,160.7433123928143,894
2016-02-02T16:00:00Z,OTHER,BIOMASS,128.68515274127324,156
2016-02-02T16:00:00Z,OTHER,GAS COGEN,46.75955079926385,61
2016-02-02T16:00:00Z,OTHER,OIL/GAS,47.56019874572754,53
2016-02-02T16:00:00Z,OTHER,WOOD/REFUSE,73.72097455395593,158
2016-02-02T16:00:00Z,WIND,WIND,438.29694339426857,1463
2016-02-02T17:00:00Z,COAL,COAL,5007.368558375041,6289
2016-02-02T17:00:00Z,GAS,COGENERATION,3287.2623053397733,4528
2016-02-02T17:00:00Z,GAS,COMBINED CYCLE,1019.1227784090572,1716
2016-02-02T17:00:00Z,GAS,SIMPLE CYCLE,30.770555662579007,996
2016-02-02T17:00:00Z,HYDRO,HYDRO,178.33971031577224,894
2016-02-02T17:00:00Z,OTHER,BIOMASS,130.22818042887582,156
2016-02-02T17:00:00Z,OTHER,GAS COGEN,46.826567834218345,61
2016-02-02T17:00:00Z,OTHER,OIL/GAS,47.71050975163778,53
2016-02-02T17:00:00Z,OTHER,WOOD/REFUSE,74.0982748026318,158
2016-02-02T17:00:00Z,WIND,WIND,312.92108394975463,1463
2016-02-02T18:00:00Z,COAL,COAL,5010.169946378072,6289
2016-02-02T18:00:00Z,GAS,COGENERATION,3378.4832169951997,4528
2016-02-02T18:00:00Z,GAS,COMBINED CYCLE,1020.875950638983,1716
2016-02-02T18:00:00Z,GAS,SIMPLE CYCLE,29.586832926538257,996
2016-02-02T18:00:00Z,HYDRO,HYDRO,192.45934558060435,894
2016-02-02T18:00:00Z,OTHER,BIOMASS,130.06061402691734,156
2016-02-02T18:00:00Z,OTHER,GAS COGEN,46.71806269168854,61
2016-02-02T18:00:00Z,OTHER,OIL/GAS,47.53166547139486,53
2016-02-02T18:00:00Z,OTHER,WOOD/REFUSE,73.97705708079867,158
2016-02-02T18:00:00Z,WIND,WIND,207.75965339806345,1463
2016-02-02T19:00:00Z,COAL,COAL,5154.601902393765,6289
2016-02-02T19:00:00Z,GAS,COGENERATION,3374.735810038116,4528
2016-02-02T19:00:00Z,GAS,COMBINED CYCLE,1007.9482680182987,1716
2016-02-02T19:00:00Z,GAS,SIMPLE CYCLE,31.10793599764506,996
2016-02-02T19:00:00Z,HYDRO,HYDRO,175.02905621180932,894
2016-02-02T19:00:00Z,OTHER,BIOMASS,131.27175554222532,156
2016-02-02T19:00:00Z,OTHER,GAS COGEN,43.04767756462097,61
2016-02-02T19:00:00Z,OTHER,OIL/GAS,47.788670946757,53
2016-02-02T19:00:00Z,OTHER,WOOD/REFUSE,74.19292992168003,158
2016-02-02T19:00:00Z,WIND,WIND,131.17001989141107,1463
2016-02-02T20:00:00Z,COAL,COAL,5139.9608217663235,6289
2016-02-02T20:00:00Z,GAS,COGENERATION,3403.1024499119653,4528
2016-02-02T20:00:00Z,GAS,COMBINED CYCLE,1012.7370301094982,1716
2016-02-02T20:00:00Z,GAS,SIMPLE CYCLE,29.745888543658786,996
2016-02-02T20:00:00Z,HYDRO,HYDRO,198.70675155760512,894
2016-02-02T20:00:00Z,OTHER,BIOMASS,128.56599214871724,156
2016-02-02T20:00:00Z,OTHER,GAS COGEN,46.73004022810194,61
2016-02-02T20:00:00Z,OTHER,OIL/GAS,47.90567624833849,53
2016-02-02T20:00:00Z,OTHER,WOOD/REFUSE,74.0641138543023,158
2016-02-02T20:00:00Z,WIND,WIND,70.02552664851149,1463
2016-02-02T21:00:00Z,COAL,COAL,5042.161112882826,6289
2016-02-02T21:00:00Z,GAS,COGENERATION,3396.24524075581,4528
2016-02-02T21:00:00Z,GAS,COMBINED CYCLE,1081.5885015952588,1716
2016-02-02T21:00:00Z,GAS,SIMPLE CYCLE,76.08904091808532,996
2016-02-02T21:00:00Z,HYDRO,HYDRO,175.95481965700785,894
2016-02-02T21:00:00Z,OTHER,BIOMASS,128.19108259836833,156
2016-02-02T21:00:00Z,OTHER,GAS COGEN,46.712248000039,61
2016-02-02T21:00:00Z,OTHER,OIL/GAS,47.513803746965195,53
2016-02-02T21:00:00Z,OTHER,WOOD/REFUSE,74.69890775733523,158
2016-02-02T21:00:00Z,WIND,WIND,54.262822625951635,1463
2016-02-02T22:00:00Z,COAL,COAL,5093.224210205078,6289
2016-02-02T22:00:00Z,GAS,COGENERATION,3401.899033304188,4528
2016-02-02T22:00:00Z,GAS,COMBINED CYCLE,1048.934518091811,1716
2016-02-02T22:00:00Z,GAS,SIMPLE CYCLE,153.5762786738078,996
2016-02-02T22:00:00Z,HYDRO,HYDRO,160.55980165070957,894
2016-02-02T22:00:00Z,OTHER,BIOMASS,129.3733834748798,156
2016-02-02T22:00:00Z,OTHER,GAS COGEN,46.73216658592224,61
2016-02-02T22:00:00Z,OTHER,OIL/GAS,47.64000007841322,53
2016-02-02T22:00:00Z,OTHER,WOOD/REFUSE,74.96491390652128,158
2016-02-02T22:00:00Z,WIND,WIND,33.29498866187202,1463
2016-02-02T23:00:00Z,COAL,COAL,5150.305887040033,6289
2016-02-02T23:00:00Z,GAS,COGENERATION,3325.613004593452,4528
2016-02-02T23:00:00Z,GAS,COMBINED CYCLE,995.1426327514648,1716
2016-02-02T23:00:00Z,GAS,SIMPLE CYCLE,116.88167182180617,996
2016-02-02T23:00:00Z,HYDRO,HYDRO,190.57236602990164,894
2016-02-02T23:00:00Z,OTHER,BIOMASS,130.0485994142956,156
2016-02-02T23:00:00Z,OTHER,GAS COGEN,46.63339017232259,61
2016-02-02T23:00:00Z,OTHER,OIL/GAS,47.90536066267225,53
2016-02-02T23:00:00Z,OTHER,WOOD/REFUSE,74.94380814658271,158
2016-02-02T23:00:00Z,WIND,WIND,34.140491440768045,1463
2016-02-03T00:00:00Z,COAL,COAL,4922.544138806661,6289
2016-02-03T00:00:00Z,GAS,COGENERATION,3405.5852326992485,4528
2016-02-03T00:00:00Z,GAS,COMBINED CYCLE,1082.1964260737102,1716
2016-02-03T00:00:00Z,GAS,SIMPLE CYCLE,328.607755045659,996
2016-02-03T00:00:00Z,HYDRO,HYDRO,219.02225673331156,894
2016-02-03T00:00:00Z,OTHER,BIOMASS,130.26118237018585,156
2016-02-03T00:00:00Z,OTHER,GAS COGEN,46.21344072447883,61
2016-02-03T00:00:00Z,OTHER,OIL/GAS,47.61650516933865,53
2016-02-03T00:00:00Z,OTHER,WOOD/REFUSE,75.24521359231737,158
2016-02-03T00:00:00Z,WIND,WIND,35.671786206132836,1463
2016-02-03T01:00:00Z,COAL,COAL,4784.556831164889,6289
2016-02-03T01:00:00Z,GAS,COGENERATION,3410.2799295618797,4528
2016-02-03T01:00:00Z,GAS,COMBINED CYCLE,1090.2568590488038,1716
2016-02-03T01:00:00Z,GAS,SIMPLE CYCLE,383.86186078290143,996
2016-02-03T01:00:00Z,HYDRO,HYDRO,218.6208616808719,894
2016-02-03T01:00:00Z,OTHER,BIOMASS,132.59066035164727,156
2016-02-03T01:00:00Z,OTHER,GAS COGEN,45.7898649014367,61
2016-02-03T01:00:00Z,OTHER,OIL/GAS,47.5467317559984,53
2016-02-03T01:00:00Z,OTHER,WOOD/REFUSE,74.15605241351658,158
2016-02-03T01:00:00Z,WIND,WIND,66.70184959981177,1463
2016-02-03T02:00:00Z,COAL,COAL,5038.16794312795,6289
2016-02-03T02:00:00Z,GAS,COGENERATION,3327.6803658143017,4528
2016-02-03T02:00:00Z,GAS,COMBINED CYCLE,1024.4361548422444,1716
2016-02-03T02:00:00Z,GAS,SIMPLE CYCLE,169.06037915229797,996
2016-02-03T02:00:00Z,HYDRO,HYDRO,191.64744804647233,894
2016-02-03T02:00:00Z,OTHER,BIOMASS,127.86012202474807,156
2016-02-03T02:00:00Z,OTHER,GAS COGEN,45.57931354151832,61
2016-02-03T02:00:00Z,OTHER,OIL/GAS,47.684220716688365,53
2016-02-03T02:00:00Z,OTHER,WOOD/REFUSE,74.41327995512219,158
2016-02-03T02:00:00Z,WIND,WIND,114.22027049804727,1463
2016-02-03T03:00:00Z,COAL,COAL,5123.89844335768,6289
2016-02-03T03:00:00Z,GAS,COGENERATION,3311.6166362701524,4528
2016-02-03T03:00:00Z,GAS,COMBINED CYCLE,1013.7277048103014,1716
2016-02-03T03:00:00Z,GAS,SIMPLE CYCLE,44.20572361840142,996
2016-02-03T03:00:00Z,HYDRO,HYDRO,256.94586799310315,894
2016-02-03T03:00:00Z,OTHER,BIOMASS,129.92183738443586,156
2016-02-03T03:00:00Z,OTHER,GAS COGEN,45.28220936987135,61
2016-02-03T03:00:00Z,OTHER,OIL/GAS,47.3863038804796,53
2016-02-03T03:00:00Z,OTHER,WOOD/REFUSE,74.89499157799614,158
2016-02-03T03:00:00Z,WIND,WIND,147.10634648054838,1463
2016-02-03T04:00:00Z,COAL,COAL,4988.542621790568,6289
2016-02-03T04:00:00Z,GAS,COGENERATION,3230.9949242219,4528
2016-02-03T04:00:00Z,GAS,COMBINED CYCLE,970.3458335990376,1716
2016-02-03T04:00:00Z,GAS,SIMPLE CYCLE,35.79999923706055,996
2016-02-03T04:00:00Z,HYDRO,HYDRO,147.74124756099448,894
2016-02-03T04:00:00Z,OTHER,BIOMASS,129.32201050493452,156
2016-02-03T04:00:00Z,OTHER,GAS COGEN,44.82205657535129,61
2016-02-03T04:00:00Z,OTHER,OIL/GAS,47.60905332565308,53
2016-02-03T04:00:00Z,OTHER,WOOD/REFUSE,75.74176345242394,158
2016-02-03T04:00:00Z,WIND,WIND,281.8925093554457,1463
2016-02-03T05:00:00Z,COAL,COAL,4598.326980925666,6289
2016-02-03T05:00:00Z,GAS,COGENERATION,3213.980139252742,4528
2016-02-03T05:00:00Z,GAS,COMBINED CYCLE,818.5462916469573,1716
2016-02-03T05:00:00Z,GAS,SIMPLE CYCLE,35.79999923706055,996
2016-02-03T05:00:00Z,HYDRO,HYDRO,155.38339151587752,894
2016-02-03T05:00:00Z,OTHER,BIOMASS,128.01797323756747,156
2016-02-03T05:00:00Z,OTHER,GAS COGEN,44.872412005530464,61
2016-02-03T05:00:00Z,OTHER,OIL/GAS,48.07157115088569,53
2016-02-03T05:00:00Z,OTHER,WOOD/REFUSE,74.34584673457675,158
2016-02-03T05:00:00Z,WIND,WIND,469.6227802412957,1463
2016-02-03T06:00:00Z,COAL,COAL,4332.189964146084,6289
2016-02-03T06:00:00Z,GAS,COGENERATION,3205.693717843559,4528
2016-02-03T06:00:00Z,GAS,COMBINED CYCLE,602.1782662712203,1716
2016-02-03T06:00:00Z,GAS,SIMPLE CYCLE,35.79999923706055,996
2016-02-03T06:00:00Z,HYDRO,HYDRO,135.47966725020774,894
2016-02-03T06:00:00Z,OTHER,BIOMASS,130.36769802358415,156
2016-02-03T06:00:00Z,OTHER,GAS COGEN,44.93567368295458,61
2016-02-03T06:00:00Z,OTHER,OIL/GAS,47.523465654585095,53
2016-02-03T06:00:00Z,OTHER,WOOD/REFUSE,74.89949149661594,158
2016-02-03T06:00:00Z,WIND,WIND,653.2372126756609,1463
2016-02-03T07:00:00Z,COAL,COAL,4123.658883867661,6289
2016-02-03T07:00:00Z,GAS,COGENERATION,3215.178188360267,4528
2016-02-03T07:00:00Z,GAS,COMBINED CYCLE,579.069222923451,1716
2016-02-03T07:00:00Z,GAS,SIMPLE CYCLE,35.70283250861698,996
2016-02-03T07:00:00Z,HYDRO,HYDRO,118.80606327659554,894
2016-02-03T07:00:00Z,OTHER,BIOMASS,129.33373427126142,156
2016-02-03T07:00:00Z,OTHER,GAS COGEN,44.881438964207966,61
2016-02-03T07:00:00Z,OTHER,OIL/GAS,47.593004868825275,53
2016-02-03T07:00:00Z,OTHER,WOOD/REFUSE,75.26409142600166,158
2016-02-03T07:00:00Z,WIND,WIND,676.4398929437995,1463
2016-02-03T08:00:00Z,COAL,COAL,4089.264111201498,6289
2016-02-03T08:00:00Z,GAS,COGENERATION,3196.554997371435,4528
2016-02-03T08:00:00Z,GAS,COMBINED CYCLE,554.112313908471,1716
2016-02-03T08:00:00Z,GAS,SIMPLE CYCLE,35.200543718073106,996
2016-02-03T08:00:00Z,HYDRO,HYDRO,87.18183677226304,894
2016-02-03T08:00:00Z,OTHER,BIOMASS,129.81046831819748,156
2016-02-03T08:00:00Z,OTHER,GAS COGEN,44.85245632489522,61
2016-02-03T08:00:00Z,OTHER,OIL/GAS,47.902237275441486,53
2016-02-03T08:00:00Z,OTHER,WOOD/REFUSE,75.33504117065006,158
2016-02-03T08:00:00Z,WIND,WIND,694.5426152501669,1463
2016-02-03T09:00:00Z,COAL,COAL,3993.150966800054,6289
2016-02-03T09:00:00Z,GAS,COGENERATION,3202.1688943292033,4528
2016-02-03T09:00:00Z,GAS,COMBINED CYCLE,561.49897759219,1716
2016-02-03T09:00:00Z,GAS,SIMPLE CYCLE,35.542388128704495,996
2016-02-03T09:00:00Z,HYDRO,HYDRO,106.30652858492401,894
2016-02-03T09:00:00Z,OTHER,BIOMASS,122.78136256059011,156
2016-02-03T09:00:00Z,OTHER,GAS COGEN,44.866444256040786,61
2016-02-03T09:00:00Z,OTHER,OIL/GAS,47.90900916841295,53
2016-02-03T09:00:00Z,OTHER,WOOD/REFUSE,73.03253571033478,158
2016-02-03T09:00:00Z,WIND,WIND,761.2785900899768,1463
2016-02-03T10:00:00Z,COAL,COAL,4084.3399092462328,6289
2016-02-03T10:00:00Z,GAS,COGENERATION,3207.75528862079,4528
2016-02-03T10:00:00Z,GAS,COMBINED CYCLE,563.5438884360923,1716
2016-02-03T10:00:00Z,GAS,SIMPLE CYCLE,35.59999942779541,996
2016-02-03T10:00:00Z,HYDRO,HYDRO,101.309643163234,894
2016-02-03T10:00:00Z,OTHER,BIOMASS,125.88538314766355,156
2016-02-03T10:00:00Z,OTHER,GAS COGEN,44.95354040251838,61
2016-02-03T10:00:00Z,OTHER,OIL/GAS,47.58788746727838,53
2016-02-03T10:00:00Z,OTHER,WOOD/REFUSE,66.96799102120929,158
2016-02-03T10:00:00Z,WIND,WIND,782.9976016575761,1463
2016-02-03T11:00:00Z,COAL,COAL,4141.893404651218,6289
2016-02-03T11:00:00Z,GAS,COGENERATION,3215.715663114058,4528
2016-02-03T11:00:00Z,GAS,COMBINED CYCLE,557.6163851541943,1716
2016-02-03T11:00:00Z,GAS,SIMPLE CYCLE,35.59516610675388,996
2016-02-03T11:00:00Z,HYDRO,HYDRO,101.29932806423969,894
2016-02-03T11:00:00Z,OTHER,BIOMASS,129.42307457261614,156
2016-02-03T11:00:00Z,OTHER,GAS COGEN,44.83429108937582,61
2016-02-03T11:00:00Z,OTHER,OIL/GAS,47.90743221282959,53
2016-02-03T11:00:00Z,OTHER,WOOD/REFUSE,67.27844102753534,158
2016-02-03T11:00:00Z,WIND,WIND,799.0427446533574,1463
2016-02-03T12:00:00Z,COAL,COAL,4325.639859025743,6289
2016-02-03T12:00:00Z,GAS,COGENERATION,3230.956767816941,4528
2016-02-03T12:00:00Z,GAS,COMBINED CYCLE,571.8279942991999,1716
2016-02-03T12:00:00Z,GAS,SIMPLE CYCLE,35.59999942779541,996
2016-02-03T12:00:00Z,HYDRO,HYDRO,120.42078635969095,894
2016-02-03T12:00:00Z,OTHER,BIOMASS,129.21698961098988,156
2016-02-03T12:00:00Z,OTHER,GAS COGEN,45.0445453760359,61
2016-02-03T12:00:00Z,OTHER,OIL/GAS,47.8109987004598,53
2016-02-03T12:00:00Z,OTHER,WOOD/REFUSE,67.39635808282429,158
2016-02-03T12:00:00Z,WIND,WIND,722.1980388642681,1463
2016-02-03T13:00:00Z,COAL,COAL,4610.332150764465,6289
2016-02-03T13:00:00Z,GAS,COGENERATION,3240.540259749426,4528
2016-02-03T13:00:00Z,GAS,COMBINED CYCLE,752.8917968589068,1716
2016-02-03T13:00:00Z,GAS,SIMPLE CYCLE,35.59999942779541,996
2016-02-03T13:00:00Z,HYDRO,HYDRO,136.1096403549777,894
2016-02-03T13:00:00Z,OTHER,BIOMASS,130.68176239331564,156
2016-02-03T13:00:00Z,OTHER,GAS COGEN,45.35544434653388,61
2016-02-03T13:00:00Z,OTHER,OIL/GAS,47.48991534127129,53
2016-02-03T13:00:00Z,OTHER,WOOD/REFUSE,67.59072374926673,158
2016-02-03T13:00:00Z,WIND,WIND,685.6277122980356,1463
2016-02-03T14:00:00Z,COAL,COAL,4908.808008520338,6289
2016-02-03T14:00:00Z,GAS,COGENERATION,3251.3305223310654,4528
2016-02-03T14:00:00Z,GAS,COMBINED CYCLE,941.7498467398352,1716
2016-02-03T14:00:00Z,GAS,SIMPLE CYCLE,88.33638825654984,996
2016-02-03T14:00:00Z,HYDRO,HYDRO,203.18703459756242,894
2016-02-03T14:00:00Z,OTHER,BIOMASS,130.8865409088135,156
2016-02-03T14:00:00Z,OTHER,GAS COGEN,45.20235222710504,61
2016-02-03T14:00:00Z,OTHER,OIL/GAS,47.79297170639038,53
2016-02-03T14:00:00Z,OTHER,WOOD/REFUSE,67.16549661901261,158
2016-02-03T14:00:00Z,WIND,WIND,599.3861399648753,1463
2016-02-03T15:00:00Z,COAL,COAL,4940.0189493603175,6289
2016-02-03T15:00:00Z,GAS,COGENERATION,3231.811599308319,4528
2016-02-03T15:00:00Z,GAS,COMBINED CYCLE,940.497281611628,1716
2016-02-03T15:00:00Z,GAS,SIMPLE CYCLE,100.09316601064471,996
2016-02-03T15:00:00Z,HYDRO,HYDRO,124.6184932789455,894
2016-02-03T15:00:00Z,OTHER,BIOMASS,130.6449367851681,156
2016-02-03T15:00:00Z,OTHER,GAS COGEN,45.267535522249005,61
2016-02-03T15:00:00Z,OTHER,OIL/GAS,47.44947198443943,53
2016-02-03T15:00:00Z,OTHER,WOOD/REFUSE,66.9866078654925,158
2016-02-03T15:00:00Z,WIND,WIND,607.1271033258819,1463
2016-02-03T16:00:00Z,COAL,COAL,4887.505310147603,6289
2016-02-03T16:00:00Z,GAS,COGENERATION,3216.94549157083,4528
2016-02-03T16:00:00Z,GAS,COMBINED CYCLE,944.0335991493861,1716
2016-02-03T16:00:00Z,GAS,SIMPLE CYCLE,100.09549959606595,996
2016-02-03T16:00:00Z,HYDRO,HYDRO,159.56622976945508,894
2016-02-03T16:00:00Z,OTHER,BIOMASS,129.94869384288788,156
2016-02-03T16:00:00Z,OTHER,GAS COGEN,45.40337559276157,61
2016-02-03T16:00:00Z,OTHER,OIL/GAS,47.371832101609975,53
2016-02-03T16:00:00Z,OTHER,WOOD/REFUSE,65.18425751606624,158
2016-02-03T16:00:00Z,WIND,WIND,643.7351970060831,1463
2016-02-03T17:00:00Z,COAL,COAL,4983.972329360115,6289
2016-02-03T17:00:00Z,GAS,COGENERATION,3213.58090484745,4528
2016-02-03T17:00:00Z,GAS,COMBINED CYCLE,946.2764358498653,1716
2016-02-03T17:00:00Z,GAS,SIMPLE CYCLE,40.53066633886761,996
2016-02-03T17:00:00Z,HYDRO,HYDRO,175.75471927968994,894
2016-02-03T17:00:00Z,OTHER,BIOMASS,130.99483711189694,156
2016-02-03T17:00:00Z,OTHER,GAS COGEN,45.17541348351372,61
2016-02-03T17:00:00Z,OTHER,OIL/GAS,47.8192219098409,53
2016-02-03T17:00:00Z,OTHER,WOOD/REFUSE,65.70949627134536,158
2016-02-03T17:00:00Z,WIND,WIND,605.6582676878654,1463
2016-02-03T18:00:00Z,COAL,COAL,5086.43797864702,6289
2016-02-03T18:00:00Z,GAS,COGENERATION,3209.037981419696,4528
2016-02-03T18:00:00Z,GAS,COMBINED CYCLE,932.6311566790608,1716
2016-02-03T18:00:00Z,GAS,SIMPLE CYCLE,33.34566659927368,996
2016-02-03T18:00:00Z,HYDRO,HYDRO,152.87956842672494,894
2016-02-03T18:00:00Z,OTHER,BIOMASS,128.05190388838452,156
2016-02-03T18:00:00Z,OTHER,GAS COGEN,45.10982951482137,61
2016-02-03T18:00:00Z,OTHER,OIL/GAS,47.85319416681926,53
2016-02-03T18:00:00Z,OTHER,WOOD/REFUSE,64.88425224887,158
2016-02-03T18:00:00Z,WIND,WIND,553.4572022797498,1463
2016-02-03T19:00:00Z,COAL,COAL,4888.0489754019845,6289
2016-02-03T19:00:00Z,GAS,COGENERATION,3215.7315881399313,4528
2016-02-03T19:00:00Z,GAS,COMBINED CYCLE,924.622497801847,1716
2016-02-03T19:00:00Z,GAS,SIMPLE CYCLE,33.47161089155409,996
2016-02-03T19:00:00Z,HYDRO,HYDRO,126.96287385176453,894
2016-02-03T19:00:00Z,OTHER,BIOMASS,127.96270423094431,156
2016-02-03T19:00:00Z,OTHER,GAS COGEN,44.99952145682441,61
2016-02-03T19:00:00Z,OTHER,OIL/GAS,47.60787772284614,53
2016-02-03T19:00:00Z,OTHER,WOOD/REFUSE,65.75641888803906,158
2016-02-03T19:00:00Z,WIND,WIND,642.6519561398692,1463
2016-02-03T20:00:00Z,COAL,COAL,4724.621066911485,6289
2016-02-03T20:00:00Z,GAS,COGENERATION,3228.1444540843036,4528
2016-02-03T20:00:00Z,GAS,COMBINED CYCLE,921.0876283504566,1716
2016-02-03T20:00:00Z,GAS,SIMPLE CYCLE,35.52994362195333,996
2016-02-03T20:00:00Z,HYDRO,HYDRO,146.45517431997592,894
2016-02-03T20:00:00Z,OTHER,BIOMASS,130.1630879635281,156
2016-02-03T20:00:00Z,OTHER,GAS COGEN,44.84652542220222,61
2016-02-03T20:00:00Z,OTHER,OIL/GAS,47.55303187052409,53
2016-02-03T20:00:00Z,OTHER,WOOD/REFUSE,65.8526519258817,158
2016-02-03T20:00:00Z,WIND,WIND,698.0102426534229,1463
2016-02-03T21:00:00Z,COAL,COAL,4568.677408239577,6289
2016-02-03T21:00:00Z,GAS,COGENERATION,3237.067760632104,4528
2016-02-03T21:00:00Z,GAS,COMBINED CYCLE,952.1000290345484,1716
2016-02-03T21:00:00Z,GAS,SIMPLE CYCLE,35.49766571892633,996
2016-02-03T21:00:00Z,HYDRO,HYDRO,217.73061479989025,894
2016-02-03T21:00:00Z,OTHER,BIOMASS,128.94772020869786,156
2016-02-03T21:00:00Z,OTHER,GAS COGEN,44.82026140318977,61
2016-02-03T21:00:00Z,OTHER,OIL/GAS,47.66997562196519,53
2016-02-03T21:00:00Z,OTHER,WOOD/REFUSE,64.83887985812292,158
2016-02-03T21:00:00Z,WIND,WIND,663.4016892784172,1463
2016-02-03T22:00:00Z,COAL,COAL,4698.704785876804,6289
2016-02-03T22:00:00Z,GAS,COGENERATION,3218.546003337436,4528
2016-02-03T22:00:00Z,GAS,COMBINED CYCLE,924.2140075645183,1716
2016-02-03T22:00:00Z,GAS,SIMPLE CYCLE,35.524804696506926,996
2016-02-03T22:00:00Z,HYDRO,HYDRO,168.95786517271566,894
2016-02-03T22:00:00Z,OTHER,BIOMASS,131.39174360275268,156
2016-02-03T22:00:00Z,OTHER,GAS COGEN,44.26500025828679,61
2016-02-03T22:00:00Z,OTHER,OIL/GAS,47.37589074452718,53
2016-02-03T22:00:00Z,OTHER,WOOD/REFUSE,65.8382078909874,158
2016-02-03T22:00:00Z,WIND,WIND,665.4541227767203,1463
2016-02-03T23:00:00Z,COAL,COAL,4728.582628885905,6289
2016-02-03T23:00:00Z,GAS,COGENERATION,3227.0510275546712,4528
2016-02-03T23:00:00Z,GAS,COMBINED CYCLE,921.6953616874748,1716
2016-02-03T23:00:00Z,GAS,SIMPLE CYCLE,48.307099759909846,996
2016-02-03T23:00:00Z,HYDRO,HYDRO,163.67619166728522,894
2016-02-03T23:00:00Z,OTHER,BIOMASS,129.19601261933644,156
2016-02-03T23:00:00Z,OTHER,GAS COGEN,44.4885181289249,61
2016-02-03T23:00:00Z,OTHER,OIL/GAS,47.92068760553996,53
2016-02-03T23:00:00Z,OTHER,WOOD/REFUSE,65.4040068745613,158
2016-02-03T23:00:00Z,WIND,WIND,715.2524314887326,1463
2016-02-04T00:00:00Z,COAL,COAL,4723.992357241313,6289
2016-02-04T00:00:00Z,GAS,COGENERATION,3237.1785186005964,4528
2016-02-04T00:00:00Z,GAS,COMBINED CYCLE,933.8882927230994,1716
2016-02-04T00:00:00Z,GAS,SIMPLE CYCLE,120.56922204150094,996
2016-02-04T00:00:00Z,HYDRO,HYDRO,213.31122145735554,894
2016-02-04T00:00:00Z,OTHER,BIOMASS,128.72961707803938,156
2016-02-04T00:00:00Z,OTHER,GAS COGEN,44.85965740203857,61
2016-02-04T00:00:00Z,OTHER,OIL/GAS,47.97741613176134,53
2016-02-04T00:00:00Z,OTHER,WOOD/REFUSE,65.47834088802337,158
2016-02-04T00:00:00Z,WIND,WIND,832.0122526103258,1463
2016-02-04T01:00:00Z,COAL,COAL,4613.421929130554,6289
2016-02-04T01:00:00Z,GAS,COGENERATION,3238.71157693545,4528
2016-02-04T01:00:00Z,GAS,COMBINED CYCLE,944.0746880770392,1716
2016-02-04T01:00:00Z,GAS,SIMPLE CYCLE,130.5966447493765,996
2016-02-04T01:00:00Z,HYDRO,HYDRO,252.81134747177362,894
2016-02-04T01:00:00Z,OTHER,BIOMASS,128.4723216480679,156
2016-02-04T01:00:00Z,OTHER,GAS COGEN,44.96607559521993,61
2016-02-04T01:00:00Z,OTHER,OIL/GAS,47.68489333046807,53
2016-02-04T01:00:00Z,OTHER,WOOD/REFUSE,65.9024079794354,158
2016-02-04T01:00:00Z,WIND,WIND,1014.349476199415,1463
2016-02-04T02:00:00Z,COAL,COAL,4443.872664951748,6289
2016-02-04T02:00:00Z,GAS,COGENERATION,3242.6325460111434,4528
2016-02-04T02:00:00Z,GAS,COMBINED CYCLE,935.4926693191793,1716
2016-02-04T02:00:00Z,GAS,SIMPLE CYCLE,134.81982664850023,996
2016-02-04T02:00:00Z,HYDRO,HYDRO,227.49818071730434,894
2016-02-04T02:00:00Z,OTHER,BIOMASS,131.26354117234547,156
2016-02-04T02:00:00Z,OTHER,GAS COGEN,44.838433516820274,61
2016-02-04T02:00:00Z,OTHER,OIL/GAS,47.4398378499349,53
2016-02-04T02:00:00Z,OTHER,WOOD/REFUSE,65.03345741007062,158
2016-02-04T02:00:00Z,WIND,WIND,1116.379749666585,1463
2016-02-04T03:00:00Z,COAL,COAL,4451.138789456685,6289
2016-02-04T03:00:00Z,GAS,COGENERATION,3259.26195735587,4528
2016-02-04T03:00:00Z,GAS,COMBINED CYCLE,955.2757365886371,1716
2016-02-04T03:00:00Z,GAS,SIMPLE CYCLE,43.16437141309182,996
2016-02-04T03:00:00Z,HYDRO,HYDRO,259.6175949605968,894
2016-02-04T03:00:00Z,OTHER,BIOMASS,131.404409093327,156
2016-02-04T03:00:00Z,OTHER,GAS COGEN,44.84391653590732,61
2016-02-04T03:00:00Z,OTHER,OIL/GAS,47.77730988820394,53
2016-02-04T03:00:00Z,OTHER,WOOD/REFUSE,65.35594090196821,158
2016-02-04T03:00:00Z,WIND,WIND,1019.6470999124978,1463
2016-02-04T04:00:00Z,COAL,COAL,4416.587512753805,6289
2016-02-04T04:00:00Z,GAS,COGENERATION,3259.746928398013,4528
2016-02-04T04:00:00Z,GAS,COMBINED CYCLE,933.7611528733042,1716
2016-02-04T04:00:00Z,GAS,SIMPLE CYCLE,35.55899933126238,996
2016-02-04T04:00:00Z,HYDRO,HYDRO,165.47468057922188,894
2016-02-04T04:00:00Z,OTHER,BIOMASS,129.55562666522133,156
2016-02-04T04:00:00Z,OTHER,GAS COGEN,44.57740511364407,61
2016-02-04T04:00:00Z,OTHER,OIL/GAS,47.35494387944539,53
2016-02-04T04:00:00Z,OTHER,WOOD/REFUSE,65.23342427068286,158
2016-02-04T04:00:00Z,WIND,WIND,941.4644143825603,1463
2016-02-04T05:00:00Z,COAL,COAL,4311.386556112501,6289
2016-02-04T05:00:00Z,GAS,COGENERATION,3262.5846940065753,4528
2016-02-04T05:00:00Z,GAS,COMBINED CYCLE,728.2796119378011,1716
2016-02-04T05:00:00Z,GAS,SIMPLE CYCLE,35.63333296034071,996
2016-02-04T05:00:00Z,HYDRO,HYDRO,142.50874188863568,894
2016-02-04T05:00:00Z,OTHER,BIOMASS,129.42563778506386,156
2016-02-04T05:00:00Z,OTHER,GAS COGEN,44.932281252543135,61
2016-02-04T05:00:00Z,OTHER,OIL/GAS,47.688054180145265,53
2016-02-04T05:00:00Z,OTHER,WOOD/REFUSE,65.1901854944229,158
2016-02-04T05:00:00Z,WIND,WIND,903.0584823605749,1463
2016-02-04T06:00:00Z,COAL,COAL,4238.874120563931,6289
2016-02-04T06:00:00Z,GAS,COGENERATION,3248.461720431447,4528
2016-02-04T06:00:00Z,GAS,COMBINED CYCLE,601.6296462973621,1716
2016-02-04T06:00:00Z,GAS,SIMPLE CYCLE,35.49883237891727,996
2016-02-04T06:00:00Z,HYDRO,HYDRO,161.80256524850927,894
2016-02-04T06:00:00Z,OTHER,BIOMASS,127.42570191966163,156
2016-02-04T06:00:00Z,OTHER,GAS COGEN,45.03440063476563,61
2016-02-04T06:00:00Z,OTHER,OIL/GAS,47.84208767784966,53
2016-02-04T06:00:00Z,OTHER,WOOD/REFUSE,65.412785059611,158
2016-02-04T06:00:00Z,WIND,WIND,840.9378721243475,1463
2016-02-04T07:00:00Z,COAL,COAL,4296.6212442821925,6289
2016-02-04T07:00:00Z,GAS,COGENERATION,3244.2323406598302,4528
2016-02-04T07:00:00Z,GAS,COMBINED CYCLE,546.3548807042175,1716
2016-02-04T07:00:00Z,GAS,SIMPLE CYCLE,35.49499904314677,996
2016-02-04T07:00:00Z,HYDRO,HYDRO,105.87920867188109,894
2016-02-04T07:00:00Z,OTHER,BIOMASS,128.2341357400682,156
2016-02-04T07:00:00Z,OTHER,GAS COGEN,37.0225548732943,61
2016-02-04T07:00:00Z,OTHER,OIL/GAS,47.47383204566108,53
2016-02-04T07:00:00Z,OTHER,WOOD/REFUSE,65.03719058354696,158
2016-02-04T07:00:00Z,WIND,WIND,768.3003945856624,1463
2016-02-04T08:00:00Z,COAL,COAL,4326.274105351766,6289
2016-02-04T08:00:00Z,GAS,COGENERATION,3254.1086906353635,4528
2016-02-04T08:00:00Z,GAS,COMBINED CYCLE,549.6142991960048,1716
2016-02-04T08:00:00Z,GAS,SIMPLE CYCLE,35.499999046325684,996
2016-02-04T08:00:00Z,HYDRO,HYDRO,100.30536047064597,894
2016-02-04T08:00:00Z,OTHER,BIOMASS,127.3610379158126,156
2016-02-04T08:00:00Z,OTHER,GAS COGEN,32.811395720375906,61
2016-02-04T08:00:00Z,OTHER,OIL/GAS,47.66917096243965,53
2016-02-04T08:00:00Z,OTHER,WOOD/REFUSE,61.20332369433509,158
2016-02-04T08:00:00Z,WIND,WIND,735.8974194278734,1463
2016-02-04T09:00:00Z,COAL,COAL,4267.836463962131,6289
2016-02-04T09:00:00Z,GAS,COGENERATION,3238.751340015928,4528
2016-02-04T09:00:00Z,GAS,COMBINED CYCLE,532.7327176145714,1716
2016-02-04T09:00:00Z,GAS,SIMPLE CYCLE,35.499999046325684,996
2016-02-04T09:00:00Z,HYDRO,HYDRO,86.3678223976824,894
2016-02-04T09:00:00Z,OTHER,BIOMASS,130.38375631650288,156
2016-02-04T09:00:00Z,OTHER,GAS COGEN,32.82553269280328,61
2016-02-04T09:00:00Z,OTHER,OIL/GAS,47.98857041676839,53
2016-02-04T09:00:00Z,OTHER,WOOD/REFUSE,58.75043499204848,158
2016-02-04T09:00:00Z,WIND,WIND,816.5500522818085,1463
2016-02-04T10:00:00Z,COAL,COAL,4118.606105558607,6289
2016-02-04T10:00:00Z,GAS,COGENERATION,3235.031933679316,4528
2016-02-04T10:00:00Z,GAS,COMBINED CYCLE,526.5305474827687,1716
2016-02-04T10:00:00Z,GAS,SIMPLE CYCLE,32.6756101571189,996
2016-02-04T10:00:00Z,HYDRO,HYDRO,87.5551847218805,894
2016-02-04T10:00:00Z,OTHER,BIOMASS,126.81145687898,156
2016-02-04T10:00:00Z,OTHER,GAS COGEN,32.7897616036733,61
2016-02-04T10:00:00Z,OTHER,OIL/GAS,47.60358164045546,53
2016-02-04T10:00:00Z,OTHER,WOOD/REFUSE,59.26742402394613,158
2016-02-04T10:00:00Z,WIND,WIND,961.7415060452455,1463
2016-02-04T11:00:00Z,COAL,COAL,4094.727341630724,6289
2016-02-04T11:00:00Z,GAS,COGENERATION,3238.398148898416,4528
2016-02-04T11:00:00Z,GAS,COMBINED CYCLE,526.878043663833,1716
2016-02-04T11:00:00Z,GAS,SIMPLE CYCLE,32.51866578420003,996
2016-02-04T11:00:00Z,HYDRO,HYDRO,87.63072247475385,894
2016-02-04T11:00:00Z,OTHER,BIOMASS,125.60765479882558,156
2016-02-04T11:00:00Z,OTHER,GAS COGEN,32.7103860590193,61
2016-02-04T11:00:00Z,OTHER,OIL/GAS,47.58116651746962,53
2016-02-04T11:00:00Z,OTHER,WOOD/REFUSE,59.157868207295735,158
2016-02-04T11:00:00Z,WIND,WIND,1013.8987523566683,1463
2016-02-04T12:00:00Z,COAL,COAL,4208.724780095418,6289
2016-02-04T12:00:00Z,GAS,COGENERATION,3240.6784455631837,4528
2016-02-04T12:00:00Z,GAS,COMBINED CYCLE,532.4284825192557,1716
2016-02-04T12:00:00Z,GAS,SIMPLE CYCLE,32.55749926567078,996
2016-02-04T12:00:00Z,HYDRO,HYDRO,101.20214405695597,894
2016-02-04T12:00:00Z,OTHER,BIOMASS,126.75696311208937,156
2016-02-04T12:00:00Z,OTHER,GAS COGEN,32.82370508935716,61
2016-02-04T12:00:00Z,OTHER,OIL/GAS,47.59583832846747,53
2016-02-04T12:00:00Z,OTHER,WOOD/REFUSE,59.53757405387031,158
2016-02-04T12:00:00Z,WIND,WIND,1024.1785808066527,1463
2016-02-04T13:00:00Z,COAL,COAL,4388.920178994073,6289
2016-02-04T13:00:00Z,GAS,COGENERATION,3251.96730880585,4528
2016-02-04T13:00:00Z,GAS,COMBINED CYCLE,588.802152099808,1716
2016-02-04T13:00:00Z,GAS,SIMPLE CYCLE,32.499999046325684,996
2016-02-04T13:00:00Z,HYDRO,HYDRO,127.65703637081715,894
2016-02-04T13:00:00Z,OTHER,BIOMASS,125.77656546698677,156
2016-02-04T13:00:00Z,OTHER,GAS COGEN,32.93142869949341,61
2016-02-04T13:00:00Z,OTHER,OIL/GAS,47.595559686024984,53
2016-02-04T13:00:00Z,OTHER,WOOD/REFUSE,60.05586281458537,158
2016-02-04T13:00:00Z,WIND,WIND,1071.2297653080357,1463
2016-02-04T14:00:00Z,COAL,COAL,4447.5997818968035,6289
2016-02-04T14:00:00Z,GAS,COGENERATION,3276.1667072072955,4528
2016-02-04T14:00:00Z,GAS,COMBINED CYCLE,867.050078347524,1716
2016-02-04T14:00:00Z,GAS,SIMPLE CYCLE,32.524999141693115,996
2016-02-04T14:00:00Z,HYDRO,HYDRO,187.7363841553529,894
2016-02-04T14:00:00Z,OTHER,BIOMASS,124.19581477801005,156
2016-02-04T14:00:00Z,OTHER,GAS COGEN,32.85153130531311,61
2016-02-04T14:00:00Z,OTHER,OIL/GAS,47.509320979648166,53
2016-02-04T14:00:00Z,OTHER,WOOD/REFUSE,60.362896268632674,158
2016-02-04T14:00:00Z,WIND,WIND,1093.6620295478237,1463
2016-02-04T15:00:00Z,COAL,COAL,4613.080217992994,6289
2016-02-04T15:00:00Z,GAS,COGENERATION,3264.8302564327582,4528
2016-02-04T15:00:00Z,GAS,COMBINED CYCLE,923.5612427488963,1716
2016-02-04T15:00:00Z,GAS,SIMPLE CYCLE,32.54227701822917,996
2016-02-04T15:00:00Z,HYDRO,HYDRO,134.44272133043242,894
2016-02-04T15:00:00Z,OTHER,BIOMASS,125.3384814728631,156
2016-02-04T15:00:00Z,OTHER,GAS COGEN,34.95094554245472,61
2016-02-04T15:00:00Z,OTHER,OIL/GAS,47.6238378100925,53
2016-02-04T15:00:00Z,OTHER,WOOD/REFUSE,59.54131285349528,158
2016-02-04T15:00:00Z,WIND,WIND,1066.257262547695,1463
2016-02-04T16:00:00Z,COAL,COAL,4569.940191061231,6289
2016-02-04T16:00:00Z,GAS,COGENERATION,3259.7133186173437,4528
2016-02-04T16:00:00Z,GAS,COMBINED CYCLE,927.7588828149106,1716
2016-02-04T16:00:00Z,GAS,SIMPLE CYCLE,32.51366576512655,996
2016-02-04T16:00:00Z,HYDRO,HYDRO,166.2514607101679,894
2016-02-04T16:00:00Z,OTHER,BIOMASS,125.16566296550963,156
2016-02-04T16:00:00Z,OTHER,GAS COGEN,41.04601273642646,61
2016-02-04T16:00:00Z,OTHER,OIL/GAS,47.36898736953735,53
2016-02-04T16:00:00Z,OTHER,WOOD/REFUSE,53.62790688620673,158
2016-02-04T16:00:00Z,WIND,WIND,1072.0278215841618,1463
2016-02-04T17:00:00Z,COAL,COAL,4699.1545196557045,6289
2016-02-04T17:00:00Z,GAS,COGENERATION,3250.99472294675,4528
2016-02-04T17:00:00Z,GAS,COMBINED CYCLE,900.4092137271828,1716
2016-02-04T17:00:00Z,GAS,SIMPLE CYCLE,32.54999923706055,996
2016-02-04T17:00:00Z,HYDRO,HYDRO,127.3617364227275,894
2016-02-04T17:00:00Z,OTHER,BIOMASS,117.50820113764868,156
2016-02-04T17:00:00Z,OTHER,GAS COGEN,44.59020085228814,61
2016-02-04T17:00:00Z,OTHER,OIL/GAS,47.330855439503985,53
2016-02-04T17:00:00Z,OTHER,WOOD/REFUSE,52.66028480741713,158
2016-02-04T17:00:00Z,WIND,WIND,1015.9992476613985,1463
2016-02-04T18:00:00Z,COAL,COAL,4705.465483182271,6289
2016-02-04T18:00:00Z,GAS,COGENERATION,3256.7690928816132,4528
2016-02-04T18:00:00Z,GAS,COMBINED CYCLE,914.7976770487097,1716
2016-02-04T18:00:00Z,GAS,SIMPLE CYCLE,32.532443614535865,996
2016-02-04T18:00:00Z,HYDRO,HYDRO,177.86961312072143,894
2016-02-04T18:00:00Z,OTHER,BIOMASS,120.72677502473195,156
2016-02-04T18:00:00Z,OTHER,GAS COGEN,44.38489548683167,61
2016-02-04T18:00:00Z,OTHER,OIL/GAS,48.062575823465984,53
2016-02-04T18:00:00Z,OTHER,WOOD/REFUSE,53.20835704379611,158
2016-02-04T18:00:00Z,WIND,WIND,897.0983831677669,1463
2016-02-04T19:00:00Z,COAL,COAL,4701.684434013367,6289
2016-02-04T19:00:00Z,GAS,COGENERATION,3263.628114477131,4528
2016-02-04T19:00:00Z,GAS,COMBINED CYCLE,932.9146399821176,1716
2016-02-04T19:00:00Z,GAS,SIMPLE CYCLE,31.250610684288873,996
2016-02-04T19:00:00Z,HYDRO,HYDRO,187.19956451033553,894
2016-02-04T19:00:00Z,OTHER,BIOMASS,120.34310573246745,156
2016-02-04T19:00:00Z,OTHER,GAS COGEN,44.84256385697259,61
2016-02-04T19:00:00Z,OTHER,OIL/GAS,47.877621031867136,53
2016-02-04T19:00:00Z,OTHER,WOOD/REFUSE,56.985045969221325,158
2016-02-04T19:00:00Z,WIND,WIND,836.1227637737658,1463
2016-02-04T20:00:00Z,COAL,COAL,4697.912881919013,6289
2016-02-04T20:00:00Z,GAS,COGENERATION,3282.1626308306722,4528
2016-02-04T20:00:00Z,GAS,COMBINED CYCLE,923.3122021751271,1716
2016-02-04T20:00:00Z,GAS,SIMPLE CYCLE,31.64566632270813,996
2016-02-04T20:00:00Z,HYDRO,HYDRO,146.84054626403582,894
2016-02-04T20:00:00Z,OTHER,BIOMASS,126.60638810250494,156
2016-02-04T20:00:00Z,OTHER,GAS COGEN,44.92649836169348,61
2016-02-04T20:00:00Z,OTHER,OIL/GAS,47.27982683817545,53
2016-02-04T20:00:00Z,OTHER,WOOD/REFUSE,57.94080759684245,158
2016-02-04T20:00:00Z,WIND,WIND,770.600318525566,1463
2016-02-04T21:00:00Z,COAL,COAL,4625.7762503518,6289
2016-02-04T21:00:00Z,GAS,COGENERATION,3306.065458948877,4528
2016-02-04T21:00:00Z,GAS,COMBINED CYCLE,918.3817068852319,1716
2016-02-04T21:00:00Z,GAS,SIMPLE CYCLE,33.06744419839647,996
2016-02-04T21:00:00Z,HYDRO,HYDRO,140.87955208886828,894
2016-02-04T21:00:00Z,OTHER,BIOMASS,128.0274959950977,156
2016-02-04T21:00:00Z,OTHER,GAS COGEN,44.873976538446215,61
2016-02-04T21:00:00Z,OTHER,OIL/GAS,47.749204302893745,53
2016-02-04T21:00:00Z,OTHER,WOOD/REFUSE,58.39929082658555,158
2016-02-04T21:00:00Z,WIND,WIND,760.2673485544985,1463
2016-02-04T22:00:00Z,COAL,COAL,4536.025646900601,6289
2016-02-04T22:00:00Z,GAS,COGENERATION,3337.3300452376734,4528
2016-02-04T22:00:00Z,GAS,COMBINED CYCLE,921.688215643896,1716
2016-02-04T22:00:00Z,GAS,SIMPLE CYCLE,33.37222181128131,996
2016-02-04T22:00:00Z,HYDRO,HYDRO,169.21472945918637,894
2016-02-04T22:00:00Z,OTHER,BIOMASS,128.49753597524432,156
2016-02-04T22:00:00Z,OTHER,GAS COGEN,44.82043529298571,61
2016-02-04T22:00:00Z,OTHER,OIL/GAS,47.94939351187812,53
2016-02-04T22:00:00Z,OTHER,WOOD/REFUSE,58.9281961356269,158
2016-02-04T22:00:00Z,WIND,WIND,724.3168959318929,1463
2016-02-04T23:00:00Z,COAL,COAL,4626.009193687439,6289
2016-02-04T23:00:00Z,GAS,COGENERATION,3343.1459017843667,4528
2016-02-04T23:00:00Z,GAS,COMBINED CYCLE,936.6010813948843,1716
2016-02-04T23:00:00Z,GAS,SIMPLE CYCLE,49.15947813106908,996
2016-02-04T23:00:00Z,HYDRO,HYDRO,214.11820534487563,894
2016-02-04T23:00:00Z,OTHER,BIOMASS,129.0462011024687,156
2016-02-04T23:00:00Z,OTHER,GAS COGEN,44.39544369220734,61
2016-02-04T23:00:00Z,OTHER,OIL/GAS,47.59111499150594,53
2016-02-04T23:00:00Z,OTHER,WOOD/REFUSE,58.44515718460083,158
2016-02-04T23:00:00Z,WIND,WIND,629.7598025757902,1463
2016-02-05T00:00:00Z,COAL,COAL,4820.106972830031,6289
2016-02-05T00:00:00Z,GAS,COGENERATION,3341.4532217374776,4528
2016-02-05T00:00:00Z,GAS,COMBINED CYCLE,939.9132107725408,1716
2016-02-05T00:00:00Z,GAS,SIMPLE CYCLE,105.7541667787234,996
2016-02-05T00:00:00Z,HYDRO,HYDRO,220.51964835994775,894
2016-02-05T00:00:00Z,OTHER,BIOMASS,129.92523940351273,156
2016-02-05T00:00:00Z,OTHER,GAS COGEN,43.66127958933512,61
2016-02-05T00:00:00Z,OTHER,OIL/GAS,47.57326578776042,53
2016-02-05T00:00:00Z,OTHER,WOOD/REFUSE,57.76013500849406,158
2016-02-05T00:00:00Z,WIND,WIND,626.9389582492411,1463
2016-02-05T01:00:00Z,COAL,COAL,4891.965275976393,6289
2016-02-05T01:00:00Z,GAS,COGENERATION,3340.9516196667487,4528
2016-02-05T01:00:00Z,GAS,COMBINED CYCLE,954.0790959403249,1716
2016-02-05T01:00:00Z,GAS,SIMPLE CYCLE,117.62217750999663,996
2016-02-05T01:00:00Z,HYDRO,HYDRO,211.4417316982481,894
2016-02-05T01:00:00Z,OTHER,BIOMASS,129.7533764049742,156
2016-02-05T01:00:00Z,OTHER,GAS COGEN,43.52668233129713,61
2016-02-05T01:00:00Z,OTHER,OIL/GAS,47.936531194051106,53
2016-02-05T01:00:00Z,OTHER,WOOD/REFUSE,59.3008017179701,158
2016-02-05T01:00:00Z,WIND,WIND,700.2359942004747,1463
2016-02-05T02:00:00Z,COAL,COAL,4714.266840773688,6289
2016-02-05T02:00:00Z,GAS,COGENERATION,3333.786356430517,4528
2016-02-05T02:00:00Z,GAS,COMBINED CYCLE,936.3885157791773,1716
2016-02-05T02:00:00Z,GAS,SIMPLE CYCLE,116.21804418351915,996
2016-02-05T02:00:00Z,HYDRO,HYDRO,254.7717058639394,894
2016-02-05T02:00:00Z,OTHER,BIOMASS,126.92613877137501,156
2016-02-05T02:00:00Z,OTHER,GAS COGEN,43.51027451462216,61
2016-02-05T02:00:00Z,OTHER,OIL/GAS,47.300438001420765,53
2016-02-05T02:00:00Z,OTHER,WOOD/REFUSE,60.14392950481839,158
2016-02-05T02:00:00Z,WIND,WIND,744.6005448854797,1463
2016-02-05T03:00:00Z,COAL,COAL,4579.32279282464,6289
2016-02-05T03:00:00Z,GAS,COGENERATION,3337.786736887495,4528
2016-02-05T03:00:00Z,GAS,COMBINED CYCLE,932.2597716114257,1716
2016-02-05T03:00:00Z,GAS,SIMPLE CYCLE,37.25157184574339,996
2016-02-05T03:00:00Z,HYDRO,HYDRO,224.71437687988083,894
2016-02-05T03:00:00Z,OTHER,BIOMASS,127.97941257211897,156
2016-02-05T03:00:00Z,OTHER,GAS COGEN,43.648207786877954,61
2016-02-05T03:00:00Z,OTHER,OIL/GAS,47.59239910549588,53
2016-02-05T03:00:00Z,OTHER,WOOD/REFUSE,60.03371864530775,158
2016-02-05T03:00:00Z,WIND,WIND,870.5465349185466,1463
2016-02-05T04:00:00Z,COAL,COAL,4495.777162297567,6289
2016-02-05T04:00:00Z,GAS,COGENERATION,3340.519019043048,4528
2016-02-05T04:00:00Z,GAS,COMBINED CYCLE,672.2506157211462,1716
2016-02-05T04:00:00Z,GAS,SIMPLE CYCLE,26.53749954276615,996
2016-02-05T04:00:00Z,HYDRO,HYDRO,176.50029316059417,894
2016-02-05T04:00:00Z,OTHER,BIOMASS,128.29033528380924,156
2016-02-05T04:00:00Z,OTHER,GAS COGEN,43.62824049578772,61
2016-02-05T04:00:00Z,OTHER,OIL/GAS,47.77665381537543,53
2016-02-05T04:00:00Z,OTHER,WOOD/REFUSE,60.0969626405504,158
2016-02-05T04:00:00Z,WIND,WIND,986.4615087624721,1463
2016-02-05T05:00:00Z,COAL,COAL,4282.853935470581,6289
2016-02-05T05:00:00Z,GAS,COGENERATION,3332.061969282958,4528
2016-02-05T05:00:00Z,GAS,COMBINED CYCLE,561.0974549143182,1716
2016-02-05T05:00:00Z,GAS,SIMPLE CYCLE,26.84449915885925,996
2016-02-05T05:00:00Z,HYDRO,HYDRO,146.7155306675368,894
2016-02-05T05:00:00Z,OTHER,BIOMASS,127.42838343514336,156
2016-02-05T05:00:00Z,OTHER,GAS COGEN,43.482395557827424,61
2016-02-05T05:00:00Z,OTHER,OIL/GAS,47.71599807739258,53
2016-02-05T05:00:00Z,OTHER,WOOD/REFUSE,60.16864060719808,158
2016-02-05T05:00:00Z,WIND,WIND,1015.3323634506431,1463
2016-02-05T06:00:00Z,COAL,COAL,4142.469743033515,6289
2016-02-05T06:00:00Z,GAS,COGENERATION,3315.321539760762,4528
2016-02-05T06:00:00Z,GAS,COMBINED CYCLE,428.416244087302,1716
2016-02-05T06:00:00Z,GAS,SIMPLE CYCLE,29.19999885559082,996
2016-02-05T06:00:00Z,HYDRO,HYDRO,111.06080007271635,894
2016-02-05T06:00:00Z,OTHER,BIOMASS,126.97749281777276,156
2016-02-05T06:00:00Z,OTHER,GAS COGEN,43.460933584107295,61
2016-02-05T06:00:00Z,OTHER,OIL/GAS,47.797221734788685,53
2016-02-05T06:00:00Z,OTHER,WOOD/REFUSE,60.30461300108168,158
2016-02-05T06:00:00Z,WIND,WIND,1158.5571986480554,1463
2016-02-05T07:00:00Z,COAL,COAL,3907.848487197028,6289
2016-02-05T07:00:00Z,GAS,COGENERATION,3295.2259712627197,4528
2016-02-05T07:00:00Z,GAS,COMBINED CYCLE,355.9819822939237,1716
2016-02-05T07:00:00Z,GAS,SIMPLE CYCLE,29.19999885559082,996
2016-02-05T07:00:00Z,HYDRO,HYDRO,85.30215401699145,894
2016-02-05T07:00:00Z,OTHER,BIOMASS,126.87931394365098,156
2016-02-05T07:00:00Z,OTHER,GAS COGEN,43.55013671610091,61
2016-02-05T07:00:00Z,OTHER,OIL/GAS,47.62906579759386,53
2016-02-05T07:00:00Z,OTHER,WOOD/REFUSE,59.809996359083385,158
2016-02-05T07:00:00Z,WIND,WIND,1250.988597325749,1463
2016-02-05T08:00:00Z,COAL,COAL,3863.1506477186413,6289
2016-02-05T08:00:00Z,GAS,COGENERATION,3281.167854916718,4528
2016-02-05T08:00:00Z,GAS,COMBINED CYCLE,353.03457510583934,1716
2016-02-05T08:00:00Z,GAS,SIMPLE CYCLE,29.19999885559082,996
2016-02-05T08:00:00Z,HYDRO,HYDRO,95.67445743829012,894
2016-02-05T08:00:00Z,OTHER,BIOMASS,127.16364579041799,156
2016-02-05T08:00:00Z,OTHER,GAS COGEN,43.478458768526714,61
2016-02-05T08:00:00Z,OTHER,OIL/GAS,47.37716036054823,53
2016-02-05T08:00:00Z,OTHER,WOOD/REFUSE,59.94111856672499,158
2016-02-05T08:00:00Z,WIND,WIND,1241.7406390538895,1463
2016-02-05T09:00:00Z,COAL,COAL,4028.833416302999,6289
2016-02-05T09:00:00Z,GAS,COGENERATION,3294.9448690370054,4528
2016-02-05T09:00:00Z,GAS,COMBINED CYCLE,353.1142642945051,1716
2016-02-05T09:00:00Z,GAS,SIMPLE CYCLE,29.19999885559082,996
2016-02-05T09:00:00Z,HYDRO,HYDRO,112.60418516308069,894
2016-02-05T09:00:00Z,OTHER,BIOMASS,127.00458292166391,156
2016-02-05T09:00:00Z,OTHER,GAS COGEN,43.440107328626844,61
2016-02-05T09:00:00Z,OTHER,OIL/GAS,47.42841110229492,53
2016-02-05T09:00:00Z,OTHER,WOOD/REFUSE,61.220435507032605,158
2016-02-05T09:00:00Z,WIND,WIND,1186.822486638493,1463
2016-02-05T10:00:00Z,COAL,COAL,3872.765544488695,6289
2016-02-05T10:00:00Z,GAS,COGENERATION,3269.2205158200527,4528
2016-02-05T10:00:00Z,GAS,COMBINED CYCLE,353.1330384992891,1716
2016-02-05T10:00:00Z,GAS,SIMPLE CYCLE,29.252110165490045,996
2016-02-05T10:00:00Z,HYDRO,HYDRO,92.24176019301017,894
2016-02-05T10:00:00Z,OTHER,BIOMASS,126.11885738664203,156
2016-02-05T10:00:00Z,OTHER,GAS COGEN,43.63005336019728,61
2016-02-05T10:00:00Z,OTHER,OIL/GAS,47.22945487128363,53
2016-02-05T10:00:00Z,OTHER,WOOD/REFUSE,61.27672394858466,158
2016-02-05T10:00:00Z,WIND,WIND,1242.929435119099,1463
2016-02-05T11:00:00Z,COAL,COAL,4036.003949686686,6289
2016-02-05T11:00:00Z,GAS,COGENERATION,3293.3911166467933,4528
2016-02-05T11:00:00Z,GAS,COMBINED CYCLE,399.2364986854129,1716
2016-02-05T11:00:00Z,GAS,SIMPLE CYCLE,29.299999237060547,996
2016-02-05T11:00:00Z,HYDRO,HYDRO,95.12552597973082,894
2016-02-05T11:00:00Z,OTHER,BIOMASS,125.6391869046953,156
2016-02-05T11:00:00Z,OTHER,GAS COGEN,43.48349984592862,61
2016-02-05T11:00:00Z,OTHER,OIL/GAS,47.36609886381361,53
2016-02-05T11:00:00Z,OTHER,WOOD/REFUSE,61.486401831309,158
2016-02-05T11:00:00Z,WIND,WIND,1173.744901441998,1463
2016-02-05T12:00:00Z,COAL,COAL,4052.5209051852758,6289
2016-02-05T12:00:00Z,GAS,COGENERATION,3297.7413111380074,4528
2016-02-05T12:00:00Z,GAS,COMBINED CYCLE,403.46725628587933,1716
2016-02-05T12:00:00Z,GAS,SIMPLE CYCLE,29.299999237060547,996
2016-02-05T12:00:00Z,HYDRO,HYDRO,117.33744025230408,894
2016-02-05T12:00:00Z,OTHER,BIOMASS,129.1580458890067,156
2016-02-05T12:00:00Z,OTHER,GAS COGEN,43.55064082357619,61
2016-02-05T12:00:00Z,OTHER,OIL/GAS,47.58173795276218,53
2016-02-05T12:00:00Z,OTHER,WOOD/REFUSE,61.018052128685845,158
2016-02-05T12:00:00Z,WIND,WIND,1217.8042547406092,1463
2016-02-05T13:00:00Z,COAL,COAL,4210.516339230007,6289
2016-02-05T13:00:00Z,GAS,COGENERATION,3306.590147067838,4528
2016-02-05T13:00:00Z,GAS,COMBINED CYCLE,443.3199994138877,1716
2016-02-05T13:00:00Z,GAS,SIMPLE CYCLE,29.288110445870295,996
2016-02-05T13:00:00Z,HYDRO,HYDRO,168.10831657636498,894
2016-02-05T13:00:00Z,OTHER,BIOMASS,127.85333298100365,156
2016-02-05T13:00:00Z,OTHER,GAS COGEN,43.56007230599721,61
2016-02-05T13:00:00Z,OTHER,OIL/GAS,47.50338203642104,53
2016-02-05T13:00:00Z,OTHER,WOOD/REFUSE,61.24690768771701,158
2016-02-05T13:00:00Z,WIND,WIND,1203.2438391041424,1463
2016-02-05T14:00:00Z,COAL,COAL,4432.956752391391,6289
2016-02-05T14:00:00Z,GAS,COGENERATION,3302.168280183474,4528
2016-02-05T14:00:00Z,GAS,COMBINED CYCLE,525.7817780799336,1716
2016-02-05T14:00:00Z,GAS,SIMPLE CYCLE,25.520389029714796,996
2016-02-05T14:00:00Z,HYDRO,HYDRO,217.9457812241465,894
2016-02-05T14:00:00Z,OTHER,BIOMASS,127.09348455535041,156
2016-02-05T14:00:00Z,OTHER,GAS COGEN,43.679998590681286,61
2016-02-05T14:00:00Z,OTHER,OIL/GAS,47.72082650502523,53
2016-02-05T14:00:00Z,OTHER,WOOD/REFUSE,60.88789072672526,158
2016-02-05T14:00:00Z,WIND,WIND,1203.9962209031316,1463
2016-02-05T15:00:00Z,COAL,COAL,4656.417161742316,6289
2016-02-05T15:00:00Z,GAS,COGENERATION,3268.7053190459806,4528
2016-02-05T15:00:00Z,GAS,COMBINED CYCLE,509.73979768143755,1716
2016-02-05T15:00:00Z,GAS,SIMPLE CYCLE,26.33733305083381,996
2016-02-05T15:00:00Z,HYDRO,HYDRO,121.15972348788547,894
2016-02-05T15:00:00Z,OTHER,BIOMASS,127.23575330893198,156
2016-02-05T15:00:00Z,OTHER,GAS COGEN,43.75210041893853,61
2016-02-05T15:00:00Z,OTHER,OIL/GAS,46.678510080973304,53
2016-02-05T15:00:00Z,OTHER,WOOD/REFUSE,61.033818581899006,158
2016-02-05T15:00:00Z,WIND,WIND,1233.6270774710179,1463
2016-02-05T16:00:00Z,COAL,COAL,4638.960742679172,6289
2016-02-05T16:00:00Z,GAS,COGENERATION,3259.6701538362768,4528
2016-02-05T16:00:00Z,GAS,COMBINED CYCLE,520.1221786324182,1716
2016-02-05T16:00:00Z,GAS,SIMPLE CYCLE,29.29205476231045,996
2016-02-05T16:00:00Z,HYDRO,HYDRO,163.70295147159862,894
2016-02-05T16:00:00Z,OTHER,BIOMASS,125.52188088840909,156
2016-02-05T16:00:00Z,OTHER,GAS COGEN,43.61416121694777,61
2016-02-05T16:00:00Z,OTHER,OIL/GAS,47.62837639702691,53
2016-02-05T16:00:00Z,OTHER,WOOD/REFUSE,60.536285116407605,158
2016-02-05T16:00:00Z,WIND,WIND,1213.5385166728497,1463
2016-02-05T17:00:00Z,COAL,COAL,4630.982750973171,6289
2016-02-05T17:00:00Z,GAS,COGENERATION,3254.1507313740253,4528
2016-02-05T17:00:00Z,GAS,COMBINED CYCLE,536.1472104186482,1716
2016-02-05T17:00:00Z,GAS,SIMPLE CYCLE,28.39222154309352,996
2016-02-05T17:00:00Z,HYDRO,HYDRO,182.50575886789295,894
2016-02-05T17:00:00Z,OTHER,BIOMASS,124.5067386616601,156
2016-02-05T17:00:00Z,OTHER,GAS COGEN,43.37976666503483,61
2016-02-05T17:00:00Z,OTHER,OIL/GAS,47.77752112494575,53
2016-02-05T17:00:00Z,OTHER,WOOD/REFUSE,60.47783516354031,158
2016-02-05T17:00:00Z,WIND,WIND,1227.5876513271862,1463
2016-02-05T18:00:00Z,COAL,COAL,4647.005562943353,6289
2016-02-05T18:00:00Z,GAS,COGENERATION,3226.8886222125425,4528
2016-02-05T18:00:00Z,GAS,COMBINED CYCLE,527.30870551659,1716
2016-02-05T18:00:00Z,GAS,SIMPLE CYCLE,26.480665763749016,996
2016-02-05T18:00:00Z,HYDRO,HYDRO,120.52275473619501,894
2016-02-05T18:00:00Z,OTHER,BIOMASS,127.29134449005127,156
2016-02-05T18:00:00Z,OTHER,GAS COGEN,43.15754087766011,61
2016-02-05T18:00:00Z,OTHER,OIL/GAS,47.67604890399509,53
2016-02-05T18:00:00Z,OTHER,WOOD/REFUSE,60.49071294996474,158
2016-02-05T18:00:00Z,WIND,WIND,1269.663952791691,1463
2016-02-05T19:00:00Z,COAL,COAL,4635.339989988539,6289
2016-02-05T19:00:00Z,GAS,COGENERATION,3191.7004399967855,4528
2016-02-05T19:00:00Z,GAS,COMBINED CYCLE,524.9905502147807,1716
2016-02-05T19:00:00Z,GAS,SIMPLE CYCLE,29.211165564854937,996
2016-02-05T19:00:00Z,HYDRO,HYDRO,118.51106026459071,894
2016-02-05T19:00:00Z,OTHER,BIOMASS,126.07990187909868,156
2016-02-05T19:00:00Z,OTHER,GAS COGEN,43.05124233457777,61
2016-02-05T19:00:00Z,OTHER,OIL/GAS,47.55919933742947,53
2016-02-05T19:00:00Z,OTHER,WOOD/REFUSE,59.65754057778253,158
2016-02-05T19:00:00Z,WIND,WIND,1271.80946747404,1463
2016-02-05T20:00:00Z,COAL,COAL,4583.5016602410205,6289
2016-02-05T20:00:00Z,GAS,COGENERATION,3184.5353285258348,4528
2016-02-05T20:00:00Z,GAS,COMBINED CYCLE,531.280664091309,1716
2016-02-05T20:00:00Z,GAS,SIMPLE CYCLE,28.898665558497115,996
2016-02-05T20:00:00Z,HYDRO,HYDRO,182.64120525841912,894
2016-02-05T20:00:00Z,OTHER,BIOMASS,128.27056323793198,156
2016-02-05T20:00:00Z,OTHER,GAS COGEN,42.81281832589043,61
2016-02-05T20:00:00Z,OTHER,OIL/GAS,47.541971622043185,53
2016-02-05T20:00:00Z,OTHER,WOOD/REFUSE,59.949229371812606,158
2016-02-05T20:00:00Z,WIND,WIND,1231.2018757649264,1463
2016-02-05T21:00:00Z,COAL,COAL,4562.2542548158435,6289
2016-02-05T21:00:00Z,GAS,COGENERATION,3149.8028512140777,4528
2016-02-05T21:00:00Z,GAS,COMBINED CYCLE,525.2761992557844,1716
2016-02-05T21:00:00Z,GAS,SIMPLE CYCLE,26.37333293914795,996
2016-02-05T21:00:00Z,HYDRO,HYDRO,168.50052848421862,894
2016-02-05T21:00:00Z,OTHER,BIOMASS,126.56016046682993,156
2016-02-05T21:00:00Z,OTHER,GAS COGEN,42.58704545762804,61
2016-02-05T21:00:00Z,OTHER,OIL/GAS,47.27493696212768,53
2016-02-05T21:00:00Z,OTHER,WOOD/REFUSE,59.95524619632297,158
2016-02-05T21:00:00Z,WIND,WIND,1266.126630162398,1463
2016-02-05T22:00:00Z,COAL,COAL,4580.754526341756,6289
2016-02-05T22:00:00Z,GAS,COGENERATION,3131.8804145329527,4528
2016-02-05T22:00:00Z,GAS,COMBINED CYCLE,531.4569660662943,1716
2016-02-05T22:00:00Z,GAS,SIMPLE CYCLE,29.074444933997263,996
2016-02-05T22:00:00Z,HYDRO,HYDRO,177.40379584077334,894
2016-02-05T22:00:00Z,OTHER,BIOMASS,128.49694965468512,156
2016-02-05T22:00:00Z,OTHER,GAS COGEN,42.60132473839654,61
2016-02-05T22:00:00Z,OTHER,OIL/GAS,47.14140412648519,53
2016-02-05T22:00:00Z,OTHER,WOOD/REFUSE,59.35019065221151,158
2016-02-05T22:00:00Z,WIND,WIND,1217.923447722329,1463
2016-02-05T23:00:00Z,COAL,COAL,4619.535419010586,6289
2016-02-05T23:00:00Z,GAS,COGENERATION,3132.210618051026,4528
2016-02-05T23:00:00Z,GAS,COMBINED CYCLE,531.5111286712355,1716
2016-02-05T23:00:00Z,GAS,SIMPLE CYCLE,32.638777680397034,996
2016-02-05T23:00:00Z,HYDRO,HYDRO,185.70795585390593,894
2016-02-05T23:00:00Z,OTHER,BIOMASS,128.2548924695121,156
2016-02-05T23:00:00Z,OTHER,GAS COGEN,42.59367798275417,61
2016-02-05T23:00:00Z,OTHER,OIL/GAS,47.62488189061483,53
2016-02-05T23:00:00Z,OTHER,WOOD/REFUSE,59.95761272642348,158
2016-02-05T23:00:00Z,WIND,WIND,1214.0900394759906,1463
2016-02-06T00:00:00Z,COAL,COAL,4629.371790114508,6289
2016-02-06T00:00:00Z,GAS,COGENERATION,3138.781456328763,4528
2016-02-06T00:00:00Z,GAS,COMBINED CYCLE,519.862439136174,1716
2016-02-06T00:00:00Z,GAS,SIMPLE CYCLE,35.499999046325684,996
2016-02-06T00:00:00Z,HYDRO,HYDRO,201.74619331512184,894
2016-02-06T00:00:00Z,OTHER,BIOMASS,129.2145464711719,156
2016-02-06T00:00:00Z,OTHER,GAS COGEN,42.62944940778944,61
2016-02-06T00:00:00Z,OTHER,OIL/GAS,47.214082192315,53
2016-02-06T00:00:00Z,OTHER,WOOD/REFUSE,58.961746300591365,158
2016-02-06T00:00:00Z,WIND,WIND,1303.5922855220238,1463
2016-02-06T01:00:00Z,COAL,COAL,4586.978568437365,6289
2016-02-06T01:00:00Z,GAS,COGENERATION,3143.149569081863,4528
2016-02-06T01:00:00Z,GAS,COMBINED CYCLE,517.6687700235182,1716
2016-02-06T01:00:00Z,GAS,SIMPLE CYCLE,35.65383247746362,996
2016-02-06T01:00:00Z,HYDRO,HYDRO,219.13269584374294,894
2016-02-06T01:00:00Z,OTHER,BIOMASS,128.15847288502587,156
2016-02-06T01:00:00Z,OTHER,GAS COGEN,42.72281231456333,61
2016-02-06T01:00:00Z,OTHER,OIL/GAS,47.39716027577718,53
2016-02-06T01:00:00Z,OTHER,WOOD/REFUSE,58.109207202063665,158
2016-02-06T01:00:00Z,WIND,WIND,1349.608114911649,1463
2016-02-06T02:00:00Z,COAL,COAL,4488.910520341661,6289
2016-02-06T02:00:00Z,GAS,COGENERATION,3133.6856837995847,4528
2016-02-06T02:00:00Z,GAS,COMBINED CYCLE,519.0971644435326,1716
2016-02-06T02:00:00Z,GAS,SIMPLE CYCLE,35.79133256488376,996
2016-02-06T02:00:00Z,HYDRO,HYDRO,225.8531804423862,894
2016-02-06T02:00:00Z,OTHER,BIOMASS,128.5404874695672,156
2016-02-06T02:00:00Z,OTHER,GAS COGEN,42.7166205628713,61
2016-02-06T02:00:00Z,OTHER,OIL/GAS,47.9167386563619,53
2016-02-06T02:00:00Z,OTHER,WOOD/REFUSE,59.375412731170655,158
2016-02-06T02:00:00Z,WIND,WIND,1339.8981236486302,1463
2016-02-06T03:00:00Z,COAL,COAL,4434.122064857483,6289
2016-02-06T03:00:00Z,GAS,COGENERATION,3127.450375704567,4528
2016-02-06T03:00:00Z,GAS,COMBINED CYCLE,518.0774247072802,1716
2016-02-06T03:00:00Z,GAS,SIMPLE CYCLE,35.544999074935916,996
2016-02-06T03:00:00Z,HYDRO,HYDRO,255.88132522039945,894
2016-02-06T03:00:00Z,OTHER,BIOMASS,128.59730373541515,156
2016-02-06T03:00:00Z,OTHER,GAS COGEN,42.51087107976278,61
2016-02-06T03:00:00Z,OTHER,OIL/GAS,47.17936587015788,53
2016-02-06T03:00:00Z,OTHER,WOOD/REFUSE,58.812579718695744,158
2016-02-06T03:00:00Z,WIND,WIND,1236.3323336847623,1463
2016-02-06T04:00:00Z,COAL,COAL,4410.376869592203,6289
2016-02-06T04:00:00Z,GAS,COGENERATION,3136.930500176483,4528
2016-02-06T04:00:00Z,GAS,COMBINED CYCLE,520.6642235993014,1716
2016-02-06T04:00:00Z,GAS,SIMPLE CYCLE,35.499999046325684,996
2016-02-06T04:00:00Z,HYDRO,HYDRO,155.5436126750542,894
2016-02-06T04:00:00Z,OTHER,BIOMASS,129.83268462816875,156
2016-02-06T04:00:00Z,OTHER,GAS COGEN,42.37237448586359,61
2016-02-06T04:00:00Z,OTHER,OIL/GAS,46.79552092870077,53
2016-02-06T04:00:00Z,OTHER,WOOD/REFUSE,59.23772983974881,158
2016-02-06T04:00:00Z,WIND,WIND,1160.8418484244412,1463
2016-02-06T05:00:00Z,COAL,COAL,4249.323409627279,6289
2016-02-06T05:00:00Z,GAS,COGENERATION,3135.2417481886014,4528
2016-02-06T05:00:00Z,GAS,COMBINED CYCLE,467.8116786306434,1716
2016-02-06T05:00:00Z,GAS,SIMPLE CYCLE,35.524832395447625,996
2016-02-06T05:00:00Z,HYDRO,HYDRO,130.45556813453635,894
2016-02-06T05:00:00Z,OTHER,BIOMASS,127.03016524685754,156
2016-02-06T05:00:00Z,OTHER,GAS COGEN,42.26065972540114,61
2016-02-06T05:00:00Z,OTHER,OIL/GAS,47.018487752278645,53
2016-02-06T05:00:00Z,OTHER,WOOD/REFUSE,59.37266860114204,158
2016-02-06T05:00:00Z,WIND,WIND,1146.0425208338597,1463
2016-02-06T06:00:00Z,COAL,COAL,4130.453869955275,6289
2016-02-06T06:00:00Z,GAS,COGENERATION,3116.440055128402,4528
2016-02-06T06:00:00Z,GAS,COMBINED CYCLE,435.56530445946584,1716
2016-02-06T06:00:00Z,GAS,SIMPLE CYCLE,35.53633240275913,996
2016-02-06T06:00:00Z,HYDRO,HYDRO,91.8476375284791,894
2016-02-06T06:00:00Z,OTHER,BIOMASS,127.56553030437892,156
2016-02-06T06:00:00Z,OTHER,GAS COGEN,42.316610408359104,61
2016-02-06T06:00:00Z,OTHER,OIL/GAS,47.10787670983208,53
2016-02-06T06:00:00Z,OTHER,WOOD/REFUSE,59.3978076532152,158
2016-02-06T06:00:00Z,WIND,WIND,1068.4831039566548,1463
2016-02-06T07:00:00Z,COAL,COAL,4077.911711947123,6289
2016-02-06T07:00:00Z,GAS,COGENERATION,3113.8200803856716,4528
2016-02-06T07:00:00Z,GAS,COMBINED CYCLE,404.2958149566915,1716
2016-02-06T07:00:00Z,GAS,SIMPLE CYCLE,35.581165764596726,996
2016-02-06T07:00:00Z,HYDRO,HYDRO,69.26647966608405,894
2016-02-06T07:00:00Z,OTHER,BIOMASS,126.11732855372959,156
2016-02-06T07:00:00Z,OTHER,GAS COGEN,32.135640801853604,61
2016-02-06T07:00:00Z,OTHER,OIL/GAS,46.34949354807536,53
2016-02-06T07:00:00Z,OTHER,WOOD/REFUSE,59.71365733702978,158
2016-02-06T07:00:00Z,WIND,WIND,1011.5977480394641,1463
2016-02-06T08:00:00Z,COAL,COAL,3901.3173908345566,6289
2016-02-06T08:00:00Z,GAS,COGENERATION,3112.136096715993,4528
2016-02-06T08:00:00Z,GAS,COMBINED CYCLE,383.87037419670156,1716
2016-02-06T08:00:00Z,GAS,SIMPLE CYCLE,35.499999046325684,996
2016-02-06T08:00:00Z,HYDRO,HYDRO,61.54757634321848,894
2016-02-06T08:00:00Z,OTHER,BIOMASS,125.49026359611086,156
2016-02-06T08:00:00Z,OTHER,GAS COGEN,28.8245476436615,61
2016-02-06T08:00:00Z,OTHER,OIL/GAS,46.63557082706028,53
2016-02-06T08:00:00Z,OTHER,WOOD/REFUSE,63.21909610244963,158
2016-02-06T08:00:00Z,WIND,WIND,1159.735783147431,1463
2016-02-06T09:00:00Z,COAL,COAL,3789.514334482153,6289
2016-02-06T09:00:00Z,GAS,COGENERATION,3083.235271698104,4528
2016-02-06T09:00:00Z,GAS,COMBINED CYCLE,343.8858027334346,1716
2016-02-06T09:00:00Z,GAS,SIMPLE CYCLE,34.816444142659506,996
2016-02-06T09:00:00Z,HYDRO,HYDRO,69.38880006916821,894
2016-02-06T09:00:00Z,OTHER,BIOMASS,124.11177064948612,156
2016-02-06T09:00:00Z,OTHER,GAS COGEN,28.617315740055506,61
2016-02-06T09:00:00Z,OTHER,OIL/GAS,46.722610047658286,53
2016-02-06T09:00:00Z,OTHER,WOOD/REFUSE,63.74214618206024,158
2016-02-06T09:00:00Z,WIND,WIND,1216.2576987570856,1463
2016-02-06T10:00:00Z,COAL,COAL,3865.257584006588,6289
2016-02-06T10:00:00Z,GAS,COGENERATION,3090.8504369898637,4528
2016-02-06T10:00:00Z,GAS,COMBINED CYCLE,363.39782166255844,1716
2016-02-06T10:00:00Z,GAS,SIMPLE CYCLE,34.69999980926514,996
2016-02-06T10:00:00Z,HYDRO,HYDRO,88.190917502443,894
2016-02-06T10:00:00Z,OTHER,BIOMASS,122.38527458826701,156
2016-02-06T10:00:00Z,OTHER,GAS COGEN,28.705339786211646,61
2016-02-06T10:00:00Z,OTHER,OIL/GAS,46.723148352305095,53
2016-02-06T10:00:00Z,OTHER,WOOD/REFUSE,64.02865173949135,158
2016-02-06T10:00:00Z,WIND,WIND,1058.611180137131,1463
2016-02-06T11:00:00Z,COAL,COAL,4025.7039763683742,6289
2016-02-06T11:00:00Z,GAS,COGENERATION,3095.8364269096323,4528
2016-02-06T11:00:00Z,GAS,COMBINED CYCLE,425.15759198268256,1716
2016-02-06T11:00:00Z,GAS,SIMPLE CYCLE,34.69999980926514,996
2016-02-06T11:00:00Z,HYDRO,HYDRO,80.36664981956282,894
2016-02-06T11:00:00Z,OTHER,BIOMASS,122.770395641062,156
2016-02-06T11:00:00Z,OTHER,GAS COGEN,28.688852849536467,61
2016-02-06T11:00:00Z,OTHER,OIL/GAS,46.739782396952315,53
2016-02-06T11:00:00Z,OTHER,WOOD/REFUSE,63.853740815851424,158
2016-02-06T11:00:00Z,WIND,WIND,939.5408251605431,1463
2016-02-06T12:00:00Z,COAL,COAL,3784.2966379123263,6289
2016-02-06T12:00:00Z,GAS,COGENERATION,3086.497724437051,4528
2016-02-06T12:00:00Z,GAS,COMBINED CYCLE,346.3265139464537,1716
2016-02-06T12:00:00Z,GAS,SIMPLE CYCLE,32.396055350833464,996
2016-02-06T12:00:00Z,HYDRO,HYDRO,79.2566487215625,894
2016-02-06T12:00:00Z,OTHER,BIOMASS,122.59430042849647,156
2016-02-06T12:00:00Z,OTHER,GAS COGEN,28.531295737690392,61
2016-02-06T12:00:00Z,OTHER,OIL/GAS,46.859481773376466,53
2016-02-06T12:00:00Z,OTHER,WOOD/REFUSE,64.89643540170458,158
2016-02-06T12:00:00Z,WIND,WIND,1213.849704293675,1463
2016-02-06T13:00:00Z,COAL,COAL,3695.8850633702677,6289
2016-02-06T13:00:00Z,GAS,COGENERATION,3068.0052207306358,4528
2016-02-06T13:00:00Z,GAS,COMBINED CYCLE,347.904478740361,1716
2016-02-06T13:00:00Z,GAS,SIMPLE CYCLE,29.70650002691481,996
2016-02-06T13:00:00Z,HYDRO,HYDRO,86.31744823478991,894
2016-02-06T13:00:00Z,OTHER,BIOMASS,117.51700164026684,156
2016-02-06T13:00:00Z,OTHER,GAS COGEN,28.44751902739207,61
2016-02-06T13:00:00Z,OTHER,OIL/GAS,46.288426564534504,53
2016-02-06T13:00:00Z,OTHER,WOOD/REFUSE,65.03319109015995,158
2016-02-06T13:00:00Z,WIND,WIND,1337.4846597337723,1463
2016-02-06T14:00:00Z,COAL,COAL,3885.7179822567437,6289
2016-02-06T14:00:00Z,GAS,COGENERATION,3090.273002765444,4528
2016-02-06T14:00:00Z,GAS,COMBINED CYCLE,399.9261468794611,1716
2016-02-06T14:00:00Z,GAS,SIMPLE CYCLE,30.800000190734863,996
2016-02-06T14:00:00Z,HYDRO,HYDRO,200.10996646712223,894
2016-02-06T14:00:00Z,OTHER,BIOMASS,117.16416405730777,156
2016-02-06T14:00:00Z,OTHER,GAS COGEN,28.145944990052115,61
2016-02-06T14:00:00Z,OTHER,OIL/GAS,46.444576511383055,53
2016-02-06T14:00:00Z,OTHER,WOOD/REFUSE,66.16065775765313,158
2016-02-06T14:00:00Z,WIND,WIND,1165.9099371846683,1463
2016-02-06T15:00:00Z,COAL,COAL,4337.5385992034935,6289
2016-02-06T15:00:00Z,GAS,COGENERATION,3090.48820602768,4528
2016-02-06T15:00:00Z,GAS,COMBINED CYCLE,435.1718050369952,1716
2016-02-06T15:00:00Z,GAS,SIMPLE CYCLE,30.86022214041816,996
2016-02-06T15:00:00Z,HYDRO,HYDRO,175.49860671699048,894
2016-02-06T15:00:00Z,OTHER,BIOMASS,114.41381666925218,156
2016-02-06T15:00:00Z,OTHER,GAS COGEN,28.87651133696238,61
2016-02-06T15:00:00Z,OTHER,OIL/GAS,43.81823202557034,53
2016-02-06T15:00:00Z,OTHER,WOOD/REFUSE,67.2281189139684,158
2016-02-06T15:00:00Z,WIND,WIND,904.2342037309044,1463
2016-02-06T16:00:00Z,COAL,COAL,4429.722644404438,6289
2016-02-06T16:00:00Z,GAS,COGENERATION,3077.2247212670245,4528
2016-02-06T16:00:00Z,GAS,COMBINED CYCLE,462.663956474993,1716
2016-02-06T16:00:00Z,GAS,SIMPLE CYCLE,35.339166733423866,996
2016-02-06T16:00:00Z,HYDRO,HYDRO,166.4512290887038,894
2016-02-06T16:00:00Z,OTHER,BIOMASS,117.91535412788392,156
2016-02-06T16:00:00Z,OTHER,GAS COGEN,29.998210442860916,61
2016-02-06T16:00:00Z,OTHER,OIL/GAS,40.29516005622016,53
2016-02-06T16:00:00Z,OTHER,WOOD/REFUSE,67.83909689532386,158
2016-02-06T16:00:00Z,WIND,WIND,890.0640319147043,1463
2016-02-06T17:00:00Z,COAL,COAL,4421.1340511673025,6289
2016-02-06T17:00:00Z,GAS,COGENERATION,3058.693772732814,4528
2016-02-06T17:00:00Z,GAS,COMBINED CYCLE,472.5823801265822,1716
2016-02-06T17:00:00Z,GAS,SIMPLE CYCLE,35.67311093754238,996
2016-02-06T17:00:00Z,HYDRO,HYDRO,116.36355848282575,894
2016-02-06T17:00:00Z,OTHER,BIOMASS,113.83314894199371,156
2016-02-06T17:00:00Z,OTHER,GAS COGEN,31.329778269661794,61
2016-02-06T17:00:00Z,OTHER,OIL/GAS,39.23843843248155,53
2016-02-06T17:00:00Z,OTHER,WOOD/REFUSE,67.7563462612364,158
2016-02-06T17:00:00Z,WIND,WIND,1049.4754294944307,1463
2016-02-06T18:00:00Z,COAL,COAL,4326.879318327507,6289
2016-02-06T18:00:00Z,GAS,COGENERATION,3073.294997288386,4528
2016-02-06T18:00:00Z,GAS,COMBINED CYCLE,439.0202638599608,1716
2016-02-06T18:00:00Z,GAS,SIMPLE CYCLE,35.50999908447265,996
2016-02-06T18:00:00Z,HYDRO,HYDRO,108.8413372358597,894
2016-02-06T18:00:00Z,OTHER,BIOMASS,114.17460219277275,156
2016-02-06T18:00:00Z,OTHER,GAS COGEN,31.970540673997665,61
2016-02-06T18:00:00Z,OTHER,OIL/GAS,39.03506513595581,53
2016-02-06T18:00:00Z,OTHER,WOOD/REFUSE,67.85066888173421,158
2016-02-06T18:00:00Z,WIND,WIND,1224.1899403658178,1463
2016-02-06T19:00:00Z,COAL,COAL,4178.751378907098,6289
2016-02-06T19:00:00Z,GAS,COGENERATION,3096.0367055832016,4528
2016-02-06T19:00:00Z,GAS,COMBINED CYCLE,438.7580795646376,1716
2016-02-06T19:00:00Z,GAS,SIMPLE CYCLE,35.527499151229854,996
2016-02-06T19:00:00Z,HYDRO,HYDRO,117.30895557617148,894
2016-02-06T19:00:00Z,OTHER,BIOMASS,115.06505909972721,156
2016-02-06T19:00:00Z,OTHER,GAS COGEN,31.36205856482188,61
2016-02-06T19:00:00Z,OTHER,OIL/GAS,40.16529865900675,53
2016-02-06T19:00:00Z,OTHER,WOOD/REFUSE,66.96374673869875,158
2016-02-06T19:00:00Z,WIND,WIND,1297.6161257472138,1463
2016-02-06T20:00:00Z,COAL,COAL,4113.283127013312,6289
2016-02-06T20:00:00Z,GAS,COGENERATION,3122.605815500948,4528
2016-02-06T20:00:00Z,GAS,COMBINED CYCLE,451.20898006829947,1716
2016-02-06T20:00:00Z,GAS,SIMPLE CYCLE,35.499999046325684,996
2016-02-06T20:00:00Z,HYDRO,HYDRO,189.07627398633295,894
2016-02-06T20:00:00Z,OTHER,BIOMASS,118.77979598045349,156
2016-02-06T20:00:00Z,OTHER,GAS COGEN,32.01699929449293,61
2016-02-06T20:00:00Z,OTHER,OIL/GAS,39.597731556362575,53
2016-02-06T20:00:00Z,OTHER,WOOD/REFUSE,67.08322922627133,158
2016-02-06T20:00:00Z,WIND,WIND,1256.088975890875,1463
2016-02-06T21:00:00Z,COAL,COAL,4074.9133356412253,6289
2016-02-06T21:00:00Z,GAS,COGENERATION,3142.900413999094,4528
2016-02-06T21:00:00Z,GAS,COMBINED CYCLE,405.4553516040908,1716
2016-02-06T21:00:00Z,GAS,SIMPLE CYCLE,35.499999046325684,996
2016-02-06T21:00:00Z,HYDRO,HYDRO,142.8111795469539,894
2016-02-06T21:00:00Z,OTHER,BIOMASS,118.29300259590148,156
2016-02-06T21:00:00Z,OTHER,GAS COGEN,32.64546659363641,61
2016-02-06T21:00:00Z,OTHER,OIL/GAS,41.26823842154609,53
2016-02-06T21:00:00Z,OTHER,WOOD/REFUSE,67.2371518198649,158
2016-02-06T21:00:00Z,WIND,WIND,1296.201216186815,1463
2016-02-06T22:00:00Z,COAL,COAL,4061.440566652086,6289
2016-02-06T22:00:00Z,GAS,COGENERATION,3161.541061208513,4528
2016-02-06T22:00:00Z,GAS,COMBINED CYCLE,378.0070390406582,1716
2016-02-06T22:00:00Z,GAS,SIMPLE CYCLE,35.499999046325684,996
2016-02-06T22:00:00Z,HYDRO,HYDRO,181.08225877771775,894
2016-02-06T22:00:00Z,OTHER,BIOMASS,118.05433186425103,156
2016-02-06T22:00:00Z,OTHER,GAS COGEN,33.22498427285088,61
2016-02-06T22:00:00Z,OTHER,OIL/GAS,42.5024654452006,53
2016-02-06T22:00:00Z,OTHER,WOOD/REFUSE,67.09867992930941,158
2016-02-06T22:00:00Z,WIND,WIND,1351.9421264060009,1463
2016-02-06T23:00:00Z,COAL,COAL,4106.765391909282,6289
2016-02-06T23:00:00Z,GAS,COGENERATION,3212.890775096284,4528
2016-02-06T23:00:00Z,GAS,COMBINED CYCLE,422.85883113364383,1716
2016-02-06T23:00:00Z,GAS,SIMPLE CYCLE,35.452665682898626,996
2016-02-06T23:00:00Z,HYDRO,HYDRO,178.44849221100412,894
2016-02-06T23:00:00Z,OTHER,BIOMASS,120.05447537846035,156
2016-02-06T23:00:00Z,OTHER,GAS COGEN,33.46403468026055,61
2016-02-06T23:00:00Z,OTHER,OIL/GAS,43.24604313108656,53
2016-02-06T23:00:00Z,OTHER,WOOD/REFUSE,67.50458514213562,158
2016-02-06T23:00:00Z,WIND,WIND,1317.8152485695812,1463
2016-02-07T00:00:00Z,COAL,COAL,4245.938143914541,6289
2016-02-07T00:00:00Z,GAS,COGENERATION,3262.813559311761,4528
2016-02-07T00:00:00Z,GAS,COMBINED CYCLE,493.6760040746795,1716
2016-02-07T00:00:00Z,GAS,SIMPLE CYCLE,35.497332377963595,996
2016-02-07T00:00:00Z,HYDRO,HYDRO,229.622380847815,894
2016-02-07T00:00:00Z,OTHER,BIOMASS,122.60012098736233,156
2016-02-07T00:00:00Z,OTHER,GAS COGEN,33.42301993370056,61
2016-02-07T00:00:00Z,OTHER,OIL/GAS,42.55400452931722,53
2016-02-07T00:00:00Z,OTHER,WOOD/REFUSE,69.86934684965345,158
2016-02-07T00:00:00Z,WIND,WIND,1336.40881466445,1463
2016-02-07T01:00:00Z,COAL,COAL,4450.468242899577,6289
2016-02-07T01:00:00Z,GAS,COGENERATION,3253.86770131886,4528
2016-02-07T01:00:00Z,GAS,COMBINED CYCLE,515.0827293643687,1716
2016-02-07T01:00:00Z,GAS,SIMPLE CYCLE,35.74116663297018,996
2016-02-07T01:00:00Z,HYDRO,HYDRO,212.14658790383075,894
2016-02-07T01:00:00Z,OTHER,BIOMASS,121.78074342038896,156
2016-02-07T01:00:00Z,OTHER,GAS COGEN,32.738966845406424,61
2016-02-07T01:00:00Z,OTHER,OIL/GAS,43.237882160610624,53
2016-02-07T01:00:00Z,OTHER,WOOD/REFUSE,69.14025786850188,158
2016-02-07T01:00:00Z,WIND,WIND,1331.5575134848555,1463
2016-02-07T02:00:00Z,COAL,COAL,4385.872327277461,6289
2016-02-07T02:00:00Z,GAS,COGENERATION,3249.725729800264,4528
2016-02-07T02:00:00Z,GAS,COMBINED CYCLE,480.64700775457754,1716
2016-02-07T02:00:00Z,GAS,SIMPLE CYCLE,35.673666375478106,996
2016-02-07T02:00:00Z,HYDRO,HYDRO,197.1563114014599,894
2016-02-07T02:00:00Z,OTHER,BIOMASS,121.08322957462735,156
2016-02-07T02:00:00Z,OTHER,GAS COGEN,33.344390373229984,61
2016-02-07T02:00:00Z,OTHER,OIL/GAS,43.51265449311998,53
2016-02-07T02:00:00Z,OTHER,WOOD/REFUSE,68.30549645794763,158
2016-02-07T02:00:00Z,WIND,WIND,1293.9019892934957,1463
2016-02-07T03:00:00Z,COAL,COAL,4288.4476595615015,6289
2016-02-07T03:00:00Z,GAS,COGENERATION,3257.657894635995,4528
2016-02-07T03:00:00Z,GAS,COMBINED CYCLE,442.4726082464059,1716
2016-02-07T03:00:00Z,GAS,SIMPLE CYCLE,35.64833316802978,996
2016-02-07T03:00:00Z,HYDRO,HYDRO,164.6851422954268,894
2016-02-07T03:00:00Z,OTHER,BIOMASS,122.37324733204312,156
2016-02-07T03:00:00Z,OTHER,GAS COGEN,33.224059160020616,61
2016-02-07T03:00:00Z,OTHER,OIL/GAS,44.202048460642494,53
2016-02-07T03:00:00Z,OTHER,WOOD/REFUSE,68.50825757874382,158
2016-02-07T03:00:00Z,WIND,WIND,1288.687727051609,1463
2016-02-07T04:00:00Z,COAL,COAL,4191.2679143142705,6289
2016-02-07T04:00:00Z,GAS,COGENERATION,3278.8837172060544,4528
2016-02-07T04:00:00Z,GAS,COMBINED CYCLE,437.9027621336116,1716
2016-02-07T04:00:00Z,GAS,SIMPLE CYCLE,35.475999300744796,996
2016-02-07T04:00:00Z,HYDRO,HYDRO,126.53210422318843,894
2016-02-07T04:00:00Z,OTHER,BIOMASS,118.95237819141812,156
2016-02-07T04:00:00Z,OTHER,GAS COGEN,33.22629742092556,61
2016-02-07T04:00:00Z,OTHER,OIL/GAS,44.853849165174694,53
2016-02-07T04:00:00Z,OTHER,WOOD/REFUSE,67.72005715635088,158
2016-02-07T04:00:00Z,WIND,WIND,1292.2294965914884,1463
2016-02-07T05:00:00Z,COAL,COAL,4063.8095877668593,6289
2016-02-07T05:00:00Z,GAS,COGENERATION,3271.8512189126013,4528
2016-02-07T05:00:00Z,GAS,COMBINED CYCLE,394.1288371104664,1716
2016-02-07T05:00:00Z,GAS,SIMPLE CYCLE,35.6538332886166,996
2016-02-07T05:00:00Z,HYDRO,HYDRO,103.74616762659616,894
2016-02-07T05:00:00Z,OTHER,BIOMASS,116.88089333216351,156
2016-02-07T05:00:00Z,OTHER,GAS COGEN,33.26702934688992,61
2016-02-07T05:00:00Z,OTHER,OIL/GAS,44.170670988294816,53
2016-02-07T05:00:00Z,OTHER,WOOD/REFUSE,68.2910577360789,158
2016-02-07T05:00:00Z,WIND,WIND,1353.3490655536123,1463
2016-02-07T06:00:00Z,COAL,COAL,3994.4976272667777,6289
2016-02-07T06:00:00Z,GAS,COGENERATION,3269.8070862899885,4528
2016-02-07T06:00:00Z,GAS,COMBINED CYCLE,380.3452232015795,1716
2016-02-07T06:00:00Z,GAS,SIMPLE CYCLE,35.71888888147142,996
2016-02-07T06:00:00Z,HYDRO,HYDRO,74.71760665107932,894
2016-02-07T06:00:00Z,OTHER,BIOMASS,117.66452143033347,156
2016-02-07T06:00:00Z,OTHER,GAS COGEN,33.292169121636285,61
2016-02-07T06:00:00Z,OTHER,OIL/GAS,44.814270203908286,53
2016-02-07T06:00:00Z,OTHER,WOOD/REFUSE,68.56007447136773,158
2016-02-07T06:00:00Z,WIND,WIND,1329.7818892644511,1463
2016-02-07T07:00:00Z,COAL,COAL,3944.1986266338827,6289
2016-02-07T07:00:00Z,GAS,COGENERATION,3268.404475632972,4528
2016-02-07T07:00:00Z,GAS,COMBINED CYCLE,379.45690450310707,1716
2016-02-07T07:00:00Z,GAS,SIMPLE CYCLE,32.95766652213202,996
2016-02-07T07:00:00Z,HYDRO,HYDRO,77.60741024181246,894
2016-02-07T07:00:00Z,OTHER,BIOMASS,118.22017682022519,156
2016-02-07T07:00:00Z,OTHER,GAS COGEN,33.55949481434292,61
2016-02-07T07:00:00Z,OTHER,OIL/GAS,45.579565323723685,53
2016-02-07T07:00:00Z,OTHER,WOOD/REFUSE,68.34112421035766,158
2016-02-07T07:00:00Z,WIND,WIND,1305.8632700680362,1463
2016-02-07T08:00:00Z,COAL,COAL,4035.9925581144626,6289
2016-02-07T08:00:00Z,GAS,COGENERATION,3276.617693167925,4528
2016-02-07T08:00:00Z,GAS,COMBINED CYCLE,383.5110256361299,1716
2016-02-07T08:00:00Z,GAS,SIMPLE CYCLE,32.79233349482219,996
2016-02-07T08:00:00Z,HYDRO,HYDRO,83.05700678053829,894
2016-02-07T08:00:00Z,OTHER,BIOMASS,119.08394513554043,156
2016-02-07T08:00:00Z,OTHER,GAS COGEN,33.55169918166266,61
2016-02-07T08:00:00Z,OTHER,OIL/GAS,45.61583795335558,53
2016-02-07T08:00:00Z,OTHER,WOOD/REFUSE,68.66949688010746,158
2016-02-07T08:00:00Z,WIND,WIND,1309.8911638873153,1463
2016-02-07T09:00:00Z,COAL,COAL,4015.9088884268867,6289
2016-02-07T09:00:00Z,GAS,COGENERATION,3283.566474988328,4528
2016-02-07T09:00:00Z,GAS,COMBINED CYCLE,383.9288589516613,1716
2016-02-07T09:00:00Z,GAS,SIMPLE CYCLE,32.80000019073486,996
2016-02-07T09:00:00Z,HYDRO,HYDRO,107.93370910959112,894
2016-02-07T09:00:00Z,OTHER,BIOMASS,116.08277438905503,156
2016-02-07T09:00:00Z,OTHER,GAS COGEN,33.80844130622017,61
2016-02-07T09:00:00Z,OTHER,OIL/GAS,45.11279268900553,53
2016-02-07T09:00:00Z,OTHER,WOOD/REFUSE,68.53506917476653,158
2016-02-07T09:00:00Z,WIND,WIND,1276.353684835699,1463
2016-02-07T10:00:00Z,COAL,COAL,4090.8747263363334,6289
2016-02-07T10:00:00Z,GAS,COGENERATION,3289.5795179272363,4528
2016-02-07T10:00:00Z,GAS,COMBINED CYCLE,383.99885899285476,1716
2016-02-07T10:00:00Z,GAS,SIMPLE CYCLE,31.173999727037216,996
2016-02-07T10:00:00Z,HYDRO,HYDRO,66.92686588221126,894
2016-02-07T10:00:00Z,OTHER,BIOMASS,118.30423856364357,156
2016-02-07T10:00:00Z,OTHER,GAS COGEN,33.98516050338745,61
2016-02-07T10:00:00Z,OTHER,OIL/GAS,46.29990973578559,53
2016-02-07T10:00:00Z,OTHER,WOOD/REFUSE,68.5961740869946,158
2016-02-07T10:00:00Z,WIND,WIND,1214.7010475955408,1463
2016-02-07T11:00:00Z,COAL,COAL,4053.0573607635497,6289
2016-02-07T11:00:00Z,GAS,COGENERATION,3294.5331396070455,4528
2016-02-07T11:00:00Z,GAS,COMBINED CYCLE,338.7153929801782,1716
2016-02-07T11:00:00Z,GAS,SIMPLE CYCLE,28.68111091719733,996
2016-02-07T11:00:00Z,HYDRO,HYDRO,88.31057796872324,894
2016-02-07T11:00:00Z,OTHER,BIOMASS,115.62184488932292,156
2016-02-07T11:00:00Z,OTHER,GAS COGEN,33.9649807940589,61
2016-02-07T11:00:00Z,OTHER,OIL/GAS,45.916909544203016,53
2016-02-07T11:00:00Z,OTHER,WOOD/REFUSE,69.31454656600953,158
2016-02-07T11:00:00Z,WIND,WIND,1128.622303686978,1463
2016-02-07T12:00:00Z,COAL,COAL,4070.6971843873794,6289
2016-02-07T12:00:00Z,GAS,COGENERATION,3298.6898423723383,4528
2016-02-07T12:00:00Z,GAS,COMBINED CYCLE,366.009283244941,1716
2016-02-07T12:00:00Z,GAS,SIMPLE CYCLE,26.87577693515354,996
2016-02-07T12:00:00Z,HYDRO,HYDRO,106.56941979997688,894
2016-02-07T12:00:00Z,OTHER,BIOMASS,115.83718082269031,156
2016-02-07T12:00:00Z,OTHER,GAS COGEN,33.97564874119229,61
2016-02-07T12:00:00Z,OTHER,OIL/GAS,45.994003747304284,53
2016-02-07T12:00:00Z,OTHER,WOOD/REFUSE,69.9983187336392,158
2016-02-07T12:00:00Z,WIND,WIND,1085.2528909304986,1463
2016-02-07T13:00:00Z,COAL,COAL,4058.4507858022052,6289
2016-02-07T13:00:00Z,GAS,COGENERATION,3284.4782851623163,4528
2016-02-07T13:00:00Z,GAS,COMBINED CYCLE,396.8351859558291,1716
2016-02-07T13:00:00Z,GAS,SIMPLE CYCLE,29.299999237060547,996
2016-02-07T13:00:00Z,HYDRO,HYDRO,106.8291009399626,894
2016-02-07T13:00:00Z,OTHER,BIOMASS,114.84929286691877,156
2016-02-07T13:00:00Z,OTHER,GAS COGEN,33.981057263480295,61
2016-02-07T13:00:00Z,OTHER,OIL/GAS,46.47508664237128,53
2016-02-07T13:00:00Z,OTHER,WOOD/REFUSE,69.63255749437543,158
2016-02-07T13:00:00Z,WIND,WIND,1079.338828014301,1463
2016-02-07T14:00:00Z,COAL,COAL,3872.41813841078,6289
2016-02-07T14:00:00Z,GAS,COGENERATION,3281.171590724256,4528
2016-02-07T14:00:00Z,GAS,COMBINED CYCLE,505.06626796735657,1716
2016-02-07T14:00:00Z,GAS,SIMPLE CYCLE,29.299999237060547,996
2016-02-07T14:00:00Z,HYDRO,HYDRO,158.99023141821226,894
2016-02-07T14:00:00Z,OTHER,BIOMASS,115.51489631970725,156
2016-02-07T14:00:00Z,OTHER,GAS COGEN,34.061514359580144,61
2016-02-07T14:00:00Z,OTHER,OIL/GAS,46.872532261742485,53
2016-02-07T14:00:00Z,OTHER,WOOD/REFUSE,69.05674066914452,158
2016-02-07T14:00:00Z,WIND,WIND,1008.0613578710042,1463
2016-02-07T15:00:00Z,COAL,COAL,3993.772562627925,6289
2016-02-07T15:00:00Z,GAS,COGENERATION,3291.8219957160286,4528
2016-02-07T15:00:00Z,GAS,COMBINED CYCLE,506.58551226880815,1716
2016-02-07T15:00:00Z,GAS,SIMPLE CYCLE,30.578832641177705,996
2016-02-07T15:00:00Z,HYDRO,HYDRO,142.132791751143,894
2016-02-07T15:00:00Z,OTHER,BIOMASS,111.3684183745914,156
2016-02-07T15:00:00Z,OTHER,GAS COGEN,34.024176556269325,61
2016-02-07T15:00:00Z,OTHER,OIL/GAS,46.24632635116577,53
2016-02-07T15:00:00Z,OTHER,WOOD/REFUSE,68.46301858372158,158
2016-02-07T15:00:00Z,WIND,WIND,919.8016846777333,1463
2016-02-07T16:00:00Z,COAL,COAL,4137.0781994486515,6289
2016-02-07T16:00:00Z,GAS,COGENERATION,3323.479310999844,4528
2016-02-07T16:00:00Z,GAS,COMBINED CYCLE,543.6070154499346,1716
2016-02-07T16:00:00Z,GAS,SIMPLE CYCLE,32.59999942779541,996
2016-02-07T16:00:00Z,HYDRO,HYDRO,184.68460508849887,894
2016-02-07T16:00:00Z,OTHER,BIOMASS,110.30243248939514,156
2016-02-07T16:00:00Z,OTHER,GAS COGEN,33.95002317958408,61
2016-02-07T16:00:00Z,OTHER,OIL/GAS,47.19961531956991,53
2016-02-07T16:00:00Z,OTHER,WOOD/REFUSE,59.46623513592614,158
2016-02-07T16:00:00Z,WIND,WIND,770.2001619181368,1463
2016-02-07T17:00:00Z,COAL,COAL,4426.136140145196,6289
2016-02-07T17:00:00Z,GAS,COGENERATION,3327.4156887218687,4528
2016-02-07T17:00:00Z,GAS,COMBINED CYCLE,550.045363512569,1716
2016-02-07T17:00:00Z,GAS,SIMPLE CYCLE,32.59999942779541,996
2016-02-07T17:00:00Z,HYDRO,HYDRO,159.99404605758687,894
2016-02-07T17:00:00Z,OTHER,BIOMASS,110.33899725543128,156
2016-02-07T17:00:00Z,OTHER,GAS COGEN,33.806453996234474,61
2016-02-07T17:00:00Z,OTHER,OIL/GAS,47.5445314195421,53
2016-02-07T17:00:00Z,OTHER,WOOD/REFUSE,59.118074372609456,158
2016-02-07T17:00:00Z,WIND,WIND,611.20034265346,1463
2016-02-07T18:00:00Z,COAL,COAL,4632.8533900690745,6289
2016-02-07T18:00:00Z,GAS,COGENERATION,3376.449150805076,4528
2016-02-07T18:00:00Z,GAS,COMBINED CYCLE,541.2312307067712,1716
2016-02-07T18:00:00Z,GAS,SIMPLE CYCLE,32.59999942779541,996
2016-02-07T18:00:00Z,HYDRO,HYDRO,157.38891185418598,894
2016-02-07T18:00:00Z,OTHER,BIOMASS,110.77667961491478,156
2016-02-07T18:00:00Z,OTHER,GAS COGEN,33.66782545937431,61
2016-02-07T18:00:00Z,OTHER,OIL/GAS,47.61900881873237,53
2016-02-07T18:00:00Z,OTHER,WOOD/REFUSE,63.321857262187535,158
2016-02-07T18:00:00Z,WIND,WIND,479.25412651429576,1463
2016-02-07T19:00:00Z,COAL,COAL,4696.675852262709,6289
2016-02-07T19:00:00Z,GAS,COGENERATION,3386.202865118583,4528
2016-02-07T19:00:00Z,GAS,COMBINED CYCLE,564.0744709675841,1716
2016-02-07T19:00:00Z,GAS,SIMPLE CYCLE,32.59999942779541,996
2016-02-07T19:00:00Z,HYDRO,HYDRO,146.58170437835986,894
2016-02-07T19:00:00Z,OTHER,BIOMASS,111.00230898751153,156
2016-02-07T19:00:00Z,OTHER,GAS COGEN,33.4418517780304,61
2016-02-07T19:00:00Z,OTHER,OIL/GAS,48.14805552376641,53
2016-02-07T19:00:00Z,OTHER,WOOD/REFUSE,67.52506920602586,158
2016-02-07T19:00:00Z,WIND,WIND,447.6630843565861,1463
2016-02-07T20:00:00Z,COAL,COAL,4529.504997075399,6289
2016-02-07T20:00:00Z,GAS,COGENERATION,3330.032058364219,4528
2016-02-07T20:00:00Z,GAS,COMBINED CYCLE,569.2342460463444,1716
2016-02-07T20:00:00Z,GAS,SIMPLE CYCLE,32.56955486721463,996
2016-02-07T20:00:00Z,HYDRO,HYDRO,162.31964264995523,894
2016-02-07T20:00:00Z,OTHER,BIOMASS,109.80682591491275,156
2016-02-07T20:00:00Z,OTHER,GAS COGEN,33.12331097602844,61
2016-02-07T20:00:00Z,OTHER,OIL/GAS,47.67229300604926,53
2016-02-07T20:00:00Z,OTHER,WOOD/REFUSE,67.95127985318501,158
2016-02-07T20:00:00Z,WIND,WIND,567.0541623396343,1463
2016-02-07T21:00:00Z,COAL,COAL,4435.712066719068,6289
2016-02-07T21:00:00Z,GAS,COGENERATION,3330.2783227268856,4528
2016-02-07T21:00:00Z,GAS,COMBINED CYCLE,571.5903959769673,1716
2016-02-07T21:00:00Z,GAS,SIMPLE CYCLE,32.499999046325684,996
2016-02-07T21:00:00Z,HYDRO,HYDRO,167.969070135355,894
2016-02-07T21:00:00Z,OTHER,BIOMASS,107.77984082221985,156
2016-02-07T21:00:00Z,OTHER,GAS COGEN,33.037407853868274,61
2016-02-07T21:00:00Z,OTHER,OIL/GAS,47.47755385716757,53
2016-02-07T21:00:00Z,OTHER,WOOD/REFUSE,68.43171832826403,158
2016-02-07T21:00:00Z,WIND,WIND,594.1966692824,1463
2016-02-07T22:00:00Z,COAL,COAL,4332.7980342029205,6289
2016-02-07T22:00:00Z,GAS,COGENERATION,3325.3099055692883,4528
2016-02-07T22:00:00Z,GAS,COMBINED CYCLE,588.366473741995,1716
2016-02-07T22:00:00Z,GAS,SIMPLE CYCLE,32.499999046325684,996
2016-02-07T22:00:00Z,HYDRO,HYDRO,192.4553096836143,894
2016-02-07T22:00:00Z,OTHER,BIOMASS,111.6131095292833,156
2016-02-07T22:00:00Z,OTHER,GAS COGEN,33.072060079574584,61
2016-02-07T22:00:00Z,OTHER,OIL/GAS,47.811275259653726,53
2016-02-07T22:00:00Z,OTHER,WOOD/REFUSE,68.49815174844531,158
2016-02-07T22:00:00Z,WIND,WIND,576.4515531676428,1463
2016-02-07T23:00:00Z,COAL,COAL,4441.5970323154,6289
2016-02-07T23:00:00Z,GAS,COGENERATION,3331.3636515342528,4528
2016-02-07T23:00:00Z,GAS,COMBINED CYCLE,591.912081503272,1716
2016-02-07T23:00:00Z,GAS,SIMPLE CYCLE,32.5362769624922,996
2016-02-07T23:00:00Z,HYDRO,HYDRO,188.74540064969827,894
2016-02-07T23:00:00Z,OTHER,BIOMASS,114.65385198434194,156
2016-02-07T23:00:00Z,OTHER,GAS COGEN,33.170757100847034,61
2016-02-07T23:00:00Z,OTHER,OIL/GAS,47.48701530456543,53
2016-02-07T23:00:00Z,OTHER,WOOD/REFUSE,70.19370844999949,158
2016-02-07T23:00:00Z,WIND,WIND,572.6662657715876,1463
2016-02-08T00:00:00Z,COAL,COAL,4590.547891263962,6289
2016-02-08T00:00:00Z,GAS,COGENERATION,3350.1891354325085,4528
2016-02-08T00:00:00Z,GAS,COMBINED CYCLE,594.645547193355,1716
2016-02-08T00:00:00Z,GAS,SIMPLE CYCLE,32.59999942779541,996
2016-02-08T00:00:00Z,HYDRO,HYDRO,298.6502255587942,894
2016-02-08T00:00:00Z,OTHER,BIOMASS,115.01046291722191,156
2016-02-08T00:00:00Z,OTHER,GAS COGEN,33.25803992271423,61
2016-02-08T00:00:00Z,OTHER,OIL/GAS,47.47891535229153,53
2016-02-08T00:00:00Z,OTHER,WOOD/REFUSE,69.51088531043794,158
2016-02-08T00:00:00Z,WIND,WIND,645.6410606517726,1463
2016-02-08T01:00:00Z,COAL,COAL,4767.732425129148,6289
2016-02-08T01:00:00Z,GAS,COGENERATION,3373.1072470139134,4528
2016-02-08T01:00:00Z,GAS,COMBINED CYCLE,544.1662243029144,1716
2016-02-08T01:00:00Z,GAS,SIMPLE CYCLE,32.59644386715359,996
2016-02-08T01:00:00Z,HYDRO,HYDRO,321.0374364170432,894
2016-02-08T01:00:00Z,OTHER,BIOMASS,114.52958830197653,156
2016-02-08T01:00:00Z,OTHER,GAS COGEN,33.589610216352675,61
2016-02-08T01:00:00Z,OTHER,OIL/GAS,47.74034800423516,53
2016-02-08T01:00:00Z,OTHER,WOOD/REFUSE,68.21562476423051,158
2016-02-08T01:00:00Z,WIND,WIND,694.9287612513288,1463
2016-02-08T02:00:00Z,COAL,COAL,4742.049331927829,6289
2016-02-08T02:00:00Z,GAS,COGENERATION,3358.862866781553,4528
2016-02-08T02:00:00Z,GAS,COMBINED CYCLE,514.9380124237803,1716
2016-02-08T02:00:00Z,GAS,SIMPLE CYCLE,32.59999942779541,996
2016-02-08T02:00:00Z,HYDRO,HYDRO,240.8646414230267,894
2016-02-08T02:00:00Z,OTHER,BIOMASS,113.11652146869235,156
2016-02-08T02:00:00Z,OTHER,GAS COGEN,33.395175836351186,61
2016-02-08T02:00:00Z,OTHER,OIL/GAS,47.71573595894708,53
2016-02-08T02:00:00Z,OTHER,WOOD/REFUSE,68.3692410323355,158
2016-02-08T02:00:00Z,WIND,WIND,726.3386358067725,1463
2016-02-08T03:00:00Z,COAL,COAL,4670.153145722284,6289
2016-02-08T03:00:00Z,GAS,COGENERATION,3317.3565070458917,4528
2016-02-08T03:00:00Z,GAS,COMBINED CYCLE,515.0789710687928,1716
2016-02-08T03:00:00Z,GAS,SIMPLE CYCLE,32.59999942779541,996
2016-02-08T03:00:00Z,HYDRO,HYDRO,224.24485365074543,894
2016-02-08T03:00:00Z,OTHER,BIOMASS,116.50677027516895,156
2016-02-08T03:00:00Z,OTHER,GAS COGEN,33.65882616996765,61
2016-02-08T03:00:00Z,OTHER,OIL/GAS,47.85024268468221,53
2016-02-08T03:00:00Z,OTHER,WOOD/REFUSE,68.42600204017427,158
2016-02-08T03:00:00Z,WIND,WIND,778.6823089352581,1463
2016-02-08T04:00:00Z,COAL,COAL,4659.204632527299,6289
2016-02-08T04:00:00Z,GAS,COGENERATION,3306.295352734923,4528
2016-02-08T04:00:00Z,GAS,COMBINED CYCLE,514.8824118198951,1716
2016-02-08T04:00:00Z,GAS,SIMPLE CYCLE,32.59999942779541,996
2016-02-08T04:00:00Z,HYDRO,HYDRO,133.33526998387444,894
2016-02-08T04:00:00Z,OTHER,BIOMASS,120.99404992289013,156
2016-02-08T04:00:00Z,OTHER,GAS COGEN,33.626017198032805,61
2016-02-08T04:00:00Z,OTHER,OIL/GAS,47.67776124742296,53
2016-02-08T04:00:00Z,OTHER,WOOD/REFUSE,67.8553911447525,158
2016-02-08T04:00:00Z,WIND,WIND,806.1293017526467,1463
2016-02-08T05:00:00Z,COAL,COAL,4364.876651540862,6289
2016-02-08T05:00:00Z,GAS,COGENERATION,3292.7772773663864,4528
2016-02-08T05:00:00Z,GAS,COMBINED CYCLE,433.13156234436565,1716
2016-02-08T05:00:00Z,GAS,SIMPLE CYCLE,31.91866605334812,996
2016-02-08T05:00:00Z,HYDRO,HYDRO,111.72194699999359,894
2016-02-08T05:00:00Z,OTHER,BIOMASS,124.41172975725598,156
2016-02-08T05:00:00Z,OTHER,GAS COGEN,33.51491636912028,61
2016-02-08T05:00:00Z,OTHER,OIL/GAS,47.61539358774821,53
2016-02-08T05:00:00Z,OTHER,WOOD/REFUSE,67.90615800009834,158
2016-02-08T05:00:00Z,WIND,WIND,828.4131344217724,1463
2016-02-08T06:00:00Z,COAL,COAL,4079.2765576270554,6289
2016-02-08T06:00:00Z,GAS,COGENERATION,3283.6343184728094,4528
2016-02-08T06:00:00Z,GAS,COMBINED CYCLE,396.8996653644244,1716
2016-02-08T06:00:00Z,GAS,SIMPLE CYCLE,32.43638828754425,996
2016-02-08T06:00:00Z,HYDRO,HYDRO,120.95684665174949,894
2016-02-08T06:00:00Z,OTHER,BIOMASS,127.67267029126485,156
2016-02-08T06:00:00Z,OTHER,GAS COGEN,33.61526244428423,61
2016-02-08T06:00:00Z,OTHER,OIL/GAS,47.49213822682699,53
2016-02-08T06:00:00Z,OTHER,WOOD/REFUSE,67.88590786510044,158
2016-02-08T06:00:00Z,WIND,WIND,908.1568062892225,1463
2016-02-08T07:00:00Z,COAL,COAL,4065.527639766269,6289
2016-02-08T07:00:00Z,GAS,COGENERATION,3293.9051214643982,4528
2016-02-08T07:00:00Z,GAS,COMBINED CYCLE,378.2737376080619,1716
2016-02-08T07:00:00Z,GAS,SIMPLE CYCLE,32.59999942779541,996
2016-02-08T07:00:00Z,HYDRO,HYDRO,99.12307477239105,894
2016-02-08T07:00:00Z,OTHER,BIOMASS,129.08940938737658,156
2016-02-08T07:00:00Z,OTHER,GAS COGEN,31.52170450422499,61
2016-02-08T07:00:00Z,OTHER,OIL/GAS,47.64047171698676,53
2016-02-08T07:00:00Z,OTHER,WOOD/REFUSE,67.29941835456424,158
2016-02-08T07:00:00Z,WIND,WIND,904.281467515164,1463
2016-02-08T08:00:00Z,COAL,COAL,4213.260137909783,6289
2016-02-08T08:00:00Z,GAS,COGENERATION,3301.072574438188,4528
2016-02-08T08:00:00Z,GAS,COMBINED CYCLE,411.96769514713026,1716
2016-02-08T08:00:00Z,GAS,SIMPLE CYCLE,32.59266608979967,996
2016-02-08T08:00:00Z,HYDRO,HYDRO,100.48387885750995,894
2016-02-08T08:00:00Z,OTHER,BIOMASS,129.77106941435073,156
2016-02-08T08:00:00Z,OTHER,GAS COGEN,31.395554530885484,61
2016-02-08T08:00:00Z,OTHER,OIL/GAS,47.91936570697361,53
2016-02-08T08:00:00Z,OTHER,WOOD/REFUSE,66.73655762725406,158
2016-02-08T08:00:00Z,WIND,WIND,881.694668394857,1463
2016-02-08T09:00:00Z,COAL,COAL,4175.11923611535,6289
2016-02-08T09:00:00Z,GAS,COGENERATION,3301.7024028014475,4528
2016-02-08T09:00:00Z,GAS,COMBINED CYCLE,411.6402182296912,1716
2016-02-08T09:00:00Z,GAS,SIMPLE CYCLE,32.59999942779541,996
2016-02-08T09:00:00Z,HYDRO,HYDRO,119.5727693271637,894
2016-02-08T09:00:00Z,OTHER,BIOMASS,117.9596683912807,156
2016-02-08T09:00:00Z,OTHER,GAS COGEN,31.223860467274985,61
2016-02-08T09:00:00Z,OTHER,OIL/GAS,47.55778163486057,53
2016-02-08T09:00:00Z,OTHER,WOOD/REFUSE,66.29640192349751,158
2016-02-08T09:00:00Z,WIND,WIND,868.5489097680648,1463
2016-02-08T10:00:00Z,COAL,COAL,4138.207723286947,6289
2016-02-08T10:00:00Z,GAS,COGENERATION,3322.3199293651846,4528
2016-02-08T10:00:00Z,GAS,COMBINED CYCLE,377.5195790845818,1716
2016-02-08T10:00:00Z,GAS,SIMPLE CYCLE,32.59999942779541,996
2016-02-08T10:00:00Z,HYDRO,HYDRO,98.48753016789753,894
2016-02-08T10:00:00Z,OTHER,BIOMASS,123.09072847949133,156
2016-02-08T10:00:00Z,OTHER,GAS COGEN,30.589152264065213,61
2016-02-08T10:00:00Z,OTHER,OIL/GAS,47.46694273418851,53
2016-02-08T10:00:00Z,OTHER,WOOD/REFUSE,66.29185195922851,158
2016-02-08T10:00:00Z,WIND,WIND,902.0407714890109,1463
2016-02-08T11:00:00Z,COAL,COAL,4221.374134551154,6289
2016-02-08T11:00:00Z,GAS,COGENERATION,3312.910565632979,4528
2016-02-08T11:00:00Z,GAS,COMBINED CYCLE,363.38166025049156,1716
2016-02-08T11:00:00Z,GAS,SIMPLE CYCLE,32.59999942779541,996
2016-02-08T11:00:00Z,HYDRO,HYDRO,103.93647693756553,894
2016-02-08T11:00:00Z,OTHER,BIOMASS,124.66565705352359,156
2016-02-08T11:00:00Z,OTHER,GAS COGEN,30.516636828316578,61
2016-02-08T11:00:00Z,OTHER,OIL/GAS,47.67753261354235,53
2016-02-08T11:00:00Z,OTHER,WOOD/REFUSE,67.5536019733217,158
2016-02-08T11:00:00Z,WIND,WIND,898.1906684798416,1463
2016-02-08T12:00:00Z,COAL,COAL,4322.309805581835,6289
2016-02-08T12:00:00Z,GAS,COGENERATION,3319.2980405516755,4528
2016-02-08T12:00:00Z,GAS,COMBINED CYCLE,414.4110764368375,1716
2016-02-08T12:00:00Z,GAS,SIMPLE CYCLE,32.63449955940247,996
2016-02-08T12:00:00Z,HYDRO,HYDRO,128.50976060451734,894
2016-02-08T12:00:00Z,OTHER,BIOMASS,122.61319947189754,156
2016-02-08T12:00:00Z,OTHER,GAS COGEN,30.251203364266292,61
2016-02-08T12:00:00Z,OTHER,OIL/GAS,47.16718336317274,53
2016-02-08T12:00:00Z,OTHER,WOOD/REFUSE,66.92362951172723,158
2016-02-08T12:00:00Z,WIND,WIND,949.9918444388443,1463
2016-02-08T13:00:00Z,COAL,COAL,4500.133260938856,6289
2016-02-08T13:00:00Z,GAS,COGENERATION,3313.601247308122,4528
2016-02-08T13:00:00Z,GAS,COMBINED CYCLE,421.95260194347964,1716
2016-02-08T13:00:00Z,GAS,SIMPLE CYCLE,32.69999980926514,996
2016-02-08T13:00:00Z,HYDRO,HYDRO,163.58673189499314,894
2016-02-08T13:00:00Z,OTHER,BIOMASS,124.2396412589815,156
2016-02-08T13:00:00Z,OTHER,GAS COGEN,29.947114253044127,61
2016-02-08T13:00:00Z,OTHER,OIL/GAS,47.27216014226278,53
2016-02-08T13:00:00Z,OTHER,WOOD/REFUSE,65.71887431038749,158
2016-02-08T13:00:00Z,WIND,WIND,943.4359776636958,1463
2016-02-08T14:00:00Z,COAL,COAL,4414.822613063388,6289
2016-02-08T14:00:00Z,GAS,COGENERATION,3293.9684580243957,4528
2016-02-08T14:00:00Z,GAS,COMBINED CYCLE,538.8745549362236,1716
2016-02-08T14:00:00Z,GAS,SIMPLE CYCLE,32.69999980926514,996
2016-02-08T14:00:00Z,HYDRO,HYDRO,210.45332463595602,894
2016-02-08T14:00:00Z,OTHER,BIOMASS,130.06717179192435,156
2016-02-08T14:00:00Z,OTHER,GAS COGEN,29.826444835133017,61
2016-02-08T14:00:00Z,OTHER,OIL/GAS,47.99865466647678,53
2016-02-08T14:00:00Z,OTHER,WOOD/REFUSE,66.09264100604588,158
2016-02-08T14:00:00Z,WIND,WIND,985.8360105644001,1463
2016-02-08T15:00:00Z,COAL,COAL,4394.356226365831,6289
2016-02-08T15:00:00Z,GAS,COGENERATION,3291.397950902449,4528
2016-02-08T15:00:00Z,GAS,COMBINED CYCLE,618.5944839616617,1716
2016-02-08T15:00:00Z,GAS,SIMPLE CYCLE,32.69999980926514,996
2016-02-08T15:00:00Z,HYDRO,HYDRO,175.63745216286844,894
2016-02-08T15:00:00Z,OTHER,BIOMASS,124.93708328406015,156
2016-02-08T15:00:00Z,OTHER,GAS COGEN,29.61803899659051,61
2016-02-08T15:00:00Z,OTHER,OIL/GAS,47.7709606467353,53
2016-02-08T15:00:00Z,OTHER,WOOD/REFUSE,64.805518228213,158
2016-02-08T15:00:00Z,WIND,WIND,958.1261872616079,1463
2016-02-08T16:00:00Z,COAL,COAL,4317.951714507209,6289
2016-02-08T16:00:00Z,GAS,COGENERATION,3273.773685932888,4528
2016-02-08T16:00:00Z,GAS,COMBINED CYCLE,690.6329949256447,1716
2016-02-08T16:00:00Z,GAS,SIMPLE CYCLE,23.625055197079973,996
2016-02-08T16:00:00Z,HYDRO,HYDRO,159.12313534551197,894
2016-02-08T16:00:00Z,OTHER,BIOMASS,124.80835231145223,156
2016-02-08T16:00:00Z,OTHER,GAS COGEN,29.614268921746145,61
2016-02-08T16:00:00Z,OTHER,OIL/GAS,47.53314883126153,53
2016-02-08T16:00:00Z,OTHER,WOOD/REFUSE,65.75964066611395,158
2016-02-08T16:00:00Z,WIND,WIND,982.3325934809446,1463
2016-02-08T17:00:00Z,COAL,COAL,4342.26281478458,6289
2016-02-08T17:00:00Z,GAS,COGENERATION,3255.5315674940084,4528
2016-02-08T17:00:00Z,GAS,COMBINED CYCLE,716.2114678194125,1716
2016-02-08T17:00:00Z,GAS,SIMPLE CYCLE,19.11938840760125,996
2016-02-08T17:00:00Z,HYDRO,HYDRO,169.49547006631892,894
2016-02-08T17:00:00Z,OTHER,BIOMASS,127.34550659285651,156
2016-02-08T17:00:00Z,OTHER,GAS COGEN,29.584655226601495,61
2016-02-08T17:00:00Z,OTHER,OIL/GAS,47.89700425465902,53
2016-02-08T17:00:00Z,OTHER,WOOD/REFUSE,65.94926839616564,158
2016-02-08T17:00:00Z,WIND,WIND,935.7602572817934,1463
2016-02-08T18:00:00Z,COAL,COAL,4406.559123636882,6289
2016-02-08T18:00:00Z,GAS,COGENERATION,3227.3564221170213,4528
2016-02-08T18:00:00Z,GAS,COMBINED CYCLE,786.1253910175959,1716
2016-02-08T18:00:00Z,GAS,SIMPLE CYCLE,18.430555429591074,996
2016-02-08T18:00:00Z,HYDRO,HYDRO,190.57749559869367,894
2016-02-08T18:00:00Z,OTHER,BIOMASS,128.9904057513343,156
2016-02-08T18:00:00Z,OTHER,GAS COGEN,29.67855953322517,61
2016-02-08T18:00:00Z,OTHER,OIL/GAS,48.13510466893514,53
2016-02-08T18:00:00Z,OTHER,WOOD/REFUSE,64.71874668121337,158
2016-02-08T18:00:00Z,WIND,WIND,848.2283966973092,1463
2016-02-08T19:00:00Z,COAL,COAL,4420.8585550096295,6289
2016-02-08T19:00:00Z,GAS,COGENERATION,3217.3808722451,4528
2016-02-08T19:00:00Z,GAS,COMBINED CYCLE,793.7749044111703,1716
2016-02-08T19:00:00Z,GAS,SIMPLE CYCLE,16.673888727161618,996
2016-02-08T19:00:00Z,HYDRO,HYDRO,206.2625436402195,894
2016-02-08T19:00:00Z,OTHER,BIOMASS,128.28395634068383,156
2016-02-08T19:00:00Z,OTHER,GAS COGEN,29.792655645476444,61
2016-02-08T19:00:00Z,OTHER,OIL/GAS,47.8021379576789,53
2016-02-08T19:00:00Z,OTHER,WOOD/REFUSE,59.85539084990819,158
2016-02-08T19:00:00Z,WIND,WIND,814.1859262613456,1463
2016-02-08T20:00:00Z,COAL,COAL,4502.484307874044,6289
2016-02-08T20:00:00Z,GAS,COGENERATION,3195.1355478281444,4528
2016-02-08T20:00:00Z,GAS,COMBINED CYCLE,855.9443971430593,1716
2016-02-08T20:00:00Z,GAS,SIMPLE CYCLE,13.431444229880968,996
2016-02-08T20:00:00Z,HYDRO,HYDRO,222.4004674531685,894
2016-02-08T20:00:00Z,OTHER,BIOMASS,127.86692587481605,156
2016-02-08T20:00:00Z,OTHER,GAS COGEN,29.526010215017532,61
2016-02-08T20:00:00Z,OTHER,OIL/GAS,47.82962075763279,53
2016-02-08T20:00:00Z,OTHER,WOOD/REFUSE,58.856057734754344,158
2016-02-08T20:00:00Z,WIND,WIND,764.0272613267103,1463
2016-02-08T21:00:00Z,COAL,COAL,4541.7684149127535,6289
2016-02-08T21:00:00Z,GAS,COGENERATION,3178.2794022156136,4528
2016-02-08T21:00:00Z,GAS,COMBINED CYCLE,845.9602458142572,1716
2016-02-08T21:00:00Z,GAS,SIMPLE CYCLE,12.699999809265137,996
2016-02-08T21:00:00Z,HYDRO,HYDRO,193.11806385772095,894
2016-02-08T21:00:00Z,OTHER,BIOMASS,127.94172777387831,156
2016-02-08T21:00:00Z,OTHER,GAS COGEN,29.65386694378323,61
2016-02-08T21:00:00Z,OTHER,OIL/GAS,47.6502034356859,53
2016-02-08T21:00:00Z,OTHER,WOOD/REFUSE,65.10389095067978,158
2016-02-08T21:00:00Z,WIND,WIND,742.3988878107733,1463
2016-02-08T22:00:00Z,COAL,COAL,4521.570130064222,6289
2016-02-08T22:00:00Z,GAS,COGENERATION,3186.4116746613713,4528
2016-02-08T22:00:00Z,GAS,COMBINED CYCLE,847.8758117315504,1716
2016-02-08T22:00:00Z,GAS,SIMPLE CYCLE,12.699999809265137,996
2016-02-08T22:00:00Z,HYDRO,HYDRO,189.42849981365933,894
2016-02-08T22:00:00Z,OTHER,BIOMASS,124.39466612286037,156
2016-02-08T22:00:00Z,OTHER,GAS COGEN,29.78022198624081,61
2016-02-08T22:00:00Z,OTHER,OIL/GAS,47.3541420173645,53
2016-02-08T22:00:00Z,OTHER,WOOD/REFUSE,63.256246234575904,158
2016-02-08T22:00:00Z,WIND,WIND,778.2509019218717,1463
2016-02-08T23:00:00Z,COAL,COAL,4574.683677825928,6289
2016-02-08T23:00:00Z,GAS,COGENERATION,3191.8651784495514,4528
2016-02-08T23:00:00Z,GAS,COMBINED CYCLE,830.5310955180062,1716
2016-02-08T23:00:00Z,GAS,SIMPLE CYCLE,12.699999809265137,996
2016-02-08T23:00:00Z,HYDRO,HYDRO,204.93578207275104,894
2016-02-08T23:00:00Z,OTHER,BIOMASS,126.20494555367364,156
2016-02-08T23:00:00Z,OTHER,GAS COGEN,30.028531160354614,61
2016-02-08T23:00:00Z,OTHER,OIL/GAS,47.92942054112752,53
2016-02-08T23:00:00Z,OTHER,WOOD/REFUSE,63.935107594066196,158
2016-02-08T23:00:00Z,WIND,WIND,831.1718611072417,1463
2016-02-09T00:00:00Z,COAL,COAL,4619.078660926819,6289
2016-02-09T00:00:00Z,GAS,COGENERATION,3197.541298909982,4528
2016-02-09T00:00:00Z,GAS,COMBINED CYCLE,865.4088270696004,1716
2016-02-09T00:00:00Z,GAS,SIMPLE CYCLE,70.69194402933121,996
2016-02-09T00:00:00Z,HYDRO,HYDRO,295.92193932924005,894
2016-02-09T00:00:00Z,OTHER,BIOMASS,125.55254376093546,156
2016-02-09T00:00:00Z,OTHER,GAS COGEN,30.148577627076044,61
2016-02-09T00:00:00Z,OTHER,OIL/GAS,48.003726681603325,53
2016-02-09T00:00:00Z,OTHER,WOOD/REFUSE,65.10676872200436,158
2016-02-09T00:00:00Z,WIND,WIND,825.4789336990399,1463
2016-02-09T01:00:00Z,COAL,COAL,4700.57973645952,6289
2016-02-09T01:00:00Z,GAS,COGENERATION,3190.284247910049,4528
2016-02-09T01:00:00Z,GAS,COMBINED CYCLE,861.0323011205594,1716
2016-02-09T01:00:00Z,GAS,SIMPLE CYCLE,87.02522190146976,996
2016-02-09T01:00:00Z,HYDRO,HYDRO,313.0910321656532,894
2016-02-09T01:00:00Z,OTHER,BIOMASS,125.90514951811896,156
2016-02-09T01:00:00Z,OTHER,GAS COGEN,29.87519902918074,61
2016-02-09T01:00:00Z,OTHER,OIL/GAS,47.51094216240777,53
2016-02-09T01:00:00Z,OTHER,WOOD/REFUSE,65.14400757763121,158
2016-02-09T01:00:00Z,WIND,WIND,817.9353535180621,1463
2016-02-09T02:00:00Z,COAL,COAL,4741.990658785502,6289
2016-02-09T02:00:00Z,GAS,COGENERATION,3185.0340626012617,4528
2016-02-09T02:00:00Z,GAS,COMBINED CYCLE,853.4873341979583,1716
2016-02-09T02:00:00Z,GAS,SIMPLE CYCLE,90.08949989795684,996
2016-02-09T02:00:00Z,HYDRO,HYDRO,245.63573167201545,894
2016-02-09T02:00:00Z,OTHER,BIOMASS,126.97887008349102,156
2016-02-09T02:00:00Z,OTHER,GAS COGEN,30.065186028480532,61
2016-02-09T02:00:00Z,OTHER,OIL/GAS,47.87058193418715,53
2016-02-09T02:00:00Z,OTHER,WOOD/REFUSE,66.11729656828774,158
2016-02-09T02:00:00Z,WIND,WIND,775.4109516540004,1463
2016-02-09T03:00:00Z,COAL,COAL,4625.259954821268,6289
2016-02-09T03:00:00Z,GAS,COGENERATION,3185.7444246313967,4528
2016-02-09T03:00:00Z,GAS,COMBINED CYCLE,864.5966401870384,1716
2016-02-09T03:00:00Z,GAS,SIMPLE CYCLE,35.897389032708276,996
2016-02-09T03:00:00Z,HYDRO,HYDRO,231.44731094784208,894
2016-02-09T03:00:00Z,OTHER,BIOMASS,128.33611831241183,156
2016-02-09T03:00:00Z,OTHER,GAS COGEN,30.197158567640514,61
2016-02-09T03:00:00Z,OTHER,OIL/GAS,47.890553039974634,53
2016-02-09T03:00:00Z,OTHER,WOOD/REFUSE,66.32692426337137,158
2016-02-09T03:00:00Z,WIND,WIND,762.7806946965306,1463
2016-02-09T04:00:00Z,COAL,COAL,4739.6997136730615,6289
2016-02-09T04:00:00Z,GAS,COGENERATION,3191.3945784473417,4528
2016-02-09T04:00:00Z,GAS,COMBINED CYCLE,559.7745006946723,1716
2016-02-09T04:00:00Z,GAS,SIMPLE CYCLE,30.800000190734863,996
2016-02-09T04:00:00Z,HYDRO,HYDRO,149.5035309067534,894
2016-02-09T04:00:00Z,OTHER,BIOMASS,128.06036637041302,156
2016-02-09T04:00:00Z,OTHER,GAS COGEN,30.32073774602678,61
2016-02-09T04:00:00Z,OTHER,OIL/GAS,47.422487049102784,53
2016-02-09T04:00:00Z,OTHER,WOOD/REFUSE,66.70429670174917,158
2016-02-09T04:00:00Z,WIND,WIND,725.7601368269655,1463
2016-02-09T05:00:00Z,COAL,COAL,4446.302731793721,6289
2016-02-09T05:00:00Z,GAS,COGENERATION,3170.7045446479983,4528
2016-02-09T05:00:00Z,GAS,COMBINED CYCLE,391.25166467110313,1716
2016-02-09T05:00:00Z,GAS,SIMPLE CYCLE,30.800000190734863,996
2016-02-09T05:00:00Z,HYDRO,HYDRO,143.94939087806478,894
2016-02-09T05:00:00Z,OTHER,BIOMASS,126.20070643054115,156
2016-02-09T05:00:00Z,OTHER,GAS COGEN,30.49260802904765,61
2016-02-09T05:00:00Z,OTHER,OIL/GAS,47.68096613354153,53
2016-02-09T05:00:00Z,OTHER,WOOD/REFUSE,66.1803797864914,158
2016-02-09T05:00:00Z,WIND,WIND,801.4903632763359,1463
2016-02-09T06:00:00Z,COAL,COAL,4176.635609465705,6289
2016-02-09T06:00:00Z,GAS,COGENERATION,3144.643747605019,4528
2016-02-09T06:00:00Z,GAS,COMBINED CYCLE,324.8297654659218,1716
2016-02-09T06:00:00Z,GAS,SIMPLE CYCLE,30.800000190734863,996
2016-02-09T06:00:00Z,HYDRO,HYDRO,110.29869845057527,894
2016-02-09T06:00:00Z,OTHER,BIOMASS,127.41613839520349,156
2016-02-09T06:00:00Z,OTHER,GAS COGEN,30.448407014211018,61
2016-02-09T06:00:00Z,OTHER,OIL/GAS,47.87872630649143,53
2016-02-09T06:00:00Z,OTHER,WOOD/REFUSE,66.83790204789904,158
2016-02-09T06:00:00Z,WIND,WIND,918.6925572523475,1463
2016-02-09T07:00:00Z,COAL,COAL,4103.730589629279,6289
2016-02-09T07:00:00Z,GAS,COGENERATION,3118.136181742218,4528
2016-02-09T07:00:00Z,GAS,COMBINED CYCLE,319.7654536302884,1716
2016-02-09T07:00:00Z,GAS,SIMPLE CYCLE,30.800000190734863,996
2016-02-09T07:00:00Z,HYDRO,HYDRO,79.04102704402473,894
2016-02-09T07:00:00Z,OTHER,BIOMASS,128.89651235315534,156
2016-02-09T07:00:00Z,OTHER,GAS COGEN,30.41694800429874,61
2016-02-09T07:00:00Z,OTHER,OIL/GAS,47.67287055121528,53
2016-02-09T07:00:00Z,OTHER,WOOD/REFUSE,65.88289064566294,158
2016-02-09T07:00:00Z,WIND,WIND,959.3275073490871,1463
2016-02-09T08:00:00Z,COAL,COAL,4089.114952930874,6289
2016-02-09T08:00:00Z,GAS,COGENERATION,3115.333358134826,4528
2016-02-09T08:00:00Z,GAS,COMBINED CYCLE,339.73443429284623,1716
2016-02-09T08:00:00Z,GAS,SIMPLE CYCLE,30.800000190734863,996
2016-02-09T08:00:00Z,HYDRO,HYDRO,62.68334276563591,894
2016-02-09T08:00:00Z,OTHER,BIOMASS,129.83927497175003,156
2016-02-09T08:00:00Z,OTHER,GAS COGEN,30.591484192742243,61
2016-02-09T08:00:00Z,OTHER,OIL/GAS,47.47945949342516,53
2016-02-09T08:00:00Z,OTHER,WOOD/REFUSE,65.64363533973695,158
2016-02-09T08:00:00Z,WIND,WIND,997.1284334902797,1463
2016-02-09T09:00:00Z,COAL,COAL,4085.3231979115803,6289
2016-02-09T09:00:00Z,GAS,COGENERATION,3113.9347460794447,4528
2016-02-09T09:00:00Z,GAS,COMBINED CYCLE,345.83406419263946,1716
2016-02-09T09:00:00Z,GAS,SIMPLE CYCLE,30.800000190734863,996
2016-02-09T09:00:00Z,HYDRO,HYDRO,72.68792810175154,894
2016-02-09T09:00:00Z,OTHER,BIOMASS,129.65678463564979,156
2016-02-09T09:00:00Z,OTHER,GAS COGEN,30.32324602286021,61
2016-02-09T09:00:00Z,OTHER,OIL/GAS,47.64610475116306,53
2016-02-09T09:00:00Z,OTHER,WOOD/REFUSE,66.03125772661633,158
2016-02-09T09:00:00Z,WIND,WIND,1010.7810204556254,1463
2016-02-09T10:00:00Z,COAL,COAL,4056.3486312590703,6289
2016-02-09T10:00:00Z,GAS,COGENERATION,3117.9757852660287,4528
2016-02-09T10:00:00Z,GAS,COMBINED CYCLE,314.8817297597726,1716
2016-02-09T10:00:00Z,GAS,SIMPLE CYCLE,30.812111348046198,996
2016-02-09T10:00:00Z,HYDRO,HYDRO,67.00235786040624,894
2016-02-09T10:00:00Z,OTHER,BIOMASS,125.17434233347575,156
2016-02-09T10:00:00Z,OTHER,GAS COGEN,29.9313798655404,61
2016-02-09T10:00:00Z,OTHER,OIL/GAS,47.42044868469238,53
2016-02-09T10:00:00Z,OTHER,WOOD/REFUSE,66.09069673246807,158
2016-02-09T10:00:00Z,WIND,WIND,1018.9128230208324,1463
2016-02-09T11:00:00Z,COAL,COAL,4105.1647679689195,6289
2016-02-09T11:00:00Z,GAS,COGENERATION,3137.3749589025974,4528
2016-02-09T11:00:00Z,GAS,COMBINED CYCLE,328.24041822287774,1716
2016-02-09T11:00:00Z,GAS,SIMPLE CYCLE,30.891667238871257,996
2016-02-09T11:00:00Z,HYDRO,HYDRO,99.24751779927148,894
2016-02-09T11:00:00Z,OTHER,BIOMASS,125.55101088894737,156
2016-02-09T11:00:00Z,OTHER,GAS COGEN,25.350025520854526,61
2016-02-09T11:00:00Z,OTHER,OIL/GAS,47.42854345109728,53
2016-02-09T11:00:00Z,OTHER,WOOD/REFUSE,65.65817438761394,158
2016-02-09T11:00:00Z,WIND,WIND,962.3321302951375,1463
2016-02-09T12:00:00Z,COAL,COAL,4255.321102396647,6289
2016-02-09T12:00:00Z,GAS,COGENERATION,3144.5138489168885,4528
2016-02-09T12:00:00Z,GAS,COMBINED CYCLE,366.7470529203945,1716
2016-02-09T12:00:00Z,GAS,SIMPLE CYCLE,30.90000057220459,996
2016-02-09T12:00:00Z,HYDRO,HYDRO,125.0731721148226,894
2016-02-09T12:00:00Z,OTHER,BIOMASS,125.83819624635908,156
2016-02-09T12:00:00Z,OTHER,GAS COGEN,18.090812804963853,61
2016-02-09T12:00:00Z,OTHER,OIL/GAS,47.55724817064073,53
2016-02-09T12:00:00Z,OTHER,WOOD/REFUSE,66.6725690041648,158
2016-02-09T12:00:00Z,WIND,WIND,858.260153816541,1463
2016-02-09T13:00:00Z,COAL,COAL,4488.5997550921975,6289
2016-02-09T13:00:00Z,GAS,COGENERATION,3173.0898517181477,4528
2016-02-09T13:00:00Z,GAS,COMBINED CYCLE,425.1515661405855,1716
2016-02-09T13:00:00Z,GAS,SIMPLE CYCLE,30.90000057220459,996
2016-02-09T13:00:00Z,HYDRO,HYDRO,114.11034307027857,894
2016-02-09T13:00:00Z,OTHER,BIOMASS,122.58482645405664,156
2016-02-09T13:00:00Z,OTHER,GAS COGEN,17.99155634350247,61
2016-02-09T13:00:00Z,OTHER,OIL/GAS,47.45811001459757,53
2016-02-09T13:00:00Z,OTHER,WOOD/REFUSE,66.71893542899026,158
2016-02-09T13:00:00Z,WIND,WIND,809.661928077009,1463
2016-02-09T14:00:00Z,COAL,COAL,4802.022045673794,6289
2016-02-09T14:00:00Z,GAS,COGENERATION,3214.511512212687,4528
2016-02-09T14:00:00Z,GAS,COMBINED CYCLE,512.2036957616276,1716
2016-02-09T14:00:00Z,GAS,SIMPLE CYCLE,30.90000057220459,996
2016-02-09T14:00:00Z,HYDRO,HYDRO,172.6372409558296,894
2016-02-09T14:00:00Z,OTHER,BIOMASS,117.88219466474321,156
2016-02-09T14:00:00Z,OTHER,GAS COGEN,18.121548455556233,61
2016-02-09T14:00:00Z,OTHER,OIL/GAS,47.47859399583604,53
2016-02-09T14:00:00Z,OTHER,WOOD/REFUSE,66.38207419024573,158
2016-02-09T14:00:00Z,WIND,WIND,756.6924002546072,1463
2016-02-09T15:00:00Z,COAL,COAL,4913.719439773559,6289
2016-02-09T15:00:00Z,GAS,COGENERATION,3213.7623505638044,4528
2016-02-09T15:00:00Z,GAS,COMBINED CYCLE,505.46992380890583,1716
2016-02-09T15:00:00Z,GAS,SIMPLE CYCLE,30.90000057220459,996
2016-02-09T15:00:00Z,HYDRO,HYDRO,109.11439663231373,894
2016-02-09T15:00:00Z,OTHER,BIOMASS,117.95245511425865,156
2016-02-09T15:00:00Z,OTHER,GAS COGEN,17.864846722284952,61
2016-02-09T15:00:00Z,OTHER,OIL/GAS,47.479927209218346,53
2016-02-09T15:00:00Z,OTHER,WOOD/REFUSE,65.7300966416465,158
2016-02-09T15:00:00Z,WIND,WIND,711.3327955740525,1463
2016-02-09T16:00:00Z,COAL,COAL,4916.715137566461,6289
2016-02-09T16:00:00Z,GAS,COGENERATION,3176.4591199602683,4528
2016-02-09T16:00:00Z,GAS,COMBINED CYCLE,506.8080367023415,1716
2016-02-09T16:00:00Z,GAS,SIMPLE CYCLE,30.90000057220459,996
2016-02-09T16:00:00Z,HYDRO,HYDRO,109.96789552681976,894
2016-02-09T16:00:00Z,OTHER,BIOMASS,110.87324261082543,156
2016-02-09T16:00:00Z,OTHER,GAS COGEN,18.217721730553443,61
2016-02-09T16:00:00Z,OTHER,OIL/GAS,47.314271009233266,53
2016-02-09T16:00:00Z,OTHER,WOOD/REFUSE,65.22157970587412,158
2016-02-09T16:00:00Z,WIND,WIND,714.3117406628032,1463
2016-02-09T17:00:00Z,COAL,COAL,4931.017435857984,6289
2016-02-09T17:00:00Z,GAS,COGENERATION,3211.829899538623,4528
2016-02-09T17:00:00Z,GAS,COMBINED CYCLE,526.3843935565153,1716
2016-02-09T17:00:00Z,GAS,SIMPLE CYCLE,30.90000057220459,996
2016-02-09T17:00:00Z,HYDRO,HYDRO,153.86213160885706,894
2016-02-09T17:00:00Z,OTHER,BIOMASS,107.0574267106586,156
2016-02-09T17:00:00Z,OTHER,GAS COGEN,22.478824026948878,61
2016-02-09T17:00:00Z,OTHER,OIL/GAS,47.30748212814331,53
2016-02-09T17:00:00Z,OTHER,WOOD/REFUSE,66.42923492352168,158
2016-02-09T17:00:00Z,WIND,WIND,634.9144284099755,1463
2016-02-09T18:00:00Z,COAL,COAL,4933.304264941746,6289
2016-02-09T18:00:00Z,GAS,COGENERATION,3221.415576332278,4528
2016-02-09T18:00:00Z,GAS,COMBINED CYCLE,509.7311114182075,1716
2016-02-09T18:00:00Z,GAS,SIMPLE CYCLE,33.14185052315394,996
2016-02-09T18:00:00Z,HYDRO,HYDRO,137.24284610165492,894
2016-02-09T18:00:00Z,OTHER,BIOMASS,111.15741578155094,156
2016-02-09T18:00:00Z,OTHER,GAS COGEN,29.269823983245427,61
2016-02-09T18:00:00Z,OTHER,OIL/GAS,47.86465417650011,53
2016-02-09T18:00:00Z,OTHER,WOOD/REFUSE,66.8762798330519,158
2016-02-09T18:00:00Z,WIND,WIND,667.4642111625274,1463
2016-02-09T19:00:00Z,COAL,COAL,4929.8833522076075,6289
2016-02-09T19:00:00Z,GAS,COGENERATION,3210.2789573929044,4528
2016-02-09T19:00:00Z,GAS,COMBINED CYCLE,499.7766878183683,1716
2016-02-09T19:00:00Z,GAS,SIMPLE CYCLE,34.15108882188797,996
2016-02-09T19:00:00Z,HYDRO,HYDRO,109.44954279078377,894
2016-02-09T19:00:00Z,OTHER,BIOMASS,115.54053445127275,156
2016-02-09T19:00:00Z,OTHER,GAS COGEN,30.445924356778463,61
2016-02-09T19:00:00Z,OTHER,OIL/GAS,47.46288146972656,53
2016-02-09T19:00:00Z,OTHER,WOOD/REFUSE,66.42851317564646,158
2016-02-09T19:00:00Z,WIND,WIND,694.7941462314957,1463
2016-02-09T20:00:00Z,COAL,COAL,4957.752892939249,6289
2016-02-09T20:00:00Z,GAS,COGENERATION,3150.31653367877,4528
2016-02-09T20:00:00Z,GAS,COMBINED CYCLE,505.48987638374166,1716
2016-02-09T20:00:00Z,GAS,SIMPLE CYCLE,32.63227756594618,996
2016-02-09T20:00:00Z,HYDRO,HYDRO,142.09178147109847,894
2016-02-09T20:00:00Z,OTHER,BIOMASS,118.61200770325131,156
2016-02-09T20:00:00Z,OTHER,GAS COGEN,30.424042507807414,61
2016-02-09T20:00:00Z,OTHER,OIL/GAS,47.167509398990205,53
2016-02-09T20:00:00Z,OTHER,WOOD/REFUSE,65.47432433128357,158
2016-02-09T20:00:00Z,WIND,WIND,729.1621050664618,1463
2016-02-09T21:00:00Z,COAL,COAL,4931.627612253825,6289
2016-02-09T21:00:00Z,GAS,COGENERATION,3134.7938261205622,4528
2016-02-09T21:00:00Z,GAS,COMBINED CYCLE,494.93791098190684,1716
2016-02-09T21:00:00Z,GAS,SIMPLE CYCLE,33.00192689889007,996
2016-02-09T21:00:00Z,HYDRO,HYDRO,124.84777697265149,894
2016-02-09T21:00:00Z,OTHER,BIOMASS,123.27875686645507,156
2016-02-09T21:00:00Z,OTHER,GAS COGEN,30.491220715840658,61
2016-02-09T21:00:00Z,OTHER,OIL/GAS,47.62516531414456,53
2016-02-09T21:00:00Z,OTHER,WOOD/REFUSE,65.28340160873202,158
2016-02-09T21:00:00Z,WIND,WIND,813.3266056084302,1463
2016-02-09T22:00:00Z,COAL,COAL,4716.302789059215,6289
2016-02-09T22:00:00Z,GAS,COGENERATION,3139.343612999386,4528
2016-02-09T22:00:00Z,GAS,COMBINED CYCLE,498.11546962274446,1716
2016-02-09T22:00:00Z,GAS,SIMPLE CYCLE,33.8265546046363,996
2016-02-09T22:00:00Z,HYDRO,HYDRO,191.25965725344088,894
2016-02-09T22:00:00Z,OTHER,BIOMASS,123.17878501123852,156
2016-02-09T22:00:00Z,OTHER,GAS COGEN,30.61606527222527,61
2016-02-09T22:00:00Z,OTHER,OIL/GAS,47.84801536348131,53
2016-02-09T22:00:00Z,OTHER,WOOD/REFUSE,65.19103521850374,158
2016-02-09T22:00:00Z,WIND,WIND,934.9934602259265,1463
2016-02-09T23:00:00Z,COAL,COAL,4587.372211696704,6289
2016-02-09T23:00:00Z,GAS,COGENERATION,3147.3058068658906,4528
2016-02-09T23:00:00Z,GAS,COMBINED CYCLE,500.42021995729874,1716
2016-02-09T23:00:00Z,GAS,SIMPLE CYCLE,35.7611657555898,996
2016-02-09T23:00:00Z,HYDRO,HYDRO,212.53641704908677,894
2016-02-09T23:00:00Z,OTHER,BIOMASS,128.55970574008094,156
2016-02-09T23:00:00Z,OTHER,GAS COGEN,30.630873478783503,61
2016-02-09T23:00:00Z,OTHER,OIL/GAS,47.244204139709474,53
2016-02-09T23:00:00Z,OTHER,WOOD/REFUSE,65.52809034612444,158
2016-02-09T23:00:00Z,WIND,WIND,1028.721021226512,1463
2016-02-10T00:00:00Z,COAL,COAL,4608.209059304131,6289
2016-02-10T00:00:00Z,GAS,COGENERATION,3155.5868956077097,4528
2016-02-10T00:00:00Z,GAS,COMBINED CYCLE,511.6822361220916,1716
2016-02-10T00:00:00Z,GAS,SIMPLE CYCLE,35.73983234087626,996
2016-02-10T00:00:00Z,HYDRO,HYDRO,323.5080605771641,894
2016-02-10T00:00:00Z,OTHER,BIOMASS,128.1881932931476,156
2016-02-10T00:00:00Z,OTHER,GAS COGEN,28.156436591678194,61
2016-02-10T00:00:00Z,OTHER,OIL/GAS,47.674175872802735,53
2016-02-10T00:00:00Z,OTHER,WOOD/REFUSE,65.54809683773253,158
2016-02-10T00:00:00Z,WIND,WIND,1083.62437254962,1463
2016-02-10T01:00:00Z,COAL,COAL,4759.75979727745,6289
2016-02-10T01:00:00Z,GAS,COGENERATION,3153.741824488772,4528
2016-02-10T01:00:00Z,GAS,COMBINED CYCLE,507.35554385821024,1716
2016-02-10T01:00:00Z,GAS,SIMPLE CYCLE,35.758832413355506,996
2016-02-10T01:00:00Z,HYDRO,HYDRO,334.3237962303559,894
2016-02-10T01:00:00Z,OTHER,BIOMASS,127.4098955906762,156
2016-02-10T01:00:00Z,OTHER,GAS COGEN,28.71657738526662,61
2016-02-10T01:00:00Z,OTHER,OIL/GAS,47.68722626156277,53
2016-02-10T01:00:00Z,OTHER,WOOD/REFUSE,66.08489118920433,158
2016-02-10T01:00:00Z,WIND,WIND,1103.813801179462,1463
2016-02-10T02:00:00Z,COAL,COAL,4734.415634514094,6289
2016-02-10T02:00:00Z,GAS,COGENERATION,3165.4011857740084,4528
2016-02-10T02:00:00Z,GAS,COMBINED CYCLE,499.57111366126276,1716
2016-02-10T02:00:00Z,GAS,SIMPLE CYCLE,35.72016559918721,996
2016-02-10T02:00:00Z,HYDRO,HYDRO,231.56045542587836,894
2016-02-10T02:00:00Z,OTHER,BIOMASS,128.1662168153127,156
2016-02-10T02:00:00Z,OTHER,GAS COGEN,30.3966007815467,61
2016-02-10T02:00:00Z,OTHER,OIL/GAS,47.5493763923645,53
2016-02-10T02:00:00Z,OTHER,WOOD/REFUSE,66.5163636080424,158
2016-02-10T02:00:00Z,WIND,WIND,1160.6415976693895,1463
2016-02-10T03:00:00Z,COAL,COAL,4631.287998635901,6289
2016-02-10T03:00:00Z,GAS,COGENERATION,3194.860536909898,4528
2016-02-10T03:00:00Z,GAS,COMBINED CYCLE,500.07066057317786,1716
2016-02-10T03:00:00Z,GAS,SIMPLE CYCLE,35.69999885559082,996
2016-02-10T03:00:00Z,HYDRO,HYDRO,183.1236242068145,894
2016-02-10T03:00:00Z,OTHER,BIOMASS,128.87985680315228,156
2016-02-10T03:00:00Z,OTHER,GAS COGEN,31.172953625784984,61
2016-02-10T03:00:00Z,OTHER,OIL/GAS,47.77653180440267,53
2016-02-10T03:00:00Z,OTHER,WOOD/REFUSE,66.56909649531046,158
2016-02-10T03:00:00Z,WIND,WIND,1176.8801315335434,1463
2016-02-10T04:00:00Z,COAL,COAL,4475.897397707304,6289
2016-02-10T04:00:00Z,GAS,COGENERATION,3207.6592309171624,4528
2016-02-10T04:00:00Z,GAS,COMBINED CYCLE,440.28409908791383,1716
2016-02-10T04:00:00Z,GAS,SIMPLE CYCLE,35.69999885559082,996
2016-02-10T04:00:00Z,HYDRO,HYDRO,140.84324119389055,894
2016-02-10T04:00:00Z,OTHER,BIOMASS,128.2573149140676,156
2016-02-10T04:00:00Z,OTHER,GAS COGEN,30.79659209569295,61
2016-02-10T04:00:00Z,OTHER,OIL/GAS,47.86029467264811,53
2016-02-10T04:00:00Z,OTHER,WOOD/REFUSE,67.10206845654382,158
2016-02-10T04:00:00Z,WIND,WIND,1096.387331300179,1463
2016-02-10T05:00:00Z,COAL,COAL,4226.377576043871,6289
2016-02-10T05:00:00Z,GAS,COGENERATION,3203.713291980558,4528
2016-02-10T05:00:00Z,GAS,COMBINED CYCLE,383.4969451047314,1716
2016-02-10T05:00:00Z,GAS,SIMPLE CYCLE,35.69999885559082,996
2016-02-10T05:00:00Z,HYDRO,HYDRO,166.4003365864191,894
2016-02-10T05:00:00Z,OTHER,BIOMASS,127.24732494036357,156
2016-02-10T05:00:00Z,OTHER,GAS COGEN,30.77589029735989,61
2016-02-10T05:00:00Z,OTHER,OIL/GAS,47.60833764394124,53
2016-02-10T05:00:00Z,OTHER,WOOD/REFUSE,67.22876320759455,158
2016-02-10T05:00:00Z,WIND,WIND,1090.4923825717635,1463
2016-02-10T06:00:00Z,COAL,COAL,4170.279815105067,6289
2016-02-10T06:00:00Z,GAS,COGENERATION,3173.1291439521315,4528
2016-02-10T06:00:00Z,GAS,COMBINED CYCLE,367.338899862104,1716
2016-02-10T06:00:00Z,GAS,SIMPLE CYCLE,35.704998874664305,996
2016-02-10T06:00:00Z,HYDRO,HYDRO,102.32100246654616,894
2016-02-10T06:00:00Z,OTHER,BIOMASS,127.83870666556888,156
2016-02-10T06:00:00Z,OTHER,GAS COGEN,31.36693344010247,61
2016-02-10T06:00:00Z,OTHER,OIL/GAS,47.63866452111138,53
2016-02-10T06:00:00Z,OTHER,WOOD/REFUSE,67.36485729111565,158
2016-02-10T06:00:00Z,WIND,WIND,1029.1419161642923,1463
2016-02-10T07:00:00Z,COAL,COAL,4155.447996221384,6289
2016-02-10T07:00:00Z,GAS,COGENERATION,3182.605557820333,4528
2016-02-10T07:00:00Z,GAS,COMBINED CYCLE,338.9652797696326,1716
2016-02-10T07:00:00Z,GAS,SIMPLE CYCLE,35.69999885559082,996
2016-02-10T07:00:00Z,HYDRO,HYDRO,80.25259957661231,894
2016-02-10T07:00:00Z,OTHER,BIOMASS,124.41768160184225,156
2016-02-10T07:00:00Z,OTHER,GAS COGEN,31.246278031667075,61
2016-02-10T07:00:00Z,OTHER,OIL/GAS,48.032953349219426,53
2016-02-10T07:00:00Z,OTHER,WOOD/REFUSE,67.21706867482928,158
2016-02-10T07:00:00Z,WIND,WIND,1037.4095471801775,1463
2016-02-10T08:00:00Z,COAL,COAL,4160.174437928729,6289
2016-02-10T08:00:00Z,GAS,COGENERATION,3205.1363742372064,4528
2016-02-10T08:00:00Z,GAS,COMBINED CYCLE,362.83776079972586,1716
2016-02-10T08:00:00Z,GAS,SIMPLE CYCLE,35.739999008178714,996
2016-02-10T08:00:00Z,HYDRO,HYDRO,104.8429251969854,894
2016-02-10T08:00:00Z,OTHER,BIOMASS,123.10181110858917,156
2016-02-10T08:00:00Z,OTHER,GAS COGEN,31.71186169359419,61
2016-02-10T08:00:00Z,OTHER,OIL/GAS,47.89923257615831,53
2016-02-10T08:00:00Z,OTHER,WOOD/REFUSE,66.22077999697791,158
2016-02-10T08:00:00Z,WIND,WIND,905.0007112730957,1463
2016-02-10T09:00:00Z,COAL,COAL,4186.177072322368,6289
2016-02-10T09:00:00Z,GAS,COGENERATION,3201.042251490222,4528
2016-02-10T09:00:00Z,GAS,COMBINED CYCLE,379.34249884433217,1716
2016-02-10T09:00:00Z,GAS,SIMPLE CYCLE,35.70366553624471,996
2016-02-10T09:00:00Z,HYDRO,HYDRO,83.93668953816096,894
2016-02-10T09:00:00Z,OTHER,BIOMASS,114.60420107682546,156
2016-02-10T09:00:00Z,OTHER,GAS COGEN,31.711817561255558,61
2016-02-10T09:00:00Z,OTHER,OIL/GAS,47.276665941874185,53
2016-02-10T09:00:00Z,OTHER,WOOD/REFUSE,65.73302432616552,158
2016-02-10T09:00:00Z,WIND,WIND,800.1496588843978,1463
2016-02-10T10:00:00Z,COAL,COAL,4190.311652278635,6289
2016-02-10T10:00:00Z,GAS,COGENERATION,3217.244830031196,4528
2016-02-10T10:00:00Z,GAS,COMBINED CYCLE,379.90049182686545,1716
2016-02-10T10:00:00Z,GAS,SIMPLE CYCLE,35.836499376297,996
2016-02-10T10:00:00Z,HYDRO,HYDRO,94.36734614306026,894
2016-02-10T10:00:00Z,OTHER,BIOMASS,111.72094037002987,156
2016-02-10T10:00:00Z,OTHER,GAS COGEN,31.56392132971022,61
2016-02-10T10:00:00Z,OTHER,OIL/GAS,47.75705445395575,53
2016-02-10T10:00:00Z,OTHER,WOOD/REFUSE,65.19998523076376,158
2016-02-10T10:00:00Z,WIND,WIND,744.124972421204,1463
2016-02-10T11:00:00Z,COAL,COAL,4279.873387792375,6289
2016-02-10T11:00:00Z,GAS,COGENERATION,3230.4004136664335,4528
2016-02-10T11:00:00Z,GAS,COMBINED CYCLE,410.0642511163155,1716
2016-02-10T11:00:00Z,GAS,SIMPLE CYCLE,35.712498903274536,996
2016-02-10T11:00:00Z,HYDRO,HYDRO,93.16795902093251,894
2016-02-10T11:00:00Z,OTHER,BIOMASS,114.79680437723796,156
2016-02-10T11:00:00Z,OTHER,GAS COGEN,31.42465692838033,61
2016-02-10T11:00:00Z,OTHER,OIL/GAS,47.80871092054579,53
2016-02-10T11:00:00Z,OTHER,WOOD/REFUSE,65.0774300010999,158
2016-02-10T11:00:00Z,WIND,WIND,661.7420812694645,1463
2016-02-10T12:00:00Z,COAL,COAL,4248.551329572466,6289
2016-02-10T12:00:00Z,GAS,COGENERATION,3238.076121324433,4528
2016-02-10T12:00:00Z,GAS,COMBINED CYCLE,410.92586626847583,1716
2016-02-10T12:00:00Z,GAS,SIMPLE CYCLE,35.69999885559082,996
2016-02-10T12:00:00Z,HYDRO,HYDRO,120.2137944053279,894
2016-02-10T12:00:00Z,OTHER,BIOMASS,117.04015040708913,156
2016-02-10T12:00:00Z,OTHER,GAS COGEN,31.57332095040215,61
2016-02-10T12:00:00Z,OTHER,OIL/GAS,47.75869272443983,53
2016-02-10T12:00:00Z,OTHER,WOOD/REFUSE,61.80602970600128,158
2016-02-10T12:00:00Z,WIND,WIND,558.0669609226618,1463
2016-02-10T13:00:00Z,COAL,COAL,4739.52186884986,6289
2016-02-10T13:00:00Z,GAS,COGENERATION,3374.2972439236773,4528
2016-02-10T13:00:00Z,GAS,COMBINED CYCLE,489.80086415754425,1716
2016-02-10T13:00:00Z,GAS,SIMPLE CYCLE,53.49242961214649,996
2016-02-10T13:00:00Z,HYDRO,HYDRO,160.82320578015512,894
2016-02-10T13:00:00Z,OTHER,BIOMASS,121.41629084640078,156
2016-02-10T13:00:00Z,OTHER,GAS COGEN,31.527777222527398,61
2016-02-10T13:00:00Z,OTHER,OIL/GAS,47.96916445626153,53
2016-02-10T13:00:00Z,OTHER,WOOD/REFUSE,54.36784626616372,158
2016-02-10T13:00:00Z,WIND,WIND,275.2794878632989,1463
2016-02-10T14:00:00Z,COAL,COAL,5256.589283379449,6289
2016-02-10T14:00:00Z,GAS,COGENERATION,3441.6212508388357,4528
2016-02-10T14:00:00Z,GAS,COMBINED CYCLE,543.9314300173521,1716
2016-02-10T14:00:00Z,GAS,SIMPLE CYCLE,80.52770818511645,996
2016-02-10T14:00:00Z,HYDRO,HYDRO,248.4537811496523,894
2016-02-10T14:00:00Z,OTHER,BIOMASS,121.76609989166259,156
2016-02-10T14:00:00Z,OTHER,GAS COGEN,31.469700483746003,61
2016-02-10T14:00:00Z,OTHER,OIL/GAS,48.02527565426297,53
2016-02-10T14:00:00Z,OTHER,WOOD/REFUSE,50.84572902970844,158
2016-02-10T14:00:00Z,WIND,WIND,124.91023740770916,1463
2016-02-10T15:00:00Z,COAL,COAL,5322.134962846968,6289
2016-02-10T15:00:00Z,GAS,COGENERATION,3463.4512414164014,4528
2016-02-10T15:00:00Z,GAS,COMBINED CYCLE,540.7327026024129,1716
2016-02-10T15:00:00Z,GAS,SIMPLE CYCLE,70.52083309014638,996
2016-02-10T15:00:00Z,HYDRO,HYDRO,250.96186336896486,894
2016-02-10T15:00:00Z,OTHER,BIOMASS,130.36243466854094,156
2016-02-10T15:00:00Z,OTHER,GAS COGEN,32.39348316086663,61
2016-02-10T15:00:00Z,OTHER,OIL/GAS,47.498788028293184,53
2016-02-10T15:00:00Z,OTHER,WOOD/REFUSE,53.28852396885554,158
2016-02-10T15:00:00Z,WIND,WIND,110.83048730400702,1463
2016-02-10T16:00:00Z,COAL,COAL,5365.560793503655,6289
2016-02-10T16:00:00Z,GAS,COGENERATION,3426.46111529145,4528
2016-02-10T16:00:00Z,GAS,COMBINED CYCLE,541.940583195289,1716
2016-02-10T16:00:00Z,GAS,SIMPLE CYCLE,34.31083313730028,996
2016-02-10T16:00:00Z,HYDRO,HYDRO,277.8355676418874,894
2016-02-10T16:00:00Z,OTHER,BIOMASS,124.11688657919565,156
2016-02-10T16:00:00Z,OTHER,GAS COGEN,33.03937767028808,61
2016-02-10T16:00:00Z,OTHER,OIL/GAS,47.64933256785075,53
2016-02-10T16:00:00Z,OTHER,WOOD/REFUSE,56.16358472930061,158
2016-02-10T16:00:00Z,WIND,WIND,102.48335922942394,1463
2016-02-10T17:00:00Z,COAL,COAL,5344.426299707625,6289
2016-02-10T17:00:00Z,GAS,COGENERATION,3358.9931733537715,4528
2016-02-10T17:00:00Z,GAS,COMBINED CYCLE,495.0094862976008,1716
2016-02-10T17:00:00Z,GAS,SIMPLE CYCLE,90.90901324007245,996
2016-02-10T17:00:00Z,HYDRO,HYDRO,119.78839638509685,894
2016-02-10T17:00:00Z,OTHER,BIOMASS,126.32854144546721,156
2016-02-10T17:00:00Z,OTHER,GAS COGEN,32.917763490676876,61
2016-02-10T17:00:00Z,OTHER,OIL/GAS,47.59964615503947,53
2016-02-10T17:00:00Z,OTHER,WOOD/REFUSE,55.30080201546351,158
2016-02-10T17:00:00Z,WIND,WIND,123.70434898939398,1463
2016-02-10T18:00:00Z,COAL,COAL,5169.479830364651,6289
2016-02-10T18:00:00Z,GAS,COGENERATION,3382.7360695953503,4528
2016-02-10T18:00:00Z,GAS,COMBINED CYCLE,501.3003370687697,1716
2016-02-10T18:00:00Z,GAS,SIMPLE CYCLE,105.88117887708876,996
2016-02-10T18:00:00Z,HYDRO,HYDRO,132.6454279144274,894
2016-02-10T18:00:00Z,OTHER,BIOMASS,123.36923233244154,156
2016-02-10T18:00:00Z,OTHER,GAS COGEN,42.69777083714803,61
2016-02-10T18:00:00Z,OTHER,OIL/GAS,47.51031591203478,53
2016-02-10T18:00:00Z,OTHER,WOOD/REFUSE,55.91056816524929,158
2016-02-10T18:00:00Z,WIND,WIND,227.41135691308313,1463
2016-02-10T19:00:00Z,COAL,COAL,4953.741741986142,6289
2016-02-10T19:00:00Z,GAS,COGENERATION,3394.1486826931105,4528
2016-02-10T19:00:00Z,GAS,COMBINED CYCLE,553.1822319258584,1716
2016-02-10T19:00:00Z,GAS,SIMPLE CYCLE,118.68763924965428,996
2016-02-10T19:00:00Z,HYDRO,HYDRO,208.23411400647626,894
2016-02-10T19:00:00Z,OTHER,BIOMASS,123.08561254554324,156
2016-02-10T19:00:00Z,OTHER,GAS COGEN,44.88592582384746,61
2016-02-10T19:00:00Z,OTHER,OIL/GAS,47.70681064181858,53
2016-02-10T19:00:00Z,OTHER,WOOD/REFUSE,56.38116831302642,158
2016-02-10T19:00:00Z,WIND,WIND,340.5928334347076,1463
2016-02-10T20:00:00Z,COAL,COAL,4640.583669753604,6289
2016-02-10T20:00:00Z,GAS,COGENERATION,3434.4190836503108,4528
2016-02-10T20:00:00Z,GAS,COMBINED CYCLE,552.5646844141351,1716
2016-02-10T20:00:00Z,GAS,SIMPLE CYCLE,182.05125042696795,996
2016-02-10T20:00:00Z,HYDRO,HYDRO,286.0967638216747,894
2016-02-10T20:00:00Z,OTHER,BIOMASS,125.18510754214392,156
2016-02-10T20:00:00Z,OTHER,GAS COGEN,44.52625154495239,61
2016-02-10T20:00:00Z,OTHER,OIL/GAS,47.53387590408325,53
2016-02-10T20:00:00Z,OTHER,WOOD/REFUSE,55.944673882060584,158
2016-02-10T20:00:00Z,WIND,WIND,488.90310988082655,1463
2016-02-10T21:00:00Z,COAL,COAL,4586.493339541753,6289
2016-02-10T21:00:00Z,GAS,COGENERATION,3492.5539688621625,4528
2016-02-10T21:00:00Z,GAS,COMBINED CYCLE,548.3391861836116,1716
2016-02-10T21:00:00Z,GAS,SIMPLE CYCLE,167.27118863400486,996
2016-02-10T21:00:00Z,HYDRO,HYDRO,296.3121333999104,894
2016-02-10T21:00:00Z,OTHER,BIOMASS,127.71063359684415,156
2016-02-10T21:00:00Z,OTHER,GAS COGEN,44.68030099550883,61
2016-02-10T21:00:00Z,OTHER,OIL/GAS,47.42457674662272,53
2016-02-10T21:00:00Z,OTHER,WOOD/REFUSE,56.1479067296452,158
2016-02-10T21:00:00Z,WIND,WIND,514.1664255766881,1463
2016-02-10T22:00:00Z,COAL,COAL,4563.547145633963,6289
2016-02-10T22:00:00Z,GAS,COGENERATION,3523.6899792636764,4528
2016-02-10T22:00:00Z,GAS,COMBINED CYCLE,543.9640928834015,1716
2016-02-10T22:00:00Z,GAS,SIMPLE CYCLE,201.77506067630318,996
2016-02-10T22:00:00Z,HYDRO,HYDRO,298.9836249341899,894
2016-02-10T22:00:00Z,OTHER,BIOMASS,125.80015399667951,156
2016-02-10T22:00:00Z,OTHER,GAS COGEN,44.46531720691257,61
2016-02-10T22:00:00Z,OTHER,OIL/GAS,47.63304794947306,53
2016-02-10T22:00:00Z,OTHER,WOOD/REFUSE,56.96486877785789,158
2016-02-10T22:00:00Z,WIND,WIND,456.4963381580181,1463
2016-02-10T23:00:00Z,COAL,COAL,4563.594257507324,6289
2016-02-10T23:00:00Z,GAS,COGENERATION,3517.160943039788,4528
2016-02-10T23:00:00Z,GAS,COMBINED CYCLE,530.3388649630547,1716
2016-02-10T23:00:00Z,GAS,SIMPLE CYCLE,325.68396886668273,996
2016-02-10T23:00:00Z,HYDRO,HYDRO,254.1854429772331,894
2016-02-10T23:00:00Z,OTHER,BIOMASS,125.63267719427745,156
2016-02-10T23:00:00Z,OTHER,GAS COGEN,44.41505055003696,61
2016-02-10T23:00:00Z,OTHER,OIL/GAS,47.73629298316108,53
2016-02-10T23:00:00Z,OTHER,WOOD/REFUSE,57.272151755226986,158
2016-02-10T23:00:00Z,WIND,WIND,485.74806648737854,1463
2016-02-11T00:00:00Z,COAL,COAL,4388.106389391952,6289
2016-02-11T00:00:00Z,GAS,COGENERATION,3477.6480966585214,4528
2016-02-11T00:00:00Z,GAS,COMBINED CYCLE,553.7772823273473,1716
2016-02-11T00:00:00Z,GAS,SIMPLE CYCLE,451.68244571576514,996
2016-02-11T00:00:00Z,HYDRO,HYDRO,322.74264214730925,894
2016-02-11T00:00:00Z,OTHER,BIOMASS,124.68050299909379,156
2016-02-11T00:00:00Z,OTHER,GAS COGEN,44.15484047147963,61
2016-02-11T00:00:00Z,OTHER,OIL/GAS,47.25183734681871,53
2016-02-11T00:00:00Z,OTHER,WOOD/REFUSE,58.81993487702476,158
2016-02-11T00:00:00Z,WIND,WIND,592.2086040216684,1463
2016-02-11T01:00:00Z,COAL,COAL,4181.04542077091,6289
2016-02-11T01:00:00Z,GAS,COGENERATION,3531.0658187304603,4528
2016-02-11T01:00:00Z,GAS,COMBINED CYCLE,584.7723545508253,1716
2016-02-11T01:00:00Z,GAS,SIMPLE CYCLE,470.7321921387646,996
2016-02-11T01:00:00Z,HYDRO,HYDRO,299.81779706676804,894
2016-02-11T01:00:00Z,OTHER,BIOMASS,124.78488499270546,156
2016-02-11T01:00:00Z,OTHER,GAS COGEN,43.871393870247736,61
2016-02-11T01:00:00Z,OTHER,OIL/GAS,47.393781695895726,53
2016-02-11T01:00:00Z,OTHER,WOOD/REFUSE,64.63929170105192,158
2016-02-11T01:00:00Z,WIND,WIND,720.6833558961914,1463
2016-02-11T02:00:00Z,COAL,COAL,4090.657863936954,6289
2016-02-11T02:00:00Z,GAS,COGENERATION,3523.2148795138464,4528
2016-02-11T02:00:00Z,GAS,COMBINED CYCLE,558.0444121623701,1716
2016-02-11T02:00:00Z,GAS,SIMPLE CYCLE,439.7058221573962,996
2016-02-11T02:00:00Z,HYDRO,HYDRO,313.6757707774639,894
2016-02-11T02:00:00Z,OTHER,BIOMASS,125.18636281808217,156
2016-02-11T02:00:00Z,OTHER,GAS COGEN,43.83239585982429,61
2016-02-11T02:00:00Z,OTHER,OIL/GAS,47.67553082784017,53
2016-02-11T02:00:00Z,OTHER,WOOD/REFUSE,68.07385796229045,158
2016-02-11T02:00:00Z,WIND,WIND,690.3181458291411,1463
2016-02-11T03:00:00Z,COAL,COAL,4090.8276116964553,6289
2016-02-11T03:00:00Z,GAS,COGENERATION,3537.1465007363427,4528
2016-02-11T03:00:00Z,GAS,COMBINED CYCLE,587.9859038634434,1716
2016-02-11T03:00:00Z,GAS,SIMPLE CYCLE,347.2843862232897,996
2016-02-11T03:00:00Z,HYDRO,HYDRO,344.27841973887547,894
2016-02-11T03:00:00Z,OTHER,BIOMASS,125.34676986747318,156
2016-02-11T03:00:00Z,OTHER,GAS COGEN,44.142706928253176,61
2016-02-11T03:00:00Z,OTHER,OIL/GAS,47.35473089006212,53
2016-02-11T03:00:00Z,OTHER,WOOD/REFUSE,67.80403008090126,158
2016-02-11T03:00:00Z,WIND,WIND,704.2917711604966,1463
2016-02-11T04:00:00Z,COAL,COAL,4444.84999973668,6289
2016-02-11T04:00:00Z,GAS,COGENERATION,3413.1977439582347,4528
2016-02-11T04:00:00Z,GAS,COMBINED CYCLE,547.6357790483369,1716
2016-02-11T04:00:00Z,GAS,SIMPLE CYCLE,201.69228302538394,996
2016-02-11T04:00:00Z,HYDRO,HYDRO,132.78596532683406,894
2016-02-11T04:00:00Z,OTHER,BIOMASS,128.57370218223997,156
2016-02-11T04:00:00Z,OTHER,GAS COGEN,44.077141610781354,61
2016-02-11T04:00:00Z,OTHER,OIL/GAS,47.68108178244697,53
2016-02-11T04:00:00Z,OTHER,WOOD/REFUSE,69.58731317943996,158
2016-02-11T04:00:00Z,WIND,WIND,681.450750586523,1463
2016-02-11T05:00:00Z,COAL,COAL,4517.385058428711,6289
2016-02-11T05:00:00Z,GAS,COGENERATION,3323.2346198360124,4528
2016-02-11T05:00:00Z,GAS,COMBINED CYCLE,512.430099663337,1716
2016-02-11T05:00:00Z,GAS,SIMPLE CYCLE,38.99478350404236,996
2016-02-11T05:00:00Z,HYDRO,HYDRO,94.28854067352083,894
2016-02-11T05:00:00Z,OTHER,BIOMASS,127.5338121705585,156
2016-02-11T05:00:00Z,OTHER,GAS COGEN,44.159849114947846,61
2016-02-11T05:00:00Z,OTHER,OIL/GAS,47.799209367964004,53
2016-02-11T05:00:00Z,OTHER,WOOD/REFUSE,70.3608688264423,158
2016-02-11T05:00:00Z,WIND,WIND,677.8405211613907,1463
2016-02-11T06:00:00Z,COAL,COAL,4386.615632910199,6289
2016-02-11T06:00:00Z,GAS,COGENERATION,3218.0682790833052,4528
2016-02-11T06:00:00Z,GAS,COMBINED CYCLE,489.03014650821683,1716
2016-02-11T06:00:00Z,GAS,SIMPLE CYCLE,32.499999046325684,996
2016-02-11T06:00:00Z,HYDRO,HYDRO,89.5806656735142,894
2016-02-11T06:00:00Z,OTHER,BIOMASS,129.42675107691022,156
2016-02-11T06:00:00Z,OTHER,GAS COGEN,44.1782008796268,61
2016-02-11T06:00:00Z,OTHER,OIL/GAS,47.82399860594008,53
2016-02-11T06:00:00Z,OTHER,WOOD/REFUSE,70.77365249792734,158
2016-02-11T06:00:00Z,WIND,WIND,653.4042349223876,1463
2016-02-11T07:00:00Z,COAL,COAL,4257.340434099303,6289
2016-02-11T07:00:00Z,GAS,COGENERATION,3207.0618788948323,4528
2016-02-11T07:00:00Z,GAS,COMBINED CYCLE,459.7492254689667,1716
2016-02-11T07:00:00Z,GAS,SIMPLE CYCLE,32.47999909718831,996
2016-02-11T07:00:00Z,HYDRO,HYDRO,79.74966527223587,894
2016-02-11T07:00:00Z,OTHER,BIOMASS,127.72597068415749,156
2016-02-11T07:00:00Z,OTHER,GAS COGEN,44.21333799468147,61
2016-02-11T07:00:00Z,OTHER,OIL/GAS,47.82218266805013,53
2016-02-11T07:00:00Z,OTHER,WOOD/REFUSE,70.63337437205844,158
2016-02-11T07:00:00Z,WIND,WIND,649.7235572882907,1463
2016-02-11T08:00:00Z,COAL,COAL,4195.873080935743,6289
2016-02-11T08:00:00Z,GAS,COGENERATION,3215.7916274940967,4528
2016-02-11T08:00:00Z,GAS,COMBINED CYCLE,437.6197015283505,1716
2016-02-11T08:00:00Z,GAS,SIMPLE CYCLE,32.46799952718946,996
2016-02-11T08:00:00Z,HYDRO,HYDRO,101.50389531506433,894
2016-02-11T08:00:00Z,OTHER,BIOMASS,129.2787764983707,156
2016-02-11T08:00:00Z,OTHER,GAS COGEN,44.14310123549568,61
2016-02-11T08:00:00Z,OTHER,OIL/GAS,47.64326504601373,53
2016-02-11T08:00:00Z,OTHER,WOOD/REFUSE,70.13118571413888,158
2016-02-11T08:00:00Z,WIND,WIND,652.64596351802345,1463
2016-02-11T09:00:00Z,COAL,COAL,4195.896809728146,6289
2016-02-11T09:00:00Z,GAS,COGENERATION,3206.5830569008986,4528
2016-02-11T09:00:00Z,GAS,COMBINED CYCLE,431.4437574808134,1716
2016-02-11T09:00:00Z,GAS,SIMPLE CYCLE,32.55499954223633,996
2016-02-11T09:00:00Z,HYDRO,HYDRO,84.58185018049346,894
2016-02-11T09:00:00Z,OTHER,BIOMASS,129.06961164421506,156
2016-02-11T09:00:00Z,OTHER,GAS COGEN,44.241984623803035,61
2016-02-11T09:00:00Z,OTHER,OIL/GAS,47.430160210927326,53
2016-02-11T09:00:00Z,OTHER,WOOD/REFUSE,67.99361332681444,158
2016-02-11T09:00:00Z,WIND,WIND,659.6208764513665,1463
2016-02-11T10:00:00Z,COAL,COAL,4160.3555532487235,6289
2016-02-11T10:00:00Z,GAS,COGENERATION,3214.1171240531735,4528
2016-02-11T10:00:00Z,GAS,COMBINED CYCLE,414.3131570011046,1716
2016-02-11T10:00:00Z,GAS,SIMPLE CYCLE,32.5399995803833,996
2016-02-11T10:00:00Z,HYDRO,HYDRO,104.73526079879866,894
2016-02-11T10:00:00Z,OTHER,BIOMASS,126.53208572122786,156
2016-02-11T10:00:00Z,OTHER,GAS COGEN,44.15843173450894,61
2016-02-11T10:00:00Z,OTHER,OIL/GAS,47.46594404644436,53
2016-02-11T10:00:00Z,OTHER,WOOD/REFUSE,68.90808538913727,158
2016-02-11T10:00:00Z,WIND,WIND,664.8706815885256,1463
2016-02-11T11:00:00Z,COAL,COAL,4221.967634005016,6289
2016-02-11T11:00:00Z,GAS,COGENERATION,3197.0986500669187,4528
2016-02-11T11:00:00Z,GAS,COMBINED CYCLE,454.7652343895038,1716
2016-02-11T11:00:00Z,GAS,SIMPLE CYCLE,32.53877698792352,996
2016-02-11T11:00:00Z,HYDRO,HYDRO,70.66159880288774,894
2016-02-11T11:00:00Z,OTHER,BIOMASS,127.84758688343896,156
2016-02-11T11:00:00Z,OTHER,GAS COGEN,44.13404322624206,61
2016-02-11T11:00:00Z,OTHER,OIL/GAS,48.14861072964138,53
2016-02-11T11:00:00Z,OTHER,WOOD/REFUSE,67.25441841416888,158
2016-02-11T11:00:00Z,WIND,WIND,661.8569494447858,1463
2016-02-11T12:00:00Z,COAL,COAL,4214.037659041087,6289
2016-02-11T12:00:00Z,GAS,COGENERATION,3210.654192580117,4528
2016-02-11T12:00:00Z,GAS,COMBINED CYCLE,525.9315834188461,1716
2016-02-11T12:00:00Z,GAS,SIMPLE CYCLE,32.499999046325684,996
2016-02-11T12:00:00Z,HYDRO,HYDRO,127.69215768271023,894
2016-02-11T12:00:00Z,OTHER,BIOMASS,129.2266183810764,156
2016-02-11T12:00:00Z,OTHER,GAS COGEN,44.11740128623114,61
2016-02-11T12:00:00Z,OTHER,OIL/GAS,47.70239908854167,53
2016-02-11T12:00:00Z,OTHER,WOOD/REFUSE,70.20190209918552,158
2016-02-11T12:00:00Z,WIND,WIND,656.4000795047151,1463
2016-02-11T13:00:00Z,COAL,COAL,4403.520682943397,6289
2016-02-11T13:00:00Z,GAS,COGENERATION,3292.059031882816,4528
2016-02-11T13:00:00Z,GAS,COMBINED CYCLE,751.0417708147896,1716
2016-02-11T13:00:00Z,GAS,SIMPLE CYCLE,32.517499113082884,996
2016-02-11T13:00:00Z,HYDRO,HYDRO,157.32799398826228,894
2016-02-11T13:00:00Z,OTHER,BIOMASS,129.71236305077872,156
2016-02-11T13:00:00Z,OTHER,GAS COGEN,44.133477731280855,61
2016-02-11T13:00:00Z,OTHER,OIL/GAS,47.59369876437717,53
2016-02-11T13:00:00Z,OTHER,WOOD/REFUSE,69.3978020008405,158
2016-02-11T13:00:00Z,WIND,WIND,570.4282498952995,1463
2016-02-11T14:00:00Z,COAL,COAL,4653.304999079969,6289
2016-02-11T14:00:00Z,GAS,COGENERATION,3408.3959305143353,4528
2016-02-11T14:00:00Z,GAS,COMBINED CYCLE,806.1993764808443,1716
2016-02-11T14:00:00Z,GAS,SIMPLE CYCLE,32.5756107489268,996
2016-02-11T14:00:00Z,HYDRO,HYDRO,225.5264865244925,894
2016-02-11T14:00:00Z,OTHER,BIOMASS,125.71753227445814,156
2016-02-11T14:00:00Z,OTHER,GAS COGEN,44.05499758296543,61
2016-02-11T14:00:00Z,OTHER,OIL/GAS,47.819693862067325,53
2016-02-11T14:00:00Z,OTHER,WOOD/REFUSE,68.92909088320204,158
2016-02-11T14:00:00Z,WIND,WIND,525.0145355979271,1463
2016-02-11T15:00:00Z,COAL,COAL,4798.4415096195535,6289
2016-02-11T15:00:00Z,GAS,COGENERATION,3459.263031096326,4528
2016-02-11T15:00:00Z,GAS,COMBINED CYCLE,802.2150648593902,1716
2016-02-11T15:00:00Z,GAS,SIMPLE CYCLE,32.65483325746324,996
2016-02-11T15:00:00Z,HYDRO,HYDRO,185.20009876492122,894
2016-02-11T15:00:00Z,OTHER,BIOMASS,126.70391149202983,156
2016-02-11T15:00:00Z,OTHER,GAS COGEN,44.05152842097812,61
2016-02-11T15:00:00Z,OTHER,OIL/GAS,47.73154301537408,53
2016-02-11T15:00:00Z,OTHER,WOOD/REFUSE,70.10286330487993,158
2016-02-11T15:00:00Z,WIND,WIND,419.0328136124379,1463
2016-02-11T16:00:00Z,COAL,COAL,5013.098252530628,6289
2016-02-11T16:00:00Z,GAS,COGENERATION,3460.015440223548,4528
2016-02-11T16:00:00Z,GAS,COMBINED CYCLE,809.6146847984526,1716
2016-02-11T16:00:00Z,GAS,SIMPLE CYCLE,32.63399997711181,996
2016-02-11T16:00:00Z,HYDRO,HYDRO,185.04450761387747,894
2016-02-11T16:00:00Z,OTHER,BIOMASS,122.82607388959991,156
2016-02-11T16:00:00Z,OTHER,GAS COGEN,44.02179135958354,61
2016-02-11T16:00:00Z,OTHER,OIL/GAS,47.72044316397773,53
2016-02-11T16:00:00Z,OTHER,WOOD/REFUSE,70.6587185992135,158
2016-02-11T16:00:00Z,WIND,WIND,285.6710996949383,1463
2016-02-11T17:00:00Z,COAL,COAL,5128.188263350063,6289
2016-02-11T17:00:00Z,GAS,COGENERATION,3474.1219466431276,4528
2016-02-11T17:00:00Z,GAS,COMBINED CYCLE,837.1317397281858,1716
2016-02-11T17:00:00Z,GAS,SIMPLE CYCLE,71.59220798499054,996
2016-02-11T17:00:00Z,HYDRO,HYDRO,148.255851197607,894
2016-02-11T17:00:00Z,OTHER,BIOMASS,108.35773060944345,156
2016-02-11T17:00:00Z,OTHER,GAS COGEN,44.63667484230465,61
2016-02-11T17:00:00Z,OTHER,OIL/GAS,47.958565351698134,53
2016-02-11T17:00:00Z,OTHER,WOOD/REFUSE,70.87507464038,158
2016-02-11T17:00:00Z,WIND,WIND,159.47206121569707,1463
2016-02-11T18:00:00Z,COAL,COAL,5168.894149517483,6289
2016-02-11T18:00:00Z,GAS,COGENERATION,3458.3753120911783,4528
2016-02-11T18:00:00Z,GAS,COMBINED CYCLE,799.7062504853143,1716
2016-02-11T18:00:00Z,GAS,SIMPLE CYCLE,35.758276788194976,996
2016-02-11T18:00:00Z,HYDRO,HYDRO,235.8851944977459,894
2016-02-11T18:00:00Z,OTHER,BIOMASS,111.60832346830104,156
2016-02-11T18:00:00Z,OTHER,GAS COGEN,44.86563888602787,61
2016-02-11T18:00:00Z,OTHER,OIL/GAS,47.71405366473728,53
2016-02-11T18:00:00Z,OTHER,WOOD/REFUSE,71.31990257581074,158
2016-02-11T18:00:00Z,WIND,WIND,102.40407580320206,1463
2016-02-11T19:00:00Z,COAL,COAL,5130.366618137359,6289
2016-02-11T19:00:00Z,GAS,COGENERATION,3457.057990845442,4528
2016-02-11T19:00:00Z,GAS,COMBINED CYCLE,781.9463041649924,1716
2016-02-11T19:00:00Z,GAS,SIMPLE CYCLE,32.300443263583716,996
2016-02-11T19:00:00Z,HYDRO,HYDRO,233.7028054427107,894
2016-02-11T19:00:00Z,OTHER,BIOMASS,112.69088610914018,156
2016-02-11T19:00:00Z,OTHER,GAS COGEN,44.79906881862217,61
2016-02-11T19:00:00Z,OTHER,OIL/GAS,47.61965406205919,53
2016-02-11T19:00:00Z,OTHER,WOOD/REFUSE,70.95145757728153,158
2016-02-11T19:00:00Z,WIND,WIND,107.08546476054524,1463
2016-02-11T20:00:00Z,COAL,COAL,5091.22259182824,6289
2016-02-11T20:00:00Z,GAS,COGENERATION,3470.3364766579202,4528
2016-02-11T20:00:00Z,GAS,COMBINED CYCLE,795.9287008354399,1716
2016-02-11T20:00:00Z,GAS,SIMPLE CYCLE,32.68983221477932,996
2016-02-11T20:00:00Z,HYDRO,HYDRO,291.1244519569145,894
2016-02-11T20:00:00Z,OTHER,BIOMASS,114.2276719019148,156
2016-02-11T20:00:00Z,OTHER,GAS COGEN,44.79855548540751,61
2016-02-11T20:00:00Z,OTHER,OIL/GAS,47.72208187950982,53
2016-02-11T20:00:00Z,OTHER,WOOD/REFUSE,70.764568839603,158
2016-02-11T20:00:00Z,WIND,WIND,95.29306575304932,1463
2016-02-11T21:00:00Z,COAL,COAL,5106.775069936117,6289
2016-02-11T21:00:00Z,GAS,COGENERATION,3469.1355542515385,4528
2016-02-11T21:00:00Z,GAS,COMBINED CYCLE,776.6653193950652,1716
2016-02-11T21:00:00Z,GAS,SIMPLE CYCLE,32.69999885559082,996
2016-02-11T21:00:00Z,HYDRO,HYDRO,242.5331341425578,894
2016-02-11T21:00:00Z,OTHER,BIOMASS,113.37074400689866,156
2016-02-11T21:00:00Z,OTHER,GAS COGEN,44.829853941599524,61
2016-02-11T21:00:00Z,OTHER,OIL/GAS,47.709981231689454,53
2016-02-11T21:00:00Z,OTHER,WOOD/REFUSE,70.52972446282705,158
2016-02-11T21:00:00Z,WIND,WIND,132.84882249447207,1463
2016-02-11T22:00:00Z,COAL,COAL,5097.459414634704,6289
2016-02-11T22:00:00Z,GAS,COGENERATION,3462.493851825264,4528
2016-02-11T22:00:00Z,GAS,COMBINED CYCLE,810.1507438913982,1716
2016-02-11T22:00:00Z,GAS,SIMPLE CYCLE,32.691110030280214,996
2016-02-11T22:00:00Z,HYDRO,HYDRO,245.6209323455476,894
2016-02-11T22:00:00Z,OTHER,BIOMASS,111.95586078219944,156
2016-02-11T22:00:00Z,OTHER,GAS COGEN,44.83032647132873,61
2016-02-11T22:00:00Z,OTHER,OIL/GAS,47.496038102044,53
2016-02-11T22:00:00Z,OTHER,WOOD/REFUSE,70.56861298269696,158
2016-02-11T22:00:00Z,WIND,WIND,123.68725466478202,1463
2016-02-11T23:00:00Z,COAL,COAL,5056.5850403128725,6289
2016-02-11T23:00:00Z,GAS,COGENERATION,3429.13740653899,4528
2016-02-11T23:00:00Z,GAS,COMBINED CYCLE,797.9847302611669,1716
2016-02-11T23:00:00Z,GAS,SIMPLE CYCLE,32.7496660317315,996
2016-02-11T23:00:00Z,HYDRO,HYDRO,277.46902262576754,894
2016-02-11T23:00:00Z,OTHER,BIOMASS,111.91853810628255,156
2016-02-11T23:00:00Z,OTHER,GAS COGEN,44.93311472362942,61
2016-02-11T23:00:00Z,OTHER,OIL/GAS,47.619971372816295,53
2016-02-11T23:00:00Z,OTHER,WOOD/REFUSE,70.48200728072061,158
2016-02-11T23:00:00Z,WIND,WIND,111.00021850916247,1463
2016-02-12T00:00:00Z,COAL,COAL,5029.399651709663,6289
2016-02-12T00:00:00Z,GAS,COGENERATION,3426.938200583988,4528
2016-02-12T00:00:00Z,GAS,COMBINED CYCLE,810.1651854493883,1716
2016-02-12T00:00:00Z,GAS,SIMPLE CYCLE,60.78144352926148,996
2016-02-12T00:00:00Z,HYDRO,HYDRO,362.3375042401089,894
2016-02-12T00:00:00Z,OTHER,BIOMASS,112.28288696659935,156
2016-02-12T00:00:00Z,OTHER,GAS COGEN,45.19607016245524,61
2016-02-12T00:00:00Z,OTHER,OIL/GAS,47.8205208184984,53
2016-02-12T00:00:00Z,OTHER,WOOD/REFUSE,70.95970769193437,158
2016-02-12T00:00:00Z,WIND,WIND,114.31176916076078,1463
2016-02-12T01:00:00Z,COAL,COAL,5085.0722088877355,6289
2016-02-12T01:00:00Z,GAS,COGENERATION,3450.4639826418293,4528
2016-02-12T01:00:00Z,GAS,COMBINED CYCLE,845.3976562611261,1716
2016-02-12T01:00:00Z,GAS,SIMPLE CYCLE,97.19783269246419,996
2016-02-12T01:00:00Z,HYDRO,HYDRO,394.6550654321247,894
2016-02-12T01:00:00Z,OTHER,BIOMASS,109.84313935279846,156
2016-02-12T01:00:00Z,OTHER,GAS COGEN,44.948604927592804,61
2016-02-12T01:00:00Z,OTHER,OIL/GAS,47.581749562157526,53
2016-02-12T01:00:00Z,OTHER,WOOD/REFUSE,71.22154690530564,158
2016-02-12T01:00:00Z,WIND,WIND,132.8415223080665,1463
2016-02-12T02:00:00Z,COAL,COAL,5211.668262121412,6289
2016-02-12T02:00:00Z,GAS,COGENERATION,3453.6434808599947,4528
2016-02-12T02:00:00Z,GAS,COMBINED CYCLE,834.0412256007725,1716
2016-02-12T02:00:00Z,GAS,SIMPLE CYCLE,97.51349930021499,996
2016-02-12T02:00:00Z,HYDRO,HYDRO,273.09996338294616,894
2016-02-12T02:00:00Z,OTHER,BIOMASS,113.13508323033649,156
2016-02-12T02:00:00Z,OTHER,GAS COGEN,44.76454833772447,61
2016-02-12T02:00:00Z,OTHER,OIL/GAS,47.71299294365777,53
2016-02-12T02:00:00Z,OTHER,WOOD/REFUSE,72.225368915134,158
2016-02-12T02:00:00Z,WIND,WIND,108.0617907370213,1463
2016-02-12T03:00:00Z,COAL,COAL,5197.884650084177,6289
2016-02-12T03:00:00Z,GAS,COGENERATION,3451.8568297570946,4528
2016-02-12T03:00:00Z,GAS,COMBINED CYCLE,828.528619884385,1716
2016-02-12T03:00:00Z,GAS,SIMPLE CYCLE,37.98844410618146,996
2016-02-12T03:00:00Z,HYDRO,HYDRO,221.3292946847942,894
2016-02-12T03:00:00Z,OTHER,BIOMASS,115.7515351125929,156
2016-02-12T03:00:00Z,OTHER,GAS COGEN,44.501014742851254,61
2016-02-12T03:00:00Z,OTHER,OIL/GAS,47.61844924290975,53
2016-02-12T03:00:00Z,OTHER,WOOD/REFUSE,72.11668546941546,158
2016-02-12T03:00:00Z,WIND,WIND,89.55234768364993,1463
2016-02-12T04:00:00Z,COAL,COAL,5121.412061110603,6289
2016-02-12T04:00:00Z,GAS,COGENERATION,3452.825509550174,4528
2016-02-12T04:00:00Z,GAS,COMBINED CYCLE,834.5025421481662,1716
2016-02-12T04:00:00Z,GAS,SIMPLE CYCLE,32.54750019709269,996
2016-02-12T04:00:00Z,HYDRO,HYDRO,157.52676774361066,894
2016-02-12T04:00:00Z,OTHER,BIOMASS,114.92972367604574,156
2016-02-12T04:00:00Z,OTHER,GAS COGEN,44.27798684649997,61
2016-02-12T04:00:00Z,OTHER,OIL/GAS,47.65784306420221,53
2016-02-12T04:00:00Z,OTHER,WOOD/REFUSE,71.51573544581731,158
2016-02-12T04:00:00Z,WIND,WIND,113.10218687810831,1463
2016-02-12T05:00:00Z,COAL,COAL,4854.309629915026,6289
2016-02-12T05:00:00Z,GAS,COGENERATION,3418.1451635231574,4528
2016-02-12T05:00:00Z,GAS,COMBINED CYCLE,795.4364513179991,1716
2016-02-12T05:00:00Z,GAS,SIMPLE CYCLE,32.66249990463257,996
2016-02-12T05:00:00Z,HYDRO,HYDRO,99.85563672499524,894
2016-02-12T05:00:00Z,OTHER,BIOMASS,116.18228365792169,156
2016-02-12T05:00:00Z,OTHER,GAS COGEN,44.155037274890475,61
2016-02-12T05:00:00Z,OTHER,OIL/GAS,47.70173227522108,53
2016-02-12T05:00:00Z,OTHER,WOOD/REFUSE,71.63637449767855,158
2016-02-12T05:00:00Z,WIND,WIND,144.26721613135604,1463
2016-02-12T06:00:00Z,COAL,COAL,4577.428882344564,6289
2016-02-12T06:00:00Z,GAS,COGENERATION,3369.3295209428998,4528
2016-02-12T06:00:00Z,GAS,COMBINED CYCLE,776.145292766889,1716
2016-02-12T06:00:00Z,GAS,SIMPLE CYCLE,32.66766655815972,996
2016-02-12T06:00:00Z,HYDRO,HYDRO,99.05600547850132,894
2016-02-12T06:00:00Z,OTHER,BIOMASS,114.08803464359707,156
2016-02-12T06:00:00Z,OTHER,GAS COGEN,44.183945163091025,61
2016-02-12T06:00:00Z,OTHER,OIL/GAS,47.5843542098999,53
2016-02-12T06:00:00Z,OTHER,WOOD/REFUSE,71.43810241858164,158
2016-02-12T06:00:00Z,WIND,WIND,176.56626011901432,1463
2016-02-12T07:00:00Z,COAL,COAL,4514.762257304721,6289
2016-02-12T07:00:00Z,GAS,COGENERATION,3329.4488457531397,4528
2016-02-12T07:00:00Z,GAS,COMBINED CYCLE,644.218861527443,1716
2016-02-12T07:00:00Z,GAS,SIMPLE CYCLE,32.66955542140537,996
2016-02-12T07:00:00Z,HYDRO,HYDRO,79.16451816807191,894
2016-02-12T07:00:00Z,OTHER,BIOMASS,114.75975063006084,156
2016-02-12T07:00:00Z,OTHER,GAS COGEN,44.07569928593106,61
2016-02-12T07:00:00Z,OTHER,OIL/GAS,47.68133263058132,53
2016-02-12T07:00:00Z,OTHER,WOOD/REFUSE,71.69723040819167,158
2016-02-12T07:00:00Z,WIND,WIND,219.53892076616486,1463
2016-02-12T08:00:00Z,COAL,COAL,4435.397301415337,6289
2016-02-12T08:00:00Z,GAS,COGENERATION,3337.6296462549767,4528
2016-02-12T08:00:00Z,GAS,COMBINED CYCLE,612.1112754350239,1716
2016-02-12T08:00:00Z,GAS,SIMPLE CYCLE,32.591055504481,996
2016-02-12T08:00:00Z,HYDRO,HYDRO,90.68155922942691,894
2016-02-12T08:00:00Z,OTHER,BIOMASS,114.5809059884813,156
2016-02-12T08:00:00Z,OTHER,GAS COGEN,44.03612361060249,61
2016-02-12T08:00:00Z,OTHER,OIL/GAS,47.39662033081055,53
2016-02-12T08:00:00Z,OTHER,WOOD/REFUSE,70.53225779268476,158
2016-02-12T08:00:00Z,WIND,WIND,187.63136504125265,1463
2016-02-12T09:00:00Z,COAL,COAL,4415.932653482225,6289
2016-02-12T09:00:00Z,GAS,COGENERATION,3319.993025990195,4528
2016-02-12T09:00:00Z,GAS,COMBINED CYCLE,661.5154244407017,1716
2016-02-12T09:00:00Z,GAS,SIMPLE CYCLE,32.69749981562297,996
2016-02-12T09:00:00Z,HYDRO,HYDRO,78.03419740756352,894
2016-02-12T09:00:00Z,OTHER,BIOMASS,116.48869411044652,156
2016-02-12T09:00:00Z,OTHER,GAS COGEN,43.88915989981757,61
2016-02-12T09:00:00Z,OTHER,OIL/GAS,47.261525762346054,53
2016-02-12T09:00:00Z,OTHER,WOOD/REFUSE,71.84572975264655,158
2016-02-12T09:00:00Z,WIND,WIND,178.97326444198688,1463
2016-02-12T10:00:00Z,COAL,COAL,4441.582516962687,6289
2016-02-12T10:00:00Z,GAS,COGENERATION,3315.1173229417536,4528
2016-02-12T10:00:00Z,GAS,COMBINED CYCLE,587.7831879319085,1716
2016-02-12T10:00:00Z,GAS,SIMPLE CYCLE,32.692499828338626,996
2016-02-12T10:00:00Z,HYDRO,HYDRO,70.18039768960742,894
2016-02-12T10:00:00Z,OTHER,BIOMASS,116.79253083202575,156
2016-02-12T10:00:00Z,OTHER,GAS COGEN,44.100578715006506,61
2016-02-12T10:00:00Z,OTHER,OIL/GAS,47.329154330359565,53
2016-02-12T10:00:00Z,OTHER,WOOD/REFUSE,71.63000212510427,158
2016-02-12T10:00:00Z,WIND,WIND,196.34292672274842,1463
2016-02-12T11:00:00Z,COAL,COAL,4454.168771862454,6289
2016-02-12T11:00:00Z,GAS,COGENERATION,3349.812255953418,4528
2016-02-12T11:00:00Z,GAS,COMBINED CYCLE,650.3280581585566,1716
2016-02-12T11:00:00Z,GAS,SIMPLE CYCLE,32.687499841054276,996
2016-02-12T11:00:00Z,HYDRO,HYDRO,79.35878233926164,894
2016-02-12T11:00:00Z,OTHER,BIOMASS,113.4172957663238,156
2016-02-12T11:00:00Z,OTHER,GAS COGEN,43.99099003473918,61
2016-02-12T11:00:00Z,OTHER,OIL/GAS,47.60683218638102,53
2016-02-12T11:00:00Z,OTHER,WOOD/REFUSE,71.05331851270464,158
2016-02-12T11:00:00Z,WIND,WIND,239.68262062263983,1463
2016-02-12T12:00:00Z,COAL,COAL,4513.033069101969,6289
2016-02-12T12:00:00Z,GAS,COGENERATION,3391.6964951030413,4528
2016-02-12T12:00:00Z,GAS,COMBINED CYCLE,674.9646280595991,1716
2016-02-12T12:00:00Z,GAS,SIMPLE CYCLE,32.6703332180447,996
2016-02-12T12:00:00Z,HYDRO,HYDRO,121.45823885697457,894
2016-02-12T12:00:00Z,OTHER,BIOMASS,116.17410092794232,156
2016-02-12T12:00:00Z,OTHER,GAS COGEN,44.009043532477484,61
2016-02-12T12:00:00Z,OTHER,OIL/GAS,47.60468708674113,53
2016-02-12T12:00:00Z,OTHER,WOOD/REFUSE,70.6909914135933,158
2016-02-12T12:00:00Z,WIND,WIND,250.725345381548,1463
2016-02-12T13:00:00Z,COAL,COAL,4665.791348160637,6289
2016-02-12T13:00:00Z,GAS,COGENERATION,3541.964334126049,4528
2016-02-12T13:00:00Z,GAS,COMBINED CYCLE,717.344455722173,1716
2016-02-12T13:00:00Z,GAS,SIMPLE CYCLE,32.6483332739936,996
2016-02-12T13:00:00Z,HYDRO,HYDRO,136.64643068490756,894
2016-02-12T13:00:00Z,OTHER,BIOMASS,115.68722147458129,156
2016-02-12T13:00:00Z,OTHER,GAS COGEN,44.06309198909336,61
2016-02-12T13:00:00Z,OTHER,OIL/GAS,47.92302717844645,53
2016-02-12T13:00:00Z,OTHER,WOOD/REFUSE,69.93673012627495,158
2016-02-12T13:00:00Z,WIND,WIND,252.89533682015207,1463
2016-02-12T14:00:00Z,COAL,COAL,4898.940073399014,6289
2016-02-12T14:00:00Z,GAS,COGENERATION,3643.103628832499,4528
2016-02-12T14:00:00Z,GAS,COMBINED CYCLE,772.1472912216187,1716
2016-02-12T14:00:00Z,GAS,SIMPLE CYCLE,32.694999821980794,996
2016-02-12T14:00:00Z,HYDRO,HYDRO,223.2655245927307,894
2016-02-12T14:00:00Z,OTHER,BIOMASS,114.8649302518699,156
2016-02-12T14:00:00Z,OTHER,GAS COGEN,44.050446905559966,61
2016-02-12T14:00:00Z,OTHER,OIL/GAS,47.6438766225179,53
2016-02-12T14:00:00Z,OTHER,WOOD/REFUSE,69.83921395778655,158
2016-02-12T14:00:00Z,WIND,WIND,277.70500741587745,1463
2016-02-12T15:00:00Z,COAL,COAL,5053.872662463718,6289
2016-02-12T15:00:00Z,GAS,COGENERATION,3647.301287235684,4528
2016-02-12T15:00:00Z,GAS,COMBINED CYCLE,792.0053311326768,1716
2016-02-12T15:00:00Z,GAS,SIMPLE CYCLE,32.695166488223606,996
2016-02-12T15:00:00Z,HYDRO,HYDRO,149.09663272788956,894
2016-02-12T15:00:00Z,OTHER,BIOMASS,116.03389496697321,156
2016-02-12T15:00:00Z,OTHER,GAS COGEN,44.13228411992391,61
2016-02-12T15:00:00Z,OTHER,OIL/GAS,47.710309992896185,53
2016-02-12T15:00:00Z,OTHER,WOOD/REFUSE,70.83244136969249,158
2016-02-12T15:00:00Z,WIND,WIND,316.80557385232714,1463
2016-02-12T16:00:00Z,COAL,COAL,5088.484715192583,6289
2016-02-12T16:00:00Z,GAS,COGENERATION,3638.7065180673867,4528
2016-02-12T16:00:00Z,GAS,COMBINED CYCLE,799.0945273621878,1716
2016-02-12T16:00:00Z,GAS,SIMPLE CYCLE,32.631166461308794,996
2016-02-12T16:00:00Z,HYDRO,HYDRO,136.82002285800047,894
2016-02-12T16:00:00Z,OTHER,BIOMASS,113.72306286467447,156
2016-02-12T16:00:00Z,OTHER,GAS COGEN,44.131812362141076,61
2016-02-12T16:00:00Z,OTHER,OIL/GAS,47.72704318576389,53
2016-02-12T16:00:00Z,OTHER,WOOD/REFUSE,70.4794188563029,158
2016-02-12T16:00:00Z,WIND,WIND,347.15807093116973,1463
2016-02-12T17:00:00Z,COAL,COAL,5078.987524239752,6289
2016-02-12T17:00:00Z,GAS,COGENERATION,3634.763158644703,4528
2016-02-12T17:00:00Z,GAS,COMBINED CYCLE,799.9536341402265,1716
2016-02-12T17:00:00Z,GAS,SIMPLE CYCLE,29.794999249776204,996
2016-02-12T17:00:00Z,HYDRO,HYDRO,195.64964414483973,894
2016-02-12T17:00:00Z,OTHER,BIOMASS,112.03774593571822,156
2016-02-12T17:00:00Z,OTHER,GAS COGEN,44.12866806560093,61
2016-02-12T17:00:00Z,OTHER,OIL/GAS,47.04751542197334,53
2016-02-12T17:00:00Z,OTHER,WOOD/REFUSE,69.85084068987105,158
2016-02-12T17:00:00Z,WIND,WIND,388.2822220730782,1463
2016-02-12T18:00:00Z,COAL,COAL,5069.800176349216,6289
2016-02-12T18:00:00Z,GAS,COGENERATION,3627.5919804321393,4528
2016-02-12T18:00:00Z,GAS,COMBINED CYCLE,799.8444698805279,1716
2016-02-12T18:00:00Z,GAS,SIMPLE CYCLE,32.098832783169215,996
2016-02-12T18:00:00Z,HYDRO,HYDRO,200.1409638486637,894
2016-02-12T18:00:00Z,OTHER,BIOMASS,112.91921701249149,156
2016-02-12T18:00:00Z,OTHER,GAS COGEN,44.03562202559577,61
2016-02-12T18:00:00Z,OTHER,OIL/GAS,45.192548802693686,53
2016-02-12T18:00:00Z,OTHER,WOOD/REFUSE,70.24285232226053,158
2016-02-12T18:00:00Z,WIND,WIND,416.47559858651624,1463
2016-02-12T19:00:00Z,COAL,COAL,4978.524172540506,6289
2016-02-12T19:00:00Z,GAS,COGENERATION,3665.803223862118,4528
2016-02-12T19:00:00Z,GAS,COMBINED CYCLE,797.5784631639057,1716
2016-02-12T19:00:00Z,GAS,SIMPLE CYCLE,29.94099948061837,996
2016-02-12T19:00:00Z,HYDRO,HYDRO,190.30407432405485,894
2016-02-12T19:00:00Z,OTHER,BIOMASS,114.60401870638132,156
2016-02-12T19:00:00Z,OTHER,GAS COGEN,43.909652633666994,61
2016-02-12T19:00:00Z,OTHER,OIL/GAS,45.14297662734985,53
2016-02-12T19:00:00Z,OTHER,WOOD/REFUSE,70.29990217924117,158
2016-02-12T19:00:00Z,WIND,WIND,449.5597061773555,1463
2016-02-12T20:00:00Z,COAL,COAL,4870.879560890198,6289
2016-02-12T20:00:00Z,GAS,COGENERATION,3611.759683250719,4528
2016-02-12T20:00:00Z,GAS,COMBINED CYCLE,801.2806463829677,1716
2016-02-12T20:00:00Z,GAS,SIMPLE CYCLE,29.35955515464147,996
2016-02-12T20:00:00Z,HYDRO,HYDRO,211.72532518400087,894
2016-02-12T20:00:00Z,OTHER,BIOMASS,114.20562227007416,156
2016-02-12T20:00:00Z,OTHER,GAS COGEN,43.9103134420183,61
2016-02-12T20:00:00Z,OTHER,OIL/GAS,44.6176492606269,53
2016-02-12T20:00:00Z,OTHER,WOOD/REFUSE,70.73748013708327,158
2016-02-12T20:00:00Z,WIND,WIND,565.5391586235911,1463
2016-02-12T21:00:00Z,COAL,COAL,4688.5845504930285,6289
2016-02-12T21:00:00Z,GAS,COGENERATION,3523.474320612086,4528
2016-02-12T21:00:00Z,GAS,COMBINED CYCLE,795.8877257447773,1716
2016-02-12T21:00:00Z,GAS,SIMPLE CYCLE,31.78894382794698,996
2016-02-12T21:00:00Z,HYDRO,HYDRO,201.54833707878987,894
2016-02-12T21:00:00Z,OTHER,BIOMASS,113.69038810554478,156
2016-02-12T21:00:00Z,OTHER,GAS COGEN,43.9499264632331,61
2016-02-12T21:00:00Z,OTHER,OIL/GAS,45.982942733764645,53
2016-02-12T21:00:00Z,OTHER,WOOD/REFUSE,70.72130794392692,158
2016-02-12T21:00:00Z,WIND,WIND,790.2286020871666,1463
2016-02-12T22:00:00Z,COAL,COAL,4574.717836919361,6289
2016-02-12T22:00:00Z,GAS,COGENERATION,3447.5000456684165,4528
2016-02-12T22:00:00Z,GAS,COMBINED CYCLE,774.6389455318451,1716
2016-02-12T22:00:00Z,GAS,SIMPLE CYCLE,30.992554969257778,996
2016-02-12T22:00:00Z,HYDRO,HYDRO,162.11100156517492,894
2016-02-12T22:00:00Z,OTHER,BIOMASS,114.03595510588752,156
2016-02-12T22:00:00Z,OTHER,GAS COGEN,43.82836428960164,61
2016-02-12T22:00:00Z,OTHER,OIL/GAS,45.555698511335585,53
2016-02-12T22:00:00Z,OTHER,WOOD/REFUSE,70.52033562024434,158
2016-02-12T22:00:00Z,WIND,WIND,966.5676362428401,1463
2016-02-12T23:00:00Z,COAL,COAL,4530.03643026299,6289
2016-02-12T23:00:00Z,GAS,COGENERATION,3427.4811752604114,4528
2016-02-12T23:00:00Z,GAS,COMBINED CYCLE,777.0766234021717,1716
2016-02-12T23:00:00Z,GAS,SIMPLE CYCLE,29.794222360187106,996
2016-02-12T23:00:00Z,HYDRO,HYDRO,202.92354268471396,894
2016-02-12T23:00:00Z,OTHER,BIOMASS,115.58360603948435,156
2016-02-12T23:00:00Z,OTHER,GAS COGEN,43.82332864231533,61
2016-02-12T23:00:00Z,OTHER,OIL/GAS,45.507876538170706,53
2016-02-12T23:00:00Z,OTHER,WOOD/REFUSE,69.14106888082293,158
2016-02-12T23:00:00Z,WIND,WIND,961.5276727108161,1463
2016-02-13T00:00:00Z,COAL,COAL,4539.394625022941,6289
2016-02-13T00:00:00Z,GAS,COGENERATION,3511.4521686780454,4528
2016-02-13T00:00:00Z,GAS,COMBINED CYCLE,768.6929226345486,1716
2016-02-13T00:00:00Z,GAS,SIMPLE CYCLE,30.159054349263506,996
2016-02-13T00:00:00Z,HYDRO,HYDRO,251.47004188855487,894
2016-02-13T00:00:00Z,OTHER,BIOMASS,117.1423651304841,156
2016-02-13T00:00:00Z,OTHER,GAS COGEN,43.84359474605984,61
2016-02-13T00:00:00Z,OTHER,OIL/GAS,45.675486975775826,53
2016-02-13T00:00:00Z,OTHER,WOOD/REFUSE,70.24784079048369,158
2016-02-13T00:00:00Z,WIND,WIND,924.920209567282,1463
2016-02-13T01:00:00Z,COAL,COAL,4570.415172264841,6289
2016-02-13T01:00:00Z,GAS,COGENERATION,3557.749210296869,4528
2016-02-13T01:00:00Z,GAS,COMBINED CYCLE,767.2787109788259,1716
2016-02-13T01:00:00Z,GAS,SIMPLE CYCLE,82.6143316719267,996
2016-02-13T01:00:00Z,HYDRO,HYDRO,229.77183962076901,894
2016-02-13T01:00:00Z,OTHER,BIOMASS,116.10833951552709,156
2016-02-13T01:00:00Z,OTHER,GAS COGEN,44.21523719469706,61
2016-02-13T01:00:00Z,OTHER,OIL/GAS,46.201798640357126,53
2016-02-13T01:00:00Z,OTHER,WOOD/REFUSE,71.12391884062025,158
2016-02-13T01:00:00Z,WIND,WIND,911.6831995548639,1463
2016-02-13T02:00:00Z,COAL,COAL,4535.111512992647,6289
2016-02-13T02:00:00Z,GAS,COGENERATION,3510.578519720104,4528
2016-02-13T02:00:00Z,GAS,COMBINED CYCLE,770.2413088581297,1716
2016-02-13T02:00:00Z,GAS,SIMPLE CYCLE,96.3893873029285,996
2016-02-13T02:00:00Z,HYDRO,HYDRO,267.2063595794307,894
2016-02-13T02:00:00Z,OTHER,BIOMASS,115.36687827030818,156
2016-02-13T02:00:00Z,OTHER,GAS COGEN,44.20522396299574,61
2016-02-13T02:00:00Z,OTHER,OIL/GAS,45.74825413174099,53
2016-02-13T02:00:00Z,OTHER,WOOD/REFUSE,70.68223525312212,158
2016-02-13T02:00:00Z,WIND,WIND,821.3551174090306,1463
2016-02-13T03:00:00Z,COAL,COAL,4474.214154858059,6289
2016-02-13T03:00:00Z,GAS,COGENERATION,3475.703418943352,4528
2016-02-13T03:00:00Z,GAS,COMBINED CYCLE,780.6900529177983,1716
2016-02-13T03:00:00Z,GAS,SIMPLE CYCLE,37.30355417105886,996
2016-02-13T03:00:00Z,HYDRO,HYDRO,263.82307624755634,894
2016-02-13T03:00:00Z,OTHER,BIOMASS,112.85486446301142,156
2016-02-13T03:00:00Z,OTHER,GAS COGEN,44.347573938369756,61
2016-02-13T03:00:00Z,OTHER,OIL/GAS,45.73507665846083,53
2016-02-13T03:00:00Z,OTHER,WOOD/REFUSE,70.38735166549682,158
2016-02-13T03:00:00Z,WIND,WIND,844.0436714598868,1463
2016-02-13T04:00:00Z,COAL,COAL,4323.8719524849785,6289
2016-02-13T04:00:00Z,GAS,COGENERATION,3415.411507853998,4528
2016-02-13T04:00:00Z,GAS,COMBINED CYCLE,766.396394867897,1716
2016-02-13T04:00:00Z,GAS,SIMPLE CYCLE,32.39999866485596,996
2016-02-13T04:00:00Z,HYDRO,HYDRO,165.3467233037783,894
2016-02-13T04:00:00Z,OTHER,BIOMASS,113.32722119649253,156
2016-02-13T04:00:00Z,OTHER,GAS COGEN,44.33410852008396,61
2016-02-13T04:00:00Z,OTHER,OIL/GAS,46.136349283854166,53
2016-02-13T04:00:00Z,OTHER,WOOD/REFUSE,70.67316329850091,158
2016-02-13T04:00:00Z,WIND,WIND,934.1838114582168,1463
2016-02-13T05:00:00Z,COAL,COAL,4198.406424068875,6289
2016-02-13T05:00:00Z,GAS,COGENERATION,3403.332688981692,4528
2016-02-13T05:00:00Z,GAS,COMBINED CYCLE,686.2547009070714,1716
2016-02-13T05:00:00Z,GAS,SIMPLE CYCLE,32.41749873161316,996
2016-02-13T05:00:00Z,HYDRO,HYDRO,153.08090415421458,894
2016-02-13T05:00:00Z,OTHER,BIOMASS,113.87176662656996,156
2016-02-13T05:00:00Z,OTHER,GAS COGEN,44.19464230325487,61
2016-02-13T05:00:00Z,OTHER,OIL/GAS,46.02187103907267,53
2016-02-13T05:00:00Z,OTHER,WOOD/REFUSE,70.75276335186429,158
2016-02-13T05:00:00Z,WIND,WIND,887.2933609113097,1463
2016-02-13T06:00:00Z,COAL,COAL,3986.10693672604,6289
2016-02-13T06:00:00Z,GAS,COGENERATION,3357.2845850177605,4528
2016-02-13T06:00:00Z,GAS,COMBINED CYCLE,552.8569704076979,1716
2016-02-13T06:00:00Z,GAS,SIMPLE CYCLE,32.40499868392944,996
2016-02-13T06:00:00Z,HYDRO,HYDRO,101.26026939365599,894
2016-02-13T06:00:00Z,OTHER,BIOMASS,113.24984524832831,156
2016-02-13T06:00:00Z,OTHER,GAS COGEN,44.11820272604624,61
2016-02-13T06:00:00Z,OTHER,OIL/GAS,46.32750461790297,53
2016-02-13T06:00:00Z,OTHER,WOOD/REFUSE,70.46785240067376,158
2016-02-13T06:00:00Z,WIND,WIND,998.6699591094587,1463
2016-02-13T07:00:00Z,COAL,COAL,3967.692207836575,6289
2016-02-13T07:00:00Z,GAS,COGENERATION,3372.283398975266,4528
2016-02-13T07:00:00Z,GAS,COMBINED CYCLE,448.54407306982415,1716
2016-02-13T07:00:00Z,GAS,SIMPLE CYCLE,32.40633202234904,996
2016-02-13T07:00:00Z,HYDRO,HYDRO,110.27326583544414,894
2016-02-13T07:00:00Z,OTHER,BIOMASS,112.83516208436754,156
2016-02-13T07:00:00Z,OTHER,GAS COGEN,33.501157155566744,61
2016-02-13T07:00:00Z,OTHER,OIL/GAS,46.648448674943715,53
2016-02-13T07:00:00Z,OTHER,WOOD/REFUSE,69.88569108777577,158
2016-02-13T07:00:00Z,WIND,WIND,920.1096091724767,1463
2016-02-13T08:00:00Z,COAL,COAL,4059.898109588623,6289
2016-02-13T08:00:00Z,GAS,COGENERATION,3365.60132801546,4528
2016-02-13T08:00:00Z,GAS,COMBINED CYCLE,461.3021841651863,1716
2016-02-13T08:00:00Z,GAS,SIMPLE CYCLE,32.40499868392944,996
2016-02-13T08:00:00Z,HYDRO,HYDRO,93.27556741244263,894
2016-02-13T08:00:00Z,OTHER,BIOMASS,110.40968563636144,156
2016-02-13T08:00:00Z,OTHER,GAS COGEN,29.531810904608832,61
2016-02-13T08:00:00Z,OTHER,OIL/GAS,47.13442737367418,53
2016-02-13T08:00:00Z,OTHER,WOOD/REFUSE,70.69476343260871,158
2016-02-13T08:00:00Z,WIND,WIND,735.3992462478082,1463
2016-02-13T09:00:00Z,COAL,COAL,3983.7325217183434,6289
2016-02-13T09:00:00Z,GAS,COGENERATION,3359.6933951548735,4528
2016-02-13T09:00:00Z,GAS,COMBINED CYCLE,453.4713438332081,1716
2016-02-13T09:00:00Z,GAS,SIMPLE CYCLE,32.54183253924052,996
2016-02-13T09:00:00Z,HYDRO,HYDRO,87.69361375341813,894
2016-02-13T09:00:00Z,OTHER,BIOMASS,113.45966103871663,156
2016-02-13T09:00:00Z,OTHER,GAS COGEN,30.035304498672485,61
2016-02-13T09:00:00Z,OTHER,OIL/GAS,47.18407083935208,53
2016-02-13T09:00:00Z,OTHER,WOOD/REFUSE,70.50340795675913,158
2016-02-13T09:00:00Z,WIND,WIND,786.4301790047685,1463
2016-02-13T10:00:00Z,COAL,COAL,3949.52842918396,6289
2016-02-13T10:00:00Z,GAS,COGENERATION,3346.1616724676555,4528
2016-02-13T10:00:00Z,GAS,COMBINED CYCLE,376.5243906021118,1716
2016-02-13T10:00:00Z,GAS,SIMPLE CYCLE,32.714610976113214,996
2016-02-13T10:00:00Z,HYDRO,HYDRO,100.88856403095855,894
2016-02-13T10:00:00Z,OTHER,BIOMASS,109.94167810228136,156
2016-02-13T10:00:00Z,OTHER,GAS COGEN,30.08793539206187,61
2016-02-13T10:00:00Z,OTHER,OIL/GAS,47.3506433974372,53
2016-02-13T10:00:00Z,OTHER,WOOD/REFUSE,70.86737438148923,158
2016-02-13T10:00:00Z,WIND,WIND,946.7822046217199,1463
2016-02-13T11:00:00Z,COAL,COAL,3930.168354233636,6289
2016-02-13T11:00:00Z,GAS,COGENERATION,3333.539131948352,4528
2016-02-13T11:00:00Z,GAS,COMBINED CYCLE,353.8099308962292,1716
2016-02-13T11:00:00Z,GAS,SIMPLE CYCLE,32.75666669209798,996
2016-02-13T11:00:00Z,HYDRO,HYDRO,70.29754229706194,894
2016-02-13T11:00:00Z,OTHER,BIOMASS,111.70233073870341,156
2016-02-13T11:00:00Z,OTHER,GAS COGEN,30.33387519571516,61
2016-02-13T11:00:00Z,OTHER,OIL/GAS,44.95039300918579,53
2016-02-13T11:00:00Z,OTHER,WOOD/REFUSE,71.9394359366099,158
2016-02-13T11:00:00Z,WIND,WIND,1012.9451521311867,1463
2016-02-13T12:00:00Z,COAL,COAL,3925.9563927925956,6289
2016-02-13T12:00:00Z,GAS,COGENERATION,3335.1731434047224,4528
2016-02-13T12:00:00Z,GAS,COMBINED CYCLE,347.0775471745597,1716
2016-02-13T12:00:00Z,GAS,SIMPLE CYCLE,32.76766673405965,996
2016-02-13T12:00:00Z,HYDRO,HYDRO,67.83506745484141,894
2016-02-13T12:00:00Z,OTHER,BIOMASS,110.54905222256978,156
2016-02-13T12:00:00Z,OTHER,GAS COGEN,30.721550880538093,61
2016-02-13T12:00:00Z,OTHER,OIL/GAS,44.00225481245253,53
2016-02-13T12:00:00Z,OTHER,WOOD/REFUSE,72.82185221566094,158
2016-02-13T12:00:00Z,WIND,WIND,1051.3742027160029,1463
2016-02-13T13:00:00Z,COAL,COAL,3955.3976746368407,6289
2016-02-13T13:00:00Z,GAS,COGENERATION,3350.9256950718827,4528
2016-02-13T13:00:00Z,GAS,COMBINED CYCLE,365.538775906033,1716
2016-02-13T13:00:00Z,GAS,SIMPLE CYCLE,32.80000019073486,996
2016-02-13T13:00:00Z,HYDRO,HYDRO,113.93971252077155,894
2016-02-13T13:00:00Z,OTHER,BIOMASS,110.93466332276662,156
2016-02-13T13:00:00Z,OTHER,GAS COGEN,30.454262094497683,61
2016-02-13T13:00:00Z,OTHER,OIL/GAS,44.92112626817491,53
2016-02-13T13:00:00Z,OTHER,WOOD/REFUSE,72.80820731268989,158
2016-02-13T13:00:00Z,WIND,WIND,1070.4094064692656,1463
2016-02-13T14:00:00Z,COAL,COAL,4140.225303819444,6289
2016-02-13T14:00:00Z,GAS,COGENERATION,3372.399039647447,4528
2016-02-13T14:00:00Z,GAS,COMBINED CYCLE,482.1583190200726,1716
2016-02-13T14:00:00Z,GAS,SIMPLE CYCLE,32.60316610654195,996
2016-02-13T14:00:00Z,HYDRO,HYDRO,186.83084215647645,894
2016-02-13T14:00:00Z,OTHER,BIOMASS,116.99079480760626,156
2016-02-13T14:00:00Z,OTHER,GAS COGEN,30.55359420405494,61
2016-02-13T14:00:00Z,OTHER,OIL/GAS,45.37088731977675,53
2016-02-13T14:00:00Z,OTHER,WOOD/REFUSE,72.65055259386698,158
2016-02-13T14:00:00Z,WIND,WIND,915.4808521429941,1463
2016-02-13T15:00:00Z,COAL,COAL,4283.414162435995,6289
2016-02-13T15:00:00Z,GAS,COGENERATION,3368.1477647423744,4528
2016-02-13T15:00:00Z,GAS,COMBINED CYCLE,526.6723886736896,1716
2016-02-13T15:00:00Z,GAS,SIMPLE CYCLE,32.67183303515117,996
2016-02-13T15:00:00Z,HYDRO,HYDRO,167.37746888041497,894
2016-02-13T15:00:00Z,OTHER,BIOMASS,125.99073670599196,156
2016-02-13T15:00:00Z,OTHER,GAS COGEN,30.719730276531642,61
2016-02-13T15:00:00Z,OTHER,OIL/GAS,45.14587715784709,53
2016-02-13T15:00:00Z,OTHER,WOOD/REFUSE,71.59194715499878,158
2016-02-13T15:00:00Z,WIND,WIND,808.7099464862214,1463
2016-02-13T16:00:00Z,COAL,COAL,4444.562422047721,6289
2016-02-13T16:00:00Z,GAS,COGENERATION,3355.0645151619115,4528
2016-02-13T16:00:00Z,GAS,COMBINED CYCLE,512.3097777480549,1716
2016-02-13T16:00:00Z,GAS,SIMPLE CYCLE,32.63299955368042,996
2016-02-13T16:00:00Z,HYDRO,HYDRO,114.67332026163737,894
2016-02-13T16:00:00Z,OTHER,BIOMASS,127.74506276713477,156
2016-02-13T16:00:00Z,OTHER,GAS COGEN,30.589210764567056,61
2016-02-13T16:00:00Z,OTHER,OIL/GAS,44.55592610041301,53
2016-02-13T16:00:00Z,OTHER,WOOD/REFUSE,71.06631332556407,158
2016-02-13T16:00:00Z,WIND,WIND,900.6171325277785,1463
2016-02-13T17:00:00Z,COAL,COAL,4493.137231504652,6289
2016-02-13T17:00:00Z,GAS,COGENERATION,3366.738241623375,4528
2016-02-13T17:00:00Z,GAS,COMBINED CYCLE,517.9585015114811,1716
2016-02-13T17:00:00Z,GAS,SIMPLE CYCLE,32.499999046325684,996
2016-02-13T17:00:00Z,HYDRO,HYDRO,141.51821902155876,894
2016-02-13T17:00:00Z,OTHER,BIOMASS,125.7454537624783,156
2016-02-13T17:00:00Z,OTHER,GAS COGEN,30.541488880581326,61
2016-02-13T17:00:00Z,OTHER,OIL/GAS,45.06228800031874,53
2016-02-13T17:00:00Z,OTHER,WOOD/REFUSE,69.31444649325476,158
2016-02-13T17:00:00Z,WIND,WIND,876.4051030818124,1463
2016-02-13T18:00:00Z,COAL,COAL,4472.11656378852,6289
2016-02-13T18:00:00Z,GAS,COGENERATION,3371.702398768862,4528
2016-02-13T18:00:00Z,GAS,COMBINED CYCLE,517.3925663932164,1716
2016-02-13T18:00:00Z,GAS,SIMPLE CYCLE,32.499999046325684,996
2016-02-13T18:00:00Z,HYDRO,HYDRO,130.7955039558808,894
2016-02-13T18:00:00Z,OTHER,BIOMASS,124.39755173206329,156
2016-02-13T18:00:00Z,OTHER,GAS COGEN,30.326938123173186,61
2016-02-13T18:00:00Z,OTHER,OIL/GAS,44.87854909261067,53
2016-02-13T18:00:00Z,OTHER,WOOD/REFUSE,68.43624109241698,158
2016-02-13T18:00:00Z,WIND,WIND,818.6886299785806,1463
2016-02-13T19:00:00Z,COAL,COAL,4479.919551743402,6289
2016-02-13T19:00:00Z,GAS,COGENERATION,3358.0497266527677,4528
2016-02-13T19:00:00Z,GAS,COMBINED CYCLE,513.004428312646,1716
2016-02-13T19:00:00Z,GAS,SIMPLE CYCLE,32.52733248392741,996
2016-02-13T19:00:00Z,HYDRO,HYDRO,112.38918479589952,894
2016-02-13T19:00:00Z,OTHER,BIOMASS,125.64219135337406,156
2016-02-13T19:00:00Z,OTHER,GAS COGEN,30.20944543626573,61
2016-02-13T19:00:00Z,OTHER,OIL/GAS,44.70387085172865,53
2016-02-13T19:00:00Z,OTHER,WOOD/REFUSE,67.37381859938304,158
2016-02-13T19:00:00Z,WIND,WIND,776.524094021784,1463
2016-02-13T20:00:00Z,COAL,COAL,4297.008094571432,6289
2016-02-13T20:00:00Z,GAS,COGENERATION,3299.276431510316,4528
2016-02-13T20:00:00Z,GAS,COMBINED CYCLE,529.6202482646041,1716
2016-02-13T20:00:00Z,GAS,SIMPLE CYCLE,32.499999046325684,996
2016-02-13T20:00:00Z,HYDRO,HYDRO,176.56360354094042,894
2016-02-13T20:00:00Z,OTHER,BIOMASS,125.14335973474715,156
2016-02-13T20:00:00Z,OTHER,GAS COGEN,30.06713636080424,61
2016-02-13T20:00:00Z,OTHER,OIL/GAS,44.798103889889184,53
2016-02-13T20:00:00Z,OTHER,WOOD/REFUSE,65.68631288952298,158
2016-02-13T20:00:00Z,WIND,WIND,785.9704723355339,1463
2016-02-13T21:00:00Z,COAL,COAL,4372.165549858941,6289
2016-02-13T21:00:00Z,GAS,COGENERATION,3271.4403038069277,4528
2016-02-13T21:00:00Z,GAS,COMBINED CYCLE,513.4229860495196,1716
2016-02-13T21:00:00Z,GAS,SIMPLE CYCLE,32.499999046325684,996
2016-02-13T21:00:00Z,HYDRO,HYDRO,135.55876626272996,894
2016-02-13T21:00:00Z,OTHER,BIOMASS,125.95215381410388,156
2016-02-13T21:00:00Z,OTHER,GAS COGEN,29.65857003847758,61
2016-02-13T21:00:00Z,OTHER,OIL/GAS,42.46098808076647,53
2016-02-13T21:00:00Z,OTHER,WOOD/REFUSE,64.30732393026352,158
2016-02-13T21:00:00Z,WIND,WIND,679.5034986073855,1463
2016-02-13T22:00:00Z,COAL,COAL,4360.927255634731,6289
2016-02-13T22:00:00Z,GAS,COGENERATION,3261.0015204230945,4528
2016-02-13T22:00:00Z,GAS,COMBINED CYCLE,520.0895479993026,1716
2016-02-13T22:00:00Z,GAS,SIMPLE CYCLE,32.499999046325684,996
2016-02-13T22:00:00Z,HYDRO,HYDRO,155.84706975392172,894
2016-02-13T22:00:00Z,OTHER,BIOMASS,127.45093523104985,156
2016-02-13T22:00:00Z,OTHER,GAS COGEN,29.612937129868403,61
2016-02-13T22:00:00Z,OTHER,OIL/GAS,42.14750464969211,53
2016-02-13T22:00:00Z,OTHER,WOOD/REFUSE,63.855791027281015,158
2016-02-13T22:00:00Z,WIND,WIND,693.4430262689293,1463
2016-02-13T23:00:00Z,COAL,COAL,4378.9888925086125,6289
2016-02-13T23:00:00Z,GAS,COGENERATION,3246.9305256181956,4528
2016-02-13T23:00:00Z,GAS,COMBINED CYCLE,514.3546409789722,1716
2016-02-13T23:00:00Z,GAS,SIMPLE CYCLE,32.499999046325684,996
2016-02-13T23:00:00Z,HYDRO,HYDRO,144.60157992877066,894
2016-02-13T23:00:00Z,OTHER,BIOMASS,127.89394310421415,156
2016-02-13T23:00:00Z,OTHER,GAS COGEN,29.61580924510956,61
2016-02-13T23:00:00Z,OTHER,OIL/GAS,41.717937289343936,53
2016-02-13T23:00:00Z,OTHER,WOOD/REFUSE,64.240168853071,158
2016-02-13T23:00:00Z,WIND,WIND,779.6388689993488,1463
2016-02-14T00:00:00Z,COAL,COAL,4342.787280871074,6289
2016-02-14T00:00:00Z,GAS,COGENERATION,3255.44097219646,4528
2016-02-14T00:00:00Z,GAS,COMBINED CYCLE,530.3693655839231,1716
2016-02-14T00:00:00Z,GAS,SIMPLE CYCLE,32.50233238855998,996
2016-02-14T00:00:00Z,HYDRO,HYDRO,270.20021848231556,894
2016-02-14T00:00:00Z,OTHER,BIOMASS,127.52121910572052,156
2016-02-14T00:00:00Z,OTHER,GAS COGEN,29.683994495603773,61
2016-02-14T00:00:00Z,OTHER,OIL/GAS,41.12000995847914,53
2016-02-14T00:00:00Z,OTHER,WOOD/REFUSE,64.76238542397817,158
2016-02-14T00:00:00Z,WIND,WIND,934.5008188140723,1463
2016-02-14T01:00:00Z,COAL,COAL,4510.002110786438,6289
2016-02-14T01:00:00Z,GAS,COGENERATION,3296.7166956711476,4528
2016-02-14T01:00:00Z,GAS,COMBINED CYCLE,531.7864581271675,1716
2016-02-14T01:00:00Z,GAS,SIMPLE CYCLE,32.499999046325684,996
2016-02-14T01:00:00Z,HYDRO,HYDRO,337.5256677284175,894
2016-02-14T01:00:00Z,OTHER,BIOMASS,127.25684794478946,156
2016-02-14T01:00:00Z,OTHER,GAS COGEN,29.86195847829183,61
2016-02-14T01:00:00Z,OTHER,OIL/GAS,41.35169897715251,53
2016-02-14T01:00:00Z,OTHER,WOOD/REFUSE,64.84255762418111,158
2016-02-14T01:00:00Z,WIND,WIND,970.6662096698086,1463
2016-02-14T02:00:00Z,COAL,COAL,4504.100682241652,6289
2016-02-14T02:00:00Z,GAS,COGENERATION,3292.3657090161905,4528
2016-02-14T02:00:00Z,GAS,COMBINED CYCLE,520.9179158507453,1716
2016-02-14T02:00:00Z,GAS,SIMPLE CYCLE,32.499999046325684,996
2016-02-14T02:00:00Z,HYDRO,HYDRO,231.13550899787083,894
2016-02-14T02:00:00Z,OTHER,BIOMASS,127.82320636934703,156
2016-02-14T02:00:00Z,OTHER,GAS COGEN,29.82385602262285,61
2016-02-14T02:00:00Z,OTHER,OIL/GAS,42.93861065970527,53
2016-02-14T02:00:00Z,OTHER,WOOD/REFUSE,64.68686855634054,158
2016-02-14T02:00:00Z,WIND,WIND,996.4713755943543,1463
2016-02-14T03:00:00Z,COAL,COAL,4416.400209854974,6289
2016-02-14T03:00:00Z,GAS,COGENERATION,3243.596760346161,4528
2016-02-14T03:00:00Z,GAS,COMBINED CYCLE,520.4131630924013,1716
2016-02-14T03:00:00Z,GAS,SIMPLE CYCLE,32.499999046325684,996
2016-02-14T03:00:00Z,HYDRO,HYDRO,209.68139365522399,894
2016-02-14T03:00:00Z,OTHER,BIOMASS,128.3780962167846,156
2016-02-14T03:00:00Z,OTHER,GAS COGEN,29.89510673734877,61
2016-02-14T03:00:00Z,OTHER,OIL/GAS,43.07612128363715,53
2016-02-14T03:00:00Z,OTHER,WOOD/REFUSE,64.56111860434214,158
2016-02-14T03:00:00Z,WIND,WIND,1028.963280440304,1463
2016-02-14T04:00:00Z,COAL,COAL,4397.4529544533625,6289
2016-02-14T04:00:00Z,GAS,COGENERATION,3240.089880151086,4528
2016-02-14T04:00:00Z,GAS,COMBINED CYCLE,511.7486544295152,1716
2016-02-14T04:00:00Z,GAS,SIMPLE CYCLE,32.50249905586243,996
2016-02-14T04:00:00Z,HYDRO,HYDRO,150.48509189541141,894
2016-02-14T04:00:00Z,OTHER,BIOMASS,126.41764449596405,156
2016-02-14T04:00:00Z,OTHER,GAS COGEN,29.929912300109862,61
2016-02-14T04:00:00Z,OTHER,OIL/GAS,44.18863212585449,53
2016-02-14T04:00:00Z,OTHER,WOOD/REFUSE,64.59164653963512,158
2016-02-14T04:00:00Z,WIND,WIND,920.1537986095581,1463
2016-02-14T05:00:00Z,COAL,COAL,4258.124632140266,6289
2016-02-14T05:00:00Z,GAS,COGENERATION,3239.6543683014975,4528
2016-02-14T05:00:00Z,GAS,COMBINED CYCLE,497.35936015420486,1716
2016-02-14T05:00:00Z,GAS,SIMPLE CYCLE,32.499999046325684,996
2016-02-14T05:00:00Z,HYDRO,HYDRO,99.94341025291219,894
2016-02-14T05:00:00Z,OTHER,BIOMASS,128.31409143606822,156
2016-02-14T05:00:00Z,OTHER,GAS COGEN,30.0857048839993,61
2016-02-14T05:00:00Z,OTHER,OIL/GAS,45.02647143257989,53
2016-02-14T05:00:00Z,OTHER,WOOD/REFUSE,65.07018514156341,158
2016-02-14T05:00:00Z,WIND,WIND,935.2714485869806,1463
2016-02-14T06:00:00Z,COAL,COAL,3914.0894844890304,6289
2016-02-14T06:00:00Z,GAS,COGENERATION,3225.1570584106444,4528
2016-02-14T06:00:00Z,GAS,COMBINED CYCLE,406.45434863130254,1716
2016-02-14T06:00:00Z,GAS,SIMPLE CYCLE,32.499999046325684,996
2016-02-14T06:00:00Z,HYDRO,HYDRO,79.98969464872447,894
2016-02-14T06:00:00Z,OTHER,BIOMASS,129.97499209774864,156
2016-02-14T06:00:00Z,OTHER,GAS COGEN,30.25370596726735,61
2016-02-14T06:00:00Z,OTHER,OIL/GAS,45.861554283565944,53
2016-02-14T06:00:00Z,OTHER,WOOD/REFUSE,65.25573034074571,158
2016-02-14T06:00:00Z,WIND,WIND,1133.8332013983197,1463
2016-02-14T07:00:00Z,COAL,COAL,3734.248210502201,6289
2016-02-14T07:00:00Z,GAS,COGENERATION,3230.144985950788,4528
2016-02-14T07:00:00Z,GAS,COMBINED CYCLE,355.8546450732814,1716
2016-02-14T07:00:00Z,GAS,SIMPLE CYCLE,32.507499074935915,996
2016-02-14T07:00:00Z,HYDRO,HYDRO,117.69609185283383,894
2016-02-14T07:00:00Z,OTHER,BIOMASS,129.51744153552585,156
2016-02-14T07:00:00Z,OTHER,GAS COGEN,30.014932015736896,61
2016-02-14T07:00:00Z,OTHER,OIL/GAS,46.22749349806044,53
2016-02-14T07:00:00Z,OTHER,WOOD/REFUSE,64.37821329116821,158
2016-02-14T07:00:00Z,WIND,WIND,1129.0498756368954,1463
2016-02-14T08:00:00Z,COAL,COAL,3758.2293512301976,6289
2016-02-14T08:00:00Z,GAS,COGENERATION,3227.0460088750388,4528
2016-02-14T08:00:00Z,GAS,COMBINED CYCLE,354.7593059521251,1716
2016-02-14T08:00:00Z,GAS,SIMPLE CYCLE,32.499999046325684,996
2016-02-14T08:00:00Z,HYDRO,HYDRO,81.29309457166326,894
2016-02-14T08:00:00Z,OTHER,BIOMASS,128.54529748757682,156
2016-02-14T08:00:00Z,OTHER,GAS COGEN,30.040578013526073,61
2016-02-14T08:00:00Z,OTHER,OIL/GAS,46.82285474353366,53
2016-02-14T08:00:00Z,OTHER,WOOD/REFUSE,64.23783513387045,158
2016-02-14T08:00:00Z,WIND,WIND,1132.6566335158877,1463
2016-02-14T09:00:00Z,COAL,COAL,3693.4437542004057,6289
2016-02-14T09:00:00Z,GAS,COGENERATION,3223.3935791328217,4528
2016-02-14T09:00:00Z,GAS,COMBINED CYCLE,346.4934019843737,1716
2016-02-14T09:00:00Z,GAS,SIMPLE CYCLE,32.504832398096724,996
2016-02-14T09:00:00Z,HYDRO,HYDRO,70.52876052349806,894
2016-02-14T09:00:00Z,OTHER,BIOMASS,128.97003617021772,156
2016-02-14T09:00:00Z,OTHER,GAS COGEN,30.293132475217185,61
2016-02-14T09:00:00Z,OTHER,OIL/GAS,47.15054888407389,53
2016-02-14T09:00:00Z,OTHER,WOOD/REFUSE,64.487152036296,158
2016-02-14T09:00:00Z,WIND,WIND,1140.9909825028976,1463
2016-02-14T10:00:00Z,COAL,COAL,3590.0901555421615,6289
2016-02-14T10:00:00Z,GAS,COGENERATION,3228.8429363003706,4528
2016-02-14T10:00:00Z,GAS,COMBINED CYCLE,339.92070075962283,1716
2016-02-14T10:00:00Z,GAS,SIMPLE CYCLE,32.63766623814901,996
2016-02-14T10:00:00Z,HYDRO,HYDRO,111.69676220877304,894
2016-02-14T10:00:00Z,OTHER,BIOMASS,128.19585462411246,156
2016-02-14T10:00:00Z,OTHER,GAS COGEN,30.029024487601383,61
2016-02-14T10:00:00Z,OTHER,OIL/GAS,46.95795402738783,53
2016-02-14T10:00:00Z,OTHER,WOOD/REFUSE,64.2994797205925,158
2016-02-14T10:00:00Z,WIND,WIND,1127.8784224343465,1463
2016-02-14T11:00:00Z,COAL,COAL,3658.094241388109,6289
2016-02-14T11:00:00Z,GAS,COGENERATION,3234.233907801178,4528
2016-02-14T11:00:00Z,GAS,COMBINED CYCLE,340.462753894594,1716
2016-02-14T11:00:00Z,GAS,SIMPLE CYCLE,32.487776806619436,996
2016-02-14T11:00:00Z,HYDRO,HYDRO,107.73587666773133,894
2016-02-14T11:00:00Z,OTHER,BIOMASS,129.88081531100804,156
2016-02-14T11:00:00Z,OTHER,GAS COGEN,30.096491856045194,61
2016-02-14T11:00:00Z,OTHER,OIL/GAS,47.647226354810925,53
2016-02-14T11:00:00Z,OTHER,WOOD/REFUSE,65.7262631199095,158
2016-02-14T11:00:00Z,WIND,WIND,1060.1516736144572,1463
2016-02-14T12:00:00Z,COAL,COAL,3713.396472557916,6289
2016-02-14T12:00:00Z,GAS,COGENERATION,3227.9760355326866,4528
2016-02-14T12:00:00Z,GAS,COMBINED CYCLE,340.1837221324444,1716
2016-02-14T12:00:00Z,GAS,SIMPLE CYCLE,32.520165789922075,996
2016-02-14T12:00:00Z,HYDRO,HYDRO,89.73357251869307,894
2016-02-14T12:00:00Z,OTHER,BIOMASS,130.48455563969083,156
2016-02-14T12:00:00Z,OTHER,GAS COGEN,30.10421306875017,61
2016-02-14T12:00:00Z,OTHER,OIL/GAS,47.859732242160376,53
2016-02-14T12:00:00Z,OTHER,WOOD/REFUSE,65.62371860106786,158
2016-02-14T12:00:00Z,WIND,WIND,1078.3042899591971,1463
2016-02-14T13:00:00Z,COAL,COAL,3721.2331637615625,6289
2016-02-14T13:00:00Z,GAS,COGENERATION,3246.4537202175457,4528
2016-02-14T13:00:00Z,GAS,COMBINED CYCLE,341.7716782683796,1716
2016-02-14T13:00:00Z,GAS,SIMPLE CYCLE,32.407887623045184,996
2016-02-14T13:00:00Z,HYDRO,HYDRO,105.79035125866532,894
2016-02-14T13:00:00Z,OTHER,BIOMASS,128.98739201837114,156
2016-02-14T13:00:00Z,OTHER,GAS COGEN,30.04524105442895,61
2016-02-14T13:00:00Z,OTHER,OIL/GAS,47.31517691930135,53
2016-02-14T13:00:00Z,OTHER,WOOD/REFUSE,65.58374642001257,158
2016-02-14T13:00:00Z,WIND,WIND,1097.0213253040777,1463
2016-02-14T14:00:00Z,COAL,COAL,3855.25782752143,6289
2016-02-14T14:00:00Z,GAS,COGENERATION,3264.3539702127377,4528
2016-02-14T14:00:00Z,GAS,COMBINED CYCLE,356.9179884582096,1716
2016-02-14T14:00:00Z,GAS,SIMPLE CYCLE,32.48433231989543,996
2016-02-14T14:00:00Z,HYDRO,HYDRO,157.40318955754242,894
2016-02-14T14:00:00Z,OTHER,BIOMASS,127.1147812464502,156
2016-02-14T14:00:00Z,OTHER,GAS COGEN,30.27599542617798,61
2016-02-14T14:00:00Z,OTHER,OIL/GAS,47.44106570137872,53
2016-02-14T14:00:00Z,OTHER,WOOD/REFUSE,65.10953573120965,158
2016-02-14T14:00:00Z,WIND,WIND,993.7405801219907,1463
2016-02-14T15:00:00Z,COAL,COAL,3951.7276419236923,6289
2016-02-14T15:00:00Z,GAS,COGENERATION,3259.3088251403306,4528
2016-02-14T15:00:00Z,GAS,COMBINED CYCLE,355.91288499322206,1716
2016-02-14T15:00:00Z,GAS,SIMPLE CYCLE,32.514999103546145,996
2016-02-14T15:00:00Z,HYDRO,HYDRO,139.05320954485072,894
2016-02-14T15:00:00Z,OTHER,BIOMASS,126.18697973304324,156
2016-02-14T15:00:00Z,OTHER,GAS COGEN,30.106273898018728,61
2016-02-14T15:00:00Z,OTHER,OIL/GAS,47.763827052646214,53
2016-02-14T15:00:00Z,OTHER,WOOD/REFUSE,64.67038550429874,158
2016-02-14T15:00:00Z,WIND,WIND,986.2032135368304,1463
2016-02-14T16:00:00Z,COAL,COAL,4025.403811518351,6289
2016-02-14T16:00:00Z,GAS,COGENERATION,3256.4618905754883,4528
2016-02-14T16:00:00Z,GAS,COMBINED CYCLE,379.2591267887751,1716
2016-02-14T16:00:00Z,GAS,SIMPLE CYCLE,32.49816570599874,996
2016-02-14T16:00:00Z,HYDRO,HYDRO,179.49074124063054,894
2016-02-14T16:00:00Z,OTHER,BIOMASS,127.25007370789845,156
2016-02-14T16:00:00Z,OTHER,GAS COGEN,30.16285895718469,61
2016-02-14T16:00:00Z,OTHER,OIL/GAS,47.38599339379205,53
2016-02-14T16:00:00Z,OTHER,WOOD/REFUSE,65.07167433235381,158
2016-02-14T16:00:00Z,WIND,WIND,941.0134229989847,1463
2016-02-14T17:00:00Z,COAL,COAL,4190.557824261983,6289
2016-02-14T17:00:00Z,GAS,COGENERATION,3263.8723026823995,4528
2016-02-14T17:00:00Z,GAS,COMBINED CYCLE,449.7045364518298,1716
2016-02-14T17:00:00Z,GAS,SIMPLE CYCLE,32.40499868392944,996
2016-02-14T17:00:00Z,HYDRO,HYDRO,161.30390229491724,894
2016-02-14T17:00:00Z,OTHER,BIOMASS,125.1101176155938,156
2016-02-14T17:00:00Z,OTHER,GAS COGEN,29.9793312019772,61
2016-02-14T17:00:00Z,OTHER,OIL/GAS,47.676065326266816,53
2016-02-14T17:00:00Z,OTHER,WOOD/REFUSE,65.03336877319548,158
2016-02-14T17:00:00Z,WIND,WIND,832.0274414629903,1463
2016-02-14T18:00:00Z,COAL,COAL,4221.174958093431,6289
2016-02-14T18:00:00Z,GAS,COGENERATION,3258.5113337123394,4528
2016-02-14T18:00:00Z,GAS,COMBINED CYCLE,465.5977354472875,1716
2016-02-14T18:00:00Z,GAS,SIMPLE CYCLE,30.34361010551452,996
2016-02-14T18:00:00Z,HYDRO,HYDRO,104.47573756204712,894
2016-02-14T18:00:00Z,OTHER,BIOMASS,125.42511090225643,156
2016-02-14T18:00:00Z,OTHER,GAS COGEN,29.9759367858039,61
2016-02-14T18:00:00Z,OTHER,OIL/GAS,47.78803207397461,53
2016-02-14T18:00:00Z,OTHER,WOOD/REFUSE,65.15508512470458,158
2016-02-14T18:00:00Z,WIND,WIND,887.3449013931884,1463
2016-02-14T19:00:00Z,COAL,COAL,4199.31905427297,6289
2016-02-14T19:00:00Z,GAS,COGENERATION,3249.841264136632,4528
2016-02-14T19:00:00Z,GAS,COMBINED CYCLE,437.5928787542714,1716
2016-02-14T19:00:00Z,GAS,SIMPLE CYCLE,28.999999046325684,996
2016-02-14T19:00:00Z,HYDRO,HYDRO,112.97637173187401,894
2016-02-14T19:00:00Z,OTHER,BIOMASS,125.80199692090352,156
2016-02-14T19:00:00Z,OTHER,GAS COGEN,29.658786458969118,61
2016-02-14T19:00:00Z,OTHER,OIL/GAS,47.477181650797526,53
2016-02-14T19:00:00Z,OTHER,WOOD/REFUSE,65.49695805549621,158
2016-02-14T19:00:00Z,WIND,WIND,923.8938435047203,1463
2016-02-14T20:00:00Z,COAL,COAL,4079.420952542623,6289
2016-02-14T20:00:00Z,GAS,COGENERATION,3231.341562886503,4528
2016-02-14T20:00:00Z,GAS,COMBINED CYCLE,373.23345764180027,1716
2016-02-14T20:00:00Z,GAS,SIMPLE CYCLE,29.017499113082884,996
2016-02-14T20:00:00Z,HYDRO,HYDRO,149.40853522939813,894
2016-02-14T20:00:00Z,OTHER,BIOMASS,124.54123088412815,156
2016-02-14T20:00:00Z,OTHER,GAS COGEN,29.537776680522494,61
2016-02-14T20:00:00Z,OTHER,OIL/GAS,47.57971636666192,53
2016-02-14T20:00:00Z,OTHER,WOOD/REFUSE,65.24141295512517,158
2016-02-14T20:00:00Z,WIND,WIND,1020.4183326152298,1463
2016-02-14T21:00:00Z,COAL,COAL,3994.940725741916,6289
2016-02-14T21:00:00Z,GAS,COGENERATION,3214.9731531430616,4528
2016-02-14T21:00:00Z,GAS,COMBINED CYCLE,389.8558346024487,1716
2016-02-14T21:00:00Z,GAS,SIMPLE CYCLE,28.999999046325684,996
2016-02-14T21:00:00Z,HYDRO,HYDRO,207.8477682126148,894
2016-02-14T21:00:00Z,OTHER,BIOMASS,123.51192627535926,156
2016-02-14T21:00:00Z,OTHER,GAS COGEN,29.45879938920339,61
2016-02-14T21:00:00Z,OTHER,OIL/GAS,47.904777103000214,53
2016-02-14T21:00:00Z,OTHER,WOOD/REFUSE,65.49815188222462,158
2016-02-14T21:00:00Z,WIND,WIND,999.2775992061695,1463
2016-02-14T22:00:00Z,COAL,COAL,4112.646115599739,6289
2016-02-14T22:00:00Z,GAS,COGENERATION,3226.0809691919885,4528
2016-02-14T22:00:00Z,GAS,COMBINED CYCLE,392.5917293141286,1716
2016-02-14T22:00:00Z,GAS,SIMPLE CYCLE,28.999999046325684,996
2016-02-14T22:00:00Z,HYDRO,HYDRO,212.11080006576248,894
2016-02-14T22:00:00Z,OTHER,BIOMASS,124.56072891367806,156
2016-02-14T22:00:00Z,OTHER,GAS COGEN,29.43837098651462,61
2016-02-14T22:00:00Z,OTHER,OIL/GAS,47.43271074930827,53
2016-02-14T22:00:00Z,OTHER,WOOD/REFUSE,66.2594298028946,158
2016-02-14T22:00:00Z,WIND,WIND,903.6030469515589,1463
2016-02-14T23:00:00Z,COAL,COAL,4253.736438229878,6289
2016-02-14T23:00:00Z,GAS,COGENERATION,3240.410194045835,4528
2016-02-14T23:00:00Z,GAS,COMBINED CYCLE,454.0297790884309,1716
2016-02-14T23:00:00Z,GAS,SIMPLE CYCLE,28.999999046325684,996
2016-02-14T23:00:00Z,HYDRO,HYDRO,175.44268666005797,894
2016-02-14T23:00:00Z,OTHER,BIOMASS,124.00249590767754,156
2016-02-14T23:00:00Z,OTHER,GAS COGEN,29.63345235188802,61
2016-02-14T23:00:00Z,OTHER,OIL/GAS,47.60977684020996,53
2016-02-14T23:00:00Z,OTHER,WOOD/REFUSE,64.6861300664478,158
2016-02-14T23:00:00Z,WIND,WIND,904.288141078088,1463
2016-02-15T00:00:00Z,COAL,COAL,4419.585647184584,6289
2016-02-15T00:00:00Z,GAS,COGENERATION,3257.0839389019543,4528
2016-02-15T00:00:00Z,GAS,COMBINED CYCLE,499.44836888803377,1716
2016-02-15T00:00:00Z,GAS,SIMPLE CYCLE,28.999999046325684,996
2016-02-15T00:00:00Z,HYDRO,HYDRO,214.95986507094574,894
2016-02-15T00:00:00Z,OTHER,BIOMASS,126.39000741375817,156
2016-02-15T00:00:00Z,OTHER,GAS COGEN,29.837224690119424,61
2016-02-15T00:00:00Z,OTHER,OIL/GAS,47.873270439571805,53
2016-02-15T00:00:00Z,OTHER,WOOD/REFUSE,65.00892406622569,158
2016-02-15T00:00:00Z,WIND,WIND,964.1971379241016,1463
2016-02-15T01:00:00Z,COAL,COAL,4548.143190727234,6289
2016-02-15T01:00:00Z,GAS,COGENERATION,3266.997389945057,4528
2016-02-15T01:00:00Z,GAS,COMBINED CYCLE,499.1874956555499,1716
2016-02-15T01:00:00Z,GAS,SIMPLE CYCLE,28.999999046325684,996
2016-02-15T01:00:00Z,HYDRO,HYDRO,269.5152969857719,894
2016-02-15T01:00:00Z,OTHER,BIOMASS,128.11919741180208,156
2016-02-15T01:00:00Z,OTHER,GAS COGEN,30.024808604452346,61
2016-02-15T01:00:00Z,OTHER,OIL/GAS,47.5040266778734,53
2016-02-15T01:00:00Z,OTHER,WOOD/REFUSE,65.22758524576822,158
2016-02-15T01:00:00Z,WIND,WIND,911.3983524698019,1463
2016-02-15T02:00:00Z,COAL,COAL,4498.4726387320625,6289
2016-02-15T02:00:00Z,GAS,COGENERATION,3270.8076254744,4528
2016-02-15T02:00:00Z,GAS,COMBINED CYCLE,508.94591365443335,1716
2016-02-15T02:00:00Z,GAS,SIMPLE CYCLE,29.12444337209066,996
2016-02-15T02:00:00Z,HYDRO,HYDRO,220.49574398696421,894
2016-02-15T02:00:00Z,OTHER,BIOMASS,125.32395471069547,156
2016-02-15T02:00:00Z,OTHER,GAS COGEN,30.080647290547688,61
2016-02-15T02:00:00Z,OTHER,OIL/GAS,47.57062153710259,53
2016-02-15T02:00:00Z,OTHER,WOOD/REFUSE,65.56456886212031,158
2016-02-15T02:00:00Z,WIND,WIND,883.7263451210823,1463
2016-02-15T03:00:00Z,COAL,COAL,4433.663571912977,6289
2016-02-15T03:00:00Z,GAS,COGENERATION,3275.1501307148405,4528
2016-02-15T03:00:00Z,GAS,COMBINED CYCLE,500.45708527233865,1716
2016-02-15T03:00:00Z,GAS,SIMPLE CYCLE,29.19999885559082,996
2016-02-15T03:00:00Z,HYDRO,HYDRO,194.422992490381,894
2016-02-15T03:00:00Z,OTHER,BIOMASS,123.91241552909214,156
2016-02-15T03:00:00Z,OTHER,GAS COGEN,29.837038174205357,61
2016-02-15T03:00:00Z,OTHER,OIL/GAS,47.69944846259223,53
2016-02-15T03:00:00Z,OTHER,WOOD/REFUSE,65.53854677809609,158
2016-02-15T03:00:00Z,WIND,WIND,853.4952674656776,1463
2016-02-15T04:00:00Z,COAL,COAL,4270.197461395263,6289
2016-02-15T04:00:00Z,GAS,COGENERATION,3273.893237602446,4528
2016-02-15T04:00:00Z,GAS,COMBINED CYCLE,486.38717450386946,1716
2016-02-15T04:00:00Z,GAS,SIMPLE CYCLE,29.21749892234802,996
2016-02-15T04:00:00Z,HYDRO,HYDRO,154.15703136511146,894
2016-02-15T04:00:00Z,OTHER,BIOMASS,125.47080327908198,156
2016-02-15T04:00:00Z,OTHER,GAS COGEN,29.82983917342292,61
2016-02-15T04:00:00Z,OTHER,OIL/GAS,47.839710324605306,53
2016-02-15T04:00:00Z,OTHER,WOOD/REFUSE,65.7780575214492,158
2016-02-15T04:00:00Z,WIND,WIND,927.0755925945275,1463
2016-02-15T05:00:00Z,COAL,COAL,4158.181902207269,6289
2016-02-15T05:00:00Z,GAS,COGENERATION,3274.730552406046,4528
2016-02-15T05:00:00Z,GAS,COMBINED CYCLE,380.59351018786424,1716
2016-02-15T05:00:00Z,GAS,SIMPLE CYCLE,29.19999885559082,996
2016-02-15T05:00:00Z,HYDRO,HYDRO,139.5196124870744,894
2016-02-15T05:00:00Z,OTHER,BIOMASS,128.27932318263584,156
2016-02-15T05:00:00Z,OTHER,GAS COGEN,29.681250023841855,61
2016-02-15T05:00:00Z,OTHER,OIL/GAS,47.65104405509101,53
2016-02-15T05:00:00Z,OTHER,WOOD/REFUSE,65.57695208496517,158
2016-02-15T05:00:00Z,WIND,WIND,988.1919638730254,1463
2016-02-15T06:00:00Z,COAL,COAL,4055.361052123176,6289
2016-02-15T06:00:00Z,GAS,COGENERATION,3257.8889111258586,4528
2016-02-15T06:00:00Z,GAS,COMBINED CYCLE,364.79273032890427,1716
2016-02-15T06:00:00Z,GAS,SIMPLE CYCLE,29.19999885559082,996
2016-02-15T06:00:00Z,HYDRO,HYDRO,95.2924627453751,894
2016-02-15T06:00:00Z,OTHER,BIOMASS,127.19480892976124,156
2016-02-15T06:00:00Z,OTHER,GAS COGEN,29.755314927630955,61
2016-02-15T06:00:00Z,OTHER,OIL/GAS,47.98843270407782,53
2016-02-15T06:00:00Z,OTHER,WOOD/REFUSE,65.10192928817537,158
2016-02-15T06:00:00Z,WIND,WIND,993.8464426285442,1463
2016-02-15T07:00:00Z,COAL,COAL,4042.8127002673677,6289
2016-02-15T07:00:00Z,GAS,COGENERATION,3248.950507982307,4528
2016-02-15T07:00:00Z,GAS,COMBINED CYCLE,345.7420887247059,1716
2016-02-15T07:00:00Z,GAS,SIMPLE CYCLE,29.20749888420105,996
2016-02-15T07:00:00Z,HYDRO,HYDRO,81.96550736554795,894
2016-02-15T07:00:00Z,OTHER,BIOMASS,125.3200600888994,156
2016-02-15T07:00:00Z,OTHER,GAS COGEN,39.94710184044308,61
2016-02-15T07:00:00Z,OTHER,OIL/GAS,47.76410980648465,53
2016-02-15T07:00:00Z,OTHER,WOOD/REFUSE,62.80898531224993,158
2016-02-15T07:00:00Z,WIND,WIND,911.791485532191,1463
2016-02-15T08:00:00Z,COAL,COAL,3921.673905249702,6289
2016-02-15T08:00:00Z,GAS,COGENERATION,3256.012313956751,4528
2016-02-15T08:00:00Z,GAS,COMBINED CYCLE,335.1940394947264,1716
2016-02-15T08:00:00Z,GAS,SIMPLE CYCLE,29.204832207361857,996
2016-02-15T08:00:00Z,HYDRO,HYDRO,115.23167378488515,894
2016-02-15T08:00:00Z,OTHER,BIOMASS,125.94109236293369,156
2016-02-15T08:00:00Z,OTHER,GAS COGEN,44.07570148679945,61
2016-02-15T08:00:00Z,OTHER,OIL/GAS,47.64216499328613,53
2016-02-15T08:00:00Z,OTHER,WOOD/REFUSE,62.775440852377145,158
2016-02-15T08:00:00Z,WIND,WIND,949.0029133194437,1463
2016-02-15T09:00:00Z,COAL,COAL,3902.7490987947253,6289
2016-02-15T09:00:00Z,GAS,COGENERATION,3249.3281364203826,4528
2016-02-15T09:00:00Z,GAS,COMBINED CYCLE,336.60428147355714,1716
2016-02-15T09:00:00Z,GAS,SIMPLE CYCLE,29.19999885559082,996
2016-02-15T09:00:00Z,HYDRO,HYDRO,75.05224837270048,894
2016-02-15T09:00:00Z,OTHER,BIOMASS,127.70184249268638,156
2016-02-15T09:00:00Z,OTHER,GAS COGEN,44.09323273976644,61
2016-02-15T09:00:00Z,OTHER,OIL/GAS,47.77383310953776,53
2016-02-15T09:00:00Z,OTHER,WOOD/REFUSE,64.29028528875774,158
2016-02-15T09:00:00Z,WIND,WIND,1010.5473503392273,1463
2016-02-15T10:00:00Z,COAL,COAL,3742.9465611775718,6289
2016-02-15T10:00:00Z,GAS,COGENERATION,3244.942457516856,4528
2016-02-15T10:00:00Z,GAS,COMBINED CYCLE,336.6338187279304,1716
2016-02-15T10:00:00Z,GAS,SIMPLE CYCLE,29.19999885559082,996
2016-02-15T10:00:00Z,HYDRO,HYDRO,72.01663073920541,894
2016-02-15T10:00:00Z,OTHER,BIOMASS,128.91973709212408,156
2016-02-15T10:00:00Z,OTHER,GAS COGEN,43.897479981316465,61
2016-02-15T10:00:00Z,OTHER,OIL/GAS,47.79215401755439,53
2016-02-15T10:00:00Z,OTHER,WOOD/REFUSE,64.00439089139303,158
2016-02-15T10:00:00Z,WIND,WIND,1151.4751697240936,1463
2016-02-15T11:00:00Z,COAL,COAL,3638.5177645450167,6289
2016-02-15T11:00:00Z,GAS,COGENERATION,3235.877390310831,4528
2016-02-15T11:00:00Z,GAS,COMBINED CYCLE,335.87323700408143,1716
2016-02-15T11:00:00Z,GAS,SIMPLE CYCLE,26.797276581393348,996
2016-02-15T11:00:00Z,HYDRO,HYDRO,69.96948693033721,894
2016-02-15T11:00:00Z,OTHER,BIOMASS,124.22160107135772,156
2016-02-15T11:00:00Z,OTHER,GAS COGEN,43.864954093827144,61
2016-02-15T11:00:00Z,OTHER,OIL/GAS,47.57827587975396,53
2016-02-15T11:00:00Z,OTHER,WOOD/REFUSE,64.46069652292464,158
2016-02-15T11:00:00Z,WIND,WIND,1240.4836589741706,1463
2016-02-15T12:00:00Z,COAL,COAL,3601.8321885111595,6289
2016-02-15T12:00:00Z,GAS,COGENERATION,3243.2893030479217,4528
2016-02-15T12:00:00Z,GAS,COMBINED CYCLE,336.67938010427685,1716
2016-02-15T12:00:00Z,GAS,SIMPLE CYCLE,25.89766579945882,996
2016-02-15T12:00:00Z,HYDRO,HYDRO,98.94211900919676,894
2016-02-15T12:00:00Z,OTHER,BIOMASS,126.26938939677345,156
2016-02-15T12:00:00Z,OTHER,GAS COGEN,43.81453872998556,61
2016-02-15T12:00:00Z,OTHER,OIL/GAS,47.932999254862466,53
2016-02-15T12:00:00Z,OTHER,WOOD/REFUSE,64.68097963677512,158
2016-02-15T12:00:00Z,WIND,WIND,1278.3804778037966,1463
2016-02-15T13:00:00Z,COAL,COAL,3702.191580560472,6289
2016-02-15T13:00:00Z,GAS,COGENERATION,3267.165165615479,4528
2016-02-15T13:00:00Z,GAS,COMBINED CYCLE,337.01661587152216,1716
2016-02-15T13:00:00Z,GAS,SIMPLE CYCLE,26.262387657430438,996
2016-02-15T13:00:00Z,HYDRO,HYDRO,149.95861950435574,894
2016-02-15T13:00:00Z,OTHER,BIOMASS,127.5702540699641,156
2016-02-15T13:00:00Z,OTHER,GAS COGEN,43.82957356876797,61
2016-02-15T13:00:00Z,OTHER,OIL/GAS,47.76403807957967,53
2016-02-15T13:00:00Z,OTHER,WOOD/REFUSE,62.71699093474282,158
2016-02-15T13:00:00Z,WIND,WIND,1159.942044084867,1463
2016-02-15T14:00:00Z,COAL,COAL,3950.8601521661544,6289
2016-02-15T14:00:00Z,GAS,COGENERATION,3289.4341610205174,4528
2016-02-15T14:00:00Z,GAS,COMBINED CYCLE,359.38334841774565,1716
2016-02-15T14:00:00Z,GAS,SIMPLE CYCLE,25.80249876976013,996
2016-02-15T14:00:00Z,HYDRO,HYDRO,211.8628087805046,894
2016-02-15T14:00:00Z,OTHER,BIOMASS,123.53013335916731,156
2016-02-15T14:00:00Z,OTHER,GAS COGEN,43.87863496038649,61
2016-02-15T14:00:00Z,OTHER,OIL/GAS,47.5601209725274,53
2016-02-15T14:00:00Z,OTHER,WOOD/REFUSE,64.32855182965596,158
2016-02-15T14:00:00Z,WIND,WIND,1004.3604064652654,1463
2016-02-15T15:00:00Z,COAL,COAL,4202.584316287571,6289
2016-02-15T15:00:00Z,GAS,COGENERATION,3308.8931193655067,4528
2016-02-15T15:00:00Z,GAS,COMBINED CYCLE,421.30135899239116,1716
2016-02-15T15:00:00Z,GAS,SIMPLE CYCLE,25.80722098244561,996
2016-02-15T15:00:00Z,HYDRO,HYDRO,189.92325774128238,894
2016-02-15T15:00:00Z,OTHER,BIOMASS,122.8598375807868,156
2016-02-15T15:00:00Z,OTHER,GAS COGEN,44.637226198514306,61
2016-02-15T15:00:00Z,OTHER,OIL/GAS,47.7447484503852,53
2016-02-15T15:00:00Z,OTHER,WOOD/REFUSE,64.88616860601637,158
2016-02-15T15:00:00Z,WIND,WIND,747.0399107313488,1463
2016-02-15T16:00:00Z,COAL,COAL,4600.303427467346,6289
2016-02-15T16:00:00Z,GAS,COGENERATION,3352.1226002233557,4528
2016-02-15T16:00:00Z,GAS,COMBINED CYCLE,521.9042636562056,1716
2016-02-15T16:00:00Z,GAS,SIMPLE CYCLE,27.024276461601257,996
2016-02-15T16:00:00Z,HYDRO,HYDRO,162.07418414400684,894
2016-02-15T16:00:00Z,OTHER,BIOMASS,122.66230261908638,156
2016-02-15T16:00:00Z,OTHER,GAS COGEN,44.81135524219937,61
2016-02-15T16:00:00Z,OTHER,OIL/GAS,47.72218812306722,53
2016-02-15T16:00:00Z,OTHER,WOOD/REFUSE,66.72213013119168,158
2016-02-15T16:00:00Z,WIND,WIND,394.46250797116096,1463
2016-02-15T17:00:00Z,COAL,COAL,4722.92590648863,6289
2016-02-15T17:00:00Z,GAS,COGENERATION,3375.996374784708,4528
2016-02-15T17:00:00Z,GAS,COMBINED CYCLE,514.8163042415513,1716
2016-02-15T17:00:00Z,GAS,SIMPLE CYCLE,30.72844320032332,996
2016-02-15T17:00:00Z,HYDRO,HYDRO,119.58512695148588,894
2016-02-15T17:00:00Z,OTHER,BIOMASS,122.7233046409819,156
2016-02-15T17:00:00Z,OTHER,GAS COGEN,44.91270064777798,61
2016-02-15T17:00:00Z,OTHER,OIL/GAS,47.625260223812525,53
2016-02-15T17:00:00Z,OTHER,WOOD/REFUSE,67.29224644290076,158
2016-02-15T17:00:00Z,WIND,WIND,451.59270910301143,1463
2016-02-15T18:00:00Z,COAL,COAL,4764.235352306366,6289
2016-02-15T18:00:00Z,GAS,COGENERATION,3373.037836926116,4528
2016-02-15T18:00:00Z,GAS,COMBINED CYCLE,519.4521219912502,1716
2016-02-15T18:00:00Z,GAS,SIMPLE CYCLE,32.5986665948232,996
2016-02-15T18:00:00Z,HYDRO,HYDRO,130.23762821240558,894
2016-02-15T18:00:00Z,OTHER,BIOMASS,119.80117200692496,156
2016-02-15T18:00:00Z,OTHER,GAS COGEN,44.89158860736423,61
2016-02-15T18:00:00Z,OTHER,OIL/GAS,47.814054304758706,53
2016-02-15T18:00:00Z,OTHER,WOOD/REFUSE,66.82156849039926,158
2016-02-15T18:00:00Z,WIND,WIND,485.85141246986467,1463
2016-02-15T19:00:00Z,COAL,COAL,4727.3675585852725,6289
2016-02-15T19:00:00Z,GAS,COGENERATION,3354.10600404448,4528
2016-02-15T19:00:00Z,GAS,COMBINED CYCLE,514.4522929088275,1716
2016-02-15T19:00:00Z,GAS,SIMPLE CYCLE,32.53272140926785,996
2016-02-15T19:00:00Z,HYDRO,HYDRO,120.78479710082213,894
2016-02-15T19:00:00Z,OTHER,BIOMASS,120.75673122988806,156
2016-02-15T19:00:00Z,OTHER,GAS COGEN,44.93243248197767,61
2016-02-15T19:00:00Z,OTHER,OIL/GAS,47.9133876101176,53
2016-02-15T19:00:00Z,OTHER,WOOD/REFUSE,66.70434042056402,158
2016-02-15T19:00:00Z,WIND,WIND,516.344708955288,1463
2016-02-15T20:00:00Z,COAL,COAL,4642.786723929511,6289
2016-02-15T20:00:00Z,GAS,COGENERATION,3332.931434733338,4528
2016-02-15T20:00:00Z,GAS,COMBINED CYCLE,515.6792115114133,1716
2016-02-15T20:00:00Z,GAS,SIMPLE CYCLE,32.499999046325684,996
2016-02-15T20:00:00Z,HYDRO,HYDRO,167.89956483698552,894
2016-02-15T20:00:00Z,OTHER,BIOMASS,121.92322232246399,156
2016-02-15T20:00:00Z,OTHER,GAS COGEN,44.82978140513102,61
2016-02-15T20:00:00Z,OTHER,OIL/GAS,48.06962164984809,53
2016-02-15T20:00:00Z,OTHER,WOOD/REFUSE,67.05174627568987,158
2016-02-15T20:00:00Z,WIND,WIND,503.82123736538824,1463
2016-02-15T21:00:00Z,COAL,COAL,4526.379247392018,6289
2016-02-15T21:00:00Z,GAS,COGENERATION,3333.086777691709,4528
2016-02-15T21:00:00Z,GAS,COMBINED CYCLE,515.6405988163418,1716
2016-02-15T21:00:00Z,GAS,SIMPLE CYCLE,32.499999046325684,996
2016-02-15T21:00:00Z,HYDRO,HYDRO,125.60097019559807,894
2016-02-15T21:00:00Z,OTHER,BIOMASS,121.79679785834419,156
2016-02-15T21:00:00Z,OTHER,GAS COGEN,44.708934096230394,61
2016-02-15T21:00:00Z,OTHER,OIL/GAS,47.39585067113241,53
2016-02-15T21:00:00Z,OTHER,WOOD/REFUSE,67.2713519499037,158
2016-02-15T21:00:00Z,WIND,WIND,638.8957063326736,1463
2016-02-15T22:00:00Z,COAL,COAL,4384.5707428593105,6289
2016-02-15T22:00:00Z,GAS,COGENERATION,3325.8715228827796,4528
2016-02-15T22:00:00Z,GAS,COMBINED CYCLE,494.54052528487307,1716
2016-02-15T22:00:00Z,GAS,SIMPLE CYCLE,29.1209443532096,996
2016-02-15T22:00:00Z,HYDRO,HYDRO,146.59320464604428,894
2016-02-15T22:00:00Z,OTHER,BIOMASS,120.27227715704176,156
2016-02-15T22:00:00Z,OTHER,GAS COGEN,44.84134497960408,61
2016-02-15T22:00:00Z,OTHER,OIL/GAS,47.72652113808526,53
2016-02-15T22:00:00Z,OTHER,WOOD/REFUSE,66.81913517687056,158
2016-02-15T22:00:00Z,WIND,WIND,762.3321977633237,1463
2016-02-15T23:00:00Z,COAL,COAL,4506.739167043898,6289
2016-02-15T23:00:00Z,GAS,COGENERATION,3341.1361731502743,4528
2016-02-15T23:00:00Z,GAS,COMBINED CYCLE,526.8973084634542,1716
2016-02-15T23:00:00Z,GAS,SIMPLE CYCLE,28.502333334816825,996
2016-02-15T23:00:00Z,HYDRO,HYDRO,216.04606938438283,894
2016-02-15T23:00:00Z,OTHER,BIOMASS,121.29973437945048,156
2016-02-15T23:00:00Z,OTHER,GAS COGEN,44.85592948595682,61
2016-02-15T23:00:00Z,OTHER,OIL/GAS,47.83623346328736,53
2016-02-15T23:00:00Z,OTHER,WOOD/REFUSE,66.73182962523566,158
2016-02-15T23:00:00Z,WIND,WIND,643.4700636648138,1463
2016-02-16T00:00:00Z,COAL,COAL,4730.984003550211,6289
2016-02-16T00:00:00Z,GAS,COGENERATION,3356.315695833365,4528
2016-02-16T00:00:00Z,GAS,COMBINED CYCLE,563.8261116163598,1716
2016-02-16T00:00:00Z,GAS,SIMPLE CYCLE,28.530000019073487,996
2016-02-16T00:00:00Z,HYDRO,HYDRO,284.64571549316247,894
2016-02-16T00:00:00Z,OTHER,BIOMASS,121.47208976268769,156
2016-02-16T00:00:00Z,OTHER,GAS COGEN,44.992710184521144,61
2016-02-16T00:00:00Z,OTHER,OIL/GAS,47.790571240319146,53
2016-02-16T00:00:00Z,OTHER,WOOD/REFUSE,67.01312951776717,158
2016-02-16T00:00:00Z,WIND,WIND,513.0541089251141,1463
2016-02-16T01:00:00Z,COAL,COAL,4862.19289897071,6289
2016-02-16T01:00:00Z,GAS,COGENERATION,3449.5591686215666,4528
2016-02-16T01:00:00Z,GAS,COMBINED CYCLE,562.9618181555801,1716
2016-02-16T01:00:00Z,GAS,SIMPLE CYCLE,28.5,996
2016-02-16T01:00:00Z,HYDRO,HYDRO,311.8680724916524,894
2016-02-16T01:00:00Z,OTHER,BIOMASS,120.89199482652876,156
2016-02-16T01:00:00Z,OTHER,GAS COGEN,45.140098453627694,61
2016-02-16T01:00:00Z,OTHER,OIL/GAS,47.64764908260769,53
2016-02-16T01:00:00Z,OTHER,WOOD/REFUSE,66.93361332178115,158
2016-02-16T01:00:00Z,WIND,WIND,501.8570237351871,1463
2016-02-16T02:00:00Z,COAL,COAL,4808.504199869368,6289
2016-02-16T02:00:00Z,GAS,COGENERATION,3414.931905034383,4528
2016-02-16T02:00:00Z,GAS,COMBINED CYCLE,561.4995375161038,1716
2016-02-16T02:00:00Z,GAS,SIMPLE CYCLE,28.522500014305116,996
2016-02-16T02:00:00Z,HYDRO,HYDRO,261.6809668607513,894
2016-02-16T02:00:00Z,OTHER,BIOMASS,116.85699833658006,156
2016-02-16T02:00:00Z,OTHER,GAS COGEN,45.426283259921604,61
2016-02-16T02:00:00Z,OTHER,OIL/GAS,47.49309981028239,53
2016-02-16T02:00:00Z,OTHER,WOOD/REFUSE,65.14755709489187,158
2016-02-16T02:00:00Z,WIND,WIND,566.3871374696245,1463
2016-02-16T03:00:00Z,COAL,COAL,4868.2700989278155,6289
2016-02-16T03:00:00Z,GAS,COGENERATION,3448.4870173186064,4528
2016-02-16T03:00:00Z,GAS,COMBINED CYCLE,558.7110653681225,1716
2016-02-16T03:00:00Z,GAS,SIMPLE CYCLE,28.5,996
2016-02-16T03:00:00Z,HYDRO,HYDRO,244.8154562126928,894
2016-02-16T03:00:00Z,OTHER,BIOMASS,119.83123237980736,156
2016-02-16T03:00:00Z,OTHER,GAS COGEN,45.1178083398607,61
2016-02-16T03:00:00Z,OTHER,OIL/GAS,47.308750014834935,53
2016-02-16T03:00:00Z,OTHER,WOOD/REFUSE,66.99145202689701,158
2016-02-16T03:00:00Z,WIND,WIND,399.6679174931844,1463
2016-02-16T04:00:00Z,COAL,COAL,4808.97200223075,6289
2016-02-16T04:00:00Z,GAS,COGENERATION,3384.5253913317124,4528
2016-02-16T04:00:00Z,GAS,COMBINED CYCLE,552.7424281836219,1716
2016-02-16T04:00:00Z,GAS,SIMPLE CYCLE,26.06522181246016,996
2016-02-16T04:00:00Z,HYDRO,HYDRO,165.4783971566955,894
2016-02-16T04:00:00Z,OTHER,BIOMASS,118.74383223891257,156
2016-02-16T04:00:00Z,OTHER,GAS COGEN,45.16928315056694,61
2016-02-16T04:00:00Z,OTHER,OIL/GAS,47.667916531032986,53
2016-02-16T04:00:00Z,OTHER,WOOD/REFUSE,68.38557427088419,158
2016-02-16T04:00:00Z,WIND,WIND,393.6435178673459,1463
2016-02-16T05:00:00Z,COAL,COAL,4547.667963309818,6289
2016-02-16T05:00:00Z,GAS,COGENERATION,3343.332390530176,4528
2016-02-16T05:00:00Z,GAS,COMBINED CYCLE,517.14859859254625,1716
2016-02-16T05:00:00Z,GAS,SIMPLE CYCLE,25.09999942779541,996
2016-02-16T05:00:00Z,HYDRO,HYDRO,159.3639317210681,894
2016-02-16T05:00:00Z,OTHER,BIOMASS,126.31456930302912,156
2016-02-16T05:00:00Z,OTHER,GAS COGEN,45.13317635112338,61
2016-02-16T05:00:00Z,OTHER,OIL/GAS,47.8142155096266,53
2016-02-16T05:00:00Z,OTHER,WOOD/REFUSE,69.56200211313035,158
2016-02-16T05:00:00Z,WIND,WIND,379.5626148233273,1463
2016-02-16T06:00:00Z,COAL,COAL,4275.331040225559,6289
2016-02-16T06:00:00Z,GAS,COGENERATION,3310.4955050957865,4528
2016-02-16T06:00:00Z,GAS,COMBINED CYCLE,467.38704854614207,1716
2016-02-16T06:00:00Z,GAS,SIMPLE CYCLE,25.09999942779541,996
2016-02-16T06:00:00Z,HYDRO,HYDRO,134.15531837160387,894
2016-02-16T06:00:00Z,OTHER,BIOMASS,126.79478765434689,156
2016-02-16T06:00:00Z,OTHER,GAS COGEN,45.120307504865856,61
2016-02-16T06:00:00Z,OTHER,OIL/GAS,47.67936607572767,53
2016-02-16T06:00:00Z,OTHER,WOOD/REFUSE,70.02937953021791,158
2016-02-16T06:00:00Z,WIND,WIND,469.1068962119023,1463
2016-02-16T07:00:00Z,COAL,COAL,4378.6090958531695,6289
2016-02-16T07:00:00Z,GAS,COGENERATION,3255.844033576515,4528
2016-02-16T07:00:00Z,GAS,COMBINED CYCLE,400.42005637221865,1716
2016-02-16T07:00:00Z,GAS,SIMPLE CYCLE,25.09999942779541,996
2016-02-16T07:00:00Z,HYDRO,HYDRO,93.07988353571957,894
2016-02-16T07:00:00Z,OTHER,BIOMASS,127.18558053069644,156
2016-02-16T07:00:00Z,OTHER,GAS COGEN,45.06163412412007,61
2016-02-16T07:00:00Z,OTHER,OIL/GAS,47.607903219858805,53
2016-02-16T07:00:00Z,OTHER,WOOD/REFUSE,68.92118544366625,158
2016-02-16T07:00:00Z,WIND,WIND,393.5628559039782,1463
2016-02-16T08:00:00Z,COAL,COAL,4314.904526428647,6289
2016-02-16T08:00:00Z,GAS,COGENERATION,3265.0846319627763,4528
2016-02-16T08:00:00Z,GAS,COMBINED CYCLE,358.0704538625479,1716
2016-02-16T08:00:00Z,GAS,SIMPLE CYCLE,25.09999942779541,996
2016-02-16T08:00:00Z,HYDRO,HYDRO,93.01321990907192,894
2016-02-16T08:00:00Z,OTHER,BIOMASS,128.25685533099704,156
2016-02-16T08:00:00Z,OTHER,GAS COGEN,45.07495038350423,61
2016-02-16T08:00:00Z,OTHER,OIL/GAS,48.16546447753906,53
2016-02-16T08:00:00Z,OTHER,WOOD/REFUSE,68.09972381591797,158
2016-02-16T08:00:00Z,WIND,WIND,445.65955263686675,1463
2016-02-16T09:00:00Z,COAL,COAL,4312.086488213009,6289
2016-02-16T09:00:00Z,GAS,COGENERATION,3269.7947196251816,4528
2016-02-16T09:00:00Z,GAS,COMBINED CYCLE,360.0565037755834,1716
2016-02-16T09:00:00Z,GAS,SIMPLE CYCLE,25.09999942779541,996
2016-02-16T09:00:00Z,HYDRO,HYDRO,94.24124570833311,894
2016-02-16T09:00:00Z,OTHER,BIOMASS,128.23917532232073,156
2016-02-16T09:00:00Z,OTHER,GAS COGEN,45.012136188083225,61
2016-02-16T09:00:00Z,OTHER,OIL/GAS,47.65649954477946,53
2016-02-16T09:00:00Z,OTHER,WOOD/REFUSE,69.60592440234291,158
2016-02-16T09:00:00Z,WIND,WIND,430.99920722645606,1463
2016-02-16T10:00:00Z,COAL,COAL,4075.2397317377727,6289
2016-02-16T10:00:00Z,GAS,COGENERATION,3281.1286905867523,4528
2016-02-16T10:00:00Z,GAS,COMBINED CYCLE,341.6246256356107,1716
2016-02-16T10:00:00Z,GAS,SIMPLE CYCLE,25.191444221072725,996
2016-02-16T10:00:00Z,HYDRO,HYDRO,71.54670081228018,894
2016-02-16T10:00:00Z,OTHER,BIOMASS,124.89207589414383,156
2016-02-16T10:00:00Z,OTHER,GAS COGEN,44.97700237698025,61
2016-02-16T10:00:00Z,OTHER,OIL/GAS,47.82526398976644,53
2016-02-16T10:00:00Z,OTHER,WOOD/REFUSE,69.4965360683865,158
2016-02-16T10:00:00Z,WIND,WIND,611.84348258093,1463
2016-02-16T11:00:00Z,COAL,COAL,3810.9100888125104,6289
2016-02-16T11:00:00Z,GAS,COGENERATION,3276.232238959339,4528
2016-02-16T11:00:00Z,GAS,COMBINED CYCLE,336.3259764811065,1716
2016-02-16T11:00:00Z,GAS,SIMPLE CYCLE,25.199999809265137,996
2016-02-16T11:00:00Z,HYDRO,HYDRO,92.06744062988295,894
2016-02-16T11:00:00Z,OTHER,BIOMASS,125.35159890492757,156
2016-02-16T11:00:00Z,OTHER,GAS COGEN,44.97066128412882,61
2016-02-16T11:00:00Z,OTHER,OIL/GAS,47.91213241577148,53
2016-02-16T11:00:00Z,OTHER,WOOD/REFUSE,70.21885212156508,158
2016-02-16T11:00:00Z,WIND,WIND,888.9475156866014,1463
2016-02-16T12:00:00Z,COAL,COAL,3720.3255261802674,6289
2016-02-16T12:00:00Z,GAS,COGENERATION,3267.4251714908414,4528
2016-02-16T12:00:00Z,GAS,COMBINED CYCLE,335.82088582648174,1716
2016-02-16T12:00:00Z,GAS,SIMPLE CYCLE,25.199999809265137,996
2016-02-16T12:00:00Z,HYDRO,HYDRO,104.86703915807936,894
2016-02-16T12:00:00Z,OTHER,BIOMASS,127.06724755446116,156
2016-02-16T12:00:00Z,OTHER,GAS COGEN,45.05275931676229,61
2016-02-16T12:00:00Z,OTHER,OIL/GAS,47.37898773405287,53
2016-02-16T12:00:00Z,OTHER,WOOD/REFUSE,70.22299672126769,158
2016-02-16T12:00:00Z,WIND,WIND,1146.744148123314,1463
2016-02-16T13:00:00Z,COAL,COAL,3975.6901605033877,6289
2016-02-16T13:00:00Z,GAS,COGENERATION,3294.725756501092,4528
2016-02-16T13:00:00Z,GAS,COMBINED CYCLE,381.7939244742526,1716
2016-02-16T13:00:00Z,GAS,SIMPLE CYCLE,25.199999809265137,996
2016-02-16T13:00:00Z,HYDRO,HYDRO,171.6847750334607,894
2016-02-16T13:00:00Z,OTHER,BIOMASS,127.99063354492188,156
2016-02-16T13:00:00Z,OTHER,GAS COGEN,45.04899228307936,61
2016-02-16T13:00:00Z,OTHER,OIL/GAS,47.66899816724989,53
2016-02-16T13:00:00Z,OTHER,WOOD/REFUSE,69.9925910390748,158
2016-02-16T13:00:00Z,WIND,WIND,1131.8653868103193,1463
2016-02-16T14:00:00Z,COAL,COAL,4376.1507169850665,6289
2016-02-16T14:00:00Z,GAS,COGENERATION,3323.809119317929,4528
2016-02-16T14:00:00Z,GAS,COMBINED CYCLE,534.3032550064722,1716
2016-02-16T14:00:00Z,GAS,SIMPLE CYCLE,25.199999809265137,996
2016-02-16T14:00:00Z,HYDRO,HYDRO,220.67022718250752,894
2016-02-16T14:00:00Z,OTHER,BIOMASS,129.97481006887224,156
2016-02-16T14:00:00Z,OTHER,GAS COGEN,45.077862641016644,61
2016-02-16T14:00:00Z,OTHER,OIL/GAS,47.76143225351969,53
2016-02-16T14:00:00Z,OTHER,WOOD/REFUSE,70.31562993950314,158
2016-02-16T14:00:00Z,WIND,WIND,1031.4728039267493,1463
2016-02-16T15:00:00Z,COAL,COAL,4600.216252326965,6289
2016-02-16T15:00:00Z,GAS,COGENERATION,3354.096811605162,4528
2016-02-16T15:00:00Z,GAS,COMBINED CYCLE,530.1231896950801,1716
2016-02-16T15:00:00Z,GAS,SIMPLE CYCLE,25.199999809265137,996
2016-02-16T15:00:00Z,HYDRO,HYDRO,159.99236882037587,894
2016-02-16T15:00:00Z,OTHER,BIOMASS,130.0087365351783,156
2016-02-16T15:00:00Z,OTHER,GAS COGEN,45.131575406392415,61
2016-02-16T15:00:00Z,OTHER,OIL/GAS,47.53666519588894,53
2016-02-16T15:00:00Z,OTHER,WOOD/REFUSE,70.6625635573599,158
2016-02-16T15:00:00Z,WIND,WIND,914.6643084851238,1463
2016-02-16T16:00:00Z,COAL,COAL,4735.688167338901,6289
2016-02-16T16:00:00Z,GAS,COGENERATION,3361.5751408747833,4528
2016-02-16T16:00:00Z,GAS,COMBINED CYCLE,523.3651991430919,1716
2016-02-16T16:00:00Z,GAS,SIMPLE CYCLE,25.199999809265137,996
2016-02-16T16:00:00Z,HYDRO,HYDRO,142.05956474117107,894
2016-02-16T16:00:00Z,OTHER,BIOMASS,127.5593525642819,156
2016-02-16T16:00:00Z,OTHER,GAS COGEN,45.026052431530424,61
2016-02-16T16:00:00Z,OTHER,OIL/GAS,47.25703831354777,53
2016-02-16T16:00:00Z,OTHER,WOOD/REFUSE,70.47607440259722,158
2016-02-16T16:00:00Z,WIND,WIND,827.2891124400993,1463
2016-02-16T17:00:00Z,COAL,COAL,4823.080849494934,6289
2016-02-16T17:00:00Z,GAS,COGENERATION,3363.9631420612336,4528
2016-02-16T17:00:00Z,GAS,COMBINED CYCLE,564.525697259638,1716
2016-02-16T17:00:00Z,GAS,SIMPLE CYCLE,25.199999809265137,996
2016-02-16T17:00:00Z,HYDRO,HYDRO,153.0799625661307,894
2016-02-16T17:00:00Z,OTHER,BIOMASS,128.4242016892963,156
2016-02-16T17:00:00Z,OTHER,GAS COGEN,44.93170571592119,61
2016-02-16T17:00:00Z,OTHER,OIL/GAS,47.852687564426,53
2016-02-16T17:00:00Z,OTHER,WOOD/REFUSE,69.65197467936409,158
2016-02-16T17:00:00Z,WIND,WIND,735.8009643470248,1463
2016-02-16T18:00:00Z,COAL,COAL,4725.756900808547,6289
2016-02-16T18:00:00Z,GAS,COGENERATION,3468.093306928211,4528
2016-02-16T18:00:00Z,GAS,COMBINED CYCLE,567.9911613341172,1716
2016-02-16T18:00:00Z,GAS,SIMPLE CYCLE,25.199999809265137,996
2016-02-16T18:00:00Z,HYDRO,HYDRO,159.3980701333781,894
2016-02-16T18:00:00Z,OTHER,BIOMASS,126.75114371882545,156
2016-02-16T18:00:00Z,OTHER,GAS COGEN,44.754318588574726,61
2016-02-16T18:00:00Z,OTHER,OIL/GAS,47.84657668855455,53
2016-02-16T18:00:00Z,OTHER,WOOD/REFUSE,68.90742981380886,158
2016-02-16T18:00:00Z,WIND,WIND,706.0421753817135,1463
2016-02-16T19:00:00Z,COAL,COAL,4683.113984425862,6289
2016-02-16T19:00:00Z,GAS,COGENERATION,3523.9357062220574,4528
2016-02-16T19:00:00Z,GAS,COMBINED CYCLE,566.7112854158216,1716
2016-02-16T19:00:00Z,GAS,SIMPLE CYCLE,25.199999809265137,996
2016-02-16T19:00:00Z,HYDRO,HYDRO,146.70342250194815,894
2016-02-16T19:00:00Z,OTHER,BIOMASS,126.76662780390845,156
2016-02-16T19:00:00Z,OTHER,GAS COGEN,44.70281607627868,61
2016-02-16T19:00:00Z,OTHER,OIL/GAS,47.535015746222605,53
2016-02-16T19:00:00Z,OTHER,WOOD/REFUSE,69.75336342016855,158
2016-02-16T19:00:00Z,WIND,WIND,681.012688659562,1463
2016-02-16T20:00:00Z,COAL,COAL,4882.853934961955,6289
2016-02-16T20:00:00Z,GAS,COGENERATION,3480.9209079305333,4528
2016-02-16T20:00:00Z,GAS,COMBINED CYCLE,554.044411484864,1716
2016-02-16T20:00:00Z,GAS,SIMPLE CYCLE,25.70499996026357,996
2016-02-16T20:00:00Z,HYDRO,HYDRO,199.2502382035057,894
2016-02-16T20:00:00Z,OTHER,BIOMASS,125.65201844268375,156
2016-02-16T20:00:00Z,OTHER,GAS COGEN,44.631423979335366,61
2016-02-16T20:00:00Z,OTHER,OIL/GAS,47.7040537876553,53
2016-02-16T20:00:00Z,OTHER,WOOD/REFUSE,68.70808033837213,158
2016-02-16T20:00:00Z,WIND,WIND,517.3395483484533,1463
2016-02-16T21:00:00Z,COAL,COAL,4948.260568459828,6289
2016-02-16T21:00:00Z,GAS,COGENERATION,3470.314099934631,4528
2016-02-16T21:00:00Z,GAS,COMBINED CYCLE,517.1358701077435,1716
2016-02-16T21:00:00Z,GAS,SIMPLE CYCLE,28.442943669425116,996
2016-02-16T21:00:00Z,HYDRO,HYDRO,124.45082514971494,894
2016-02-16T21:00:00Z,OTHER,BIOMASS,127.29045556280347,156
2016-02-16T21:00:00Z,OTHER,GAS COGEN,44.429571206304765,61
2016-02-16T21:00:00Z,OTHER,OIL/GAS,48.04811029434204,53
2016-02-16T21:00:00Z,OTHER,WOOD/REFUSE,68.59631327205234,158
2016-02-16T21:00:00Z,WIND,WIND,528.716062908868,1463
2016-02-16T22:00:00Z,COAL,COAL,4798.918616055383,6289
2016-02-16T22:00:00Z,GAS,COGENERATION,3461.8763936610353,4528
2016-02-16T22:00:00Z,GAS,COMBINED CYCLE,511.38749026119706,1716
2016-02-16T22:00:00Z,GAS,SIMPLE CYCLE,29.799999237060547,996
2016-02-16T22:00:00Z,HYDRO,HYDRO,153.4717775918626,894
2016-02-16T22:00:00Z,OTHER,BIOMASS,126.9803277042177,156
2016-02-16T22:00:00Z,OTHER,GAS COGEN,44.54601885795593,61
2016-02-16T22:00:00Z,OTHER,OIL/GAS,47.50364871766832,53
2016-02-16T22:00:00Z,OTHER,WOOD/REFUSE,69.06566375467511,158
2016-02-16T22:00:00Z,WIND,WIND,608.7912619804342,1463
2016-02-16T23:00:00Z,COAL,COAL,4739.817394883898,6289
2016-02-16T23:00:00Z,GAS,COGENERATION,3441.3739145350455,4528
2016-02-16T23:00:00Z,GAS,COMBINED CYCLE,510.7373478733169,1716
2016-02-16T23:00:00Z,GAS,SIMPLE CYCLE,28.23894362502628,996
2016-02-16T23:00:00Z,HYDRO,HYDRO,163.1502903213766,894
2016-02-16T23:00:00Z,OTHER,BIOMASS,128.0375392929713,156
2016-02-16T23:00:00Z,OTHER,GAS COGEN,44.67947824160258,61
2016-02-16T23:00:00Z,OTHER,OIL/GAS,47.7917499838935,53
2016-02-16T23:00:00Z,OTHER,WOOD/REFUSE,68.15981349097356,158
2016-02-16T23:00:00Z,WIND,WIND,742.4611645176344,1463
2016-02-17T00:00:00Z,COAL,COAL,4729.342612175412,6289
2016-02-17T00:00:00Z,GAS,COGENERATION,3442.409819866816,4528
2016-02-17T00:00:00Z,GAS,COMBINED CYCLE,519.7238203643428,1716
2016-02-17T00:00:00Z,GAS,SIMPLE CYCLE,29.098888315094843,996
2016-02-17T00:00:00Z,HYDRO,HYDRO,286.7797400374131,894
2016-02-17T00:00:00Z,OTHER,BIOMASS,128.92984438896178,156
2016-02-17T00:00:00Z,OTHER,GAS COGEN,44.442782698737254,61
2016-02-17T00:00:00Z,OTHER,OIL/GAS,47.74452694151137,53
2016-02-17T00:00:00Z,OTHER,WOOD/REFUSE,66.76784637159771,158
2016-02-17T00:00:00Z,WIND,WIND,760.8631688081329,1463
2016-02-17T01:00:00Z,COAL,COAL,4919.247218738132,6289
2016-02-17T01:00:00Z,GAS,COGENERATION,3485.9321688292425,4528
2016-02-17T01:00:00Z,GAS,COMBINED CYCLE,531.8069215467241,1716
2016-02-17T01:00:00Z,GAS,SIMPLE CYCLE,84.9463878946503,996
2016-02-17T01:00:00Z,HYDRO,HYDRO,301.7657832377487,894
2016-02-17T01:00:00Z,OTHER,BIOMASS,130.593803958363,156
2016-02-17T01:00:00Z,OTHER,GAS COGEN,44.54859139866299,61
2016-02-17T01:00:00Z,OTHER,OIL/GAS,47.36329907735189,53
2016-02-17T01:00:00Z,OTHER,WOOD/REFUSE,67.84641831530465,158
2016-02-17T01:00:00Z,WIND,WIND,662.7938033931185,1463
2016-02-17T02:00:00Z,COAL,COAL,4920.4036071629,6289
2016-02-17T02:00:00Z,GAS,COGENERATION,3492.3346165841817,4528
2016-02-17T02:00:00Z,GAS,COMBINED CYCLE,527.8137654630343,1716
2016-02-17T02:00:00Z,GAS,SIMPLE CYCLE,97.19227697160508,996
2016-02-17T02:00:00Z,HYDRO,HYDRO,254.72393452303277,894
2016-02-17T02:00:00Z,OTHER,BIOMASS,129.40409440994262,156
2016-02-17T02:00:00Z,OTHER,GAS COGEN,44.62498096942901,61
2016-02-17T02:00:00Z,OTHER,OIL/GAS,47.48514344957139,53
2016-02-17T02:00:00Z,OTHER,WOOD/REFUSE,67.92815792984433,158
2016-02-17T02:00:00Z,WIND,WIND,610.9118824071272,1463
2016-02-17T03:00:00Z,COAL,COAL,4876.901840373145,6289
2016-02-17T03:00:00Z,GAS,COGENERATION,3497.9604808178874,4528
2016-02-17T03:00:00Z,GAS,COMBINED CYCLE,520.2883334950606,1716
2016-02-17T03:00:00Z,GAS,SIMPLE CYCLE,37.553832327657275,996
2016-02-17T03:00:00Z,HYDRO,HYDRO,226.5240429138475,894
2016-02-17T03:00:00Z,OTHER,BIOMASS,128.1815468009313,156
2016-02-17T03:00:00Z,OTHER,GAS COGEN,44.67462970839606,61
2016-02-17T03:00:00Z,OTHER,OIL/GAS,47.32877223756578,53
2016-02-17T03:00:00Z,OTHER,WOOD/REFUSE,68.40554646968842,158
2016-02-17T03:00:00Z,WIND,WIND,641.886890108602,1463
2016-02-17T04:00:00Z,COAL,COAL,4681.13916730245,6289
2016-02-17T04:00:00Z,GAS,COGENERATION,3370.635141229828,4528
2016-02-17T04:00:00Z,GAS,COMBINED CYCLE,522.7218645497163,1716
2016-02-17T04:00:00Z,GAS,SIMPLE CYCLE,32.499999046325684,996
2016-02-17T04:00:00Z,HYDRO,HYDRO,136.27171370019516,894
2016-02-17T04:00:00Z,OTHER,BIOMASS,128.94488131894005,156
2016-02-17T04:00:00Z,OTHER,GAS COGEN,44.85365682813856,61
2016-02-17T04:00:00Z,OTHER,OIL/GAS,47.49802124871148,53
2016-02-17T04:00:00Z,OTHER,WOOD/REFUSE,68.33154682662752,158
2016-02-17T04:00:00Z,WIND,WIND,757.9257537951238,1463
2016-02-17T05:00:00Z,COAL,COAL,4435.6235307651095,6289
2016-02-17T05:00:00Z,GAS,COGENERATION,3238.574640969038,4528
2016-02-17T05:00:00Z,GAS,COMBINED CYCLE,471.47273782412213,1716
2016-02-17T05:00:00Z,GAS,SIMPLE CYCLE,32.499999046325684,996
2016-02-17T05:00:00Z,HYDRO,HYDRO,110.82651785466406,894
2016-02-17T05:00:00Z,OTHER,BIOMASS,128.82116470336913,156
2016-02-17T05:00:00Z,OTHER,GAS COGEN,44.98015016343858,61
2016-02-17T05:00:00Z,OTHER,OIL/GAS,47.523687527974445,53
2016-02-17T05:00:00Z,OTHER,WOOD/REFUSE,68.27742426872253,158
2016-02-17T05:00:00Z,WIND,WIND,847.0462883398268,1463
2016-02-17T06:00:00Z,COAL,COAL,4101.482598334418,6289
2016-02-17T06:00:00Z,GAS,COGENERATION,3240.8819367953142,4528
2016-02-17T06:00:00Z,GAS,COMBINED CYCLE,362.48741509351464,1716
2016-02-17T06:00:00Z,GAS,SIMPLE CYCLE,32.499999046325684,996
2016-02-17T06:00:00Z,HYDRO,HYDRO,101.44494870985548,894
2016-02-17T06:00:00Z,OTHER,BIOMASS,128.4137139474021,156
2016-02-17T06:00:00Z,OTHER,GAS COGEN,45.044941134982636,61
2016-02-17T06:00:00Z,OTHER,OIL/GAS,47.2552756245931,53
2016-02-17T06:00:00Z,OTHER,WOOD/REFUSE,68.53134631713232,158
2016-02-17T06:00:00Z,WIND,WIND,944.58633763459,1463
2016-02-17T07:00:00Z,COAL,COAL,4029.8303018336824,6289
2016-02-17T07:00:00Z,GAS,COGENERATION,3220.1804616563186,4528
2016-02-17T07:00:00Z,GAS,COMBINED CYCLE,339.15657309240765,1716
2016-02-17T07:00:00Z,GAS,SIMPLE CYCLE,32.489999071757,996
2016-02-17T07:00:00Z,HYDRO,HYDRO,89.05052097145054,894
2016-02-17T07:00:00Z,OTHER,BIOMASS,125.96639668252733,156
2016-02-17T07:00:00Z,OTHER,GAS COGEN,45.15766762627496,61
2016-02-17T07:00:00Z,OTHER,OIL/GAS,47.58702671051025,53
2016-02-17T07:00:00Z,OTHER,WOOD/REFUSE,69.1386242251926,158
2016-02-17T07:00:00Z,WIND,WIND,852.0075190318955,1463
2016-02-17T08:00:00Z,COAL,COAL,4207.746760800679,6289
2016-02-17T08:00:00Z,GAS,COGENERATION,3186.1884599714144,4528
2016-02-17T08:00:00Z,GAS,COMBINED CYCLE,348.6659671280119,1716
2016-02-17T08:00:00Z,GAS,SIMPLE CYCLE,32.499999046325684,996
2016-02-17T08:00:00Z,HYDRO,HYDRO,80.46442295124133,894
2016-02-17T08:00:00Z,OTHER,BIOMASS,125.34073318587409,156
2016-02-17T08:00:00Z,OTHER,GAS COGEN,44.9601571199629,61
2016-02-17T08:00:00Z,OTHER,OIL/GAS,47.12303163528443,53
2016-02-17T08:00:00Z,OTHER,WOOD/REFUSE,67.79783511426714,158
2016-02-17T08:00:00Z,WIND,WIND,763.298463503023,1463
2016-02-17T09:00:00Z,COAL,COAL,4250.144966417948,6289
2016-02-17T09:00:00Z,GAS,COGENERATION,3205.373093336953,4528
2016-02-17T09:00:00Z,GAS,COMBINED CYCLE,351.98143468194536,1716
2016-02-17T09:00:00Z,GAS,SIMPLE CYCLE,32.58977718247307,996
2016-02-17T09:00:00Z,HYDRO,HYDRO,96.86833039234082,894
2016-02-17T09:00:00Z,OTHER,BIOMASS,127.68789184596804,156
2016-02-17T09:00:00Z,OTHER,GAS COGEN,44.944304397371084,61
2016-02-17T09:00:00Z,OTHER,OIL/GAS,47.590860267215305,53
2016-02-17T09:00:00Z,OTHER,WOOD/REFUSE,67.80540204472011,158
2016-02-17T09:00:00Z,WIND,WIND,589.5118725094944,1463
2016-02-17T10:00:00Z,COAL,COAL,4415.480439080133,6289
2016-02-17T10:00:00Z,GAS,COGENERATION,3242.556901204785,4528
2016-02-17T10:00:00Z,GAS,COMBINED CYCLE,417.3118928489751,1716
2016-02-17T10:00:00Z,GAS,SIMPLE CYCLE,32.59999942779541,996
2016-02-17T10:00:00Z,HYDRO,HYDRO,92.91032368742758,894
2016-02-17T10:00:00Z,OTHER,BIOMASS,127.30112848043441,156
2016-02-17T10:00:00Z,OTHER,GAS COGEN,45.136799407005306,61
2016-02-17T10:00:00Z,OTHER,OIL/GAS,47.04805360370212,53
2016-02-17T10:00:00Z,OTHER,WOOD/REFUSE,67.84036858823565,158
2016-02-17T10:00:00Z,WIND,WIND,282.0162601922287,1463
2016-02-17T11:00:00Z,COAL,COAL,4447.26957617018,6289
2016-02-17T11:00:00Z,GAS,COGENERATION,3388.8723343055117,4528
2016-02-17T11:00:00Z,GAS,COMBINED CYCLE,486.69801084889303,1716
2016-02-17T11:00:00Z,GAS,SIMPLE CYCLE,32.63138845231798,996
2016-02-17T11:00:00Z,HYDRO,HYDRO,80.95043560837706,894
2016-02-17T11:00:00Z,OTHER,BIOMASS,128.0727898089091,156
2016-02-17T11:00:00Z,OTHER,GAS COGEN,45.15619151857164,61
2016-02-17T11:00:00Z,OTHER,OIL/GAS,47.25011034011841,53
2016-02-17T11:00:00Z,OTHER,WOOD/REFUSE,67.6754290649626,158
2016-02-17T11:00:00Z,WIND,WIND,143.63078457377023,1463
2016-02-17T12:00:00Z,COAL,COAL,4571.506072830624,6289
2016-02-17T12:00:00Z,GAS,COGENERATION,3414.623806415796,4528
2016-02-17T12:00:00Z,GAS,COMBINED CYCLE,531.4283977385031,1716
2016-02-17T12:00:00Z,GAS,SIMPLE CYCLE,32.60061063978407,996
2016-02-17T12:00:00Z,HYDRO,HYDRO,104.71532975064383,894
2016-02-17T12:00:00Z,OTHER,BIOMASS,127.59124844445122,156
2016-02-17T12:00:00Z,OTHER,GAS COGEN,45.28026191817389,61
2016-02-17T12:00:00Z,OTHER,OIL/GAS,47.68447134017944,53
2016-02-17T12:00:00Z,OTHER,WOOD/REFUSE,67.37637443648444,158
2016-02-17T12:00:00Z,WIND,WIND,112.59291633507443,1463
2016-02-17T13:00:00Z,COAL,COAL,4856.206642413669,6289
2016-02-17T13:00:00Z,GAS,COGENERATION,3467.397822753191,4528
2016-02-17T13:00:00Z,GAS,COMBINED CYCLE,619.9587692546845,1716
2016-02-17T13:00:00Z,GAS,SIMPLE CYCLE,91.6303976603018,996
2016-02-17T13:00:00Z,HYDRO,HYDRO,138.44793031016985,894
2016-02-17T13:00:00Z,OTHER,BIOMASS,127.60329787678188,156
2016-02-17T13:00:00Z,OTHER,GAS COGEN,45.63270028167301,61
2016-02-17T13:00:00Z,OTHER,OIL/GAS,47.32239893595378,53
2016-02-17T13:00:00Z,OTHER,WOOD/REFUSE,67.94332943095102,158
2016-02-17T13:00:00Z,WIND,WIND,80.54399982531038,1463
2016-02-17T14:00:00Z,COAL,COAL,4932.139307009379,6289
2016-02-17T14:00:00Z,GAS,COGENERATION,3517.4086904548935,4528
2016-02-17T14:00:00Z,GAS,COMBINED CYCLE,802.8341402249866,1716
2016-02-17T14:00:00Z,GAS,SIMPLE CYCLE,78.89501944167746,996
2016-02-17T14:00:00Z,HYDRO,HYDRO,226.68640751737686,894
2016-02-17T14:00:00Z,OTHER,BIOMASS,125.45375655386184,156
2016-02-17T14:00:00Z,OTHER,GAS COGEN,45.46743938499027,61
2016-02-17T14:00:00Z,OTHER,OIL/GAS,47.719259991116,53
2016-02-17T14:00:00Z,OTHER,WOOD/REFUSE,68.09036861048804,158
2016-02-17T14:00:00Z,WIND,WIND,42.27984552823007,1463
2016-02-17T15:00:00Z,COAL,COAL,4957.042250743442,6289
2016-02-17T15:00:00Z,GAS,COGENERATION,3539.0791058562863,4528
2016-02-17T15:00:00Z,GAS,COMBINED CYCLE,811.5006541983287,1716
2016-02-17T15:00:00Z,GAS,SIMPLE CYCLE,66.95368977440728,996
2016-02-17T15:00:00Z,HYDRO,HYDRO,227.2780254054732,894
2016-02-17T15:00:00Z,OTHER,BIOMASS,124.5398576789432,156
2016-02-17T15:00:00Z,OTHER,GAS COGEN,45.522041397094725,61
2016-02-17T15:00:00Z,OTHER,OIL/GAS,47.62362688700358,53
2016-02-17T15:00:00Z,OTHER,WOOD/REFUSE,67.90523577743106,158
2016-02-17T15:00:00Z,WIND,WIND,40.71392278340956,1463
2016-02-17T16:00:00Z,COAL,COAL,5024.878550804986,6289
2016-02-17T16:00:00Z,GAS,COGENERATION,3532.66699565351,4528
2016-02-17T16:00:00Z,GAS,COMBINED CYCLE,822.7494906446668,1716
2016-02-17T16:00:00Z,GAS,SIMPLE CYCLE,67.27642153845893,996
2016-02-17T16:00:00Z,HYDRO,HYDRO,222.09955327492622,894
2016-02-17T16:00:00Z,OTHER,BIOMASS,123.01638920466105,156
2016-02-17T16:00:00Z,OTHER,GAS COGEN,45.370007066726686,61
2016-02-17T16:00:00Z,OTHER,OIL/GAS,47.18455949995253,53
2016-02-17T16:00:00Z,OTHER,WOOD/REFUSE,67.1684181658427,158
2016-02-17T16:00:00Z,WIND,WIND,45.95128048763507,1463
2016-02-17T17:00:00Z,COAL,COAL,5032.40590198093,6289
2016-02-17T17:00:00Z,GAS,COGENERATION,3529.3309071364006,4528
2016-02-17T17:00:00Z,GAS,COMBINED CYCLE,809.2113550774257,1716
2016-02-17T17:00:00Z,GAS,SIMPLE CYCLE,67.07314635488723,996
2016-02-17T17:00:00Z,HYDRO,HYDRO,182.54218641017047,894
2016-02-17T17:00:00Z,OTHER,BIOMASS,128.4992519484626,156
2016-02-17T17:00:00Z,OTHER,GAS COGEN,45.25310757954915,61
2016-02-17T17:00:00Z,OTHER,OIL/GAS,46.89473798539903,53
2016-02-17T17:00:00Z,OTHER,WOOD/REFUSE,66.8942243162791,158
2016-02-17T17:00:00Z,WIND,WIND,51.67488661514388,1463
2016-02-17T18:00:00Z,COAL,COAL,4974.326073760986,6289
2016-02-17T18:00:00Z,GAS,COGENERATION,3522.307768405477,4528
2016-02-17T18:00:00Z,GAS,COMBINED CYCLE,801.0723805713653,1716
2016-02-17T18:00:00Z,GAS,SIMPLE CYCLE,66.18310026698643,996
2016-02-17T18:00:00Z,HYDRO,HYDRO,199.6183391530315,894
2016-02-17T18:00:00Z,OTHER,BIOMASS,128.8825541395611,156
2016-02-17T18:00:00Z,OTHER,GAS COGEN,45.14274626308018,61
2016-02-17T18:00:00Z,OTHER,OIL/GAS,48.040222267574734,53
2016-02-17T18:00:00Z,OTHER,WOOD/REFUSE,66.86641300201416,158
2016-02-17T18:00:00Z,WIND,WIND,81.0481217980302,1463
2016-02-17T19:00:00Z,COAL,COAL,4951.712665483687,6289
2016-02-17T19:00:00Z,GAS,COGENERATION,3520.4758749792973,4528
2016-02-17T19:00:00Z,GAS,COMBINED CYCLE,796.9563548755646,1716
2016-02-17T19:00:00Z,GAS,SIMPLE CYCLE,66.51031013912625,996
2016-02-17T19:00:00Z,HYDRO,HYDRO,175.13870786719025,894
2016-02-17T19:00:00Z,OTHER,BIOMASS,129.06584061304727,156
2016-02-17T19:00:00Z,OTHER,GAS COGEN,45.508235570589704,61
2016-02-17T19:00:00Z,OTHER,OIL/GAS,47.41102593739827,53
2016-02-17T19:00:00Z,OTHER,WOOD/REFUSE,67.14109069930183,158
2016-02-17T19:00:00Z,WIND,WIND,117.1376460972925,1463
2016-02-17T20:00:00Z,COAL,COAL,4952.810204658508,6289
2016-02-17T20:00:00Z,GAS,COGENERATION,3512.521760983335,4528
2016-02-17T20:00:00Z,GAS,COMBINED CYCLE,778.8477901305092,1716
2016-02-17T20:00:00Z,GAS,SIMPLE CYCLE,67.14938720630275,996
2016-02-17T20:00:00Z,HYDRO,HYDRO,145.3564787592987,894
2016-02-17T20:00:00Z,OTHER,BIOMASS,126.89512010415396,156
2016-02-17T20:00:00Z,OTHER,GAS COGEN,45.4396864689721,61
2016-02-17T20:00:00Z,OTHER,OIL/GAS,47.26410518434312,53
2016-02-17T20:00:00Z,OTHER,WOOD/REFUSE,67.81456291145749,158
2016-02-17T20:00:00Z,WIND,WIND,161.12888666232428,1463
2016-02-17T21:00:00Z,COAL,COAL,4887.990446527269,6289
2016-02-17T21:00:00Z,GAS,COGENERATION,3473.224433816473,4528
2016-02-17T21:00:00Z,GAS,COMBINED CYCLE,784.0933671124776,1716
2016-02-17T21:00:00Z,GAS,SIMPLE CYCLE,67.453257408407,996
2016-02-17T21:00:00Z,HYDRO,HYDRO,163.404144970874,894
2016-02-17T21:00:00Z,OTHER,BIOMASS,123.23262417210474,156
2016-02-17T21:00:00Z,OTHER,GAS COGEN,45.20325884077284,61
2016-02-17T21:00:00Z,OTHER,OIL/GAS,47.57116590076023,53
2016-02-17T21:00:00Z,OTHER,WOOD/REFUSE,67.04000741322835,158
2016-02-17T21:00:00Z,WIND,WIND,204.33249848754042,1463
2016-02-17T22:00:00Z,COAL,COAL,4918.359507959154,6289
2016-02-17T22:00:00Z,GAS,COGENERATION,3477.4304664587976,4528
2016-02-17T22:00:00Z,GAS,COMBINED CYCLE,782.1250662125482,1716
2016-02-17T22:00:00Z,GAS,SIMPLE CYCLE,66.73918892118667,996
2016-02-17T22:00:00Z,HYDRO,HYDRO,169.9398026813732,894
2016-02-17T22:00:00Z,OTHER,BIOMASS,125.36002956443363,156
2016-02-17T22:00:00Z,OTHER,GAS COGEN,45.37656069119772,61
2016-02-17T22:00:00Z,OTHER,OIL/GAS,47.63442647298177,53
2016-02-17T22:00:00Z,OTHER,WOOD/REFUSE,66.94701334052615,158
2016-02-17T22:00:00Z,WIND,WIND,271.767443000608,1463
2016-02-17T23:00:00Z,COAL,COAL,4990.98941470676,6289
2016-02-17T23:00:00Z,GAS,COGENERATION,3417.5959476734533,4528
2016-02-17T23:00:00Z,GAS,COMBINED CYCLE,782.3011801539527,1716
2016-02-17T23:00:00Z,GAS,SIMPLE CYCLE,67.75034520043266,996
2016-02-17T23:00:00Z,HYDRO,HYDRO,178.98363260362711,894
2016-02-17T23:00:00Z,OTHER,BIOMASS,125.45198067877027,156
2016-02-17T23:00:00Z,OTHER,GAS COGEN,45.50368490113152,61
2016-02-17T23:00:00Z,OTHER,OIL/GAS,47.68147726482815,53
2016-02-17T23:00:00Z,OTHER,WOOD/REFUSE,67.34622982872857,158
2016-02-17T23:00:00Z,WIND,WIND,388.7043705865575,1463
2016-02-18T00:00:00Z,COAL,COAL,4964.715916858249,6289
2016-02-18T00:00:00Z,GAS,COGENERATION,3378.454366731776,4528
2016-02-18T00:00:00Z,GAS,COMBINED CYCLE,782.3649778321054,1716
2016-02-18T00:00:00Z,GAS,SIMPLE CYCLE,120.65790663414532,996
2016-02-18T00:00:00Z,HYDRO,HYDRO,251.10895667089355,894
2016-02-18T00:00:00Z,OTHER,BIOMASS,125.2815230433146,156
2016-02-18T00:00:00Z,OTHER,GAS COGEN,45.3686279741923,61
2016-02-18T00:00:00Z,OTHER,OIL/GAS,47.497255910237634,53
2016-02-18T00:00:00Z,OTHER,WOOD/REFUSE,68.26548566076491,158
2016-02-18T00:00:00Z,WIND,WIND,453.8795730118619,1463
2016-02-18T01:00:00Z,COAL,COAL,4972.682454335954,6289
2016-02-18T01:00:00Z,GAS,COGENERATION,3382.156059974631,4528
2016-02-18T01:00:00Z,GAS,COMBINED CYCLE,789.4788482994503,1716
2016-02-18T01:00:00Z,GAS,SIMPLE CYCLE,131.34555426279704,996
2016-02-18T01:00:00Z,HYDRO,HYDRO,292.66388268692623,894
2016-02-18T01:00:00Z,OTHER,BIOMASS,123.48824848810831,156
2016-02-18T01:00:00Z,OTHER,GAS COGEN,45.20924238840739,61
2016-02-18T01:00:00Z,OTHER,OIL/GAS,47.61816551208496,53
2016-02-18T01:00:00Z,OTHER,WOOD/REFUSE,68.29387384361691,158
2016-02-18T01:00:00Z,WIND,WIND,510.06954564872717,1463
2016-02-18T02:00:00Z,COAL,COAL,4962.7019027074175,6289
2016-02-18T02:00:00Z,GAS,COGENERATION,3375.20282136639,4528
2016-02-18T02:00:00Z,GAS,COMBINED CYCLE,766.8315557008319,1716
2016-02-18T02:00:00Z,GAS,SIMPLE CYCLE,71.20544311549928,996
2016-02-18T02:00:00Z,HYDRO,HYDRO,229.1461975314551,894
2016-02-18T02:00:00Z,OTHER,BIOMASS,127.30252263863882,156
2016-02-18T02:00:00Z,OTHER,GAS COGEN,44.64983447127872,61
2016-02-18T02:00:00Z,OTHER,OIL/GAS,47.224725473192,53
2016-02-18T02:00:00Z,OTHER,WOOD/REFUSE,67.8979800166024,158
2016-02-18T02:00:00Z,WIND,WIND,568.6858116986023,1463
2016-02-18T03:00:00Z,COAL,COAL,4874.717346750896,6289
2016-02-18T03:00:00Z,GAS,COGENERATION,3324.680744935605,4528
2016-02-18T03:00:00Z,GAS,COMBINED CYCLE,754.7082815221945,1716
2016-02-18T03:00:00Z,GAS,SIMPLE CYCLE,66.61813594606188,996
2016-02-18T03:00:00Z,HYDRO,HYDRO,176.89223025727603,894
2016-02-18T03:00:00Z,OTHER,BIOMASS,127.9930919652515,156
2016-02-18T03:00:00Z,OTHER,GAS COGEN,43.51987496058146,61
2016-02-18T03:00:00Z,OTHER,OIL/GAS,47.29865486145019,53
2016-02-18T03:00:00Z,OTHER,WOOD/REFUSE,68.31769162336985,158
2016-02-18T03:00:00Z,WIND,WIND,633.6322843091936,1463
2016-02-18T04:00:00Z,COAL,COAL,4837.506899746789,6289
2016-02-18T04:00:00Z,GAS,COGENERATION,3339.4423830744954,4528
2016-02-18T04:00:00Z,GAS,COMBINED CYCLE,639.2725883764691,1716
2016-02-18T04:00:00Z,GAS,SIMPLE CYCLE,32.25511164241367,996
2016-02-18T04:00:00Z,HYDRO,HYDRO,100.6296273358994,894
2016-02-18T04:00:00Z,OTHER,BIOMASS,127.0984890127182,156
2016-02-18T04:00:00Z,OTHER,GAS COGEN,43.406239109039305,61
2016-02-18T04:00:00Z,OTHER,OIL/GAS,47.02794309616089,53
2016-02-18T04:00:00Z,OTHER,WOOD/REFUSE,67.64345776716868,158
2016-02-18T04:00:00Z,WIND,WIND,629.9448582703537,1463
2016-02-18T05:00:00Z,COAL,COAL,4572.857439753215,6289
2016-02-18T05:00:00Z,GAS,COGENERATION,3316.9718903017706,4528
2016-02-18T05:00:00Z,GAS,COMBINED CYCLE,532.7537110087607,1716
2016-02-18T05:00:00Z,GAS,SIMPLE CYCLE,31.802664960225425,996
2016-02-18T05:00:00Z,HYDRO,HYDRO,119.39827569097281,894
2016-02-18T05:00:00Z,OTHER,BIOMASS,130.29435478634304,156
2016-02-18T05:00:00Z,OTHER,GAS COGEN,43.28558075851864,61
2016-02-18T05:00:00Z,OTHER,OIL/GAS,47.343659324646,53
2016-02-18T05:00:00Z,OTHER,WOOD/REFUSE,68.72590791914197,158
2016-02-18T05:00:00Z,WIND,WIND,603.3513241737253,1463
2016-02-18T06:00:00Z,COAL,COAL,4396.0004111353555,6289
2016-02-18T06:00:00Z,GAS,COGENERATION,3317.4059870135784,4528
2016-02-18T06:00:00Z,GAS,COMBINED CYCLE,476.7553333701028,1716
2016-02-18T06:00:00Z,GAS,SIMPLE CYCLE,31.81499834060669,996
2016-02-18T06:00:00Z,HYDRO,HYDRO,124.18764588866796,894
2016-02-18T06:00:00Z,OTHER,BIOMASS,127.88962806065877,156
2016-02-18T06:00:00Z,OTHER,GAS COGEN,43.24587843153212,61
2016-02-18T06:00:00Z,OTHER,OIL/GAS,47.58214803695679,53
2016-02-18T06:00:00Z,OTHER,WOOD/REFUSE,70.9644526025984,158
2016-02-18T06:00:00Z,WIND,WIND,527.6690820507705,1463
2016-02-18T07:00:00Z,COAL,COAL,4356.687310013242,6289
2016-02-18T07:00:00Z,GAS,COGENERATION,3255.632089677718,4528
2016-02-18T07:00:00Z,GAS,COMBINED CYCLE,400.4653670975897,1716
2016-02-18T07:00:00Z,GAS,SIMPLE CYCLE,32.01649889734057,996
2016-02-18T07:00:00Z,HYDRO,HYDRO,89.79139683159688,894
2016-02-18T07:00:00Z,OTHER,BIOMASS,128.7675790564219,156
2016-02-18T07:00:00Z,OTHER,GAS COGEN,43.4557001373503,61
2016-02-18T07:00:00Z,OTHER,OIL/GAS,47.461787921057805,53
2016-02-18T07:00:00Z,OTHER,WOOD/REFUSE,70.55684145344628,158
2016-02-18T07:00:00Z,WIND,WIND,474.71045371827154,1463
2016-02-18T08:00:00Z,COAL,COAL,4317.550467724271,6289
2016-02-18T08:00:00Z,GAS,COGENERATION,3253.492353514963,4528
2016-02-18T08:00:00Z,GAS,COMBINED CYCLE,377.29961049881246,1716
2016-02-18T08:00:00Z,GAS,SIMPLE CYCLE,32.10583182970682,996
2016-02-18T08:00:00Z,HYDRO,HYDRO,82.28489217198558,894
2016-02-18T08:00:00Z,OTHER,BIOMASS,127.93863583723704,156
2016-02-18T08:00:00Z,OTHER,GAS COGEN,43.3899577914344,61
2016-02-18T08:00:00Z,OTHER,OIL/GAS,47.342343389723034,53
2016-02-18T08:00:00Z,OTHER,WOOD/REFUSE,70.33478570991093,158
2016-02-18T08:00:00Z,WIND,WIND,455.3002347437292,1463
2016-02-18T09:00:00Z,COAL,COAL,4311.147157207065,6289
2016-02-18T09:00:00Z,GAS,COGENERATION,3241.459007666442,4528
2016-02-18T09:00:00Z,GAS,COMBINED CYCLE,356.89888179083664,1716
2016-02-18T09:00:00Z,GAS,SIMPLE CYCLE,32.04610987769233,996
2016-02-18T09:00:00Z,HYDRO,HYDRO,85.06123546388415,894
2016-02-18T09:00:00Z,OTHER,BIOMASS,128.7962974018521,156
2016-02-18T09:00:00Z,OTHER,GAS COGEN,43.41218881501092,61
2016-02-18T09:00:00Z,OTHER,OIL/GAS,47.3068541653951,53
2016-02-18T09:00:00Z,OTHER,WOOD/REFUSE,69.52920804129707,158
2016-02-18T09:00:00Z,WIND,WIND,449.4224487520092,1463
2016-02-18T10:00:00Z,COAL,COAL,4199.955844232771,6289
2016-02-18T10:00:00Z,GAS,COGENERATION,3233.7151881025898,4528
2016-02-18T10:00:00Z,GAS,COMBINED CYCLE,355.27078429023425,1716
2016-02-18T10:00:00Z,GAS,SIMPLE CYCLE,31.999999046325684,996
2016-02-18T10:00:00Z,HYDRO,HYDRO,78.4406268134382,894
2016-02-18T10:00:00Z,OTHER,BIOMASS,123.9401608631346,156
2016-02-18T10:00:00Z,OTHER,GAS COGEN,43.45597954644097,61
2016-02-18T10:00:00Z,OTHER,OIL/GAS,47.67334882736206,53
2016-02-18T10:00:00Z,OTHER,WOOD/REFUSE,70.01823513825734,158
2016-02-18T10:00:00Z,WIND,WIND,546.9654966939489,1463
2016-02-18T11:00:00Z,COAL,COAL,4266.189487495422,6289
2016-02-18T11:00:00Z,GAS,COGENERATION,3251.6202344027492,4528
2016-02-18T11:00:00Z,GAS,COMBINED CYCLE,355.98132587095097,1716
2016-02-18T11:00:00Z,GAS,SIMPLE CYCLE,31.999999046325684,996
2016-02-18T11:00:00Z,HYDRO,HYDRO,112.52719047593574,894
2016-02-18T11:00:00Z,OTHER,BIOMASS,121.92829223738777,156
2016-02-18T11:00:00Z,OTHER,GAS COGEN,43.414986328548856,61
2016-02-18T11:00:00Z,OTHER,OIL/GAS,47.362654518551295,53
2016-02-18T11:00:00Z,OTHER,WOOD/REFUSE,70.02747417238024,158
2016-02-18T11:00:00Z,WIND,WIND,470.92735679611565,1463
2016-02-18T12:00:00Z,COAL,COAL,4416.526785481771,6289
2016-02-18T12:00:00Z,GAS,COGENERATION,3278.198712550468,4528
2016-02-18T12:00:00Z,GAS,COMBINED CYCLE,388.81391874856416,1716
2016-02-18T12:00:00Z,GAS,SIMPLE CYCLE,32.058054839240185,996
2016-02-18T12:00:00Z,HYDRO,HYDRO,131.11290497698718,894
2016-02-18T12:00:00Z,OTHER,BIOMASS,123.28890805297428,156
2016-02-18T12:00:00Z,OTHER,GAS COGEN,43.38760785632663,61
2016-02-18T12:00:00Z,OTHER,OIL/GAS,47.697766115400526,53
2016-02-18T12:00:00Z,OTHER,WOOD/REFUSE,68.65345241652595,158
2016-02-18T12:00:00Z,WIND,WIND,425.21681610966726,1463
2016-02-18T13:00:00Z,COAL,COAL,4596.867015393575,6289
2016-02-18T13:00:00Z,GAS,COGENERATION,3433.50246578349,4528
2016-02-18T13:00:00Z,GAS,COMBINED CYCLE,475.0903350493643,1716
2016-02-18T13:00:00Z,GAS,SIMPLE CYCLE,32.031776961220636,996
2016-02-18T13:00:00Z,HYDRO,HYDRO,140.6045774050057,894
2016-02-18T13:00:00Z,OTHER,BIOMASS,127.48484331713783,156
2016-02-18T13:00:00Z,OTHER,GAS COGEN,43.415545847151016,61
2016-02-18T13:00:00Z,OTHER,OIL/GAS,47.60340975443522,53
2016-02-18T13:00:00Z,OTHER,WOOD/REFUSE,66.85632974465688,158
2016-02-18T13:00:00Z,WIND,WIND,375.9768166009005,1463
2016-02-18T14:00:00Z,COAL,COAL,4952.414535840353,6289
2016-02-18T14:00:00Z,GAS,COGENERATION,3456.4827972422045,4528
2016-02-18T14:00:00Z,GAS,COMBINED CYCLE,507.42998120122485,1716
2016-02-18T14:00:00Z,GAS,SIMPLE CYCLE,31.970277372996012,996
2016-02-18T14:00:00Z,HYDRO,HYDRO,229.31991037525236,894
2016-02-18T14:00:00Z,OTHER,BIOMASS,127.12623554494645,156
2016-02-18T14:00:00Z,OTHER,GAS COGEN,43.35896088706123,61
2016-02-18T14:00:00Z,OTHER,OIL/GAS,47.37290987438626,53
2016-02-18T14:00:00Z,OTHER,WOOD/REFUSE,66.63209108750026,158
2016-02-18T14:00:00Z,WIND,WIND,404.0125405269944,1463
2016-02-18T15:00:00Z,COAL,COAL,4989.332107931773,6289
2016-02-18T15:00:00Z,GAS,COGENERATION,3453.8140275606847,4528
2016-02-18T15:00:00Z,GAS,COMBINED CYCLE,479.8880055881209,1716
2016-02-18T15:00:00Z,GAS,SIMPLE CYCLE,32.08983342276679,996
2016-02-18T15:00:00Z,HYDRO,HYDRO,208.73606305364106,894
2016-02-18T15:00:00Z,OTHER,BIOMASS,126.22407013628218,156
2016-02-18T15:00:00Z,OTHER,GAS COGEN,40.57951839023167,61
2016-02-18T15:00:00Z,OTHER,OIL/GAS,47.62448247909546,53
2016-02-18T15:00:00Z,OTHER,WOOD/REFUSE,58.03409066200256,158
2016-02-18T15:00:00Z,WIND,WIND,481.2448933796046,1463
2016-02-18T16:00:00Z,COAL,COAL,5031.916690294478,6289
2016-02-18T16:00:00Z,GAS,COGENERATION,3444.52745531208,4528
2016-02-18T16:00:00Z,GAS,COMBINED CYCLE,488.5472827701436,1716
2016-02-18T16:00:00Z,GAS,SIMPLE CYCLE,32.093833412594265,996
2016-02-18T16:00:00Z,HYDRO,HYDRO,241.93882122587829,894
2016-02-18T16:00:00Z,OTHER,BIOMASS,126.81454336590238,156
2016-02-18T16:00:00Z,OTHER,GAS COGEN,43.31188812679714,61
2016-02-18T16:00:00Z,OTHER,OIL/GAS,47.840580965677894,53
2016-02-18T16:00:00Z,OTHER,WOOD/REFUSE,52.25267950057983,158
2016-02-18T16:00:00Z,WIND,WIND,514.0894529891842,1463
2016-02-18T17:00:00Z,COAL,COAL,5116.313638572693,6289
2016-02-18T17:00:00Z,GAS,COGENERATION,3437.4768325201007,4528
2016-02-18T17:00:00Z,GAS,COMBINED CYCLE,496.5384433188041,1716
2016-02-18T17:00:00Z,GAS,SIMPLE CYCLE,30.447999296188357,996
2016-02-18T17:00:00Z,HYDRO,HYDRO,248.5576530868146,894
2016-02-18T17:00:00Z,OTHER,BIOMASS,128.13659503300985,156
2016-02-18T17:00:00Z,OTHER,GAS COGEN,43.259853773117065,61
2016-02-18T17:00:00Z,OTHER,OIL/GAS,47.26066047032674,53
2016-02-18T17:00:00Z,OTHER,WOOD/REFUSE,51.9435572915607,158
2016-02-18T17:00:00Z,WIND,WIND,468.0837161612097,1463
2016-02-18T18:00:00Z,COAL,COAL,5258.874310389625,6289
2016-02-18T18:00:00Z,GAS,COGENERATION,3426.0398600397507,4528
2016-02-18T18:00:00Z,GAS,COMBINED CYCLE,520.2810847183731,1716
2016-02-18T18:00:00Z,GAS,SIMPLE CYCLE,31.982110262976754,996
2016-02-18T18:00:00Z,HYDRO,HYDRO,240.24641910343536,894
2016-02-18T18:00:00Z,OTHER,BIOMASS,127.85383814864689,156
2016-02-18T18:00:00Z,OTHER,GAS COGEN,43.21173629866706,61
2016-02-18T18:00:00Z,OTHER,OIL/GAS,46.11956480026245,53
2016-02-18T18:00:00Z,OTHER,WOOD/REFUSE,53.319207223256434,158
2016-02-18T18:00:00Z,WIND,WIND,357.31066955600346,1463
2016-02-18T19:00:00Z,COAL,COAL,5247.342527046204,6289
2016-02-18T19:00:00Z,GAS,COGENERATION,3394.8052372612556,4528
2016-02-18T19:00:00Z,GAS,COMBINED CYCLE,516.9796575009492,1716
2016-02-18T19:00:00Z,GAS,SIMPLE CYCLE,31.999999046325684,996
2016-02-18T19:00:00Z,HYDRO,HYDRO,184.25870918230876,894
2016-02-18T19:00:00Z,OTHER,BIOMASS,128.82123402966394,156
2016-02-18T19:00:00Z,OTHER,GAS COGEN,43.129749841690064,61
2016-02-18T19:00:00Z,OTHER,OIL/GAS,45.06314904530843,53
2016-02-18T19:00:00Z,OTHER,WOOD/REFUSE,61.873390899234344,158
2016-02-18T19:00:00Z,WIND,WIND,383.6635905887021,1463
2016-02-18T20:00:00Z,COAL,COAL,4987.318902390798,6289
2016-02-18T20:00:00Z,GAS,COGENERATION,3338.7171025572884,4528
2016-02-18T20:00:00Z,GAS,COMBINED CYCLE,498.3033164916105,1716
2016-02-18T20:00:00Z,GAS,SIMPLE CYCLE,31.999999046325684,996
2016-02-18T20:00:00Z,HYDRO,HYDRO,129.56164881451264,894
2016-02-18T20:00:00Z,OTHER,BIOMASS,125.27849304570091,156
2016-02-18T20:00:00Z,OTHER,GAS COGEN,43.258361697726784,61
2016-02-18T20:00:00Z,OTHER,OIL/GAS,44.99203248977661,53
2016-02-18T20:00:00Z,OTHER,WOOD/REFUSE,66.66876853783926,158
2016-02-18T20:00:00Z,WIND,WIND,718.6514640930626,1463
2016-02-18T21:00:00Z,COAL,COAL,4849.600828024546,6289
2016-02-18T21:00:00Z,GAS,COGENERATION,3152.146424727705,4528
2016-02-18T21:00:00Z,GAS,COMBINED CYCLE,496.0666910347674,1716
2016-02-18T21:00:00Z,GAS,SIMPLE CYCLE,32.0299991607666,996
2016-02-18T21:00:00Z,HYDRO,HYDRO,121.46318173670106,894
2016-02-18T21:00:00Z,OTHER,BIOMASS,122.25527411354912,156
2016-02-18T21:00:00Z,OTHER,GAS COGEN,42.92947090042962,61
2016-02-18T21:00:00Z,OTHER,OIL/GAS,44.407260015275746,53
2016-02-18T21:00:00Z,OTHER,WOOD/REFUSE,68.970669087304,158
2016-02-18T21:00:00Z,WIND,WIND,1063.4903083362844,1463
2016-02-18T22:00:00Z,COAL,COAL,4672.9093043433295,6289
2016-02-18T22:00:00Z,GAS,COGENERATION,3105.47898807274,4528
2016-02-18T22:00:00Z,GAS,COMBINED CYCLE,495.87815095709425,1716
2016-02-18T22:00:00Z,GAS,SIMPLE CYCLE,33.36764353646173,996
2016-02-18T22:00:00Z,HYDRO,HYDRO,152.50346274948782,894
2016-02-18T22:00:00Z,OTHER,BIOMASS,124.29674597422283,156
2016-02-18T22:00:00Z,OTHER,GAS COGEN,42.87357762018839,61
2016-02-18T22:00:00Z,OTHER,OIL/GAS,43.31888775719537,53
2016-02-18T22:00:00Z,OTHER,WOOD/REFUSE,70.07016907374064,158
2016-02-18T22:00:00Z,WIND,WIND,1255.7767553820875,1463
2016-02-18T23:00:00Z,COAL,COAL,4660.321149069468,6289
2016-02-18T23:00:00Z,GAS,COGENERATION,3188.848336712453,4528
2016-02-18T23:00:00Z,GAS,COMBINED CYCLE,495.3013047479259,1716
2016-02-18T23:00:00Z,GAS,SIMPLE CYCLE,35.52624394469791,996
2016-02-18T23:00:00Z,HYDRO,HYDRO,164.26030772298574,894
2016-02-18T23:00:00Z,OTHER,BIOMASS,128.55974023924935,156
2016-02-18T23:00:00Z,OTHER,GAS COGEN,43.09051700803968,61
2016-02-18T23:00:00Z,OTHER,OIL/GAS,43.32819300333659,53
2016-02-18T23:00:00Z,OTHER,WOOD/REFUSE,70.93570758024852,158
2016-02-18T23:00:00Z,WIND,WIND,1278.2463699976604,1463
2016-02-19T00:00:00Z,COAL,COAL,4688.124343742795,6289
2016-02-19T00:00:00Z,GAS,COGENERATION,3189.8774266535706,4528
2016-02-19T00:00:00Z,GAS,COMBINED CYCLE,492.192516735726,1716
2016-02-19T00:00:00Z,GAS,SIMPLE CYCLE,29.23783277829488,996
2016-02-19T00:00:00Z,HYDRO,HYDRO,306.5454672390885,894
2016-02-19T00:00:00Z,OTHER,BIOMASS,125.73307343694898,156
2016-02-19T00:00:00Z,OTHER,GAS COGEN,42.92053881327311,61
2016-02-19T00:00:00Z,OTHER,OIL/GAS,43.05639902114868,53
2016-02-19T00:00:00Z,OTHER,WOOD/REFUSE,71.24853020456102,158
2016-02-19T00:00:00Z,WIND,WIND,1267.2679513631927,1463
2016-02-19T01:00:00Z,COAL,COAL,4739.509079138438,6289
2016-02-19T01:00:00Z,GAS,COGENERATION,3191.4163381348717,4528
2016-02-19T01:00:00Z,GAS,COMBINED CYCLE,499.1730355020364,1716
2016-02-19T01:00:00Z,GAS,SIMPLE CYCLE,82.78216619677013,996
2016-02-19T01:00:00Z,HYDRO,HYDRO,332.15996409916215,894
2016-02-19T01:00:00Z,OTHER,BIOMASS,126.86634995142619,156
2016-02-19T01:00:00Z,OTHER,GAS COGEN,43.137217111587525,61
2016-02-19T01:00:00Z,OTHER,OIL/GAS,42.4380770471361,53
2016-02-19T01:00:00Z,OTHER,WOOD/REFUSE,72.07354692512088,158
2016-02-19T01:00:00Z,WIND,WIND,1224.9694529209864,1463
2016-02-19T02:00:00Z,COAL,COAL,4672.622785932753,6289
2016-02-19T02:00:00Z,GAS,COGENERATION,3235.494702323808,4528
2016-02-19T02:00:00Z,GAS,COMBINED CYCLE,497.7893127969901,1716
2016-02-19T02:00:00Z,GAS,SIMPLE CYCLE,95.25477775520748,996
2016-02-19T02:00:00Z,HYDRO,HYDRO,249.00454557140668,894
2016-02-19T02:00:00Z,OTHER,BIOMASS,124.66208431243896,156
2016-02-19T02:00:00Z,OTHER,GAS COGEN,42.93318383216858,61
2016-02-19T02:00:00Z,OTHER,OIL/GAS,42.66414978451199,53
2016-02-19T02:00:00Z,OTHER,WOOD/REFUSE,72.1020689503352,158
2016-02-19T02:00:00Z,WIND,WIND,1206.3529040255812,1463
2016-02-19T03:00:00Z,COAL,COAL,4488.268590321011,6289
2016-02-19T03:00:00Z,GAS,COGENERATION,3284.3837957525916,4528
2016-02-19T03:00:00Z,GAS,COMBINED CYCLE,493.7396029957136,1716
2016-02-19T03:00:00Z,GAS,SIMPLE CYCLE,32.521277406083215,996
2016-02-19T03:00:00Z,HYDRO,HYDRO,217.06836156591774,894
2016-02-19T03:00:00Z,OTHER,BIOMASS,125.99876876195272,156
2016-02-19T03:00:00Z,OTHER,GAS COGEN,38.44037978808085,61
2016-02-19T03:00:00Z,OTHER,OIL/GAS,42.60742186016507,53
2016-02-19T03:00:00Z,OTHER,WOOD/REFUSE,71.98163025538126,158
2016-02-19T03:00:00Z,WIND,WIND,1223.6274972349943,1463
2016-02-19T04:00:00Z,COAL,COAL,4351.2953304206,6289
2016-02-19T04:00:00Z,GAS,COGENERATION,3258.7593837090335,4528
2016-02-19T04:00:00Z,GAS,COMBINED CYCLE,487.9615746052397,1716
2016-02-19T04:00:00Z,GAS,SIMPLE CYCLE,22.521500035391913,996
2016-02-19T04:00:00Z,HYDRO,HYDRO,165.5668730653988,894
2016-02-19T04:00:00Z,OTHER,BIOMASS,120.87049510478973,156
2016-02-19T04:00:00Z,OTHER,GAS COGEN,40.58470311800639,61
2016-02-19T04:00:00Z,OTHER,OIL/GAS,42.93755942238702,53
2016-02-19T04:00:00Z,OTHER,WOOD/REFUSE,71.92123581515418,158
2016-02-19T04:00:00Z,WIND,WIND,1211.6400694187141,1463
2016-02-19T05:00:00Z,COAL,COAL,4103.867156751421,6289
2016-02-19T05:00:00Z,GAS,COGENERATION,3223.4731122092408,4528
2016-02-19T05:00:00Z,GAS,COMBINED CYCLE,382.3551311237945,1716
2016-02-19T05:00:00Z,GAS,SIMPLE CYCLE,22.590943663915,996
2016-02-19T05:00:00Z,HYDRO,HYDRO,134.58423137880035,894
2016-02-19T05:00:00Z,OTHER,BIOMASS,126.59337158362071,156
2016-02-19T05:00:00Z,OTHER,GAS COGEN,43.21524245156182,61
2016-02-19T05:00:00Z,OTHER,OIL/GAS,42.96398753060235,53
2016-02-19T05:00:00Z,OTHER,WOOD/REFUSE,72.3216189347373,158
2016-02-19T05:00:00Z,WIND,WIND,1246.9724319951072,1463
2016-02-19T06:00:00Z,COAL,COAL,3873.707379589081,6289
2016-02-19T06:00:00Z,GAS,COGENERATION,3198.017233289083,4528
2016-02-19T06:00:00Z,GAS,COMBINED CYCLE,337.92579837924904,1716
2016-02-19T06:00:00Z,GAS,SIMPLE CYCLE,22.59749919573466,996
2016-02-19T06:00:00Z,HYDRO,HYDRO,125.17115573871467,894
2016-02-19T06:00:00Z,OTHER,BIOMASS,127.11512801117367,156
2016-02-19T06:00:00Z,OTHER,GAS COGEN,43.592045975261264,61
2016-02-19T06:00:00Z,OTHER,OIL/GAS,42.8605885887146,53
2016-02-19T06:00:00Z,OTHER,WOOD/REFUSE,72.97821300241682,158
2016-02-19T06:00:00Z,WIND,WIND,1313.8068934895264,1463
2016-02-19T07:00:00Z,COAL,COAL,3770.3137812508476,6289
2016-02-19T07:00:00Z,GAS,COGENERATION,3199.599847049183,4528
2016-02-19T07:00:00Z,GAS,COMBINED CYCLE,334.5994240366088,1716
2016-02-19T07:00:00Z,GAS,SIMPLE CYCLE,22.59999918937683,996
2016-02-19T07:00:00Z,HYDRO,HYDRO,78.55228466848533,894
2016-02-19T07:00:00Z,OTHER,BIOMASS,130.19647724893358,156
2016-02-19T07:00:00Z,OTHER,GAS COGEN,43.66899502224392,61
2016-02-19T07:00:00Z,OTHER,OIL/GAS,43.306110085381405,53
2016-02-19T07:00:00Z,OTHER,WOOD/REFUSE,72.98193634986877,158
2016-02-19T07:00:00Z,WIND,WIND,1307.0150713539786,1463
2016-02-19T08:00:00Z,COAL,COAL,3715.7397902361554,6289
2016-02-19T08:00:00Z,GAS,COGENERATION,3217.799552393291,4528
2016-02-19T08:00:00Z,GAS,COMBINED CYCLE,334.42280459801356,1716
2016-02-19T08:00:00Z,GAS,SIMPLE CYCLE,22.59749919573466,996
2016-02-19T08:00:00Z,HYDRO,HYDRO,99.02390587227212,894
2016-02-19T08:00:00Z,OTHER,BIOMASS,125.82566945446862,156
2016-02-19T08:00:00Z,OTHER,GAS COGEN,43.70189419110616,61
2016-02-19T08:00:00Z,OTHER,OIL/GAS,44.061787870195175,53
2016-02-19T08:00:00Z,OTHER,WOOD/REFUSE,73.18848569128248,158
2016-02-19T08:00:00Z,WIND,WIND,1299.0308034957613,1463
2016-02-19T09:00:00Z,COAL,COAL,3703.837132405175,6289
2016-02-19T09:00:00Z,GAS,COGENERATION,3219.150629366769,4528
2016-02-19T09:00:00Z,GAS,COMBINED CYCLE,335.16156450046435,1716
2016-02-19T09:00:00Z,GAS,SIMPLE CYCLE,22.59266587469313,996
2016-02-19T09:00:00Z,HYDRO,HYDRO,67.73936254100667,894
2016-02-19T09:00:00Z,OTHER,BIOMASS,126.87591131793127,156
2016-02-19T09:00:00Z,OTHER,GAS COGEN,43.71375553554959,61
2016-02-19T09:00:00Z,OTHER,OIL/GAS,42.33855390336778,53
2016-02-19T09:00:00Z,OTHER,WOOD/REFUSE,73.42261310418448,158
2016-02-19T09:00:00Z,WIND,WIND,1309.4658866175016,1463
2016-02-19T10:00:00Z,COAL,COAL,3488.508816072676,6289
2016-02-19T10:00:00Z,GAS,COGENERATION,3250.3786092677383,4528
2016-02-19T10:00:00Z,GAS,COMBINED CYCLE,335.2988047267331,1716
2016-02-19T10:00:00Z,GAS,SIMPLE CYCLE,22.621888555950587,996
2016-02-19T10:00:00Z,HYDRO,HYDRO,84.77168229344818,894
2016-02-19T10:00:00Z,OTHER,BIOMASS,129.01265579912396,156
2016-02-19T10:00:00Z,OTHER,GAS COGEN,43.86549380514357,61
2016-02-19T10:00:00Z,OTHER,OIL/GAS,42.54216560787625,53
2016-02-19T10:00:00Z,OTHER,WOOD/REFUSE,74.30599128299289,158
2016-02-19T10:00:00Z,WIND,WIND,1262.2663110057513,1463
2016-02-19T11:00:00Z,COAL,COAL,3594.6737443669635,6289
2016-02-19T11:00:00Z,GAS,COGENERATION,3272.014632101324,4528
2016-02-19T11:00:00Z,GAS,COMBINED CYCLE,335.72313581566016,1716
2016-02-19T11:00:00Z,GAS,SIMPLE CYCLE,22.647833036846585,996
2016-02-19T11:00:00Z,HYDRO,HYDRO,86.52137712282439,894
2016-02-19T11:00:00Z,OTHER,BIOMASS,128.30959539837306,156
2016-02-19T11:00:00Z,OTHER,GAS COGEN,43.79022145377265,61
2016-02-19T11:00:00Z,OTHER,OIL/GAS,42.97945491790772,53
2016-02-19T11:00:00Z,OTHER,WOOD/REFUSE,74.62438594341278,158
2016-02-19T11:00:00Z,WIND,WIND,1084.002916915367,1463
2016-02-19T12:00:00Z,COAL,COAL,3577.280216797723,6289
2016-02-19T12:00:00Z,GAS,COGENERATION,3274.179270525707,4528
2016-02-19T12:00:00Z,GAS,COMBINED CYCLE,336.02526379856795,1716
2016-02-19T12:00:00Z,GAS,SIMPLE CYCLE,22.55633308728536,996
2016-02-19T12:00:00Z,HYDRO,HYDRO,96.0517786207464,894
2016-02-19T12:00:00Z,OTHER,BIOMASS,127.70541735490164,156
2016-02-19T12:00:00Z,OTHER,GAS COGEN,43.81308670361837,61
2016-02-19T12:00:00Z,OTHER,OIL/GAS,42.156038222842746,53
2016-02-19T12:00:00Z,OTHER,WOOD/REFUSE,74.57053578482734,158
2016-02-19T12:00:00Z,WIND,WIND,1242.5657257859823,1463
2016-02-19T13:00:00Z,COAL,COAL,3854.631976322598,6289
2016-02-19T13:00:00Z,GAS,COGENERATION,3306.187317003409,4528
2016-02-19T13:00:00Z,GAS,COMBINED CYCLE,385.97827681448723,1716
2016-02-19T13:00:00Z,GAS,SIMPLE CYCLE,22.518666698667737,996
2016-02-19T13:00:00Z,HYDRO,HYDRO,123.03821618606646,894
2016-02-19T13:00:00Z,OTHER,BIOMASS,128.18716237094668,156
2016-02-19T13:00:00Z,OTHER,GAS COGEN,43.91834852218628,61
2016-02-19T13:00:00Z,OTHER,OIL/GAS,41.950136790805395,53
2016-02-19T13:00:00Z,OTHER,WOOD/REFUSE,74.66302480114831,158
2016-02-19T13:00:00Z,WIND,WIND,1280.4562615874079,1463
2016-02-19T14:00:00Z,COAL,COAL,4286.429536353217,6289
2016-02-19T14:00:00Z,GAS,COGENERATION,3394.555696613259,4528
2016-02-19T14:00:00Z,GAS,COMBINED CYCLE,509.08561754809483,1716
2016-02-19T14:00:00Z,GAS,SIMPLE CYCLE,22.509721167882283,996
2016-02-19T14:00:00Z,HYDRO,HYDRO,179.02888632434937,894
2016-02-19T14:00:00Z,OTHER,BIOMASS,127.99917579438952,156
2016-02-19T14:00:00Z,OTHER,GAS COGEN,44.16952937550015,61
2016-02-19T14:00:00Z,OTHER,OIL/GAS,42.26224874072605,53
2016-02-19T14:00:00Z,OTHER,WOOD/REFUSE,74.75544097688463,158
2016-02-19T14:00:00Z,WIND,WIND,1110.4007412203152,1463
2016-02-19T15:00:00Z,COAL,COAL,4501.061559202406,6289
2016-02-19T15:00:00Z,GAS,COGENERATION,3438.8505403711397,4528
2016-02-19T15:00:00Z,GAS,COMBINED CYCLE,504.37580619798763,1716
2016-02-19T15:00:00Z,GAS,SIMPLE CYCLE,22.517498874664305,996
2016-02-19T15:00:00Z,HYDRO,HYDRO,146.1344413271629,894
2016-02-19T15:00:00Z,OTHER,BIOMASS,127.63385166168213,156
2016-02-19T15:00:00Z,OTHER,GAS COGEN,44.258712156083845,61
2016-02-19T15:00:00Z,OTHER,OIL/GAS,41.771971463097465,53
2016-02-19T15:00:00Z,OTHER,WOOD/REFUSE,74.07825812233818,158
2016-02-19T15:00:00Z,WIND,WIND,897.3189457778136,1463
2016-02-19T16:00:00Z,COAL,COAL,4634.026223924425,6289
2016-02-19T16:00:00Z,GAS,COGENERATION,3450.61565782494,4528
2016-02-19T16:00:00Z,GAS,COMBINED CYCLE,511.0326814658775,1716
2016-02-19T16:00:00Z,GAS,SIMPLE CYCLE,25.155543452716536,996
2016-02-19T16:00:00Z,HYDRO,HYDRO,145.5706905853086,894
2016-02-19T16:00:00Z,OTHER,BIOMASS,126.15626472949981,156
2016-02-19T16:00:00Z,OTHER,GAS COGEN,44.22749163203769,61
2016-02-19T16:00:00Z,OTHER,OIL/GAS,41.68779371049669,53
2016-02-19T16:00:00Z,OTHER,WOOD/REFUSE,74.23363545311821,158
2016-02-19T16:00:00Z,WIND,WIND,836.5585746837324,1463
2016-02-19T17:00:00Z,COAL,COAL,4733.594491797553,6289
2016-02-19T17:00:00Z,GAS,COGENERATION,3468.1747303852108,4528
2016-02-19T17:00:00Z,GAS,COMBINED CYCLE,517.5687959707445,1716
2016-02-19T17:00:00Z,GAS,SIMPLE CYCLE,24.817104290690686,996
2016-02-19T17:00:00Z,HYDRO,HYDRO,136.6217265601953,894
2016-02-19T17:00:00Z,OTHER,BIOMASS,128.02969424247743,156
2016-02-19T17:00:00Z,OTHER,GAS COGEN,44.01532661967808,61
2016-02-19T17:00:00Z,OTHER,OIL/GAS,42.24033809873793,53
2016-02-19T17:00:00Z,OTHER,WOOD/REFUSE,74.30650828732385,158
2016-02-19T17:00:00Z,WIND,WIND,775.7312546645602,1463
2016-02-19T18:00:00Z,COAL,COAL,4761.923433532715,6289
2016-02-19T18:00:00Z,GAS,COGENERATION,3494.744831824104,4528
2016-02-19T18:00:00Z,GAS,COMBINED CYCLE,608.8917121423615,1716
2016-02-19T18:00:00Z,GAS,SIMPLE CYCLE,25.96766560660468,996
2016-02-19T18:00:00Z,HYDRO,HYDRO,147.78720425417026,894
2016-02-19T18:00:00Z,OTHER,BIOMASS,128.44288732316758,156
2016-02-19T18:00:00Z,OTHER,GAS COGEN,43.92479845152961,61
2016-02-19T18:00:00Z,OTHER,OIL/GAS,42.60325347264608,53
2016-02-19T18:00:00Z,OTHER,WOOD/REFUSE,74.18195203940074,158
2016-02-19T18:00:00Z,WIND,WIND,717.6002680869732,1463
2016-02-19T19:00:00Z,COAL,COAL,4661.73230049981,6289
2016-02-19T19:00:00Z,GAS,COGENERATION,3448.493732788695,4528
2016-02-19T19:00:00Z,GAS,COMBINED CYCLE,864.627076351444,1716
2016-02-19T19:00:00Z,GAS,SIMPLE CYCLE,25.997665718926324,996
2016-02-19T19:00:00Z,HYDRO,HYDRO,134.07023544705575,894
2016-02-19T19:00:00Z,OTHER,BIOMASS,128.1084693177541,156
2016-02-19T19:00:00Z,OTHER,GAS COGEN,43.89544316715664,61
2016-02-19T19:00:00Z,OTHER,OIL/GAS,42.22179300308227,53
2016-02-19T19:00:00Z,OTHER,WOOD/REFUSE,73.52997459835476,158
2016-02-19T19:00:00Z,WIND,WIND,651.9557894651923,1463
2016-02-19T20:00:00Z,COAL,COAL,4659.816863447825,6289
2016-02-19T20:00:00Z,GAS,COGENERATION,3454.563173308571,4528
2016-02-19T20:00:00Z,GAS,COMBINED CYCLE,875.7168024656509,1716
2016-02-19T20:00:00Z,GAS,SIMPLE CYCLE,25.984165747960407,996
2016-02-19T20:00:00Z,HYDRO,HYDRO,162.29801484290095,894
2016-02-19T20:00:00Z,OTHER,BIOMASS,128.60432469209036,156
2016-02-19T20:00:00Z,OTHER,GAS COGEN,43.93035618358188,61
2016-02-19T20:00:00Z,OTHER,OIL/GAS,42.72805991914537,53
2016-02-19T20:00:00Z,OTHER,WOOD/REFUSE,74.11693610403273,158
2016-02-19T20:00:00Z,WIND,WIND,596.6619607428296,1463
2016-02-19T21:00:00Z,COAL,COAL,4674.035528996786,6289
2016-02-19T21:00:00Z,GAS,COGENERATION,3419.882835579581,4528
2016-02-19T21:00:00Z,GAS,COMBINED CYCLE,871.0831935591167,1716
2016-02-19T21:00:00Z,GAS,SIMPLE CYCLE,27.02672680656115,996
2016-02-19T21:00:00Z,HYDRO,HYDRO,131.11163372119267,894
2016-02-19T21:00:00Z,OTHER,BIOMASS,129.96301824145846,156
2016-02-19T21:00:00Z,OTHER,GAS COGEN,43.66520997153388,61
2016-02-19T21:00:00Z,OTHER,OIL/GAS,42.76669348398844,53
2016-02-19T21:00:00Z,OTHER,WOOD/REFUSE,74.08965819782681,158
2016-02-19T21:00:00Z,WIND,WIND,566.1833603784773,1463
2016-02-19T22:00:00Z,COAL,COAL,4689.428817579481,6289
2016-02-19T22:00:00Z,GAS,COGENERATION,3390.6593711974556,4528
2016-02-19T22:00:00Z,GAS,COMBINED CYCLE,872.3522017349137,1716
2016-02-19T22:00:00Z,GAS,SIMPLE CYCLE,25.989999071756998,996
2016-02-19T22:00:00Z,HYDRO,HYDRO,178.89214825183151,894
2016-02-19T22:00:00Z,OTHER,BIOMASS,124.75515145407783,156
2016-02-19T22:00:00Z,OTHER,GAS COGEN,43.72395145204332,61
2016-02-19T22:00:00Z,OTHER,OIL/GAS,42.43100933922662,53
2016-02-19T22:00:00Z,OTHER,WOOD/REFUSE,74.03710237238143,158
2016-02-19T22:00:00Z,WIND,WIND,487.2252619585726,1463
2016-02-19T23:00:00Z,COAL,COAL,4813.129656509824,6289
2016-02-19T23:00:00Z,GAS,COGENERATION,3446.1937342699866,4528
2016-02-19T23:00:00Z,GAS,COMBINED CYCLE,867.5966043277582,1716
2016-02-19T23:00:00Z,GAS,SIMPLE CYCLE,25.999999046325684,996
2016-02-19T23:00:00Z,HYDRO,HYDRO,236.76997997090223,894
2016-02-19T23:00:00Z,OTHER,BIOMASS,123.69274381160736,156
2016-02-19T23:00:00Z,OTHER,GAS COGEN,43.678560993406506,61
2016-02-19T23:00:00Z,OTHER,OIL/GAS,42.63069957097371,53
2016-02-19T23:00:00Z,OTHER,WOOD/REFUSE,73.67678021854823,158
2016-02-19T23:00:00Z,WIND,WIND,392.67478766484805,1463
2016-02-20T00:00:00Z,COAL,COAL,4842.148601339129,6289
2016-02-20T00:00:00Z,GAS,COGENERATION,3446.189941611555,4528
2016-02-20T00:00:00Z,GAS,COMBINED CYCLE,867.7281384969419,1716
2016-02-20T00:00:00Z,GAS,SIMPLE CYCLE,25.999999046325684,996
2016-02-20T00:00:00Z,HYDRO,HYDRO,255.93120565929348,894
2016-02-20T00:00:00Z,OTHER,BIOMASS,126.62698706467945,156
2016-02-20T00:00:00Z,OTHER,GAS COGEN,43.71003767437405,61
2016-02-20T00:00:00Z,OTHER,OIL/GAS,42.46994397057427,53
2016-02-20T00:00:00Z,OTHER,WOOD/REFUSE,73.72908556143443,158
2016-02-20T00:00:00Z,WIND,WIND,422.7048669387069,1463
2016-02-20T01:00:00Z,COAL,COAL,4840.42939245224,6289
2016-02-20T01:00:00Z,GAS,COGENERATION,3447.264104150898,4528
2016-02-20T01:00:00Z,GAS,COMBINED CYCLE,863.3513245924976,1716
2016-02-20T01:00:00Z,GAS,SIMPLE CYCLE,67.79399785227245,996
2016-02-20T01:00:00Z,HYDRO,HYDRO,273.49595001151164,894
2016-02-20T01:00:00Z,OTHER,BIOMASS,127.80015610112085,156
2016-02-20T01:00:00Z,OTHER,GAS COGEN,43.589363760418365,61
2016-02-20T01:00:00Z,OTHER,OIL/GAS,42.23119877709283,53
2016-02-20T01:00:00Z,OTHER,WOOD/REFUSE,73.82644153647952,158
2016-02-20T01:00:00Z,WIND,WIND,536.3326036184363,1463
2016-02-20T02:00:00Z,COAL,COAL,4728.038446954091,6289
2016-02-20T02:00:00Z,GAS,COGENERATION,3426.7063482531576,4528
2016-02-20T02:00:00Z,GAS,COMBINED CYCLE,861.3953004013168,1716
2016-02-20T02:00:00Z,GAS,SIMPLE CYCLE,29.987332391209073,996
2016-02-20T02:00:00Z,HYDRO,HYDRO,260.9764385170076,894
2016-02-20T02:00:00Z,OTHER,BIOMASS,127.51883343961504,156
2016-02-20T02:00:00Z,OTHER,GAS COGEN,43.8053350215488,61
2016-02-20T02:00:00Z,OTHER,OIL/GAS,41.98415376663208,53
2016-02-20T02:00:00Z,OTHER,WOOD/REFUSE,74.29435826566484,158
2016-02-20T02:00:00Z,WIND,WIND,578.2178192332221,1463
2016-02-20T03:00:00Z,COAL,COAL,4671.321347838508,6289
2016-02-20T03:00:00Z,GAS,COGENERATION,3404.471262371805,4528
2016-02-20T03:00:00Z,GAS,COMBINED CYCLE,868.4636839184496,1716
2016-02-20T03:00:00Z,GAS,SIMPLE CYCLE,25.899999141693115,996
2016-02-20T03:00:00Z,HYDRO,HYDRO,240.92275276623667,894
2016-02-20T03:00:00Z,OTHER,BIOMASS,126.79900601969825,156
2016-02-20T03:00:00Z,OTHER,GAS COGEN,43.8421405866411,61
2016-02-20T03:00:00Z,OTHER,OIL/GAS,42.36036576800876,53
2016-02-20T03:00:00Z,OTHER,WOOD/REFUSE,74.60187501748403,158
2016-02-20T03:00:00Z,WIND,WIND,593.8348454365796,1463
2016-02-20T04:00:00Z,COAL,COAL,4574.6662285486855,6289
2016-02-20T04:00:00Z,GAS,COGENERATION,3400.6627571074914,4528
2016-02-20T04:00:00Z,GAS,COMBINED CYCLE,878.3495585221714,1716
2016-02-20T04:00:00Z,GAS,SIMPLE CYCLE,25.897499148050944,996
2016-02-20T04:00:00Z,HYDRO,HYDRO,157.9329207082755,894
2016-02-20T04:00:00Z,OTHER,BIOMASS,126.54717772536807,156
2016-02-20T04:00:00Z,OTHER,GAS COGEN,43.86963101810879,61
2016-02-20T04:00:00Z,OTHER,OIL/GAS,42.369209342532685,53
2016-02-20T04:00:00Z,OTHER,WOOD/REFUSE,74.6311024008857,158
2016-02-20T04:00:00Z,WIND,WIND,579.3076180536714,1463
2016-02-20T05:00:00Z,COAL,COAL,4384.699854624007,6289
2016-02-20T05:00:00Z,GAS,COGENERATION,3346.6558444101943,4528
2016-02-20T05:00:00Z,GAS,COMBINED CYCLE,795.1400164412128,1716
2016-02-20T05:00:00Z,GAS,SIMPLE CYCLE,25.899999141693115,996
2016-02-20T05:00:00Z,HYDRO,HYDRO,118.57182726754083,894
2016-02-20T05:00:00Z,OTHER,BIOMASS,128.74323862605624,156
2016-02-20T05:00:00Z,OTHER,GAS COGEN,43.81897699779934,61
2016-02-20T05:00:00Z,OTHER,OIL/GAS,42.82730495876736,53
2016-02-20T05:00:00Z,OTHER,WOOD/REFUSE,75.07974188486736,158
2016-02-20T05:00:00Z,WIND,WIND,565.1289073238273,1463
2016-02-20T06:00:00Z,COAL,COAL,4152.689215413861,6289
2016-02-20T06:00:00Z,GAS,COGENERATION,3344.7029476065686,4528
2016-02-20T06:00:00Z,GAS,COMBINED CYCLE,717.7304966474242,1716
2016-02-20T06:00:00Z,GAS,SIMPLE CYCLE,25.899999141693115,996
2016-02-20T06:00:00Z,HYDRO,HYDRO,124.49800210307042,894
2016-02-20T06:00:00Z,OTHER,BIOMASS,130.08342293951247,156
2016-02-20T06:00:00Z,OTHER,GAS COGEN,43.78436224619547,61
2016-02-20T06:00:00Z,OTHER,OIL/GAS,43.05517153845893,53
2016-02-20T06:00:00Z,OTHER,WOOD/REFUSE,72.14895766629112,158
2016-02-20T06:00:00Z,WIND,WIND,568.709950072368,1463
2016-02-20T07:00:00Z,COAL,COAL,4120.201385921902,6289
2016-02-20T07:00:00Z,GAS,COGENERATION,3389.26574238071,4528
2016-02-20T07:00:00Z,GAS,COMBINED CYCLE,538.6853376838897,1716
2016-02-20T07:00:00Z,GAS,SIMPLE CYCLE,25.899999141693115,996
2016-02-20T07:00:00Z,HYDRO,HYDRO,67.22195208422012,894
2016-02-20T07:00:00Z,OTHER,BIOMASS,129.21256705972883,156
2016-02-20T07:00:00Z,OTHER,GAS COGEN,33.08151829242706,61
2016-02-20T07:00:00Z,OTHER,OIL/GAS,42.97311090893216,53
2016-02-20T07:00:00Z,OTHER,WOOD/REFUSE,72.27541355556912,158
2016-02-20T07:00:00Z,WIND,WIND,589.2749151106841,1463
2016-02-20T08:00:00Z,COAL,COAL,4023.190624495612,6289
2016-02-20T08:00:00Z,GAS,COGENERATION,3367.666354999286,4528
2016-02-20T08:00:00Z,GAS,COMBINED CYCLE,373.4047024775876,1716
2016-02-20T08:00:00Z,GAS,SIMPLE CYCLE,25.899999141693115,996
2016-02-20T08:00:00Z,HYDRO,HYDRO,89.79297274900807,894
2016-02-20T08:00:00Z,OTHER,BIOMASS,128.24371207131279,156
2016-02-20T08:00:00Z,OTHER,GAS COGEN,29.956780216428967,61
2016-02-20T08:00:00Z,OTHER,OIL/GAS,43.44968144310845,53
2016-02-20T08:00:00Z,OTHER,WOOD/REFUSE,73.50535805490281,158
2016-02-20T08:00:00Z,WIND,WIND,715.6441421229723,1463
2016-02-20T09:00:00Z,COAL,COAL,3827.165818180508,6289
2016-02-20T09:00:00Z,GAS,COGENERATION,3361.787595007055,4528
2016-02-20T09:00:00Z,GAS,COMBINED CYCLE,347.17834119717276,1716
2016-02-20T09:00:00Z,GAS,SIMPLE CYCLE,25.899999141693115,996
2016-02-20T09:00:00Z,HYDRO,HYDRO,69.6638254016969,894
2016-02-20T09:00:00Z,OTHER,BIOMASS,128.14397796207004,156
2016-02-20T09:00:00Z,OTHER,GAS COGEN,30.003892432318793,61
2016-02-20T09:00:00Z,OTHER,OIL/GAS,44.9950652885437,53
2016-02-20T09:00:00Z,OTHER,WOOD/REFUSE,73.70751307858362,158
2016-02-20T09:00:00Z,WIND,WIND,881.4726766170479,1463
2016-02-20T10:00:00Z,COAL,COAL,3609.0573867331614,6289
2016-02-20T10:00:00Z,GAS,COGENERATION,3383.3563759391177,4528
2016-02-20T10:00:00Z,GAS,COMBINED CYCLE,347.6791647168663,1716
2016-02-20T10:00:00Z,GAS,SIMPLE CYCLE,25.899999141693115,996
2016-02-20T10:00:00Z,HYDRO,HYDRO,108.4251734908753,894
2016-02-20T10:00:00Z,OTHER,BIOMASS,128.33518786801233,156
2016-02-20T10:00:00Z,OTHER,GAS COGEN,29.90366616302066,61
2016-02-20T10:00:00Z,OTHER,OIL/GAS,45.22995389302571,53
2016-02-20T10:00:00Z,OTHER,WOOD/REFUSE,73.48531922923195,158
2016-02-20T10:00:00Z,WIND,WIND,992.6748651814461,1463
2016-02-20T11:00:00Z,COAL,COAL,3600.11055112203,6289
2016-02-20T11:00:00Z,GAS,COGENERATION,3376.987869395506,4528
2016-02-20T11:00:00Z,GAS,COMBINED CYCLE,343.84883835441536,1716
2016-02-20T11:00:00Z,GAS,SIMPLE CYCLE,25.899999141693115,996
2016-02-20T11:00:00Z,HYDRO,HYDRO,91.29464648104376,894
2016-02-20T11:00:00Z,OTHER,BIOMASS,130.31000937514835,156
2016-02-20T11:00:00Z,OTHER,GAS COGEN,29.961705644395614,61
2016-02-20T11:00:00Z,OTHER,OIL/GAS,45.99987057579888,53
2016-02-20T11:00:00Z,OTHER,WOOD/REFUSE,72.62936943266126,158
2016-02-20T11:00:00Z,WIND,WIND,1079.7857258705299,1463
2016-02-20T12:00:00Z,COAL,COAL,3687.1956704796685,6289
2016-02-20T12:00:00Z,GAS,COGENERATION,3387.6839824066974,4528
2016-02-20T12:00:00Z,GAS,COMBINED CYCLE,344.28751370244555,1716
2016-02-20T12:00:00Z,GAS,SIMPLE CYCLE,25.93138819800483,996
2016-02-20T12:00:00Z,HYDRO,HYDRO,105.55898012689417,894
2016-02-20T12:00:00Z,OTHER,BIOMASS,130.89877594788868,156
2016-02-20T12:00:00Z,OTHER,GAS COGEN,29.974686151610477,61
2016-02-20T12:00:00Z,OTHER,OIL/GAS,46.767198651631674,53
2016-02-20T12:00:00Z,OTHER,WOOD/REFUSE,73.88546899795531,158
2016-02-20T12:00:00Z,WIND,WIND,1031.256149657435,1463
2016-02-20T13:00:00Z,COAL,COAL,3879.7831831063163,6289
2016-02-20T13:00:00Z,GAS,COGENERATION,3408.8410737257536,4528
2016-02-20T13:00:00Z,GAS,COMBINED CYCLE,343.98804836021526,1716
2016-02-20T13:00:00Z,GAS,SIMPLE CYCLE,25.99766619576348,996
2016-02-20T13:00:00Z,HYDRO,HYDRO,119.2215814192262,894
2016-02-20T13:00:00Z,OTHER,BIOMASS,127.10170140107473,156
2016-02-20T13:00:00Z,OTHER,GAS COGEN,29.847305215729605,61
2016-02-20T13:00:00Z,OTHER,OIL/GAS,46.534565387301974,53
2016-02-20T13:00:00Z,OTHER,WOOD/REFUSE,73.74669148974948,158
2016-02-20T13:00:00Z,WIND,WIND,967.2091839591662,1463
2016-02-20T14:00:00Z,COAL,COAL,3951.2479601542154,6289
2016-02-20T14:00:00Z,GAS,COGENERATION,3437.5202504986523,4528
2016-02-20T14:00:00Z,GAS,COMBINED CYCLE,400.75705973121853,1716
2016-02-20T14:00:00Z,GAS,SIMPLE CYCLE,25.99266620847914,996
2016-02-20T14:00:00Z,HYDRO,HYDRO,153.25413238669435,894
2016-02-20T14:00:00Z,OTHER,BIOMASS,128.02497820801204,156
2016-02-20T14:00:00Z,OTHER,GAS COGEN,29.962004020478986,61
2016-02-20T14:00:00Z,OTHER,OIL/GAS,46.282921172247995,53
2016-02-20T14:00:00Z,OTHER,WOOD/REFUSE,73.02858567025926,158
2016-02-20T14:00:00Z,WIND,WIND,951.4751803590192,1463
2016-02-20T15:00:00Z,COAL,COAL,4103.316392385695,6289
2016-02-20T15:00:00Z,GAS,COGENERATION,3430.1591424877774,4528
2016-02-20T15:00:00Z,GAS,COMBINED CYCLE,488.54390346229076,1716
2016-02-20T15:00:00Z,GAS,SIMPLE CYCLE,25.066110764609444,996
2016-02-20T15:00:00Z,HYDRO,HYDRO,155.30664787884388,894
2016-02-20T15:00:00Z,OTHER,BIOMASS,130.27882256878746,156
2016-02-20T15:00:00Z,OTHER,GAS COGEN,30.18345676951938,61
2016-02-20T15:00:00Z,OTHER,OIL/GAS,46.64363726721869,53
2016-02-20T15:00:00Z,OTHER,WOOD/REFUSE,73.07392492771149,158
2016-02-20T15:00:00Z,WIND,WIND,829.9324571001198,1463
2016-02-20T16:00:00Z,COAL,COAL,4293.8914592997235,6289
2016-02-20T16:00:00Z,GAS,COGENERATION,3507.9439202422564,4528
2016-02-20T16:00:00Z,GAS,COMBINED CYCLE,514.8834608627028,1716
2016-02-20T16:00:00Z,GAS,SIMPLE CYCLE,21.90000009536743,996
2016-02-20T16:00:00Z,HYDRO,HYDRO,228.8263182265477,894
2016-02-20T16:00:00Z,OTHER,BIOMASS,127.41993371433682,156
2016-02-20T16:00:00Z,OTHER,GAS COGEN,30.049324404398597,61
2016-02-20T16:00:00Z,OTHER,OIL/GAS,45.32834319008721,53
2016-02-20T16:00:00Z,OTHER,WOOD/REFUSE,72.59901332908207,158
2016-02-20T16:00:00Z,WIND,WIND,621.9943685999513,1463
2016-02-20T17:00:00Z,COAL,COAL,4510.2779207441545,6289
2016-02-20T17:00:00Z,GAS,COGENERATION,3536.168533241484,4528
2016-02-20T17:00:00Z,GAS,COMBINED CYCLE,506.47075507534873,1716
2016-02-20T17:00:00Z,GAS,SIMPLE CYCLE,22.34188885582818,996
2016-02-20T17:00:00Z,HYDRO,HYDRO,252.82184769713214,894
2016-02-20T17:00:00Z,OTHER,BIOMASS,129.13283857133652,156
2016-02-20T17:00:00Z,OTHER,GAS COGEN,30.24735242525736,61
2016-02-20T17:00:00Z,OTHER,OIL/GAS,44.50386571036445,53
2016-02-20T17:00:00Z,OTHER,WOOD/REFUSE,72.85101917796665,158
2016-02-20T17:00:00Z,WIND,WIND,463.7209087315367,1463
2016-02-20T18:00:00Z,COAL,COAL,4686.80213227166,6289
2016-02-20T18:00:00Z,GAS,COGENERATION,3535.49542107794,4528
2016-02-20T18:00:00Z,GAS,COMBINED CYCLE,516.1897904349698,1716
2016-02-20T18:00:00Z,GAS,SIMPLE CYCLE,25.990388429429796,996
2016-02-20T18:00:00Z,HYDRO,HYDRO,251.8573821460704,894
2016-02-20T18:00:00Z,OTHER,BIOMASS,108.51643538210126,156
2016-02-20T18:00:00Z,OTHER,GAS COGEN,30.137204209433662,61
2016-02-20T18:00:00Z,OTHER,OIL/GAS,44.93609855651855,53
2016-02-20T18:00:00Z,OTHER,WOOD/REFUSE,72.79019715838962,158
2016-02-20T18:00:00Z,WIND,WIND,339.7414665195594,1463
2016-02-20T19:00:00Z,COAL,COAL,4832.67144408332,6289
2016-02-20T19:00:00Z,GAS,COGENERATION,3585.12870105346,4528
2016-02-20T19:00:00Z,GAS,COMBINED CYCLE,513.4231216964457,1716
2016-02-20T19:00:00Z,GAS,SIMPLE CYCLE,25.999999523162842,996
2016-02-20T19:00:00Z,HYDRO,HYDRO,252.07832380500105,894
2016-02-20T19:00:00Z,OTHER,BIOMASS,101.78807316568162,156
2016-02-20T19:00:00Z,OTHER,GAS COGEN,30.04503479533725,61
2016-02-20T19:00:00Z,OTHER,OIL/GAS,45.049632229275176,53
2016-02-20T19:00:00Z,OTHER,WOOD/REFUSE,72.71617459350162,158
2016-02-20T19:00:00Z,WIND,WIND,214.58640477972725,1463
2016-02-20T20:00:00Z,COAL,COAL,4874.471134126451,6289
2016-02-20T20:00:00Z,GAS,COGENERATION,3616.1341298896737,4528
2016-02-20T20:00:00Z,GAS,COMBINED CYCLE,508.89108136541313,1716
2016-02-20T20:00:00Z,GAS,SIMPLE CYCLE,25.999999523162842,996
2016-02-20T20:00:00Z,HYDRO,HYDRO,238.24833805571,894
2016-02-20T20:00:00Z,OTHER,BIOMASS,103.25245211018456,156
2016-02-20T20:00:00Z,OTHER,GAS COGEN,30.021478293736777,61
2016-02-20T20:00:00Z,OTHER,OIL/GAS,40.13653779347737,53
2016-02-20T20:00:00Z,OTHER,WOOD/REFUSE,72.81634708828396,158
2016-02-20T20:00:00Z,WIND,WIND,134.49285847816202,1463
2016-02-20T21:00:00Z,COAL,COAL,4701.066430189345,6289
2016-02-20T21:00:00Z,GAS,COGENERATION,3664.1257246034675,4528
2016-02-20T21:00:00Z,GAS,COMBINED CYCLE,507.753394036293,1716
2016-02-20T21:00:00Z,GAS,SIMPLE CYCLE,32.34002734806803,996
2016-02-20T21:00:00Z,HYDRO,HYDRO,251.4392689433694,894
2016-02-20T21:00:00Z,OTHER,BIOMASS,107.70576469315422,156
2016-02-20T21:00:00Z,OTHER,GAS COGEN,30.068015016449824,61
2016-02-20T21:00:00Z,OTHER,OIL/GAS,40.26385423660278,53
2016-02-20T21:00:00Z,OTHER,WOOD/REFUSE,72.7734742863973,158
2016-02-20T21:00:00Z,WIND,WIND,153.95283223253986,1463
2016-02-20T22:00:00Z,COAL,COAL,4598.069409404331,6289
2016-02-20T22:00:00Z,GAS,COGENERATION,3548.659728937281,4528
2016-02-20T22:00:00Z,GAS,COMBINED CYCLE,494.08690697749455,1716
2016-02-20T22:00:00Z,GAS,SIMPLE CYCLE,38.62605509440104,996
2016-02-20T22:00:00Z,HYDRO,HYDRO,217.51496405108108,894
2016-02-20T22:00:00Z,OTHER,BIOMASS,117.66072555806902,156
2016-02-20T22:00:00Z,OTHER,GAS COGEN,29.846714986695183,61
2016-02-20T22:00:00Z,OTHER,OIL/GAS,41.97393199284871,53
2016-02-20T22:00:00Z,OTHER,WOOD/REFUSE,71.740113802486,158
2016-02-20T22:00:00Z,WIND,WIND,244.51287949522336,1463
2016-02-20T23:00:00Z,COAL,COAL,4540.961954816183,6289
2016-02-20T23:00:00Z,GAS,COGENERATION,3447.9059250138866,4528
2016-02-20T23:00:00Z,GAS,COMBINED CYCLE,498.3647357421451,1716
2016-02-20T23:00:00Z,GAS,SIMPLE CYCLE,25.999999523162842,996
2016-02-20T23:00:00Z,HYDRO,HYDRO,219.04785939691794,894
2016-02-20T23:00:00Z,OTHER,BIOMASS,118.5942004638248,156
2016-02-20T23:00:00Z,OTHER,GAS COGEN,29.861710371441312,61
2016-02-20T23:00:00Z,OTHER,OIL/GAS,42.318849067687985,53
2016-02-20T23:00:00Z,OTHER,WOOD/REFUSE,70.5458357699712,158
2016-02-20T23:00:00Z,WIND,WIND,461.55140905915863,1463
2016-02-21T00:00:00Z,COAL,COAL,4538.172284130521,6289
2016-02-21T00:00:00Z,GAS,COGENERATION,3448.6574503710535,4528
2016-02-21T00:00:00Z,GAS,COMBINED CYCLE,503.6546157984601,1716
2016-02-21T00:00:00Z,GAS,SIMPLE CYCLE,25.999999523162842,996
2016-02-21T00:00:00Z,HYDRO,HYDRO,297.3536638873815,894
2016-02-21T00:00:00Z,OTHER,BIOMASS,121.36654515690273,156
2016-02-21T00:00:00Z,OTHER,GAS COGEN,29.74074508719974,61
2016-02-21T00:00:00Z,OTHER,OIL/GAS,42.89324869367812,53
2016-02-21T00:00:00Z,OTHER,WOOD/REFUSE,71.51426305188073,158
2016-02-21T00:00:00Z,WIND,WIND,548.2985365981526,1463
2016-02-21T01:00:00Z,COAL,COAL,4687.451413430108,6289
2016-02-21T01:00:00Z,GAS,COGENERATION,3491.553413070705,4528
2016-02-21T01:00:00Z,GAS,COMBINED CYCLE,492.970318305095,1716
2016-02-21T01:00:00Z,GAS,SIMPLE CYCLE,25.999999523162842,996
2016-02-21T01:00:00Z,HYDRO,HYDRO,281.32345571372247,894
2016-02-21T01:00:00Z,OTHER,BIOMASS,127.02751565880246,156
2016-02-21T01:00:00Z,OTHER,GAS COGEN,29.85163937250773,61
2016-02-21T01:00:00Z,OTHER,OIL/GAS,43.80205414030287,53
2016-02-21T01:00:00Z,OTHER,WOOD/REFUSE,70.9951135079066,158
2016-02-21T01:00:00Z,WIND,WIND,617.638630095025,1463
2016-02-21T02:00:00Z,COAL,COAL,4600.729663263956,6289
2016-02-21T02:00:00Z,GAS,COGENERATION,3444.5549746277597,4528
2016-02-21T02:00:00Z,GAS,COMBINED CYCLE,487.65657054828273,1716
2016-02-21T02:00:00Z,GAS,SIMPLE CYCLE,25.900332476298015,996
2016-02-21T02:00:00Z,HYDRO,HYDRO,251.1254427130686,894
2016-02-21T02:00:00Z,OTHER,BIOMASS,128.4411482222875,156
2016-02-21T02:00:00Z,OTHER,GAS COGEN,29.874556064605713,61
2016-02-21T02:00:00Z,OTHER,OIL/GAS,44.06608771853977,53
2016-02-21T02:00:00Z,OTHER,WOOD/REFUSE,72.19291353437636,158
2016-02-21T02:00:00Z,WIND,WIND,699.7945705764162,1463
2016-02-21T03:00:00Z,COAL,COAL,4564.208514213562,6289
2016-02-21T03:00:00Z,GAS,COGENERATION,3457.2110589571794,4528
2016-02-21T03:00:00Z,GAS,COMBINED CYCLE,505.10673459741804,1716
2016-02-21T03:00:00Z,GAS,SIMPLE CYCLE,24.0577773586909,996
2016-02-21T03:00:00Z,HYDRO,HYDRO,240.00355890386635,894
2016-02-21T03:00:00Z,OTHER,BIOMASS,128.26425363487667,156
2016-02-21T03:00:00Z,OTHER,GAS COGEN,29.943798446655272,61
2016-02-21T03:00:00Z,OTHER,OIL/GAS,44.86176583396064,53
2016-02-21T03:00:00Z,OTHER,WOOD/REFUSE,72.42376883771685,158
2016-02-21T03:00:00Z,WIND,WIND,778.0629640641146,1463
2016-02-21T04:00:00Z,COAL,COAL,4487.102130304972,6289
2016-02-21T04:00:00Z,GAS,COGENERATION,3452.970204747783,4528
2016-02-21T04:00:00Z,GAS,COMBINED CYCLE,490.7478254629506,1716
2016-02-21T04:00:00Z,GAS,SIMPLE CYCLE,22.866277588208515,996
2016-02-21T04:00:00Z,HYDRO,HYDRO,139.68052876558568,894
2016-02-21T04:00:00Z,OTHER,BIOMASS,127.76144151263767,156
2016-02-21T04:00:00Z,OTHER,GAS COGEN,29.71135226832496,61
2016-02-21T04:00:00Z,OTHER,OIL/GAS,45.89412622875638,53
2016-02-21T04:00:00Z,OTHER,WOOD/REFUSE,72.84564666642083,158
2016-02-21T04:00:00Z,WIND,WIND,808.0373635219535,1463
2016-02-21T05:00:00Z,COAL,COAL,4258.455416115655,6289
2016-02-21T05:00:00Z,GAS,COGENERATION,3412.474790540669,4528
2016-02-21T05:00:00Z,GAS,COMBINED CYCLE,507.13331423699856,1716
2016-02-21T05:00:00Z,GAS,SIMPLE CYCLE,26.09533322016398,996
2016-02-21T05:00:00Z,HYDRO,HYDRO,167.65928410660888,894
2016-02-21T05:00:00Z,OTHER,BIOMASS,128.42984875096215,156
2016-02-21T05:00:00Z,OTHER,GAS COGEN,29.665845770306056,61
2016-02-21T05:00:00Z,OTHER,OIL/GAS,45.59541585922241,53
2016-02-21T05:00:00Z,OTHER,WOOD/REFUSE,73.21528553485871,158
2016-02-21T05:00:00Z,WIND,WIND,793.1365896489885,1463
2016-02-21T06:00:00Z,COAL,COAL,4090.391798600753,6289
2016-02-21T06:00:00Z,GAS,COGENERATION,3402.1755583901536,4528
2016-02-21T06:00:00Z,GAS,COMBINED CYCLE,461.146165875064,1716
2016-02-21T06:00:00Z,GAS,SIMPLE CYCLE,26.09999990463257,996
2016-02-21T06:00:00Z,HYDRO,HYDRO,103.80780067540705,894
2016-02-21T06:00:00Z,OTHER,BIOMASS,125.10249339209662,156
2016-02-21T06:00:00Z,OTHER,GAS COGEN,29.80478990872701,61
2016-02-21T06:00:00Z,OTHER,OIL/GAS,46.44728731155396,53
2016-02-21T06:00:00Z,OTHER,WOOD/REFUSE,72.38915212578245,158
2016-02-21T06:00:00Z,WIND,WIND,761.4878224389752,1463
2016-02-21T07:00:00Z,COAL,COAL,3980.373823900686,6289
2016-02-21T07:00:00Z,GAS,COGENERATION,3389.830024372074,4528
2016-02-21T07:00:00Z,GAS,COMBINED CYCLE,403.5664050801595,1716
2016-02-21T07:00:00Z,GAS,SIMPLE CYCLE,26.089999866485595,996
2016-02-21T07:00:00Z,HYDRO,HYDRO,77.36282522284323,894
2016-02-21T07:00:00Z,OTHER,BIOMASS,127.89937440554301,156
2016-02-21T07:00:00Z,OTHER,GAS COGEN,29.759507206810845,61
2016-02-21T07:00:00Z,OTHER,OIL/GAS,47.38130480448405,53
2016-02-21T07:00:00Z,OTHER,WOOD/REFUSE,73.272407635053,158
2016-02-21T07:00:00Z,WIND,WIND,770.5074815227257,1463
2016-02-21T08:00:00Z,COAL,COAL,3868.268420539432,6289
2016-02-21T08:00:00Z,GAS,COGENERATION,3388.502470437288,4528
2016-02-21T08:00:00Z,GAS,COMBINED CYCLE,355.86193220933274,1716
2016-02-21T08:00:00Z,GAS,SIMPLE CYCLE,26.049999713897705,996
2016-02-21T08:00:00Z,HYDRO,HYDRO,79.37527977228166,894
2016-02-21T08:00:00Z,OTHER,BIOMASS,125.72990376472472,156
2016-02-21T08:00:00Z,OTHER,GAS COGEN,29.729070019192164,61
2016-02-21T08:00:00Z,OTHER,OIL/GAS,46.72776494132148,53
2016-02-21T08:00:00Z,OTHER,WOOD/REFUSE,73.39078007062275,158
2016-02-21T08:00:00Z,WIND,WIND,774.409037140078,1463
2016-02-21T09:00:00Z,COAL,COAL,3817.28766509374,6289
2016-02-21T09:00:00Z,GAS,COGENERATION,3392.6362851516405,4528
2016-02-21T09:00:00Z,GAS,COMBINED CYCLE,354.06499273108113,1716
2016-02-21T09:00:00Z,GAS,SIMPLE CYCLE,26.042666352589926,996
2016-02-21T09:00:00Z,HYDRO,HYDRO,94.80548472834958,894
2016-02-21T09:00:00Z,OTHER,BIOMASS,126.330116531584,156
2016-02-21T09:00:00Z,OTHER,GAS COGEN,29.68900941212972,61
2016-02-21T09:00:00Z,OTHER,OIL/GAS,47.125083166758216,53
2016-02-21T09:00:00Z,OTHER,WOOD/REFUSE,72.26470219877031,158
2016-02-21T09:00:00Z,WIND,WIND,808.3574444378747,1463
2016-02-21T10:00:00Z,COAL,COAL,3883.9440840191314,6289
2016-02-21T10:00:00Z,GAS,COGENERATION,3390.392033004761,4528
2016-02-21T10:00:00Z,GAS,COMBINED CYCLE,374.73468765729,1716
2016-02-21T10:00:00Z,GAS,SIMPLE CYCLE,25.972832752863567,996
2016-02-21T10:00:00Z,HYDRO,HYDRO,108.03834569245576,894
2016-02-21T10:00:00Z,OTHER,BIOMASS,125.34692766560448,156
2016-02-21T10:00:00Z,OTHER,GAS COGEN,29.72623522016737,61
2016-02-21T10:00:00Z,OTHER,OIL/GAS,47.448593578338624,53
2016-02-21T10:00:00Z,OTHER,WOOD/REFUSE,72.92937470701006,158
2016-02-21T10:00:00Z,WIND,WIND,707.7212442646755,1463
2016-02-21T11:00:00Z,COAL,COAL,3989.4957009527416,6289
2016-02-21T11:00:00Z,GAS,COGENERATION,3385.7454490939776,4528
2016-02-21T11:00:00Z,GAS,COMBINED CYCLE,402.8609974395566,1716
2016-02-21T11:00:00Z,GAS,SIMPLE CYCLE,26.06083308855693,996
2016-02-21T11:00:00Z,HYDRO,HYDRO,97.4889483862453,894
2016-02-21T11:00:00Z,OTHER,BIOMASS,125.53052205615573,156
2016-02-21T11:00:00Z,OTHER,GAS COGEN,29.7274745994144,61
2016-02-21T11:00:00Z,OTHER,OIL/GAS,46.98449805577596,53
2016-02-21T11:00:00Z,OTHER,WOOD/REFUSE,73.083485560947,158
2016-02-21T11:00:00Z,WIND,WIND,592.3990880233215,1463
2016-02-21T12:00:00Z,COAL,COAL,3996.926444460551,6289
2016-02-21T12:00:00Z,GAS,COGENERATION,3381.8211970710754,4528
2016-02-21T12:00:00Z,GAS,COMBINED CYCLE,361.19089429636796,1716
2016-02-21T12:00:00Z,GAS,SIMPLE CYCLE,25.877499055862426,996
2016-02-21T12:00:00Z,HYDRO,HYDRO,102.84584689391984,894
2016-02-21T12:00:00Z,OTHER,BIOMASS,124.90289472950829,156
2016-02-21T12:00:00Z,OTHER,GAS COGEN,29.557304565641616,61
2016-02-21T12:00:00Z,OTHER,OIL/GAS,46.96161070717706,53
2016-02-21T12:00:00Z,OTHER,WOOD/REFUSE,73.2438077682919,158
2016-02-21T12:00:00Z,WIND,WIND,581.2303549381428,1463
2016-02-21T13:00:00Z,COAL,COAL,4083.5892108662924,6289
2016-02-21T13:00:00Z,GAS,COGENERATION,3386.096249947283,4528
2016-02-21T13:00:00Z,GAS,COMBINED CYCLE,409.98629237095514,1716
2016-02-21T13:00:00Z,GAS,SIMPLE CYCLE,26.04399969100952,996
2016-02-21T13:00:00Z,HYDRO,HYDRO,119.04917414446672,894
2016-02-21T13:00:00Z,OTHER,BIOMASS,126.77444060060714,156
2016-02-21T13:00:00Z,OTHER,GAS COGEN,29.526718143357172,61
2016-02-21T13:00:00Z,OTHER,OIL/GAS,47.266721413930256,53
2016-02-21T13:00:00Z,OTHER,WOOD/REFUSE,72.93220201916165,158
2016-02-21T13:00:00Z,WIND,WIND,524.6288808878925,1463
2016-02-21T14:00:00Z,COAL,COAL,4166.164751968384,6289
2016-02-21T14:00:00Z,GAS,COGENERATION,3378.7994949473277,4528
2016-02-21T14:00:00Z,GAS,COMBINED CYCLE,492.56974925306105,1716
2016-02-21T14:00:00Z,GAS,SIMPLE CYCLE,26.085166514714558,996
2016-02-21T14:00:00Z,HYDRO,HYDRO,138.56700196085706,894
2016-02-21T14:00:00Z,OTHER,BIOMASS,125.50425348228879,156
2016-02-21T14:00:00Z,OTHER,GAS COGEN,29.560027452574836,61
2016-02-21T14:00:00Z,OTHER,OIL/GAS,46.9259441057841,53
2016-02-21T14:00:00Z,OTHER,WOOD/REFUSE,72.66151884449853,158
2016-02-21T14:00:00Z,WIND,WIND,491.7093839150667,1463
2016-02-21T15:00:00Z,COAL,COAL,4202.281208250258,6289
2016-02-21T15:00:00Z,GAS,COGENERATION,3368.7014761319424,4528
2016-02-21T15:00:00Z,GAS,COMBINED CYCLE,504.7120182400942,1716
2016-02-21T15:00:00Z,GAS,SIMPLE CYCLE,26.088499860763548,996
2016-02-21T15:00:00Z,HYDRO,HYDRO,142.92743458002806,894
2016-02-21T15:00:00Z,OTHER,BIOMASS,124.29337498558893,156
2016-02-21T15:00:00Z,OTHER,GAS COGEN,29.420672739876643,61
2016-02-21T15:00:00Z,OTHER,OIL/GAS,46.567638087802464,53
2016-02-21T15:00:00Z,OTHER,WOOD/REFUSE,73.47794075965881,158
2016-02-21T15:00:00Z,WIND,WIND,525.1064375532998,1463
2016-02-21T16:00:00Z,COAL,COAL,4417.432835396661,6289
2016-02-21T16:00:00Z,GAS,COGENERATION,3359.336447330448,4528
2016-02-21T16:00:00Z,GAS,COMBINED CYCLE,500.0830246325996,1716
2016-02-21T16:00:00Z,GAS,SIMPLE CYCLE,25.837332235972088,996
2016-02-21T16:00:00Z,HYDRO,HYDRO,144.33347977154784,894
2016-02-21T16:00:00Z,OTHER,BIOMASS,123.25736324628194,156
2016-02-21T16:00:00Z,OTHER,GAS COGEN,29.445464204682246,61
2016-02-21T16:00:00Z,OTHER,OIL/GAS,47.32968238194783,53
2016-02-21T16:00:00Z,OTHER,WOOD/REFUSE,73.59389131069183,158
2016-02-21T16:00:00Z,WIND,WIND,432.72316807345385,1463
2016-02-21T17:00:00Z,COAL,COAL,4429.739025349088,6289
2016-02-21T17:00:00Z,GAS,COGENERATION,3350.2004398755894,4528
2016-02-21T17:00:00Z,GAS,COMBINED CYCLE,497.688774678972,1716
2016-02-21T17:00:00Z,GAS,SIMPLE CYCLE,25.80249876976013,996
2016-02-21T17:00:00Z,HYDRO,HYDRO,145.20554099606144,894
2016-02-21T17:00:00Z,OTHER,BIOMASS,126.77531983322568,156
2016-02-21T17:00:00Z,OTHER,GAS COGEN,29.628992943763734,61
2016-02-21T17:00:00Z,OTHER,OIL/GAS,47.178894204033746,53
2016-02-21T17:00:00Z,OTHER,WOOD/REFUSE,73.26356919553545,158
2016-02-21T17:00:00Z,WIND,WIND,516.5371433210207,1463
2016-02-21T18:00:00Z,COAL,COAL,4451.617439965143,6289
2016-02-21T18:00:00Z,GAS,COGENERATION,3324.8638383439516,4528
2016-02-21T18:00:00Z,GAS,COMBINED CYCLE,507.4857186259826,1716
2016-02-21T18:00:00Z,GAS,SIMPLE CYCLE,25.80249876976013,996
2016-02-21T18:00:00Z,HYDRO,HYDRO,161.95334118346372,894
2016-02-21T18:00:00Z,OTHER,BIOMASS,126.0351149781545,156
2016-02-21T18:00:00Z,OTHER,GAS COGEN,29.235731291770932,61
2016-02-21T18:00:00Z,OTHER,OIL/GAS,46.94971064885458,53
2016-02-21T18:00:00Z,OTHER,WOOD/REFUSE,72.75089154137505,158
2016-02-21T18:00:00Z,WIND,WIND,512.461591660844,1463
2016-02-21T19:00:00Z,COAL,COAL,4547.477156838311,6289
2016-02-21T19:00:00Z,GAS,COGENERATION,3308.9788005982505,4528
2016-02-21T19:00:00Z,GAS,COMBINED CYCLE,504.93625027087,1716
2016-02-21T19:00:00Z,GAS,SIMPLE CYCLE,25.79999876022339,996
2016-02-21T19:00:00Z,HYDRO,HYDRO,168.94478782143858,894
2016-02-21T19:00:00Z,OTHER,BIOMASS,127.04496513843536,156
2016-02-21T19:00:00Z,OTHER,GAS COGEN,29.292501486672293,61
2016-02-21T19:00:00Z,OTHER,OIL/GAS,47.27867709265815,53
2016-02-21T19:00:00Z,OTHER,WOOD/REFUSE,72.22061868614621,158
2016-02-21T19:00:00Z,WIND,WIND,436.3466851543635,1463
2016-02-21T20:00:00Z,COAL,COAL,4583.141764742533,6289
2016-02-21T20:00:00Z,GAS,COGENERATION,3325.770919989215,4528
2016-02-21T20:00:00Z,GAS,COMBINED CYCLE,506.67613277581006,1716
2016-02-21T20:00:00Z,GAS,SIMPLE CYCLE,25.79999876022339,996
2016-02-21T20:00:00Z,HYDRO,HYDRO,159.62820767215558,894
2016-02-21T20:00:00Z,OTHER,BIOMASS,131.07841206815507,156
2016-02-21T20:00:00Z,OTHER,GAS COGEN,29.086428944269816,61
2016-02-21T20:00:00Z,OTHER,OIL/GAS,47.41437104331123,53
2016-02-21T20:00:00Z,OTHER,WOOD/REFUSE,69.99222995969984,158
2016-02-21T20:00:00Z,WIND,WIND,375.89589332535866,1463
2016-02-21T21:00:00Z,COAL,COAL,4528.450335884094,6289
2016-02-21T21:00:00Z,GAS,COGENERATION,3327.563912328482,4528
2016-02-21T21:00:00Z,GAS,COMBINED CYCLE,499.3244966482454,1716
2016-02-21T21:00:00Z,GAS,SIMPLE CYCLE,29.591943060623276,996
2016-02-21T21:00:00Z,HYDRO,HYDRO,147.58109423158896,894
2016-02-21T21:00:00Z,OTHER,BIOMASS,129.66878683196174,156
2016-02-21T21:00:00Z,OTHER,GAS COGEN,28.91516063478258,61
2016-02-21T21:00:00Z,OTHER,OIL/GAS,46.94774316151937,53
2016-02-21T21:00:00Z,OTHER,WOOD/REFUSE,69.16294667667813,158
2016-02-21T21:00:00Z,WIND,WIND,452.0599286119143,1463
2016-02-21T22:00:00Z,COAL,COAL,4525.594717877706,6289
2016-02-21T22:00:00Z,GAS,COGENERATION,3319.2667912517654,4528
2016-02-21T22:00:00Z,GAS,COMBINED CYCLE,496.3250340759754,1716
2016-02-21T22:00:00Z,GAS,SIMPLE CYCLE,32.90666515323851,996
2016-02-21T22:00:00Z,HYDRO,HYDRO,155.52403316688205,894
2016-02-21T22:00:00Z,OTHER,BIOMASS,128.14292342556848,156
2016-02-21T22:00:00Z,OTHER,GAS COGEN,29.030664840804207,61
2016-02-21T22:00:00Z,OTHER,OIL/GAS,47.27455501556396,53
2016-02-21T22:00:00Z,OTHER,WOOD/REFUSE,69.09933548026615,158
2016-02-21T22:00:00Z,WIND,WIND,508.81256387333076,1463
2016-02-21T23:00:00Z,COAL,COAL,4594.514980218675,6289
2016-02-21T23:00:00Z,GAS,COGENERATION,3273.7626000802466,4528
2016-02-21T23:00:00Z,GAS,COMBINED CYCLE,510.3537247999509,1716
2016-02-21T23:00:00Z,GAS,SIMPLE CYCLE,25.823832184473673,996
2016-02-21T23:00:00Z,HYDRO,HYDRO,205.7179038542675,894
2016-02-21T23:00:00Z,OTHER,BIOMASS,130.409827709198,156
2016-02-21T23:00:00Z,OTHER,GAS COGEN,28.621039411756726,61
2016-02-21T23:00:00Z,OTHER,OIL/GAS,47.278576925065785,53
2016-02-21T23:00:00Z,OTHER,WOOD/REFUSE,68.94914102554321,158
2016-02-21T23:00:00Z,WIND,WIND,540.8973328888416,1463
2016-02-22T00:00:00Z,COAL,COAL,4734.354017533196,6289
2016-02-22T00:00:00Z,GAS,COGENERATION,3300.2836414086155,4528
2016-02-22T00:00:00Z,GAS,COMBINED CYCLE,510.34933355145984,1716
2016-02-22T00:00:00Z,GAS,SIMPLE CYCLE,25.79999876022339,996
2016-02-22T00:00:00Z,HYDRO,HYDRO,317.04498544858563,894
2016-02-22T00:00:00Z,OTHER,BIOMASS,127.96588159667121,156
2016-02-22T00:00:00Z,OTHER,GAS COGEN,26.917435012393526,61
2016-02-22T00:00:00Z,OTHER,OIL/GAS,47.03879852082994,53
2016-02-22T00:00:00Z,OTHER,WOOD/REFUSE,69.44409680975808,158
2016-02-22T00:00:00Z,WIND,WIND,544.5187924660246,1463
2016-02-22T01:00:00Z,COAL,COAL,5007.818334520128,6289
2016-02-22T01:00:00Z,GAS,COGENERATION,3375.5971967231562,4528
2016-02-22T01:00:00Z,GAS,COMBINED CYCLE,551.2756568580204,1716
2016-02-22T01:00:00Z,GAS,SIMPLE CYCLE,25.79999876022339,996
2016-02-22T01:00:00Z,HYDRO,HYDRO,336.8993382554253,894
2016-02-22T01:00:00Z,OTHER,BIOMASS,128.0152855735355,156
2016-02-22T01:00:00Z,OTHER,GAS COGEN,29.292140940560234,61
2016-02-22T01:00:00Z,OTHER,OIL/GAS,47.247953781551786,53
2016-02-22T01:00:00Z,OTHER,WOOD/REFUSE,69.92869625833299,158
2016-02-22T01:00:00Z,WIND,WIND,541.9061456170182,1463
2016-02-22T02:00:00Z,COAL,COAL,5039.016771659851,6289
2016-02-22T02:00:00Z,GAS,COGENERATION,3400.097785679367,4528
2016-02-22T02:00:00Z,GAS,COMBINED CYCLE,531.2792307069566,1716
2016-02-22T02:00:00Z,GAS,SIMPLE CYCLE,22.027887976699404,996
2016-02-22T02:00:00Z,HYDRO,HYDRO,248.27738628097708,894
2016-02-22T02:00:00Z,OTHER,BIOMASS,128.88047135088178,156
2016-02-22T02:00:00Z,OTHER,GAS COGEN,30.25758828481038,61
2016-02-22T02:00:00Z,OTHER,OIL/GAS,47.46472215652466,53
2016-02-22T02:00:00Z,OTHER,WOOD/REFUSE,70.89405202759637,158
2016-02-22T02:00:00Z,WIND,WIND,682.5624733969901,1463
2016-02-22T03:00:00Z,COAL,COAL,4906.010018628438,6289
2016-02-22T03:00:00Z,GAS,COGENERATION,3341.8555621503456,4528
2016-02-22T03:00:00Z,GAS,COMBINED CYCLE,494.0713085303041,1716
2016-02-22T03:00:00Z,GAS,SIMPLE CYCLE,9.999999761581421,996
2016-02-22T03:00:00Z,HYDRO,HYDRO,235.98529280724625,894
2016-02-22T03:00:00Z,OTHER,BIOMASS,126.26969990147485,156
2016-02-22T03:00:00Z,OTHER,GAS COGEN,30.236550798416136,61
2016-02-22T03:00:00Z,OTHER,OIL/GAS,46.950742908053925,53
2016-02-22T03:00:00Z,OTHER,WOOD/REFUSE,71.3304688220554,158
2016-02-22T03:00:00Z,WIND,WIND,815.7208307015565,1463
2016-02-22T04:00:00Z,COAL,COAL,4695.579406339857,6289
2016-02-22T04:00:00Z,GAS,COGENERATION,3305.3420509860252,4528
2016-02-22T04:00:00Z,GAS,COMBINED CYCLE,492.98106327076755,1716
2016-02-22T04:00:00Z,GAS,SIMPLE CYCLE,9.999999761581421,996
2016-02-22T04:00:00Z,HYDRO,HYDRO,105.43398875046108,894
2016-02-22T04:00:00Z,OTHER,BIOMASS,117.82670369095273,156
2016-02-22T04:00:00Z,OTHER,GAS COGEN,30.030615137947926,61
2016-02-22T04:00:00Z,OTHER,OIL/GAS,47.14273764292399,53
2016-02-22T04:00:00Z,OTHER,WOOD/REFUSE,71.2880463637246,158
2016-02-22T04:00:00Z,WIND,WIND,953.3308716385894,1463
2016-02-22T05:00:00Z,COAL,COAL,4307.571596942477,6289
2016-02-22T05:00:00Z,GAS,COGENERATION,3300.957190517452,4528
2016-02-22T05:00:00Z,GAS,COMBINED CYCLE,490.6081035099427,1716
2016-02-22T05:00:00Z,GAS,SIMPLE CYCLE,9.999999761581421,996
2016-02-22T05:00:00Z,HYDRO,HYDRO,104.86817918136715,894
2016-02-22T05:00:00Z,OTHER,BIOMASS,115.78557440492843,156
2016-02-22T05:00:00Z,OTHER,GAS COGEN,29.81693043920729,61
2016-02-22T05:00:00Z,OTHER,OIL/GAS,47.38129901038276,53
2016-02-22T05:00:00Z,OTHER,WOOD/REFUSE,71.7121191628774,158
2016-02-22T05:00:00Z,WIND,WIND,1006.6939912487732,1463
2016-02-22T06:00:00Z,COAL,COAL,4049.6482766215004,6289
2016-02-22T06:00:00Z,GAS,COGENERATION,3286.2897315598198,4528
2016-02-22T06:00:00Z,GAS,COMBINED CYCLE,406.7236698265208,1716
2016-02-22T06:00:00Z,GAS,SIMPLE CYCLE,9.999999761581421,996
2016-02-22T06:00:00Z,HYDRO,HYDRO,121.93831635023157,894
2016-02-22T06:00:00Z,OTHER,BIOMASS,115.80641635258992,156
2016-02-22T06:00:00Z,OTHER,GAS COGEN,29.81266392389933,61
2016-02-22T06:00:00Z,OTHER,OIL/GAS,46.96179402033488,53
2016-02-22T06:00:00Z,OTHER,WOOD/REFUSE,73.0286301030053,158
2016-02-22T06:00:00Z,WIND,WIND,996.2337137514601,1463
2016-02-22T07:00:00Z,COAL,COAL,3909.926315354241,6289
2016-02-22T07:00:00Z,GAS,COGENERATION,3289.128203737471,4528
2016-02-22T07:00:00Z,GAS,COMBINED CYCLE,341.112246360249,1716
2016-02-22T07:00:00Z,GAS,SIMPLE CYCLE,9.999999761581421,996
2016-02-22T07:00:00Z,HYDRO,HYDRO,87.87486367368864,894
2016-02-22T07:00:00Z,OTHER,BIOMASS,116.1623926809099,156
2016-02-22T07:00:00Z,OTHER,GAS COGEN,40.53275883144802,61
2016-02-22T07:00:00Z,OTHER,OIL/GAS,46.95214232762655,53
2016-02-22T07:00:00Z,OTHER,WOOD/REFUSE,72.34651904847887,158
2016-02-22T07:00:00Z,WIND,WIND,1023.6737699040771,1463
2016-02-22T08:00:00Z,COAL,COAL,3789.95370833079,6289
2016-02-22T08:00:00Z,GAS,COGENERATION,3297.151262954937,4528
2016-02-22T08:00:00Z,GAS,COMBINED CYCLE,338.3652894528707,1716
2016-02-22T08:00:00Z,GAS,SIMPLE CYCLE,9.999999761581421,996
2016-02-22T08:00:00Z,HYDRO,HYDRO,68.36076065053543,894
2016-02-22T08:00:00Z,OTHER,BIOMASS,117.46711912790934,156
2016-02-22T08:00:00Z,OTHER,GAS COGEN,43.8433051194085,61
2016-02-22T08:00:00Z,OTHER,OIL/GAS,47.451953938802085,53
2016-02-22T08:00:00Z,OTHER,WOOD/REFUSE,72.83167425791423,158
2016-02-22T08:00:00Z,WIND,WIND,1105.3362945075003,1463
2016-02-22T09:00:00Z,COAL,COAL,3630.9594413630166,6289
2016-02-22T09:00:00Z,GAS,COGENERATION,3319.6840025569995,4528
2016-02-22T09:00:00Z,GAS,COMBINED CYCLE,338.7660161707799,1716
2016-02-22T09:00:00Z,GAS,SIMPLE CYCLE,9.999999761581421,996
2016-02-22T09:00:00Z,HYDRO,HYDRO,117.56930418643685,894
2016-02-22T09:00:00Z,OTHER,BIOMASS,119.23698229789734,156
2016-02-22T09:00:00Z,OTHER,GAS COGEN,43.619502514733206,61
2016-02-22T09:00:00Z,OTHER,OIL/GAS,47.09994316948784,53
2016-02-22T09:00:00Z,OTHER,WOOD/REFUSE,72.8103747341368,158
2016-02-22T09:00:00Z,WIND,WIND,1130.2110941180256,1463
2016-02-22T10:00:00Z,COAL,COAL,3609.425287721422,6289
2016-02-22T10:00:00Z,GAS,COGENERATION,3310.1868317309354,4528
2016-02-22T10:00:00Z,GAS,COMBINED CYCLE,338.8448919023408,1716
2016-02-22T10:00:00Z,GAS,SIMPLE CYCLE,10.023833129008612,996
2016-02-22T10:00:00Z,HYDRO,HYDRO,81.90902737428745,894
2016-02-22T10:00:00Z,OTHER,BIOMASS,118.07012855158914,156
2016-02-22T10:00:00Z,OTHER,GAS COGEN,43.55445055219862,61
2016-02-22T10:00:00Z,OTHER,OIL/GAS,47.0865981525845,53
2016-02-22T10:00:00Z,OTHER,WOOD/REFUSE,72.16389119413164,158
2016-02-22T10:00:00Z,WIND,WIND,1236.455562457939,1463
2016-02-22T11:00:00Z,COAL,COAL,3611.932575653924,6289
2016-02-22T11:00:00Z,GAS,COGENERATION,3319.3128742768367,4528
2016-02-22T11:00:00Z,GAS,COMBINED CYCLE,468.71656077404816,1716
2016-02-22T11:00:00Z,GAS,SIMPLE CYCLE,10.099999904632568,996
2016-02-22T11:00:00Z,HYDRO,HYDRO,80.40057873931195,894
2016-02-22T11:00:00Z,OTHER,BIOMASS,120.56220119900173,156
2016-02-22T11:00:00Z,OTHER,GAS COGEN,43.59449030452305,61
2016-02-22T11:00:00Z,OTHER,OIL/GAS,47.421898714701335,53
2016-02-22T11:00:00Z,OTHER,WOOD/REFUSE,71.54238582134246,158
2016-02-22T11:00:00Z,WIND,WIND,1201.1265964496135,1463
2016-02-22T12:00:00Z,COAL,COAL,3787.6262147394814,6289
2016-02-22T12:00:00Z,GAS,COGENERATION,3324.5532163463035,4528
2016-02-22T12:00:00Z,GAS,COMBINED CYCLE,470.1754202791717,1716
2016-02-22T12:00:00Z,GAS,SIMPLE CYCLE,10.099999904632568,996
2016-02-22T12:00:00Z,HYDRO,HYDRO,104.29112169745896,894
2016-02-22T12:00:00Z,OTHER,BIOMASS,118.92093812200758,156
2016-02-22T12:00:00Z,OTHER,GAS COGEN,43.67425151083204,61
2016-02-22T12:00:00Z,OTHER,OIL/GAS,47.23447207344903,53
2016-02-22T12:00:00Z,OTHER,WOOD/REFUSE,72.60616346518198,158
2016-02-22T12:00:00Z,WIND,WIND,1157.78276120113,1463
2016-02-22T13:00:00Z,COAL,COAL,4232.978146803114,6289
2016-02-22T13:00:00Z,GAS,COGENERATION,3390.604671360188,4528
2016-02-22T13:00:00Z,GAS,COMBINED CYCLE,545.7682038217783,1716
2016-02-22T13:00:00Z,GAS,SIMPLE CYCLE,10.099999904632568,996
2016-02-22T13:00:00Z,HYDRO,HYDRO,156.14487028370303,894
2016-02-22T13:00:00Z,OTHER,BIOMASS,120.42547949473064,156
2016-02-22T13:00:00Z,OTHER,GAS COGEN,43.721734786563445,61
2016-02-22T13:00:00Z,OTHER,OIL/GAS,47.1062260055542,53
2016-02-22T13:00:00Z,OTHER,WOOD/REFUSE,72.0747748570972,158
2016-02-22T13:00:00Z,WIND,WIND,1002.689327825937,1463
2016-02-22T14:00:00Z,COAL,COAL,4605.944811736213,6289
2016-02-22T14:00:00Z,GAS,COGENERATION,3398.992388891843,4528
2016-02-22T14:00:00Z,GAS,COMBINED CYCLE,836.6744979400105,1716
2016-02-22T14:00:00Z,GAS,SIMPLE CYCLE,10.099999904632568,996
2016-02-22T14:00:00Z,HYDRO,HYDRO,193.8074992708034,894
2016-02-22T14:00:00Z,OTHER,BIOMASS,120.44491809103224,156
2016-02-22T14:00:00Z,OTHER,GAS COGEN,43.817788176006744,61
2016-02-22T14:00:00Z,OTHER,OIL/GAS,47.4534663857354,53
2016-02-22T14:00:00Z,OTHER,WOOD/REFUSE,71.67226905716791,158
2016-02-22T14:00:00Z,WIND,WIND,773.2683279334174,1463
2016-02-22T15:00:00Z,COAL,COAL,4670.065663960775,6289
2016-02-22T15:00:00Z,GAS,COGENERATION,3384.470275223454,4528
2016-02-22T15:00:00Z,GAS,COMBINED CYCLE,872.3261727866861,1716
2016-02-22T15:00:00Z,GAS,SIMPLE CYCLE,10.099999904632568,996
2016-02-22T15:00:00Z,HYDRO,HYDRO,157.24406678007708,894
2016-02-22T15:00:00Z,OTHER,BIOMASS,117.88367049164242,156
2016-02-22T15:00:00Z,OTHER,GAS COGEN,43.93292968961927,61
2016-02-22T15:00:00Z,OTHER,OIL/GAS,47.119888920254176,53
2016-02-22T15:00:00Z,OTHER,WOOD/REFUSE,70.22496343135833,158
2016-02-22T15:00:00Z,WIND,WIND,650.3880561217335,1463
2016-02-22T16:00:00Z,COAL,COAL,4713.634836548699,6289
2016-02-22T16:00:00Z,GAS,COGENERATION,3382.0989503179653,4528
2016-02-22T16:00:00Z,GAS,COMBINED CYCLE,877.9089651736948,1716
2016-02-22T16:00:00Z,GAS,SIMPLE CYCLE,9.07049993634224,996
2016-02-22T16:00:00Z,HYDRO,HYDRO,180.30117416929866,894
2016-02-22T16:00:00Z,OTHER,BIOMASS,119.45147163709005,156
2016-02-22T16:00:00Z,OTHER,GAS COGEN,43.744023155636256,61
2016-02-22T16:00:00Z,OTHER,OIL/GAS,47.19134909947713,53
2016-02-22T16:00:00Z,OTHER,WOOD/REFUSE,68.09655749850803,158
2016-02-22T16:00:00Z,WIND,WIND,590.3221180625094,1463
2016-02-22T17:00:00Z,COAL,COAL,4726.182384668986,6289
2016-02-22T17:00:00Z,GAS,COGENERATION,3383.471361507111,4528
2016-02-22T17:00:00Z,GAS,COMBINED CYCLE,877.6629786527157,1716
2016-02-22T17:00:00Z,GAS,SIMPLE CYCLE,14.688055322037801,996
2016-02-22T17:00:00Z,HYDRO,HYDRO,254.1874536369575,894
2016-02-22T17:00:00Z,OTHER,BIOMASS,113.42298701021406,156
2016-02-22T17:00:00Z,OTHER,GAS COGEN,43.51880188041263,61
2016-02-22T17:00:00Z,OTHER,OIL/GAS,47.55790361404419,53
2016-02-22T17:00:00Z,OTHER,WOOD/REFUSE,66.6218522172504,158
2016-02-22T17:00:00Z,WIND,WIND,510.6149872254415,1463
2016-02-22T18:00:00Z,COAL,COAL,4686.320096266005,6289
2016-02-22T18:00:00Z,GAS,COGENERATION,3362.0747775726186,4528
2016-02-22T18:00:00Z,GAS,COMBINED CYCLE,833.3006094397439,1716
2016-02-22T18:00:00Z,GAS,SIMPLE CYCLE,18.080222121874492,996
2016-02-22T18:00:00Z,HYDRO,HYDRO,197.03293597605492,894
2016-02-22T18:00:00Z,OTHER,BIOMASS,110.66669885052575,156
2016-02-22T18:00:00Z,OTHER,GAS COGEN,43.5049861796697,61
2016-02-22T18:00:00Z,OTHER,OIL/GAS,47.275942940182155,53
2016-02-22T18:00:00Z,OTHER,WOOD/REFUSE,67.11362412187788,158
2016-02-22T18:00:00Z,WIND,WIND,638.225913227217,1463
2016-02-22T19:00:00Z,COAL,COAL,4643.800040490893,6289
2016-02-22T19:00:00Z,GAS,COGENERATION,3302.510229019655,4528
2016-02-22T19:00:00Z,GAS,COMBINED CYCLE,868.2510947079792,1716
2016-02-22T19:00:00Z,GAS,SIMPLE CYCLE,28.465088721116384,996
2016-02-22T19:00:00Z,HYDRO,HYDRO,250.99429951253862,894
2016-02-22T19:00:00Z,OTHER,BIOMASS,109.01131572564444,156
2016-02-22T19:00:00Z,OTHER,GAS COGEN,43.32161920600467,61
2016-02-22T19:00:00Z,OTHER,OIL/GAS,47.176082621680365,53
2016-02-22T19:00:00Z,OTHER,WOOD/REFUSE,66.25535214185714,158
2016-02-22T19:00:00Z,WIND,WIND,562.9429485923714,1463
2016-02-22T20:00:00Z,COAL,COAL,4641.424470990499,6289
2016-02-22T20:00:00Z,GAS,COGENERATION,3340.278056197498,4528
2016-02-22T20:00:00Z,GAS,COMBINED CYCLE,880.3741214123698,1716
2016-02-22T20:00:00Z,GAS,SIMPLE CYCLE,25.84107729832332,996
2016-02-22T20:00:00Z,HYDRO,HYDRO,261.4893145246473,894
2016-02-22T20:00:00Z,OTHER,BIOMASS,120.1821701478958,156
2016-02-22T20:00:00Z,OTHER,GAS COGEN,43.19299538877275,61
2016-02-22T20:00:00Z,OTHER,OIL/GAS,47.51497041490343,53
2016-02-22T20:00:00Z,OTHER,WOOD/REFUSE,64.87958493550619,158
2016-02-22T20:00:00Z,WIND,WIND,436.4635993542191,1463
2016-02-22T21:00:00Z,COAL,COAL,4631.2457414754235,6289
2016-02-22T21:00:00Z,GAS,COGENERATION,3437.0991543216173,4528
2016-02-22T21:00:00Z,GAS,COMBINED CYCLE,863.1703862751855,1716
2016-02-22T21:00:00Z,GAS,SIMPLE CYCLE,18.149166433976756,996
2016-02-22T21:00:00Z,HYDRO,HYDRO,218.55359954767758,894
2016-02-22T21:00:00Z,OTHER,BIOMASS,118.96534561475119,156
2016-02-22T21:00:00Z,OTHER,GAS COGEN,43.00573316891988,61
2016-02-22T21:00:00Z,OTHER,OIL/GAS,47.2661329375373,53
2016-02-22T21:00:00Z,OTHER,WOOD/REFUSE,64.49257987764146,158
2016-02-22T21:00:00Z,WIND,WIND,375.25373851014507,1463
2016-02-22T22:00:00Z,COAL,COAL,4657.22657772488,6289
2016-02-22T22:00:00Z,GAS,COGENERATION,3414.9232536707323,4528
2016-02-22T22:00:00Z,GAS,COMBINED CYCLE,853.3967206272151,1716
2016-02-22T22:00:00Z,GAS,SIMPLE CYCLE,20.557488893899652,996
2016-02-22T22:00:00Z,HYDRO,HYDRO,208.68116548228596,894
2016-02-22T22:00:00Z,OTHER,BIOMASS,116.63969817373487,156
2016-02-22T22:00:00Z,OTHER,GAS COGEN,42.998049119313556,61
2016-02-22T22:00:00Z,OTHER,OIL/GAS,47.312831751505534,53
2016-02-22T22:00:00Z,OTHER,WOOD/REFUSE,64.02724080774519,158
2016-02-22T22:00:00Z,WIND,WIND,418.2523993281192,1463
2016-02-22T23:00:00Z,COAL,COAL,4655.740673361885,6289
2016-02-22T23:00:00Z,GAS,COGENERATION,3296.883062092455,4528
2016-02-22T23:00:00Z,GAS,COMBINED CYCLE,837.5640443162786,1716
2016-02-22T23:00:00Z,GAS,SIMPLE CYCLE,41.49862807326846,996
2016-02-22T23:00:00Z,HYDRO,HYDRO,220.3946682899197,894
2016-02-22T23:00:00Z,OTHER,BIOMASS,117.61802734427981,156
2016-02-22T23:00:00Z,OTHER,GAS COGEN,43.067510476642184,61
2016-02-22T23:00:00Z,OTHER,OIL/GAS,47.49930457009209,53
2016-02-22T23:00:00Z,OTHER,WOOD/REFUSE,64.1658298002349,158
2016-02-22T23:00:00Z,WIND,WIND,580.1162706067827,1463
2016-02-23T00:00:00Z,COAL,COAL,4594.352762879265,6289
2016-02-23T00:00:00Z,GAS,COGENERATION,3275.4193854712116,4528
2016-02-23T00:00:00Z,GAS,COMBINED CYCLE,832.8565199372504,1716
2016-02-23T00:00:00Z,GAS,SIMPLE CYCLE,43.49258304039637,996
2016-02-23T00:00:00Z,HYDRO,HYDRO,290.1240034357045,894
2016-02-23T00:00:00Z,OTHER,BIOMASS,121.34287505573697,156
2016-02-23T00:00:00Z,OTHER,GAS COGEN,43.15894941488902,61
2016-02-23T00:00:00Z,OTHER,OIL/GAS,47.25494339201185,53
2016-02-23T00:00:00Z,OTHER,WOOD/REFUSE,63.913335242536334,158
2016-02-23T00:00:00Z,WIND,WIND,641.1660335509313,1463
2016-02-23T01:00:00Z,COAL,COAL,4735.292337150574,6289
2016-02-23T01:00:00Z,GAS,COGENERATION,3350.402141513427,4528
2016-02-23T01:00:00Z,GAS,COMBINED CYCLE,867.6410548126697,1716
2016-02-23T01:00:00Z,GAS,SIMPLE CYCLE,43.09773299005296,996
2016-02-23T01:00:00Z,HYDRO,HYDRO,295.4488589826226,894
2016-02-23T01:00:00Z,OTHER,BIOMASS,115.50008083767362,156
2016-02-23T01:00:00Z,OTHER,GAS COGEN,43.32780731042226,61
2016-02-23T01:00:00Z,OTHER,OIL/GAS,47.4594931517707,53
2016-02-23T01:00:00Z,OTHER,WOOD/REFUSE,64.76642398489847,158
2016-02-23T01:00:00Z,WIND,WIND,636.5072579622931,1463
2016-02-23T02:00:00Z,COAL,COAL,4630.934517290327,6289
2016-02-23T02:00:00Z,GAS,COGENERATION,3450.3797863406603,4528
2016-02-23T02:00:00Z,GAS,COMBINED CYCLE,878.7736772398154,1716
2016-02-23T02:00:00Z,GAS,SIMPLE CYCLE,43.1883553759257,996
2016-02-23T02:00:00Z,HYDRO,HYDRO,259.7487455875675,894
2016-02-23T02:00:00Z,OTHER,BIOMASS,119.73488551563686,156
2016-02-23T02:00:00Z,OTHER,GAS COGEN,43.370748082266914,61
2016-02-23T02:00:00Z,OTHER,OIL/GAS,47.37219888475206,53
2016-02-23T02:00:00Z,OTHER,WOOD/REFUSE,64.68002427604463,158
2016-02-23T02:00:00Z,WIND,WIND,614.5194000891844,1463
2016-02-23T03:00:00Z,COAL,COAL,4523.736056607564,6289
2016-02-23T03:00:00Z,GAS,COGENERATION,3472.9458122873307,4528
2016-02-23T03:00:00Z,GAS,COMBINED CYCLE,852.92915536854,1716
2016-02-23T03:00:00Z,GAS,SIMPLE CYCLE,23.848694061173333,996
2016-02-23T03:00:00Z,HYDRO,HYDRO,181.21319565342532,894
2016-02-23T03:00:00Z,OTHER,BIOMASS,120.31860761483512,156
2016-02-23T03:00:00Z,OTHER,GAS COGEN,43.39096495840285,61
2016-02-23T03:00:00Z,OTHER,OIL/GAS,47.0043978881836,53
2016-02-23T03:00:00Z,OTHER,WOOD/REFUSE,64.13062973499298,158
2016-02-23T03:00:00Z,WIND,WIND,686.3701696728335,1463
2016-02-23T04:00:00Z,COAL,COAL,4392.9590786743165,6289
2016-02-23T04:00:00Z,GAS,COGENERATION,3357.479223746326,4528
2016-02-23T04:00:00Z,GAS,COMBINED CYCLE,866.8364389818908,1716
2016-02-23T04:00:00Z,GAS,SIMPLE CYCLE,22.699999570846558,996
2016-02-23T04:00:00Z,HYDRO,HYDRO,136.96951119370758,894
2016-02-23T04:00:00Z,OTHER,BIOMASS,115.50069132063123,156
2016-02-23T04:00:00Z,OTHER,GAS COGEN,43.398424964480924,61
2016-02-23T04:00:00Z,OTHER,OIL/GAS,47.48183747609456,53
2016-02-23T04:00:00Z,OTHER,WOOD/REFUSE,64.44976848231421,158
2016-02-23T04:00:00Z,WIND,WIND,705.0927168778578,1463
2016-02-23T05:00:00Z,COAL,COAL,4046.5195859442815,6289
2016-02-23T05:00:00Z,GAS,COGENERATION,3317.9850615086157,4528
2016-02-23T05:00:00Z,GAS,COMBINED CYCLE,849.588193163077,1716
2016-02-23T05:00:00Z,GAS,SIMPLE CYCLE,22.697666243447195,996
2016-02-23T05:00:00Z,HYDRO,HYDRO,96.00946028812064,894
2016-02-23T05:00:00Z,OTHER,BIOMASS,115.68210998482175,156
2016-02-23T05:00:00Z,OTHER,GAS COGEN,43.302502582867945,61
2016-02-23T05:00:00Z,OTHER,OIL/GAS,47.65222650527954,53
2016-02-23T05:00:00Z,OTHER,WOOD/REFUSE,65.21409664524926,158
2016-02-23T05:00:00Z,WIND,WIND,747.5342742432489,1463
2016-02-23T06:00:00Z,COAL,COAL,3648.960011437734,6289
2016-02-23T06:00:00Z,GAS,COGENERATION,3325.459601500895,4528
2016-02-23T06:00:00Z,GAS,COMBINED CYCLE,812.7570330180062,1716
2016-02-23T06:00:00Z,GAS,SIMPLE CYCLE,22.620777329736285,996
2016-02-23T06:00:00Z,HYDRO,HYDRO,96.9488033014536,894
2016-02-23T06:00:00Z,OTHER,BIOMASS,111.75643752786848,156
2016-02-23T06:00:00Z,OTHER,GAS COGEN,43.75377336925931,61
2016-02-23T06:00:00Z,OTHER,OIL/GAS,47.29116001976861,53
2016-02-23T06:00:00Z,OTHER,WOOD/REFUSE,64.51999624570212,158
2016-02-23T06:00:00Z,WIND,WIND,881.0739334997866,1463
2016-02-23T07:00:00Z,COAL,COAL,3588.9736116409304,6289
2016-02-23T07:00:00Z,GAS,COGENERATION,3319.465068715016,4528
2016-02-23T07:00:00Z,GAS,COMBINED CYCLE,639.4232962913645,1716
2016-02-23T07:00:00Z,GAS,SIMPLE CYCLE,22.499999523162842,996
2016-02-23T07:00:00Z,HYDRO,HYDRO,75.96260963549217,894
2016-02-23T07:00:00Z,OTHER,BIOMASS,113.22100843058692,156
2016-02-23T07:00:00Z,OTHER,GAS COGEN,43.35525524245368,61
2016-02-23T07:00:00Z,OTHER,OIL/GAS,47.39957151836819,53
2016-02-23T07:00:00Z,OTHER,WOOD/REFUSE,63.511368468072675,158
2016-02-23T07:00:00Z,WIND,WIND,939.9656290014585,1463
2016-02-23T08:00:00Z,COAL,COAL,3518.851377169291,6289
2016-02-23T08:00:00Z,GAS,COGENERATION,3332.57200524701,4528
2016-02-23T08:00:00Z,GAS,COMBINED CYCLE,630.4252804302507,1716
2016-02-23T08:00:00Z,GAS,SIMPLE CYCLE,20.279999624888102,996
2016-02-23T08:00:00Z,HYDRO,HYDRO,106.69043888148335,894
2016-02-23T08:00:00Z,OTHER,BIOMASS,117.98461585097843,156
2016-02-23T08:00:00Z,OTHER,GAS COGEN,43.676587999131954,61
2016-02-23T08:00:00Z,OTHER,OIL/GAS,47.55665429645114,53
2016-02-23T08:00:00Z,OTHER,WOOD/REFUSE,64.29485687202877,158
2016-02-23T08:00:00Z,WIND,WIND,944.7513012152248,1463
2016-02-23T09:00:00Z,COAL,COAL,3487.6592496702406,6289
2016-02-23T09:00:00Z,GAS,COGENERATION,3342.5991794259016,4528
2016-02-23T09:00:00Z,GAS,COMBINED CYCLE,624.5906646902694,1716
2016-02-23T09:00:00Z,GAS,SIMPLE CYCLE,18.59999990463257,996
2016-02-23T09:00:00Z,HYDRO,HYDRO,94.18072136100794,894
2016-02-23T09:00:00Z,OTHER,BIOMASS,118.30776709662544,156
2016-02-23T09:00:00Z,OTHER,GAS COGEN,43.761089688407054,61
2016-02-23T09:00:00Z,OTHER,OIL/GAS,47.23507183922662,53
2016-02-23T09:00:00Z,OTHER,WOOD/REFUSE,63.54109126355913,158
2016-02-23T09:00:00Z,WIND,WIND,875.9380243383514,1463
2016-02-23T10:00:00Z,COAL,COAL,3527.9401218075222,6289
2016-02-23T10:00:00Z,GAS,COGENERATION,3357.5399375042653,4528
2016-02-23T10:00:00Z,GAS,COMBINED CYCLE,653.4659273858204,1716
2016-02-23T10:00:00Z,GAS,SIMPLE CYCLE,18.469833155208164,996
2016-02-23T10:00:00Z,HYDRO,HYDRO,94.70646772378021,894
2016-02-23T10:00:00Z,OTHER,BIOMASS,120.72915056811439,156
2016-02-23T10:00:00Z,OTHER,GAS COGEN,43.70726539081997,61
2016-02-23T10:00:00Z,OTHER,OIL/GAS,47.36005425983005,53
2016-02-23T10:00:00Z,OTHER,WOOD/REFUSE,63.59381267971463,158
2016-02-23T10:00:00Z,WIND,WIND,844.803619647291,1463
2016-02-23T11:00:00Z,COAL,COAL,3569.8547796418934,6289
2016-02-23T11:00:00Z,GAS,COGENERATION,3361.8125302011435,4528
2016-02-23T11:00:00Z,GAS,COMBINED CYCLE,723.3678533146117,1716
2016-02-23T11:00:00Z,GAS,SIMPLE CYCLE,18.402166445520187,996
2016-02-23T11:00:00Z,HYDRO,HYDRO,107.6275612545179,894
2016-02-23T11:00:00Z,OTHER,BIOMASS,120.69881301138136,156
2016-02-23T11:00:00Z,OTHER,GAS COGEN,43.80156057145861,61
2016-02-23T11:00:00Z,OTHER,OIL/GAS,47.81872039794922,53
2016-02-23T11:00:00Z,OTHER,WOOD/REFUSE,63.600323372946846,158
2016-02-23T11:00:00Z,WIND,WIND,781.8411749691434,1463
2016-02-23T12:00:00Z,COAL,COAL,3663.217006119622,6289
2016-02-23T12:00:00Z,GAS,COGENERATION,3358.9261731391484,4528
2016-02-23T12:00:00Z,GAS,COMBINED CYCLE,909.6660701127186,1716
2016-02-23T12:00:00Z,GAS,SIMPLE CYCLE,18.483666497336493,996
2016-02-23T12:00:00Z,HYDRO,HYDRO,130.95448561297522,894
2016-02-23T12:00:00Z,OTHER,BIOMASS,120.04739521768359,156
2016-02-23T12:00:00Z,OTHER,GAS COGEN,43.89584553930494,61
2016-02-23T12:00:00Z,OTHER,OIL/GAS,47.334210584428575,53
2016-02-23T12:00:00Z,OTHER,WOOD/REFUSE,64.26194677035014,158
2016-02-23T12:00:00Z,WIND,WIND,676.2170674977037,1463
2016-02-23T13:00:00Z,COAL,COAL,3950.8702252493963,6289
2016-02-23T13:00:00Z,GAS,COGENERATION,3401.8262711736893,4528
2016-02-23T13:00:00Z,GAS,COMBINED CYCLE,1023.2147972668542,1716
2016-02-23T13:00:00Z,GAS,SIMPLE CYCLE,18.299999713897705,996
2016-02-23T13:00:00Z,HYDRO,HYDRO,138.7552918765611,894
2016-02-23T13:00:00Z,OTHER,BIOMASS,120.27538538932801,156
2016-02-23T13:00:00Z,OTHER,GAS COGEN,43.939603766865204,61
2016-02-23T13:00:00Z,OTHER,OIL/GAS,47.24243157916599,53
2016-02-23T13:00:00Z,OTHER,WOOD/REFUSE,64.16915145370696,158
2016-02-23T13:00:00Z,WIND,WIND,602.0050951732115,1463
2016-02-23T14:00:00Z,COAL,COAL,4161.295670873854,6289
2016-02-23T14:00:00Z,GAS,COGENERATION,3421.131030553513,4528
2016-02-23T14:00:00Z,GAS,COMBINED CYCLE,1135.236930595504,1716
2016-02-23T14:00:00Z,GAS,SIMPLE CYCLE,21.43994399547577,996
2016-02-23T14:00:00Z,HYDRO,HYDRO,166.18114387750626,894
2016-02-23T14:00:00Z,OTHER,BIOMASS,115.83495168421004,156
2016-02-23T14:00:00Z,OTHER,GAS COGEN,44.20872101094988,61
2016-02-23T14:00:00Z,OTHER,OIL/GAS,47.610971236758765,53
2016-02-23T14:00:00Z,OTHER,WOOD/REFUSE,63.91282430860731,158
2016-02-23T14:00:00Z,WIND,WIND,569.5223877262904,1463
2016-02-23T15:00:00Z,COAL,COAL,4110.029110501608,6289
2016-02-23T15:00:00Z,GAS,COGENERATION,3397.6399261124266,4528
2016-02-23T15:00:00Z,GAS,COMBINED CYCLE,1122.646754008929,1716
2016-02-23T15:00:00Z,GAS,SIMPLE CYCLE,22.499999523162842,996
2016-02-23T15:00:00Z,HYDRO,HYDRO,258.561853258527,894
2016-02-23T15:00:00Z,OTHER,BIOMASS,116.59406526035733,156
2016-02-23T15:00:00Z,OTHER,GAS COGEN,43.926709616449145,61
2016-02-23T15:00:00Z,OTHER,OIL/GAS,47.26563227335612,53
2016-02-23T15:00:00Z,OTHER,WOOD/REFUSE,64.17869022952186,158
2016-02-23T15:00:00Z,WIND,WIND,568.4972606406029,1463
2016-02-23T16:00:00Z,COAL,COAL,4274.096717296176,6289
2016-02-23T16:00:00Z,GAS,COGENERATION,3314.900247050193,4528
2016-02-23T16:00:00Z,GAS,COMBINED CYCLE,1135.0795334302054,1716
2016-02-23T16:00:00Z,GAS,SIMPLE CYCLE,22.499999523162842,996
2016-02-23T16:00:00Z,HYDRO,HYDRO,275.05457291888695,894
2016-02-23T16:00:00Z,OTHER,BIOMASS,116.40065044191148,156
2016-02-23T16:00:00Z,OTHER,GAS COGEN,43.758665248023135,61
2016-02-23T16:00:00Z,OTHER,OIL/GAS,46.96937615288629,53
2016-02-23T16:00:00Z,OTHER,WOOD/REFUSE,64.04185707410177,158
2016-02-23T16:00:00Z,WIND,WIND,534.3762391637431,1463
2016-02-23T17:00:00Z,COAL,COAL,4250.475699861315,6289
2016-02-23T17:00:00Z,GAS,COGENERATION,3307.170961121718,4528
2016-02-23T17:00:00Z,GAS,COMBINED CYCLE,1118.0947360722223,1716
2016-02-23T17:00:00Z,GAS,SIMPLE CYCLE,22.76937730828921,996
2016-02-23T17:00:00Z,HYDRO,HYDRO,158.21382457829185,894
2016-02-23T17:00:00Z,OTHER,BIOMASS,120.97176820755004,156
2016-02-23T17:00:00Z,OTHER,GAS COGEN,43.3977835199568,61
2016-02-23T17:00:00Z,OTHER,OIL/GAS,47.49859274970161,53
2016-02-23T17:00:00Z,OTHER,WOOD/REFUSE,64.96995766533746,158
2016-02-23T17:00:00Z,WIND,WIND,673.1320760602421,1463
2016-02-23T18:00:00Z,COAL,COAL,4220.696677822537,6289
2016-02-23T18:00:00Z,GAS,COGENERATION,3291.8569235482482,4528
2016-02-23T18:00:00Z,GAS,COMBINED CYCLE,1117.2568546263378,1716
2016-02-23T18:00:00Z,GAS,SIMPLE CYCLE,18.926888859007093,996
2016-02-23T18:00:00Z,HYDRO,HYDRO,118.28821336136926,894
2016-02-23T18:00:00Z,OTHER,BIOMASS,119.97751676188574,156
2016-02-23T18:00:00Z,OTHER,GAS COGEN,43.131930742793614,61
2016-02-23T18:00:00Z,OTHER,OIL/GAS,47.092570317586265,53
2016-02-23T18:00:00Z,OTHER,WOOD/REFUSE,65.12431244744195,158
2016-02-23T18:00:00Z,WIND,WIND,754.2663552643525,1463
2016-02-23T19:00:00Z,COAL,COAL,4175.606319380866,6289
2016-02-23T19:00:00Z,GAS,COGENERATION,3289.802633178499,4528
2016-02-23T19:00:00Z,GAS,COMBINED CYCLE,1117.1937053288354,1716
2016-02-23T19:00:00Z,GAS,SIMPLE CYCLE,22.180998888015747,996
2016-02-23T19:00:00Z,HYDRO,HYDRO,142.37941765318314,894
2016-02-23T19:00:00Z,OTHER,BIOMASS,120.89490076382955,156
2016-02-23T19:00:00Z,OTHER,GAS COGEN,43.042711787223816,61
2016-02-23T19:00:00Z,OTHER,OIL/GAS,47.31739308251275,53
2016-02-23T19:00:00Z,OTHER,WOOD/REFUSE,64.3661626982689,158
2016-02-23T19:00:00Z,WIND,WIND,759.9539808836745,1463
2016-02-23T20:00:00Z,COAL,COAL,4126.30881167094,6289
2016-02-23T20:00:00Z,GAS,COGENERATION,3298.663669764466,4528
2016-02-23T20:00:00Z,GAS,COMBINED CYCLE,1108.1353287728627,1716
2016-02-23T20:00:00Z,GAS,SIMPLE CYCLE,22.33249888420105,996
2016-02-23T20:00:00Z,HYDRO,HYDRO,142.5122278310524,894
2016-02-23T20:00:00Z,OTHER,BIOMASS,117.82906586382124,156
2016-02-23T20:00:00Z,OTHER,GAS COGEN,42.931893791622585,61
2016-02-23T20:00:00Z,OTHER,OIL/GAS,47.78453285429213,53
2016-02-23T20:00:00Z,OTHER,WOOD/REFUSE,64.0973733303282,158
2016-02-23T20:00:00Z,WIND,WIND,781.1456678630908,1463
2016-02-23T21:00:00Z,COAL,COAL,4033.0649481709797,6289
2016-02-23T21:00:00Z,GAS,COGENERATION,3322.5717164446246,4528
2016-02-23T21:00:00Z,GAS,COMBINED CYCLE,1102.6309797747929,1716
2016-02-23T21:00:00Z,GAS,SIMPLE CYCLE,22.379998929103216,996
2016-02-23T21:00:00Z,HYDRO,HYDRO,116.80794656806522,894
2016-02-23T21:00:00Z,OTHER,BIOMASS,118.2081267839008,156
2016-02-23T21:00:00Z,OTHER,GAS COGEN,42.87354816383786,61
2016-02-23T21:00:00Z,OTHER,OIL/GAS,47.32940942128499,53
2016-02-23T21:00:00Z,OTHER,WOOD/REFUSE,64.02860237280528,158
2016-02-23T21:00:00Z,WIND,WIND,841.2059630697304,1463
2016-02-23T22:00:00Z,COAL,COAL,3983.4402889124553,6289
2016-02-23T22:00:00Z,GAS,COGENERATION,3350.630362183915,4528
2016-02-23T22:00:00Z,GAS,COMBINED CYCLE,1112.5082947852877,1716
2016-02-23T22:00:00Z,GAS,SIMPLE CYCLE,22.437054630915323,996
2016-02-23T22:00:00Z,HYDRO,HYDRO,172.27752722501754,894
2016-02-23T22:00:00Z,OTHER,BIOMASS,118.98921182314555,156
2016-02-23T22:00:00Z,OTHER,GAS COGEN,42.694045957459345,61
2016-02-23T22:00:00Z,OTHER,OIL/GAS,47.09871957567003,53
2016-02-23T22:00:00Z,OTHER,WOOD/REFUSE,63.17686914311515,158
2016-02-23T22:00:00Z,WIND,WIND,862.3829690455066,1463
2016-02-23T23:00:00Z,COAL,COAL,4031.7106388515895,6289
2016-02-23T23:00:00Z,GAS,COGENERATION,3406.4150067178407,4528
2016-02-23T23:00:00Z,GAS,COMBINED CYCLE,1112.5616137599945,1716
2016-02-23T23:00:00Z,GAS,SIMPLE CYCLE,22.534166479110716,996
2016-02-23T23:00:00Z,HYDRO,HYDRO,184.14347046792508,894
2016-02-23T23:00:00Z,OTHER,BIOMASS,118.45552301883697,156
2016-02-23T23:00:00Z,OTHER,GAS COGEN,42.83206392394172,61
2016-02-23T23:00:00Z,OTHER,OIL/GAS,47.85375326156616,53
2016-02-23T23:00:00Z,OTHER,WOOD/REFUSE,64.46187969817055,158
2016-02-23T23:00:00Z,WIND,WIND,867.4147188585997,1463
2016-02-24T00:00:00Z,COAL,COAL,4038.1491548750137,6289
2016-02-24T00:00:00Z,GAS,COGENERATION,3403.9157401409416,4528
2016-02-24T00:00:00Z,GAS,COMBINED CYCLE,1098.4104856088425,1716
2016-02-24T00:00:00Z,GAS,SIMPLE CYCLE,22.59999966621399,996
2016-02-24T00:00:00Z,HYDRO,HYDRO,247.82231833144192,894
2016-02-24T00:00:00Z,OTHER,BIOMASS,118.71402482615576,156
2016-02-24T00:00:00Z,OTHER,GAS COGEN,42.917060658137004,61
2016-02-24T00:00:00Z,OTHER,OIL/GAS,47.66586403740777,53
2016-02-24T00:00:00Z,OTHER,WOOD/REFUSE,64.50142900519901,158
2016-02-24T00:00:00Z,WIND,WIND,859.9189663796955,1463
2016-02-24T01:00:00Z,COAL,COAL,4046.9949143218996,6289
2016-02-24T01:00:00Z,GAS,COGENERATION,3476.705581891007,4528
2016-02-24T01:00:00Z,GAS,COMBINED CYCLE,1118.9719475226932,1716
2016-02-24T01:00:00Z,GAS,SIMPLE CYCLE,22.56733308262295,996
2016-02-24T01:00:00Z,HYDRO,HYDRO,307.07680337793295,894
2016-02-24T01:00:00Z,OTHER,BIOMASS,119.3300842163298,156
2016-02-24T01:00:00Z,OTHER,GAS COGEN,42.57874561097887,61
2016-02-24T01:00:00Z,OTHER,OIL/GAS,47.14558163748847,53
2016-02-24T01:00:00Z,OTHER,WOOD/REFUSE,65.69634669780731,158
2016-02-24T01:00:00Z,WIND,WIND,925.5459084777865,1463
2016-02-24T02:00:00Z,COAL,COAL,4159.527799949646,6289
2016-02-24T02:00:00Z,GAS,COGENERATION,3505.424930893845,4528
2016-02-24T02:00:00Z,GAS,COMBINED CYCLE,1126.7219261248906,1716
2016-02-24T02:00:00Z,GAS,SIMPLE CYCLE,22.572499736150107,996
2016-02-24T02:00:00Z,HYDRO,HYDRO,306.60752235240403,894
2016-02-24T02:00:00Z,OTHER,BIOMASS,119.85542560153537,156
2016-02-24T02:00:00Z,OTHER,GAS COGEN,42.71179613537259,61
2016-02-24T02:00:00Z,OTHER,OIL/GAS,47.63837542004055,53
2016-02-24T02:00:00Z,OTHER,WOOD/REFUSE,65.65391311115688,158
2016-02-24T02:00:00Z,WIND,WIND,735.2648366319471,1463
2016-02-24T03:00:00Z,COAL,COAL,4264.444472024706,6289
2016-02-24T03:00:00Z,GAS,COGENERATION,3564.920589896573,4528
2016-02-24T03:00:00Z,GAS,COMBINED CYCLE,1150.5286900149451,1716
2016-02-24T03:00:00Z,GAS,SIMPLE CYCLE,22.592666351530287,996
2016-02-24T03:00:00Z,HYDRO,HYDRO,349.1486440188355,894
2016-02-24T03:00:00Z,OTHER,BIOMASS,118.0929385413064,156
2016-02-24T03:00:00Z,OTHER,GAS COGEN,42.76084614859687,61
2016-02-24T03:00:00Z,OTHER,OIL/GAS,47.354582415686714,53
2016-02-24T03:00:00Z,OTHER,WOOD/REFUSE,66.44106321440803,158
2016-02-24T03:00:00Z,WIND,WIND,448.18532696468964,1463
2016-02-24T04:00:00Z,COAL,COAL,4322.151715465122,6289
2016-02-24T04:00:00Z,GAS,COGENERATION,3555.0880627922215,4528
2016-02-24T04:00:00Z,GAS,COMBINED CYCLE,1130.7526218557357,1716
2016-02-24T04:00:00Z,GAS,SIMPLE CYCLE,22.553666266600292,996
2016-02-24T04:00:00Z,HYDRO,HYDRO,170.05227130585246,894
2016-02-24T04:00:00Z,OTHER,BIOMASS,118.77165866904788,156
2016-02-24T04:00:00Z,OTHER,GAS COGEN,42.77833154678345,61
2016-02-24T04:00:00Z,OTHER,OIL/GAS,47.17150984870063,53
2016-02-24T04:00:00Z,OTHER,WOOD/REFUSE,67.27232425053914,158
2016-02-24T04:00:00Z,WIND,WIND,394.68679244918957,1463
2016-02-24T05:00:00Z,COAL,COAL,4130.298722262913,6289
2016-02-24T05:00:00Z,GAS,COGENERATION,3516.2220265491806,4528
2016-02-24T05:00:00Z,GAS,COMBINED CYCLE,1127.6957543643316,1716
2016-02-24T05:00:00Z,GAS,SIMPLE CYCLE,22.499999523162842,996
2016-02-24T05:00:00Z,HYDRO,HYDRO,158.10464720096854,894
2016-02-24T05:00:00Z,OTHER,BIOMASS,116.45820590496064,156
2016-02-24T05:00:00Z,OTHER,GAS COGEN,43.0699739074707,61
2016-02-24T05:00:00Z,OTHER,OIL/GAS,47.25277681350708,53
2016-02-24T05:00:00Z,OTHER,WOOD/REFUSE,67.11369661225214,158
2016-02-24T05:00:00Z,WIND,WIND,305.3138931949271,1463
2016-02-24T06:00:00Z,COAL,COAL,3978.411021987067,6289
2016-02-24T06:00:00Z,GAS,COGENERATION,3408.461278969513,4528
2016-02-24T06:00:00Z,GAS,COMBINED CYCLE,1100.2232956716748,1716
2016-02-24T06:00:00Z,GAS,SIMPLE CYCLE,22.499999523162842,996
2016-02-24T06:00:00Z,HYDRO,HYDRO,120.85795378658507,894
2016-02-24T06:00:00Z,OTHER,BIOMASS,118.41688952445983,156
2016-02-24T06:00:00Z,OTHER,GAS COGEN,43.14197387271457,61
2016-02-24T06:00:00Z,OTHER,OIL/GAS,47.34290903515286,53
2016-02-24T06:00:00Z,OTHER,WOOD/REFUSE,66.82333575672574,158
2016-02-24T06:00:00Z,WIND,WIND,244.24116967668135,1463
2016-02-24T07:00:00Z,COAL,COAL,3930.656077554491,6289
2016-02-24T07:00:00Z,GAS,COGENERATION,3403.9464564855894,4528
2016-02-24T07:00:00Z,GAS,COMBINED CYCLE,992.9720672771666,1716
2016-02-24T07:00:00Z,GAS,SIMPLE CYCLE,21.91688849343194,996
2016-02-24T07:00:00Z,HYDRO,HYDRO,73.17503349375394,894
2016-02-24T07:00:00Z,OTHER,BIOMASS,118.14947767151727,156
2016-02-24T07:00:00Z,OTHER,GAS COGEN,43.16635041448805,61
2016-02-24T07:00:00Z,OTHER,OIL/GAS,46.72478872511122,53
2016-02-24T07:00:00Z,OTHER,WOOD/REFUSE,67.84563495106167,158
2016-02-24T07:00:00Z,WIND,WIND,234.10698831965527,1463
2016-02-24T08:00:00Z,COAL,COAL,3776.2826023017037,6289
2016-02-24T08:00:00Z,GAS,COGENERATION,3405.5619867030778,4528
2016-02-24T08:00:00Z,GAS,COMBINED CYCLE,1003.3304263994429,1716
2016-02-24T08:00:00Z,GAS,SIMPLE CYCLE,18.40000009536743,996
2016-02-24T08:00:00Z,HYDRO,HYDRO,97.69445474300119,894
2016-02-24T08:00:00Z,OTHER,BIOMASS,119.60689013504319,156
2016-02-24T08:00:00Z,OTHER,GAS COGEN,43.05355949189928,61
2016-02-24T08:00:00Z,OTHER,OIL/GAS,47.313665845659045,53
2016-02-24T08:00:00Z,OTHER,WOOD/REFUSE,67.81936826494005,158
2016-02-24T08:00:00Z,WIND,WIND,225.4422586481853,1463
2016-02-24T09:00:00Z,COAL,COAL,3833.9780331548054,6289
2016-02-24T09:00:00Z,GAS,COGENERATION,3342.6254975533484,4528
2016-02-24T09:00:00Z,GAS,COMBINED CYCLE,1002.1028896273507,1716
2016-02-24T09:00:00Z,GAS,SIMPLE CYCLE,18.49599962393443,996
2016-02-24T09:00:00Z,HYDRO,HYDRO,86.69584046936697,894
2016-02-24T09:00:00Z,OTHER,BIOMASS,124.38369327810075,156
2016-02-24T09:00:00Z,OTHER,GAS COGEN,43.29779181904263,61
2016-02-24T09:00:00Z,OTHER,OIL/GAS,47.26964857949151,53
2016-02-24T09:00:00Z,OTHER,WOOD/REFUSE,68.31502968523237,158
2016-02-24T09:00:00Z,WIND,WIND,183.70944982255497,1463
2016-02-24T10:00:00Z,COAL,COAL,3761.1404958936905,6289
2016-02-24T10:00:00Z,GAS,COGENERATION,3340.32314928982,4528
2016-02-24T10:00:00Z,GAS,COMBINED CYCLE,1001.3341035095851,1716
2016-02-24T10:00:00Z,GAS,SIMPLE CYCLE,18.499999523162842,996
2016-02-24T10:00:00Z,HYDRO,HYDRO,95.00265096276999,894
2016-02-24T10:00:00Z,OTHER,BIOMASS,124.500183845626,156
2016-02-24T10:00:00Z,OTHER,GAS COGEN,43.41429712401496,61
2016-02-24T10:00:00Z,OTHER,OIL/GAS,46.24427135043674,53
2016-02-24T10:00:00Z,OTHER,WOOD/REFUSE,68.73113507217832,158
2016-02-24T10:00:00Z,WIND,WIND,172.75554191030562,1463
2016-02-24T11:00:00Z,COAL,COAL,3777.2402105882434,6289
2016-02-24T11:00:00Z,GAS,COGENERATION,3398.038393515481,4528
2016-02-24T11:00:00Z,GAS,COMBINED CYCLE,1005.6989826922947,1716
2016-02-24T11:00:00Z,GAS,SIMPLE CYCLE,18.499999523162842,996
2016-02-24T11:00:00Z,HYDRO,HYDRO,101.49983366520041,894
2016-02-24T11:00:00Z,OTHER,BIOMASS,123.4327943277359,156
2016-02-24T11:00:00Z,OTHER,GAS COGEN,43.67394555409749,61
2016-02-24T11:00:00Z,OTHER,OIL/GAS,46.33715993033515,53
2016-02-24T11:00:00Z,OTHER,WOOD/REFUSE,68.68656863530477,158
2016-02-24T11:00:00Z,WIND,WIND,125.87659091070294,1463
2016-02-24T12:00:00Z,COAL,COAL,3881.5769257269967,6289
2016-02-24T12:00:00Z,GAS,COGENERATION,3466.60327346921,4528
2016-02-24T12:00:00Z,GAS,COMBINED CYCLE,1073.9780832539666,1716
2016-02-24T12:00:00Z,GAS,SIMPLE CYCLE,18.499999523162842,996
2016-02-24T12:00:00Z,HYDRO,HYDRO,101.57028392566575,894
2016-02-24T12:00:00Z,OTHER,BIOMASS,127.97653214772542,156
2016-02-24T12:00:00Z,OTHER,GAS COGEN,43.70050366295708,61
2016-02-24T12:00:00Z,OTHER,OIL/GAS,46.713071019914416,53
2016-02-24T12:00:00Z,OTHER,WOOD/REFUSE,69.21675237019858,158
2016-02-24T12:00:00Z,WIND,WIND,98.26583028027994,1463
2016-02-24T13:00:00Z,COAL,COAL,4014.091729066637,6289
2016-02-24T13:00:00Z,GAS,COGENERATION,3609.7361013609834,4528
2016-02-24T13:00:00Z,GAS,COMBINED CYCLE,1108.05454100079,1716
2016-02-24T13:00:00Z,GAS,SIMPLE CYCLE,18.499999523162842,996
2016-02-24T13:00:00Z,HYDRO,HYDRO,143.8737095597552,894
2016-02-24T13:00:00Z,OTHER,BIOMASS,125.90584273815155,156
2016-02-24T13:00:00Z,OTHER,GAS COGEN,43.68252474255032,61
2016-02-24T13:00:00Z,OTHER,OIL/GAS,45.7700324206882,53
2016-02-24T13:00:00Z,OTHER,WOOD/REFUSE,68.79337436199188,158
2016-02-24T13:00:00Z,WIND,WIND,73.86286927496394,1463
2016-02-24T14:00:00Z,COAL,COAL,4292.109924019707,6289
2016-02-24T14:00:00Z,GAS,COGENERATION,3620.186493806839,4528
2016-02-24T14:00:00Z,GAS,COMBINED CYCLE,1144.763048860232,1716
2016-02-24T14:00:00Z,GAS,SIMPLE CYCLE,18.499999523162842,996
2016-02-24T14:00:00Z,HYDRO,HYDRO,275.0313602385587,894
2016-02-24T14:00:00Z,OTHER,BIOMASS,125.54614951928457,156
2016-02-24T14:00:00Z,OTHER,GAS COGEN,43.7668836233351,61
2016-02-24T14:00:00Z,OTHER,OIL/GAS,45.14861030154758,53
2016-02-24T14:00:00Z,OTHER,WOOD/REFUSE,68.8725249444114,158
2016-02-24T14:00:00Z,WIND,WIND,41.32741977858875,1463
2016-02-24T15:00:00Z,COAL,COAL,4389.751832156711,6289
2016-02-24T15:00:00Z,GAS,COGENERATION,3618.5146466820106,4528
2016-02-24T15:00:00Z,GAS,COMBINED CYCLE,1165.944333179262,1716
2016-02-24T15:00:00Z,GAS,SIMPLE CYCLE,18.499999523162842,996
2016-02-24T15:00:00Z,HYDRO,HYDRO,269.96564389366245,894
2016-02-24T15:00:00Z,OTHER,BIOMASS,126.04732728057438,156
2016-02-24T15:00:00Z,OTHER,GAS COGEN,43.93894504547119,61
2016-02-24T15:00:00Z,OTHER,OIL/GAS,44.88746025297377,53
2016-02-24T15:00:00Z,OTHER,WOOD/REFUSE,69.20891884432899,158
2016-02-24T15:00:00Z,WIND,WIND,17.992557031330133,1463
2016-02-24T16:00:00Z,COAL,COAL,4422.335524541736,6289
2016-02-24T16:00:00Z,GAS,COGENERATION,3623.1464470467963,4528
2016-02-24T16:00:00Z,GAS,COMBINED CYCLE,1085.7188370580143,1716
2016-02-24T16:00:00Z,GAS,SIMPLE CYCLE,19.079805013537406,996
2016-02-24T16:00:00Z,HYDRO,HYDRO,257.54064749206105,894
2016-02-24T16:00:00Z,OTHER,BIOMASS,122.35454061693615,156
2016-02-24T16:00:00Z,OTHER,GAS COGEN,43.59985342820486,61
2016-02-24T16:00:00Z,OTHER,OIL/GAS,43.20914867295159,53
2016-02-24T16:00:00Z,OTHER,WOOD/REFUSE,68.85157435761558,158
2016-02-24T16:00:00Z,WIND,WIND,10.364279317706824,1463
2016-02-24T17:00:00Z,COAL,COAL,4493.220547909206,6289
2016-02-24T17:00:00Z,GAS,COGENERATION,3663.452392084963,4528
2016-02-24T17:00:00Z,GAS,COMBINED CYCLE,1128.7697896936204,1716
2016-02-24T17:00:00Z,GAS,SIMPLE CYCLE,19.70599955558777,996
2016-02-24T17:00:00Z,HYDRO,HYDRO,218.25864667498402,894
2016-02-24T17:00:00Z,OTHER,BIOMASS,124.61803570747375,156
2016-02-24T17:00:00Z,OTHER,GAS COGEN,43.717520992490975,61
2016-02-24T17:00:00Z,OTHER,OIL/GAS,40.723293175167505,53
2016-02-24T17:00:00Z,OTHER,WOOD/REFUSE,67.83160224225786,158
2016-02-24T17:00:00Z,WIND,WIND,24.094639017929634,1463
2016-02-24T18:00:00Z,COAL,COAL,4460.85980787913,6289
2016-02-24T18:00:00Z,GAS,COGENERATION,3677.5550281086234,4528
2016-02-24T18:00:00Z,GAS,COMBINED CYCLE,1119.3429011641608,1716
2016-02-24T18:00:00Z,GAS,SIMPLE CYCLE,21.423833168877497,996
2016-02-24T18:00:00Z,HYDRO,HYDRO,177.93641410456763,894
2016-02-24T18:00:00Z,OTHER,BIOMASS,125.03436823474037,156
2016-02-24T18:00:00Z,OTHER,GAS COGEN,43.481145004696316,61
2016-02-24T18:00:00Z,OTHER,OIL/GAS,40.77042160458035,53
2016-02-24T18:00:00Z,OTHER,WOOD/REFUSE,67.71806308587392,158
2016-02-24T18:00:00Z,WIND,WIND,69.35064986768695,1463
2016-02-24T19:00:00Z,COAL,COAL,4390.930332756043,6289
2016-02-24T19:00:00Z,GAS,COGENERATION,3634.67605712533,4528
2016-02-24T19:00:00Z,GAS,COMBINED CYCLE,1126.3520198286903,1716
2016-02-24T19:00:00Z,GAS,SIMPLE CYCLE,21.799999952316284,996
2016-02-24T19:00:00Z,HYDRO,HYDRO,224.0232772368855,894
2016-02-24T19:00:00Z,OTHER,BIOMASS,124.97773537158966,156
2016-02-24T19:00:00Z,OTHER,GAS COGEN,43.31666369173262,61
2016-02-24T19:00:00Z,OTHER,OIL/GAS,40.90390474319458,53
2016-02-24T19:00:00Z,OTHER,WOOD/REFUSE,67.65110768900978,158
2016-02-24T19:00:00Z,WIND,WIND,93.71767679699593,1463
2016-02-24T20:00:00Z,COAL,COAL,4354.17208205329,6289
2016-02-24T20:00:00Z,GAS,COGENERATION,3617.1922163718277,4528
2016-02-24T20:00:00Z,GAS,COMBINED CYCLE,1131.9913316334619,1716
2016-02-24T20:00:00Z,GAS,SIMPLE CYCLE,22.393999700546264,996
2016-02-24T20:00:00Z,HYDRO,HYDRO,241.80647440171904,894
2016-02-24T20:00:00Z,OTHER,BIOMASS,124.06838816271888,156
2016-02-24T20:00:00Z,OTHER,GAS COGEN,43.00195170031653,61
2016-02-24T20:00:00Z,OTHER,OIL/GAS,42.66739905039469,53
2016-02-24T20:00:00Z,OTHER,WOOD/REFUSE,67.00254100958506,158
2016-02-24T20:00:00Z,WIND,WIND,103.07177412045499,1463
2016-02-24T21:00:00Z,COAL,COAL,4259.355356250339,6289
2016-02-24T21:00:00Z,GAS,COGENERATION,3598.5350752320555,4528
2016-02-24T21:00:00Z,GAS,COMBINED CYCLE,1120.5298628870646,1716
2016-02-24T21:00:00Z,GAS,SIMPLE CYCLE,22.699999570846558,996
2016-02-24T21:00:00Z,HYDRO,HYDRO,202.81831970506246,894
2016-02-24T21:00:00Z,OTHER,BIOMASS,126.71898094389174,156
2016-02-24T21:00:00Z,OTHER,GAS COGEN,42.96267561064826,61
2016-02-24T21:00:00Z,OTHER,OIL/GAS,43.34133296542697,53
2016-02-24T21:00:00Z,OTHER,WOOD/REFUSE,65.840201781060955,158
2016-02-24T21:00:00Z,WIND,WIND,131.56587467828558,1463
2016-02-24T22:00:00Z,COAL,COAL,4160.965816697015,6289
2016-02-24T22:00:00Z,GAS,COGENERATION,3564.7102256976236,4528
2016-02-24T22:00:00Z,GAS,COMBINED CYCLE,1134.975948615604,1716
2016-02-24T22:00:00Z,GAS,SIMPLE CYCLE,22.699999570846558,996
2016-02-24T22:00:00Z,HYDRO,HYDRO,243.7114720682386,894
2016-02-24T22:00:00Z,OTHER,BIOMASS,125.73836684068044,156
2016-02-24T22:00:00Z,OTHER,GAS COGEN,43.348211316532556,61
2016-02-24T22:00:00Z,OTHER,OIL/GAS,43.62211636225383,53
2016-02-24T22:00:00Z,OTHER,WOOD/REFUSE,66.1358855507109,158
2016-02-24T22:00:00Z,WIND,WIND,182.09007361324296,1463
2016-02-24T23:00:00Z,COAL,COAL,4142.73318356408,6289
2016-02-24T23:00:00Z,GAS,COGENERATION,3583.446889639298,4528
2016-02-24T23:00:00Z,GAS,COMBINED CYCLE,1117.7455855729845,1716
2016-02-24T23:00:00Z,GAS,SIMPLE CYCLE,22.699999570846558,996
2016-02-24T23:00:00Z,HYDRO,HYDRO,251.09395136642786,894
2016-02-24T23:00:00Z,OTHER,BIOMASS,123.7235638639662,156
2016-02-24T23:00:00Z,OTHER,GAS COGEN,43.48942554791768,61
2016-02-24T23:00:00Z,OTHER,OIL/GAS,43.49743701087104,53
2016-02-24T23:00:00Z,OTHER,WOOD/REFUSE,66.7110517554813,158
2016-02-24T23:00:00Z,WIND,WIND,317.15277268398137,1463
2016-02-25T00:00:00Z,COAL,COAL,4209.783867753346,6289
2016-02-25T00:00:00Z,GAS,COGENERATION,3508.66428512613,4528
2016-02-25T00:00:00Z,GAS,COMBINED CYCLE,1113.9601712814967,1716
2016-02-25T00:00:00Z,GAS,SIMPLE CYCLE,22.699999570846558,996
2016-02-25T00:00:00Z,HYDRO,HYDRO,201.63972971503932,894
2016-02-25T00:00:00Z,OTHER,BIOMASS,126.93992642879486,156
2016-02-25T00:00:00Z,OTHER,GAS COGEN,43.54787539058262,61
2016-02-25T00:00:00Z,OTHER,OIL/GAS,43.633892943064374,53
2016-02-25T00:00:00Z,OTHER,WOOD/REFUSE,66.41989062044355,158
2016-02-25T00:00:00Z,WIND,WIND,488.3157680901223,1463
2016-02-25T01:00:00Z,COAL,COAL,4336.2330634519785,6289
2016-02-25T01:00:00Z,GAS,COGENERATION,3470.9794752360713,4528
2016-02-25T01:00:00Z,GAS,COMBINED CYCLE,1109.2556843148338,1716
2016-02-25T01:00:00Z,GAS,SIMPLE CYCLE,22.699999570846558,996
2016-02-25T01:00:00Z,HYDRO,HYDRO,194.3255728072259,894
2016-02-25T01:00:00Z,OTHER,BIOMASS,125.99252152019076,156
2016-02-25T01:00:00Z,OTHER,GAS COGEN,43.451826604207355,61
2016-02-25T01:00:00Z,OTHER,OIL/GAS,43.87524332894219,53
2016-02-25T01:00:00Z,OTHER,WOOD/REFUSE,66.483646724489,158
2016-02-25T01:00:00Z,WIND,WIND,634.6532354758017,1463
2016-02-25T02:00:00Z,COAL,COAL,4261.65418413798,6289
2016-02-25T02:00:00Z,GAS,COGENERATION,3473.5467699242963,4528
2016-02-25T02:00:00Z,GAS,COMBINED CYCLE,1114.5803173356587,1716
2016-02-25T02:00:00Z,GAS,SIMPLE CYCLE,22.699999570846558,996
2016-02-25T02:00:00Z,HYDRO,HYDRO,195.1917780916227,894
2016-02-25T02:00:00Z,OTHER,BIOMASS,120.86614838441213,156
2016-02-25T02:00:00Z,OTHER,GAS COGEN,43.850307416915896,61
2016-02-25T02:00:00Z,OTHER,OIL/GAS,43.52980989244249,53
2016-02-25T02:00:00Z,OTHER,WOOD/REFUSE,66.40312510331472,158
2016-02-25T02:00:00Z,WIND,WIND,724.1708709135072,1463
2016-02-25T03:00:00Z,COAL,COAL,4116.693025461833,6289
2016-02-25T03:00:00Z,GAS,COGENERATION,3444.3066034654776,4528
2016-02-25T03:00:00Z,GAS,COMBINED CYCLE,1067.4420604133607,1716
2016-02-25T03:00:00Z,GAS,SIMPLE CYCLE,22.699999570846558,996
2016-02-25T03:00:00Z,HYDRO,HYDRO,177.4328153625462,894
2016-02-25T03:00:00Z,OTHER,BIOMASS,124.14760352770487,156
2016-02-25T03:00:00Z,OTHER,GAS COGEN,43.769962266286214,61
2016-02-25T03:00:00Z,OTHER,OIL/GAS,43.42725465774536,53
2016-02-25T03:00:00Z,OTHER,WOOD/REFUSE,66.25012414137522,158
2016-02-25T03:00:00Z,WIND,WIND,817.9216491828528,1463
2016-02-25T04:00:00Z,COAL,COAL,4028.302768923442,6289
2016-02-25T04:00:00Z,GAS,COGENERATION,3346.4223127230007,4528
2016-02-25T04:00:00Z,GAS,COMBINED CYCLE,880.7926789924833,1716
2016-02-25T04:00:00Z,GAS,SIMPLE CYCLE,22.699999570846558,996
2016-02-25T04:00:00Z,HYDRO,HYDRO,151.5747723918408,894
2016-02-25T04:00:00Z,OTHER,BIOMASS,119.29234142939251,156
2016-02-25T04:00:00Z,OTHER,GAS COGEN,43.61046551810371,61
2016-02-25T04:00:00Z,OTHER,OIL/GAS,43.04277680714925,53
2016-02-25T04:00:00Z,OTHER,WOOD/REFUSE,67.24363501124911,158
2016-02-25T04:00:00Z,WIND,WIND,920.0279335663054,1463
2016-02-25T05:00:00Z,COAL,COAL,3888.015214029948,6289
2016-02-25T05:00:00Z,GAS,COGENERATION,3323.675789592399,4528
2016-02-25T05:00:00Z,GAS,COMBINED CYCLE,664.2360568915473,1716
2016-02-25T05:00:00Z,GAS,SIMPLE CYCLE,22.699999570846558,996
2016-02-25T05:00:00Z,HYDRO,HYDRO,115.83833736878302,894
2016-02-25T05:00:00Z,OTHER,BIOMASS,123.02049075974358,156
2016-02-25T05:00:00Z,OTHER,GAS COGEN,43.6622674788369,61
2016-02-25T05:00:00Z,OTHER,OIL/GAS,43.15013764063517,53
2016-02-25T05:00:00Z,OTHER,WOOD/REFUSE,67.4866635025872,158
2016-02-25T05:00:00Z,WIND,WIND,965.6721172007918,1463
2016-02-25T06:00:00Z,COAL,COAL,3570.3258425691392,6289
2016-02-25T06:00:00Z,GAS,COGENERATION,3320.303703175783,4528
2016-02-25T06:00:00Z,GAS,COMBINED CYCLE,652.9444935856925,1716
2016-02-25T06:00:00Z,GAS,SIMPLE CYCLE,22.692499589920043,996
2016-02-25T06:00:00Z,HYDRO,HYDRO,101.17754188240403,894
2016-02-25T06:00:00Z,OTHER,BIOMASS,123.49793780326843,156
2016-02-25T06:00:00Z,OTHER,GAS COGEN,43.46259482171801,61
2016-02-25T06:00:00Z,OTHER,OIL/GAS,43.452509767744274,53
2016-02-25T06:00:00Z,OTHER,WOOD/REFUSE,67.40937985950046,158
2016-02-25T06:00:00Z,WIND,WIND,1001.7768236400021,1463
2016-02-25T07:00:00Z,COAL,COAL,3404.389376970927,6289
2016-02-25T07:00:00Z,GAS,COGENERATION,3322.030669585864,4528
2016-02-25T07:00:00Z,GAS,COMBINED CYCLE,658.2265568706724,1716
2016-02-25T07:00:00Z,GAS,SIMPLE CYCLE,22.699999570846558,996
2016-02-25T07:00:00Z,HYDRO,HYDRO,119.10576336062616,894
2016-02-25T07:00:00Z,OTHER,BIOMASS,132.09213437186347,156
2016-02-25T07:00:00Z,OTHER,GAS COGEN,43.185352374182806,61
2016-02-25T07:00:00Z,OTHER,OIL/GAS,43.58743770811293,53
2016-02-25T07:00:00Z,OTHER,WOOD/REFUSE,67.18464078532324,158
2016-02-25T07:00:00Z,WIND,WIND,915.2212592475116,1463
2016-02-25T08:00:00Z,COAL,COAL,3421.479558461507,6289
2016-02-25T08:00:00Z,GAS,COGENERATION,3322.535140164826,4528
2016-02-25T08:00:00Z,GAS,COMBINED CYCLE,637.417523815367,1716
2016-02-25T08:00:00Z,GAS,SIMPLE CYCLE,22.699999570846558,996
2016-02-25T08:00:00Z,HYDRO,HYDRO,83.82342679157853,894
2016-02-25T08:00:00Z,OTHER,BIOMASS,130.80392815881305,156
2016-02-25T08:00:00Z,OTHER,GAS COGEN,43.31571730401781,61
2016-02-25T08:00:00Z,OTHER,OIL/GAS,44.0826706398858,53
2016-02-25T08:00:00Z,OTHER,WOOD/REFUSE,65.97486307462057,158
2016-02-25T08:00:00Z,WIND,WIND,873.7397301211622,1463
2016-02-25T09:00:00Z,COAL,COAL,3428.369615389506,6289
2016-02-25T09:00:00Z,GAS,COGENERATION,3329.1784332276716,4528
2016-02-25T09:00:00Z,GAS,COMBINED CYCLE,656.3544179296493,1716
2016-02-25T09:00:00Z,GAS,SIMPLE CYCLE,22.699999570846558,996
2016-02-25T09:00:00Z,HYDRO,HYDRO,115.10285027262238,894
2016-02-25T09:00:00Z,OTHER,BIOMASS,124.98757115311093,156
2016-02-25T09:00:00Z,OTHER,GAS COGEN,43.46980563587613,61
2016-02-25T09:00:00Z,OTHER,OIL/GAS,43.429148298899335,53
2016-02-25T09:00:00Z,OTHER,WOOD/REFUSE,65.70865214162403,158
2016-02-25T09:00:00Z,WIND,WIND,792.724391695261,1463
2016-02-25T10:00:00Z,COAL,COAL,3449.371606663598,6289
2016-02-25T10:00:00Z,GAS,COGENERATION,3321.6746557321812,4528
2016-02-25T10:00:00Z,GAS,COMBINED CYCLE,666.9008661937713,1716
2016-02-25T10:00:00Z,GAS,SIMPLE CYCLE,22.689332931306627,996
2016-02-25T10:00:00Z,HYDRO,HYDRO,109.156113239891,894
2016-02-25T10:00:00Z,OTHER,BIOMASS,125.65643442736732,156
2016-02-25T10:00:00Z,OTHER,GAS COGEN,43.51408114221361,61
2016-02-25T10:00:00Z,OTHER,OIL/GAS,43.63044832865397,53
2016-02-25T10:00:00Z,OTHER,WOOD/REFUSE,65.39249648014705,158
2016-02-25T10:00:00Z,WIND,WIND,779.5469558917151,1463
2016-02-25T11:00:00Z,COAL,COAL,3568.6114893023173,6289
2016-02-25T11:00:00Z,GAS,COGENERATION,3317.5700321642557,4528
2016-02-25T11:00:00Z,GAS,COMBINED CYCLE,671.7104275348452,1716
2016-02-25T11:00:00Z,GAS,SIMPLE CYCLE,22.69816624217563,996
2016-02-25T11:00:00Z,HYDRO,HYDRO,121.39416140509977,894
2016-02-25T11:00:00Z,OTHER,BIOMASS,125.87393553045061,156
2016-02-25T11:00:00Z,OTHER,GAS COGEN,43.425977606243556,61
2016-02-25T11:00:00Z,OTHER,OIL/GAS,43.004226750267875,53
2016-02-25T11:00:00Z,OTHER,WOOD/REFUSE,65.32851850377189,158
2016-02-25T11:00:00Z,WIND,WIND,729.2459381417433,1463
2016-02-25T12:00:00Z,COAL,COAL,3794.8146205647786,6289
2016-02-25T12:00:00Z,GAS,COGENERATION,3308.1105210320156,4528
2016-02-25T12:00:00Z,GAS,COMBINED CYCLE,655.4168141301473,1716
2016-02-25T12:00:00Z,GAS,SIMPLE CYCLE,22.699999570846558,996
2016-02-25T12:00:00Z,HYDRO,HYDRO,116.23492871411973,894
2016-02-25T12:00:00Z,OTHER,BIOMASS,125.53982440365685,156
2016-02-25T12:00:00Z,OTHER,GAS COGEN,43.912053616311816,61
2016-02-25T12:00:00Z,OTHER,OIL/GAS,43.26639876683553,53
2016-02-25T12:00:00Z,OTHER,WOOD/REFUSE,66.16210229502784,158
2016-02-25T12:00:00Z,WIND,WIND,737.0954997591177,1463
2016-02-25T13:00:00Z,COAL,COAL,3936.7013742870754,6289
2016-02-25T13:00:00Z,GAS,COGENERATION,3358.152925929758,4528
2016-02-25T13:00:00Z,GAS,COMBINED CYCLE,884.2191645356681,1716
2016-02-25T13:00:00Z,GAS,SIMPLE CYCLE,22.699999570846558,996
2016-02-25T13:00:00Z,HYDRO,HYDRO,141.5754698246883,894
2016-02-25T13:00:00Z,OTHER,BIOMASS,126.53757441573673,156
2016-02-25T13:00:00Z,OTHER,GAS COGEN,44.003843932151796,61
2016-02-25T13:00:00Z,OTHER,OIL/GAS,43.074226726955835,53
2016-02-25T13:00:00Z,OTHER,WOOD/REFUSE,66.55149085124333,158
2016-02-25T13:00:00Z,WIND,WIND,722.891215499772,1463
2016-02-25T14:00:00Z,COAL,COAL,4143.057505794101,6289
2016-02-25T14:00:00Z,GAS,COGENERATION,3374.9977417335244,4528
2016-02-25T14:00:00Z,GAS,COMBINED CYCLE,1025.1286255302364,1716
2016-02-25T14:00:00Z,GAS,SIMPLE CYCLE,22.699999570846558,996
2016-02-25T14:00:00Z,HYDRO,HYDRO,137.4329129542907,894
2016-02-25T14:00:00Z,OTHER,BIOMASS,125.32894495752122,156
2016-02-25T14:00:00Z,OTHER,GAS COGEN,44.162451552285084,61
2016-02-25T14:00:00Z,OTHER,OIL/GAS,43.43376510196262,53
2016-02-25T14:00:00Z,OTHER,WOOD/REFUSE,66.29344065719181,158
2016-02-25T14:00:00Z,WIND,WIND,760.9944437045522,1463
2016-02-25T15:00:00Z,COAL,COAL,4071.5331576199,6289
2016-02-25T15:00:00Z,GAS,COGENERATION,3370.630753457149,4528
2016-02-25T15:00:00Z,GAS,COMBINED CYCLE,1100.8830587440068,1716
2016-02-25T15:00:00Z,GAS,SIMPLE CYCLE,22.699999570846558,996
2016-02-25T15:00:00Z,HYDRO,HYDRO,181.25817460675205,894
2016-02-25T15:00:00Z,OTHER,BIOMASS,126.38518737369114,156
2016-02-25T15:00:00Z,OTHER,GAS COGEN,44.13860713375939,61
2016-02-25T15:00:00Z,OTHER,OIL/GAS,44.23380975935194,53
2016-02-25T15:00:00Z,OTHER,WOOD/REFUSE,66.06137943373787,158
2016-02-25T15:00:00Z,WIND,WIND,747.8778318737612,1463
2016-02-25T16:00:00Z,COAL,COAL,4161.831299201118,6289
2016-02-25T16:00:00Z,GAS,COGENERATION,3359.46179179483,4528
2016-02-25T16:00:00Z,GAS,COMBINED CYCLE,1124.940238000552,1716
2016-02-25T16:00:00Z,GAS,SIMPLE CYCLE,22.699999570846558,996
2016-02-25T16:00:00Z,HYDRO,HYDRO,162.7733925197936,894
2016-02-25T16:00:00Z,OTHER,BIOMASS,126.94450633790758,156
2016-02-25T16:00:00Z,OTHER,GAS COGEN,44.19103044668833,61
2016-02-25T16:00:00Z,OTHER,OIL/GAS,44.05721596823798,53
2016-02-25T16:00:00Z,OTHER,WOOD/REFUSE,65.74630133681828,158
2016-02-25T16:00:00Z,WIND,WIND,688.7378046990766,1463
2016-02-25T17:00:00Z,COAL,COAL,4274.366548542446,6289
2016-02-25T17:00:00Z,GAS,COGENERATION,3348.463881755604,4528
2016-02-25T17:00:00Z,GAS,COMBINED CYCLE,1126.898509862688,1716
2016-02-25T17:00:00Z,GAS,SIMPLE CYCLE,22.530332906511095,996
2016-02-25T17:00:00Z,HYDRO,HYDRO,151.96620590613946,894
2016-02-25T17:00:00Z,OTHER,BIOMASS,126.37021748701731,156
2016-02-25T17:00:00Z,OTHER,GAS COGEN,44.06656777487861,61
2016-02-25T17:00:00Z,OTHER,OIL/GAS,43.45344882329305,53
2016-02-25T17:00:00Z,OTHER,WOOD/REFUSE,65.5454635198911,158
2016-02-25T17:00:00Z,WIND,WIND,583.5039492617382,1463
2016-02-25T18:00:00Z,COAL,COAL,4354.318244192335,6289
2016-02-25T18:00:00Z,GAS,COGENERATION,3319.9227033984,4528
2016-02-25T18:00:00Z,GAS,COMBINED CYCLE,1124.8773318248325,1716
2016-02-25T18:00:00Z,GAS,SIMPLE CYCLE,22.499999523162842,996
2016-02-25T18:00:00Z,HYDRO,HYDRO,139.84375358060004,894
2016-02-25T18:00:00Z,OTHER,BIOMASS,137.6940617609024,156
2016-02-25T18:00:00Z,OTHER,GAS COGEN,44.093088721169366,61
2016-02-25T18:00:00Z,OTHER,OIL/GAS,44.73329839918348,53
2016-02-25T18:00:00Z,OTHER,WOOD/REFUSE,64.48274065203137,158
2016-02-25T18:00:00Z,WIND,WIND,548.2598232026398,1463
2016-02-25T19:00:00Z,COAL,COAL,4385.53147137536,6289
2016-02-25T19:00:00Z,GAS,COGENERATION,3303.7739905762674,4528
2016-02-25T19:00:00Z,GAS,COMBINED CYCLE,1116.675934627321,1716
2016-02-25T19:00:00Z,GAS,SIMPLE CYCLE,22.40061025513543,996
2016-02-25T19:00:00Z,HYDRO,HYDRO,144.02188920943274,894
2016-02-25T19:00:00Z,OTHER,BIOMASS,137.55716588550143,156
2016-02-25T19:00:00Z,OTHER,GAS COGEN,44.06495191044278,61
2016-02-25T19:00:00Z,OTHER,OIL/GAS,45.56777680502997,53
2016-02-25T19:00:00Z,OTHER,WOOD/REFUSE,64.80156356573104,158
2016-02-25T19:00:00Z,WIND,WIND,514.6331996323416,1463
2016-02-25T20:00:00Z,COAL,COAL,4358.100765749614,6289
2016-02-25T20:00:00Z,GAS,COGENERATION,3285.864186741246,4528
2016-02-25T20:00:00Z,GAS,COMBINED CYCLE,1116.6197892443338,1716
2016-02-25T20:00:00Z,GAS,SIMPLE CYCLE,22.399999141693115,996
2016-02-25T20:00:00Z,HYDRO,HYDRO,182.06213904500007,894
2016-02-25T20:00:00Z,OTHER,BIOMASS,132.26516862922244,156
2016-02-25T20:00:00Z,OTHER,GAS COGEN,44.09793771319919,61
2016-02-25T20:00:00Z,OTHER,OIL/GAS,45.437431483798555,53
2016-02-25T20:00:00Z,OTHER,WOOD/REFUSE,64.4179854689704,158
2016-02-25T20:00:00Z,WIND,WIND,495.9514149312178,1463
2016-02-25T21:00:00Z,COAL,COAL,4379.404635518392,6289
2016-02-25T21:00:00Z,GAS,COGENERATION,3243.5805759205423,4528
2016-02-25T21:00:00Z,GAS,COMBINED CYCLE,978.587544388771,1716
2016-02-25T21:00:00Z,GAS,SIMPLE CYCLE,22.399999141693115,996
2016-02-25T21:00:00Z,HYDRO,HYDRO,224.35308648543227,894
2016-02-25T21:00:00Z,OTHER,BIOMASS,127.68579517205556,156
2016-02-25T21:00:00Z,OTHER,GAS COGEN,44.20463242159949,61
2016-02-25T21:00:00Z,OTHER,OIL/GAS,46.274442808363176,53
2016-02-25T21:00:00Z,OTHER,WOOD/REFUSE,64.35301301479339,158
2016-02-25T21:00:00Z,WIND,WIND,515.4077547803852,1463
2016-02-25T22:00:00Z,COAL,COAL,4242.264232711792,6289
2016-02-25T22:00:00Z,GAS,COGENERATION,3211.480802110566,4528
2016-02-25T22:00:00Z,GAS,COMBINED CYCLE,1012.6300903866025,1716
2016-02-25T22:00:00Z,GAS,SIMPLE CYCLE,22.399999141693115,996
2016-02-25T22:00:00Z,HYDRO,HYDRO,221.20438915193083,894
2016-02-25T22:00:00Z,OTHER,BIOMASS,126.95489920245276,156
2016-02-25T22:00:00Z,OTHER,GAS COGEN,44.25791958173116,61
2016-02-25T22:00:00Z,OTHER,OIL/GAS,46.271721835666234,53
2016-02-25T22:00:00Z,OTHER,WOOD/REFUSE,64.08847979836993,158
2016-02-25T22:00:00Z,WIND,WIND,582.942946037319,1463
2016-02-25T23:00:00Z,COAL,COAL,4132.422099088033,6289
2016-02-25T23:00:00Z,GAS,COGENERATION,3214.4991534213227,4528
2016-02-25T23:00:00Z,GAS,COMBINED CYCLE,1027.2336497518752,1716
2016-02-25T23:00:00Z,GAS,SIMPLE CYCLE,22.399999141693115,996
2016-02-25T23:00:00Z,HYDRO,HYDRO,274.5359247138682,894
2016-02-25T23:00:00Z,OTHER,BIOMASS,128.137205886311,156
2016-02-25T23:00:00Z,OTHER,GAS COGEN,43.95203036785126,61
2016-02-25T23:00:00Z,OTHER,OIL/GAS,46.20762626224094,53
2016-02-25T23:00:00Z,OTHER,WOOD/REFUSE,63.994846505853864,158
2016-02-25T23:00:00Z,WIND,WIND,657.4026269319322,1463
2016-02-26T00:00:00Z,COAL,COAL,4165.443308351305,6289
2016-02-26T00:00:00Z,GAS,COGENERATION,3231.8872697757347,4528
2016-02-26T00:00:00Z,GAS,COMBINED CYCLE,1039.6392473051283,1716
2016-02-26T00:00:00Z,GAS,SIMPLE CYCLE,22.399999141693115,996
2016-02-26T00:00:00Z,HYDRO,HYDRO,297.5680037743847,894
2016-02-26T00:00:00Z,OTHER,BIOMASS,128.68029768466948,156
2016-02-26T00:00:00Z,OTHER,GAS COGEN,43.9606793668535,61
2016-02-26T00:00:00Z,OTHER,OIL/GAS,45.577126528422035,53
2016-02-26T00:00:00Z,OTHER,WOOD/REFUSE,63.98048520353105,158
2016-02-26T00:00:00Z,WIND,WIND,653.2451389155455,1463
2016-02-26T01:00:00Z,COAL,COAL,4291.315914607578,6289
2016-02-26T01:00:00Z,GAS,COGENERATION,3257.3289674464863,4528
2016-02-26T01:00:00Z,GAS,COMBINED CYCLE,1041.8489092943405,1716
2016-02-26T01:00:00Z,GAS,SIMPLE CYCLE,22.473610358105766,996
2016-02-26T01:00:00Z,HYDRO,HYDRO,271.6714050783217,894
2016-02-26T01:00:00Z,OTHER,BIOMASS,128.98831174055735,156
2016-02-26T01:00:00Z,OTHER,GAS COGEN,43.919201345443724,61
2016-02-26T01:00:00Z,OTHER,OIL/GAS,45.494604426489936,53
2016-02-26T01:00:00Z,OTHER,WOOD/REFUSE,64.41000172773997,158
2016-02-26T01:00:00Z,WIND,WIND,766.1007641508016,1463
2016-02-26T02:00:00Z,COAL,COAL,4247.544693705241,6289
2016-02-26T02:00:00Z,GAS,COGENERATION,3269.3333043862713,4528
2016-02-26T02:00:00Z,GAS,COMBINED CYCLE,1034.127220463223,1716
2016-02-26T02:00:00Z,GAS,SIMPLE CYCLE,22.499999284744263,996
2016-02-26T02:00:00Z,HYDRO,HYDRO,297.98292105176387,894
2016-02-26T02:00:00Z,OTHER,BIOMASS,128.8213699171278,156
2016-02-26T02:00:00Z,OTHER,GAS COGEN,43.97768846405877,61
2016-02-26T02:00:00Z,OTHER,OIL/GAS,45.18176572587755,53
2016-02-26T02:00:00Z,OTHER,WOOD/REFUSE,63.79987953080071,158
2016-02-26T02:00:00Z,WIND,WIND,824.011324445539,1463
2016-02-26T03:00:00Z,COAL,COAL,4155.111648474799,6289
2016-02-26T03:00:00Z,GAS,COGENERATION,3284.386073795292,4528
2016-02-26T03:00:00Z,GAS,COMBINED CYCLE,1035.3018466154736,1716
2016-02-26T03:00:00Z,GAS,SIMPLE CYCLE,22.499999284744263,996
2016-02-26T03:00:00Z,HYDRO,HYDRO,306.75227931120327,894
2016-02-26T03:00:00Z,OTHER,BIOMASS,127.54755257871416,156
2016-02-26T03:00:00Z,OTHER,GAS COGEN,43.923850053681264,61
2016-02-26T03:00:00Z,OTHER,OIL/GAS,44.441632408565944,53
2016-02-26T03:00:00Z,OTHER,WOOD/REFUSE,63.07190727551778,158
2016-02-26T03:00:00Z,WIND,WIND,794.1897627380822,1463
2016-02-26T04:00:00Z,COAL,COAL,4084.7762267854478,6289
2016-02-26T04:00:00Z,GAS,COGENERATION,3268.4216630276705,4528
2016-02-26T04:00:00Z,GAS,COMBINED CYCLE,1007.5400877920787,1716
2016-02-26T04:00:00Z,GAS,SIMPLE CYCLE,22.499999284744263,996
2016-02-26T04:00:00Z,HYDRO,HYDRO,150.58593791662818,894
2016-02-26T04:00:00Z,OTHER,BIOMASS,129.1526765706804,156
2016-02-26T04:00:00Z,OTHER,GAS COGEN,44.01491426891751,61
2016-02-26T04:00:00Z,OTHER,OIL/GAS,44.98189934412638,53
2016-02-26T04:00:00Z,OTHER,WOOD/REFUSE,65.3566629796558,158
2016-02-26T04:00:00Z,WIND,WIND,826.8235046633747,1463
2016-02-26T05:00:00Z,COAL,COAL,3872.810567618476,6289
2016-02-26T05:00:00Z,GAS,COGENERATION,3218.0258644515275,4528
2016-02-26T05:00:00Z,GAS,COMBINED CYCLE,676.5239921225442,1716
2016-02-26T05:00:00Z,GAS,SIMPLE CYCLE,22.499999284744263,996
2016-02-26T05:00:00Z,HYDRO,HYDRO,162.12025253891946,894
2016-02-26T05:00:00Z,OTHER,BIOMASS,129.97392528004116,156
2016-02-26T05:00:00Z,OTHER,GAS COGEN,44.02800669670105,61
2016-02-26T05:00:00Z,OTHER,OIL/GAS,45.448909748925104,53
2016-02-26T05:00:00Z,OTHER,WOOD/REFUSE,64.82070223146015,158
2016-02-26T05:00:00Z,WIND,WIND,978.8959527670013,1463
2016-02-26T06:00:00Z,COAL,COAL,3754.170695427789,6289
2016-02-26T06:00:00Z,GAS,COGENERATION,3192.0264232272575,4528
2016-02-26T06:00:00Z,GAS,COMBINED CYCLE,644.949298532274,1716
2016-02-26T06:00:00Z,GAS,SIMPLE CYCLE,20.671443962521025,996
2016-02-26T06:00:00Z,HYDRO,HYDRO,97.79463995051053,894
2016-02-26T06:00:00Z,OTHER,BIOMASS,127.70319351567164,156
2016-02-26T06:00:00Z,OTHER,GAS COGEN,44.081739574008516,61
2016-02-26T06:00:00Z,OTHER,OIL/GAS,45.2571929804484,53
2016-02-26T06:00:00Z,OTHER,WOOD/REFUSE,65.22383051104016,158
2016-02-26T06:00:00Z,WIND,WIND,939.3656323507097,1463
2016-02-26T07:00:00Z,COAL,COAL,3689.2873469670612,6289
2016-02-26T07:00:00Z,GAS,COGENERATION,3167.0529349848957,4528
2016-02-26T07:00:00Z,GAS,COMBINED CYCLE,536.4108073356416,1716
2016-02-26T07:00:00Z,GAS,SIMPLE CYCLE,18.399999856948853,996
2016-02-26T07:00:00Z,HYDRO,HYDRO,87.37776262318094,894
2016-02-26T07:00:00Z,OTHER,BIOMASS,126.55947432253096,156
2016-02-26T07:00:00Z,OTHER,GAS COGEN,44.364972382121614,61
2016-02-26T07:00:00Z,OTHER,OIL/GAS,45.518843508826365,53
2016-02-26T07:00:00Z,OTHER,WOOD/REFUSE,65.32752466890547,158
2016-02-26T07:00:00Z,WIND,WIND,955.485552826143,1463
2016-02-26T08:00:00Z,COAL,COAL,3638.599712825351,6289
2016-02-26T08:00:00Z,GAS,COGENERATION,3149.281216998034,4528
2016-02-26T08:00:00Z,GAS,COMBINED CYCLE,518.6808481543593,1716
2016-02-26T08:00:00Z,GAS,SIMPLE CYCLE,18.399999856948853,996
2016-02-26T08:00:00Z,HYDRO,HYDRO,64.45680483453803,894
2016-02-26T08:00:00Z,OTHER,BIOMASS,126.76315089543661,156
2016-02-26T08:00:00Z,OTHER,GAS COGEN,44.42293153232998,61
2016-02-26T08:00:00Z,OTHER,OIL/GAS,45.455926780700686,53
2016-02-26T08:00:00Z,OTHER,WOOD/REFUSE,65.47984642929501,158
2016-02-26T08:00:00Z,WIND,WIND,983.1126426546441,1463
2016-02-26T09:00:00Z,COAL,COAL,3559.4406957626343,6289
2016-02-26T09:00:00Z,GAS,COGENERATION,3165.664164867666,4528
2016-02-26T09:00:00Z,GAS,COMBINED CYCLE,510.593623510268,1716
2016-02-26T09:00:00Z,GAS,SIMPLE CYCLE,18.32472197148535,996
2016-02-26T09:00:00Z,HYDRO,HYDRO,70.62679281809262,894
2016-02-26T09:00:00Z,OTHER,BIOMASS,129.08393299420675,156
2016-02-26T09:00:00Z,OTHER,GAS COGEN,44.479379472732546,61
2016-02-26T09:00:00Z,OTHER,OIL/GAS,45.272414957682294,53
2016-02-26T09:00:00Z,OTHER,WOOD/REFUSE,65.55663579516941,158
2016-02-26T09:00:00Z,WIND,WIND,1037.447021156152,1463
2016-02-26T10:00:00Z,COAL,COAL,3466.018446345859,6289
2016-02-26T10:00:00Z,GAS,COGENERATION,3178.4381855930224,4528
2016-02-26T10:00:00Z,GAS,COMBINED CYCLE,506.7151814109087,1716
2016-02-26T10:00:00Z,GAS,SIMPLE CYCLE,18.299999713897705,996
2016-02-26T10:00:00Z,HYDRO,HYDRO,78.31650312801202,894
2016-02-26T10:00:00Z,OTHER,BIOMASS,120.97882252852122,156
2016-02-26T10:00:00Z,OTHER,GAS COGEN,44.66134926584032,61
2016-02-26T10:00:00Z,OTHER,OIL/GAS,44.94103743871053,53
2016-02-26T10:00:00Z,OTHER,WOOD/REFUSE,65.4095797973209,158
2016-02-26T10:00:00Z,WIND,WIND,1114.1498295612964,1463
2016-02-26T11:00:00Z,COAL,COAL,3563.6828283988107,6289
2016-02-26T11:00:00Z,GAS,COGENERATION,3180.016081868145,4528
2016-02-26T11:00:00Z,GAS,COMBINED CYCLE,508.93108053220647,1716
2016-02-26T11:00:00Z,GAS,SIMPLE CYCLE,18.299999713897705,996
2016-02-26T11:00:00Z,HYDRO,HYDRO,91.84865984880263,894
2016-02-26T11:00:00Z,OTHER,BIOMASS,122.92588300983111,156
2016-02-26T11:00:00Z,OTHER,GAS COGEN,44.70825507058038,61
2016-02-26T11:00:00Z,OTHER,OIL/GAS,45.26328219519721,53
2016-02-26T11:00:00Z,OTHER,WOOD/REFUSE,65.46436317443847,158
2016-02-26T11:00:00Z,WIND,WIND,1066.8303725461165,1463
2016-02-26T12:00:00Z,COAL,COAL,3725.1477472729152,6289
2016-02-26T12:00:00Z,GAS,COGENERATION,3193.993313421806,4528
2016-02-26T12:00:00Z,GAS,COMBINED CYCLE,550.6666074774663,1716
2016-02-26T12:00:00Z,GAS,SIMPLE CYCLE,18.299999713897705,996
2016-02-26T12:00:00Z,HYDRO,HYDRO,142.80995710776912,894
2016-02-26T12:00:00Z,OTHER,BIOMASS,124.89791622506247,156
2016-02-26T12:00:00Z,OTHER,GAS COGEN,44.55766674571567,61
2016-02-26T12:00:00Z,OTHER,OIL/GAS,44.80351582845052,53
2016-02-26T12:00:00Z,OTHER,WOOD/REFUSE,64.4938239145279,158
2016-02-26T12:00:00Z,WIND,WIND,877.9401069716612,1463
2016-02-26T13:00:00Z,COAL,COAL,3959.1657801564534,6289
2016-02-26T13:00:00Z,GAS,COGENERATION,3243.3925603033435,4528
2016-02-26T13:00:00Z,GAS,COMBINED CYCLE,656.6281342956092,1716
2016-02-26T13:00:00Z,GAS,SIMPLE CYCLE,18.299999713897705,996
2016-02-26T13:00:00Z,HYDRO,HYDRO,145.2830621491538,894
2016-02-26T13:00:00Z,OTHER,BIOMASS,126.23239498880176,156
2016-02-26T13:00:00Z,OTHER,GAS COGEN,44.53673356797961,61
2016-02-26T13:00:00Z,OTHER,OIL/GAS,45.47135952419705,53
2016-02-26T13:00:00Z,OTHER,WOOD/REFUSE,64.81741282727984,158
2016-02-26T13:00:00Z,WIND,WIND,884.5920565456814,1463
2016-02-26T14:00:00Z,COAL,COAL,4237.41181778166,6289
2016-02-26T14:00:00Z,GAS,COGENERATION,3278.723269367218,4528
2016-02-26T14:00:00Z,GAS,COMBINED CYCLE,760.4656061278449,1716
2016-02-26T14:00:00Z,GAS,SIMPLE CYCLE,9.393444266849095,996
2016-02-26T14:00:00Z,HYDRO,HYDRO,136.73476030752062,894
2016-02-26T14:00:00Z,OTHER,BIOMASS,127.37804167694516,156
2016-02-26T14:00:00Z,OTHER,GAS COGEN,44.34633263481988,61
2016-02-26T14:00:00Z,OTHER,OIL/GAS,45.361110343933106,53
2016-02-26T14:00:00Z,OTHER,WOOD/REFUSE,65.09481303532918,158
2016-02-26T14:00:00Z,WIND,WIND,908.477461584674,1463
2016-02-26T15:00:00Z,COAL,COAL,4268.080205104616,6289
2016-02-26T15:00:00Z,GAS,COGENERATION,3271.3864173209004,4528
2016-02-26T15:00:00Z,GAS,COMBINED CYCLE,767.3867881400718,1716
2016-02-26T15:00:00Z,GAS,SIMPLE CYCLE,13.187888693478373,996
2016-02-26T15:00:00Z,HYDRO,HYDRO,162.65714150216846,894
2016-02-26T15:00:00Z,OTHER,BIOMASS,125.40281697220273,156
2016-02-26T15:00:00Z,OTHER,GAS COGEN,44.35205949677361,61
2016-02-26T15:00:00Z,OTHER,OIL/GAS,44.65739293628269,53
2016-02-26T15:00:00Z,OTHER,WOOD/REFUSE,65.0904133690728,158
2016-02-26T15:00:00Z,WIND,WIND,917.6656085864372,1463
2016-02-26T16:00:00Z,COAL,COAL,4263.461927590768,6289
2016-02-26T16:00:00Z,GAS,COGENERATION,3252.802230584224,4528
2016-02-26T16:00:00Z,GAS,COMBINED CYCLE,859.9858951793115,1716
2016-02-26T16:00:00Z,GAS,SIMPLE CYCLE,18.420444105068846,996
2016-02-26T16:00:00Z,HYDRO,HYDRO,124.94685953179996,894
2016-02-26T16:00:00Z,OTHER,BIOMASS,128.87790378570557,156
2016-02-26T16:00:00Z,OTHER,GAS COGEN,44.58756963676876,61
2016-02-26T16:00:00Z,OTHER,OIL/GAS,44.86339912414551,53
2016-02-26T16:00:00Z,OTHER,WOOD/REFUSE,64.55571859518687,158
2016-02-26T16:00:00Z,WIND,WIND,928.379319224101,1463
2016-02-26T17:00:00Z,COAL,COAL,4286.5148092619575,6289
2016-02-26T17:00:00Z,GAS,COGENERATION,3247.3585434244737,4528
2016-02-26T17:00:00Z,GAS,COMBINED CYCLE,867.6021055142085,1716
2016-02-26T17:00:00Z,GAS,SIMPLE CYCLE,18.499999523162842,996
2016-02-26T17:00:00Z,HYDRO,HYDRO,153.3083373607033,894
2016-02-26T17:00:00Z,OTHER,BIOMASS,130.77343872706095,156
2016-02-26T17:00:00Z,OTHER,GAS COGEN,44.22046639124552,61
2016-02-26T17:00:00Z,OTHER,OIL/GAS,45.16916531244914,53
2016-02-26T17:00:00Z,OTHER,WOOD/REFUSE,65.5111963947614,158
2016-02-26T17:00:00Z,WIND,WIND,881.0974524089197,1463
2016-02-26T18:00:00Z,COAL,COAL,4240.466678487327,6289
2016-02-26T18:00:00Z,GAS,COGENERATION,3250.6306597688463,4528
2016-02-26T18:00:00Z,GAS,COMBINED CYCLE,812.3264800859822,1716
2016-02-26T18:00:00Z,GAS,SIMPLE CYCLE,18.499999523162842,996
2016-02-26T18:00:00Z,HYDRO,HYDRO,121.30083908104234,894
2016-02-26T18:00:00Z,OTHER,BIOMASS,129.0256076335907,156
2016-02-26T18:00:00Z,OTHER,GAS COGEN,43.953264618449744,61
2016-02-26T18:00:00Z,OTHER,OIL/GAS,44.93938265694512,53
2016-02-26T18:00:00Z,OTHER,WOOD/REFUSE,64.24090759595235,158
2016-02-26T18:00:00Z,WIND,WIND,956.9848156012615,1463
2016-02-26T19:00:00Z,COAL,COAL,4176.357676301002,6289
2016-02-26T19:00:00Z,GAS,COGENERATION,3237.9567257826857,4528
2016-02-26T19:00:00Z,GAS,COMBINED CYCLE,798.9759063678649,1716
2016-02-26T19:00:00Z,GAS,SIMPLE CYCLE,18.499999523162842,996
2016-02-26T19:00:00Z,HYDRO,HYDRO,115.43051146508918,894
2016-02-26T19:00:00Z,OTHER,BIOMASS,128.03065211984847,156
2016-02-26T19:00:00Z,OTHER,GAS COGEN,43.969434655507406,61
2016-02-26T19:00:00Z,OTHER,OIL/GAS,45.267454117669,53
2016-02-26T19:00:00Z,OTHER,WOOD/REFUSE,63.61995756970512,158
2016-02-26T19:00:00Z,WIND,WIND,1033.715803078413,1463
2016-02-26T20:00:00Z,COAL,COAL,4161.299340362284,6289
2016-02-26T20:00:00Z,GAS,COGENERATION,3205.4951828834746,4528
2016-02-26T20:00:00Z,GAS,COMBINED CYCLE,808.5115575956968,1716
2016-02-26T20:00:00Z,GAS,SIMPLE CYCLE,18.499999523162842,996
2016-02-26T20:00:00Z,HYDRO,HYDRO,136.90546476567786,894
2016-02-26T20:00:00Z,OTHER,BIOMASS,125.29556023173862,156
2016-02-26T20:00:00Z,OTHER,GAS COGEN,43.96076764265696,61
2016-02-26T20:00:00Z,OTHER,OIL/GAS,45.57224913067288,53
2016-02-26T20:00:00Z,OTHER,WOOD/REFUSE,63.92121862782373,158
2016-02-26T20:00:00Z,WIND,WIND,1042.2787246967687,1463
2016-02-26T21:00:00Z,COAL,COAL,4116.0810201545555,6289
2016-02-26T21:00:00Z,GAS,COGENERATION,3202.6646060592598,4528
2016-02-26T21:00:00Z,GAS,COMBINED CYCLE,809.8041902831528,1716
2016-02-26T21:00:00Z,GAS,SIMPLE CYCLE,18.499999523162842,996
2016-02-26T21:00:00Z,HYDRO,HYDRO,165.9429726052781,894
2016-02-26T21:00:00Z,OTHER,BIOMASS,128.33842786153158,156
2016-02-26T21:00:00Z,OTHER,GAS COGEN,44.08679479598999,61
2016-02-26T21:00:00Z,OTHER,OIL/GAS,45.8002098719279,53
2016-02-26T21:00:00Z,OTHER,WOOD/REFUSE,64.0854405869378,158
2016-02-26T21:00:00Z,WIND,WIND,1044.2446185637514,1463
2016-02-26T22:00:00Z,COAL,COAL,4036.768759719001,6289
2016-02-26T22:00:00Z,GAS,COGENERATION,3198.6365374599563,4528
2016-02-26T22:00:00Z,GAS,COMBINED CYCLE,897.9007630324364,1716
2016-02-26T22:00:00Z,GAS,SIMPLE CYCLE,18.499999523162842,996
2016-02-26T22:00:00Z,HYDRO,HYDRO,178.03732284075684,894
2016-02-26T22:00:00Z,OTHER,BIOMASS,126.37562899748484,156
2016-02-26T22:00:00Z,OTHER,GAS COGEN,43.723076369497505,61
2016-02-26T22:00:00Z,OTHER,OIL/GAS,46.24421434190538,53
2016-02-26T22:00:00Z,OTHER,WOOD/REFUSE,64.47201876507866,158
2016-02-26T22:00:00Z,WIND,WIND,1045.0714925508614,1463
2016-02-26T23:00:00Z,COAL,COAL,3940.493583679199,6289
2016-02-26T23:00:00Z,GAS,COGENERATION,3221.7342977013855,4528
2016-02-26T23:00:00Z,GAS,COMBINED CYCLE,962.6267765146495,1716
2016-02-26T23:00:00Z,GAS,SIMPLE CYCLE,18.728166615830528,996
2016-02-26T23:00:00Z,HYDRO,HYDRO,194.79032723713254,894
2016-02-26T23:00:00Z,OTHER,BIOMASS,127.75723358048333,156
2016-02-26T23:00:00Z,OTHER,GAS COGEN,43.74640786594814,61
2016-02-26T23:00:00Z,OTHER,OIL/GAS,46.74043223063151,53
2016-02-26T23:00:00Z,OTHER,WOOD/REFUSE,64.46554611523946,158
2016-02-26T23:00:00Z,WIND,WIND,1055.4643243592564,1463
2016-02-27T00:00:00Z,COAL,COAL,3903.0188926719293,6289
2016-02-27T00:00:00Z,GAS,COGENERATION,3251.992639379634,4528
2016-02-27T00:00:00Z,GAS,COMBINED CYCLE,941.3149903359679,1716
2016-02-27T00:00:00Z,GAS,SIMPLE CYCLE,18.50000023841858,996
2016-02-27T00:00:00Z,HYDRO,HYDRO,211.77182181989156,894
2016-02-27T00:00:00Z,OTHER,BIOMASS,122.68287922965155,156
2016-02-27T00:00:00Z,OTHER,GAS COGEN,43.8172022734748,61
2016-02-27T00:00:00Z,OTHER,OIL/GAS,46.65055407418145,53
2016-02-27T00:00:00Z,OTHER,WOOD/REFUSE,64.32841842412948,158
2016-02-27T00:00:00Z,WIND,WIND,1018.99718078855,1463
2016-02-27T01:00:00Z,COAL,COAL,3901.9829286275967,6289
2016-02-27T01:00:00Z,GAS,COGENERATION,3266.9355576927132,4528
2016-02-27T01:00:00Z,GAS,COMBINED CYCLE,1073.7650519222684,1716
2016-02-27T01:00:00Z,GAS,SIMPLE CYCLE,18.50000023841858,996
2016-02-27T01:00:00Z,HYDRO,HYDRO,240.43328190462458,894
2016-02-27T01:00:00Z,OTHER,BIOMASS,124.23808586014641,156
2016-02-27T01:00:00Z,OTHER,GAS COGEN,43.613392715454104,61
2016-02-27T01:00:00Z,OTHER,OIL/GAS,46.51577169630263,53
2016-02-27T01:00:00Z,OTHER,WOOD/REFUSE,64.04703531132805,158
2016-02-27T01:00:00Z,WIND,WIND,998.5969016511242,1463
2016-02-27T02:00:00Z,COAL,COAL,3920.8531319406297,6289
2016-02-27T02:00:00Z,GAS,COGENERATION,3263.634238180121,4528
2016-02-27T02:00:00Z,GAS,COMBINED CYCLE,1099.6925987402599,1716
2016-02-27T02:00:00Z,GAS,SIMPLE CYCLE,18.50000023841858,996
2016-02-27T02:00:00Z,HYDRO,HYDRO,203.02193338255088,894
2016-02-27T02:00:00Z,OTHER,BIOMASS,126.08468431101905,156
2016-02-27T02:00:00Z,OTHER,GAS COGEN,43.98452263037364,61
2016-02-27T02:00:00Z,OTHER,OIL/GAS,47.01203202565511,53
2016-02-27T02:00:00Z,OTHER,WOOD/REFUSE,64.02629630618625,158
2016-02-27T02:00:00Z,WIND,WIND,990.109261771573,1463
2016-02-27T03:00:00Z,COAL,COAL,3698.4656241141424,6289
2016-02-27T03:00:00Z,GAS,COGENERATION,3286.4235905136,4528
2016-02-27T03:00:00Z,GAS,COMBINED CYCLE,1121.6978512615628,1716
2016-02-27T03:00:00Z,GAS,SIMPLE CYCLE,18.50000023841858,996
2016-02-27T03:00:00Z,HYDRO,HYDRO,238.1976591463718,894
2016-02-27T03:00:00Z,OTHER,BIOMASS,123.99154053688049,156
2016-02-27T03:00:00Z,OTHER,GAS COGEN,44.12666754086812,61
2016-02-27T03:00:00Z,OTHER,OIL/GAS,46.49227684020996,53
2016-02-27T03:00:00Z,OTHER,WOOD/REFUSE,63.13965718348821,158
2016-02-27T03:00:00Z,WIND,WIND,1021.6860127362361,1463
2016-02-27T04:00:00Z,COAL,COAL,3611.402477053536,6289
2016-02-27T04:00:00Z,GAS,COGENERATION,3255.500904086828,4528
2016-02-27T04:00:00Z,GAS,COMBINED CYCLE,1123.101222249137,1716
2016-02-27T04:00:00Z,GAS,SIMPLE CYCLE,18.50000023841858,996
2016-02-27T04:00:00Z,HYDRO,HYDRO,111.8088954855336,894
2016-02-27T04:00:00Z,OTHER,BIOMASS,130.0260437515047,156
2016-02-27T04:00:00Z,OTHER,GAS COGEN,44.2906666914622,61
2016-02-27T04:00:00Z,OTHER,OIL/GAS,46.918959556155734,53
2016-02-27T04:00:00Z,OTHER,WOOD/REFUSE,63.256524353027345,158
2016-02-27T04:00:00Z,WIND,WIND,1019.7930022370484,1463
2016-02-27T05:00:00Z,COAL,COAL,3419.141341070599,6289
2016-02-27T05:00:00Z,GAS,COGENERATION,3285.69717769093,4528
2016-02-27T05:00:00Z,GAS,COMBINED CYCLE,1031.6220173687404,1716
2016-02-27T05:00:00Z,GAS,SIMPLE CYCLE,18.50000023841858,996
2016-02-27T05:00:00Z,HYDRO,HYDRO,98.226031399005,894
2016-02-27T05:00:00Z,OTHER,BIOMASS,125.3416226916843,156
2016-02-27T05:00:00Z,OTHER,GAS COGEN,44.40318229198456,61
2016-02-27T05:00:00Z,OTHER,OIL/GAS,47.22265437655979,53
2016-02-27T05:00:00Z,OTHER,WOOD/REFUSE,64.67621343930563,158
2016-02-27T05:00:00Z,WIND,WIND,1014.6319505395492,1463
2016-02-27T06:00:00Z,COAL,COAL,3268.6028919145797,6289
2016-02-27T06:00:00Z,GAS,COGENERATION,3274.770364568697,4528
2016-02-27T06:00:00Z,GAS,COMBINED CYCLE,934.1794372616874,1716
2016-02-27T06:00:00Z,GAS,SIMPLE CYCLE,18.50000023841858,996
2016-02-27T06:00:00Z,HYDRO,HYDRO,115.38917736411095,894
2016-02-27T06:00:00Z,OTHER,BIOMASS,125.01111231856876,156
2016-02-27T06:00:00Z,OTHER,GAS COGEN,44.33150166829427,61
2016-02-27T06:00:00Z,OTHER,OIL/GAS,47.4073268254598,53
2016-02-27T06:00:00Z,OTHER,WOOD/REFUSE,64.89589648538166,158
2016-02-27T06:00:00Z,WIND,WIND,962.9508902396179,1463
2016-02-27T07:00:00Z,COAL,COAL,3273.750950164265,6289
2016-02-27T07:00:00Z,GAS,COGENERATION,3296.6135088315273,4528
2016-02-27T07:00:00Z,GAS,COMBINED CYCLE,819.8947568226523,1716
2016-02-27T07:00:00Z,GAS,SIMPLE CYCLE,18.553555487526786,996
2016-02-27T07:00:00Z,HYDRO,HYDRO,74.74467720521821,894
2016-02-27T07:00:00Z,OTHER,BIOMASS,124.13858014689552,156
2016-02-27T07:00:00Z,OTHER,GAS COGEN,33.91954975287119,61
2016-02-27T07:00:00Z,OTHER,OIL/GAS,47.05068228827582,53
2016-02-27T07:00:00Z,OTHER,WOOD/REFUSE,65.00023466878467,158
2016-02-27T07:00:00Z,WIND,WIND,879.4005748969648,1463
2016-02-27T08:00:00Z,COAL,COAL,3301.254061348438,6289
2016-02-27T08:00:00Z,GAS,COGENERATION,3302.978861681885,4528
2016-02-27T08:00:00Z,GAS,COMBINED CYCLE,799.3694857105944,1716
2016-02-27T08:00:00Z,GAS,SIMPLE CYCLE,18.59999966621399,996
2016-02-27T08:00:00Z,HYDRO,HYDRO,71.5733986454871,894
2016-02-27T08:00:00Z,OTHER,BIOMASS,122.00199905024634,156
2016-02-27T08:00:00Z,OTHER,GAS COGEN,30.325028645197552,61
2016-02-27T08:00:00Z,OTHER,OIL/GAS,47.44968145582411,53
2016-02-27T08:00:00Z,OTHER,WOOD/REFUSE,64.9314183417956,158
2016-02-27T08:00:00Z,WIND,WIND,788.0592061233356,1463
2016-02-27T09:00:00Z,COAL,COAL,3257.301080669827,6289
2016-02-27T09:00:00Z,GAS,COGENERATION,3303.32975517167,4528
2016-02-27T09:00:00Z,GAS,COMBINED CYCLE,752.3285269132588,1716
2016-02-27T09:00:00Z,GAS,SIMPLE CYCLE,18.4918888537089,996
2016-02-27T09:00:00Z,HYDRO,HYDRO,85.18897841112481,894
2016-02-27T09:00:00Z,OTHER,BIOMASS,120.63084586355421,156
2016-02-27T09:00:00Z,OTHER,GAS COGEN,30.458694486618043,61
2016-02-27T09:00:00Z,OTHER,OIL/GAS,47.9866095246209,53
2016-02-27T09:00:00Z,OTHER,WOOD/REFUSE,65.44791306548649,158
2016-02-27T09:00:00Z,WIND,WIND,798.5180573515263,1463
2016-02-27T10:00:00Z,COAL,COAL,3181.965684307946,6289
2016-02-27T10:00:00Z,GAS,COGENERATION,3316.256055381563,4528
2016-02-27T10:00:00Z,GAS,COMBINED CYCLE,716.5711062037944,1716
2016-02-27T10:00:00Z,GAS,SIMPLE CYCLE,18.50000023841858,996
2016-02-27T10:00:00Z,HYDRO,HYDRO,76.37753891385263,894
2016-02-27T10:00:00Z,OTHER,BIOMASS,120.42167668448553,156
2016-02-27T10:00:00Z,OTHER,GAS COGEN,30.655694324705337,61
2016-02-27T10:00:00Z,OTHER,OIL/GAS,47.05560413996378,53
2016-02-27T10:00:00Z,OTHER,WOOD/REFUSE,65.32171051237319,158
2016-02-27T10:00:00Z,WIND,WIND,889.2556999381384,1463
2016-02-27T11:00:00Z,COAL,COAL,3181.5581441103086,6289
2016-02-27T11:00:00Z,GAS,COGENERATION,3328.4188376659818,4528
2016-02-27T11:00:00Z,GAS,COMBINED CYCLE,703.7471673957507,1716
2016-02-27T11:00:00Z,GAS,SIMPLE CYCLE,18.494777992036607,996
2016-02-27T11:00:00Z,HYDRO,HYDRO,99.28045356710753,894
2016-02-27T11:00:00Z,OTHER,BIOMASS,122.59951633665295,156
2016-02-27T11:00:00Z,OTHER,GAS COGEN,30.72516166581048,61
2016-02-27T11:00:00Z,OTHER,OIL/GAS,47.376748591529,53
2016-02-27T11:00:00Z,OTHER,WOOD/REFUSE,65.53890217569139,158
2016-02-27T11:00:00Z,WIND,WIND,890.5509511994322,1463
2016-02-27T12:00:00Z,COAL,COAL,3258.3979625305865,6289
2016-02-27T12:00:00Z,GAS,COGENERATION,3270.250092528396,4528
2016-02-27T12:00:00Z,GAS,COMBINED CYCLE,675.8268469364114,1716
2016-02-27T12:00:00Z,GAS,SIMPLE CYCLE,18.498166903919646,996
2016-02-27T12:00:00Z,HYDRO,HYDRO,80.04896918535232,894
2016-02-27T12:00:00Z,OTHER,BIOMASS,121.8991162167655,156
2016-02-27T12:00:00Z,OTHER,GAS COGEN,30.673392038875154,61
2016-02-27T12:00:00Z,OTHER,OIL/GAS,47.823270134396026,53
2016-02-27T12:00:00Z,OTHER,WOOD/REFUSE,66.0060936334398,158
2016-02-27T12:00:00Z,WIND,WIND,975.1374643823173,1463
2016-02-27T13:00:00Z,COAL,COAL,3303.0666015730962,6289
2016-02-27T13:00:00Z,GAS,COGENERATION,3315.562021817565,4528
2016-02-27T13:00:00Z,GAS,COMBINED CYCLE,747.1221457276079,1716
2016-02-27T13:00:00Z,GAS,SIMPLE CYCLE,18.497500236829122,996
2016-02-27T13:00:00Z,HYDRO,HYDRO,115.02634951710701,894
2016-02-27T13:00:00Z,OTHER,BIOMASS,125.8735472038057,156
2016-02-27T13:00:00Z,OTHER,GAS COGEN,30.83769535170661,61
2016-02-27T13:00:00Z,OTHER,OIL/GAS,47.437415784200034,53
2016-02-27T13:00:00Z,OTHER,WOOD/REFUSE,65.84886304696401,158
2016-02-27T13:00:00Z,WIND,WIND,831.2239224612713,1463
2016-02-27T14:00:00Z,COAL,COAL,3382.2574239203664,6289
2016-02-27T14:00:00Z,GAS,COGENERATION,3374.007716967265,4528
2016-02-27T14:00:00Z,GAS,COMBINED CYCLE,789.3157438890139,1716
2016-02-27T14:00:00Z,GAS,SIMPLE CYCLE,18.50000023841858,996
2016-02-27T14:00:00Z,HYDRO,HYDRO,138.52450328485833,894
2016-02-27T14:00:00Z,OTHER,BIOMASS,125.42162782722049,156
2016-02-27T14:00:00Z,OTHER,GAS COGEN,30.802228600713946,61
2016-02-27T14:00:00Z,OTHER,OIL/GAS,47.49781467649672,53
2016-02-27T14:00:00Z,OTHER,WOOD/REFUSE,66.94736321290334,158
2016-02-27T14:00:00Z,WIND,WIND,868.0556297328075,1463
2016-02-27T15:00:00Z,COAL,COAL,3437.3975275279417,6289
2016-02-27T15:00:00Z,GAS,COGENERATION,3383.1607819536,4528
2016-02-27T15:00:00Z,GAS,COMBINED CYCLE,887.4477851670318,1716
2016-02-27T15:00:00Z,GAS,SIMPLE CYCLE,18.436389036311045,996
2016-02-27T15:00:00Z,HYDRO,HYDRO,162.811654815798,894
2016-02-27T15:00:00Z,OTHER,BIOMASS,126.54351467503442,156
2016-02-27T15:00:00Z,OTHER,GAS COGEN,30.97071055094401,61
2016-02-27T15:00:00Z,OTHER,OIL/GAS,47.61227682537503,53
2016-02-27T15:00:00Z,OTHER,WOOD/REFUSE,67.62419100258086,158
2016-02-27T15:00:00Z,WIND,WIND,907.7476394993729,1463
2016-02-27T16:00:00Z,COAL,COAL,3555.831949187385,6289
2016-02-27T16:00:00Z,GAS,COGENERATION,3401.346749850644,4528
2016-02-27T16:00:00Z,GAS,COMBINED CYCLE,1004.6680825535456,1716
2016-02-27T16:00:00Z,GAS,SIMPLE CYCLE,18.40000009536743,996
2016-02-27T16:00:00Z,HYDRO,HYDRO,217.12862594362764,894
2016-02-27T16:00:00Z,OTHER,BIOMASS,126.60263093895382,156
2016-02-27T16:00:00Z,OTHER,GAS COGEN,30.920615912013584,61
2016-02-27T16:00:00Z,OTHER,OIL/GAS,47.52694243748983,53
2016-02-27T16:00:00Z,OTHER,WOOD/REFUSE,67.48026332245932,158
2016-02-27T16:00:00Z,WIND,WIND,842.2353603928619,1463
2016-02-27T17:00:00Z,COAL,COAL,3783.7630014885794,6289
2016-02-27T17:00:00Z,GAS,COGENERATION,3482.6880433321,4528
2016-02-27T17:00:00Z,GAS,COMBINED CYCLE,1010.1066214121713,1716
2016-02-27T17:00:00Z,GAS,SIMPLE CYCLE,18.40000009536743,996
2016-02-27T17:00:00Z,HYDRO,HYDRO,261.89824484537047,894
2016-02-27T17:00:00Z,OTHER,BIOMASS,126.45713153627185,156
2016-02-27T17:00:00Z,OTHER,GAS COGEN,30.646008324623107,61
2016-02-27T17:00:00Z,OTHER,OIL/GAS,47.55385929107666,53
2016-02-27T17:00:00Z,OTHER,WOOD/REFUSE,67.59724069224464,158
2016-02-27T17:00:00Z,WIND,WIND,604.3771097390768,1463
2016-02-27T18:00:00Z,COAL,COAL,4024.9418770684138,6289
2016-02-27T18:00:00Z,GAS,COGENERATION,3545.1461193947,4528
2016-02-27T18:00:00Z,GAS,COMBINED CYCLE,1002.7421640287505,1716
2016-02-27T18:00:00Z,GAS,SIMPLE CYCLE,18.54466669559479,996
2016-02-27T18:00:00Z,HYDRO,HYDRO,250.92256353154778,894
2016-02-27T18:00:00Z,OTHER,BIOMASS,126.54656430509354,156
2016-02-27T18:00:00Z,OTHER,GAS COGEN,30.804068127738105,61
2016-02-27T18:00:00Z,OTHER,OIL/GAS,47.66816564348009,53
2016-02-27T18:00:00Z,OTHER,WOOD/REFUSE,67.37861866633098,158
2016-02-27T18:00:00Z,WIND,WIND,404.5553542464309,1463
2016-02-27T19:00:00Z,COAL,COAL,3939.920252482096,6289
2016-02-27T19:00:00Z,GAS,COGENERATION,3535.9859768809215,4528
2016-02-27T19:00:00Z,GAS,COMBINED CYCLE,974.5349966506163,1716
2016-02-27T19:00:00Z,GAS,SIMPLE CYCLE,18.39233342382643,996
2016-02-27T19:00:00Z,HYDRO,HYDRO,186.83561534853445,894
2016-02-27T19:00:00Z,OTHER,BIOMASS,126.38727894571092,156
2016-02-27T19:00:00Z,OTHER,GAS COGEN,30.7043534066942,61
2016-02-27T19:00:00Z,OTHER,OIL/GAS,43.60628269831339,53
2016-02-27T19:00:00Z,OTHER,WOOD/REFUSE,67.46473012314902,158
2016-02-27T19:00:00Z,WIND,WIND,545.3191523664196,1463
2016-02-27T20:00:00Z,COAL,COAL,3790.4022326240274,6289
2016-02-27T20:00:00Z,GAS,COGENERATION,3509.2763556918835,4528
2016-02-27T20:00:00Z,GAS,COMBINED CYCLE,975.7559816743268,1716
2016-02-27T20:00:00Z,GAS,SIMPLE CYCLE,18.397666760550607,996
2016-02-27T20:00:00Z,HYDRO,HYDRO,191.7125908432404,894
2016-02-27T20:00:00Z,OTHER,BIOMASS,127.33643092632293,156
2016-02-27T20:00:00Z,OTHER,GAS COGEN,30.69788082811568,61
2016-02-27T20:00:00Z,OTHER,OIL/GAS,42.01783175150553,53
2016-02-27T20:00:00Z,OTHER,WOOD/REFUSE,66.68569098684523,158
2016-02-27T20:00:00Z,WIND,WIND,699.7707739868098,1463
2016-02-27T21:00:00Z,COAL,COAL,3673.4356509092117,6289
2016-02-27T21:00:00Z,GAS,COGENERATION,3418.1713146503766,4528
2016-02-27T21:00:00Z,GAS,COMBINED CYCLE,979.6691530740261,1716
2016-02-27T21:00:00Z,GAS,SIMPLE CYCLE,18.397666760550607,996
2016-02-27T21:00:00Z,HYDRO,HYDRO,201.4919007130795,894
2016-02-27T21:00:00Z,OTHER,BIOMASS,126.4452640469869,156
2016-02-27T21:00:00Z,OTHER,GAS COGEN,30.77701320701175,61
2016-02-27T21:00:00Z,OTHER,OIL/GAS,41.28528729544745,53
2016-02-27T21:00:00Z,OTHER,WOOD/REFUSE,65.72924081802368,158
2016-02-27T21:00:00Z,WIND,WIND,877.0789691477186,1463
2016-02-27T22:00:00Z,COAL,COAL,3706.929586197535,6289
2016-02-27T22:00:00Z,GAS,COGENERATION,3357.112603450086,4528
2016-02-27T22:00:00Z,GAS,COMBINED CYCLE,1000.6346903382407,1716
2016-02-27T22:00:00Z,GAS,SIMPLE CYCLE,18.40000009536743,996
2016-02-27T22:00:00Z,HYDRO,HYDRO,257.4202367105252,894
2016-02-27T22:00:00Z,OTHER,BIOMASS,127.71024781227112,156
2016-02-27T22:00:00Z,OTHER,GAS COGEN,30.764590320057337,61
2016-02-27T22:00:00Z,OTHER,OIL/GAS,41.766743140750464,53
2016-02-27T22:00:00Z,OTHER,WOOD/REFUSE,67.58623521010081,158
2016-02-27T22:00:00Z,WIND,WIND,824.9655621222033,1463
2016-02-27T23:00:00Z,COAL,COAL,3634.6722607241736,6289
2016-02-27T23:00:00Z,GAS,COGENERATION,3359.4492653345483,4528
2016-02-27T23:00:00Z,GAS,COMBINED CYCLE,989.7859433413876,1716
2016-02-27T23:00:00Z,GAS,SIMPLE CYCLE,18.464389076365364,996
2016-02-27T23:00:00Z,HYDRO,HYDRO,257.8011667773624,894
2016-02-27T23:00:00Z,OTHER,BIOMASS,126.09316480318705,156
2016-02-27T23:00:00Z,OTHER,GAS COGEN,30.70372119585673,61
2016-02-27T23:00:00Z,OTHER,OIL/GAS,42.88609914567736,53
2016-02-27T23:00:00Z,OTHER,WOOD/REFUSE,67.73257976134617,158
2016-02-27T23:00:00Z,WIND,WIND,913.4031026475255,1463
2016-02-28T00:00:00Z,COAL,COAL,3743.1780492663383,6289
2016-02-28T00:00:00Z,GAS,COGENERATION,3460.667276320855,4528
2016-02-28T00:00:00Z,GAS,COMBINED CYCLE,1031.499422646231,1716
2016-02-28T00:00:00Z,GAS,SIMPLE CYCLE,18.50000023841858,996
2016-02-28T00:00:00Z,HYDRO,HYDRO,314.1217581455244,894
2016-02-28T00:00:00Z,OTHER,BIOMASS,125.37915200604333,156
2016-02-28T00:00:00Z,OTHER,GAS COGEN,30.697183396551345,61
2016-02-28T00:00:00Z,OTHER,OIL/GAS,44.4458427090115,53
2016-02-28T00:00:00Z,OTHER,WOOD/REFUSE,67.14076335748038,158
2016-02-28T00:00:00Z,WIND,WIND,657.2614785247048,1463
2016-02-28T01:00:00Z,COAL,COAL,4011.6818913332622,6289
2016-02-28T01:00:00Z,GAS,COGENERATION,3497.3179520613617,4528
2016-02-28T01:00:00Z,GAS,COMBINED CYCLE,1106.9435886626773,1716
2016-02-28T01:00:00Z,GAS,SIMPLE CYCLE,18.50000023841858,996
2016-02-28T01:00:00Z,HYDRO,HYDRO,355.44013883229763,894
2016-02-28T01:00:00Z,OTHER,BIOMASS,124.45989804426829,156
2016-02-28T01:00:00Z,OTHER,GAS COGEN,30.378781355751883,61
2016-02-28T01:00:00Z,OTHER,OIL/GAS,45.471470510694715,53
2016-02-28T01:00:00Z,OTHER,WOOD/REFUSE,67.86377965953615,158
2016-02-28T01:00:00Z,WIND,WIND,402.7735215781629,1463
2016-02-28T02:00:00Z,COAL,COAL,4208.992269276513,6289
2016-02-28T02:00:00Z,GAS,COGENERATION,3495.931288599438,4528
2016-02-28T02:00:00Z,GAS,COMBINED CYCLE,1076.669397508502,1716
2016-02-28T02:00:00Z,GAS,SIMPLE CYCLE,18.50000023841858,996
2016-02-28T02:00:00Z,HYDRO,HYDRO,307.57928085688917,894
2016-02-28T02:00:00Z,OTHER,BIOMASS,123.99246048132578,156
2016-02-28T02:00:00Z,OTHER,GAS COGEN,31.22328764597575,61
2016-02-28T02:00:00Z,OTHER,OIL/GAS,45.97639361699422,53
2016-02-28T02:00:00Z,OTHER,WOOD/REFUSE,67.4858131954405,158
2016-02-28T02:00:00Z,WIND,WIND,337.72300719752076,1463
2016-02-28T03:00:00Z,COAL,COAL,4219.252845818467,6289
2016-02-28T03:00:00Z,GAS,COGENERATION,3507.484662799305,4528
2016-02-28T03:00:00Z,GAS,COMBINED CYCLE,1070.0170816956627,1716
2016-02-28T03:00:00Z,GAS,SIMPLE CYCLE,18.50000023841858,996
2016-02-28T03:00:00Z,HYDRO,HYDRO,257.94747604030704,894
2016-02-28T03:00:00Z,OTHER,BIOMASS,126.17137840059068,156
2016-02-28T03:00:00Z,OTHER,GAS COGEN,30.681034047868515,61
2016-02-28T03:00:00Z,OTHER,OIL/GAS,45.672409284379746,53
2016-02-28T03:00:00Z,OTHER,WOOD/REFUSE,67.72267414198981,158
2016-02-28T03:00:00Z,WIND,WIND,280.88463080126377,1463
2016-02-28T04:00:00Z,COAL,COAL,4196.8164926147465,6289
2016-02-28T04:00:00Z,GAS,COGENERATION,3486.1619603480235,4528
2016-02-28T04:00:00Z,GAS,COMBINED CYCLE,1072.0158397130172,1716
2016-02-28T04:00:00Z,GAS,SIMPLE CYCLE,18.50000023841858,996
2016-02-28T04:00:00Z,HYDRO,HYDRO,116.82004348933697,894
2016-02-28T04:00:00Z,OTHER,BIOMASS,124.75128374841478,156
2016-02-28T04:00:00Z,OTHER,GAS COGEN,30.47371833960215,61
2016-02-28T04:00:00Z,OTHER,OIL/GAS,46.86849890391032,53
2016-02-28T04:00:00Z,OTHER,WOOD/REFUSE,68.28280785083771,158
2016-02-28T04:00:00Z,WIND,WIND,352.61317552910083,1463
2016-02-28T05:00:00Z,COAL,COAL,3952.5019341839684,6289
2016-02-28T05:00:00Z,GAS,COGENERATION,3462.204624209139,4528
2016-02-28T05:00:00Z,GAS,COMBINED CYCLE,1071.8544757342338,1716
2016-02-28T05:00:00Z,GAS,SIMPLE CYCLE,18.5002780146069,996
2016-02-28T05:00:00Z,HYDRO,HYDRO,98.30118096171154,894
2016-02-28T05:00:00Z,OTHER,BIOMASS,125.72213204595778,156
2016-02-28T05:00:00Z,OTHER,GAS COGEN,30.51557691997952,61
2016-02-28T05:00:00Z,OTHER,OIL/GAS,47.06828756332398,53
2016-02-28T05:00:00Z,OTHER,WOOD/REFUSE,67.53027427911759,158
2016-02-28T05:00:00Z,WIND,WIND,417.67460197497576,1463
2016-02-28T06:00:00Z,COAL,COAL,3710.2247589164313,6289
2016-02-28T06:00:00Z,GAS,COGENERATION,3426.728137735261,4528
2016-02-28T06:00:00Z,GAS,COMBINED CYCLE,1036.1063521158694,1716
2016-02-28T06:00:00Z,GAS,SIMPLE CYCLE,18.59999966621399,996
2016-02-28T06:00:00Z,HYDRO,HYDRO,75.62310552530818,894
2016-02-28T06:00:00Z,OTHER,BIOMASS,125.02844434950087,156
2016-02-28T06:00:00Z,OTHER,GAS COGEN,30.296124918195936,61
2016-02-28T06:00:00Z,OTHER,OIL/GAS,47.27970424864027,53
2016-02-28T06:00:00Z,OTHER,WOOD/REFUSE,68.6142184887992,158
2016-02-28T06:00:00Z,WIND,WIND,525.1308905390733,1463
2016-02-28T07:00:00Z,COAL,COAL,3563.8427498764463,6289
2016-02-28T07:00:00Z,GAS,COGENERATION,3311.434210951328,4528
2016-02-28T07:00:00Z,GAS,COMBINED CYCLE,912.0280015161302,1716
2016-02-28T07:00:00Z,GAS,SIMPLE CYCLE,18.422888387971454,996
2016-02-28T07:00:00Z,HYDRO,HYDRO,61.09566228893068,894
2016-02-28T07:00:00Z,OTHER,BIOMASS,125.8897424030304,156
2016-02-28T07:00:00Z,OTHER,GAS COGEN,30.59176283730401,61
2016-02-28T07:00:00Z,OTHER,OIL/GAS,47.494744063483346,53
2016-02-28T07:00:00Z,OTHER,WOOD/REFUSE,68.98732993390826,158
2016-02-28T07:00:00Z,WIND,WIND,693.3072010131511,1463
2016-02-28T08:00:00Z,COAL,COAL,3380.3665693897674,6289
2016-02-28T08:00:00Z,GAS,COGENERATION,3276.9825714041126,4528
2016-02-28T08:00:00Z,GAS,COMBINED CYCLE,807.2354190867477,1716
2016-02-28T08:00:00Z,GAS,SIMPLE CYCLE,18.408166131443448,996
2016-02-28T08:00:00Z,HYDRO,HYDRO,75.07411935713556,894
2016-02-28T08:00:00Z,OTHER,BIOMASS,125.28065638065338,156
2016-02-28T08:00:00Z,OTHER,GAS COGEN,30.73350717862447,61
2016-02-28T08:00:00Z,OTHER,OIL/GAS,47.01092608981662,53
2016-02-28T08:00:00Z,OTHER,WOOD/REFUSE,68.21904117955103,158
2016-02-28T08:00:00Z,WIND,WIND,880.551861075196,1463
2016-02-28T09:00:00Z,COAL,COAL,3331.6057220045727,6289
2016-02-28T09:00:00Z,GAS,COGENERATION,3275.6831752249927,4528
2016-02-28T09:00:00Z,GAS,COMBINED CYCLE,689.2029157943196,1716
2016-02-28T09:00:00Z,GAS,SIMPLE CYCLE,18.489832850032382,996
2016-02-28T09:00:00Z,HYDRO,HYDRO,84.7719234670533,894
2016-02-28T09:00:00Z,OTHER,BIOMASS,123.36704621473947,156
2016-02-28T09:00:00Z,OTHER,GAS COGEN,30.674000044928658,61
2016-02-28T09:00:00Z,OTHER,OIL/GAS,47.59164894104004,53
2016-02-28T09:00:00Z,OTHER,WOOD/REFUSE,66.66612429353926,158
2016-02-28T09:00:00Z,WIND,WIND,940.2995313406074,1463
2016-02-28T10:00:00Z,COAL,COAL,3240.678454351028,6289
2016-02-28T10:00:00Z,GAS,COGENERATION,3260.209839953714,4528
2016-02-28T10:00:00Z,GAS,COMBINED CYCLE,693.7640743448999,1716
2016-02-28T10:00:00Z,GAS,SIMPLE CYCLE,18.455332828097873,996
2016-02-28T10:00:00Z,HYDRO,HYDRO,85.88657081392077,894
2016-02-28T10:00:00Z,OTHER,BIOMASS,125.04033468299443,156
2016-02-28T10:00:00Z,OTHER,GAS COGEN,30.559699365827772,61
2016-02-28T10:00:00Z,OTHER,OIL/GAS,47.31000416437785,53
2016-02-28T10:00:00Z,OTHER,WOOD/REFUSE,68.35997473928663,158
2016-02-28T10:00:00Z,WIND,WIND,1042.3547066529923,1463
2016-02-28T11:00:00Z,COAL,COAL,3216.216375481155,6289
2016-02-28T11:00:00Z,GAS,COGENERATION,3240.650310111443,4528
2016-02-28T11:00:00Z,GAS,COMBINED CYCLE,677.5165397094355,1716
2016-02-28T11:00:00Z,GAS,SIMPLE CYCLE,18.487499515215557,996
2016-02-28T11:00:00Z,HYDRO,HYDRO,83.51205147438579,894
2016-02-28T11:00:00Z,OTHER,BIOMASS,128.0303293991089,156
2016-02-28T11:00:00Z,OTHER,GAS COGEN,30.306971634229022,61
2016-02-28T11:00:00Z,OTHER,OIL/GAS,47.36078278647529,53
2016-02-28T11:00:00Z,OTHER,WOOD/REFUSE,69.05420765082042,158
2016-02-28T11:00:00Z,WIND,WIND,1094.0091530283291,1463
2016-02-28T12:00:00Z,COAL,COAL,3281.042482866446,6289
2016-02-28T12:00:00Z,GAS,COGENERATION,3279.6443011417655,4528
2016-02-28T12:00:00Z,GAS,COMBINED CYCLE,667.096152100563,1716
2016-02-28T12:00:00Z,GAS,SIMPLE CYCLE,18.4653328344557,996
2016-02-28T12:00:00Z,HYDRO,HYDRO,141.6891639706658,894
2016-02-28T12:00:00Z,OTHER,BIOMASS,128.48915174272327,156
2016-02-28T12:00:00Z,OTHER,GAS COGEN,30.188129073248966,61
2016-02-28T12:00:00Z,OTHER,OIL/GAS,47.3758314704895,53
2016-02-28T12:00:00Z,OTHER,WOOD/REFUSE,69.2094025463528,158
2016-02-28T12:00:00Z,WIND,WIND,999.9015086003145,1463
2016-02-28T13:00:00Z,COAL,COAL,3333.5708470251825,6289
2016-02-28T13:00:00Z,GAS,COGENERATION,3333.0740264815754,4528
2016-02-28T13:00:00Z,GAS,COMBINED CYCLE,835.3825893395477,1716
2016-02-28T13:00:00Z,GAS,SIMPLE CYCLE,18.40988890382979,996
2016-02-28T13:00:00Z,HYDRO,HYDRO,134.04583399100437,894
2016-02-28T13:00:00Z,OTHER,BIOMASS,127.98588174131181,156
2016-02-28T13:00:00Z,OTHER,GAS COGEN,30.233885457250807,61
2016-02-28T13:00:00Z,OTHER,OIL/GAS,47.50757676654392,53
2016-02-28T13:00:00Z,OTHER,WOOD/REFUSE,67.68352436648475,158
2016-02-28T13:00:00Z,WIND,WIND,821.3496625579066,1463
2016-02-28T14:00:00Z,COAL,COAL,3472.7873376327093,6289
2016-02-28T14:00:00Z,GAS,COGENERATION,3360.9560388305454,4528
2016-02-28T14:00:00Z,GAS,COMBINED CYCLE,836.9858806441889,1716
2016-02-28T14:00:00Z,GAS,SIMPLE CYCLE,18.40000009536743,996
2016-02-28T14:00:00Z,HYDRO,HYDRO,118.4308427799079,894
2016-02-28T14:00:00Z,OTHER,BIOMASS,128.4430321651035,156
2016-02-28T14:00:00Z,OTHER,GAS COGEN,30.245922539499073,61
2016-02-28T14:00:00Z,OTHER,OIL/GAS,46.94207718319363,53
2016-02-28T14:00:00Z,OTHER,WOOD/REFUSE,67.83769624021318,158
2016-02-28T14:00:00Z,WIND,WIND,780.7720586227045,1463
2016-02-28T15:00:00Z,COAL,COAL,3497.602107143932,6289
2016-02-28T15:00:00Z,GAS,COGENERATION,3359.1840535655288,4528
2016-02-28T15:00:00Z,GAS,COMBINED CYCLE,924.2211459904247,1716
2016-02-28T15:00:00Z,GAS,SIMPLE CYCLE,18.06333341439565,996
2016-02-28T15:00:00Z,HYDRO,HYDRO,136.62148901363213,894
2016-02-28T15:00:00Z,OTHER,BIOMASS,129.53704682032267,156
2016-02-28T15:00:00Z,OTHER,GAS COGEN,30.30906350824568,61
2016-02-28T15:00:00Z,OTHER,OIL/GAS,46.84914881600274,53
2016-02-28T15:00:00Z,OTHER,WOOD/REFUSE,69.45460743904114,158
2016-02-28T15:00:00Z,WIND,WIND,825.7365736140146,1463
2016-02-28T16:00:00Z,COAL,COAL,3595.950431263579,6289
2016-02-28T16:00:00Z,GAS,COGENERATION,3381.3426054793595,4528
2016-02-28T16:00:00Z,GAS,COMBINED CYCLE,936.9921933865546,1716
2016-02-28T16:00:00Z,GAS,SIMPLE CYCLE,16.87766674783495,996
2016-02-28T16:00:00Z,HYDRO,HYDRO,214.41963814126123,894
2016-02-28T16:00:00Z,OTHER,BIOMASS,130.9035492881139,156
2016-02-28T16:00:00Z,OTHER,GAS COGEN,30.176462849511047,61
2016-02-28T16:00:00Z,OTHER,OIL/GAS,47.49012612872654,53
2016-02-28T16:00:00Z,OTHER,WOOD/REFUSE,68.7428631316291,158
2016-02-28T16:00:00Z,WIND,WIND,719.1029920901193,1463
2016-02-28T17:00:00Z,COAL,COAL,3701.6613395505483,6289
2016-02-28T17:00:00Z,GAS,COGENERATION,3377.0575229092437,4528
2016-02-28T17:00:00Z,GAS,COMBINED CYCLE,996.0042771418889,1716
2016-02-28T17:00:00Z,GAS,SIMPLE CYCLE,18.083110746277704,996
2016-02-28T17:00:00Z,HYDRO,HYDRO,219.9995830559896,894
2016-02-28T17:00:00Z,OTHER,BIOMASS,129.36266073332894,156
2016-02-28T17:00:00Z,OTHER,GAS COGEN,30.005023814307314,61
2016-02-28T17:00:00Z,OTHER,OIL/GAS,47.35503759384155,53
2016-02-28T17:00:00Z,OTHER,WOOD/REFUSE,67.93329069720374,158
2016-02-28T17:00:00Z,WIND,WIND,716.4181625237565,1463
2016-02-28T18:00:00Z,COAL,COAL,3689.459171406428,6289
2016-02-28T18:00:00Z,GAS,COGENERATION,3395.477767461406,4528
2016-02-28T18:00:00Z,GAS,COMBINED CYCLE,998.5920554223326,1716
2016-02-28T18:00:00Z,GAS,SIMPLE CYCLE,18.373110577795238,996
2016-02-28T18:00:00Z,HYDRO,HYDRO,226.65531705881156,894
2016-02-28T18:00:00Z,OTHER,BIOMASS,128.99558127774134,156
2016-02-28T18:00:00Z,OTHER,GAS COGEN,30.052171583175657,61
2016-02-28T18:00:00Z,OTHER,OIL/GAS,47.0414159350925,53
2016-02-28T18:00:00Z,OTHER,WOOD/REFUSE,67.71909665690528,158
2016-02-28T18:00:00Z,WIND,WIND,809.148624178701,1463
2016-02-28T19:00:00Z,COAL,COAL,3718.9472788863714,6289
2016-02-28T19:00:00Z,GAS,COGENERATION,3428.409045764539,4528
2016-02-28T19:00:00Z,GAS,COMBINED CYCLE,980.8997006735536,1716
2016-02-28T19:00:00Z,GAS,SIMPLE CYCLE,18.312333055072358,996
2016-02-28T19:00:00Z,HYDRO,HYDRO,208.32069027927187,894
2016-02-28T19:00:00Z,OTHER,BIOMASS,131.84120260980393,156
2016-02-28T19:00:00Z,OTHER,GAS COGEN,30.056077708138364,61
2016-02-28T19:00:00Z,OTHER,OIL/GAS,47.523043395148385,53
2016-02-28T19:00:00Z,OTHER,WOOD/REFUSE,68.01181881957584,158
2016-02-28T19:00:00Z,WIND,WIND,835.3444180822372,1463
2016-02-28T20:00:00Z,COAL,COAL,3716.905679077043,6289
2016-02-28T20:00:00Z,GAS,COGENERATION,3466.9831308939724,4528
2016-02-28T20:00:00Z,GAS,COMBINED CYCLE,1002.9205761831337,1716
2016-02-28T20:00:00Z,GAS,SIMPLE CYCLE,18.939166391028298,996
2016-02-28T20:00:00Z,HYDRO,HYDRO,248.2376753527671,894
2016-02-28T20:00:00Z,OTHER,BIOMASS,131.59843916522132,156
2016-02-28T20:00:00Z,OTHER,GAS COGEN,30.030958868132693,61
2016-02-28T20:00:00Z,OTHER,OIL/GAS,46.95362117767334,53
2016-02-28T20:00:00Z,OTHER,WOOD/REFUSE,68.489963171747,158
2016-02-28T20:00:00Z,WIND,WIND,738.2030261780652,1463
2016-02-28T21:00:00Z,COAL,COAL,3719.00908036126,6289
2016-02-28T21:00:00Z,GAS,COGENERATION,3494.347608151502,4528
2016-02-28T21:00:00Z,GAS,COMBINED CYCLE,1065.033381869528,1716
2016-02-28T21:00:00Z,GAS,SIMPLE CYCLE,18.595000139872234,996
2016-02-28T21:00:00Z,HYDRO,HYDRO,226.62175615199735,894
2016-02-28T21:00:00Z,OTHER,BIOMASS,133.12734825081296,156
2016-02-28T21:00:00Z,OTHER,GAS COGEN,30.022620800866022,61
2016-02-28T21:00:00Z,OTHER,OIL/GAS,46.89422082689073,53
2016-02-28T21:00:00Z,OTHER,WOOD/REFUSE,69.50611894713508,158
2016-02-28T21:00:00Z,WIND,WIND,695.6040530986918,1463
2016-02-28T22:00:00Z,COAL,COAL,3697.349143541389,6289
2016-02-28T22:00:00Z,GAS,COGENERATION,3487.547267972628,4528
2016-02-28T22:00:00Z,GAS,COMBINED CYCLE,1065.4420526101853,1716
2016-02-28T22:00:00Z,GAS,SIMPLE CYCLE,18.58750013510386,996
2016-02-28T22:00:00Z,HYDRO,HYDRO,231.34012012908858,894
2016-02-28T22:00:00Z,OTHER,BIOMASS,130.43928236749437,156
2016-02-28T22:00:00Z,OTHER,GAS COGEN,30.104802515241836,61
2016-02-28T22:00:00Z,OTHER,OIL/GAS,47.61864836798774,53
2016-02-28T22:00:00Z,OTHER,WOOD/REFUSE,69.46929114924536,158
2016-02-28T22:00:00Z,WIND,WIND,758.7332601385315,1463
2016-02-28T23:00:00Z,COAL,COAL,3727.2294898345735,6289
2016-02-28T23:00:00Z,GAS,COGENERATION,3498.686848949194,4528
2016-02-28T23:00:00Z,GAS,COMBINED CYCLE,1028.2028290316132,1716
2016-02-28T23:00:00Z,GAS,SIMPLE CYCLE,18.600000143051147,996
2016-02-28T23:00:00Z,HYDRO,HYDRO,274.13505601482257,894
2016-02-28T23:00:00Z,OTHER,BIOMASS,131.6331025250753,156
2016-02-28T23:00:00Z,OTHER,GAS COGEN,30.385771103964913,61
2016-02-28T23:00:00Z,OTHER,OIL/GAS,47.450954806009925,53
2016-02-28T23:00:00Z,OTHER,WOOD/REFUSE,69.4617466380861,158
2016-02-28T23:00:00Z,WIND,WIND,868.0865454301569,1463
2016-02-29T00:00:00Z,COAL,COAL,3950.7971429104273,6289
2016-02-29T00:00:00Z,GAS,COGENERATION,3551.7224289311303,4528
2016-02-29T00:00:00Z,GAS,COMBINED CYCLE,1064.5717483392027,1716
2016-02-29T00:00:00Z,GAS,SIMPLE CYCLE,18.600000143051147,996
2016-02-29T00:00:00Z,HYDRO,HYDRO,244.90997150596647,894
2016-02-29T00:00:00Z,OTHER,BIOMASS,132.50076620207892,156
2016-02-29T00:00:00Z,OTHER,GAS COGEN,30.408010692596434,61
2016-02-29T00:00:00Z,OTHER,OIL/GAS,47.26554305818346,53
2016-02-29T00:00:00Z,OTHER,WOOD/REFUSE,70.4772464995914,158
2016-02-29T00:00:00Z,WIND,WIND,814.0506975218323,1463
2016-02-29T01:00:00Z,COAL,COAL,4107.423400019143,6289
2016-02-29T01:00:00Z,GAS,COGENERATION,3531.0103208796513,4528
2016-02-29T01:00:00Z,GAS,COMBINED CYCLE,1069.6208292947877,1716
2016-02-29T01:00:00Z,GAS,SIMPLE CYCLE,18.600000143051147,996
2016-02-29T01:00:00Z,HYDRO,HYDRO,282.5251883741054,894
2016-02-29T01:00:00Z,OTHER,BIOMASS,130.7838210916519,156
2016-02-29T01:00:00Z,OTHER,GAS COGEN,30.379401299158733,61
2016-02-29T01:00:00Z,OTHER,OIL/GAS,47.524959286583794,53
2016-02-29T01:00:00Z,OTHER,WOOD/REFUSE,69.67055205451118,158
2016-02-29T01:00:00Z,WIND,WIND,856.8388045748737,1463
2016-02-29T02:00:00Z,COAL,COAL,4139.482135192024,6289
2016-02-29T02:00:00Z,GAS,COGENERATION,3471.7227881277686,4528
2016-02-29T02:00:00Z,GAS,COMBINED CYCLE,990.4927750141092,1716
2016-02-29T02:00:00Z,GAS,SIMPLE CYCLE,18.597666808234322,996
2016-02-29T02:00:00Z,HYDRO,HYDRO,241.15821020369728,894
2016-02-29T02:00:00Z,OTHER,BIOMASS,131.41369900491503,156
2016-02-29T02:00:00Z,OTHER,GAS COGEN,30.518345289230346,61
2016-02-29T02:00:00Z,OTHER,OIL/GAS,47.160237543318,53
2016-02-29T02:00:00Z,OTHER,WOOD/REFUSE,69.94447398079767,158
2016-02-29T02:00:00Z,WIND,WIND,1004.9529883709881,1463
2016-02-29T03:00:00Z,COAL,COAL,4009.099731936852,6289
2016-02-29T03:00:00Z,GAS,COGENERATION,3366.4376936285776,4528
2016-02-29T03:00:00Z,GAS,COMBINED CYCLE,974.7114392046134,1716
2016-02-29T03:00:00Z,GAS,SIMPLE CYCLE,18.600000143051147,996
2016-02-29T03:00:00Z,HYDRO,HYDRO,180.66677822394504,894
2016-02-29T03:00:00Z,OTHER,BIOMASS,131.90936473316617,156
2016-02-29T03:00:00Z,OTHER,GAS COGEN,30.608824276924132,61
2016-02-29T03:00:00Z,OTHER,OIL/GAS,46.85731488545736,53
2016-02-29T03:00:00Z,OTHER,WOOD/REFUSE,70.54899666256375,158
2016-02-29T03:00:00Z,WIND,WIND,1138.0015947646234,1463
2016-02-29T04:00:00Z,COAL,COAL,3959.855464118322,6289
2016-02-29T04:00:00Z,GAS,COGENERATION,3360.4373219553213,4528
2016-02-29T04:00:00Z,GAS,COMBINED CYCLE,839.2825533693366,1716
2016-02-29T04:00:00Z,GAS,SIMPLE CYCLE,18.53322242895762,996
2016-02-29T04:00:00Z,HYDRO,HYDRO,131.6736475783421,894
2016-02-29T04:00:00Z,OTHER,BIOMASS,130.8890972301695,156
2016-02-29T04:00:00Z,OTHER,GAS COGEN,30.796165335443284,61
2016-02-29T04:00:00Z,OTHER,OIL/GAS,47.473588121202255,53
2016-02-29T04:00:00Z,OTHER,WOOD/REFUSE,71.48874694082473,158
2016-02-29T04:00:00Z,WIND,WIND,1146.6488203998738,1463
2016-02-29T05:00:00Z,COAL,COAL,3841.3900005902183,6289
2016-02-29T05:00:00Z,GAS,COGENERATION,3367.0035401699524,4528
2016-02-29T05:00:00Z,GAS,COMBINED CYCLE,718.2923079436355,1716
2016-02-29T05:00:00Z,GAS,SIMPLE CYCLE,18.497666903601754,996
2016-02-29T05:00:00Z,HYDRO,HYDRO,115.96628706339332,894
2016-02-29T05:00:00Z,OTHER,BIOMASS,126.87696887652079,156
2016-02-29T05:00:00Z,OTHER,GAS COGEN,30.855803121460806,61
2016-02-29T05:00:00Z,OTHER,OIL/GAS,47.56161655637953,53
2016-02-29T05:00:00Z,OTHER,WOOD/REFUSE,71.19618570486705,158
2016-02-29T05:00:00Z,WIND,WIND,1108.0293074565463,1463
2016-02-29T06:00:00Z,COAL,COAL,3731.9707223642536,6289
2016-02-29T06:00:00Z,GAS,COGENERATION,3313.347308502843,4528
2016-02-29T06:00:00Z,GAS,COMBINED CYCLE,621.8133576353391,1716
2016-02-29T06:00:00Z,GAS,SIMPLE CYCLE,18.50000023841858,996
2016-02-29T06:00:00Z,HYDRO,HYDRO,119.31589659609729,894
2016-02-29T06:00:00Z,OTHER,BIOMASS,129.42516084459092,156
2016-02-29T06:00:00Z,OTHER,GAS COGEN,30.829088049994574,61
2016-02-29T06:00:00Z,OTHER,OIL/GAS,47.321620854271785,53
2016-02-29T06:00:00Z,OTHER,WOOD/REFUSE,71.41846289422777,158
2016-02-29T06:00:00Z,WIND,WIND,987.1184583866597,1463
2016-02-29T07:00:00Z,COAL,COAL,3753.317848001586,6289
2016-02-29T07:00:00Z,GAS,COGENERATION,3292.7733380235154,4528
2016-02-29T07:00:00Z,GAS,COMBINED CYCLE,636.7988979713123,1716
2016-02-29T07:00:00Z,GAS,SIMPLE CYCLE,18.50000023841858,996
2016-02-29T07:00:00Z,HYDRO,HYDRO,95.51765383573043,894
2016-02-29T07:00:00Z,OTHER,BIOMASS,130.03317628012763,156
2016-02-29T07:00:00Z,OTHER,GAS COGEN,40.78785891532898,61
2016-02-29T07:00:00Z,OTHER,OIL/GAS,47.36695457670424,53
2016-02-29T07:00:00Z,OTHER,WOOD/REFUSE,71.6341919236713,158
2016-02-29T07:00:00Z,WIND,WIND,814.7003242282735,1463
2016-02-29T08:00:00Z,COAL,COAL,3875.403495033582,6289
2016-02-29T08:00:00Z,GAS,COGENERATION,3275.7303140329655,4528
2016-02-29T08:00:00Z,GAS,COMBINED CYCLE,689.2137425633272,1716
2016-02-29T08:00:00Z,GAS,SIMPLE CYCLE,18.50000023841858,996
2016-02-29T08:00:00Z,HYDRO,HYDRO,74.69917235798306,894
2016-02-29T08:00:00Z,OTHER,BIOMASS,129.9418804555469,156
2016-02-29T08:00:00Z,OTHER,GAS COGEN,44.72048225084941,61
2016-02-29T08:00:00Z,OTHER,OIL/GAS,47.650670772128635,53
2016-02-29T08:00:00Z,OTHER,WOOD/REFUSE,70.04420790990193,158
2016-02-29T08:00:00Z,WIND,WIND,577.8277422242694,1463
2016-02-29T09:00:00Z,COAL,COAL,4011.676908467081,6289
2016-02-29T09:00:00Z,GAS,COGENERATION,3229.3866205558925,4528
2016-02-29T09:00:00Z,GAS,COMBINED CYCLE,692.4477244705624,1716
2016-02-29T09:00:00Z,GAS,SIMPLE CYCLE,18.50000023841858,996
2016-02-29T09:00:00Z,HYDRO,HYDRO,71.21681461446815,894
2016-02-29T09:00:00Z,OTHER,BIOMASS,128.29476805475022,156
2016-02-29T09:00:00Z,OTHER,GAS COGEN,44.702242058648004,61
2016-02-29T09:00:00Z,OTHER,OIL/GAS,47.24899955325657,53
2016-02-29T09:00:00Z,OTHER,WOOD/REFUSE,69.49751890394423,158
2016-02-29T09:00:00Z,WIND,WIND,461.7505821102195,1463
2016-02-29T10:00:00Z,COAL,COAL,4018.527048118909,6289
2016-02-29T10:00:00Z,GAS,COGENERATION,3338.2201112879316,4528
2016-02-29T10:00:00Z,GAS,COMBINED CYCLE,697.9741089087063,1716
2016-02-29T10:00:00Z,GAS,SIMPLE CYCLE,18.50000023841858,996
2016-02-29T10:00:00Z,HYDRO,HYDRO,79.75223650977016,894
2016-02-29T10:00:00Z,OTHER,BIOMASS,127.41339390012952,156
2016-02-29T10:00:00Z,OTHER,GAS COGEN,44.75136690351698,61
2016-02-29T10:00:00Z,OTHER,OIL/GAS,47.28492634243435,53
2016-02-29T10:00:00Z,OTHER,WOOD/REFUSE,70.23719120661418,158
2016-02-29T10:00:00Z,WIND,WIND,326.57200149428513,1463
2016-02-29T11:00:00Z,COAL,COAL,4080.3986214611264,6289
2016-02-29T11:00:00Z,GAS,COGENERATION,3394.8575596801606,4528
2016-02-29T11:00:00Z,GAS,COMBINED CYCLE,730.4163165228897,1716
2016-02-29T11:00:00Z,GAS,SIMPLE CYCLE,18.50000023841858,996
2016-02-29T11:00:00Z,HYDRO,HYDRO,94.25534171991877,894
2016-02-29T11:00:00Z,OTHER,BIOMASS,120.6402438004646,156
2016-02-29T11:00:00Z,OTHER,GAS COGEN,44.64069648000929,61
2016-02-29T11:00:00Z,OTHER,OIL/GAS,47.25393246544732,53
2016-02-29T11:00:00Z,OTHER,WOOD/REFUSE,70.38156875981225,158
2016-02-29T11:00:00Z,WIND,WIND,259.3719258357088,1463
2016-02-29T12:00:00Z,COAL,COAL,4206.906236656507,6289
2016-02-29T12:00:00Z,GAS,COGENERATION,3448.1741430158086,4528
2016-02-29T12:00:00Z,GAS,COMBINED CYCLE,797.4030228384336,1716
2016-02-29T12:00:00Z,GAS,SIMPLE CYCLE,18.426555688911016,996
2016-02-29T12:00:00Z,HYDRO,HYDRO,126.26423078411155,894
2016-02-29T12:00:00Z,OTHER,BIOMASS,117.60754578621851,156
2016-02-29T12:00:00Z,OTHER,GAS COGEN,44.49649906741248,61
2016-02-29T12:00:00Z,OTHER,OIL/GAS,46.981332297854955,53
2016-02-29T12:00:00Z,OTHER,WOOD/REFUSE,70.25459074815114,158
2016-02-29T12:00:00Z,WIND,WIND,189.75369379935992,1463
2016-02-29T13:00:00Z,COAL,COAL,4369.49598177539,6289
2016-02-29T13:00:00Z,GAS,COGENERATION,3500.056551449663,4528
2016-02-29T13:00:00Z,GAS,COMBINED CYCLE,1047.3510215589736,1716
2016-02-29T13:00:00Z,GAS,SIMPLE CYCLE,53.18961594820023,996
2016-02-29T13:00:00Z,HYDRO,HYDRO,141.2292762610482,894
2016-02-29T13:00:00Z,OTHER,BIOMASS,127.21337513287862,156
2016-02-29T13:00:00Z,OTHER,GAS COGEN,44.737379194895425,61
2016-02-29T13:00:00Z,OTHER,OIL/GAS,47.017304267883304,53
2016-02-29T13:00:00Z,OTHER,WOOD/REFUSE,70.50343009259966,158
2016-02-29T13:00:00Z,WIND,WIND,157.5936028765556,1463
2016-02-29T14:00:00Z,COAL,COAL,4604.929713291261,6289
2016-02-29T14:00:00Z,GAS,COGENERATION,3520.025501923892,4528
2016-02-29T14:00:00Z,GAS,COMBINED CYCLE,1079.0866317979164,1716
2016-02-29T14:00:00Z,GAS,SIMPLE CYCLE,155.9969119535552,996
2016-02-29T14:00:00Z,HYDRO,HYDRO,284.2213153302835,894
2016-02-29T14:00:00Z,OTHER,BIOMASS,128.99635101477304,156
2016-02-29T14:00:00Z,OTHER,GAS COGEN,44.93822102652655,61
2016-02-29T14:00:00Z,OTHER,OIL/GAS,47.333770470089384,53
2016-02-29T14:00:00Z,OTHER,WOOD/REFUSE,71.04254059208765,158
2016-02-29T14:00:00Z,WIND,WIND,116.47771364570492,1463
2016-02-29T15:00:00Z,COAL,COAL,4728.170972972446,6289
2016-02-29T15:00:00Z,GAS,COGENERATION,3528.171729338103,4528
2016-02-29T15:00:00Z,GAS,COMBINED CYCLE,1086.3063551589514,1716
2016-02-29T15:00:00Z,GAS,SIMPLE CYCLE,156.26132911854322,996
2016-02-29T15:00:00Z,HYDRO,HYDRO,236.5593896816174,894
2016-02-29T15:00:00Z,OTHER,BIOMASS,127.3567800754971,156
2016-02-29T15:00:00Z,OTHER,GAS COGEN,44.89217024909125,61
2016-02-29T15:00:00Z,OTHER,OIL/GAS,46.787109767066106,53
2016-02-29T15:00:00Z,OTHER,WOOD/REFUSE,71.94187469058566,158
2016-02-29T15:00:00Z,WIND,WIND,117.4303875536306,1463
2016-02-29T16:00:00Z,COAL,COAL,4748.850409978628,6289
2016-02-29T16:00:00Z,GAS,COGENERATION,3507.3460744483273,4528
2016-02-29T16:00:00Z,GAS,COMBINED CYCLE,1098.9236414656043,1716
2016-02-29T16:00:00Z,GAS,SIMPLE CYCLE,163.52067473378446,996
2016-02-29T16:00:00Z,HYDRO,HYDRO,231.09886966201992,894
2016-02-29T16:00:00Z,OTHER,BIOMASS,131.19267158031462,156
2016-02-29T16:00:00Z,OTHER,GAS COGEN,44.955885348849826,61
2016-02-29T16:00:00Z,OTHER,OIL/GAS,46.98179844326443,53
2016-02-29T16:00:00Z,OTHER,WOOD/REFUSE,69.85423563109502,158
2016-02-29T16:00:00Z,WIND,WIND,162.42137613607778,1463
2016-02-29T17:00:00Z,COAL,COAL,4802.072574754821,6289
2016-02-29T17:00:00Z,GAS,COGENERATION,3477.2454532298943,4528
2016-02-29T17:00:00Z,GAS,COMBINED CYCLE,1123.910057908694,1716
2016-02-29T17:00:00Z,GAS,SIMPLE CYCLE,165.58764306916132,996
2016-02-29T17:00:00Z,HYDRO,HYDRO,212.4223635453317,894
2016-02-29T17:00:00Z,OTHER,BIOMASS,127.52758289549087,156
2016-02-29T17:00:00Z,OTHER,GAS COGEN,43.407655758327905,61
2016-02-29T17:00:00Z,OTHER,OIL/GAS,47.25943181567722,53
2016-02-29T17:00:00Z,OTHER,WOOD/REFUSE,70.33649746762381,158
2016-02-29T17:00:00Z,WIND,WIND,217.17027450276746,1463
2016-02-29T18:00:00Z,COAL,COAL,4754.116129868958,6289
2016-02-29T18:00:00Z,GAS,COGENERATION,3457.268388771812,4528
2016-02-29T18:00:00Z,GAS,COMBINED CYCLE,1112.9244851812389,1716
2016-02-29T18:00:00Z,GAS,SIMPLE CYCLE,165.52066710472107,996
2016-02-29T18:00:00Z,HYDRO,HYDRO,169.0223361233208,894
2016-02-29T18:00:00Z,OTHER,BIOMASS,128.16249678081937,156
2016-02-29T18:00:00Z,OTHER,GAS COGEN,44.66487344688839,61
2016-02-29T18:00:00Z,OTHER,OIL/GAS,47.33164800855849,53
2016-02-29T18:00:00Z,OTHER,WOOD/REFUSE,70.6805301200019,158
2016-02-29T18:00:00Z,WIND,WIND,262.85653243472177,1463
2016-02-29T19:00:00Z,COAL,COAL,4637.8511098506715,6289
2016-02-29T19:00:00Z,GAS,COGENERATION,3430.032697685858,4528
2016-02-29T19:00:00Z,GAS,COMBINED CYCLE,1146.185911485354,1716
2016-02-29T19:00:00Z,GAS,SIMPLE CYCLE,65.64281548009978,996
2016-02-29T19:00:00Z,HYDRO,HYDRO,184.73727447777986,894
2016-02-29T19:00:00Z,OTHER,BIOMASS,127.7803481361601,156
2016-02-29T19:00:00Z,OTHER,GAS COGEN,44.477616263495555,61
2016-02-29T19:00:00Z,OTHER,OIL/GAS,47.38107125388252,53
2016-02-29T19:00:00Z,OTHER,WOOD/REFUSE,71.5168688413832,158
2016-02-29T19:00:00Z,WIND,WIND,345.92028194859626,1463
2016-02-29T20:00:00Z,COAL,COAL,4591.207000565529,6289
2016-02-29T20:00:00Z,GAS,COGENERATION,3399.3248642989,4528
2016-02-29T20:00:00Z,GAS,COMBINED CYCLE,1151.1832038541636,1716
2016-02-29T20:00:00Z,GAS,SIMPLE CYCLE,27.92722093635135,996
2016-02-29T20:00:00Z,HYDRO,HYDRO,206.54898668547472,894
2016-02-29T20:00:00Z,OTHER,BIOMASS,129.517824239201,156
2016-02-29T20:00:00Z,OTHER,GAS COGEN,44.59871831840939,61
2016-02-29T20:00:00Z,OTHER,OIL/GAS,47.71442084842258,53
2016-02-29T20:00:00Z,OTHER,WOOD/REFUSE,71.04659637398191,158
2016-02-29T20:00:00Z,WIND,WIND,361.87278911057444,1463
2016-02-29T21:00:00Z,COAL,COAL,4558.40308125231,6289
2016-02-29T21:00:00Z,GAS,COGENERATION,3461.9227315464286,4528
2016-02-29T21:00:00Z,GAS,COMBINED CYCLE,1151.6134461569786,1716
2016-02-29T21:00:00Z,GAS,SIMPLE CYCLE,27.808998584747314,996
2016-02-29T21:00:00Z,HYDRO,HYDRO,185.442699852354,894
2016-02-29T21:00:00Z,OTHER,BIOMASS,127.58573430962034,156
2016-02-29T21:00:00Z,OTHER,GAS COGEN,44.348813996315,61
2016-02-29T21:00:00Z,OTHER,OIL/GAS,47.245077459547254,53
2016-02-29T21:00:00Z,OTHER,WOOD/REFUSE,71.05283562289344,158
2016-02-29T21:00:00Z,WIND,WIND,300.665645269735,1463
2016-02-29T22:00:00Z,COAL,COAL,4437.076992766592,6289
2016-02-29T22:00:00Z,GAS,COGENERATION,3565.6993057497343,4528
2016-02-29T22:00:00Z,GAS,COMBINED CYCLE,1156.5390584903294,1716
2016-02-29T22:00:00Z,GAS,SIMPLE CYCLE,72.77850808539324,996
2016-02-29T22:00:00Z,HYDRO,HYDRO,160.76666692434085,894
2016-02-29T22:00:00Z,OTHER,BIOMASS,130.64077003796896,156
2016-02-29T22:00:00Z,OTHER,GAS COGEN,44.443944154315524,61
2016-02-29T22:00:00Z,OTHER,OIL/GAS,47.092659583621554,53
2016-02-29T22:00:00Z,OTHER,WOOD/REFUSE,71.81946348296272,158
2016-02-29T22:00:00Z,WIND,WIND,279.59052784595224,1463
2016-02-29T23:00:00Z,COAL,COAL,4425.294692368508,6289
2016-02-29T23:00:00Z,GAS,COGENERATION,3579.249961986012,4528
2016-02-29T23:00:00Z,GAS,COMBINED CYCLE,1156.2284713602066,1716
2016-02-29T23:00:00Z,GAS,SIMPLE CYCLE,71.35934821786152,996
2016-02-29T23:00:00Z,HYDRO,HYDRO,144.0321037608716,894
2016-02-29T23:00:00Z,OTHER,BIOMASS,126.60755577988094,156
2016-02-29T23:00:00Z,OTHER,GAS COGEN,44.30492527008057,61
2016-02-29T23:00:00Z,OTHER,OIL/GAS,47.207187508477105,53
2016-02-29T23:00:00Z,OTHER,WOOD/REFUSE,71.31389135890537,158
2016-02-29T23:00:00Z,WIND,WIND,328.99884259846476,1463
2016-03-01T00:00:00Z,COAL,COAL,4290.403927886221,6289
2016-03-01T00:00:00Z,GAS,COGENERATION,3571.093725564612,4528
2016-03-01T00:00:00Z,GAS,COMBINED CYCLE,1170.20072482321,1716
2016-03-01T00:00:00Z,GAS,SIMPLE CYCLE,51.60737582524617,996
2016-03-01T00:00:00Z,HYDRO,HYDRO,243.36714706142743,894
2016-03-01T00:00:00Z,OTHER,BIOMASS,124.8135395072566,156
2016-03-01T00:00:00Z,OTHER,GAS COGEN,44.266468356450396,61
2016-03-01T00:00:00Z,OTHER,OIL/GAS,47.23634353637695,53
2016-03-01T00:00:00Z,OTHER,WOOD/REFUSE,70.63860259162055,158
2016-03-01T00:00:00Z,WIND,WIND,442.5015277503431,1463
2016-03-01T01:00:00Z,COAL,COAL,4384.058732471995,6289
2016-03-01T01:00:00Z,GAS,COGENERATION,3514.682684683005,4528
2016-03-01T01:00:00Z,GAS,COMBINED CYCLE,1163.704180727005,1716
2016-03-01T01:00:00Z,GAS,SIMPLE CYCLE,93.52666154361434,996
2016-03-01T01:00:00Z,HYDRO,HYDRO,260.1780192064908,894
2016-03-01T01:00:00Z,OTHER,BIOMASS,128.4347493780984,156
2016-03-01T01:00:00Z,OTHER,GAS COGEN,44.41462594774034,61
2016-03-01T01:00:00Z,OTHER,OIL/GAS,46.914552947150334,53
2016-03-01T01:00:00Z,OTHER,WOOD/REFUSE,70.80325285275777,158
2016-03-01T01:00:00Z,WIND,WIND,434.1837233036425,1463
2016-03-01T02:00:00Z,COAL,COAL,4365.266173299949,6289
2016-03-01T02:00:00Z,GAS,COGENERATION,3516.4974012086127,4528
2016-03-01T02:00:00Z,GAS,COMBINED CYCLE,1157.40924876425,1716
2016-03-01T02:00:00Z,GAS,SIMPLE CYCLE,104.7345160010126,996
2016-03-01T02:00:00Z,HYDRO,HYDRO,276.2513356435299,894
2016-03-01T02:00:00Z,OTHER,BIOMASS,125.89551247808669,156
2016-03-01T02:00:00Z,OTHER,GAS COGEN,44.44838292863634,61
2016-03-01T02:00:00Z,OTHER,OIL/GAS,47.290399061838784,53
2016-03-01T02:00:00Z,OTHER,WOOD/REFUSE,70.5584465154012,158
2016-03-01T02:00:00Z,WIND,WIND,488.82022946661544,1463
2016-03-01T03:00:00Z,COAL,COAL,4253.841873775058,6289
2016-03-01T03:00:00Z,GAS,COGENERATION,3515.8161504932245,4528
2016-03-01T03:00:00Z,GAS,COMBINED CYCLE,1171.543358592987,1716
2016-03-01T03:00:00Z,GAS,SIMPLE CYCLE,31.23156106415722,996
2016-03-01T03:00:00Z,HYDRO,HYDRO,271.36930557390053,894
2016-03-01T03:00:00Z,OTHER,BIOMASS,124.35387682994207,156
2016-03-01T03:00:00Z,OTHER,GAS COGEN,44.421899489296806,61
2016-03-01T03:00:00Z,OTHER,OIL/GAS,46.92833116107517,53
2016-03-01T03:00:00Z,OTHER,WOOD/REFUSE,70.32506872706944,158
2016-03-01T03:00:00Z,WIND,WIND,492.66599119579627,1463
2016-03-01T04:00:00Z,COAL,COAL,4222.905144293043,6289
2016-03-01T04:00:00Z,GAS,COGENERATION,3472.554715297752,4528
2016-03-01T04:00:00Z,GAS,COMBINED CYCLE,1178.4323254119026,1716
2016-03-01T04:00:00Z,GAS,SIMPLE CYCLE,18.499999523162842,996
2016-03-01T04:00:00Z,HYDRO,HYDRO,167.1683359187593,894
2016-03-01T04:00:00Z,OTHER,BIOMASS,125.71998606681824,156
2016-03-01T04:00:00Z,OTHER,GAS COGEN,44.26566117710537,61
2016-03-01T04:00:00Z,OTHER,OIL/GAS,46.71067655139499,53
2016-03-01T04:00:00Z,OTHER,WOOD/REFUSE,70.5898079416487,158
2016-03-01T04:00:00Z,WIND,WIND,534.2414478341408,1463
2016-03-01T05:00:00Z,COAL,COAL,4145.168035028246,6289
2016-03-01T05:00:00Z,GAS,COGENERATION,3486.2823885871303,4528
2016-03-01T05:00:00Z,GAS,COMBINED CYCLE,864.9420650494926,1716
2016-03-01T05:00:00Z,GAS,SIMPLE CYCLE,18.433222127490573,996
2016-03-01T05:00:00Z,HYDRO,HYDRO,153.56067170528902,894
2016-03-01T05:00:00Z,OTHER,BIOMASS,124.25234412829082,156
2016-03-01T05:00:00Z,OTHER,GAS COGEN,44.06419535213047,61
2016-03-01T05:00:00Z,OTHER,OIL/GAS,47.34732721540663,53
2016-03-01T05:00:00Z,OTHER,WOOD/REFUSE,70.78882443375058,158
2016-03-01T05:00:00Z,WIND,WIND,595.0129795597991,1463
2016-03-01T06:00:00Z,COAL,COAL,3943.3467507976957,6289
2016-03-01T06:00:00Z,GAS,COGENERATION,3397.8293663726913,4528
2016-03-01T06:00:00Z,GAS,COMBINED CYCLE,795.9411268072658,1716
2016-03-01T06:00:00Z,GAS,SIMPLE CYCLE,18.40000009536743,996
2016-03-01T06:00:00Z,HYDRO,HYDRO,108.38505431595776,894
2016-03-01T06:00:00Z,OTHER,BIOMASS,125.89407769494586,156
2016-03-01T06:00:00Z,OTHER,GAS COGEN,43.862894349098205,61
2016-03-01T06:00:00Z,OTHER,OIL/GAS,47.64282094319662,53
2016-03-01T06:00:00Z,OTHER,WOOD/REFUSE,69.71791899866528,158
2016-03-01T06:00:00Z,WIND,WIND,627.873136955897,1463
